{"type":"FeatureCollection","name":"mahalla_boundaries_tashkent","crs":{"type":"name","properties":{"name":"urn:ogc:def:crs:OGC:1.3:CRS84"}},"source":"Кадастр агентлиги (Davlat kadastr palatasi), геопортал open.ngis.uz, слой UZKAD/MAHALLA_UZKAD_DB16, выгрузка владельца 18.09.2026; коды и площади из мастер-набора tashkent_gis_master (реестр Etirof). Публичные данные; условия коммерческого переиспользования не подтверждены. Правовая основа границ: ПКМ 48 от 04.03.2014, ст. 26-30.","features":[{"type":"Feature","geometry":{"type":"Polygon","coordinates":[[[69.1882,41.29525],[69.18879,41.29552],[69.18698,41.2986],[69.1818,41.29786],[69.17642,41.29536],[69.18095,41.2898],[69.18251,41.29143],[69.18204,41.29167],[69.18211,41.29217],[69.18405,41.29314],[69.18411,41.29337],[69.18502,41.29326],[69.18533,41.29431],[69.1864,41.29417],[69.18657,41.29495],[69.18771,41.29542],[69.1882,41.29525]]]},"properties":{"name":"Bogʻobod","district":"Uchtepa","soato_district":"1726262","mahalla_code":"1726262001","cadastral_number":"1726262001","area_ha":48.71,"area_ha_utm":49.22,"lat":41.29502,"lng":69.18244,"source":"Кадастр агентлиги, геопортал open.ngis.uz (слой UZKAD/MAHALLA_UZKAD_DB16), мастер-набор tashkent_gis_master","source_date":"2026-09-18"}},{"type":"Feature","geometry":{"type":"Polygon","coordinates":[[[69.19424,41.29209],[69.19403,41.29772],[69.18698,41.2986],[69.18879,41.29552],[69.1882,41.29525],[69.19011,41.29261],[69.19168,41.29076],[69.19424,41.29209]]]},"properties":{"name":"Bogʻiston","district":"Uchtepa","soato_district":"1726262","mahalla_code":"1726262002","cadastral_number":"1726262002","area_ha":32.7,"area_ha_utm":32.78,"lat":41.29513,"lng":69.1913,"source":"Кадастр агентлиги, геопортал open.ngis.uz (слой UZKAD/MAHALLA_UZKAD_DB16), мастер-набор tashkent_gis_master","source_date":"2026-09-18"}},{"type":"Feature","geometry":{"type":"Polygon","coordinates":[[[69.19446,41.28673],[69.19424,41.29209],[69.19211,41.29101],[69.18942,41.28931],[69.18746,41.2878],[69.18607,41.28645],[69.19473,41.28085],[69.19446,41.28673]]]},"properties":{"name":"Guzar","district":"Uchtepa","soato_district":"1726262","mahalla_code":"1726262005","cadastral_number":"1726262005","area_ha":46.6,"area_ha_utm":46.68,"lat":41.28665,"lng":69.19157,"source":"Кадастр агентлиги, геопортал open.ngis.uz (слой UZKAD/MAHALLA_UZKAD_DB16), мастер-набор tashkent_gis_master","source_date":"2026-09-18"}},{"type":"Feature","geometry":{"type":"Polygon","coordinates":[[[69.18001,41.29894],[69.17955,41.29943],[69.17941,41.29935],[69.17911,41.29961],[69.17933,41.29974],[69.17852,41.30045],[69.17895,41.30068],[69.17924,41.30041],[69.18053,41.30114],[69.18036,41.30137],[69.18078,41.30156],[69.17992,41.3025],[69.18033,41.30291],[69.17992,41.30328],[69.1795,41.30412],[69.17884,41.30374],[69.17538,41.30661],[69.17293,41.30496],[69.17298,41.30481],[69.1711,41.30349],[69.17163,41.30301],[69.17394,41.29847],[69.17516,41.29694],[69.17628,41.29721],[69.17656,41.29755],[69.17735,41.29778],[69.17782,41.29818],[69.17887,41.29835],[69.17914,41.29866],[69.18001,41.29894]]]},"properties":{"name":"Jurjoniy","district":"Uchtepa","soato_district":"1726262","mahalla_code":"1726262007","cadastral_number":"1726262007","area_ha":49.17,"area_ha_utm":49.04,"lat":41.30178,"lng":69.17598,"source":"Кадастр агентлиги, геопортал open.ngis.uz (слой UZKAD/MAHALLA_UZKAD_DB16), мастер-набор tashkent_gis_master","source_date":"2026-09-18"}},{"type":"Feature","geometry":{"type":"Polygon","coordinates":[[[69.1882,41.29525],[69.18771,41.29542],[69.18657,41.29495],[69.1864,41.29417],[69.18533,41.29431],[69.18502,41.29326],[69.18411,41.29337],[69.18405,41.29314],[69.18211,41.29217],[69.18204,41.29167],[69.18251,41.29143],[69.18095,41.2898],[69.18607,41.28645],[69.18854,41.28866],[69.19168,41.29076],[69.19011,41.29261],[69.1882,41.29525]]]},"properties":{"name":"Koʻxna Choʻponota","district":"Uchtepa","soato_district":"1726262","mahalla_code":"1726262008","cadastral_number":"1726262008","area_ha":46.92,"area_ha_utm":46.66,"lat":41.29092,"lng":69.1863,"source":"Кадастр агентлиги, геопортал open.ngis.uz (слой UZKAD/MAHALLA_UZKAD_DB16), мастер-набор tashkent_gis_master","source_date":"2026-09-18"}},{"type":"Feature","geometry":{"type":"Polygon","coordinates":[[[69.17323,41.31544],[69.1755,41.31632],[69.17595,41.31564],[69.1782,41.31654],[69.17554,41.32042],[69.17103,41.31866],[69.17323,41.31544]]]},"properties":{"name":"Xondamir","district":"Uchtepa","soato_district":"1726262","mahalla_code":"1726262012","cadastral_number":"1726262012","area_ha":18.91,"area_ha_utm":18.91,"lat":41.31779,"lng":69.17462,"source":"Кадастр агентлиги, геопортал open.ngis.uz (слой UZKAD/MAHALLA_UZKAD_DB16), мастер-набор tashkent_gis_master","source_date":"2026-09-18"}},{"type":"Feature","geometry":{"type":"Polygon","coordinates":[[[69.17395,41.31039],[69.17546,41.31083],[69.17737,41.31179],[69.18082,41.31266],[69.1782,41.31654],[69.17595,41.31564],[69.1755,41.31632],[69.17323,41.31544],[69.17456,41.31354],[69.17218,41.31262],[69.17266,41.31194],[69.17112,41.31133],[69.1723,41.31014],[69.17395,41.31039]]]},"properties":{"name":"Sharq Yulduzi","district":"Uchtepa","soato_district":"1726262","mahalla_code":"1726262013","cadastral_number":"1726262013","area_ha":29.92,"area_ha_utm":29.76,"lat":41.31331,"lng":69.17604,"source":"Кадастр агентлиги, геопортал open.ngis.uz (слой UZKAD/MAHALLA_UZKAD_DB16), мастер-набор tashkent_gis_master","source_date":"2026-09-18"}},{"type":"Feature","geometry":{"type":"Polygon","coordinates":[[[69.17913,41.29193],[69.17642,41.29536],[69.1702,41.29232],[69.16875,41.29146],[69.1725,41.28852],[69.17381,41.28943],[69.17913,41.29193]]]},"properties":{"name":"Birlik","district":"Uchtepa","soato_district":"1726262","mahalla_code":"1726262016","cadastral_number":"1726262016","area_ha":31.88,"area_ha_utm":31.92,"lat":41.29192,"lng":69.17409,"source":"Кадастр агентлиги, геопортал open.ngis.uz (слой UZKAD/MAHALLA_UZKAD_DB16), мастер-набор tashkent_gis_master","source_date":"2026-09-18"}},{"type":"Feature","geometry":{"type":"Polygon","coordinates":[[[69.17422,41.29658],[69.17516,41.29694],[69.17394,41.29847],[69.17157,41.30311],[69.17063,41.30388],[69.16999,41.30354],[69.16715,41.30118],[69.16644,41.30079],[69.16948,41.29802],[69.17006,41.29706],[69.16959,41.2969],[69.17003,41.29572],[69.17048,41.29581],[69.17068,41.29505],[69.17171,41.29524],[69.17225,41.29568],[69.1731,41.29606],[69.17386,41.29609],[69.17422,41.29658]]]},"properties":{"name":"Davlatobod","district":"Uchtepa","soato_district":"1726262","mahalla_code":"1726262017","cadastral_number":"1726262017","area_ha":34.14,"area_ha_utm":34.07,"lat":41.29936,"lng":69.17093,"source":"Кадастр агентлиги, геопортал open.ngis.uz (слой UZKAD/MAHALLA_UZKAD_DB16), мастер-набор tashkent_gis_master","source_date":"2026-09-18"}},{"type":"Feature","geometry":{"type":"Polygon","coordinates":[[[69.18306,41.28323],[69.18315,41.28331],[69.18277,41.28355],[69.18054,41.28167],[69.18484,41.2774],[69.18815,41.27928],[69.18667,41.28064],[69.18665,41.28099],[69.18614,41.28138],[69.18626,41.28159],[69.18427,41.28279],[69.18408,41.28261],[69.18306,41.28323]]]},"properties":{"name":"Zargarlik","district":"Uchtepa","soato_district":"1726262","mahalla_code":"1726262018","cadastral_number":"1726262018","area_ha":20.99,"area_ha_utm":20.91,"lat":41.28049,"lng":69.18429,"source":"Кадастр агентлиги, геопортал open.ngis.uz (слой UZKAD/MAHALLA_UZKAD_DB16), мастер-набор tashkent_gis_master","source_date":"2026-09-18"}},{"type":"Feature","geometry":{"type":"Polygon","coordinates":[[[69.16732,41.31496],[69.16793,41.3152],[69.17195,41.31165],[69.17266,41.31194],[69.17218,41.31262],[69.17456,41.31354],[69.17103,41.31866],[69.16408,41.31595],[69.16568,41.3138],[69.16771,41.31424],[69.16707,41.31486],[69.16732,41.31496]]]},"properties":{"name":"Ibrat","district":"Uchtepa","soato_district":"1726262","mahalla_code":"1726262019","cadastral_number":"1726262019","area_ha":31.29,"area_ha_utm":31.28,"lat":41.31535,"lng":69.16976,"source":"Кадастр агентлиги, геопортал open.ngis.uz (слой UZKAD/MAHALLA_UZKAD_DB16), мастер-набор tashkent_gis_master","source_date":"2026-09-18"}},{"type":"Feature","geometry":{"type":"Polygon","coordinates":[[[69.19763,41.27834],[69.19799,41.2787],[69.19297,41.28201],[69.18815,41.27928],[69.18906,41.27836],[69.18875,41.27809],[69.18977,41.27691],[69.19083,41.27753],[69.19292,41.27811],[69.19478,41.27599],[69.19596,41.27663],[69.19763,41.27834]]]},"properties":{"name":"Qoʻrgʻontepa","district":"Uchtepa","soato_district":"1726262","mahalla_code":"1726262020","cadastral_number":"1726262020","area_ha":27.95,"area_ha_utm":27.76,"lat":41.27901,"lng":69.19312,"source":"Кадастр агентлиги, геопортал open.ngis.uz (слой UZKAD/MAHALLA_UZKAD_DB16), мастер-набор tashkent_gis_master","source_date":"2026-09-18"}},{"type":"Feature","geometry":{"type":"Polygon","coordinates":[[[69.1653,41.30005],[69.16715,41.30118],[69.16999,41.30354],[69.17063,41.30388],[69.16974,41.30548],[69.16515,41.3044],[69.16054,41.30153],[69.16304,41.29863],[69.1653,41.30005]]]},"properties":{"name":"Latifguzar","district":"Uchtepa","soato_district":"1726262","mahalla_code":"1726262021","cadastral_number":"1726262021","area_ha":29.38,"area_ha_utm":29.59,"lat":41.30233,"lng":69.16549,"source":"Кадастр агентлиги, геопортал open.ngis.uz (слой UZKAD/MAHALLA_UZKAD_DB16), мастер-набор tashkent_gis_master","source_date":"2026-09-18"}},{"type":"Feature","geometry":{"type":"Polygon","coordinates":[[[69.15691,41.30511],[69.15588,41.30523],[69.1552,41.29928],[69.15958,41.30105],[69.16357,41.30342],[69.16149,41.30739],[69.15973,41.30605],[69.15776,41.3051],[69.15691,41.30511]]]},"properties":{"name":"Taqachi","district":"Uchtepa","soato_district":"1726262","mahalla_code":"1726262022","cadastral_number":"1726262022","area_ha":33.12,"area_ha_utm":33.22,"lat":41.3033,"lng":69.15905,"source":"Кадастр агентлиги, геопортал open.ngis.uz (слой UZKAD/MAHALLA_UZKAD_DB16), мастер-набор tashkent_gis_master","source_date":"2026-09-18"}},{"type":"Feature","geometry":{"type":"Polygon","coordinates":[[[69.18815,41.27928],[69.18484,41.2774],[69.18762,41.27387],[69.1929,41.27514],[69.19478,41.27599],[69.19292,41.27811],[69.19083,41.27753],[69.18977,41.27691],[69.18875,41.27809],[69.18906,41.27836],[69.18815,41.27928]]]},"properties":{"name":"Tepaqoʻrgʻon","district":"Uchtepa","soato_district":"1726262","mahalla_code":"1726262023","cadastral_number":"1726262023","area_ha":25.99,"area_ha_utm":26.12,"lat":41.2764,"lng":69.18952,"source":"Кадастр агентлиги, геопортал open.ngis.uz (слой UZKAD/MAHALLA_UZKAD_DB16), мастер-набор tashkent_gis_master","source_date":"2026-09-18"}},{"type":"Feature","geometry":{"type":"Polygon","coordinates":[[[69.18065,41.28171],[69.18607,41.28645],[69.18095,41.2898],[69.17929,41.28836],[69.17905,41.28805],[69.179,41.28743],[69.17631,41.28496],[69.17765,41.28447],[69.18065,41.28171]]]},"properties":{"name":"Tinchlikobod","district":"Uchtepa","soato_district":"1726262","mahalla_code":"1726262024","cadastral_number":"1726262024","area_ha":35.35,"area_ha_utm":35.46,"lat":41.28581,"lng":69.18116,"source":"Кадастр агентлиги, геопортал open.ngis.uz (слой UZKAD/MAHALLA_UZKAD_DB16), мастер-набор tashkent_gis_master","source_date":"2026-09-18"}},{"type":"Feature","geometry":{"type":"Polygon","coordinates":[[[69.18095,41.2898],[69.17913,41.29193],[69.1746,41.28982],[69.17327,41.28912],[69.17215,41.28811],[69.17095,41.28509],[69.17631,41.28496],[69.179,41.28743],[69.17905,41.28805],[69.17929,41.28836],[69.18095,41.2898]]]},"properties":{"name":"Farxod","district":"Uchtepa","soato_district":"1726262","mahalla_code":"1726262025","cadastral_number":"1726262025","area_ha":35.51,"area_ha_utm":35.27,"lat":41.28803,"lng":69.17593,"source":"Кадастр агентлиги, геопортал open.ngis.uz (слой UZKAD/MAHALLA_UZKAD_DB16), мастер-набор tashkent_gis_master","source_date":"2026-09-18"}},{"type":"Feature","geometry":{"type":"Polygon","coordinates":[[[69.15635,41.29642],[69.15718,41.29678],[69.15795,41.29619],[69.15746,41.29594],[69.15787,41.29547],[69.15841,41.29572],[69.15832,41.29583],[69.16018,41.29651],[69.15952,41.29741],[69.16304,41.29863],[69.16054,41.30153],[69.15852,41.30057],[69.1552,41.29928],[69.15349,41.29794],[69.15581,41.29605],[69.15635,41.29642]]]},"properties":{"name":"Xojiobod","district":"Uchtepa","soato_district":"1726262","mahalla_code":"1726262026","cadastral_number":"1726262026","area_ha":26.18,"area_ha_utm":26.19,"lat":41.2985,"lng":69.15831,"source":"Кадастр агентлиги, геопортал open.ngis.uz (слой UZKAD/MAHALLA_UZKAD_DB16), мастер-набор tashkent_gis_master","source_date":"2026-09-18"}},{"type":"Feature","geometry":{"type":"Polygon","coordinates":[[[69.19297,41.28201],[69.18607,41.28645],[69.18277,41.28355],[69.18408,41.28261],[69.18427,41.28279],[69.18626,41.28159],[69.18614,41.28138],[69.18665,41.28099],[69.18667,41.28064],[69.18815,41.27928],[69.19297,41.28201]]]},"properties":{"name":"Xuroson","district":"Uchtepa","soato_district":"1726262","mahalla_code":"1726262027","cadastral_number":"1726262027","area_ha":30.97,"area_ha_utm":31.09,"lat":41.28285,"lng":69.18772,"source":"Кадастр агентлиги, геопортал open.ngis.uz (слой UZKAD/MAHALLA_UZKAD_DB16), мастер-набор tashkent_gis_master","source_date":"2026-09-18"}},{"type":"Feature","geometry":{"type":"Polygon","coordinates":[[[69.16451,41.30401],[69.16536,41.30448],[69.16974,41.30548],[69.16837,41.30797],[69.16205,41.30632],[69.16357,41.30342],[69.16451,41.30401]]]},"properties":{"name":"Xayratiy","district":"Uchtepa","soato_district":"1726262","mahalla_code":"1726262028","cadastral_number":"1726262028","area_ha":16.79,"area_ha_utm":16.61,"lat":41.30589,"lng":69.16581,"source":"Кадастр агентлиги, геопортал open.ngis.uz (слой UZKAD/MAHALLA_UZKAD_DB16), мастер-набор tashkent_gis_master","source_date":"2026-09-18"}},{"type":"Feature","geometry":{"type":"Polygon","coordinates":[[[69.16149,41.30739],[69.1597,41.31202],[69.15668,41.31134],[69.15588,41.30523],[69.15776,41.3051],[69.16022,41.30634],[69.16149,41.30739]]]},"properties":{"name":"Oqmachit","district":"Uchtepa","soato_district":"1726262","mahalla_code":"1726262030","cadastral_number":"1726262030","area_ha":24.9,"area_ha_utm":25.03,"lat":41.3084,"lng":69.15844,"source":"Кадастр агентлиги, геопортал open.ngis.uz (слой UZKAD/MAHALLA_UZKAD_DB16), мастер-набор tashkent_gis_master","source_date":"2026-09-18"}},{"type":"Feature","geometry":{"type":"Polygon","coordinates":[[[69.15668,41.31134],[69.1532,41.31224],[69.15233,41.30956],[69.15175,41.30566],[69.15588,41.30523],[69.15668,41.31134]]]},"properties":{"name":"Quyi Darxon","district":"Uchtepa","soato_district":"1726262","mahalla_code":"1726262031","cadastral_number":"1726262031","area_ha":24,"area_ha_utm":24.24,"lat":41.30857,"lng":69.15425,"source":"Кадастр агентлиги, геопортал open.ngis.uz (слой UZKAD/MAHALLA_UZKAD_DB16), мастер-набор tashkent_gis_master","source_date":"2026-09-18"}},{"type":"Feature","geometry":{"type":"Polygon","coordinates":[[[69.15828,41.2681],[69.15774,41.26794],[69.15766,41.2681],[69.1563,41.2677],[69.15621,41.26788],[69.15325,41.26732],[69.15468,41.26301],[69.15791,41.26423],[69.16031,41.26547],[69.15924,41.26679],[69.15852,41.26817],[69.15828,41.2681]]]},"properties":{"name":"Alixontoʻra Sogʻuniy","district":"Uchtepa","soato_district":"1726262","mahalla_code":"1726262034","cadastral_number":"1726262034","area_ha":20.56,"area_ha_utm":20.48,"lat":41.26584,"lng":69.15652,"source":"Кадастр агентлиги, геопортал open.ngis.uz (слой UZKAD/MAHALLA_UZKAD_DB16), мастер-набор tashkent_gis_master","source_date":"2026-09-18"}},{"type":"Feature","geometry":{"type":"Polygon","coordinates":[[[69.14881,41.2666],[69.14678,41.2666],[69.14689,41.26495],[69.14726,41.26347],[69.14792,41.26205],[69.14869,41.26101],[69.15467,41.26303],[69.15382,41.26559],[69.15171,41.26513],[69.15129,41.26639],[69.14943,41.26636],[69.14881,41.2666]]]},"properties":{"name":"Diyorobod","district":"Uchtepa","soato_district":"1726262","mahalla_code":"1726262035","cadastral_number":"1726262035","area_ha":27.35,"area_ha_utm":27.49,"lat":41.26403,"lng":69.15028,"source":"Кадастр агентлиги, геопортал open.ngis.uz (слой UZKAD/MAHALLA_UZKAD_DB16), мастер-набор tashkent_gis_master","source_date":"2026-09-18"}},{"type":"Feature","geometry":{"type":"Polygon","coordinates":[[[69.15898,41.29377],[69.15928,41.29389],[69.15881,41.29466],[69.15784,41.2943],[69.1572,41.29389],[69.1577,41.29268],[69.15642,41.29225],[69.15012,41.29263],[69.14928,41.28629],[69.14861,41.28369],[69.14764,41.28094],[69.14844,41.28075],[69.14899,41.28124],[69.14994,41.28159],[69.15011,41.28196],[69.15024,41.28354],[69.15063,41.28415],[69.15181,41.28501],[69.15273,41.28545],[69.1535,41.28521],[69.15414,41.28584],[69.15584,41.28691],[69.15672,41.28697],[69.15925,41.28759],[69.15969,41.28862],[69.16033,41.28909],[69.16027,41.28973],[69.1605,41.2903],[69.16124,41.29046],[69.16179,41.2912],[69.16333,41.29219],[69.16198,41.29423],[69.15931,41.29326],[69.15898,41.29377]]]},"properties":{"name":"Yusuf Sakkokiy","district":"Uchtepa","soato_district":"1726262","mahalla_code":"1726262037","cadastral_number":"1726262037","area_ha":79.33,"area_ha_utm":79.1,"lat":41.28913,"lng":69.15476,"source":"Кадастр агентлиги, геопортал open.ngis.uz (слой UZKAD/MAHALLA_UZKAD_DB16), мастер-набор tashkent_gis_master","source_date":"2026-09-18"}},{"type":"Feature","geometry":{"type":"Polygon","coordinates":[[[69.15325,41.26732],[69.15235,41.2701],[69.15077,41.26942],[69.1487,41.26817],[69.14759,41.26778],[69.14672,41.26772],[69.14678,41.2666],[69.14881,41.2666],[69.14943,41.26636],[69.15129,41.26639],[69.15171,41.26513],[69.15382,41.26559],[69.15325,41.26732]]]},"properties":{"name":"Yangiyoʻl","district":"Uchtepa","soato_district":"1726262","mahalla_code":"1726262038","cadastral_number":"1726262038","area_ha":16.11,"area_ha_utm":16.08,"lat":41.26748,"lng":69.15083,"source":"Кадастр агентлиги, геопортал open.ngis.uz (слой UZKAD/MAHALLA_UZKAD_DB16), мастер-набор tashkent_gis_master","source_date":"2026-09-18"}},{"type":"Feature","geometry":{"type":"Polygon","coordinates":[[[69.15406,41.27096],[69.15368,41.27052],[69.15235,41.2701],[69.15325,41.26732],[69.15621,41.26788],[69.1563,41.2677],[69.15766,41.2681],[69.15774,41.26794],[69.15852,41.26817],[69.15703,41.27101],[69.15494,41.27051],[69.15475,41.27107],[69.15406,41.27096]]]},"properties":{"name":"Diydor","district":"Uchtepa","soato_district":"1726262","mahalla_code":"1726262039","cadastral_number":"1726262039","area_ha":14.44,"area_ha_utm":14.4,"lat":41.26918,"lng":69.15529,"source":"Кадастр агентлиги, геопортал open.ngis.uz (слой UZKAD/MAHALLA_UZKAD_DB16), мастер-набор tashkent_gis_master","source_date":"2026-09-18"}},{"type":"Feature","geometry":{"type":"Polygon","coordinates":[[[69.15517,41.2966],[69.15349,41.29794],[69.1511,41.29639],[69.15059,41.29643],[69.15012,41.29263],[69.15625,41.29224],[69.1577,41.29268],[69.1572,41.29389],[69.15881,41.29466],[69.15864,41.29495],[69.1587,41.2953],[69.15823,41.29564],[69.15787,41.29547],[69.15746,41.29594],[69.15795,41.29619],[69.15718,41.29678],[69.15581,41.29605],[69.15517,41.2966]]]},"properties":{"name":"Uchtepa","district":"Uchtepa","soato_district":"1726262","mahalla_code":"1726262042","cadastral_number":"1726262042","area_ha":30.96,"area_ha_utm":30.95,"lat":41.29467,"lng":69.1541,"source":"Кадастр агентлиги, геопортал open.ngis.uz (слой UZKAD/MAHALLA_UZKAD_DB16), мастер-набор tashkent_gis_master","source_date":"2026-09-18"}},{"type":"Feature","geometry":{"type":"Polygon","coordinates":[[[69.15588,41.30523],[69.15175,41.30566],[69.15059,41.29643],[69.1511,41.29639],[69.15282,41.29744],[69.1552,41.29928],[69.15588,41.30523]]]},"properties":{"name":"Koʻrkamobod","district":"Uchtepa","soato_district":"1726262","mahalla_code":"1726262044","cadastral_number":"1726262044","area_ha":30.89,"area_ha_utm":30.89,"lat":41.30146,"lng":69.15318,"source":"Кадастр агентлиги, геопортал open.ngis.uz (слой UZKAD/MAHALLA_UZKAD_DB16), мастер-набор tashkent_gis_master","source_date":"2026-09-18"}},{"type":"Feature","geometry":{"type":"Polygon","coordinates":[[[69.17285,41.31937],[69.1744,41.31998],[69.17041,41.32085],[69.16695,41.32033],[69.16868,41.31774],[69.17285,41.31937]]]},"properties":{"name":"Sharq Guli","district":"Uchtepa","soato_district":"1726262","mahalla_code":"1726262045","cadastral_number":"1726262045","area_ha":11.06,"area_ha_utm":11.24,"lat":41.31959,"lng":69.17016,"source":"Кадастр агентлиги, геопортал open.ngis.uz (слой UZKAD/MAHALLA_UZKAD_DB16), мастер-набор tashkent_gis_master","source_date":"2026-09-18"}},{"type":"Feature","geometry":{"type":"Polygon","coordinates":[[[69.15895,41.31395],[69.15439,41.31505],[69.1532,41.31224],[69.15668,41.31134],[69.1597,41.31202],[69.15895,41.31395]]]},"properties":{"name":"Xurshid","district":"Uchtepa","soato_district":"1726262","mahalla_code":"1726262046","cadastral_number":"1726262046","area_ha":14.69,"area_ha_utm":14.65,"lat":41.31305,"lng":69.15636,"source":"Кадастр агентлиги, геопортал open.ngis.uz (слой UZKAD/MAHALLA_UZKAD_DB16), мастер-набор tashkent_gis_master","source_date":"2026-09-18"}},{"type":"Feature","geometry":{"type":"Polygon","coordinates":[[[69.16801,41.32806],[69.16732,41.32793],[69.16461,41.3262],[69.16507,41.32584],[69.16574,41.32574],[69.16606,41.32422],[69.16744,41.32443],[69.16758,41.3238],[69.17052,41.3242],[69.17557,41.32328],[69.17637,41.32357],[69.17494,41.3244],[69.17464,41.32784],[69.16964,41.32819],[69.16801,41.32806]]]},"properties":{"name":"Bekobod","district":"Uchtepa","soato_district":"1726262","mahalla_code":"1726262048","cadastral_number":"1726262048","area_ha":34.72,"area_ha_utm":34.71,"lat":41.32589,"lng":69.17051,"source":"Кадастр агентлиги, геопортал open.ngis.uz (слой UZKAD/MAHALLA_UZKAD_DB16), мастер-набор tashkent_gis_master","source_date":"2026-09-18"}},{"type":"Feature","geometry":{"type":"Polygon","coordinates":[[[69.17095,41.28509],[69.1653,41.28517],[69.16439,41.28259],[69.16427,41.28157],[69.16441,41.28032],[69.16497,41.2788],[69.16605,41.27923],[69.16583,41.27965],[69.16606,41.28001],[69.16644,41.28008],[69.16653,41.2798],[69.16791,41.27994],[69.16794,41.27981],[69.17045,41.2802],[69.16999,41.28165],[69.17002,41.28218],[69.17095,41.28509]]]},"properties":{"name":"Nurobod","district":"Uchtepa","soato_district":"1726262","mahalla_code":"1726262049","cadastral_number":"1726262049","area_ha":28.85,"area_ha_utm":28.85,"lat":41.2824,"lng":69.16735,"source":"Кадастр агентлиги, геопортал open.ngis.uz (слой UZKAD/MAHALLA_UZKAD_DB16), мастер-набор tashkent_gis_master","source_date":"2026-09-18"}},{"type":"Feature","geometry":{"type":"Polygon","coordinates":[[[69.1725,41.28852],[69.16875,41.29146],[69.16777,41.29061],[69.16719,41.28974],[69.1653,41.28517],[69.17095,41.28509],[69.17193,41.28771],[69.1725,41.28852]]]},"properties":{"name":"Nayman","district":"Uchtepa","soato_district":"1726262","mahalla_code":"1726262050","cadastral_number":"1726262050","area_ha":26.41,"area_ha_utm":26.55,"lat":41.28771,"lng":69.16892,"source":"Кадастр агентлиги, геопортал open.ngis.uz (слой UZKAD/MAHALLA_UZKAD_DB16), мастер-набор tashkent_gis_master","source_date":"2026-09-18"}},{"type":"Feature","geometry":{"type":"Polygon","coordinates":[[[69.17631,41.28496],[69.17095,41.28509],[69.17028,41.28316],[69.17078,41.28284],[69.17087,41.28292],[69.17166,41.28225],[69.17221,41.28274],[69.17262,41.28182],[69.17321,41.28231],[69.17425,41.28163],[69.17363,41.28109],[69.17496,41.28023],[69.17521,41.28043],[69.17739,41.27902],[69.18054,41.28167],[69.17778,41.28437],[69.17705,41.28479],[69.17631,41.28496]]]},"properties":{"name":"Vatan","district":"Uchtepa","soato_district":"1726262","mahalla_code":"1726262051","cadastral_number":"1726262051","area_ha":32.57,"area_ha_utm":32.65,"lat":41.28262,"lng":69.17554,"source":"Кадастр агентлиги, геопортал open.ngis.uz (слой UZKAD/MAHALLA_UZKAD_DB16), мастер-набор tashkent_gis_master","source_date":"2026-09-18"}},{"type":"Feature","geometry":{"type":"Polygon","coordinates":[[[69.17112,41.28274],[69.17028,41.28316],[69.16999,41.28165],[69.17017,41.28083],[69.17248,41.27679],[69.17597,41.27802],[69.17739,41.27902],[69.17521,41.28043],[69.17496,41.28023],[69.17363,41.28109],[69.17425,41.28163],[69.17321,41.28231],[69.17262,41.28182],[69.17221,41.28274],[69.17166,41.28225],[69.17111,41.28261],[69.17112,41.28274]]]},"properties":{"name":"Vatanparvar","district":"Uchtepa","soato_district":"1726262","mahalla_code":"1726262052","cadastral_number":"1726262052","area_ha":21.64,"area_ha_utm":21.94,"lat":41.27979,"lng":69.17311,"source":"Кадастр агентлиги, геопортал open.ngis.uz (слой UZKAD/MAHALLA_UZKAD_DB16), мастер-набор tashkent_gis_master","source_date":"2026-09-18"}},{"type":"Feature","geometry":{"type":"Polygon","coordinates":[[[69.17727,41.2715],[69.18762,41.27387],[69.18484,41.2774],[69.18054,41.28167],[69.17644,41.27827],[69.17248,41.27679],[69.17375,41.27479],[69.17727,41.2715]]]},"properties":{"name":"Shirin","district":"Uchtepa","soato_district":"1726262","mahalla_code":"1726262053","cadastral_number":"1726262053","area_ha":75.51,"area_ha_utm":75.49,"lat":41.27594,"lng":69.17994,"source":"Кадастр агентлиги, геопортал open.ngis.uz (слой UZKAD/MAHALLA_UZKAD_DB16), мастер-набор tashkent_gis_master","source_date":"2026-09-18"}},{"type":"Feature","geometry":{"type":"Polygon","coordinates":[[[69.16323,41.32023],[69.16144,41.32016],[69.16034,41.32041],[69.1609,41.32066],[69.15962,41.32166],[69.15763,41.32023],[69.15675,41.3205],[69.15532,41.31723],[69.15889,41.31639],[69.16076,41.31713],[69.16212,41.31519],[69.16533,41.31644],[69.16341,41.31821],[69.16323,41.32023]]]},"properties":{"name":"Oʻtkir","district":"Uchtepa","soato_district":"1726262","mahalla_code":"1726262054","cadastral_number":"1726262054","area_ha":30.92,"area_ha_utm":30.9,"lat":41.31833,"lng":69.16015,"source":"Кадастр агентлиги, геопортал open.ngis.uz (слой UZKAD/MAHALLA_UZKAD_DB16), мастер-набор tashkent_gis_master","source_date":"2026-09-18"}},{"type":"Feature","geometry":{"type":"Polygon","coordinates":[[[69.16461,41.3262],[69.16308,41.3252],[69.16292,41.32604],[69.16315,41.3262],[69.16222,41.32716],[69.16066,41.32775],[69.15986,41.32773],[69.15675,41.3205],[69.15763,41.32023],[69.15962,41.32166],[69.1609,41.32066],[69.16034,41.32041],[69.16144,41.32016],[69.16591,41.32031],[69.16522,41.32347],[69.16617,41.3236],[69.16574,41.32574],[69.16507,41.32584],[69.16461,41.3262]]]},"properties":{"name":"Istirohat","district":"Uchtepa","soato_district":"1726262","mahalla_code":"1726262055","cadastral_number":"1726262055","area_ha":43.61,"area_ha_utm":43.39,"lat":41.32347,"lng":69.1618,"source":"Кадастр агентлиги, геопортал open.ngis.uz (слой UZKAD/MAHALLA_UZKAD_DB16), мастер-набор tashkent_gis_master","source_date":"2026-09-18"}},{"type":"Feature","geometry":{"type":"Polygon","coordinates":[[[69.16679,41.33098],[69.16576,41.33133],[69.1648,41.33137],[69.16405,41.33112],[69.16301,41.33042],[69.16245,41.32971],[69.16098,41.3287],[69.16056,41.32819],[69.1601,41.32826],[69.15986,41.32773],[69.16066,41.32775],[69.16222,41.32716],[69.16315,41.3262],[69.16292,41.32604],[69.16308,41.3252],[69.16732,41.32793],[69.16801,41.32806],[69.16804,41.32921],[69.16732,41.32923],[69.16743,41.33002],[69.16767,41.3303],[69.16759,41.33106],[69.16679,41.33098]]]},"properties":{"name":"Shaftolizor","district":"Uchtepa","soato_district":"1726262","mahalla_code":"1726262056","cadastral_number":"1726262056","area_ha":24.28,"area_ha_utm":24.19,"lat":41.32869,"lng":69.1645,"source":"Кадастр агентлиги, геопортал open.ngis.uz (слой UZKAD/MAHALLA_UZKAD_DB16), мастер-набор tashkent_gis_master","source_date":"2026-09-18"}},{"type":"Feature","geometry":{"type":"Polygon","coordinates":[[[69.16868,41.31774],[69.16695,41.32033],[69.16323,41.32023],[69.16341,41.31821],[69.16533,41.31644],[69.16868,41.31774]]]},"properties":{"name":"Jarbuloq","district":"Uchtepa","soato_district":"1726262","mahalla_code":"1726262057","cadastral_number":"1726262057","area_ha":13.39,"area_ha_utm":13.46,"lat":41.3186,"lng":69.1657,"source":"Кадастр агентлиги, геопортал open.ngis.uz (слой UZKAD/MAHALLA_UZKAD_DB16), мастер-набор tashkent_gis_master","source_date":"2026-09-18"}},{"type":"Feature","geometry":{"type":"Polygon","coordinates":[[[69.15576,41.31711],[69.15532,41.31723],[69.15439,41.31505],[69.15895,41.31395],[69.16212,41.31519],[69.16076,41.31713],[69.15889,41.31639],[69.15576,41.31711]]]},"properties":{"name":"Zulfizar","district":"Uchtepa","soato_district":"1726262","mahalla_code":"1726262058","cadastral_number":"1726262058","area_ha":14.88,"area_ha_utm":14.99,"lat":41.3156,"lng":69.15817,"source":"Кадастр агентлиги, геопортал open.ngis.uz (слой UZKAD/MAHALLA_UZKAD_DB16), мастер-набор tashkent_gis_master","source_date":"2026-09-18"}},{"type":"Feature","geometry":{"type":"Polygon","coordinates":[[[69.17248,41.27679],[69.17045,41.2802],[69.16794,41.27981],[69.16791,41.27994],[69.16653,41.2798],[69.16644,41.28008],[69.16606,41.28001],[69.16583,41.27965],[69.16605,41.27923],[69.16454,41.27861],[69.16514,41.27788],[69.16645,41.27423],[69.17223,41.26887],[69.17579,41.27106],[69.17727,41.2715],[69.17375,41.27479],[69.17248,41.27679]]]},"properties":{"name":"Hamdoʻst","district":"Uchtepa","soato_district":"1726262","mahalla_code":"1726262059","cadastral_number":"1726262059","area_ha":64.63,"area_ha_utm":64.48,"lat":41.27479,"lng":69.17043,"source":"Кадастр агентлиги, геопортал open.ngis.uz (слой UZKAD/MAHALLA_UZKAD_DB16), мастер-набор tashkent_gis_master","source_date":"2026-09-18"}},{"type":"Feature","geometry":{"type":"Polygon","coordinates":[[[69.37406,41.26229],[69.36774,41.26726],[69.36698,41.26723],[69.36653,41.26699],[69.35666,41.25254],[69.35873,41.24926],[69.34952,41.24421],[69.34731,41.24338],[69.34937,41.24181],[69.34967,41.24184],[69.35035,41.24242],[69.35329,41.24406],[69.35887,41.24594],[69.36109,41.24646],[69.36333,41.24778],[69.36649,41.24914],[69.36853,41.25027],[69.37441,41.25437],[69.37531,41.25338],[69.37924,41.25636],[69.38056,41.2554],[69.38184,41.25628],[69.37406,41.26229]]]},"properties":{"name":"Mirishkor","district":"Bektemir","soato_district":"1726264","mahalla_code":"1726264001","cadastral_number":"1726264001","area_ha":257.68,"area_ha_utm":257.24,"lat":41.25545,"lng":69.36618,"source":"Кадастр агентлиги, геопортал open.ngis.uz (слой UZKAD/MAHALLA_UZKAD_DB16), мастер-набор tashkent_gis_master","source_date":"2026-09-18"}},{"type":"Feature","geometry":{"type":"Polygon","coordinates":[[[69.38184,41.25628],[69.38056,41.2554],[69.37924,41.25636],[69.37499,41.25327],[69.37504,41.25227],[69.37486,41.25204],[69.3778,41.24984],[69.38401,41.25457],[69.38184,41.25628]]]},"properties":{"name":"Rohat","district":"Bektemir","soato_district":"1726264","mahalla_code":"1726264003","cadastral_number":"1726264003","area_ha":29.1,"area_ha_utm":28.62,"lat":41.25338,"lng":69.37905,"source":"Кадастр агентлиги, геопортал open.ngis.uz (слой UZKAD/MAHALLA_UZKAD_DB16), мастер-набор tashkent_gis_master","source_date":"2026-09-18"}},{"type":"Feature","geometry":{"type":"Polygon","coordinates":[[[69.35378,41.21724],[69.34755,41.22566],[69.34715,41.2255],[69.34713,41.22506],[69.34594,41.22396],[69.34619,41.22327],[69.34101,41.22119],[69.33897,41.22046],[69.33876,41.22053],[69.33863,41.22003],[69.33802,41.21902],[69.33804,41.21846],[69.33641,41.21769],[69.33552,41.21758],[69.33553,41.21712],[69.33462,41.21713],[69.3324,41.20156],[69.35041,41.21498],[69.35378,41.21724]]]},"properties":{"name":"Zabardast","district":"Bektemir","soato_district":"1726264","mahalla_code":"1726264004","cadastral_number":"1726264004","area_ha":206.59,"area_ha_utm":205.97,"lat":41.21467,"lng":69.34202,"source":"Кадастр агентлиги, геопортал open.ngis.uz (слой UZKAD/MAHALLA_UZKAD_DB16), мастер-набор tashkent_gis_master","source_date":"2026-09-18"}},{"type":"Feature","geometry":{"type":"Polygon","coordinates":[[[69.32922,41.22358],[69.32795,41.22194],[69.32691,41.22151],[69.32787,41.22029],[69.32809,41.21823],[69.33099,41.21884],[69.33104,41.2187],[69.33182,41.21868],[69.33232,41.21817],[69.33334,41.21789],[69.33393,41.21792],[69.33459,41.2182],[69.33399,41.22335],[69.3342,41.22396],[69.33537,41.22568],[69.33083,41.22597],[69.32984,41.22354],[69.32922,41.22358]]]},"properties":{"name":"Sohil","district":"Bektemir","soato_district":"1726264","mahalla_code":"1726264005","cadastral_number":"1726264005","area_ha":39.73,"area_ha_utm":39.56,"lat":41.22178,"lng":69.33148,"source":"Кадастр агентлиги, геопортал open.ngis.uz (слой UZKAD/MAHALLA_UZKAD_DB16), мастер-набор tashkent_gis_master","source_date":"2026-09-18"}},{"type":"Feature","geometry":{"type":"Polygon","coordinates":[[[69.37486,41.25204],[69.37504,41.25227],[69.37495,41.25317],[69.37522,41.25346],[69.37441,41.25437],[69.37009,41.25135],[69.3744,41.24791],[69.37601,41.24902],[69.37699,41.24929],[69.3778,41.24984],[69.37486,41.25204]]]},"properties":{"name":"Zilola","district":"Bektemir","soato_district":"1726264","mahalla_code":"1726264007","cadastral_number":"1726264007","area_ha":20.94,"area_ha_utm":21.07,"lat":41.25093,"lng":69.37391,"source":"Кадастр агентлиги, геопортал open.ngis.uz (слой UZKAD/MAHALLA_UZKAD_DB16), мастер-набор tashkent_gis_master","source_date":"2026-09-18"}},{"type":"Feature","geometry":{"type":"MultiPolygon","coordinates":[[[[69.3705,41.24962],[69.37135,41.25034],[69.37009,41.25135],[69.36682,41.24931],[69.3641,41.24813],[69.36516,41.24721],[69.36474,41.24693],[69.36467,41.24661],[69.36508,41.2462],[69.36562,41.24645],[69.36593,41.24613],[69.36741,41.24699],[69.36765,41.24796],[69.36804,41.24819],[69.36817,41.24806],[69.36841,41.24815],[69.36903,41.24852],[69.37025,41.24959],[69.3705,41.24962]]],[[[69.37354,41.24748],[69.37411,41.24813],[69.37267,41.24928],[69.37023,41.24735],[69.36642,41.24494],[69.36914,41.24253],[69.37308,41.24669],[69.37326,41.24701],[69.3731,41.24711],[69.37354,41.24748]]]]},"properties":{"name":"Iqbol","district":"Bektemir","soato_district":"1726264","mahalla_code":"1726264008","cadastral_number":"1726264008","area_ha":31.54,"area_ha_utm":31.4,"lat":41.24699,"lng":69.36924,"source":"Кадастр агентлиги, геопортал open.ngis.uz (слой UZKAD/MAHALLA_UZKAD_DB16), мастер-набор tashkent_gis_master","source_date":"2026-09-18"}},{"type":"Feature","geometry":{"type":"Polygon","coordinates":[[[69.37135,41.25034],[69.36903,41.24852],[69.36841,41.24815],[69.36817,41.24806],[69.36804,41.24819],[69.36765,41.24796],[69.36741,41.24699],[69.36593,41.24613],[69.36595,41.24585],[69.36614,41.24583],[69.36677,41.24519],[69.3675,41.24554],[69.37023,41.24735],[69.37267,41.24928],[69.37135,41.25034]]]},"properties":{"name":"Chashma","district":"Bektemir","soato_district":"1726264","mahalla_code":"1726264009","cadastral_number":"1726264009","area_ha":10.38,"area_ha_utm":10.24,"lat":41.24779,"lng":69.3693,"source":"Кадастр агентлиги, геопортал open.ngis.uz (слой UZKAD/MAHALLA_UZKAD_DB16), мастер-набор tashkent_gis_master","source_date":"2026-09-18"}},{"type":"Feature","geometry":{"type":"Polygon","coordinates":[[[69.37428,41.23047],[69.36909,41.23645],[69.3637,41.23037],[69.35944,41.2354],[69.35881,41.235],[69.35804,41.23518],[69.35708,41.23613],[69.35482,41.23466],[69.35418,41.2358],[69.35186,41.23385],[69.34959,41.23081],[69.34684,41.22872],[69.34559,41.22829],[69.35378,41.21724],[69.37428,41.23047]]]},"properties":{"name":"Gulbogʻ","district":"Bektemir","soato_district":"1726264","mahalla_code":"1726264010","cadastral_number":"1726264010","area_ha":256.97,"area_ha_utm":256.81,"lat":41.22791,"lng":69.35876,"source":"Кадастр агентлиги, геопортал open.ngis.uz (слой UZKAD/MAHALLA_UZKAD_DB16), мастер-набор tashkent_gis_master","source_date":"2026-09-18"}},{"type":"Feature","geometry":{"type":"Polygon","coordinates":[[[69.36914,41.24253],[69.36642,41.24494],[69.36677,41.24519],[69.36614,41.24583],[69.36595,41.24585],[69.36593,41.24613],[69.36562,41.24645],[69.36508,41.2462],[69.36467,41.24661],[69.36474,41.24693],[69.36516,41.24721],[69.3641,41.24813],[69.36109,41.24646],[69.35887,41.24594],[69.35329,41.24406],[69.34985,41.24207],[69.34967,41.24184],[69.35139,41.24042],[69.35182,41.23953],[69.35225,41.23907],[69.34975,41.23774],[69.34839,41.23602],[69.34739,41.23524],[69.34633,41.23507],[69.34624,41.2353],[69.34729,41.23697],[69.34803,41.2376],[69.3459,41.23814],[69.3455,41.23785],[69.33923,41.23538],[69.34095,41.23316],[69.34209,41.23356],[69.34311,41.23431],[69.34371,41.23441],[69.34483,41.23421],[69.34517,41.23323],[69.3459,41.2336],[69.34618,41.23339],[69.34651,41.23365],[69.34675,41.23347],[69.34703,41.23364],[69.34757,41.23307],[69.35038,41.23509],[69.35002,41.23535],[69.35218,41.23715],[69.35211,41.23746],[69.35288,41.23835],[69.35301,41.23811],[69.35326,41.23827],[69.35374,41.2379],[69.35342,41.23764],[69.3546,41.23678],[69.3544,41.23663],[69.35456,41.23628],[69.35416,41.23587],[69.35482,41.23466],[69.36085,41.23875],[69.3602,41.23948],[69.35965,41.23951],[69.35915,41.23981],[69.35918,41.23995],[69.36361,41.24293],[69.36632,41.23962],[69.36914,41.24253]]]},"properties":{"name":"Abay","district":"Bektemir","soato_district":"1726264","mahalla_code":"1726264012","cadastral_number":"1726264012","area_ha":137.1,"area_ha_utm":137.01,"lat":41.24047,"lng":69.35578,"source":"Кадастр агентлиги, геопортал open.ngis.uz (слой UZKAD/MAHALLA_UZKAD_DB16), мастер-набор tashkent_gis_master","source_date":"2026-09-18"}},{"type":"Feature","geometry":{"type":"MultiPolygon","coordinates":[[[[69.34809,41.24278],[69.34731,41.24338],[69.34671,41.24314],[69.34524,41.24195],[69.34246,41.23904],[69.34066,41.23781],[69.33815,41.23669],[69.339,41.23529],[69.3455,41.23785],[69.3459,41.23814],[69.34803,41.2376],[69.34729,41.23697],[69.34624,41.2353],[69.34633,41.23507],[69.34719,41.23518],[69.34839,41.23602],[69.34975,41.23774],[69.35225,41.23907],[69.35125,41.24057],[69.34967,41.24184],[69.34937,41.24181],[69.34809,41.24278]]],[[[69.35288,41.23835],[69.35211,41.23746],[69.35218,41.23715],[69.35002,41.23535],[69.35038,41.23509],[69.34757,41.23307],[69.34703,41.23364],[69.34675,41.23347],[69.34651,41.23365],[69.34618,41.23339],[69.3459,41.2336],[69.34517,41.23323],[69.34488,41.23417],[69.34377,41.23441],[69.34378,41.23395],[69.34425,41.23319],[69.34421,41.23239],[69.34321,41.23174],[69.34267,41.23106],[69.34079,41.23013],[69.34035,41.22909],[69.34067,41.22843],[69.34169,41.22876],[69.34264,41.22773],[69.3451,41.22904],[69.34559,41.22829],[69.34684,41.22872],[69.34959,41.23081],[69.35186,41.23385],[69.35418,41.2358],[69.3542,41.23602],[69.35456,41.23628],[69.3544,41.23663],[69.3546,41.23678],[69.35342,41.23764],[69.35374,41.2379],[69.35326,41.23827],[69.35301,41.23811],[69.35288,41.23835]]]]},"properties":{"name":"Husayn Boyqaro","district":"Bektemir","soato_district":"1726264","mahalla_code":"1726264013","cadastral_number":"1726264013","area_ha":90.82,"area_ha_utm":90.52,"lat":41.23557,"lng":69.34676,"source":"Кадастр агентлиги, геопортал open.ngis.uz (слой UZKAD/MAHALLA_UZKAD_DB16), мастер-набор tashkent_gis_master","source_date":"2026-09-18"}},{"type":"Feature","geometry":{"type":"Polygon","coordinates":[[[69.33102,41.21873],[69.33099,41.21884],[69.32809,41.21823],[69.32618,41.21718],[69.32175,41.21403],[69.31774,41.21253],[69.30763,41.20808],[69.30321,41.20565],[69.29468,41.20143],[69.31422,41.18776],[69.3324,41.20156],[69.33458,41.21667],[69.33459,41.2182],[69.33393,41.21792],[69.33334,41.21789],[69.33232,41.21817],[69.33175,41.21871],[69.33102,41.21873]]]},"properties":{"name":"Nurli yo'l","district":"Bektemir","soato_district":"1726264","mahalla_code":"1726264014","cadastral_number":"1726264014","area_ha":580.25,"area_ha_utm":579.46,"lat":41.20329,"lng":69.31769,"source":"Кадастр агентлиги, геопортал open.ngis.uz (слой UZKAD/MAHALLA_UZKAD_DB16), мастер-набор tashkent_gis_master","source_date":"2026-09-18"}},{"type":"Feature","geometry":{"type":"Polygon","coordinates":[[[69.34559,41.22829],[69.3451,41.22904],[69.34264,41.22773],[69.34169,41.22876],[69.34067,41.22843],[69.34039,41.22894],[69.33992,41.22898],[69.33863,41.22826],[69.33919,41.22774],[69.33915,41.22728],[69.33934,41.22668],[69.33857,41.22556],[69.33766,41.22532],[69.33698,41.22543],[69.336,41.2252],[69.33512,41.22524],[69.3342,41.22396],[69.33399,41.22335],[69.33462,41.21713],[69.33553,41.21712],[69.33552,41.21758],[69.33641,41.21769],[69.33804,41.21846],[69.33802,41.21902],[69.33863,41.22003],[69.33876,41.22053],[69.33897,41.22046],[69.34101,41.22119],[69.34619,41.22327],[69.34594,41.22396],[69.34713,41.22506],[69.34715,41.2255],[69.34755,41.22566],[69.34559,41.22829]]]},"properties":{"name":"Ustozlar","district":"Bektemir","soato_district":"1726264","mahalla_code":"1726264016","cadastral_number":"1726264016","area_ha":77.56,"area_ha_utm":77.4,"lat":41.22376,"lng":69.34009,"source":"Кадастр агентлиги, геопортал open.ngis.uz (слой UZKAD/MAHALLA_UZKAD_DB16), мастер-набор tashkent_gis_master","source_date":"2026-09-18"}},{"type":"Feature","geometry":{"type":"Polygon","coordinates":[[[69.34122,41.23815],[69.34246,41.23904],[69.34524,41.24195],[69.34671,41.24314],[69.34952,41.24421],[69.35873,41.24926],[69.35666,41.25254],[69.35524,41.25091],[69.35334,41.24937],[69.34849,41.24658],[69.34694,41.246],[69.34019,41.24419],[69.33844,41.2434],[69.33737,41.24257],[69.3343,41.23951],[69.33296,41.2386],[69.33159,41.23813],[69.33055,41.23901],[69.3294,41.24103],[69.3289,41.24088],[69.32517,41.23912],[69.32415,41.23794],[69.32373,41.23776],[69.31751,41.23718],[69.31225,41.23282],[69.31152,41.23251],[69.30856,41.23198],[69.30833,41.23188],[69.30839,41.23156],[69.30713,41.23056],[69.30046,41.22812],[69.29945,41.22796],[69.29814,41.22743],[69.29707,41.22661],[69.29616,41.22617],[69.29538,41.22526],[69.29426,41.22492],[69.29376,41.22456],[69.29317,41.22344],[69.29421,41.22279],[69.29166,41.22148],[69.2907,41.22056],[69.2901,41.21908],[69.2888,41.21715],[69.28642,41.21447],[69.28501,41.2135],[69.28453,41.21297],[69.28421,41.21247],[69.28396,41.21056],[69.28345,41.20977],[69.29623,41.21587],[69.30256,41.22215],[69.30407,41.22433],[69.31455,41.22676],[69.32003,41.23017],[69.32248,41.23135],[69.33021,41.23415],[69.33574,41.23567],[69.34122,41.23815]]]},"properties":{"name":"Nurafshon","district":"Bektemir","soato_district":"1726264","mahalla_code":"1726264017","cadastral_number":"1726264017","area_ha":407.17,"area_ha_utm":407.67,"lat":41.23114,"lng":69.31724,"source":"Кадастр агентлиги, геопортал open.ngis.uz (слой UZKAD/MAHALLA_UZKAD_DB16), мастер-набор tashkent_gis_master","source_date":"2026-09-18"}},{"type":"Feature","geometry":{"type":"Polygon","coordinates":[[[69.27138,41.37553],[69.26446,41.37158],[69.26682,41.36944],[69.26877,41.36854],[69.2704,41.36725],[69.27125,41.36839],[69.27171,41.36939],[69.27287,41.37072],[69.27398,41.37115],[69.27511,41.37202],[69.27138,41.37553]]]},"properties":{"name":"Astrobod","district":"Yunusabad","soato_district":"1726266","mahalla_code":"1726266001","cadastral_number":"1726266001","area_ha":39.35,"area_ha_utm":39.36,"lat":41.37158,"lng":69.26995,"source":"Кадастр агентлиги, геопортал open.ngis.uz (слой UZKAD/MAHALLA_UZKAD_DB16), мастер-набор tashkent_gis_master","source_date":"2026-09-18"}},{"type":"Feature","geometry":{"type":"Polygon","coordinates":[[[69.29376,41.36997],[69.2913,41.37039],[69.29149,41.3711],[69.29054,41.37126],[69.29035,41.37056],[69.28915,41.37068],[69.2891,41.37048],[69.28657,41.37092],[69.28579,41.36774],[69.28548,41.36716],[69.2876,41.36412],[69.29096,41.36562],[69.29215,41.36662],[69.293,41.36779],[69.29376,41.36997]]]},"properties":{"name":"Bogʻishamol","district":"Yunusabad","soato_district":"1726266","mahalla_code":"1726266002","cadastral_number":"1726266002","area_ha":34.52,"area_ha_utm":34.87,"lat":41.36796,"lng":69.28931,"source":"Кадастр агентлиги, геопортал open.ngis.uz (слой UZKAD/MAHALLA_UZKAD_DB16), мастер-набор tashkent_gis_master","source_date":"2026-09-18"}},{"type":"Feature","geometry":{"type":"Polygon","coordinates":[[[69.29468,41.37306],[69.28758,41.37424],[69.28657,41.37092],[69.2891,41.37048],[69.28915,41.37068],[69.29035,41.37056],[69.29054,41.37126],[69.29149,41.3711],[69.2913,41.37039],[69.29376,41.36997],[69.29468,41.37306]]]},"properties":{"name":"Bogʻi eram","district":"Yunusabad","soato_district":"1726266","mahalla_code":"1726266003","cadastral_number":"1726266003","area_ha":21.36,"area_ha_utm":21.26,"lat":41.3721,"lng":69.29058,"source":"Кадастр агентлиги, геопортал open.ngis.uz (слой UZKAD/MAHALLA_UZKAD_DB16), мастер-набор tashkent_gis_master","source_date":"2026-09-18"}},{"type":"Feature","geometry":{"type":"Polygon","coordinates":[[[69.28357,41.38428],[69.28198,41.38484],[69.28039,41.38564],[69.27158,41.39127],[69.27049,41.38991],[69.26944,41.38824],[69.26915,41.38725],[69.26931,41.3856],[69.27005,41.38431],[69.26765,41.38322],[69.26858,41.38203],[69.2695,41.38174],[69.27009,41.38035],[69.27003,41.37883],[69.26875,41.37816],[69.27117,41.37569],[69.28238,41.38237],[69.28269,41.38267],[69.28301,41.38353],[69.28357,41.38428]]]},"properties":{"name":"Islomobod","district":"Yunusabad","soato_district":"1726266","mahalla_code":"1726266004","cadastral_number":"1726266004","area_ha":116.44,"area_ha_utm":116.59,"lat":41.38346,"lng":69.27444,"source":"Кадастр агентлиги, геопортал open.ngis.uz (слой UZKAD/MAHALLA_UZKAD_DB16), мастер-набор tashkent_gis_master","source_date":"2026-09-18"}},{"type":"Feature","geometry":{"type":"Polygon","coordinates":[[[69.28237,41.37614],[69.28225,41.37569],[69.28202,41.37572],[69.28153,41.3742],[69.28064,41.37433],[69.28021,41.37401],[69.28055,41.37364],[69.28036,41.37339],[69.28208,41.37301],[69.28213,41.37211],[69.28262,41.37201],[69.28273,41.37228],[69.2841,41.3721],[69.28432,41.37182],[69.28446,41.37118],[69.28434,41.37111],[69.28465,41.37043],[69.28541,41.36992],[69.28627,41.36978],[69.28964,41.38099],[69.28898,41.38109],[69.28892,41.38091],[69.28604,41.38144],[69.28581,41.38119],[69.28497,41.37856],[69.28453,41.37862],[69.28445,41.37813],[69.2836,41.37827],[69.28306,41.37753],[69.28194,41.37675],[69.28226,41.37651],[69.28217,41.37622],[69.28237,41.37614]]]},"properties":{"name":"Yoʻlayriq","district":"Yunusabad","soato_district":"1726266","mahalla_code":"1726266005","cadastral_number":"1726266005","area_ha":48.83,"area_ha_utm":48.74,"lat":41.37582,"lng":69.28546,"source":"Кадастр агентлиги, геопортал open.ngis.uz (слой UZKAD/MAHALLA_UZKAD_DB16), мастер-набор tashkent_gis_master","source_date":"2026-09-18"}},{"type":"Feature","geometry":{"type":"Polygon","coordinates":[[[69.29563,41.38178],[69.29012,41.38273],[69.28758,41.37424],[69.29468,41.37306],[69.29548,41.3756],[69.29082,41.37638],[69.29113,41.37747],[69.29162,41.37738],[69.29162,41.37794],[69.29318,41.37793],[69.29338,41.37857],[69.29468,41.37837],[69.29563,41.38178]]]},"properties":{"name":"Kulolqoʻrgʻon","district":"Yunusabad","soato_district":"1726266","mahalla_code":"1726266006","cadastral_number":"1726266006","area_ha":43.87,"area_ha_utm":43.61,"lat":41.37781,"lng":69.29171,"source":"Кадастр агентлиги, геопортал open.ngis.uz (слой UZKAD/MAHALLA_UZKAD_DB16), мастер-набор tashkent_gis_master","source_date":"2026-09-18"}},{"type":"Feature","geometry":{"type":"Polygon","coordinates":[[[69.24432,41.39839],[69.23756,41.39857],[69.23521,41.39832],[69.23377,41.39798],[69.23134,41.39708],[69.22812,41.3951],[69.23359,41.38899],[69.23384,41.38919],[69.2344,41.38922],[69.23442,41.38909],[69.23539,41.38925],[69.23546,41.3889],[69.23611,41.38902],[69.23692,41.38821],[69.23682,41.38816],[69.23719,41.38761],[69.23942,41.38591],[69.24077,41.38609],[69.24597,41.38612],[69.24625,41.38619],[69.24631,41.38641],[69.24677,41.38623],[69.24727,41.38682],[69.25096,41.38955],[69.25012,41.39034],[69.24989,41.39018],[69.2497,41.39033],[69.25013,41.39059],[69.24837,41.39222],[69.24779,41.39192],[69.24557,41.39376],[69.24544,41.39471],[69.24375,41.39481],[69.24425,41.39708],[69.24432,41.39839]]]},"properties":{"name":"Katta Xasanboy","district":"Yunusabad","soato_district":"1726266","mahalla_code":"1726266007","cadastral_number":"1726266007","area_ha":166.09,"area_ha_utm":166.14,"lat":41.39238,"lng":69.23959,"source":"Кадастр агентлиги, геопортал open.ngis.uz (слой UZKAD/MAHALLA_UZKAD_DB16), мастер-набор tashkent_gis_master","source_date":"2026-09-18"}},{"type":"Feature","geometry":{"type":"Polygon","coordinates":[[[69.27957,41.37117],[69.27926,41.36981],[69.28495,41.36719],[69.28548,41.36716],[69.28579,41.36774],[69.28627,41.36978],[69.28541,41.36992],[69.28465,41.37043],[69.28434,41.37111],[69.28446,41.37118],[69.28432,41.37182],[69.2841,41.3721],[69.28273,41.37228],[69.28262,41.37201],[69.28213,41.37211],[69.27964,41.3718],[69.27957,41.37117]]]},"properties":{"name":"Mingchinor","district":"Yunusabad","soato_district":"1726266","mahalla_code":"1726266008","cadastral_number":"1726266008","area_ha":20.01,"area_ha_utm":20.05,"lat":41.36993,"lng":69.28285,"source":"Кадастр агентлиги, геопортал open.ngis.uz (слой UZKAD/MAHALLA_UZKAD_DB16), мастер-набор tashkent_gis_master","source_date":"2026-09-18"}},{"type":"Feature","geometry":{"type":"Polygon","coordinates":[[[69.28194,41.37675],[69.27511,41.37202],[69.27633,41.37117],[69.27926,41.36981],[69.27964,41.3718],[69.28213,41.37211],[69.28208,41.37301],[69.28036,41.37339],[69.28055,41.37364],[69.28021,41.37401],[69.28064,41.37433],[69.28153,41.3742],[69.28202,41.37572],[69.28225,41.37569],[69.28237,41.37614],[69.28217,41.37622],[69.28226,41.37651],[69.28194,41.37675]]]},"properties":{"name":"Nurmakon","district":"Yunusabad","soato_district":"1726266","mahalla_code":"1726266010","cadastral_number":"1726266010","area_ha":18.96,"area_ha_utm":19.02,"lat":41.37295,"lng":69.2791,"source":"Кадастр агентлиги, геопортал open.ngis.uz (слой UZKAD/MAHALLA_UZKAD_DB16), мастер-набор tashkent_gis_master","source_date":"2026-09-18"}},{"type":"Feature","geometry":{"type":"Polygon","coordinates":[[[69.26986,41.38877],[69.27049,41.38991],[69.27158,41.39127],[69.26717,41.39408],[69.26624,41.39291],[69.26497,41.39266],[69.2647,41.39155],[69.26353,41.39129],[69.26366,41.39066],[69.26311,41.3903],[69.2639,41.38915],[69.26368,41.38867],[69.26082,41.38928],[69.26069,41.38911],[69.25975,41.38927],[69.25983,41.38955],[69.25949,41.38943],[69.25561,41.39277],[69.25326,41.39123],[69.24727,41.38682],[69.24794,41.38653],[69.24784,41.38626],[69.24797,41.38586],[69.24777,41.38582],[69.24984,41.38493],[69.24993,41.38511],[69.25254,41.38451],[69.25321,41.38482],[69.25524,41.3848],[69.25544,41.3845],[69.25516,41.38404],[69.25501,41.38322],[69.25564,41.38291],[69.25818,41.38424],[69.26046,41.38169],[69.26087,41.38189],[69.26076,41.38202],[69.2615,41.38234],[69.26297,41.3826],[69.26369,41.381],[69.26544,41.38143],[69.26658,41.38203],[69.26706,41.381],[69.26689,41.38089],[69.26682,41.37855],[69.26766,41.37865],[69.2685,41.37847],[69.26875,41.37816],[69.27003,41.37883],[69.27009,41.38035],[69.2695,41.38174],[69.26858,41.38203],[69.26765,41.38322],[69.27005,41.38431],[69.26931,41.3856],[69.26911,41.38686],[69.26944,41.38824],[69.26986,41.38877]]]},"properties":{"name":"Xasanboy","district":"Yunusabad","soato_district":"1726266","mahalla_code":"1726266013","cadastral_number":"1726266013","area_ha":163.48,"area_ha_utm":163.73,"lat":41.38684,"lng":69.26113,"source":"Кадастр агентлиги, геопортал open.ngis.uz (слой UZKAD/MAHALLA_UZKAD_DB16), мастер-набор tashkent_gis_master","source_date":"2026-09-18"}},{"type":"Feature","geometry":{"type":"Polygon","coordinates":[[[69.29031,41.38378],[69.29012,41.38273],[69.29563,41.38178],[69.29468,41.37837],[69.29338,41.37857],[69.29318,41.37793],[69.29162,41.37794],[69.29162,41.37738],[69.29113,41.37747],[69.29082,41.37638],[69.29548,41.3756],[69.29788,41.38393],[69.29031,41.38378]]]},"properties":{"name":"Barhayot","district":"Yunusabad","soato_district":"1726266","mahalla_code":"1726266016","cadastral_number":"1726266016","area_ha":26.87,"area_ha_utm":26.87,"lat":41.38025,"lng":69.29443,"source":"Кадастр агентлиги, геопортал open.ngis.uz (слой UZKAD/MAHALLA_UZKAD_DB16), мастер-набор tashkent_gis_master","source_date":"2026-09-18"}},{"type":"Feature","geometry":{"type":"Polygon","coordinates":[[[69.30539,41.36814],[69.30447,41.3694],[69.30312,41.36906],[69.30224,41.36947],[69.30008,41.37103],[69.29454,41.36525],[69.29801,41.36315],[69.30189,41.36668],[69.3035,41.36753],[69.30539,41.36814]]]},"properties":{"name":"Axilobod","district":"Yunusabad","soato_district":"1726266","mahalla_code":"1726266019","cadastral_number":"1726266019","area_ha":33.48,"area_ha_utm":33.42,"lat":41.36716,"lng":69.29953,"source":"Кадастр агентлиги, геопортал open.ngis.uz (слой UZKAD/MAHALLA_UZKAD_DB16), мастер-набор tashkent_gis_master","source_date":"2026-09-18"}},{"type":"Feature","geometry":{"type":"Polygon","coordinates":[[[69.30282,41.37875],[69.29864,41.37906],[69.29862,41.37801],[69.29898,41.37749],[69.29893,41.3773],[69.2973,41.37757],[69.29685,41.37609],[69.29755,41.37598],[69.29738,41.37532],[69.30224,41.37463],[69.30274,41.37683],[69.30309,41.37736],[69.30319,41.37872],[69.30282,41.37875]]]},"properties":{"name":"Axmad donish","district":"Yunusabad","soato_district":"1726266","mahalla_code":"1726266020","cadastral_number":"1726266020","area_ha":18.4,"area_ha_utm":18.38,"lat":41.37687,"lng":69.30029,"source":"Кадастр агентлиги, геопортал open.ngis.uz (слой UZKAD/MAHALLA_UZKAD_DB16), мастер-набор tashkent_gis_master","source_date":"2026-09-18"}},{"type":"Feature","geometry":{"type":"Polygon","coordinates":[[[69.31558,41.36871],[69.31886,41.36986],[69.32002,41.37012],[69.32157,41.37111],[69.32092,41.3723],[69.32183,41.37256],[69.3215,41.37324],[69.31938,41.37264],[69.31147,41.36989],[69.31266,41.36798],[69.31412,41.36846],[69.31424,41.36825],[69.31558,41.36871]]]},"properties":{"name":"Begʻubor","district":"Yunusabad","soato_district":"1726266","mahalla_code":"1726266021","cadastral_number":"1726266021","area_ha":21.93,"area_ha_utm":21.96,"lat":41.37049,"lng":69.31679,"source":"Кадастр агентлиги, геопортал open.ngis.uz (слой UZKAD/MAHALLA_UZKAD_DB16), мастер-набор tashkent_gis_master","source_date":"2026-09-18"}},{"type":"Feature","geometry":{"type":"Polygon","coordinates":[[[69.30556,41.38462],[69.30492,41.38454],[69.30515,41.38363],[69.30516,41.38182],[69.30504,41.38155],[69.3009,41.38156],[69.30062,41.37955],[69.30109,41.3795],[69.30107,41.37933],[69.30288,41.37922],[69.30282,41.37875],[69.30553,41.37848],[69.30568,41.37799],[69.30569,41.37413],[69.30789,41.37379],[69.30894,41.37339],[69.31551,41.37956],[69.32007,41.38002],[69.31871,41.38315],[69.31763,41.38418],[69.3163,41.38477],[69.31492,41.38506],[69.31172,41.38518],[69.30556,41.38462]]]},"properties":{"name":"Bobodehqon","district":"Yunusabad","soato_district":"1726266","mahalla_code":"1726266022","cadastral_number":"1726266022","area_ha":115.04,"area_ha_utm":114.66,"lat":41.38041,"lng":69.31032,"source":"Кадастр агентлиги, геопортал open.ngis.uz (слой UZKAD/MAHALLA_UZKAD_DB16), мастер-набор tashkent_gis_master","source_date":"2026-09-18"}},{"type":"Feature","geometry":{"type":"Polygon","coordinates":[[[69.31902,41.36826],[69.32125,41.36961],[69.32369,41.36997],[69.32463,41.37027],[69.3241,41.37108],[69.32295,41.37362],[69.3215,41.37324],[69.32183,41.37256],[69.32092,41.3723],[69.32157,41.37111],[69.32002,41.37012],[69.31886,41.36986],[69.31424,41.36825],[69.31412,41.36846],[69.31266,41.36798],[69.31416,41.36558],[69.31788,41.3669],[69.31763,41.36729],[69.31836,41.36794],[69.31902,41.36826]]]},"properties":{"name":"Mehnatobod","district":"Yunusabad","soato_district":"1726266","mahalla_code":"1726266023","cadastral_number":"1726266023","area_ha":23.99,"area_ha_utm":23.99,"lat":41.3692,"lng":69.31875,"source":"Кадастр агентлиги, геопортал open.ngis.uz (слой UZKAD/MAHALLA_UZKAD_DB16), мастер-набор tashkent_gis_master","source_date":"2026-09-18"}},{"type":"Feature","geometry":{"type":"Polygon","coordinates":[[[69.3009,41.38156],[69.29721,41.38158],[69.29548,41.3756],[69.29738,41.37532],[69.29755,41.37598],[69.29685,41.37609],[69.2973,41.37757],[69.29893,41.3773],[69.29898,41.37749],[69.29862,41.37801],[69.29864,41.37906],[69.30282,41.37875],[69.30288,41.37922],[69.30107,41.37933],[69.30109,41.3795],[69.30062,41.37955],[69.3009,41.38156]]]},"properties":{"name":"Murruvat","district":"Yunusabad","soato_district":"1726266","mahalla_code":"1726266024","cadastral_number":"1726266024","area_ha":16.59,"area_ha_utm":16.6,"lat":41.37911,"lng":69.29832,"source":"Кадастр агентлиги, геопортал open.ngis.uz (слой UZKAD/MAHALLA_UZKAD_DB16), мастер-набор tashkent_gis_master","source_date":"2026-09-18"}},{"type":"Feature","geometry":{"type":"Polygon","coordinates":[[[69.31836,41.36794],[69.31763,41.36729],[69.31788,41.3669],[69.31416,41.36558],[69.30994,41.36361],[69.3067,41.36273],[69.30611,41.36214],[69.30755,41.36123],[69.30506,41.35892],[69.31126,41.35513],[69.3132,41.35697],[69.3103,41.35875],[69.31238,41.36079],[69.31507,41.36025],[69.31603,41.36025],[69.31592,41.35984],[69.31603,41.35924],[69.31722,41.36014],[69.31788,41.36013],[69.31939,41.35911],[69.31844,41.35825],[69.31894,41.35793],[69.32305,41.36155],[69.32471,41.35977],[69.32521,41.35984],[69.32638,41.36052],[69.32717,41.36078],[69.32756,41.36127],[69.3272,41.36238],[69.32732,41.36266],[69.32853,41.3629],[69.32933,41.36273],[69.32975,41.36281],[69.3302,41.36314],[69.33042,41.36407],[69.33089,41.36479],[69.33096,41.3652],[69.32538,41.36948],[69.32463,41.37027],[69.32369,41.36997],[69.32125,41.36961],[69.31936,41.3684],[69.31836,41.36794]]]},"properties":{"name":"Oqtepa","district":"Yunusabad","soato_district":"1726266","mahalla_code":"1726266025","cadastral_number":"1726266025","area_ha":158.09,"area_ha_utm":158.02,"lat":41.36325,"lng":69.31865,"source":"Кадастр агентлиги, геопортал open.ngis.uz (слой UZKAD/MAHALLA_UZKAD_DB16), мастер-набор tashkent_gis_master","source_date":"2026-09-18"}},{"type":"Feature","geometry":{"type":"Polygon","coordinates":[[[69.27753,41.36634],[69.27681,41.36725],[69.27623,41.36632],[69.27432,41.36708],[69.2737,41.36621],[69.27263,41.36548],[69.27582,41.36279],[69.27813,41.35995],[69.28507,41.36301],[69.2846,41.36362],[69.28546,41.36398],[69.28521,41.36424],[69.28472,41.36425],[69.28472,41.36462],[69.28413,41.36463],[69.28414,41.36502],[69.28307,41.36503],[69.28307,41.36587],[69.28231,41.36587],[69.28231,41.36495],[69.28198,41.36494],[69.28196,41.36559],[69.28053,41.36557],[69.28053,41.36516],[69.27836,41.36588],[69.27753,41.36634]]]},"properties":{"name":"Adolat","district":"Yunusabad","soato_district":"1726266","mahalla_code":"1726266033","cadastral_number":"1726266033","area_ha":42.8,"area_ha_utm":42.83,"lat":41.36379,"lng":69.27895,"source":"Кадастр агентлиги, геопортал open.ngis.uz (слой UZKAD/MAHALLA_UZKAD_DB16), мастер-набор tashkent_gis_master","source_date":"2026-09-18"}},{"type":"Feature","geometry":{"type":"Polygon","coordinates":[[[69.27813,41.35995],[69.27537,41.35874],[69.27651,41.35753],[69.27666,41.35762],[69.27744,41.35743],[69.27754,41.35757],[69.27788,41.35735],[69.2784,41.35663],[69.27835,41.35612],[69.27781,41.35569],[69.27794,41.35561],[69.27773,41.35535],[69.27761,41.35465],[69.27849,41.35386],[69.27881,41.35405],[69.27891,41.35437],[69.28019,41.35437],[69.28022,41.35399],[69.28171,41.35386],[69.28201,41.35363],[69.28257,41.35359],[69.28251,41.35369],[69.28325,41.35408],[69.28417,41.3541],[69.28406,41.35438],[69.28452,41.35455],[69.28467,41.35437],[69.2849,41.3544],[69.28486,41.35452],[69.28524,41.35463],[69.28522,41.35485],[69.28634,41.3554],[69.2866,41.35507],[69.28758,41.35544],[69.28717,41.35602],[69.28875,41.35661],[69.28884,41.3571],[69.2871,41.35746],[69.28652,41.35811],[69.2868,41.35831],[69.28603,41.35906],[69.28522,41.35822],[69.28423,41.35852],[69.28328,41.35791],[69.2823,41.35844],[69.28179,41.35802],[69.27953,41.35936],[69.27877,41.36024],[69.27813,41.35995]]]},"properties":{"name":"Anorzor","district":"Yunusabad","soato_district":"1726266","mahalla_code":"1726266034","cadastral_number":"1726266034","area_ha":42.51,"area_ha_utm":42.55,"lat":41.3567,"lng":69.28185,"source":"Кадастр агентлиги, геопортал open.ngis.uz (слой UZKAD/MAHALLA_UZKAD_DB16), мастер-набор tashkent_gis_master","source_date":"2026-09-18"}},{"type":"Feature","geometry":{"type":"Polygon","coordinates":[[[69.28548,41.36716],[69.28495,41.36719],[69.27679,41.37095],[69.27511,41.37202],[69.27398,41.37115],[69.27287,41.37072],[69.27171,41.36939],[69.27125,41.36839],[69.2704,41.36725],[69.27263,41.36548],[69.2737,41.36621],[69.27432,41.36708],[69.27623,41.36632],[69.27681,41.36725],[69.27748,41.36639],[69.27814,41.36597],[69.28053,41.36516],[69.28053,41.36557],[69.28196,41.36559],[69.28198,41.36494],[69.28231,41.36495],[69.28231,41.36587],[69.28307,41.36587],[69.28307,41.36503],[69.28414,41.36502],[69.28413,41.36463],[69.28472,41.36462],[69.28472,41.36425],[69.28521,41.36424],[69.28546,41.36398],[69.2846,41.36362],[69.28507,41.36301],[69.2876,41.36412],[69.28548,41.36716]]]},"properties":{"name":"Billur","district":"Yunusabad","soato_district":"1726266","mahalla_code":"1726266035","cadastral_number":"1726266035","area_ha":56.49,"area_ha_utm":55.96,"lat":41.36768,"lng":69.27831,"source":"Кадастр агентлиги, геопортал open.ngis.uz (слой UZKAD/MAHALLA_UZKAD_DB16), мастер-набор tashkent_gis_master","source_date":"2026-09-18"}},{"type":"Feature","geometry":{"type":"Polygon","coordinates":[[[69.27649,41.35756],[69.27537,41.35874],[69.2713,41.35687],[69.26969,41.35569],[69.27101,41.35447],[69.27438,41.3524],[69.27551,41.35152],[69.27636,41.35187],[69.27698,41.35153],[69.27754,41.35196],[69.27675,41.35248],[69.27735,41.35292],[69.27722,41.35301],[69.27786,41.35355],[69.27769,41.35369],[69.27815,41.35408],[69.27761,41.35465],[69.27773,41.35535],[69.27794,41.35561],[69.27781,41.35569],[69.27835,41.35612],[69.27842,41.35647],[69.27788,41.35735],[69.27754,41.35757],[69.27716,41.35743],[69.27649,41.35756]]]},"properties":{"name":"Gʻayratiy","district":"Yunusabad","soato_district":"1726266","mahalla_code":"1726266036","cadastral_number":"1726266036","area_ha":33.58,"area_ha_utm":33.75,"lat":41.35524,"lng":69.27463,"source":"Кадастр агентлиги, геопортал open.ngis.uz (слой UZKAD/MAHALLA_UZKAD_DB16), мастер-набор tashkent_gis_master","source_date":"2026-09-18"}},{"type":"Feature","geometry":{"type":"Polygon","coordinates":[[[69.2746,41.35224],[69.27101,41.35447],[69.26971,41.35568],[69.26734,41.35352],[69.26308,41.34921],[69.266,41.34747],[69.26439,41.34607],[69.26569,41.34524],[69.27278,41.35174],[69.27365,41.35121],[69.27435,41.35187],[69.27421,41.35198],[69.2746,41.35224]]]},"properties":{"name":"Jomiy","district":"Yunusabad","soato_district":"1726266","mahalla_code":"1726266037","cadastral_number":"1726266037","area_ha":45.03,"area_ha_utm":45.37,"lat":41.35079,"lng":69.26841,"source":"Кадастр агентлиги, геопортал open.ngis.uz (слой UZKAD/MAHALLA_UZKAD_DB16), мастер-набор tashkent_gis_master","source_date":"2026-09-18"}},{"type":"Feature","geometry":{"type":"Polygon","coordinates":[[[69.27716,41.35056],[69.27579,41.3513],[69.2746,41.35224],[69.27421,41.35198],[69.27435,41.35187],[69.27365,41.35121],[69.2784,41.34837],[69.27605,41.34612],[69.27683,41.34576],[69.28028,41.34453],[69.28058,41.34427],[69.28103,41.34431],[69.28173,41.34391],[69.28227,41.34432],[69.28167,41.34473],[69.28336,41.34593],[69.28489,41.34647],[69.28588,41.34649],[69.28637,41.34673],[69.28691,41.34666],[69.28736,41.34913],[69.28576,41.34905],[69.28404,41.34923],[69.27899,41.34998],[69.27716,41.35056]]]},"properties":{"name":"Iftixor","district":"Yunusabad","soato_district":"1726266","mahalla_code":"1726266038","cadastral_number":"1726266038","area_ha":41.7,"area_ha_utm":41.3,"lat":41.34775,"lng":69.28085,"source":"Кадастр агентлиги, геопортал open.ngis.uz (слой UZKAD/MAHALLA_UZKAD_DB16), мастер-набор tashkent_gis_master","source_date":"2026-09-18"}},{"type":"Feature","geometry":{"type":"Polygon","coordinates":[[[69.27582,41.36279],[69.27453,41.36389],[69.27312,41.36188],[69.27228,41.3616],[69.27142,41.36206],[69.27093,41.36179],[69.27269,41.36014],[69.27297,41.36029],[69.27372,41.35958],[69.27331,41.35934],[69.27362,41.35892],[69.27322,41.3587],[69.27368,41.35799],[69.27813,41.35995],[69.27582,41.36279]]]},"properties":{"name":"Qoʻshchinor","district":"Yunusabad","soato_district":"1726266","mahalla_code":"1726266039","cadastral_number":"1726266039","area_ha":17.4,"area_ha_utm":17.36,"lat":41.36082,"lng":69.27477,"source":"Кадастр агентлиги, геопортал open.ngis.uz (слой UZKAD/MAHALLA_UZKAD_DB16), мастер-набор tashkent_gis_master","source_date":"2026-09-18"}},{"type":"Feature","geometry":{"type":"Polygon","coordinates":[[[69.27288,41.32239],[69.27162,41.3229],[69.2694,41.32328],[69.26923,41.32289],[69.26806,41.3218],[69.26659,41.31816],[69.26547,41.31691],[69.26412,41.3134],[69.26348,41.31293],[69.26323,41.31234],[69.26114,41.31218],[69.26043,41.31194],[69.25999,41.31109],[69.26401,41.31075],[69.26761,41.30939],[69.26903,41.30906],[69.27053,41.31242],[69.2795,41.30998],[69.28085,41.30985],[69.28134,41.31016],[69.28177,41.31071],[69.28171,41.31173],[69.28028,41.31276],[69.28084,41.31496],[69.2806,41.31502],[69.28193,41.32129],[69.27288,41.32239]]]},"properties":{"name":"Qashqar","district":"Yunusabad","soato_district":"1726266","mahalla_code":"1726266040","cadastral_number":"1726266040","area_ha":172.12,"area_ha_utm":171.89,"lat":41.316,"lng":69.27286,"source":"Кадастр агентлиги, геопортал open.ngis.uz (слой UZKAD/MAHALLA_UZKAD_DB16), мастер-набор tashkent_gis_master","source_date":"2026-09-18"}},{"type":"Feature","geometry":{"type":"Polygon","coordinates":[[[69.28325,41.32771],[69.27442,41.32862],[69.27339,41.32901],[69.27242,41.32972],[69.27126,41.32914],[69.27046,41.32797],[69.27048,41.32748],[69.27092,41.32761],[69.27113,41.32704],[69.27065,41.32693],[69.27084,41.32631],[69.27081,41.32588],[69.26995,41.32506],[69.2694,41.32328],[69.27162,41.3229],[69.27288,41.32239],[69.28193,41.32129],[69.28325,41.32771]]]},"properties":{"name":"Matonat","district":"Yunusabad","soato_district":"1726266","mahalla_code":"1726266041","cadastral_number":"1726266041","area_ha":73.94,"area_ha_utm":73.94,"lat":41.32527,"lng":69.27649,"source":"Кадастр агентлиги, геопортал open.ngis.uz (слой UZKAD/MAHALLA_UZKAD_DB16), мастер-набор tashkent_gis_master","source_date":"2026-09-18"}},{"type":"Feature","geometry":{"type":"Polygon","coordinates":[[[69.28691,41.34666],[69.28637,41.34673],[69.28588,41.34649],[69.28489,41.34647],[69.28336,41.34593],[69.28167,41.34473],[69.28227,41.34432],[69.28173,41.34391],[69.28103,41.34431],[69.28058,41.34427],[69.27979,41.34328],[69.27414,41.33787],[69.27491,41.33743],[69.27456,41.33706],[69.2738,41.33478],[69.27301,41.33374],[69.27287,41.33282],[69.2732,41.33203],[69.27301,41.33144],[69.27295,41.33021],[69.27242,41.32972],[69.27339,41.32901],[69.27442,41.32862],[69.28325,41.32771],[69.28691,41.34666]]]},"properties":{"name":"Minor","district":"Yunusabad","soato_district":"1726266","mahalla_code":"1726266042","cadastral_number":"1726266042","area_ha":154.58,"area_ha_utm":155.62,"lat":41.33615,"lng":69.28008,"source":"Кадастр агентлиги, геопортал open.ngis.uz (слой UZKAD/MAHALLA_UZKAD_DB16), мастер-набор tashkent_gis_master","source_date":"2026-09-18"}},{"type":"Feature","geometry":{"type":"Polygon","coordinates":[[[69.27142,41.36206],[69.26671,41.3648],[69.26657,41.36485],[69.26553,41.36417],[69.26522,41.36439],[69.2648,41.36413],[69.26356,41.36522],[69.26225,41.36395],[69.26225,41.36377],[69.26177,41.36316],[69.26969,41.35569],[69.2713,41.35687],[69.27368,41.35799],[69.27322,41.3587],[69.27362,41.35892],[69.27331,41.35934],[69.27372,41.35958],[69.27297,41.36029],[69.27269,41.36014],[69.27093,41.36179],[69.27142,41.36206]]]},"properties":{"name":"Registon","district":"Yunusabad","soato_district":"1726266","mahalla_code":"1726266047","cadastral_number":"1726266047","area_ha":51.29,"area_ha_utm":51.41,"lat":41.36074,"lng":69.26804,"source":"Кадастр агентлиги, геопортал open.ngis.uz (слой UZKAD/MAHALLA_UZKAD_DB16), мастер-набор tashkent_gis_master","source_date":"2026-09-18"}},{"type":"Feature","geometry":{"type":"Polygon","coordinates":[[[69.29188,41.36245],[69.29258,41.36206],[69.29283,41.36206],[69.29319,41.36147],[69.29371,41.3612],[69.2938,41.36037],[69.29528,41.36073],[69.29763,41.36306],[69.29801,41.36315],[69.29215,41.36662],[69.29096,41.36562],[69.2876,41.36412],[69.28861,41.36276],[69.28939,41.36292],[69.2905,41.36265],[69.29088,41.36307],[69.29198,41.36279],[69.29188,41.36245]]]},"properties":{"name":"Akbarobod","district":"Yunusabad","soato_district":"1726266","mahalla_code":"1726266049","cadastral_number":"1726266049","area_ha":27.42,"area_ha_utm":27.47,"lat":41.36359,"lng":69.29301,"source":"Кадастр агентлиги, геопортал open.ngis.uz (слой UZKAD/MAHALLA_UZKAD_DB16), мастер-набор tashkent_gis_master","source_date":"2026-09-18"}},{"type":"Feature","geometry":{"type":"Polygon","coordinates":[[[69.31,41.33949],[69.31066,41.33835],[69.3117,41.33533],[69.31302,41.33325],[69.31384,41.3323],[69.31548,41.33291],[69.31632,41.33341],[69.31689,41.33442],[69.31691,41.3355],[69.31676,41.33599],[69.31575,41.33657],[69.31542,41.33738],[69.31552,41.33857],[69.316,41.33919],[69.31683,41.33943],[69.31705,41.34034],[69.3185,41.34099],[69.31885,41.34153],[69.31886,41.3432],[69.31917,41.34366],[69.32131,41.34536],[69.32214,41.34703],[69.32291,41.3475],[69.32389,41.34752],[69.32048,41.34966],[69.32446,41.35101],[69.32426,41.35193],[69.32116,41.35166],[69.31837,41.35088],[69.31526,41.35273],[69.31476,41.35143],[69.31427,41.34962],[69.31433,41.34932],[69.31374,41.34857],[69.31098,41.34728],[69.30981,41.34745],[69.30928,41.34734],[69.30695,41.34582],[69.30647,41.34503],[69.30657,41.34486],[69.30738,41.34498],[69.30754,41.34472],[69.30808,41.34482],[69.30836,41.34434],[69.30573,41.34346],[69.30764,41.34195],[69.30983,41.33942],[69.31,41.33949]]]},"properties":{"name":"Bogʻi boʻston","district":"Yunusabad","soato_district":"1726266","mahalla_code":"1726266050","cadastral_number":"1726266050","area_ha":151.15,"area_ha_utm":150.73,"lat":41.34368,"lng":69.31482,"source":"Кадастр агентлиги, геопортал open.ngis.uz (слой UZKAD/MAHALLA_UZKAD_DB16), мастер-набор tashkent_gis_master","source_date":"2026-09-18"}},{"type":"Feature","geometry":{"type":"Polygon","coordinates":[[[69.29325,41.34687],[69.29312,41.3468],[69.29421,41.34415],[69.2903,41.34453],[69.28969,41.3415],[69.29005,41.34079],[69.29228,41.34051],[69.29239,41.34016],[69.29351,41.34026],[69.2937,41.34128],[69.2945,41.34121],[69.29488,41.34328],[69.2966,41.34309],[69.29705,41.34581],[69.29664,41.34674],[69.29714,41.34687],[69.297,41.34711],[69.29717,41.34727],[69.297,41.3475],[69.29667,41.34761],[69.29524,41.34733],[69.29441,41.34749],[69.29325,41.34687]]]},"properties":{"name":"Bodomzor","district":"Yunusabad","soato_district":"1726266","mahalla_code":"1726266051","cadastral_number":"1726266051","area_ha":27.85,"area_ha_utm":27.86,"lat":41.34377,"lng":69.29357,"source":"Кадастр агентлиги, геопортал open.ngis.uz (слой UZKAD/MAHALLA_UZKAD_DB16), мастер-набор tashkent_gis_master","source_date":"2026-09-18"}},{"type":"Feature","geometry":{"type":"Polygon","coordinates":[[[69.29274,41.32326],[69.29072,41.32442],[69.29102,41.32688],[69.28325,41.32771],[69.2806,41.31502],[69.28269,41.31425],[69.28612,41.31815],[69.29078,41.3177],[69.29141,41.31803],[69.29186,41.31853],[69.2911,41.31923],[69.29168,41.32261],[69.293,41.32248],[69.29274,41.32326]]]},"properties":{"name":"Buyuk Turon","district":"Yunusabad","soato_district":"1726266","mahalla_code":"1726266052","cadastral_number":"1726266052","area_ha":91.5,"area_ha_utm":91.47,"lat":41.32168,"lng":69.28629,"source":"Кадастр агентлиги, геопортал open.ngis.uz (слой UZKAD/MAHALLA_UZKAD_DB16), мастер-набор tashkent_gis_master","source_date":"2026-09-18"}},{"type":"Feature","geometry":{"type":"Polygon","coordinates":[[[69.29728,41.34708],[69.297,41.34711],[69.29714,41.34687],[69.29664,41.34674],[69.29705,41.34581],[69.2966,41.34309],[69.29488,41.34328],[69.2945,41.34121],[69.2937,41.34128],[69.29351,41.34026],[69.29696,41.34054],[69.30836,41.34434],[69.30808,41.34482],[69.30754,41.34472],[69.30738,41.34498],[69.30657,41.34486],[69.30647,41.34503],[69.30569,41.345],[69.30505,41.34534],[69.30476,41.34602],[69.30379,41.34626],[69.30206,41.34705],[69.29926,41.34753],[69.29821,41.34707],[69.29728,41.34708]]]},"properties":{"name":"Boʻz suv","district":"Yunusabad","soato_district":"1726266","mahalla_code":"1726266053","cadastral_number":"1726266053","area_ha":48.54,"area_ha_utm":48.65,"lat":41.34398,"lng":69.30017,"source":"Кадастр агентлиги, геопортал open.ngis.uz (слой UZKAD/MAHALLA_UZKAD_DB16), мастер-набор tashkent_gis_master","source_date":"2026-09-18"}},{"type":"Feature","geometry":{"type":"Polygon","coordinates":[[[69.2921,41.33258],[69.28442,41.33324],[69.28325,41.32771],[69.29102,41.32688],[69.29072,41.32442],[69.29274,41.32326],[69.29313,41.32331],[69.29325,41.32399],[69.29387,41.32501],[69.29435,41.3251],[69.29475,41.32569],[69.29641,41.32526],[69.29784,41.32613],[69.29811,41.3278],[69.29738,41.32851],[69.29652,41.32867],[69.29651,41.32941],[69.2971,41.33008],[69.29779,41.33049],[69.29848,41.33006],[69.29906,41.33],[69.30068,41.33091],[69.30069,41.33103],[69.29511,41.33211],[69.29473,41.33233],[69.2921,41.33258]]]},"properties":{"name":"MUlugʻbek","district":"Yunusabad","soato_district":"1726266","mahalla_code":"1726266054","cadastral_number":"1726266054","area_ha":86.51,"area_ha_utm":86.7,"lat":41.3292,"lng":69.29126,"source":"Кадастр агентлиги, геопортал open.ngis.uz (слой UZKAD/MAHALLA_UZKAD_DB16), мастер-набор tashkent_gis_master","source_date":"2026-09-18"}},{"type":"Feature","geometry":{"type":"Polygon","coordinates":[[[69.31266,41.36798],[69.31147,41.36989],[69.30431,41.36784],[69.30307,41.36734],[69.30168,41.36653],[69.29801,41.36315],[69.30506,41.35892],[69.30755,41.36123],[69.30611,41.36214],[69.3067,41.36273],[69.30994,41.36361],[69.31416,41.36558],[69.31266,41.36798]]]},"properties":{"name":"Qadrdon","district":"Yunusabad","soato_district":"1726266","mahalla_code":"1726266055","cadastral_number":"1726266055","area_ha":78.92,"area_ha_utm":78.7,"lat":41.36479,"lng":69.30611,"source":"Кадастр агентлиги, геопортал open.ngis.uz (слой UZKAD/MAHALLA_UZKAD_DB16), мастер-набор tashkent_gis_master","source_date":"2026-09-18"}},{"type":"Feature","geometry":{"type":"Polygon","coordinates":[[[69.33382,41.36301],[69.33096,41.3652],[69.33012,41.36306],[69.32947,41.36272],[69.32853,41.3629],[69.32732,41.36266],[69.3272,41.36238],[69.32756,41.36127],[69.32727,41.36086],[69.32521,41.35984],[69.32401,41.35961],[69.323,41.35878],[69.32288,41.35841],[69.32394,41.35748],[69.32401,41.35722],[69.32327,41.35595],[69.3224,41.35563],[69.32108,41.35598],[69.31945,41.35537],[69.31818,41.35547],[69.3173,41.35536],[69.31712,41.35519],[69.31717,41.35457],[69.31703,41.35419],[69.31626,41.35382],[69.31526,41.35273],[69.31837,41.35088],[69.32116,41.35166],[69.32426,41.35193],[69.32446,41.35101],[69.32048,41.34966],[69.32389,41.34752],[69.32462,41.34757],[69.3253,41.34835],[69.32547,41.34965],[69.32573,41.35024],[69.32548,41.35106],[69.32749,41.35219],[69.33134,41.35526],[69.33163,41.35614],[69.33259,41.35697],[69.33477,41.36038],[69.33589,41.36141],[69.33382,41.36301]]]},"properties":{"name":"Obod","district":"Yunusabad","soato_district":"1726266","mahalla_code":"1726266056","cadastral_number":"1726266056","area_ha":122.98,"area_ha_utm":122.56,"lat":41.35631,"lng":69.32637,"source":"Кадастр агентлиги, геопортал open.ngis.uz (слой UZKAD/MAHALLA_UZKAD_DB16), мастер-набор tashkent_gis_master","source_date":"2026-09-18"}},{"type":"Feature","geometry":{"type":"Polygon","coordinates":[[[69.30259,41.35609],[69.30208,41.35637],[69.30142,41.35643],[69.30025,41.3561],[69.29791,41.3558],[69.29743,41.35554],[69.29636,41.35545],[69.29613,41.35496],[69.29544,41.35478],[69.29466,41.35493],[69.29408,41.35465],[69.29328,41.35464],[69.29272,41.35442],[69.29235,41.35488],[69.28983,41.35279],[69.28948,41.35307],[69.28809,41.35302],[69.28723,41.34845],[69.28844,41.34846],[69.29076,41.3496],[69.29248,41.34956],[69.29244,41.34886],[69.29314,41.349],[69.29334,41.34885],[69.29262,41.34857],[69.29292,41.34809],[69.29252,41.3475],[69.29245,41.34709],[69.29273,41.34666],[69.29314,41.34676],[69.29431,41.34747],[69.29531,41.34733],[69.29667,41.34761],[69.297,41.3475],[69.29732,41.34707],[69.29821,41.34707],[69.29926,41.34753],[69.3024,41.3469],[69.30313,41.34763],[69.30206,41.34783],[69.30145,41.34766],[69.30059,41.34769],[69.30024,41.34796],[69.2998,41.34801],[69.29977,41.34897],[69.29949,41.34896],[69.29947,41.34918],[69.30056,41.34941],[69.301,41.34898],[69.30166,41.34948],[69.30151,41.34961],[69.30285,41.35025],[69.30139,41.3542],[69.3015,41.35422],[69.30121,41.35497],[69.30141,41.35522],[69.30116,41.35576],[69.3017,41.35593],[69.30179,41.35577],[69.30233,41.35582],[69.30259,41.35609]]]},"properties":{"name":"Otchopar-1","district":"Yunusabad","soato_district":"1726266","mahalla_code":"1726266057","cadastral_number":"1726266057","area_ha":88.89,"area_ha_utm":88.81,"lat":41.35141,"lng":69.29575,"source":"Кадастр агентлиги, геопортал open.ngis.uz (слой UZKAD/MAHALLA_UZKAD_DB16), мастер-набор tashkent_gis_master","source_date":"2026-09-18"}},{"type":"Feature","geometry":{"type":"Polygon","coordinates":[[[69.32471,41.35977],[69.32305,41.36155],[69.31894,41.35793],[69.31844,41.35825],[69.31939,41.35911],[69.31788,41.36013],[69.31722,41.36014],[69.31603,41.35924],[69.31592,41.35984],[69.31603,41.36025],[69.31507,41.36025],[69.31238,41.36079],[69.3103,41.35875],[69.3132,41.35697],[69.31126,41.35513],[69.30729,41.35759],[69.30624,41.35661],[69.30375,41.35629],[69.30339,41.35652],[69.30271,41.35639],[69.30255,41.3559],[69.30233,41.35582],[69.30179,41.35577],[69.3017,41.35593],[69.30121,41.35583],[69.30141,41.35522],[69.30121,41.35497],[69.3015,41.35422],[69.30139,41.3542],[69.30285,41.35025],[69.30151,41.34961],[69.30166,41.34948],[69.301,41.34898],[69.30056,41.34941],[69.29947,41.34918],[69.29949,41.34896],[69.29977,41.34897],[69.2998,41.34801],[69.30024,41.34796],[69.30059,41.34769],[69.30145,41.34766],[69.30206,41.34783],[69.30313,41.34763],[69.3024,41.3469],[69.30379,41.34626],[69.30476,41.34602],[69.3051,41.34529],[69.30577,41.34496],[69.30627,41.34493],[69.30668,41.3452],[69.30695,41.34582],[69.30928,41.34734],[69.30981,41.34745],[69.31098,41.34728],[69.31374,41.34857],[69.31433,41.34932],[69.31427,41.34962],[69.31476,41.35143],[69.31526,41.35273],[69.31626,41.35382],[69.31703,41.35419],[69.31716,41.35528],[69.31818,41.35547],[69.31945,41.35537],[69.32108,41.35598],[69.3224,41.35563],[69.32327,41.35595],[69.32401,41.35722],[69.32394,41.35748],[69.32308,41.35818],[69.32288,41.35854],[69.32379,41.35949],[69.32471,41.35977]]]},"properties":{"name":"Otchopar-2","district":"Yunusabad","soato_district":"1726266","mahalla_code":"1726266058","cadastral_number":"1726266058","area_ha":167.28,"area_ha_utm":167.28,"lat":41.3535,"lng":69.31085,"source":"Кадастр агентлиги, геопортал open.ngis.uz (слой UZKAD/MAHALLA_UZKAD_DB16), мастер-набор tashkent_gis_master","source_date":"2026-09-18"}},{"type":"Feature","geometry":{"type":"Polygon","coordinates":[[[69.33409,41.3511],[69.33563,41.35244],[69.33715,41.35328],[69.34176,41.3554],[69.34431,41.35592],[69.33828,41.35959],[69.33589,41.36141],[69.33477,41.36038],[69.33259,41.35697],[69.33163,41.35614],[69.33134,41.35526],[69.32749,41.35219],[69.32586,41.35133],[69.32568,41.35106],[69.33258,41.35098],[69.33359,41.35064],[69.33409,41.3511]]]},"properties":{"name":"Posira","district":"Yunusabad","soato_district":"1726266","mahalla_code":"1726266059","cadastral_number":"1726266059","area_ha":72.99,"area_ha_utm":72.67,"lat":41.35541,"lng":69.3352,"source":"Кадастр агентлиги, геопортал open.ngis.uz (слой UZKAD/MAHALLA_UZKAD_DB16), мастер-набор tashkent_gis_master","source_date":"2026-09-18"}},{"type":"Feature","geometry":{"type":"MultiPolygon","coordinates":[[[[69.35738,41.32584],[69.35708,41.32601],[69.3571,41.32651],[69.35683,41.32669],[69.35544,41.32623],[69.35399,41.32545],[69.35368,41.32511],[69.35398,41.32485],[69.35656,41.32406],[69.36193,41.32075],[69.36488,41.32292],[69.35903,41.32645],[69.35855,41.32593],[69.35738,41.32584]]],[[[69.3543,41.32002],[69.35488,41.32043],[69.35305,41.32168],[69.35389,41.32251],[69.35199,41.32348],[69.35116,41.32249],[69.3513,41.32189],[69.35087,41.32116],[69.35018,41.32066],[69.34961,41.32057],[69.34921,41.3202],[69.34928,41.32006],[69.34977,41.31996],[69.34972,41.31973],[69.3495,41.31961],[69.349,41.31972],[69.3491,41.31926],[69.34835,41.31922],[69.34809,41.31879],[69.34751,41.31849],[69.34733,41.31757],[69.34755,41.31742],[69.34764,41.31694],[69.34728,41.31662],[69.34641,41.31631],[69.34628,41.31602],[69.3458,41.31589],[69.34517,41.31473],[69.34432,41.31448],[69.34375,41.31377],[69.34343,41.31224],[69.34299,41.31153],[69.34294,41.31095],[69.34236,41.31099],[69.34221,41.31084],[69.3428,41.30911],[69.34288,41.30904],[69.34389,41.30984],[69.35427,41.31564],[69.35595,41.31673],[69.355,41.31791],[69.35319,41.31926],[69.3543,41.32002]]]]},"properties":{"name":"Avayxon","district":"Mirzo-Ulugbek","soato_district":"1726269","mahalla_code":"1726269001","cadastral_number":"1726269001","area_ha":93.81,"area_ha_utm":93.49,"lat":41.31833,"lng":69.35227,"source":"Кадастр агентлиги, геопортал open.ngis.uz (слой UZKAD/MAHALLA_UZKAD_DB16), мастер-набор tashkent_gis_master","source_date":"2026-09-18"}},{"type":"Feature","geometry":{"type":"Polygon","coordinates":[[[69.36089,41.32669],[69.35982,41.32768],[69.36103,41.32874],[69.36385,41.32986],[69.3653,41.33118],[69.36283,41.33271],[69.3627,41.33305],[69.3599,41.33469],[69.35346,41.32751],[69.35338,41.32569],[69.35368,41.32511],[69.35399,41.32545],[69.35544,41.32623],[69.35683,41.32669],[69.3571,41.32651],[69.35708,41.32601],[69.35738,41.32584],[69.35855,41.32593],[69.35903,41.32645],[69.36488,41.32292],[69.3664,41.32397],[69.36436,41.32567],[69.36331,41.32494],[69.3611,41.32642],[69.36089,41.32669]]]},"properties":{"name":"Alisher Navoiy","district":"Mirzo-Ulugbek","soato_district":"1726269","mahalla_code":"1726269002","cadastral_number":"1726269002","area_ha":56.71,"area_ha_utm":56.84,"lat":41.32907,"lng":69.35962,"source":"Кадастр агентлиги, геопортал open.ngis.uz (слой UZKAD/MAHALLA_UZKAD_DB16), мастер-набор tashkent_gis_master","source_date":"2026-09-18"}},{"type":"Feature","geometry":{"type":"Polygon","coordinates":[[[69.34639,41.33408],[69.33917,41.33843],[69.33337,41.33292],[69.33416,41.33246],[69.33392,41.33164],[69.33605,41.33165],[69.33681,41.33192],[69.33742,41.33184],[69.33766,41.33164],[69.33747,41.3316],[69.33741,41.33131],[69.33591,41.33112],[69.33598,41.33089],[69.33554,41.33066],[69.33631,41.32713],[69.34377,41.32815],[69.3442,41.32638],[69.34532,41.32535],[69.34665,41.32743],[69.34755,41.3276],[69.3478,41.32797],[69.34807,41.32781],[69.34774,41.32755],[69.3489,41.32742],[69.34894,41.32727],[69.35052,41.32685],[69.35339,41.3256],[69.35346,41.32751],[69.35606,41.3304],[69.35122,41.33329],[69.34984,41.33199],[69.34639,41.33408]]]},"properties":{"name":"Alpomish","district":"Mirzo-Ulugbek","soato_district":"1726269","mahalla_code":"1726269003","cadastral_number":"1726269003","area_ha":138.22,"area_ha_utm":138.41,"lat":41.33129,"lng":69.34387,"source":"Кадастр агентлиги, геопортал open.ngis.uz (слой UZKAD/MAHALLA_UZKAD_DB16), мастер-набор tashkent_gis_master","source_date":"2026-09-18"}},{"type":"Feature","geometry":{"type":"Polygon","coordinates":[[[69.36906,41.33131],[69.36891,41.33085],[69.37245,41.32839],[69.37379,41.32924],[69.3756,41.33069],[69.378,41.33352],[69.37586,41.33432],[69.37304,41.33378],[69.37308,41.33356],[69.37111,41.33176],[69.36976,41.33186],[69.36906,41.33131]]]},"properties":{"name":"Gulsanam","district":"Mirzo-Ulugbek","soato_district":"1726269","mahalla_code":"1726269004","cadastral_number":"1726269004","area_ha":24.7,"area_ha_utm":24.77,"lat":41.33159,"lng":69.37351,"source":"Кадастр агентлиги, геопортал open.ngis.uz (слой UZKAD/MAHALLA_UZKAD_DB16), мастер-набор tashkent_gis_master","source_date":"2026-09-18"}},{"type":"Feature","geometry":{"type":"Polygon","coordinates":[[[69.36016,41.32731],[69.3611,41.32642],[69.36331,41.32494],[69.36436,41.32567],[69.3664,41.32397],[69.37245,41.32839],[69.36891,41.33085],[69.36908,41.33135],[69.36976,41.33186],[69.37118,41.33181],[69.37308,41.33356],[69.37304,41.33378],[69.37183,41.33396],[69.36956,41.33527],[69.36399,41.32997],[69.36146,41.32896],[69.36063,41.32846],[69.35982,41.32768],[69.36016,41.32731]]]},"properties":{"name":"Katta Qorasuv","district":"Mirzo-Ulugbek","soato_district":"1726269","mahalla_code":"1726269005","cadastral_number":"1726269005","area_ha":62.79,"area_ha_utm":62.3,"lat":41.32906,"lng":69.36688,"source":"Кадастр агентлиги, геопортал open.ngis.uz (слой UZKAD/MAHALLA_UZKAD_DB16), мастер-набор tashkent_gis_master","source_date":"2026-09-18"}},{"type":"Feature","geometry":{"type":"Polygon","coordinates":[[[69.34485,41.31511],[69.34522,41.31489],[69.3458,41.31589],[69.34628,41.31602],[69.34641,41.31631],[69.34728,41.31662],[69.34764,41.31694],[69.34755,41.31742],[69.34733,41.31757],[69.34751,41.31849],[69.34809,41.31879],[69.34835,41.31922],[69.3491,41.31926],[69.349,41.31972],[69.3495,41.31961],[69.34976,41.31978],[69.34977,41.31996],[69.34928,41.32006],[69.34921,41.3202],[69.34961,41.32057],[69.35018,41.32066],[69.35097,41.32129],[69.3513,41.32189],[69.35114,41.32239],[69.35125,41.32268],[69.35176,41.32305],[69.35209,41.32367],[69.35368,41.32511],[69.35339,41.3256],[69.35052,41.32685],[69.34894,41.32727],[69.3489,41.32742],[69.34774,41.32755],[69.34807,41.32781],[69.3478,41.32797],[69.34755,41.3276],[69.34665,41.32743],[69.34532,41.32535],[69.34177,41.32273],[69.34106,41.32238],[69.34317,41.32069],[69.34283,41.32045],[69.34359,41.3198],[69.34285,41.31925],[69.34262,41.31943],[69.34232,41.31941],[69.34195,41.31911],[69.34237,41.31908],[69.34308,41.31858],[69.3428,41.31838],[69.34351,41.31786],[69.3431,41.31749],[69.34292,41.31757],[69.34234,41.31716],[69.34251,41.31688],[69.34157,41.31644],[69.34178,41.31605],[69.34157,41.3159],[69.34199,41.3156],[69.34232,41.31575],[69.34262,41.3155],[69.34341,41.31605],[69.34394,41.31548],[69.34358,41.31525],[69.34423,41.31466],[69.34485,41.31511]]]},"properties":{"name":"Katta Oltintepa","district":"Mirzo-Ulugbek","soato_district":"1726269","mahalla_code":"1726269006","cadastral_number":"1726269006","area_ha":75.41,"area_ha_utm":75.45,"lat":41.32185,"lng":69.34687,"source":"Кадастр агентлиги, геопортал open.ngis.uz (слой UZKAD/MAHALLA_UZKAD_DB16), мастер-набор tashkent_gis_master","source_date":"2026-09-18"}},{"type":"Feature","geometry":{"type":"Polygon","coordinates":[[[69.35199,41.32348],[69.35389,41.32251],[69.35305,41.32168],[69.35488,41.32043],[69.35319,41.31926],[69.35353,41.31898],[69.35369,41.31911],[69.35361,41.31918],[69.35516,41.32028],[69.3554,41.32009],[69.35671,41.32104],[69.35704,41.3209],[69.35854,41.32284],[69.35656,41.32406],[69.35398,41.32485],[69.35368,41.32511],[69.35199,41.32348]]]},"properties":{"name":"Minglola","district":"Mirzo-Ulugbek","soato_district":"1726269","mahalla_code":"1726269007","cadastral_number":"1726269007","area_ha":16.59,"area_ha_utm":16.57,"lat":41.32256,"lng":69.35523,"source":"Кадастр агентлиги, геопортал open.ngis.uz (слой UZKAD/MAHALLA_UZKAD_DB16), мастер-набор tashkent_gis_master","source_date":"2026-09-18"}},{"type":"Feature","geometry":{"type":"Polygon","coordinates":[[[69.34318,41.31949],[69.34359,41.3198],[69.34283,41.32045],[69.34317,41.32069],[69.34106,41.32226],[69.33846,41.32033],[69.33799,41.31983],[69.33493,41.31791],[69.33711,41.31628],[69.33424,41.31428],[69.3314,41.31304],[69.33636,41.30941],[69.33873,41.30724],[69.33962,41.30694],[69.34026,41.30709],[69.3407,41.30742],[69.34088,41.3073],[69.34288,41.30904],[69.34254,41.30964],[69.34221,41.31084],[69.34236,41.31099],[69.34294,41.31095],[69.34299,41.31153],[69.34343,41.31224],[69.34375,41.31377],[69.34425,41.31444],[69.34513,41.3147],[69.34523,41.31489],[69.34485,41.31511],[69.34423,41.31466],[69.34358,41.31525],[69.34394,41.31548],[69.34341,41.31605],[69.34262,41.3155],[69.34232,41.31575],[69.34199,41.3156],[69.34157,41.3159],[69.34178,41.31605],[69.34157,41.31644],[69.34251,41.31688],[69.34234,41.31716],[69.34292,41.31757],[69.3431,41.31749],[69.34351,41.31786],[69.3428,41.31838],[69.34308,41.31858],[69.34237,41.31908],[69.34195,41.31911],[69.34232,41.31941],[69.34262,41.31943],[69.34285,41.31925],[69.34318,41.31949]]]},"properties":{"name":"Oltintepa","district":"Mirzo-Ulugbek","soato_district":"1726269","mahalla_code":"1726269008","cadastral_number":"1726269008","area_ha":95.03,"area_ha_utm":94.77,"lat":41.31417,"lng":69.3391,"source":"Кадастр агентлиги, геопортал open.ngis.uz (слой UZKAD/MAHALLA_UZKAD_DB16), мастер-набор tashkent_gis_master","source_date":"2026-09-18"}},{"type":"Feature","geometry":{"type":"Polygon","coordinates":[[[69.37199,41.33588],[69.37475,41.33632],[69.37452,41.33689],[69.37468,41.33755],[69.37612,41.33743],[69.37661,41.33821],[69.37833,41.33845],[69.3773,41.33952],[69.37564,41.3404],[69.37045,41.34146],[69.36956,41.33527],[69.37027,41.33481],[69.37258,41.33544],[69.37199,41.33588]]]},"properties":{"name":"Sultoniya","district":"Mirzo-Ulugbek","soato_district":"1726269","mahalla_code":"1726269009","cadastral_number":"1726269009","area_ha":30.18,"area_ha_utm":30.52,"lat":41.33838,"lng":69.37296,"source":"Кадастр агентлиги, геопортал open.ngis.uz (слой UZKAD/MAHALLA_UZKAD_DB16), мастер-набор tashkent_gis_master","source_date":"2026-09-18"}},{"type":"Feature","geometry":{"type":"Polygon","coordinates":[[[69.37381,41.33616],[69.37195,41.33591],[69.37258,41.33544],[69.37027,41.33481],[69.37155,41.33408],[69.37237,41.33383],[69.37304,41.33378],[69.37586,41.33432],[69.378,41.33352],[69.37875,41.33453],[69.37912,41.33538],[69.37893,41.33698],[69.37833,41.33845],[69.37661,41.33821],[69.37612,41.33743],[69.37468,41.33755],[69.37452,41.33689],[69.37475,41.33632],[69.37381,41.33616]]]},"properties":{"name":"Chimyon","district":"Mirzo-Ulugbek","soato_district":"1726269","mahalla_code":"1726269010","cadastral_number":"1726269010","area_ha":21.93,"area_ha_utm":21.88,"lat":41.33569,"lng":69.37577,"source":"Кадастр агентлиги, геопортал open.ngis.uz (слой UZKAD/MAHALLA_UZKAD_DB16), мастер-набор tashkent_gis_master","source_date":"2026-09-18"}},{"type":"Feature","geometry":{"type":"Polygon","coordinates":[[[69.35815,41.33977],[69.35122,41.33329],[69.35606,41.3304],[69.3599,41.33469],[69.3627,41.33305],[69.36283,41.33271],[69.3653,41.33118],[69.36956,41.33527],[69.3633,41.33859],[69.3626,41.33781],[69.35856,41.34016],[69.35815,41.33977]]]},"properties":{"name":"Shukur Burxonov","district":"Mirzo-Ulugbek","soato_district":"1726269","mahalla_code":"1726269011","cadastral_number":"1726269011","area_ha":80.23,"area_ha_utm":80.33,"lat":41.33514,"lng":69.36021,"source":"Кадастр агентлиги, геопортал open.ngis.uz (слой UZKAD/MAHALLA_UZKAD_DB16), мастер-набор tashkent_gis_master","source_date":"2026-09-18"}},{"type":"Feature","geometry":{"type":"Polygon","coordinates":[[[69.35856,41.34016],[69.3626,41.33781],[69.3633,41.33859],[69.36956,41.33527],[69.37043,41.34135],[69.3666,41.34208],[69.36295,41.34426],[69.35856,41.34016]]]},"properties":{"name":"Shoʻrtepa","district":"Mirzo-Ulugbek","soato_district":"1726269","mahalla_code":"1726269012","cadastral_number":"1726269012","area_ha":50.1,"area_ha_utm":49.71,"lat":41.33999,"lng":69.36518,"source":"Кадастр агентлиги, геопортал open.ngis.uz (слой UZKAD/MAHALLA_UZKAD_DB16), мастер-набор tashkent_gis_master","source_date":"2026-09-18"}},{"type":"Feature","geometry":{"type":"Polygon","coordinates":[[[69.35379,41.31878],[69.35388,41.31884],[69.355,41.31791],[69.35612,41.31661],[69.36193,41.32075],[69.35854,41.32284],[69.35704,41.3209],[69.35671,41.32104],[69.3554,41.32009],[69.35516,41.32028],[69.35361,41.31918],[69.35369,41.31911],[69.35353,41.31898],[69.35379,41.31878]]]},"properties":{"name":"Yangi Avayxon","district":"Mirzo-Ulugbek","soato_district":"1726269","mahalla_code":"1726269013","cadastral_number":"1726269013","area_ha":20.87,"area_ha_utm":21.03,"lat":41.31975,"lng":69.35768,"source":"Кадастр агентлиги, геопортал open.ngis.uz (слой UZKAD/MAHALLA_UZKAD_DB16), мастер-набор tashkent_gis_master","source_date":"2026-09-18"}},{"type":"Feature","geometry":{"type":"Polygon","coordinates":[[[69.41427,41.33359],[69.40621,41.33506],[69.40399,41.33311],[69.40345,41.33342],[69.40446,41.33521],[69.40526,41.33788],[69.40457,41.33796],[69.40372,41.3388],[69.40134,41.3373],[69.39997,41.33623],[69.39959,41.33543],[69.39942,41.33385],[69.39621,41.33222],[69.39496,41.3328],[69.3935,41.33034],[69.39208,41.32839],[69.39067,41.32681],[69.38815,41.32443],[69.38793,41.32329],[69.38796,41.3224],[69.38408,41.32048],[69.38383,41.32071],[69.38169,41.3189],[69.37884,41.31704],[69.37914,41.31669],[69.38446,41.31885],[69.38954,41.32021],[69.41265,41.32408],[69.40932,41.32588],[69.40737,41.32585],[69.40679,41.3261],[69.41003,41.32873],[69.4111,41.32849],[69.41427,41.33359]]]},"properties":{"name":"Alisherobod","district":"Mirzo-Ulugbek","soato_district":"1726269","mahalla_code":"1726269015","cadastral_number":"1726269015","area_ha":251.34,"area_ha_utm":250.29,"lat":41.32773,"lng":69.39998,"source":"Кадастр агентлиги, геопортал open.ngis.uz (слой UZKAD/MAHALLA_UZKAD_DB16), мастер-набор tashkent_gis_master","source_date":"2026-09-18"}},{"type":"Feature","geometry":{"type":"Polygon","coordinates":[[[69.39238,41.36689],[69.39236,41.36722],[69.39159,41.36647],[69.39076,41.36599],[69.38674,41.36458],[69.38704,41.36415],[69.3865,41.36353],[69.38682,41.36315],[69.3864,41.36263],[69.38521,41.36202],[69.38496,41.36153],[69.38451,41.36119],[69.38508,41.36054],[69.38591,41.35867],[69.38845,41.35939],[69.38982,41.3601],[69.39445,41.36527],[69.39307,41.36584],[69.39263,41.36633],[69.39238,41.36689]]]},"properties":{"name":"Azamat","district":"Mirzo-Ulugbek","soato_district":"1726269","mahalla_code":"1726269018","cadastral_number":"1726269018","area_ha":36.03,"area_ha_utm":36.12,"lat":41.36275,"lng":69.38924,"source":"Кадастр агентлиги, геопортал open.ngis.uz (слой UZKAD/MAHALLA_UZKAD_DB16), мастер-набор tashkent_gis_master","source_date":"2026-09-18"}},{"type":"Feature","geometry":{"type":"Polygon","coordinates":[[[69.38335,41.3454],[69.38283,41.3444],[69.38779,41.3444],[69.39236,41.34634],[69.38917,41.35048],[69.38713,41.34979],[69.38645,41.34774],[69.38618,41.34768],[69.38515,41.34598],[69.38373,41.34611],[69.38335,41.3454]]]},"properties":{"name":"Al-Farobiy","district":"Mirzo-Ulugbek","soato_district":"1726269","mahalla_code":"1726269019","cadastral_number":"1726269019","area_ha":27.45,"area_ha_utm":27.75,"lat":41.34683,"lng":69.38796,"source":"Кадастр агентлиги, геопортал open.ngis.uz (слой UZKAD/MAHALLA_UZKAD_DB16), мастер-набор tashkent_gis_master","source_date":"2026-09-18"}},{"type":"Feature","geometry":{"type":"Polygon","coordinates":[[[69.38666,41.35686],[69.38591,41.35867],[69.38276,41.35792],[69.38483,41.35511],[69.38398,41.35478],[69.38413,41.35448],[69.38326,41.35409],[69.38324,41.35361],[69.38383,41.35289],[69.38432,41.35185],[69.38828,41.35351],[69.38666,41.35686]]]},"properties":{"name":"Axillik","district":"Mirzo-Ulugbek","soato_district":"1726269","mahalla_code":"1726269020","cadastral_number":"1726269020","area_ha":19.04,"area_ha_utm":18.9,"lat":41.35521,"lng":69.38542,"source":"Кадастр агентлиги, геопортал open.ngis.uz (слой UZKAD/MAHALLA_UZKAD_DB16), мастер-набор tashkent_gis_master","source_date":"2026-09-18"}},{"type":"Feature","geometry":{"type":"Polygon","coordinates":[[[69.38283,41.3444],[69.38364,41.34607],[69.38515,41.34598],[69.38618,41.34768],[69.38645,41.34774],[69.38713,41.34979],[69.38917,41.35048],[69.38769,41.35239],[69.38692,41.3522],[69.38716,41.35195],[69.38559,41.35105],[69.38416,41.35082],[69.38267,41.34976],[69.38302,41.34892],[69.38223,41.34839],[69.38203,41.34798],[69.38176,41.34468],[69.38178,41.34442],[69.38283,41.3444]]]},"properties":{"name":"Axmad Yugnakiy","district":"Mirzo-Ulugbek","soato_district":"1726269","mahalla_code":"1726269021","cadastral_number":"1726269021","area_ha":23.81,"area_ha_utm":23.87,"lat":41.3486,"lng":69.38482,"source":"Кадастр агентлиги, геопортал open.ngis.uz (слой UZKAD/MAHALLA_UZKAD_DB16), мастер-набор tashkent_gis_master","source_date":"2026-09-18"}},{"type":"Feature","geometry":{"type":"Polygon","coordinates":[[[69.38019,41.34549],[69.38039,41.34542],[69.3812,41.3443],[69.38142,41.34448],[69.38178,41.34442],[69.38203,41.34798],[69.38223,41.34839],[69.38302,41.34892],[69.38267,41.34976],[69.38416,41.35082],[69.38559,41.35105],[69.38716,41.35195],[69.38692,41.3522],[69.38769,41.35239],[69.39278,41.3458],[69.39675,41.34018],[69.39735,41.33968],[69.40628,41.34292],[69.40829,41.34401],[69.40279,41.35078],[69.40224,41.35175],[69.40208,41.35176],[69.4017,41.35257],[69.39968,41.35507],[69.39912,41.35452],[69.39814,41.35416],[69.39724,41.35433],[69.39637,41.35399],[69.39531,41.35544],[69.39543,41.3561],[69.39526,41.35614],[69.39533,41.35651],[69.38449,41.35191],[69.38089,41.35098],[69.37975,41.35325],[69.37731,41.35582],[69.37541,41.35485],[69.37335,41.35434],[69.37308,41.35387],[69.37188,41.35297],[69.37158,41.35304],[69.3701,41.35261],[69.37015,41.35247],[69.37095,41.35237],[69.37125,41.35212],[69.37248,41.35267],[69.37257,41.35241],[69.3732,41.35232],[69.37375,41.35258],[69.37393,41.35215],[69.3736,41.35192],[69.3744,41.35008],[69.37435,41.34983],[69.37527,41.34875],[69.37498,41.34851],[69.37534,41.34807],[69.37577,41.34808],[69.37702,41.34853],[69.37724,41.34819],[69.3776,41.34827],[69.37976,41.34634],[69.38019,41.34549]]]},"properties":{"name":"Beshkapa","district":"Mirzo-Ulugbek","soato_district":"1726269","mahalla_code":"1726269022","cadastral_number":"1726269022","area_ha":228.77,"area_ha_utm":228.65,"lat":41.3488,"lng":69.39272,"source":"Кадастр агентлиги, геопортал open.ngis.uz (слой UZKAD/MAHALLA_UZKAD_DB16), мастер-набор tashkent_gis_master","source_date":"2026-09-18"}},{"type":"Feature","geometry":{"type":"Polygon","coordinates":[[[69.38451,41.36119],[69.38496,41.36153],[69.38521,41.36202],[69.3864,41.36263],[69.38682,41.36315],[69.3865,41.36353],[69.38704,41.36415],[69.38674,41.36458],[69.37698,41.36136],[69.3748,41.36114],[69.37244,41.36139],[69.37218,41.35997],[69.37221,41.35921],[69.37181,41.35919],[69.37183,41.3587],[69.37149,41.3585],[69.37007,41.35813],[69.37028,41.35783],[69.36984,41.35757],[69.36924,41.35678],[69.36966,41.35587],[69.37051,41.35582],[69.37067,41.35528],[69.36999,41.35498],[69.3701,41.35439],[69.37299,41.3543],[69.37541,41.35485],[69.37973,41.35718],[69.37946,41.35751],[69.38183,41.35901],[69.38246,41.35802],[69.38276,41.35792],[69.38591,41.35867],[69.38508,41.36054],[69.38451,41.36119]]]},"properties":{"name":"Munavvarqori","district":"Mirzo-Ulugbek","soato_district":"1726269","mahalla_code":"1726269023","cadastral_number":"1726269023","area_ha":78.94,"area_ha_utm":78.76,"lat":41.35904,"lng":69.37774,"source":"Кадастр агентлиги, геопортал open.ngis.uz (слой UZKAD/MAHALLA_UZKAD_DB16), мастер-набор tashkent_gis_master","source_date":"2026-09-18"}},{"type":"Feature","geometry":{"type":"Polygon","coordinates":[[[69.38921,41.35952],[69.38912,41.35968],[69.38591,41.35867],[69.38726,41.35542],[69.38828,41.35351],[69.39246,41.35528],[69.39185,41.35585],[69.39211,41.35617],[69.39372,41.35677],[69.39378,41.35698],[69.39295,41.35754],[69.39108,41.35674],[69.39048,41.35759],[69.38955,41.35735],[69.38926,41.358],[69.38978,41.35818],[69.38921,41.35952]]]},"properties":{"name":"Traktorsozlar","district":"Mirzo-Ulugbek","soato_district":"1726269","mahalla_code":"1726269024","cadastral_number":"1726269024","area_ha":20.98,"area_ha_utm":20.87,"lat":41.35656,"lng":69.38921,"source":"Кадастр агентлиги, геопортал open.ngis.uz (слой UZKAD/MAHALLA_UZKAD_DB16), мастер-набор tashkent_gis_master","source_date":"2026-09-18"}},{"type":"Feature","geometry":{"type":"Polygon","coordinates":[[[69.38164,41.35893],[69.37946,41.35751],[69.37973,41.35718],[69.37882,41.35679],[69.37731,41.35582],[69.37975,41.35325],[69.38089,41.35098],[69.38432,41.35185],[69.38383,41.35289],[69.38324,41.35361],[69.38326,41.35409],[69.38413,41.35448],[69.38398,41.35478],[69.38483,41.35511],[69.38276,41.35792],[69.38246,41.35802],[69.38183,41.35901],[69.38164,41.35893]]]},"properties":{"name":"Uygʻonish","district":"Mirzo-Ulugbek","soato_district":"1726269","mahalla_code":"1726269025","cadastral_number":"1726269025","area_ha":29.92,"area_ha_utm":29.79,"lat":41.35495,"lng":69.38139,"source":"Кадастр агентлиги, геопортал open.ngis.uz (слой UZKAD/MAHALLA_UZKAD_DB16), мастер-набор tashkent_gis_master","source_date":"2026-09-18"}},{"type":"Feature","geometry":{"type":"Polygon","coordinates":[[[69.3812,41.3443],[69.38199,41.34326],[69.38042,41.34196],[69.3856,41.34113],[69.3871,41.33979],[69.39332,41.34224],[69.3947,41.34309],[69.39236,41.34634],[69.38779,41.3444],[69.38142,41.34448],[69.3812,41.3443]]]},"properties":{"name":"Xumoyun","district":"Mirzo-Ulugbek","soato_district":"1726269","mahalla_code":"1726269027","cadastral_number":"1726269027","area_ha":43.92,"area_ha_utm":43.46,"lat":41.34299,"lng":69.38803,"source":"Кадастр агентлиги, геопортал open.ngis.uz (слой UZKAD/MAHALLA_UZKAD_DB16), мастер-набор tashkent_gis_master","source_date":"2026-09-18"}},{"type":"Feature","geometry":{"type":"Polygon","coordinates":[[[69.39515,41.35792],[69.39519,41.35884],[69.39608,41.36179],[69.39621,41.36326],[69.39565,41.36445],[69.39445,41.36527],[69.39026,41.3605],[69.38912,41.35968],[69.38978,41.35818],[69.38926,41.358],[69.38955,41.35735],[69.39048,41.35759],[69.39108,41.35674],[69.39295,41.35754],[69.39378,41.35698],[69.39372,41.35677],[69.39211,41.35617],[69.39185,41.35585],[69.39246,41.35528],[69.39533,41.35651],[69.39515,41.35792]]]},"properties":{"name":"Yuzrabot","district":"Mirzo-Ulugbek","soato_district":"1726269","mahalla_code":"1726269028","cadastral_number":"1726269028","area_ha":36.04,"area_ha_utm":36.11,"lat":41.36015,"lng":69.39318,"source":"Кадастр агентлиги, геопортал open.ngis.uz (слой UZKAD/MAHALLA_UZKAD_DB16), мастер-набор tashkent_gis_master","source_date":"2026-09-18"}},{"type":"Feature","geometry":{"type":"Polygon","coordinates":[[[69.37534,41.34807],[69.37498,41.34851],[69.37527,41.34875],[69.37435,41.34983],[69.3744,41.35008],[69.3736,41.35192],[69.37393,41.35215],[69.37375,41.35258],[69.3732,41.35232],[69.37257,41.35241],[69.37248,41.35267],[69.37125,41.35212],[69.37095,41.35237],[69.37009,41.35247],[69.36968,41.35202],[69.36991,41.3516],[69.36939,41.35152],[69.36924,41.35183],[69.36884,41.35167],[69.36868,41.34995],[69.36797,41.3494],[69.36722,41.35005],[69.36568,41.3495],[69.36445,41.34941],[69.36396,41.34955],[69.36293,41.34905],[69.362,41.34979],[69.36009,41.35001],[69.36032,41.35026],[69.35793,41.35042],[69.35426,41.35264],[69.35224,41.3508],[69.36628,41.34222],[69.36698,41.34198],[69.37542,41.34048],[69.3775,41.33937],[69.37851,41.33824],[69.37866,41.33779],[69.3789,41.33804],[69.37892,41.33845],[69.37941,41.33877],[69.38028,41.33982],[69.38043,41.34061],[69.38042,41.34196],[69.38199,41.34326],[69.38039,41.34542],[69.38019,41.34549],[69.37976,41.34634],[69.3776,41.34827],[69.37724,41.34819],[69.37702,41.34853],[69.37577,41.34808],[69.37534,41.34807]]]},"properties":{"name":"Yalongʻoch","district":"Mirzo-Ulugbek","soato_district":"1726269","mahalla_code":"1726269029","cadastral_number":"1726269029","area_ha":176.32,"area_ha_utm":176.11,"lat":41.34612,"lng":69.36961,"source":"Кадастр агентлиги, геопортал open.ngis.uz (слой UZKAD/MAHALLA_UZKAD_DB16), мастер-набор tashkent_gis_master","source_date":"2026-09-18"}},{"type":"Feature","geometry":{"type":"Polygon","coordinates":[[[69.415,41.35141],[69.41601,41.35372],[69.41563,41.35375],[69.4114,41.35249],[69.41169,41.35079],[69.41164,41.34882],[69.41119,41.34707],[69.41032,41.34524],[69.41008,41.34531],[69.40815,41.34423],[69.40828,41.34397],[69.40658,41.34305],[69.4018,41.34129],[69.4028,41.34007],[69.40404,41.33909],[69.40372,41.3388],[69.40447,41.33804],[69.40526,41.33788],[69.40446,41.33521],[69.40345,41.33342],[69.40399,41.33311],[69.40621,41.33506],[69.41514,41.33343],[69.4155,41.33481],[69.41624,41.33466],[69.41611,41.33432],[69.41652,41.33408],[69.41857,41.33633],[69.41567,41.33768],[69.41993,41.34323],[69.42685,41.34371],[69.42786,41.34547],[69.42552,41.34655],[69.42708,41.34862],[69.42484,41.34955],[69.42619,41.35133],[69.422,41.35328],[69.42089,41.35315],[69.41924,41.35259],[69.41672,41.35213],[69.415,41.35141]]]},"properties":{"name":"Zakovat","district":"Mirzo-Ulugbek","soato_district":"1726269","mahalla_code":"1726269030","cadastral_number":"1726269030","area_ha":249,"area_ha_utm":248.79,"lat":41.34367,"lng":69.41496,"source":"Кадастр агентлиги, геопортал open.ngis.uz (слой UZKAD/MAHALLA_UZKAD_DB16), мастер-набор tashkent_gis_master","source_date":"2026-09-18"}},{"type":"Feature","geometry":{"type":"Polygon","coordinates":[[[69.3021,41.3194],[69.3013,41.32057],[69.29428,41.31749],[69.29601,41.31395],[69.29697,41.31235],[69.29743,41.31047],[69.2984,41.31043],[69.29884,41.31056],[69.29937,41.31094],[69.30015,41.31201],[69.3006,41.31203],[69.30122,41.31173],[69.30151,41.3119],[69.3018,41.31244],[69.30215,41.31257],[69.30281,41.31191],[69.30365,41.31178],[69.30485,41.31199],[69.30583,41.31258],[69.30585,41.31316],[69.3052,41.31471],[69.30512,41.31563],[69.30349,41.31617],[69.3039,41.31694],[69.30403,41.3179],[69.30436,41.31849],[69.30338,41.31885],[69.30306,41.31878],[69.3021,41.3194]]]},"properties":{"name":"Asaka","district":"Mirzo-Ulugbek","soato_district":"1726269","mahalla_code":"1726269035","cadastral_number":"1726269035","area_ha":65.27,"area_ha_utm":65.27,"lat":41.31543,"lng":69.30016,"source":"Кадастр агентлиги, геопортал open.ngis.uz (слой UZKAD/MAHALLA_UZKAD_DB16), мастер-набор tashkent_gis_master","source_date":"2026-09-18"}},{"type":"Feature","geometry":{"type":"Polygon","coordinates":[[[69.32464,41.33082],[69.32488,41.3293],[69.32181,41.32899],[69.32056,41.32633],[69.31704,41.32559],[69.31718,41.3249],[69.31522,41.32413],[69.31521,41.32367],[69.31562,41.32313],[69.31919,41.32436],[69.32183,41.32506],[69.32572,41.3257],[69.32958,41.32933],[69.32686,41.33101],[69.32464,41.33082]]]},"properties":{"name":"Buyuk Ipak Yoʻli","district":"Mirzo-Ulugbek","soato_district":"1726269","mahalla_code":"1726269036","cadastral_number":"1726269036","area_ha":36.38,"area_ha_utm":36.4,"lat":41.32724,"lng":69.32334,"source":"Кадастр агентлиги, геопортал open.ngis.uz (слой UZKAD/MAHALLA_UZKAD_DB16), мастер-набор tashkent_gis_master","source_date":"2026-09-18"}},{"type":"Feature","geometry":{"type":"Polygon","coordinates":[[[69.31366,41.33189],[69.31384,41.3323],[69.31126,41.33164],[69.30571,41.33063],[69.30314,41.32099],[69.3062,41.32082],[69.31076,41.31904],[69.31218,41.31863],[69.31238,41.31879],[69.3123,41.31899],[69.31506,41.32797],[69.31505,41.32879],[69.3148,41.32979],[69.31366,41.33189]]]},"properties":{"name":"Darxon","district":"Mirzo-Ulugbek","soato_district":"1726269","mahalla_code":"1726269037","cadastral_number":"1726269037","area_ha":102.25,"area_ha_utm":102.6,"lat":41.3256,"lng":69.30952,"source":"Кадастр агентлиги, геопортал open.ngis.uz (слой UZKAD/MAHALLA_UZKAD_DB16), мастер-набор tashkent_gis_master","source_date":"2026-09-18"}},{"type":"Feature","geometry":{"type":"Polygon","coordinates":[[[69.29298,41.32248],[69.29168,41.32261],[69.2911,41.31923],[69.29186,41.31853],[69.29278,41.31882],[69.29428,41.31749],[69.29891,41.31953],[69.29857,41.32],[69.29905,41.32021],[69.29835,41.32087],[69.29551,41.32168],[69.29323,41.32257],[69.29298,41.32248]]]},"properties":{"name":"Lashkarbegi","district":"Mirzo-Ulugbek","soato_district":"1726269","mahalla_code":"1726269038","cadastral_number":"1726269038","area_ha":23.18,"area_ha_utm":23.1,"lat":41.32013,"lng":69.29457,"source":"Кадастр агентлиги, геопортал open.ngis.uz (слой UZKAD/MAHALLA_UZKAD_DB16), мастер-набор tashkent_gis_master","source_date":"2026-09-18"}},{"type":"Feature","geometry":{"type":"Polygon","coordinates":[[[69.30556,41.3301],[69.30069,41.33103],[69.30056,41.33076],[69.29906,41.33],[69.29848,41.33006],[69.29779,41.33049],[69.29746,41.33035],[69.29651,41.32941],[69.29652,41.32867],[69.29743,41.32848],[69.29811,41.3278],[69.29811,41.32735],[69.29784,41.32613],[69.29636,41.32513],[69.29859,41.32495],[69.30293,41.32511],[69.30417,41.32498],[69.30556,41.3301]]]},"properties":{"name":"Oqqoʻrgʻon","district":"Mirzo-Ulugbek","soato_district":"1726269","mahalla_code":"1726269043","cadastral_number":"1726269043","area_ha":38.2,"area_ha_utm":38.29,"lat":41.32787,"lng":69.30112,"source":"Кадастр агентлиги, геопортал open.ngis.uz (слой UZKAD/MAHALLA_UZKAD_DB16), мастер-набор tashkent_gis_master","source_date":"2026-09-18"}},{"type":"Feature","geometry":{"type":"Polygon","coordinates":[[[69.32476,41.32311],[69.32437,41.32336],[69.32265,41.32168],[69.32421,41.32082],[69.3233,41.3192],[69.32432,41.31889],[69.32484,41.3189],[69.3253,41.31525],[69.3289,41.3148],[69.3314,41.31304],[69.33424,41.31428],[69.33711,41.31628],[69.33444,41.31832],[69.33355,41.32187],[69.32693,41.32101],[69.3263,41.32329],[69.32476,41.32311]]]},"properties":{"name":"Olmachi","district":"Mirzo-Ulugbek","soato_district":"1726269","mahalla_code":"1726269044","cadastral_number":"1726269044","area_ha":74.3,"area_ha_utm":74.03,"lat":41.31812,"lng":69.32971,"source":"Кадастр агентлиги, геопортал open.ngis.uz (слой UZKAD/MAHALLA_UZKAD_DB16), мастер-набор tashkent_gis_master","source_date":"2026-09-18"}},{"type":"Feature","geometry":{"type":"Polygon","coordinates":[[[69.34077,41.32205],[69.34129,41.32256],[69.34177,41.32273],[69.34532,41.32535],[69.3442,41.32638],[69.34377,41.32815],[69.32572,41.3257],[69.32693,41.32101],[69.33355,41.32187],[69.3344,41.31844],[69.33493,41.31791],[69.33799,41.31983],[69.33846,41.32033],[69.34077,41.32205]]]},"properties":{"name":"Podshobogʻ","district":"Mirzo-Ulugbek","soato_district":"1726269","mahalla_code":"1726269045","cadastral_number":"1726269045","area_ha":98.37,"area_ha_utm":98.09,"lat":41.32391,"lng":69.33547,"source":"Кадастр агентлиги, геопортал open.ngis.uz (слой UZKAD/MAHALLA_UZKAD_DB16), мастер-набор tashkent_gis_master","source_date":"2026-09-18"}},{"type":"Feature","geometry":{"type":"Polygon","coordinates":[[[69.3233,41.3192],[69.32172,41.31972],[69.32028,41.32052],[69.31671,41.31712],[69.3205,41.31579],[69.3253,41.31525],[69.32484,41.3189],[69.32432,41.31889],[69.3233,41.3192]]]},"properties":{"name":"Turon","district":"Mirzo-Ulugbek","soato_district":"1726269","mahalla_code":"1726269046","cadastral_number":"1726269046","area_ha":25.25,"area_ha_utm":25.45,"lat":41.3176,"lng":69.32149,"source":"Кадастр агентлиги, геопортал open.ngis.uz (слой UZKAD/MAHALLA_UZKAD_DB16), мастер-набор tashkent_gis_master","source_date":"2026-09-18"}},{"type":"Feature","geometry":{"type":"Polygon","coordinates":[[[69.29641,41.32526],[69.29475,41.32569],[69.29435,41.3251],[69.29387,41.32501],[69.29325,41.32399],[69.29313,41.32331],[69.29269,41.32323],[69.293,41.32277],[69.293,41.32248],[69.29323,41.32257],[69.29551,41.32168],[69.29835,41.32087],[69.29905,41.32021],[69.29857,41.32],[69.29891,41.31953],[69.30156,41.32066],[69.30314,41.32099],[69.30417,41.32498],[69.30293,41.32511],[69.29841,41.32495],[69.29636,41.32513],[69.29641,41.32526]]]},"properties":{"name":"Xamid Olimjon","district":"Mirzo-Ulugbek","soato_district":"1726269","mahalla_code":"1726269047","cadastral_number":"1726269047","area_ha":39.56,"area_ha_utm":39.37,"lat":41.32303,"lng":69.2988,"source":"Кадастр агентлиги, геопортал open.ngis.uz (слой UZKAD/MAHALLA_UZKAD_DB16), мастер-набор tashkent_gis_master","source_date":"2026-09-18"}},{"type":"Feature","geometry":{"type":"Polygon","coordinates":[[[69.33392,41.33164],[69.33416,41.33246],[69.33337,41.33292],[69.32572,41.3257],[69.33631,41.32713],[69.33554,41.33066],[69.33598,41.33089],[69.33591,41.33112],[69.33741,41.33131],[69.33747,41.3316],[69.33766,41.33164],[69.33742,41.33184],[69.33681,41.33192],[69.33605,41.33165],[69.33392,41.33164]]]},"properties":{"name":"Elobod","district":"Mirzo-Ulugbek","soato_district":"1726269","mahalla_code":"1726269049","cadastral_number":"1726269049","area_ha":34.78,"area_ha_utm":34.71,"lat":41.32884,"lng":69.33226,"source":"Кадастр агентлиги, геопортал open.ngis.uz (слой UZKAD/MAHALLA_UZKAD_DB16), мастер-набор tashkent_gis_master","source_date":"2026-09-18"}},{"type":"Feature","geometry":{"type":"Polygon","coordinates":[[[69.35612,41.31661],[69.35595,41.31673],[69.35427,41.31564],[69.34389,41.30984],[69.34088,41.3073],[69.34106,41.30718],[69.34101,41.30686],[69.34147,41.30661],[69.34298,41.30675],[69.34296,41.30629],[69.35179,41.30734],[69.35666,41.30841],[69.36322,41.31059],[69.3616,41.31171],[69.36179,41.31188],[69.36161,41.31201],[69.35873,41.31359],[69.35887,41.31417],[69.36,41.3152],[69.35934,41.31555],[69.35914,41.31597],[69.35846,41.31608],[69.35792,41.31642],[69.35742,41.31617],[69.35657,41.31623],[69.35612,41.31661]]]},"properties":{"name":"Ko'hna mevazor","district":"Mirzo-Ulugbek","soato_district":"1726269","mahalla_code":"1726269051","cadastral_number":"1726269051","area_ha":103.96,"area_ha_utm":104.63,"lat":41.31082,"lng":69.35258,"source":"Кадастр агентлиги, геопортал open.ngis.uz (слой UZKAD/MAHALLA_UZKAD_DB16), мастер-набор tashkent_gis_master","source_date":"2026-09-18"}},{"type":"Feature","geometry":{"type":"Polygon","coordinates":[[[69.36731,41.32047],[69.36453,41.32175],[69.3631,41.32004],[69.36193,41.32075],[69.35612,41.31661],[69.35657,41.31623],[69.35742,41.31617],[69.35792,41.31642],[69.35846,41.31608],[69.35914,41.31597],[69.35934,41.31555],[69.36,41.3152],[69.35887,41.31417],[69.35873,41.31359],[69.36161,41.31201],[69.36179,41.31188],[69.3616,41.31171],[69.36322,41.31059],[69.37044,41.31308],[69.36533,41.31609],[69.36495,41.31665],[69.36798,41.31876],[69.36656,41.31991],[69.36731,41.32047]]]},"properties":{"name":"Gulzor-1","district":"Mirzo-Ulugbek","soato_district":"1726269","mahalla_code":"1726269053","cadastral_number":"1726269053","area_ha":71,"area_ha_utm":71.1,"lat":41.31595,"lng":69.36333,"source":"Кадастр агентлиги, геопортал open.ngis.uz (слой UZKAD/MAHALLA_UZKAD_DB16), мастер-набор tashkent_gis_master","source_date":"2026-09-18"}},{"type":"Feature","geometry":{"type":"Polygon","coordinates":[[[69.30983,41.33942],[69.30936,41.33921],[69.30896,41.33953],[69.30819,41.33933],[69.30776,41.33943],[69.30408,41.33833],[69.30417,41.33816],[69.30295,41.33777],[69.3034,41.33647],[69.30466,41.33404],[69.30013,41.33324],[69.30022,41.33287],[69.30142,41.33214],[69.30146,41.33167],[69.30089,41.33154],[69.30069,41.33103],[69.30556,41.3301],[69.30571,41.33063],[69.31126,41.33164],[69.31384,41.3323],[69.31302,41.33325],[69.3117,41.33533],[69.31066,41.33835],[69.31,41.33949],[69.30983,41.33942]]]},"properties":{"name":"Oydin","district":"Mirzo-Ulugbek","soato_district":"1726269","mahalla_code":"1726269054","cadastral_number":"1726269054","area_ha":68.71,"area_ha_utm":69.02,"lat":41.33451,"lng":69.30716,"source":"Кадастр агентлиги, геопортал open.ngis.uz (слой UZKAD/MAHALLA_UZKAD_DB16), мастер-набор tashkent_gis_master","source_date":"2026-09-18"}},{"type":"Feature","geometry":{"type":"Polygon","coordinates":[[[69.32588,41.32479],[69.32572,41.3257],[69.32253,41.32522],[69.31919,41.32436],[69.31337,41.32234],[69.3123,41.31899],[69.31238,41.31879],[69.31671,41.31712],[69.32028,41.32052],[69.32172,41.31972],[69.3233,41.3192],[69.32421,41.32082],[69.32265,41.32168],[69.32437,41.32336],[69.32493,41.3231],[69.3263,41.32329],[69.32588,41.32479]]]},"properties":{"name":"Yangi Olmachi","district":"Mirzo-Ulugbek","soato_district":"1726269","mahalla_code":"1726269055","cadastral_number":"1726269055","area_ha":57.11,"area_ha_utm":57.01,"lat":41.3216,"lng":69.31895,"source":"Кадастр агентлиги, геопортал open.ngis.uz (слой UZKAD/MAHALLA_UZKAD_DB16), мастер-набор tashkent_gis_master","source_date":"2026-09-18"}},{"type":"Feature","geometry":{"type":"Polygon","coordinates":[[[69.34463,41.35065],[69.34488,41.35003],[69.34477,41.34962],[69.3486,41.34735],[69.35224,41.3508],[69.34739,41.35378],[69.34572,41.35225],[69.34573,41.3507],[69.34463,41.35065]]]},"properties":{"name":"Bogʻimaydon","district":"Mirzo-Ulugbek","soato_district":"1726269","mahalla_code":"1726269057","cadastral_number":"1726269057","area_ha":24.1,"area_ha_utm":24.11,"lat":41.35053,"lng":69.3482,"source":"Кадастр агентлиги, геопортал open.ngis.uz (слой UZKAD/MAHALLA_UZKAD_DB16), мастер-набор tashkent_gis_master","source_date":"2026-09-18"}},{"type":"Feature","geometry":{"type":"Polygon","coordinates":[[[69.33917,41.33843],[69.33596,41.34034],[69.33571,41.34021],[69.33346,41.33813],[69.3329,41.3379],[69.3333,41.3361],[69.333,41.33613],[69.33281,41.33577],[69.33176,41.33597],[69.33178,41.33543],[69.33032,41.33532],[69.33035,41.33491],[69.32668,41.33147],[69.32672,41.33103],[69.32958,41.32933],[69.33917,41.33843]]]},"properties":{"name":"Boʻz","district":"Mirzo-Ulugbek","soato_district":"1726269","mahalla_code":"1726269058","cadastral_number":"1726269058","area_ha":42.44,"area_ha_utm":42.42,"lat":41.33483,"lng":69.33284,"source":"Кадастр агентлиги, геопортал open.ngis.uz (слой UZKAD/MAHALLA_UZKAD_DB16), мастер-набор tashkent_gis_master","source_date":"2026-09-18"}},{"type":"Feature","geometry":{"type":"Polygon","coordinates":[[[69.35685,41.3557],[69.35757,41.35523],[69.36606,41.35466],[69.36626,41.35637],[69.36541,41.35752],[69.36356,41.35767],[69.36371,41.35945],[69.36256,41.35952],[69.36258,41.35976],[69.36219,41.35997],[69.3629,41.36066],[69.36189,41.36126],[69.35827,41.35682],[69.35685,41.3557]]]},"properties":{"name":"Kamolot","district":"Mirzo-Ulugbek","soato_district":"1726269","mahalla_code":"1726269059","cadastral_number":"1726269059","area_ha":29.34,"area_ha_utm":29.33,"lat":41.35704,"lng":69.36194,"source":"Кадастр агентлиги, геопортал open.ngis.uz (слой UZKAD/MAHALLA_UZKAD_DB16), мастер-набор tashkent_gis_master","source_date":"2026-09-18"}},{"type":"Feature","geometry":{"type":"Polygon","coordinates":[[[69.34489,41.35593],[69.34431,41.35592],[69.34414,41.35575],[69.35224,41.3508],[69.35426,41.35264],[69.35793,41.35042],[69.36032,41.35026],[69.36009,41.35001],[69.36151,41.3499],[69.36159,41.35044],[69.36263,41.35038],[69.36266,41.35062],[69.36226,41.35065],[69.36232,41.3515],[69.36207,41.3516],[69.36183,41.35204],[69.36183,41.35217],[69.36199,41.35217],[69.36202,41.35258],[69.36181,41.35259],[69.36184,41.35295],[69.36093,41.3531],[69.36207,41.35446],[69.36228,41.35492],[69.35757,41.35523],[69.35685,41.3557],[69.35562,41.35511],[69.35437,41.35473],[69.35177,41.35453],[69.35009,41.35477],[69.34678,41.35572],[69.34489,41.35593]]]},"properties":{"name":"Katta Yalongʻoch-ota","district":"Mirzo-Ulugbek","soato_district":"1726269","mahalla_code":"1726269060","cadastral_number":"1726269060","area_ha":51.12,"area_ha_utm":50.97,"lat":41.35319,"lng":69.35519,"source":"Кадастр агентлиги, геопортал open.ngis.uz (слой UZKAD/MAHALLA_UZKAD_DB16), мастер-набор tashkent_gis_master","source_date":"2026-09-18"}},{"type":"Feature","geometry":{"type":"Polygon","coordinates":[[[69.33359,41.35064],[69.33258,41.35098],[69.32548,41.35106],[69.32573,41.35024],[69.32547,41.34965],[69.32526,41.34822],[69.32462,41.34757],[69.3239,41.34752],[69.32911,41.34455],[69.33596,41.34034],[69.34187,41.34587],[69.33371,41.35075],[69.33359,41.35064]]]},"properties":{"name":"Navnihol","district":"Mirzo-Ulugbek","soato_district":"1726269","mahalla_code":"1726269061","cadastral_number":"1726269061","area_ha":96.66,"area_ha_utm":96.97,"lat":41.3465,"lng":69.33296,"source":"Кадастр агентлиги, геопортал open.ngis.uz (слой UZKAD/MAHALLA_UZKAD_DB16), мастер-набор tashkent_gis_master","source_date":"2026-09-18"}},{"type":"Feature","geometry":{"type":"Polygon","coordinates":[[[69.33596,41.34034],[69.32911,41.34455],[69.3239,41.34752],[69.32291,41.3475],[69.32211,41.34698],[69.32131,41.34536],[69.31917,41.34366],[69.31884,41.34316],[69.31885,41.34152],[69.31844,41.34094],[69.31705,41.34034],[69.31683,41.33943],[69.31606,41.33922],[69.31578,41.33895],[69.31552,41.33857],[69.31542,41.33738],[69.31575,41.33657],[69.31676,41.33599],[69.31682,41.3358],[69.33272,41.33787],[69.3334,41.33808],[69.33596,41.34034]]]},"properties":{"name":"Oliy Himmat","district":"Mirzo-Ulugbek","soato_district":"1726269","mahalla_code":"1726269063","cadastral_number":"1726269063","area_ha":126.33,"area_ha_utm":125.74,"lat":41.34086,"lng":69.32491,"source":"Кадастр агентлиги, геопортал open.ngis.uz (слой UZKAD/MAHALLA_UZKAD_DB16), мастер-набор tashkent_gis_master","source_date":"2026-09-18"}},{"type":"Feature","geometry":{"type":"Polygon","coordinates":[[[69.34334,41.34237],[69.34505,41.34399],[69.34187,41.34587],[69.33596,41.34034],[69.33917,41.33843],[69.34334,41.34237]]]},"properties":{"name":"Olimlar","district":"Mirzo-Ulugbek","soato_district":"1726269","mahalla_code":"1726269064","cadastral_number":"1726269064","area_ha":26.86,"area_ha_utm":26.74,"lat":41.34215,"lng":69.34052,"source":"Кадастр агентлиги, геопортал open.ngis.uz (слой UZKAD/MAHALLA_UZKAD_DB16), мастер-набор tashkent_gis_master","source_date":"2026-09-18"}},{"type":"Feature","geometry":{"type":"Polygon","coordinates":[[[69.32669,41.33118],[69.32668,41.33147],[69.33035,41.33491],[69.33032,41.33532],[69.33178,41.33543],[69.33176,41.33597],[69.33281,41.33577],[69.333,41.33613],[69.3333,41.3361],[69.3329,41.3379],[69.31682,41.3358],[69.3169,41.33445],[69.31632,41.33341],[69.31548,41.33291],[69.31384,41.3323],[69.31366,41.33189],[69.31475,41.32992],[69.31508,41.32838],[69.31496,41.32745],[69.31337,41.32234],[69.31562,41.32313],[69.31521,41.32367],[69.31522,41.32413],[69.31718,41.3249],[69.31704,41.32559],[69.32051,41.32628],[69.32181,41.32899],[69.32488,41.3293],[69.32464,41.33082],[69.32658,41.331],[69.32672,41.33103],[69.32669,41.33118]]]},"properties":{"name":"Sayram","district":"Mirzo-Ulugbek","soato_district":"1726269","mahalla_code":"1726269065","cadastral_number":"1726269065","area_ha":117.5,"area_ha_utm":117.08,"lat":41.33195,"lng":69.32154,"source":"Кадастр агентлиги, геопортал open.ngis.uz (слой UZKAD/MAHALLA_UZKAD_DB16), мастер-набор tashkent_gis_master","source_date":"2026-09-18"}},{"type":"Feature","geometry":{"type":"Polygon","coordinates":[[[69.37007,41.3546],[69.37,41.35501],[69.37067,41.35528],[69.37051,41.35582],[69.36966,41.35587],[69.36924,41.35678],[69.36984,41.35757],[69.37028,41.35783],[69.37007,41.35813],[69.37149,41.3585],[69.37183,41.3587],[69.37181,41.35919],[69.37221,41.35921],[69.37218,41.35997],[69.37244,41.36139],[69.36792,41.36199],[69.3671,41.35811],[69.36743,41.35766],[69.36852,41.35681],[69.36888,41.35627],[69.36895,41.35568],[69.36879,41.35448],[69.3701,41.35439],[69.37007,41.3546]]]},"properties":{"name":"Feruza","district":"Mirzo-Ulugbek","soato_district":"1726269","mahalla_code":"1726269066","cadastral_number":"1726269066","area_ha":20.09,"area_ha_utm":20.31,"lat":41.35913,"lng":69.36954,"source":"Кадастр агентлиги, геопортал open.ngis.uz (слой UZKAD/MAHALLA_UZKAD_DB16), мастер-набор tashkent_gis_master","source_date":"2026-09-18"}},{"type":"Feature","geometry":{"type":"Polygon","coordinates":[[[69.3486,41.34735],[69.34477,41.34962],[69.34393,41.34942],[69.34393,41.34887],[69.34372,41.34876],[69.34224,41.34917],[69.34181,41.34879],[69.34169,41.34799],[69.34039,41.34675],[69.34505,41.34399],[69.3486,41.34735]]]},"properties":{"name":"Xabib Abdullayev","district":"Mirzo-Ulugbek","soato_district":"1726269","mahalla_code":"1726269067","cadastral_number":"1726269067","area_ha":23.15,"area_ha_utm":22.97,"lat":41.34697,"lng":69.34448,"source":"Кадастр агентлиги, геопортал open.ngis.uz (слой UZKAD/MAHALLA_UZKAD_DB16), мастер-набор tashkent_gis_master","source_date":"2026-09-18"}},{"type":"Feature","geometry":{"type":"Polygon","coordinates":[[[69.36606,41.35466],[69.36228,41.35492],[69.36207,41.35446],[69.36093,41.3531],[69.36184,41.35295],[69.36181,41.35259],[69.36202,41.35258],[69.36199,41.35217],[69.36183,41.35217],[69.36183,41.35204],[69.36207,41.3516],[69.36232,41.3515],[69.36226,41.35065],[69.36266,41.35062],[69.36263,41.35038],[69.36159,41.35044],[69.36151,41.3499],[69.362,41.34979],[69.36293,41.34905],[69.36396,41.34955],[69.36445,41.34941],[69.36568,41.3495],[69.36722,41.35005],[69.36797,41.3494],[69.36868,41.34995],[69.36884,41.35167],[69.36924,41.35183],[69.36939,41.35152],[69.36991,41.3516],[69.36968,41.35202],[69.37015,41.35247],[69.3701,41.35261],[69.37158,41.35304],[69.37188,41.35297],[69.37308,41.35387],[69.37335,41.35434],[69.37155,41.35429],[69.36606,41.35466]]]},"properties":{"name":"Shalola","district":"Mirzo-Ulugbek","soato_district":"1726269","mahalla_code":"1726269068","cadastral_number":"1726269068","area_ha":39.71,"area_ha_utm":39.61,"lat":41.35237,"lng":69.36609,"source":"Кадастр агентлиги, геопортал open.ngis.uz (слой UZKAD/MAHALLA_UZKAD_DB16), мастер-набор tashkent_gis_master","source_date":"2026-09-18"}},{"type":"Feature","geometry":{"type":"Polygon","coordinates":[[[69.3447,41.34956],[69.34489,41.34992],[69.34463,41.35065],[69.34573,41.3507],[69.34572,41.35225],[69.34739,41.35378],[69.34414,41.35575],[69.34431,41.35592],[69.34176,41.3554],[69.33672,41.35308],[69.33541,41.35228],[69.33371,41.35075],[69.34039,41.34675],[69.34169,41.34799],[69.34181,41.34879],[69.34224,41.34917],[69.34372,41.34876],[69.34393,41.34887],[69.34393,41.34942],[69.3447,41.34956]]]},"properties":{"name":"Shaxriobod","district":"Mirzo-Ulugbek","soato_district":"1726269","mahalla_code":"1726269069","cadastral_number":"1726269069","area_ha":60.71,"area_ha_utm":61.09,"lat":41.35161,"lng":69.34084,"source":"Кадастр агентлиги, геопортал open.ngis.uz (слой UZKAD/MAHALLA_UZKAD_DB16), мастер-набор tashkent_gis_master","source_date":"2026-09-18"}},{"type":"Feature","geometry":{"type":"Polygon","coordinates":[[[69.36792,41.36199],[69.36419,41.36234],[69.36298,41.36202],[69.36189,41.36126],[69.3629,41.36066],[69.36219,41.35997],[69.36258,41.35976],[69.36256,41.35952],[69.36371,41.35945],[69.36356,41.35767],[69.36541,41.35752],[69.36621,41.35649],[69.36606,41.35466],[69.36879,41.35448],[69.36895,41.35568],[69.36888,41.35627],[69.36852,41.35681],[69.36743,41.35766],[69.36709,41.35817],[69.36792,41.36199]]]},"properties":{"name":"Yangi Kamolot","district":"Mirzo-Ulugbek","soato_district":"1726269","mahalla_code":"1726269070","cadastral_number":"1726269070","area_ha":26.63,"area_ha_utm":26.52,"lat":41.35899,"lng":69.36576,"source":"Кадастр агентлиги, геопортал open.ngis.uz (слой UZKAD/MAHALLA_UZKAD_DB16), мастер-набор tashkent_gis_master","source_date":"2026-09-18"}},{"type":"Feature","geometry":{"type":"Polygon","coordinates":[[[69.28545,41.27738],[69.28225,41.27914],[69.27885,41.27532],[69.27941,41.27503],[69.27847,41.27399],[69.27862,41.27386],[69.27794,41.27342],[69.27938,41.27196],[69.27762,41.27021],[69.28107,41.27122],[69.28278,41.27145],[69.28495,41.27118],[69.28699,41.27027],[69.28747,41.27075],[69.28936,41.27123],[69.29302,41.27409],[69.28775,41.27732],[69.28729,41.27689],[69.28607,41.27738],[69.28585,41.27716],[69.28545,41.27738]]]},"properties":{"name":"Banokatiy","district":"Mirabad","soato_district":"1726273","mahalla_code":"1726273001","cadastral_number":"1726273001","area_ha":72.48,"area_ha_utm":72.15,"lat":41.27423,"lng":69.28484,"source":"Кадастр агентлиги, геопортал open.ngis.uz (слой UZKAD/MAHALLA_UZKAD_DB16), мастер-набор tashkent_gis_master","source_date":"2026-09-18"}},{"type":"Feature","geometry":{"type":"Polygon","coordinates":[[[69.29722,41.27741],[69.29224,41.28106],[69.29146,41.28059],[69.28775,41.27732],[69.29302,41.27409],[69.29722,41.27741]]]},"properties":{"name":"Yangi Zamon","district":"Mirabad","soato_district":"1726273","mahalla_code":"1726273002","cadastral_number":"1726273002","area_ha":31.12,"area_ha_utm":31.05,"lat":41.27755,"lng":69.29252,"source":"Кадастр агентлиги, геопортал open.ngis.uz (слой UZKAD/MAHALLA_UZKAD_DB16), мастер-набор tashkent_gis_master","source_date":"2026-09-18"}},{"type":"Feature","geometry":{"type":"Polygon","coordinates":[[[69.30185,41.27235],[69.30027,41.27511],[69.29722,41.27741],[69.29302,41.27409],[69.29404,41.27333],[69.29462,41.2725],[69.29691,41.26708],[69.29725,41.26688],[69.29695,41.26659],[69.29697,41.26624],[69.2985,41.267],[69.29809,41.26767],[69.29824,41.26812],[69.29965,41.26887],[69.29978,41.27078],[69.30057,41.27125],[69.30115,41.27201],[69.30185,41.27235]]]},"properties":{"name":"A.Fitrat","district":"Mirabad","soato_district":"1726273","mahalla_code":"1726273003","cadastral_number":"1726273003","area_ha":44.23,"area_ha_utm":44.33,"lat":41.27249,"lng":69.29758,"source":"Кадастр агентлиги, геопортал open.ngis.uz (слой UZKAD/MAHALLA_UZKAD_DB16), мастер-набор tashkent_gis_master","source_date":"2026-09-18"}},{"type":"Feature","geometry":{"type":"Polygon","coordinates":[[[69.30599,41.28018],[69.30563,41.28013],[69.30346,41.28201],[69.29722,41.27741],[69.30027,41.27511],[69.30185,41.27235],[69.30262,41.2733],[69.3028,41.27392],[69.30349,41.27402],[69.30382,41.27448],[69.30472,41.27501],[69.30508,41.27554],[69.3061,41.27581],[69.30692,41.27636],[69.30696,41.27675],[69.30792,41.27773],[69.30619,41.27931],[69.30599,41.28018]]]},"properties":{"name":"Furqat","district":"Mirabad","soato_district":"1726273","mahalla_code":"1726273004","cadastral_number":"1726273004","area_ha":45.45,"area_ha_utm":45.32,"lat":41.2775,"lng":69.30275,"source":"Кадастр агентлиги, геопортал open.ngis.uz (слой UZKAD/MAHALLA_UZKAD_DB16), мастер-набор tashkent_gis_master","source_date":"2026-09-18"}},{"type":"Feature","geometry":{"type":"Polygon","coordinates":[[[69.29302,41.27409],[69.28936,41.27123],[69.28747,41.27075],[69.28699,41.27027],[69.29312,41.26534],[69.29519,41.26457],[69.29763,41.26443],[69.29746,41.26456],[69.29691,41.26643],[69.29725,41.26688],[69.29691,41.26708],[69.29462,41.2725],[69.29404,41.27333],[69.29302,41.27409]]]},"properties":{"name":"Sarikoʻl","district":"Mirabad","soato_district":"1726273","mahalla_code":"1726273005","cadastral_number":"1726273005","area_ha":47.33,"area_ha_utm":47.65,"lat":41.269,"lng":69.29293,"source":"Кадастр агентлиги, геопортал open.ngis.uz (слой UZKAD/MAHALLA_UZKAD_DB16), мастер-набор tashkent_gis_master","source_date":"2026-09-18"}},{"type":"Feature","geometry":{"type":"Polygon","coordinates":[[[69.30213,41.27267],[69.30185,41.27235],[69.30115,41.27201],[69.30057,41.27125],[69.29978,41.27078],[69.29974,41.26946],[69.31055,41.27299],[69.30792,41.27773],[69.30696,41.27675],[69.30692,41.27636],[69.3061,41.27581],[69.30508,41.27554],[69.30472,41.27501],[69.30382,41.27448],[69.30349,41.27402],[69.3028,41.27392],[69.30262,41.2733],[69.30213,41.27267]]]},"properties":{"name":"Oltinkoʻl","district":"Mirabad","soato_district":"1726273","mahalla_code":"1726273006","cadastral_number":"1726273006","area_ha":32.8,"area_ha_utm":32.95,"lat":41.27326,"lng":69.30552,"source":"Кадастр агентлиги, геопортал open.ngis.uz (слой UZKAD/MAHALLA_UZKAD_DB16), мастер-набор tashkent_gis_master","source_date":"2026-09-18"}},{"type":"Feature","geometry":{"type":"Polygon","coordinates":[[[69.2977,41.26449],[69.31263,41.26929],[69.31055,41.27299],[69.30927,41.27258],[69.29974,41.26946],[69.29961,41.26881],[69.29824,41.26812],[69.29809,41.26767],[69.2985,41.267],[69.29697,41.26624],[69.29746,41.26456],[69.2977,41.26449]]]},"properties":{"name":"Qorasuv","district":"Mirabad","soato_district":"1726273","mahalla_code":"1726273007","cadastral_number":"1726273007","area_ha":54.95,"area_ha_utm":55.44,"lat":41.26879,"lng":69.30478,"source":"Кадастр агентлиги, геопортал open.ngis.uz (слой UZKAD/MAHALLA_UZKAD_DB16), мастер-набор tashkent_gis_master","source_date":"2026-09-18"}},{"type":"Feature","geometry":{"type":"Polygon","coordinates":[[[69.28015,41.30991],[69.27951,41.30998],[69.27823,41.30413],[69.27839,41.30365],[69.27928,41.30284],[69.27641,41.30097],[69.27969,41.29817],[69.28764,41.3031],[69.28094,41.30979],[69.28072,41.30996],[69.28015,41.30991]]]},"properties":{"name":"Ming oʻrik","district":"Mirabad","soato_district":"1726273","mahalla_code":"1726273010","cadastral_number":"1726273010","area_ha":60.21,"area_ha_utm":60.18,"lat":41.30379,"lng":69.2816,"source":"Кадастр агентлиги, геопортал open.ngis.uz (слой UZKAD/MAHALLA_UZKAD_DB16), мастер-набор tashkent_gis_master","source_date":"2026-09-18"}},{"type":"Feature","geometry":{"type":"Polygon","coordinates":[[[69.27951,41.30998],[69.27053,41.31242],[69.26734,41.30495],[69.27593,41.30294],[69.27853,41.30351],[69.27825,41.30391],[69.27824,41.30424],[69.27951,41.30998]]]},"properties":{"name":"Sh.Rashidov","district":"Mirabad","soato_district":"1726273","mahalla_code":"1726273011","cadastral_number":"1726273011","area_ha":72.6,"area_ha_utm":72.64,"lat":41.30742,"lng":69.27369,"source":"Кадастр агентлиги, геопортал open.ngis.uz (слой UZKAD/MAHALLA_UZKAD_DB16), мастер-набор tashkent_gis_master","source_date":"2026-09-18"}},{"type":"Feature","geometry":{"type":"Polygon","coordinates":[[[69.27311,41.30359],[69.26734,41.30495],[69.2671,41.30423],[69.26815,41.3035],[69.27318,41.29884],[69.27928,41.30284],[69.27853,41.30351],[69.27593,41.30294],[69.27311,41.30359]]]},"properties":{"name":"Afrosiyob","district":"Mirabad","soato_district":"1726273","mahalla_code":"1726273012","cadastral_number":"1726273012","area_ha":28.5,"area_ha_utm":28.44,"lat":41.30215,"lng":69.27304,"source":"Кадастр агентлиги, геопортал open.ngis.uz (слой UZKAD/MAHALLA_UZKAD_DB16), мастер-набор tashkent_gis_master","source_date":"2026-09-18"}},{"type":"Feature","geometry":{"type":"Polygon","coordinates":[[[69.28253,41.29992],[69.27969,41.29817],[69.27641,41.30097],[69.27318,41.29884],[69.27967,41.29279],[69.28602,41.29678],[69.28253,41.29992]]]},"properties":{"name":"Oybek","district":"Mirabad","soato_district":"1726273","mahalla_code":"1726273013","cadastral_number":"1726273013","area_ha":46.59,"area_ha_utm":46.7,"lat":41.29706,"lng":69.27959,"source":"Кадастр агентлиги, геопортал open.ngis.uz (слой UZKAD/MAHALLA_UZKAD_DB16), мастер-набор tashkent_gis_master","source_date":"2026-09-18"}},{"type":"Feature","geometry":{"type":"Polygon","coordinates":[[[69.28803,41.3027],[69.28764,41.3031],[69.28253,41.29992],[69.28602,41.29678],[69.29078,41.29991],[69.28803,41.3027]]]},"properties":{"name":"Movarounnaxr","district":"Mirabad","soato_district":"1726273","mahalla_code":"1726273014","cadastral_number":"1726273014","area_ha":24.25,"area_ha_utm":24.25,"lat":41.29991,"lng":69.28672,"source":"Кадастр агентлиги, геопортал open.ngis.uz (слой UZKAD/MAHALLA_UZKAD_DB16), мастер-набор tashkent_gis_master","source_date":"2026-09-18"}},{"type":"Feature","geometry":{"type":"Polygon","coordinates":[[[69.29396,41.29662],[69.29279,41.29673],[69.29206,41.29715],[69.29175,41.29768],[69.29168,41.29909],[69.29077,41.29991],[69.28913,41.29874],[69.27708,41.29118],[69.28223,41.28907],[69.28455,41.29057],[69.28459,41.29108],[69.28769,41.29308],[69.28824,41.29261],[69.28936,41.29335],[69.28975,41.2939],[69.29396,41.29662]]]},"properties":{"name":"Salar","district":"Mirabad","soato_district":"1726273","mahalla_code":"1726273015","cadastral_number":"1726273015","area_ha":59.82,"area_ha_utm":59.4,"lat":41.29414,"lng":69.28575,"source":"Кадастр агентлиги, геопортал open.ngis.uz (слой UZKAD/MAHALLA_UZKAD_DB16), мастер-набор tashkent_gis_master","source_date":"2026-09-18"}},{"type":"Feature","geometry":{"type":"Polygon","coordinates":[[[69.27121,41.30066],[69.26815,41.3035],[69.2671,41.30423],[69.26653,41.30187],[69.26735,41.30078],[69.26797,41.29863],[69.26886,41.29882],[69.26892,41.29872],[69.26938,41.29892],[69.26878,41.29951],[69.27041,41.30048],[69.27076,41.30037],[69.27121,41.30066]]]},"properties":{"name":"At-Termiziy","district":"Mirabad","soato_district":"1726273","mahalla_code":"1726273016","cadastral_number":"1726273016","area_ha":11.32,"area_ha_utm":11.29,"lat":41.30134,"lng":69.26845,"source":"Кадастр агентлиги, геопортал open.ngis.uz (слой UZKAD/MAHALLA_UZKAD_DB16), мастер-набор tashkent_gis_master","source_date":"2026-09-18"}},{"type":"Feature","geometry":{"type":"Polygon","coordinates":[[[69.27319,41.29884],[69.26947,41.29641],[69.26875,41.29578],[69.26979,41.29438],[69.27174,41.2949],[69.27322,41.29497],[69.27529,41.29552],[69.27626,41.29598],[69.27319,41.29884]]]},"properties":{"name":"Lolazor","district":"Mirabad","soato_district":"1726273","mahalla_code":"1726273017","cadastral_number":"1726273017","area_ha":16.22,"area_ha_utm":16.26,"lat":41.29635,"lng":69.2724,"source":"Кадастр агентлиги, геопортал open.ngis.uz (слой UZKAD/MAHALLA_UZKAD_DB16), мастер-набор tashkent_gis_master","source_date":"2026-09-18"}},{"type":"Feature","geometry":{"type":"Polygon","coordinates":[[[69.27318,41.29884],[69.27121,41.30066],[69.27076,41.30037],[69.27041,41.30048],[69.26878,41.29951],[69.26938,41.29892],[69.26892,41.29872],[69.26886,41.29882],[69.26797,41.29863],[69.26875,41.29578],[69.26947,41.29641],[69.27318,41.29884]]]},"properties":{"name":"Farovon","district":"Mirabad","soato_district":"1726273","mahalla_code":"1726273018","cadastral_number":"1726273018","area_ha":11.54,"area_ha_utm":11.45,"lat":41.29849,"lng":69.27031,"source":"Кадастр агентлиги, геопортал open.ngis.uz (слой UZKAD/MAHALLA_UZKAD_DB16), мастер-набор tashkent_gis_master","source_date":"2026-09-18"}},{"type":"Feature","geometry":{"type":"Polygon","coordinates":[[[69.27967,41.29279],[69.27626,41.29598],[69.27529,41.29552],[69.27322,41.29497],[69.27174,41.2949],[69.26979,41.29438],[69.27475,41.28952],[69.27967,41.29279]]]},"properties":{"name":"A.Avloniy","district":"Mirabad","soato_district":"1726273","mahalla_code":"1726273019","cadastral_number":"1726273019","area_ha":30.13,"area_ha_utm":30.07,"lat":41.29304,"lng":69.2749,"source":"Кадастр агентлиги, геопортал open.ngis.uz (слой UZKAD/MAHALLA_UZKAD_DB16), мастер-набор tashkent_gis_master","source_date":"2026-09-18"}},{"type":"Feature","geometry":{"type":"Polygon","coordinates":[[[69.27475,41.28952],[69.27148,41.29265],[69.27002,41.29176],[69.27002,41.29147],[69.26914,41.29065],[69.26915,41.28949],[69.26765,41.28866],[69.2664,41.28754],[69.26575,41.28738],[69.2664,41.28553],[69.26521,41.28521],[69.26592,41.28439],[69.27105,41.28677],[69.27475,41.28952]]]},"properties":{"name":"Mirobod","district":"Mirabad","soato_district":"1726273","mahalla_code":"1726273020","cadastral_number":"1726273020","area_ha":30.06,"area_ha_utm":30.08,"lat":41.28853,"lng":69.27005,"source":"Кадастр агентлиги, геопортал open.ngis.uz (слой UZKAD/MAHALLA_UZKAD_DB16), мастер-набор tashkent_gis_master","source_date":"2026-09-18"}},{"type":"Feature","geometry":{"type":"Polygon","coordinates":[[[69.2818,41.28926],[69.27708,41.29118],[69.27105,41.28677],[69.2722,41.28536],[69.27307,41.28582],[69.27333,41.28545],[69.27352,41.28549],[69.27373,41.28524],[69.27439,41.28557],[69.27427,41.28574],[69.27468,41.28592],[69.27448,41.28611],[69.27557,41.28649],[69.27606,41.28586],[69.27685,41.28606],[69.27758,41.28658],[69.27743,41.28675],[69.28021,41.28795],[69.28037,41.28786],[69.2818,41.28926]]]},"properties":{"name":"Yangi Mirobod","district":"Mirabad","soato_district":"1726273","mahalla_code":"1726273021","cadastral_number":"1726273021","area_ha":28.52,"area_ha_utm":28.73,"lat":41.28816,"lng":69.27634,"source":"Кадастр агентлиги, геопортал open.ngis.uz (слой UZKAD/MAHALLA_UZKAD_DB16), мастер-набор tashkent_gis_master","source_date":"2026-09-18"}},{"type":"Feature","geometry":{"type":"Polygon","coordinates":[[[69.27794,41.27342],[69.27502,41.27578],[69.27111,41.2735],[69.27438,41.26955],[69.27762,41.27021],[69.27938,41.27196],[69.27794,41.27342]]]},"properties":{"name":"Birodarlik","district":"Mirabad","soato_district":"1726273","mahalla_code":"1726273025","cadastral_number":"1726273025","area_ha":26.93,"area_ha_utm":26.83,"lat":41.27249,"lng":69.27528,"source":"Кадастр агентлиги, геопортал open.ngis.uz (слой UZKAD/MAHALLA_UZKAD_DB16), мастер-набор tashkent_gis_master","source_date":"2026-09-18"}},{"type":"Feature","geometry":{"type":"Polygon","coordinates":[[[69.28387,41.28794],[69.2827,41.28803],[69.28304,41.28714],[69.28373,41.28421],[69.28581,41.2809],[69.28581,41.28073],[69.28528,41.28033],[69.28569,41.27865],[69.28775,41.27732],[69.29208,41.28102],[69.28866,41.2866],[69.28676,41.28759],[69.28387,41.28794]]]},"properties":{"name":"Istiqlolobod","district":"Mirabad","soato_district":"1726273","mahalla_code":"1726273027","cadastral_number":"1726273027","area_ha":50.91,"area_ha_utm":51.33,"lat":41.28301,"lng":69.28729,"source":"Кадастр агентлиги, геопортал open.ngis.uz (слой UZKAD/MAHALLA_UZKAD_DB16), мастер-набор tashkent_gis_master","source_date":"2026-09-18"}},{"type":"Feature","geometry":{"type":"Polygon","coordinates":[[[69.31695,41.24973],[69.31633,41.24953],[69.31623,41.24965],[69.31516,41.24927],[69.31315,41.24915],[69.31137,41.24811],[69.31003,41.24824],[69.31007,41.24414],[69.31191,41.24408],[69.31308,41.24383],[69.31346,41.24458],[69.31715,41.24547],[69.31601,41.24785],[69.31697,41.24811],[69.31666,41.24864],[69.31769,41.24927],[69.31695,41.24973]]]},"properties":{"name":"Chinor","district":"Mirabad","soato_district":"1726273","mahalla_code":"1726273030","cadastral_number":"1726273030","area_ha":27.59,"area_ha_utm":27.72,"lat":41.24674,"lng":69.31345,"source":"Кадастр агентлиги, геопортал open.ngis.uz (слой UZKAD/MAHALLA_UZKAD_DB16), мастер-набор tashkent_gis_master","source_date":"2026-09-18"}},{"type":"Feature","geometry":{"type":"Polygon","coordinates":[[[69.31003,41.24824],[69.30691,41.24862],[69.30574,41.24896],[69.30179,41.24957],[69.30177,41.24721],[69.30297,41.24695],[69.30418,41.24694],[69.30435,41.24725],[69.30647,41.24724],[69.30674,41.24691],[69.31002,41.24701],[69.31003,41.24824]]]},"properties":{"name":"Tolariq","district":"Mirabad","soato_district":"1726273","mahalla_code":"1726273031","cadastral_number":"1726273031","area_ha":14.03,"area_ha_utm":14.16,"lat":41.24801,"lng":69.30546,"source":"Кадастр агентлиги, геопортал open.ngis.uz (слой UZKAD/MAHALLA_UZKAD_DB16), мастер-набор tashkent_gis_master","source_date":"2026-09-18"}},{"type":"Feature","geometry":{"type":"Polygon","coordinates":[[[69.30869,41.25232],[69.30869,41.2525],[69.30182,41.25252],[69.30179,41.24957],[69.30574,41.24896],[69.30691,41.24862],[69.30816,41.24854],[69.30821,41.24966],[69.30799,41.24966],[69.30804,41.25101],[69.30865,41.25101],[69.30869,41.25232]]]},"properties":{"name":"Ziyonur","district":"Mirabad","soato_district":"1726273","mahalla_code":"1726273032","cadastral_number":"1726273032","area_ha":21.07,"area_ha_utm":21.07,"lat":41.2508,"lng":69.30524,"source":"Кадастр агентлиги, геопортал open.ngis.uz (слой UZKAD/MAHALLA_UZKAD_DB16), мастер-набор tashkent_gis_master","source_date":"2026-09-18"}},{"type":"Feature","geometry":{"type":"Polygon","coordinates":[[[69.31008,41.25258],[69.30869,41.2525],[69.30865,41.25101],[69.30804,41.25101],[69.30799,41.24966],[69.30821,41.24966],[69.30816,41.24854],[69.31137,41.24811],[69.31301,41.2491],[69.31358,41.24921],[69.31359,41.25157],[69.31327,41.25235],[69.31051,41.25243],[69.31008,41.25258]]]},"properties":{"name":"Yuksalish","district":"Mirabad","soato_district":"1726273","mahalla_code":"1726273033","cadastral_number":"1726273033","area_ha":19.27,"area_ha_utm":19.49,"lat":41.25039,"lng":69.31083,"source":"Кадастр агентлиги, геопортал open.ngis.uz (слой UZKAD/MAHALLA_UZKAD_DB16), мастер-набор tashkent_gis_master","source_date":"2026-09-18"}},{"type":"Feature","geometry":{"type":"Polygon","coordinates":[[[69.32034,41.2558],[69.31008,41.25258],[69.31051,41.25243],[69.31322,41.25239],[69.31359,41.25157],[69.31358,41.24921],[69.31565,41.2494],[69.31623,41.24965],[69.31634,41.24993],[69.31764,41.25071],[69.31903,41.252],[69.31985,41.25231],[69.32167,41.25355],[69.32034,41.2558]]]},"properties":{"name":"Bilimdon","district":"Mirabad","soato_district":"1726273","mahalla_code":"1726273034","cadastral_number":"1726273034","area_ha":30.91,"area_ha_utm":30.63,"lat":41.25262,"lng":69.31667,"source":"Кадастр агентлиги, геопортал open.ngis.uz (слой UZKAD/MAHALLA_UZKAD_DB16), мастер-набор tashkent_gis_master","source_date":"2026-09-18"}},{"type":"Feature","geometry":{"type":"Polygon","coordinates":[[[69.31636,41.24708],[69.31715,41.24547],[69.32497,41.24754],[69.32167,41.25355],[69.31985,41.25231],[69.31903,41.252],[69.31764,41.25071],[69.31631,41.2499],[69.31633,41.24953],[69.31695,41.24973],[69.31769,41.24927],[69.31666,41.24864],[69.31697,41.24811],[69.31601,41.24785],[69.31636,41.24708]]]},"properties":{"name":"Parvona","district":"Mirabad","soato_district":"1726273","mahalla_code":"1726273035","cadastral_number":"1726273035","area_ha":37.65,"area_ha_utm":37.58,"lat":41.24908,"lng":69.32029,"source":"Кадастр агентлиги, геопортал open.ngis.uz (слой UZKAD/MAHALLA_UZKAD_DB16), мастер-набор tashkent_gis_master","source_date":"2026-09-18"}},{"type":"Feature","geometry":{"type":"Polygon","coordinates":[[[69.31935,41.24444],[69.32031,41.24296],[69.32356,41.2443],[69.32383,41.2441],[69.32416,41.24421],[69.32323,41.24549],[69.3219,41.24498],[69.31924,41.2446],[69.31935,41.24444]]]},"properties":{"name":"Bayot","district":"Mirabad","soato_district":"1726273","mahalla_code":"1726273036","cadastral_number":"1726273036","area_ha":5.46,"area_ha_utm":5.38,"lat":41.24429,"lng":69.32161,"source":"Кадастр агентлиги, геопортал open.ngis.uz (слой UZKAD/MAHALLA_UZKAD_DB16), мастер-набор tashkent_gis_master","source_date":"2026-09-18"}},{"type":"Feature","geometry":{"type":"Polygon","coordinates":[[[69.30647,41.24724],[69.30435,41.24725],[69.30418,41.24694],[69.30297,41.24695],[69.30177,41.24721],[69.30174,41.24416],[69.31007,41.24414],[69.31002,41.24701],[69.30674,41.24691],[69.30647,41.24724]]]},"properties":{"name":"Yangi Qoʻyliq","district":"Mirabad","soato_district":"1726273","mahalla_code":"1726273038","cadastral_number":"1726273038","area_ha":22.42,"area_ha_utm":22.24,"lat":41.2456,"lng":69.30586,"source":"Кадастр агентлиги, геопортал open.ngis.uz (слой UZKAD/MAHALLA_UZKAD_DB16), мастер-набор tashkent_gis_master","source_date":"2026-09-18"}},{"type":"Feature","geometry":{"type":"Polygon","coordinates":[[[69.31769,41.2419],[69.31655,41.24189],[69.31925,41.2395],[69.32192,41.23751],[69.32396,41.23784],[69.32517,41.23912],[69.32893,41.24089],[69.32826,41.24177],[69.32597,41.24119],[69.32581,41.24086],[69.32532,41.24095],[69.32398,41.24081],[69.32193,41.24141],[69.32059,41.2415],[69.31914,41.24183],[69.31769,41.2419]]]},"properties":{"name":"Qoʻyliq ota","district":"Mirabad","soato_district":"1726273","mahalla_code":"1726273039","cadastral_number":"1726273039","area_ha":24.44,"area_ha_utm":24.68,"lat":41.24001,"lng":69.32255,"source":"Кадастр агентлиги, геопортал open.ngis.uz (слой UZKAD/MAHALLA_UZKAD_DB16), мастер-набор tashkent_gis_master","source_date":"2026-09-18"}},{"type":"Feature","geometry":{"type":"Polygon","coordinates":[[[69.17838,41.34807],[69.17855,41.34928],[69.17323,41.3483],[69.16515,41.34836],[69.16468,41.34584],[69.1644,41.34316],[69.16716,41.34305],[69.17332,41.34317],[69.17692,41.34374],[69.17735,41.34221],[69.17838,41.34807]]]},"properties":{"name":"Bel-tepa","district":"Shaykhantakhur","soato_district":"1726277","mahalla_code":"1726277001","cadastral_number":"1726277001","area_ha":65.49,"area_ha_utm":65.24,"lat":41.34586,"lng":69.17147,"source":"Кадастр агентлиги, геопортал open.ngis.uz (слой UZKAD/MAHALLA_UZKAD_DB16), мастер-набор tashkent_gis_master","source_date":"2026-09-18"}},{"type":"Feature","geometry":{"type":"Polygon","coordinates":[[[69.17848,41.33592],[69.18135,41.33609],[69.18146,41.33673],[69.18199,41.33696],[69.18252,41.33697],[69.18249,41.33746],[69.18005,41.33751],[69.18009,41.33888],[69.18182,41.33896],[69.18189,41.34025],[69.1825,41.34025],[69.18252,41.34061],[69.18313,41.34062],[69.18321,41.3415],[69.17778,41.34069],[69.17735,41.34221],[69.17697,41.3414],[69.17553,41.33998],[69.1752,41.33893],[69.17821,41.33884],[69.17848,41.33592]]]},"properties":{"name":"Katta Jarariq","district":"Shaykhantakhur","soato_district":"1726277","mahalla_code":"1726277005","cadastral_number":"1726277005","area_ha":20.82,"area_ha_utm":20.91,"lat":41.3391,"lng":69.17933,"source":"Кадастр агентлиги, геопортал open.ngis.uz (слой UZKAD/MAHALLA_UZKAD_DB16), мастер-набор tashkent_gis_master","source_date":"2026-09-18"}},{"type":"Feature","geometry":{"type":"Polygon","coordinates":[[[69.19807,41.34805],[69.1942,41.34874],[69.19281,41.34583],[69.18968,41.34153],[69.19049,41.33754],[69.19153,41.33736],[69.19265,41.33753],[69.19256,41.33808],[69.19543,41.34148],[69.19869,41.34043],[69.19945,41.34361],[69.20532,41.34177],[69.20692,41.34468],[69.20682,41.34519],[69.20008,41.34729],[69.19807,41.34805]]]},"properties":{"name":"Boʻston","district":"Shaykhantakhur","soato_district":"1726277","mahalla_code":"1726277006","cadastral_number":"1726277006","area_ha":86.29,"area_ha_utm":86.18,"lat":41.34374,"lng":69.19706,"source":"Кадастр агентлиги, геопортал open.ngis.uz (слой UZKAD/MAHALLA_UZKAD_DB16), мастер-набор tashkent_gis_master","source_date":"2026-09-18"}},{"type":"Feature","geometry":{"type":"Polygon","coordinates":[[[69.1709,41.33363],[69.1715,41.33382],[69.17149,41.33455],[69.17161,41.33467],[69.17273,41.33471],[69.17306,41.335],[69.17489,41.33501],[69.17495,41.33576],[69.16902,41.33592],[69.16684,41.33653],[69.16387,41.33666],[69.16363,41.33564],[69.16272,41.3335],[69.16065,41.3301],[69.15984,41.32833],[69.16056,41.32819],[69.16098,41.3287],[69.16245,41.32971],[69.16301,41.33042],[69.16453,41.33133],[69.16576,41.33133],[69.1668,41.33097],[69.16759,41.33106],[69.16914,41.33064],[69.16967,41.33204],[69.1699,41.33198],[69.16994,41.33362],[69.1709,41.33363]]]},"properties":{"name":"Ibn Sino","district":"Shaykhantakhur","soato_district":"1726277","mahalla_code":"1726277008","cadastral_number":"1726277008","area_ha":45.95,"area_ha_utm":45.74,"lat":41.33341,"lng":69.1665,"source":"Кадастр агентлиги, геопортал open.ngis.uz (слой UZKAD/MAHALLA_UZKAD_DB16), мастер-набор tashkent_gis_master","source_date":"2026-09-18"}},{"type":"Feature","geometry":{"type":"Polygon","coordinates":[[[69.19361,41.32656],[69.19419,41.3265],[69.19713,41.32941],[69.19603,41.33008],[69.19535,41.33206],[69.19443,41.33341],[69.19275,41.33421],[69.1913,41.33459],[69.18774,41.33465],[69.18782,41.33483],[69.18506,41.33656],[69.18447,41.33635],[69.18309,41.33624],[69.18293,41.33038],[69.18246,41.33042],[69.18243,41.33027],[69.18216,41.3303],[69.18218,41.33041],[69.17962,41.33045],[69.1789,41.33039],[69.17887,41.33023],[69.17588,41.33045],[69.17435,41.33031],[69.17422,41.33015],[69.1731,41.3304],[69.16916,41.33064],[69.16759,41.33106],[69.16767,41.3303],[69.16736,41.32977],[69.16732,41.32923],[69.16804,41.32921],[69.16802,41.32812],[69.16964,41.32819],[69.19361,41.32656]]]},"properties":{"name":"Ipakchi","district":"Shaykhantakhur","soato_district":"1726277","mahalla_code":"1726277009","cadastral_number":"1726277009","area_ha":131.98,"area_ha_utm":131.91,"lat":41.3304,"lng":69.18517,"source":"Кадастр агентлиги, геопортал open.ngis.uz (слой UZKAD/MAHALLA_UZKAD_DB16), мастер-набор tashkent_gis_master","source_date":"2026-09-18"}},{"type":"Feature","geometry":{"type":"Polygon","coordinates":[[[69.19707,41.32944],[69.20717,41.33907],[69.20491,41.34041],[69.20413,41.34023],[69.20326,41.34029],[69.20047,41.33972],[69.20052,41.33957],[69.1999,41.33943],[69.19904,41.33859],[69.19875,41.33875],[69.19693,41.3386],[69.19532,41.33868],[69.19345,41.33803],[69.19348,41.33762],[69.19153,41.33736],[69.19049,41.33754],[69.1903,41.33849],[69.18843,41.33835],[69.1875,41.33894],[69.18451,41.33871],[69.18483,41.33648],[69.18506,41.33656],[69.18634,41.33577],[69.18782,41.33483],[69.18774,41.33465],[69.1913,41.33459],[69.19275,41.33421],[69.19431,41.33352],[69.19535,41.33206],[69.19603,41.33008],[69.19707,41.32944]]]},"properties":{"name":"Zafarobod","district":"Shaykhantakhur","soato_district":"1726277","mahalla_code":"1726277012","cadastral_number":"1726277012","area_ha":99.67,"area_ha_utm":99.97,"lat":41.33604,"lng":69.1965,"source":"Кадастр агентлиги, геопортал open.ngis.uz (слой UZKAD/MAHALLA_UZKAD_DB16), мастер-набор tashkent_gis_master","source_date":"2026-09-18"}},{"type":"Feature","geometry":{"type":"Polygon","coordinates":[[[69.23173,41.32516],[69.23646,41.32245],[69.24273,41.32201],[69.24242,41.32224],[69.24251,41.32245],[69.24213,41.32441],[69.23952,41.32848],[69.23864,41.32897],[69.23637,41.32927],[69.23569,41.32909],[69.23173,41.32516]]]},"properties":{"name":"Gulbozor","district":"Shaykhantakhur","soato_district":"1726277","mahalla_code":"1726277016","cadastral_number":"1726277016","area_ha":45.96,"area_ha_utm":46.1,"lat":41.32541,"lng":69.23753,"source":"Кадастр агентлиги, геопортал open.ngis.uz (слой UZKAD/MAHALLA_UZKAD_DB16), мастер-набор tashkent_gis_master","source_date":"2026-09-18"}},{"type":"Feature","geometry":{"type":"Polygon","coordinates":[[[69.25571,41.32962],[69.25548,41.32991],[69.25131,41.33217],[69.24791,41.32872],[69.25505,41.32484],[69.25571,41.32962]]]},"properties":{"name":"Jangox","district":"Shaykhantakhur","soato_district":"1726277","mahalla_code":"1726277017","cadastral_number":"1726277017","area_ha":28.46,"area_ha_utm":28.74,"lat":41.32871,"lng":69.2524,"source":"Кадастр агентлиги, геопортал open.ngis.uz (слой UZKAD/MAHALLA_UZKAD_DB16), мастер-набор tashkent_gis_master","source_date":"2026-09-18"}},{"type":"Feature","geometry":{"type":"Polygon","coordinates":[[[69.25548,41.32991],[69.25569,41.32965],[69.26333,41.33001],[69.26324,41.33044],[69.26374,41.3339],[69.26399,41.33435],[69.26548,41.33589],[69.26499,41.33586],[69.26412,41.33545],[69.26319,41.33547],[69.26183,41.33592],[69.25762,41.33815],[69.25685,41.33787],[69.25131,41.33217],[69.25548,41.32991]]]},"properties":{"name":"Kox ota","district":"Shaykhantakhur","soato_district":"1726277","mahalla_code":"1726277020","cadastral_number":"1726277020","area_ha":66.47,"area_ha_utm":66.29,"lat":41.33334,"lng":69.25838,"source":"Кадастр агентлиги, геопортал open.ngis.uz (слой UZKAD/MAHALLA_UZKAD_DB16), мастер-набор tashkent_gis_master","source_date":"2026-09-18"}},{"type":"Feature","geometry":{"type":"Polygon","coordinates":[[[69.19721,41.32949],[69.1939,41.32624],[69.1932,41.32537],[69.19307,41.3249],[69.19314,41.32241],[69.19952,41.32231],[69.20067,41.32153],[69.20435,41.32224],[69.20868,41.32223],[69.20871,41.32356],[69.20943,41.32356],[69.20946,41.32374],[69.20973,41.32376],[69.21072,41.32362],[69.2117,41.32513],[69.20972,41.32524],[69.21066,41.32615],[69.21025,41.32637],[69.21049,41.32663],[69.20983,41.32698],[69.20973,41.32688],[69.20792,41.32811],[69.2074,41.32801],[69.208,41.32765],[69.20768,41.32734],[69.20749,41.32745],[69.20717,41.32714],[69.20673,41.32741],[69.20645,41.32714],[69.20503,41.32796],[69.20414,41.32707],[69.20183,41.32842],[69.20038,41.32863],[69.20019,41.32874],[69.20046,41.32902],[69.20029,41.32912],[69.2,41.32885],[69.19928,41.32924],[69.19948,41.32958],[69.19913,41.32979],[69.19845,41.32904],[69.19797,41.32931],[69.19784,41.32921],[69.19737,41.32963],[69.19721,41.32949]]]},"properties":{"name":"Koʻkcha","district":"Shaykhantakhur","soato_district":"1726277","mahalla_code":"1726277027","cadastral_number":"1726277027","area_ha":90.66,"area_ha_utm":90.26,"lat":41.32518,"lng":69.20154,"source":"Кадастр агентлиги, геопортал open.ngis.uz (слой UZKAD/MAHALLA_UZKAD_DB16), мастер-набор tashkent_gis_master","source_date":"2026-09-18"}},{"type":"Feature","geometry":{"type":"Polygon","coordinates":[[[69.22417,41.31963],[69.22503,41.32053],[69.22257,41.32179],[69.22073,41.32212],[69.21501,41.32215],[69.21511,41.32148],[69.21576,41.31982],[69.21663,41.31922],[69.21735,41.3182],[69.21642,41.31784],[69.21649,41.31769],[69.21611,41.31758],[69.21632,41.31715],[69.21592,41.31701],[69.21603,41.3167],[69.21589,41.31667],[69.21667,41.31518],[69.21742,41.31533],[69.21832,41.31648],[69.22066,41.31789],[69.22261,41.31871],[69.22417,41.31963]]]},"properties":{"name":"Katta xovuz","district":"Shaykhantakhur","soato_district":"1726277","mahalla_code":"1726277029","cadastral_number":"1726277029","area_ha":35,"area_ha_utm":35.17,"lat":41.31963,"lng":69.21935,"source":"Кадастр агентлиги, геопортал open.ngis.uz (слой UZKAD/MAHALLA_UZKAD_DB16), мастер-набор tashkent_gis_master","source_date":"2026-09-18"}},{"type":"Feature","geometry":{"type":"Polygon","coordinates":[[[69.22243,41.33043],[69.21832,41.33275],[69.21391,41.32841],[69.21817,41.32592],[69.2194,41.32668],[69.22084,41.32706],[69.22124,41.32764],[69.22197,41.32824],[69.22209,41.32869],[69.22163,41.32951],[69.22243,41.33043]]]},"properties":{"name":"Bogʻ koʻcha","district":"Shaykhantakhur","soato_district":"1726277","mahalla_code":"1726277031","cadastral_number":"1726277031","area_ha":30.3,"area_ha_utm":30.21,"lat":41.32919,"lng":69.21846,"source":"Кадастр агентлиги, геопортал open.ngis.uz (слой UZKAD/MAHALLA_UZKAD_DB16), мастер-набор tashkent_gis_master","source_date":"2026-09-18"}},{"type":"Feature","geometry":{"type":"Polygon","coordinates":[[[69.21832,41.33275],[69.2106,41.33713],[69.20514,41.3318],[69.20992,41.32915],[69.21041,41.32963],[69.21097,41.32949],[69.21107,41.32919],[69.21225,41.32914],[69.21222,41.32874],[69.21244,41.32867],[69.21457,41.32906],[69.21832,41.33275]]]},"properties":{"name":"Ilgʻor","district":"Shaykhantakhur","soato_district":"1726277","mahalla_code":"1726277034","cadastral_number":"1726277034","area_ha":56.82,"area_ha_utm":56.93,"lat":41.33251,"lng":69.21171,"source":"Кадастр агентлиги, геопортал open.ngis.uz (слой UZKAD/MAHALLA_UZKAD_DB16), мастер-набор tashkent_gis_master","source_date":"2026-09-18"}},{"type":"Feature","geometry":{"type":"Polygon","coordinates":[[[69.20114,41.33324],[69.19737,41.32963],[69.19775,41.32941],[69.19768,41.3293],[69.19797,41.32931],[69.19845,41.32904],[69.19913,41.32979],[69.19948,41.32958],[69.19928,41.32924],[69.2,41.32885],[69.20029,41.32912],[69.20046,41.32902],[69.20019,41.32874],[69.20038,41.32863],[69.20183,41.32842],[69.20414,41.32707],[69.20503,41.32796],[69.20645,41.32714],[69.20673,41.32741],[69.20717,41.32714],[69.20749,41.32745],[69.20768,41.32734],[69.208,41.32765],[69.2074,41.32801],[69.20792,41.32811],[69.20973,41.32688],[69.20983,41.32698],[69.21049,41.32663],[69.21086,41.32699],[69.21128,41.32693],[69.21129,41.32718],[69.21159,41.32719],[69.21145,41.32764],[69.21177,41.3277],[69.21179,41.32848],[69.21197,41.32848],[69.21206,41.32807],[69.21293,41.32809],[69.21304,41.32822],[69.21222,41.32874],[69.21225,41.32914],[69.21107,41.32919],[69.21097,41.32949],[69.21041,41.32963],[69.20992,41.32915],[69.20514,41.3318],[69.205,41.33166],[69.20461,41.33188],[69.20429,41.33156],[69.20363,41.33214],[69.20187,41.33313],[69.2016,41.33285],[69.20114,41.33324]]]},"properties":{"name":"Jarariq","district":"Shaykhantakhur","soato_district":"1726277","mahalla_code":"1726277035","cadastral_number":"1726277035","area_ha":43.24,"area_ha_utm":43.14,"lat":41.32965,"lng":69.20462,"source":"Кадастр агентлиги, геопортал open.ngis.uz (слой UZKAD/MAHALLA_UZKAD_DB16), мастер-набор tashkent_gis_master","source_date":"2026-09-18"}},{"type":"Feature","geometry":{"type":"Polygon","coordinates":[[[69.23503,41.3093],[69.23528,41.30952],[69.23594,41.30966],[69.23589,41.30988],[69.23531,41.30978],[69.23527,41.31],[69.23456,41.31034],[69.23392,41.31136],[69.23324,41.31123],[69.23329,41.31104],[69.23221,41.31088],[69.23186,41.3104],[69.23168,41.31042],[69.23165,41.31058],[69.23129,41.31056],[69.23134,41.31038],[69.23106,41.31024],[69.23119,41.30968],[69.23067,41.3096],[69.23078,41.30909],[69.2304,41.30908],[69.23041,41.30823],[69.23086,41.30817],[69.23095,41.30617],[69.23529,41.30625],[69.23665,41.30581],[69.23876,41.3085],[69.2378,41.3089],[69.23721,41.30893],[69.23698,41.30864],[69.23585,41.30877],[69.23503,41.3093]]]},"properties":{"name":"Kamolon","district":"Shaykhantakhur","soato_district":"1726277","mahalla_code":"1726277038","cadastral_number":"1726277038","area_ha":25.54,"area_ha_utm":25.62,"lat":41.30825,"lng":69.23399,"source":"Кадастр агентлиги, геопортал open.ngis.uz (слой UZKAD/MAHALLA_UZKAD_DB16), мастер-набор tashkent_gis_master","source_date":"2026-09-18"}},{"type":"Feature","geometry":{"type":"Polygon","coordinates":[[[69.23097,41.31327],[69.23077,41.31342],[69.23014,41.31322],[69.22974,41.31377],[69.22812,41.31318],[69.22811,41.31295],[69.22765,41.3129],[69.22781,41.31256],[69.22769,41.31251],[69.22812,41.31218],[69.2277,41.31191],[69.22779,41.31158],[69.22721,41.31133],[69.2273,41.31106],[69.22601,41.31102],[69.22609,41.30827],[69.2298,41.3062],[69.23095,41.30617],[69.23086,41.30817],[69.23041,41.30823],[69.2304,41.30908],[69.23078,41.30909],[69.23067,41.3096],[69.23119,41.30968],[69.23106,41.31024],[69.23134,41.31038],[69.23129,41.31056],[69.23165,41.31058],[69.23168,41.31042],[69.23186,41.3104],[69.23221,41.31088],[69.23329,41.31104],[69.2332,41.31154],[69.23256,41.31153],[69.23217,41.3123],[69.23176,41.31229],[69.23172,41.31175],[69.23123,41.31258],[69.23138,41.3127],[69.23097,41.31327]]]},"properties":{"name":"Katta bogʻ","district":"Shaykhantakhur","soato_district":"1726277","mahalla_code":"1726277042","cadastral_number":"1726277042","area_ha":27.89,"area_ha_utm":27.95,"lat":41.31005,"lng":69.22916,"source":"Кадастр агентлиги, геопортал open.ngis.uz (слой UZKAD/MAHALLA_UZKAD_DB16), мастер-набор tashkent_gis_master","source_date":"2026-09-18"}},{"type":"Feature","geometry":{"type":"Polygon","coordinates":[[[69.21068,41.30082],[69.21049,41.30141],[69.20961,41.30243],[69.20726,41.30644],[69.20696,41.30805],[69.2072,41.30997],[69.20491,41.30885],[69.20327,41.30903],[69.203,41.30962],[69.20254,41.30973],[69.19974,41.30835],[69.19853,41.3082],[69.19696,41.30717],[69.1964,41.30633],[69.19573,41.30577],[69.19549,41.30517],[69.19379,41.30481],[69.19385,41.30296],[69.19714,41.30184],[69.19749,41.30249],[69.19839,41.30229],[69.20075,41.30104],[69.20057,41.30068],[69.20204,41.30058],[69.21068,41.30082]]]},"properties":{"name":"Katta oqtepa","district":"Shaykhantakhur","soato_district":"1726277","mahalla_code":"1726277044","cadastral_number":"1726277044","area_ha":91.84,"area_ha_utm":91.53,"lat":41.30463,"lng":69.20238,"source":"Кадастр агентлиги, геопортал open.ngis.uz (слой UZKAD/MAHALLA_UZKAD_DB16), мастер-набор tashkent_gis_master","source_date":"2026-09-18"}},{"type":"Feature","geometry":{"type":"Polygon","coordinates":[[[69.22137,41.32707],[69.2224,41.32651],[69.22286,41.32703],[69.22326,41.32669],[69.22393,41.32599],[69.22427,41.32524],[69.22382,41.32452],[69.22449,41.32413],[69.22578,41.32424],[69.23049,41.32411],[69.23171,41.32514],[69.22243,41.33043],[69.22163,41.32951],[69.22209,41.32869],[69.22203,41.32832],[69.22124,41.32764],[69.22084,41.32706],[69.22137,41.32707]]]},"properties":{"name":"Gulobod","district":"Shaykhantakhur","soato_district":"1726277","mahalla_code":"1726277046","cadastral_number":"1726277046","area_ha":29.41,"area_ha_utm":29.34,"lat":41.32661,"lng":69.22584,"source":"Кадастр агентлиги, геопортал open.ngis.uz (слой UZKAD/MAHALLA_UZKAD_DB16), мастер-набор tashkent_gis_master","source_date":"2026-09-18"}},{"type":"Feature","geometry":{"type":"Polygon","coordinates":[[[69.23551,41.30621],[69.23133,41.30617],[69.23144,41.30599],[69.23087,41.30503],[69.23104,41.30308],[69.23031,41.30308],[69.22947,41.30279],[69.22849,41.30284],[69.22743,41.3031],[69.22534,41.30281],[69.22363,41.30417],[69.22282,41.30455],[69.22197,41.3038],[69.222,41.30342],[69.22118,41.3028],[69.22201,41.30215],[69.22286,41.30231],[69.22379,41.30222],[69.23143,41.29966],[69.23376,41.30216],[69.23665,41.30581],[69.23551,41.30621]]]},"properties":{"name":"Kamolon darvoza","district":"Shaykhantakhur","soato_district":"1726277","mahalla_code":"1726277048","cadastral_number":"1726277048","area_ha":37.13,"area_ha_utm":37.14,"lat":41.30304,"lng":69.23011,"source":"Кадастр агентлиги, геопортал open.ngis.uz (слой UZKAD/MAHALLA_UZKAD_DB16), мастер-набор tashkent_gis_master","source_date":"2026-09-18"}},{"type":"Feature","geometry":{"type":"Polygon","coordinates":[[[69.22786,41.31584],[69.22816,41.31681],[69.22769,41.31692],[69.22336,41.31678],[69.22206,41.31654],[69.22073,41.31578],[69.21969,41.3154],[69.21926,41.31456],[69.21969,41.31381],[69.22122,41.31396],[69.22359,41.31198],[69.22417,41.31242],[69.2242,41.31106],[69.2273,41.31106],[69.22721,41.31133],[69.22779,41.31158],[69.2277,41.31191],[69.22812,41.31218],[69.22769,41.31251],[69.22781,41.31256],[69.22765,41.3129],[69.22811,41.31295],[69.22812,41.31318],[69.22863,41.31333],[69.2283,41.31373],[69.2286,41.31386],[69.22851,41.31403],[69.22877,41.31405],[69.22818,41.31501],[69.22834,41.31536],[69.22868,41.31541],[69.22871,41.31567],[69.22886,41.31572],[69.2285,41.31624],[69.22786,41.31584]]]},"properties":{"name":"Zangiota","district":"Shaykhantakhur","soato_district":"1726277","mahalla_code":"1726277051","cadastral_number":"1726277051","area_ha":34.79,"area_ha_utm":34.93,"lat":41.31432,"lng":69.22472,"source":"Кадастр агентлиги, геопортал open.ngis.uz (слой UZKAD/MAHALLA_UZKAD_DB16), мастер-набор tashkent_gis_master","source_date":"2026-09-18"}},{"type":"Feature","geometry":{"type":"Polygon","coordinates":[[[69.19951,41.36883],[69.19873,41.36934],[69.19752,41.36831],[69.19724,41.36774],[69.19966,41.36613],[69.19949,41.36601],[69.19989,41.36556],[69.20006,41.36395],[69.2031,41.36318],[69.20383,41.36315],[69.20446,41.36679],[69.20155,41.36748],[69.19951,41.36883]]]},"properties":{"name":"Mustaqillik","district":"Olmazor","soato_district":"1726280","mahalla_code":"1726280001","cadastral_number":"1726280001","area_ha":20.68,"area_ha_utm":20.83,"lat":41.36607,"lng":69.20123,"source":"Кадастр агентлиги, геопортал open.ngis.uz (слой UZKAD/MAHALLA_UZKAD_DB16), мастер-набор tashkent_gis_master","source_date":"2026-09-18"}},{"type":"Feature","geometry":{"type":"Polygon","coordinates":[[[69.20507,41.37048],[69.204,41.36404],[69.20801,41.36403],[69.208,41.3673],[69.20916,41.36728],[69.20917,41.36847],[69.20993,41.36867],[69.20993,41.37048],[69.20507,41.37048]]]},"properties":{"name":"Tepaguzar","district":"Olmazor","soato_district":"1726280","mahalla_code":"1726280002","cadastral_number":"1726280002","area_ha":25.58,"area_ha_utm":25.53,"lat":41.36746,"lng":69.20675,"source":"Кадастр агентлиги, геопортал open.ngis.uz (слой UZKAD/MAHALLA_UZKAD_DB16), мастер-набор tashkent_gis_master","source_date":"2026-09-18"}},{"type":"Feature","geometry":{"type":"Polygon","coordinates":[[[69.21494,41.37688],[69.21492,41.37767],[69.21378,41.37768],[69.20841,41.38274],[69.20313,41.37941],[69.20464,41.37803],[69.20583,41.37732],[69.20547,41.37655],[69.20519,41.37141],[69.20952,41.37122],[69.20952,41.37138],[69.21025,41.37139],[69.21025,41.37156],[69.21133,41.37153],[69.21488,41.37096],[69.21494,41.37688]]]},"properties":{"name":"Nixol","district":"Olmazor","soato_district":"1726280","mahalla_code":"1726280003","cadastral_number":"1726280003","area_ha":84.06,"area_ha_utm":84.46,"lat":41.37615,"lng":69.20951,"source":"Кадастр агентлиги, геопортал open.ngis.uz (слой UZKAD/MAHALLA_UZKAD_DB16), мастер-набор tashkent_gis_master","source_date":"2026-09-18"}},{"type":"Feature","geometry":{"type":"Polygon","coordinates":[[[69.18972,41.37095],[69.18945,41.37079],[69.19051,41.3698],[69.19188,41.36746],[69.19251,41.36688],[69.19369,41.36752],[69.19508,41.36624],[69.19717,41.36765],[69.19747,41.36826],[69.19803,41.36874],[69.19691,41.36942],[69.19303,41.36922],[69.19193,41.37141],[69.19135,41.37199],[69.18972,41.37095]]]},"properties":{"name":"Chamanbogʻ","district":"Olmazor","soato_district":"1726280","mahalla_code":"1726280004","cadastral_number":"1726280004","area_ha":17.77,"area_ha_utm":18.05,"lat":41.36882,"lng":69.1936,"source":"Кадастр агентлиги, геопортал open.ngis.uz (слой UZKAD/MAHALLA_UZKAD_DB16), мастер-набор tashkent_gis_master","source_date":"2026-09-18"}},{"type":"Feature","geometry":{"type":"Polygon","coordinates":[[[69.20801,41.36403],[69.204,41.36404],[69.20368,41.36206],[69.20391,41.36071],[69.20411,41.36024],[69.20585,41.35832],[69.2068,41.35858],[69.20787,41.35865],[69.2146,41.3584],[69.21475,41.35871],[69.21479,41.364],[69.20801,41.36403]]]},"properties":{"name":"Shodiyona","district":"Olmazor","soato_district":"1726280","mahalla_code":"1726280007","cadastral_number":"1726280007","area_ha":54.14,"area_ha_utm":54.12,"lat":41.36135,"lng":69.20945,"source":"Кадастр агентлиги, геопортал open.ngis.uz (слой UZKAD/MAHALLA_UZKAD_DB16), мастер-набор tashkent_gis_master","source_date":"2026-09-18"}},{"type":"Feature","geometry":{"type":"Polygon","coordinates":[[[69.22973,41.36504],[69.2319,41.36578],[69.23109,41.36732],[69.23094,41.36802],[69.23093,41.36865],[69.23161,41.36865],[69.23161,41.36981],[69.23114,41.37303],[69.22843,41.37189],[69.22593,41.37164],[69.22595,41.37148],[69.22298,41.37109],[69.22323,41.36936],[69.22216,41.36936],[69.22215,41.3684],[69.2203,41.36839],[69.22033,41.36881],[69.21941,41.36865],[69.21941,41.36889],[69.21798,41.36889],[69.21798,41.36923],[69.21635,41.36923],[69.21633,41.36872],[69.216,41.3686],[69.21655,41.36796],[69.21661,41.36739],[69.21644,41.36722],[69.21656,41.3659],[69.21687,41.36592],[69.21682,41.36574],[69.21723,41.36557],[69.21721,41.36507],[69.21854,41.36508],[69.21905,41.36531],[69.21881,41.36551],[69.21872,41.36613],[69.2206,41.36617],[69.22064,41.36581],[69.22131,41.36537],[69.2229,41.36514],[69.22284,41.36467],[69.22393,41.36433],[69.22524,41.36431],[69.22526,41.36455],[69.22869,41.36477],[69.22973,41.36504]]]},"properties":{"name":"Yangi Toshkent","district":"Olmazor","soato_district":"1726280","mahalla_code":"1726280008","cadastral_number":"1726280008","area_ha":75.41,"area_ha_utm":75.26,"lat":41.368,"lng":69.22523,"source":"Кадастр агентлиги, геопортал open.ngis.uz (слой UZKAD/MAHALLA_UZKAD_DB16), мастер-набор tashkent_gis_master","source_date":"2026-09-18"}},{"type":"Feature","geometry":{"type":"Polygon","coordinates":[[[69.20993,41.36867],[69.20917,41.36847],[69.20916,41.36728],[69.21012,41.36727],[69.21211,41.36643],[69.21258,41.36658],[69.21253,41.36757],[69.21482,41.3676],[69.21488,41.37096],[69.21133,41.37153],[69.21025,41.37156],[69.21025,41.37139],[69.20952,41.37138],[69.20952,41.37122],[69.20519,41.37141],[69.20507,41.37048],[69.20993,41.37048],[69.20993,41.36867]]]},"properties":{"name":"Gʻalaba","district":"Olmazor","soato_district":"1726280","mahalla_code":"1726280009","cadastral_number":"1726280009","area_ha":23.62,"area_ha_utm":23.36,"lat":41.36944,"lng":69.21139,"source":"Кадастр агентлиги, геопортал open.ngis.uz (слой UZKAD/MAHALLA_UZKAD_DB16), мастер-набор tashkent_gis_master","source_date":"2026-09-18"}},{"type":"Feature","geometry":{"type":"Polygon","coordinates":[[[69.21607,41.38307],[69.21135,41.38695],[69.21125,41.38689],[69.21143,41.38634],[69.21137,41.38592],[69.21055,41.38414],[69.20841,41.38273],[69.21378,41.37768],[69.21492,41.37767],[69.21488,41.3712],[69.21878,41.37104],[69.22115,41.37113],[69.22133,41.37099],[69.22195,41.37099],[69.22507,41.37137],[69.22431,41.37423],[69.22292,41.37666],[69.21607,41.38307]]]},"properties":{"name":"Moyarik","district":"Olmazor","soato_district":"1726280","mahalla_code":"1726280010","cadastral_number":"1726280010","area_ha":105.97,"area_ha_utm":105.25,"lat":41.37752,"lng":69.21708,"source":"Кадастр агентлиги, геопортал open.ngis.uz (слой UZKAD/MAHALLA_UZKAD_DB16), мастер-набор tashkent_gis_master","source_date":"2026-09-18"}},{"type":"Feature","geometry":{"type":"Polygon","coordinates":[[[69.22293,41.36511],[69.22131,41.36537],[69.22064,41.36581],[69.2206,41.36617],[69.21872,41.36613],[69.21881,41.36551],[69.21905,41.36531],[69.21866,41.3651],[69.21721,41.36507],[69.21722,41.36521],[69.21604,41.36523],[69.21533,41.36341],[69.21477,41.36353],[69.21476,41.36127],[69.2173,41.36095],[69.21875,41.36107],[69.22134,41.36057],[69.22444,41.35958],[69.22722,41.36005],[69.22829,41.36066],[69.22983,41.36086],[69.22973,41.36504],[69.22869,41.36477],[69.22526,41.36455],[69.22524,41.36431],[69.22408,41.36431],[69.22284,41.36467],[69.22293,41.36511]]]},"properties":{"name":"Paxta","district":"Olmazor","soato_district":"1726280","mahalla_code":"1726280011","cadastral_number":"1726280011","area_ha":61.96,"area_ha_utm":62.2,"lat":41.36273,"lng":69.2225,"source":"Кадастр агентлиги, геопортал open.ngis.uz (слой UZKAD/MAHALLA_UZKAD_DB16), мастер-набор tashkent_gis_master","source_date":"2026-09-18"}},{"type":"Feature","geometry":{"type":"Polygon","coordinates":[[[69.20001,41.36454],[69.19989,41.36556],[69.1995,41.36597],[69.19966,41.36613],[69.19724,41.36774],[69.19508,41.36624],[69.19573,41.366],[69.19754,41.36454],[69.19894,41.36444],[69.20006,41.36395],[69.20001,41.36454]]]},"properties":{"name":"Yoshlik","district":"Olmazor","soato_district":"1726280","mahalla_code":"1726280012","cadastral_number":"1726280012","area_ha":8.81,"area_ha_utm":8.67,"lat":41.36583,"lng":69.19787,"source":"Кадастр агентлиги, геопортал open.ngis.uz (слой UZKAD/MAHALLA_UZKAD_DB16), мастер-набор tashkent_gis_master","source_date":"2026-09-18"}},{"type":"Feature","geometry":{"type":"Polygon","coordinates":[[[69.21481,41.36685],[69.21482,41.3676],[69.21253,41.36757],[69.21258,41.36658],[69.21211,41.36643],[69.21005,41.36729],[69.208,41.3673],[69.20801,41.36403],[69.21479,41.364],[69.21481,41.36685]]]},"properties":{"name":"Tabassum","district":"Olmazor","soato_district":"1726280","mahalla_code":"1726280013","cadastral_number":"1726280013","area_ha":20.16,"area_ha_utm":20.11,"lat":41.36564,"lng":69.21145,"source":"Кадастр агентлиги, геопортал open.ngis.uz (слой UZKAD/MAHALLA_UZKAD_DB16), мастер-набор tashkent_gis_master","source_date":"2026-09-18"}},{"type":"Feature","geometry":{"type":"Polygon","coordinates":[[[69.20507,41.37048],[69.1996,41.3712],[69.19968,41.36966],[69.19951,41.36883],[69.20155,41.36748],[69.20446,41.36679],[69.20507,41.37048]]]},"properties":{"name":"Shon-Shuxrat","district":"Olmazor","soato_district":"1726280","mahalla_code":"1726280014","cadastral_number":"1726280014","area_ha":16.14,"area_ha_utm":16.28,"lat":41.36917,"lng":69.20238,"source":"Кадастр агентлиги, геопортал open.ngis.uz (слой UZKAD/MAHALLA_UZKAD_DB16), мастер-набор tashkent_gis_master","source_date":"2026-09-18"}},{"type":"Feature","geometry":{"type":"Polygon","coordinates":[[[69.19508,41.36624],[69.19369,41.36752],[69.19251,41.36688],[69.19188,41.36746],[69.18952,41.36722],[69.18878,41.36738],[69.18861,41.36674],[69.18923,41.3665],[69.18985,41.36585],[69.19075,41.36528],[69.19059,41.36406],[69.19017,41.36345],[69.19056,41.36221],[69.19165,41.36166],[69.19219,41.36079],[69.19275,41.36065],[69.19376,41.35992],[69.19382,41.35969],[69.19454,41.3595],[69.19476,41.35929],[69.19719,41.35828],[69.20058,41.35743],[69.20125,41.35751],[69.20205,41.35724],[69.20471,41.35789],[69.20643,41.3577],[69.20411,41.36024],[69.20369,41.36172],[69.20383,41.36315],[69.20072,41.36369],[69.19894,41.36444],[69.19754,41.36454],[69.19573,41.366],[69.19508,41.36624]]]},"properties":{"name":"Olimpiya","district":"Olmazor","soato_district":"1726280","mahalla_code":"1726280015","cadastral_number":"1726280015","area_ha":84.94,"area_ha_utm":84.47,"lat":41.36205,"lng":69.19718,"source":"Кадастр агентлиги, геопортал open.ngis.uz (слой UZKAD/MAHALLA_UZKAD_DB16), мастер-набор tashkent_gis_master","source_date":"2026-09-18"}},{"type":"Feature","geometry":{"type":"Polygon","coordinates":[[[69.22558,41.35969],[69.22425,41.3596],[69.22251,41.36017],[69.22087,41.35787],[69.21946,41.35541],[69.22099,41.35518],[69.22719,41.35573],[69.22665,41.35754],[69.22558,41.35969]]]},"properties":{"name":"Boʻstonobod","district":"Olmazor","soato_district":"1726280","mahalla_code":"1726280016","cadastral_number":"1726280016","area_ha":23.29,"area_ha_utm":23.31,"lat":41.3573,"lng":69.22346,"source":"Кадастр агентлиги, геопортал open.ngis.uz (слой UZKAD/MAHALLA_UZKAD_DB16), мастер-набор tashkent_gis_master","source_date":"2026-09-18"}},{"type":"Feature","geometry":{"type":"Polygon","coordinates":[[[69.21508,41.36124],[69.21476,41.36127],[69.21475,41.35871],[69.2146,41.3584],[69.21566,41.35747],[69.21747,41.35632],[69.21946,41.35541],[69.22087,41.35787],[69.22251,41.36017],[69.22134,41.36057],[69.21875,41.36107],[69.2173,41.36095],[69.21508,41.36124]]]},"properties":{"name":"Istiqbol","district":"Olmazor","soato_district":"1726280","mahalla_code":"1726280017","cadastral_number":"1726280017","area_ha":26.97,"area_ha_utm":26.89,"lat":41.35883,"lng":69.21821,"source":"Кадастр агентлиги, геопортал open.ngis.uz (слой UZKAD/MAHALLA_UZKAD_DB16), мастер-набор tashkent_gis_master","source_date":"2026-09-18"}},{"type":"Feature","geometry":{"type":"Polygon","coordinates":[[[69.23183,41.3831],[69.23167,41.38333],[69.23207,41.38342],[69.23383,41.38319],[69.23483,41.38362],[69.23579,41.38359],[69.23653,41.38388],[69.23727,41.38381],[69.23685,41.38508],[69.23631,41.38591],[69.22812,41.3951],[69.21524,41.38702],[69.21272,41.38671],[69.2115,41.38703],[69.21135,41.38695],[69.21607,41.38307],[69.22065,41.37869],[69.223,41.37933],[69.22567,41.37966],[69.22561,41.38065],[69.22906,41.38058],[69.229,41.37967],[69.23092,41.37992],[69.23105,41.37997],[69.23091,41.38058],[69.23228,41.38108],[69.23165,41.38227],[69.23226,41.38244],[69.23199,41.38306],[69.23183,41.3831]]]},"properties":{"name":"Ahil","district":"Olmazor","soato_district":"1726280","mahalla_code":"1726280018","cadastral_number":"1726280018","area_ha":199.7,"area_ha_utm":199.75,"lat":41.38608,"lng":69.2253,"source":"Кадастр агентлиги, геопортал open.ngis.uz (слой UZKAD/MAHALLA_UZKAD_DB16), мастер-набор tashkent_gis_master","source_date":"2026-09-18"}},{"type":"Feature","geometry":{"type":"Polygon","coordinates":[[[69.232,41.35681],[69.23324,41.35843],[69.23333,41.35923],[69.23324,41.3595],[69.23288,41.35978],[69.22995,41.36083],[69.22938,41.36087],[69.22819,41.36063],[69.22738,41.3601],[69.22558,41.35969],[69.22665,41.35754],[69.22695,41.35655],[69.22829,41.35664],[69.23172,41.35583],[69.23161,41.35624],[69.232,41.35681]]]},"properties":{"name":"Qichqiriq","district":"Olmazor","soato_district":"1726280","mahalla_code":"1726280019","cadastral_number":"1726280019","area_ha":24.17,"area_ha_utm":24.04,"lat":41.35852,"lng":69.22962,"source":"Кадастр агентлиги, геопортал open.ngis.uz (слой UZKAD/MAHALLA_UZKAD_DB16), мастер-набор tashkent_gis_master","source_date":"2026-09-18"}},{"type":"Feature","geometry":{"type":"Polygon","coordinates":[[[69.23167,41.38333],[69.23199,41.38306],[69.23226,41.38244],[69.23165,41.38227],[69.23228,41.38108],[69.23091,41.38058],[69.23206,41.37705],[69.23275,41.37403],[69.23258,41.37378],[69.23114,41.37303],[69.23161,41.36921],[69.23161,41.36865],[69.23093,41.36865],[69.23109,41.36732],[69.2319,41.36578],[69.23507,41.36688],[69.23517,41.36624],[69.23538,41.36599],[69.23624,41.36555],[69.2366,41.3656],[69.23722,41.36599],[69.23801,41.36614],[69.24032,41.36724],[69.24056,41.36843],[69.24031,41.37021],[69.24102,41.37471],[69.24082,41.37585],[69.23939,41.3787],[69.23787,41.38124],[69.23608,41.3837],[69.23483,41.38362],[69.23383,41.38319],[69.23217,41.38342],[69.23167,41.38333]]]},"properties":{"name":"Gulzor","district":"Olmazor","soato_district":"1726280","mahalla_code":"1726280021","cadastral_number":"1726280021","area_ha":128.97,"area_ha_utm":128.86,"lat":41.37415,"lng":69.23579,"source":"Кадастр агентлиги, геопортал open.ngis.uz (слой UZKAD/MAHALLA_UZKAD_DB16), мастер-набор tashkent_gis_master","source_date":"2026-09-18"}},{"type":"Feature","geometry":{"type":"Polygon","coordinates":[[[69.26208,41.36289],[69.25793,41.36587],[69.25649,41.36501],[69.25659,41.36444],[69.25631,41.36377],[69.25507,41.36274],[69.25466,41.36258],[69.24819,41.36255],[69.24715,41.36236],[69.24336,41.36227],[69.24215,41.362],[69.24204,41.36173],[69.2424,41.35999],[69.24242,41.35717],[69.24467,41.35637],[69.24452,41.3552],[69.24474,41.35511],[69.2445,41.35477],[69.2451,41.35474],[69.24492,41.35276],[69.24456,41.351],[69.25251,41.3503],[69.25214,41.34812],[69.25454,41.34838],[69.25673,41.34798],[69.26301,41.34414],[69.26414,41.3454],[69.26432,41.34599],[69.26477,41.34651],[69.266,41.34747],[69.26308,41.34921],[69.26734,41.35352],[69.26971,41.35568],[69.26208,41.36289]]]},"properties":{"name":"Miskin","district":"Olmazor","soato_district":"1726280","mahalla_code":"1726280022","cadastral_number":"1726280022","area_ha":308.42,"area_ha_utm":308.21,"lat":41.35571,"lng":69.25592,"source":"Кадастр агентлиги, геопортал open.ngis.uz (слой UZKAD/MAHALLA_UZKAD_DB16), мастер-набор tashkent_gis_master","source_date":"2026-09-18"}},{"type":"Feature","geometry":{"type":"Polygon","coordinates":[[[69.24474,41.35519],[69.24452,41.3552],[69.24467,41.35637],[69.24242,41.35717],[69.2424,41.35999],[69.24204,41.36173],[69.23909,41.36113],[69.23927,41.36024],[69.23921,41.3594],[69.23853,41.35004],[69.23823,41.34866],[69.24751,41.3479],[69.24963,41.34788],[69.25214,41.34812],[69.25251,41.3503],[69.24456,41.351],[69.24492,41.35276],[69.2451,41.35474],[69.2445,41.35477],[69.24474,41.35519]]]},"properties":{"name":"Taraqqiyot","district":"Olmazor","soato_district":"1726280","mahalla_code":"1726280023","cadastral_number":"1726280023","area_ha":80.12,"area_ha_utm":80.48,"lat":41.35289,"lng":69.24314,"source":"Кадастр агентлиги, геопортал open.ngis.uz (слой UZKAD/MAHALLA_UZKAD_DB16), мастер-набор tashkent_gis_master","source_date":"2026-09-18"}},{"type":"Feature","geometry":{"type":"Polygon","coordinates":[[[69.23909,41.36113],[69.23902,41.36135],[69.23833,41.36132],[69.23707,41.36091],[69.23583,41.361],[69.23373,41.36068],[69.23222,41.36002],[69.23324,41.3595],[69.23336,41.359],[69.23316,41.35829],[69.23446,41.35818],[69.23445,41.358],[69.23632,41.35793],[69.23619,41.35579],[69.23692,41.35577],[69.23682,41.35416],[69.23752,41.3535],[69.23873,41.35345],[69.23927,41.36024],[69.23909,41.36113]]]},"properties":{"name":"Islom ota","district":"Olmazor","soato_district":"1726280","mahalla_code":"1726280024","cadastral_number":"1726280024","area_ha":26.25,"area_ha_utm":26.28,"lat":41.35822,"lng":69.23682,"source":"Кадастр агентлиги, геопортал open.ngis.uz (слой UZKAD/MAHALLA_UZKAD_DB16), мастер-набор tashkent_gis_master","source_date":"2026-09-18"}},{"type":"Feature","geometry":{"type":"Polygon","coordinates":[[[69.23589,41.36335],[69.23629,41.36336],[69.23629,41.36373],[69.23514,41.36373],[69.23508,41.36384],[69.23506,41.36536],[69.23374,41.36522],[69.2342,41.3656],[69.23485,41.36574],[69.23522,41.36631],[69.23507,41.36688],[69.22973,41.36504],[69.22983,41.36086],[69.23222,41.36002],[69.23373,41.36068],[69.23635,41.36098],[69.23633,41.36163],[69.2359,41.3616],[69.23589,41.36335]]]},"properties":{"name":"Chuqursoy","district":"Olmazor","soato_district":"1726280","mahalla_code":"1726280025","cadastral_number":"1726280025","area_ha":29.14,"area_ha_utm":28.83,"lat":41.36315,"lng":69.23281,"source":"Кадастр агентлиги, геопортал open.ngis.uz (слой UZKAD/MAHALLA_UZKAD_DB16), мастер-набор tashkent_gis_master","source_date":"2026-09-18"}},{"type":"Feature","geometry":{"type":"Polygon","coordinates":[[[69.23856,41.35043],[69.23873,41.35345],[69.23744,41.35353],[69.23682,41.35416],[69.23692,41.35577],[69.23619,41.35579],[69.23632,41.35793],[69.23445,41.358],[69.23446,41.35818],[69.23316,41.35829],[69.23161,41.35624],[69.23224,41.35483],[69.2352,41.35253],[69.23593,41.35155],[69.23676,41.3509],[69.23789,41.35062],[69.23853,41.35004],[69.23856,41.35043]]]},"properties":{"name":"Oltinsoy","district":"Olmazor","soato_district":"1726280","mahalla_code":"1726280028","cadastral_number":"1726280028","area_ha":26.21,"area_ha_utm":26.28,"lat":41.35465,"lng":69.23526,"source":"Кадастр агентлиги, геопортал open.ngis.uz (слой UZKAD/MAHALLA_UZKAD_DB16), мастер-набор tashkent_gis_master","source_date":"2026-09-18"}},{"type":"Feature","geometry":{"type":"Polygon","coordinates":[[[69.2561,41.36357],[69.25656,41.36428],[69.25649,41.36501],[69.25793,41.36587],[69.25479,41.36781],[69.25246,41.36959],[69.24819,41.37349],[69.24651,41.3748],[69.24428,41.37644],[69.24072,41.3787],[69.23824,41.3814],[69.23779,41.38221],[69.23727,41.38381],[69.23653,41.38388],[69.23608,41.3837],[69.23787,41.38124],[69.23939,41.3787],[69.24082,41.37585],[69.24102,41.37471],[69.24031,41.37021],[69.24056,41.36843],[69.24032,41.36724],[69.24115,41.36354],[69.24204,41.36173],[69.24215,41.362],[69.24469,41.36239],[69.24609,41.3623],[69.24819,41.36255],[69.25143,41.36263],[69.25452,41.36256],[69.25507,41.36274],[69.2561,41.36357]]]},"properties":{"name":"Ibroxim ota","district":"Olmazor","soato_district":"1726280","mahalla_code":"1726280029","cadastral_number":"1726280029","area_ha":158.59,"area_ha_utm":158.09,"lat":41.36874,"lng":69.24671,"source":"Кадастр агентлиги, геопортал open.ngis.uz (слой UZKAD/MAHALLA_UZKAD_DB16), мастер-набор tashkent_gis_master","source_date":"2026-09-18"}},{"type":"Feature","geometry":{"type":"Polygon","coordinates":[[[69.2359,41.3616],[69.23633,41.36163],[69.23635,41.36098],[69.23701,41.36091],[69.23824,41.3613],[69.23902,41.36135],[69.23909,41.36113],[69.24204,41.36173],[69.24115,41.36354],[69.24032,41.36724],[69.23801,41.36614],[69.23722,41.36599],[69.2366,41.3656],[69.23624,41.36555],[69.23517,41.36624],[69.23485,41.36574],[69.2342,41.3656],[69.23374,41.36526],[69.23506,41.36536],[69.23514,41.36373],[69.23629,41.36373],[69.23629,41.36336],[69.23589,41.36335],[69.2359,41.3616]]]},"properties":{"name":"Gulsaroy","district":"Olmazor","soato_district":"1726280","mahalla_code":"1726280030","cadastral_number":"1726280030","area_ha":26.66,"area_ha_utm":26.73,"lat":41.36381,"lng":69.23838,"source":"Кадастр агентлиги, геопортал open.ngis.uz (слой UZKAD/MAHALLA_UZKAD_DB16), мастер-набор tashkent_gis_master","source_date":"2026-09-18"}},{"type":"Feature","geometry":{"type":"Polygon","coordinates":[[[69.23172,41.35583],[69.22829,41.35664],[69.22695,41.35655],[69.22794,41.35304],[69.22791,41.34949],[69.23823,41.34866],[69.23853,41.35004],[69.23789,41.35062],[69.23688,41.35084],[69.23612,41.35138],[69.2352,41.35253],[69.23232,41.35472],[69.23172,41.35583]]]},"properties":{"name":"Gʻani-Aʼzamov","district":"Olmazor","soato_district":"1726280","mahalla_code":"1726280032","cadastral_number":"1726280032","area_ha":48.75,"area_ha_utm":48.79,"lat":41.35211,"lng":69.23181,"source":"Кадастр агентлиги, геопортал open.ngis.uz (слой UZKAD/MAHALLA_UZKAD_DB16), мастер-набор tashkent_gis_master","source_date":"2026-09-18"}},{"type":"Feature","geometry":{"type":"Polygon","coordinates":[[[69.19807,41.34805],[69.20008,41.34729],[69.20669,41.34528],[69.2074,41.34493],[69.21078,41.34248],[69.21603,41.34758],[69.21283,41.35094],[69.20701,41.35092],[69.20699,41.34709],[69.20468,41.34691],[69.20426,41.34707],[69.20407,41.34737],[69.2028,41.3474],[69.20176,41.34777],[69.20182,41.34788],[69.19892,41.34878],[69.1987,41.34842],[69.19807,41.34842],[69.19807,41.34805]]]},"properties":{"name":"Universitet","district":"Olmazor","soato_district":"1726280","mahalla_code":"1726280047","cadastral_number":"1726280047","area_ha":58.13,"area_ha_utm":58.28,"lat":41.34731,"lng":69.2095,"source":"Кадастр агентлиги, геопортал open.ngis.uz (слой UZKAD/MAHALLA_UZKAD_DB16), мастер-набор tashkent_gis_master","source_date":"2026-09-18"}},{"type":"Feature","geometry":{"type":"Polygon","coordinates":[[[69.21961,41.3492],[69.21927,41.34922],[69.21685,41.34683],[69.21767,41.34614],[69.21822,41.34534],[69.21906,41.34212],[69.22036,41.33935],[69.22231,41.33882],[69.22246,41.33921],[69.22271,41.33914],[69.2236,41.3399],[69.22415,41.33999],[69.22427,41.34097],[69.22376,41.34132],[69.2231,41.34221],[69.22306,41.34272],[69.22306,41.34366],[69.22373,41.34364],[69.22376,41.34401],[69.22465,41.34412],[69.22407,41.34616],[69.22475,41.34618],[69.22473,41.34716],[69.22671,41.34705],[69.22767,41.34725],[69.22826,41.34697],[69.22793,41.34786],[69.22795,41.34853],[69.21961,41.3492]]]},"properties":{"name":"Chimboy","district":"Olmazor","soato_district":"1726280","mahalla_code":"1726280053","cadastral_number":"1726280053","area_ha":54.1,"area_ha_utm":54.35,"lat":41.34498,"lng":69.22175,"source":"Кадастр агентлиги, геопортал open.ngis.uz (слой UZKAD/MAHALLA_UZKAD_DB16), мастер-набор tashkent_gis_master","source_date":"2026-09-18"}},{"type":"Feature","geometry":{"type":"Polygon","coordinates":[[[69.17987,41.36474],[69.1726,41.36004],[69.17085,41.35865],[69.16933,41.35719],[69.16818,41.35574],[69.1666,41.35316],[69.16566,41.35065],[69.16515,41.34836],[69.17323,41.3483],[69.17855,41.34928],[69.17856,41.35378],[69.17876,41.35428],[69.1793,41.35485],[69.17597,41.35675],[69.1781,41.35816],[69.17789,41.35862],[69.17795,41.3588],[69.18585,41.3638],[69.18362,41.3646],[69.17987,41.36474]]]},"properties":{"name":"Shifokorlar","district":"Olmazor","soato_district":"1726280","mahalla_code":"1726280054","cadastral_number":"1726280054","area_ha":142.38,"area_ha_utm":142.96,"lat":41.3554,"lng":69.17419,"source":"Кадастр агентлиги, геопортал open.ngis.uz (слой UZKAD/MAHALLA_UZKAD_DB16), мастер-набор tashkent_gis_master","source_date":"2026-09-18"}},{"type":"Feature","geometry":{"type":"Polygon","coordinates":[[[69.18748,41.35841],[69.1879,41.3604],[69.18639,41.36128],[69.18797,41.36287],[69.18585,41.3638],[69.17795,41.3588],[69.17789,41.35862],[69.1781,41.35816],[69.17597,41.35675],[69.1793,41.35485],[69.18092,41.35646],[69.18581,41.35531],[69.1853,41.35403],[69.18719,41.35357],[69.18777,41.35505],[69.1875,41.35567],[69.18768,41.35592],[69.18707,41.35611],[69.18748,41.35841]]]},"properties":{"name":"Xislat","district":"Olmazor","soato_district":"1726280","mahalla_code":"1726280055","cadastral_number":"1726280055","area_ha":57.68,"area_ha_utm":57.69,"lat":41.35855,"lng":69.18332,"source":"Кадастр агентлиги, геопортал open.ngis.uz (слой UZKAD/MAHALLA_UZKAD_DB16), мастер-набор tashkent_gis_master","source_date":"2026-09-18"}},{"type":"Feature","geometry":{"type":"Polygon","coordinates":[[[69.22248,41.37712],[69.22305,41.37647],[69.22431,41.37423],[69.22507,41.37137],[69.22595,41.37148],[69.22593,41.37164],[69.22891,41.37203],[69.23272,41.37393],[69.23267,41.37467],[69.23206,41.37705],[69.23105,41.37997],[69.229,41.37967],[69.22906,41.38058],[69.22561,41.38065],[69.22567,41.37966],[69.223,41.37933],[69.22065,41.37869],[69.22248,41.37712]]]},"properties":{"name":"Elparvar","district":"Olmazor","soato_district":"1726280","mahalla_code":"1726280061","cadastral_number":"1726280061","area_ha":64.29,"area_ha_utm":64.55,"lat":41.37628,"lng":69.22747,"source":"Кадастр агентлиги, геопортал open.ngis.uz (слой UZKAD/MAHALLA_UZKAD_DB16), мастер-набор tashkent_gis_master","source_date":"2026-09-18"}},{"type":"Feature","geometry":{"type":"Polygon","coordinates":[[[69.22719,41.35573],[69.22099,41.35518],[69.21946,41.35541],[69.21875,41.35016],[69.21603,41.34758],[69.21685,41.34683],[69.21927,41.34922],[69.22795,41.34853],[69.22796,41.3529],[69.22719,41.35573]]]},"properties":{"name":"Zamondosh","district":"Olmazor","soato_district":"1726280","mahalla_code":"1726280063","cadastral_number":"1726280063","area_ha":56.67,"area_ha_utm":56.58,"lat":41.35186,"lng":69.22319,"source":"Кадастр агентлиги, геопортал open.ngis.uz (слой UZKAD/MAHALLA_UZKAD_DB16), мастер-набор tashkent_gis_master","source_date":"2026-09-18"}},{"type":"Feature","geometry":{"type":"Polygon","coordinates":[[[69.20286,41.22872],[69.20676,41.22335],[69.20849,41.22412],[69.20902,41.22531],[69.20646,41.22865],[69.20687,41.22933],[69.20491,41.23045],[69.20288,41.2289],[69.20286,41.22872]]]},"properties":{"name":"Oʻzgarish","district":"Sergeli","soato_district":"1726283","mahalla_code":"1726283001","cadastral_number":"1726283001","area_ha":19.45,"area_ha_utm":19.55,"lat":41.22693,"lng":69.20601,"source":"Кадастр агентлиги, геопортал open.ngis.uz (слой UZKAD/MAHALLA_UZKAD_DB16), мастер-набор tashkent_gis_master","source_date":"2026-09-18"}},{"type":"Feature","geometry":{"type":"Polygon","coordinates":[[[69.2075,41.23001],[69.2066,41.2295],[69.20687,41.22933],[69.20646,41.22865],[69.20902,41.22531],[69.20835,41.22397],[69.20676,41.22335],[69.20761,41.22215],[69.20784,41.22244],[69.21345,41.22445],[69.21354,41.22476],[69.21241,41.2264],[69.21258,41.22647],[69.21125,41.22829],[69.20954,41.22767],[69.20903,41.22805],[69.20834,41.22921],[69.20813,41.22912],[69.2075,41.23001]]]},"properties":{"name":"Xabibiy","district":"Sergeli","soato_district":"1726283","mahalla_code":"1726283002","cadastral_number":"1726283002","area_ha":23.25,"area_ha_utm":23.33,"lat":41.22591,"lng":69.20982,"source":"Кадастр агентлиги, геопортал open.ngis.uz (слой UZKAD/MAHALLA_UZKAD_DB16), мастер-набор tashkent_gis_master","source_date":"2026-09-18"}},{"type":"Feature","geometry":{"type":"Polygon","coordinates":[[[69.21977,41.22693],[69.2185,41.22895],[69.21676,41.22841],[69.21241,41.2264],[69.21354,41.22476],[69.21345,41.22445],[69.21977,41.22693]]]},"properties":{"name":"Mehrigiyo","district":"Sergeli","soato_district":"1726283","mahalla_code":"1726283003","cadastral_number":"1726283003","area_ha":14.48,"area_ha_utm":14.48,"lat":41.22675,"lng":69.21609,"source":"Кадастр агентлиги, геопортал open.ngis.uz (слой UZKAD/MAHALLA_UZKAD_DB16), мастер-набор tashkent_gis_master","source_date":"2026-09-18"}},{"type":"Feature","geometry":{"type":"Polygon","coordinates":[[[69.21345,41.22445],[69.21552,41.22152],[69.21617,41.22175],[69.21654,41.22122],[69.21791,41.22169],[69.2171,41.22289],[69.22136,41.22438],[69.21977,41.22693],[69.21345,41.22445]]]},"properties":{"name":"Ezgulik","district":"Sergeli","soato_district":"1726283","mahalla_code":"1726283004","cadastral_number":"1726283004","area_ha":20.06,"area_ha_utm":20.01,"lat":41.22421,"lng":69.21733,"source":"Кадастр агентлиги, геопортал open.ngis.uz (слой UZKAD/MAHALLA_UZKAD_DB16), мастер-набор tashkent_gis_master","source_date":"2026-09-18"}},{"type":"Feature","geometry":{"type":"Polygon","coordinates":[[[69.22054,41.2434],[69.22121,41.2436],[69.22121,41.24373],[69.2211,41.24386],[69.21957,41.24403],[69.21916,41.24427],[69.21862,41.24491],[69.21826,41.24624],[69.21809,41.24617],[69.21743,41.24541],[69.21307,41.24178],[69.20568,41.2313],[69.20491,41.23045],[69.2066,41.2295],[69.2075,41.23001],[69.20813,41.22912],[69.21223,41.23075],[69.21035,41.23341],[69.21455,41.23531],[69.2139,41.23655],[69.21382,41.23757],[69.21403,41.23837],[69.21457,41.2393],[69.21615,41.24095],[69.22054,41.2434]]]},"properties":{"name":"Bunyodobod","district":"Sergeli","soato_district":"1726283","mahalla_code":"1726283005","cadastral_number":"1726283005","area_ha":64.69,"area_ha_utm":64.12,"lat":41.23695,"lng":69.2122,"source":"Кадастр агентлиги, геопортал open.ngis.uz (слой UZKAD/MAHALLA_UZKAD_DB16), мастер-набор tashkent_gis_master","source_date":"2026-09-18"}},{"type":"Feature","geometry":{"type":"Polygon","coordinates":[[[69.20875,41.22841],[69.20954,41.22767],[69.21125,41.22829],[69.21251,41.22656],[69.21756,41.22874],[69.21765,41.22862],[69.2185,41.22895],[69.21455,41.23531],[69.21035,41.23341],[69.21223,41.23075],[69.20834,41.22921],[69.20875,41.22841]]]},"properties":{"name":"Yangi Bunyodobod","district":"Sergeli","soato_district":"1726283","mahalla_code":"1726283006","cadastral_number":"1726283006","area_ha":41.43,"area_ha_utm":41.51,"lat":41.2306,"lng":69.21365,"source":"Кадастр агентлиги, геопортал open.ngis.uz (слой UZKAD/MAHALLA_UZKAD_DB16), мастер-набор tashkent_gis_master","source_date":"2026-09-18"}},{"type":"Feature","geometry":{"type":"Polygon","coordinates":[[[69.21728,41.25243],[69.217,41.25296],[69.21635,41.25363],[69.20904,41.24949],[69.19462,41.24043],[69.19543,41.23885],[69.19883,41.23421],[69.19949,41.2343],[69.20067,41.23506],[69.20082,41.23531],[69.20041,41.23622],[69.19989,41.23672],[69.20042,41.23709],[69.20104,41.23717],[69.20171,41.23785],[69.20122,41.23833],[69.20088,41.23896],[69.20125,41.23949],[69.20108,41.23992],[69.20125,41.24021],[69.20178,41.24039],[69.20256,41.24006],[69.20347,41.24067],[69.20371,41.24176],[69.20454,41.24256],[69.20507,41.24264],[69.20697,41.24232],[69.20764,41.24342],[69.20734,41.24414],[69.2076,41.24452],[69.20807,41.24479],[69.20944,41.24499],[69.20996,41.24568],[69.21294,41.24762],[69.21385,41.2479],[69.21454,41.24784],[69.21506,41.248],[69.21545,41.24836],[69.21601,41.24978],[69.21538,41.25145],[69.21545,41.25198],[69.2158,41.25236],[69.21728,41.25243]]]},"properties":{"name":"Joʻnariq","district":"Sergeli","soato_district":"1726283","mahalla_code":"1726283007","cadastral_number":"1726283007","area_ha":100.17,"area_ha_utm":100.2,"lat":41.24399,"lng":69.20486,"source":"Кадастр агентлиги, геопортал open.ngis.uz (слой UZKAD/MAHALLA_UZKAD_DB16), мастер-набор tashkent_gis_master","source_date":"2026-09-18"}},{"type":"Feature","geometry":{"type":"Polygon","coordinates":[[[69.21826,41.24624],[69.21728,41.25243],[69.2158,41.25236],[69.21545,41.25198],[69.21538,41.25145],[69.21601,41.24978],[69.21528,41.24817],[69.21467,41.24787],[69.21385,41.2479],[69.21294,41.24762],[69.20996,41.24568],[69.20944,41.24499],[69.20807,41.24479],[69.2076,41.24452],[69.20734,41.24414],[69.20764,41.24342],[69.20697,41.24232],[69.20507,41.24264],[69.20454,41.24256],[69.20371,41.24176],[69.20347,41.24067],[69.20256,41.24006],[69.20178,41.24039],[69.20118,41.24014],[69.20108,41.23992],[69.20125,41.23949],[69.20088,41.23896],[69.20122,41.23833],[69.20171,41.23785],[69.20104,41.23717],[69.20042,41.23709],[69.19989,41.23672],[69.20041,41.23622],[69.20082,41.23531],[69.20067,41.23506],[69.19949,41.2343],[69.19883,41.23421],[69.20286,41.22872],[69.20288,41.2289],[69.20448,41.23007],[69.20568,41.2313],[69.21307,41.24178],[69.21826,41.24624]]]},"properties":{"name":"Yuqori Darhon","district":"Sergeli","soato_district":"1726283","mahalla_code":"1726283008","cadastral_number":"1726283008","area_ha":139.02,"area_ha_utm":139.57,"lat":41.23985,"lng":69.20811,"source":"Кадастр агентлиги, геопортал open.ngis.uz (слой UZKAD/MAHALLA_UZKAD_DB16), мастер-набор tashkent_gis_master","source_date":"2026-09-18"}},{"type":"Feature","geometry":{"type":"Polygon","coordinates":[[[69.21062,41.21801],[69.21131,41.21793],[69.2151,41.21966],[69.2144,41.22084],[69.21552,41.22152],[69.21345,41.22445],[69.20784,41.22244],[69.20761,41.22215],[69.21062,41.21801]]]},"properties":{"name":"Madadkor","district":"Sergeli","soato_district":"1726283","mahalla_code":"1726283009","cadastral_number":"1726283009","area_ha":28.51,"area_ha_utm":28.59,"lat":41.2212,"lng":69.21178,"source":"Кадастр агентлиги, геопортал open.ngis.uz (слой UZKAD/MAHALLA_UZKAD_DB16), мастер-набор tashkent_gis_master","source_date":"2026-09-18"}},{"type":"Feature","geometry":{"type":"Polygon","coordinates":[[[69.21062,41.21801],[69.21283,41.21497],[69.21334,41.21502],[69.21456,41.21549],[69.21533,41.21604],[69.21862,41.21716],[69.21552,41.22152],[69.2144,41.22084],[69.21509,41.21979],[69.21502,41.21955],[69.21131,41.21793],[69.21062,41.21801]]]},"properties":{"name":"Ziynat","district":"Sergeli","soato_district":"1726283","mahalla_code":"1726283010","cadastral_number":"1726283010","area_ha":21.89,"area_ha_utm":21.91,"lat":41.21779,"lng":69.21475,"source":"Кадастр агентлиги, геопортал open.ngis.uz (слой UZKAD/MAHALLA_UZKAD_DB16), мастер-набор tashkent_gis_master","source_date":"2026-09-18"}},{"type":"Feature","geometry":{"type":"Polygon","coordinates":[[[69.21792,41.22034],[69.21906,41.22077],[69.2201,41.22046],[69.22147,41.22042],[69.2234,41.22111],[69.22136,41.22438],[69.2171,41.22289],[69.21791,41.22169],[69.21654,41.22122],[69.21617,41.22175],[69.21552,41.22152],[69.21667,41.21991],[69.21792,41.22034]]]},"properties":{"name":"Yangi Sergeli","district":"Sergeli","soato_district":"1726283","mahalla_code":"1726283011","cadastral_number":"1726283011","area_ha":17.23,"area_ha_utm":17.25,"lat":41.22196,"lng":69.21978,"source":"Кадастр агентлиги, геопортал open.ngis.uz (слой UZKAD/MAHALLA_UZKAD_DB16), мастер-набор tashkent_gis_master","source_date":"2026-09-18"}},{"type":"Feature","geometry":{"type":"Polygon","coordinates":[[[69.2234,41.22111],[69.22147,41.22042],[69.2201,41.22046],[69.21906,41.22077],[69.21667,41.21991],[69.21862,41.21716],[69.22454,41.21928],[69.2234,41.22111]]]},"properties":{"name":"Sohibqiron","district":"Sergeli","soato_district":"1726283","mahalla_code":"1726283012","cadastral_number":"1726283012","area_ha":15.97,"area_ha_utm":15.84,"lat":41.21932,"lng":69.22045,"source":"Кадастр агентлиги, геопортал open.ngis.uz (слой UZKAD/MAHALLA_UZKAD_DB16), мастер-набор tashkent_gis_master","source_date":"2026-09-18"}},{"type":"Feature","geometry":{"type":"Polygon","coordinates":[[[69.27687,41.23539],[69.27784,41.23661],[69.27413,41.23822],[69.27188,41.23373],[69.26781,41.23277],[69.26767,41.23255],[69.26646,41.23228],[69.26356,41.2311],[69.25742,41.228],[69.25703,41.22723],[69.25887,41.22775],[69.26086,41.22594],[69.2619,41.22641],[69.26239,41.22719],[69.26415,41.22798],[69.2653,41.22692],[69.26575,41.22718],[69.26701,41.2261],[69.26814,41.22599],[69.26999,41.22353],[69.27238,41.22196],[69.27495,41.21906],[69.27549,41.21894],[69.27807,41.21898],[69.27906,41.2187],[69.28008,41.21917],[69.27969,41.21966],[69.27847,41.22232],[69.278,41.22411],[69.27721,41.22526],[69.27645,41.22505],[69.27407,41.22733],[69.27097,41.22513],[69.27026,41.22585],[69.26974,41.22683],[69.26888,41.22721],[69.27076,41.23042],[69.27194,41.23285],[69.27322,41.23252],[69.27464,41.2343],[69.27585,41.23401],[69.27687,41.23539]]]},"properties":{"name":"Xontepa","district":"Sergeli","soato_district":"1726283","mahalla_code":"1726283014","cadastral_number":"1726283014","area_ha":113.87,"area_ha_utm":113.95,"lat":41.2276,"lng":69.27065,"source":"Кадастр агентлиги, геопортал open.ngis.uz (слой UZKAD/MAHALLA_UZKAD_DB16), мастер-набор tashkent_gis_master","source_date":"2026-09-18"}},{"type":"Feature","geometry":{"type":"Polygon","coordinates":[[[69.26667,41.21756],[69.267,41.21784],[69.26642,41.21872],[69.26264,41.22244],[69.24494,41.21519],[69.24532,41.21255],[69.24535,41.21128],[69.24622,41.20534],[69.24754,41.20561],[69.24767,41.20546],[69.24844,41.20575],[69.25191,41.2075],[69.25219,41.20713],[69.25281,41.20675],[69.25632,41.20886],[69.25706,41.20914],[69.26528,41.20985],[69.26134,41.21534],[69.26282,41.21594],[69.2627,41.21609],[69.26667,41.21756]]]},"properties":{"name":"Quruvchilar","district":"Sergeli","soato_district":"1726283","mahalla_code":"1726283015","cadastral_number":"1726283015","area_ha":196.17,"area_ha_utm":195.65,"lat":41.21377,"lng":69.25519,"source":"Кадастр агентлиги, геопортал open.ngis.uz (слой UZKAD/MAHALLA_UZKAD_DB16), мастер-набор tashkent_gis_master","source_date":"2026-09-18"}},{"type":"Feature","geometry":{"type":"Polygon","coordinates":[[[69.27562,41.20225],[69.26957,41.20665],[69.26932,41.20652],[69.26833,41.20693],[69.26641,41.20849],[69.26528,41.20985],[69.25706,41.20914],[69.25632,41.20886],[69.25281,41.20675],[69.25219,41.20713],[69.25191,41.2075],[69.24844,41.20575],[69.24767,41.20546],[69.24754,41.20561],[69.24622,41.20534],[69.24669,41.20229],[69.24741,41.19976],[69.24831,41.19794],[69.25109,41.19481],[69.2564,41.19141],[69.25818,41.19238],[69.2637,41.1963],[69.27267,41.20048],[69.27562,41.20225]]]},"properties":{"name":"Daryo boʻyi","district":"Sergeli","soato_district":"1726283","mahalla_code":"1726283016","cadastral_number":"1726283016","area_ha":293.76,"area_ha_utm":294.04,"lat":41.20164,"lng":69.25928,"source":"Кадастр агентлиги, геопортал open.ngis.uz (слой UZKAD/MAHALLA_UZKAD_DB16), мастер-набор tashkent_gis_master","source_date":"2026-09-18"}},{"type":"Feature","geometry":{"type":"Polygon","coordinates":[[[69.23147,41.21032],[69.23191,41.20981],[69.23784,41.21226],[69.23513,41.21608],[69.22886,41.21349],[69.23147,41.21032]]]},"properties":{"name":"Nurhayot","district":"Sergeli","soato_district":"1726283","mahalla_code":"1726283017","cadastral_number":"1726283017","area_ha":28.09,"area_ha_utm":28.12,"lat":41.21293,"lng":69.23342,"source":"Кадастр агентлиги, геопортал open.ngis.uz (слой UZKAD/MAHALLA_UZKAD_DB16), мастер-набор tashkent_gis_master","source_date":"2026-09-18"}},{"type":"Feature","geometry":{"type":"Polygon","coordinates":[[[69.23736,41.21287],[69.23784,41.21226],[69.24246,41.21417],[69.24201,41.21473],[69.24121,41.21506],[69.24115,41.21535],[69.24178,41.2156],[69.24199,41.2153],[69.24261,41.21557],[69.24186,41.21655],[69.24151,41.21672],[69.24096,41.21661],[69.24081,41.21682],[69.24002,41.21717],[69.23953,41.21791],[69.23513,41.21608],[69.23736,41.21287]]]},"properties":{"name":"Saxovat","district":"Sergeli","soato_district":"1726283","mahalla_code":"1726283018","cadastral_number":"1726283018","area_ha":22.11,"area_ha_utm":21.95,"lat":41.21515,"lng":69.23891,"source":"Кадастр агентлиги, геопортал open.ngis.uz (слой UZKAD/MAHALLA_UZKAD_DB16), мастер-набор tashkent_gis_master","source_date":"2026-09-18"}},{"type":"Feature","geometry":{"type":"Polygon","coordinates":[[[69.24229,41.21438],[69.24246,41.21417],[69.24494,41.21519],[69.24487,41.21579],[69.24508,41.21584],[69.24449,41.21993],[69.23953,41.21791],[69.24002,41.21717],[69.24081,41.21682],[69.24096,41.21661],[69.24151,41.21672],[69.24186,41.21655],[69.24261,41.21557],[69.24199,41.2153],[69.24178,41.2156],[69.24115,41.21535],[69.24126,41.21521],[69.24113,41.21515],[69.24201,41.21473],[69.24229,41.21438]]]},"properties":{"name":"Qipchoq","district":"Sergeli","soato_district":"1726283","mahalla_code":"1726283019","cadastral_number":"1726283019","area_ha":16.2,"area_ha_utm":16.2,"lat":41.21709,"lng":69.2429,"source":"Кадастр агентлиги, геопортал open.ngis.uz (слой UZKAD/MAHALLA_UZKAD_DB16), мастер-набор tashkent_gis_master","source_date":"2026-09-18"}},{"type":"Feature","geometry":{"type":"Polygon","coordinates":[[[69.22834,41.21047],[69.22823,41.21062],[69.22721,41.21024],[69.22689,41.21032],[69.22654,41.21057],[69.22589,41.21155],[69.2255,41.21139],[69.22469,41.21251],[69.21693,41.20931],[69.22002,41.20487],[69.22912,41.20865],[69.22807,41.21015],[69.22834,41.21047]]]},"properties":{"name":"Nilufar","district":"Sergeli","soato_district":"1726283","mahalla_code":"1726283021","cadastral_number":"1726283021","area_ha":45.09,"area_ha_utm":45.2,"lat":41.20877,"lng":69.22281,"source":"Кадастр агентлиги, геопортал open.ngis.uz (слой UZKAD/MAHALLA_UZKAD_DB16), мастер-набор tashkent_gis_master","source_date":"2026-09-18"}},{"type":"Feature","geometry":{"type":"Polygon","coordinates":[[[69.22841,41.20965],[69.22912,41.20865],[69.23191,41.20981],[69.22841,41.21406],[69.22469,41.21251],[69.2255,41.21139],[69.22589,41.21155],[69.22654,41.21057],[69.22689,41.21032],[69.22721,41.21024],[69.22823,41.21062],[69.22834,41.21043],[69.22807,41.21015],[69.22841,41.20965]]]},"properties":{"name":"Ittifoq","district":"Sergeli","soato_district":"1726283","mahalla_code":"1726283022","cadastral_number":"1726283022","area_ha":17.02,"area_ha_utm":16.87,"lat":41.21141,"lng":69.22839,"source":"Кадастр агентлиги, геопортал open.ngis.uz (слой UZKAD/MAHALLA_UZKAD_DB16), мастер-набор tashkent_gis_master","source_date":"2026-09-18"}},{"type":"Feature","geometry":{"type":"Polygon","coordinates":[[[69.2898,41.22042],[69.28978,41.22085],[69.28925,41.22146],[69.28814,41.22033],[69.28724,41.21969],[69.28648,41.21959],[69.28649,41.21944],[69.28334,41.21827],[69.28193,41.21789],[69.28044,41.21778],[69.27962,41.21803],[69.27825,41.21528],[69.27714,41.21522],[69.27573,41.21539],[69.27364,41.21498],[69.27272,41.21468],[69.27142,41.21384],[69.2695,41.2155],[69.26813,41.217],[69.26768,41.21653],[69.26653,41.21747],[69.2627,41.21609],[69.26282,41.21594],[69.26134,41.21534],[69.26556,41.20946],[69.2667,41.20822],[69.26833,41.20693],[69.26932,41.20652],[69.26957,41.20665],[69.27562,41.20225],[69.2804,41.20505],[69.27935,41.20614],[69.28161,41.20771],[69.28322,41.20942],[69.28396,41.21056],[69.28421,41.21247],[69.28453,41.21297],[69.28501,41.2135],[69.28642,41.21447],[69.28723,41.21531],[69.2888,41.21715],[69.28988,41.21871],[69.2898,41.22042]]]},"properties":{"name":"Farog'atli","district":"Sergeli","soato_district":"1726283","mahalla_code":"1726283023","cadastral_number":"1726283023","area_ha":219.08,"area_ha_utm":218.89,"lat":41.21179,"lng":69.27564,"source":"Кадастр агентлиги, геопортал open.ngis.uz (слой UZKAD/MAHALLA_UZKAD_DB16), мастер-набор tashkent_gis_master","source_date":"2026-09-18"}},{"type":"Feature","geometry":{"type":"Polygon","coordinates":[[[69.30896,41.24414],[69.30815,41.24415],[69.3077,41.2434],[69.30788,41.24329],[69.30773,41.24316],[69.30795,41.24297],[69.3076,41.24224],[69.30755,41.23868],[69.30717,41.23866],[69.30631,41.23755],[69.30493,41.23677],[69.30456,41.23745],[69.30134,41.23625],[69.30399,41.23132],[69.30348,41.23108],[69.30468,41.22967],[69.30713,41.23056],[69.30839,41.23156],[69.30833,41.23188],[69.30856,41.23198],[69.31152,41.23251],[69.31225,41.23282],[69.31751,41.23718],[69.32172,41.23761],[69.31925,41.2395],[69.31605,41.24233],[69.31483,41.24318],[69.31234,41.24402],[69.30896,41.24414]]]},"properties":{"name":"Eshonbuloq","district":"Sergeli","soato_district":"1726283","mahalla_code":"1726283024","cadastral_number":"1726283024","area_ha":129.74,"area_ha_utm":129.54,"lat":41.23737,"lng":69.31057,"source":"Кадастр агентлиги, геопортал open.ngis.uz (слой UZKAD/MAHALLA_UZKAD_DB16), мастер-набор tashkent_gis_master","source_date":"2026-09-18"}},{"type":"Feature","geometry":{"type":"Polygon","coordinates":[[[69.28954,41.24288],[69.29115,41.24356],[69.29152,41.24428],[69.27723,41.24434],[69.27413,41.23822],[69.27784,41.23661],[69.27687,41.23539],[69.27833,41.23461],[69.2788,41.23509],[69.28043,41.23595],[69.28135,41.23686],[69.28272,41.23719],[69.28196,41.23765],[69.28301,41.23835],[69.28625,41.23975],[69.28745,41.24059],[69.28925,41.24276],[69.28954,41.24288]]]},"properties":{"name":"Nomdanak","district":"Sergeli","soato_district":"1726283","mahalla_code":"1726283026","cadastral_number":"1726283026","area_ha":82.13,"area_ha_utm":82.16,"lat":41.24075,"lng":69.28143,"source":"Кадастр агентлиги, геопортал open.ngis.uz (слой UZKAD/MAHALLA_UZKAD_DB16), мастер-набор tashkent_gis_master","source_date":"2026-09-18"}},{"type":"Feature","geometry":{"type":"Polygon","coordinates":[[[69.26541,41.24776],[69.26576,41.2481],[69.26799,41.24814],[69.26828,41.2483],[69.26815,41.25],[69.26838,41.25083],[69.26651,41.25084],[69.2665,41.25067],[69.26603,41.25068],[69.26603,41.25039],[69.26558,41.25039],[69.26558,41.2501],[69.26439,41.2501],[69.26437,41.25039],[69.26395,41.25039],[69.26395,41.25064],[69.26347,41.25068],[69.26347,41.25092],[69.2616,41.25092],[69.2616,41.25222],[69.25983,41.25276],[69.2589,41.2527],[69.25742,41.25319],[69.25568,41.25302],[69.25494,41.25339],[69.25164,41.25304],[69.24898,41.25475],[69.25015,41.25526],[69.25129,41.25548],[69.25122,41.25558],[69.25139,41.25568],[69.25267,41.25593],[69.25229,41.2568],[69.25041,41.2562],[69.25008,41.25639],[69.24836,41.25623],[69.24638,41.25682],[69.24573,41.25744],[69.24364,41.25724],[69.24196,41.25757],[69.24173,41.25816],[69.2416,41.25815],[69.24144,41.25922],[69.23854,41.25885],[69.23924,41.25389],[69.24021,41.24435],[69.26541,41.24439],[69.26541,41.24776]]]},"properties":{"name":"Qumariq","district":"Sergeli","soato_district":"1726283","mahalla_code":"1726283027","cadastral_number":"1726283027","area_ha":252.55,"area_ha_utm":251.55,"lat":41.24992,"lng":69.25094,"source":"Кадастр агентлиги, геопортал open.ngis.uz (слой UZKAD/MAHALLA_UZKAD_DB16), мастер-набор tashkent_gis_master","source_date":"2026-09-18"}},{"type":"Feature","geometry":{"type":"Polygon","coordinates":[[[69.27906,41.2187],[69.27807,41.21898],[69.27549,41.21894],[69.27495,41.21906],[69.27238,41.22196],[69.26999,41.22353],[69.26814,41.22599],[69.26701,41.2261],[69.26575,41.22718],[69.2653,41.22692],[69.26415,41.22798],[69.26239,41.22719],[69.2619,41.22641],[69.26086,41.22594],[69.25887,41.22775],[69.25671,41.22719],[69.25587,41.22631],[69.25397,41.22478],[69.24615,41.2197],[69.24545,41.21914],[69.24501,41.21849],[69.2447,41.21846],[69.24508,41.21584],[69.24487,41.21579],[69.24494,41.21519],[69.26264,41.22244],[69.26642,41.21872],[69.267,41.21784],[69.26653,41.21747],[69.26674,41.21723],[69.26768,41.21653],[69.26813,41.217],[69.2695,41.2155],[69.27142,41.21384],[69.27272,41.21468],[69.27364,41.21498],[69.27573,41.21539],[69.27714,41.21522],[69.27825,41.21528],[69.27961,41.21792],[69.27944,41.21844],[69.27906,41.2187]]]},"properties":{"name":"Xonobodtepa","district":"Sergeli","soato_district":"1726283","mahalla_code":"1726283028","cadastral_number":"1726283028","area_ha":188,"area_ha_utm":187.72,"lat":41.22099,"lng":69.26248,"source":"Кадастр агентлиги, геопортал open.ngis.uz (слой UZKAD/MAHALLA_UZKAD_DB16), мастер-набор tashkent_gis_master","source_date":"2026-09-18"}},{"type":"Feature","geometry":{"type":"Polygon","coordinates":[[[69.2485,41.23447],[69.24952,41.23336],[69.25113,41.23202],[69.24884,41.23069],[69.24948,41.2302],[69.24975,41.23033],[69.25002,41.22998],[69.24987,41.22989],[69.25029,41.22935],[69.25131,41.22994],[69.25098,41.23035],[69.25242,41.23104],[69.25424,41.22877],[69.25556,41.22926],[69.25606,41.22992],[69.25626,41.23088],[69.25657,41.23127],[69.25834,41.23272],[69.26245,41.23552],[69.2614,41.2369],[69.26196,41.23729],[69.26014,41.23777],[69.25795,41.23712],[69.25806,41.23694],[69.25708,41.23536],[69.25692,41.23537],[69.25525,41.23666],[69.25387,41.23842],[69.2485,41.23447]]]},"properties":{"name":"Ziyolilar","district":"Sergeli","soato_district":"1726283","mahalla_code":"1726283029","cadastral_number":"1726283029","area_ha":63.75,"area_ha_utm":63.86,"lat":41.23391,"lng":69.25491,"source":"Кадастр агентлиги, геопортал open.ngis.uz (слой UZKAD/MAHALLA_UZKAD_DB16), мастер-набор tashkent_gis_master","source_date":"2026-09-18"}},{"type":"Feature","geometry":{"type":"Polygon","coordinates":[[[69.28956,41.24287],[69.28925,41.24276],[69.28745,41.24059],[69.28625,41.23975],[69.28517,41.23933],[69.28652,41.23846],[69.28672,41.23861],[69.28826,41.23795],[69.28917,41.23815],[69.29019,41.23716],[69.291,41.23723],[69.29108,41.23651],[69.29072,41.23646],[69.29096,41.23497],[69.29084,41.2349],[69.29099,41.23459],[69.29092,41.23431],[69.29157,41.23471],[69.29501,41.23228],[69.29568,41.23308],[69.29657,41.23308],[69.29669,41.2345],[69.29709,41.23481],[69.29709,41.23516],[69.29634,41.23543],[69.29656,41.23584],[69.29743,41.23611],[69.29833,41.23589],[69.30066,41.23748],[69.30134,41.23625],[69.30456,41.23745],[69.30493,41.23677],[69.30631,41.23755],[69.30717,41.23866],[69.30755,41.23868],[69.3076,41.24224],[69.30795,41.24297],[69.30773,41.24316],[69.30788,41.24329],[69.3077,41.2434],[69.30814,41.24415],[69.29152,41.24428],[69.29115,41.24356],[69.28956,41.24287]]]},"properties":{"name":"Kengmakon","district":"Sergeli","soato_district":"1726283","mahalla_code":"1726283030","cadastral_number":"1726283030","area_ha":149.55,"area_ha_utm":149.58,"lat":41.2398,"lng":69.29732,"source":"Кадастр агентлиги, геопортал open.ngis.uz (слой UZKAD/MAHALLA_UZKAD_DB16), мастер-набор tashkent_gis_master","source_date":"2026-09-18"}},{"type":"Feature","geometry":{"type":"Polygon","coordinates":[[[69.27723,41.24434],[69.27367,41.24436],[69.27353,41.24413],[69.27224,41.24393],[69.27155,41.24332],[69.2709,41.24324],[69.27105,41.24279],[69.27031,41.24163],[69.26973,41.23976],[69.27009,41.23896],[69.27008,41.23838],[69.27035,41.23792],[69.27006,41.23738],[69.26884,41.23696],[69.26637,41.23715],[69.26484,41.23651],[69.26402,41.23639],[69.26097,41.23453],[69.25668,41.23137],[69.25626,41.23088],[69.25615,41.23012],[69.2559,41.22972],[69.256,41.22951],[69.25577,41.22896],[69.25599,41.22812],[69.25417,41.2274],[69.25379,41.22699],[69.25365,41.22613],[69.25336,41.22588],[69.25331,41.22543],[69.25359,41.2247],[69.25353,41.22447],[69.25587,41.22631],[69.25671,41.22719],[69.25703,41.22723],[69.25742,41.228],[69.26335,41.231],[69.26646,41.23228],[69.26767,41.23255],[69.26781,41.23277],[69.27188,41.23373],[69.27723,41.24434]]]},"properties":{"name":"Sultonobod","district":"Sergeli","soato_district":"1726283","mahalla_code":"1726283033","cadastral_number":"1726283033","area_ha":105.72,"area_ha_utm":105.85,"lat":41.23526,"lng":69.2664,"source":"Кадастр агентлиги, геопортал open.ngis.uz (слой UZKAD/MAHALLA_UZKAD_DB16), мастер-набор tashkent_gis_master","source_date":"2026-09-18"}},{"type":"Feature","geometry":{"type":"Polygon","coordinates":[[[69.29108,41.23651],[69.291,41.23723],[69.29019,41.23716],[69.28917,41.23815],[69.28826,41.23795],[69.28672,41.23861],[69.28652,41.23846],[69.28517,41.23933],[69.28301,41.23835],[69.28196,41.23765],[69.28272,41.23719],[69.28135,41.23686],[69.28043,41.23595],[69.27963,41.23555],[69.28016,41.23439],[69.27994,41.23433],[69.28039,41.23386],[69.27991,41.2335],[69.28214,41.23132],[69.28251,41.2314],[69.28302,41.23088],[69.28116,41.22937],[69.282,41.22877],[69.28239,41.22879],[69.28311,41.22848],[69.28409,41.2277],[69.28396,41.22763],[69.284,41.22699],[69.28372,41.22643],[69.2892,41.22907],[69.2906,41.23005],[69.28949,41.23114],[69.29002,41.2316],[69.28857,41.2333],[69.29024,41.23377],[69.29098,41.23426],[69.29072,41.23646],[69.29108,41.23651]]]},"properties":{"name":"Izzatli","district":"Sergeli","soato_district":"1726283","mahalla_code":"1726283034","cadastral_number":"1726283034","area_ha":85.27,"area_ha_utm":85.08,"lat":41.23343,"lng":69.28557,"source":"Кадастр агентлиги, геопортал open.ngis.uz (слой UZKAD/MAHALLA_UZKAD_DB16), мастер-набор tashkent_gis_master","source_date":"2026-09-18"}},{"type":"Feature","geometry":{"type":"Polygon","coordinates":[[[69.28345,41.22632],[69.28433,41.22482],[69.28438,41.22422],[69.28488,41.2236],[69.28578,41.22292],[69.28613,41.22222],[69.28721,41.22301],[69.28924,41.22154],[69.28978,41.22085],[69.28988,41.21871],[69.2907,41.22056],[69.2911,41.22101],[69.29196,41.22166],[69.29421,41.22279],[69.29317,41.22344],[69.29376,41.22456],[69.29426,41.22492],[69.29538,41.22526],[69.29616,41.22617],[69.29884,41.22777],[69.30046,41.22812],[69.30468,41.22967],[69.30348,41.23108],[69.30399,41.23132],[69.30066,41.23748],[69.29833,41.23589],[69.29743,41.23611],[69.29656,41.23584],[69.29634,41.23543],[69.29709,41.23516],[69.29709,41.23481],[69.29669,41.2345],[69.29657,41.23308],[69.29568,41.23308],[69.29501,41.23228],[69.29157,41.23471],[69.29024,41.23377],[69.28857,41.23332],[69.29002,41.2316],[69.28949,41.23114],[69.2906,41.23005],[69.28862,41.22877],[69.28345,41.22632]]]},"properties":{"name":"Sadoqat","district":"Sergeli","soato_district":"1726283","mahalla_code":"1726283035","cadastral_number":"1726283035","area_ha":146.58,"area_ha_utm":146.57,"lat":41.22887,"lng":69.29409,"source":"Кадастр агентлиги, геопортал open.ngis.uz (слой UZKAD/MAHALLA_UZKAD_DB16), мастер-набор tashkent_gis_master","source_date":"2026-09-18"}},{"type":"Feature","geometry":{"type":"Polygon","coordinates":[[[69.2839,41.24777],[69.2839,41.24742],[69.28319,41.2474],[69.28322,41.24637],[69.2829,41.24626],[69.28293,41.24585],[69.28322,41.24555],[69.28278,41.2453],[69.28342,41.24429],[69.28679,41.24428],[69.2868,41.24849],[69.28621,41.24849],[69.28554,41.24805],[69.28567,41.24776],[69.2839,41.24777]]]},"properties":{"name":"Shukrona","district":"Sergeli","soato_district":"1726283","mahalla_code":"1726283036","cadastral_number":"1726283036","area_ha":12.4,"area_ha_utm":12.35,"lat":41.24611,"lng":69.28506,"source":"Кадастр агентлиги, геопортал open.ngis.uz (слой UZKAD/MAHALLA_UZKAD_DB16), мастер-набор tashkent_gis_master","source_date":"2026-09-18"}},{"type":"Feature","geometry":{"type":"Polygon","coordinates":[[[69.28692,41.24866],[69.2868,41.24849],[69.28679,41.24428],[69.29234,41.24427],[69.29237,41.24656],[69.29419,41.24802],[69.29375,41.2481],[69.29366,41.24784],[69.29313,41.24796],[69.29265,41.24772],[69.29244,41.24798],[69.29225,41.24794],[69.29186,41.2482],[69.2911,41.24783],[69.29047,41.24775],[69.29033,41.24841],[69.28979,41.24845],[69.28976,41.24877],[69.28692,41.24866]]]},"properties":{"name":"Birdamlik (Ziyokor)","district":"Sergeli","soato_district":"1726283","mahalla_code":"1726283037","cadastral_number":"1726283037","area_ha":22.48,"area_ha_utm":22.54,"lat":41.24643,"lng":69.28962,"source":"Кадастр агентлиги, геопортал open.ngis.uz (слой UZKAD/MAHALLA_UZKAD_DB16), мастер-набор tashkent_gis_master","source_date":"2026-09-18"}},{"type":"Feature","geometry":{"type":"Polygon","coordinates":[[[69.30177,41.24645],[69.30182,41.25252],[69.29239,41.25264],[69.2924,41.25168],[69.29406,41.25055],[69.29649,41.25051],[69.29723,41.25035],[69.29701,41.25018],[69.29713,41.24999],[69.297,41.24933],[69.29699,41.24654],[69.30177,41.24645]]]},"properties":{"name":"Xalqabod","district":"Sergeli","soato_district":"1726283","mahalla_code":"1726283038","cadastral_number":"1726283038","area_ha":35.01,"area_ha_utm":35.17,"lat":41.25003,"lng":69.29836,"source":"Кадастр агентлиги, геопортал open.ngis.uz (слой UZKAD/MAHALLA_UZKAD_DB16), мастер-набор tashkent_gis_master","source_date":"2026-09-18"}},{"type":"Feature","geometry":{"type":"Polygon","coordinates":[[[69.30174,41.24416],[69.30178,41.24645],[69.29699,41.24654],[69.29697,41.24814],[69.29644,41.24814],[69.29633,41.2483],[69.2946,41.24833],[69.29237,41.24656],[69.29234,41.24428],[69.30174,41.24416]]]},"properties":{"name":"Madaniyat","district":"Sergeli","soato_district":"1726283","mahalla_code":"1726283039","cadastral_number":"1726283039","area_ha":25.83,"area_ha_utm":25.6,"lat":41.24583,"lng":69.2966,"source":"Кадастр агентлиги, геопортал open.ngis.uz (слой UZKAD/MAHALLA_UZKAD_DB16), мастер-набор tashkent_gis_master","source_date":"2026-09-18"}},{"type":"Feature","geometry":{"type":"Polygon","coordinates":[[[69.28787,41.26959],[69.2866,41.27051],[69.28536,41.27106],[69.28398,41.27138],[69.28238,41.27143],[69.28086,41.27117],[69.27723,41.27008],[69.26871,41.2685],[69.26896,41.26798],[69.2721,41.26822],[69.27209,41.26844],[69.27265,41.26842],[69.27261,41.26898],[69.27546,41.26952],[69.27554,41.26926],[69.27486,41.26913],[69.27502,41.26868],[69.27301,41.26842],[69.27285,41.26811],[69.27318,41.26806],[69.27332,41.26738],[69.27272,41.26729],[69.273,41.26604],[69.27335,41.26609],[69.27339,41.26588],[69.27361,41.2659],[69.27366,41.26562],[69.27344,41.2656],[69.27346,41.26549],[69.27368,41.26552],[69.27372,41.26531],[69.27351,41.26529],[69.27366,41.26449],[69.27331,41.26446],[69.27333,41.26423],[69.27371,41.2642],[69.27365,41.26383],[69.27571,41.26409],[69.27569,41.26445],[69.27655,41.26482],[69.27841,41.26518],[69.27847,41.26501],[69.27822,41.26497],[69.27836,41.26453],[69.27883,41.26421],[69.279,41.26347],[69.27956,41.26353],[69.2796,41.26335],[69.27984,41.26338],[69.28008,41.26253],[69.28326,41.26289],[69.2834,41.26224],[69.28579,41.26222],[69.2856,41.26299],[69.2832,41.26492],[69.28311,41.26527],[69.28359,41.26541],[69.28372,41.26527],[69.284,41.26542],[69.28687,41.26229],[69.29018,41.26261],[69.2948,41.26402],[69.29614,41.26363],[69.29727,41.26353],[69.2973,41.26321],[69.29786,41.26287],[69.30091,41.26276],[69.30259,41.26183],[69.30768,41.2644],[69.30755,41.26462],[69.30737,41.26454],[69.3027,41.2621],[69.30074,41.2631],[69.29808,41.26309],[69.29767,41.26338],[69.29763,41.26443],[69.29519,41.26457],[69.29327,41.26526],[69.29226,41.26594],[69.28787,41.26959]]]},"properties":{"name":"Uchuvchilar","district":"Sergeli","soato_district":"1726283","mahalla_code":"1726283040","cadastral_number":"1726283040","area_ha":126.89,"area_ha_utm":126.6,"lat":41.26653,"lng":69.28343,"source":"Кадастр агентлиги, геопортал open.ngis.uz (слой UZKAD/MAHALLA_UZKAD_DB16), мастер-набор tashkent_gis_master","source_date":"2026-09-18"}},{"type":"Feature","geometry":{"type":"Polygon","coordinates":[[[69.26541,41.24439],[69.24021,41.24435],[69.24104,41.24382],[69.24286,41.23114],[69.24357,41.23141],[69.24388,41.2311],[69.25387,41.23842],[69.25525,41.23666],[69.25708,41.23536],[69.25806,41.23694],[69.25795,41.23712],[69.26014,41.23777],[69.26196,41.23729],[69.2614,41.2369],[69.26245,41.23552],[69.26402,41.23639],[69.26484,41.23651],[69.26637,41.23715],[69.26884,41.23696],[69.27006,41.23738],[69.27035,41.23792],[69.27008,41.23838],[69.27009,41.23896],[69.26973,41.23976],[69.27031,41.24163],[69.27105,41.24279],[69.27087,41.24319],[69.27155,41.24332],[69.27243,41.24402],[69.27353,41.24413],[69.27367,41.24436],[69.26541,41.24439]]]},"properties":{"name":"Ko'hna qumariq","district":"Sergeli","soato_district":"1726283","mahalla_code":"1726283042","cadastral_number":"1726283042","area_ha":230.97,"area_ha_utm":231.86,"lat":41.23997,"lng":69.25474,"source":"Кадастр агентлиги, геопортал open.ngis.uz (слой UZKAD/MAHALLA_UZKAD_DB16), мастер-набор tashkent_gis_master","source_date":"2026-09-18"}},{"type":"Feature","geometry":{"type":"Polygon","coordinates":[[[69.27367,41.24436],[69.27373,41.24472],[69.27439,41.2449],[69.27439,41.24538],[69.27501,41.24557],[69.2751,41.24576],[69.27586,41.24626],[69.27628,41.24636],[69.27699,41.24694],[69.27737,41.24698],[69.27794,41.24788],[69.27829,41.2481],[69.27804,41.24868],[69.27815,41.24918],[69.27797,41.25062],[69.27721,41.25064],[69.27721,41.25005],[69.27504,41.2498],[69.27443,41.24946],[69.27428,41.24963],[69.27355,41.24926],[69.27369,41.24909],[69.27347,41.24895],[69.27369,41.24866],[69.27274,41.24821],[69.27317,41.24749],[69.27086,41.24614],[69.26997,41.24614],[69.26931,41.24591],[69.269,41.24626],[69.26925,41.24643],[69.26858,41.24714],[69.26833,41.24714],[69.2683,41.24772],[69.26847,41.24782],[69.26812,41.24821],[69.26576,41.2481],[69.26541,41.24776],[69.26541,41.24439],[69.27367,41.24436]]]},"properties":{"name":"Asrobod","district":"Sergeli","soato_district":"1726283","mahalla_code":"1726283043","cadastral_number":"1726283043","area_ha":37.75,"area_ha_utm":37.66,"lat":41.24679,"lng":69.27194,"source":"Кадастр агентлиги, геопортал open.ngis.uz (слой UZKAD/MAHALLA_UZKAD_DB16), мастер-набор tashkent_gis_master","source_date":"2026-09-18"}},{"type":"Feature","geometry":{"type":"Polygon","coordinates":[[[69.30847,41.26452],[69.30794,41.26472],[69.30755,41.26462],[69.30768,41.2644],[69.308,41.26446],[69.30832,41.26416],[69.3106,41.26105],[69.31059,41.26083],[69.30264,41.25739],[69.28577,41.25575],[69.28524,41.25586],[69.28101,41.25555],[69.27998,41.25541],[69.28002,41.25498],[69.27939,41.25486],[69.27741,41.25473],[69.27678,41.25499],[69.27451,41.2548],[69.27303,41.25433],[69.27148,41.25411],[69.27083,41.25373],[69.27084,41.25326],[69.26842,41.25185],[69.26841,41.25083],[69.26815,41.25],[69.26828,41.2483],[69.26812,41.24821],[69.26847,41.24782],[69.2683,41.24772],[69.26833,41.24714],[69.26858,41.24714],[69.26925,41.24643],[69.269,41.24626],[69.26931,41.24591],[69.26997,41.24614],[69.27086,41.24614],[69.27317,41.24749],[69.27274,41.24821],[69.27369,41.24866],[69.27347,41.24895],[69.27369,41.24909],[69.27355,41.24926],[69.27428,41.24963],[69.27443,41.24946],[69.27504,41.2498],[69.27721,41.25005],[69.27721,41.25064],[69.27797,41.25062],[69.27815,41.24918],[69.27804,41.24868],[69.27829,41.2481],[69.27794,41.24788],[69.27737,41.24698],[69.27699,41.24694],[69.27628,41.24636],[69.27586,41.24626],[69.2751,41.24576],[69.27501,41.24557],[69.27439,41.24538],[69.27439,41.2449],[69.27373,41.24472],[69.27367,41.24436],[69.28342,41.24429],[69.28278,41.2453],[69.28322,41.24555],[69.28293,41.24585],[69.2829,41.24626],[69.28322,41.24637],[69.28319,41.2474],[69.2839,41.24742],[69.2839,41.24777],[69.28567,41.24776],[69.28554,41.24805],[69.28621,41.24849],[69.2868,41.24849],[69.28692,41.24866],[69.28781,41.24878],[69.28974,41.24877],[69.28979,41.24845],[69.29033,41.24841],[69.29047,41.24775],[69.2911,41.24783],[69.29186,41.2482],[69.29225,41.24794],[69.29244,41.24798],[69.29265,41.24772],[69.29313,41.24796],[69.29366,41.24784],[69.29375,41.2481],[69.29419,41.24802],[69.2946,41.24833],[69.29629,41.24831],[69.29644,41.24814],[69.29697,41.24814],[69.29713,41.24999],[69.29701,41.25018],[69.29723,41.25035],[69.29649,41.25051],[69.29406,41.25055],[69.2924,41.25168],[69.29239,41.25264],[69.30182,41.25252],[69.30077,41.25426],[69.30094,41.25487],[69.30085,41.25532],[69.3011,41.25562],[69.30079,41.25619],[69.31125,41.26057],[69.30847,41.26452]]]},"properties":{"name":"Qoʻsh-qoʻrgon","district":"Sergeli","soato_district":"1726283","mahalla_code":"1726283044","cadastral_number":"1726283044","area_ha":230.91,"area_ha_utm":229.69,"lat":41.25155,"lng":69.28451,"source":"Кадастр агентлиги, геопортал open.ngis.uz (слой UZKAD/MAHALLA_UZKAD_DB16), мастер-набор tashkent_gis_master","source_date":"2026-09-18"}},{"type":"Feature","geometry":{"type":"Polygon","coordinates":[[[69.22245,41.25142],[69.22488,41.25175],[69.22574,41.24848],[69.22698,41.24636],[69.22755,41.24584],[69.23084,41.24833],[69.23112,41.24837],[69.23127,41.24738],[69.23166,41.24696],[69.23168,41.24568],[69.23281,41.2447],[69.23438,41.24465],[69.23457,41.24416],[69.24021,41.24435],[69.23924,41.25389],[69.23804,41.26281],[69.23497,41.2622],[69.23356,41.26172],[69.22703,41.25853],[69.21748,41.25428],[69.21635,41.25363],[69.217,41.25296],[69.21728,41.25243],[69.21912,41.25235],[69.22041,41.25267],[69.22041,41.25238],[69.22162,41.25211],[69.22245,41.25142]]]},"properties":{"name":"Qubay-tepa","district":"Sergeli","soato_district":"1726283","mahalla_code":"1726283046","cadastral_number":"1726283046","area_ha":225.02,"area_ha_utm":224.99,"lat":41.25316,"lng":69.23153,"source":"Кадастр агентлиги, геопортал open.ngis.uz (слой UZKAD/MAHALLA_UZKAD_DB16), мастер-набор tashkent_gis_master","source_date":"2026-09-18"}},{"type":"Feature","geometry":{"type":"Polygon","coordinates":[[[69.24633,41.26605],[69.24675,41.26375],[69.24785,41.26376],[69.25253,41.2645],[69.2525,41.26465],[69.25685,41.26544],[69.25726,41.26521],[69.25816,41.26606],[69.25965,41.26672],[69.2626,41.26732],[69.26159,41.26845],[69.26062,41.26986],[69.25927,41.27266],[69.25878,41.27238],[69.25872,41.27149],[69.25853,41.27116],[69.25751,41.2707],[69.24996,41.27057],[69.24998,41.27009],[69.24942,41.2691],[69.25187,41.26917],[69.25221,41.26828],[69.24858,41.26653],[69.24633,41.26605]]]},"properties":{"name":"Armugʻon","district":"Yakkasaray","soato_district":"1726287","mahalla_code":"1726287001","cadastral_number":"1726287001","area_ha":63.78,"area_ha_utm":63.65,"lat":41.26765,"lng":69.2545,"source":"Кадастр агентлиги, геопортал open.ngis.uz (слой UZKAD/MAHALLA_UZKAD_DB16), мастер-набор tashkent_gis_master","source_date":"2026-09-18"}},{"type":"Feature","geometry":{"type":"Polygon","coordinates":[[[69.24633,41.26605],[69.24858,41.26653],[69.25221,41.26828],[69.25187,41.26917],[69.24942,41.2691],[69.24998,41.27009],[69.24996,41.27057],[69.24806,41.27036],[69.24704,41.26959],[69.24704,41.26915],[69.24584,41.26917],[69.24633,41.26605]]]},"properties":{"name":"Boshliq","district":"Yakkasaray","soato_district":"1726287","mahalla_code":"1726287002","cadastral_number":"1726287002","area_ha":15.33,"area_ha_utm":15.47,"lat":41.26828,"lng":69.24855,"source":"Кадастр агентлиги, геопортал open.ngis.uz (слой UZKAD/MAHALLA_UZKAD_DB16), мастер-набор tashkent_gis_master","source_date":"2026-09-18"}},{"type":"Feature","geometry":{"type":"Polygon","coordinates":[[[69.24584,41.26917],[69.24463,41.27733],[69.22628,41.26085],[69.22802,41.2607],[69.22954,41.2611],[69.23662,41.26467],[69.23782,41.26511],[69.2375,41.2659],[69.23638,41.26682],[69.23705,41.26728],[69.24601,41.26804],[69.24584,41.26917]]]},"properties":{"name":"Dilbuloq","district":"Yakkasaray","soato_district":"1726287","mahalla_code":"1726287003","cadastral_number":"1726287003","area_ha":84.53,"area_ha_utm":84.4,"lat":41.26858,"lng":69.23836,"source":"Кадастр агентлиги, геопортал open.ngis.uz (слой UZKAD/MAHALLA_UZKAD_DB16), мастер-набор tashkent_gis_master","source_date":"2026-09-18"}},{"type":"Feature","geometry":{"type":"Polygon","coordinates":[[[69.25759,41.27072],[69.25853,41.27116],[69.25872,41.27149],[69.25878,41.27238],[69.25927,41.27266],[69.2536,41.28537],[69.24463,41.27733],[69.24584,41.26917],[69.24704,41.26915],[69.24706,41.26962],[69.24822,41.2704],[69.25318,41.27071],[69.25629,41.2706],[69.25759,41.27072]]]},"properties":{"name":"Muxandislar","district":"Yakkasaray","soato_district":"1726287","mahalla_code":"1726287004","cadastral_number":"1726287004","area_ha":132.01,"area_ha_utm":131.63,"lat":41.27605,"lng":69.25167,"source":"Кадастр агентлиги, геопортал open.ngis.uz (слой UZKAD/MAHALLA_UZKAD_DB16), мастер-набор tashkent_gis_master","source_date":"2026-09-18"}},{"type":"Feature","geometry":{"type":"Polygon","coordinates":[[[69.24633,41.26605],[69.24601,41.26804],[69.23705,41.26728],[69.23638,41.26682],[69.2375,41.2659],[69.23782,41.26511],[69.23662,41.26467],[69.22954,41.2611],[69.22802,41.2607],[69.22628,41.26085],[69.22476,41.25979],[69.2216,41.25903],[69.22164,41.2589],[69.21825,41.25799],[69.21683,41.25716],[69.21603,41.2564],[69.21566,41.25565],[69.21572,41.25493],[69.21659,41.25377],[69.22287,41.25676],[69.22822,41.25909],[69.23289,41.26142],[69.23465,41.26212],[69.24192,41.26366],[69.24199,41.26352],[69.24461,41.26392],[69.24551,41.26374],[69.24557,41.26386],[69.24675,41.26375],[69.24633,41.26605]]]},"properties":{"name":"Qushbegi","district":"Yakkasaray","soato_district":"1726287","mahalla_code":"1726287005","cadastral_number":"1726287005","area_ha":80.27,"area_ha_utm":79.7,"lat":41.26187,"lng":69.23246,"source":"Кадастр агентлиги, геопортал open.ngis.uz (слой UZKAD/MAHALLA_UZKAD_DB16), мастер-набор tashkent_gis_master","source_date":"2026-09-18"}},{"type":"Feature","geometry":{"type":"Polygon","coordinates":[[[69.22646,41.26966],[69.22875,41.27173],[69.23074,41.27047],[69.23395,41.27341],[69.23015,41.27581],[69.23176,41.27727],[69.23106,41.27772],[69.23135,41.27798],[69.23059,41.27838],[69.23042,41.27832],[69.2297,41.27888],[69.22922,41.27824],[69.22598,41.27564],[69.22549,41.27444],[69.22445,41.27289],[69.22337,41.27189],[69.22277,41.27053],[69.22193,41.2697],[69.22321,41.26907],[69.22414,41.27058],[69.22495,41.27028],[69.22442,41.26942],[69.22612,41.26893],[69.22646,41.26966]]]},"properties":{"name":"Meros","district":"Yakkasaray","soato_district":"1726287","mahalla_code":"1726287006","cadastral_number":"1726287006","area_ha":48.59,"area_ha_utm":48.64,"lat":41.27343,"lng":69.22817,"source":"Кадастр агентлиги, геопортал open.ngis.uz (слой UZKAD/MAHALLA_UZKAD_DB16), мастер-набор tashkent_gis_master","source_date":"2026-09-18"}},{"type":"Feature","geometry":{"type":"Polygon","coordinates":[[[69.24552,41.27814],[69.2449,41.27835],[69.24169,41.28045],[69.23074,41.27047],[69.23444,41.26814],[69.24552,41.27814]]]},"properties":{"name":"Toʻqimachi","district":"Yakkasaray","soato_district":"1726287","mahalla_code":"1726287009","cadastral_number":"1726287009","area_ha":58.49,"area_ha_utm":58.47,"lat":41.27428,"lng":69.23808,"source":"Кадастр агентлиги, геопортал open.ngis.uz (слой UZKAD/MAHALLA_UZKAD_DB16), мастер-набор tashkent_gis_master","source_date":"2026-09-18"}},{"type":"Feature","geometry":{"type":"Polygon","coordinates":[[[69.24165,41.29501],[69.24057,41.29482],[69.2401,41.29382],[69.23953,41.29354],[69.23773,41.29173],[69.23769,41.29084],[69.23797,41.28962],[69.23746,41.28815],[69.23667,41.28704],[69.23564,41.2866],[69.23644,41.28624],[69.2367,41.28673],[69.23755,41.28652],[69.23714,41.28536],[69.23784,41.2852],[69.23819,41.28599],[69.25193,41.28913],[69.25076,41.29187],[69.24876,41.29105],[69.2451,41.29024],[69.24395,41.29302],[69.24222,41.29264],[69.24195,41.29332],[69.2408,41.29316],[69.24161,41.2938],[69.24146,41.29486],[69.24165,41.29501]]]},"properties":{"name":"Belariq","district":"Yakkasaray","soato_district":"1726287","mahalla_code":"1726287011","cadastral_number":"1726287011","area_ha":61.24,"area_ha_utm":61.48,"lat":41.28975,"lng":69.24286,"source":"Кадастр агентлиги, геопортал open.ngis.uz (слой UZKAD/MAHALLA_UZKAD_DB16), мастер-набор tashkent_gis_master","source_date":"2026-09-18"}},{"type":"Feature","geometry":{"type":"Polygon","coordinates":[[[69.25866,41.29735],[69.25833,41.29774],[69.25324,41.29394],[69.25253,41.29375],[69.25073,41.29375],[69.25082,41.29167],[69.2536,41.28537],[69.2602,41.29131],[69.26409,41.29329],[69.25866,41.29735]]]},"properties":{"name":"Konstitutsiya","district":"Yakkasaray","soato_district":"1726287","mahalla_code":"1726287012","cadastral_number":"1726287012","area_ha":71.13,"area_ha_utm":70.79,"lat":41.29208,"lng":69.25645,"source":"Кадастр агентлиги, геопортал open.ngis.uz (слой UZKAD/MAHALLA_UZKAD_DB16), мастер-набор tashkent_gis_master","source_date":"2026-09-18"}},{"type":"Feature","geometry":{"type":"Polygon","coordinates":[[[69.24147,41.29438],[69.24162,41.29436],[69.24161,41.2938],[69.2408,41.29316],[69.24195,41.29332],[69.24222,41.29264],[69.24395,41.29302],[69.2451,41.29024],[69.24876,41.29105],[69.25076,41.29187],[69.25071,41.29435],[69.25019,41.29687],[69.24889,41.30059],[69.24838,41.30015],[69.24355,41.29779],[69.24201,41.29735],[69.24206,41.29607],[69.24151,41.29506],[69.24165,41.29501],[69.24146,41.29486],[69.24147,41.29438]]]},"properties":{"name":"Rakatboshi","district":"Yakkasaray","soato_district":"1726287","mahalla_code":"1726287013","cadastral_number":"1726287013","area_ha":58.82,"area_ha_utm":58.75,"lat":41.29503,"lng":69.24652,"source":"Кадастр агентлиги, геопортал open.ngis.uz (слой UZKAD/MAHALLA_UZKAD_DB16), мастер-набор tashkent_gis_master","source_date":"2026-09-18"}},{"type":"Feature","geometry":{"type":"Polygon","coordinates":[[[69.25833,41.29774],[69.25697,41.29884],[69.25735,41.29924],[69.25725,41.29937],[69.25552,41.30059],[69.25545,41.3003],[69.25363,41.30016],[69.25365,41.30003],[69.25262,41.29992],[69.25248,41.3001],[69.25012,41.29959],[69.25005,41.29989],[69.25022,41.29999],[69.24993,41.30047],[69.24909,41.30003],[69.25014,41.29707],[69.25073,41.29375],[69.25253,41.29375],[69.25337,41.294],[69.25833,41.29774]]]},"properties":{"name":"Tepa","district":"Yakkasaray","soato_district":"1726287","mahalla_code":"1726287014","cadastral_number":"1726287014","area_ha":36.62,"area_ha_utm":36.61,"lat":41.29741,"lng":69.25337,"source":"Кадастр агентлиги, геопортал open.ngis.uz (слой UZKAD/MAHALLA_UZKAD_DB16), мастер-набор tashkent_gis_master","source_date":"2026-09-18"}},{"type":"Feature","geometry":{"type":"Polygon","coordinates":[[[69.26453,41.30203],[69.26465,41.30194],[69.26511,41.30217],[69.26533,41.30195],[69.26595,41.30218],[69.26653,41.30187],[69.26733,41.30493],[69.26903,41.30906],[69.26761,41.30939],[69.26401,41.31075],[69.25999,41.31109],[69.25976,41.3105],[69.25887,41.31],[69.25835,41.30906],[69.25369,41.30425],[69.25343,41.30328],[69.2525,41.30242],[69.25147,41.30221],[69.2508,41.30157],[69.24948,41.30103],[69.24889,41.30059],[69.24909,41.30003],[69.24993,41.30047],[69.25022,41.29999],[69.25005,41.29989],[69.25012,41.29959],[69.25248,41.3001],[69.25262,41.29992],[69.25365,41.30003],[69.25363,41.30016],[69.25545,41.3003],[69.25552,41.30059],[69.25725,41.29937],[69.25735,41.29924],[69.25697,41.29884],[69.25833,41.29774],[69.26419,41.3023],[69.26453,41.30203]]]},"properties":{"name":"Yunus Rajabiy","district":"Yakkasaray","soato_district":"1726287","mahalla_code":"1726287015","cadastral_number":"1726287015","area_ha":123.16,"area_ha_utm":123.11,"lat":41.30474,"lng":69.26032,"source":"Кадастр агентлиги, геопортал open.ngis.uz (слой UZKAD/MAHALLA_UZKAD_DB16), мастер-набор tashkent_gis_master","source_date":"2026-09-18"}},{"type":"Feature","geometry":{"type":"Polygon","coordinates":[[[69.26521,41.28407],[69.25776,41.28911],[69.2536,41.28537],[69.25569,41.28072],[69.25947,41.28175],[69.26521,41.28407]]]},"properties":{"name":"Abdulla Qaxxor","district":"Yakkasaray","soato_district":"1726287","mahalla_code":"1726287016","cadastral_number":"1726287016","area_ha":47.89,"area_ha_utm":47.8,"lat":41.28468,"lng":69.25855,"source":"Кадастр агентлиги, геопортал open.ngis.uz (слой UZKAD/MAHALLA_UZKAD_DB16), мастер-набор tashkent_gis_master","source_date":"2026-09-18"}},{"type":"Feature","geometry":{"type":"Polygon","coordinates":[[[69.2642,41.274],[69.26416,41.27509],[69.26346,41.27604],[69.26262,41.27785],[69.25999,41.28086],[69.25947,41.28175],[69.25569,41.28072],[69.25927,41.27266],[69.25956,41.2726],[69.25997,41.27289],[69.26142,41.27304],[69.26467,41.2729],[69.2642,41.274]]]},"properties":{"name":"Bobur","district":"Yakkasaray","soato_district":"1726287","mahalla_code":"1726287017","cadastral_number":"1726287017","area_ha":41.59,"area_ha_utm":41.52,"lat":41.27693,"lng":69.26011,"source":"Кадастр агентлиги, геопортал open.ngis.uz (слой UZKAD/MAHALLA_UZKAD_DB16), мастер-набор tashkent_gis_master","source_date":"2026-09-18"}},{"type":"Feature","geometry":{"type":"Polygon","coordinates":[[[69.26419,41.3023],[69.25833,41.29774],[69.25866,41.29735],[69.26409,41.29329],[69.26641,41.2944],[69.26875,41.29578],[69.26751,41.30036],[69.26716,41.30108],[69.26653,41.30187],[69.26595,41.30218],[69.26533,41.30195],[69.26511,41.30217],[69.26465,41.30194],[69.26419,41.3023]]]},"properties":{"name":"Bogʻsaroy","district":"Yakkasaray","soato_district":"1726287","mahalla_code":"1726287018","cadastral_number":"1726287018","area_ha":51.83,"area_ha_utm":51.74,"lat":41.29781,"lng":69.26416,"source":"Кадастр агентлиги, геопортал open.ngis.uz (слой UZKAD/MAHALLA_UZKAD_DB16), мастер-набор tashkent_gis_master","source_date":"2026-09-18"}},{"type":"Feature","geometry":{"type":"Polygon","coordinates":[[[69.2536,41.28537],[69.25193,41.28913],[69.24612,41.28778],[69.24743,41.28494],[69.24438,41.28428],[69.245,41.28319],[69.24701,41.28181],[69.24852,41.28214],[69.24943,41.28163],[69.2536,41.28537]]]},"properties":{"name":"Shoxjoxon","district":"Yakkasaray","soato_district":"1726287","mahalla_code":"1726287021","cadastral_number":"1726287021","area_ha":37.52,"area_ha_utm":37.6,"lat":41.28534,"lng":69.24931,"source":"Кадастр агентлиги, геопортал open.ngis.uz (слой UZKAD/MAHALLA_UZKAD_DB16), мастер-набор tashkent_gis_master","source_date":"2026-09-18"}},{"type":"Feature","geometry":{"type":"Polygon","coordinates":[[[69.36044,41.28393],[69.35814,41.28314],[69.35803,41.28329],[69.35668,41.28272],[69.35645,41.28298],[69.35579,41.28269],[69.35556,41.28299],[69.35523,41.28311],[69.35263,41.28212],[69.35232,41.28217],[69.35076,41.28167],[69.35027,41.28141],[69.35032,41.28031],[69.35081,41.28048],[69.35108,41.2804],[69.35265,41.27803],[69.36091,41.28109],[69.36044,41.28393]]]},"properties":{"name":"Iltifot","district":"Yashnabad","soato_district":"1726290","mahalla_code":"1726290001","cadastral_number":"1726290001","area_ha":31.29,"area_ha_utm":31.12,"lat":41.28111,"lng":69.35566,"source":"Кадастр агентлиги, геопортал open.ngis.uz (слой UZKAD/MAHALLA_UZKAD_DB16), мастер-набор tashkent_gis_master","source_date":"2026-09-18"}},{"type":"Feature","geometry":{"type":"Polygon","coordinates":[[[69.36708,41.29052],[69.36732,41.29075],[69.36813,41.29068],[69.36911,41.29088],[69.37051,41.29033],[69.3728,41.29047],[69.37285,41.29192],[69.37079,41.29173],[69.37028,41.2923],[69.37107,41.2927],[69.36944,41.29458],[69.36905,41.295],[69.3682,41.29459],[69.3675,41.29538],[69.36515,41.29423],[69.36541,41.2939],[69.36373,41.29308],[69.36537,41.29155],[69.36521,41.29133],[69.36628,41.29023],[69.36708,41.29052]]]},"properties":{"name":"Al-Buxoriy","district":"Yashnabad","soato_district":"1726290","mahalla_code":"1726290002","cadastral_number":"1726290002","area_ha":24.43,"area_ha_utm":24.43,"lat":41.2925,"lng":69.3681,"source":"Кадастр агентлиги, геопортал open.ngis.uz (слой UZKAD/MAHALLA_UZKAD_DB16), мастер-набор tashkent_gis_master","source_date":"2026-09-18"}},{"type":"Feature","geometry":{"type":"Polygon","coordinates":[[[69.36035,41.30433],[69.36026,41.30673],[69.35975,41.3094],[69.35666,41.30841],[69.35283,41.30752],[69.34191,41.30615],[69.34139,41.3057],[69.34127,41.30506],[69.34093,41.30488],[69.34527,41.301],[69.35262,41.29633],[69.35608,41.2928],[69.36158,41.2952],[69.35897,41.29583],[69.35736,41.29581],[69.35719,41.29611],[69.35723,41.29754],[69.35694,41.29754],[69.35695,41.29912],[69.35617,41.29965],[69.36035,41.30433]]]},"properties":{"name":"Amir Temur","district":"Yashnabad","soato_district":"1726290","mahalla_code":"1726290003","cadastral_number":"1726290003","area_ha":151.66,"area_ha_utm":151.21,"lat":41.30228,"lng":69.35247,"source":"Кадастр агентлиги, геопортал open.ngis.uz (слой UZKAD/MAHALLA_UZKAD_DB16), мастер-набор tashkent_gis_master","source_date":"2026-09-18"}},{"type":"Feature","geometry":{"type":"Polygon","coordinates":[[[69.35776,41.29101],[69.35834,41.29041],[69.36373,41.29308],[69.36158,41.2952],[69.35607,41.29279],[69.35776,41.29101]]]},"properties":{"name":"Vatandosh","district":"Yashnabad","soato_district":"1726290","mahalla_code":"1726290004","cadastral_number":"1726290004","area_ha":16.64,"area_ha_utm":16.37,"lat":41.29286,"lng":69.35991,"source":"Кадастр агентлиги, геопортал open.ngis.uz (слой UZKAD/MAHALLA_UZKAD_DB16), мастер-набор tashkent_gis_master","source_date":"2026-09-18"}},{"type":"Feature","geometry":{"type":"Polygon","coordinates":[[[69.35855,41.29015],[69.35929,41.28915],[69.35976,41.28794],[69.36172,41.28819],[69.36318,41.28876],[69.36454,41.28952],[69.36554,41.28979],[69.36628,41.29023],[69.36521,41.29133],[69.36537,41.29155],[69.36373,41.29308],[69.35834,41.29041],[69.35855,41.29015]]]},"properties":{"name":"Tong","district":"Yashnabad","soato_district":"1726290","mahalla_code":"1726290005","cadastral_number":"1726290005","area_ha":20.67,"area_ha_utm":20.68,"lat":41.29037,"lng":69.36226,"source":"Кадастр агентлиги, геопортал open.ngis.uz (слой UZKAD/MAHALLA_UZKAD_DB16), мастер-набор tashkent_gis_master","source_date":"2026-09-18"}},{"type":"Feature","geometry":{"type":"Polygon","coordinates":[[[69.36541,41.2939],[69.36515,41.29423],[69.3675,41.29538],[69.3682,41.29459],[69.36905,41.295],[69.36678,41.29769],[69.36158,41.2952],[69.36373,41.29308],[69.36541,41.2939]]]},"properties":{"name":"Mohinur","district":"Yashnabad","soato_district":"1726290","mahalla_code":"1726290006","cadastral_number":"1726290006","area_ha":14.28,"area_ha_utm":14.11,"lat":41.29542,"lng":69.3652,"source":"Кадастр агентлиги, геопортал open.ngis.uz (слой UZKAD/MAHALLA_UZKAD_DB16), мастер-набор tashkent_gis_master","source_date":"2026-09-18"}},{"type":"Feature","geometry":{"type":"Polygon","coordinates":[[[69.3572,41.29605],[69.35736,41.29581],[69.35897,41.29583],[69.36158,41.2952],[69.36604,41.29732],[69.3651,41.30025],[69.36315,41.30008],[69.36265,41.30082],[69.3618,41.30121],[69.36214,41.30165],[69.36108,41.30231],[69.36059,41.30334],[69.36035,41.30433],[69.35617,41.29965],[69.35695,41.29912],[69.35694,41.29754],[69.35723,41.29754],[69.3572,41.29605]]]},"properties":{"name":"Tuzel","district":"Yashnabad","soato_district":"1726290","mahalla_code":"1726290007","cadastral_number":"1726290007","area_ha":45.9,"area_ha_utm":45.51,"lat":41.29889,"lng":69.36079,"source":"Кадастр агентлиги, геопортал open.ngis.uz (слой UZKAD/MAHALLA_UZKAD_DB16), мастер-набор tashkent_gis_master","source_date":"2026-09-18"}},{"type":"Feature","geometry":{"type":"Polygon","coordinates":[[[69.38674,41.2959],[69.38594,41.29496],[69.38586,41.29421],[69.38513,41.29301],[69.38604,41.29246],[69.38682,41.29232],[69.39034,41.29249],[69.39119,41.29104],[69.39272,41.29256],[69.39405,41.29314],[69.40017,41.29671],[69.39571,41.30048],[69.39523,41.30019],[69.39393,41.30147],[69.39001,41.30047],[69.38826,41.29934],[69.38768,41.29867],[69.38694,41.29725],[69.38696,41.29637],[69.38674,41.2959]]]},"properties":{"name":"Hilol","district":"Yashnabad","soato_district":"1726290","mahalla_code":"1726290011","cadastral_number":"1726290011","area_ha":80.35,"area_ha_utm":80.53,"lat":41.29645,"lng":69.39215,"source":"Кадастр агентлиги, геопортал open.ngis.uz (слой UZKAD/MAHALLA_UZKAD_DB16), мастер-набор tashkent_gis_master","source_date":"2026-09-18"}},{"type":"Feature","geometry":{"type":"Polygon","coordinates":[[[69.42868,41.326],[69.42447,41.32579],[69.40992,41.32362],[69.41154,41.32128],[69.42538,41.31853],[69.42594,41.31561],[69.42312,41.31387],[69.42253,41.3146],[69.4221,41.31484],[69.4209,41.31444],[69.42351,41.31323],[69.42504,41.31219],[69.42607,41.311],[69.42753,41.31013],[69.42873,41.30888],[69.42887,41.30918],[69.42875,41.30938],[69.42923,41.31031],[69.43022,41.31102],[69.43415,41.31168],[69.43479,41.3123],[69.43487,41.31293],[69.43706,41.31482],[69.43852,41.3156],[69.4409,41.31649],[69.44177,41.31737],[69.44285,41.31793],[69.44423,41.31821],[69.44595,41.31908],[69.44685,41.31959],[69.4483,41.32077],[69.4361,41.32499],[69.43212,41.32576],[69.42868,41.326]]]},"properties":{"name":"Jarboshi","district":"Yashnabad","soato_district":"1726290","mahalla_code":"1726290013","cadastral_number":"1726290013","area_ha":277.84,"area_ha_utm":279.08,"lat":41.31966,"lng":69.42993,"source":"Кадастр агентлиги, геопортал open.ngis.uz (слой UZKAD/MAHALLA_UZKAD_DB16), мастер-набор tashkent_gis_master","source_date":"2026-09-18"}},{"type":"Feature","geometry":{"type":"Polygon","coordinates":[[[69.40173,41.30862],[69.4017,41.30881],[69.38905,41.30744],[69.38885,41.30633],[69.39039,41.30614],[69.39009,41.30554],[69.39191,41.30502],[69.39241,41.30474],[69.39265,41.30435],[69.39244,41.30398],[69.39008,41.30331],[69.38951,41.30281],[69.39008,41.30198],[69.39024,41.30122],[69.3909,41.30135],[69.39115,41.30082],[69.39393,41.30147],[69.39523,41.30019],[69.39571,41.30048],[69.40017,41.29671],[69.40656,41.3],[69.40859,41.30174],[69.40988,41.30315],[69.41078,41.30443],[69.41274,41.30488],[69.41414,41.3049],[69.4161,41.30432],[69.41663,41.30384],[69.41786,41.30494],[69.41822,41.30473],[69.41856,41.30489],[69.41758,41.30547],[69.41751,41.30571],[69.41772,41.30618],[69.41748,41.30643],[69.41834,41.30717],[69.41768,41.30781],[69.41725,41.30765],[69.41658,41.30689],[69.41613,41.30594],[69.41515,41.30532],[69.41352,41.30546],[69.41224,41.30525],[69.40995,41.30537],[69.40827,41.30484],[69.40766,41.30445],[69.40622,41.30412],[69.40377,41.3031],[69.40324,41.30385],[69.40381,41.30414],[69.4032,41.3049],[69.40269,41.30522],[69.40185,41.30444],[69.40091,41.30492],[69.40161,41.30532],[69.39961,41.30624],[69.39481,41.30576],[69.39441,41.30599],[69.39864,41.30773],[69.39847,41.30829],[69.40173,41.30862]]]},"properties":{"name":"Mohirlar","district":"Yashnabad","soato_district":"1726290","mahalla_code":"1726290014","cadastral_number":"1726290014","area_ha":123.62,"area_ha_utm":122.66,"lat":41.30307,"lng":69.4002,"source":"Кадастр агентлиги, геопортал open.ngis.uz (слой UZKAD/MAHALLA_UZKAD_DB16), мастер-набор tashkent_gis_master","source_date":"2026-09-18"}},{"type":"Feature","geometry":{"type":"Polygon","coordinates":[[[69.38682,41.29232],[69.38604,41.29246],[69.38513,41.29301],[69.38473,41.29224],[69.3826,41.29018],[69.3808,41.29025],[69.37983,41.28987],[69.37677,41.28958],[69.37702,41.28698],[69.37755,41.28643],[69.37737,41.28622],[69.37763,41.28612],[69.37927,41.28308],[69.37434,41.28161],[69.37368,41.28098],[69.3736,41.28036],[69.37408,41.27951],[69.37203,41.27769],[69.3729,41.27724],[69.37358,41.27764],[69.3741,41.27753],[69.37462,41.27765],[69.37579,41.27664],[69.37546,41.27653],[69.37758,41.27368],[69.3783,41.27418],[69.37855,41.27388],[69.37959,41.27421],[69.38,41.27343],[69.37989,41.27303],[69.37993,41.27096],[69.37971,41.26938],[69.3803,41.27001],[69.38193,41.27019],[69.38245,41.27061],[69.38368,41.27112],[69.38396,41.27138],[69.38406,41.27198],[69.38458,41.27299],[69.3876,41.275],[69.38909,41.27549],[69.38984,41.27599],[69.39138,41.27787],[69.3939,41.2794],[69.39471,41.28045],[69.39571,41.28118],[69.39773,41.28316],[69.39621,41.28443],[69.39657,41.28469],[69.39602,41.28497],[69.39547,41.28439],[69.39415,41.28357],[69.39372,41.2838],[69.39366,41.28509],[69.39385,41.28553],[69.39351,41.28587],[69.39284,41.2855],[69.39274,41.28565],[69.39234,41.28552],[69.39156,41.28507],[69.39107,41.28541],[69.38981,41.28679],[69.39035,41.28714],[69.38881,41.28823],[69.39119,41.29104],[69.39034,41.29249],[69.38682,41.29232]]]},"properties":{"name":"Bog'bon","district":"Yashnabad","soato_district":"1726290","mahalla_code":"1726290015","cadastral_number":"1726290015","area_ha":269.25,"area_ha_utm":268.29,"lat":41.28185,"lng":69.38438,"source":"Кадастр агентлиги, геопортал open.ngis.uz (слой UZKAD/MAHALLA_UZKAD_DB16), мастер-набор tashkent_gis_master","source_date":"2026-09-18"}},{"type":"Feature","geometry":{"type":"Polygon","coordinates":[[[69.42815,41.3095],[69.42753,41.31013],[69.42628,41.31081],[69.42478,41.31237],[69.42351,41.31323],[69.4209,41.31444],[69.42073,41.31421],[69.42185,41.31378],[69.41923,41.3111],[69.41701,41.30988],[69.41206,41.30932],[69.40993,41.3113],[69.40868,41.31129],[69.40568,41.30831],[69.40504,41.30857],[69.40442,41.3079],[69.40489,41.30758],[69.40391,41.30668],[69.39961,41.30624],[69.40161,41.30532],[69.40091,41.30492],[69.40185,41.30444],[69.40269,41.30522],[69.4032,41.3049],[69.40381,41.30414],[69.40324,41.30385],[69.40377,41.3031],[69.40622,41.30412],[69.40766,41.30445],[69.40827,41.30484],[69.40995,41.30537],[69.41224,41.30525],[69.41352,41.30546],[69.41515,41.30532],[69.41613,41.30594],[69.41658,41.30689],[69.41725,41.30765],[69.41768,41.30781],[69.41834,41.30717],[69.41748,41.30643],[69.41772,41.30618],[69.41751,41.30571],[69.41758,41.30547],[69.41856,41.30489],[69.41822,41.30473],[69.41786,41.30494],[69.41663,41.30384],[69.41736,41.30291],[69.41959,41.30148],[69.42028,41.3021],[69.42064,41.30274],[69.42189,41.30349],[69.42412,41.30595],[69.42514,41.30645],[69.42609,41.30722],[69.42715,41.30769],[69.42873,41.30888],[69.42815,41.3095]]]},"properties":{"name":"TashIsti","district":"Yashnabad","soato_district":"1726290","mahalla_code":"1726290016","cadastral_number":"1726290016","area_ha":135.44,"area_ha_utm":135.74,"lat":41.30767,"lng":69.41603,"source":"Кадастр агентлиги, геопортал open.ngis.uz (слой UZKAD/MAHALLA_UZKAD_DB16), мастер-набор tashkent_gis_master","source_date":"2026-09-18"}},{"type":"Feature","geometry":{"type":"Polygon","coordinates":[[[69.38227,41.2911],[69.38261,41.29095],[69.3828,41.2905],[69.38473,41.29224],[69.38586,41.29421],[69.38594,41.29496],[69.38687,41.29613],[69.38692,41.29721],[69.38808,41.2992],[69.38987,41.30041],[69.39115,41.30082],[69.3909,41.30135],[69.39024,41.30122],[69.39008,41.30198],[69.38951,41.30281],[69.39008,41.30331],[69.39244,41.30398],[69.39262,41.30428],[69.39231,41.30482],[69.39009,41.30554],[69.39039,41.30614],[69.38885,41.30633],[69.38905,41.30744],[69.38849,41.30848],[69.38723,41.30859],[69.38718,41.30745],[69.38581,41.30742],[69.38549,41.30705],[69.3822,41.3058],[69.38165,41.30645],[69.38069,41.30601],[69.38057,41.30608],[69.37984,41.30574],[69.38023,41.30491],[69.37582,41.30269],[69.37653,41.30195],[69.37623,41.30172],[69.37654,41.30141],[69.37672,41.30126],[69.3769,41.30141],[69.37969,41.29898],[69.37877,41.29836],[69.37621,41.29595],[69.37348,41.29381],[69.37418,41.2935],[69.37585,41.29435],[69.37715,41.29458],[69.3778,41.29492],[69.37838,41.29494],[69.37913,41.29527],[69.38055,41.2955],[69.38122,41.29507],[69.37964,41.2938],[69.38227,41.2911]]]},"properties":{"name":"Tovkentepa","district":"Yashnabad","soato_district":"1726290","mahalla_code":"1726290017","cadastral_number":"1726290017","area_ha":141.72,"area_ha_utm":141.79,"lat":41.30024,"lng":69.38357,"source":"Кадастр агентлиги, геопортал open.ngis.uz (слой UZKAD/MAHALLA_UZKAD_DB16), мастер-набор tashkent_gis_master","source_date":"2026-09-18"}},{"type":"Feature","geometry":{"type":"Polygon","coordinates":[[[69.34908,41.29494],[69.34666,41.29603],[69.3441,41.29779],[69.34245,41.29829],[69.34259,41.29861],[69.34179,41.29917],[69.34086,41.29725],[69.33993,41.29591],[69.34034,41.29571],[69.34012,41.2955],[69.34041,41.29531],[69.33994,41.2949],[69.33886,41.29243],[69.34109,41.29177],[69.34195,41.29134],[69.34477,41.28806],[69.34739,41.28931],[69.34662,41.2905],[69.34658,41.29125],[69.35042,41.2941],[69.34908,41.29494]]]},"properties":{"name":"Yashnobod","district":"Yashnabad","soato_district":"1726290","mahalla_code":"1726290018","cadastral_number":"1726290018","area_ha":57.28,"area_ha_utm":56.8,"lat":41.29367,"lng":69.34415,"source":"Кадастр агентлиги, геопортал open.ngis.uz (слой UZKAD/MAHALLA_UZKAD_DB16), мастер-набор tashkent_gis_master","source_date":"2026-09-18"}},{"type":"Feature","geometry":{"type":"Polygon","coordinates":[[[69.34766,41.28673],[69.35083,41.28821],[69.35421,41.2891],[69.35776,41.29101],[69.35295,41.29602],[69.34664,41.29133],[69.34655,41.29067],[69.34739,41.28931],[69.34477,41.28806],[69.34636,41.28614],[69.34766,41.28673]]]},"properties":{"name":"Birlashgan","district":"Yashnabad","soato_district":"1726290","mahalla_code":"1726290019","cadastral_number":"1726290019","area_ha":54.3,"area_ha_utm":54.44,"lat":41.29096,"lng":69.35122,"source":"Кадастр агентлиги, геопортал open.ngis.uz (слой UZKAD/MAHALLA_UZKAD_DB16), мастер-набор tashkent_gis_master","source_date":"2026-09-18"}},{"type":"Feature","geometry":{"type":"Polygon","coordinates":[[[69.35834,41.29041],[69.35776,41.29101],[69.35421,41.2891],[69.35083,41.28821],[69.34636,41.28614],[69.34822,41.28489],[69.34938,41.2836],[69.3525,41.28487],[69.35233,41.28514],[69.35332,41.28551],[69.35372,41.28556],[69.35419,41.28499],[69.35465,41.28533],[69.35849,41.2868],[69.35994,41.28689],[69.35947,41.2888],[69.35834,41.29041]]]},"properties":{"name":"Parvoz","district":"Yashnabad","soato_district":"1726290","mahalla_code":"1726290020","cadastral_number":"1726290020","area_ha":41.56,"area_ha_utm":41.68,"lat":41.28717,"lng":69.35372,"source":"Кадастр агентлиги, геопортал open.ngis.uz (слой UZKAD/MAHALLA_UZKAD_DB16), мастер-набор tashkent_gis_master","source_date":"2026-09-18"}},{"type":"Feature","geometry":{"type":"Polygon","coordinates":[[[69.34723,41.29975],[69.34552,41.30082],[69.34405,41.30205],[69.34245,41.29829],[69.3441,41.29779],[69.34666,41.29603],[69.34925,41.29486],[69.35042,41.2941],[69.35295,41.29602],[69.35142,41.29719],[69.34723,41.29975]]]},"properties":{"name":"Navroʻzobod","district":"Yashnabad","soato_district":"1726290","mahalla_code":"1726290021","cadastral_number":"1726290021","area_ha":30.85,"area_ha_utm":30.81,"lat":41.29775,"lng":69.3474,"source":"Кадастр агентлиги, геопортал open.ngis.uz (слой UZKAD/MAHALLA_UZKAD_DB16), мастер-набор tashkent_gis_master","source_date":"2026-09-18"}},{"type":"Feature","geometry":{"type":"Polygon","coordinates":[[[69.34476,41.28808],[69.34195,41.29134],[69.34109,41.29177],[69.33886,41.29243],[69.33766,41.28959],[69.3399,41.28907],[69.34105,41.28634],[69.34476,41.28808]]]},"properties":{"name":"Aviasozlar","district":"Yashnabad","soato_district":"1726290","mahalla_code":"1726290022","cadastral_number":"1726290022","area_ha":19.45,"area_ha_utm":19.46,"lat":41.28951,"lng":69.34113,"source":"Кадастр агентлиги, геопортал open.ngis.uz (слой UZKAD/MAHALLA_UZKAD_DB16), мастер-набор tashkent_gis_master","source_date":"2026-09-18"}},{"type":"Feature","geometry":{"type":"Polygon","coordinates":[[[69.34015,41.29631],[69.33998,41.2964],[69.33855,41.29523],[69.33856,41.29496],[69.3392,41.29452],[69.33843,41.29369],[69.33806,41.29379],[69.3378,41.29314],[69.33742,41.2929],[69.3367,41.29341],[69.33585,41.29287],[69.33304,41.29059],[69.33326,41.29045],[69.33314,41.29034],[69.3338,41.28988],[69.3335,41.28965],[69.33295,41.29004],[69.33101,41.28846],[69.3324,41.28713],[69.33312,41.28606],[69.33355,41.28494],[69.33371,41.2832],[69.33398,41.28318],[69.33546,41.28379],[69.33638,41.28424],[69.33651,41.28444],[69.3362,41.28456],[69.33537,41.28426],[69.33994,41.2949],[69.34041,41.29531],[69.34012,41.2955],[69.34034,41.29571],[69.33993,41.29591],[69.34015,41.29631]]]},"properties":{"name":"Maxmur","district":"Yashnabad","soato_district":"1726290","mahalla_code":"1726290023","cadastral_number":"1726290023","area_ha":38.72,"area_ha_utm":38.46,"lat":41.28925,"lng":69.3355,"source":"Кадастр агентлиги, геопортал open.ngis.uz (слой UZKAD/MAHALLA_UZKAD_DB16), мастер-набор tashkent_gis_master","source_date":"2026-09-18"}},{"type":"Feature","geometry":{"type":"Polygon","coordinates":[[[69.34179,41.29917],[69.34146,41.2992],[69.34131,41.29878],[69.34103,41.29863],[69.33897,41.29867],[69.33896,41.29851],[69.34011,41.29795],[69.33996,41.29737],[69.33883,41.2965],[69.33782,41.29717],[69.33662,41.29637],[69.33087,41.29155],[69.33049,41.29163],[69.32893,41.2914],[69.3284,41.29119],[69.32808,41.29081],[69.33101,41.28846],[69.33295,41.29004],[69.3335,41.28965],[69.3338,41.28988],[69.33314,41.29034],[69.33326,41.29045],[69.33304,41.29059],[69.3367,41.29341],[69.33742,41.2929],[69.3378,41.29314],[69.33806,41.29379],[69.33843,41.29369],[69.3391,41.29437],[69.3392,41.29452],[69.33856,41.29496],[69.33855,41.29523],[69.33998,41.2964],[69.34015,41.29631],[69.34086,41.29725],[69.34179,41.29917]]]},"properties":{"name":"Alimkent","district":"Yashnabad","soato_district":"1726290","mahalla_code":"1726290024","cadastral_number":"1726290024","area_ha":31.54,"area_ha_utm":31.43,"lat":41.2933,"lng":69.33477,"source":"Кадастр агентлиги, геопортал open.ngis.uz (слой UZKAD/MAHALLA_UZKAD_DB16), мастер-набор tashkent_gis_master","source_date":"2026-09-18"}},{"type":"Feature","geometry":{"type":"Polygon","coordinates":[[[69.34369,41.30117],[69.34243,41.30131],[69.33967,41.3011],[69.33863,41.30053],[69.33647,41.29856],[69.33239,41.29678],[69.32244,41.29457],[69.32251,41.29438],[69.3217,41.29433],[69.32142,41.29403],[69.32513,41.29265],[69.32808,41.29081],[69.3284,41.29119],[69.32893,41.2914],[69.33049,41.29163],[69.33087,41.29155],[69.33716,41.29678],[69.33782,41.29717],[69.33883,41.2965],[69.33996,41.29737],[69.34011,41.29795],[69.33896,41.29851],[69.33897,41.29867],[69.34103,41.29863],[69.34131,41.29878],[69.34146,41.2992],[69.34179,41.29917],[69.34259,41.29861],[69.34369,41.30117]]]},"properties":{"name":"Qadriyat","district":"Yashnabad","soato_district":"1726290","mahalla_code":"1726290025","cadastral_number":"1726290025","area_ha":62.97,"area_ha_utm":62.14,"lat":41.29577,"lng":69.33264,"source":"Кадастр агентлиги, геопортал open.ngis.uz (слой UZKAD/MAHALLA_UZKAD_DB16), мастер-набор tashkent_gis_master","source_date":"2026-09-18"}},{"type":"Feature","geometry":{"type":"Polygon","coordinates":[[[69.29262,41.30762],[69.28177,41.31071],[69.28134,41.31016],[69.28085,41.30985],[69.29077,41.29991],[69.2926,41.30161],[69.2971,41.30463],[69.29766,41.30518],[69.29807,41.30603],[69.29814,41.30658],[69.29794,41.30748],[69.29634,41.30713],[69.29516,41.30709],[69.29262,41.30762]]]},"properties":{"name":"Toʻy tepa","district":"Yashnabad","soato_district":"1726290","mahalla_code":"1726290026","cadastral_number":"1726290026","area_ha":74.1,"area_ha_utm":73.82,"lat":41.30573,"lng":69.2899,"source":"Кадастр агентлиги, геопортал open.ngis.uz (слой UZKAD/MAHALLA_UZKAD_DB16), мастер-набор tashkent_gis_master","source_date":"2026-09-18"}},{"type":"Feature","geometry":{"type":"Polygon","coordinates":[[[69.3253,41.31525],[69.32095,41.3157],[69.32033,41.31413],[69.32117,41.31387],[69.32106,41.31347],[69.32179,41.31348],[69.32153,41.31301],[69.32369,41.3124],[69.32312,41.31139],[69.3255,41.31055],[69.32604,41.31067],[69.32521,41.31108],[69.32566,41.31213],[69.32536,41.31223],[69.32568,41.31281],[69.32557,41.31305],[69.32645,41.31298],[69.32655,41.31334],[69.32704,41.31345],[69.32744,41.31503],[69.3253,41.31525]]]},"properties":{"name":"Semurgʻ","district":"Yashnabad","soato_district":"1726290","mahalla_code":"1726290027","cadastral_number":"1726290027","area_ha":18.28,"area_ha_utm":18.35,"lat":41.31369,"lng":69.32397,"source":"Кадастр агентлиги, геопортал open.ngis.uz (слой UZKAD/MAHALLA_UZKAD_DB16), мастер-набор tashkent_gis_master","source_date":"2026-09-18"}},{"type":"Feature","geometry":{"type":"Polygon","coordinates":[[[69.30798,41.31208],[69.30847,41.31269],[69.30774,41.31299],[69.30782,41.31395],[69.30808,41.31426],[69.30629,41.31519],[69.30516,41.31556],[69.3052,41.31471],[69.30585,41.31316],[69.30572,41.31242],[69.30485,41.31199],[69.30365,41.31178],[69.30281,41.31191],[69.30215,41.31257],[69.3018,41.31244],[69.30151,41.3119],[69.30122,41.31173],[69.3006,41.31203],[69.30015,41.31201],[69.29937,41.31094],[69.29884,41.31056],[69.2977,41.31045],[69.29774,41.30999],[69.29835,41.30913],[69.29822,41.30839],[69.29837,41.30757],[69.29794,41.30748],[69.29812,41.30629],[69.29766,41.30518],[69.2971,41.30463],[69.2926,41.30161],[69.29077,41.29991],[69.29168,41.29909],[69.29175,41.29768],[69.29206,41.29715],[69.29279,41.29673],[69.29427,41.29654],[69.29493,41.29605],[69.29682,41.29725],[69.29941,41.29842],[69.30081,41.29866],[69.30088,41.29883],[69.30319,41.29892],[69.3032,41.2991],[69.30285,41.29918],[69.30294,41.29932],[69.30532,41.29865],[69.30891,41.29846],[69.31095,41.29787],[69.31112,41.29819],[69.31017,41.29839],[69.30929,41.2989],[69.30912,41.29936],[69.30857,41.29996],[69.30915,41.30298],[69.30967,41.30291],[69.30997,41.30377],[69.30893,41.30421],[69.30918,41.30475],[69.30714,41.30524],[69.30366,41.30687],[69.30227,41.30725],[69.30625,41.30993],[69.30798,41.31208]]]},"properties":{"name":"Choʻlpon","district":"Yashnabad","soato_district":"1726290","mahalla_code":"1726290028","cadastral_number":"1726290028","area_ha":156.2,"area_ha_utm":155.79,"lat":41.3039,"lng":69.30122,"source":"Кадастр агентлиги, геопортал open.ngis.uz (слой UZKAD/MAHALLA_UZKAD_DB16), мастер-набор tashkent_gis_master","source_date":"2026-09-18"}},{"type":"Feature","geometry":{"type":"Polygon","coordinates":[[[69.3416,41.30427],[69.34093,41.30488],[69.34127,41.30506],[69.34139,41.3057],[69.34182,41.30613],[69.34296,41.30629],[69.34297,41.30651],[69.3316,41.30525],[69.32233,41.30447],[69.31678,41.30345],[69.31526,41.30353],[69.30918,41.30475],[69.30893,41.30421],[69.30997,41.30377],[69.30967,41.30291],[69.30915,41.30298],[69.30857,41.29996],[69.30912,41.29936],[69.30929,41.2989],[69.31017,41.29839],[69.31112,41.29819],[69.31095,41.29787],[69.31394,41.29689],[69.31754,41.2953],[69.31761,41.29539],[69.32142,41.29403],[69.3217,41.29433],[69.32251,41.29438],[69.32244,41.29457],[69.33239,41.29678],[69.33647,41.29856],[69.33863,41.30053],[69.33967,41.3011],[69.34243,41.30131],[69.34369,41.30117],[69.34405,41.30205],[69.3416,41.30427]]]},"properties":{"name":"Fidoiylar","district":"Yashnabad","soato_district":"1726290","mahalla_code":"1726290029","cadastral_number":"1726290029","area_ha":243.43,"area_ha_utm":243.68,"lat":41.30065,"lng":69.32536,"source":"Кадастр агентлиги, геопортал open.ngis.uz (слой UZKAD/MAHALLA_UZKAD_DB16), мастер-набор tashkent_gis_master","source_date":"2026-09-18"}},{"type":"Feature","geometry":{"type":"Polygon","coordinates":[[[69.32029,41.30882],[69.32004,41.30931],[69.31915,41.30923],[69.31814,41.30843],[69.31747,41.30835],[69.3169,41.30969],[69.31102,41.30811],[69.31085,41.30824],[69.31164,41.30901],[69.31256,41.31049],[69.30798,41.31208],[69.30625,41.30993],[69.30227,41.30725],[69.30366,41.30687],[69.30657,41.30546],[69.30781,41.30504],[69.31526,41.30353],[69.31678,41.30345],[69.32015,41.30412],[69.31987,41.30486],[69.32026,41.3047],[69.3204,41.3048],[69.32072,41.30822],[69.32029,41.30882]]]},"properties":{"name":"Mashinasozlar","district":"Yashnabad","soato_district":"1726290","mahalla_code":"1726290031","cadastral_number":"1726290031","area_ha":82.88,"area_ha_utm":82.67,"lat":41.30719,"lng":69.31234,"source":"Кадастр агентлиги, геопортал open.ngis.uz (слой UZKAD/MAHALLA_UZKAD_DB16), мастер-набор tashkent_gis_master","source_date":"2026-09-18"}},{"type":"Feature","geometry":{"type":"Polygon","coordinates":[[[69.3314,41.31304],[69.32908,41.31471],[69.32744,41.31503],[69.32704,41.31345],[69.32655,41.31334],[69.32645,41.31298],[69.32557,41.31305],[69.32568,41.31281],[69.32536,41.31223],[69.32566,41.31213],[69.32521,41.31108],[69.32604,41.31067],[69.3255,41.31055],[69.32312,41.31139],[69.32233,41.31019],[69.32404,41.30956],[69.32478,41.30965],[69.32648,41.31069],[69.3314,41.31304]]]},"properties":{"name":"Istiqlol","district":"Yashnabad","soato_district":"1726290","mahalla_code":"1726290032","cadastral_number":"1726290032","area_ha":16.21,"area_ha_utm":16.69,"lat":41.31228,"lng":69.32717,"source":"Кадастр агентлиги, геопортал open.ngis.uz (слой UZKAD/MAHALLA_UZKAD_DB16), мастер-набор tashkent_gis_master","source_date":"2026-09-18"}},{"type":"Feature","geometry":{"type":"Polygon","coordinates":[[[69.3401,41.28874],[69.33973,41.28918],[69.33766,41.28959],[69.33537,41.28426],[69.3362,41.28456],[69.33651,41.28444],[69.3376,41.28696],[69.33836,41.28652],[69.33975,41.28323],[69.34636,41.28614],[69.34477,41.28806],[69.34105,41.28634],[69.3401,41.28874]]]},"properties":{"name":"Fazogir","district":"Yashnabad","soato_district":"1726290","mahalla_code":"1726290034","cadastral_number":"1726290034","area_ha":27.63,"area_ha_utm":27.98,"lat":41.28636,"lng":69.34062,"source":"Кадастр агентлиги, геопортал open.ngis.uz (слой UZKAD/MAHALLA_UZKAD_DB16), мастер-набор tashkent_gis_master","source_date":"2026-09-18"}},{"type":"Feature","geometry":{"type":"Polygon","coordinates":[[[69.35027,41.2817],[69.34981,41.28302],[69.34834,41.28478],[69.34766,41.2853],[69.34712,41.28476],[69.34675,41.28483],[69.34602,41.28386],[69.34597,41.28375],[69.34622,41.2837],[69.34613,41.28347],[69.34585,41.28355],[69.34565,41.28326],[69.34576,41.28283],[69.34625,41.28214],[69.34621,41.27946],[69.34844,41.27963],[69.35032,41.28031],[69.35027,41.2817]]]},"properties":{"name":"Barkamol","district":"Yashnabad","soato_district":"1726290","mahalla_code":"1726290035","cadastral_number":"1726290035","area_ha":17.45,"area_ha_utm":17.67,"lat":41.28209,"lng":69.34796,"source":"Кадастр агентлиги, геопортал open.ngis.uz (слой UZKAD/MAHALLA_UZKAD_DB16), мастер-набор tashkent_gis_master","source_date":"2026-09-18"}},{"type":"Feature","geometry":{"type":"Polygon","coordinates":[[[69.35994,41.28689],[69.35849,41.2868],[69.35465,41.28533],[69.35419,41.28499],[69.35372,41.28556],[69.35332,41.28551],[69.35233,41.28514],[69.3525,41.28487],[69.34938,41.2836],[69.35005,41.28262],[69.35027,41.28141],[69.35523,41.28311],[69.35556,41.28299],[69.35579,41.28269],[69.35645,41.28298],[69.35668,41.28272],[69.35803,41.28329],[69.35814,41.28314],[69.36044,41.28393],[69.35994,41.28689]]]},"properties":{"name":"Dilbogʻ","district":"Yashnabad","soato_district":"1726290","mahalla_code":"1726290036","cadastral_number":"1726290036","area_ha":28.06,"area_ha_utm":27.86,"lat":41.28422,"lng":69.35534,"source":"Кадастр агентлиги, геопортал open.ngis.uz (слой UZKAD/MAHALLA_UZKAD_DB16), мастер-набор tashkent_gis_master","source_date":"2026-09-18"}},{"type":"Feature","geometry":{"type":"Polygon","coordinates":[[[69.34458,41.28532],[69.3428,41.28451],[69.34322,41.28389],[69.34224,41.28259],[69.34143,41.28235],[69.3447,41.27933],[69.34621,41.27946],[69.34625,41.28214],[69.34576,41.28283],[69.34565,41.28324],[69.34585,41.28355],[69.34613,41.28347],[69.34622,41.2837],[69.34597,41.28375],[69.34602,41.28386],[69.34675,41.28483],[69.34712,41.28476],[69.34766,41.2853],[69.34636,41.28614],[69.34458,41.28532]]]},"properties":{"name":"Beshariq","district":"Yashnabad","soato_district":"1726290","mahalla_code":"1726290037","cadastral_number":"1726290037","area_ha":19.14,"area_ha_utm":19.05,"lat":41.28269,"lng":69.34465,"source":"Кадастр агентлиги, геопортал open.ngis.uz (слой UZKAD/MAHALLA_UZKAD_DB16), мастер-набор tashkent_gis_master","source_date":"2026-09-18"}},{"type":"Feature","geometry":{"type":"Polygon","coordinates":[[[69.33336,41.28267],[69.3337,41.28242],[69.33344,41.28219],[69.33396,41.28136],[69.33336,41.28113],[69.33355,41.28086],[69.33315,41.28067],[69.33391,41.27947],[69.33373,41.2793],[69.33514,41.27898],[69.33617,41.27839],[69.33672,41.27782],[69.33751,41.27623],[69.34085,41.27825],[69.33966,41.28117],[69.34047,41.28138],[69.3385,41.28627],[69.33807,41.28676],[69.3376,41.28696],[69.33638,41.28424],[69.33398,41.28318],[69.33371,41.2832],[69.33329,41.28282],[69.33336,41.28267]]]},"properties":{"name":"Asalabod","district":"Yashnabad","soato_district":"1726290","mahalla_code":"1726290038","cadastral_number":"1726290038","area_ha":41.44,"area_ha_utm":41.2,"lat":41.28125,"lng":69.33727,"source":"Кадастр агентлиги, геопортал open.ngis.uz (слой UZKAD/MAHALLA_UZKAD_DB16), мастер-набор tashkent_gis_master","source_date":"2026-09-18"}},{"type":"Feature","geometry":{"type":"Polygon","coordinates":[[[69.34308,41.26667],[69.34224,41.2675],[69.34104,41.2673],[69.33878,41.26642],[69.338,41.26666],[69.33523,41.26581],[69.3183,41.25944],[69.32167,41.25355],[69.32225,41.25385],[69.3225,41.25435],[69.32314,41.25479],[69.32534,41.25582],[69.32555,41.25624],[69.32606,41.25654],[69.32616,41.25685],[69.32671,41.25712],[69.32729,41.25786],[69.32744,41.25785],[69.32985,41.26001],[69.33015,41.26069],[69.33166,41.26141],[69.33173,41.26155],[69.33042,41.26317],[69.33167,41.26362],[69.33182,41.26348],[69.33268,41.26387],[69.33433,41.26397],[69.33474,41.26426],[69.33571,41.26406],[69.3369,41.26417],[69.33808,41.26471],[69.33998,41.26464],[69.34363,41.26607],[69.34308,41.26667]]]},"properties":{"name":"Bunyodkor","district":"Yashnabad","soato_district":"1726290","mahalla_code":"1726290039","cadastral_number":"1726290039","area_ha":77.27,"area_ha_utm":76.6,"lat":41.26066,"lng":69.32796,"source":"Кадастр агентлиги, геопортал open.ngis.uz (слой UZKAD/MAHALLA_UZKAD_DB16), мастер-набор tashkent_gis_master","source_date":"2026-09-18"}},{"type":"Feature","geometry":{"type":"Polygon","coordinates":[[[69.33751,41.27623],[69.33672,41.27782],[69.3356,41.27877],[69.33373,41.2793],[69.3322,41.27905],[69.33113,41.27857],[69.33177,41.27787],[69.32655,41.27453],[69.32344,41.27267],[69.32157,41.27248],[69.32135,41.27202],[69.32159,41.27153],[69.32077,41.27146],[69.31913,41.27094],[69.31923,41.27048],[69.31306,41.26852],[69.31432,41.26629],[69.32053,41.26825],[69.32821,41.2704],[69.33751,41.27623]]]},"properties":{"name":"Jarqoʻrgʻon","district":"Yashnabad","soato_district":"1726290","mahalla_code":"1726290041","cadastral_number":"1726290041","area_ha":86.54,"area_ha_utm":86.94,"lat":41.27277,"lng":69.32672,"source":"Кадастр агентлиги, геопортал open.ngis.uz (слой UZKAD/MAHALLA_UZKAD_DB16), мастер-набор tashkent_gis_master","source_date":"2026-09-18"}},{"type":"Feature","geometry":{"type":"Polygon","coordinates":[[[69.34621,41.27946],[69.3447,41.27933],[69.34143,41.28235],[69.34224,41.28259],[69.34322,41.28389],[69.3428,41.28451],[69.33975,41.28323],[69.34047,41.28138],[69.33966,41.28117],[69.34085,41.27825],[69.33751,41.27623],[69.34095,41.26919],[69.34224,41.2675],[69.34281,41.26781],[69.34352,41.26941],[69.34413,41.27005],[69.34298,41.27503],[69.34194,41.2777],[69.34642,41.27781],[69.34621,41.27946]]]},"properties":{"name":"Xosiyatli","district":"Yashnabad","soato_district":"1726290","mahalla_code":"1726290042","cadastral_number":"1726290042","area_ha":55.49,"area_ha_utm":55.78,"lat":41.27583,"lng":69.34165,"source":"Кадастр агентлиги, геопортал open.ngis.uz (слой UZKAD/MAHALLA_UZKAD_DB16), мастер-набор tashkent_gis_master","source_date":"2026-09-18"}},{"type":"Feature","geometry":{"type":"Polygon","coordinates":[[[69.33336,41.28267],[69.33329,41.28282],[69.33214,41.28116],[69.33087,41.27998],[69.31552,41.27038],[69.31263,41.26929],[69.31306,41.26852],[69.31923,41.27048],[69.31913,41.27094],[69.32077,41.27146],[69.32159,41.27153],[69.32135,41.27202],[69.32157,41.27248],[69.3236,41.27275],[69.33177,41.27787],[69.33113,41.27857],[69.33242,41.27911],[69.33372,41.27923],[69.33391,41.27947],[69.33315,41.28067],[69.33355,41.28086],[69.33336,41.28113],[69.33396,41.28136],[69.33344,41.28219],[69.3337,41.28242],[69.33336,41.28267]]]},"properties":{"name":"Besh bola","district":"Yashnabad","soato_district":"1726290","mahalla_code":"1726290044","cadastral_number":"1726290044","area_ha":41.74,"area_ha_utm":41.51,"lat":41.27511,"lng":69.3248,"source":"Кадастр агентлиги, геопортал open.ngis.uz (слой UZKAD/MAHALLA_UZKAD_DB16), мастер-набор tashkent_gis_master","source_date":"2026-09-18"}},{"type":"Feature","geometry":{"type":"Polygon","coordinates":[[[69.31359,41.26958],[69.31552,41.27038],[69.33087,41.27998],[69.33214,41.28116],[69.33329,41.28282],[69.32221,41.27835],[69.31917,41.27671],[69.31207,41.27348],[69.31055,41.27299],[69.31263,41.26929],[69.31359,41.26958]]]},"properties":{"name":"Muxtor Ashrafiy","district":"Yashnabad","soato_district":"1726290","mahalla_code":"1726290047","cadastral_number":"1726290047","area_ha":67.69,"area_ha_utm":67.89,"lat":41.27548,"lng":69.32041,"source":"Кадастр агентлиги, геопортал open.ngis.uz (слой UZKAD/MAHALLA_UZKAD_DB16), мастер-набор tashkent_gis_master","source_date":"2026-09-18"}},{"type":"Feature","geometry":{"type":"Polygon","coordinates":[[[69.30959,41.29373],[69.3093,41.29404],[69.30936,41.29416],[69.30887,41.29437],[69.30693,41.29371],[69.30932,41.29053],[69.31116,41.29151],[69.31121,41.29213],[69.31092,41.29211],[69.31054,41.29238],[69.31025,41.29321],[69.30959,41.29373]]]},"properties":{"name":"Oʻqchi Olmazor","district":"Yashnabad","soato_district":"1726290","mahalla_code":"1726290050","cadastral_number":"1726290050","area_ha":7.76,"area_ha_utm":7.81,"lat":41.29255,"lng":69.30916,"source":"Кадастр агентлиги, геопортал open.ngis.uz (слой UZKAD/MAHALLA_UZKAD_DB16), мастер-набор tashkent_gis_master","source_date":"2026-09-18"}},{"type":"Feature","geometry":{"type":"Polygon","coordinates":[[[69.33759,41.24278],[69.33865,41.24353],[69.33972,41.24402],[69.34391,41.24519],[69.34222,41.24816],[69.34121,41.24941],[69.34091,41.24915],[69.34083,41.24879],[69.33918,41.2474],[69.33895,41.24694],[69.33822,41.24642],[69.3376,41.24556],[69.33653,41.24482],[69.33451,41.244],[69.33372,41.2431],[69.33192,41.24272],[69.32996,41.24256],[69.32814,41.24195],[69.32893,41.24089],[69.3294,41.24103],[69.33055,41.23901],[69.33159,41.23813],[69.33296,41.2386],[69.33383,41.23911],[69.33759,41.24278]]]},"properties":{"name":"Katta Qoʻyliq","district":"Yashnabad","soato_district":"1726290","mahalla_code":"1726290051","cadastral_number":"1726290051","area_ha":48.34,"area_ha_utm":48.29,"lat":41.24332,"lng":69.33613,"source":"Кадастр агентлиги, геопортал open.ngis.uz (слой UZKAD/MAHALLA_UZKAD_DB16), мастер-набор tashkent_gis_master","source_date":"2026-09-18"}},{"type":"Feature","geometry":{"type":"Polygon","coordinates":[[[69.33149,41.25043],[69.33014,41.25302],[69.32896,41.25488],[69.32227,41.25248],[69.32497,41.24754],[69.32724,41.24811],[69.32947,41.24846],[69.33075,41.24673],[69.33301,41.2476],[69.33394,41.24739],[69.33472,41.24744],[69.33637,41.24808],[69.33648,41.24816],[69.33551,41.24913],[69.3386,41.25094],[69.33957,41.24996],[69.33992,41.25011],[69.34067,41.24932],[69.34097,41.2496],[69.34121,41.24941],[69.34152,41.24953],[69.34307,41.25043],[69.345,41.25117],[69.34488,41.25145],[69.34393,41.2513],[69.34219,41.25338],[69.33903,41.25163],[69.3385,41.25202],[69.33583,41.25077],[69.33232,41.25043],[69.33155,41.25015],[69.33149,41.25043]]]},"properties":{"name":"Mumtoz","district":"Yashnabad","soato_district":"1726290","mahalla_code":"1726290052","cadastral_number":"1726290052","area_ha":70.6,"area_ha_utm":70.6,"lat":41.25057,"lng":69.33137,"source":"Кадастр агентлиги, геопортал open.ngis.uz (слой UZKAD/MAHALLA_UZKAD_DB16), мастер-набор tashkent_gis_master","source_date":"2026-09-18"}},{"type":"Feature","geometry":{"type":"Polygon","coordinates":[[[69.34121,41.24941],[69.34097,41.2496],[69.34067,41.24932],[69.33992,41.25011],[69.33957,41.24996],[69.3386,41.25094],[69.33551,41.24913],[69.33648,41.24816],[69.33494,41.24748],[69.33394,41.24739],[69.33301,41.2476],[69.33075,41.24673],[69.32947,41.24846],[69.32724,41.24811],[69.32497,41.24754],[69.32814,41.24195],[69.32996,41.24256],[69.33192,41.24272],[69.33372,41.2431],[69.33451,41.244],[69.33653,41.24482],[69.3376,41.24556],[69.33822,41.24642],[69.33895,41.24694],[69.33918,41.2474],[69.34083,41.24879],[69.34091,41.24915],[69.34121,41.24941]]]},"properties":{"name":"Qoʻyliqobod","district":"Yashnabad","soato_district":"1726290","mahalla_code":"1726290053","cadastral_number":"1726290053","area_ha":58.98,"area_ha_utm":58.83,"lat":41.24616,"lng":69.33264,"source":"Кадастр агентлиги, геопортал open.ngis.uz (слой UZKAD/MAHALLA_UZKAD_DB16), мастер-набор tashkent_gis_master","source_date":"2026-09-18"}},{"type":"Feature","geometry":{"type":"Polygon","coordinates":[[[69.33364,41.25651],[69.3319,41.25588],[69.33349,41.25368],[69.33447,41.25385],[69.33529,41.25263],[69.33445,41.25231],[69.33475,41.25194],[69.3376,41.25317],[69.33859,41.25239],[69.33873,41.25217],[69.3385,41.25202],[69.33903,41.25163],[69.34219,41.25338],[69.34393,41.2513],[69.34488,41.25145],[69.34412,41.25362],[69.34038,41.25905],[69.33364,41.25651]]]},"properties":{"name":"Uysozlar","district":"Yashnabad","soato_district":"1726290","mahalla_code":"1726290054","cadastral_number":"1726290054","area_ha":48.58,"area_ha_utm":48.62,"lat":41.25505,"lng":69.33857,"source":"Кадастр агентлиги, геопортал open.ngis.uz (слой UZKAD/MAHALLA_UZKAD_DB16), мастер-набор tashkent_gis_master","source_date":"2026-09-18"}},{"type":"Feature","geometry":{"type":"Polygon","coordinates":[[[69.35192,41.25594],[69.34714,41.26166],[69.34038,41.25905],[69.34412,41.25362],[69.345,41.25117],[69.34326,41.25051],[69.34121,41.24941],[69.34222,41.24816],[69.34391,41.24519],[69.34725,41.24609],[69.34899,41.24685],[69.35285,41.24902],[69.35494,41.25063],[69.35582,41.25153],[69.35382,41.25264],[69.35366,41.25352],[69.35192,41.25594]]]},"properties":{"name":"Oʻrta Masjid","district":"Yashnabad","soato_district":"1726290","mahalla_code":"1726290055","cadastral_number":"1726290055","area_ha":126.1,"area_ha_utm":126.18,"lat":41.2532,"lng":69.34748,"source":"Кадастр агентлиги, геопортал open.ngis.uz (слой UZKAD/MAHALLA_UZKAD_DB16), мастер-набор tashkent_gis_master","source_date":"2026-09-18"}},{"type":"Feature","geometry":{"type":"Polygon","coordinates":[[[69.3224,41.2541],[69.32225,41.25385],[69.32167,41.25355],[69.32227,41.25248],[69.32896,41.25488],[69.33129,41.25098],[69.33155,41.25015],[69.33232,41.25043],[69.33583,41.25077],[69.33873,41.25217],[69.3376,41.25317],[69.33475,41.25194],[69.33445,41.25231],[69.33529,41.25263],[69.33447,41.25385],[69.33349,41.25368],[69.3319,41.25588],[69.34714,41.26166],[69.34368,41.26574],[69.34363,41.26607],[69.33998,41.26464],[69.33808,41.26471],[69.33688,41.26416],[69.33568,41.26406],[69.33474,41.26426],[69.33433,41.26397],[69.33268,41.26387],[69.33182,41.26348],[69.33167,41.26362],[69.33042,41.26317],[69.33173,41.26155],[69.33166,41.26141],[69.33015,41.26069],[69.32985,41.26001],[69.32744,41.25785],[69.32729,41.25786],[69.32671,41.25712],[69.32616,41.25685],[69.32606,41.25654],[69.32555,41.25624],[69.32534,41.25582],[69.32314,41.25479],[69.3225,41.25435],[69.3224,41.2541]]]},"properties":{"name":"Yosh avlod","district":"Yashnabad","soato_district":"1726290","mahalla_code":"1726290056","cadastral_number":"1726290056","area_ha":136.24,"area_ha_utm":137.15,"lat":41.25879,"lng":69.33492,"source":"Кадастр агентлиги, геопортал open.ngis.uz (слой UZKAD/MAHALLA_UZKAD_DB16), мастер-набор tashkent_gis_master","source_date":"2026-09-18"}},{"type":"Feature","geometry":{"type":"Polygon","coordinates":[[[69.36416,41.26352],[69.35997,41.26516],[69.35811,41.26671],[69.35663,41.26581],[69.34714,41.26166],[69.35225,41.25553],[69.35366,41.25352],[69.35382,41.25264],[69.35582,41.25153],[69.35657,41.25242],[69.36416,41.26352]]]},"properties":{"name":"Yangiqoʻrgʻon","district":"Yashnabad","soato_district":"1726290","mahalla_code":"1726290057","cadastral_number":"1726290057","area_ha":118.38,"area_ha_utm":117.77,"lat":41.25996,"lng":69.35584,"source":"Кадастр агентлиги, геопортал open.ngis.uz (слой UZKAD/MAHALLA_UZKAD_DB16), мастер-набор tashkent_gis_master","source_date":"2026-09-18"}},{"type":"Feature","geometry":{"type":"Polygon","coordinates":[[[69.35141,41.26784],[69.35128,41.26818],[69.34949,41.26784],[69.34851,41.26785],[69.34816,41.26768],[69.3481,41.26747],[69.34661,41.26692],[69.34578,41.26704],[69.3453,41.26686],[69.34481,41.26692],[69.34466,41.26662],[69.34363,41.26607],[69.34368,41.26574],[69.34714,41.26166],[69.35399,41.26463],[69.35141,41.26784]]]},"properties":{"name":"Behizor","district":"Yashnabad","soato_district":"1726290","mahalla_code":"1726290058","cadastral_number":"1726290058","area_ha":35.79,"area_ha_utm":35.95,"lat":41.26515,"lng":69.34874,"source":"Кадастр агентлиги, геопортал open.ngis.uz (слой UZKAD/MAHALLA_UZKAD_DB16), мастер-набор tashkent_gis_master","source_date":"2026-09-18"}},{"type":"Feature","geometry":{"type":"Polygon","coordinates":[[[69.34642,41.27781],[69.34194,41.2777],[69.34292,41.27522],[69.3434,41.27333],[69.3471,41.27338],[69.35067,41.27363],[69.35032,41.27638],[69.35069,41.27645],[69.3506,41.27685],[69.34959,41.27683],[69.34962,41.27663],[69.34915,41.2766],[69.34911,41.27708],[69.34651,41.2769],[69.34642,41.27781]]]},"properties":{"name":"Shohimardon","district":"Yashnabad","soato_district":"1726290","mahalla_code":"1726290059","cadastral_number":"1726290059","area_ha":28.23,"area_ha_utm":28.34,"lat":41.27546,"lng":69.34637,"source":"Кадастр агентлиги, геопортал open.ngis.uz (слой UZKAD/MAHALLA_UZKAD_DB16), мастер-набор tashkent_gis_master","source_date":"2026-09-18"}},{"type":"Feature","geometry":{"type":"Polygon","coordinates":[[[69.353,41.27727],[69.35265,41.27803],[69.35098,41.28046],[69.34844,41.27963],[69.34621,41.27946],[69.34651,41.2769],[69.34911,41.27708],[69.34915,41.2766],[69.34962,41.27663],[69.34959,41.27683],[69.3506,41.27685],[69.35069,41.27645],[69.35032,41.27638],[69.35067,41.27363],[69.35437,41.27407],[69.353,41.27727]]]},"properties":{"name":"Nodira","district":"Yashnabad","soato_district":"1726290","mahalla_code":"1726290060","cadastral_number":"1726290060","area_ha":25.82,"area_ha_utm":25.99,"lat":41.27722,"lng":69.35049,"source":"Кадастр агентлиги, геопортал open.ngis.uz (слой UZKAD/MAHALLA_UZKAD_DB16), мастер-набор tashkent_gis_master","source_date":"2026-09-18"}},{"type":"Feature","geometry":{"type":"Polygon","coordinates":[[[69.36484,41.26935],[69.36335,41.27067],[69.36259,41.2719],[69.36228,41.27291],[69.36167,41.27655],[69.357,41.27476],[69.35758,41.26978],[69.35861,41.26985],[69.35863,41.26932],[69.35883,41.26953],[69.35991,41.26951],[69.36102,41.26988],[69.36181,41.26956],[69.36322,41.26962],[69.36414,41.26923],[69.36484,41.26935]]]},"properties":{"name":"Shohsanam","district":"Yashnabad","soato_district":"1726290","mahalla_code":"1726290061","cadastral_number":"1726290061","area_ha":30.44,"area_ha_utm":30.12,"lat":41.27246,"lng":69.36014,"source":"Кадастр агентлиги, геопортал open.ngis.uz (слой UZKAD/MAHALLA_UZKAD_DB16), мастер-набор tashkent_gis_master","source_date":"2026-09-18"}},{"type":"Feature","geometry":{"type":"Polygon","coordinates":[[[69.35736,41.27177],[69.357,41.27476],[69.35415,41.27403],[69.35067,41.27363],[69.35092,41.27128],[69.35736,41.27177]]]},"properties":{"name":"Oydinkoʻl","district":"Yashnabad","soato_district":"1726290","mahalla_code":"1726290062","cadastral_number":"1726290062","area_ha":15.44,"area_ha_utm":15.31,"lat":41.27281,"lng":69.35412,"source":"Кадастр агентлиги, геопортал open.ngis.uz (слой UZKAD/MAHALLA_UZKAD_DB16), мастер-набор tashkent_gis_master","source_date":"2026-09-18"}},{"type":"Feature","geometry":{"type":"Polygon","coordinates":[[[69.35824,41.26897],[69.35863,41.26932],[69.35861,41.26985],[69.35758,41.26978],[69.35736,41.27177],[69.35092,41.27128],[69.35128,41.26818],[69.35271,41.26832],[69.35382,41.26817],[69.35434,41.26761],[69.35477,41.26763],[69.35548,41.26778],[69.35599,41.26837],[69.35708,41.26872],[69.35732,41.26896],[69.35824,41.26897]]]},"properties":{"name":"Yanginur","district":"Yashnabad","soato_district":"1726290","mahalla_code":"1726290063","cadastral_number":"1726290063","area_ha":20.68,"area_ha_utm":20.61,"lat":41.26984,"lng":69.35446,"source":"Кадастр агентлиги, геопортал open.ngis.uz (слой UZKAD/MAHALLA_UZKAD_DB16), мастер-набор tashkent_gis_master","source_date":"2026-09-18"}},{"type":"Feature","geometry":{"type":"Polygon","coordinates":[[[69.36167,41.27655],[69.36091,41.28109],[69.35265,41.27803],[69.35437,41.27407],[69.35746,41.2749],[69.36167,41.27655]]]},"properties":{"name":"Donishmand","district":"Yashnabad","soato_district":"1726290","mahalla_code":"1726290064","cadastral_number":"1726290064","area_ha":34.71,"area_ha_utm":34.93,"lat":41.27744,"lng":69.35744,"source":"Кадастр агентлиги, геопортал open.ngis.uz (слой UZKAD/MAHALLA_UZKAD_DB16), мастер-набор tashkent_gis_master","source_date":"2026-09-18"}},{"type":"Feature","geometry":{"type":"Polygon","coordinates":[[[69.36181,41.26956],[69.36102,41.26988],[69.35991,41.26951],[69.35878,41.26952],[69.35827,41.26898],[69.35732,41.26896],[69.35708,41.26872],[69.35599,41.26837],[69.35548,41.26778],[69.35477,41.26763],[69.35434,41.26761],[69.35382,41.26817],[69.35271,41.26832],[69.35128,41.26818],[69.35141,41.26784],[69.35399,41.26463],[69.35663,41.26581],[69.35811,41.26671],[69.35997,41.26516],[69.36416,41.26352],[69.36653,41.26699],[69.36611,41.26836],[69.36484,41.26935],[69.36414,41.26923],[69.36322,41.26962],[69.36181,41.26956]]]},"properties":{"name":"Tarnov boshi","district":"Yashnabad","soato_district":"1726290","mahalla_code":"1726290065","cadastral_number":"1726290065","area_ha":49.41,"area_ha_utm":49.37,"lat":41.26703,"lng":69.36006,"source":"Кадастр агентлиги, геопортал open.ngis.uz (слой UZKAD/MAHALLA_UZKAD_DB16), мастер-набор tashkent_gis_master","source_date":"2026-09-18"}},{"type":"Feature","geometry":{"type":"Polygon","coordinates":[[[69.35092,41.27128],[69.35067,41.27363],[69.3471,41.27338],[69.3434,41.27333],[69.34413,41.26998],[69.34352,41.26941],[69.34281,41.26781],[69.34224,41.2675],[69.34363,41.26607],[69.34466,41.26662],[69.34481,41.26692],[69.3453,41.26686],[69.34578,41.26704],[69.34661,41.26692],[69.3481,41.26747],[69.34837,41.26781],[69.34949,41.26784],[69.35128,41.26818],[69.35092,41.27128]]]},"properties":{"name":"Katta Yangiobod","district":"Yashnabad","soato_district":"1726290","mahalla_code":"1726290066","cadastral_number":"1726290066","area_ha":43.51,"area_ha_utm":43.12,"lat":41.27019,"lng":69.34702,"source":"Кадастр агентлиги, геопортал open.ngis.uz (слой UZKAD/MAHALLA_UZKAD_DB16), мастер-набор tashkent_gis_master","source_date":"2026-09-18"}},{"type":"Feature","geometry":{"type":"Polygon","coordinates":[[[69.37104,41.28525],[69.3699,41.28482],[69.36989,41.28465],[69.36954,41.28465],[69.36953,41.28427],[69.36843,41.28387],[69.36727,41.28321],[69.36764,41.2825],[69.36829,41.28188],[69.36799,41.28112],[69.36995,41.27781],[69.37066,41.27812],[69.37174,41.27748],[69.37408,41.27951],[69.3736,41.28036],[69.37368,41.28098],[69.37434,41.28161],[69.37417,41.28199],[69.37383,41.2819],[69.37333,41.28268],[69.37213,41.28547],[69.37141,41.28545],[69.37104,41.28525]]]},"properties":{"name":"Qalqon","district":"Yashnabad","soato_district":"1726290","mahalla_code":"1726290067","cadastral_number":"1726290067","area_ha":31.99,"area_ha_utm":32,"lat":41.28151,"lng":69.37097,"source":"Кадастр агентлиги, геопортал open.ngis.uz (слой UZKAD/MAHALLA_UZKAD_DB16), мастер-набор tashkent_gis_master","source_date":"2026-09-18"}},{"type":"Feature","geometry":{"type":"Polygon","coordinates":[[[69.19224,41.21289],[69.18924,41.20923],[69.19195,41.20638],[69.19608,41.2114],[69.19393,41.21241],[69.19426,41.2128],[69.19274,41.21349],[69.19224,41.21289]]]},"properties":{"name":"Oriyat","district":"Yangihayot","soato_district":"1726292","mahalla_code":"1726292001","cadastral_number":"1726292001","area_ha":21.72,"area_ha_utm":21.59,"lat":41.2101,"lng":69.19253,"source":"Кадастр агентлиги, геопортал open.ngis.uz (слой UZKAD/MAHALLA_UZKAD_DB16), мастер-набор tashkent_gis_master","source_date":"2026-09-18"}},{"type":"Feature","geometry":{"type":"Polygon","coordinates":[[[69.20538,41.22526],[69.20286,41.22872],[69.20142,41.22772],[69.20043,41.22732],[69.20005,41.22685],[69.20004,41.22516],[69.20017,41.22462],[69.20126,41.22467],[69.20406,41.2208],[69.20761,41.22215],[69.20538,41.22526]]]},"properties":{"name":"Tashabbus","district":"Yangihayot","soato_district":"1726292","mahalla_code":"1726292002","cadastral_number":"1726292002","area_ha":27.3,"area_ha_utm":27.17,"lat":41.22462,"lng":69.2035,"source":"Кадастр агентлиги, геопортал open.ngis.uz (слой UZKAD/MAHALLA_UZKAD_DB16), мастер-набор tashkent_gis_master","source_date":"2026-09-18"}},{"type":"Feature","geometry":{"type":"Polygon","coordinates":[[[69.17612,41.2243],[69.17506,41.22307],[69.17442,41.22206],[69.17292,41.21867],[69.17324,41.21889],[69.17361,41.21951],[69.17431,41.21987],[69.17481,41.21975],[69.17477,41.21946],[69.17568,41.21938],[69.17604,41.21981],[69.17731,41.21943],[69.17821,41.21875],[69.17833,41.21887],[69.1799,41.21808],[69.18065,41.21902],[69.18401,41.21683],[69.18144,41.21455],[69.1855,41.21154],[69.18629,41.21161],[69.18654,41.2125],[69.18559,41.21255],[69.1854,41.21285],[69.18572,41.21346],[69.1853,41.21408],[69.18588,41.2145],[69.18626,41.21506],[69.1857,41.21572],[69.18577,41.21608],[69.18656,41.21622],[69.18731,41.21584],[69.18806,41.21636],[69.18828,41.21674],[69.18699,41.21735],[69.18697,41.21772],[69.18581,41.21883],[69.18599,41.21964],[69.18577,41.22023],[69.18587,41.22071],[69.18722,41.22049],[69.18756,41.22063],[69.18717,41.22161],[69.18666,41.22208],[69.18649,41.22247],[69.18674,41.22254],[69.18758,41.22219],[69.18879,41.2223],[69.18909,41.22283],[69.18829,41.22293],[69.18786,41.22347],[69.18793,41.22391],[69.18901,41.22399],[69.19008,41.22429],[69.1916,41.22511],[69.19167,41.22535],[69.1911,41.22613],[69.19242,41.22653],[69.1926,41.22678],[69.19256,41.227],[69.19202,41.22687],[69.19029,41.22888],[69.18859,41.22853],[69.1877,41.22962],[69.19049,41.2321],[69.19134,41.23255],[69.19115,41.23283],[69.19188,41.23343],[69.1933,41.23416],[69.19354,41.23378],[69.19438,41.23411],[69.19582,41.23515],[69.19545,41.23614],[69.19679,41.23695],[69.19543,41.23885],[69.19466,41.2404],[69.18948,41.23717],[69.18789,41.236],[69.17612,41.2243]]]},"properties":{"name":"Choshtepa","district":"Yangihayot","soato_district":"1726292","mahalla_code":"1726292003","cadastral_number":"1726292003","area_ha":206.84,"area_ha_utm":206.96,"lat":41.22622,"lng":69.18511,"source":"Кадастр агентлиги, геопортал open.ngis.uz (слой UZKAD/MAHALLA_UZKAD_DB16), мастер-набор tashkent_gis_master","source_date":"2026-09-18"}},{"type":"Feature","geometry":{"type":"Polygon","coordinates":[[[69.19883,41.23421],[69.19831,41.23432],[69.1977,41.23395],[69.19822,41.23325],[69.19787,41.23261],[69.19678,41.23237],[69.19654,41.23191],[69.19565,41.23105],[69.19501,41.23065],[69.19436,41.23055],[69.19445,41.22995],[69.19425,41.22961],[69.19439,41.22898],[69.19422,41.22856],[69.19399,41.22839],[69.19297,41.22821],[69.19348,41.22749],[69.19252,41.22721],[69.19259,41.22669],[69.19242,41.22653],[69.1911,41.22613],[69.19167,41.22535],[69.1916,41.22511],[69.19008,41.22429],[69.18901,41.22399],[69.18793,41.22391],[69.18786,41.22347],[69.18829,41.22293],[69.18909,41.22283],[69.18888,41.22237],[69.1878,41.22217],[69.18674,41.22254],[69.18649,41.22247],[69.18666,41.22208],[69.18717,41.22161],[69.18756,41.22063],[69.18722,41.22049],[69.18587,41.22071],[69.18577,41.22023],[69.18599,41.21964],[69.18577,41.21898],[69.18598,41.21856],[69.18697,41.21772],[69.18699,41.21735],[69.1882,41.21686],[69.18824,41.21658],[69.18731,41.21584],[69.18656,41.21622],[69.18577,41.21608],[69.1857,41.21572],[69.18626,41.21506],[69.18588,41.2145],[69.1853,41.21408],[69.18572,41.21346],[69.1854,41.21285],[69.18559,41.21255],[69.18654,41.2125],[69.18632,41.21205],[69.18633,41.21166],[69.18591,41.21153],[69.18524,41.21166],[69.18515,41.21107],[69.18479,41.21076],[69.18487,41.21049],[69.18411,41.21016],[69.18339,41.20875],[69.18275,41.20836],[69.18288,41.20729],[69.18143,41.20665],[69.18372,41.20561],[69.18602,41.20487],[69.18725,41.2068],[69.1998,41.22214],[69.20023,41.22307],[69.20031,41.22376],[69.20005,41.22495],[69.20005,41.22685],[69.20043,41.22732],[69.20142,41.22772],[69.20286,41.22872],[69.19883,41.23421]]]},"properties":{"name":"Yangi Darxon","district":"Yangihayot","soato_district":"1726292","mahalla_code":"1726292004","cadastral_number":"1726292004","area_ha":202.58,"area_ha_utm":202.78,"lat":41.22001,"lng":69.19257,"source":"Кадастр агентлиги, геопортал open.ngis.uz (слой UZKAD/MAHALLA_UZKAD_DB16), мастер-набор tashkent_gis_master","source_date":"2026-09-18"}},{"type":"Feature","geometry":{"type":"Polygon","coordinates":[[[69.20406,41.2208],[69.20126,41.22467],[69.20017,41.22462],[69.20029,41.22339],[69.19995,41.22238],[69.19723,41.21898],[69.19926,41.21806],[69.20136,41.21971],[69.20406,41.2208]]]},"properties":{"name":"Yangi Umid","district":"Yangihayot","soato_district":"1726292","mahalla_code":"1726292005","cadastral_number":"1726292005","area_ha":18.37,"area_ha_utm":18.07,"lat":41.22114,"lng":69.20069,"source":"Кадастр агентлиги, геопортал open.ngis.uz (слой UZKAD/MAHALLA_UZKAD_DB16), мастер-набор tashkent_gis_master","source_date":"2026-09-18"}},{"type":"Feature","geometry":{"type":"Polygon","coordinates":[[[69.19842,41.23475],[69.19679,41.23695],[69.19652,41.23685],[69.19545,41.23614],[69.19579,41.23512],[69.19438,41.23411],[69.19354,41.23378],[69.1933,41.23416],[69.19188,41.23343],[69.19115,41.23283],[69.19134,41.23255],[69.19049,41.2321],[69.1877,41.22962],[69.18859,41.22853],[69.19029,41.22888],[69.19202,41.22687],[69.19256,41.227],[69.19257,41.22725],[69.19352,41.22754],[69.19299,41.22824],[69.19407,41.22841],[69.19432,41.22873],[69.19439,41.22912],[69.19425,41.22961],[69.19445,41.22995],[69.19436,41.23055],[69.19501,41.23065],[69.19565,41.23105],[69.19654,41.23191],[69.19678,41.23237],[69.19792,41.23266],[69.19822,41.23325],[69.1977,41.23395],[69.19831,41.23432],[69.19883,41.23421],[69.19842,41.23475]]]},"properties":{"name":"Yangi Choshtepa","district":"Yangihayot","soato_district":"1726292","mahalla_code":"1726292006","cadastral_number":"1726292006","area_ha":40.18,"area_ha_utm":39.94,"lat":41.23166,"lng":69.19344,"source":"Кадастр агентлиги, геопортал open.ngis.uz (слой UZKAD/MAHALLA_UZKAD_DB16), мастер-набор tashkent_gis_master","source_date":"2026-09-18"}},{"type":"Feature","geometry":{"type":"Polygon","coordinates":[[[69.19926,41.21806],[69.19723,41.21898],[69.19274,41.21349],[69.19426,41.2128],[69.19393,41.21241],[69.19608,41.2114],[69.20022,41.21666],[69.19926,41.21806]]]},"properties":{"name":"Yangihayot","district":"Yangihayot","soato_district":"1726292","mahalla_code":"1726292007","cadastral_number":"1726292007","area_ha":25.76,"area_ha_utm":26.06,"lat":41.2152,"lng":69.19664,"source":"Кадастр агентлиги, геопортал open.ngis.uz (слой UZKAD/MAHALLA_UZKAD_DB16), мастер-набор tashkent_gis_master","source_date":"2026-09-18"}},{"type":"Feature","geometry":{"type":"Polygon","coordinates":[[[69.23222,41.20186],[69.23424,41.20269],[69.23401,41.20302],[69.23429,41.20313],[69.23413,41.20336],[69.23446,41.20349],[69.23397,41.20422],[69.23514,41.20468],[69.23477,41.20563],[69.2349,41.20567],[69.23191,41.20981],[69.22249,41.20586],[69.22705,41.19949],[69.22981,41.20062],[69.23146,41.19564],[69.234,41.19667],[69.23222,41.20186]]]},"properties":{"name":"Al-Fargʻoniy","district":"Yangihayot","soato_district":"1726292","mahalla_code":"1726292008","cadastral_number":"1726292008","area_ha":82.52,"area_ha_utm":82.5,"lat":41.20373,"lng":69.22964,"source":"Кадастр агентлиги, геопортал open.ngis.uz (слой UZKAD/MAHALLA_UZKAD_DB16), мастер-набор tashkent_gis_master","source_date":"2026-09-18"}},{"type":"Feature","geometry":{"type":"Polygon","coordinates":[[[69.2268,41.19985],[69.22249,41.20586],[69.22002,41.20487],[69.21988,41.20507],[69.21776,41.20419],[69.22225,41.19796],[69.2268,41.19985]]]},"properties":{"name":"Viqor","district":"Yangihayot","soato_district":"1726292","mahalla_code":"1726292009","cadastral_number":"1726292009","area_ha":33.74,"area_ha_utm":33.67,"lat":41.20196,"lng":69.2223,"source":"Кадастр агентлиги, геопортал open.ngis.uz (слой UZKAD/MAHALLA_UZKAD_DB16), мастер-набор tashkent_gis_master","source_date":"2026-09-18"}},{"type":"Feature","geometry":{"type":"Polygon","coordinates":[[[69.20769,41.1894],[69.20807,41.18944],[69.20827,41.18925],[69.20904,41.18965],[69.21198,41.18985],[69.21328,41.19037],[69.21312,41.1906],[69.21279,41.19046],[69.2108,41.1933],[69.20638,41.19149],[69.20655,41.19125],[69.20624,41.19109],[69.20769,41.1894]]]},"properties":{"name":"Doʻstlik","district":"Yangihayot","soato_district":"1726292","mahalla_code":"1726292010","cadastral_number":"1726292010","area_ha":14.65,"area_ha_utm":14.75,"lat":41.19107,"lng":69.2096,"source":"Кадастр агентлиги, геопортал open.ngis.uz (слой UZKAD/MAHALLA_UZKAD_DB16), мастер-набор tashkent_gis_master","source_date":"2026-09-18"}},{"type":"Feature","geometry":{"type":"Polygon","coordinates":[[[69.21289,41.21488],[69.21283,41.21497],[69.2115,41.21449],[69.20375,41.21158],[69.208,41.20563],[69.21693,41.20931],[69.21289,41.21488]]]},"properties":{"name":"Mash'al","district":"Yangihayot","soato_district":"1726292","mahalla_code":"1726292011","cadastral_number":"1726292011","area_ha":62.49,"area_ha_utm":62.51,"lat":41.21035,"lng":69.21034,"source":"Кадастр агентлиги, геопортал open.ngis.uz (слой UZKAD/MAHALLA_UZKAD_DB16), мастер-набор tashkent_gis_master","source_date":"2026-09-18"}},{"type":"Feature","geometry":{"type":"Polygon","coordinates":[[[69.21887,41.19048],[69.23146,41.19564],[69.22981,41.20062],[69.22705,41.19949],[69.2268,41.19985],[69.22225,41.19796],[69.22318,41.19668],[69.22247,41.19634],[69.2223,41.19656],[69.22085,41.19597],[69.22006,41.19707],[69.21548,41.1952],[69.21887,41.19048]]]},"properties":{"name":"Yoʻldosh","district":"Yangihayot","soato_district":"1726292","mahalla_code":"1726292012","cadastral_number":"1726292012","area_ha":71.91,"area_ha_utm":71.86,"lat":41.1955,"lng":69.22387,"source":"Кадастр агентлиги, геопортал open.ngis.uz (слой UZKAD/MAHALLA_UZKAD_DB16), мастер-набор tashkent_gis_master","source_date":"2026-09-18"}},{"type":"Feature","geometry":{"type":"Polygon","coordinates":[[[69.21458,41.19645],[69.21368,41.19605],[69.21379,41.1958],[69.21364,41.19548],[69.21279,41.19504],[69.21246,41.19501],[69.21181,41.19591],[69.20465,41.19241],[69.20608,41.191],[69.20655,41.19125],[69.20638,41.19149],[69.21548,41.1952],[69.21458,41.19645]]]},"properties":{"name":"Charogʻon","district":"Yangihayot","soato_district":"1726292","mahalla_code":"1726292014","cadastral_number":"1726292014","area_ha":16.17,"area_ha_utm":15.94,"lat":41.1938,"lng":69.20985,"source":"Кадастр агентлиги, геопортал open.ngis.uz (слой UZKAD/MAHALLA_UZKAD_DB16), мастер-набор tashkent_gis_master","source_date":"2026-09-18"}},{"type":"Feature","geometry":{"type":"Polygon","coordinates":[[[69.22225,41.19796],[69.21776,41.20419],[69.21101,41.2014],[69.21548,41.1952],[69.22006,41.19707],[69.22085,41.19597],[69.2223,41.19656],[69.22247,41.19634],[69.22318,41.19668],[69.22225,41.19796]]]},"properties":{"name":"Chorbogʻ","district":"Yangihayot","soato_district":"1726292","mahalla_code":"1726292015","cadastral_number":"1726292015","area_ha":53.8,"area_ha_utm":53.75,"lat":41.19953,"lng":69.21692,"source":"Кадастр агентлиги, геопортал open.ngis.uz (слой UZKAD/MAHALLA_UZKAD_DB16), мастер-набор tashkent_gis_master","source_date":"2026-09-18"}},{"type":"Feature","geometry":{"type":"Polygon","coordinates":[[[69.18841,41.20821],[69.1868,41.2062],[69.18602,41.20487],[69.18566,41.20498],[69.1852,41.20385],[69.18484,41.20231],[69.18479,41.20036],[69.18513,41.19864],[69.18589,41.19686],[69.18678,41.19552],[69.18744,41.19612],[69.19695,41.19999],[69.19689,41.20009],[69.20005,41.20154],[69.20087,41.2025],[69.20184,41.20289],[69.20156,41.20353],[69.20247,41.20434],[69.20247,41.20533],[69.20211,41.2066],[69.20077,41.20751],[69.19722,41.20601],[69.19808,41.20482],[69.19472,41.2034],[69.19301,41.20526],[69.19894,41.20902],[69.19667,41.21212],[69.19195,41.20638],[69.18924,41.20923],[69.18841,41.20821]]]},"properties":{"name":"Gulshanobod","district":"Yangihayot","soato_district":"1726292","mahalla_code":"1726292016","cadastral_number":"1726292016","area_ha":133.91,"area_ha_utm":134.28,"lat":41.20322,"lng":69.19257,"source":"Кадастр агентлиги, геопортал open.ngis.uz (слой UZKAD/MAHALLA_UZKAD_DB16), мастер-набор tashkent_gis_master","source_date":"2026-09-18"}},{"type":"Feature","geometry":{"type":"Polygon","coordinates":[[[69.20575,41.19922],[69.20815,41.1962],[69.20338,41.19378],[69.20465,41.19241],[69.21181,41.19591],[69.21246,41.19501],[69.21279,41.19504],[69.21364,41.19548],[69.21379,41.1958],[69.21368,41.19605],[69.21458,41.19645],[69.21101,41.2014],[69.20575,41.19922]]]},"properties":{"name":"Yorqinxayot","district":"Yangihayot","soato_district":"1726292","mahalla_code":"1726292017","cadastral_number":"1726292017","area_ha":39.29,"area_ha_utm":39.47,"lat":41.19708,"lng":69.20937,"source":"Кадастр агентлиги, геопортал open.ngis.uz (слой UZKAD/MAHALLA_UZKAD_DB16), мастер-набор tashkent_gis_master","source_date":"2026-09-18"}},{"type":"Feature","geometry":{"type":"Polygon","coordinates":[[[69.2108,41.1933],[69.21279,41.19046],[69.21312,41.1906],[69.21328,41.19037],[69.21198,41.18985],[69.212,41.1895],[69.21849,41.18983],[69.21846,41.19028],[69.21887,41.19048],[69.21548,41.1952],[69.2108,41.1933]]]},"properties":{"name":"Zarbdor","district":"Yangihayot","soato_district":"1726292","mahalla_code":"1726292018","cadastral_number":"1726292018","area_ha":25.8,"area_ha_utm":25.88,"lat":41.192,"lng":69.21481,"source":"Кадастр агентлиги, геопортал open.ngis.uz (слой UZKAD/MAHALLA_UZKAD_DB16), мастер-набор tashkent_gis_master","source_date":"2026-09-18"}},{"type":"Feature","geometry":{"type":"Polygon","coordinates":[[[69.20022,41.21666],[69.19667,41.21212],[69.19894,41.20902],[69.20167,41.21075],[69.20375,41.21158],[69.20022,41.21666]]]},"properties":{"name":"Marxamat","district":"Yangihayot","soato_district":"1726292","mahalla_code":"1726292019","cadastral_number":"1726292019","area_ha":24.89,"area_ha_utm":24.66,"lat":41.21251,"lng":69.20001,"source":"Кадастр агентлиги, геопортал open.ngis.uz (слой UZKAD/MAHALLA_UZKAD_DB16), мастер-набор tashkent_gis_master","source_date":"2026-09-18"}},{"type":"Feature","geometry":{"type":"Polygon","coordinates":[[[69.21693,41.20931],[69.21159,41.2071],[69.21464,41.2029],[69.21988,41.20507],[69.21693,41.20931]]]},"properties":{"name":"Navqiron","district":"Yangihayot","soato_district":"1726292","mahalla_code":"1726292020","cadastral_number":"1726292020","area_ha":26.91,"area_ha_utm":26.99,"lat":41.2061,"lng":69.21576,"source":"Кадастр агентлиги, геопортал open.ngis.uz (слой UZKAD/MAHALLA_UZKAD_DB16), мастер-набор tashkent_gis_master","source_date":"2026-09-18"}},{"type":"Feature","geometry":{"type":"Polygon","coordinates":[[[69.21159,41.2071],[69.208,41.20563],[69.20375,41.21158],[69.20167,41.21075],[69.19301,41.20526],[69.19472,41.2034],[69.19808,41.20482],[69.19722,41.20601],[69.20077,41.20751],[69.20211,41.2066],[69.20247,41.20533],[69.20247,41.20434],[69.20156,41.20353],[69.20352,41.1983],[69.21464,41.2029],[69.21159,41.2071]]]},"properties":{"name":"Olchazor","district":"Yangihayot","soato_district":"1726292","mahalla_code":"1726292021","cadastral_number":"1726292021","area_ha":102.63,"area_ha_utm":102.47,"lat":41.20485,"lng":69.20476,"source":"Кадастр агентлиги, геопортал open.ngis.uz (слой UZKAD/MAHALLA_UZKAD_DB16), мастер-набор tashkent_gis_master","source_date":"2026-09-18"}},{"type":"Feature","geometry":{"type":"Polygon","coordinates":[[[69.21283,41.21497],[69.21062,41.21801],[69.20964,41.21762],[69.20699,41.21746],[69.20122,41.21521],[69.20375,41.21158],[69.21283,41.21497]]]},"properties":{"name":"Xumo","district":"Yangihayot","soato_district":"1726292","mahalla_code":"1726292022","cadastral_number":"1726292022","area_ha":37.45,"area_ha_utm":37.28,"lat":41.21499,"lng":69.2069,"source":"Кадастр агентлиги, геопортал open.ngis.uz (слой UZKAD/MAHALLA_UZKAD_DB16), мастер-набор tashkent_gis_master","source_date":"2026-09-18"}},{"type":"Feature","geometry":{"type":"Polygon","coordinates":[[[69.21062,41.21801],[69.20761,41.22215],[69.20169,41.21988],[69.20081,41.21935],[69.19926,41.21806],[69.20122,41.21521],[69.20699,41.21746],[69.20964,41.21762],[69.21062,41.21801]]]},"properties":{"name":"Yangi Turmush","district":"Yangihayot","soato_district":"1726292","mahalla_code":"1726292023","cadastral_number":"1726292023","area_ha":37.54,"area_ha_utm":37.56,"lat":41.21866,"lng":69.20476,"source":"Кадастр агентлиги, геопортал open.ngis.uz (слой UZKAD/MAHALLA_UZKAD_DB16), мастер-набор tashkent_gis_master","source_date":"2026-09-18"}},{"type":"Feature","geometry":{"type":"Polygon","coordinates":[[[69.26107,41.1773],[69.26212,41.184],[69.26162,41.18668],[69.26132,41.18667],[69.26087,41.18695],[69.2599,41.18854],[69.2577,41.19091],[69.2574,41.19071],[69.2564,41.19141],[69.25586,41.19137],[69.25408,41.18841],[69.25151,41.18645],[69.2417,41.17769],[69.23688,41.17123],[69.23483,41.16973],[69.23219,41.16889],[69.23057,41.16747],[69.23418,41.16651],[69.23712,41.16607],[69.24624,41.166],[69.25858,41.16465],[69.25938,41.16916],[69.2598,41.1704],[69.26067,41.17469],[69.26107,41.1773]]]},"properties":{"name":"Binokor","district":"Yangihayot","soato_district":"1726292","mahalla_code":"1726292024","cadastral_number":"1726292024","area_ha":408.56,"area_ha_utm":408.27,"lat":41.17544,"lng":69.25052,"source":"Кадастр агентлиги, геопортал open.ngis.uz (слой UZKAD/MAHALLA_UZKAD_DB16), мастер-набор tashkent_gis_master","source_date":"2026-09-18"}},{"type":"Feature","geometry":{"type":"Polygon","coordinates":[[[69.30664,41.19306],[69.30451,41.19455],[69.30279,41.19163],[69.30038,41.19278],[69.2888,41.18408],[69.28622,41.18046],[69.28477,41.17986],[69.28656,41.1774],[69.27792,41.16989],[69.27555,41.17001],[69.27386,41.16356],[69.27612,41.16388],[69.27879,41.16453],[69.28122,41.16543],[69.28351,41.1666],[69.30314,41.17936],[69.31422,41.18776],[69.30664,41.19306]]]},"properties":{"name":"Yangi Gulzor","district":"Yangihayot","soato_district":"1726292","mahalla_code":"1726292025","cadastral_number":"1726292025","area_ha":383.15,"area_ha_utm":383.9,"lat":41.18002,"lng":69.29454,"source":"Кадастр агентлиги, геопортал open.ngis.uz (слой UZKAD/MAHALLA_UZKAD_DB16), мастер-набор tashkent_gis_master","source_date":"2026-09-18"}},{"type":"Feature","geometry":{"type":"Polygon","coordinates":[[[69.30451,41.19455],[69.29644,41.2002],[69.28726,41.19586],[69.28864,41.19439],[69.28064,41.19015],[69.27683,41.18759],[69.28016,41.1841],[69.27267,41.18124],[69.27237,41.1825],[69.26107,41.1773],[69.26067,41.17469],[69.2598,41.1704],[69.25938,41.16916],[69.25857,41.16466],[69.26981,41.16351],[69.27386,41.16356],[69.27555,41.17001],[69.27792,41.16989],[69.28656,41.1774],[69.28477,41.17986],[69.28622,41.18046],[69.28873,41.18401],[69.30038,41.19278],[69.30279,41.19163],[69.30451,41.19455]]]},"properties":{"name":"Jaloir","district":"Yangihayot","soato_district":"1726292","mahalla_code":"1726292026","cadastral_number":"1726292026","area_ha":542.7,"area_ha_utm":542.14,"lat":41.18037,"lng":69.27893,"source":"Кадастр агентлиги, геопортал open.ngis.uz (слой UZKAD/MAHALLA_UZKAD_DB16), мастер-набор tashkent_gis_master","source_date":"2026-09-18"}},{"type":"Feature","geometry":{"type":"Polygon","coordinates":[[[69.21692,41.17995],[69.21811,41.1815],[69.21805,41.18171],[69.21989,41.18407],[69.22007,41.18453],[69.22292,41.18675],[69.2232,41.18651],[69.22445,41.18728],[69.22419,41.18796],[69.2235,41.18851],[69.22464,41.19025],[69.2228,41.19014],[69.2219,41.18941],[69.22166,41.19],[69.212,41.1895],[69.21198,41.18985],[69.20904,41.18965],[69.20827,41.18925],[69.20741,41.18962],[69.2067,41.18937],[69.1987,41.18894],[69.1981,41.18864],[69.19673,41.18686],[69.19569,41.18668],[69.19511,41.18614],[69.20122,41.17928],[69.20348,41.17716],[69.20501,41.1761],[69.20692,41.17505],[69.20909,41.17415],[69.21171,41.17332],[69.21692,41.17995]]]},"properties":{"name":"Toshkent","district":"Yangihayot","soato_district":"1726292","mahalla_code":"1726292027","cadastral_number":"1726292027","area_ha":265.79,"area_ha_utm":265.79,"lat":41.18347,"lng":69.2095,"source":"Кадастр агентлиги, геопортал open.ngis.uz (слой UZKAD/MAHALLA_UZKAD_DB16), мастер-набор tashkent_gis_master","source_date":"2026-09-18"}},{"type":"Feature","geometry":{"type":"Polygon","coordinates":[[[69.28784,41.20545],[69.28679,41.20498],[69.28309,41.20481],[69.28134,41.20451],[69.2804,41.20505],[69.27267,41.20048],[69.2637,41.1963],[69.25818,41.19238],[69.2564,41.19141],[69.2574,41.19071],[69.2577,41.19091],[69.2599,41.18854],[69.26087,41.18695],[69.26132,41.18667],[69.26162,41.18668],[69.26212,41.184],[69.26107,41.1773],[69.27237,41.1825],[69.27267,41.18124],[69.28016,41.1841],[69.27708,41.18723],[69.27688,41.18764],[69.28064,41.19015],[69.28864,41.19439],[69.28726,41.19586],[69.29644,41.2002],[69.28849,41.20576],[69.28784,41.20545]]]},"properties":{"name":"Xoʻja Uchqun","district":"Yangihayot","soato_district":"1726292","mahalla_code":"1726292028","cadastral_number":"1726292028","area_ha":464.54,"area_ha_utm":464.86,"lat":41.19311,"lng":69.27481,"source":"Кадастр агентлиги, геопортал open.ngis.uz (слой UZKAD/MAHALLA_UZKAD_DB16), мастер-набор tashkent_gis_master","source_date":"2026-09-18"}},{"type":"Feature","geometry":{"type":"Polygon","coordinates":[[[69.2067,41.18937],[69.20741,41.18962],[69.20624,41.19109],[69.20608,41.191],[69.20579,41.19116],[69.20338,41.19378],[69.20815,41.1962],[69.20575,41.19922],[69.20352,41.1983],[69.20184,41.20289],[69.20087,41.2025],[69.20005,41.20154],[69.19689,41.20009],[69.19695,41.19999],[69.18744,41.19612],[69.18678,41.19552],[69.19511,41.18614],[69.19569,41.18668],[69.19673,41.18686],[69.1981,41.18864],[69.19859,41.18892],[69.2067,41.18937]]]},"properties":{"name":"Xushnud","district":"Yangihayot","soato_district":"1726292","mahalla_code":"1726292029","cadastral_number":"1726292029","area_ha":171.95,"area_ha_utm":171.52,"lat":41.19432,"lng":69.19789,"source":"Кадастр агентлиги, геопортал open.ngis.uz (слой UZKAD/MAHALLA_UZKAD_DB16), мастер-набор tashkent_gis_master","source_date":"2026-09-18"}},{"type":"Feature","geometry":{"type":"Polygon","coordinates":[[[69.21245,41.17433],[69.21171,41.17332],[69.2284,41.16813],[69.22962,41.1693],[69.22981,41.17009],[69.22871,41.17187],[69.22883,41.1731],[69.22874,41.17454],[69.22852,41.17516],[69.22771,41.17591],[69.22769,41.17671],[69.23152,41.18049],[69.23163,41.18143],[69.2323,41.18293],[69.23245,41.18325],[69.23297,41.18359],[69.23316,41.18623],[69.23328,41.1866],[69.23379,41.18678],[69.23339,41.18728],[69.23383,41.18801],[69.23516,41.18933],[69.23497,41.18943],[69.23539,41.19011],[69.2381,41.19148],[69.23695,41.19224],[69.23697,41.19173],[69.23571,41.19135],[69.23511,41.19084],[69.23405,41.19067],[69.23231,41.19051],[69.23239,41.1907],[69.22464,41.19025],[69.2235,41.18851],[69.22419,41.18796],[69.22445,41.18728],[69.2232,41.18651],[69.22292,41.18675],[69.22007,41.18453],[69.21989,41.18407],[69.21805,41.18171],[69.21811,41.1815],[69.21245,41.17433]]]},"properties":{"name":"Chortoq","district":"Yangihayot","soato_district":"1726292","mahalla_code":"1726292030","cadastral_number":"1726292030","area_ha":254.27,"area_ha_utm":253.21,"lat":41.17968,"lng":69.22449,"source":"Кадастр агентлиги, геопортал open.ngis.uz (слой UZKAD/MAHALLA_UZKAD_DB16), мастер-набор tashkent_gis_master","source_date":"2026-09-18"}},{"type":"Feature","geometry":{"type":"Polygon","coordinates":[[[69.15439,41.26025],[69.15553,41.26055],[69.15467,41.26303],[69.14869,41.26101],[69.15041,41.25936],[69.15174,41.26033],[69.15194,41.26018],[69.15212,41.26025],[69.15295,41.25961],[69.15397,41.26022],[69.15439,41.26025]]]},"properties":{"name":"Al-Xorazmiy","district":"Chilanzar","soato_district":"1726294","mahalla_code":"1726294001","cadastral_number":"1726294001","area_ha":12.11,"area_ha_utm":12.13,"lat":41.26109,"lng":69.15244,"source":"Кадастр агентлиги, геопортал open.ngis.uz (слой UZKAD/MAHALLA_UZKAD_DB16), мастер-набор tashkent_gis_master","source_date":"2026-09-18"}},{"type":"Feature","geometry":{"type":"Polygon","coordinates":[[[69.15686,41.26383],[69.15718,41.26335],[69.15791,41.26296],[69.15802,41.26241],[69.16044,41.26131],[69.16106,41.26142],[69.16251,41.26055],[69.16412,41.26208],[69.16204,41.26339],[69.16031,41.26547],[69.15686,41.26383]]]},"properties":{"name":"Baxoriston","district":"Chilanzar","soato_district":"1726294","mahalla_code":"1726294002","cadastral_number":"1726294002","area_ha":15.59,"area_ha_utm":15.33,"lat":41.26294,"lng":69.16048,"source":"Кадастр агентлиги, геопортал open.ngis.uz (слой UZKAD/MAHALLA_UZKAD_DB16), мастер-набор tashkent_gis_master","source_date":"2026-09-18"}},{"type":"Feature","geometry":{"type":"Polygon","coordinates":[[[69.16856,41.26066],[69.16624,41.26081],[69.16412,41.26208],[69.15954,41.25774],[69.15589,41.26008],[69.15553,41.26055],[69.15397,41.26022],[69.15295,41.25961],[69.15212,41.26025],[69.15194,41.26018],[69.15174,41.26033],[69.15041,41.25936],[69.15454,41.25634],[69.16129,41.25217],[69.16301,41.25051],[69.16413,41.24855],[69.16531,41.24876],[69.16445,41.25115],[69.16696,41.25361],[69.16747,41.25353],[69.16765,41.25415],[69.17062,41.25395],[69.1706,41.25327],[69.17862,41.25324],[69.18242,41.25445],[69.18538,41.25476],[69.18598,41.25509],[69.18838,41.25906],[69.18806,41.25995],[69.18421,41.2592],[69.17991,41.26],[69.16856,41.26066]]]},"properties":{"name":"Bektoʻpi","district":"Chilanzar","soato_district":"1726294","mahalla_code":"1726294003","cadastral_number":"1726294003","area_ha":209.11,"area_ha_utm":208.85,"lat":41.25675,"lng":69.16977,"source":"Кадастр агентлиги, геопортал open.ngis.uz (слой UZKAD/MAHALLA_UZKAD_DB16), мастер-набор tashkent_gis_master","source_date":"2026-09-18"}},{"type":"Feature","geometry":{"type":"Polygon","coordinates":[[[69.18598,41.25351],[69.18549,41.25402],[69.18556,41.25448],[69.18538,41.25476],[69.18242,41.25445],[69.17862,41.25324],[69.1706,41.25327],[69.17062,41.25395],[69.16765,41.25415],[69.16747,41.25353],[69.16696,41.25361],[69.16445,41.25115],[69.16531,41.24876],[69.16413,41.24854],[69.16665,41.24098],[69.16677,41.24018],[69.16663,41.23963],[69.16566,41.23847],[69.16546,41.23679],[69.16473,41.236],[69.1651,41.23566],[69.16566,41.23567],[69.16805,41.23515],[69.16886,41.23479],[69.17382,41.22877],[69.17415,41.22832],[69.17392,41.22718],[69.17228,41.22643],[69.17295,41.22576],[69.17193,41.22518],[69.17227,41.22499],[69.17393,41.2231],[69.1747,41.22255],[69.17621,41.2244],[69.18763,41.23577],[69.18929,41.23705],[69.19494,41.24063],[69.19449,41.24087],[69.194,41.24071],[69.19308,41.24154],[69.19292,41.24147],[69.18321,41.25038],[69.18689,41.25262],[69.18598,41.25351]]]},"properties":{"name":"Beshqoʻrgʻon","district":"Chilanzar","soato_district":"1726294","mahalla_code":"1726294004","cadastral_number":"1726294004","area_ha":499.18,"area_ha_utm":498.62,"lat":41.24141,"lng":69.1773,"source":"Кадастр агентлиги, геопортал open.ngis.uz (слой UZKAD/MAHALLA_UZKAD_DB16), мастер-набор tashkent_gis_master","source_date":"2026-09-18"}},{"type":"Feature","geometry":{"type":"Polygon","coordinates":[[[69.15802,41.26241],[69.15791,41.26296],[69.15718,41.26335],[69.15686,41.26383],[69.15467,41.26303],[69.15536,41.26089],[69.15578,41.26018],[69.15954,41.25774],[69.16251,41.26055],[69.16106,41.26142],[69.16044,41.26131],[69.15802,41.26241]]]},"properties":{"name":"Guliston","district":"Chilanzar","soato_district":"1726294","mahalla_code":"1726294005","cadastral_number":"1726294005","area_ha":21.32,"area_ha_utm":21.37,"lat":41.26079,"lng":69.15824,"source":"Кадастр агентлиги, геопортал open.ngis.uz (слой UZKAD/MAHALLA_UZKAD_DB16), мастер-набор tashkent_gis_master","source_date":"2026-09-18"}},{"type":"Feature","geometry":{"type":"Polygon","coordinates":[[[69.17992,41.26905],[69.17898,41.26969],[69.17727,41.2715],[69.17579,41.27106],[69.17222,41.26886],[69.17441,41.26689],[69.17674,41.26555],[69.18016,41.2674],[69.18044,41.26769],[69.18063,41.26759],[69.18127,41.26826],[69.17992,41.26905]]]},"properties":{"name":"Katta Xirmontepa","district":"Chilanzar","soato_district":"1726294","mahalla_code":"1726294006","cadastral_number":"1726294006","area_ha":26.37,"area_ha_utm":26.36,"lat":41.2685,"lng":69.17665,"source":"Кадастр агентлиги, геопортал open.ngis.uz (слой UZKAD/MAHALLA_UZKAD_DB16), мастер-набор tashkent_gis_master","source_date":"2026-09-18"}},{"type":"Feature","geometry":{"type":"Polygon","coordinates":[[[69.21609,41.25946],[69.21386,41.25924],[69.21214,41.25863],[69.20625,41.25521],[69.20423,41.25449],[69.20222,41.25426],[69.19183,41.25442],[69.18997,41.25416],[69.18878,41.25379],[69.18321,41.25038],[69.19292,41.24147],[69.19308,41.24154],[69.194,41.24071],[69.19449,41.24087],[69.19494,41.24063],[69.20904,41.24949],[69.21539,41.25307],[69.21435,41.2543],[69.21403,41.25562],[69.21432,41.25633],[69.21515,41.25735],[69.21609,41.25946]]]},"properties":{"name":"Tirsakobod","district":"Chilanzar","soato_district":"1726294","mahalla_code":"1726294007","cadastral_number":"1726294007","area_ha":255.41,"area_ha_utm":255.02,"lat":41.25009,"lng":69.1992,"source":"Кадастр агентлиги, геопортал open.ngis.uz (слой UZKAD/MAHALLA_UZKAD_DB16), мастер-набор tashkent_gis_master","source_date":"2026-09-18"}},{"type":"Feature","geometry":{"type":"Polygon","coordinates":[[[69.18244,41.25952],[69.18421,41.2592],[69.18806,41.25995],[69.18758,41.26148],[69.1809,41.26327],[69.17469,41.26672],[69.173,41.2681],[69.17093,41.2668],[69.17105,41.26643],[69.17154,41.26595],[69.17312,41.26554],[69.17408,41.26512],[69.17725,41.2621],[69.17839,41.2613],[69.18252,41.26055],[69.18244,41.25952]]]},"properties":{"name":"Xayrabod","district":"Chilanzar","soato_district":"1726294","mahalla_code":"1726294008","cadastral_number":"1726294008","area_ha":39.76,"area_ha_utm":39.39,"lat":41.26295,"lng":69.1797,"source":"Кадастр агентлиги, геопортал open.ngis.uz (слой UZKAD/MAHALLA_UZKAD_DB16), мастер-набор tashkent_gis_master","source_date":"2026-09-18"}},{"type":"Feature","geometry":{"type":"Polygon","coordinates":[[[69.18213,41.25958],[69.18244,41.25952],[69.18252,41.26055],[69.17839,41.2613],[69.17725,41.2621],[69.17408,41.26512],[69.17299,41.26556],[69.16892,41.2615],[69.16856,41.26066],[69.17991,41.26],[69.18213,41.25958]]]},"properties":{"name":"Xontoʻpi","district":"Chilanzar","soato_district":"1726294","mahalla_code":"1726294010","cadastral_number":"1726294010","area_ha":32.23,"area_ha_utm":32.32,"lat":41.262,"lng":69.1744,"source":"Кадастр агентлиги, геопортал open.ngis.uz (слой UZKAD/MAHALLA_UZKAD_DB16), мастер-набор tashkent_gis_master","source_date":"2026-09-18"}},{"type":"Feature","geometry":{"type":"Polygon","coordinates":[[[69.16578,41.26364],[69.16312,41.26527],[69.16342,41.26547],[69.1629,41.26579],[69.16267,41.26631],[69.16227,41.2667],[69.16031,41.26547],[69.16204,41.26339],[69.16412,41.26208],[69.16578,41.26364]]]},"properties":{"name":"Sharaf","district":"Chilanzar","soato_district":"1726294","mahalla_code":"1726294011","cadastral_number":"1726294011","area_ha":10.22,"area_ha_utm":10.18,"lat":41.2643,"lng":69.16296,"source":"Кадастр агентлиги, геопортал open.ngis.uz (слой UZKAD/MAHALLA_UZKAD_DB16), мастер-набор tashkent_gis_master","source_date":"2026-09-18"}},{"type":"Feature","geometry":{"type":"Polygon","coordinates":[[[69.16787,41.26778],[69.16404,41.26872],[69.16227,41.2667],[69.16267,41.26631],[69.1629,41.26579],[69.16342,41.26547],[69.16312,41.26527],[69.16578,41.26364],[69.16941,41.26707],[69.16891,41.26743],[69.16787,41.26778]]]},"properties":{"name":"Sharq","district":"Chilanzar","soato_district":"1726294","mahalla_code":"1726294012","cadastral_number":"1726294012","area_ha":18.78,"area_ha_utm":18.62,"lat":41.2664,"lng":69.16559,"source":"Кадастр агентлиги, геопортал open.ngis.uz (слой UZKAD/MAHALLA_UZKAD_DB16), мастер-набор tashkent_gis_master","source_date":"2026-09-18"}},{"type":"Feature","geometry":{"type":"Polygon","coordinates":[[[69.17117,41.26983],[69.16804,41.26802],[69.16787,41.26777],[69.16891,41.26743],[69.16941,41.26707],[69.16412,41.26208],[69.16624,41.26081],[69.16856,41.26066],[69.16892,41.2615],[69.17299,41.26556],[69.17154,41.26595],[69.17105,41.26643],[69.17093,41.2668],[69.173,41.2681],[69.17117,41.26983]]]},"properties":{"name":"Sharq tongi","district":"Chilanzar","soato_district":"1726294","mahalla_code":"1726294013","cadastral_number":"1726294013","area_ha":33.11,"area_ha_utm":32.81,"lat":41.26474,"lng":69.16898,"source":"Кадастр агентлиги, геопортал open.ngis.uz (слой UZKAD/MAHALLA_UZKAD_DB16), мастер-набор tashkent_gis_master","source_date":"2026-09-18"}},{"type":"Feature","geometry":{"type":"Polygon","coordinates":[[[69.18712,41.26872],[69.18577,41.26997],[69.18547,41.26982],[69.18436,41.27099],[69.18258,41.26995],[69.18391,41.26868],[69.18393,41.26841],[69.18277,41.26765],[69.18408,41.26708],[69.18581,41.26577],[69.18869,41.2648],[69.19043,41.26783],[69.18712,41.26872]]]},"properties":{"name":"Shuxrat","district":"Chilanzar","soato_district":"1726294","mahalla_code":"1726294014","cadastral_number":"1726294014","area_ha":21.35,"area_ha_utm":21.38,"lat":41.2677,"lng":69.18637,"source":"Кадастр агентлиги, геопортал open.ngis.uz (слой UZKAD/MAHALLA_UZKAD_DB16), мастер-набор tashkent_gis_master","source_date":"2026-09-18"}},{"type":"Feature","geometry":{"type":"Polygon","coordinates":[[[69.23143,41.29966],[69.23123,41.29972],[69.22993,41.29832],[69.23007,41.29825],[69.22727,41.29553],[69.22884,41.29469],[69.22886,41.29434],[69.23012,41.29356],[69.22948,41.29341],[69.22963,41.29306],[69.23059,41.29341],[69.23096,41.29306],[69.23161,41.29317],[69.23189,41.29339],[69.23169,41.29372],[69.232,41.29389],[69.23202,41.29439],[69.23285,41.29495],[69.23494,41.29568],[69.2352,41.29634],[69.23653,41.29688],[69.23751,41.29635],[69.23808,41.29693],[69.23916,41.2965],[69.23933,41.29629],[69.23912,41.29588],[69.23924,41.2956],[69.23978,41.29514],[69.24054,41.29477],[69.24151,41.29506],[69.24204,41.29601],[69.24201,41.29735],[69.23935,41.2976],[69.23592,41.29829],[69.23143,41.29966]]]},"properties":{"name":"1-Charx Kamolon","district":"Chilanzar","soato_district":"1726294","mahalla_code":"1726294015","cadastral_number":"1726294015","area_ha":39.59,"area_ha_utm":39.21,"lat":41.29656,"lng":69.2337,"source":"Кадастр агентлиги, геопортал open.ngis.uz (слой UZKAD/MAHALLA_UZKAD_DB16), мастер-набор tashkent_gis_master","source_date":"2026-09-18"}},{"type":"Feature","geometry":{"type":"Polygon","coordinates":[[[69.23123,41.29972],[69.22379,41.30222],[69.2226,41.30229],[69.22275,41.29739],[69.22351,41.2974],[69.22269,41.29618],[69.2222,41.29477],[69.22204,41.29479],[69.22081,41.29366],[69.22341,41.29201],[69.22836,41.2965],[69.23007,41.29825],[69.22993,41.29832],[69.23123,41.29972]]]},"properties":{"name":"2-Charx Kamolon","district":"Chilanzar","soato_district":"1726294","mahalla_code":"1726294016","cadastral_number":"1726294016","area_ha":48.1,"area_ha_utm":48.17,"lat":41.29766,"lng":69.22546,"source":"Кадастр агентлиги, геопортал open.ngis.uz (слой UZKAD/MAHALLA_UZKAD_DB16), мастер-набор tashkent_gis_master","source_date":"2026-09-18"}},{"type":"Feature","geometry":{"type":"Polygon","coordinates":[[[69.22275,41.29747],[69.2226,41.30229],[69.22192,41.30212],[69.22044,41.30132],[69.219,41.30102],[69.21068,41.30082],[69.2108,41.30021],[69.21116,41.29977],[69.22081,41.29366],[69.22204,41.29479],[69.2222,41.29477],[69.22269,41.29618],[69.22351,41.2974],[69.22275,41.29747]]]},"properties":{"name":"3-Charx Kamolon","district":"Chilanzar","soato_district":"1726294","mahalla_code":"1726294017","cadastral_number":"1726294017","area_ha":51.95,"area_ha_utm":51.89,"lat":41.29842,"lng":69.21833,"source":"Кадастр агентлиги, геопортал open.ngis.uz (слой UZKAD/MAHALLA_UZKAD_DB16), мастер-набор tashkent_gis_master","source_date":"2026-09-18"}},{"type":"Feature","geometry":{"type":"Polygon","coordinates":[[[69.2413,41.31185],[69.24047,41.31175],[69.2401,41.31019],[69.23376,41.30216],[69.23143,41.29966],[69.23592,41.29829],[69.23935,41.2976],[69.24201,41.29735],[69.24355,41.29779],[69.24838,41.30015],[69.24922,41.30089],[69.2508,41.30157],[69.25147,41.30221],[69.2525,41.30242],[69.25352,41.30339],[69.25369,41.30425],[69.25835,41.30906],[69.25887,41.31],[69.25976,41.3105],[69.25999,41.31109],[69.24613,41.31166],[69.24605,41.31059],[69.2464,41.31015],[69.24655,41.30532],[69.24287,41.30929],[69.24308,41.31178],[69.2413,41.31185]]]},"properties":{"name":"Beshyogʻoch","district":"Chilanzar","soato_district":"1726294","mahalla_code":"1726294018","cadastral_number":"1726294018","area_ha":208.76,"area_ha_utm":208.88,"lat":41.30481,"lng":69.24512,"source":"Кадастр агентлиги, геопортал open.ngis.uz (слой UZKAD/MAHALLA_UZKAD_DB16), мастер-набор tashkent_gis_master","source_date":"2026-09-18"}},{"type":"Feature","geometry":{"type":"Polygon","coordinates":[[[69.22249,41.27024],[69.22093,41.27062],[69.21543,41.27406],[69.21397,41.27468],[69.21345,41.27461],[69.2123,41.27509],[69.21101,41.27474],[69.21083,41.27513],[69.21,41.27493],[69.20957,41.2746],[69.20791,41.27243],[69.219,41.26528],[69.22062,41.26674],[69.22095,41.26727],[69.22129,41.26862],[69.22177,41.26906],[69.2217,41.26947],[69.22249,41.27024]]]},"properties":{"name":"Katta Kozirobod","district":"Chilanzar","soato_district":"1726294","mahalla_code":"1726294019","cadastral_number":"1726294019","area_ha":63.9,"area_ha_utm":63.9,"lat":41.2707,"lng":69.21539,"source":"Кадастр агентлиги, геопортал open.ngis.uz (слой UZKAD/MAHALLA_UZKAD_DB16), мастер-набор tashkent_gis_master","source_date":"2026-09-18"}},{"type":"Feature","geometry":{"type":"Polygon","coordinates":[[[69.24613,41.31166],[69.24308,41.31178],[69.24285,41.30933],[69.24655,41.30532],[69.2464,41.31015],[69.24605,41.31059],[69.24613,41.31166]]]},"properties":{"name":"Katta Olmazor","district":"Chilanzar","soato_district":"1726294","mahalla_code":"1726294020","cadastral_number":"1726294020","area_ha":13.92,"area_ha_utm":13.98,"lat":41.30928,"lng":69.24492,"source":"Кадастр агентлиги, геопортал open.ngis.uz (слой UZKAD/MAHALLA_UZKAD_DB16), мастер-набор tashkent_gis_master","source_date":"2026-09-18"}},{"type":"Feature","geometry":{"type":"Polygon","coordinates":[[[69.23477,41.28482],[69.22935,41.28826],[69.22407,41.28349],[69.22816,41.28086],[69.22782,41.28056],[69.22878,41.27999],[69.22935,41.28003],[69.22974,41.27979],[69.22946,41.27943],[69.22994,41.27909],[69.2313,41.27953],[69.23194,41.28006],[69.23288,41.28015],[69.23455,41.28116],[69.2348,41.28241],[69.2349,41.28426],[69.23474,41.28428],[69.23477,41.28482]]]},"properties":{"name":"Katta Chilonzor-1","district":"Chilanzar","soato_district":"1726294","mahalla_code":"1726294021","cadastral_number":"1726294021","area_ha":53.47,"area_ha_utm":53.33,"lat":41.28355,"lng":69.2301,"source":"Кадастр агентлиги, геопортал open.ngis.uz (слой UZKAD/MAHALLA_UZKAD_DB16), мастер-набор tashkent_gis_master","source_date":"2026-09-18"}},{"type":"Feature","geometry":{"type":"Polygon","coordinates":[[[69.22782,41.28056],[69.22816,41.28086],[69.22407,41.28349],[69.21767,41.27879],[69.22516,41.27398],[69.22598,41.27564],[69.22922,41.27824],[69.22994,41.27909],[69.22946,41.27943],[69.22974,41.27979],[69.22947,41.27998],[69.22878,41.27999],[69.22782,41.28056]]]},"properties":{"name":"Katta Chilonzor-2","district":"Chilanzar","soato_district":"1726294","mahalla_code":"1726294022","cadastral_number":"1726294022","area_ha":54.09,"area_ha_utm":53.8,"lat":41.27891,"lng":69.22408,"source":"Кадастр агентлиги, геопортал open.ngis.uz (слой UZKAD/MAHALLA_UZKAD_DB16), мастер-набор tashkent_gis_master","source_date":"2026-09-18"}},{"type":"Feature","geometry":{"type":"Polygon","coordinates":[[[69.21784,41.27969],[69.21715,41.27914],[69.21767,41.27879],[69.22342,41.28293],[69.22935,41.28826],[69.22611,41.2903],[69.22561,41.28984],[69.22569,41.28928],[69.22474,41.28853],[69.22444,41.28845],[69.22424,41.28814],[69.22267,41.28763],[69.22235,41.28739],[69.22158,41.28738],[69.22094,41.28691],[69.22047,41.28703],[69.21992,41.28675],[69.21908,41.28588],[69.21908,41.28513],[69.2188,41.28441],[69.21836,41.2839],[69.21914,41.28246],[69.21908,41.2811],[69.21821,41.28082],[69.21834,41.28047],[69.21784,41.27969]]]},"properties":{"name":"Katta Chilonzor-3","district":"Chilanzar","soato_district":"1726294","mahalla_code":"1726294023","cadastral_number":"1726294023","area_ha":44.66,"area_ha_utm":44.59,"lat":41.28524,"lng":69.22294,"source":"Кадастр агентлиги, геопортал open.ngis.uz (слой UZKAD/MAHALLA_UZKAD_DB16), мастер-набор tashkent_gis_master","source_date":"2026-09-18"}},{"type":"Feature","geometry":{"type":"Polygon","coordinates":[[[69.22862,41.29476],[69.22727,41.29553],[69.21239,41.28216],[69.21715,41.27914],[69.21779,41.27959],[69.21834,41.28047],[69.21821,41.28082],[69.21908,41.2811],[69.21914,41.28246],[69.21836,41.2839],[69.21884,41.2845],[69.21908,41.28513],[69.21914,41.28597],[69.22015,41.28692],[69.22063,41.28703],[69.22094,41.28691],[69.22167,41.28741],[69.22229,41.28737],[69.223,41.28775],[69.22386,41.28794],[69.22564,41.28923],[69.22561,41.28984],[69.22653,41.29072],[69.22626,41.29103],[69.22664,41.29124],[69.22662,41.2918],[69.22723,41.29183],[69.22847,41.29264],[69.22918,41.29275],[69.22963,41.29306],[69.22948,41.29341],[69.23012,41.29356],[69.22886,41.29434],[69.22884,41.29469],[69.22862,41.29476]]]},"properties":{"name":"Novza","district":"Chilanzar","soato_district":"1726294","mahalla_code":"1726294024","cadastral_number":"1726294024","area_ha":60.74,"area_ha_utm":60.12,"lat":41.28721,"lng":69.22074,"source":"Кадастр агентлиги, геопортал open.ngis.uz (слой UZKAD/MAHALLA_UZKAD_DB16), мастер-набор tashkent_gis_master","source_date":"2026-09-18"}},{"type":"Feature","geometry":{"type":"Polygon","coordinates":[[[69.2393,41.29635],[69.23808,41.29693],[69.23751,41.29635],[69.23653,41.29688],[69.23531,41.2964],[69.23494,41.29568],[69.23285,41.29495],[69.23202,41.29439],[69.232,41.29389],[69.23169,41.29372],[69.23189,41.29339],[69.23161,41.29317],[69.23096,41.29306],[69.23077,41.29335],[69.23055,41.29341],[69.22946,41.29305],[69.2291,41.29272],[69.22847,41.29264],[69.22723,41.29183],[69.22662,41.2918],[69.22664,41.29124],[69.22626,41.29103],[69.22653,41.29072],[69.22611,41.2903],[69.23477,41.28482],[69.23522,41.28629],[69.23667,41.28704],[69.23746,41.28815],[69.23797,41.28962],[69.23769,41.29084],[69.23777,41.29181],[69.23953,41.29354],[69.2401,41.29382],[69.24054,41.29477],[69.23978,41.29514],[69.23924,41.2956],[69.23912,41.29588],[69.2393,41.29635]]]},"properties":{"name":"Chilonzor","district":"Chilanzar","soato_district":"1726294","mahalla_code":"1726294025","cadastral_number":"1726294025","area_ha":80.93,"area_ha_utm":80.66,"lat":41.29121,"lng":69.23381,"source":"Кадастр агентлиги, геопортал open.ngis.uz (слой UZKAD/MAHALLA_UZKAD_DB16), мастер-набор tashkent_gis_master","source_date":"2026-09-18"}},{"type":"Feature","geometry":{"type":"Polygon","coordinates":[[[69.21715,41.27914],[69.21239,41.28216],[69.20847,41.27863],[69.20468,41.27447],[69.20791,41.27243],[69.20957,41.2746],[69.21,41.27493],[69.21083,41.27513],[69.21101,41.27474],[69.2123,41.27509],[69.21345,41.27461],[69.21397,41.27468],[69.21543,41.27406],[69.22093,41.27062],[69.22249,41.27024],[69.22277,41.27053],[69.22337,41.27189],[69.22445,41.27289],[69.22516,41.27398],[69.21715,41.27914]]]},"properties":{"name":"Qozirobod","district":"Chilanzar","soato_district":"1726294","mahalla_code":"1726294026","cadastral_number":"1726294026","area_ha":97.34,"area_ha_utm":97.53,"lat":41.27601,"lng":69.21507,"source":"Кадастр агентлиги, геопортал open.ngis.uz (слой UZKAD/MAHALLA_UZKAD_DB16), мастер-набор tashkent_gis_master","source_date":"2026-09-18"}},{"type":"Feature","geometry":{"type":"Polygon","coordinates":[[[69.21342,41.29361],[69.21202,41.29446],[69.21132,41.29471],[69.20562,41.29521],[69.20266,41.29583],[69.20239,41.29608],[69.20091,41.29538],[69.20314,41.29278],[69.20986,41.29219],[69.21119,41.29159],[69.21342,41.29361]]]},"properties":{"name":"1-Qatortol","district":"Chilanzar","soato_district":"1726294","mahalla_code":"1726294027","cadastral_number":"1726294027","area_ha":27.39,"area_ha_utm":27.42,"lat":41.29383,"lng":69.20713,"source":"Кадастр агентлиги, геопортал open.ngis.uz (слой UZKAD/MAHALLA_UZKAD_DB16), мастер-набор tashkent_gis_master","source_date":"2026-09-18"}},{"type":"Feature","geometry":{"type":"Polygon","coordinates":[[[69.20827,41.29497],[69.21132,41.29471],[69.2113,41.29613],[69.21015,41.29614],[69.21018,41.29748],[69.21056,41.29748],[69.21057,41.2982],[69.20948,41.29944],[69.20239,41.29608],[69.20266,41.29583],[69.20543,41.29524],[69.20827,41.29497]]]},"properties":{"name":"Bogʻzor","district":"Chilanzar","soato_district":"1726294","mahalla_code":"1726294029","cadastral_number":"1726294029","area_ha":20.9,"area_ha_utm":20.87,"lat":41.29666,"lng":69.20766,"source":"Кадастр агентлиги, геопортал open.ngis.uz (слой UZKAD/MAHALLA_UZKAD_DB16), мастер-набор tashkent_gis_master","source_date":"2026-09-18"}},{"type":"Feature","geometry":{"type":"Polygon","coordinates":[[[69.21027,41.29077],[69.21119,41.29159],[69.21021,41.29211],[69.20448,41.29266],[69.20429,41.29126],[69.20405,41.29084],[69.2044,41.2906],[69.20553,41.29059],[69.20549,41.28986],[69.20593,41.28918],[69.20756,41.28827],[69.21027,41.29077]]]},"properties":{"name":"Nafosat","district":"Chilanzar","soato_district":"1726294","mahalla_code":"1726294035","cadastral_number":"1726294035","area_ha":16.46,"area_ha_utm":16.63,"lat":41.29085,"lng":69.20737,"source":"Кадастр агентлиги, геопортал open.ngis.uz (слой UZKAD/MAHALLA_UZKAD_DB16), мастер-набор tashkent_gis_master","source_date":"2026-09-18"}},{"type":"Feature","geometry":{"type":"Polygon","coordinates":[[[69.20037,41.2907],[69.19778,41.29388],[69.19424,41.29209],[69.19446,41.28673],[69.19585,41.28621],[69.19587,41.28861],[69.19791,41.28873],[69.19788,41.29002],[69.19964,41.29007],[69.1998,41.29041],[69.20037,41.2907]]]},"properties":{"name":"Choʻpon-ota","district":"Chilanzar","soato_district":"1726294","mahalla_code":"1726294038","cadastral_number":"1726294038","area_ha":22.18,"area_ha_utm":22.07,"lat":41.29056,"lng":69.19663,"source":"Кадастр агентлиги, геопортал open.ngis.uz (слой UZKAD/MAHALLA_UZKAD_DB16), мастер-набор tashkent_gis_master","source_date":"2026-09-18"}},{"type":"Feature","geometry":{"type":"Polygon","coordinates":[[[69.20042,41.29063],[69.20162,41.28924],[69.20263,41.28837],[69.2056,41.28646],[69.20627,41.28706],[69.20649,41.28773],[69.20713,41.28788],[69.20756,41.28827],[69.20593,41.28918],[69.20549,41.28986],[69.20553,41.29059],[69.2044,41.2906],[69.20407,41.29081],[69.20429,41.29126],[69.20448,41.29266],[69.2031,41.29281],[69.20091,41.29538],[69.19778,41.29388],[69.20042,41.29063]]]},"properties":{"name":"Diyor","district":"Chilanzar","soato_district":"1726294","mahalla_code":"1726294039","cadastral_number":"1726294039","area_ha":30.91,"area_ha_utm":30.75,"lat":41.29101,"lng":69.20252,"source":"Кадастр агентлиги, геопортал open.ngis.uz (слой UZKAD/MAHALLA_UZKAD_DB16), мастер-набор tashkent_gis_master","source_date":"2026-09-18"}},{"type":"Feature","geometry":{"type":"Polygon","coordinates":[[[69.20214,41.27611],[69.20075,41.27498],[69.20039,41.27521],[69.20018,41.27509],[69.20001,41.27518],[69.19952,41.27482],[69.19968,41.2747],[69.19783,41.27337],[69.19857,41.27244],[69.20073,41.27074],[69.20209,41.27042],[69.20352,41.27295],[69.20468,41.27447],[69.20214,41.27611]]]},"properties":{"name":"Zarqoʻrgʻon","district":"Chilanzar","soato_district":"1726294","mahalla_code":"1726294047","cadastral_number":"1726294047","area_ha":19.54,"area_ha_utm":19.58,"lat":41.2733,"lng":69.20133,"source":"Кадастр агентлиги, геопортал open.ngis.uz (слой UZKAD/MAHALLA_UZKAD_DB16), мастер-набор tashkent_gis_master","source_date":"2026-09-18"}},{"type":"Feature","geometry":{"type":"Polygon","coordinates":[[[69.19828,41.26628],[69.19599,41.26711],[69.19584,41.26684],[69.19541,41.26699],[69.19455,41.26697],[69.19455,41.26747],[69.19247,41.26805],[69.18971,41.26378],[69.19274,41.26261],[69.19352,41.263],[69.19498,41.26245],[69.19653,41.26312],[69.198,41.2629],[69.19971,41.26604],[69.19874,41.26635],[69.19828,41.26628]]]},"properties":{"name":"Mevazor","district":"Chilanzar","soato_district":"1726294","mahalla_code":"1726294050","cadastral_number":"1726294050","area_ha":32.11,"area_ha_utm":31.84,"lat":41.265,"lng":69.19461,"source":"Кадастр агентлиги, геопортал open.ngis.uz (слой UZKAD/MAHALLA_UZKAD_DB16), мастер-набор tashkent_gis_master","source_date":"2026-09-18"}}]}