{"type":"FeatureCollection","name":"tashkent_districts","crs":{"type":"name","properties":{"name":"urn:ogc:def:crs:OGC:1.3:CRS84"}},"features":[{"type":"Feature","properties":{"name":"Yangihayot","name_ru":"Янгихаёт","tuman":"Янгиҳаёт","area_ha":4423.58,"source":"Toshkent shahar chegarasi (2024)"},"geometry":{"type":"MultiPolygon","coordinates":[[[[69.248267,41.198075],[69.248425,41.197812],[69.248476,41.197729],[69.248476,41.197729],[69.248517,41.197661],[69.248591,41.197549],[69.248604,41.197529],[69.248619,41.197506],[69.248756,41.197313],[69.248779,41.197284],[69.249107,41.196878],[69.24959,41.196354],[69.249779,41.196135],[69.249941,41.19594],[69.250087,41.195775],[69.250161,41.195695],[69.250299,41.195548],[69.250425,41.195417],[69.250431,41.19541],[69.25058,41.195253],[69.250721,41.195121],[69.250887,41.194971],[69.251019,41.194862],[69.251139,41.194771],[69.25128,41.194657],[69.251378,41.194573],[69.251459,41.194512],[69.251602,41.194417],[69.251848,41.194257],[69.25222,41.19402],[69.252492,41.19385],[69.252665,41.193741],[69.252906,41.193575],[69.253168,41.193409],[69.253416,41.193257],[69.253614,41.193144],[69.253686,41.193105],[69.253737,41.193075],[69.253777,41.193047],[69.253912,41.192953],[69.254097,41.192834],[69.254125,41.192817],[69.254235,41.192749],[69.254441,41.19263],[69.254639,41.192515],[69.256397,41.191408],[69.256655,41.191614],[69.256703,41.191652],[69.256842,41.191723],[69.257041,41.191824],[69.257114,41.191858],[69.257274,41.191932],[69.257413,41.191982],[69.257461,41.192007],[69.25818,41.192381],[69.258626,41.192717],[69.258723,41.19281],[69.259283,41.193212],[69.259568,41.193417],[69.260473,41.194068],[69.260986,41.194437],[69.261825,41.195065],[69.261922,41.195135],[69.261998,41.19519],[69.262044,41.195223],[69.262381,41.195467],[69.262626,41.195643],[69.263704,41.196305],[69.263889,41.196403],[69.264198,41.196568],[69.265075,41.197025],[69.265338,41.19715],[69.266707,41.197764],[69.267596,41.198163],[69.268379,41.198515],[69.268882,41.198736],[69.269057,41.198861],[69.269204,41.198932],[69.26978,41.19921],[69.271326,41.199873],[69.271494,41.199946],[69.27167,41.200021],[69.271695,41.200032],[69.272667,41.200481],[69.273202,41.200776],[69.273491,41.200946],[69.27359,41.201004],[69.274002,41.201247],[69.274529,41.201563],[69.27487,41.20178],[69.275249,41.202022],[69.275701,41.202293],[69.27618,41.202565],[69.276854,41.202949],[69.277397,41.203266],[69.277848,41.203528],[69.278076,41.203661],[69.278144,41.2037],[69.279072,41.204222],[69.280406,41.205047],[69.28133,41.204502],[69.281357,41.204509],[69.281384,41.204515],[69.281423,41.204523],[69.281513,41.204539],[69.281714,41.204586],[69.281897,41.20461],[69.282009,41.204624],[69.282012,41.204625],[69.28234,41.204656],[69.28244,41.204665],[69.282492,41.204677],[69.282647,41.204711],[69.282819,41.204745],[69.282821,41.204745],[69.282959,41.204786],[69.282989,41.204795],[69.283006,41.2048],[69.283012,41.204801],[69.283048,41.204806],[69.283072,41.204809],[69.283087,41.204811],[69.283423,41.204833],[69.283451,41.204835],[69.283496,41.204837],[69.284054,41.204874],[69.284424,41.204891],[69.284468,41.204893],[69.284678,41.204903],[69.285091,41.204929],[69.285193,41.204935],[69.285764,41.204969],[69.286054,41.204986],[69.286184,41.204985],[69.286258,41.204982],[69.286318,41.20498],[69.286592,41.20497],[69.286792,41.204977],[69.286869,41.205001],[69.28694,41.205028],[69.287055,41.205072],[69.287072,41.205078],[69.287121,41.205102],[69.287454,41.205264],[69.287683,41.20538],[69.28776,41.205416],[69.287955,41.205509],[69.288294,41.205675],[69.288447,41.205746],[69.288449,41.205747],[69.288486,41.205764],[69.314218,41.187756],[69.314215,41.187754],[69.314207,41.187747],[69.314025,41.187611],[69.313244,41.187019],[69.312468,41.186431],[69.312285,41.186293],[69.312035,41.186103],[69.311511,41.185706],[69.311377,41.185603],[69.310766,41.185135],[69.310186,41.184693],[69.309599,41.184247],[69.309166,41.183922],[69.308782,41.18363],[69.308383,41.18333],[69.307833,41.18291],[69.307518,41.182671],[69.30728,41.18249],[69.306973,41.182259],[69.30679,41.182121],[69.305931,41.181472],[69.305083,41.180824],[69.304715,41.180544],[69.304257,41.180196],[69.304244,41.180186],[69.303369,41.179525],[69.303145,41.179361],[69.302919,41.179212],[69.302803,41.179135],[69.302502,41.178933],[69.302053,41.178644],[69.301518,41.178298],[69.300903,41.177896],[69.300295,41.177499],[69.299659,41.177088],[69.299007,41.17666],[69.298283,41.176185],[69.297991,41.175996],[69.297339,41.17557],[69.296696,41.175151],[69.295962,41.17467],[69.295306,41.174243],[69.295292,41.174234],[69.294204,41.173546],[69.292991,41.172758],[69.291697,41.171918],[69.290658,41.171241],[69.289645,41.170587],[69.288694,41.16996],[69.287969,41.169488],[69.287221,41.169002],[69.286496,41.16853],[69.286258,41.168372],[69.285826,41.168087],[69.285283,41.167737],[69.284674,41.167334],[69.283963,41.166877],[69.283509,41.166597],[69.282822,41.166209],[69.282221,41.165895],[69.281631,41.165615],[69.28122,41.165432],[69.280438,41.165106],[69.279523,41.164772],[69.278792,41.164528],[69.277899,41.164277],[69.276963,41.164051],[69.276121,41.163881],[69.275126,41.163714],[69.274293,41.163606],[69.274065,41.163581],[69.273469,41.163531],[69.272641,41.163476],[69.272367,41.163468],[69.271935,41.163456],[69.271115,41.163458],[69.270544,41.163472],[69.269808,41.163509],[69.269329,41.163545],[69.268807,41.163596],[69.268204,41.163659],[69.267525,41.16373],[69.266809,41.16381],[69.266474,41.163844],[69.26575,41.163923],[69.265543,41.163945],[69.264925,41.164011],[69.264079,41.164101],[69.263505,41.164163],[69.262045,41.1643],[69.261387,41.16437],[69.260932,41.164414],[69.260198,41.164487],[69.259744,41.164533],[69.259307,41.16458],[69.258632,41.164646],[69.258092,41.164703],[69.257318,41.16479],[69.256777,41.164854],[69.256153,41.164927],[69.255471,41.165006],[69.255072,41.165052],[69.253739,41.165199],[69.252099,41.165388],[69.250857,41.165524],[69.250334,41.165581],[69.249293,41.165694],[69.247713,41.165863],[69.247141,41.165928],[69.24684,41.165952],[69.24656,41.165974],[69.246237,41.165997],[69.246031,41.166009],[69.24563,41.166021],[69.245518,41.166024],[69.245286,41.166028],[69.244949,41.166033],[69.244479,41.166029],[69.243802,41.166024],[69.243563,41.166022],[69.242784,41.166016],[69.241602,41.166],[69.240416,41.165972],[69.239686,41.165957],[69.239022,41.165958],[69.238452,41.165974],[69.23806,41.165994],[69.237739,41.166014],[69.237343,41.166044],[69.237115,41.166066],[69.236681,41.166111],[69.23621,41.166171],[69.235726,41.166241],[69.235284,41.166311],[69.234786,41.166401],[69.234178,41.166514],[69.233677,41.166629],[69.233019,41.1668],[69.23279,41.166866],[69.232625,41.166912],[69.23236,41.166984],[69.232197,41.167029],[69.231833,41.167129],[69.231416,41.167243],[69.230902,41.167378],[69.230573,41.167472],[69.228396,41.168134],[69.227773,41.168358],[69.227414,41.168479],[69.226776,41.16869],[69.226463,41.168794],[69.225856,41.168986],[69.225595,41.169066],[69.224953,41.169263],[69.223311,41.169769],[69.222417,41.170041],[69.221537,41.17031],[69.220936,41.170494],[69.219946,41.170796],[69.218593,41.171214],[69.217905,41.171427],[69.217285,41.171606],[69.215888,41.172035],[69.214354,41.172505],[69.21288,41.172961],[69.211325,41.17344],[69.210335,41.17374],[69.209088,41.174147],[69.208846,41.174241],[69.208625,41.174328],[69.207886,41.174616],[69.206919,41.175051],[69.206349,41.175331],[69.205617,41.175732],[69.205015,41.176097],[69.204206,41.176626],[69.203481,41.177164],[69.202873,41.177653],[69.202536,41.177957],[69.202394,41.178084],[69.2018,41.178661],[69.201279,41.179214],[69.201218,41.179278],[69.20061,41.179963],[69.199914,41.180739],[69.19931,41.181414],[69.198653,41.182155],[69.197891,41.183014],[69.197432,41.183526],[69.196632,41.184427],[69.19588,41.185257],[69.195678,41.185489],[69.195216,41.186018],[69.194538,41.18678],[69.193761,41.187647],[69.193046,41.188456],[69.192575,41.188978],[69.19241,41.189162],[69.191733,41.189925],[69.190973,41.190772],[69.190243,41.191597],[69.190183,41.191665],[69.189652,41.192264],[69.189583,41.192342],[69.188771,41.193243],[69.187993,41.194119],[69.187211,41.195004],[69.186852,41.195425],[69.186518,41.195868],[69.186329,41.196135],[69.186167,41.19639],[69.186012,41.196647],[69.185891,41.196856],[69.185693,41.197236],[69.185549,41.19755],[69.185426,41.19784],[69.185301,41.198149],[69.185132,41.19864],[69.185035,41.198993],[69.184991,41.199171],[69.184964,41.19928],[69.184913,41.199534],[69.184875,41.199741],[69.184844,41.199922],[69.184821,41.200107],[69.184815,41.200159],[69.184791,41.200361],[69.184775,41.200564],[69.184765,41.200771],[69.184757,41.200997],[69.184754,41.201167],[69.18476,41.201359],[69.184768,41.201554],[69.18478,41.20183],[69.184799,41.202006],[69.184837,41.202313],[69.184884,41.202614],[69.184925,41.202817],[69.184986,41.203115],[69.185094,41.203506],[69.1852,41.203854],[69.185257,41.204025],[69.185378,41.204344],[69.185515,41.204665],[69.185548,41.204738],[69.185663,41.204979],[69.185557,41.205013],[69.185398,41.205063],[69.185256,41.205107],[69.185017,41.205182],[69.184844,41.205239],[69.184585,41.205324],[69.184579,41.205325],[69.1843,41.205416],[69.184286,41.205421],[69.184116,41.205477],[69.184114,41.205478],[69.18411,41.205479],[69.184026,41.205506],[69.183716,41.205606],[69.183412,41.205732],[69.183262,41.205795],[69.182866,41.20596],[69.182802,41.20599],[69.182752,41.206014],[69.182475,41.206146],[69.181659,41.206535],[69.181529,41.206597],[69.181494,41.206617],[69.18149,41.206619],[69.181431,41.20665],[69.181465,41.206663],[69.181578,41.206715],[69.181643,41.206744],[69.181649,41.206746],[69.181825,41.206816],[69.181833,41.206819],[69.181936,41.206859],[69.181941,41.206861],[69.181945,41.206863],[69.182017,41.206888],[69.182022,41.20689],[69.182137,41.206931],[69.182485,41.207052],[69.182496,41.207055],[69.1825,41.207056],[69.182638,41.207091],[69.182708,41.207118],[69.182814,41.207207],[69.182881,41.207293],[69.182909,41.207418],[69.182906,41.207445],[69.1829,41.207494],[69.182898,41.207507],[69.182898,41.207513],[69.182892,41.20766],[69.182883,41.207698],[69.18286,41.20779],[69.182845,41.207827],[69.182817,41.207893],[69.182815,41.207897],[69.182766,41.20803],[69.182763,41.20804],[69.182723,41.20821],[69.182721,41.208229],[69.182722,41.208242],[69.182728,41.208279],[69.182736,41.208325],[69.18274,41.208342],[69.182748,41.208358],[69.182759,41.208373],[69.182773,41.208386],[69.182789,41.208397],[69.182929,41.208481],[69.182934,41.208484],[69.183077,41.208561],[69.183232,41.208646],[69.1833,41.208687],[69.183394,41.208745],[69.183423,41.208783],[69.183451,41.20884],[69.183471,41.208924],[69.183478,41.208943],[69.183481,41.208948],[69.183493,41.20897],[69.183559,41.209085],[69.183595,41.209163],[69.18366,41.209298],[69.183723,41.209499],[69.183728,41.209511],[69.183731,41.209516],[69.183765,41.209577],[69.183796,41.209631],[69.183797,41.209634],[69.183878,41.209768],[69.183884,41.209778],[69.183888,41.209782],[69.183987,41.209898],[69.184044,41.209975],[69.184048,41.210048],[69.18405,41.210064],[69.184056,41.21008],[69.184064,41.210095],[69.184102,41.210148],[69.184114,41.210162],[69.184129,41.210175],[69.184187,41.210217],[69.184194,41.210222],[69.184202,41.210227],[69.184292,41.210276],[69.184298,41.210279],[69.184388,41.210323],[69.184404,41.21033],[69.184421,41.210335],[69.184554,41.210369],[69.184701,41.210425],[69.184791,41.210463],[69.184806,41.210468],[69.184874,41.21049],[69.184846,41.210516],[69.184835,41.210529],[69.184826,41.210542],[69.18482,41.210556],[69.184798,41.210618],[69.184794,41.21063],[69.184792,41.210639],[69.18479,41.210649],[69.184785,41.210702],[69.184784,41.21071],[69.184785,41.210717],[69.184788,41.21075],[69.184789,41.210755],[69.18479,41.210764],[69.184795,41.210778],[69.184803,41.210792],[69.184835,41.21084],[69.184846,41.210854],[69.184859,41.210866],[69.184915,41.21091],[69.184927,41.210919],[69.184931,41.210921],[69.184979,41.21095],[69.18499,41.210955],[69.185041,41.21098],[69.185043,41.210981],[69.185047,41.210983],[69.185065,41.21099],[69.1851,41.211],[69.185129,41.211028],[69.185151,41.211068],[69.185154,41.211072],[69.185182,41.211137],[69.185188,41.211151],[69.185192,41.211162],[69.185183,41.21118],[69.18518,41.211189],[69.185177,41.211195],[69.185158,41.21125],[69.185156,41.211258],[69.185174,41.211299],[69.185178,41.21131],[69.18517,41.211328],[69.185166,41.211337],[69.185162,41.211348],[69.185165,41.211366],[69.185173,41.211432],[69.185174,41.211443],[69.185177,41.211456],[69.185182,41.211469],[69.185188,41.211481],[69.185215,41.211521],[69.185217,41.211525],[69.185218,41.211596],[69.185219,41.211612],[69.185224,41.211628],[69.185232,41.211643],[69.185243,41.211657],[69.185256,41.21167],[69.185272,41.211681],[69.185325,41.211731],[69.185206,41.211819],[69.185084,41.211907],[69.184684,41.212197],[69.184628,41.212238],[69.184626,41.21224],[69.184529,41.212311],[69.183342,41.213173],[69.181441,41.214554],[69.18153,41.214627],[69.181746,41.214807],[69.182054,41.215061],[69.182826,41.2157],[69.183175,41.216034],[69.183256,41.216111],[69.183734,41.216567],[69.183826,41.216655],[69.184008,41.216831],[69.180649,41.219023],[69.179892,41.218074],[69.178297,41.218876],[69.178168,41.218749],[69.177762,41.21905],[69.177712,41.219012],[69.177531,41.219174],[69.177587,41.219215],[69.177457,41.219327],[69.177366,41.219381],[69.17728,41.219419],[69.176032,41.219793],[69.175944,41.219661],[69.175841,41.219506],[69.175759,41.219416],[69.175681,41.219377],[69.174775,41.219458],[69.174784,41.219488],[69.17484,41.219662],[69.17485,41.219693],[69.174702,41.219793],[69.174598,41.219853],[69.174581,41.219861],[69.174562,41.219867],[69.174542,41.219871],[69.174462,41.219879],[69.174457,41.219879],[69.174452,41.219879],[69.174305,41.219875],[69.174285,41.219873],[69.174266,41.219869],[69.174073,41.219811],[69.174061,41.219807],[69.173971,41.21977],[69.173969,41.219769],[69.173957,41.219763],[69.173803,41.219676],[69.173798,41.219673],[69.173785,41.219664],[69.173608,41.219513],[69.173499,41.219418],[69.173481,41.219396],[69.173428,41.219308],[69.173393,41.219248],[69.173389,41.219242],[69.173388,41.219239],[69.173384,41.219229],[69.173357,41.219169],[69.173354,41.219162],[69.173344,41.219141],[69.17334,41.219128],[69.173335,41.219105],[69.173322,41.219053],[69.173289,41.218968],[69.17328,41.218955],[69.173238,41.218891],[69.173117,41.218797],[69.173069,41.21876],[69.173055,41.218752],[69.172917,41.218669],[69.172985,41.218833],[69.173041,41.218969],[69.173085,41.219077],[69.173235,41.219435],[69.173382,41.219784],[69.173409,41.219849],[69.17355,41.220184],[69.173708,41.220555],[69.173894,41.220985],[69.174039,41.221312],[69.174198,41.221646],[69.174263,41.221773],[69.174367,41.221977],[69.174416,41.222064],[69.174607,41.222397],[69.174689,41.22253],[69.174715,41.222572],[69.174825,41.222742],[69.174944,41.222909],[69.175058,41.223072],[69.175142,41.22318],[69.175269,41.22334],[69.175372,41.223471],[69.175496,41.223619],[69.175546,41.223673],[69.175548,41.223675],[69.175629,41.223767],[69.175669,41.223812],[69.175767,41.223923],[69.175787,41.223945],[69.175848,41.224012],[69.175945,41.224113],[69.175946,41.224115],[69.176032,41.224209],[69.176125,41.224304],[69.176212,41.224395],[69.176289,41.224471],[69.176292,41.224474],[69.17637,41.224555],[69.176425,41.224611],[69.176434,41.22462],[69.176527,41.224715],[69.176689,41.224879],[69.176846,41.225039],[69.176966,41.225159],[69.177047,41.22524],[69.177162,41.225354],[69.177252,41.225445],[69.177388,41.225581],[69.177588,41.225783],[69.177768,41.225958],[69.177903,41.226092],[69.178014,41.226205],[69.178147,41.226341],[69.178151,41.226345],[69.178184,41.226378],[69.178313,41.226509],[69.178503,41.226698],[69.178676,41.226869],[69.178857,41.227051],[69.178994,41.227185],[69.179137,41.227328],[69.179315,41.227506],[69.179517,41.227707],[69.17965,41.22784],[69.179759,41.227949],[69.17977,41.22796],[69.179782,41.227972],[69.17986,41.22805],[69.179875,41.228066],[69.179943,41.228133],[69.180031,41.22822],[69.18012,41.228308],[69.180138,41.228326],[69.180201,41.228389],[69.180211,41.228399],[69.180269,41.228457],[69.180285,41.228473],[69.18029,41.228478],[69.18033,41.228517],[69.180445,41.228633],[69.180587,41.228773],[69.180718,41.228906],[69.180864,41.229051],[69.180941,41.229128],[69.181053,41.229241],[69.181158,41.229343],[69.181302,41.229487],[69.181323,41.229508],[69.181486,41.229674],[69.181556,41.229743],[69.18166,41.229846],[69.181759,41.229944],[69.181842,41.230028],[69.181893,41.23008],[69.182049,41.230233],[69.182189,41.230375],[69.18232,41.230505],[69.182407,41.230594],[69.182561,41.230746],[69.182664,41.230847],[69.182782,41.230966],[69.182917,41.231099],[69.183028,41.231212],[69.183154,41.231336],[69.183281,41.231465],[69.183478,41.231657],[69.183481,41.23166],[69.18355,41.231732],[69.183632,41.231816],[69.183723,41.231905],[69.183728,41.23191],[69.18384,41.232021],[69.183942,41.232124],[69.184043,41.232228],[69.184156,41.232337],[69.184291,41.232471],[69.184419,41.2326],[69.184544,41.232725],[69.184661,41.232844],[69.184744,41.232926],[69.184854,41.233036],[69.184952,41.233136],[69.185042,41.233226],[69.18515,41.233333],[69.185244,41.23343],[69.185341,41.233523],[69.185344,41.233526],[69.185432,41.233617],[69.185523,41.233707],[69.185618,41.2338],[69.18575,41.233932],[69.185877,41.23406],[69.185999,41.23418],[69.186083,41.234264],[69.186173,41.234355],[69.186246,41.234428],[69.18635,41.23453],[69.186352,41.234532],[69.18642,41.234601],[69.186547,41.234729],[69.186602,41.234785],[69.18671,41.234893],[69.186834,41.235015],[69.186916,41.235096],[69.186959,41.235138],[69.187033,41.235212],[69.187156,41.235332],[69.187229,41.235402],[69.187355,41.23552],[69.187441,41.235602],[69.187536,41.23569],[69.18763,41.235774],[69.187727,41.235859],[69.18789,41.236],[69.187986,41.236081],[69.188077,41.236156],[69.188203,41.23626],[69.188308,41.23634],[69.188341,41.236364],[69.188371,41.236387],[69.188534,41.236512],[69.188715,41.236648],[69.188756,41.236677],[69.18884,41.236736],[69.188943,41.236808],[69.188995,41.236844],[69.189134,41.236939],[69.189215,41.236993],[69.189294,41.237045],[69.189481,41.237168],[69.189628,41.237262],[69.189765,41.237348],[69.189936,41.237455],[69.190046,41.237525],[69.190213,41.23763],[69.190355,41.237717],[69.190465,41.237784],[69.190469,41.237786],[69.19052,41.237821],[69.190637,41.237893],[69.190738,41.237956],[69.19094,41.238083],[69.191136,41.238205],[69.191325,41.238324],[69.191534,41.238454],[69.191701,41.238557],[69.191703,41.238558],[69.191839,41.238645],[69.191962,41.238723],[69.192119,41.238818],[69.19226,41.238908],[69.192388,41.238986],[69.19239,41.238987],[69.192503,41.239059],[69.192647,41.239148],[69.192649,41.239149],[69.192715,41.239191],[69.192839,41.239269],[69.193,41.239369],[69.193148,41.239462],[69.193261,41.239531],[69.193394,41.239613],[69.193494,41.239674],[69.193497,41.239675],[69.193625,41.239758],[69.19372,41.239817],[69.193829,41.239884],[69.193946,41.239957],[69.19406,41.24003],[69.194167,41.240096],[69.194169,41.240097],[69.194266,41.240158],[69.194409,41.240247],[69.194446,41.240271],[69.194454,41.240275],[69.194544,41.240333],[69.194599,41.240367],[69.194658,41.2404],[69.19471,41.240321],[69.194935,41.239973],[69.194992,41.239777],[69.195023,41.239673],[69.195217,41.239214],[69.195433,41.238852],[69.195714,41.238479],[69.196494,41.237339],[69.196843,41.236881],[69.197062,41.236588],[69.197243,41.236346],[69.197884,41.235475],[69.198424,41.234746],[69.199171,41.233761],[69.199893,41.232795],[69.20061,41.231832],[69.201224,41.230986],[69.201834,41.230131],[69.20241,41.229338],[69.203007,41.228509],[69.203279,41.228093],[69.203566,41.227692],[69.204346,41.226608],[69.204686,41.226182],[69.205376,41.225256],[69.206266,41.22403],[69.207136,41.222822],[69.207921,41.221702],[69.208384,41.221036],[69.209078,41.220073],[69.209332,41.219732],[69.209889,41.219024],[69.211309,41.217065],[69.212591,41.215299],[69.213008,41.214715],[69.213352,41.214197],[69.214276,41.212923],[69.214748,41.212309],[69.215007,41.211965],[69.216005,41.210586],[69.217604,41.208382],[69.218394,41.207245],[69.220019,41.204867],[69.220079,41.20489],[69.220236,41.204953],[69.220625,41.20511],[69.223101,41.206108],[69.225616,41.207175],[69.227832,41.208115],[69.230974,41.209417],[69.234075,41.210702],[69.238982,41.212735],[69.239092,41.212781],[69.24467,41.215084],[69.244743,41.215113],[69.244944,41.215194],[69.245065,41.214012],[69.245065,41.214012],[69.24507,41.213971],[69.245113,41.213739],[69.245171,41.213315],[69.245241,41.212894],[69.245287,41.212497],[69.245288,41.212335],[69.245283,41.21212],[69.245292,41.212044],[69.245306,41.211919],[69.245317,41.211851],[69.245317,41.211851],[69.245367,41.211535],[69.245371,41.211504],[69.245453,41.21097],[69.245506,41.210588],[69.245546,41.210306],[69.245635,41.209691],[69.245723,41.209093],[69.245772,41.208734],[69.245778,41.208686],[69.245825,41.208344],[69.245858,41.208123],[69.245935,41.207621],[69.24604,41.206845],[69.246102,41.20641],[69.246148,41.206081],[69.24634,41.204738],[69.24651,41.203601],[69.246556,41.203297],[69.246598,41.203022],[69.246695,41.202413],[69.246726,41.202176],[69.246726,41.202176],[69.246745,41.20204],[69.246819,41.201779],[69.246906,41.201497],[69.246912,41.201468],[69.246924,41.201404],[69.246994,41.201129],[69.247015,41.201069],[69.247125,41.200755],[69.247136,41.20073],[69.247136,41.20073],[69.247233,41.200516],[69.247282,41.200386],[69.247333,41.200222],[69.247407,41.199988],[69.247416,41.199958],[69.247571,41.199473],[69.24767,41.199175],[69.247726,41.199045],[69.247773,41.198932],[69.247841,41.198803],[69.247939,41.198624],[69.248065,41.19841],[69.248267,41.198075],[69.248267,41.198075]]]]}},{"type":"Feature","properties":{"name":"Sergeli","name_ru":"Сергели","tuman":"Сергели","area_ha":5207.31,"source":"Toshkent shahar chegarasi (2024)"},"geometry":{"type":"MultiPolygon","coordinates":[[[[69.248267,41.198075],[69.248267,41.198075],[69.248065,41.19841],[69.247939,41.198624],[69.247841,41.198803],[69.247773,41.198932],[69.247726,41.199045],[69.24767,41.199175],[69.247571,41.199473],[69.247416,41.199958],[69.247407,41.199988],[69.247333,41.200222],[69.247282,41.200386],[69.247233,41.200516],[69.247136,41.20073],[69.247136,41.20073],[69.247125,41.200755],[69.247015,41.201069],[69.246994,41.201129],[69.246924,41.201404],[69.246912,41.201468],[69.246906,41.201497],[69.246819,41.201779],[69.246745,41.20204],[69.246726,41.202176],[69.246726,41.202176],[69.246695,41.202413],[69.246598,41.203022],[69.246556,41.203297],[69.24651,41.203601],[69.24634,41.204738],[69.246148,41.206081],[69.246102,41.20641],[69.24604,41.206845],[69.245935,41.207621],[69.245858,41.208123],[69.245825,41.208344],[69.245778,41.208686],[69.245772,41.208734],[69.245723,41.209093],[69.245635,41.209691],[69.245546,41.210306],[69.245506,41.210588],[69.245453,41.21097],[69.245371,41.211504],[69.245367,41.211535],[69.245317,41.211851],[69.245317,41.211851],[69.245306,41.211919],[69.245292,41.212044],[69.245283,41.21212],[69.245288,41.212335],[69.245287,41.212497],[69.245241,41.212894],[69.245171,41.213315],[69.245113,41.213739],[69.24507,41.213971],[69.245065,41.214012],[69.245065,41.214012],[69.244944,41.215194],[69.244743,41.215113],[69.24467,41.215084],[69.241758,41.213881],[69.239092,41.212781],[69.238982,41.212735],[69.234075,41.210702],[69.230974,41.209417],[69.227832,41.208115],[69.225616,41.207175],[69.223101,41.206108],[69.220625,41.20511],[69.220236,41.204953],[69.220079,41.20489],[69.220019,41.204867],[69.218394,41.207245],[69.217604,41.208382],[69.216005,41.210586],[69.215007,41.211965],[69.214748,41.212309],[69.214276,41.212923],[69.213352,41.214197],[69.213008,41.214715],[69.212591,41.215299],[69.211309,41.217065],[69.209889,41.219024],[69.209332,41.219732],[69.209078,41.220073],[69.208384,41.221036],[69.207921,41.221702],[69.207136,41.222822],[69.206266,41.22403],[69.205376,41.225256],[69.204686,41.226182],[69.204346,41.226608],[69.203566,41.227692],[69.203279,41.228093],[69.203007,41.228509],[69.20241,41.229338],[69.201834,41.230131],[69.201224,41.230986],[69.20061,41.231832],[69.199893,41.232795],[69.199171,41.233761],[69.198424,41.234746],[69.197884,41.235475],[69.197243,41.236346],[69.197062,41.236588],[69.196843,41.236881],[69.196494,41.237339],[69.195714,41.238479],[69.195433,41.238852],[69.195217,41.239214],[69.195023,41.239673],[69.194935,41.239973],[69.19471,41.240321],[69.194695,41.240344],[69.194658,41.2404],[69.194623,41.240433],[69.19483,41.240564],[69.195035,41.240692],[69.19508,41.24072],[69.195674,41.241094],[69.196139,41.241387],[69.196384,41.241538],[69.196654,41.241706],[69.196877,41.241844],[69.197054,41.241955],[69.197383,41.242162],[69.197502,41.242235],[69.197969,41.242523],[69.198532,41.242876],[69.198679,41.242969],[69.199071,41.243217],[69.199477,41.243471],[69.199675,41.243594],[69.200214,41.243934],[69.200268,41.243968],[69.201276,41.244618],[69.201713,41.244897],[69.202536,41.245421],[69.203203,41.245832],[69.203275,41.245877],[69.204229,41.246479],[69.204623,41.246729],[69.205291,41.247154],[69.205996,41.247598],[69.20637,41.247833],[69.206529,41.247933],[69.207714,41.248678],[69.209038,41.24949],[69.209646,41.249842],[69.210218,41.250173],[69.210389,41.250271],[69.211017,41.250632],[69.21136,41.250832],[69.211879,41.251136],[69.212919,41.251703],[69.213094,41.251798],[69.213254,41.251889],[69.214006,41.252312],[69.215084,41.252903],[69.215339,41.253043],[69.216352,41.253626],[69.21677,41.253869],[69.216739,41.253903],[69.217482,41.254279],[69.218214,41.254614],[69.218617,41.254801],[69.218915,41.254938],[69.219967,41.25542],[69.220284,41.255569],[69.220671,41.25575],[69.221028,41.255923],[69.221279,41.256001],[69.22183,41.256253],[69.221819,41.25628],[69.222344,41.256514],[69.22283,41.256745],[69.222861,41.256741],[69.22367,41.257114],[69.22407,41.257311],[69.224106,41.257308],[69.224733,41.25758],[69.225238,41.257799],[69.225366,41.257778],[69.225822,41.257987],[69.226765,41.258424],[69.226747,41.258449],[69.226937,41.258537],[69.226971,41.25852],[69.228317,41.259141],[69.228292,41.259176],[69.228522,41.259284],[69.228787,41.259387],[69.229164,41.259552],[69.229411,41.25973],[69.229378,41.259776],[69.229833,41.259989],[69.230509,41.260306],[69.231187,41.260623],[69.231802,41.260909],[69.232384,41.261175],[69.232894,41.261418],[69.23322,41.261566],[69.233419,41.261657],[69.233563,41.261721],[69.233992,41.261879],[69.234303,41.261996],[69.234651,41.262119],[69.234972,41.2622],[69.235375,41.262271],[69.240546,41.263325],[69.240733,41.263399],[69.24129,41.263529],[69.241922,41.263661],[69.241985,41.263515],[69.242439,41.263632],[69.243111,41.263753],[69.243443,41.263785],[69.2438,41.26382],[69.24428,41.263844],[69.244309,41.263891],[69.244495,41.263897],[69.244611,41.263919],[69.245099,41.263854],[69.245194,41.263793],[69.245513,41.263737],[69.24557,41.263863],[69.2463,41.263768],[69.247194,41.263727],[69.247634,41.263743],[69.247845,41.263759],[69.248408,41.263844],[69.249457,41.264026],[69.250484,41.264218],[69.251213,41.264337],[69.251904,41.26445],[69.252393,41.264495],[69.25253,41.264504],[69.252505,41.26465],[69.253567,41.264845],[69.254523,41.265033],[69.254829,41.265093],[69.254858,41.265014],[69.255759,41.265185],[69.256853,41.265441],[69.257139,41.265275],[69.257261,41.265205],[69.25777,41.265747],[69.257994,41.265937],[69.25816,41.266062],[69.258339,41.266172],[69.25872,41.266333],[69.259232,41.266548],[69.259643,41.266709],[69.259693,41.266632],[69.260319,41.266855],[69.260579,41.266929],[69.260575,41.266946],[69.261455,41.267119],[69.262403,41.267266],[69.262602,41.267322],[69.262753,41.267365],[69.263285,41.26753],[69.263284,41.267546],[69.263865,41.267649],[69.264758,41.267831],[69.264949,41.267834],[69.265089,41.267841],[69.265814,41.267943],[69.266021,41.267983],[69.266137,41.268009],[69.26636,41.268058],[69.266507,41.268095],[69.266716,41.268147],[69.267343,41.268261],[69.267657,41.26832],[69.268068,41.268388],[69.268515,41.268462],[69.269303,41.268617],[69.269459,41.268643],[69.270092,41.26875],[69.270813,41.268896],[69.271325,41.268991],[69.271932,41.269101],[69.272453,41.269195],[69.272974,41.269297],[69.273485,41.269388],[69.2738,41.269447],[69.274176,41.269518],[69.274252,41.269533],[69.274542,41.269581],[69.275208,41.269706],[69.27594,41.269836],[69.276727,41.269988],[69.276896,41.27002],[69.277285,41.270096],[69.277568,41.270117],[69.277596,41.270123],[69.27772,41.270154],[69.2779,41.270199],[69.278177,41.270272],[69.278433,41.270344],[69.278513,41.270367],[69.278614,41.270397],[69.278748,41.270438],[69.27888,41.270478],[69.279069,41.270534],[69.279242,41.270589],[69.27942,41.270646],[69.279536,41.270683],[69.279686,41.27073],[69.279821,41.270773],[69.279829,41.270776],[69.280083,41.270858],[69.280253,41.270911],[69.280449,41.270972],[69.280718,41.271053],[69.280839,41.271089],[69.280986,41.271129],[69.28122,41.271189],[69.281437,41.271237],[69.2816,41.271271],[69.281896,41.27132],[69.282112,41.27135],[69.282205,41.27136],[69.28241,41.271383],[69.282661,41.271399],[69.282882,41.271406],[69.283132,41.271409],[69.2833,41.271406],[69.28352,41.271396],[69.283796,41.271375],[69.283956,41.271357],[69.284226,41.271319],[69.284457,41.271281],[69.284668,41.271238],[69.284917,41.27118],[69.285137,41.27112],[69.285358,41.271056],[69.28558,41.270979],[69.285787,41.270899],[69.285941,41.270834],[69.286034,41.270794],[69.286226,41.270705],[69.286406,41.270613],[69.286601,41.270506],[69.286781,41.270398],[69.286988,41.270265],[69.287199,41.270117],[69.287397,41.269966],[69.287535,41.269856],[69.287649,41.269767],[69.287867,41.269586],[69.28817,41.269335],[69.288528,41.269038],[69.28883,41.268786],[69.289112,41.268553],[69.289433,41.268287],[69.289513,41.26822],[69.289936,41.26787],[69.290307,41.267559],[69.290341,41.267531],[69.290553,41.267354],[69.290797,41.26715],[69.290864,41.267096],[69.291098,41.266906],[69.291417,41.266635],[69.291438,41.266618],[69.291801,41.266316],[69.291905,41.26623],[69.292264,41.265937],[69.292381,41.265846],[69.29255,41.265716],[69.292704,41.265607],[69.292791,41.265547],[69.292955,41.265443],[69.293118,41.265344],[69.293272,41.265261],[69.293444,41.265172],[69.293598,41.265096],[69.293809,41.265002],[69.293933,41.26495],[69.29413,41.264875],[69.294371,41.26479],[69.294563,41.26473],[69.294748,41.264677],[69.29496,41.264621],[69.295146,41.26458],[69.295192,41.26457],[69.295599,41.264496],[69.295875,41.264458],[69.296132,41.264432],[69.296391,41.264416],[69.296586,41.264407],[69.296844,41.264402],[69.296918,41.264401],[69.297146,41.264408],[69.29737,41.26442],[69.297631,41.264433],[69.297576,41.264331],[69.297611,41.263788],[69.297672,41.26338],[69.297708,41.263287],[69.29772,41.263279],[69.297753,41.263255],[69.297861,41.263193],[69.298,41.263118],[69.298054,41.263099],[69.298082,41.263092],[69.298133,41.263091],[69.298313,41.2631],[69.298681,41.263119],[69.299296,41.263126],[69.299843,41.263132],[69.300218,41.263133],[69.300385,41.263134],[69.300616,41.26312],[69.300741,41.263103],[69.300866,41.263065],[69.300968,41.263011],[69.301398,41.262753],[69.301509,41.262686],[69.302061,41.262388],[69.3025,41.262143],[69.302557,41.26212],[69.302606,41.262107],[69.30265,41.262101],[69.302695,41.262101],[69.30275,41.262109],[69.302818,41.262132],[69.302972,41.262219],[69.303033,41.262253],[69.303239,41.262369],[69.303793,41.262667],[69.304448,41.262946],[69.304498,41.262971],[69.304849,41.263141],[69.305665,41.263613],[69.306133,41.263871],[69.306712,41.264191],[69.307372,41.264542],[69.307456,41.264579],[69.307632,41.264658],[69.307783,41.264696],[69.307941,41.264717],[69.308213,41.264656],[69.308375,41.264579],[69.308469,41.264516],[69.308613,41.264299],[69.308664,41.264222],[69.308918,41.263859],[69.309249,41.263384],[69.309694,41.262738],[69.309773,41.262623],[69.310121,41.262146],[69.310481,41.261665],[69.310513,41.261622],[69.31076,41.261284],[69.310834,41.261183],[69.311248,41.260571],[69.310353,41.260211],[69.309435,41.259835],[69.308398,41.259401],[69.307176,41.258894],[69.305868,41.258348],[69.30474,41.257874],[69.303354,41.257287],[69.30182,41.25663],[69.300743,41.256152],[69.30092,41.255878],[69.301047,41.255659],[69.301006,41.25556],[69.300901,41.255423],[69.30086,41.255314],[69.300867,41.255256],[69.300925,41.254993],[69.300915,41.254849],[69.300872,41.254682],[69.30076,41.254465],[69.300742,41.254406],[69.300744,41.254353],[69.300871,41.254],[69.301012,41.25374],[69.301424,41.253194],[69.301831,41.252658],[69.301787,41.252177],[69.301798,41.251159],[69.301789,41.2499],[69.301775,41.248658],[69.301774,41.247226],[69.301762,41.245814],[69.301703,41.244014],[69.30268,41.244012],[69.305663,41.244006],[69.308645,41.244001],[69.310074,41.243995],[69.311015,41.243991],[69.31158,41.243953],[69.31215,41.243874],[69.312718,41.24377],[69.313284,41.243618],[69.313855,41.243426],[69.31436,41.243223],[69.314577,41.243122],[69.314891,41.242954],[69.315368,41.242642],[69.315564,41.2425],[69.31572,41.242377],[69.31586,41.24226],[69.316317,41.241876],[69.318097,41.24038],[69.31993,41.23883],[69.321118,41.237914],[69.321142,41.2379],[69.321439,41.237753],[69.321717,41.237614],[69.321196,41.237562],[69.320801,41.237527],[69.32041,41.23749],[69.319324,41.237398],[69.318086,41.237299],[69.317904,41.237279],[69.317741,41.237252],[69.317625,41.237223],[69.317511,41.237176],[69.317356,41.237086],[69.317247,41.236995],[69.31672,41.236552],[69.316037,41.235975],[69.315191,41.235282],[69.31428,41.234508],[69.313533,41.233881],[69.312686,41.233169],[69.312459,41.232979],[69.312346,41.232883],[69.312249,41.232821],[69.311949,41.232671],[69.31166,41.232556],[69.311516,41.232512],[69.310408,41.232327],[69.309555,41.232192],[69.309261,41.23215],[69.308758,41.232037],[69.308559,41.231977],[69.308331,41.231876],[69.308388,41.231559],[69.307869,41.231148],[69.307127,41.230565],[69.306479,41.230327],[69.302362,41.228814],[69.30046,41.228115],[69.299446,41.227965],[69.298837,41.227768],[69.298143,41.227428],[69.297066,41.226611],[69.296158,41.226172],[69.29563,41.225498],[69.295438,41.225301],[69.293814,41.224882],[69.293229,41.224577],[69.292571,41.224111],[69.292189,41.224156],[69.291841,41.223707],[69.289101,41.221643],[69.289777,41.220849],[69.289886,41.218508],[69.287346,41.215615],[69.284179,41.214128],[69.284173,41.21281],[69.284054,41.211513],[69.28359,41.210024],[69.28333,41.209709],[69.282714,41.208963],[69.281122,41.207526],[69.280847,41.207212],[69.279333,41.206136],[69.280406,41.205047],[69.279072,41.204222],[69.278661,41.203991],[69.278144,41.2037],[69.278076,41.203661],[69.277848,41.203528],[69.277397,41.203266],[69.276854,41.202949],[69.27618,41.202565],[69.275701,41.202293],[69.275249,41.202022],[69.27487,41.20178],[69.274529,41.201563],[69.274002,41.201247],[69.27359,41.201004],[69.273491,41.200946],[69.273202,41.200776],[69.272667,41.200481],[69.271695,41.200032],[69.27167,41.200021],[69.271494,41.199946],[69.271326,41.199873],[69.26978,41.19921],[69.269204,41.198932],[69.269057,41.198861],[69.268882,41.198736],[69.268379,41.198515],[69.267596,41.198163],[69.266707,41.197764],[69.265338,41.19715],[69.265075,41.197025],[69.264198,41.196568],[69.263889,41.196403],[69.263704,41.196305],[69.262626,41.195643],[69.262381,41.195467],[69.262044,41.195223],[69.261998,41.19519],[69.261922,41.195135],[69.261825,41.195065],[69.260986,41.194437],[69.260473,41.194068],[69.259568,41.193417],[69.259283,41.193212],[69.258723,41.19281],[69.258626,41.192717],[69.25818,41.192381],[69.257461,41.192007],[69.257413,41.191982],[69.257274,41.191932],[69.257114,41.191858],[69.257041,41.191824],[69.256842,41.191723],[69.256703,41.191652],[69.256655,41.191614],[69.256397,41.191408],[69.254639,41.192515],[69.254441,41.19263],[69.254235,41.192749],[69.254125,41.192817],[69.254097,41.192834],[69.253912,41.192953],[69.253777,41.193047],[69.253737,41.193075],[69.253686,41.193105],[69.253614,41.193144],[69.253416,41.193257],[69.253168,41.193409],[69.252906,41.193575],[69.252665,41.193741],[69.252492,41.19385],[69.25222,41.19402],[69.251848,41.194257],[69.251602,41.194417],[69.251459,41.194512],[69.251378,41.194573],[69.25128,41.194657],[69.251139,41.194771],[69.251019,41.194862],[69.250887,41.194971],[69.250721,41.195121],[69.25058,41.195253],[69.250431,41.19541],[69.250425,41.195417],[69.250299,41.195548],[69.250161,41.195695],[69.250087,41.195775],[69.249941,41.19594],[69.249779,41.196135],[69.24959,41.196354],[69.249107,41.196878],[69.248779,41.197284],[69.248756,41.197313],[69.248619,41.197506],[69.248604,41.197529],[69.248591,41.197549],[69.248517,41.197661],[69.248476,41.197729],[69.248476,41.197729],[69.248425,41.197812],[69.248267,41.198075]]]]}},{"type":"Feature","properties":{"name":"Yashnobod","name_ru":"Яшнабад","tuman":"Яшнобод","area_ha":5887.18,"source":"Toshkent shahar chegarasi (2024)"},"geometry":{"type":"MultiPolygon","coordinates":[[[[69.305161,41.314996],[69.305162,41.315035],[69.305171,41.315265],[69.305144,41.31556],[69.305144,41.31556],[69.305596,41.315453],[69.305947,41.315324],[69.306288,41.315185],[69.306424,41.315125],[69.306531,41.315051],[69.306727,41.314899],[69.306938,41.314764],[69.307146,41.31466],[69.307915,41.314335],[69.308084,41.314262],[69.307957,41.314146],[69.307908,41.314096],[69.307875,41.314053],[69.307844,41.314008],[69.307824,41.313952],[69.307811,41.313889],[69.307802,41.313803],[69.307765,41.313361],[69.307736,41.312989],[69.308473,41.312692],[69.308766,41.313098],[69.308954,41.313357],[69.309199,41.313694],[69.309393,41.313955],[69.309553,41.314176],[69.309659,41.314321],[69.30983,41.314555],[69.309931,41.314696],[69.310047,41.314857],[69.310535,41.315576],[69.310672,41.31576],[69.310843,41.315997],[69.310968,41.316176],[69.311268,41.316633],[69.311341,41.316733],[69.311436,41.316865],[69.311498,41.316955],[69.311588,41.317089],[69.311697,41.317256],[69.311757,41.317346],[69.311831,41.317464],[69.311878,41.317541],[69.311919,41.317612],[69.311966,41.317697],[69.312017,41.317801],[69.312063,41.317892],[69.312092,41.317957],[69.312132,41.31806],[69.312186,41.318207],[69.312228,41.31834],[69.312277,41.318482],[69.312296,41.318535],[69.312328,41.318623],[69.312383,41.318787],[69.312996,41.318598],[69.313553,41.318412],[69.313716,41.318356],[69.313862,41.318298],[69.314163,41.318172],[69.314499,41.318026],[69.315094,41.317769],[69.315174,41.317735],[69.315592,41.317556],[69.316239,41.317287],[69.31731,41.316899],[69.317748,41.316741],[69.318197,41.316576],[69.318644,41.316414],[69.318921,41.31631],[69.31926,41.316188],[69.319598,41.316064],[69.319862,41.315974],[69.320059,41.315912],[69.320314,41.315834],[69.3205,41.315787],[69.320769,41.315732],[69.320954,41.315703],[69.321022,41.315692],[69.321198,41.315667],[69.321418,41.31564],[69.321749,41.315606],[69.322258,41.315554],[69.323047,41.315474],[69.323998,41.315377],[69.324763,41.315298],[69.325554,41.315221],[69.326419,41.315131],[69.327117,41.31506],[69.327699,41.315],[69.328357,41.314924],[69.328705,41.314864],[69.3289,41.314801],[69.329076,41.314714],[69.329224,41.314634],[69.329365,41.314552],[69.329471,41.314479],[69.329655,41.31434],[69.330269,41.313886],[69.33114,41.313236],[69.33166,41.312843],[69.332148,41.312465],[69.332318,41.312344],[69.33245,41.312259],[69.33268,41.312135],[69.332959,41.311971],[69.333185,41.311813],[69.333715,41.311418],[69.334329,41.310959],[69.334786,41.31062],[69.335269,41.310257],[69.335605,41.310007],[69.335895,41.309784],[69.336128,41.309598],[69.336363,41.309414],[69.336814,41.308995],[69.337466,41.308401],[69.338031,41.307876],[69.33873,41.307242],[69.339108,41.307034],[69.339313,41.306968],[69.339617,41.30694],[69.339835,41.306948],[69.340059,41.307004],[69.340257,41.307087],[69.340389,41.307171],[69.340697,41.307421],[69.340762,41.307474],[69.341113,41.307235],[69.341055,41.307182],[69.340986,41.307057],[69.340974,41.306941],[69.341012,41.306859],[69.34106,41.306787],[69.341182,41.306692],[69.34131,41.306635],[69.341475,41.306613],[69.341728,41.306622],[69.342981,41.306753],[69.342964,41.306288],[69.343533,41.306361],[69.344018,41.306414],[69.344354,41.306451],[69.345246,41.306546],[69.345974,41.306629],[69.346496,41.306685],[69.346988,41.306737],[69.347615,41.30681],[69.348348,41.30689],[69.348996,41.30696],[69.349441,41.30701],[69.350012,41.307079],[69.350462,41.307141],[69.351037,41.307219],[69.351395,41.307275],[69.351794,41.307336],[69.352438,41.307449],[69.352829,41.307518],[69.353461,41.307642],[69.353918,41.307736],[69.354176,41.307794],[69.354418,41.307845],[69.35469,41.307905],[69.354971,41.307973],[69.355216,41.308031],[69.355462,41.308092],[69.35561,41.308133],[69.356172,41.308277],[69.356658,41.308408],[69.357231,41.308575],[69.357838,41.308762],[69.358335,41.308919],[69.358812,41.309077],[69.359181,41.3092],[69.359498,41.30931],[69.360058,41.309503],[69.36056,41.309675],[69.361059,41.309845],[69.361506,41.310002],[69.362035,41.310182],[69.362556,41.31036],[69.363086,41.310542],[69.363609,41.310722],[69.363831,41.310799],[69.364242,41.310941],[69.364749,41.311116],[69.365117,41.31124],[69.365651,41.311427],[69.366144,41.311594],[69.366787,41.311817],[69.36729,41.31199],[69.367914,41.312201],[69.36836,41.312358],[69.368784,41.312505],[69.369418,41.312724],[69.369921,41.312893],[69.370443,41.313083],[69.371032,41.313295],[69.371498,41.313467],[69.372244,41.313753],[69.373051,41.314066],[69.373845,41.314383],[69.374849,41.3148],[69.375919,41.315267],[69.37671,41.315616],[69.377566,41.31599],[69.378275,41.316307],[69.379066,41.316661],[69.379791,41.316981],[69.380613,41.317344],[69.38105,41.317536],[69.381593,41.317769],[69.382278,41.318054],[69.382852,41.318275],[69.383391,41.318476],[69.383978,41.318682],[69.384457,41.318848],[69.385203,41.31909],[69.385793,41.319267],[69.386602,41.319496],[69.387228,41.319667],[69.38815,41.319895],[69.388994,41.32009],[69.389543,41.320206],[69.389897,41.320276],[69.390499,41.320389],[69.391969,41.320643],[69.392958,41.320807],[69.394377,41.321041],[69.39585,41.321286],[69.39746,41.321555],[69.398904,41.321793],[69.400045,41.321983],[69.401083,41.322156],[69.401899,41.322289],[69.402279,41.322351],[69.402672,41.322418],[69.403498,41.322558],[69.404547,41.32273],[69.404736,41.322761],[69.405571,41.322899],[69.40666,41.323082],[69.406899,41.323122],[69.406995,41.323138],[69.407875,41.323281],[69.409226,41.323506],[69.410448,41.323713],[69.411399,41.323867],[69.413066,41.324144],[69.414401,41.32437],[69.416084,41.324628],[69.418188,41.324915],[69.419869,41.325154],[69.42074,41.325281],[69.421601,41.325404],[69.42328,41.325624],[69.423889,41.32571],[69.42447,41.325787],[69.424896,41.325838],[69.42542,41.325886],[69.425875,41.325925],[69.426486,41.325962],[69.426974,41.325984],[69.427506,41.326],[69.428226,41.326011],[69.428975,41.325995],[69.42937,41.325986],[69.430079,41.325952],[69.430749,41.325904],[69.431258,41.325859],[69.43174,41.325809],[69.432124,41.325764],[69.432581,41.3257],[69.433117,41.32562],[69.43353,41.325552],[69.43393,41.32548],[69.434227,41.325419],[69.434643,41.325336],[69.434945,41.325269],[69.435269,41.325197],[69.435704,41.325092],[69.436095,41.324992],[69.436411,41.324904],[69.436856,41.324778],[69.437165,41.324686],[69.437339,41.324629],[69.437637,41.324532],[69.437912,41.324441],[69.438365,41.324279],[69.439429,41.3239],[69.440638,41.323471],[69.442475,41.322823],[69.444378,41.322148],[69.445129,41.321879],[69.445567,41.321724],[69.446125,41.321526],[69.446649,41.32134],[69.447047,41.321194],[69.447661,41.320973],[69.448137,41.320807],[69.448282,41.320754],[69.447685,41.320252],[69.446852,41.319588],[69.446424,41.319346],[69.445953,41.31908],[69.445132,41.318688],[69.444809,41.318557],[69.444802,41.318554],[69.444794,41.318551],[69.444557,41.318441],[69.444522,41.318423],[69.444498,41.318405],[69.444454,41.318371],[69.444226,41.318212],[69.443946,41.318178],[69.443645,41.318155],[69.443625,41.318153],[69.443592,41.318147],[69.443304,41.318084],[69.443122,41.318046],[69.443103,41.318041],[69.443054,41.318024],[69.442846,41.317933],[69.442805,41.317911],[69.44277,41.317885],[69.442703,41.317826],[69.44264,41.317794],[69.442595,41.317771],[69.442342,41.317669],[69.442334,41.317666],[69.442322,41.317661],[69.442012,41.317513],[69.441986,41.317499],[69.441765,41.317368],[69.441706,41.317321],[69.441668,41.31728],[69.441371,41.31696],[69.441332,41.316918],[69.441319,41.316904],[69.441118,41.316647],[69.4409,41.316494],[69.440577,41.316354],[69.439868,41.316085],[69.439781,41.316051],[69.439462,41.315908],[69.439257,41.315855],[69.438879,41.315737],[69.438519,41.315596],[69.438228,41.315442],[69.437897,41.315285],[69.437707,41.315204],[69.437673,41.315187],[69.437278,41.314959],[69.437269,41.314953],[69.437058,41.314822],[69.437021,41.314794],[69.436999,41.314772],[69.436945,41.31471],[69.436781,41.314521],[69.436548,41.314338],[69.436537,41.314329],[69.436204,41.314038],[69.435786,41.313698],[69.435534,41.313521],[69.435511,41.313502],[69.435498,41.31349],[69.435175,41.313157],[69.434867,41.31293],[69.434777,41.312765],[69.434783,41.312494],[69.434788,41.312299],[69.434526,41.311987],[69.434305,41.31178],[69.434151,41.311684],[69.433897,41.311676],[69.433875,41.311675],[69.433387,41.311632],[69.433257,41.311622],[69.433128,41.311612],[69.433042,41.311596],[69.432676,41.31148],[69.43257,41.311446],[69.432373,41.311397],[69.432177,41.311348],[69.431301,41.311282],[69.43128,41.31128],[69.431266,41.311278],[69.431134,41.311257],[69.430772,41.311197],[69.430735,41.311189],[69.430728,41.311187],[69.430332,41.311071],[69.430316,41.311066],[69.430222,41.311022],[69.429952,41.310836],[69.42993,41.310818],[69.429715,41.310634],[69.4295,41.310529],[69.429497,41.310527],[69.42947,41.310512],[69.429314,41.31041],[69.429226,41.31031],[69.429185,41.310216],[69.429173,41.310195],[69.429052,41.309974],[69.429047,41.309966],[69.42904,41.30995],[69.428952,41.309721],[69.428952,41.309719],[69.428808,41.309526],[69.428802,41.309516],[69.428788,41.309494],[69.428776,41.309464],[69.428747,41.309384],[69.428741,41.309364],[69.428807,41.309261],[69.428869,41.30918],[69.428838,41.309048],[69.428766,41.308908],[69.428629,41.308802],[69.42862,41.308796],[69.428405,41.308651],[69.42812,41.30848],[69.427898,41.308339],[69.427559,41.308064],[69.427548,41.308056],[69.427257,41.307791],[69.427146,41.307689],[69.427089,41.307682],[69.42695,41.307635],[69.426729,41.3075],[69.426346,41.307335],[69.426134,41.307245],[69.426091,41.307222],[69.426063,41.307202],[69.425681,41.306892],[69.425371,41.306641],[69.425355,41.306628],[69.425137,41.306451],[69.424805,41.306347],[69.424772,41.306334],[69.424738,41.306317],[69.424181,41.305994],[69.424124,41.305951],[69.423752,41.305577],[69.423742,41.305566],[69.42323,41.304986],[69.422893,41.304637],[69.422615,41.304349],[69.422456,41.304179],[69.422362,41.304077],[69.422254,41.303922],[69.422077,41.303745],[69.422002,41.303666],[69.42189,41.303494],[69.421427,41.303235],[69.421112,41.303015],[69.42096,41.302949],[69.420918,41.302927],[69.42091,41.302921],[69.420673,41.302762],[69.420645,41.30274],[69.420634,41.302729],[69.420549,41.302622],[69.420441,41.30248],[69.42042,41.302446],[69.420409,41.302419],[69.420351,41.302232],[69.420284,41.302104],[69.420109,41.301959],[69.419837,41.301749],[69.419823,41.301737],[69.419803,41.301717],[69.419586,41.301475],[69.419331,41.301211],[69.419315,41.301192],[69.419302,41.301172],[69.418974,41.300635],[69.418724,41.300269],[69.418451,41.299935],[69.418336,41.299758],[69.418272,41.299674],[69.418159,41.299581],[69.417733,41.299406],[69.417342,41.299181],[69.417062,41.298943],[69.417025,41.298916],[69.416844,41.298796],[69.416601,41.298648],[69.416562,41.298619],[69.416544,41.298602],[69.416434,41.298482],[69.416367,41.298416],[69.416192,41.298299],[69.416161,41.298275],[69.416123,41.298241],[69.415946,41.298091],[69.415807,41.297991],[69.415513,41.297791],[69.4155,41.297782],[69.415374,41.297685],[69.415161,41.297548],[69.414875,41.297403],[69.414859,41.297394],[69.414575,41.297229],[69.414163,41.296997],[69.414149,41.296989],[69.413713,41.296712],[69.413645,41.296669],[69.413376,41.296499],[69.412963,41.296237],[69.412956,41.296233],[69.412818,41.296139],[69.412519,41.295938],[69.412307,41.295816],[69.411753,41.295455],[69.411748,41.295451],[69.411525,41.295243],[69.411509,41.295226],[69.411382,41.295083],[69.411243,41.294996],[69.411238,41.294993],[69.411173,41.294951],[69.411095,41.294929],[69.410975,41.29487],[69.410905,41.294811],[69.410814,41.294744],[69.410744,41.2947],[69.410714,41.294679],[69.410666,41.294639],[69.410554,41.294563],[69.410439,41.294486],[69.410424,41.294475],[69.410316,41.294393],[69.410237,41.294346],[69.410175,41.294297],[69.410102,41.29422],[69.410089,41.294203],[69.41,41.294088],[69.409981,41.294059],[69.409975,41.294048],[69.409967,41.294033],[69.409933,41.294015],[69.409914,41.294004],[69.409896,41.293992],[69.409776,41.293903],[69.409701,41.293859],[69.40962,41.293785],[69.409493,41.293598],[69.409368,41.293477],[69.409286,41.293396],[69.409163,41.293279],[69.409145,41.29326],[69.409039,41.293135],[69.408837,41.292955],[69.408796,41.292918],[69.408664,41.292808],[69.408564,41.292749],[69.408556,41.292744],[69.408526,41.292723],[69.408408,41.292625],[69.408401,41.292619],[69.408377,41.292594],[69.408317,41.292523],[69.408225,41.292424],[69.408216,41.292414],[69.408184,41.292376],[69.40818,41.29237],[69.408164,41.292345],[69.408124,41.292277],[69.408105,41.292256],[69.408058,41.292231],[69.407966,41.292149],[69.407924,41.292087],[69.407911,41.292065],[69.407882,41.292007],[69.407716,41.29184],[69.407608,41.29176],[69.407589,41.291744],[69.407423,41.29159],[69.407399,41.291565],[69.407268,41.291404],[69.407259,41.291392],[69.40719,41.291291],[69.407119,41.291194],[69.40708,41.291151],[69.406982,41.291055],[69.40685,41.290959],[69.406828,41.290942],[69.406821,41.290935],[69.406593,41.290716],[69.406571,41.290692],[69.406483,41.290581],[69.406347,41.290461],[69.406251,41.290401],[69.406215,41.290374],[69.406208,41.290367],[69.406146,41.290307],[69.406035,41.290248],[69.406018,41.290237],[69.406,41.290226],[69.405851,41.290116],[69.40582,41.290093],[69.405586,41.289916],[69.40557,41.289902],[69.405559,41.289891],[69.405292,41.289622],[69.40512,41.289479],[69.405044,41.289416],[69.405036,41.28941],[69.405007,41.289379],[69.404851,41.289179],[69.404834,41.289153],[69.404686,41.288888],[69.404681,41.288879],[69.404672,41.288857],[69.404604,41.288655],[69.404523,41.2886],[69.404433,41.288544],[69.404429,41.288541],[69.404298,41.288457],[69.404276,41.288441],[69.404226,41.288401],[69.404181,41.288369],[69.404139,41.288346],[69.404097,41.288324],[69.404085,41.288316],[69.403983,41.288254],[69.403956,41.28824],[69.403896,41.288223],[69.403867,41.288213],[69.403764,41.288173],[69.403752,41.288168],[69.40371,41.288146],[69.403651,41.288109],[69.403621,41.288088],[69.403571,41.288046],[69.40346,41.287966],[69.403452,41.28796],[69.403375,41.2879],[69.403321,41.287869],[69.403312,41.287863],[69.403295,41.287852],[69.403207,41.287788],[69.403129,41.287729],[69.403116,41.287718],[69.40304,41.287653],[69.403026,41.28764],[69.402968,41.28758],[69.402951,41.287566],[69.402937,41.287553],[69.402892,41.287521],[69.402872,41.287505],[69.402829,41.287467],[69.402816,41.287462],[69.402721,41.287396],[69.402682,41.287354],[69.402519,41.287206],[69.402492,41.287176],[69.402478,41.287156],[69.402452,41.287112],[69.402373,41.287029],[69.402221,41.286937],[69.402066,41.286862],[69.402052,41.286855],[69.401881,41.286763],[69.401864,41.286753],[69.401837,41.286734],[69.401785,41.286693],[69.401706,41.286629],[69.401695,41.28662],[69.40169,41.286615],[69.401525,41.286459],[69.401316,41.286288],[69.400916,41.285972],[69.400624,41.285739],[69.400619,41.285735],[69.400439,41.285584],[69.400379,41.285535],[69.400042,41.285253],[69.39991,41.285143],[69.399801,41.285085],[69.399783,41.285074],[69.399763,41.28506],[69.399617,41.28495],[69.399559,41.284907],[69.399507,41.284853],[69.399397,41.284697],[69.39922,41.284519],[69.399066,41.284364],[69.398875,41.284181],[69.398739,41.284051],[69.398569,41.28391],[69.398562,41.283904],[69.398553,41.283895],[69.398428,41.283773],[69.398318,41.283679],[69.398274,41.283642],[69.398268,41.283638],[69.398264,41.283633],[69.397792,41.283192],[69.39765,41.283102],[69.397644,41.283098],[69.397566,41.283046],[69.397535,41.283023],[69.397528,41.283016],[69.397489,41.282979],[69.397459,41.282961],[69.397431,41.282941],[69.397354,41.282879],[69.397344,41.28287],[69.39733,41.282857],[69.397278,41.282803],[69.397223,41.282699],[69.397216,41.28266],[69.397177,41.282578],[69.397046,41.282456],[69.396805,41.282237],[69.39665,41.282096],[69.396643,41.282089],[69.396362,41.281816],[69.396345,41.281797],[69.396236,41.281665],[69.396038,41.281481],[69.395884,41.281363],[69.395869,41.281351],[69.395851,41.281332],[69.395713,41.281181],[69.395707,41.281176],[69.395414,41.280951],[69.395377,41.280923],[69.395203,41.28083],[69.395185,41.280819],[69.395157,41.2808],[69.394891,41.280584],[69.394732,41.28047],[69.394709,41.280452],[69.394686,41.280429],[69.394584,41.28031],[69.394362,41.280069],[69.394358,41.280065],[69.394177,41.279858],[69.394168,41.279847],[69.394152,41.279824],[69.394082,41.279703],[69.39406,41.279647],[69.394025,41.279592],[69.393988,41.279533],[69.393905,41.279401],[69.393877,41.279386],[69.393859,41.279373],[69.393815,41.279341],[69.393763,41.279319],[69.393732,41.279304],[69.393667,41.279267],[69.3936,41.279236],[69.393564,41.279217],[69.393491,41.279171],[69.393475,41.27916],[69.393333,41.279056],[69.393266,41.27901],[69.393217,41.278994],[69.393186,41.278983],[69.393164,41.278972],[69.393094,41.278936],[69.393001,41.278885],[69.392906,41.278846],[69.392861,41.278822],[69.392854,41.278818],[69.392759,41.278754],[69.392733,41.278741],[69.392639,41.278692],[69.392627,41.278685],[69.392518,41.278623],[69.392466,41.278585],[69.392326,41.278453],[69.392198,41.278362],[69.392062,41.27829],[69.392055,41.278286],[69.391918,41.278208],[69.391912,41.278205],[69.391677,41.278064],[69.391605,41.278015],[69.391554,41.277979],[69.391439,41.277911],[69.391382,41.277866],[69.391251,41.277731],[69.391234,41.277712],[69.391023,41.277438],[69.390842,41.277218],[69.390838,41.277213],[69.390833,41.277207],[69.390585,41.276861],[69.390401,41.276624],[69.390277,41.276465],[69.390214,41.276413],[69.38984,41.275991],[69.389594,41.275818],[69.389521,41.275766],[69.389355,41.27565],[69.389086,41.275489],[69.388459,41.275319],[69.388431,41.27531],[69.387656,41.27503],[69.387637,41.275022],[69.3876,41.275003],[69.386387,41.27428],[69.386381,41.274277],[69.386366,41.274266],[69.386334,41.274243],[69.386263,41.274192],[69.386065,41.274049],[69.385457,41.273609],[69.385419,41.273582],[69.385403,41.27357],[69.385005,41.273344],[69.384994,41.273337],[69.384963,41.273315],[69.384578,41.272995],[69.384531,41.272942],[69.384443,41.272805],[69.384436,41.272792],[69.384308,41.272557],[69.384304,41.27255],[69.3843,41.272542],[69.384056,41.271976],[69.384046,41.271947],[69.384042,41.271922],[69.384002,41.27149],[69.383958,41.271384],[69.383678,41.271122],[69.383073,41.27083],[69.382556,41.27067],[69.38245,41.270614],[69.38193,41.27019],[69.381631,41.270095],[69.381568,41.270086],[69.381461,41.270071],[69.381435,41.270081],[69.381275,41.270138],[69.381135,41.27016],[69.381114,41.270159],[69.380839,41.270152],[69.380756,41.270149],[69.380646,41.27013],[69.380301,41.270014],[69.380213,41.269958],[69.380173,41.269932],[69.379964,41.269692],[69.37975,41.269445],[69.379716,41.269386],[69.379709,41.269375],[69.379692,41.269321],[69.379553,41.268853],[69.379546,41.268823],[69.379525,41.268742],[69.379393,41.268233],[69.379362,41.268149],[69.379356,41.268132],[69.37931,41.268008],[69.379284,41.267937],[69.379166,41.267649],[69.379065,41.267402],[69.378993,41.26724],[69.378901,41.267043],[69.378806,41.266853],[69.378787,41.26682],[69.378691,41.266629],[69.378563,41.266388],[69.378429,41.266133],[69.378359,41.266004],[69.378308,41.265911],[69.378195,41.265722],[69.378155,41.265656],[69.378095,41.265556],[69.377968,41.265364],[69.377898,41.265272],[69.377744,41.265068],[69.377662,41.264957],[69.37753,41.264791],[69.377485,41.264734],[69.377307,41.264508],[69.377284,41.264478],[69.377053,41.264206],[69.377029,41.264178],[69.376867,41.264011],[69.376824,41.263966],[69.376668,41.263815],[69.376598,41.263747],[69.376314,41.263467],[69.376228,41.26338],[69.376215,41.263366],[69.376086,41.263236],[69.376083,41.263233],[69.375961,41.263121],[69.375935,41.263097],[69.375894,41.263059],[69.37585,41.263018],[69.375712,41.26289],[69.3757,41.262879],[69.375692,41.262873],[69.375669,41.262856],[69.375586,41.262797],[69.375319,41.262607],[69.375314,41.262603],[69.375179,41.262522],[69.375138,41.262498],[69.37495,41.26237],[69.374947,41.262368],[69.374936,41.262362],[69.374862,41.262327],[69.374817,41.262303],[69.374778,41.262282],[69.374712,41.262267],[69.374541,41.262263],[69.374427,41.262266],[69.374422,41.262266],[69.374415,41.262267],[69.374396,41.262268],[69.374228,41.262277],[69.374058,41.262286],[69.37345,41.262733],[69.373185,41.26294],[69.372786,41.263259],[69.372256,41.263678],[69.37179,41.264047],[69.371646,41.264159],[69.371432,41.264324],[69.37126,41.264465],[69.371091,41.264602],[69.370741,41.264883],[69.370247,41.265273],[69.369729,41.265681],[69.369231,41.266075],[69.368701,41.266497],[69.368171,41.266909],[69.368149,41.266927],[69.367735,41.267257],[69.36763,41.267323],[69.366985,41.267227],[69.366629,41.267052],[69.366532,41.266989],[69.366263,41.266584],[69.365972,41.266157],[69.365711,41.265774],[69.3653,41.265173],[69.365009,41.264749],[69.364951,41.264664],[69.364943,41.264653],[69.36463,41.264193],[69.364508,41.264019],[69.364017,41.263315],[69.363538,41.262611],[69.362951,41.261758],[69.362503,41.261122],[69.361998,41.260387],[69.361531,41.2597],[69.361063,41.25902],[69.360486,41.258174],[69.359978,41.257407],[69.359425,41.256593],[69.358852,41.255748],[69.358359,41.255031],[69.357815,41.254223],[69.357229,41.253382],[69.356835,41.252803],[69.356571,41.252419],[69.356277,41.252059],[69.356227,41.251997],[69.356181,41.25194],[69.355901,41.251625],[69.355621,41.251309],[69.355237,41.250907],[69.354936,41.250629],[69.354445,41.250225],[69.353967,41.24984],[69.353339,41.249365],[69.352853,41.249021],[69.352386,41.248718],[69.351874,41.248418],[69.351579,41.248254],[69.351218,41.248054],[69.350489,41.247654],[69.349824,41.247296],[69.348993,41.246848],[69.348487,41.246583],[69.348239,41.246466],[69.347993,41.246367],[69.347627,41.246228],[69.34725,41.246092],[69.346938,41.245996],[69.346378,41.245847],[69.345581,41.245636],[69.344451,41.245333],[69.343613,41.24511],[69.342681,41.244859],[69.342068,41.244696],[69.341423,41.244525],[69.34097,41.244404],[69.340454,41.244267],[69.340187,41.244188],[69.34003,41.244138],[69.339717,41.244023],[69.339544,41.243955],[69.339264,41.243831],[69.338882,41.243649],[69.338654,41.243531],[69.338436,41.243403],[69.338265,41.243298],[69.338083,41.243174],[69.337948,41.243079],[69.33772,41.242894],[69.337592,41.242775],[69.337369,41.242568],[69.336824,41.242025],[69.336109,41.241314],[69.335554,41.240767],[69.334792,41.240005],[69.334296,41.239511],[69.333826,41.239114],[69.333638,41.238986],[69.333326,41.238785],[69.333152,41.238689],[69.332965,41.238602],[69.332649,41.238477],[69.332457,41.238402],[69.332043,41.238265],[69.331706,41.238164],[69.331594,41.238128],[69.330549,41.23901],[69.330428,41.239211],[69.330006,41.239928],[69.329587,41.240684],[69.329404,41.24103],[69.328931,41.240893],[69.328722,41.241151],[69.328609,41.241295],[69.328595,41.241313],[69.328514,41.241416],[69.328316,41.24168],[69.328116,41.241986],[69.327852,41.242426],[69.327687,41.242722],[69.327567,41.24294],[69.327416,41.243204],[69.327205,41.243583],[69.327155,41.243672],[69.326996,41.24396],[69.32691,41.244109],[69.326718,41.244442],[69.326512,41.244813],[69.326362,41.245081],[69.326291,41.245202],[69.326061,41.245618],[69.325827,41.246028],[69.325553,41.246514],[69.325268,41.247017],[69.325026,41.247445],[69.324744,41.247957],[69.324458,41.24847],[69.324259,41.248824],[69.323975,41.249329],[69.323756,41.249714],[69.323486,41.250201],[69.323309,41.25051],[69.323271,41.250577],[69.323072,41.250931],[69.322991,41.251078],[69.322842,41.251351],[69.322677,41.251671],[69.322533,41.251974],[69.322362,41.252314],[69.322134,41.252723],[69.321905,41.253133],[69.321629,41.253619],[69.321524,41.253795],[69.321284,41.254181],[69.321019,41.254597],[69.321011,41.254609],[69.32093,41.254757],[69.320742,41.255094],[69.320525,41.255479],[69.320253,41.255955],[69.320218,41.256018],[69.319981,41.256439],[69.319728,41.256896],[69.319503,41.257294],[69.319335,41.257595],[69.319124,41.257973],[69.318787,41.258573],[69.318632,41.258847],[69.318407,41.259251],[69.318101,41.259793],[69.317859,41.260223],[69.317612,41.260663],[69.31733,41.261166],[69.317078,41.261616],[69.316816,41.262068],[69.316598,41.262444],[69.316404,41.262768],[69.316145,41.263188],[69.315844,41.263684],[69.315537,41.264196],[69.315214,41.264732],[69.314916,41.265238],[69.31464,41.265719],[69.31432,41.26629],[69.314127,41.266638],[69.31378,41.267251],[69.313489,41.267768],[69.313188,41.2683],[69.312925,41.268766],[69.312712,41.269142],[69.312459,41.269602],[69.312196,41.270068],[69.311909,41.270577],[69.311876,41.270634],[69.311613,41.271097],[69.311327,41.271596],[69.311023,41.272136],[69.310838,41.27247],[69.310583,41.272928],[69.310459,41.273161],[69.310295,41.273469],[69.310056,41.273914],[69.309757,41.274467],[69.309495,41.274954],[69.309137,41.275603],[69.308841,41.276125],[69.308543,41.276653],[69.308254,41.27716],[69.307988,41.277624],[69.307746,41.278054],[69.307526,41.278449],[69.305738,41.282248],[69.305221,41.283193],[69.305023,41.283543],[69.304711,41.284095],[69.304462,41.284528],[69.304165,41.285025],[69.303866,41.285517],[69.303617,41.285903],[69.303342,41.286326],[69.303077,41.286725],[69.302769,41.287167],[69.302515,41.287521],[69.302154,41.288015],[69.301787,41.288506],[69.301451,41.28893],[69.301008,41.289483],[69.300587,41.289984],[69.300217,41.290426],[69.299896,41.290787],[69.29973,41.29097],[69.299287,41.291461],[69.298852,41.291936],[69.298421,41.292397],[69.298138,41.292701],[69.2976,41.293252],[69.297272,41.29359],[69.297026,41.293834],[69.296567,41.294284],[69.296418,41.294433],[69.296182,41.294683],[69.295888,41.295003],[69.295637,41.295279],[69.295437,41.295497],[69.295158,41.295801],[69.294871,41.296113],[69.294727,41.296266],[69.294667,41.296318],[69.294559,41.296401],[69.294413,41.296486],[69.294274,41.296544],[69.294273,41.296544],[69.294126,41.296594],[69.294031,41.296614],[69.293883,41.296636],[69.293762,41.296643],[69.293572,41.296652],[69.2934,41.296653],[69.293254,41.29666],[69.293135,41.296668],[69.293006,41.296686],[69.292879,41.296714],[69.292791,41.296735],[69.292686,41.296772],[69.292579,41.296809],[69.292467,41.29686],[69.292356,41.296919],[69.292242,41.296996],[69.292144,41.297071],[69.292061,41.297151],[69.291963,41.297264],[69.291899,41.297361],[69.29184,41.297463],[69.291787,41.297566],[69.291754,41.297677],[69.291738,41.297789],[69.29173,41.297909],[69.291741,41.298152],[69.291775,41.298515],[69.291777,41.298629],[69.29178,41.298746],[69.291773,41.298812],[69.291746,41.298921],[69.291713,41.299021],[69.291684,41.299095],[69.29165,41.299152],[69.291641,41.299168],[69.29157,41.299263],[69.291499,41.299345],[69.291418,41.299422],[69.291344,41.299483],[69.291223,41.299577],[69.290857,41.29985],[69.290775,41.299914],[69.290188,41.300403],[69.289824,41.30077],[69.289529,41.301092],[69.288768,41.301914],[69.288033,41.302701],[69.287428,41.303309],[69.28718,41.303558],[69.286569,41.304167],[69.286162,41.304572],[69.28575,41.304957],[69.285081,41.305662],[69.284324,41.30639],[69.283652,41.307083],[69.283201,41.307538],[69.282538,41.308181],[69.282029,41.308735],[69.281511,41.309261],[69.280944,41.309785],[69.280854,41.309849],[69.281007,41.309938],[69.281067,41.309965],[69.281156,41.310015],[69.281258,41.310089],[69.281339,41.310158],[69.281452,41.310272],[69.281545,41.310379],[69.281635,41.310496],[69.281767,41.310706],[69.282149,41.310597],[69.282206,41.310579],[69.282672,41.310444],[69.283362,41.310248],[69.283439,41.310235],[69.283475,41.310218],[69.283894,41.310104],[69.283952,41.310092],[69.284001,41.310069],[69.284373,41.309965],[69.284851,41.309839],[69.285537,41.309649],[69.286195,41.309469],[69.28682,41.309295],[69.286947,41.309261],[69.287288,41.309169],[69.287361,41.309166],[69.287808,41.309043],[69.28834,41.3089],[69.288391,41.308858],[69.28889,41.308714],[69.289229,41.308621],[69.289644,41.308509],[69.290328,41.308315],[69.291209,41.308064],[69.292025,41.30783],[69.292488,41.307654],[69.29275,41.307587],[69.29291,41.307591],[69.293244,41.307502],[69.293395,41.307409],[69.293571,41.30736],[69.293804,41.307298],[69.294012,41.307244],[69.294186,41.307205],[69.294352,41.307169],[69.294513,41.307143],[69.294638,41.307127],[69.294866,41.307106],[69.295156,41.307085],[69.295434,41.30708],[69.295824,41.307099],[69.295986,41.307105],[69.2962,41.307111],[69.296336,41.30713],[69.296727,41.307214],[69.296847,41.307239],[69.298366,41.307572],[69.298351,41.307663],[69.298329,41.307754],[69.298301,41.307892],[69.298257,41.308108],[69.298227,41.30827],[69.298215,41.308389],[69.29822,41.308495],[69.298228,41.308567],[69.298255,41.308694],[69.298349,41.309083],[69.298354,41.309132],[69.29834,41.30919],[69.298305,41.309247],[69.298044,41.309568],[69.297931,41.309704],[69.297841,41.309805],[69.29779,41.309889],[69.297738,41.309992],[69.297722,41.310035],[69.297714,41.310095],[69.2977,41.31045],[69.298237,41.310427],[69.298403,41.310425],[69.298734,41.31052],[69.298844,41.310563],[69.298998,41.310647],[69.299207,41.31078],[69.299295,41.310864],[69.299375,41.310941],[69.299486,41.311111],[69.299749,41.311504],[69.299843,41.311652],[69.299922,41.311745],[69.300039,41.311896],[69.300086,41.311955],[69.300126,41.311994],[69.300151,41.312013],[69.300186,41.312029],[69.300246,41.31205],[69.300324,41.312071],[69.30036,41.312075],[69.300409,41.312073],[69.30051,41.312054],[69.300597,41.312033],[69.300643,41.312016],[69.300695,41.311987],[69.300733,41.311958],[69.300784,41.311909],[69.300829,41.311834],[69.300977,41.311739],[69.30111,41.311713],[69.301218,41.311728],[69.301336,41.311765],[69.301372,41.311776],[69.301424,41.311807],[69.301512,41.311902],[69.301574,41.312038],[69.301629,41.312153],[69.301646,41.312196],[69.301674,41.312208],[69.301738,41.312279],[69.301774,41.312352],[69.301789,41.312416],[69.301797,41.312432],[69.301801,41.312435],[69.30183,41.312448],[69.301971,41.312498],[69.302082,41.312544],[69.302154,41.31257],[69.302217,41.312578],[69.302265,41.312577],[69.30229,41.312561],[69.302298,41.312537],[69.3023,41.312512],[69.302304,41.312441],[69.302363,41.312318],[69.302484,41.31216],[69.302596,41.312058],[69.302689,41.311985],[69.302726,41.311959],[69.302812,41.311909],[69.302915,41.31186],[69.302973,41.311837],[69.303063,41.311824],[69.303157,41.311816],[69.303237,41.311805],[69.303366,41.311793],[69.303485,41.311788],[69.303649,41.311777],[69.303784,41.311787],[69.303985,41.311815],[69.304157,41.311855],[69.30422,41.311868],[69.30428,41.311874],[69.30438,41.311886],[69.304471,41.311907],[69.304554,41.311934],[69.304609,41.311953],[69.304637,41.311958],[69.30472,41.311961],[69.304849,41.311989],[69.305048,41.312069],[69.305214,41.312155],[69.305381,41.31225],[69.305572,41.312331],[69.30572,41.312419],[69.305795,41.312522],[69.305831,41.312583],[69.305867,41.312713],[69.305878,41.31287],[69.305873,41.31301],[69.305842,41.31316],[69.305809,41.313232],[69.30575,41.313343],[69.30565,41.313505],[69.305569,41.313635],[69.305509,41.313727],[69.305405,41.314015],[69.3052,41.314619],[69.305166,41.314761],[69.305162,41.314783],[69.305154,41.314824],[69.305158,41.314924],[69.305161,41.314996]]]]}},{"type":"Feature","properties":{"name":"Mirobod","name_ru":"Мирабад","tuman":"Миробод","area_ha":1653.14,"source":"Toshkent shahar chegarasi (2024)"},"geometry":{"type":"MultiPolygon","coordinates":[[[[69.26487,41.269018],[69.265089,41.269199],[69.265263,41.269352],[69.265319,41.269402],[69.265458,41.269524],[69.265641,41.269693],[69.265838,41.26988],[69.265977,41.270015],[69.266152,41.270192],[69.266277,41.270317],[69.266386,41.27043],[69.266511,41.270551],[69.266669,41.270716],[69.266907,41.270965],[69.26713,41.271195],[69.267346,41.27143],[69.267499,41.271604],[69.267699,41.271824],[69.26785,41.271992],[69.268056,41.272224],[69.268322,41.272516],[69.268786,41.273036],[69.268995,41.273273],[69.269296,41.273608],[69.269492,41.273829],[69.269731,41.274095],[69.270009,41.274404],[69.270257,41.274683],[69.270458,41.274903],[69.270693,41.275169],[69.270984,41.275492],[69.271238,41.275776],[69.271523,41.2761],[69.271744,41.276347],[69.272005,41.276637],[69.272241,41.2769],[69.272501,41.277188],[69.272667,41.277373],[69.272854,41.277583],[69.272898,41.277632],[69.273002,41.277746],[69.272476,41.278072],[69.272006,41.278365],[69.271892,41.278433],[69.271776,41.278504],[69.2699,41.279664],[69.269136,41.280125],[69.269003,41.280228],[69.26827,41.281157],[69.267796,41.281783],[69.26695,41.282946],[69.265917,41.284388],[69.265624,41.284787],[69.265305,41.285116],[69.265237,41.285187],[69.265213,41.285214],[69.265326,41.285266],[69.265471,41.285309],[69.265731,41.285365],[69.266083,41.285451],[69.266397,41.28553],[69.266378,41.285585],[69.2661,41.286472],[69.266041,41.286607],[69.265749,41.287377],[69.26627,41.287491],[69.266403,41.287539],[69.267055,41.288149],[69.267562,41.2886],[69.267649,41.288662],[69.267992,41.288855],[69.268594,41.289225],[69.269147,41.289494],[69.269152,41.289616],[69.269136,41.290036],[69.269124,41.290485],[69.269133,41.290624],[69.269137,41.290647],[69.269264,41.290742],[69.269476,41.290884],[69.269534,41.290925],[69.269587,41.290975],[69.269768,41.291214],[69.270111,41.291571],[69.27025,41.291704],[69.27095,41.292262],[69.271113,41.292416],[69.271154,41.292455],[69.271139,41.292513],[69.271095,41.2926],[69.270866,41.292884],[69.270571,41.2933],[69.270039,41.294026],[69.269791,41.29438],[69.268807,41.295613],[69.268755,41.295778],[69.268674,41.296107],[69.268467,41.296937],[69.267972,41.298631],[69.267506,41.30036],[69.267422,41.300608],[69.267348,41.300778],[69.267278,41.300903],[69.26716,41.301079],[69.266529,41.301867],[69.267096,41.304226],[69.267331,41.304928],[69.269034,41.309055],[69.270529,41.312416],[69.274982,41.311192],[69.277359,41.310539],[69.279504,41.309984],[69.279768,41.30994],[69.279907,41.309918],[69.280146,41.309906],[69.280344,41.309903],[69.280573,41.309926],[69.280715,41.309955],[69.280854,41.309849],[69.280944,41.309785],[69.280978,41.309754],[69.280978,41.309754],[69.281511,41.309261],[69.282029,41.308735],[69.282538,41.308181],[69.283201,41.307538],[69.283652,41.307083],[69.284324,41.30639],[69.285081,41.305662],[69.28575,41.304957],[69.286162,41.304572],[69.286569,41.304167],[69.28718,41.303558],[69.287428,41.303309],[69.288033,41.302701],[69.288768,41.301914],[69.289529,41.301092],[69.289824,41.30077],[69.290188,41.300403],[69.290775,41.299914],[69.290857,41.29985],[69.291223,41.299577],[69.291344,41.299483],[69.291418,41.299422],[69.291499,41.299345],[69.29157,41.299263],[69.291641,41.299168],[69.29165,41.299152],[69.291684,41.299095],[69.291713,41.299021],[69.291746,41.298921],[69.291773,41.298812],[69.29178,41.298746],[69.291777,41.298629],[69.291775,41.298515],[69.291741,41.298152],[69.29173,41.297909],[69.291738,41.297789],[69.291754,41.297677],[69.291787,41.297566],[69.29184,41.297463],[69.291899,41.297361],[69.291963,41.297264],[69.292061,41.297151],[69.292144,41.297071],[69.292242,41.296996],[69.292356,41.296919],[69.292467,41.29686],[69.292579,41.296809],[69.292686,41.296772],[69.292791,41.296735],[69.292879,41.296714],[69.293006,41.296686],[69.293135,41.296668],[69.293254,41.29666],[69.2934,41.296653],[69.293572,41.296652],[69.293762,41.296643],[69.293883,41.296636],[69.294031,41.296614],[69.294126,41.296594],[69.294273,41.296544],[69.294274,41.296544],[69.294413,41.296486],[69.294559,41.296401],[69.294667,41.296318],[69.294727,41.296266],[69.294871,41.296113],[69.295158,41.295801],[69.295437,41.295497],[69.295637,41.295279],[69.295888,41.295003],[69.296182,41.294683],[69.296418,41.294433],[69.296567,41.294284],[69.297026,41.293834],[69.297272,41.29359],[69.2976,41.293252],[69.298138,41.292701],[69.298421,41.292397],[69.298852,41.291936],[69.299287,41.291461],[69.29973,41.29097],[69.299896,41.290787],[69.300217,41.290426],[69.300587,41.289984],[69.301008,41.289483],[69.301451,41.28893],[69.301787,41.288506],[69.302154,41.288015],[69.302515,41.287521],[69.302769,41.287167],[69.303077,41.286725],[69.303342,41.286326],[69.303617,41.285903],[69.303866,41.285517],[69.304165,41.285025],[69.304462,41.284528],[69.304711,41.284095],[69.305023,41.283543],[69.305221,41.283193],[69.305738,41.282248],[69.307526,41.278449],[69.307746,41.278054],[69.307988,41.277624],[69.308254,41.27716],[69.308543,41.276653],[69.308841,41.276125],[69.309137,41.275603],[69.309495,41.274954],[69.309757,41.274467],[69.310056,41.273914],[69.310295,41.273469],[69.310459,41.273161],[69.310583,41.272928],[69.310838,41.27247],[69.311023,41.272136],[69.311327,41.271596],[69.311613,41.271097],[69.311876,41.270634],[69.311909,41.270577],[69.312196,41.270068],[69.312459,41.269602],[69.312712,41.269142],[69.312925,41.268766],[69.313188,41.2683],[69.313489,41.267768],[69.31378,41.267251],[69.314127,41.266638],[69.31432,41.26629],[69.31464,41.265719],[69.314916,41.265238],[69.315214,41.264732],[69.315537,41.264196],[69.315844,41.263684],[69.316145,41.263188],[69.316404,41.262768],[69.316598,41.262444],[69.316816,41.262068],[69.317078,41.261616],[69.31733,41.261166],[69.317612,41.260663],[69.317859,41.260223],[69.318101,41.259793],[69.318407,41.259251],[69.318632,41.258847],[69.318787,41.258573],[69.319124,41.257973],[69.319335,41.257595],[69.319503,41.257294],[69.319728,41.256896],[69.319981,41.256439],[69.320218,41.256018],[69.320253,41.255955],[69.320525,41.255479],[69.320742,41.255094],[69.32093,41.254757],[69.321011,41.254609],[69.321019,41.254597],[69.321284,41.254181],[69.321524,41.253795],[69.321629,41.253619],[69.321905,41.253133],[69.322134,41.252723],[69.322362,41.252314],[69.322533,41.251974],[69.322677,41.251671],[69.322842,41.251351],[69.322991,41.251078],[69.323072,41.250931],[69.323271,41.250577],[69.323309,41.25051],[69.323486,41.250201],[69.323756,41.249714],[69.323975,41.249329],[69.324259,41.248824],[69.324458,41.24847],[69.324744,41.247957],[69.325026,41.247445],[69.325268,41.247017],[69.325553,41.246514],[69.325827,41.246028],[69.326061,41.245618],[69.326291,41.245202],[69.326362,41.245081],[69.326512,41.244813],[69.326718,41.244442],[69.32691,41.244109],[69.326996,41.24396],[69.327155,41.243672],[69.327205,41.243583],[69.327416,41.243204],[69.327567,41.24294],[69.327687,41.242722],[69.327852,41.242426],[69.328116,41.241986],[69.328316,41.24168],[69.328514,41.241416],[69.328595,41.241313],[69.328609,41.241295],[69.328722,41.241151],[69.328931,41.240893],[69.329404,41.24103],[69.328896,41.240882],[69.328491,41.240693],[69.328102,41.240497],[69.3275,41.240208],[69.327321,41.240115],[69.32692,41.239906],[69.326485,41.239704],[69.32583,41.239418],[69.325348,41.239208],[69.325167,41.239118],[69.325086,41.239048],[69.324938,41.238858],[69.324624,41.238443],[69.324303,41.238094],[69.324145,41.237941],[69.323961,41.237842],[69.323729,41.237759],[69.323543,41.237706],[69.323326,41.237673],[69.321922,41.237511],[69.321717,41.237614],[69.321439,41.237753],[69.321142,41.2379],[69.321118,41.237914],[69.31993,41.23883],[69.318097,41.24038],[69.316317,41.241876],[69.31586,41.24226],[69.31572,41.242377],[69.315564,41.2425],[69.315368,41.242642],[69.314891,41.242954],[69.314577,41.243122],[69.31436,41.243223],[69.313855,41.243426],[69.313284,41.243618],[69.312718,41.24377],[69.31215,41.243874],[69.31158,41.243953],[69.311015,41.243991],[69.310074,41.243995],[69.308645,41.244001],[69.305663,41.244006],[69.30268,41.244012],[69.301703,41.244014],[69.301762,41.245814],[69.301774,41.247226],[69.301775,41.248658],[69.301789,41.2499],[69.301798,41.251159],[69.301787,41.252177],[69.301818,41.252524],[69.301831,41.252658],[69.301424,41.253194],[69.301012,41.25374],[69.300871,41.254],[69.300744,41.254353],[69.300742,41.254406],[69.30076,41.254465],[69.300872,41.254682],[69.300915,41.254849],[69.300925,41.254993],[69.300867,41.255256],[69.30086,41.255314],[69.300901,41.255423],[69.301006,41.25556],[69.301047,41.255659],[69.30092,41.255878],[69.300743,41.256152],[69.30182,41.25663],[69.303354,41.257287],[69.30474,41.257874],[69.305868,41.258348],[69.307176,41.258894],[69.308398,41.259401],[69.309435,41.259835],[69.310353,41.260211],[69.311248,41.260571],[69.310834,41.261183],[69.31076,41.261284],[69.310513,41.261622],[69.310481,41.261665],[69.310121,41.262146],[69.309773,41.262623],[69.309694,41.262738],[69.309249,41.263384],[69.308918,41.263859],[69.308664,41.264222],[69.308613,41.264299],[69.308469,41.264516],[69.308375,41.264579],[69.308213,41.264656],[69.307941,41.264717],[69.307783,41.264696],[69.307632,41.264658],[69.307456,41.264579],[69.307372,41.264542],[69.306712,41.264191],[69.306133,41.263871],[69.305665,41.263613],[69.304849,41.263141],[69.304498,41.262971],[69.304448,41.262946],[69.303793,41.262667],[69.303239,41.262369],[69.303033,41.262253],[69.302972,41.262219],[69.302818,41.262132],[69.30275,41.262109],[69.302695,41.262101],[69.30265,41.262101],[69.302606,41.262107],[69.302557,41.26212],[69.3025,41.262143],[69.302061,41.262388],[69.301509,41.262686],[69.301398,41.262753],[69.300968,41.263011],[69.300866,41.263065],[69.300741,41.263103],[69.300616,41.26312],[69.300385,41.263134],[69.300218,41.263133],[69.299843,41.263132],[69.299296,41.263126],[69.298681,41.263119],[69.298313,41.2631],[69.298133,41.263091],[69.298082,41.263092],[69.298054,41.263099],[69.298,41.263118],[69.297861,41.263193],[69.297753,41.263255],[69.29772,41.263279],[69.297708,41.263287],[69.297672,41.26338],[69.297611,41.263788],[69.297576,41.264331],[69.297631,41.264433],[69.29737,41.26442],[69.297146,41.264408],[69.296918,41.264401],[69.296844,41.264402],[69.296586,41.264407],[69.296391,41.264416],[69.296132,41.264432],[69.295875,41.264458],[69.295599,41.264496],[69.295192,41.26457],[69.295146,41.26458],[69.29496,41.264621],[69.294748,41.264677],[69.294563,41.26473],[69.294371,41.26479],[69.29413,41.264875],[69.293933,41.26495],[69.293809,41.265002],[69.293598,41.265096],[69.293444,41.265172],[69.293272,41.265261],[69.293118,41.265344],[69.292955,41.265443],[69.292791,41.265547],[69.292704,41.265607],[69.29255,41.265716],[69.292381,41.265846],[69.292264,41.265937],[69.291905,41.26623],[69.291801,41.266316],[69.291438,41.266618],[69.291417,41.266635],[69.291098,41.266906],[69.290864,41.267096],[69.290797,41.26715],[69.290553,41.267354],[69.290341,41.267531],[69.290307,41.267559],[69.289936,41.26787],[69.289513,41.26822],[69.289433,41.268287],[69.289112,41.268553],[69.28883,41.268786],[69.288528,41.269038],[69.28817,41.269335],[69.287867,41.269586],[69.287649,41.269767],[69.287535,41.269856],[69.287397,41.269966],[69.287199,41.270117],[69.286988,41.270265],[69.286781,41.270398],[69.286601,41.270506],[69.286406,41.270613],[69.286226,41.270705],[69.286034,41.270794],[69.285941,41.270834],[69.285787,41.270899],[69.28558,41.270979],[69.285358,41.271056],[69.285137,41.27112],[69.284917,41.27118],[69.284668,41.271238],[69.284457,41.271281],[69.284226,41.271319],[69.283956,41.271357],[69.283796,41.271375],[69.28352,41.271396],[69.2833,41.271406],[69.283132,41.271409],[69.282882,41.271406],[69.282661,41.271399],[69.28241,41.271383],[69.282205,41.27136],[69.282112,41.27135],[69.281896,41.27132],[69.2816,41.271271],[69.281437,41.271237],[69.28122,41.271189],[69.280986,41.271129],[69.280839,41.271089],[69.280718,41.271053],[69.280449,41.270972],[69.280253,41.270911],[69.280083,41.270858],[69.279829,41.270776],[69.279821,41.270773],[69.279686,41.27073],[69.279536,41.270683],[69.27942,41.270646],[69.279242,41.270589],[69.279069,41.270534],[69.27888,41.270478],[69.278748,41.270438],[69.278614,41.270397],[69.278513,41.270367],[69.278433,41.270344],[69.278177,41.270272],[69.2779,41.270199],[69.27772,41.270154],[69.277596,41.270123],[69.277568,41.270117],[69.277285,41.270096],[69.276896,41.27002],[69.276727,41.269988],[69.27594,41.269836],[69.275208,41.269706],[69.274542,41.269581],[69.274252,41.269533],[69.274176,41.269518],[69.2738,41.269447],[69.273485,41.269388],[69.272974,41.269297],[69.272453,41.269195],[69.271932,41.269101],[69.271325,41.268991],[69.270813,41.268896],[69.270092,41.26875],[69.269459,41.268643],[69.269303,41.268617],[69.268515,41.268462],[69.268068,41.268388],[69.267657,41.26832],[69.267343,41.268261],[69.266716,41.268147],[69.266507,41.268095],[69.26636,41.268058],[69.266137,41.268009],[69.266021,41.267983],[69.265814,41.267943],[69.265089,41.267841],[69.264949,41.267834],[69.264758,41.267831],[69.263865,41.267649],[69.263284,41.267546],[69.263285,41.26753],[69.262753,41.267365],[69.262602,41.267322],[69.262349,41.267605],[69.26265,41.26772],[69.262912,41.267828],[69.263207,41.267964],[69.263519,41.268116],[69.263718,41.268223],[69.263879,41.268319],[69.264132,41.268475],[69.264345,41.268617],[69.26452,41.268742],[69.264645,41.268834],[69.26487,41.269018]]]]}},{"type":"Feature","properties":{"name":"Yunusobod","name_ru":"Юнусабад","tuman":"Юнусобод","area_ha":4107.61,"source":"Toshkent shahar chegarasi (2024)"},"geometry":{"type":"MultiPolygon","coordinates":[[[[69.296557,41.329476],[69.296503,41.32943],[69.296473,41.329341],[69.296524,41.328673],[69.296547,41.328644],[69.296601,41.32861],[69.297282,41.328544],[69.297381,41.328514],[69.297429,41.328484],[69.297768,41.328154],[69.298069,41.327825],[69.298105,41.327768],[69.298119,41.327705],[69.298104,41.327344],[69.29806,41.327189],[69.29803,41.327063],[69.297947,41.326646],[69.297846,41.326165],[69.297827,41.326134],[69.297787,41.326098],[69.297577,41.325973],[69.297048,41.325649],[69.296411,41.325258],[69.296264,41.325274],[69.296043,41.325306],[69.295772,41.325362],[69.295635,41.325392],[69.295498,41.325426],[69.295335,41.32547],[69.295187,41.325516],[69.295116,41.325541],[69.294997,41.325588],[69.294865,41.325643],[69.294747,41.325693],[69.294565,41.325419],[69.294458,41.325244],[69.294321,41.325092],[69.294183,41.325085],[69.293946,41.325068],[69.293874,41.325015],[69.293541,41.324437],[69.293249,41.323992],[69.293269,41.323787],[69.293226,41.323589],[69.293133,41.323305],[69.293081,41.323304],[69.292831,41.323302],[69.292694,41.323231],[69.292833,41.323065],[69.292887,41.322937],[69.292952,41.322829],[69.292996,41.322767],[69.293031,41.322685],[69.293034,41.322605],[69.293002,41.32248],[69.292406,41.322534],[69.291659,41.322607],[69.291593,41.322178],[69.291397,41.321046],[69.291318,41.320592],[69.291219,41.31994],[69.291103,41.319233],[69.291381,41.319005],[69.291553,41.318854],[69.291755,41.318653],[69.291861,41.318533],[69.291487,41.318089],[69.291411,41.318027],[69.29131,41.317965],[69.290784,41.317695],[69.290731,41.317745],[69.290658,41.317739],[69.290635,41.317741],[69.289193,41.317888],[69.288738,41.317934],[69.28824,41.317984],[69.28793,41.318016],[69.286844,41.318133],[69.286161,41.318198],[69.286079,41.318107],[69.285985,41.317996],[69.285501,41.317456],[69.285249,41.317065],[69.284789,41.316551],[69.28435,41.316057],[69.284289,41.315993],[69.284022,41.315667],[69.282654,41.31427],[69.28253,41.314333],[69.282317,41.314418],[69.28201,41.314539],[69.281328,41.314805],[69.280898,41.314972],[69.280839,41.31496],[69.280777,41.314897],[69.280731,41.314819],[69.280697,41.314678],[69.280588,41.314166],[69.28046,41.313628],[69.280331,41.313046],[69.280276,41.312756],[69.280284,41.312662],[69.280294,41.312625],[69.280304,41.312614],[69.280357,41.312579],[69.28107,41.312202],[69.281421,41.31202],[69.28171,41.311731],[69.281762,41.311577],[69.281802,41.311404],[69.281818,41.31118],[69.281817,41.311138],[69.281806,41.311039],[69.281789,41.310947],[69.281761,41.310795],[69.281761,41.310795],[69.281767,41.310706],[69.281635,41.310496],[69.281545,41.310379],[69.281452,41.310272],[69.281339,41.310158],[69.281258,41.310089],[69.281156,41.310015],[69.281067,41.309965],[69.281007,41.309938],[69.280854,41.309849],[69.280715,41.309955],[69.280573,41.309926],[69.280344,41.309903],[69.280146,41.309906],[69.279907,41.309918],[69.279768,41.30994],[69.279504,41.309984],[69.277359,41.310539],[69.270529,41.312416],[69.269034,41.309055],[69.264897,41.310066],[69.264602,41.310283],[69.264119,41.310724],[69.26401,41.310742],[69.263728,41.310795],[69.26342,41.310842],[69.261193,41.310989],[69.260549,41.311035],[69.25999,41.311087],[69.26009,41.31148],[69.260327,41.311844],[69.26043,41.311936],[69.260567,41.312011],[69.260855,41.312133],[69.261136,41.312178],[69.263056,41.312279],[69.263229,41.312337],[69.263329,41.312451],[69.263335,41.312534],[69.263374,41.31275],[69.263424,41.31282],[69.263484,41.312926],[69.26366,41.313051],[69.26399,41.313278],[69.264117,41.313403],[69.264246,41.313612],[69.264301,41.313718],[69.264424,41.313991],[69.2645,41.314205],[69.264589,41.314519],[69.264752,41.315025],[69.264935,41.31547],[69.265322,41.31652],[69.265473,41.316913],[69.26562,41.317178],[69.265794,41.3174],[69.265988,41.317563],[69.266457,41.318002],[69.266589,41.31816],[69.266689,41.318394],[69.267299,41.31993],[69.267663,41.320867],[69.267927,41.321509],[69.268064,41.321803],[69.268178,41.321953],[69.26834,41.322112],[69.269014,41.322702],[69.269231,41.322889],[69.269335,41.323055],[69.269421,41.323376],[69.269783,41.324667],[69.269948,41.325059],[69.270008,41.325134],[69.270805,41.325876],[69.270849,41.326039],[69.270842,41.32631],[69.270596,41.327079],[69.270466,41.327507],[69.270444,41.327844],[69.270462,41.327971],[69.270713,41.328382],[69.271054,41.328941],[69.271261,41.329139],[69.272383,41.329694],[69.272756,41.329948],[69.27295,41.330211],[69.272986,41.331043],[69.273014,41.331441],[69.273198,41.331957],[69.2732,41.332033],[69.273152,41.332168],[69.272927,41.332587],[69.272872,41.33282],[69.272929,41.333321],[69.273006,41.33374],[69.273796,41.334784],[69.273992,41.335396],[69.274165,41.335944],[69.274261,41.336325],[69.274565,41.337063],[69.274913,41.337432],[69.274696,41.337556],[69.274139,41.337868],[69.27373,41.338105],[69.273249,41.33838],[69.271546,41.339338],[69.270269,41.340057],[69.270041,41.340178],[69.269623,41.340381],[69.267289,41.341689],[69.266139,41.34234],[69.265644,41.342618],[69.264584,41.343219],[69.263858,41.343632],[69.263009,41.344143],[69.263717,41.344882],[69.263967,41.345186],[69.26414,41.345396],[69.264157,41.345453],[69.264319,41.345991],[69.264405,41.346089],[69.264771,41.346511],[69.265519,41.347129],[69.265999,41.347473],[69.265921,41.347521],[69.264329,41.348482],[69.263097,41.349223],[69.263097,41.349223],[69.264337,41.350407],[69.265338,41.351554],[69.267337,41.353523],[69.267701,41.353877],[69.269693,41.355693],[69.269208,41.356124],[69.266759,41.358381],[69.264481,41.360637],[69.264379,41.360747],[69.262083,41.362894],[69.261789,41.363145],[69.261733,41.363194],[69.261402,41.363464],[69.261167,41.363628],[69.259,41.365136],[69.258977,41.365152],[69.258877,41.365222],[69.258422,41.36554],[69.257675,41.366038],[69.256858,41.366582],[69.255442,41.367411],[69.254794,41.367813],[69.252462,41.369591],[69.252164,41.369863],[69.251949,41.370059],[69.249903,41.371925],[69.249484,41.37231],[69.249332,41.372449],[69.248191,41.373487],[69.24733,41.374182],[69.246505,41.374798],[69.244284,41.376439],[69.243525,41.376948],[69.241983,41.377794],[69.241758,41.377932],[69.24154,41.378066],[69.241139,41.378359],[69.24072,41.378698],[69.240601,41.378823],[69.238582,41.380953],[69.238238,41.381404],[69.237986,41.381814],[69.23779,41.382213],[69.237569,41.382842],[69.237455,41.383206],[69.237292,41.383752],[69.237284,41.383778],[69.237179,41.384127],[69.237051,41.384558],[69.236978,41.384779],[69.236852,41.385075],[69.236617,41.385459],[69.236306,41.38591],[69.235738,41.386587],[69.234727,41.387714],[69.234029,41.388497],[69.23325,41.38937],[69.233207,41.389419],[69.232716,41.389969],[69.231621,41.391191],[69.230696,41.392224],[69.230607,41.392324],[69.228874,41.39427],[69.228688,41.394479],[69.228542,41.394639],[69.228426,41.394767],[69.228164,41.395055],[69.22812,41.395101],[69.228338,41.395239],[69.228939,41.395599],[69.229611,41.39601],[69.230084,41.396307],[69.230175,41.396364],[69.231068,41.396927],[69.231345,41.397077],[69.231722,41.397227],[69.232837,41.397666],[69.233232,41.397805],[69.233769,41.397984],[69.234096,41.398075],[69.234693,41.398214],[69.235208,41.398321],[69.235569,41.39838],[69.235988,41.398443],[69.236277,41.39848],[69.236658,41.398519],[69.237087,41.398544],[69.237556,41.398566],[69.238429,41.398569],[69.23889,41.398559],[69.240216,41.398518],[69.241741,41.398472],[69.243133,41.398431],[69.244479,41.398389],[69.245856,41.398343],[69.247199,41.398304],[69.248618,41.39826],[69.250021,41.398217],[69.251196,41.39818],[69.252526,41.398136],[69.25357,41.398099],[69.254822,41.39805],[69.256008,41.39801],[69.257025,41.397968],[69.257722,41.397922],[69.258076,41.397892],[69.258447,41.397855],[69.258781,41.397811],[69.259043,41.397766],[69.259426,41.397691],[69.259979,41.397572],[69.260352,41.397484],[69.26096,41.397313],[69.261763,41.397069],[69.261831,41.397046],[69.262239,41.396913],[69.262623,41.396764],[69.263011,41.396597],[69.263238,41.396491],[69.263572,41.396313],[69.263938,41.396112],[69.2643,41.395901],[69.264646,41.395685],[69.265096,41.395398],[69.265753,41.394983],[69.266236,41.394675],[69.266688,41.394388],[69.26721,41.39406],[69.267972,41.393575],[69.268722,41.3931],[69.269382,41.392683],[69.269966,41.392307],[69.270663,41.391857],[69.271311,41.391448],[69.272023,41.390987],[69.272848,41.390459],[69.27366,41.389937],[69.274409,41.389458],[69.275124,41.388999],[69.27578,41.388583],[69.276347,41.388218],[69.276992,41.387808],[69.277941,41.387199],[69.278608,41.386775],[69.279387,41.386277],[69.280013,41.385872],[69.28011,41.385813],[69.280391,41.385643],[69.280755,41.385439],[69.281269,41.385168],[69.281585,41.385012],[69.281984,41.384838],[69.282377,41.384686],[69.28283,41.384515],[69.283153,41.384408],[69.283762,41.384225],[69.284245,41.384089],[69.284542,41.384019],[69.284865,41.383956],[69.285228,41.383892],[69.285641,41.383842],[69.286274,41.383781],[69.286795,41.383743],[69.286829,41.383742],[69.287317,41.383722],[69.287814,41.383721],[69.288192,41.383735],[69.289115,41.383756],[69.289812,41.383762],[69.290915,41.383792],[69.292052,41.383818],[69.293064,41.38384],[69.295579,41.383887],[69.295995,41.383895],[69.296532,41.383905],[69.298898,41.383953],[69.300861,41.383997],[69.301323,41.38402],[69.301766,41.384059],[69.302215,41.384115],[69.302649,41.384176],[69.303083,41.384243],[69.303438,41.384307],[69.303438,41.384307],[69.30364,41.384344],[69.30364,41.384344],[69.304067,41.384421],[69.304663,41.384505],[69.305046,41.384561],[69.305561,41.38462],[69.306016,41.384673],[69.306518,41.384721],[69.30722,41.384763],[69.308065,41.384808],[69.308578,41.384843],[69.309014,41.3849],[69.30946,41.384951],[69.309855,41.385001],[69.310303,41.38506],[69.310766,41.38512],[69.31124,41.385161],[69.311724,41.385181],[69.312219,41.385177],[69.312706,41.385159],[69.31346,41.385123],[69.314447,41.385078],[69.314918,41.385057],[69.315392,41.384992],[69.315831,41.384907],[69.3163,41.384767],[69.316763,41.384606],[69.317219,41.384416],[69.317401,41.384309],[69.317625,41.384178],[69.317983,41.383912],[69.318162,41.383756],[69.318538,41.38336],[69.318707,41.383151],[69.318861,41.382924],[69.318977,41.382748],[69.319085,41.382514],[69.319174,41.382288],[69.319316,41.381928],[69.319538,41.381372],[69.319777,41.380758],[69.320033,41.380113],[69.320189,41.379723],[69.320407,41.379227],[69.320615,41.378782],[69.320865,41.378201],[69.321094,41.377738],[69.321348,41.377174],[69.321601,41.376609],[69.321902,41.375942],[69.322083,41.37555],[69.322126,41.375457],[69.322395,41.37487],[69.322684,41.374207],[69.322884,41.373773],[69.323168,41.373133],[69.323439,41.372523],[69.323479,41.372435],[69.323766,41.371799],[69.3241,41.371082],[69.324232,41.37084],[69.324461,41.370483],[69.324658,41.370237],[69.324699,41.370185],[69.324699,41.370185],[69.324786,41.370074],[69.324929,41.369912],[69.325073,41.369761],[69.325262,41.369586],[69.32538,41.369483],[69.325617,41.369302],[69.325956,41.369032],[69.326449,41.36865],[69.327043,41.368199],[69.327448,41.367886],[69.327796,41.367624],[69.328222,41.36731],[69.328664,41.366966],[69.329265,41.366504],[69.329735,41.36614],[69.330519,41.365545],[69.331318,41.364921],[69.331678,41.364645],[69.332295,41.364173],[69.332854,41.363751],[69.33325,41.36345],[69.333703,41.363101],[69.334458,41.362522],[69.335119,41.362007],[69.335791,41.361489],[69.337098,41.360492],[69.337739,41.36],[69.338112,41.359717],[69.338276,41.359593],[69.338596,41.359399],[69.339042,41.359126],[69.339676,41.358744],[69.340536,41.35822],[69.341271,41.357774],[69.342023,41.357308],[69.342763,41.356864],[69.343412,41.356463],[69.344088,41.356052],[69.344103,41.356043],[69.344308,41.355915],[69.344112,41.355906],[69.343945,41.355891],[69.343523,41.35584],[69.343313,41.355808],[69.34309,41.355769],[69.342895,41.355728],[69.34274,41.355692],[69.342457,41.355619],[69.341905,41.355452],[69.34176,41.355399],[69.341216,41.35518],[69.340507,41.354854],[69.339818,41.35453],[69.338597,41.353955],[69.337651,41.353516],[69.337383,41.353391],[69.33728,41.353343],[69.337148,41.353281],[69.337068,41.353243],[69.336925,41.353176],[69.336839,41.353136],[69.336717,41.353077],[69.336665,41.353051],[69.336614,41.353026],[69.336501,41.35297],[69.336404,41.35292],[69.336312,41.352869],[69.336237,41.352826],[69.336162,41.352784],[69.336085,41.352737],[69.335984,41.352674],[69.335945,41.352649],[69.335917,41.352632],[69.335905,41.352624],[69.335855,41.352591],[69.33576,41.352528],[69.335694,41.352483],[69.335633,41.35244],[69.335556,41.352385],[69.335414,41.352277],[69.335364,41.352236],[69.335226,41.352123],[69.335096,41.352008],[69.335063,41.351979],[69.334933,41.351863],[69.334798,41.351742],[69.334642,41.3516],[69.334518,41.351487],[69.334374,41.351356],[69.334234,41.351227],[69.334095,41.3511],[69.333943,41.350962],[69.333781,41.350816],[69.333736,41.350774],[69.333736,41.350774],[69.333611,41.350659],[69.333595,41.350644],[69.333464,41.350723],[69.333429,41.350744],[69.333253,41.350845],[69.333164,41.350879],[69.333051,41.350911],[69.33292,41.35094],[69.332818,41.350958],[69.332716,41.350971],[69.332581,41.350979],[69.33226,41.350986],[69.331892,41.350994],[69.331034,41.351011],[69.329904,41.351026],[69.328716,41.351037],[69.32816,41.35104],[69.327657,41.351043],[69.327069,41.351048],[69.326874,41.35105],[69.326526,41.351053],[69.326029,41.351059],[69.325683,41.351061],[69.32548,41.351056],[69.32548,41.351056],[69.325682,41.350445],[69.325728,41.350241],[69.325716,41.350185],[69.325637,41.350002],[69.325558,41.349873],[69.3255,41.349784],[69.325466,41.34965],[69.325462,41.349503],[69.325417,41.349364],[69.325362,41.349181],[69.325346,41.34904],[69.325346,41.348651],[69.325338,41.348497],[69.325305,41.348348],[69.325263,41.348222],[69.325178,41.348111],[69.324669,41.347617],[69.32462,41.347573],[69.324543,41.34755],[69.324458,41.347531],[69.324371,41.347525],[69.323789,41.347518],[69.323287,41.347515],[69.323034,41.347514],[69.322909,41.347499],[69.322728,41.347425],[69.322504,41.347338],[69.322453,41.347307],[69.322402,41.347276],[69.322261,41.347142],[69.322145,41.347028],[69.322107,41.346984],[69.322068,41.346899],[69.321935,41.34663],[69.321805,41.34636],[69.321657,41.346055],[69.321512,41.345751],[69.321348,41.345417],[69.321334,41.345385],[69.321313,41.345357],[69.321088,41.345141],[69.32091,41.344975],[69.320905,41.34497],[69.320898,41.344967],[69.32086,41.344953],[69.320814,41.344931],[69.320813,41.344931],[69.320762,41.344895],[69.320746,41.344873],[69.320732,41.344854],[69.320708,41.34481],[69.320706,41.344808],[69.320533,41.344679],[69.320435,41.344606],[69.320217,41.344443],[69.31991,41.344216],[69.319544,41.343948],[69.319261,41.343732],[69.319172,41.34366],[69.319054,41.343484],[69.318945,41.343327],[69.318921,41.343292],[69.318862,41.343202],[69.318845,41.343158],[69.318846,41.343119],[69.318855,41.342833],[69.31886,41.342564],[69.318857,41.342325],[69.318854,41.34188],[69.318849,41.341677],[69.318848,41.341529],[69.318846,41.341522],[69.318698,41.341285],[69.318571,41.341088],[69.3185,41.340991],[69.318442,41.340945],[69.318061,41.34073],[69.317909,41.340658],[69.317709,41.340593],[69.317619,41.340562],[69.317318,41.34046],[69.317118,41.340391],[69.317048,41.340343],[69.317017,41.340281],[69.316964,41.340035],[69.316949,41.339966],[69.3169,41.339738],[69.316842,41.33948],[69.316831,41.339434],[69.31683,41.339433],[69.316808,41.339421],[69.316565,41.339357],[69.316139,41.339245],[69.316059,41.339224],[69.315999,41.339188],[69.315778,41.338951],[69.31571,41.338863],[69.315542,41.33861],[69.315521,41.338565],[69.315513,41.338494],[69.315481,41.338197],[69.315448,41.337803],[69.31542,41.337382],[69.315453,41.337214],[69.315605,41.33682],[69.315669,41.336651],[69.315701,41.336575],[69.315794,41.336469],[69.315873,41.336385],[69.315945,41.336331],[69.31606,41.336271],[69.316389,41.336091],[69.316787,41.335893],[69.316914,41.335497],[69.316929,41.335363],[69.31694,41.335235],[69.316919,41.334774],[69.316896,41.334446],[69.316888,41.33442],[69.316772,41.334218],[69.316739,41.33416],[69.316365,41.333465],[69.316318,41.333406],[69.315965,41.33317],[69.315791,41.333075],[69.315709,41.33303],[69.315479,41.33291],[69.315309,41.332838],[69.315166,41.332784],[69.315109,41.332766],[69.314937,41.332711],[69.314422,41.332491],[69.313844,41.332297],[69.313609,41.332548],[69.313347,41.332826],[69.313289,41.33289],[69.313184,41.333017],[69.313062,41.333166],[69.313037,41.333196],[69.312965,41.333298],[69.312548,41.333886],[69.312302,41.334256],[69.312069,41.334618],[69.311836,41.335007],[69.311715,41.335207],[69.311609,41.335387],[69.311561,41.335485],[69.311494,41.335647],[69.311444,41.335773],[69.311421,41.335841],[69.311299,41.336243],[69.31124,41.336441],[69.311189,41.336609],[69.311183,41.33663],[69.311093,41.33693],[69.310982,41.337277],[69.31094,41.337421],[69.310875,41.337628],[69.310863,41.337668],[69.310795,41.337861],[69.310734,41.33804],[69.310683,41.33816],[69.310666,41.338201],[69.310596,41.338365],[69.310519,41.338534],[69.310455,41.338656],[69.310398,41.338764],[69.310315,41.338911],[69.310254,41.339016],[69.310166,41.339159],[69.310081,41.339289],[69.30996,41.339465],[69.309341,41.339193],[69.309142,41.339268],[69.309106,41.339333],[69.309051,41.339379],[69.308852,41.339453],[69.308216,41.339288],[69.308123,41.339343],[69.307541,41.339261],[69.307498,41.339363],[69.306676,41.339109],[69.30588,41.338881],[69.305295,41.338707],[69.304963,41.338607],[69.304374,41.338431],[69.304077,41.33833],[69.304168,41.338158],[69.30378,41.338037],[69.303363,41.337913],[69.303015,41.337805],[69.302928,41.337766],[69.302857,41.337678],[69.303032,41.337325],[69.303197,41.337057],[69.303264,41.336862],[69.3034,41.336469],[69.303548,41.33637],[69.303573,41.336266],[69.303546,41.33624],[69.303619,41.336053],[69.303893,41.335529],[69.304087,41.335159],[69.304485,41.33438],[69.304664,41.334042],[69.303527,41.333848],[69.303157,41.333778],[69.300126,41.333238],[69.300223,41.332871],[69.300468,41.332729],[69.300686,41.332595],[69.300901,41.332492],[69.301082,41.332374],[69.301116,41.332352],[69.301169,41.332326],[69.301302,41.332254],[69.301363,41.332221],[69.301386,41.332192],[69.301404,41.33214],[69.301411,41.3321],[69.301409,41.332077],[69.301394,41.332032],[69.301387,41.331981],[69.301393,41.331937],[69.301405,41.331882],[69.301458,41.331747],[69.301457,41.331723],[69.301455,41.331693],[69.301444,41.331671],[69.301431,41.33165],[69.301403,41.331629],[69.301381,41.331621],[69.301336,41.331609],[69.301091,41.331592],[69.301019,41.331587],[69.300962,41.33158],[69.300931,41.331572],[69.300902,41.331559],[69.300884,41.331548],[69.300869,41.331531],[69.300769,41.331399],[69.30074,41.331347],[69.300733,41.331324],[69.300673,41.331157],[69.300646,41.330899],[69.300631,41.330848],[69.300631,41.330848],[69.300606,41.330813],[69.300563,41.330773],[69.300503,41.330739],[69.300279,41.33064],[69.29946,41.330275],[69.299334,41.330218],[69.299303,41.330196],[69.299286,41.330172],[69.299235,41.330112],[69.299198,41.330078],[69.299164,41.330053],[69.299075,41.330017],[69.299021,41.330004],[69.29891,41.329984],[69.29885,41.329979],[69.298745,41.329989],[69.298552,41.330035],[69.29848,41.33006],[69.29843,41.330077],[69.298378,41.330107],[69.298229,41.330228],[69.298041,41.330367],[69.297851,41.330467],[69.297792,41.330484],[69.297709,41.330462],[69.297623,41.330422],[69.297461,41.330345],[69.2974,41.330316],[69.297091,41.330086],[69.297074,41.330066],[69.297063,41.329954],[69.297054,41.329933],[69.297044,41.329917],[69.296849,41.329741],[69.296557,41.329476]]]]}},{"type":"Feature","properties":{"name":"Mirzo Ulugbek","name_ru":"Мирзо-Улугбек","tuman":"Мирзо Улуғбек","area_ha":5939.67,"source":"Toshkent shahar chegarasi (2024)"},"geometry":{"type":"MultiPolygon","coordinates":[[[[69.444261,41.407118],[69.444139,41.40723],[69.443635,41.407697],[69.44321,41.408108],[69.442818,41.408476],[69.442744,41.408542],[69.442455,41.408949],[69.441786,41.409887],[69.441612,41.410264],[69.441444,41.410639],[69.441345,41.410864],[69.44126,41.411086],[69.441111,41.411484],[69.441022,41.411724],[69.440961,41.412097],[69.440912,41.412399],[69.440891,41.412637],[69.440867,41.412996],[69.440842,41.413352],[69.440822,41.413662],[69.440831,41.413792],[69.440866,41.414255],[69.44088,41.414458],[69.440969,41.414836],[69.441076,41.415288],[69.441169,41.415575],[69.441277,41.415888],[69.441328,41.416025],[69.441408,41.416245],[69.441583,41.416586],[69.441803,41.417006],[69.44185,41.417089],[69.441989,41.41742],[69.442107,41.417597],[69.442378,41.417979],[69.442417,41.418029],[69.442745,41.418371],[69.443118,41.418762],[69.443313,41.418965],[69.443522,41.419178],[69.443716,41.419383],[69.44378,41.41945],[69.443797,41.419464],[69.443946,41.419568],[69.444264,41.419794],[69.444539,41.419983],[69.444822,41.420182],[69.445102,41.420361],[69.445186,41.420413],[69.44545,41.420575],[69.445681,41.420712],[69.445891,41.420838],[69.446214,41.420986],[69.446593,41.421152],[69.446929,41.421305],[69.447134,41.421398],[69.447564,41.421553],[69.447934,41.421684],[69.448279,41.4218],[69.448453,41.421857],[69.448729,41.421926],[69.448854,41.421953],[69.448996,41.42198],[69.449061,41.421999],[69.449072,41.422003],[69.449115,41.422022],[69.449384,41.422151],[69.44939,41.422154],[69.449752,41.422331],[69.449847,41.422372],[69.449888,41.422388],[69.449925,41.422396],[69.450023,41.422418],[69.45017,41.422448],[69.450436,41.42243],[69.450583,41.422419],[69.450971,41.422386],[69.451003,41.422386],[69.45141,41.422409],[69.451483,41.42242],[69.45187,41.422458],[69.452036,41.422465],[69.452622,41.42246],[69.45327,41.422452],[69.453577,41.422449],[69.454083,41.422388],[69.454856,41.422289],[69.455313,41.422234],[69.455523,41.422205],[69.45582,41.422134],[69.455973,41.422102],[69.456097,41.422072],[69.456208,41.422045],[69.456208,41.422045],[69.456594,41.421957],[69.456757,41.421911],[69.45689,41.421879],[69.457371,41.421749],[69.457952,41.421588],[69.458259,41.421497],[69.458639,41.421312],[69.459159,41.421069],[69.459544,41.420892],[69.459857,41.420752],[69.46007,41.420596],[69.460621,41.420221],[69.460923,41.420009],[69.461258,41.41976],[69.461595,41.419489],[69.462032,41.419115],[69.462063,41.419009],[69.462381,41.418731],[69.462862,41.418324],[69.46305,41.418144],[69.463241,41.417828],[69.463564,41.41729],[69.463603,41.417225],[69.463739,41.417079],[69.464007,41.416599],[69.464228,41.4162],[69.464359,41.415787],[69.464475,41.415426],[69.464571,41.414999],[69.464635,41.414668],[69.46465,41.41456],[69.464715,41.414099],[69.464739,41.413944],[69.464753,41.413812],[69.464765,41.413596],[69.464777,41.413352],[69.46479,41.413031],[69.464782,41.412977],[69.464763,41.412851],[69.464743,41.412714],[69.464722,41.412568],[69.464654,41.41229],[69.464558,41.411886],[69.465717,41.412595],[69.466914,41.413338],[69.466928,41.413438],[69.467065,41.413522],[69.46719,41.413508],[69.46763,41.413762],[69.468064,41.414023],[69.46839,41.414219],[69.468418,41.414206],[69.468489,41.414173],[69.468548,41.414136],[69.468621,41.41407],[69.468701,41.413983],[69.468764,41.413925],[69.468918,41.413793],[69.469024,41.413682],[69.469258,41.41343],[69.469544,41.41305],[69.469798,41.412735],[69.469873,41.41264],[69.467529,41.411259],[69.466351,41.41054],[69.465571,41.41008],[69.464294,41.409321],[69.466198,41.407508],[69.466371,41.407598],[69.466521,41.407426],[69.466994,41.407685],[69.467142,41.407686],[69.467504,41.407313],[69.46754,41.407315],[69.467798,41.407108],[69.467859,41.40709],[69.467864,41.407039],[69.46785,41.407016],[69.467997,41.406957],[69.468057,41.406894],[69.468192,41.406612],[69.467587,41.406385],[69.466791,41.406294],[69.465954,41.405532],[69.463705,41.40546],[69.461625,41.403897],[69.460523,41.403573],[69.459167,41.402903],[69.45828,41.402636],[69.457704,41.40236],[69.456754,41.402417],[69.456471,41.402224],[69.456047,41.402041],[69.455815,41.401912],[69.455478,41.401825],[69.455285,41.401812],[69.455046,41.401842],[69.454405,41.402098],[69.453826,41.402171],[69.453493,41.402124],[69.45332,41.402153],[69.452895,41.402169],[69.452411,41.402139],[69.452071,41.401923],[69.451871,41.401837],[69.451428,41.401763],[69.45127,41.401654],[69.451005,41.401546],[69.450319,41.401389],[69.448959,41.40103],[69.448959,41.40103],[69.448918,41.401131],[69.4488,41.401395],[69.448469,41.402052],[69.448072,41.402341],[69.447378,41.402844],[69.446571,41.403425],[69.446415,41.403539],[69.44602,41.403827],[69.446023,41.403831],[69.446137,41.403983],[69.444976,41.405422],[69.444791,41.405481],[69.444772,41.405497],[69.444503,41.405776],[69.443684,41.406667],[69.443583,41.406781],[69.443989,41.406991],[69.444261,41.407118]]],[[[69.345577,41.355896],[69.345725,41.355884],[69.345936,41.355859],[69.346178,41.355827],[69.346458,41.355781],[69.346756,41.355721],[69.346966,41.355672],[69.347141,41.355628],[69.347313,41.355585],[69.347519,41.355525],[69.347768,41.355451],[69.348086,41.35535],[69.348448,41.355238],[69.348917,41.355091],[69.349297,41.354975],[69.349685,41.354864],[69.34988,41.354813],[69.350066,41.354768],[69.350265,41.354722],[69.350392,41.354696],[69.350559,41.354662],[69.350721,41.354634],[69.350872,41.354611],[69.351144,41.354575],[69.351252,41.354564],[69.351357,41.354554],[69.351525,41.354538],[69.351746,41.354525],[69.351937,41.354517],[69.352113,41.354513],[69.352304,41.354511],[69.352493,41.354512],[69.352745,41.354523],[69.352762,41.354524],[69.352916,41.354533],[69.352941,41.354534],[69.353062,41.354543],[69.353289,41.354564],[69.353436,41.35458],[69.353701,41.354615],[69.353906,41.354648],[69.354191,41.3547],[69.354351,41.354733],[69.354573,41.354786],[69.354754,41.354831],[69.355055,41.354919],[69.35523,41.354975],[69.35544,41.35505],[69.355598,41.355109],[69.355896,41.355232],[69.356107,41.355324],[69.356303,41.355418],[69.356523,41.355531],[69.356736,41.355649],[69.356929,41.355764],[69.357157,41.355907],[69.357315,41.356016],[69.357489,41.356142],[69.357633,41.356253],[69.357772,41.356372],[69.357896,41.35648],[69.358023,41.3566],[69.358127,41.356703],[69.358242,41.356819],[69.358343,41.356935],[69.358504,41.357119],[69.358672,41.357326],[69.358794,41.357478],[69.358903,41.357618],[69.359026,41.35777],[69.359299,41.358111],[69.359606,41.35849],[69.359834,41.358774],[69.360052,41.359045],[69.360281,41.359329],[69.360447,41.359536],[69.36064,41.359775],[69.360818,41.359998],[69.360928,41.360137],[69.36117,41.360435],[69.361175,41.36044],[69.361345,41.36065],[69.361546,41.360896],[69.361716,41.3611],[69.361812,41.361207],[69.361867,41.361264],[69.361944,41.36134],[69.362013,41.361407],[69.362111,41.361495],[69.362224,41.361589],[69.362335,41.361669],[69.362416,41.361723],[69.362487,41.36177],[69.36257,41.36182],[69.36268,41.361884],[69.362779,41.361936],[69.362855,41.361973],[69.362954,41.362022],[69.363047,41.362062],[69.363154,41.362104],[69.363263,41.362144],[69.363382,41.362183],[69.363501,41.362217],[69.363599,41.362243],[69.363716,41.362268],[69.363842,41.362294],[69.363965,41.362313],[69.364071,41.362328],[69.364168,41.36234],[69.364341,41.362355],[69.364392,41.362359],[69.364523,41.362364],[69.364624,41.362366],[69.364774,41.362364],[69.3648,41.362364],[69.3649,41.362363],[69.364999,41.362357],[69.365145,41.362346],[69.365287,41.362333],[69.365478,41.362311],[69.365624,41.362294],[69.365771,41.362273],[69.365886,41.362259],[69.365995,41.362246],[69.366172,41.362222],[69.366547,41.362172],[69.366999,41.362112],[69.367428,41.362054],[69.367902,41.361991],[69.368362,41.36193],[69.368795,41.361872],[69.369191,41.36182],[69.369541,41.361772],[69.370011,41.361709],[69.370375,41.361661],[69.370507,41.361644],[69.371098,41.361565],[69.371461,41.361515],[69.371803,41.36147],[69.372113,41.361428],[69.372337,41.361398],[69.372635,41.361357],[69.373013,41.361304],[69.373302,41.361265],[69.373561,41.361231],[69.373817,41.361202],[69.373981,41.361185],[69.3741,41.361174],[69.374258,41.36116],[69.37442,41.361151],[69.374602,41.361142],[69.374763,41.361137],[69.374924,41.361137],[69.375129,41.361139],[69.375405,41.361148],[69.375622,41.361161],[69.375722,41.361168],[69.375927,41.361187],[69.376124,41.36121],[69.376333,41.361238],[69.376557,41.361274],[69.376782,41.361316],[69.37698,41.361358],[69.377159,41.361399],[69.377341,41.361445],[69.377585,41.361514],[69.377912,41.361617],[69.378077,41.361674],[69.3784,41.361785],[69.378638,41.361865],[69.378917,41.36196],[69.379351,41.362106],[69.379629,41.362203],[69.380073,41.362355],[69.380392,41.362463],[69.380827,41.362611],[69.381072,41.362694],[69.381521,41.362848],[69.381932,41.362987],[69.382548,41.363198],[69.382958,41.363337],[69.383109,41.363389],[69.383604,41.363557],[69.383604,41.363557],[69.383912,41.363672],[69.384094,41.363724],[69.384231,41.36376],[69.384445,41.363858],[69.384498,41.363879],[69.384549,41.363901],[69.384646,41.363923],[69.384778,41.363961],[69.384937,41.364008],[69.3851,41.364072],[69.385316,41.364137],[69.385534,41.364198],[69.385605,41.364217],[69.385982,41.364337],[69.386053,41.364359],[69.386155,41.364392],[69.386699,41.364568],[69.386897,41.364633],[69.387001,41.364668],[69.387025,41.364676],[69.387328,41.364775],[69.387594,41.364863],[69.387996,41.364999],[69.388425,41.365147],[69.388462,41.36516],[69.388485,41.365168],[69.388694,41.365238],[69.388964,41.365325],[69.389171,41.365396],[69.38947,41.365497],[69.389682,41.365571],[69.389919,41.36565],[69.390025,41.365688],[69.390302,41.36579],[69.390307,41.365792],[69.390412,41.365836],[69.390578,41.365906],[69.390592,41.365912],[69.390757,41.365985],[69.390764,41.365988],[69.390888,41.366049],[69.390978,41.366094],[69.390986,41.366098],[69.391099,41.366161],[69.391137,41.366183],[69.391142,41.366185],[69.391229,41.366233],[69.391235,41.366237],[69.39125,41.366246],[69.391331,41.366296],[69.391378,41.366325],[69.391384,41.366329],[69.391401,41.366339],[69.391405,41.366342],[69.391583,41.36646],[69.391593,41.366467],[69.391626,41.366494],[69.391779,41.366617],[69.39178,41.366618],[69.391784,41.366621],[69.391847,41.366679],[69.391902,41.366729],[69.39193,41.366755],[69.391971,41.366793],[69.391974,41.366796],[69.392124,41.366945],[69.392129,41.36695],[69.392281,41.36712],[69.392285,41.367126],[69.392316,41.367165],[69.392361,41.367222],[69.392362,41.367104],[69.392365,41.367029],[69.392373,41.366953],[69.392384,41.366893],[69.392405,41.366811],[69.392441,41.366699],[69.392475,41.366609],[69.392521,41.366509],[69.392569,41.36642],[69.39261,41.366356],[69.39266,41.36628],[69.392733,41.366182],[69.392803,41.366098],[69.39285,41.366043],[69.392936,41.365956],[69.393013,41.365887],[69.393103,41.365818],[69.393241,41.365735],[69.393329,41.365686],[69.393427,41.365637],[69.393501,41.365607],[69.393618,41.365561],[69.393857,41.365483],[69.393986,41.36544],[69.394158,41.365386],[69.394323,41.365324],[69.394444,41.365276],[69.39461,41.365205],[69.394727,41.365145],[69.394838,41.365087],[69.394918,41.365039],[69.395033,41.364969],[69.395173,41.364876],[69.395267,41.364808],[69.395378,41.364719],[69.395467,41.36464],[69.39557,41.364536],[69.395591,41.364512],[69.395647,41.364452],[69.39572,41.364367],[69.395785,41.364289],[69.395842,41.364206],[69.396499,41.364607],[69.397244,41.365056],[69.397297,41.365004],[69.39776,41.36529],[69.398345,41.365644],[69.398864,41.365961],[69.399146,41.365617],[69.399286,41.365414],[69.399451,41.36517],[69.399512,41.365089],[69.399799,41.364788],[69.400048,41.364917],[69.400055,41.364906],[69.400387,41.365045],[69.400493,41.365055],[69.400578,41.364799],[69.400962,41.364883],[69.400964,41.364875],[69.401069,41.364464],[69.401093,41.364358],[69.401204,41.363971],[69.401348,41.363442],[69.401382,41.36329],[69.401378,41.36319],[69.401367,41.363137],[69.401342,41.363106],[69.401298,41.363078],[69.401185,41.363022],[69.401195,41.363008],[69.401371,41.362911],[69.401389,41.362931],[69.401437,41.362975],[69.401516,41.363037],[69.401609,41.363092],[69.401746,41.363161],[69.401862,41.363209],[69.401901,41.363224],[69.401953,41.363242],[69.402024,41.363269],[69.402113,41.363298],[69.402164,41.363313],[69.402187,41.363321],[69.402223,41.363332],[69.402262,41.363344],[69.402323,41.363362],[69.402381,41.36338],[69.402442,41.363398],[69.402508,41.363415],[69.402573,41.363433],[69.40264,41.363452],[69.402695,41.363468],[69.402751,41.363484],[69.402795,41.363497],[69.40286,41.363516],[69.402936,41.363538],[69.403019,41.363561],[69.403076,41.363579],[69.403144,41.363599],[69.403224,41.363622],[69.403255,41.363631],[69.4033,41.363644],[69.403301,41.363644],[69.403357,41.363661],[69.403438,41.363684],[69.403508,41.363705],[69.403583,41.363727],[69.403639,41.363744],[69.403708,41.363763],[69.403772,41.363781],[69.403826,41.363798],[69.403894,41.363817],[69.403967,41.363836],[69.404039,41.363857],[69.404125,41.363882],[69.404175,41.363894],[69.404226,41.363906],[69.404273,41.363925],[69.404281,41.363934],[69.404348,41.36402],[69.404367,41.36401],[69.404428,41.363977],[69.404459,41.363954],[69.404463,41.36398],[69.404478,41.364071],[69.405503,41.365051],[69.406139,41.364415],[69.407086,41.363475],[69.40579,41.362737],[69.40669,41.361838],[69.406907,41.361609],[69.406937,41.361549],[69.406964,41.361495],[69.407344,41.360768],[69.407568,41.360349],[69.407676,41.36038],[69.407817,41.360106],[69.407715,41.360076],[69.408088,41.359376],[69.408538,41.358547],[69.40883,41.358006],[69.409471,41.357663],[69.409545,41.357737],[69.4097,41.35779],[69.40982,41.3578],[69.410015,41.357875],[69.410093,41.357765],[69.410415,41.35789],[69.410676,41.358011],[69.411106,41.358313],[69.411232,41.358423],[69.411368,41.358655],[69.41153,41.358924],[69.411624,41.359055],[69.411898,41.359229],[69.412198,41.359391],[69.412382,41.359416],[69.41252,41.359438],[69.412652,41.359467],[69.412735,41.359493],[69.412786,41.359516],[69.412833,41.35955],[69.41287,41.359596],[69.412881,41.359634],[69.412884,41.359665],[69.412877,41.359696],[69.412854,41.359733],[69.412705,41.359862],[69.412642,41.359939],[69.412623,41.35998],[69.412607,41.360048],[69.412624,41.360142],[69.412783,41.360327],[69.41295,41.360488],[69.413123,41.360655],[69.413335,41.360876],[69.413453,41.360943],[69.413577,41.36099],[69.413755,41.361037],[69.413807,41.360976],[69.414028,41.360772],[69.414205,41.360972],[69.414335,41.360887],[69.414523,41.360756],[69.414867,41.360569],[69.414999,41.36054],[69.415113,41.360584],[69.41567,41.360694],[69.415689,41.360666],[69.415868,41.360728],[69.415899,41.360686],[69.417968,41.361386],[69.417761,41.361723],[69.41957,41.362336],[69.419921,41.362328],[69.42055,41.362545],[69.420686,41.362633],[69.420728,41.362606],[69.420771,41.362577],[69.420778,41.362573],[69.420999,41.36243],[69.421406,41.362161],[69.421463,41.362123],[69.421481,41.36211],[69.42157,41.36205],[69.421572,41.362048],[69.421957,41.361767],[69.422151,41.361626],[69.422164,41.361616],[69.422338,41.361487],[69.422433,41.361417],[69.422641,41.361264],[69.422645,41.361261],[69.422754,41.361165],[69.422809,41.361119],[69.422811,41.361117],[69.422812,41.361116],[69.422891,41.361039],[69.422897,41.361033],[69.4229,41.361028],[69.422997,41.360869],[69.422999,41.360865],[69.42302,41.360822],[69.423027,41.360809],[69.423035,41.360792],[69.423069,41.360724],[69.423111,41.360643],[69.423165,41.360541],[69.423259,41.360374],[69.42326,41.360372],[69.423303,41.360291],[69.423437,41.360075],[69.423643,41.359731],[69.42374,41.359579],[69.423752,41.359563],[69.423755,41.359559],[69.423773,41.359533],[69.423821,41.359476],[69.423877,41.359428],[69.42397,41.359349],[69.424058,41.359309],[69.424465,41.359152],[69.425257,41.358846],[69.426001,41.358572],[69.426442,41.358402],[69.426972,41.358194],[69.427118,41.358141],[69.427289,41.358061],[69.427228,41.357997],[69.427197,41.357963],[69.427156,41.357919],[69.426935,41.357723],[69.426534,41.357398],[69.426389,41.35729],[69.426318,41.357243],[69.426282,41.357223],[69.426205,41.357181],[69.426049,41.357117],[69.425486,41.356869],[69.425117,41.356706],[69.425488,41.355747],[69.425842,41.355776],[69.426952,41.356269],[69.427662,41.355275],[69.426857,41.354934],[69.428584,41.352611],[69.428204,41.352406],[69.427605,41.352095],[69.42684,41.351712],[69.426553,41.351563],[69.426301,41.351444],[69.426204,41.351341],[69.426002,41.351067],[69.425802,41.350794],[69.425498,41.350379],[69.425265,41.350064],[69.425116,41.349863],[69.425043,41.349736],[69.425015,41.349715],[69.424953,41.349681],[69.424866,41.349579],[69.425215,41.349525],[69.425704,41.349305],[69.427123,41.348673],[69.426462,41.347842],[69.426503,41.34782],[69.425512,41.346541],[69.427159,41.345837],[69.427114,41.34577],[69.42786,41.345465],[69.427791,41.345329],[69.428894,41.344869],[69.430115,41.346448],[69.432624,41.345533],[69.432836,41.345864],[69.433139,41.345735],[69.434506,41.345141],[69.435035,41.344906],[69.435623,41.344654],[69.435661,41.344634],[69.435682,41.344631],[69.435703,41.344634],[69.435728,41.34464],[69.43578,41.344652],[69.435797,41.344655],[69.435852,41.344664],[69.435894,41.344664],[69.435945,41.344658],[69.436017,41.344638],[69.436068,41.344611],[69.436112,41.344576],[69.436127,41.344549],[69.436157,41.34448],[69.436166,41.344437],[69.436554,41.344467],[69.437435,41.344526],[69.43799,41.344556],[69.438441,41.344575],[69.438944,41.344595],[69.439318,41.344605],[69.439726,41.344616],[69.440075,41.344626],[69.440895,41.344647],[69.441848,41.344672],[69.442646,41.344694],[69.443205,41.344708],[69.443578,41.344716],[69.444288,41.344735],[69.445111,41.344757],[69.445857,41.344778],[69.446548,41.344795],[69.447541,41.344821],[69.448374,41.344842],[69.449358,41.344868],[69.450248,41.344891],[69.451275,41.344916],[69.452268,41.344941],[69.453289,41.344971],[69.454144,41.344989],[69.455274,41.345019],[69.456219,41.345045],[69.45728,41.345074],[69.457411,41.34508],[69.458112,41.345109],[69.458402,41.345126],[69.459312,41.345189],[69.460226,41.345272],[69.461317,41.34539],[69.461988,41.345485],[69.462517,41.345561],[69.462589,41.345304],[69.46266,41.345048],[69.462721,41.344846],[69.462745,41.344758],[69.462796,41.344583],[69.462815,41.344488],[69.462828,41.344423],[69.462839,41.344312],[69.46285,41.344166],[69.462861,41.343901],[69.462862,41.34373],[69.462862,41.343659],[69.462872,41.343512],[69.462882,41.343306],[69.462888,41.343079],[69.462895,41.342752],[69.462898,41.342467],[69.462899,41.342409],[69.4629,41.342157],[69.462899,41.342089],[69.462898,41.341998],[69.462907,41.341878],[69.462908,41.341864],[69.462497,41.341788],[69.4625,41.341484],[69.462511,41.34139],[69.462574,41.340986],[69.462588,41.340765],[69.462583,41.340618],[69.462574,41.340577],[69.462562,41.340559],[69.462397,41.340331],[69.462114,41.339941],[69.462298,41.33984],[69.462744,41.339557],[69.462942,41.33942],[69.463042,41.339321],[69.463064,41.339337],[69.463098,41.33936],[69.463231,41.339447],[69.463297,41.339495],[69.463344,41.339529],[69.463372,41.339551],[69.463409,41.339582],[69.464152,41.338831],[69.464641,41.338343],[69.464806,41.33823],[69.465012,41.338109],[69.465439,41.338504],[69.465881,41.33823],[69.466677,41.33772],[69.467139,41.337452],[69.467348,41.337331],[69.467588,41.337173],[69.467852,41.336994],[69.468142,41.336795],[69.468502,41.336556],[69.468678,41.336448],[69.468919,41.336305],[69.469022,41.336244],[69.468886,41.336137],[69.468444,41.335751],[69.468429,41.335738],[69.468306,41.335631],[69.468297,41.335623],[69.468291,41.335617],[69.468188,41.335509],[69.468048,41.335364],[69.467843,41.335184],[69.467695,41.335083],[69.467421,41.334925],[69.467411,41.33492],[69.467325,41.33487],[69.467316,41.334864],[69.467308,41.334859],[69.466903,41.334588],[69.466645,41.334424],[69.466509,41.334337],[69.466418,41.334279],[69.466405,41.33427],[69.465955,41.333947],[69.46548,41.333608],[69.465253,41.333477],[69.464827,41.333307],[69.464818,41.333304],[69.464799,41.333295],[69.464665,41.333227],[69.464527,41.333156],[69.464503,41.333142],[69.464484,41.333129],[69.46398,41.332754],[69.463975,41.33275],[69.463899,41.332687],[69.463744,41.33256],[69.463685,41.332512],[69.463259,41.332161],[69.462767,41.331788],[69.462503,41.331601],[69.462182,41.331375],[69.461826,41.331193],[69.461803,41.33118],[69.461796,41.331176],[69.461315,41.330855],[69.460966,41.33067],[69.460416,41.330395],[69.460032,41.330205],[69.46002,41.330199],[69.459903,41.330141],[69.459812,41.330096],[69.459366,41.329886],[69.458937,41.329716],[69.458741,41.329653],[69.458667,41.329629],[69.458463,41.329563],[69.458229,41.329496],[69.458187,41.329481],[69.457792,41.329309],[69.457778,41.329302],[69.457273,41.329054],[69.456623,41.328751],[69.456023,41.328516],[69.456012,41.328511],[69.456,41.328506],[69.455448,41.328241],[69.45543,41.328232],[69.455297,41.328157],[69.455284,41.32815],[69.454979,41.327872],[69.454701,41.327619],[69.454658,41.32758],[69.454624,41.327548],[69.452778,41.325849],[69.452738,41.3258],[69.452729,41.325784],[69.452729,41.325784],[69.452709,41.325743],[69.452702,41.325727],[69.452694,41.325706],[69.452692,41.325676],[69.452678,41.325504],[69.452665,41.325344],[69.452618,41.325205],[69.452582,41.325061],[69.452489,41.32469],[69.452486,41.324684],[69.452248,41.324265],[69.452238,41.324247],[69.452191,41.324164],[69.451806,41.323642],[69.451771,41.323594],[69.451755,41.323569],[69.45164,41.323354],[69.451123,41.322925],[69.45097,41.322814],[69.450667,41.322594],[69.450646,41.322577],[69.45064,41.322571],[69.450449,41.32239],[69.450201,41.322155],[69.449576,41.321818],[69.449558,41.321808],[69.449547,41.3218],[69.44953,41.321788],[69.448919,41.321289],[69.448769,41.321163],[69.448503,41.320939],[69.448282,41.320754],[69.448137,41.320807],[69.447661,41.320973],[69.447047,41.321194],[69.446649,41.32134],[69.446121,41.321527],[69.445567,41.321724],[69.445129,41.321879],[69.444378,41.322148],[69.442475,41.322823],[69.440638,41.323471],[69.439429,41.3239],[69.438365,41.324279],[69.437912,41.324441],[69.437637,41.324532],[69.437339,41.324629],[69.437165,41.324686],[69.436856,41.324778],[69.436411,41.324904],[69.436095,41.324992],[69.435704,41.325092],[69.435269,41.325197],[69.434945,41.325269],[69.434643,41.325336],[69.434227,41.325419],[69.43393,41.32548],[69.43353,41.325552],[69.433117,41.32562],[69.432581,41.3257],[69.432124,41.325764],[69.43174,41.325809],[69.431258,41.325859],[69.430749,41.325904],[69.430079,41.325952],[69.42937,41.325986],[69.428975,41.325995],[69.428226,41.326011],[69.427506,41.326],[69.426974,41.325984],[69.426486,41.325962],[69.425875,41.325925],[69.42542,41.325886],[69.424896,41.325838],[69.42447,41.325787],[69.423889,41.32571],[69.42328,41.325624],[69.421601,41.325404],[69.42074,41.325281],[69.419869,41.325154],[69.418188,41.324915],[69.416084,41.324628],[69.414401,41.32437],[69.413066,41.324144],[69.411399,41.323867],[69.410448,41.323713],[69.409226,41.323506],[69.407875,41.323281],[69.406995,41.323138],[69.406899,41.323122],[69.40666,41.323082],[69.405571,41.322899],[69.404736,41.322761],[69.404547,41.32273],[69.403498,41.322558],[69.402672,41.322418],[69.402279,41.322351],[69.401899,41.322289],[69.401083,41.322156],[69.400045,41.321983],[69.398904,41.321793],[69.39746,41.321555],[69.39585,41.321286],[69.394377,41.321041],[69.392958,41.320807],[69.391969,41.320643],[69.390499,41.320389],[69.389897,41.320276],[69.389543,41.320206],[69.388994,41.32009],[69.38815,41.319895],[69.387228,41.319667],[69.386602,41.319496],[69.385793,41.319267],[69.385203,41.31909],[69.384457,41.318848],[69.383978,41.318682],[69.383391,41.318476],[69.382852,41.318275],[69.382278,41.318054],[69.381922,41.317906],[69.381593,41.317769],[69.38105,41.317536],[69.380613,41.317344],[69.379791,41.316981],[69.379066,41.316661],[69.378275,41.316307],[69.377566,41.31599],[69.37671,41.315616],[69.375919,41.315267],[69.374849,41.3148],[69.373845,41.314383],[69.373051,41.314066],[69.372244,41.313753],[69.371498,41.313467],[69.371032,41.313295],[69.370443,41.313083],[69.369921,41.312893],[69.369418,41.312724],[69.368784,41.312505],[69.36836,41.312358],[69.367914,41.312201],[69.36729,41.31199],[69.366787,41.311817],[69.366144,41.311594],[69.365651,41.311427],[69.365117,41.31124],[69.364749,41.311116],[69.364242,41.310941],[69.363831,41.310799],[69.363609,41.310722],[69.363086,41.310542],[69.362556,41.31036],[69.362035,41.310182],[69.361506,41.310002],[69.361059,41.309845],[69.36056,41.309675],[69.360058,41.309503],[69.359498,41.30931],[69.359181,41.3092],[69.358812,41.309077],[69.358335,41.308919],[69.357838,41.308762],[69.357231,41.308575],[69.356658,41.308408],[69.356172,41.308277],[69.35561,41.308133],[69.355462,41.308092],[69.355216,41.308031],[69.354971,41.307973],[69.35469,41.307905],[69.354418,41.307845],[69.354176,41.307794],[69.353918,41.307736],[69.353461,41.307642],[69.352829,41.307518],[69.352438,41.307449],[69.351794,41.307336],[69.351395,41.307275],[69.351037,41.307219],[69.350462,41.307141],[69.350012,41.307079],[69.349441,41.30701],[69.348996,41.30696],[69.348348,41.30689],[69.347615,41.30681],[69.346988,41.306737],[69.346496,41.306685],[69.345974,41.306629],[69.345246,41.306546],[69.344354,41.306451],[69.344018,41.306414],[69.343533,41.306361],[69.343313,41.306333],[69.342964,41.306288],[69.342981,41.306753],[69.341728,41.306622],[69.341475,41.306613],[69.34131,41.306635],[69.341182,41.306692],[69.34106,41.306787],[69.341012,41.306859],[69.340974,41.306941],[69.340986,41.307057],[69.341055,41.307182],[69.341113,41.307235],[69.340762,41.307474],[69.340697,41.307421],[69.340389,41.307171],[69.340257,41.307087],[69.340059,41.307004],[69.339835,41.306948],[69.339617,41.30694],[69.339313,41.306968],[69.339108,41.307034],[69.33873,41.307242],[69.338031,41.307876],[69.337466,41.308401],[69.336814,41.308995],[69.336363,41.309414],[69.336128,41.309598],[69.335895,41.309784],[69.335605,41.310007],[69.335269,41.310257],[69.334786,41.31062],[69.334329,41.310959],[69.333715,41.311418],[69.333185,41.311813],[69.332959,41.311971],[69.33268,41.312135],[69.33245,41.312259],[69.332318,41.312344],[69.332148,41.312465],[69.33166,41.312843],[69.33114,41.313236],[69.330269,41.313886],[69.329655,41.31434],[69.329471,41.314479],[69.329365,41.314552],[69.329224,41.314634],[69.329076,41.314714],[69.3289,41.314801],[69.328705,41.314864],[69.328357,41.314924],[69.327699,41.315],[69.327117,41.31506],[69.326419,41.315131],[69.325554,41.315221],[69.324763,41.315298],[69.323998,41.315377],[69.323047,41.315474],[69.322258,41.315554],[69.321749,41.315606],[69.321418,41.31564],[69.321198,41.315667],[69.321022,41.315692],[69.320954,41.315703],[69.320769,41.315732],[69.3205,41.315787],[69.320314,41.315834],[69.320059,41.315912],[69.319862,41.315974],[69.319598,41.316064],[69.31926,41.316188],[69.318921,41.31631],[69.318783,41.316362],[69.318644,41.316414],[69.318197,41.316576],[69.317748,41.316741],[69.31731,41.316899],[69.316239,41.317287],[69.315592,41.317556],[69.315174,41.317735],[69.315094,41.317769],[69.314499,41.318026],[69.314163,41.318172],[69.313862,41.318298],[69.313716,41.318356],[69.313553,41.318412],[69.312996,41.318598],[69.312383,41.318787],[69.312328,41.318623],[69.312296,41.318535],[69.312277,41.318482],[69.312228,41.31834],[69.312186,41.318207],[69.312132,41.31806],[69.312092,41.317957],[69.312063,41.317892],[69.312017,41.317801],[69.311966,41.317697],[69.311919,41.317612],[69.311878,41.317541],[69.311831,41.317464],[69.311757,41.317346],[69.311697,41.317256],[69.311588,41.317089],[69.311498,41.316955],[69.311436,41.316865],[69.311341,41.316733],[69.311268,41.316633],[69.310968,41.316176],[69.310843,41.315997],[69.310672,41.31576],[69.310535,41.315576],[69.310047,41.314857],[69.309931,41.314696],[69.30983,41.314555],[69.309659,41.314321],[69.309553,41.314176],[69.309393,41.313955],[69.309199,41.313694],[69.308954,41.313357],[69.308766,41.313098],[69.308473,41.312692],[69.307736,41.312989],[69.307765,41.313361],[69.307802,41.313803],[69.307811,41.313889],[69.307824,41.313952],[69.307844,41.314008],[69.307875,41.314053],[69.307908,41.314096],[69.307957,41.314146],[69.308084,41.314262],[69.308084,41.314262],[69.307915,41.314335],[69.307146,41.31466],[69.306938,41.314764],[69.306727,41.314899],[69.306531,41.315051],[69.306424,41.315125],[69.306288,41.315185],[69.305947,41.315324],[69.305596,41.315453],[69.305144,41.31556],[69.305144,41.31556],[69.305171,41.315265],[69.305162,41.315035],[69.305161,41.314996],[69.305158,41.314924],[69.305154,41.314824],[69.305162,41.314783],[69.305166,41.314761],[69.3052,41.314619],[69.305405,41.314015],[69.305509,41.313727],[69.305569,41.313635],[69.30565,41.313505],[69.30575,41.313343],[69.305809,41.313232],[69.305842,41.31316],[69.305873,41.31301],[69.305878,41.31287],[69.305867,41.312713],[69.305831,41.312583],[69.305795,41.312522],[69.30572,41.312419],[69.305572,41.312331],[69.305381,41.31225],[69.305214,41.312155],[69.305048,41.312069],[69.304849,41.311989],[69.30472,41.311961],[69.304637,41.311958],[69.304609,41.311953],[69.304554,41.311934],[69.304471,41.311907],[69.30438,41.311886],[69.30428,41.311874],[69.30422,41.311868],[69.304157,41.311855],[69.303985,41.311815],[69.303784,41.311787],[69.303649,41.311777],[69.303485,41.311788],[69.303366,41.311793],[69.303237,41.311805],[69.303157,41.311816],[69.303063,41.311824],[69.302973,41.311837],[69.302915,41.31186],[69.302812,41.311909],[69.302726,41.311959],[69.302689,41.311985],[69.302596,41.312058],[69.302484,41.31216],[69.302363,41.312318],[69.302304,41.312441],[69.3023,41.312512],[69.302298,41.312537],[69.30229,41.312561],[69.302265,41.312577],[69.302217,41.312578],[69.302154,41.31257],[69.302082,41.312544],[69.301971,41.312498],[69.30183,41.312448],[69.301801,41.312435],[69.301797,41.312432],[69.301789,41.312416],[69.301774,41.312352],[69.301738,41.312279],[69.301674,41.312208],[69.301646,41.312196],[69.301629,41.312153],[69.301574,41.312038],[69.301512,41.311902],[69.301424,41.311807],[69.301372,41.311776],[69.301336,41.311765],[69.301218,41.311728],[69.30111,41.311713],[69.300977,41.311739],[69.300829,41.311834],[69.300784,41.311909],[69.300733,41.311958],[69.300695,41.311987],[69.300643,41.312016],[69.300597,41.312033],[69.30051,41.312054],[69.300409,41.312073],[69.30036,41.312075],[69.300324,41.312071],[69.300246,41.31205],[69.300186,41.312029],[69.300151,41.312013],[69.300126,41.311994],[69.300086,41.311955],[69.300039,41.311896],[69.299922,41.311745],[69.299843,41.311652],[69.299749,41.311504],[69.299486,41.311111],[69.299375,41.310941],[69.299295,41.310864],[69.299207,41.31078],[69.298998,41.310647],[69.298844,41.310563],[69.298734,41.31052],[69.298403,41.310425],[69.298237,41.310427],[69.2977,41.31045],[69.297714,41.310095],[69.297722,41.310035],[69.297738,41.309992],[69.29779,41.309889],[69.297841,41.309805],[69.297931,41.309704],[69.298044,41.309568],[69.298305,41.309247],[69.29834,41.30919],[69.298354,41.309132],[69.298349,41.309083],[69.298255,41.308694],[69.298228,41.308567],[69.29822,41.308495],[69.298215,41.308389],[69.298227,41.30827],[69.298257,41.308108],[69.298301,41.307892],[69.298329,41.307754],[69.298351,41.307663],[69.298366,41.307572],[69.296847,41.307239],[69.296727,41.307214],[69.296336,41.30713],[69.2962,41.307111],[69.295986,41.307105],[69.295824,41.307099],[69.295434,41.30708],[69.295156,41.307085],[69.294866,41.307106],[69.294638,41.307127],[69.294513,41.307143],[69.294352,41.307169],[69.294186,41.307205],[69.294012,41.307244],[69.293804,41.307298],[69.293571,41.30736],[69.293395,41.307409],[69.293244,41.307502],[69.29291,41.307591],[69.29275,41.307587],[69.292488,41.307654],[69.292025,41.30783],[69.291209,41.308064],[69.290328,41.308315],[69.289644,41.308509],[69.289229,41.308621],[69.28889,41.308714],[69.288391,41.308858],[69.28834,41.3089],[69.287808,41.309043],[69.287361,41.309166],[69.287288,41.309169],[69.286947,41.309261],[69.28682,41.309295],[69.286195,41.309469],[69.285537,41.309649],[69.284851,41.309839],[69.284373,41.309965],[69.284001,41.310069],[69.283952,41.310092],[69.283894,41.310104],[69.283475,41.310218],[69.283439,41.310235],[69.283362,41.310248],[69.282672,41.310444],[69.282206,41.310579],[69.282149,41.310597],[69.281959,41.310651],[69.281767,41.310706],[69.281761,41.310795],[69.281789,41.310947],[69.281806,41.311039],[69.281817,41.311138],[69.281818,41.31118],[69.281802,41.311404],[69.281762,41.311577],[69.28171,41.311731],[69.281421,41.31202],[69.28107,41.312202],[69.280357,41.312579],[69.280304,41.312614],[69.280294,41.312625],[69.280284,41.312662],[69.280276,41.312756],[69.280331,41.313046],[69.28046,41.313628],[69.280588,41.314166],[69.280697,41.314678],[69.280731,41.314819],[69.280777,41.314897],[69.280839,41.31496],[69.280898,41.314972],[69.281328,41.314805],[69.28201,41.314539],[69.282317,41.314418],[69.28253,41.314333],[69.282654,41.31427],[69.284022,41.315667],[69.284289,41.315993],[69.28435,41.316057],[69.284789,41.316551],[69.285249,41.317065],[69.285501,41.317456],[69.285985,41.317996],[69.286079,41.318107],[69.286161,41.318198],[69.286844,41.318133],[69.28793,41.318016],[69.28824,41.317984],[69.288738,41.317934],[69.289193,41.317888],[69.290635,41.317741],[69.290658,41.317739],[69.290731,41.317745],[69.290784,41.317695],[69.29131,41.317965],[69.291411,41.318027],[69.291487,41.318089],[69.291861,41.318533],[69.291755,41.318653],[69.291553,41.318854],[69.291381,41.319005],[69.291103,41.319233],[69.291219,41.31994],[69.291318,41.320592],[69.291397,41.321046],[69.291593,41.322178],[69.291659,41.322607],[69.292406,41.322534],[69.293002,41.32248],[69.293034,41.322605],[69.293031,41.322685],[69.292996,41.322767],[69.292952,41.322829],[69.292887,41.322937],[69.292833,41.323065],[69.292694,41.323231],[69.292831,41.323302],[69.293081,41.323304],[69.293133,41.323305],[69.293226,41.323589],[69.293269,41.323787],[69.293249,41.323992],[69.293541,41.324437],[69.293874,41.325015],[69.293946,41.325068],[69.294183,41.325085],[69.294321,41.325092],[69.294458,41.325244],[69.294565,41.325419],[69.294747,41.325693],[69.294865,41.325643],[69.294997,41.325588],[69.295116,41.325541],[69.295187,41.325516],[69.295335,41.32547],[69.295498,41.325426],[69.295635,41.325392],[69.295772,41.325362],[69.296043,41.325306],[69.296264,41.325274],[69.296411,41.325258],[69.297048,41.325649],[69.297577,41.325973],[69.297787,41.326098],[69.297827,41.326134],[69.297846,41.326165],[69.297947,41.326646],[69.29803,41.327063],[69.29806,41.327189],[69.298104,41.327344],[69.298119,41.327705],[69.298105,41.327768],[69.298069,41.327825],[69.297768,41.328154],[69.297429,41.328484],[69.297381,41.328514],[69.297282,41.328544],[69.296601,41.32861],[69.296547,41.328644],[69.296524,41.328673],[69.296473,41.329341],[69.296503,41.32943],[69.296557,41.329476],[69.296849,41.329741],[69.297044,41.329917],[69.297054,41.329933],[69.297063,41.329954],[69.297074,41.330066],[69.297091,41.330086],[69.2974,41.330316],[69.297461,41.330345],[69.297623,41.330422],[69.297709,41.330462],[69.297792,41.330484],[69.297851,41.330467],[69.298041,41.330367],[69.298229,41.330228],[69.298378,41.330107],[69.29843,41.330077],[69.29848,41.33006],[69.298552,41.330035],[69.298745,41.329989],[69.29885,41.329979],[69.29891,41.329984],[69.299021,41.330004],[69.299075,41.330017],[69.299164,41.330053],[69.299198,41.330078],[69.299235,41.330112],[69.299286,41.330172],[69.299303,41.330196],[69.299334,41.330218],[69.29946,41.330275],[69.300279,41.33064],[69.300503,41.330739],[69.300563,41.330773],[69.300606,41.330813],[69.300631,41.330848],[69.300631,41.330848],[69.300646,41.330899],[69.300673,41.331157],[69.300733,41.331324],[69.30074,41.331347],[69.300769,41.331399],[69.300869,41.331531],[69.300884,41.331548],[69.300902,41.331559],[69.300931,41.331572],[69.300962,41.33158],[69.301019,41.331587],[69.301091,41.331592],[69.301336,41.331609],[69.301381,41.331621],[69.301403,41.331629],[69.301431,41.33165],[69.301444,41.331671],[69.301455,41.331693],[69.301457,41.331723],[69.301458,41.331747],[69.301405,41.331882],[69.301393,41.331937],[69.301387,41.331981],[69.301394,41.332032],[69.301409,41.332077],[69.301411,41.3321],[69.301404,41.33214],[69.301386,41.332192],[69.301363,41.332221],[69.301302,41.332254],[69.301169,41.332326],[69.301116,41.332352],[69.301082,41.332374],[69.300901,41.332492],[69.300686,41.332595],[69.300468,41.332729],[69.300223,41.332871],[69.300126,41.333238],[69.303157,41.333778],[69.303527,41.333848],[69.304664,41.334042],[69.304485,41.33438],[69.304087,41.335159],[69.303893,41.335529],[69.303619,41.336053],[69.303546,41.33624],[69.303573,41.336266],[69.303548,41.33637],[69.3034,41.336469],[69.303264,41.336862],[69.303197,41.337057],[69.303032,41.337325],[69.302857,41.337678],[69.302928,41.337766],[69.303015,41.337805],[69.303363,41.337913],[69.30378,41.338037],[69.304168,41.338158],[69.304168,41.338158],[69.304077,41.33833],[69.304374,41.338431],[69.304963,41.338607],[69.305295,41.338707],[69.30588,41.338881],[69.306676,41.339109],[69.307498,41.339363],[69.307541,41.339261],[69.308123,41.339343],[69.308216,41.339288],[69.308852,41.339453],[69.309051,41.339379],[69.309106,41.339333],[69.309142,41.339268],[69.309341,41.339193],[69.30996,41.339465],[69.310081,41.339289],[69.310166,41.339159],[69.310254,41.339016],[69.310315,41.338911],[69.310398,41.338764],[69.310455,41.338656],[69.310519,41.338534],[69.310596,41.338365],[69.310666,41.338201],[69.310683,41.33816],[69.310734,41.33804],[69.310795,41.337861],[69.310863,41.337668],[69.310875,41.337628],[69.31094,41.337421],[69.310982,41.337277],[69.311093,41.33693],[69.311183,41.33663],[69.311189,41.336609],[69.31124,41.336441],[69.311299,41.336243],[69.311421,41.335841],[69.311444,41.335773],[69.311494,41.335647],[69.311561,41.335485],[69.311609,41.335387],[69.311715,41.335207],[69.311836,41.335007],[69.312069,41.334618],[69.312302,41.334256],[69.312548,41.333886],[69.312965,41.333298],[69.313037,41.333196],[69.313062,41.333166],[69.313184,41.333017],[69.313289,41.33289],[69.313347,41.332826],[69.313609,41.332548],[69.313844,41.332297],[69.314422,41.332491],[69.314937,41.332711],[69.315109,41.332766],[69.315166,41.332784],[69.315309,41.332838],[69.315479,41.33291],[69.315709,41.33303],[69.315791,41.333075],[69.315965,41.33317],[69.316318,41.333406],[69.316365,41.333465],[69.316739,41.33416],[69.316772,41.334218],[69.316888,41.33442],[69.316896,41.334446],[69.316919,41.334774],[69.31694,41.335235],[69.316929,41.335363],[69.316914,41.335497],[69.316787,41.335893],[69.316389,41.336091],[69.31606,41.336271],[69.315945,41.336331],[69.315873,41.336385],[69.315794,41.336469],[69.315701,41.336575],[69.315669,41.336651],[69.315605,41.33682],[69.315453,41.337214],[69.31542,41.337382],[69.315448,41.337803],[69.315481,41.338197],[69.315513,41.338494],[69.315521,41.338565],[69.315542,41.33861],[69.31571,41.338863],[69.315778,41.338951],[69.315999,41.339188],[69.316059,41.339224],[69.316139,41.339245],[69.316565,41.339357],[69.316808,41.339421],[69.31683,41.339433],[69.316831,41.339434],[69.316842,41.33948],[69.3169,41.339738],[69.316949,41.339966],[69.316964,41.340035],[69.317017,41.340281],[69.317048,41.340343],[69.317118,41.340391],[69.317318,41.34046],[69.317619,41.340562],[69.317709,41.340593],[69.317909,41.340658],[69.318061,41.34073],[69.318296,41.340861],[69.318442,41.340945],[69.3185,41.340991],[69.318571,41.341088],[69.318698,41.341285],[69.318846,41.341522],[69.318848,41.341529],[69.318849,41.341677],[69.318854,41.34188],[69.318857,41.342325],[69.31886,41.342564],[69.318855,41.342833],[69.318846,41.343119],[69.318845,41.343158],[69.318862,41.343202],[69.318921,41.343292],[69.318945,41.343327],[69.319054,41.343484],[69.319172,41.34366],[69.319261,41.343732],[69.319544,41.343948],[69.31991,41.344216],[69.320217,41.344443],[69.320435,41.344606],[69.320533,41.344679],[69.320706,41.344808],[69.320708,41.34481],[69.320732,41.344854],[69.320746,41.344873],[69.320762,41.344895],[69.320813,41.344931],[69.320814,41.344931],[69.320814,41.344931],[69.32086,41.344953],[69.320898,41.344967],[69.320905,41.34497],[69.32091,41.344975],[69.321088,41.345141],[69.321313,41.345357],[69.321334,41.345385],[69.321348,41.345417],[69.321512,41.345751],[69.321657,41.346055],[69.321805,41.34636],[69.321935,41.34663],[69.322068,41.346899],[69.322107,41.346984],[69.322145,41.347028],[69.322261,41.347142],[69.322402,41.347276],[69.322453,41.347307],[69.322504,41.347338],[69.322728,41.347425],[69.322909,41.347499],[69.322934,41.347502],[69.323034,41.347514],[69.323287,41.347515],[69.323789,41.347518],[69.324371,41.347525],[69.324458,41.347531],[69.324543,41.34755],[69.32462,41.347573],[69.324669,41.347617],[69.325178,41.348111],[69.325263,41.348222],[69.325305,41.348348],[69.325338,41.348497],[69.325346,41.348651],[69.325346,41.34904],[69.325362,41.349181],[69.325417,41.349364],[69.325462,41.349503],[69.325466,41.34965],[69.3255,41.349784],[69.325558,41.349873],[69.325637,41.350002],[69.325716,41.350185],[69.325728,41.350241],[69.325682,41.350445],[69.32548,41.351056],[69.32548,41.351056],[69.325683,41.351061],[69.326029,41.351059],[69.326526,41.351053],[69.326874,41.35105],[69.327069,41.351048],[69.327657,41.351043],[69.32816,41.35104],[69.328716,41.351037],[69.329904,41.351026],[69.331034,41.351011],[69.331892,41.350994],[69.33226,41.350986],[69.332581,41.350979],[69.332716,41.350971],[69.332818,41.350958],[69.33292,41.35094],[69.333051,41.350911],[69.333164,41.350879],[69.333253,41.350845],[69.333429,41.350744],[69.333464,41.350723],[69.333595,41.350644],[69.333611,41.350659],[69.333736,41.350774],[69.333736,41.350774],[69.333781,41.350816],[69.333943,41.350962],[69.334095,41.3511],[69.334234,41.351227],[69.334374,41.351356],[69.334518,41.351487],[69.334642,41.3516],[69.334798,41.351742],[69.334933,41.351863],[69.335063,41.351979],[69.335096,41.352008],[69.335226,41.352123],[69.335364,41.352236],[69.335414,41.352277],[69.335556,41.352385],[69.335633,41.35244],[69.335694,41.352483],[69.33576,41.352528],[69.335855,41.352591],[69.335917,41.352632],[69.335945,41.352649],[69.335984,41.352674],[69.336085,41.352737],[69.336162,41.352784],[69.336237,41.352826],[69.336312,41.352869],[69.336404,41.35292],[69.336501,41.35297],[69.336614,41.353026],[69.336665,41.353051],[69.336717,41.353077],[69.336839,41.353136],[69.336925,41.353176],[69.337068,41.353243],[69.337148,41.353281],[69.33728,41.353343],[69.337383,41.353391],[69.337651,41.353516],[69.338597,41.353955],[69.339818,41.35453],[69.340507,41.354854],[69.341216,41.35518],[69.34176,41.355399],[69.341905,41.355452],[69.342457,41.355619],[69.34274,41.355692],[69.342895,41.355728],[69.34309,41.355769],[69.343313,41.355808],[69.343523,41.35584],[69.343945,41.355891],[69.344112,41.355906],[69.344308,41.355915],[69.344419,41.35592],[69.344501,41.355922],[69.344608,41.355924],[69.344887,41.355925],[69.345142,41.355923],[69.345342,41.355912],[69.345577,41.355896]]]]}},{"type":"Feature","properties":{"name":"Yakkasaroy","name_ru":"Яккасарай","tuman":"Яккасарой","area_ha":1422.8,"source":"Toshkent shahar chegarasi (2024)"},"geometry":{"type":"MultiPolygon","coordinates":[[[[69.245938,41.298745],[69.245939,41.298944],[69.245966,41.299065],[69.246011,41.299143],[69.24608,41.299193],[69.246162,41.29921],[69.246309,41.299215],[69.246555,41.299216],[69.246877,41.299206],[69.247055,41.2992],[69.247194,41.29922],[69.247297,41.299256],[69.247397,41.299316],[69.247617,41.299513],[69.247765,41.299662],[69.248137,41.300008],[69.248379,41.300147],[69.249099,41.300779],[69.249219,41.300895],[69.249484,41.301035],[69.24996,41.301181],[69.250242,41.301272],[69.250478,41.301398],[69.250797,41.301568],[69.251043,41.301756],[69.251299,41.302063],[69.251472,41.302207],[69.251728,41.302303],[69.251983,41.302332],[69.25223,41.302317],[69.252353,41.302346],[69.252496,41.30242],[69.252688,41.302649],[69.253019,41.303019],[69.253275,41.303168],[69.25343,41.303285],[69.253516,41.303388],[69.253549,41.303529],[69.253652,41.304053],[69.253686,41.304224],[69.2537,41.304294],[69.253742,41.304387],[69.25388,41.304557],[69.254026,41.304703],[69.254654,41.305333],[69.255197,41.305865],[69.2556,41.306273],[69.256019,41.306692],[69.256656,41.307345],[69.257162,41.307848],[69.258064,41.30875],[69.258354,41.30906],[69.258772,41.309839],[69.258871,41.309996],[69.258997,41.310123],[69.259191,41.310223],[69.259596,41.310391],[69.25961,41.310396],[69.259761,41.310504],[69.259837,41.310663],[69.259875,41.310743],[69.25999,41.311087],[69.260549,41.311035],[69.261193,41.310989],[69.26342,41.310842],[69.263728,41.310795],[69.26401,41.310742],[69.264119,41.310724],[69.264602,41.310283],[69.264897,41.310066],[69.269034,41.309055],[69.268895,41.30872],[69.267331,41.304928],[69.267096,41.304226],[69.266529,41.301867],[69.26716,41.301079],[69.267278,41.300903],[69.267348,41.300778],[69.267422,41.300608],[69.267506,41.30036],[69.267972,41.298631],[69.268467,41.296937],[69.268674,41.296107],[69.268755,41.295778],[69.268807,41.295613],[69.269791,41.29438],[69.270039,41.294026],[69.270571,41.2933],[69.2706,41.29326],[69.2706,41.29326],[69.270866,41.292884],[69.271095,41.2926],[69.271139,41.292513],[69.271154,41.292455],[69.271113,41.292416],[69.27095,41.292262],[69.27025,41.291704],[69.270111,41.291571],[69.269768,41.291214],[69.269587,41.290975],[69.269534,41.290925],[69.269476,41.290884],[69.269264,41.290742],[69.269137,41.290647],[69.269133,41.290624],[69.269124,41.290485],[69.269136,41.290036],[69.269152,41.289616],[69.269147,41.289494],[69.268594,41.289225],[69.267992,41.288855],[69.267649,41.288662],[69.267562,41.2886],[69.267055,41.288149],[69.266463,41.287596],[69.266403,41.287539],[69.26627,41.287491],[69.265749,41.287377],[69.266041,41.286607],[69.2661,41.286472],[69.266378,41.285585],[69.266397,41.28553],[69.266083,41.285451],[69.265731,41.285365],[69.265471,41.285309],[69.265326,41.285266],[69.265213,41.285214],[69.265237,41.285187],[69.265305,41.285116],[69.265624,41.284787],[69.265917,41.284388],[69.26695,41.282946],[69.267761,41.281832],[69.267796,41.281783],[69.26827,41.281157],[69.269003,41.280228],[69.269136,41.280125],[69.269692,41.27979],[69.2699,41.279664],[69.271776,41.278504],[69.271892,41.278433],[69.272006,41.278365],[69.272006,41.278365],[69.272476,41.278072],[69.273002,41.277746],[69.272898,41.277632],[69.272854,41.277583],[69.272667,41.277373],[69.272501,41.277188],[69.272241,41.2769],[69.272005,41.276637],[69.271744,41.276347],[69.271523,41.2761],[69.271238,41.275776],[69.270984,41.275492],[69.270693,41.275169],[69.270458,41.274903],[69.270257,41.274683],[69.270009,41.274404],[69.269731,41.274095],[69.269492,41.273829],[69.269296,41.273608],[69.268995,41.273273],[69.268786,41.273036],[69.268322,41.272516],[69.268056,41.272224],[69.26785,41.271992],[69.267699,41.271824],[69.267499,41.271604],[69.267346,41.27143],[69.26713,41.271195],[69.266907,41.270965],[69.266669,41.270716],[69.266511,41.270551],[69.266386,41.27043],[69.266277,41.270317],[69.266152,41.270192],[69.265977,41.270015],[69.265838,41.26988],[69.265641,41.269693],[69.265458,41.269524],[69.265319,41.269402],[69.265263,41.269352],[69.265089,41.269199],[69.26487,41.269018],[69.264645,41.268834],[69.26452,41.268742],[69.264345,41.268617],[69.264132,41.268475],[69.263879,41.268319],[69.263718,41.268223],[69.263519,41.268116],[69.263207,41.267964],[69.262912,41.267828],[69.26265,41.26772],[69.262349,41.267605],[69.262602,41.267322],[69.262403,41.267266],[69.261455,41.267119],[69.260575,41.266946],[69.260579,41.266929],[69.260319,41.266855],[69.259693,41.266632],[69.259643,41.266709],[69.259232,41.266548],[69.25872,41.266333],[69.258339,41.266172],[69.25816,41.266062],[69.257994,41.265937],[69.25777,41.265747],[69.257261,41.265205],[69.257139,41.265275],[69.256853,41.265441],[69.255759,41.265185],[69.254858,41.265014],[69.254829,41.265093],[69.254523,41.265033],[69.253567,41.264845],[69.252505,41.26465],[69.25253,41.264504],[69.252393,41.264495],[69.251904,41.26445],[69.250484,41.264218],[69.249457,41.264026],[69.248408,41.263844],[69.247845,41.263759],[69.247634,41.263743],[69.247194,41.263727],[69.2463,41.263768],[69.24557,41.263863],[69.245513,41.263737],[69.245194,41.263793],[69.245099,41.263854],[69.244611,41.263919],[69.244495,41.263897],[69.244309,41.263891],[69.24428,41.263844],[69.2438,41.26382],[69.243443,41.263785],[69.243111,41.263753],[69.242439,41.263632],[69.241985,41.263515],[69.241922,41.263661],[69.24129,41.263529],[69.240733,41.263399],[69.240546,41.263325],[69.235375,41.262271],[69.234972,41.2622],[69.234651,41.262119],[69.234303,41.261996],[69.233992,41.261879],[69.233563,41.261721],[69.233419,41.261657],[69.23322,41.261566],[69.232894,41.261418],[69.232384,41.261175],[69.231802,41.260909],[69.231187,41.260623],[69.230509,41.260306],[69.229833,41.259989],[69.229378,41.259776],[69.229411,41.25973],[69.229164,41.259552],[69.228787,41.259387],[69.228522,41.259284],[69.228292,41.259176],[69.228317,41.259141],[69.226971,41.25852],[69.226937,41.258537],[69.226747,41.258449],[69.226765,41.258424],[69.225822,41.257987],[69.225366,41.257778],[69.225238,41.257799],[69.224733,41.25758],[69.224106,41.257308],[69.22407,41.257311],[69.22367,41.257114],[69.222861,41.256741],[69.22283,41.256745],[69.222344,41.256514],[69.221819,41.25628],[69.22183,41.256253],[69.221279,41.256001],[69.221028,41.255923],[69.220671,41.25575],[69.220284,41.255569],[69.219967,41.25542],[69.218915,41.254938],[69.218617,41.254801],[69.218214,41.254614],[69.217482,41.254279],[69.216739,41.253903],[69.21677,41.253869],[69.216352,41.253626],[69.21539,41.253071],[69.215243,41.253298],[69.215167,41.253428],[69.215095,41.253533],[69.214893,41.253722],[69.214796,41.253805],[69.214652,41.25391],[69.214525,41.25401],[69.21435,41.254301],[69.214213,41.25462],[69.214153,41.254846],[69.214132,41.254919],[69.214105,41.255023],[69.214068,41.25514],[69.214044,41.255299],[69.214027,41.255499],[69.214035,41.255618],[69.214072,41.255781],[69.214115,41.255946],[69.214193,41.256107],[69.214319,41.256329],[69.214523,41.256601],[69.21467,41.256793],[69.214718,41.256857],[69.214828,41.256978],[69.214918,41.257077],[69.214973,41.257134],[69.215058,41.257241],[69.215152,41.25735],[69.215175,41.257395],[69.215241,41.257526],[69.21525,41.257549],[69.215337,41.257761],[69.215426,41.257932],[69.215527,41.258147],[69.215621,41.258421],[69.215678,41.258686],[69.215753,41.258913],[69.215823,41.259026],[69.215901,41.259133],[69.21632,41.259851],[69.216464,41.260149],[69.216649,41.260395],[69.216836,41.260661],[69.216982,41.260874],[69.21713,41.261059],[69.21721,41.261192],[69.217272,41.261269],[69.217502,41.261445],[69.217573,41.261517],[69.217757,41.261748],[69.217961,41.261977],[69.218198,41.262191],[69.218322,41.262432],[69.218463,41.262854],[69.21849,41.263077],[69.218513,41.263294],[69.218531,41.263557],[69.218561,41.263719],[69.218567,41.263817],[69.218556,41.263904],[69.218525,41.263964],[69.218487,41.264054],[69.218477,41.264124],[69.218485,41.264174],[69.218528,41.26432],[69.218531,41.264402],[69.218522,41.264497],[69.218384,41.264759],[69.218377,41.264795],[69.21971,41.266011],[69.219878,41.266107],[69.220017,41.266207],[69.220293,41.266416],[69.220529,41.266627],[69.220618,41.266743],[69.220697,41.266886],[69.22087,41.267128],[69.220949,41.267274],[69.221009,41.267645],[69.221134,41.268089],[69.221194,41.268405],[69.22129,41.268624],[69.221394,41.268761],[69.221544,41.268875],[69.221714,41.268982],[69.221766,41.269058],[69.221778,41.269156],[69.221739,41.269292],[69.221702,41.269389],[69.221701,41.269471],[69.221755,41.269549],[69.221793,41.269585],[69.221888,41.269673],[69.221974,41.269724],[69.222122,41.269778],[69.22222,41.269867],[69.222293,41.26998],[69.222443,41.270146],[69.222522,41.270298],[69.222657,41.270416],[69.222768,41.270534],[69.22285,41.270688],[69.222931,41.270889],[69.22306,41.271113],[69.223181,41.271411],[69.223251,41.271646],[69.22329,41.27177],[69.223374,41.271891],[69.223549,41.272057],[69.223682,41.27221],[69.223882,41.272464],[69.223981,41.272553],[69.224185,41.272658],[69.224328,41.27278],[69.224449,41.272891],[69.224587,41.273137],[69.224656,41.273275],[69.224738,41.273422],[69.224825,41.273531],[69.224943,41.273668],[69.225489,41.274435],[69.225545,41.274606],[69.225615,41.274798],[69.225791,41.275242],[69.225856,41.275455],[69.225927,41.27556],[69.225981,41.275636],[69.226169,41.275778],[69.226435,41.275998],[69.226698,41.276237],[69.2269,41.2764],[69.227174,41.276614],[69.227561,41.276924],[69.227846,41.277157],[69.228303,41.277563],[69.228596,41.277824],[69.228805,41.277975],[69.229022,41.278095],[69.229221,41.278236],[69.229406,41.27843],[69.229517,41.278595],[69.229696,41.278885],[69.229856,41.279027],[69.229994,41.279138],[69.229998,41.279142],[69.230023,41.279162],[69.230156,41.279215],[69.230335,41.279262],[69.230805,41.279398],[69.231161,41.279495],[69.231304,41.279534],[69.231427,41.279621],[69.231556,41.279765],[69.231638,41.279882],[69.231712,41.279949],[69.231793,41.280004],[69.231937,41.280061],[69.232082,41.280103],[69.232238,41.280112],[69.232436,41.280115],[69.232615,41.280111],[69.232743,41.280115],[69.232876,41.280146],[69.233026,41.280257],[69.23324,41.280421],[69.233474,41.280541],[69.23375,41.280694],[69.233937,41.280809],[69.234134,41.280918],[69.234272,41.280997],[69.234385,41.281055],[69.234464,41.281095],[69.234555,41.281163],[69.234604,41.281252],[69.234622,41.28135],[69.234619,41.281515],[69.234618,41.281596],[69.234611,41.281822],[69.234656,41.281995],[69.234738,41.282237],[69.234795,41.28241],[69.234802,41.2826],[69.234794,41.282665],[69.234775,41.282726],[69.234764,41.282812],[69.234772,41.282858],[69.234785,41.282916],[69.234793,41.28296],[69.23479,41.283008],[69.234778,41.28306],[69.234773,41.283106],[69.234776,41.283151],[69.234801,41.28329],[69.234833,41.283471],[69.234846,41.283729],[69.234862,41.284105],[69.23491,41.284329],[69.234951,41.28517],[69.234968,41.285395],[69.235006,41.285693],[69.235058,41.285893],[69.235093,41.286001],[69.23513,41.286131],[69.235224,41.286287],[69.235332,41.286385],[69.23549,41.2865],[69.235761,41.286677],[69.236075,41.286817],[69.23642,41.286931],[69.23667,41.287038],[69.236843,41.287227],[69.237001,41.287497],[69.237228,41.287872],[69.23746,41.288153],[69.23756,41.288423],[69.237705,41.288951],[69.237893,41.289388],[69.237968,41.289617],[69.237929,41.289865],[69.237764,41.290373],[69.237692,41.290838],[69.237655,41.29133],[69.237684,41.291627],[69.237728,41.291733],[69.237771,41.291812],[69.237821,41.291881],[69.237952,41.292023],[69.238341,41.292371],[69.238751,41.292844],[69.23953,41.293541],[69.239855,41.293684],[69.240096,41.293817],[69.240201,41.293961],[69.240291,41.294232],[69.240449,41.294587],[69.240516,41.294737],[69.240572,41.294819],[69.240638,41.294858],[69.240718,41.294876],[69.240806,41.294886],[69.241043,41.294887],[69.241234,41.294927],[69.241389,41.294989],[69.241506,41.295058],[69.241605,41.295144],[69.241653,41.295278],[69.241764,41.295533],[69.241887,41.295721],[69.242019,41.295942],[69.242045,41.296009],[69.242057,41.296066],[69.242022,41.296191],[69.242006,41.296303],[69.24202,41.296443],[69.242052,41.296614],[69.242049,41.296754],[69.242035,41.297077],[69.242888,41.297091],[69.243259,41.297125],[69.243432,41.297165],[69.243495,41.2972],[69.243573,41.297312],[69.243751,41.297537],[69.243861,41.297673],[69.243958,41.297746],[69.244103,41.297803],[69.244343,41.297864],[69.244586,41.297924],[69.24471,41.297954],[69.245028,41.298076],[69.245412,41.298251],[69.24555,41.298306],[69.24577,41.298419],[69.24588,41.298512],[69.245945,41.298646],[69.245938,41.298745]]]]}},{"type":"Feature","properties":{"name":"Uchtepa","name_ru":"Учтепа","tuman":"Учтепа","area_ha":2805.28,"source":"Toshkent shahar chegarasi (2024)"},"geometry":{"type":"MultiPolygon","coordinates":[[[[69.1465,41.27832],[69.14658,41.278579],[69.14674,41.279061],[69.146929,41.279607],[69.147109,41.280119],[69.147255,41.280635],[69.147385,41.281031],[69.14747,41.281241],[69.147484,41.281277],[69.147467,41.281307],[69.147439,41.281376],[69.147407,41.2814],[69.147375,41.281424],[69.147363,41.281432],[69.147249,41.281503],[69.147227,41.281514],[69.147202,41.281523],[69.147176,41.281529],[69.147149,41.281533],[69.147122,41.281533],[69.147036,41.281528],[69.147019,41.281526],[69.146996,41.281522],[69.146931,41.281507],[69.14692,41.281504],[69.146866,41.281492],[69.146845,41.28149],[69.146712,41.281479],[69.146623,41.281505],[69.146597,41.28151],[69.14657,41.281513],[69.146543,41.281513],[69.146517,41.28151],[69.146414,41.281491],[69.146294,41.281472],[69.146282,41.28147],[69.146215,41.281455],[69.146187,41.281447],[69.14616,41.281435],[69.146137,41.28142],[69.146047,41.281351],[69.145791,41.281193],[69.145459,41.280986],[69.145327,41.280909],[69.145223,41.280875],[69.145144,41.28085],[69.145095,41.280834],[69.14509,41.280832],[69.144892,41.280762],[69.144697,41.280692],[69.144674,41.280682],[69.144653,41.28067],[69.144576,41.280616],[69.144561,41.280605],[69.14448,41.280534],[69.144465,41.280519],[69.144382,41.280422],[69.144246,41.280268],[69.144241,41.280262],[69.144186,41.280191],[69.144111,41.280129],[69.144108,41.280126],[69.143988,41.280018],[69.143924,41.279962],[69.143906,41.279943],[69.143893,41.279922],[69.143816,41.279767],[69.143723,41.27962],[69.143621,41.279508],[69.143528,41.279435],[69.143515,41.279423],[69.143503,41.27941],[69.143494,41.279395],[69.143433,41.27929],[69.143284,41.279146],[69.143154,41.279022],[69.143087,41.278955],[69.143069,41.278949],[69.143034,41.278949],[69.143005,41.278948],[69.142977,41.278943],[69.14295,41.278934],[69.142925,41.278922],[69.142859,41.278885],[69.142852,41.278881],[69.142836,41.27887],[69.142688,41.278751],[69.142682,41.278746],[69.142663,41.278726],[69.142592,41.278631],[69.142553,41.278579],[69.142515,41.278566],[69.142442,41.278542],[69.14243,41.278537],[69.14218,41.278436],[69.142039,41.278378],[69.142034,41.278376],[69.141792,41.278268],[69.141762,41.278255],[69.141589,41.278199],[69.141532,41.27818],[69.141516,41.278182],[69.14149,41.278186],[69.141385,41.278214],[69.141307,41.278235],[69.141278,41.278241],[69.141247,41.278243],[69.141152,41.278243],[69.141123,41.278242],[69.140997,41.278226],[69.140974,41.278222],[69.140963,41.27822],[69.140843,41.278192],[69.140815,41.278183],[69.140789,41.278171],[69.140718,41.278131],[69.1407,41.278119],[69.140684,41.278106],[69.140671,41.278091],[69.140635,41.278045],[69.140622,41.278023],[69.140617,41.278012],[69.140581,41.277912],[69.140578,41.2779],[69.14056,41.277815],[69.140558,41.277806],[69.140547,41.277716],[69.140546,41.277693],[69.140551,41.277671],[69.140573,41.2776],[69.14057,41.277556],[69.14057,41.277536],[69.140575,41.277516],[69.140583,41.277497],[69.140594,41.27748],[69.140647,41.277411],[69.140654,41.277402],[69.140686,41.277368],[69.140693,41.277345],[69.140678,41.277316],[69.140632,41.277262],[69.140627,41.277256],[69.140622,41.277248],[69.14059,41.277199],[69.140581,41.277184],[69.140576,41.277169],[69.140572,41.277153],[69.140562,41.277078],[69.140513,41.27701],[69.140503,41.276994],[69.140437,41.276862],[69.140429,41.27684],[69.140387,41.276676],[69.140345,41.27654],[69.140334,41.276507],[69.140322,41.276474],[69.140267,41.276377],[69.140253,41.276353],[69.14023,41.276312],[69.140171,41.276225],[69.140136,41.276174],[69.140019,41.276032],[69.140016,41.276028],[69.140004,41.276008],[69.139947,41.275893],[69.139801,41.275709],[69.139631,41.275552],[69.139617,41.275538],[69.139411,41.275347],[69.139282,41.275249],[69.139258,41.27523],[69.138992,41.275028],[69.138715,41.274818],[69.138606,41.274735],[69.138517,41.274668],[69.137909,41.274207],[69.137776,41.274111],[69.137759,41.274098],[69.137617,41.273995],[69.137602,41.273984],[69.137241,41.273723],[69.137222,41.273709],[69.137186,41.273683],[69.137128,41.273641],[69.137115,41.27363],[69.137112,41.273628],[69.136995,41.273517],[69.136894,41.273422],[69.136758,41.273292],[69.136253,41.272974],[69.13576,41.27291],[69.13573,41.272904],[69.135703,41.272895],[69.135162,41.272666],[69.13515,41.27266],[69.134647,41.272404],[69.134632,41.272395],[69.134621,41.272387],[69.134154,41.272036],[69.13415,41.272033],[69.134028,41.271941],[69.134017,41.271932],[69.134007,41.271923],[69.133699,41.271591],[69.133691,41.271581],[69.133686,41.271575],[69.133553,41.271379],[69.133214,41.271083],[69.132757,41.270686],[69.132684,41.270625],[69.132514,41.270485],[69.13243,41.270415],[69.132208,41.270232],[69.132123,41.270162],[69.132118,41.270158],[69.132105,41.270144],[69.131986,41.270006],[69.131776,41.269762],[69.131758,41.269741],[69.131746,41.269723],[69.131736,41.269705],[69.131731,41.269686],[69.131724,41.269644],[69.131706,41.269545],[69.131436,41.269342],[69.131123,41.269173],[69.131032,41.269124],[69.130958,41.269105],[69.130844,41.269074],[69.130257,41.268918],[69.129738,41.26886],[69.129717,41.268856],[69.129696,41.268851],[69.129676,41.268843],[69.129541,41.268785],[69.129501,41.268768],[69.129326,41.268693],[69.128707,41.268534],[69.128558,41.268503],[69.128515,41.268494],[69.127967,41.268379],[69.127953,41.268376],[69.127749,41.268317],[69.127707,41.268305],[69.127586,41.26827],[69.127345,41.268201],[69.127319,41.268191],[69.127197,41.268138],[69.127069,41.268083],[69.126858,41.267991],[69.126816,41.267973],[69.126769,41.267953],[69.12675,41.267943],[69.126625,41.267871],[69.126498,41.267799],[69.126243,41.267653],[69.126115,41.267598],[69.126029,41.267562],[69.125655,41.267404],[69.125654,41.267403],[69.125652,41.267402],[69.125311,41.267248],[69.12515,41.267186],[69.125145,41.267184],[69.125129,41.267178],[69.12512,41.267174],[69.125091,41.267159],[69.124904,41.267263],[69.124845,41.267296],[69.124831,41.267304],[69.124823,41.267308],[69.124817,41.26731],[69.124744,41.267343],[69.124546,41.267432],[69.124531,41.267437],[69.124523,41.267439],[69.124505,41.267443],[69.124424,41.267459],[69.124368,41.267471],[69.124207,41.267503],[69.124046,41.267535],[69.123987,41.267547],[69.12398,41.267548],[69.123963,41.26755],[69.123314,41.26755],[69.123298,41.267549],[69.123282,41.267546],[69.123268,41.267541],[69.123254,41.267535],[69.122856,41.267296],[69.122845,41.267288],[69.122836,41.26728],[69.122564,41.266981],[69.122562,41.266978],[69.122525,41.266934],[69.122498,41.266918],[69.122472,41.266914],[69.122444,41.266906],[69.122415,41.266902],[69.122389,41.266901],[69.122366,41.266905],[69.122351,41.266946],[69.122342,41.266991],[69.122343,41.267016],[69.122349,41.267038],[69.122359,41.267061],[69.122372,41.267072],[69.122392,41.267089],[69.122401,41.267097],[69.122402,41.267098],[69.12245,41.267142],[69.122451,41.267143],[69.12248,41.267171],[69.122532,41.26721],[69.122553,41.267217],[69.122574,41.267224],[69.122583,41.267228],[69.122593,41.267233],[69.122601,41.267238],[69.12265,41.267275],[69.122657,41.26728],[69.122665,41.267288],[69.122704,41.267336],[69.122739,41.267376],[69.122741,41.267379],[69.122744,41.267383],[69.122775,41.267429],[69.12278,41.267437],[69.122781,41.267439],[69.122794,41.26747],[69.122798,41.267481],[69.122812,41.267548],[69.12292,41.267805],[69.122939,41.267851],[69.123036,41.268082],[69.123039,41.268092],[69.12304,41.268097],[69.123047,41.268153],[69.123057,41.268225],[69.123066,41.268297],[69.123087,41.268458],[69.123093,41.268505],[69.123093,41.268506],[69.123093,41.268515],[69.123092,41.268526],[69.123086,41.268546],[69.123082,41.268648],[69.123075,41.268781],[69.123074,41.268791],[69.123015,41.26905],[69.122993,41.269274],[69.122992,41.269276],[69.122948,41.269604],[69.122935,41.269756],[69.12294,41.269796],[69.122947,41.269812],[69.12296,41.269823],[69.123004,41.269846],[69.12308,41.269866],[69.123132,41.269872],[69.123232,41.269883],[69.1233,41.269891],[69.123444,41.269897],[69.123625,41.269905],[69.124227,41.26993],[69.124327,41.269923],[69.124378,41.26992],[69.124438,41.269915],[69.124683,41.269898],[69.124814,41.269871],[69.124826,41.269869],[69.124838,41.269868],[69.12485,41.269869],[69.124932,41.269875],[69.125057,41.269875],[69.125074,41.269876],[69.125083,41.269878],[69.125206,41.269903],[69.125221,41.269907],[69.125234,41.269913],[69.125321,41.269957],[69.12533,41.269962],[69.125377,41.269993],[69.125445,41.270039],[69.125454,41.270046],[69.125464,41.270057],[69.125512,41.270121],[69.125514,41.270123],[69.125674,41.270351],[69.125676,41.270355],[69.125742,41.270461],[69.125745,41.270467],[69.125748,41.270472],[69.125777,41.270552],[69.125779,41.270559],[69.125808,41.270689],[69.125821,41.270731],[69.125837,41.270781],[69.125841,41.270793],[69.125843,41.270799],[69.125844,41.270803],[69.125845,41.270808],[69.125859,41.270907],[69.12586,41.270914],[69.12586,41.270918],[69.125857,41.270967],[69.125848,41.271104],[69.125842,41.271253],[69.125842,41.271254],[69.125838,41.271321],[69.125837,41.271323],[69.12583,41.271385],[69.125829,41.271392],[69.125828,41.271396],[69.125801,41.27148],[69.125809,41.27152],[69.125811,41.271529],[69.12581,41.271538],[69.125808,41.271547],[69.125789,41.271611],[69.125786,41.27162],[69.125784,41.271623],[69.125743,41.271697],[69.125741,41.271701],[69.125718,41.271736],[69.125711,41.271795],[69.125708,41.271862],[69.125716,41.271881],[69.125764,41.271971],[69.12582,41.272054],[69.125862,41.272113],[69.125864,41.272115],[69.125941,41.272193],[69.126014,41.272262],[69.126084,41.272312],[69.126086,41.272314],[69.126139,41.272354],[69.126147,41.272357],[69.126164,41.272358],[69.126187,41.272361],[69.126204,41.272364],[69.126209,41.272366],[69.126265,41.272384],[69.126275,41.272388],[69.126285,41.272393],[69.126294,41.272398],[69.126354,41.272442],[69.126361,41.272448],[69.126368,41.272454],[69.126394,41.272485],[69.126488,41.272553],[69.126515,41.272564],[69.126559,41.27258],[69.126573,41.272587],[69.126585,41.272595],[69.126616,41.272619],[69.126621,41.272623],[69.126627,41.272628],[69.126654,41.272658],[69.126661,41.272668],[69.126667,41.272678],[69.126667,41.27268],[69.12667,41.272689],[69.126673,41.272709],[69.126678,41.272717],[69.126705,41.272741],[69.126724,41.272756],[69.126737,41.272761],[69.126752,41.272764],[69.126759,41.272766],[69.126793,41.272776],[69.126806,41.27278],[69.126817,41.272786],[69.126828,41.272793],[69.126846,41.272807],[69.126848,41.272809],[69.126869,41.272827],[69.126871,41.272829],[69.126877,41.272834],[69.126906,41.272866],[69.126941,41.272897],[69.126948,41.272904],[69.126985,41.272946],[69.126989,41.27295],[69.127012,41.27298],[69.127023,41.272995],[69.127025,41.272997],[69.127066,41.273056],[69.127071,41.273064],[69.127088,41.273097],[69.12714,41.273151],[69.127146,41.273157],[69.127148,41.273161],[69.127234,41.273286],[69.127286,41.273351],[69.127337,41.273413],[69.127377,41.273452],[69.127469,41.27352],[69.127564,41.273579],[69.127585,41.273589],[69.127658,41.273619],[69.127661,41.27362],[69.127673,41.273626],[69.127734,41.273663],[69.127743,41.27367],[69.127752,41.273677],[69.127759,41.273686],[69.127764,41.273696],[69.127772,41.273713],[69.127788,41.273724],[69.127828,41.273744],[69.12792,41.273783],[69.127929,41.273787],[69.127995,41.273823],[69.128094,41.273865],[69.128105,41.27387],[69.128208,41.273929],[69.128212,41.273932],[69.128278,41.273974],[69.128289,41.273983],[69.128295,41.273989],[69.128339,41.274038],[69.128371,41.274074],[69.128375,41.274078],[69.128377,41.274081],[69.1284,41.274115],[69.128403,41.274122],[69.12844,41.274194],[69.128442,41.274197],[69.128478,41.274279],[69.128481,41.274289],[69.128482,41.274292],[69.128499,41.274377],[69.1285,41.274387],[69.1285,41.274413],[69.128503,41.274631],[69.128503,41.274634],[69.128503,41.274711],[69.128501,41.2749],[69.128501,41.274941],[69.1285,41.274951],[69.128496,41.274971],[69.128486,41.275024],[69.128448,41.275218],[69.128476,41.275391],[69.128478,41.275398],[69.128481,41.275416],[69.128501,41.275454],[69.128524,41.275498],[69.12857,41.275584],[69.128595,41.275631],[69.128625,41.275679],[69.128711,41.275814],[69.128928,41.276038],[69.128949,41.276053],[69.128966,41.276065],[69.129257,41.276268],[69.12941,41.276361],[69.129426,41.276371],[69.129525,41.276432],[69.129804,41.276602],[69.129939,41.276684],[69.12996,41.276697],[69.129964,41.2767],[69.130255,41.276905],[69.130271,41.276916],[69.130478,41.277063],[69.130486,41.277069],[69.130489,41.277071],[69.130548,41.277129],[69.130555,41.277137],[69.130558,41.277142],[69.130616,41.27723],[69.130628,41.277241],[69.130637,41.277251],[69.130644,41.277262],[69.130707,41.27739],[69.130751,41.27748],[69.130787,41.277552],[69.130791,41.277565],[69.130792,41.277567],[69.130814,41.277688],[69.130861,41.277881],[69.130905,41.27798],[69.130926,41.278018],[69.130984,41.27808],[69.130987,41.278084],[69.131046,41.278155],[69.131047,41.278157],[69.131203,41.278362],[69.131292,41.278457],[69.131298,41.278463],[69.131398,41.278601],[69.131507,41.27873],[69.131509,41.278732],[69.131511,41.278736],[69.131589,41.278851],[69.131626,41.278879],[69.131687,41.278904],[69.131768,41.278929],[69.131822,41.278945],[69.131883,41.278953],[69.131885,41.278953],[69.131983,41.278968],[69.13205,41.27897],[69.132154,41.278952],[69.132157,41.278952],[69.132258,41.278938],[69.132301,41.278929],[69.132511,41.278843],[69.132524,41.278839],[69.132526,41.278839],[69.132598,41.27882],[69.132636,41.278798],[69.132641,41.278795],[69.132775,41.278727],[69.132781,41.278724],[69.132795,41.278719],[69.132906,41.278688],[69.132923,41.278685],[69.132989,41.278676],[69.133005,41.278675],[69.133012,41.278675],[69.133104,41.278681],[69.133113,41.278681],[69.133126,41.278684],[69.13332,41.278731],[69.133323,41.278732],[69.133331,41.278734],[69.133451,41.278776],[69.133466,41.278782],[69.133478,41.278789],[69.133489,41.278799],[69.133532,41.278843],[69.133538,41.27885],[69.133545,41.278862],[69.133573,41.278923],[69.133576,41.278929],[69.133597,41.278994],[69.133599,41.278999],[69.1336,41.279011],[69.133601,41.27908],[69.1336,41.279093],[69.133597,41.279102],[69.13356,41.279191],[69.133558,41.279194],[69.133557,41.279196],[69.133497,41.279311],[69.133452,41.27941],[69.133419,41.279484],[69.133417,41.279486],[69.133351,41.279612],[69.133349,41.279616],[69.133268,41.279749],[69.133173,41.279924],[69.13313,41.28009],[69.133129,41.280094],[69.133089,41.280217],[69.133102,41.280343],[69.133128,41.280454],[69.133169,41.280531],[69.133237,41.280599],[69.133245,41.280603],[69.133381,41.280674],[69.133652,41.280753],[69.133665,41.280757],[69.133669,41.280759],[69.133797,41.280821],[69.133803,41.280824],[69.133923,41.280875],[69.133934,41.28088],[69.134012,41.280925],[69.134016,41.280927],[69.134025,41.280934],[69.134077,41.280977],[69.13408,41.28098],[69.134132,41.281028],[69.134134,41.281029],[69.134216,41.281111],[69.134223,41.281118],[69.134226,41.281122],[69.134262,41.281176],[69.134316,41.281243],[69.134322,41.281254],[69.134379,41.281362],[69.13438,41.281364],[69.134383,41.28137],[69.134417,41.281468],[69.134452,41.28158],[69.134453,41.281583],[69.134478,41.281682],[69.134479,41.281685],[69.1345,41.281804],[69.134529,41.281992],[69.134539,41.28207],[69.134545,41.282119],[69.134545,41.282131],[69.134543,41.282143],[69.134517,41.282217],[69.134515,41.282224],[69.134513,41.282228],[69.134467,41.282308],[69.134436,41.28236],[69.134395,41.282463],[69.134392,41.282545],[69.134397,41.282591],[69.134407,41.28264],[69.134431,41.282684],[69.134464,41.282743],[69.134466,41.282746],[69.134493,41.2828],[69.134546,41.282872],[69.13455,41.282878],[69.134592,41.282948],[69.134619,41.282981],[69.134626,41.282991],[69.134631,41.283002],[69.134633,41.283013],[69.13464,41.283075],[69.13464,41.283081],[69.13464,41.283088],[69.134638,41.283103],[69.134637,41.283112],[69.134648,41.283142],[69.134666,41.28316],[69.13472,41.283191],[69.134783,41.283223],[69.13479,41.283227],[69.134798,41.283233],[69.134848,41.283272],[69.134852,41.283275],[69.134856,41.283279],[69.134908,41.283332],[69.134914,41.283339],[69.134921,41.283349],[69.134944,41.283394],[69.134991,41.283447],[69.134994,41.283451],[69.134999,41.283459],[69.135049,41.283551],[69.135083,41.283608],[69.135085,41.283612],[69.135088,41.28362],[69.135113,41.283698],[69.135115,41.283703],[69.135131,41.28378],[69.135132,41.283791],[69.135132,41.283794],[69.135128,41.283864],[69.135122,41.283973],[69.135122,41.283976],[69.135111,41.284079],[69.13511,41.284086],[69.135108,41.284092],[69.135078,41.284176],[69.135076,41.28418],[69.135042,41.284258],[69.135037,41.284267],[69.13503,41.284275],[69.135009,41.284299],[69.134968,41.284344],[69.134963,41.28435],[69.13496,41.284352],[69.134885,41.284415],[69.134876,41.284421],[69.13479,41.284476],[69.13468,41.284547],[69.134592,41.284609],[69.13445,41.284726],[69.13439,41.2848],[69.134386,41.284805],[69.134324,41.28487],[69.13432,41.284875],[69.134308,41.284884],[69.134242,41.284926],[69.134229,41.284933],[69.134223,41.284935],[69.134181,41.284951],[69.134122,41.284991],[69.134107,41.285011],[69.134102,41.285035],[69.134098,41.285048],[69.134095,41.285053],[69.134066,41.285103],[69.134061,41.28511],[69.134054,41.285118],[69.133978,41.285191],[69.133935,41.285241],[69.133877,41.285317],[69.133871,41.285323],[69.133796,41.285401],[69.133757,41.285446],[69.133719,41.285508],[69.133691,41.285545],[69.13367,41.285589],[69.133651,41.285635],[69.133648,41.285639],[69.133645,41.285643],[69.133576,41.285721],[69.133571,41.285726],[69.13352,41.285774],[69.133516,41.285788],[69.133518,41.2858],[69.13352,41.285813],[69.133519,41.285823],[69.133513,41.285854],[69.133509,41.285866],[69.133503,41.285876],[69.133495,41.285886],[69.133485,41.285895],[69.133447,41.285923],[69.133318,41.286037],[69.133242,41.286103],[69.133175,41.286178],[69.133121,41.286237],[69.133056,41.286322],[69.132985,41.286414],[69.132943,41.286468],[69.132897,41.28654],[69.132894,41.286545],[69.132889,41.28655],[69.132821,41.286624],[69.132817,41.286628],[69.132771,41.286672],[69.132731,41.286726],[69.132698,41.286775],[69.132648,41.286848],[69.132623,41.286892],[69.132622,41.286894],[69.132582,41.286959],[69.13256,41.287],[69.132555,41.287008],[69.132552,41.287012],[69.132491,41.287082],[69.132489,41.287084],[69.132384,41.287197],[69.132315,41.287271],[69.132306,41.287279],[69.132296,41.287286],[69.132254,41.287311],[69.132242,41.287317],[69.132234,41.28732],[69.132213,41.287327],[69.132194,41.287346],[69.132171,41.287381],[69.132148,41.287416],[69.132137,41.287446],[69.132133,41.287482],[69.132134,41.28753],[69.132168,41.287639],[69.132213,41.287774],[69.132265,41.287886],[69.132292,41.287936],[69.132335,41.28798],[69.132448,41.288069],[69.132527,41.288113],[69.132617,41.28815],[69.13262,41.288151],[69.132704,41.288189],[69.132716,41.288196],[69.132717,41.288197],[69.132795,41.288248],[69.132883,41.288291],[69.132892,41.288296],[69.132896,41.288299],[69.132919,41.288315],[69.132982,41.288359],[69.132986,41.288362],[69.133031,41.288398],[69.133107,41.288438],[69.133113,41.288442],[69.133252,41.288531],[69.133287,41.288552],[69.133298,41.288552],[69.133355,41.288552],[69.133412,41.288548],[69.133419,41.288548],[69.133481,41.288548],[69.133532,41.288544],[69.133541,41.288543],[69.133582,41.288543],[69.133675,41.288541],[69.133689,41.288542],[69.133816,41.288555],[69.133819,41.288555],[69.133823,41.288556],[69.133893,41.288567],[69.133905,41.28857],[69.133913,41.288572],[69.133974,41.288594],[69.133981,41.288597],[69.133995,41.288604],[69.134041,41.288634],[69.134052,41.288642],[69.134054,41.288645],[69.134087,41.288676],[69.134092,41.288681],[69.134122,41.288718],[69.134124,41.28872],[69.134159,41.288765],[69.134162,41.288769],[69.134183,41.288801],[69.134206,41.288823],[69.134212,41.28883],[69.134215,41.288834],[69.134237,41.288869],[69.134262,41.288896],[69.134265,41.2889],[69.134272,41.288911],[69.134285,41.288939],[69.13429,41.288951],[69.13429,41.288953],[69.134298,41.288995],[69.134298,41.288998],[69.134302,41.28903],[69.134302,41.289037],[69.134302,41.289044],[69.134297,41.289081],[69.134297,41.289083],[69.13429,41.289119],[69.134288,41.28913],[69.134283,41.28914],[69.134263,41.289172],[69.134242,41.289205],[69.134235,41.289218],[69.134206,41.289271],[69.134201,41.28928],[69.134198,41.289283],[69.134128,41.289364],[69.134127,41.289365],[69.134058,41.289442],[69.134015,41.289494],[69.134011,41.289498],[69.133948,41.289564],[69.133913,41.289612],[69.133903,41.28965],[69.133901,41.289664],[69.133907,41.289667],[69.133992,41.28969],[69.134061,41.289709],[69.134072,41.289713],[69.134135,41.289737],[69.134266,41.289776],[69.134374,41.289794],[69.134376,41.289795],[69.134506,41.28982],[69.134508,41.28982],[69.134618,41.289844],[69.134624,41.289845],[69.134633,41.289848],[69.134678,41.289864],[69.134752,41.289891],[69.134758,41.289893],[69.134767,41.289897],[69.134836,41.289936],[69.134848,41.289943],[69.134858,41.289952],[69.134919,41.290017],[69.134922,41.290021],[69.134929,41.290029],[69.134963,41.290072],[69.134964,41.290073],[69.134967,41.290078],[69.134971,41.290084],[69.134987,41.290108],[69.135012,41.290149],[69.135024,41.290168],[69.135028,41.290174],[69.135029,41.290176],[69.135045,41.290214],[69.135048,41.290221],[69.135049,41.290224],[69.135049,41.290227],[69.135066,41.290317],[69.135078,41.29037],[69.135106,41.29042],[69.135111,41.290428],[69.135114,41.290434],[69.135141,41.290508],[69.135171,41.290579],[69.135207,41.290625],[69.135232,41.290648],[69.1353,41.290676],[69.135356,41.290693],[69.135452,41.290715],[69.135516,41.290729],[69.135602,41.290734],[69.135661,41.290729],[69.135717,41.290715],[69.135776,41.290694],[69.135788,41.29069],[69.135801,41.290688],[69.135815,41.290687],[69.135876,41.290687],[69.135889,41.290687],[69.135969,41.290695],[69.136059,41.290702],[69.136063,41.290702],[69.13612,41.290708],[69.136135,41.290711],[69.136149,41.290715],[69.136162,41.290721],[69.136197,41.29074],[69.136269,41.290775],[69.136279,41.29078],[69.136336,41.290817],[69.136348,41.290825],[69.136353,41.29083],[69.136412,41.290894],[69.136417,41.290899],[69.136483,41.290985],[69.136556,41.291075],[69.136561,41.291082],[69.136602,41.291149],[69.13676,41.291288],[69.13677,41.291299],[69.136776,41.291307],[69.136817,41.291382],[69.13682,41.29139],[69.136823,41.291399],[69.136824,41.291407],[69.136825,41.291463],[69.136834,41.291486],[69.136843,41.291494],[69.136848,41.291498],[69.136853,41.291503],[69.136906,41.29156],[69.136947,41.291584],[69.136998,41.291611],[69.137072,41.291644],[69.137081,41.291649],[69.137309,41.291779],[69.137409,41.291824],[69.137418,41.291829],[69.13745,41.291847],[69.137569,41.291887],[69.137575,41.29189],[69.137727,41.291951],[69.13773,41.291952],[69.137732,41.291953],[69.137828,41.291998],[69.13792,41.292037],[69.137934,41.292045],[69.137936,41.292046],[69.137977,41.292073],[69.137988,41.292082],[69.137997,41.292092],[69.138004,41.292103],[69.138004,41.292103],[69.138023,41.292143],[69.138049,41.292166],[69.13809,41.292192],[69.138102,41.2922],[69.138105,41.292204],[69.138143,41.292242],[69.138177,41.292258],[69.138187,41.292264],[69.138193,41.292268],[69.138237,41.292301],[69.13828,41.292329],[69.138337,41.292368],[69.138339,41.292369],[69.138381,41.2924],[69.138391,41.292408],[69.138399,41.292417],[69.138405,41.292427],[69.138423,41.292465],[69.138427,41.292476],[69.138428,41.292486],[69.138428,41.292492],[69.138452,41.292515],[69.13846,41.292524],[69.138466,41.292533],[69.138484,41.292566],[69.138533,41.292657],[69.138567,41.292717],[69.138568,41.29272],[69.13857,41.292723],[69.138588,41.292767],[69.13859,41.292772],[69.13861,41.292838],[69.138611,41.292842],[69.138623,41.292891],[69.138623,41.292894],[69.138643,41.29301],[69.138644,41.293015],[69.138653,41.293136],[69.138692,41.293239],[69.138693,41.293242],[69.138724,41.293344],[69.138764,41.293451],[69.138808,41.293542],[69.138856,41.293616],[69.138883,41.293657],[69.138889,41.293668],[69.138892,41.29368],[69.138902,41.293737],[69.138929,41.293847],[69.13893,41.293857],[69.138934,41.293937],[69.138943,41.294031],[69.138943,41.294042],[69.13894,41.294054],[69.138928,41.294091],[69.138925,41.294098],[69.138922,41.294103],[69.138885,41.294166],[69.138881,41.294172],[69.138873,41.294181],[69.138818,41.294234],[69.138816,41.294235],[69.138813,41.294238],[69.138761,41.29428],[69.138758,41.294283],[69.138658,41.294357],[69.138607,41.294405],[69.138565,41.294466],[69.138553,41.294498],[69.138548,41.294582],[69.138567,41.29467],[69.138576,41.294714],[69.138685,41.294913],[69.138742,41.294932],[69.138837,41.294944],[69.138841,41.294945],[69.138939,41.294961],[69.139137,41.294986],[69.13914,41.294986],[69.139268,41.295006],[69.139281,41.295009],[69.139289,41.295012],[69.139384,41.295045],[69.139394,41.295049],[69.139404,41.295055],[69.139413,41.295061],[69.139482,41.295118],[69.139485,41.29512],[69.139556,41.295183],[69.139634,41.295246],[69.139636,41.295248],[69.139769,41.295361],[69.139771,41.295362],[69.139776,41.295368],[69.139839,41.295437],[69.139843,41.295442],[69.13985,41.295452],[69.139891,41.295535],[69.139893,41.295541],[69.139921,41.295615],[69.13994,41.29564],[69.139971,41.295662],[69.140022,41.295669],[69.140035,41.295671],[69.140114,41.295691],[69.140217,41.295715],[69.140232,41.295719],[69.140245,41.295725],[69.140257,41.295733],[69.140316,41.295778],[69.140321,41.295782],[69.140324,41.295785],[69.140354,41.295814],[69.14036,41.295822],[69.140366,41.29583],[69.140393,41.295878],[69.140394,41.295881],[69.140398,41.295891],[69.14041,41.295935],[69.140411,41.295937],[69.140412,41.295944],[69.140419,41.296018],[69.140419,41.296024],[69.140419,41.296054],[69.140418,41.296085],[69.140417,41.296095],[69.140414,41.296105],[69.140411,41.29611],[69.140409,41.296114],[69.140402,41.296123],[69.140356,41.296177],[69.140324,41.296222],[69.140316,41.29625],[69.140315,41.296265],[69.140341,41.296296],[69.140347,41.296305],[69.140351,41.296313],[69.140374,41.29637],[69.140375,41.296375],[69.140376,41.296379],[69.140377,41.296389],[69.140377,41.296399],[69.140366,41.296472],[69.140364,41.296507],[69.140377,41.296508],[69.140475,41.296506],[69.140548,41.296494],[69.140562,41.296493],[69.140575,41.296493],[69.140649,41.296497],[69.140741,41.296495],[69.140754,41.296495],[69.140767,41.296497],[69.14078,41.2965],[69.14087,41.296528],[69.140873,41.296529],[69.140963,41.296559],[69.140965,41.29656],[69.141085,41.296603],[69.141092,41.296605],[69.141097,41.296608],[69.141147,41.296633],[69.141155,41.296638],[69.1412,41.296666],[69.141246,41.296695],[69.141258,41.296704],[69.141262,41.296708],[69.14133,41.296778],[69.141335,41.296784],[69.141354,41.296809],[69.141394,41.296861],[69.141399,41.296868],[69.141441,41.296938],[69.141527,41.297065],[69.14153,41.29707],[69.141622,41.29724],[69.141678,41.297333],[69.141681,41.297338],[69.141685,41.297348],[69.141713,41.297449],[69.141718,41.297458],[69.141744,41.297507],[69.14176,41.297533],[69.14185,41.297675],[69.141852,41.297679],[69.141865,41.297702],[69.141893,41.297753],[69.141915,41.297792],[69.141958,41.297875],[69.141995,41.297945],[69.141995,41.297946],[69.141999,41.297954],[69.142023,41.298032],[69.142068,41.2981],[69.142201,41.298257],[69.142223,41.298275],[69.142285,41.298323],[69.142347,41.298371],[69.142429,41.298425],[69.142486,41.298457],[69.14249,41.29846],[69.142496,41.298463],[69.142538,41.298494],[69.14259,41.298521],[69.142604,41.298528],[69.142665,41.298535],[69.142667,41.298535],[69.142672,41.298536],[69.142737,41.298547],[69.142748,41.298549],[69.142758,41.298553],[69.142768,41.298557],[69.142825,41.298586],[69.142834,41.29859],[69.142839,41.298594],[69.142888,41.29863],[69.142894,41.298635],[69.142939,41.298674],[69.142942,41.298676],[69.143,41.298732],[69.143005,41.298738],[69.143072,41.298818],[69.143073,41.29882],[69.143078,41.298827],[69.143116,41.298893],[69.143119,41.298897],[69.143122,41.298907],[69.143149,41.299003],[69.143149,41.299005],[69.14315,41.299009],[69.143162,41.299086],[69.143188,41.299178],[69.143189,41.299181],[69.14319,41.29919],[69.143195,41.299261],[69.143196,41.299265],[69.143195,41.299272],[69.143183,41.299362],[69.143182,41.299367],[69.143178,41.299377],[69.143149,41.299443],[69.14312,41.299507],[69.143113,41.299519],[69.143079,41.299563],[69.143044,41.299631],[69.143027,41.29967],[69.143019,41.299715],[69.143023,41.299732],[69.143044,41.299777],[69.143068,41.299815],[69.14311,41.299854],[69.143178,41.299902],[69.143248,41.299951],[69.143318,41.3],[69.143355,41.300024],[69.143417,41.300033],[69.143487,41.300023],[69.143496,41.300023],[69.143623,41.300016],[69.143703,41.300003],[69.143705,41.300003],[69.143722,41.300002],[69.143831,41.300003],[69.143845,41.300004],[69.143974,41.30002],[69.143988,41.300023],[69.144063,41.300041],[69.144074,41.300045],[69.144085,41.300049],[69.144173,41.300092],[69.144183,41.300098],[69.144332,41.300196],[69.144411,41.300229],[69.14442,41.300233],[69.144502,41.300278],[69.144583,41.300308],[69.144638,41.300315],[69.144653,41.300318],[69.144664,41.300322],[69.14473,41.300347],[69.144734,41.300349],[69.144745,41.300355],[69.144815,41.300395],[69.144826,41.300403],[69.144836,41.300412],[69.144876,41.300457],[69.144929,41.300506],[69.144938,41.300515],[69.14494,41.300518],[69.144966,41.300556],[69.144968,41.300559],[69.145001,41.300612],[69.145004,41.300618],[69.145049,41.300714],[69.145104,41.300767],[69.145112,41.300775],[69.14512,41.300787],[69.145156,41.300866],[69.14516,41.300875],[69.145161,41.300884],[69.145162,41.300893],[69.145159,41.300953],[69.145158,41.300957],[69.145146,41.301047],[69.145145,41.301052],[69.145144,41.301055],[69.14512,41.301133],[69.145102,41.301177],[69.145092,41.3012],[69.145091,41.301203],[69.145088,41.301208],[69.145037,41.301294],[69.145035,41.301297],[69.144904,41.301486],[69.144858,41.301572],[69.144857,41.301611],[69.144875,41.301683],[69.144899,41.301758],[69.14493,41.301805],[69.144934,41.301812],[69.144938,41.301825],[69.144954,41.301899],[69.145019,41.302015],[69.145068,41.30209],[69.145151,41.302178],[69.145156,41.302184],[69.145157,41.302185],[69.145209,41.302257],[69.145232,41.302288],[69.145321,41.302405],[69.145328,41.302416],[69.145329,41.302418],[69.145372,41.302518],[69.145374,41.302521],[69.1454,41.302592],[69.145458,41.302663],[69.145488,41.302693],[69.145542,41.302707],[69.145611,41.302717],[69.145626,41.30272],[69.14564,41.302725],[69.14573,41.302763],[69.145804,41.302789],[69.145811,41.302792],[69.145818,41.302795],[69.14592,41.302849],[69.145927,41.302853],[69.145934,41.302857],[69.146091,41.302978],[69.146096,41.302982],[69.1461,41.302986],[69.146158,41.303047],[69.146256,41.303144],[69.146263,41.303151],[69.146268,41.303158],[69.146315,41.303235],[69.146317,41.303241],[69.146319,41.303245],[69.14635,41.303324],[69.146353,41.303332],[69.146354,41.303344],[69.146354,41.303371],[69.146378,41.303403],[69.146402,41.303426],[69.146442,41.303448],[69.146486,41.303471],[69.146497,41.303478],[69.146507,41.303486],[69.146515,41.303495],[69.146524,41.303507],[69.146549,41.30354],[69.146549,41.30354],[69.146554,41.303547],[69.146595,41.303617],[69.14663,41.303648],[69.146662,41.303665],[69.146749,41.30369],[69.146802,41.303702],[69.14688,41.303699],[69.146885,41.303699],[69.146896,41.3037],[69.146982,41.303707],[69.146987,41.303708],[69.147063,41.303718],[69.147079,41.303721],[69.147081,41.303722],[69.147165,41.303747],[69.147176,41.303751],[69.147208,41.303764],[69.147324,41.303779],[69.14734,41.303782],[69.14742,41.303803],[69.147422,41.303804],[69.147546,41.30384],[69.147551,41.303842],[69.147617,41.303864],[69.14762,41.303865],[69.147686,41.30389],[69.147691,41.303892],[69.147704,41.303899],[69.147756,41.303931],[69.147768,41.30394],[69.147778,41.303951],[69.147819,41.304006],[69.147868,41.304063],[69.147871,41.304066],[69.147874,41.304071],[69.14793,41.304158],[69.147977,41.304206],[69.148035,41.304245],[69.148044,41.304252],[69.148048,41.304256],[69.148101,41.304311],[69.148104,41.304315],[69.148176,41.304399],[69.14822,41.304438],[69.148229,41.304449],[69.148263,41.304495],[69.148266,41.304498],[69.148315,41.304574],[69.148356,41.30463],[69.148361,41.304637],[69.148364,41.304645],[69.148367,41.304653],[69.148377,41.304703],[69.148378,41.30471],[69.14838,41.304737],[69.148396,41.304791],[69.148438,41.304852],[69.148496,41.30492],[69.148592,41.305019],[69.148662,41.305093],[69.148667,41.305099],[69.14867,41.305103],[69.148732,41.305198],[69.148787,41.305274],[69.148792,41.305283],[69.148796,41.305293],[69.148808,41.305337],[69.148837,41.305415],[69.148838,41.305416],[69.148877,41.305533],[69.148879,41.305537],[69.148893,41.305597],[69.148895,41.305607],[69.1489,41.305693],[69.14896,41.305903],[69.14897,41.305939],[69.148971,41.305942],[69.148972,41.305948],[69.148987,41.306067],[69.148987,41.306073],[69.148987,41.306078],[69.148981,41.306143],[69.148966,41.306303],[69.148965,41.306308],[69.148942,41.306426],[69.148941,41.306427],[69.14894,41.306433],[69.148923,41.306482],[69.148877,41.30661],[69.148873,41.306669],[69.14887,41.306704],[69.148869,41.306734],[69.148876,41.306794],[69.148889,41.306841],[69.148892,41.30685],[69.148892,41.306852],[69.148893,41.306857],[69.148899,41.306894],[69.148936,41.306935],[69.148939,41.306939],[69.148958,41.306963],[69.148995,41.306995],[69.149015,41.307012],[69.149059,41.307038],[69.149071,41.307046],[69.14908,41.307055],[69.149088,41.307065],[69.149111,41.307104],[69.149114,41.307109],[69.149118,41.307122],[69.149129,41.307169],[69.149129,41.307175],[69.14913,41.307181],[69.149129,41.307192],[69.149103,41.30731],[69.149102,41.307314],[69.149073,41.30741],[69.14906,41.307483],[69.149077,41.307565],[69.149104,41.30762],[69.149127,41.307659],[69.14913,41.307664],[69.149131,41.307666],[69.14916,41.307735],[69.149163,41.307744],[69.149164,41.307747],[69.149175,41.307805],[69.149186,41.307867],[69.149201,41.307889],[69.149207,41.3079],[69.149211,41.307912],[69.14922,41.307959],[69.149242,41.308023],[69.149243,41.308028],[69.149245,41.308034],[69.149254,41.308114],[69.149255,41.30812],[69.149254,41.308131],[69.149253,41.308135],[69.149243,41.308189],[69.149244,41.308234],[69.149245,41.308293],[69.149246,41.308326],[69.149244,41.308339],[69.149243,41.308344],[69.149228,41.30839],[69.149225,41.308397],[69.149223,41.308401],[69.149202,41.308439],[69.149186,41.308485],[69.149183,41.308492],[69.14913,41.308599],[69.149124,41.30861],[69.149095,41.308648],[69.149043,41.308719],[69.14896,41.30883],[69.148938,41.308863],[69.148916,41.308923],[69.148897,41.309021],[69.148887,41.3091],[69.148886,41.309106],[69.148884,41.30911],[69.148856,41.309198],[69.148852,41.309209],[69.148845,41.309219],[69.148774,41.309306],[69.148772,41.30931],[69.148717,41.30937],[69.148684,41.309433],[69.148659,41.309479],[69.148642,41.30953],[69.148636,41.309567],[69.148628,41.30963],[69.148637,41.309686],[69.148638,41.309694],[69.148641,41.309808],[69.14864,41.309818],[69.148637,41.309834],[69.148627,41.309892],[69.148626,41.309895],[69.14861,41.309967],[69.148606,41.309978],[69.1486,41.309989],[69.148592,41.309998],[69.148563,41.310027],[69.148552,41.310036],[69.148539,41.310044],[69.148525,41.310049],[69.148481,41.310064],[69.148457,41.310072],[69.148446,41.310075],[69.148434,41.310077],[69.148349,41.310086],[69.148227,41.310099],[69.148062,41.310115],[69.148051,41.310116],[69.147964,41.310117],[69.147962,41.310117],[69.147936,41.310117],[69.147871,41.310116],[69.147854,41.310115],[69.147786,41.310105],[69.147756,41.3101],[69.147686,41.310092],[69.147653,41.310088],[69.147633,41.310086],[69.147614,41.310097],[69.147572,41.310137],[69.147529,41.310184],[69.147509,41.310223],[69.147507,41.310232],[69.147493,41.310296],[69.14748,41.310365],[69.147489,41.310418],[69.1475,41.310493],[69.1475,41.310496],[69.147512,41.310551],[69.147548,41.310732],[69.147573,41.310818],[69.147621,41.310922],[69.147657,41.310998],[69.147685,41.31103],[69.147732,41.311066],[69.147905,41.311155],[69.147966,41.311182],[69.148076,41.311206],[69.148082,41.311208],[69.148095,41.311212],[69.148147,41.311234],[69.14816,41.311241],[69.148172,41.311249],[69.148182,41.311259],[69.148217,41.311304],[69.148224,41.311316],[69.148225,41.311318],[69.14824,41.311351],[69.14828,41.311423],[69.148281,41.311424],[69.148309,41.311478],[69.14831,41.311479],[69.148312,41.311485],[69.148332,41.311538],[69.148335,41.311547],[69.148336,41.311556],[69.148335,41.311566],[69.148327,41.31162],[69.148326,41.311624],[69.148325,41.311627],[69.148319,41.311649],[69.148326,41.311699],[69.148326,41.311711],[69.148324,41.311723],[69.148319,41.311734],[69.148281,41.311802],[69.148276,41.31181],[69.148224,41.31188],[69.148216,41.311888],[69.148208,41.311896],[69.148197,41.311902],[69.148134,41.311937],[69.148122,41.311943],[69.148108,41.311947],[69.148094,41.31195],[69.14808,41.311951],[69.147989,41.311953],[69.147977,41.311952],[69.147877,41.311944],[69.147863,41.311942],[69.147849,41.311938],[69.147817,41.311927],[69.147782,41.311915],[69.147733,41.311899],[69.147725,41.311899],[69.147713,41.311903],[69.147701,41.311913],[69.147694,41.311923],[69.147673,41.311955],[69.147669,41.311969],[69.147677,41.311998],[69.14768,41.312007],[69.147682,41.312016],[69.147682,41.312025],[69.147681,41.312034],[69.147681,41.312034],[69.147681,41.312035],[69.147663,41.312124],[69.147663,41.312125],[69.147646,41.312197],[69.147642,41.312208],[69.147639,41.312214],[69.147594,41.312287],[69.147555,41.312371],[69.147519,41.312483],[69.147516,41.31249],[69.147515,41.312492],[69.1475,41.312521],[69.147453,41.312611],[69.147369,41.312794],[69.147376,41.312842],[69.147455,41.312901],[69.147567,41.312992],[69.14772,41.313074],[69.147726,41.313078],[69.147733,41.313083],[69.147737,41.313086],[69.147871,41.313205],[69.147879,41.313214],[69.148078,41.313462],[69.14808,41.313465],[69.148149,41.313565],[69.148262,41.313636],[69.148274,41.313645],[69.148276,41.313647],[69.148373,41.31374],[69.148254,41.313876],[69.148268,41.313923],[69.148279,41.313994],[69.148284,41.314069],[69.148248,41.314174],[69.148227,41.314352],[69.148255,41.314503],[69.148341,41.31463],[69.148449,41.314782],[69.148686,41.314976],[69.148964,41.315008],[69.149053,41.315077],[69.149056,41.315079],[69.14916,41.315165],[69.14934,41.315256],[69.1495,41.315328],[69.149612,41.31538],[69.149624,41.315386],[69.149631,41.315391],[69.149676,41.315426],[69.149721,41.315461],[69.149725,41.315465],[69.149731,41.315471],[69.149794,41.315541],[69.149797,41.315545],[69.149802,41.315552],[69.149826,41.315594],[69.149859,41.315651],[69.149862,41.315655],[69.149863,41.315659],[69.149909,41.315773],[69.149912,41.315785],[69.149913,41.315798],[69.149905,41.315927],[69.149939,41.316018],[69.149979,41.3161],[69.150036,41.316176],[69.150111,41.316254],[69.150114,41.316258],[69.150149,41.3163],[69.150251,41.316399],[69.150259,41.316407],[69.15026,41.316409],[69.150321,41.316496],[69.150327,41.316505],[69.150329,41.316509],[69.150374,41.316627],[69.150403,41.316689],[69.150466,41.316816],[69.150528,41.31691],[69.150589,41.317],[69.150637,41.317057],[69.15064,41.31706],[69.150642,41.317064],[69.150742,41.317213],[69.150849,41.317346],[69.150854,41.317354],[69.150898,41.317431],[69.151028,41.317646],[69.151145,41.317823],[69.151147,41.317825],[69.15124,41.317977],[69.151289,41.318046],[69.151305,41.318069],[69.151339,41.318118],[69.151396,41.318192],[69.151525,41.318367],[69.151529,41.318374],[69.151619,41.318536],[69.151691,41.318655],[69.151753,41.318704],[69.151787,41.318727],[69.151795,41.318733],[69.151803,41.31874],[69.151809,41.318748],[69.151852,41.31881],[69.151937,41.318922],[69.151941,41.318928],[69.151979,41.318993],[69.151982,41.318998],[69.151986,41.319008],[69.152019,41.319126],[69.152019,41.319128],[69.152057,41.319291],[69.152059,41.319299],[69.152065,41.319374],[69.152095,41.319454],[69.152096,41.319457],[69.152117,41.31952],[69.152163,41.319614],[69.152229,41.319707],[69.152307,41.319803],[69.152308,41.319804],[69.152314,41.319813],[69.152365,41.319906],[69.152455,41.320014],[69.152547,41.320122],[69.15264,41.320229],[69.152676,41.320264],[69.152825,41.320349],[69.152829,41.320351],[69.152831,41.320353],[69.153004,41.32047],[69.153051,41.320498],[69.153228,41.320601],[69.153231,41.320603],[69.153233,41.320605],[69.153428,41.320737],[69.153438,41.320745],[69.153538,41.320837],[69.153555,41.320854],[69.153557,41.320855],[69.153644,41.320939],[69.153651,41.320948],[69.153653,41.32095],[69.153712,41.321033],[69.153728,41.321063],[69.153747,41.3211],[69.153748,41.321102],[69.153761,41.32113],[69.153767,41.321142],[69.15379,41.321156],[69.153898,41.321202],[69.154151,41.321311],[69.154156,41.321313],[69.154247,41.321358],[69.154256,41.321363],[69.154264,41.321369],[69.154346,41.321433],[69.15435,41.321437],[69.15436,41.321447],[69.154392,41.32149],[69.154398,41.3215],[69.154421,41.321546],[69.154425,41.321558],[69.154426,41.321569],[69.154429,41.32163],[69.154454,41.321746],[69.154471,41.321834],[69.154487,41.3219],[69.154518,41.321964],[69.154534,41.321993],[69.15455,41.322023],[69.154551,41.322025],[69.154553,41.32203],[69.154572,41.322081],[69.154605,41.322169],[69.154674,41.322266],[69.154679,41.322274],[69.154715,41.322344],[69.15472,41.322355],[69.154742,41.322436],[69.154744,41.322447],[69.154744,41.322457],[69.154741,41.322468],[69.154709,41.32257],[69.154706,41.322577],[69.154703,41.322582],[69.15464,41.322688],[69.154636,41.322694],[69.154589,41.322756],[69.154545,41.322824],[69.15453,41.322846],[69.154523,41.322856],[69.154513,41.322865],[69.154462,41.322904],[69.154458,41.322907],[69.154352,41.322978],[69.15435,41.32298],[69.154327,41.322994],[69.154136,41.323115],[69.154134,41.323116],[69.153964,41.323219],[69.153879,41.323286],[69.153817,41.32336],[69.153791,41.323417],[69.15379,41.323419],[69.153787,41.323425],[69.153779,41.323439],[69.153745,41.323494],[69.153756,41.323552],[69.153787,41.323662],[69.153857,41.32375],[69.153928,41.323821],[69.153955,41.323848],[69.153961,41.323855],[69.153962,41.323856],[69.154067,41.324001],[69.154069,41.324004],[69.154131,41.324102],[69.15418,41.324223],[69.154186,41.324243],[69.154212,41.324321],[69.154214,41.324332],[69.154215,41.324342],[69.154209,41.324435],[69.154207,41.324444],[69.154174,41.324582],[69.15417,41.324594],[69.154105,41.324729],[69.154102,41.324734],[69.154027,41.324858],[69.153913,41.325038],[69.153906,41.325048],[69.153897,41.325057],[69.153792,41.325141],[69.153784,41.325147],[69.153778,41.325151],[69.15378,41.325159],[69.153786,41.325186],[69.15379,41.325191],[69.15381,41.325203],[69.153852,41.32522],[69.153899,41.325226],[69.153914,41.325229],[69.153992,41.325248],[69.153994,41.325249],[69.154001,41.325251],[69.1541,41.325284],[69.154112,41.325289],[69.154123,41.325295],[69.154133,41.325302],[69.154188,41.32535],[69.154197,41.325359],[69.154275,41.325454],[69.154349,41.325538],[69.1544,41.325593],[69.15447,41.325646],[69.154517,41.325672],[69.15458,41.325687],[69.154584,41.325688],[69.154592,41.325691],[69.154673,41.32572],[69.154741,41.325737],[69.154807,41.325754],[69.15482,41.325758],[69.154833,41.325763],[69.154843,41.32577],[69.154853,41.325778],[69.154861,41.325787],[69.154867,41.325796],[69.154893,41.32585],[69.154927,41.325906],[69.154932,41.325915],[69.154934,41.325925],[69.154936,41.325935],[69.154937,41.326007],[69.154936,41.326017],[69.154933,41.326027],[69.154928,41.326036],[69.154905,41.326075],[69.154904,41.326078],[69.154868,41.326132],[69.154866,41.326136],[69.154859,41.326144],[69.154847,41.326155],[69.154799,41.326203],[69.154796,41.326206],[69.154792,41.32621],[69.154747,41.326245],[69.15473,41.326258],[69.154727,41.326261],[69.154667,41.32631],[69.154646,41.326348],[69.15463,41.326404],[69.154627,41.326438],[69.154658,41.32652],[69.154691,41.326588],[69.154774,41.326714],[69.154776,41.326717],[69.154858,41.326857],[69.154934,41.326964],[69.154935,41.326965],[69.155055,41.327145],[69.155134,41.327235],[69.155137,41.327239],[69.155162,41.327271],[69.155181,41.327285],[69.155217,41.327294],[69.155265,41.327297],[69.155301,41.327288],[69.155345,41.327268],[69.155356,41.327264],[69.155513,41.327213],[69.155624,41.327168],[69.155636,41.327164],[69.15564,41.327163],[69.155808,41.327122],[69.155917,41.327096],[69.155922,41.327095],[69.156006,41.327078],[69.156014,41.327077],[69.156158,41.327057],[69.156159,41.327057],[69.156287,41.327041],[69.156302,41.32704],[69.156305,41.32704],[69.156427,41.327043],[69.156447,41.327043],[69.156461,41.327044],[69.156474,41.327046],[69.156623,41.327083],[69.156692,41.327093],[69.156867,41.32712],[69.15688,41.327123],[69.156892,41.327127],[69.156993,41.327167],[69.157004,41.327172],[69.157013,41.327178],[69.157022,41.327185],[69.157106,41.32726],[69.157108,41.327261],[69.157181,41.327331],[69.157287,41.327431],[69.157288,41.327433],[69.157406,41.327552],[69.15741,41.327556],[69.157495,41.327655],[69.157587,41.327742],[69.15775,41.32788],[69.157844,41.327961],[69.157854,41.327971],[69.157856,41.327974],[69.15792,41.328068],[69.157959,41.328088],[69.158034,41.328101],[69.158201,41.328084],[69.158214,41.328083],[69.158221,41.328083],[69.158328,41.328089],[69.158338,41.32809],[69.158342,41.328091],[69.158429,41.328105],[69.158442,41.328107],[69.158447,41.328109],[69.158476,41.328119],[69.158528,41.328135],[69.158537,41.328138],[69.158549,41.328143],[69.15856,41.328149],[69.15857,41.328156],[69.158612,41.328191],[69.158613,41.328192],[69.158705,41.32824],[69.158793,41.328279],[69.158825,41.328292],[69.15883,41.328294],[69.158834,41.328296],[69.158859,41.328308],[69.159718,41.328126],[69.15973,41.328123],[69.15974,41.32812],[69.159838,41.328335],[69.160097,41.328257],[69.160442,41.328149],[69.160492,41.328155],[69.160565,41.328186],[69.160598,41.328265],[69.160655,41.328395],[69.160759,41.3285],[69.160985,41.328695],[69.161064,41.328745],[69.161302,41.328822],[69.161491,41.328953],[69.161565,41.329061],[69.161625,41.329179],[69.161651,41.32923],[69.161751,41.329298],[69.161794,41.329328],[69.162101,41.329488],[69.162296,41.329622],[69.162315,41.329634],[69.162353,41.329656],[69.162454,41.329712],[69.162563,41.329837],[69.162629,41.330013],[69.162824,41.330241],[69.163006,41.330416],[69.163126,41.3305],[69.163788,41.330963],[69.163796,41.330969],[69.163817,41.330983],[69.16405,41.331123],[69.164215,41.331193],[69.164249,41.331208],[69.164443,41.33129],[69.164459,41.331297],[69.164534,41.331329],[69.164577,41.331335],[69.164797,41.331365],[69.165083,41.331343],[69.165153,41.331337],[69.165204,41.331337],[69.165763,41.33133],[69.165898,41.331304],[69.166067,41.331272],[69.16611,41.331249],[69.166281,41.331159],[69.166519,41.331029],[69.16661,41.330995],[69.166803,41.330974],[69.167002,41.330997],[69.167364,41.331059],[69.167589,41.331063],[69.167632,41.330643],[69.167666,41.330304],[69.167428,41.330016],[69.167359,41.329774],[69.16735,41.329639],[69.167329,41.329309],[69.167323,41.329225],[69.167378,41.329224],[69.168042,41.329207],[69.168018,41.328202],[69.168026,41.328023],[69.168701,41.328032],[69.171193,41.327875],[69.173681,41.327708],[69.175929,41.327561],[69.180079,41.327275],[69.183427,41.32705],[69.192153,41.326482],[69.193953,41.326297],[69.193903,41.326236],[69.19334,41.325562],[69.193205,41.325365],[69.193133,41.325213],[69.193087,41.32506],[69.193066,41.324904],[69.193063,41.324762],[69.193132,41.323131],[69.193137,41.322447],[69.193136,41.322409],[69.193138,41.322314],[69.193138,41.322019],[69.193151,41.321592],[69.193178,41.32071],[69.193211,41.31981],[69.193254,41.318248],[69.193262,41.317846],[69.193275,41.317631],[69.193289,41.317308],[69.193295,41.317121],[69.193378,41.315308],[69.193415,41.313957],[69.193428,41.313078],[69.193468,41.312157],[69.193486,41.311703],[69.193517,41.31082],[69.193578,41.309454],[69.19358,41.309146],[69.193691,41.307203],[69.19371,41.306755],[69.19371,41.306743],[69.193733,41.306184],[69.193747,41.305853],[69.193764,41.305412],[69.193782,41.304952],[69.193788,41.304814],[69.193798,41.304582],[69.193809,41.304303],[69.193854,41.302964],[69.193866,41.302638],[69.193881,41.302214],[69.193948,41.3009],[69.193973,41.300106],[69.19398,41.29954],[69.193991,41.298649],[69.194029,41.297752],[69.194032,41.297653],[69.194223,41.292326],[69.194237,41.292087],[69.194247,41.291849],[69.194326,41.290631],[69.194341,41.290276],[69.194357,41.28986],[69.194362,41.289751],[69.194384,41.289194],[69.194406,41.288589],[69.194416,41.288293],[69.194414,41.287972],[69.194445,41.287037],[69.194457,41.286797],[69.194465,41.286503],[69.194483,41.286045],[69.194531,41.284885],[69.194588,41.283791],[69.19461,41.283183],[69.194644,41.282441],[69.194688,41.28154],[69.194729,41.280851],[69.195891,41.280074],[69.196459,41.279703],[69.197394,41.279092],[69.197989,41.278698],[69.197181,41.277887],[69.195956,41.27663],[69.195324,41.276311],[69.194195,41.275644],[69.193601,41.275351],[69.192901,41.275139],[69.189435,41.2743],[69.187572,41.273861],[69.186852,41.273691],[69.184323,41.273093],[69.18332,41.27286],[69.18293,41.27277],[69.180496,41.272228],[69.177613,41.271571],[69.177262,41.271497],[69.176108,41.271192],[69.176006,41.271156],[69.175789,41.27106],[69.175624,41.27097],[69.174287,41.270153],[69.172227,41.268868],[69.171692,41.269355],[69.171168,41.269834],[69.170625,41.269503],[69.169993,41.269118],[69.169012,41.268546],[69.168043,41.268016],[69.1677,41.267813],[69.167411,41.267856],[69.167191,41.267883],[69.167138,41.267893],[69.167042,41.267914],[69.166768,41.267983],[69.166719,41.267997],[69.166586,41.268042],[69.166514,41.268068],[69.166452,41.26808],[69.166362,41.268094],[69.166267,41.268105],[69.166206,41.268119],[69.166143,41.268138],[69.166091,41.268149],[69.165996,41.268158],[69.165922,41.268171],[69.165788,41.268202],[69.165633,41.26824],[69.165418,41.268305],[69.165238,41.268358],[69.165058,41.268421],[69.164942,41.268461],[69.164831,41.268507],[69.164627,41.26857],[69.164426,41.268624],[69.164302,41.268654],[69.164091,41.268701],[69.164036,41.268718],[69.163817,41.268555],[69.163476,41.268121],[69.162937,41.267381],[69.162618,41.267007],[69.162115,41.266554],[69.161904,41.266375],[69.16154,41.266131],[69.160307,41.265465],[69.157913,41.264229],[69.156857,41.263831],[69.156203,41.263585],[69.154493,41.262969],[69.151927,41.262094],[69.151262,41.261867],[69.148687,41.261014],[69.148674,41.261028],[69.148628,41.261083],[69.148341,41.261425],[69.148143,41.261707],[69.147925,41.262046],[69.147731,41.262394],[69.147555,41.262747],[69.147397,41.263106],[69.147258,41.263469],[69.14721,41.263614],[69.147135,41.263837],[69.147036,41.264205],[69.14695,41.264573],[69.146886,41.26495],[69.146848,41.265319],[69.146821,41.265694],[69.146804,41.266073],[69.146785,41.266436],[69.146765,41.266805],[69.146745,41.267174],[69.146732,41.267547],[69.146714,41.267857],[69.14671,41.267918],[69.146695,41.268287],[69.146674,41.268658],[69.146653,41.269035],[69.146592,41.270178],[69.146564,41.270685],[69.146489,41.272107],[69.146444,41.272905],[69.146386,41.273796],[69.146329,41.27472],[69.14627,41.27557],[69.146249,41.276002],[69.146239,41.276222],[69.146239,41.276597],[69.146303,41.277295],[69.146366,41.277829],[69.146411,41.278027],[69.146464,41.278203],[69.1465,41.27832]]]]}},{"type":"Feature","properties":{"name":"Chilonzor","name_ru":"Чиланзар","tuman":"Чилонзор","area_ha":3052.94,"source":"Toshkent shahar chegarasi (2024)"},"geometry":{"type":"MultiPolygon","coordinates":[[[[69.24577,41.298419],[69.24555,41.298306],[69.245412,41.298251],[69.245028,41.298076],[69.24471,41.297954],[69.244586,41.297924],[69.244343,41.297864],[69.244103,41.297803],[69.243958,41.297746],[69.243861,41.297673],[69.243751,41.297537],[69.243573,41.297312],[69.243495,41.2972],[69.243432,41.297165],[69.243259,41.297125],[69.242888,41.297091],[69.242035,41.297077],[69.242049,41.296754],[69.242052,41.296614],[69.24202,41.296443],[69.242006,41.296303],[69.242022,41.296191],[69.242057,41.296066],[69.242045,41.296009],[69.242019,41.295942],[69.241887,41.295721],[69.241764,41.295533],[69.241653,41.295278],[69.241605,41.295144],[69.241506,41.295058],[69.241389,41.294989],[69.241234,41.294927],[69.241043,41.294887],[69.240806,41.294886],[69.240718,41.294876],[69.240638,41.294858],[69.240572,41.294819],[69.240516,41.294737],[69.240449,41.294587],[69.240291,41.294232],[69.240201,41.293961],[69.240096,41.293817],[69.239855,41.293684],[69.23953,41.293541],[69.238751,41.292844],[69.238341,41.292371],[69.237952,41.292023],[69.237821,41.291881],[69.237771,41.291812],[69.237728,41.291733],[69.237684,41.291627],[69.237655,41.29133],[69.237692,41.290838],[69.237764,41.290373],[69.237929,41.289865],[69.237968,41.289617],[69.237893,41.289388],[69.237705,41.288951],[69.23756,41.288423],[69.23746,41.288153],[69.237228,41.287872],[69.237001,41.287497],[69.236843,41.287227],[69.23667,41.287038],[69.23642,41.286931],[69.236075,41.286817],[69.235761,41.286677],[69.23549,41.2865],[69.235332,41.286385],[69.235224,41.286287],[69.23513,41.286131],[69.235093,41.286001],[69.235058,41.285893],[69.235006,41.285693],[69.234968,41.285395],[69.234951,41.28517],[69.23491,41.284329],[69.234862,41.284105],[69.234846,41.283729],[69.234833,41.283471],[69.234801,41.28329],[69.234776,41.283151],[69.234773,41.283106],[69.234778,41.28306],[69.23479,41.283008],[69.234793,41.28296],[69.234785,41.282916],[69.234772,41.282858],[69.234764,41.282812],[69.234775,41.282726],[69.234794,41.282665],[69.234802,41.2826],[69.234795,41.28241],[69.234738,41.282237],[69.234656,41.281995],[69.234611,41.281822],[69.234618,41.281596],[69.234619,41.281515],[69.234622,41.28135],[69.234604,41.281252],[69.234555,41.281163],[69.234464,41.281095],[69.234385,41.281055],[69.234272,41.280997],[69.234134,41.280918],[69.233937,41.280809],[69.23375,41.280694],[69.233474,41.280541],[69.23324,41.280421],[69.233026,41.280257],[69.232876,41.280146],[69.232743,41.280115],[69.232615,41.280111],[69.232436,41.280115],[69.232238,41.280112],[69.232082,41.280103],[69.231937,41.280061],[69.231793,41.280004],[69.231712,41.279949],[69.231638,41.279882],[69.231556,41.279765],[69.231427,41.279621],[69.231304,41.279534],[69.231161,41.279495],[69.230805,41.279398],[69.230335,41.279262],[69.230156,41.279215],[69.230023,41.279162],[69.229998,41.279142],[69.229994,41.279138],[69.229856,41.279027],[69.229696,41.278885],[69.229517,41.278595],[69.229406,41.27843],[69.229221,41.278236],[69.229022,41.278095],[69.228805,41.277975],[69.228596,41.277824],[69.228303,41.277563],[69.227846,41.277157],[69.227561,41.276924],[69.227174,41.276614],[69.2269,41.2764],[69.226698,41.276237],[69.226435,41.275998],[69.226169,41.275778],[69.225981,41.275636],[69.225927,41.27556],[69.225856,41.275455],[69.225791,41.275242],[69.225615,41.274798],[69.225545,41.274606],[69.225489,41.274435],[69.224943,41.273668],[69.224825,41.273531],[69.224738,41.273422],[69.224656,41.273275],[69.224587,41.273137],[69.224449,41.272891],[69.224328,41.27278],[69.224185,41.272658],[69.223981,41.272553],[69.223882,41.272464],[69.223682,41.27221],[69.223549,41.272057],[69.223374,41.271891],[69.22329,41.27177],[69.223251,41.271646],[69.223181,41.271411],[69.22306,41.271113],[69.222931,41.270889],[69.22285,41.270688],[69.222768,41.270534],[69.222657,41.270416],[69.222522,41.270298],[69.222443,41.270146],[69.222293,41.26998],[69.22222,41.269867],[69.222122,41.269778],[69.221974,41.269724],[69.221888,41.269673],[69.221793,41.269585],[69.221755,41.269549],[69.221701,41.269471],[69.221702,41.269389],[69.221739,41.269292],[69.221778,41.269156],[69.221766,41.269058],[69.221714,41.268982],[69.221544,41.268875],[69.221394,41.268761],[69.22129,41.268624],[69.221194,41.268405],[69.221134,41.268089],[69.221009,41.267645],[69.220949,41.267274],[69.22087,41.267128],[69.220697,41.266886],[69.220618,41.266743],[69.220529,41.266627],[69.220293,41.266416],[69.220017,41.266207],[69.219878,41.266107],[69.21971,41.266011],[69.218377,41.264795],[69.218384,41.264759],[69.218522,41.264497],[69.218531,41.264402],[69.218528,41.26432],[69.218485,41.264174],[69.218477,41.264124],[69.218487,41.264054],[69.218525,41.263964],[69.218556,41.263904],[69.218567,41.263817],[69.218561,41.263719],[69.218531,41.263557],[69.218513,41.263294],[69.21849,41.263077],[69.218463,41.262854],[69.218322,41.262432],[69.218198,41.262191],[69.217961,41.261977],[69.217757,41.261748],[69.217573,41.261517],[69.217502,41.261445],[69.217272,41.261269],[69.21721,41.261192],[69.21713,41.261059],[69.216982,41.260874],[69.216836,41.260661],[69.216649,41.260395],[69.216464,41.260149],[69.21632,41.259851],[69.215901,41.259133],[69.215823,41.259026],[69.215753,41.258913],[69.215678,41.258686],[69.215621,41.258421],[69.215527,41.258147],[69.215426,41.257932],[69.215337,41.257761],[69.21525,41.257549],[69.215241,41.257526],[69.215175,41.257395],[69.215152,41.25735],[69.215058,41.257241],[69.214973,41.257134],[69.214918,41.257077],[69.214828,41.256978],[69.214718,41.256857],[69.21467,41.256793],[69.214523,41.256601],[69.214319,41.256329],[69.214193,41.256107],[69.214115,41.255946],[69.214072,41.255781],[69.214035,41.255618],[69.214027,41.255499],[69.214044,41.255299],[69.214068,41.25514],[69.214105,41.255023],[69.214132,41.254919],[69.214153,41.254846],[69.214213,41.25462],[69.21435,41.254301],[69.214525,41.25401],[69.214652,41.25391],[69.214796,41.253805],[69.214893,41.253722],[69.215095,41.253533],[69.215167,41.253428],[69.215243,41.253298],[69.215389,41.253071],[69.215339,41.253043],[69.215084,41.252903],[69.214006,41.252312],[69.213254,41.251889],[69.213169,41.251841],[69.213094,41.251798],[69.212919,41.251703],[69.211879,41.251136],[69.21136,41.250832],[69.211017,41.250632],[69.210389,41.250271],[69.210218,41.250173],[69.209646,41.249842],[69.209038,41.24949],[69.207714,41.248678],[69.206529,41.247933],[69.20637,41.247833],[69.205996,41.247598],[69.205291,41.247154],[69.204623,41.246729],[69.204229,41.246479],[69.203275,41.245877],[69.203203,41.245832],[69.202536,41.245421],[69.201713,41.244897],[69.201421,41.244711],[69.201276,41.244618],[69.200268,41.243968],[69.200214,41.243934],[69.199675,41.243594],[69.199477,41.243471],[69.199071,41.243217],[69.198679,41.242969],[69.198532,41.242876],[69.197969,41.242523],[69.197502,41.242235],[69.197383,41.242162],[69.197054,41.241955],[69.196877,41.241844],[69.196654,41.241706],[69.196384,41.241538],[69.196139,41.241387],[69.195674,41.241094],[69.19508,41.24072],[69.195035,41.240692],[69.19483,41.240564],[69.194623,41.240433],[69.194658,41.2404],[69.194599,41.240367],[69.194544,41.240333],[69.194454,41.240275],[69.194446,41.240271],[69.194421,41.240255],[69.194409,41.240247],[69.19435,41.24021],[69.194266,41.240158],[69.194169,41.240097],[69.194167,41.240096],[69.194131,41.240073],[69.19406,41.24003],[69.194035,41.240014],[69.193946,41.239957],[69.193829,41.239884],[69.19372,41.239817],[69.193625,41.239758],[69.193614,41.239751],[69.193497,41.239675],[69.193495,41.239674],[69.193494,41.239674],[69.193394,41.239613],[69.193261,41.239531],[69.193148,41.239462],[69.193,41.239369],[69.19286,41.239282],[69.192839,41.239269],[69.192839,41.239269],[69.192715,41.239191],[69.192649,41.239149],[69.192649,41.239149],[69.192647,41.239148],[69.192575,41.239103],[69.192575,41.239103],[69.192575,41.239103],[69.192575,41.239103],[69.192503,41.239059],[69.192427,41.239011],[69.19239,41.238987],[69.192388,41.238986],[69.19226,41.238908],[69.19226,41.238908],[69.19226,41.238908],[69.192119,41.238818],[69.191962,41.238723],[69.191917,41.238694],[69.191917,41.238694],[69.191917,41.238694],[69.191839,41.238645],[69.191762,41.238596],[69.191703,41.238558],[69.191702,41.238557],[69.191701,41.238557],[69.19161,41.238501],[69.191534,41.238454],[69.19141,41.238377],[69.19141,41.238377],[69.19141,41.238377],[69.191325,41.238324],[69.191242,41.238271],[69.191242,41.238271],[69.191242,41.238271],[69.191136,41.238205],[69.191079,41.23817],[69.19094,41.238083],[69.190755,41.237966],[69.190755,41.237966],[69.190755,41.237966],[69.190738,41.237956],[69.190725,41.237948],[69.190637,41.237893],[69.19057,41.237851],[69.19052,41.237821],[69.190479,41.237793],[69.190469,41.237786],[69.190469,41.237786],[69.190465,41.237784],[69.190399,41.237744],[69.190355,41.237717],[69.190295,41.23768],[69.190213,41.23763],[69.190046,41.237525],[69.189998,41.237494],[69.189936,41.237455],[69.189765,41.237348],[69.189714,41.237316],[69.189628,41.237262],[69.189601,41.237245],[69.189481,41.237168],[69.189333,41.237071],[69.189333,41.237071],[69.189333,41.237071],[69.189333,41.237071],[69.189294,41.237045],[69.189215,41.236993],[69.189134,41.236939],[69.188995,41.236844],[69.188955,41.236816],[69.188943,41.236808],[69.18884,41.236736],[69.188795,41.236704],[69.188756,41.236677],[69.188715,41.236648],[69.1886,41.236562],[69.188534,41.236512],[69.188371,41.236387],[69.188341,41.236364],[69.188308,41.23634],[69.188266,41.236307],[69.188203,41.23626],[69.188077,41.236156],[69.188077,41.236156],[69.187986,41.236081],[69.187912,41.236019],[69.18789,41.236],[69.187727,41.235859],[69.18763,41.235774],[69.1876,41.235747],[69.187536,41.23569],[69.187441,41.235602],[69.187441,41.235602],[69.187355,41.23552],[69.187305,41.235473],[69.187229,41.235402],[69.187156,41.235332],[69.187151,41.235328],[69.187033,41.235212],[69.186959,41.235138],[69.186916,41.235096],[69.186834,41.235015],[69.186802,41.234984],[69.18671,41.234893],[69.18663,41.234812],[69.186602,41.234785],[69.186547,41.234729],[69.18642,41.234601],[69.186352,41.234532],[69.18635,41.23453],[69.186246,41.234428],[69.186173,41.234355],[69.186083,41.234264],[69.185999,41.23418],[69.185908,41.23409],[69.185877,41.23406],[69.185849,41.234032],[69.18575,41.233932],[69.185682,41.233865],[69.185618,41.2338],[69.185544,41.233727],[69.185523,41.233707],[69.18548,41.233664],[69.185432,41.233617],[69.185406,41.233591],[69.185344,41.233526],[69.185341,41.233523],[69.185244,41.23343],[69.18515,41.233333],[69.18515,41.233333],[69.185146,41.233329],[69.185146,41.233329],[69.185042,41.233226],[69.184952,41.233136],[69.184854,41.233036],[69.18482,41.233002],[69.184744,41.232926],[69.184661,41.232844],[69.184592,41.232773],[69.184544,41.232725],[69.184465,41.232646],[69.184419,41.2326],[69.184396,41.232577],[69.184291,41.232471],[69.184156,41.232337],[69.184108,41.232291],[69.184043,41.232228],[69.183944,41.232126],[69.183942,41.232124],[69.183941,41.232122],[69.18384,41.232021],[69.183728,41.23191],[69.183724,41.231906],[69.183723,41.231905],[69.183632,41.231816],[69.18355,41.231732],[69.183481,41.23166],[69.183478,41.231657],[69.183281,41.231465],[69.183174,41.231356],[69.183174,41.231356],[69.183174,41.231356],[69.183154,41.231336],[69.183154,41.231336],[69.183028,41.231212],[69.182917,41.231099],[69.182782,41.230966],[69.182711,41.230894],[69.182664,41.230847],[69.182612,41.230796],[69.182561,41.230746],[69.182407,41.230594],[69.182374,41.23056],[69.18232,41.230505],[69.182218,41.230404],[69.182218,41.230404],[69.182218,41.230404],[69.182218,41.230404],[69.182189,41.230375],[69.182049,41.230233],[69.182049,41.230233],[69.181893,41.23008],[69.181859,41.230045],[69.181842,41.230028],[69.181813,41.229999],[69.181759,41.229944],[69.18166,41.229846],[69.181486,41.229674],[69.181323,41.229508],[69.181302,41.229487],[69.181198,41.229383],[69.181158,41.229343],[69.181128,41.229313],[69.181053,41.229241],[69.180941,41.229128],[69.180936,41.229124],[69.180864,41.229051],[69.180769,41.228956],[69.180769,41.228956],[69.180769,41.228956],[69.180769,41.228956],[69.180718,41.228906],[69.180587,41.228773],[69.180445,41.228633],[69.18033,41.228517],[69.18033,41.228517],[69.18029,41.228478],[69.180289,41.228476],[69.180289,41.228476],[69.180285,41.228473],[69.180273,41.228461],[69.180269,41.228457],[69.180262,41.228449],[69.180211,41.228399],[69.180201,41.228389],[69.180142,41.22833],[69.180138,41.228326],[69.180138,41.228326],[69.18012,41.228308],[69.180087,41.228275],[69.180031,41.22822],[69.179965,41.228155],[69.179943,41.228133],[69.179933,41.228123],[69.179875,41.228066],[69.17986,41.22805],[69.179782,41.227972],[69.17977,41.22796],[69.179759,41.227949],[69.17965,41.22784],[69.179517,41.227707],[69.179315,41.227506],[69.179137,41.227328],[69.179038,41.227229],[69.178994,41.227185],[69.178962,41.227154],[69.178962,41.227154],[69.178962,41.227154],[69.178962,41.227154],[69.178857,41.227051],[69.178676,41.226869],[69.178571,41.226765],[69.178571,41.226765],[69.178571,41.226765],[69.178503,41.226698],[69.178313,41.226509],[69.178284,41.226479],[69.178184,41.226378],[69.178152,41.226346],[69.178151,41.226345],[69.178151,41.226345],[69.178151,41.226345],[69.178147,41.226341],[69.178076,41.226268],[69.178076,41.226268],[69.178076,41.226268],[69.178076,41.226268],[69.178014,41.226205],[69.177927,41.226117],[69.177903,41.226092],[69.177871,41.226061],[69.177768,41.225958],[69.177588,41.225783],[69.177388,41.225581],[69.177362,41.225555],[69.177252,41.225445],[69.177162,41.225354],[69.177047,41.22524],[69.176996,41.225189],[69.176966,41.225159],[69.176846,41.225039],[69.176689,41.224879],[69.17663,41.224819],[69.17663,41.224819],[69.17663,41.224819],[69.176527,41.224715],[69.176434,41.22462],[69.176425,41.224611],[69.17637,41.224555],[69.176345,41.224529],[69.176292,41.224474],[69.17629,41.224472],[69.176289,41.224471],[69.176212,41.224395],[69.17614,41.224319],[69.176125,41.224304],[69.176125,41.224304],[69.176105,41.224284],[69.176105,41.224284],[69.176105,41.224284],[69.176105,41.224284],[69.176032,41.224209],[69.175946,41.224115],[69.175945,41.224114],[69.175945,41.224113],[69.175848,41.224012],[69.175812,41.223972],[69.175787,41.223945],[69.175778,41.223935],[69.175767,41.223923],[69.175669,41.223812],[69.17566,41.223802],[69.17566,41.223802],[69.17566,41.223802],[69.17566,41.223802],[69.175629,41.223767],[69.175552,41.22368],[69.175548,41.223675],[69.175548,41.223675],[69.175546,41.223673],[69.175496,41.223619],[69.175405,41.223511],[69.175405,41.223511],[69.175405,41.223511],[69.175405,41.223511],[69.175372,41.223471],[69.175363,41.22346],[69.175278,41.223352],[69.175269,41.22334],[69.175211,41.223267],[69.175142,41.22318],[69.175062,41.223076],[69.175058,41.223072],[69.175058,41.223072],[69.175056,41.223069],[69.174944,41.222909],[69.174825,41.222742],[69.174825,41.222742],[69.174751,41.222628],[69.174702,41.222552],[69.174702,41.222551],[69.174467,41.222662],[69.174318,41.222751],[69.173929,41.223101],[69.173921,41.223109],[69.17348,41.223583],[69.173392,41.223675],[69.172941,41.224146],[69.172746,41.224407],[69.172327,41.224928],[69.172274,41.224986],[69.172241,41.225008],[69.172198,41.225018],[69.172143,41.225028],[69.172096,41.225039],[69.172054,41.225052],[69.172026,41.225079],[69.171934,41.22518],[69.172476,41.225488],[69.172916,41.225739],[69.172993,41.225784],[69.172778,41.226015],[69.172612,41.226163],[69.172444,41.226258],[69.172402,41.22628],[69.172239,41.22634],[69.172238,41.226373],[69.172285,41.226428],[69.172315,41.226458],[69.172385,41.226499],[69.173101,41.226833],[69.173923,41.227175],[69.173864,41.227274],[69.173866,41.227359],[69.173914,41.227508],[69.173925,41.227541],[69.17394,41.22759],[69.174021,41.227846],[69.174062,41.227978],[69.174109,41.228157],[69.174124,41.228214],[69.174152,41.228318],[69.174092,41.228381],[69.174045,41.228431],[69.174016,41.228459],[69.173945,41.228531],[69.173924,41.228552],[69.173842,41.228624],[69.173832,41.228633],[69.173808,41.228654],[69.17382,41.228672],[69.173833,41.228697],[69.173837,41.228718],[69.173837,41.228741],[69.17383,41.228758],[69.173822,41.228771],[69.173795,41.228802],[69.173734,41.228881],[69.173549,41.2291],[69.173526,41.229126],[69.173465,41.229194],[69.173384,41.229285],[69.173076,41.229631],[69.172753,41.229993],[69.172585,41.230187],[69.172181,41.230651],[69.172262,41.230697],[69.172135,41.230854],[69.171932,41.231103],[69.171833,41.231224],[69.171545,41.231577],[69.171337,41.231831],[69.17111,41.232108],[69.170865,41.232405],[69.170766,41.232528],[69.170713,41.232593],[69.170528,41.232818],[69.170481,41.232875],[69.170386,41.232991],[69.169893,41.23359],[69.169486,41.234091],[69.169382,41.234218],[69.169338,41.234272],[69.169185,41.234461],[69.169181,41.234465],[69.16908,41.23459],[69.169011,41.234658],[69.168859,41.234785],[69.168759,41.234853],[69.168602,41.234948],[69.16848,41.235006],[69.168372,41.235047],[69.168282,41.235078],[69.168227,41.235096],[69.168208,41.235101],[69.168143,41.235122],[69.168047,41.235145],[69.167921,41.235172],[69.167847,41.235184],[69.167712,41.235202],[69.167706,41.235203],[69.167543,41.235226],[69.167474,41.235235],[69.167276,41.235249],[69.167197,41.235254],[69.167087,41.235266],[69.166971,41.235289],[69.166813,41.235336],[69.166625,41.235394],[69.166481,41.235439],[69.166318,41.235491],[69.166254,41.235512],[69.166204,41.23553],[69.166056,41.23557],[69.165888,41.235613],[69.165797,41.235639],[69.165743,41.235651],[69.165732,41.235653],[69.165658,41.235667],[69.165574,41.235679],[69.165471,41.235686],[69.165361,41.235689],[69.165269,41.235683],[69.165158,41.235665],[69.165102,41.235656],[69.164729,41.235996],[69.164888,41.236112],[69.16495,41.236163],[69.165069,41.236283],[69.165111,41.236325],[69.165191,41.236405],[69.165281,41.236506],[69.165337,41.236591],[69.165385,41.236672],[69.165439,41.236768],[69.165462,41.236791],[69.16549,41.236883],[69.16551,41.236999],[69.165518,41.237094],[69.165524,41.237178],[69.165519,41.237223],[69.165543,41.237444],[69.165558,41.237631],[69.165567,41.2378],[69.165579,41.237931],[69.165594,41.238118],[69.165612,41.238291],[69.165625,41.238338],[69.165627,41.238344],[69.165641,41.238394],[69.165664,41.23847],[69.165699,41.238556],[69.165732,41.238629],[69.165763,41.238686],[69.165812,41.238757],[69.165874,41.238833],[69.165985,41.23895],[69.166037,41.239001],[69.166079,41.239041],[69.166161,41.23912],[69.166281,41.239236],[69.166368,41.239322],[69.16645,41.239404],[69.166515,41.239472],[69.166577,41.239556],[69.166627,41.23963],[69.166637,41.239649],[69.166674,41.239723],[69.166705,41.239798],[69.166736,41.239883],[69.166753,41.239958],[69.166765,41.240028],[69.166769,41.240096],[69.166772,41.240177],[69.166772,41.240179],[69.166757,41.240311],[69.166755,41.240329],[69.166738,41.240467],[69.166715,41.240579],[69.166688,41.240737],[69.166659,41.240907],[69.166646,41.240975],[69.16653,41.241325],[69.166513,41.241366],[69.166482,41.241442],[69.166472,41.241483],[69.166469,41.241499],[69.166466,41.241508],[69.166424,41.241579],[69.166371,41.241661],[69.166317,41.241832],[69.16628,41.241927],[69.16627,41.242092],[69.166231,41.24221],[69.166153,41.242444],[69.166039,41.242792],[69.166007,41.242889],[69.165908,41.24318],[69.165834,41.243401],[69.165732,41.243717],[69.165619,41.244071],[69.165579,41.244186],[69.165462,41.244565],[69.165392,41.244774],[69.165306,41.245039],[69.165188,41.245381],[69.165099,41.24566],[69.165085,41.245702],[69.164954,41.246101],[69.164493,41.247486],[69.164493,41.247486],[69.164356,41.247897],[69.164266,41.248159],[69.164263,41.248166],[69.164135,41.248539],[69.164116,41.248593],[69.164085,41.248678],[69.163945,41.248992],[69.163809,41.249255],[69.16372,41.249419],[69.163527,41.249771],[69.163424,41.249941],[69.163347,41.250062],[69.163237,41.250216],[69.163155,41.250325],[69.163096,41.250401],[69.163009,41.250514],[69.162882,41.25066],[69.162684,41.250872],[69.162548,41.251022],[69.162514,41.251059],[69.162306,41.251277],[69.162115,41.251471],[69.161831,41.251721],[69.161609,41.251909],[69.161334,41.252132],[69.161289,41.252168],[69.161089,41.25232],[69.161085,41.252324],[69.161032,41.252364],[69.160985,41.252398],[69.160831,41.252511],[69.160622,41.252655],[69.160456,41.252722],[69.160195,41.25291],[69.160083,41.253016],[69.159954,41.253095],[69.159731,41.253227],[69.159527,41.253342],[69.159283,41.253487],[69.159019,41.253646],[69.158998,41.253657],[69.158843,41.253747],[69.158595,41.253891],[69.158284,41.254071],[69.157945,41.254262],[69.15768,41.25443],[69.157479,41.254567],[69.15742,41.254602],[69.156992,41.254853],[69.15676,41.254988],[69.15663,41.255065],[69.156298,41.255259],[69.15575,41.255576],[69.154987,41.256041],[69.154474,41.256373],[69.153352,41.257192],[69.152828,41.257571],[69.151976,41.258198],[69.151549,41.258511],[69.151142,41.258811],[69.151029,41.258896],[69.151005,41.258913],[69.150951,41.258952],[69.150754,41.259096],[69.150477,41.259306],[69.150248,41.259482],[69.150156,41.259553],[69.150121,41.259583],[69.149819,41.259846],[69.149772,41.259886],[69.149713,41.259943],[69.149703,41.259953],[69.149628,41.260022],[69.149581,41.260065],[69.149517,41.260124],[69.149511,41.260129],[69.149328,41.26031],[69.149324,41.260314],[69.149259,41.260381],[69.149207,41.260434],[69.149191,41.260451],[69.149014,41.260641],[69.148848,41.260826],[69.148795,41.260888],[69.148687,41.261014],[69.151262,41.261867],[69.151927,41.262094],[69.154493,41.262969],[69.156203,41.263585],[69.156857,41.263831],[69.157913,41.264229],[69.160307,41.265465],[69.16154,41.266131],[69.161904,41.266375],[69.162115,41.266554],[69.162618,41.267007],[69.162937,41.267381],[69.163476,41.268121],[69.163817,41.268555],[69.164036,41.268718],[69.164091,41.268701],[69.164302,41.268654],[69.164426,41.268624],[69.164627,41.26857],[69.164831,41.268507],[69.164942,41.268461],[69.165058,41.268421],[69.165238,41.268358],[69.165418,41.268305],[69.165633,41.26824],[69.165788,41.268202],[69.165922,41.268171],[69.165996,41.268158],[69.166091,41.268149],[69.166143,41.268138],[69.166206,41.268119],[69.166267,41.268105],[69.166362,41.268094],[69.166452,41.26808],[69.166514,41.268068],[69.166586,41.268042],[69.166719,41.267997],[69.166768,41.267983],[69.167042,41.267914],[69.167138,41.267893],[69.167191,41.267883],[69.167411,41.267856],[69.1677,41.267813],[69.168043,41.268016],[69.169012,41.268546],[69.169993,41.269118],[69.170625,41.269503],[69.171168,41.269834],[69.171692,41.269355],[69.172227,41.268868],[69.174287,41.270153],[69.175624,41.27097],[69.175789,41.27106],[69.176006,41.271156],[69.176108,41.271192],[69.177263,41.271498],[69.177613,41.271571],[69.180496,41.272228],[69.18293,41.27277],[69.18332,41.27286],[69.184323,41.273093],[69.186852,41.273691],[69.187572,41.273861],[69.189435,41.2743],[69.192901,41.275139],[69.193601,41.275351],[69.194195,41.275644],[69.195324,41.276311],[69.195956,41.27663],[69.197181,41.277887],[69.197989,41.278698],[69.197394,41.279092],[69.196459,41.279703],[69.195891,41.280074],[69.194729,41.280851],[69.194688,41.28154],[69.194644,41.282441],[69.19461,41.283183],[69.194588,41.283791],[69.194531,41.284885],[69.194483,41.286045],[69.194465,41.286503],[69.194457,41.286797],[69.194445,41.287037],[69.194414,41.287972],[69.194416,41.288293],[69.194406,41.288589],[69.194384,41.289194],[69.194362,41.289751],[69.194357,41.28986],[69.194341,41.290276],[69.194326,41.290631],[69.194247,41.291849],[69.194237,41.292087],[69.194223,41.292326],[69.194032,41.297653],[69.194029,41.297752],[69.193991,41.298649],[69.19398,41.29954],[69.193973,41.300106],[69.193948,41.3009],[69.193881,41.302214],[69.193866,41.302638],[69.193854,41.302964],[69.194144,41.302869],[69.194857,41.302635],[69.195616,41.302367],[69.196522,41.302029],[69.197392,41.301765],[69.198926,41.301246],[69.199976,41.300863],[69.200573,41.30068],[69.200831,41.300632],[69.201233,41.300577],[69.202039,41.300578],[69.202832,41.300609],[69.203473,41.300633],[69.205222,41.300662],[69.207042,41.300712],[69.20854,41.300755],[69.210504,41.300811],[69.211734,41.300844],[69.213604,41.300894],[69.216802,41.300979],[69.219005,41.301017],[69.219546,41.301084],[69.220025,41.301204],[69.22044,41.30132],[69.220733,41.30145],[69.221504,41.301912],[69.221917,41.302122],[69.222394,41.302263],[69.222863,41.302314],[69.223413,41.302285],[69.223792,41.302215],[69.226404,41.301356],[69.228312,41.300705],[69.230545,41.299943],[69.231269,41.299706],[69.23209,41.300538],[69.232325,41.300797],[69.233071,41.301618],[69.233424,41.302043],[69.233888,41.302604],[69.234448,41.30328],[69.236319,41.305648],[69.23743,41.30711],[69.237698,41.307503],[69.238068,41.308044],[69.238757,41.308937],[69.239787,41.310269],[69.240222,41.31102],[69.240798,41.312014],[69.243094,41.311931],[69.24614,41.311815],[69.249199,41.311704],[69.252585,41.311584],[69.253798,41.311541],[69.259247,41.311318],[69.25999,41.311087],[69.259875,41.310743],[69.259837,41.310663],[69.259761,41.310504],[69.25961,41.310396],[69.259596,41.310391],[69.259191,41.310223],[69.258997,41.310123],[69.258871,41.309996],[69.258772,41.309839],[69.258354,41.30906],[69.258064,41.30875],[69.257162,41.307848],[69.256656,41.307345],[69.256019,41.306692],[69.2556,41.306273],[69.255197,41.305865],[69.254654,41.305333],[69.254026,41.304703],[69.25388,41.304557],[69.253742,41.304387],[69.2537,41.304294],[69.253686,41.304224],[69.253652,41.304053],[69.253549,41.303529],[69.253516,41.303388],[69.25343,41.303285],[69.253275,41.303168],[69.253019,41.303019],[69.252688,41.302649],[69.252496,41.30242],[69.252353,41.302346],[69.25223,41.302317],[69.251983,41.302332],[69.251728,41.302303],[69.251472,41.302207],[69.251299,41.302063],[69.251043,41.301756],[69.250797,41.301568],[69.250478,41.301398],[69.250242,41.301272],[69.24996,41.301181],[69.249484,41.301035],[69.249219,41.300895],[69.249099,41.300779],[69.248379,41.300147],[69.248137,41.300008],[69.247765,41.299662],[69.247617,41.299513],[69.247397,41.299316],[69.247297,41.299256],[69.247194,41.29922],[69.247055,41.2992],[69.246877,41.299206],[69.246555,41.299216],[69.246309,41.299215],[69.246162,41.29921],[69.24608,41.299193],[69.246011,41.299143],[69.245966,41.299065],[69.245939,41.298944],[69.245938,41.298745],[69.245945,41.298646],[69.24588,41.298512],[69.24577,41.298419]]]]}},{"type":"Feature","properties":{"name":"Bektemir","name_ru":"Бектемир","tuman":"Бектемир","area_ha":3260.43,"source":"Toshkent shahar chegarasi (2024)"},"geometry":{"type":"MultiPolygon","coordinates":[[[[69.315194,41.188489],[69.315078,41.188401],[69.314226,41.187762],[69.314218,41.187756],[69.288486,41.205764],[69.288449,41.205747],[69.288447,41.205746],[69.288294,41.205675],[69.287955,41.205509],[69.28776,41.205416],[69.287683,41.20538],[69.287454,41.205264],[69.287121,41.205102],[69.287072,41.205078],[69.287055,41.205072],[69.28694,41.205028],[69.286869,41.205001],[69.286792,41.204977],[69.286592,41.20497],[69.286318,41.20498],[69.286258,41.204982],[69.286184,41.204985],[69.286054,41.204986],[69.285764,41.204969],[69.285193,41.204935],[69.285091,41.204929],[69.284678,41.204903],[69.284468,41.204893],[69.284424,41.204891],[69.284054,41.204874],[69.283496,41.204837],[69.283451,41.204835],[69.283423,41.204833],[69.283087,41.204811],[69.283072,41.204809],[69.283048,41.204806],[69.283012,41.204801],[69.283006,41.2048],[69.282989,41.204795],[69.282959,41.204786],[69.282821,41.204745],[69.282819,41.204745],[69.282647,41.204711],[69.282492,41.204677],[69.28244,41.204665],[69.28234,41.204656],[69.282012,41.204625],[69.282009,41.204624],[69.281897,41.20461],[69.281714,41.204586],[69.281513,41.204539],[69.281423,41.204523],[69.281384,41.204515],[69.281357,41.204509],[69.28133,41.204502],[69.280511,41.204985],[69.280406,41.205047],[69.279333,41.206136],[69.280847,41.207212],[69.281122,41.207526],[69.282714,41.208963],[69.28333,41.209709],[69.28359,41.210024],[69.284054,41.211513],[69.284173,41.21281],[69.284179,41.214128],[69.287346,41.215615],[69.289886,41.218508],[69.289777,41.220849],[69.289101,41.221643],[69.291841,41.223707],[69.292189,41.224156],[69.292571,41.224111],[69.293229,41.224577],[69.293814,41.224882],[69.295438,41.225301],[69.29563,41.225498],[69.296158,41.226172],[69.297066,41.226611],[69.298143,41.227428],[69.298837,41.227768],[69.299446,41.227965],[69.30046,41.228115],[69.302362,41.228814],[69.306479,41.230327],[69.307127,41.230565],[69.307869,41.231148],[69.308388,41.231559],[69.308331,41.231876],[69.308559,41.231977],[69.308758,41.232037],[69.309261,41.23215],[69.309555,41.232192],[69.310408,41.232327],[69.311516,41.232512],[69.31166,41.232556],[69.311949,41.232671],[69.312249,41.232821],[69.312346,41.232883],[69.312459,41.232979],[69.312686,41.233169],[69.313533,41.233881],[69.31428,41.234508],[69.315191,41.235282],[69.316037,41.235975],[69.31672,41.236552],[69.317247,41.236995],[69.317356,41.237086],[69.317511,41.237176],[69.317625,41.237223],[69.317741,41.237252],[69.317904,41.237279],[69.318086,41.237299],[69.319324,41.237398],[69.32041,41.23749],[69.320801,41.237527],[69.321196,41.237562],[69.321717,41.237614],[69.321922,41.237511],[69.323326,41.237673],[69.323543,41.237706],[69.323729,41.237759],[69.323961,41.237842],[69.324145,41.237941],[69.324303,41.238094],[69.324624,41.238443],[69.324938,41.238858],[69.325086,41.239048],[69.325167,41.239118],[69.325348,41.239208],[69.32583,41.239418],[69.326485,41.239704],[69.32692,41.239906],[69.327321,41.240115],[69.3275,41.240208],[69.328102,41.240497],[69.328491,41.240693],[69.328896,41.240882],[69.329404,41.24103],[69.329587,41.240684],[69.330006,41.239928],[69.330428,41.239211],[69.330549,41.23901],[69.331594,41.238128],[69.331706,41.238164],[69.332043,41.238265],[69.332457,41.238402],[69.332649,41.238477],[69.332965,41.238602],[69.333152,41.238689],[69.333326,41.238785],[69.333638,41.238986],[69.333826,41.239114],[69.334296,41.239511],[69.334792,41.240005],[69.335554,41.240767],[69.336109,41.241314],[69.336824,41.242025],[69.337369,41.242568],[69.337592,41.242775],[69.33772,41.242894],[69.337948,41.243079],[69.338083,41.243174],[69.338265,41.243298],[69.338436,41.243403],[69.338654,41.243531],[69.338882,41.243649],[69.339264,41.243831],[69.339544,41.243955],[69.339717,41.244023],[69.34003,41.244138],[69.340187,41.244188],[69.340454,41.244267],[69.34097,41.244404],[69.341423,41.244525],[69.342068,41.244696],[69.342681,41.244859],[69.343613,41.24511],[69.344451,41.245333],[69.345581,41.245636],[69.346378,41.245847],[69.346938,41.245996],[69.34725,41.246092],[69.347627,41.246228],[69.347993,41.246367],[69.348239,41.246466],[69.348487,41.246583],[69.348993,41.246848],[69.349824,41.247296],[69.350489,41.247654],[69.351218,41.248054],[69.351874,41.248418],[69.352386,41.248718],[69.352853,41.249021],[69.353339,41.249365],[69.353967,41.24984],[69.354445,41.250225],[69.354936,41.250629],[69.355237,41.250907],[69.355621,41.251309],[69.356181,41.25194],[69.356277,41.252059],[69.356571,41.252419],[69.356835,41.252803],[69.357229,41.253382],[69.357815,41.254223],[69.358359,41.255031],[69.358852,41.255748],[69.359425,41.256593],[69.359978,41.257407],[69.360486,41.258174],[69.361063,41.25902],[69.361531,41.2597],[69.361998,41.260387],[69.362503,41.261122],[69.362951,41.261758],[69.363538,41.262611],[69.364017,41.263315],[69.364508,41.264019],[69.36463,41.264193],[69.364943,41.264653],[69.364951,41.264664],[69.365009,41.264749],[69.3653,41.265173],[69.365711,41.265774],[69.366263,41.266584],[69.366532,41.266989],[69.366629,41.267052],[69.366985,41.267227],[69.36763,41.267323],[69.367735,41.267257],[69.368149,41.266927],[69.368171,41.266909],[69.368701,41.266497],[69.369231,41.266075],[69.369729,41.265681],[69.370247,41.265273],[69.370741,41.264883],[69.371091,41.264602],[69.37126,41.264465],[69.371432,41.264324],[69.371646,41.264159],[69.37179,41.264047],[69.372256,41.263678],[69.372786,41.263259],[69.373185,41.26294],[69.37345,41.262733],[69.374058,41.262286],[69.374228,41.262277],[69.37451,41.262051],[69.37451,41.262051],[69.37451,41.262051],[69.374572,41.262001],[69.374748,41.261859],[69.37502,41.261641],[69.375087,41.261589],[69.375332,41.261398],[69.37549,41.261271],[69.375734,41.261077],[69.375928,41.260927],[69.376243,41.260683],[69.376793,41.26025],[69.377371,41.259799],[69.377953,41.259341],[69.3786,41.258833],[69.378952,41.258556],[69.379243,41.258322],[69.379839,41.25785],[69.380487,41.257349],[69.380956,41.256979],[69.381496,41.256554],[69.381974,41.256175],[69.382283,41.255929],[69.382768,41.255548],[69.383262,41.255158],[69.383715,41.2548],[69.384122,41.25448],[69.38436,41.254293],[69.384655,41.254059],[69.385198,41.25363],[69.38588,41.253088],[69.385889,41.253081],[69.386242,41.252804],[69.386588,41.252531],[69.38669,41.25245],[69.386901,41.252282],[69.387224,41.252025],[69.387495,41.251811],[69.387815,41.251559],[69.388205,41.251256],[69.388531,41.250997],[69.389072,41.250569],[69.389359,41.250342],[69.389615,41.250141],[69.38996,41.249871],[69.390282,41.249616],[69.39078,41.249221],[69.391106,41.248965],[69.391388,41.248743],[69.391679,41.248515],[69.391973,41.248283],[69.392775,41.247656],[69.392348,41.247333],[69.392402,41.247259],[69.392534,41.247095],[69.392604,41.246997],[69.392674,41.246898],[69.392763,41.24677],[69.392865,41.246609],[69.392901,41.246544],[69.392959,41.246431],[69.393007,41.246332],[69.393069,41.246196],[69.393158,41.245978],[69.393206,41.245848],[69.393258,41.245691],[69.393296,41.245549],[69.393343,41.24536],[69.393379,41.245197],[69.393409,41.245038],[69.393419,41.244953],[69.393428,41.244883],[69.393434,41.24482],[69.393442,41.244714],[69.393446,41.244604],[69.393448,41.244533],[69.393447,41.244464],[69.393442,41.244402],[69.393438,41.244328],[69.393432,41.244264],[69.393423,41.244193],[69.393415,41.244149],[69.3934,41.244068],[69.393384,41.243994],[69.393368,41.243926],[69.393349,41.243869],[69.393329,41.243806],[69.393302,41.24373],[69.393285,41.243682],[69.393268,41.24364],[69.393244,41.243579],[69.393219,41.243527],[69.393196,41.243476],[69.393162,41.243407],[69.393103,41.243301],[69.393047,41.243214],[69.392985,41.243116],[69.392939,41.24305],[69.392869,41.242958],[69.392815,41.242894],[69.392749,41.242818],[69.392681,41.242744],[69.392689,41.242737],[69.393074,41.242429],[69.392992,41.242377],[69.392907,41.242323],[69.392862,41.242294],[69.392653,41.242158],[69.392124,41.241817],[69.391256,41.241259],[69.390626,41.240855],[69.390129,41.240532],[69.389538,41.240151],[69.389025,41.239823],[69.388273,41.239341],[69.387592,41.238911],[69.387229,41.238683],[69.386975,41.238525],[69.386315,41.238113],[69.385696,41.237728],[69.38506,41.237327],[69.384461,41.23695],[69.383577,41.236394],[69.383131,41.236121],[69.382139,41.235504],[69.381467,41.235081],[69.381351,41.235008],[69.380777,41.234629],[69.379563,41.233843],[69.379305,41.233681],[69.378867,41.233401],[69.378019,41.232874],[69.37727,41.232401],[69.376805,41.232101],[69.376149,41.231676],[69.375146,41.231028],[69.374059,41.230328],[69.373022,41.229664],[69.371827,41.228894],[69.370868,41.228277],[69.369967,41.227704],[69.368902,41.227014],[69.367941,41.226389],[69.36693,41.225725],[69.366002,41.225123],[69.364574,41.224198],[69.363238,41.223337],[69.362959,41.223157],[69.36179,41.222405],[69.360443,41.221537],[69.360442,41.221537],[69.360417,41.221521],[69.359585,41.220985],[69.359584,41.220985],[69.359584,41.220984],[69.359186,41.220728],[69.359065,41.22065],[69.358842,41.220507],[69.357787,41.219832],[69.356626,41.219081],[69.355598,41.218426],[69.35485,41.217938],[69.354111,41.217454],[69.353667,41.217162],[69.353475,41.217036],[69.352829,41.216628],[69.352733,41.216568],[69.352195,41.216233],[69.350819,41.215264],[69.350412,41.214975],[69.350196,41.214812],[69.349928,41.214609],[69.348963,41.213891],[69.347814,41.213037],[69.347251,41.212619],[69.346629,41.212158],[69.345517,41.211334],[69.344535,41.210608],[69.343746,41.210014],[69.343415,41.209771],[69.342985,41.209453],[69.342431,41.209038],[69.341628,41.208444],[69.340938,41.207921],[69.340099,41.2073],[69.33916,41.206606],[69.338037,41.205768],[69.336772,41.204822],[69.335672,41.204005],[69.334625,41.203228],[69.333963,41.202732],[69.33348,41.20237],[69.333001,41.202012],[69.332616,41.201722],[69.332436,41.201588],[69.330803,41.200351],[69.330445,41.200079],[69.329971,41.19972],[69.329582,41.199426],[69.328987,41.198973],[69.328577,41.198662],[69.327974,41.198207],[69.327448,41.197807],[69.326822,41.197333],[69.326115,41.196798],[69.32525,41.196134],[69.324336,41.195441],[69.323397,41.19473],[69.322819,41.194288],[69.322799,41.194274],[69.322113,41.193749],[69.32097,41.19288],[69.31977,41.191967],[69.318823,41.191248],[69.317821,41.190486],[69.317252,41.190053],[69.31609,41.18917],[69.315194,41.188489]]]]}},{"type":"Feature","properties":{"name":"Olmazor","name_ru":"Алмазар","tuman":"Олмазор","area_ha":3381.29,"source":"Toshkent shahar chegarasi (2024)"},"geometry":{"type":"MultiPolygon","coordinates":[[[[69.242443,41.327768],[69.242336,41.32774],[69.242238,41.327706],[69.242121,41.32765],[69.242018,41.327576],[69.241951,41.327517],[69.241887,41.327439],[69.24182,41.327392],[69.241324,41.3272],[69.241121,41.327106],[69.240725,41.327074],[69.240476,41.327007],[69.239603,41.328342],[69.239503,41.328503],[69.239479,41.328533],[69.2393,41.328761],[69.239183,41.328872],[69.239098,41.328951],[69.239008,41.328994],[69.238862,41.32901],[69.238705,41.329024],[69.238529,41.329029],[69.238268,41.329013],[69.238128,41.329004],[69.237378,41.328965],[69.237046,41.329009],[69.236693,41.329063],[69.236311,41.329119],[69.236124,41.329148],[69.236072,41.329178],[69.235785,41.329342],[69.235572,41.329443],[69.235362,41.329519],[69.235365,41.329285],[69.235386,41.329127],[69.235401,41.329016],[69.23542,41.328804],[69.235522,41.328473],[69.235775,41.327859],[69.235948,41.327488],[69.235875,41.327458],[69.235622,41.327371],[69.235312,41.327234],[69.235041,41.327115],[69.234796,41.327025],[69.23463,41.326963],[69.234222,41.326877],[69.233935,41.326724],[69.233677,41.32661],[69.233601,41.326578],[69.233451,41.326532],[69.233083,41.32642],[69.232403,41.326269],[69.231692,41.326023],[69.231011,41.325839],[69.230888,41.325742],[69.230786,41.325654],[69.228715,41.326823],[69.227866,41.327315],[69.225924,41.328428],[69.224551,41.329214],[69.222448,41.330419],[69.220037,41.331787],[69.218321,41.332754],[69.21649,41.333799],[69.212872,41.335837],[69.211429,41.33666],[69.209563,41.337718],[69.207963,41.338617],[69.206818,41.339273],[69.206234,41.33961],[69.205495,41.340029],[69.20507,41.340271],[69.204998,41.340315],[69.204936,41.340371],[69.204879,41.340451],[69.204837,41.340533],[69.204809,41.340609],[69.204801,41.340689],[69.204806,41.340766],[69.204824,41.340847],[69.204871,41.340939],[69.205025,41.341228],[69.20527,41.34168],[69.205824,41.342693],[69.206165,41.343313],[69.206548,41.344011],[69.206915,41.344676],[69.206965,41.344846],[69.206945,41.34501],[69.206907,41.345089],[69.206824,41.345189],[69.206687,41.345277],[69.206524,41.345341],[69.205041,41.345776],[69.204357,41.345984],[69.203655,41.346203],[69.202965,41.346411],[69.202169,41.346651],[69.201436,41.346873],[69.200613,41.347122],[69.200076,41.347285],[69.199205,41.347571],[69.198965,41.347656],[69.198465,41.347858],[69.198206,41.347982],[69.198071,41.348052],[69.197949,41.348096],[69.197746,41.348149],[69.197452,41.348214],[69.196936,41.348298],[69.196259,41.348416],[69.195021,41.348613],[69.194185,41.348745],[69.193823,41.348837],[69.192522,41.349154],[69.192265,41.349225],[69.191138,41.349503],[69.190214,41.349729],[69.189502,41.3499],[69.189172,41.349961],[69.188807,41.350021],[69.188067,41.350087],[69.187711,41.350098],[69.187122,41.350084],[69.186903,41.350062],[69.186577,41.350022],[69.185564,41.349846],[69.184651,41.349694],[69.183678,41.349578],[69.182608,41.349453],[69.182145,41.349403],[69.181292,41.349368],[69.180705,41.349361],[69.179889,41.349352],[69.178888,41.349317],[69.17855,41.349283],[69.178199,41.349254],[69.177699,41.349155],[69.176672,41.348936],[69.174948,41.348589],[69.174416,41.348488],[69.173232,41.348301],[69.172769,41.348287],[69.17183,41.348284],[69.170451,41.348294],[69.1687,41.348315],[69.167118,41.348326],[69.165635,41.348333],[69.165154,41.348357],[69.16522,41.348607],[69.165245,41.348732],[69.165336,41.349187],[69.165485,41.349919],[69.165659,41.350654],[69.165804,41.351124],[69.165925,41.35149],[69.166008,41.351717],[69.166175,41.352161],[69.166438,41.352808],[69.166598,41.353157],[69.166831,41.35361],[69.167006,41.353912],[69.1673,41.354389],[69.167356,41.35448],[69.16771,41.355056],[69.168176,41.355743],[69.168651,41.356359],[69.16905,41.356859],[69.169331,41.357185],[69.169511,41.357379],[69.169732,41.357606],[69.170211,41.358071],[69.17053,41.358365],[69.170845,41.358651],[69.171075,41.35885],[69.171405,41.359126],[69.171712,41.359375],[69.171968,41.359575],[69.172276,41.359808],[69.172596,41.360043],[69.172905,41.360253],[69.173552,41.360678],[69.174137,41.361064],[69.174701,41.361427],[69.17503,41.361639],[69.175765,41.362112],[69.176682,41.362702],[69.177436,41.363184],[69.178244,41.363707],[69.179042,41.364214],[69.179877,41.364743],[69.180692,41.365257],[69.181407,41.365708],[69.182195,41.36621],[69.183025,41.366731],[69.184115,41.367413],[69.185108,41.368044],[69.185618,41.368368],[69.186205,41.36874],[69.187329,41.369451],[69.188436,41.370149],[69.189454,41.370788],[69.189553,41.370851],[69.190594,41.37151],[69.191346,41.371994],[69.191508,41.372098],[69.192,41.372405],[69.192558,41.372756],[69.193557,41.373385],[69.194488,41.373972],[69.195526,41.374622],[69.196615,41.375311],[69.197397,41.375802],[69.198215,41.376318],[69.198715,41.376635],[69.199437,41.377088],[69.200373,41.377674],[69.201438,41.378345],[69.202385,41.378944],[69.203135,41.379416],[69.203478,41.379631],[69.203875,41.379882],[69.20444,41.380239],[69.205498,41.380902],[69.206554,41.381568],[69.207443,41.38213],[69.208518,41.382801],[69.209596,41.383477],[69.210369,41.383964],[69.210472,41.384029],[69.210549,41.384138],[69.210549,41.384138],[69.210638,41.384294],[69.210741,41.384515],[69.210889,41.384839],[69.211152,41.385418],[69.211326,41.385795],[69.211371,41.385925],[69.211392,41.386013],[69.211423,41.386207],[69.21143,41.386337],[69.211414,41.386451],[69.211382,41.386603],[69.211321,41.386751],[69.211293,41.386818],[69.21128,41.386841],[69.21126,41.386872],[69.211246,41.386894],[69.211504,41.387028],[69.211529,41.387013],[69.211607,41.386969],[69.211637,41.386954],[69.211736,41.386908],[69.211869,41.386854],[69.211992,41.386813],[69.212097,41.386783],[69.212179,41.386767],[69.21226,41.386751],[69.212411,41.386727],[69.212548,41.386714],[69.212694,41.386714],[69.212865,41.386726],[69.213071,41.386745],[69.213249,41.386761],[69.213463,41.386783],[69.213624,41.386798],[69.213849,41.386822],[69.214087,41.386845],[69.214499,41.386885],[69.214771,41.386914],[69.214786,41.386916],[69.214974,41.386951],[69.215206,41.387013],[69.215235,41.387021],[69.215319,41.387074],[69.215319,41.387074],[69.215421,41.387139],[69.216794,41.388],[69.217801,41.388632],[69.218882,41.389316],[69.220028,41.390034],[69.220976,41.390629],[69.222042,41.391301],[69.223069,41.391941],[69.224291,41.39271],[69.225315,41.393354],[69.226292,41.393952],[69.227335,41.394605],[69.227926,41.394979],[69.227987,41.395017],[69.22812,41.395101],[69.228164,41.395055],[69.228426,41.394767],[69.228542,41.394639],[69.228688,41.394479],[69.228874,41.39427],[69.230607,41.392324],[69.230696,41.392224],[69.231621,41.391191],[69.232716,41.389969],[69.233207,41.389419],[69.23325,41.38937],[69.234029,41.388497],[69.234727,41.387714],[69.235738,41.386587],[69.236306,41.38591],[69.236617,41.385459],[69.236852,41.385075],[69.236978,41.384779],[69.237051,41.384558],[69.237179,41.384127],[69.237284,41.383778],[69.237292,41.383752],[69.237455,41.383206],[69.237569,41.382842],[69.23779,41.382213],[69.237986,41.381814],[69.238238,41.381404],[69.238582,41.380953],[69.240601,41.378823],[69.24072,41.378698],[69.241139,41.378359],[69.24154,41.378066],[69.241758,41.377932],[69.241983,41.377794],[69.243525,41.376948],[69.244284,41.376439],[69.246505,41.374798],[69.24733,41.374182],[69.248191,41.373487],[69.249332,41.372449],[69.249484,41.37231],[69.249903,41.371925],[69.251949,41.370059],[69.252164,41.369863],[69.252462,41.369591],[69.254794,41.367813],[69.255442,41.367411],[69.256858,41.366582],[69.257675,41.366038],[69.258422,41.36554],[69.258877,41.365222],[69.258977,41.365152],[69.259,41.365136],[69.261167,41.363628],[69.261402,41.363464],[69.261733,41.363194],[69.261789,41.363145],[69.262083,41.362894],[69.264379,41.360747],[69.264481,41.360637],[69.266759,41.358381],[69.269208,41.356124],[69.269693,41.355693],[69.267701,41.353877],[69.267337,41.353523],[69.265338,41.351554],[69.264337,41.350407],[69.263097,41.349223],[69.263097,41.349223],[69.263097,41.349223],[69.264329,41.348482],[69.265921,41.347521],[69.265999,41.347473],[69.265519,41.347129],[69.264771,41.346511],[69.264405,41.346089],[69.264319,41.345991],[69.264157,41.345453],[69.26414,41.345396],[69.263967,41.345186],[69.263717,41.344882],[69.263009,41.344143],[69.262856,41.343979],[69.262622,41.343725],[69.262384,41.343469],[69.261786,41.342947],[69.261612,41.342836],[69.261494,41.342743],[69.26142,41.342616],[69.261067,41.341852],[69.260927,41.341425],[69.260808,41.340956],[69.26055,41.340579],[69.259927,41.33998],[69.259687,41.339794],[69.258507,41.338881],[69.25843,41.338821],[69.257774,41.338381],[69.257495,41.338214],[69.257088,41.337992],[69.256847,41.337874],[69.256645,41.33762],[69.25628,41.337217],[69.255717,41.336649],[69.254815,41.33573],[69.254406,41.335313],[69.253672,41.33457],[69.252779,41.333661],[69.251309,41.332169],[69.250406,41.331262],[69.248917,41.329751],[69.247942,41.328733],[69.247234,41.32868],[69.246662,41.328627],[69.246258,41.328488],[69.246181,41.328447],[69.246046,41.32835],[69.245992,41.328326],[69.245932,41.328305],[69.245832,41.328265],[69.245777,41.328243],[69.245725,41.328216],[69.245646,41.328181],[69.245619,41.328174],[69.245584,41.328172],[69.245387,41.328178],[69.245319,41.328174],[69.245252,41.328162],[69.245204,41.328144],[69.245061,41.328053],[69.244913,41.327952],[69.244607,41.327745],[69.244538,41.327708],[69.244465,41.327679],[69.2443,41.327638],[69.244106,41.327602],[69.244027,41.327596],[69.243956,41.327594],[69.243838,41.3276],[69.243757,41.32759],[69.243678,41.32757],[69.243572,41.327538],[69.243478,41.327526],[69.243424,41.327529],[69.243372,41.327545],[69.24321,41.327624],[69.243151,41.327648],[69.243082,41.327669],[69.242922,41.327701],[69.242846,41.327707],[69.242773,41.327718],[69.242596,41.327762],[69.242548,41.32777],[69.242497,41.327774],[69.242443,41.327768]]]]}},{"type":"Feature","properties":{"name":"Shayxontohur","name_ru":"Шайхантахур","tuman":"Шайҳонтохур","area_ha":2705.12,"source":"Toshkent shahar chegarasi (2024)"},"geometry":{"type":"MultiPolygon","coordinates":[[[[69.242443,41.327768],[69.242497,41.327774],[69.242548,41.32777],[69.242596,41.327762],[69.242773,41.327718],[69.242846,41.327707],[69.242922,41.327701],[69.243082,41.327669],[69.243151,41.327648],[69.24321,41.327624],[69.243372,41.327545],[69.243424,41.327529],[69.243478,41.327526],[69.243572,41.327538],[69.243678,41.32757],[69.243757,41.32759],[69.243838,41.3276],[69.243956,41.327594],[69.244027,41.327596],[69.244106,41.327602],[69.2443,41.327638],[69.244465,41.327679],[69.244538,41.327708],[69.244607,41.327745],[69.244913,41.327952],[69.245061,41.328053],[69.245204,41.328144],[69.245252,41.328162],[69.245319,41.328174],[69.245387,41.328178],[69.245584,41.328172],[69.245619,41.328174],[69.245646,41.328181],[69.245725,41.328216],[69.245777,41.328243],[69.245832,41.328265],[69.245932,41.328305],[69.245992,41.328326],[69.246046,41.32835],[69.246181,41.328447],[69.246258,41.328488],[69.246662,41.328627],[69.247234,41.328679],[69.247942,41.328733],[69.248917,41.329751],[69.250406,41.331262],[69.251309,41.332169],[69.252779,41.333661],[69.253672,41.33457],[69.254406,41.335313],[69.254815,41.33573],[69.255717,41.336649],[69.25628,41.337217],[69.256645,41.33762],[69.256847,41.337874],[69.257088,41.337992],[69.257495,41.338214],[69.257774,41.338381],[69.25843,41.338821],[69.258507,41.338881],[69.259687,41.339794],[69.259927,41.33998],[69.26055,41.340579],[69.260808,41.340956],[69.260927,41.341425],[69.261067,41.341852],[69.26142,41.342616],[69.261494,41.342743],[69.261612,41.342836],[69.261786,41.342947],[69.262384,41.343469],[69.262622,41.343725],[69.262856,41.343979],[69.263009,41.344143],[69.263858,41.343632],[69.264584,41.343219],[69.265644,41.342618],[69.266139,41.34234],[69.267289,41.341689],[69.269623,41.340381],[69.270041,41.340178],[69.270269,41.340057],[69.271546,41.339338],[69.273249,41.33838],[69.27373,41.338105],[69.274139,41.337868],[69.274696,41.337556],[69.274913,41.337432],[69.274565,41.337063],[69.274261,41.336325],[69.274165,41.335944],[69.273992,41.335396],[69.273796,41.334784],[69.273006,41.33374],[69.272929,41.333321],[69.272872,41.33282],[69.272927,41.332587],[69.273152,41.332168],[69.2732,41.332033],[69.273198,41.331957],[69.273014,41.331441],[69.272986,41.331043],[69.27295,41.330211],[69.272756,41.329948],[69.272383,41.329694],[69.271261,41.329139],[69.271054,41.328941],[69.270713,41.328382],[69.270462,41.327971],[69.270444,41.327844],[69.270466,41.327507],[69.270596,41.327079],[69.270842,41.32631],[69.270849,41.326039],[69.270805,41.325876],[69.270008,41.325134],[69.269948,41.325059],[69.269783,41.324667],[69.269421,41.323376],[69.269335,41.323055],[69.269231,41.322889],[69.269014,41.322702],[69.26834,41.322112],[69.268178,41.321953],[69.268064,41.321803],[69.267927,41.321509],[69.267663,41.320867],[69.267299,41.31993],[69.266689,41.318394],[69.266589,41.31816],[69.266457,41.318002],[69.265988,41.317563],[69.265794,41.3174],[69.26562,41.317178],[69.265473,41.316913],[69.265322,41.31652],[69.264935,41.31547],[69.264752,41.315025],[69.264589,41.314519],[69.2645,41.314205],[69.264424,41.313991],[69.264301,41.313718],[69.264246,41.313612],[69.264117,41.313403],[69.26399,41.313278],[69.26366,41.313051],[69.263484,41.312926],[69.263424,41.31282],[69.263374,41.31275],[69.263335,41.312534],[69.263329,41.312451],[69.263229,41.312337],[69.263056,41.312279],[69.261136,41.312178],[69.260855,41.312133],[69.260567,41.312011],[69.26043,41.311936],[69.260327,41.311844],[69.26009,41.31148],[69.25999,41.311087],[69.259247,41.311318],[69.253798,41.311541],[69.252585,41.311584],[69.249199,41.311704],[69.24614,41.311815],[69.243094,41.311931],[69.240798,41.312014],[69.240222,41.31102],[69.239787,41.310269],[69.238757,41.308937],[69.238068,41.308044],[69.237698,41.307503],[69.23743,41.30711],[69.236319,41.305648],[69.234448,41.30328],[69.233888,41.302604],[69.233424,41.302043],[69.233071,41.301618],[69.232325,41.300797],[69.23209,41.300538],[69.231269,41.299706],[69.230545,41.299943],[69.228312,41.300705],[69.226404,41.301356],[69.223792,41.302215],[69.223413,41.302285],[69.222863,41.302314],[69.222394,41.302263],[69.221917,41.302122],[69.221504,41.301912],[69.220733,41.30145],[69.22044,41.30132],[69.220025,41.301204],[69.219546,41.301084],[69.219005,41.301017],[69.216802,41.300979],[69.213604,41.300894],[69.211734,41.300844],[69.210504,41.300811],[69.20854,41.300755],[69.207042,41.300712],[69.205222,41.300662],[69.203473,41.300633],[69.202832,41.300609],[69.202039,41.300578],[69.201233,41.300577],[69.200831,41.300632],[69.200573,41.30068],[69.199976,41.300863],[69.198926,41.301246],[69.197392,41.301765],[69.196522,41.302029],[69.195616,41.302367],[69.194857,41.302635],[69.194144,41.302869],[69.193854,41.302964],[69.193809,41.304303],[69.193798,41.304582],[69.193788,41.304814],[69.193782,41.304952],[69.193764,41.305412],[69.193747,41.305853],[69.193733,41.306184],[69.19371,41.306743],[69.19371,41.306755],[69.193691,41.307203],[69.19358,41.309146],[69.193578,41.309454],[69.193517,41.31082],[69.193486,41.311703],[69.193468,41.312157],[69.193428,41.313078],[69.193415,41.313957],[69.193378,41.315308],[69.193295,41.317121],[69.193289,41.317308],[69.193275,41.317631],[69.193262,41.317846],[69.193254,41.318248],[69.193211,41.31981],[69.193178,41.32071],[69.193151,41.321592],[69.193138,41.322019],[69.193138,41.322314],[69.193136,41.322409],[69.193137,41.322447],[69.193132,41.323131],[69.193063,41.324762],[69.193066,41.324904],[69.193087,41.32506],[69.193133,41.325213],[69.193205,41.325365],[69.19334,41.325562],[69.193903,41.326236],[69.193953,41.326297],[69.192153,41.326482],[69.183427,41.32705],[69.180079,41.327275],[69.175929,41.327561],[69.173681,41.327708],[69.171193,41.327875],[69.168701,41.328032],[69.168026,41.328023],[69.168018,41.328202],[69.168042,41.329207],[69.167378,41.329224],[69.167323,41.329225],[69.167329,41.329309],[69.16735,41.329639],[69.167359,41.329774],[69.167428,41.330016],[69.167666,41.330304],[69.167632,41.330643],[69.167589,41.331063],[69.167364,41.331059],[69.167002,41.330997],[69.166803,41.330974],[69.16661,41.330995],[69.166519,41.331029],[69.166281,41.331159],[69.16611,41.331249],[69.166067,41.331272],[69.165898,41.331304],[69.165763,41.33133],[69.165204,41.331337],[69.165153,41.331337],[69.165083,41.331343],[69.164797,41.331365],[69.164577,41.331335],[69.164534,41.331329],[69.164459,41.331297],[69.164443,41.33129],[69.164249,41.331208],[69.164215,41.331193],[69.16405,41.331123],[69.163817,41.330983],[69.163796,41.330969],[69.163788,41.330963],[69.163126,41.3305],[69.163006,41.330416],[69.162824,41.330241],[69.162629,41.330013],[69.162563,41.329837],[69.162454,41.329712],[69.162353,41.329656],[69.162315,41.329634],[69.162296,41.329622],[69.162101,41.329488],[69.161794,41.329328],[69.161751,41.329298],[69.161651,41.32923],[69.161625,41.329179],[69.161565,41.329061],[69.161491,41.328953],[69.161302,41.328822],[69.161064,41.328745],[69.160985,41.328695],[69.160759,41.3285],[69.160655,41.328395],[69.160598,41.328265],[69.160565,41.328186],[69.160492,41.328155],[69.160442,41.328149],[69.160097,41.328257],[69.159838,41.328335],[69.159921,41.328501],[69.159985,41.328654],[69.159997,41.328681],[69.160071,41.328858],[69.160177,41.3291],[69.16023,41.32922],[69.160307,41.329391],[69.160455,41.329721],[69.160458,41.329727],[69.160514,41.329839],[69.160544,41.329899],[69.160551,41.329914],[69.160645,41.33009],[69.160648,41.330095],[69.160743,41.330262],[69.160746,41.330267],[69.160863,41.330457],[69.160911,41.330537],[69.160985,41.330661],[69.161054,41.330773],[69.161284,41.331144],[69.161418,41.331355],[69.161544,41.331556],[69.161686,41.331786],[69.161739,41.331873],[69.161922,41.332156],[69.161966,41.332227],[69.162021,41.332316],[69.162042,41.332349],[69.162202,41.332607],[69.162204,41.33261],[69.162242,41.332677],[69.162381,41.332897],[69.162432,41.332977],[69.162534,41.333156],[69.162608,41.333296],[69.16266,41.333396],[69.162719,41.333498],[69.162817,41.333705],[69.16285,41.333774],[69.163086,41.334271],[69.163101,41.334303],[69.16316,41.334441],[69.163216,41.334571],[69.16324,41.334628],[69.163381,41.334968],[69.163511,41.335309],[69.163564,41.33548],[69.163619,41.335609],[69.163633,41.335643],[69.163655,41.335738],[69.163861,41.336604],[69.16387,41.336651],[69.163945,41.337046],[69.16397,41.337228],[69.164006,41.337488],[69.164026,41.337749],[69.164029,41.337772],[69.164044,41.33797],[69.164049,41.338029],[69.164052,41.338075],[69.164073,41.338372],[69.164075,41.338405],[69.164092,41.338662],[69.164109,41.338958],[69.164115,41.339035],[69.164117,41.339052],[69.164136,41.339293],[69.164167,41.339758],[69.164179,41.339948],[69.164185,41.34005],[69.16421,41.340354],[69.164233,41.340674],[69.164254,41.341004],[69.164268,41.341232],[69.164288,41.341534],[69.164295,41.341646],[69.164296,41.341647],[69.164309,41.341836],[69.164328,41.342114],[69.16433,41.342146],[69.164352,41.342452],[69.16437,41.342755],[69.164376,41.342821],[69.164383,41.342917],[69.164391,41.343082],[69.164415,41.343402],[69.164437,41.343729],[69.164454,41.343956],[69.164469,41.344166],[69.16447,41.344188],[69.164473,41.344222],[69.164483,41.344355],[69.164484,41.344363],[69.164523,41.344662],[69.164549,41.344883],[69.164551,41.344903],[69.164561,41.344989],[69.164596,41.345254],[69.164637,41.345555],[69.164652,41.345662],[69.164655,41.345679],[69.164678,41.345843],[69.164729,41.346153],[69.164754,41.346282],[69.164835,41.346713],[69.164895,41.34703],[69.164952,41.347313],[69.165008,41.347677],[69.165009,41.347681],[69.165029,41.347795],[69.165085,41.348073],[69.165103,41.348166],[69.165113,41.348213],[69.165125,41.348266],[69.165154,41.348357],[69.165635,41.348333],[69.167118,41.348326],[69.1687,41.348315],[69.170451,41.348294],[69.17183,41.348284],[69.172769,41.348287],[69.173232,41.348301],[69.174416,41.348488],[69.174948,41.348589],[69.176672,41.348936],[69.177699,41.349155],[69.178199,41.349254],[69.17855,41.349283],[69.178888,41.349317],[69.179889,41.349352],[69.180705,41.349361],[69.181292,41.349368],[69.182145,41.349403],[69.182145,41.349403],[69.18216,41.349404],[69.182455,41.349436],[69.182608,41.349453],[69.182697,41.349463],[69.182826,41.349478],[69.183678,41.349578],[69.184651,41.349694],[69.185564,41.349846],[69.186577,41.350022],[69.186903,41.350062],[69.187122,41.350084],[69.187711,41.350098],[69.188067,41.350087],[69.188807,41.350021],[69.189172,41.349961],[69.189502,41.3499],[69.190214,41.349729],[69.191138,41.349503],[69.192265,41.349225],[69.192522,41.349154],[69.193823,41.348837],[69.194185,41.348745],[69.195021,41.348613],[69.196259,41.348416],[69.196936,41.348298],[69.197452,41.348214],[69.197746,41.348149],[69.197949,41.348096],[69.198071,41.348052],[69.198206,41.347982],[69.198465,41.347858],[69.198965,41.347656],[69.199205,41.347571],[69.200076,41.347285],[69.200613,41.347122],[69.201436,41.346873],[69.202169,41.346651],[69.202965,41.346411],[69.203655,41.346203],[69.204357,41.345984],[69.205041,41.345776],[69.206524,41.345341],[69.206687,41.345277],[69.206824,41.345189],[69.206907,41.345089],[69.206945,41.34501],[69.206965,41.344846],[69.206915,41.344676],[69.206548,41.344011],[69.206165,41.343313],[69.205824,41.342693],[69.20527,41.34168],[69.205025,41.341228],[69.204871,41.340939],[69.204824,41.340847],[69.204806,41.340766],[69.204801,41.340689],[69.204809,41.340609],[69.204837,41.340533],[69.204879,41.340451],[69.204936,41.340371],[69.204998,41.340315],[69.20507,41.340271],[69.205495,41.340029],[69.206234,41.33961],[69.206818,41.339273],[69.207963,41.338617],[69.209563,41.337718],[69.211429,41.33666],[69.212872,41.335837],[69.21649,41.333799],[69.218321,41.332754],[69.220037,41.331787],[69.222448,41.330419],[69.224551,41.329214],[69.225924,41.328428],[69.227866,41.327315],[69.228715,41.326823],[69.230786,41.325654],[69.230888,41.325742],[69.231011,41.325839],[69.231692,41.326023],[69.232403,41.326269],[69.233083,41.32642],[69.233451,41.326532],[69.233601,41.326578],[69.233677,41.32661],[69.233935,41.326724],[69.234222,41.326877],[69.23463,41.326963],[69.234796,41.327025],[69.235041,41.327115],[69.235312,41.327234],[69.235622,41.327371],[69.235875,41.327458],[69.235948,41.327488],[69.235775,41.327859],[69.235522,41.328473],[69.23542,41.328804],[69.235401,41.329016],[69.235386,41.329127],[69.235365,41.329285],[69.235362,41.329519],[69.235572,41.329443],[69.235785,41.329342],[69.236072,41.329178],[69.236124,41.329148],[69.236311,41.329119],[69.236693,41.329063],[69.237046,41.329009],[69.237378,41.328965],[69.238128,41.329004],[69.238268,41.329013],[69.238529,41.329029],[69.238705,41.329024],[69.238862,41.32901],[69.239008,41.328994],[69.239098,41.328951],[69.239183,41.328872],[69.2393,41.328761],[69.239479,41.328533],[69.239503,41.328503],[69.239603,41.328342],[69.240476,41.327007],[69.240725,41.327074],[69.241121,41.327106],[69.241324,41.3272],[69.24182,41.327392],[69.241887,41.327439],[69.241951,41.327517],[69.242018,41.327576],[69.242121,41.32765],[69.242238,41.327706],[69.242336,41.32774],[69.242443,41.327768]]]]}}]}