{"type":"FeatureCollection","features":[{"type":"Feature","geometry":{"type":"Point","coordinates":[69.17909,41.348931]},"properties":{"id":"SEED000001","name":"Saray","category":"business_center","source":"2GIS","confidence":"C","status":"auto_unverified"}},{"type":"Feature","geometry":{"type":"Point","coordinates":[69.283343,41.305414]},"properties":{"id":"SEED000002","name":"Seoul Plaza","category":"business_center","source":"2GIS","confidence":"C","status":"auto_unverified"}},{"type":"Feature","geometry":{"type":"Point","coordinates":[69.282408,41.336322]},"properties":{"id":"SEED000003","name":"IBC","category":"business_center","source":"2GIS","confidence":"C","status":"auto_unverified"}},{"type":"Feature","geometry":{"type":"Point","coordinates":[69.283505,41.320618]},"properties":{"id":"SEED000004","name":"Orient","category":"business_center","source":"2GIS","confidence":"C","status":"auto_unverified"}},{"type":"Feature","geometry":{"type":"Point","coordinates":[69.263615,41.292783]},"properties":{"id":"SEED000005","name":"Modera Towers","category":"business_center","source":"2GIS","confidence":"C","status":"auto_unverified"}},{"type":"Feature","geometry":{"type":"Point","coordinates":[69.286544,41.321516]},"properties":{"id":"SEED000006","name":"Diamond","category":"business_center","source":"2GIS","confidence":"C","status":"auto_unverified"}},{"type":"Feature","geometry":{"type":"Point","coordinates":[69.275931,41.370403]},"properties":{"id":"SEED000007","name":"Yunusabad Gallery","category":"business_center","source":"2GIS","confidence":"C","status":"auto_unverified"}},{"type":"Feature","geometry":{"type":"Point","coordinates":[69.306941,41.304509]},"properties":{"id":"SEED000008","name":"Kayan","category":"business_center","source":"2GIS","confidence":"C","status":"auto_unverified"}},{"type":"Feature","geometry":{"type":"Point","coordinates":[69.28243,41.315878]},"properties":{"id":"SEED000009","name":"Trilliant by Covex","category":"business_center","source":"2GIS","confidence":"C","status":"auto_unverified"}},{"type":"Feature","geometry":{"type":"Point","coordinates":[69.279907,41.328458]},"properties":{"id":"SEED000010","name":"Central","category":"business_center","source":"2GIS","confidence":"C","status":"auto_unverified"}},{"type":"Feature","geometry":{"type":"Point","coordinates":[69.272246,41.317716]},"properties":{"id":"SEED000011","name":"Forum Business Center","category":"business_center","source":"2GIS","confidence":"C","status":"auto_unverified"}},{"type":"Feature","geometry":{"type":"Point","coordinates":[69.223724,41.260011]},"properties":{"id":"SEED000012","name":"Vega business center","category":"business_center","source":"2GIS","confidence":"C","status":"auto_unverified"}},{"type":"Feature","geometry":{"type":"Point","coordinates":[69.284913,41.333788]},"properties":{"id":"SEED000013","name":"UzOman Square","category":"business_center","source":"2GIS","confidence":"C","status":"auto_unverified"}},{"type":"Feature","geometry":{"type":"Point","coordinates":[69.271408,41.299137]},"properties":{"id":"SEED000014","name":"Dmaar","category":"business_center","source":"2GIS","confidence":"C","status":"auto_unverified"}},{"type":"Feature","geometry":{"type":"Point","coordinates":[69.25143,41.312064]},"properties":{"id":"SEED000015","name":"Nest one by Covex","category":"business_center","source":"2GIS","confidence":"C","status":"auto_unverified"}},{"type":"Feature","geometry":{"type":"Point","coordinates":[69.274919,41.295714]},"properties":{"id":"SEED000016","name":"Falcom by Covex","category":"business_center","source":"2GIS","confidence":"C","status":"auto_unverified"}},{"type":"Feature","geometry":{"type":"Point","coordinates":[69.300061,41.32098]},"properties":{"id":"SEED000017","name":"Inkonel","category":"business_center","source":"2GIS","confidence":"C","status":"auto_unverified"}},{"type":"Feature","geometry":{"type":"Point","coordinates":[69.25519,41.287444]},"properties":{"id":"SEED000018","name":"New Era","category":"business_center","source":"2GIS","confidence":"C","status":"auto_unverified"}},{"type":"Feature","geometry":{"type":"Point","coordinates":[69.271239,41.300027]},"properties":{"id":"SEED000019","name":"Dukat","category":"business_center","source":"2GIS","confidence":"C","status":"auto_unverified"}},{"type":"Feature","geometry":{"type":"Point","coordinates":[69.281701,41.297227]},"properties":{"id":"SEED000020","name":"Gross Plaza","category":"business_center","source":"2GIS","confidence":"C","status":"auto_unverified"}},{"type":"Feature","geometry":{"type":"Point","coordinates":[69.284125,41.291786]},"properties":{"id":"SEED000021","name":"Platform","category":"business_center","source":"2GIS","confidence":"C","status":"auto_unverified"}},{"type":"Feature","geometry":{"type":"Point","coordinates":[69.282485,41.296125]},"properties":{"id":"SEED000022","name":"New level","category":"business_center","source":"2GIS","confidence":"C","status":"auto_unverified"}},{"type":"Feature","geometry":{"type":"Point","coordinates":[69.223869,41.27527]},"properties":{"id":"SEED000023","name":"Neus","category":"business_center","source":"2GIS","confidence":"C","status":"auto_unverified"}},{"type":"Feature","geometry":{"type":"Point","coordinates":[69.280374,41.291441]},"properties":{"id":"SEED000024","name":"Avalon Group","category":"business_center","source":"2GIS","confidence":"C","status":"auto_unverified"}},{"type":"Feature","geometry":{"type":"Point","coordinates":[69.283758,41.332781]},"properties":{"id":"SEED000025","name":"UzOman tower","category":"business_center","source":"2GIS","confidence":"C","status":"auto_unverified"}},{"type":"Feature","geometry":{"type":"Point","coordinates":[69.278174,41.334049]},"properties":{"id":"SEED000026","name":"Order plaza","category":"business_center","source":"2GIS","confidence":"C","status":"auto_unverified"}},{"type":"Feature","geometry":{"type":"Point","coordinates":[69.257182,41.29224]},"properties":{"id":"SEED000027","name":"Solid Premium by Covex","category":"business_center","source":"2GIS","confidence":"C","status":"auto_unverified"}},{"type":"Feature","geometry":{"type":"Point","coordinates":[69.258145,41.281789]},"properties":{"id":"SEED000028","name":"Ideal","category":"business_center","source":"2GIS","confidence":"C","status":"auto_unverified"}},{"type":"Feature","geometry":{"type":"Point","coordinates":[69.264983,41.294212]},"properties":{"id":"SEED000029","name":"Grand","category":"business_center","source":"2GIS","confidence":"C","status":"auto_unverified"}},{"type":"Feature","geometry":{"type":"Point","coordinates":[69.313353,41.326646]},"properties":{"id":"SEED000030","name":"Oasis","category":"business_center","source":"2GIS","confidence":"C","status":"auto_unverified"}},{"type":"Feature","geometry":{"type":"Point","coordinates":[69.275141,41.289061]},"properties":{"id":"SEED000031","name":"Sigma","category":"business_center","source":"2GIS","confidence":"C","status":"auto_unverified"}},{"type":"Feature","geometry":{"type":"Point","coordinates":[69.269032,41.331551]},"properties":{"id":"SEED000032","name":"Alpha","category":"business_center","source":"2GIS","confidence":"C","status":"auto_unverified"}},{"type":"Feature","geometry":{"type":"Point","coordinates":[69.30058,41.31989]},"properties":{"id":"SEED000033","name":"Darhan","category":"business_center","source":"2GIS","confidence":"C","status":"auto_unverified"}},{"type":"Feature","geometry":{"type":"Point","coordinates":[69.298991,41.318146]},"properties":{"id":"SEED000034","name":"Galleon","category":"business_center","source":"2GIS","confidence":"C","status":"auto_unverified"}},{"type":"Feature","geometry":{"type":"Point","coordinates":[69.263273,41.29178]},"properties":{"id":"SEED000035","name":"Soho Ivliva","category":"business_center","source":"2GIS","confidence":"C","status":"auto_unverified"}},{"type":"Feature","geometry":{"type":"Point","coordinates":[69.26346,41.27492]},"properties":{"id":"SEED000036","name":"Ventum plaza","category":"business_center","source":"2GIS","confidence":"C","status":"auto_unverified"}},{"type":"Feature","geometry":{"type":"Point","coordinates":[69.287056,41.33273]},"properties":{"id":"SEED000037","name":"Sahara","category":"business_center","source":"2GIS","confidence":"C","status":"auto_unverified"}},{"type":"Feature","geometry":{"type":"Point","coordinates":[69.288536,41.301706]},"properties":{"id":"SEED000038","name":"Arash","category":"business_center","source":"2GIS","confidence":"C","status":"auto_unverified"}},{"type":"Feature","geometry":{"type":"Point","coordinates":[69.274357,41.295436]},"properties":{"id":"SEED000039","name":"Inko","category":"business_center","source":"2GIS","confidence":"C","status":"auto_unverified"}},{"type":"Feature","geometry":{"type":"Point","coordinates":[69.295528,41.319231]},"properties":{"id":"SEED000040","name":"Missuri","category":"business_center","source":"2GIS","confidence":"C","status":"auto_unverified"}},{"type":"Feature","geometry":{"type":"Point","coordinates":[69.268981,41.302123]},"properties":{"id":"SEED000041","name":"Grand Trade","category":"business_center","source":"2GIS","confidence":"C","status":"auto_unverified"}},{"type":"Feature","geometry":{"type":"Point","coordinates":[69.283924,41.322027]},"properties":{"id":"SEED000042","name":"Nova Plaza","category":"business_center","source":"2GIS","confidence":"C","status":"auto_unverified"}},{"type":"Feature","geometry":{"type":"Point","coordinates":[69.271803,41.299497]},"properties":{"id":"SEED000043","name":"Afrosiab","category":"business_center","source":"2GIS","confidence":"C","status":"auto_unverified"}},{"type":"Feature","geometry":{"type":"Point","coordinates":[69.284676,41.330427]},"properties":{"id":"SEED000044","name":"Korea Uzbekistan Business Association","category":"business_center","source":"2GIS","confidence":"C","status":"auto_unverified"}},{"type":"Feature","geometry":{"type":"Point","coordinates":[69.270003,41.30051]},"properties":{"id":"SEED000045","name":"Panoramic","category":"business_center","source":"2GIS","confidence":"C","status":"auto_unverified"}},{"type":"Feature","geometry":{"type":"Point","coordinates":[69.292065,41.301954]},"properties":{"id":"SEED000046","name":"Infinity Business Сenter by Covex","category":"business_center","source":"2GIS","confidence":"C","status":"auto_unverified"}},{"type":"Feature","geometry":{"type":"Point","coordinates":[69.281361,41.289189]},"properties":{"id":"SEED000047","name":"Sapphire Business Center","category":"business_center","source":"2GIS","confidence":"C","status":"auto_unverified"}},{"type":"Feature","geometry":{"type":"Point","coordinates":[69.253115,41.317367]},"properties":{"id":"SEED000048","name":"Summit","category":"business_center","source":"2GIS","confidence":"C","status":"auto_unverified"}},{"type":"Feature","geometry":{"type":"Point","coordinates":[69.27553,41.296006]},"properties":{"id":"SEED000049","name":"New world","category":"business_center","source":"2GIS","confidence":"C","status":"auto_unverified"}},{"type":"Feature","geometry":{"type":"Point","coordinates":[69.269325,41.301795]},"properties":{"id":"SEED000050","name":"Asrtec","category":"business_center","source":"2GIS","confidence":"C","status":"auto_unverified"}},{"type":"Feature","geometry":{"type":"Point","coordinates":[69.217833,41.251349]},"properties":{"id":"SEED000051","name":"Авто","category":"business_center","source":"2GIS","confidence":"C","status":"auto_unverified"}},{"type":"Feature","geometry":{"type":"Point","coordinates":[69.228145,41.286805]},"properties":{"id":"SEED000052","name":"Chilonzor","category":"business_center","source":"2GIS","confidence":"C","status":"auto_unverified"}},{"type":"Feature","geometry":{"type":"Point","coordinates":[69.256754,41.280712]},"properties":{"id":"SEED000053","name":"Mercury","category":"business_center","source":"2GIS","confidence":"C","status":"auto_unverified"}},{"type":"Feature","geometry":{"type":"Point","coordinates":[69.220907,41.263821]},"properties":{"id":"SEED000054","name":"Muhtasham","category":"business_center","source":"2GIS","confidence":"C","status":"auto_unverified"}},{"type":"Feature","geometry":{"type":"Point","coordinates":[69.260492,41.271444]},"properties":{"id":"SEED000055","name":"Aloqa klimkontrol","category":"business_center","source":"2GIS","confidence":"C","status":"auto_unverified"}},{"type":"Feature","geometry":{"type":"Point","coordinates":[69.261823,41.271317]},"properties":{"id":"SEED000056","name":"City line","category":"business_center","source":"2GIS","confidence":"C","status":"auto_unverified"}},{"type":"Feature","geometry":{"type":"Point","coordinates":[69.268491,41.280062]},"properties":{"id":"SEED000057","name":"Status","category":"business_center","source":"2GIS","confidence":"C","status":"auto_unverified"}},{"type":"Feature","geometry":{"type":"Point","coordinates":[69.247262,41.300384]},"properties":{"id":"SEED000058","name":"Korea Uzbekistan Business Centre","category":"business_center","source":"2GIS","confidence":"C","status":"auto_unverified"}},{"type":"Feature","geometry":{"type":"Point","coordinates":[69.264478,41.271072]},"properties":{"id":"SEED000059","name":"Luxor","category":"business_center","source":"2GIS","confidence":"C","status":"auto_unverified"}},{"type":"Feature","geometry":{"type":"Point","coordinates":[69.272547,41.289227]},"properties":{"id":"SEED000060","name":"Silver","category":"business_center","source":"2GIS","confidence":"C","status":"auto_unverified"}},{"type":"Feature","geometry":{"type":"Point","coordinates":[69.265435,41.294343]},"properties":{"id":"SEED000061","name":"Nero Plaza","category":"business_center","source":"2GIS","confidence":"C","status":"auto_unverified"}},{"type":"Feature","geometry":{"type":"Point","coordinates":[69.215525,41.294932]},"properties":{"id":"SEED000062","name":"Texnika loyiha","category":"business_center","source":"2GIS","confidence":"C","status":"auto_unverified"}},{"type":"Feature","geometry":{"type":"Point","coordinates":[69.314959,41.286507]},"properties":{"id":"SEED000063","name":"UzBoom by Covex","category":"business_center","source":"2GIS","confidence":"C","status":"auto_unverified"}},{"type":"Feature","geometry":{"type":"Point","coordinates":[69.213283,41.237978]},"properties":{"id":"SEED000064","name":"Mervan center","category":"business_center","source":"2GIS","confidence":"C","status":"auto_unverified"}},{"type":"Feature","geometry":{"type":"Point","coordinates":[69.31183,41.33214]},"properties":{"id":"SEED000065","name":"Concord","category":"business_center","source":"2GIS","confidence":"C","status":"auto_unverified"}},{"type":"Feature","geometry":{"type":"Point","coordinates":[69.299264,41.318493]},"properties":{"id":"SEED000066","name":"TUT","category":"business_center","source":"2GIS","confidence":"C","status":"auto_unverified"}},{"type":"Feature","geometry":{"type":"Point","coordinates":[69.27838,41.333026]},"properties":{"id":"SEED000067","name":"Nova Minor","category":"business_center","source":"2GIS","confidence":"C","status":"auto_unverified"}},{"type":"Feature","geometry":{"type":"Point","coordinates":[69.282055,41.315899]},"properties":{"id":"SEED000068","name":"Trilliant by Covex","category":"business_center","source":"2GIS","confidence":"C","status":"auto_unverified"}},{"type":"Feature","geometry":{"type":"Point","coordinates":[69.279252,41.329106]},"properties":{"id":"SEED000069","name":"Zras by Arash","category":"business_center","source":"2GIS","confidence":"C","status":"auto_unverified"}},{"type":"Feature","geometry":{"type":"Point","coordinates":[69.302788,41.333238]},"properties":{"id":"SEED000070","name":"Safron","category":"business_center","source":"2GIS","confidence":"C","status":"auto_unverified"}},{"type":"Feature","geometry":{"type":"Point","coordinates":[69.319994,41.326325]},"properties":{"id":"SEED000071","name":"IFTGroup","category":"business_center","source":"2GIS","confidence":"C","status":"auto_unverified"}},{"type":"Feature","geometry":{"type":"Point","coordinates":[69.292491,41.301961]},"properties":{"id":"SEED000072","name":"Infinity, компания консалтинга в сфере недвижимости","category":"business_center","source":"2GIS","confidence":"C","status":"auto_unverified"}},{"type":"Feature","geometry":{"type":"Point","coordinates":[69.279772,41.292012]},"properties":{"id":"SEED000073","name":"East Line","category":"business_center","source":"2GIS","confidence":"C","status":"auto_unverified"}},{"type":"Feature","geometry":{"type":"Point","coordinates":[69.271627,41.299703]},"properties":{"id":"SEED000074","name":"Econor","category":"business_center","source":"2GIS","confidence":"C","status":"auto_unverified"}},{"type":"Feature","geometry":{"type":"Point","coordinates":[69.291297,41.27473]},"properties":{"id":"SEED000075","name":"Onix by Covex","category":"business_center","source":"2GIS","confidence":"C","status":"auto_unverified"}},{"type":"Feature","geometry":{"type":"Point","coordinates":[69.280147,41.291682]},"properties":{"id":"SEED000076","name":"Moon","category":"business_center","source":"2GIS","confidence":"C","status":"auto_unverified"}},{"type":"Feature","geometry":{"type":"Point","coordinates":[69.27491,41.296325]},"properties":{"id":"SEED000077","name":"Atrium","category":"business_center","source":"2GIS","confidence":"C","status":"auto_unverified"}},{"type":"Feature","geometry":{"type":"Point","coordinates":[69.265102,41.271101]},"properties":{"id":"SEED000078","name":"Limaa","category":"business_center","source":"2GIS","confidence":"C","status":"auto_unverified"}},{"type":"Feature","geometry":{"type":"Point","coordinates":[69.263634,41.274806]},"properties":{"id":"SEED000079","name":"Infinity, компания консалтинга в сфере недвижимости","category":"business_center","source":"2GIS","confidence":"C","status":"auto_unverified"}},{"type":"Feature","geometry":{"type":"Point","coordinates":[69.25202,41.283527]},"properties":{"id":"SEED000080","name":"Rieter","category":"business_center","source":"2GIS","confidence":"C","status":"auto_unverified"}},{"type":"Feature","geometry":{"type":"Point","coordinates":[69.251888,41.288214]},"properties":{"id":"SEED000081","name":"Bobur","category":"business_center","source":"2GIS","confidence":"C","status":"auto_unverified"}},{"type":"Feature","geometry":{"type":"Point","coordinates":[69.343823,41.342265]},"properties":{"id":"SEED000082","name":"Bastion","category":"business_center","source":"2GIS","confidence":"C","status":"auto_unverified"}},{"type":"Feature","geometry":{"type":"Point","coordinates":[69.329346,41.31506]},"properties":{"id":"SEED000083","name":"Parkent","category":"business_center","source":"2GIS","confidence":"C","status":"auto_unverified"}},{"type":"Feature","geometry":{"type":"Point","coordinates":[69.317432,41.312061]},"properties":{"id":"SEED000084","name":"T-Tower","category":"business_center","source":"2GIS","confidence":"C","status":"auto_unverified"}},{"type":"Feature","geometry":{"type":"Point","coordinates":[69.318682,41.316739]},"properties":{"id":"SEED000085","name":"Terminal","category":"business_center","source":"2GIS","confidence":"C","status":"auto_unverified"}},{"type":"Feature","geometry":{"type":"Point","coordinates":[69.347299,41.300995]},"properties":{"id":"SEED000086","name":"Mika group","category":"business_center","source":"2GIS","confidence":"C","status":"auto_unverified"}},{"type":"Feature","geometry":{"type":"Point","coordinates":[69.335581,41.306501]},"properties":{"id":"SEED000087","name":"Семург","category":"business_center","source":"2GIS","confidence":"C","status":"auto_unverified"}},{"type":"Feature","geometry":{"type":"Point","coordinates":[69.312303,41.303317]},"properties":{"id":"SEED000088","name":"Platinum","category":"business_center","source":"2GIS","confidence":"C","status":"auto_unverified"}},{"type":"Feature","geometry":{"type":"Point","coordinates":[69.304957,41.298911]},"properties":{"id":"SEED000089","name":"Aviapark","category":"business_center","source":"2GIS","confidence":"C","status":"auto_unverified"}},{"type":"Feature","geometry":{"type":"Point","coordinates":[69.306294,41.30123]},"properties":{"id":"SEED000090","name":"Alta plaza","category":"business_center","source":"2GIS","confidence":"C","status":"auto_unverified"}},{"type":"Feature","geometry":{"type":"Point","coordinates":[69.245484,41.312528]},"properties":{"id":"SEED000091","name":"Bomi by Covex","category":"business_center","source":"2GIS","confidence":"C","status":"auto_unverified"}},{"type":"Feature","geometry":{"type":"Point","coordinates":[69.245435,41.331011]},"properties":{"id":"SEED000092","name":"Asia metall concern","category":"business_center","source":"2GIS","confidence":"C","status":"auto_unverified"}},{"type":"Feature","geometry":{"type":"Point","coordinates":[69.259692,41.317789]},"properties":{"id":"SEED000093","name":"St.Petersburg","category":"business_center","source":"2GIS","confidence":"C","status":"auto_unverified"}},{"type":"Feature","geometry":{"type":"Point","coordinates":[69.228922,41.296034]},"properties":{"id":"SEED000094","name":"Navroz","category":"business_center","source":"2GIS","confidence":"C","status":"auto_unverified"}},{"type":"Feature","geometry":{"type":"Point","coordinates":[69.245225,41.275739]},"properties":{"id":"SEED000095","name":"Qushbegi","category":"business_center","source":"2GIS","confidence":"C","status":"auto_unverified"}},{"type":"Feature","geometry":{"type":"Point","coordinates":[69.305168,41.330476]},"properties":{"id":"SEED000096","name":"Onyx by Covex","category":"business_center","source":"2GIS","confidence":"C","status":"auto_unverified"}},{"type":"Feature","geometry":{"type":"Point","coordinates":[69.287927,41.321257]},"properties":{"id":"SEED000097","name":"Diplomat","category":"business_center","source":"2GIS","confidence":"C","status":"auto_unverified"}},{"type":"Feature","geometry":{"type":"Point","coordinates":[69.274625,41.309937]},"properties":{"id":"SEED000098","name":"Park view","category":"business_center","source":"2GIS","confidence":"C","status":"auto_unverified"}},{"type":"Feature","geometry":{"type":"Point","coordinates":[69.308256,41.314675]},"properties":{"id":"SEED000099","name":"nGKA","category":"business_center","source":"2GIS","confidence":"C","status":"auto_unverified"}},{"type":"Feature","geometry":{"type":"Point","coordinates":[69.29342,41.297007]},"properties":{"id":"SEED000100","name":"Hamkor","category":"business_center","source":"2GIS","confidence":"C","status":"auto_unverified"}},{"type":"Feature","geometry":{"type":"Point","coordinates":[69.317248,41.317276]},"properties":{"id":"SEED000101","name":"Gaon-fhl","category":"business_center","source":"2GIS","confidence":"C","status":"auto_unverified"}},{"type":"Feature","geometry":{"type":"Point","coordinates":[69.318101,41.319183]},"properties":{"id":"SEED000102","name":"Atlas","category":"business_center","source":"2GIS","confidence":"C","status":"auto_unverified"}},{"type":"Feature","geometry":{"type":"Point","coordinates":[69.314243,41.322084]},"properties":{"id":"SEED000103","name":"Savdo Taraqqiyoti","category":"business_center","source":"2GIS","confidence":"C","status":"auto_unverified"}},{"type":"Feature","geometry":{"type":"Point","coordinates":[69.314531,41.286531]},"properties":{"id":"SEED000104","name":"Carvon, офис","category":"business_center","source":"2GIS","confidence":"C","status":"auto_unverified"}},{"type":"Feature","geometry":{"type":"Point","coordinates":[69.286248,41.381243]},"properties":{"id":"SEED000105","name":"UCH KAKHRAMON","category":"mahallas","source":"GoldenPages","confidence":"C","status":"auto_unverified"}},{"type":"Feature","geometry":{"type":"Point","coordinates":[69.289792,41.314118]},"properties":{"id":"SEED000106","name":"OKIBAT","category":"mahallas","source":"GoldenPages","confidence":"C","status":"auto_unverified"}},{"type":"Feature","geometry":{"type":"Point","coordinates":[69.285345,41.31674]},"properties":{"id":"SEED000107","name":"MUSTAKILLIK","category":"mahallas","source":"GoldenPages","confidence":"C","status":"auto_unverified"}},{"type":"Feature","geometry":{"type":"Point","coordinates":[69.211097,41.365143]},"properties":{"id":"SEED000108","name":"TABASSUM","category":"mahallas","source":"GoldenPages","confidence":"C","status":"auto_unverified"}},{"type":"Feature","geometry":{"type":"Point","coordinates":[69.197276,41.371426]},"properties":{"id":"SEED000109","name":"YUKORI BESHKURGON","category":"mahallas","source":"GoldenPages","confidence":"C","status":"auto_unverified"}},{"type":"Feature","geometry":{"type":"Point","coordinates":[69.233702,41.336562]},"properties":{"id":"SEED000110","name":"ABU BAKR SHOSHIY","category":"mahallas","source":"GoldenPages","confidence":"C","status":"auto_unverified"}},{"type":"Feature","geometry":{"type":"Point","coordinates":[69.269721,41.332156]},"properties":{"id":"SEED000111","name":"LABZAK","category":"mahallas","source":"GoldenPages","confidence":"C","status":"auto_unverified"}},{"type":"Feature","geometry":{"type":"Point","coordinates":[69.35182,41.343131]},"properties":{"id":"SEED000112","name":"BAKHOR","category":"mahallas","source":"GoldenPages","confidence":"C","status":"auto_unverified"}},{"type":"Feature","geometry":{"type":"Point","coordinates":[69.210494,41.226246]},"properties":{"id":"SEED000113","name":"KHABIBIY","category":"mahallas","source":"GoldenPages","confidence":"C","status":"auto_unverified"}},{"type":"Feature","geometry":{"type":"Point","coordinates":[69.23034,41.351312]},"properties":{"id":"SEED000114","name":"GANI AGZAMOV","category":"mahallas","source":"GoldenPages","confidence":"C","status":"auto_unverified"}},{"type":"Feature","geometry":{"type":"Point","coordinates":[69.182107,41.363779]},"properties":{"id":"SEED000115","name":"SHIFOKORLAR","category":"mahallas","source":"GoldenPages","confidence":"C","status":"auto_unverified"}},{"type":"Feature","geometry":{"type":"Point","coordinates":[69.182397,41.281284]},"properties":{"id":"SEED000116","name":"ZARGARLIK","category":"mahallas","source":"GoldenPages","confidence":"C","status":"auto_unverified"}},{"type":"Feature","geometry":{"type":"Point","coordinates":[69.157451,41.265517]},"properties":{"id":"SEED000117","name":"ALIKHONTURA SOGUNIY","category":"mahallas","source":"GoldenPages","confidence":"C","status":"auto_unverified"}},{"type":"Feature","geometry":{"type":"Point","coordinates":[69.194,41.360578]},"properties":{"id":"SEED000118","name":"OLIMPIYA","category":"mahallas","source":"GoldenPages","confidence":"C","status":"auto_unverified"}},{"type":"Feature","geometry":{"type":"Point","coordinates":[69.296613,41.275808]},"properties":{"id":"SEED000119","name":"A.FITRAT","category":"mahallas","source":"GoldenPages","confidence":"C","status":"auto_unverified"}},{"type":"Feature","geometry":{"type":"Point","coordinates":[69.349403,41.317587]},"properties":{"id":"SEED000120","name":"AVAYKHON","category":"mahallas","source":"GoldenPages","confidence":"C","status":"auto_unverified"}},{"type":"Feature","geometry":{"type":"Point","coordinates":[69.386465,41.361651]},"properties":{"id":"SEED000121","name":"AZAMAT","category":"mahallas","source":"GoldenPages","confidence":"C","status":"auto_unverified"}},{"type":"Feature","geometry":{"type":"Point","coordinates":[69.152475,41.267142]},"properties":{"id":"SEED000122","name":"YANGIYUL","category":"mahallas","source":"GoldenPages","confidence":"C","status":"auto_unverified"}},{"type":"Feature","geometry":{"type":"Point","coordinates":[69.358559,41.328323]},"properties":{"id":"SEED000123","name":"ALISHER NAVOIY","category":"mahallas","source":"GoldenPages","confidence":"C","status":"auto_unverified"}},{"type":"Feature","geometry":{"type":"Point","coordinates":[69.244703,41.309202]},"properties":{"id":"SEED000124","name":"KATTA ALMAZOR","category":"mahallas","source":"GoldenPages","confidence":"C","status":"auto_unverified"}},{"type":"Feature","geometry":{"type":"Point","coordinates":[69.293681,41.320206]},"properties":{"id":"SEED000125","name":"LASHKARBEGI","category":"mahallas","source":"GoldenPages","confidence":"C","status":"auto_unverified"}},{"type":"Feature","geometry":{"type":"Point","coordinates":[69.385524,41.35671]},"properties":{"id":"SEED000126","name":"AKHILLIK","category":"mahallas","source":"GoldenPages","confidence":"C","status":"auto_unverified"}},{"type":"Feature","geometry":{"type":"Point","coordinates":[69.383726,41.346011]},"properties":{"id":"SEED000127","name":"AKHMAD YUGNAKI","category":"mahallas","source":"GoldenPages","confidence":"C","status":"auto_unverified"}},{"type":"Feature","geometry":{"type":"Point","coordinates":[69.203092,41.342808]},"properties":{"id":"SEED000128","name":"BUSTON","category":"mahallas","source":"GoldenPages","confidence":"C","status":"auto_unverified"}},{"type":"Feature","geometry":{"type":"Point","coordinates":[69.293223,41.346361]},"properties":{"id":"SEED000129","name":"KHIYOBONTEPA","category":"mahallas","source":"GoldenPages","confidence":"C","status":"auto_unverified"}},{"type":"Feature","geometry":{"type":"Point","coordinates":[69.23217,41.338471]},"properties":{"id":"SEED000130","name":"GUZARBOSHI","category":"mahallas","source":"GoldenPages","confidence":"C","status":"auto_unverified"}},{"type":"Feature","geometry":{"type":"Point","coordinates":[69.237474,41.369857]},"properties":{"id":"SEED000131","name":"GULZOR","category":"mahallas","source":"GoldenPages","confidence":"C","status":"auto_unverified"}},{"type":"Feature","geometry":{"type":"Point","coordinates":[69.373047,41.338903]},"properties":{"id":"SEED000132","name":"SULTONIYA","category":"mahallas","source":"GoldenPages","confidence":"C","status":"auto_unverified"}},{"type":"Feature","geometry":{"type":"Point","coordinates":[69.15901,41.26012]},"properties":{"id":"SEED000133","name":"GULISTON","category":"mahallas","source":"GoldenPages","confidence":"C","status":"auto_unverified"}},{"type":"Feature","geometry":{"type":"Point","coordinates":[69.327994,41.324978]},"properties":{"id":"SEED000134","name":"PODSHOBOG","category":"mahallas","source":"GoldenPages","confidence":"C","status":"auto_unverified"}},{"type":"Feature","geometry":{"type":"Point","coordinates":[69.239717,41.324926]},"properties":{"id":"SEED000135","name":"GULBOZOR","category":"mahallas","source":"GoldenPages","confidence":"C","status":"auto_unverified"}},{"type":"Feature","geometry":{"type":"Point","coordinates":[69.307401,41.328428]},"properties":{"id":"SEED000136","name":"DARKHAN","category":"mahallas","source":"GoldenPages","confidence":"C","status":"auto_unverified"}},{"type":"Feature","geometry":{"type":"Point","coordinates":[69.270684,41.269925]},"properties":{"id":"SEED000137","name":"ZAMINOBOD","category":"mahallas","source":"GoldenPages","confidence":"C","status":"auto_unverified"}},{"type":"Feature","geometry":{"type":"Point","coordinates":[69.331504,41.337273]},"properties":{"id":"SEED000138","name":"SAYRAM","category":"mahallas","source":"GoldenPages","confidence":"C","status":"auto_unverified"}},{"type":"Feature","geometry":{"type":"Point","coordinates":[69.154242,41.299738]},"properties":{"id":"SEED000139","name":"KURKAMOBOD","category":"mahallas","source":"GoldenPages","confidence":"C","status":"auto_unverified"}},{"type":"Feature","geometry":{"type":"Point","coordinates":[69.178755,41.33279]},"properties":{"id":"SEED000140","name":"ESKI JARARIK","category":"mahallas","source":"GoldenPages","confidence":"C","status":"auto_unverified"}},{"type":"Feature","geometry":{"type":"Point","coordinates":[69.19609,41.366605]},"properties":{"id":"SEED000141","name":"YOSHLIK","category":"mahallas","source":"GoldenPages","confidence":"C","status":"auto_unverified"}},{"type":"Feature","geometry":{"type":"Point","coordinates":[69.254415,41.326963]},"properties":{"id":"SEED000142","name":"JANGOH","category":"mahallas","source":"GoldenPages","confidence":"C","status":"auto_unverified"}},{"type":"Feature","geometry":{"type":"Point","coordinates":[69.203908,41.329101]},"properties":{"id":"SEED000143","name":"JARARIK","category":"mahallas","source":"GoldenPages","confidence":"C","status":"auto_unverified"}},{"type":"Feature","geometry":{"type":"Point","coordinates":[69.178265,41.300161]},"properties":{"id":"SEED000144","name":"JURJONIY","category":"mahallas","source":"GoldenPages","confidence":"C","status":"auto_unverified"}},{"type":"Feature","geometry":{"type":"Point","coordinates":[69.223862,41.313553]},"properties":{"id":"SEED000145","name":"ZANGIOTA","category":"mahallas","source":"GoldenPages","confidence":"C","status":"auto_unverified"}},{"type":"Feature","geometry":{"type":"Point","coordinates":[69.211494,41.352991]},"properties":{"id":"SEED000146","name":"ZIYO","category":"mahallas","source":"GoldenPages","confidence":"C","status":"auto_unverified"}},{"type":"Feature","geometry":{"type":"Point","coordinates":[69.242897,41.374293]},"properties":{"id":"SEED000147","name":"IBROKHIM OTA","category":"mahallas","source":"GoldenPages","confidence":"C","status":"auto_unverified"}},{"type":"Feature","geometry":{"type":"Point","coordinates":[69.210753,41.334768]},"properties":{"id":"SEED000148","name":"ILGOR","category":"mahallas","source":"GoldenPages","confidence":"C","status":"auto_unverified"}},{"type":"Feature","geometry":{"type":"Point","coordinates":[69.206417,41.321965]},"properties":{"id":"SEED000149","name":"KUKCHA DARVOZA","category":"mahallas","source":"GoldenPages","confidence":"C","status":"auto_unverified"}},{"type":"Feature","geometry":{"type":"Point","coordinates":[69.288211,41.277335]},"properties":{"id":"SEED000150","name":"ISTIKLOLOBOD","category":"mahallas","source":"GoldenPages","confidence":"C","status":"auto_unverified"}},{"type":"Feature","geometry":{"type":"Point","coordinates":[69.171051,41.288106]},"properties":{"id":"SEED000151","name":"NAYMAN","category":"mahallas","source":"GoldenPages","confidence":"C","status":"auto_unverified"}},{"type":"Feature","geometry":{"type":"Point","coordinates":[69.242355,41.340724]},"properties":{"id":"SEED000152","name":"KORASAROY","category":"mahallas","source":"GoldenPages","confidence":"C","status":"auto_unverified"}},{"type":"Feature","geometry":{"type":"Point","coordinates":[69.232648,41.317153]},"properties":{"id":"SEED000153","name":"KORATOSH","category":"mahallas","source":"GoldenPages","confidence":"C","status":"auto_unverified"}},{"type":"Feature","geometry":{"type":"Point","coordinates":[69.203794,41.286041]},"properties":{"id":"SEED000154","name":"KATORTOL","category":"mahallas","source":"GoldenPages","confidence":"C","status":"auto_unverified"}},{"type":"Feature","geometry":{"type":"Point","coordinates":[69.203672,41.292551]},"properties":{"id":"SEED000155","name":"KATORTOL-1","category":"mahallas","source":"GoldenPages","confidence":"C","status":"auto_unverified"}},{"type":"Feature","geometry":{"type":"Point","coordinates":[69.195559,41.267151]},"properties":{"id":"SEED000156","name":"KATORTOL-2","category":"mahallas","source":"GoldenPages","confidence":"C","status":"auto_unverified"}},{"type":"Feature","geometry":{"type":"Point","coordinates":[69.161298,41.274346]},"properties":{"id":"SEED000157","name":"KATTA KANY","category":"mahallas","source":"GoldenPages","confidence":"C","status":"auto_unverified"}},{"type":"Feature","geometry":{"type":"Point","coordinates":[69.214759,41.271765]},"properties":{"id":"SEED000158","name":"KATTA KOZIRBOD","category":"mahallas","source":"GoldenPages","confidence":"C","status":"auto_unverified"}},{"type":"Feature","geometry":{"type":"Point","coordinates":[69.176233,41.266702]},"properties":{"id":"SEED000159","name":"KATTA KHIRMONTEPA","category":"mahallas","source":"GoldenPages","confidence":"C","status":"auto_unverified"}},{"type":"Feature","geometry":{"type":"Point","coordinates":[69.22557,41.287099]},"properties":{"id":"SEED000160","name":"KATTA CHILANZAR-3","category":"mahallas","source":"GoldenPages","confidence":"C","status":"auto_unverified"}},{"type":"Feature","geometry":{"type":"Point","coordinates":[69.230176,41.31288]},"properties":{"id":"SEED000161","name":"KATTABOG","category":"mahallas","source":"GoldenPages","confidence":"C","status":"auto_unverified"}},{"type":"Feature","geometry":{"type":"Point","coordinates":[69.220074,41.319764]},"properties":{"id":"SEED000162","name":"KATTAKHOVUZ","category":"mahallas","source":"GoldenPages","confidence":"C","status":"auto_unverified"}},{"type":"Feature","geometry":{"type":"Point","coordinates":[69.16963,41.270918]},"properties":{"id":"SEED000163","name":"KOZIGUZAR","category":"mahallas","source":"GoldenPages","confidence":"C","status":"auto_unverified"}},{"type":"Feature","geometry":{"type":"Point","coordinates":[69.257674,41.333614]},"properties":{"id":"SEED000164","name":"KOKH OTA","category":"mahallas","source":"GoldenPages","confidence":"C","status":"auto_unverified"}},{"type":"Feature","geometry":{"type":"Point","coordinates":[69.323909,41.239824]},"properties":{"id":"SEED000165","name":"KUYLIK OTA","category":"mahallas","source":"GoldenPages","confidence":"C","status":"auto_unverified"}},{"type":"Feature","geometry":{"type":"Point","coordinates":[69.198166,41.280393]},"properties":{"id":"SEED000166","name":"KUTARMA","category":"mahallas","source":"GoldenPages","confidence":"C","status":"auto_unverified"}},{"type":"Feature","geometry":{"type":"Point","coordinates":[69.231483,41.336253]},"properties":{"id":"SEED000167","name":"KUSHTUT","category":"mahallas","source":"GoldenPages","confidence":"C","status":"auto_unverified"}},{"type":"Feature","geometry":{"type":"Point","coordinates":[69.291032,41.276165]},"properties":{"id":"SEED000168","name":"YANGIZAMON","category":"mahallas","source":"GoldenPages","confidence":"C","status":"auto_unverified"}},{"type":"Feature","geometry":{"type":"Point","coordinates":[69.26772,41.304693]},"properties":{"id":"SEED000169","name":"AFROSIYOB","category":"mahallas","source":"GoldenPages","confidence":"C","status":"auto_unverified"}},{"type":"Feature","geometry":{"type":"Point","coordinates":[69.195718,41.273725]},"properties":{"id":"SEED000170","name":"BOTIRMA","category":"mahallas","source":"GoldenPages","confidence":"C","status":"auto_unverified"}},{"type":"Feature","geometry":{"type":"Point","coordinates":[69.323926,41.244291]},"properties":{"id":"SEED000171","name":"BAYOT","category":"mahallas","source":"GoldenPages","confidence":"C","status":"auto_unverified"}},{"type":"Feature","geometry":{"type":"Point","coordinates":[69.194747,41.265068]},"properties":{"id":"SEED000172","name":"MEVAZOR","category":"mahallas","source":"GoldenPages","confidence":"C","status":"auto_unverified"}},{"type":"Feature","geometry":{"type":"Point","coordinates":[69.24935,41.341035]},"properties":{"id":"SEED000173","name":"KHONCHORBOG","category":"mahallas","source":"GoldenPages","confidence":"C","status":"auto_unverified"}},{"type":"Feature","geometry":{"type":"Point","coordinates":[69.193449,41.274615]},"properties":{"id":"SEED000174","name":"MEHRJON","category":"mahallas","source":"GoldenPages","confidence":"C","status":"auto_unverified"}},{"type":"Feature","geometry":{"type":"Point","coordinates":[69.280989,41.302971]},"properties":{"id":"SEED000175","name":"MING URIK","category":"mahallas","source":"GoldenPages","confidence":"C","status":"auto_unverified"}},{"type":"Feature","geometry":{"type":"Point","coordinates":[69.196929,41.350829]},"properties":{"id":"SEED000176","name":"MIRZO GOLIB","category":"mahallas","source":"GoldenPages","confidence":"C","status":"auto_unverified"}},{"type":"Feature","geometry":{"type":"Point","coordinates":[69.30512,41.317782]},"properties":{"id":"SEED000177","name":"MIRZAKALON ISMOILIY","category":"mahallas","source":"GoldenPages","confidence":"C","status":"auto_unverified"}},{"type":"Feature","geometry":{"type":"Point","coordinates":[69.272128,41.2888]},"properties":{"id":"SEED000178","name":"MIROBOD","category":"mahallas","source":"GoldenPages","confidence":"C","status":"auto_unverified"}},{"type":"Feature","geometry":{"type":"Point","coordinates":[69.261103,41.34835]},"properties":{"id":"SEED000179","name":"MISKIN","category":"mahallas","source":"GoldenPages","confidence":"C","status":"auto_unverified"}},{"type":"Feature","geometry":{"type":"Point","coordinates":[69.206256,41.223042]},"properties":{"id":"SEED000180","name":"TASHABBUS","category":"mahallas","source":"GoldenPages","confidence":"C","status":"auto_unverified"}},{"type":"Feature","geometry":{"type":"Point","coordinates":[69.391807,41.359769]},"properties":{"id":"SEED000181","name":"YUZRABOT","category":"mahallas","source":"GoldenPages","confidence":"C","status":"auto_unverified"}},{"type":"Feature","geometry":{"type":"Point","coordinates":[69.201994,41.278889]},"properties":{"id":"SEED000182","name":"NAVBAKHOR","category":"mahallas","source":"GoldenPages","confidence":"C","status":"auto_unverified"}},{"type":"Feature","geometry":{"type":"Point","coordinates":[69.237945,41.35236]},"properties":{"id":"SEED000183","name":"OLTINSOY","category":"mahallas","source":"GoldenPages","confidence":"C","status":"auto_unverified"}},{"type":"Feature","geometry":{"type":"Point","coordinates":[69.179503,41.264364]},"properties":{"id":"SEED000184","name":"YAKKATUT","category":"mahallas","source":"GoldenPages","confidence":"C","status":"auto_unverified"}},{"type":"Feature","geometry":{"type":"Point","coordinates":[69.284793,41.280717]},"properties":{"id":"SEED000185","name":"NAVRUZ","category":"mahallas","source":"GoldenPages","confidence":"C","status":"auto_unverified"}},{"type":"Feature","geometry":{"type":"Point","coordinates":[69.357563,41.323163]},"properties":{"id":"SEED000186","name":"MING LOLA","category":"mahallas","source":"GoldenPages","confidence":"C","status":"auto_unverified"}},{"type":"Feature","geometry":{"type":"Point","coordinates":[69.245434,41.338172]},"properties":{"id":"SEED000187","name":"NAMUNA","category":"mahallas","source":"GoldenPages","confidence":"C","status":"auto_unverified"}},{"type":"Feature","geometry":{"type":"Point","coordinates":[69.225867,41.292864]},"properties":{"id":"SEED000188","name":"NOVZA","category":"mahallas","source":"GoldenPages","confidence":"C","status":"auto_unverified"}},{"type":"Feature","geometry":{"type":"Point","coordinates":[69.20131,41.274337]},"properties":{"id":"SEED000189","name":"ZARKURGON","category":"mahallas","source":"GoldenPages","confidence":"C","status":"auto_unverified"}},{"type":"Feature","geometry":{"type":"Point","coordinates":[69.192235,41.318324]},"properties":{"id":"SEED000190","name":"SHOFAYZIBOG","category":"mahallas","source":"GoldenPages","confidence":"C","status":"auto_unverified"}},{"type":"Feature","geometry":{"type":"Point","coordinates":[69.217197,41.326026]},"properties":{"id":"SEED000191","name":"OBINAZAR","category":"mahallas","source":"GoldenPages","confidence":"C","status":"auto_unverified"}},{"type":"Feature","geometry":{"type":"Point","coordinates":[69.205528,41.366451]},"properties":{"id":"SEED000192","name":"TEPAGUZAR","category":"mahallas","source":"GoldenPages","confidence":"C","status":"auto_unverified"}},{"type":"Feature","geometry":{"type":"Point","coordinates":[69.278159,41.298335]},"properties":{"id":"SEED000193","name":"OYBEK","category":"mahallas","source":"GoldenPages","confidence":"C","status":"auto_unverified"}},{"type":"Feature","geometry":{"type":"Point","coordinates":[69.182017,41.30671]},"properties":{"id":"SEED000194","name":"KUKCHA OKTEPA","category":"mahallas","source":"GoldenPages","confidence":"C","status":"auto_unverified"}},{"type":"Feature","geometry":{"type":"Point","coordinates":[69.213861,41.297097]},"properties":{"id":"SEED000195","name":"CHILANZAR-AKTEPA","category":"mahallas","source":"GoldenPages","confidence":"C","status":"auto_unverified"}},{"type":"Feature","geometry":{"type":"Point","coordinates":[69.314431,41.263045]},"properties":{"id":"SEED000196","name":"OK UY","category":"mahallas","source":"GoldenPages","confidence":"C","status":"auto_unverified"}},{"type":"Feature","geometry":{"type":"Point","coordinates":[69.21536,41.320072]},"properties":{"id":"SEED000197","name":"OKILON","category":"mahallas","source":"GoldenPages","confidence":"C","status":"auto_unverified"}},{"type":"Feature","geometry":{"type":"Point","coordinates":[69.299037,41.328027]},"properties":{"id":"SEED000198","name":"OKKURGON","category":"mahallas","source":"GoldenPages","confidence":"C","status":"auto_unverified"}},{"type":"Feature","geometry":{"type":"Point","coordinates":[69.213224,41.306153]},"properties":{"id":"SEED000199","name":"OLIM KHUJAEV","category":"mahallas","source":"GoldenPages","confidence":"C","status":"auto_unverified"}},{"type":"Feature","geometry":{"type":"Point","coordinates":[69.337536,41.34093]},"properties":{"id":"SEED000200","name":"OLIMLAR","category":"mahallas","source":"GoldenPages","confidence":"C","status":"auto_unverified"}},{"type":"Feature","geometry":{"type":"Point","coordinates":[69.303591,41.251243]},"properties":{"id":"SEED000201","name":"ZIYONUR","category":"mahallas","source":"GoldenPages","confidence":"C","status":"auto_unverified"}},{"type":"Feature","geometry":{"type":"Point","coordinates":[69.301577,41.270732]},"properties":{"id":"SEED000202","name":"OLTINKUL","category":"mahallas","source":"GoldenPages","confidence":"C","status":"auto_unverified"}},{"type":"Feature","geometry":{"type":"Point","coordinates":[69.343967,41.320923]},"properties":{"id":"SEED000203","name":"KATTA OLTINTEPA","category":"mahallas","source":"GoldenPages","confidence":"C","status":"auto_unverified"}},{"type":"Feature","geometry":{"type":"Point","coordinates":[69.34196,41.31192]},"properties":{"id":"SEED000204","name":"OLTINTEPA","category":"mahallas","source":"GoldenPages","confidence":"C","status":"auto_unverified"}},{"type":"Feature","geometry":{"type":"Point","coordinates":[69.320503,41.249452]},"properties":{"id":"SEED000205","name":"PARVONA","category":"mahallas","source":"GoldenPages","confidence":"C","status":"auto_unverified"}},{"type":"Feature","geometry":{"type":"Point","coordinates":[69.225444,41.362339]},"properties":{"id":"SEED000206","name":"PAKHTA","category":"mahallas","source":"GoldenPages","confidence":"C","status":"auto_unverified"}},{"type":"Feature","geometry":{"type":"Point","coordinates":[69.217508,41.307522]},"properties":{"id":"SEED000207","name":"SAMARKAND DARVOZA","category":"mahallas","source":"GoldenPages","confidence":"C","status":"auto_unverified"}},{"type":"Feature","geometry":{"type":"Point","coordinates":[69.296037,41.267529]},"properties":{"id":"SEED000208","name":"SARIKUL","category":"mahallas","source":"GoldenPages","confidence":"C","status":"auto_unverified"}},{"type":"Feature","geometry":{"type":"Point","coordinates":[69.224041,41.32296]},"properties":{"id":"SEED000209","name":"SARKHUMDOR","category":"mahallas","source":"GoldenPages","confidence":"C","status":"auto_unverified"}},{"type":"Feature","geometry":{"type":"Point","coordinates":[69.223787,41.317782]},"properties":{"id":"SEED000210","name":"SUZUK-OTA","category":"mahallas","source":"GoldenPages","confidence":"C","status":"auto_unverified"}},{"type":"Feature","geometry":{"type":"Point","coordinates":[69.249398,41.33788]},"properties":{"id":"SEED000211","name":"YUKORI SEBZOR","category":"mahallas","source":"GoldenPages","confidence":"C","status":"auto_unverified"}},{"type":"Feature","geometry":{"type":"Point","coordinates":[69.279937,41.284036]},"properties":{"id":"SEED000212","name":"TEMIRYULCHILAR","category":"mahallas","source":"GoldenPages","confidence":"C","status":"auto_unverified"}},{"type":"Feature","geometry":{"type":"Point","coordinates":[69.202301,41.333448]},"properties":{"id":"SEED000213","name":"TINCHLIK","category":"mahallas","source":"GoldenPages","confidence":"C","status":"auto_unverified"}},{"type":"Feature","geometry":{"type":"Point","coordinates":[69.173275,41.261862]},"properties":{"id":"SEED000214","name":"KHONTUPI","category":"mahallas","source":"GoldenPages","confidence":"C","status":"auto_unverified"}},{"type":"Feature","geometry":{"type":"Point","coordinates":[69.177998,41.285211]},"properties":{"id":"SEED000215","name":"TINCHLIKOBOD","category":"mahallas","source":"GoldenPages","confidence":"C","status":"auto_unverified"}},{"type":"Feature","geometry":{"type":"Point","coordinates":[69.356755,41.353608]},"properties":{"id":"SEED000216","name":"KATTA YALANGOCH OTA","category":"mahallas","source":"GoldenPages","confidence":"C","status":"auto_unverified"}},{"type":"Feature","geometry":{"type":"Point","coordinates":[69.187636,41.349852]},"properties":{"id":"SEED000217","name":"UZBEKISTAN","category":"mahallas","source":"GoldenPages","confidence":"C","status":"auto_unverified"}},{"type":"Feature","geometry":{"type":"Point","coordinates":[69.459121,41.405735]},"properties":{"id":"SEED000218","name":"ULUGBEK","category":"mahallas","source":"GoldenPages","confidence":"C","status":"auto_unverified"}},{"type":"Feature","geometry":{"type":"Point","coordinates":[69.348411,41.349684]},"properties":{"id":"SEED000219","name":"BOGIMAYDON","category":"mahallas","source":"GoldenPages","confidence":"C","status":"auto_unverified"}},{"type":"Feature","geometry":{"type":"Point","coordinates":[69.265685,41.318969]},"properties":{"id":"SEED000220","name":"URDA","category":"mahallas","source":"GoldenPages","confidence":"C","status":"auto_unverified"}},{"type":"Feature","geometry":{"type":"Point","coordinates":[69.14265,41.286721]},"properties":{"id":"SEED000221","name":"URIKZOR","category":"mahallas","source":"GoldenPages","confidence":"C","status":"auto_unverified"}},{"type":"Feature","geometry":{"type":"Point","coordinates":[69.174055,41.316053]},"properties":{"id":"SEED000222","name":"JARBULOK","category":"mahallas","source":"GoldenPages","confidence":"C","status":"auto_unverified"}},{"type":"Feature","geometry":{"type":"Point","coordinates":[69.3125,41.257541]},"properties":{"id":"SEED000223","name":"FAYZIOBOD","category":"mahallas","source":"GoldenPages","confidence":"C","status":"auto_unverified"}},{"type":"Feature","geometry":{"type":"Point","coordinates":[69.379168,41.36113]},"properties":{"id":"SEED000224","name":"MUNAVVARKORI","category":"mahallas","source":"GoldenPages","confidence":"C","status":"auto_unverified"}},{"type":"Feature","geometry":{"type":"Point","coordinates":[69.335496,41.342836]},"properties":{"id":"SEED000225","name":"NAVNIKHOL","category":"mahallas","source":"GoldenPages","confidence":"C","status":"auto_unverified"}},{"type":"Feature","geometry":{"type":"Point","coordinates":[69.292584,41.313073]},"properties":{"id":"SEED000226","name":"NUR","category":"mahallas","source":"GoldenPages","confidence":"C","status":"auto_unverified"}},{"type":"Feature","geometry":{"type":"Point","coordinates":[69.304842,41.279991]},"properties":{"id":"SEED000227","name":"FURKAT","category":"mahallas","source":"GoldenPages","confidence":"C","status":"auto_unverified"}},{"type":"Feature","geometry":{"type":"Point","coordinates":[69.34366,41.347718]},"properties":{"id":"SEED000228","name":"KH.ABDULLAEV","category":"mahallas","source":"GoldenPages","confidence":"C","status":"auto_unverified"}},{"type":"Feature","geometry":{"type":"Point","coordinates":[69.164923,41.306336]},"properties":{"id":"SEED000229","name":"KHAYRATIY","category":"mahallas","source":"GoldenPages","confidence":"C","status":"auto_unverified"}},{"type":"Feature","geometry":{"type":"Point","coordinates":[69.213167,41.286256]},"properties":{"id":"SEED000230","name":"KHALKLAR DUSTLIGI","category":"mahallas","source":"GoldenPages","confidence":"C","status":"auto_unverified"}},{"type":"Feature","geometry":{"type":"Point","coordinates":[69.21495,41.291601]},"properties":{"id":"SEED000231","name":"BESHCHINOR","category":"mahallas","source":"GoldenPages","confidence":"C","status":"auto_unverified"}},{"type":"Feature","geometry":{"type":"Point","coordinates":[69.174055,41.316053]},"properties":{"id":"SEED000232","name":"KHONDAMIR","category":"mahallas","source":"GoldenPages","confidence":"C","status":"auto_unverified"}},{"type":"Feature","geometry":{"type":"Point","coordinates":[69.299609,41.321348]},"properties":{"id":"SEED000233","name":"KHAMID ALIMDJAN","category":"mahallas","source":"GoldenPages","confidence":"C","status":"auto_unverified"}},{"type":"Feature","geometry":{"type":"Point","coordinates":[69.2397,41.33077]},"properties":{"id":"SEED000234","name":"KHASTIMOM","category":"mahallas","source":"GoldenPages","confidence":"C","status":"auto_unverified"}},{"type":"Feature","geometry":{"type":"Point","coordinates":[69.184013,41.270949]},"properties":{"id":"SEED000235","name":"KHIRMONTEPA","category":"mahallas","source":"GoldenPages","confidence":"C","status":"auto_unverified"}},{"type":"Feature","geometry":{"type":"Point","coordinates":[69.234816,41.331814]},"properties":{"id":"SEED000236","name":"KHOFIZ KUKHAKIY","category":"mahallas","source":"GoldenPages","confidence":"C","status":"auto_unverified"}},{"type":"Feature","geometry":{"type":"Point","coordinates":[69.201037,41.340252]},"properties":{"id":"SEED000237","name":"KHUVAYDO","category":"mahallas","source":"GoldenPages","confidence":"C","status":"auto_unverified"}},{"type":"Feature","geometry":{"type":"Point","coordinates":[69.387537,41.342066]},"properties":{"id":"SEED000238","name":"KHUMOYUN","category":"mahallas","source":"GoldenPages","confidence":"C","status":"auto_unverified"}},{"type":"Feature","geometry":{"type":"Point","coordinates":[69.237351,41.291021]},"properties":{"id":"SEED000239","name":"CHILONZOR","category":"mahallas","source":"GoldenPages","confidence":"C","status":"auto_unverified"}},{"type":"Feature","geometry":{"type":"Point","coordinates":[69.231852,41.319079]},"properties":{"id":"SEED000240","name":"CHORSU","category":"mahallas","source":"GoldenPages","confidence":"C","status":"auto_unverified"}},{"type":"Feature","geometry":{"type":"Point","coordinates":[69.23372,41.363286]},"properties":{"id":"SEED000241","name":"CHUKURSOY","category":"mahallas","source":"GoldenPages","confidence":"C","status":"auto_unverified"}},{"type":"Feature","geometry":{"type":"Point","coordinates":[69.205599,41.304188]},"properties":{"id":"SEED000242","name":"KATTA OKTEPA","category":"mahallas","source":"GoldenPages","confidence":"C","status":"auto_unverified"}},{"type":"Feature","geometry":{"type":"Point","coordinates":[69.22487,41.331183]},"properties":{"id":"SEED000243","name":"CHUSTIY","category":"mahallas","source":"GoldenPages","confidence":"C","status":"auto_unverified"}},{"type":"Feature","geometry":{"type":"Point","coordinates":[69.257793,41.325783]},"properties":{"id":"SEED000244","name":"SHAYKHONTOHUR","category":"mahallas","source":"GoldenPages","confidence":"C","status":"auto_unverified"}},{"type":"Feature","geometry":{"type":"Point","coordinates":[69.180552,41.318425]},"properties":{"id":"SEED000245","name":"BOGICHINOR","category":"mahallas","source":"GoldenPages","confidence":"C","status":"auto_unverified"}},{"type":"Feature","geometry":{"type":"Point","coordinates":[69.171474,41.319937]},"properties":{"id":"SEED000246","name":"SHARK GULI","category":"mahallas","source":"GoldenPages","confidence":"C","status":"auto_unverified"}},{"type":"Feature","geometry":{"type":"Point","coordinates":[69.177647,41.312588]},"properties":{"id":"SEED000247","name":"SHARK YULDUZI","category":"mahallas","source":"GoldenPages","confidence":"C","status":"auto_unverified"}},{"type":"Feature","geometry":{"type":"Point","coordinates":[69.340036,41.348632]},"properties":{"id":"SEED000248","name":"SHAHRIOBOD","category":"mahallas","source":"GoldenPages","confidence":"C","status":"auto_unverified"}},{"type":"Feature","geometry":{"type":"Point","coordinates":[69.17561,41.276479]},"properties":{"id":"SEED000249","name":"SHIRIN","category":"mahallas","source":"GoldenPages","confidence":"C","status":"auto_unverified"}},{"type":"Feature","geometry":{"type":"Point","coordinates":[69.176283,41.292003]},"properties":{"id":"SEED000250","name":"BIRLIK","category":"mahallas","source":"GoldenPages","confidence":"C","status":"auto_unverified"}},{"type":"Feature","geometry":{"type":"Point","coordinates":[69.17227,41.336309]},"properties":{"id":"SEED000251","name":"SHODLIK","category":"mahallas","source":"GoldenPages","confidence":"C","status":"auto_unverified"}},{"type":"Feature","geometry":{"type":"Point","coordinates":[69.200587,41.33792]},"properties":{"id":"SEED000252","name":"ZAFAROBOD","category":"mahallas","source":"GoldenPages","confidence":"C","status":"auto_unverified"}},{"type":"Feature","geometry":{"type":"Point","coordinates":[69.200379,41.321098]},"properties":{"id":"SEED000253","name":"SHOFAYZI","category":"mahallas","source":"GoldenPages","confidence":"C","status":"auto_unverified"}},{"type":"Feature","geometry":{"type":"Point","coordinates":[69.361878,41.334817]},"properties":{"id":"SEED000254","name":"SHUKUR BURKHONOV","category":"mahallas","source":"GoldenPages","confidence":"C","status":"auto_unverified"}},{"type":"Feature","geometry":{"type":"Point","coordinates":[69.199527,41.370394]},"properties":{"id":"SEED000255","name":"SHON-SHUHRAT","category":"mahallas","source":"GoldenPages","confidence":"C","status":"auto_unverified"}},{"type":"Feature","geometry":{"type":"Point","coordinates":[69.234471,41.329155]},"properties":{"id":"SEED000256","name":"ESKI SHAKHAR","category":"mahallas","source":"GoldenPages","confidence":"C","status":"auto_unverified"}},{"type":"Feature","geometry":{"type":"Point","coordinates":[69.229752,41.313986]},"properties":{"id":"SEED000257","name":"ESHONGUZAR","category":"mahallas","source":"GoldenPages","confidence":"C","status":"auto_unverified"}},{"type":"Feature","geometry":{"type":"Point","coordinates":[69.157151,41.292263]},"properties":{"id":"SEED000258","name":"U.SAKKOKIY","category":"mahallas","source":"GoldenPages","confidence":"C","status":"auto_unverified"}},{"type":"Feature","geometry":{"type":"Point","coordinates":[69.361933,41.356009]},"properties":{"id":"SEED000259","name":"KAMOLOT","category":"mahallas","source":"GoldenPages","confidence":"C","status":"auto_unverified"}},{"type":"Feature","geometry":{"type":"Point","coordinates":[69.272514,41.286631]},"properties":{"id":"SEED000260","name":"YANGI MIROBOD","category":"mahallas","source":"GoldenPages","confidence":"C","status":"auto_unverified"}},{"type":"Feature","geometry":{"type":"Point","coordinates":[69.167477,41.280562]},"properties":{"id":"SEED000261","name":"NUROBOD","category":"mahallas","source":"GoldenPages","confidence":"C","status":"auto_unverified"}},{"type":"Feature","geometry":{"type":"Point","coordinates":[69.377242,41.336062]},"properties":{"id":"SEED000262","name":"CHIMYON","category":"mahallas","source":"GoldenPages","confidence":"C","status":"auto_unverified"}},{"type":"Feature","geometry":{"type":"Point","coordinates":[69.235999,41.311474]},"properties":{"id":"SEED000263","name":"YANGI KAMOLON","category":"mahallas","source":"GoldenPages","confidence":"C","status":"auto_unverified"}},{"type":"Feature","geometry":{"type":"Point","coordinates":[69.269799,41.30686]},"properties":{"id":"SEED000264","name":"SH.RASHIDOV","category":"mahallas","source":"GoldenPages","confidence":"C","status":"auto_unverified"}},{"type":"Feature","geometry":{"type":"Point","coordinates":[69.370981,41.360107]},"properties":{"id":"SEED000265","name":"FERUZA","category":"mahallas","source":"GoldenPages","confidence":"C","status":"auto_unverified"}},{"type":"Feature","geometry":{"type":"Point","coordinates":[69.164409,41.288823]},"properties":{"id":"SEED000266","name":"CHULPON-OTA","category":"mahallas","source":"GoldenPages","confidence":"C","status":"auto_unverified"}},{"type":"Feature","geometry":{"type":"Point","coordinates":[69.355026,41.240507]},"properties":{"id":"SEED000267","name":"ABAY","category":"mahallas","source":"GoldenPages","confidence":"C","status":"auto_unverified"}},{"type":"Feature","geometry":{"type":"Point","coordinates":[69.338733,41.231467]},"properties":{"id":"SEED000268","name":"BEKTEMIR","category":"mahallas","source":"GoldenPages","confidence":"C","status":"auto_unverified"}},{"type":"Feature","geometry":{"type":"Point","coordinates":[69.370917,41.251017]},"properties":{"id":"SEED000269","name":"IKBOL","category":"mahallas","source":"GoldenPages","confidence":"C","status":"auto_unverified"}},{"type":"Feature","geometry":{"type":"Point","coordinates":[69.372492,41.252262]},"properties":{"id":"SEED000270","name":"ZILOLA","category":"mahallas","source":"GoldenPages","confidence":"C","status":"auto_unverified"}},{"type":"Feature","geometry":{"type":"Point","coordinates":[69.37731,41.255088]},"properties":{"id":"SEED000271","name":"MIRISHKOR","category":"mahallas","source":"GoldenPages","confidence":"C","status":"auto_unverified"}},{"type":"Feature","geometry":{"type":"Point","coordinates":[69.353053,41.236954]},"properties":{"id":"SEED000272","name":"KHUSAYN BOYKARO","category":"mahallas","source":"GoldenPages","confidence":"C","status":"auto_unverified"}},{"type":"Feature","geometry":{"type":"Point","coordinates":[69.388819,41.246715]},"properties":{"id":"SEED000273","name":"MAJNUNTOL","category":"mahallas","source":"GoldenPages","confidence":"C","status":"auto_unverified"}},{"type":"Feature","geometry":{"type":"Point","coordinates":[69.320598,41.234182]},"properties":{"id":"SEED000274","name":"NURAFSHON","category":"mahallas","source":"GoldenPages","confidence":"C","status":"auto_unverified"}},{"type":"Feature","geometry":{"type":"Point","coordinates":[69.330826,41.22666]},"properties":{"id":"SEED000275","name":"OLTINTOPGAN","category":"mahallas","source":"GoldenPages","confidence":"C","status":"auto_unverified"}},{"type":"Feature","geometry":{"type":"Point","coordinates":[69.377798,41.253939]},"properties":{"id":"SEED000276","name":"ROKHAT","category":"mahallas","source":"GoldenPages","confidence":"C","status":"auto_unverified"}},{"type":"Feature","geometry":{"type":"Point","coordinates":[69.371792,41.249597]},"properties":{"id":"SEED000277","name":"CHASHMA","category":"mahallas","source":"GoldenPages","confidence":"C","status":"auto_unverified"}},{"type":"Feature","geometry":{"type":"Point","coordinates":[69.289508,41.30004]},"properties":{"id":"SEED000278","name":"MOVAROUNNAHR","category":"mahallas","source":"GoldenPages","confidence":"C","status":"auto_unverified"}},{"type":"Feature","geometry":{"type":"Point","coordinates":[69.281998,41.293781]},"properties":{"id":"SEED000279","name":"SALAR","category":"mahallas","source":"GoldenPages","confidence":"C","status":"auto_unverified"}},{"type":"Feature","geometry":{"type":"Point","coordinates":[69.268512,41.301783]},"properties":{"id":"SEED000280","name":"AT-TERMIZIY","category":"mahallas","source":"GoldenPages","confidence":"C","status":"auto_unverified"}},{"type":"Feature","geometry":{"type":"Point","coordinates":[69.270892,41.299664]},"properties":{"id":"SEED000281","name":"FAROVON","category":"mahallas","source":"GoldenPages","confidence":"C","status":"auto_unverified"}},{"type":"Feature","geometry":{"type":"Point","coordinates":[69.273554,41.29256]},"properties":{"id":"SEED000282","name":"A.AVLONIY","category":"mahallas","source":"GoldenPages","confidence":"C","status":"auto_unverified"}},{"type":"Feature","geometry":{"type":"Point","coordinates":[69.298133,41.286206]},"properties":{"id":"SEED000283","name":"TONG YULDUZI","category":"mahallas","source":"GoldenPages","confidence":"C","status":"auto_unverified"}},{"type":"Feature","geometry":{"type":"Point","coordinates":[69.305691,41.269414]},"properties":{"id":"SEED000284","name":"KORASUV","category":"mahallas","source":"GoldenPages","confidence":"C","status":"auto_unverified"}},{"type":"Feature","geometry":{"type":"Point","coordinates":[69.311091,41.245708]},"properties":{"id":"SEED000285","name":"CHINOR","category":"mahallas","source":"GoldenPages","confidence":"C","status":"auto_unverified"}},{"type":"Feature","geometry":{"type":"Point","coordinates":[69.305306,41.248184]},"properties":{"id":"SEED000286","name":"TOLARIK","category":"mahallas","source":"GoldenPages","confidence":"C","status":"auto_unverified"}},{"type":"Feature","geometry":{"type":"Point","coordinates":[69.306567,41.246513]},"properties":{"id":"SEED000287","name":"YANGI KUYLIK","category":"mahallas","source":"GoldenPages","confidence":"C","status":"auto_unverified"}},{"type":"Feature","geometry":{"type":"Point","coordinates":[69.302091,41.318327]},"properties":{"id":"SEED000288","name":"ASAKA","category":"mahallas","source":"GoldenPages","confidence":"C","status":"auto_unverified"}},{"type":"Feature","geometry":{"type":"Point","coordinates":[69.349567,41.329332]},"properties":{"id":"SEED000289","name":"ALPOMISH","category":"mahallas","source":"GoldenPages","confidence":"C","status":"auto_unverified"}},{"type":"Feature","geometry":{"type":"Point","coordinates":[69.323346,41.329612]},"properties":{"id":"SEED000290","name":"BUYUK IPAK YULI","category":"mahallas","source":"GoldenPages","confidence":"C","status":"auto_unverified"}},{"type":"Feature","geometry":{"type":"Point","coordinates":[69.366312,41.337587]},"properties":{"id":"SEED000291","name":"SHURTEPA","category":"mahallas","source":"GoldenPages","confidence":"C","status":"auto_unverified"}},{"type":"Feature","geometry":{"type":"Point","coordinates":[69.366677,41.347489]},"properties":{"id":"SEED000292","name":"YALANGOCH","category":"mahallas","source":"GoldenPages","confidence":"C","status":"auto_unverified"}},{"type":"Feature","geometry":{"type":"Point","coordinates":[69.364172,41.350318]},"properties":{"id":"SEED000293","name":"SHALOLA","category":"mahallas","source":"GoldenPages","confidence":"C","status":"auto_unverified"}},{"type":"Feature","geometry":{"type":"Point","coordinates":[69.371486,41.332375]},"properties":{"id":"SEED000294","name":"KATTA KORASUV","category":"mahallas","source":"GoldenPages","confidence":"C","status":"auto_unverified"}},{"type":"Feature","geometry":{"type":"Point","coordinates":[69.382336,41.356794]},"properties":{"id":"SEED000295","name":"UYGONISH","category":"mahallas","source":"GoldenPages","confidence":"C","status":"auto_unverified"}},{"type":"Feature","geometry":{"type":"Point","coordinates":[69.359101,41.321381]},"properties":{"id":"SEED000296","name":"YANGI AVAYKHON","category":"mahallas","source":"GoldenPages","confidence":"C","status":"auto_unverified"}},{"type":"Feature","geometry":{"type":"Point","coordinates":[69.257059,41.343095]},"properties":{"id":"SEED000297","name":"CHILTUGON","category":"mahallas","source":"GoldenPages","confidence":"C","status":"auto_unverified"}},{"type":"Feature","geometry":{"type":"Point","coordinates":[69.214333,41.337929]},"properties":{"id":"SEED000298","name":"QUYOSH","category":"mahallas","source":"GoldenPages","confidence":"C","status":"auto_unverified"}},{"type":"Feature","geometry":{"type":"Point","coordinates":[69.193796,41.369741]},"properties":{"id":"SEED000299","name":"CHAMANBOG","category":"mahallas","source":"GoldenPages","confidence":"C","status":"auto_unverified"}},{"type":"Feature","geometry":{"type":"Point","coordinates":[69.216066,41.340861]},"properties":{"id":"SEED000300","name":"ALLON","category":"mahallas","source":"GoldenPages","confidence":"C","status":"auto_unverified"}},{"type":"Feature","geometry":{"type":"Point","coordinates":[69.219414,41.382032]},"properties":{"id":"SEED000301","name":"AKHIL","category":"mahallas","source":"GoldenPages","confidence":"C","status":"auto_unverified"}},{"type":"Feature","geometry":{"type":"Point","coordinates":[69.192981,41.358586]},"properties":{"id":"SEED000302","name":"BERUNIY","category":"mahallas","source":"GoldenPages","confidence":"C","status":"auto_unverified"}},{"type":"Feature","geometry":{"type":"Point","coordinates":[69.241089,41.345537]},"properties":{"id":"SEED000303","name":"GURUCHARIK","category":"mahallas","source":"GoldenPages","confidence":"C","status":"auto_unverified"}},{"type":"Feature","geometry":{"type":"Point","coordinates":[69.233368,41.363199]},"properties":{"id":"SEED000304","name":"GULSAROY","category":"mahallas","source":"GoldenPages","confidence":"C","status":"auto_unverified"}},{"type":"Feature","geometry":{"type":"Point","coordinates":[69.236692,41.356283]},"properties":{"id":"SEED000305","name":"ISLOM OTA","category":"mahallas","source":"GoldenPages","confidence":"C","status":"auto_unverified"}},{"type":"Feature","geometry":{"type":"Point","coordinates":[69.224514,41.367092]},"properties":{"id":"SEED000306","name":"YANGI TASHKENT","category":"mahallas","source":"GoldenPages","confidence":"C","status":"auto_unverified"}},{"type":"Feature","geometry":{"type":"Point","coordinates":[69.210051,41.373868]},"properties":{"id":"SEED000307","name":"NIKHOL","category":"mahallas","source":"GoldenPages","confidence":"C","status":"auto_unverified"}},{"type":"Feature","geometry":{"type":"Point","coordinates":[69.250678,41.334398]},"properties":{"id":"SEED000308","name":"SEBZOR","category":"mahallas","source":"GoldenPages","confidence":"C","status":"auto_unverified"}},{"type":"Feature","geometry":{"type":"Point","coordinates":[69.215864,41.369256]},"properties":{"id":"SEED000309","name":"UMID","category":"mahallas","source":"GoldenPages","confidence":"C","status":"auto_unverified"}},{"type":"Feature","geometry":{"type":"Point","coordinates":[69.228123,41.334084]},"properties":{"id":"SEED000310","name":"CHIGATOY DARVOZA","category":"mahallas","source":"GoldenPages","confidence":"C","status":"auto_unverified"}},{"type":"Feature","geometry":{"type":"Point","coordinates":[69.188408,41.350299]},"properties":{"id":"SEED000311","name":"CHIGATOY OKTEPA","category":"mahallas","source":"GoldenPages","confidence":"C","status":"auto_unverified"}},{"type":"Feature","geometry":{"type":"Point","coordinates":[69.227577,41.358311]},"properties":{"id":"SEED000312","name":"KICHKIRIK","category":"mahallas","source":"GoldenPages","confidence":"C","status":"auto_unverified"}},{"type":"Feature","geometry":{"type":"Point","coordinates":[69.211191,41.359082]},"properties":{"id":"SEED000313","name":"SHODIYONA","category":"mahallas","source":"GoldenPages","confidence":"C","status":"auto_unverified"}},{"type":"Feature","geometry":{"type":"Point","coordinates":[69.208782,41.37091]},"properties":{"id":"SEED000314","name":"GALABA","category":"mahallas","source":"GoldenPages","confidence":"C","status":"auto_unverified"}},{"type":"Feature","geometry":{"type":"Point","coordinates":[69.246423,41.332504]},"properties":{"id":"SEED000315","name":"YANGI SEBZOR","category":"mahallas","source":"GoldenPages","confidence":"C","status":"auto_unverified"}},{"type":"Feature","geometry":{"type":"Point","coordinates":[69.215607,41.206431]},"properties":{"id":"SEED000316","name":"NAVKIRON","category":"mahallas","source":"GoldenPages","confidence":"C","status":"auto_unverified"}},{"type":"Feature","geometry":{"type":"Point","coordinates":[69.227527,41.211501]},"properties":{"id":"SEED000317","name":"ITTIFOK","category":"mahallas","source":"GoldenPages","confidence":"C","status":"auto_unverified"}},{"type":"Feature","geometry":{"type":"Point","coordinates":[69.237789,41.215663]},"properties":{"id":"SEED000318","name":"SAKHOVAT","category":"mahallas","source":"GoldenPages","confidence":"C","status":"auto_unverified"}},{"type":"Feature","geometry":{"type":"Point","coordinates":[69.227882,41.196686]},"properties":{"id":"SEED000319","name":"YULDOSH","category":"mahallas","source":"GoldenPages","confidence":"C","status":"auto_unverified"}},{"type":"Feature","geometry":{"type":"Point","coordinates":[69.206447,41.19891]},"properties":{"id":"SEED000320","name":"YORKIN KHAYOT","category":"mahallas","source":"GoldenPages","confidence":"C","status":"auto_unverified"}},{"type":"Feature","geometry":{"type":"Point","coordinates":[69.220319,41.222029]},"properties":{"id":"SEED000321","name":"YANGI SERGELI","category":"mahallas","source":"GoldenPages","confidence":"C","status":"auto_unverified"}},{"type":"Feature","geometry":{"type":"Point","coordinates":[69.21782,41.225318]},"properties":{"id":"SEED000322","name":"EZGULIK","category":"mahallas","source":"GoldenPages","confidence":"C","status":"auto_unverified"}},{"type":"Feature","geometry":{"type":"Point","coordinates":[69.210077,41.221069]},"properties":{"id":"SEED000323","name":"MADADKOR","category":"mahallas","source":"GoldenPages","confidence":"C","status":"auto_unverified"}},{"type":"Feature","geometry":{"type":"Point","coordinates":[69.222439,41.219557]},"properties":{"id":"SEED000324","name":"SOKHIBKIRON","category":"mahallas","source":"GoldenPages","confidence":"C","status":"auto_unverified"}},{"type":"Feature","geometry":{"type":"Point","coordinates":[69.285716,41.245519]},"properties":{"id":"SEED000325","name":"SHUKRONA","category":"mahallas","source":"GoldenPages","confidence":"C","status":"auto_unverified"}},{"type":"Feature","geometry":{"type":"Point","coordinates":[69.298505,41.25049]},"properties":{"id":"SEED000326","name":"KHALKOBAD","category":"mahallas","source":"GoldenPages","confidence":"C","status":"auto_unverified"}},{"type":"Feature","geometry":{"type":"Point","coordinates":[69.24945,41.198576]},"properties":{"id":"SEED000327","name":"DARYO BUYI","category":"mahallas","source":"GoldenPages","confidence":"C","status":"auto_unverified"}},{"type":"Feature","geometry":{"type":"Point","coordinates":[69.222524,41.250365]},"properties":{"id":"SEED000328","name":"NOGAY KURGON","category":"mahallas","source":"GoldenPages","confidence":"C","status":"auto_unverified"}},{"type":"Feature","geometry":{"type":"Point","coordinates":[69.206664,41.226487]},"properties":{"id":"SEED000329","name":"UZGARISH","category":"mahallas","source":"GoldenPages","confidence":"C","status":"auto_unverified"}},{"type":"Feature","geometry":{"type":"Point","coordinates":[69.250825,41.260565]},"properties":{"id":"SEED000330","name":"OLTIN VODIY","category":"mahallas","source":"GoldenPages","confidence":"C","status":"auto_unverified"}},{"type":"Feature","geometry":{"type":"Point","coordinates":[69.225658,41.210791]},"properties":{"id":"SEED000331","name":"NILUFAR","category":"mahallas","source":"GoldenPages","confidence":"C","status":"auto_unverified"}},{"type":"Feature","geometry":{"type":"Point","coordinates":[69.256186,41.252023]},"properties":{"id":"SEED000332","name":"KUM-ARIK","category":"mahallas","source":"GoldenPages","confidence":"C","status":"auto_unverified"}},{"type":"Feature","geometry":{"type":"Point","coordinates":[69.24169,41.215287]},"properties":{"id":"SEED000333","name":"KIPCHOK","category":"mahallas","source":"GoldenPages","confidence":"C","status":"auto_unverified"}},{"type":"Feature","geometry":{"type":"Point","coordinates":[69.297135,41.245486]},"properties":{"id":"SEED000334","name":"MADANIYAT","category":"mahallas","source":"GoldenPages","confidence":"C","status":"auto_unverified"}},{"type":"Feature","geometry":{"type":"Point","coordinates":[69.273368,41.246198]},"properties":{"id":"SEED000335","name":"ASROBOD","category":"mahallas","source":"GoldenPages","confidence":"C","status":"auto_unverified"}},{"type":"Feature","geometry":{"type":"Point","coordinates":[69.279861,41.249754]},"properties":{"id":"SEED000336","name":"KUSH KURGON","category":"mahallas","source":"GoldenPages","confidence":"C","status":"auto_unverified"}},{"type":"Feature","geometry":{"type":"Point","coordinates":[69.222393,41.216986]},"properties":{"id":"SEED000337","name":"SOFDIL","category":"mahallas","source":"GoldenPages","confidence":"C","status":"auto_unverified"}},{"type":"Feature","geometry":{"type":"Point","coordinates":[69.215293,41.226471]},"properties":{"id":"SEED000338","name":"MEHRIGIYO","category":"mahallas","source":"GoldenPages","confidence":"C","status":"auto_unverified"}},{"type":"Feature","geometry":{"type":"Point","coordinates":[69.213547,41.21641]},"properties":{"id":"SEED000339","name":"ZIYNAT","category":"mahallas","source":"GoldenPages","confidence":"C","status":"auto_unverified"}},{"type":"Feature","geometry":{"type":"Point","coordinates":[69.206592,41.193232]},"properties":{"id":"SEED000340","name":"CHAROGON","category":"mahallas","source":"GoldenPages","confidence":"C","status":"auto_unverified"}},{"type":"Feature","geometry":{"type":"Point","coordinates":[69.18517,41.232526]},"properties":{"id":"SEED000341","name":"CHOSHTEPA","category":"mahallas","source":"GoldenPages","confidence":"C","status":"auto_unverified"}},{"type":"Feature","geometry":{"type":"Point","coordinates":[69.208176,41.19164]},"properties":{"id":"SEED000342","name":"DUSTLIK","category":"mahallas","source":"GoldenPages","confidence":"C","status":"auto_unverified"}},{"type":"Feature","geometry":{"type":"Point","coordinates":[69.228995,41.204985]},"properties":{"id":"SEED000343","name":"AL-FERGHANI","category":"mahallas","source":"GoldenPages","confidence":"C","status":"auto_unverified"}},{"type":"Feature","geometry":{"type":"Point","coordinates":[69.279561,41.268169]},"properties":{"id":"SEED000344","name":"UCHUVCHILAR","category":"mahallas","source":"GoldenPages","confidence":"C","status":"auto_unverified"}},{"type":"Feature","geometry":{"type":"Point","coordinates":[69.185124,41.323516]},"properties":{"id":"SEED000345","name":"DEGREZ","category":"mahallas","source":"GoldenPages","confidence":"C","status":"auto_unverified"}},{"type":"Feature","geometry":{"type":"Point","coordinates":[69.175244,41.323212]},"properties":{"id":"SEED000346","name":"KOR YOGDI","category":"mahallas","source":"GoldenPages","confidence":"C","status":"auto_unverified"}},{"type":"Feature","geometry":{"type":"Point","coordinates":[69.163488,41.323951]},"properties":{"id":"SEED000347","name":"ISTIROKHAT","category":"mahallas","source":"GoldenPages","confidence":"C","status":"auto_unverified"}},{"type":"Feature","geometry":{"type":"Point","coordinates":[69.167109,41.314654]},"properties":{"id":"SEED000348","name":"IBRAT","category":"mahallas","source":"GoldenPages","confidence":"C","status":"auto_unverified"}},{"type":"Feature","geometry":{"type":"Point","coordinates":[69.15831,41.312065]},"properties":{"id":"SEED000349","name":"KHURSHID","category":"mahallas","source":"GoldenPages","confidence":"C","status":"auto_unverified"}},{"type":"Feature","geometry":{"type":"Point","coordinates":[69.177784,41.310299]},"properties":{"id":"SEED000350","name":"ABDULLA QODIRIY","category":"mahallas","source":"GoldenPages","confidence":"C","status":"auto_unverified"}},{"type":"Feature","geometry":{"type":"Point","coordinates":[69.170543,41.303145]},"properties":{"id":"SEED000351","name":"DAVLATOBOD","category":"mahallas","source":"GoldenPages","confidence":"C","status":"auto_unverified"}},{"type":"Feature","geometry":{"type":"Point","coordinates":[69.165434,41.298416]},"properties":{"id":"SEED000352","name":"CHAMANAZOR","category":"mahallas","source":"GoldenPages","confidence":"C","status":"auto_unverified"}},{"type":"Feature","geometry":{"type":"Point","coordinates":[69.154762,41.298505]},"properties":{"id":"SEED000353","name":"KHOJIOBOD","category":"mahallas","source":"GoldenPages","confidence":"C","status":"auto_unverified"}},{"type":"Feature","geometry":{"type":"Point","coordinates":[69.15823,41.308494]},"properties":{"id":"SEED000354","name":"OK MACHIT","category":"mahallas","source":"GoldenPages","confidence":"C","status":"auto_unverified"}},{"type":"Feature","geometry":{"type":"Point","coordinates":[69.156218,41.308437]},"properties":{"id":"SEED000355","name":"KUYI DARKHON","category":"mahallas","source":"GoldenPages","confidence":"C","status":"auto_unverified"}},{"type":"Feature","geometry":{"type":"Point","coordinates":[69.162476,41.30289]},"properties":{"id":"SEED000356","name":"LATIFGUZOR","category":"mahallas","source":"GoldenPages","confidence":"C","status":"auto_unverified"}},{"type":"Feature","geometry":{"type":"Point","coordinates":[69.156083,41.29505]},"properties":{"id":"SEED000357","name":"UCHTEPA","category":"mahallas","source":"GoldenPages","confidence":"C","status":"auto_unverified"}},{"type":"Feature","geometry":{"type":"Point","coordinates":[69.192516,41.311899]},"properties":{"id":"SEED000358","name":"PAKHTAKOR","category":"mahallas","source":"GoldenPages","confidence":"C","status":"auto_unverified"}},{"type":"Feature","geometry":{"type":"Point","coordinates":[69.161125,41.305766]},"properties":{"id":"SEED000359","name":"TAKACHI","category":"mahallas","source":"GoldenPages","confidence":"C","status":"auto_unverified"}},{"type":"Feature","geometry":{"type":"Point","coordinates":[69.186797,41.293279]},"properties":{"id":"SEED000360","name":"KUKHNA CHUPONOTA","category":"mahallas","source":"GoldenPages","confidence":"C","status":"auto_unverified"}},{"type":"Feature","geometry":{"type":"Point","coordinates":[69.191106,41.294885]},"properties":{"id":"SEED000361","name":"BOGISTON","category":"mahallas","source":"GoldenPages","confidence":"C","status":"auto_unverified"}},{"type":"Feature","geometry":{"type":"Point","coordinates":[69.190516,41.287733]},"properties":{"id":"SEED000362","name":"GUZAR","category":"mahallas","source":"GoldenPages","confidence":"C","status":"auto_unverified"}},{"type":"Feature","geometry":{"type":"Point","coordinates":[69.159534,41.319498]},"properties":{"id":"SEED000363","name":"UTKIR","category":"mahallas","source":"GoldenPages","confidence":"C","status":"auto_unverified"}},{"type":"Feature","geometry":{"type":"Point","coordinates":[69.179877,41.320155]},"properties":{"id":"SEED000364","name":"NISHABARIK","category":"mahallas","source":"GoldenPages","confidence":"C","status":"auto_unverified"}},{"type":"Feature","geometry":{"type":"Point","coordinates":[69.17234,41.281288]},"properties":{"id":"SEED000365","name":"VATANPARVAR","category":"mahallas","source":"GoldenPages","confidence":"C","status":"auto_unverified"}},{"type":"Feature","geometry":{"type":"Point","coordinates":[69.34771,41.283331]},"properties":{"id":"SEED000366","name":"BARKAMOL","category":"mahallas","source":"GoldenPages","confidence":"C","status":"auto_unverified"}},{"type":"Feature","geometry":{"type":"Point","coordinates":[69.333998,41.294521]},"properties":{"id":"SEED000367","name":"ALIMKENT","category":"mahallas","source":"GoldenPages","confidence":"C","status":"auto_unverified"}},{"type":"Feature","geometry":{"type":"Point","coordinates":[69.356612,41.289002]},"properties":{"id":"SEED000368","name":"PARVOZ","category":"mahallas","source":"GoldenPages","confidence":"C","status":"auto_unverified"}},{"type":"Feature","geometry":{"type":"Point","coordinates":[69.357051,41.285498]},"properties":{"id":"SEED000369","name":"DILBOG","category":"mahallas","source":"GoldenPages","confidence":"C","status":"auto_unverified"}},{"type":"Feature","geometry":{"type":"Point","coordinates":[69.34603,41.297112]},"properties":{"id":"SEED000370","name":"NAVRUZOBOD","category":"mahallas","source":"GoldenPages","confidence":"C","status":"auto_unverified"}},{"type":"Feature","geometry":{"type":"Point","coordinates":[69.336847,41.29113]},"properties":{"id":"SEED000371","name":"AVIASOZLAR","category":"mahallas","source":"GoldenPages","confidence":"C","status":"auto_unverified"}},{"type":"Feature","geometry":{"type":"Point","coordinates":[69.336126,41.280942]},"properties":{"id":"SEED000372","name":"ASALOBOD","category":"mahallas","source":"GoldenPages","confidence":"C","status":"auto_unverified"}},{"type":"Feature","geometry":{"type":"Point","coordinates":[69.355721,41.279302]},"properties":{"id":"SEED000373","name":"ILTIFOT","category":"mahallas","source":"GoldenPages","confidence":"C","status":"auto_unverified"}},{"type":"Feature","geometry":{"type":"Point","coordinates":[69.32938,41.25051]},"properties":{"id":"SEED000374","name":"MUMTOZ","category":"mahallas","source":"GoldenPages","confidence":"C","status":"auto_unverified"}},{"type":"Feature","geometry":{"type":"Point","coordinates":[69.331987,41.242837]},"properties":{"id":"SEED000375","name":"KUYLIKOBOD","category":"mahallas","source":"GoldenPages","confidence":"C","status":"auto_unverified"}},{"type":"Feature","geometry":{"type":"Point","coordinates":[69.340681,41.255082]},"properties":{"id":"SEED000376","name":"UYSOZLAR","category":"mahallas","source":"GoldenPages","confidence":"C","status":"auto_unverified"}},{"type":"Feature","geometry":{"type":"Point","coordinates":[69.345067,41.254373]},"properties":{"id":"SEED000377","name":"URTA MASJID","category":"mahallas","source":"GoldenPages","confidence":"C","status":"auto_unverified"}},{"type":"Feature","geometry":{"type":"Point","coordinates":[69.323134,41.261095]},"properties":{"id":"SEED000378","name":"BUNYODKOR","category":"mahallas","source":"GoldenPages","confidence":"C","status":"auto_unverified"}},{"type":"Feature","geometry":{"type":"Point","coordinates":[69.322006,41.268129]},"properties":{"id":"SEED000379","name":"YANGI DAVR","category":"mahallas","source":"GoldenPages","confidence":"C","status":"auto_unverified"}},{"type":"Feature","geometry":{"type":"Point","coordinates":[69.31924,41.269433]},"properties":{"id":"SEED000380","name":"DJARKURGON","category":"mahallas","source":"GoldenPages","confidence":"C","status":"auto_unverified"}},{"type":"Feature","geometry":{"type":"Point","coordinates":[69.356704,41.263195]},"properties":{"id":"SEED000381","name":"YANGIKURGON","category":"mahallas","source":"GoldenPages","confidence":"C","status":"auto_unverified"}},{"type":"Feature","geometry":{"type":"Point","coordinates":[69.349445,41.276014]},"properties":{"id":"SEED000382","name":"SHOKHIMARDON","category":"mahallas","source":"GoldenPages","confidence":"C","status":"auto_unverified"}},{"type":"Feature","geometry":{"type":"Point","coordinates":[69.350069,41.277666]},"properties":{"id":"SEED000383","name":"NODIRA","category":"mahallas","source":"GoldenPages","confidence":"C","status":"auto_unverified"}},{"type":"Feature","geometry":{"type":"Point","coordinates":[69.358878,41.273996]},"properties":{"id":"SEED000384","name":"SHOKHSANAM","category":"mahallas","source":"GoldenPages","confidence":"C","status":"auto_unverified"}},{"type":"Feature","geometry":{"type":"Point","coordinates":[69.353989,41.272596]},"properties":{"id":"SEED000385","name":"OYDINKUL","category":"mahallas","source":"GoldenPages","confidence":"C","status":"auto_unverified"}},{"type":"Feature","geometry":{"type":"Point","coordinates":[69.354126,41.270284]},"properties":{"id":"SEED000386","name":"YANGINUR","category":"mahallas","source":"GoldenPages","confidence":"C","status":"auto_unverified"}},{"type":"Feature","geometry":{"type":"Point","coordinates":[69.356011,41.276295]},"properties":{"id":"SEED000387","name":"DONISHMAND","category":"mahallas","source":"GoldenPages","confidence":"C","status":"auto_unverified"}},{"type":"Feature","geometry":{"type":"Point","coordinates":[69.35376,41.265342]},"properties":{"id":"SEED000388","name":"TARVONBOSHI","category":"mahallas","source":"GoldenPages","confidence":"C","status":"auto_unverified"}},{"type":"Feature","geometry":{"type":"Point","coordinates":[69.349946,41.270934]},"properties":{"id":"SEED000389","name":"KATTA YANGIOBOD","category":"mahallas","source":"GoldenPages","confidence":"C","status":"auto_unverified"}},{"type":"Feature","geometry":{"type":"Point","coordinates":[69.340199,41.277541]},"properties":{"id":"SEED000390","name":"KHOSIYATLI","category":"mahallas","source":"GoldenPages","confidence":"C","status":"auto_unverified"}},{"type":"Feature","geometry":{"type":"Point","coordinates":[69.330975,41.294485]},"properties":{"id":"SEED000391","name":"KADRIYAT","category":"mahallas","source":"GoldenPages","confidence":"C","status":"auto_unverified"}},{"type":"Feature","geometry":{"type":"Point","coordinates":[69.334732,41.285226]},"properties":{"id":"SEED000392","name":"MAKHMUR","category":"mahallas","source":"GoldenPages","confidence":"C","status":"auto_unverified"}},{"type":"Feature","geometry":{"type":"Point","coordinates":[69.325756,41.275621]},"properties":{"id":"SEED000393","name":"BESH BOLA","category":"mahallas","source":"GoldenPages","confidence":"C","status":"auto_unverified"}},{"type":"Feature","geometry":{"type":"Point","coordinates":[69.325352,41.284942]},"properties":{"id":"SEED000394","name":"AKHMAD YASSAVIY","category":"mahallas","source":"GoldenPages","confidence":"C","status":"auto_unverified"}},{"type":"Feature","geometry":{"type":"Point","coordinates":[69.323406,41.279225]},"properties":{"id":"SEED000395","name":"BOYSUN","category":"mahallas","source":"GoldenPages","confidence":"C","status":"auto_unverified"}},{"type":"Feature","geometry":{"type":"Point","coordinates":[69.314544,41.274167]},"properties":{"id":"SEED000396","name":"MUKHTOR ASHRAFIY","category":"mahallas","source":"GoldenPages","confidence":"C","status":"auto_unverified"}},{"type":"Feature","geometry":{"type":"Point","coordinates":[69.312871,41.275228]},"properties":{"id":"SEED000397","name":"DJURABEK","category":"mahallas","source":"GoldenPages","confidence":"C","status":"auto_unverified"}},{"type":"Feature","geometry":{"type":"Point","coordinates":[69.303479,41.291777]},"properties":{"id":"SEED000398","name":"MARIFAT","category":"mahallas","source":"GoldenPages","confidence":"C","status":"auto_unverified"}},{"type":"Feature","geometry":{"type":"Point","coordinates":[69.317402,41.289209]},"properties":{"id":"SEED000399","name":"SHIRINOBOD","category":"mahallas","source":"GoldenPages","confidence":"C","status":"auto_unverified"}},{"type":"Feature","geometry":{"type":"Point","coordinates":[69.310576,41.309509]},"properties":{"id":"SEED000400","name":"MASHINASOZLAR","category":"mahallas","source":"GoldenPages","confidence":"C","status":"auto_unverified"}},{"type":"Feature","geometry":{"type":"Point","coordinates":[69.31255,41.313248]},"properties":{"id":"SEED000401","name":"BOYKURGON","category":"mahallas","source":"GoldenPages","confidence":"C","status":"auto_unverified"}},{"type":"Feature","geometry":{"type":"Point","coordinates":[69.325576,41.31414]},"properties":{"id":"SEED000402","name":"SEMURG","category":"mahallas","source":"GoldenPages","confidence":"C","status":"auto_unverified"}},{"type":"Feature","geometry":{"type":"Point","coordinates":[69.326781,41.312628]},"properties":{"id":"SEED000403","name":"ISTIKLOL","category":"mahallas","source":"GoldenPages","confidence":"C","status":"auto_unverified"}},{"type":"Feature","geometry":{"type":"Point","coordinates":[69.329027,41.310167]},"properties":{"id":"SEED000404","name":"DUSTOBOD","category":"mahallas","source":"GoldenPages","confidence":"C","status":"auto_unverified"}},{"type":"Feature","geometry":{"type":"Point","coordinates":[69.358778,41.292942]},"properties":{"id":"SEED000405","name":"VATANDOSH","category":"mahallas","source":"GoldenPages","confidence":"C","status":"auto_unverified"}},{"type":"Feature","geometry":{"type":"Point","coordinates":[69.359755,41.297298]},"properties":{"id":"SEED000406","name":"AMIR TEMUR","category":"mahallas","source":"GoldenPages","confidence":"C","status":"auto_unverified"}},{"type":"Feature","geometry":{"type":"Point","coordinates":[69.347366,41.290098]},"properties":{"id":"SEED000407","name":"BIRLASHGAN","category":"mahallas","source":"GoldenPages","confidence":"C","status":"auto_unverified"}},{"type":"Feature","geometry":{"type":"Point","coordinates":[69.357867,41.298473]},"properties":{"id":"SEED000408","name":"TUZEL","category":"mahallas","source":"GoldenPages","confidence":"C","status":"auto_unverified"}},{"type":"Feature","geometry":{"type":"Point","coordinates":[69.361896,41.291994]},"properties":{"id":"SEED000409","name":"TONG","category":"mahallas","source":"GoldenPages","confidence":"C","status":"auto_unverified"}},{"type":"Feature","geometry":{"type":"Point","coordinates":[69.365202,41.294405]},"properties":{"id":"SEED000410","name":"MOKHINUR","category":"mahallas","source":"GoldenPages","confidence":"C","status":"auto_unverified"}},{"type":"Feature","geometry":{"type":"Point","coordinates":[69.367974,41.292467]},"properties":{"id":"SEED000411","name":"AL-BUKHORIY","category":"mahallas","source":"GoldenPages","confidence":"C","status":"auto_unverified"}},{"type":"Feature","geometry":{"type":"Point","coordinates":[69.205723,41.263612]},"properties":{"id":"SEED000412","name":"KATTA DOMBIROBOD","category":"mahallas","source":"GoldenPages","confidence":"C","status":"auto_unverified"}},{"type":"Feature","geometry":{"type":"Point","coordinates":[69.234332,41.295864]},"properties":{"id":"SEED000413","name":"1-CHARKH KAMOLON","category":"mahallas","source":"GoldenPages","confidence":"C","status":"auto_unverified"}},{"type":"Feature","geometry":{"type":"Point","coordinates":[69.228124,41.298816]},"properties":{"id":"SEED000414","name":"2-CHARKH KAMOLON","category":"mahallas","source":"GoldenPages","confidence":"C","status":"auto_unverified"}},{"type":"Feature","geometry":{"type":"Point","coordinates":[69.219343,41.298511]},"properties":{"id":"SEED000415","name":"3-CHARKH KAMOLON","category":"mahallas","source":"GoldenPages","confidence":"C","status":"auto_unverified"}},{"type":"Feature","geometry":{"type":"Point","coordinates":[69.178865,41.263656]},"properties":{"id":"SEED000416","name":"KHAYROBOD","category":"mahallas","source":"GoldenPages","confidence":"C","status":"auto_unverified"}},{"type":"Feature","geometry":{"type":"Point","coordinates":[69.201676,41.247928]},"properties":{"id":"SEED000417","name":"TIRSAKOBOD","category":"mahallas","source":"GoldenPages","confidence":"C","status":"auto_unverified"}},{"type":"Feature","geometry":{"type":"Point","coordinates":[69.170984,41.266928]},"properties":{"id":"SEED000418","name":"SHARK TONGI","category":"mahallas","source":"GoldenPages","confidence":"C","status":"auto_unverified"}},{"type":"Feature","geometry":{"type":"Point","coordinates":[69.227954,41.285984]},"properties":{"id":"SEED000419","name":"KATTA CHILONZOR-1","category":"mahallas","source":"GoldenPages","confidence":"C","status":"auto_unverified"}},{"type":"Feature","geometry":{"type":"Point","coordinates":[69.223781,41.281796]},"properties":{"id":"SEED000420","name":"KATTA CHILONZOR-2","category":"mahallas","source":"GoldenPages","confidence":"C","status":"auto_unverified"}},{"type":"Feature","geometry":{"type":"Point","coordinates":[69.205832,41.29127]},"properties":{"id":"SEED000421","name":"NAFOSAT","category":"mahallas","source":"GoldenPages","confidence":"C","status":"auto_unverified"}},{"type":"Feature","geometry":{"type":"Point","coordinates":[69.195717,41.290172]},"properties":{"id":"SEED000422","name":"CHUPONOTA","category":"mahallas","source":"GoldenPages","confidence":"C","status":"auto_unverified"}},{"type":"Feature","geometry":{"type":"Point","coordinates":[69.152254,41.260473]},"properties":{"id":"SEED000423","name":"AL-KHORAZMIY","category":"mahallas","source":"GoldenPages","confidence":"C","status":"auto_unverified"}},{"type":"Feature","geometry":{"type":"Point","coordinates":[69.203871,41.268284]},"properties":{"id":"SEED000424","name":"NAKKOSHLIK","category":"mahallas","source":"GoldenPages","confidence":"C","status":"auto_unverified"}},{"type":"Feature","geometry":{"type":"Point","coordinates":[69.162764,41.264579]},"properties":{"id":"SEED000425","name":"SHARAF","category":"mahallas","source":"GoldenPages","confidence":"C","status":"auto_unverified"}},{"type":"Feature","geometry":{"type":"Point","coordinates":[69.22447,41.326931]},"properties":{"id":"SEED000426","name":"GULOBOD","category":"mahallas","source":"GoldenPages","confidence":"C","status":"auto_unverified"}},{"type":"Feature","geometry":{"type":"Point","coordinates":[69.166189,41.334398]},"properties":{"id":"SEED000427","name":"IBN SINO","category":"mahallas","source":"GoldenPages","confidence":"C","status":"auto_unverified"}},{"type":"Feature","geometry":{"type":"Point","coordinates":[69.189186,41.329672]},"properties":{"id":"SEED000428","name":"IPAKCHI","category":"mahallas","source":"GoldenPages","confidence":"C","status":"auto_unverified"}},{"type":"Feature","geometry":{"type":"Point","coordinates":[69.23438,41.30903]},"properties":{"id":"SEED000429","name":"KAMOLON","category":"mahallas","source":"GoldenPages","confidence":"C","status":"auto_unverified"}},{"type":"Feature","geometry":{"type":"Point","coordinates":[69.205858,41.324093]},"properties":{"id":"SEED000430","name":"KUKCHA","category":"mahallas","source":"GoldenPages","confidence":"C","status":"auto_unverified"}},{"type":"Feature","geometry":{"type":"Point","coordinates":[69.216406,41.30349]},"properties":{"id":"SEED000431","name":"CHARKHNOVZA","category":"mahallas","source":"GoldenPages","confidence":"C","status":"auto_unverified"}},{"type":"Feature","geometry":{"type":"Point","coordinates":[69.176011,41.338643]},"properties":{"id":"SEED000432","name":"YANGI JARARIK","category":"mahallas","source":"GoldenPages","confidence":"C","status":"auto_unverified"}},{"type":"Feature","geometry":{"type":"Point","coordinates":[69.265207,41.336207]},"properties":{"id":"SEED000433","name":"TAKHTAPUL","category":"mahallas","source":"GoldenPages","confidence":"C","status":"auto_unverified"}},{"type":"Feature","geometry":{"type":"Point","coordinates":[69.248674,41.326228]},"properties":{"id":"SEED000434","name":"KHADRA","category":"mahallas","source":"GoldenPages","confidence":"C","status":"auto_unverified"}},{"type":"Feature","geometry":{"type":"Point","coordinates":[69.24082,41.318857]},"properties":{"id":"SEED000435","name":"CHAKAR","category":"mahallas","source":"GoldenPages","confidence":"C","status":"auto_unverified"}},{"type":"Feature","geometry":{"type":"Point","coordinates":[69.229095,41.306428]},"properties":{"id":"SEED000436","name":"YANGIOBOD","category":"mahallas","source":"GoldenPages","confidence":"C","status":"auto_unverified"}},{"type":"Feature","geometry":{"type":"Point","coordinates":[69.21377,41.322506]},"properties":{"id":"SEED000437","name":"YANGI SHAKHAR","category":"mahallas","source":"GoldenPages","confidence":"C","status":"auto_unverified"}},{"type":"Feature","geometry":{"type":"Point","coordinates":[69.271063,41.374329]},"properties":{"id":"SEED000438","name":"ASTROBOD","category":"mahallas","source":"GoldenPages","confidence":"C","status":"auto_unverified"}},{"type":"Feature","geometry":{"type":"Point","coordinates":[69.299611,41.368061]},"properties":{"id":"SEED000439","name":"AKHILOBOD","category":"mahallas","source":"GoldenPages","confidence":"C","status":"auto_unverified"}},{"type":"Feature","geometry":{"type":"Point","coordinates":[69.299581,41.378508]},"properties":{"id":"SEED000440","name":"AKHMAD DONISH","category":"mahallas","source":"GoldenPages","confidence":"C","status":"auto_unverified"}},{"type":"Feature","geometry":{"type":"Point","coordinates":[69.269692,41.358063]},"properties":{"id":"SEED000441","name":"REGISTAN","category":"mahallas","source":"GoldenPages","confidence":"C","status":"auto_unverified"}},{"type":"Feature","geometry":{"type":"Point","coordinates":[69.293311,41.343546]},"properties":{"id":"SEED000442","name":"BODOMZOR","category":"mahallas","source":"GoldenPages","confidence":"C","status":"auto_unverified"}},{"type":"Feature","geometry":{"type":"Point","coordinates":[69.286918,41.368735]},"properties":{"id":"SEED000443","name":"BOGISHAMOL","category":"mahallas","source":"GoldenPages","confidence":"C","status":"auto_unverified"}},{"type":"Feature","geometry":{"type":"Point","coordinates":[69.312167,41.381272]},"properties":{"id":"SEED000444","name":"BOBODEKHKON","category":"mahallas","source":"GoldenPages","confidence":"C","status":"auto_unverified"}},{"type":"Feature","geometry":{"type":"Point","coordinates":[69.285226,41.356072]},"properties":{"id":"SEED000445","name":"ANORZOR","category":"mahallas","source":"GoldenPages","confidence":"C","status":"auto_unverified"}},{"type":"Feature","geometry":{"type":"Point","coordinates":[69.276022,41.356105]},"properties":{"id":"SEED000446","name":"GAYRATIY","category":"mahallas","source":"GoldenPages","confidence":"C","status":"auto_unverified"}},{"type":"Feature","geometry":{"type":"Point","coordinates":[69.254616,41.377406]},"properties":{"id":"SEED000447","name":"TIKLANISH","category":"mahallas","source":"GoldenPages","confidence":"C","status":"auto_unverified"}},{"type":"Feature","geometry":{"type":"Point","coordinates":[69.307309,41.366147]},"properties":{"id":"SEED000448","name":"KADRDON","category":"mahallas","source":"GoldenPages","confidence":"C","status":"auto_unverified"}},{"type":"Feature","geometry":{"type":"Point","coordinates":[69.29078,41.322244]},"properties":{"id":"SEED000449","name":"BUYUK ТURON","category":"mahallas","source":"GoldenPages","confidence":"C","status":"auto_unverified"}},{"type":"Feature","geometry":{"type":"Point","coordinates":[69.276536,41.382471]},"properties":{"id":"SEED000450","name":"ISLOMOBOD","category":"mahallas","source":"GoldenPages","confidence":"C","status":"auto_unverified"}},{"type":"Feature","geometry":{"type":"Point","coordinates":[69.315473,41.369337]},"properties":{"id":"SEED000451","name":"BEGUBOR","category":"mahallas","source":"GoldenPages","confidence":"C","status":"auto_unverified"}},{"type":"Feature","geometry":{"type":"Point","coordinates":[69.273095,41.321743]},"properties":{"id":"SEED000452","name":"KASHKAR","category":"mahallas","source":"GoldenPages","confidence":"C","status":"auto_unverified"}},{"type":"Feature","geometry":{"type":"Point","coordinates":[69.273998,41.361723]},"properties":{"id":"SEED000453","name":"KUSHCHINOR","category":"mahallas","source":"GoldenPages","confidence":"C","status":"auto_unverified"}},{"type":"Feature","geometry":{"type":"Point","coordinates":[69.293467,41.374707]},"properties":{"id":"SEED000454","name":"KULOLKURGON","category":"mahallas","source":"GoldenPages","confidence":"C","status":"auto_unverified"}},{"type":"Feature","geometry":{"type":"Point","coordinates":[69.278106,41.325586]},"properties":{"id":"SEED000455","name":"MATONAT","category":"mahallas","source":"GoldenPages","confidence":"C","status":"auto_unverified"}},{"type":"Feature","geometry":{"type":"Point","coordinates":[69.281701,41.330936]},"properties":{"id":"SEED000456","name":"MINOR","category":"mahallas","source":"GoldenPages","confidence":"C","status":"auto_unverified"}},{"type":"Feature","geometry":{"type":"Point","coordinates":[69.296972,41.344201]},"properties":{"id":"SEED000457","name":"BUZSUV","category":"mahallas","source":"GoldenPages","confidence":"C","status":"auto_unverified"}},{"type":"Feature","geometry":{"type":"Point","coordinates":[69.277475,41.361895]},"properties":{"id":"SEED000458","name":"BILLUR","category":"mahallas","source":"GoldenPages","confidence":"C","status":"auto_unverified"}},{"type":"Feature","geometry":{"type":"Point","coordinates":[69.316466,41.377806]},"properties":{"id":"SEED000459","name":"YURTOBOD","category":"mahallas","source":"GoldenPages","confidence":"C","status":"auto_unverified"}},{"type":"Feature","geometry":{"type":"Point","coordinates":[69.299442,41.381044]},"properties":{"id":"SEED000460","name":"MURUVVAT","category":"mahallas","source":"GoldenPages","confidence":"C","status":"auto_unverified"}},{"type":"Feature","geometry":{"type":"Point","coordinates":[69.32312,41.354898]},"properties":{"id":"SEED000461","name":"OBOD","category":"mahallas","source":"GoldenPages","confidence":"C","status":"auto_unverified"}},{"type":"Feature","geometry":{"type":"Point","coordinates":[69.292527,41.350954]},"properties":{"id":"SEED000462","name":"OTCHOPAR-1","category":"mahallas","source":"GoldenPages","confidence":"C","status":"auto_unverified"}},{"type":"Feature","geometry":{"type":"Point","coordinates":[69.309309,41.353662]},"properties":{"id":"SEED000463","name":"OTCHOPAR-2","category":"mahallas","source":"GoldenPages","confidence":"C","status":"auto_unverified"}},{"type":"Feature","geometry":{"type":"Point","coordinates":[69.3232,41.367105]},"properties":{"id":"SEED000464","name":"OKTEPA","category":"mahallas","source":"GoldenPages","confidence":"C","status":"auto_unverified"}},{"type":"Feature","geometry":{"type":"Point","coordinates":[69.282473,41.348076]},"properties":{"id":"SEED000465","name":"IFTIKHOR","category":"mahallas","source":"GoldenPages","confidence":"C","status":"auto_unverified"}},{"type":"Feature","geometry":{"type":"Point","coordinates":[69.322995,41.351357]},"properties":{"id":"SEED000466","name":"BOGIBUSTON","category":"mahallas","source":"GoldenPages","confidence":"C","status":"auto_unverified"}},{"type":"Feature","geometry":{"type":"Point","coordinates":[69.339456,41.35736]},"properties":{"id":"SEED000467","name":"POSIRA","category":"mahallas","source":"GoldenPages","confidence":"C","status":"auto_unverified"}},{"type":"Feature","geometry":{"type":"Point","coordinates":[69.278866,41.377309]},"properties":{"id":"SEED000468","name":"SOBIROBOD","category":"mahallas","source":"GoldenPages","confidence":"C","status":"auto_unverified"}},{"type":"Feature","geometry":{"type":"Point","coordinates":[69.305791,41.373665]},"properties":{"id":"SEED000469","name":"SEVINCH","category":"mahallas","source":"GoldenPages","confidence":"C","status":"auto_unverified"}},{"type":"Feature","geometry":{"type":"Point","coordinates":[69.269258,41.343505]},"properties":{"id":"SEED000470","name":"TURK-KURGAN","category":"mahallas","source":"GoldenPages","confidence":"C","status":"auto_unverified"}},{"type":"Feature","geometry":{"type":"Point","coordinates":[69.303482,41.377134]},"properties":{"id":"SEED000471","name":"UZBEKISTON MUSTAKILLIGI","category":"mahallas","source":"GoldenPages","confidence":"C","status":"auto_unverified"}},{"type":"Feature","geometry":{"type":"Point","coordinates":[69.287229,41.328877]},"properties":{"id":"SEED000472","name":"MIRZO ULUGBEK","category":"mahallas","source":"GoldenPages","confidence":"C","status":"auto_unverified"}},{"type":"Feature","geometry":{"type":"Point","coordinates":[69.314846,41.372405]},"properties":{"id":"SEED000473","name":"UVAYSIY","category":"mahallas","source":"GoldenPages","confidence":"C","status":"auto_unverified"}},{"type":"Feature","geometry":{"type":"Point","coordinates":[69.303109,41.38288]},"properties":{"id":"SEED000474","name":"KHALKABOG","category":"mahallas","source":"GoldenPages","confidence":"C","status":"auto_unverified"}},{"type":"Feature","geometry":{"type":"Point","coordinates":[69.276399,41.344165]},"properties":{"id":"SEED000475","name":"USTA SHIRIN","category":"mahallas","source":"GoldenPages","confidence":"C","status":"auto_unverified"}},{"type":"Feature","geometry":{"type":"Point","coordinates":[69.284196,41.360565]},"properties":{"id":"SEED000476","name":"KHUSNIOBOD","category":"mahallas","source":"GoldenPages","confidence":"C","status":"auto_unverified"}},{"type":"Feature","geometry":{"type":"Point","coordinates":[69.316729,41.372434]},"properties":{"id":"SEED000477","name":"SHOSHTEPA","category":"mahallas","source":"GoldenPages","confidence":"C","status":"auto_unverified"}},{"type":"Feature","geometry":{"type":"Point","coordinates":[69.252892,41.390663]},"properties":{"id":"SEED000478","name":"SHARK KHAKIKATI","category":"mahallas","source":"GoldenPages","confidence":"C","status":"auto_unverified"}},{"type":"Feature","geometry":{"type":"Point","coordinates":[69.289168,41.337459]},"properties":{"id":"SEED000479","name":"SHAYKH SHIVLI","category":"mahallas","source":"GoldenPages","confidence":"C","status":"auto_unverified"}},{"type":"Feature","geometry":{"type":"Point","coordinates":[69.279807,41.351247]},"properties":{"id":"SEED000480","name":"SHAKHRISTON","category":"mahallas","source":"GoldenPages","confidence":"C","status":"auto_unverified"}},{"type":"Feature","geometry":{"type":"Point","coordinates":[69.287678,41.375515]},"properties":{"id":"SEED000481","name":"YOLARIK","category":"mahallas","source":"GoldenPages","confidence":"C","status":"auto_unverified"}},{"type":"Feature","geometry":{"type":"Point","coordinates":[69.296622,41.35912]},"properties":{"id":"SEED000482","name":"YUNUSOBOD","category":"mahallas","source":"GoldenPages","confidence":"C","status":"auto_unverified"}},{"type":"Feature","geometry":{"type":"Point","coordinates":[69.300217,41.37389]},"properties":{"id":"SEED000483","name":"YUNUS OTA","category":"mahallas","source":"GoldenPages","confidence":"C","status":"auto_unverified"}},{"type":"Feature","geometry":{"type":"Point","coordinates":[69.296943,41.368313]},"properties":{"id":"SEED000484","name":"YANGIBOG","category":"mahallas","source":"GoldenPages","confidence":"C","status":"auto_unverified"}},{"type":"Feature","geometry":{"type":"Point","coordinates":[69.258435,41.301231]},"properties":{"id":"SEED000485","name":"YUNUS RADJABI","category":"mahallas","source":"GoldenPages","confidence":"C","status":"auto_unverified"}},{"type":"Feature","geometry":{"type":"Point","coordinates":[69.244633,41.269227]},"properties":{"id":"SEED000486","name":"KUSHBEGI","category":"mahallas","source":"GoldenPages","confidence":"C","status":"auto_unverified"}},{"type":"Feature","geometry":{"type":"Point","coordinates":[69.257959,41.290959]},"properties":{"id":"SEED000487","name":"KONSTITUTSIYA","category":"mahallas","source":"GoldenPages","confidence":"C","status":"auto_unverified"}},{"type":"Feature","geometry":{"type":"Point","coordinates":[69.251816,41.295329]},"properties":{"id":"SEED000488","name":"TEPA","category":"mahallas","source":"GoldenPages","confidence":"C","status":"auto_unverified"}},{"type":"Feature","geometry":{"type":"Point","coordinates":[69.235244,41.277157]},"properties":{"id":"SEED000489","name":"MUKIMIY","category":"mahallas","source":"GoldenPages","confidence":"C","status":"auto_unverified"}},{"type":"Feature","geometry":{"type":"Point","coordinates":[69.225446,41.263846]},"properties":{"id":"SEED000490","name":"YAKKASAROY","category":"mahallas","source":"GoldenPages","confidence":"C","status":"auto_unverified"}},{"type":"Feature","geometry":{"type":"Point","coordinates":[69.263007,41.297823]},"properties":{"id":"SEED000491","name":"BOGSAROY","category":"mahallas","source":"GoldenPages","confidence":"C","status":"auto_unverified"}},{"type":"Feature","geometry":{"type":"Point","coordinates":[69.262414,41.283896]},"properties":{"id":"SEED000492","name":"A.KAKHHAR","category":"mahallas","source":"GoldenPages","confidence":"C","status":"auto_unverified"}},{"type":"Feature","geometry":{"type":"Point","coordinates":[69.261664,41.281234]},"properties":{"id":"SEED000493","name":"DAM-ARIK","category":"mahallas","source":"GoldenPages","confidence":"C","status":"auto_unverified"}},{"type":"Feature","geometry":{"type":"Point","coordinates":[69.248821,41.280443]},"properties":{"id":"SEED000494","name":"MUXANDISLAR","category":"mahallas","source":"GoldenPages","confidence":"C","status":"auto_unverified"}},{"type":"Feature","geometry":{"type":"Point","coordinates":[69.242555,41.289848]},"properties":{"id":"SEED000495","name":"BELARIK","category":"mahallas","source":"GoldenPages","confidence":"C","status":"auto_unverified"}},{"type":"Feature","geometry":{"type":"Point","coordinates":[69.23675,41.273847]},"properties":{"id":"SEED000496","name":"TUKIMACHI","category":"mahallas","source":"GoldenPages","confidence":"C","status":"auto_unverified"}},{"type":"Feature","geometry":{"type":"Point","coordinates":[69.249362,41.269014]},"properties":{"id":"SEED000497","name":"BOSHLIK","category":"mahallas","source":"GoldenPages","confidence":"C","status":"auto_unverified"}},{"type":"Feature","geometry":{"type":"Point","coordinates":[69.265395,41.292845]},"properties":{"id":"SEED000498","name":"SULAYMONOV KH","category":"mahallas","source":"GoldenPages","confidence":"C","status":"auto_unverified"}},{"type":"Feature","geometry":{"type":"Point","coordinates":[69.24718,41.293211]},"properties":{"id":"SEED000499","name":"RAKATBOSHI","category":"mahallas","source":"GoldenPages","confidence":"C","status":"auto_unverified"}},{"type":"Feature","geometry":{"type":"Point","coordinates":[69.242292,41.281015]},"properties":{"id":"SEED000500","name":"RAKAT","category":"mahallas","source":"GoldenPages","confidence":"C","status":"auto_unverified"}},{"type":"Feature","geometry":{"type":"Point","coordinates":[69.231242,41.272223]},"properties":{"id":"SEED000501","name":"MEROS","category":"mahallas","source":"GoldenPages","confidence":"C","status":"auto_unverified"}},{"type":"Feature","geometry":{"type":"Point","coordinates":[69.220469,41.186558]},"properties":{"id":"SEED000502","name":"TASHKENT","category":"mahallas","source":"GoldenPages","confidence":"C","status":"auto_unverified"}},{"type":"Feature","geometry":{"type":"Point","coordinates":[69.209882,41.345921]},"properties":{"id":"SEED000503","name":"UNIVERSITET","category":"mahallas","source":"GoldenPages","confidence":"C","status":"auto_unverified"}},{"type":"Feature","geometry":{"type":"Point","coordinates":[69.401826,41.366927]},"properties":{"id":"SEED000504","name":"YUKORI YUZ","category":"mahallas","source":"GoldenPages","confidence":"C","status":"auto_unverified"}},{"type":"Feature","geometry":{"type":"Point","coordinates":[69.292122,41.363683]},"properties":{"id":"SEED000505","name":"AKBAROBOD","category":"mahallas","source":"GoldenPages","confidence":"C","status":"auto_unverified"}},{"type":"Feature","geometry":{"type":"Point","coordinates":[69.156145,41.262116]},"properties":{"id":"SEED000506","name":"YAKKABOG","category":"mahallas","source":"GoldenPages","confidence":"C","status":"auto_unverified"}},{"type":"Feature","geometry":{"type":"Point","coordinates":[69.165078,41.264273]},"properties":{"id":"SEED000507","name":"SHARQ","category":"mahallas","source":"GoldenPages","confidence":"C","status":"auto_unverified"}},{"type":"Feature","geometry":{"type":"Point","coordinates":[69.167118,41.309353]},"properties":{"id":"SEED000508","name":"BESHKAYRAGOCH","category":"mahallas","source":"GoldenPages","confidence":"C","status":"auto_unverified"}},{"type":"Feature","geometry":{"type":"Point","coordinates":[69.306916,41.303475]},"properties":{"id":"SEED000509","name":"CHULPON","category":"mahallas","source":"GoldenPages","confidence":"C","status":"auto_unverified"}},{"type":"Feature","geometry":{"type":"Point","coordinates":[69.332195,41.221534]},"properties":{"id":"SEED000510","name":"SOKHIL","category":"mahallas","source":"GoldenPages","confidence":"C","status":"auto_unverified"}},{"type":"Feature","geometry":{"type":"Point","coordinates":[69.373241,41.316145]},"properties":{"id":"SEED000511","name":"SARBON","category":"mahallas","source":"GoldenPages","confidence":"C","status":"auto_unverified"}},{"type":"Feature","geometry":{"type":"Point","coordinates":[69.173487,41.285946]},"properties":{"id":"SEED000512","name":"FARKHOD","category":"mahallas","source":"GoldenPages","confidence":"C","status":"auto_unverified"}},{"type":"Feature","geometry":{"type":"Point","coordinates":[69.16768,41.276019]},"properties":{"id":"SEED000513","name":"HAMDUST","category":"mahallas","source":"GoldenPages","confidence":"C","status":"auto_unverified"}},{"type":"Feature","geometry":{"type":"Point","coordinates":[69.165563,41.272429]},"properties":{"id":"SEED000514","name":"SHAROF","category":"mahallas","source":"GoldenPages","confidence":"C","status":"auto_unverified"}},{"type":"Feature","geometry":{"type":"Point","coordinates":[69.157924,41.268137]},"properties":{"id":"SEED000515","name":"DIYDOR","category":"mahallas","source":"GoldenPages","confidence":"C","status":"auto_unverified"}},{"type":"Feature","geometry":{"type":"Point","coordinates":[69.150712,41.263299]},"properties":{"id":"SEED000516","name":"DIYOROBOD","category":"mahallas","source":"GoldenPages","confidence":"C","status":"auto_unverified"}},{"type":"Feature","geometry":{"type":"Point","coordinates":[69.156816,41.315421]},"properties":{"id":"SEED000517","name":"ZULFIZAR","category":"mahallas","source":"GoldenPages","confidence":"C","status":"auto_unverified"}},{"type":"Feature","geometry":{"type":"Point","coordinates":[69.166889,41.328482]},"properties":{"id":"SEED000518","name":"SHAFTOLIZOR","category":"mahallas","source":"GoldenPages","confidence":"C","status":"auto_unverified"}},{"type":"Feature","geometry":{"type":"Point","coordinates":[69.190959,41.279351]},"properties":{"id":"SEED000519","name":"KURGANTEPA","category":"mahallas","source":"GoldenPages","confidence":"C","status":"auto_unverified"}},{"type":"Feature","geometry":{"type":"Point","coordinates":[69.184914,41.280467]},"properties":{"id":"SEED000520","name":"KHURASAN","category":"mahallas","source":"GoldenPages","confidence":"C","status":"auto_unverified"}},{"type":"Feature","geometry":{"type":"Point","coordinates":[69.160672,41.261167]},"properties":{"id":"SEED000521","name":"BAKHORISTON","category":"mahallas","source":"GoldenPages","confidence":"C","status":"auto_unverified"}},{"type":"Feature","geometry":{"type":"Point","coordinates":[69.204277,41.246328]},"properties":{"id":"SEED000522","name":"JUNARIK","category":"mahallas","source":"GoldenPages","confidence":"C","status":"auto_unverified"}},{"type":"Feature","geometry":{"type":"Point","coordinates":[69.187055,41.272676]},"properties":{"id":"SEED000523","name":"KICHIK KHIRMONTEPA","category":"mahallas","source":"GoldenPages","confidence":"C","status":"auto_unverified"}},{"type":"Feature","geometry":{"type":"Point","coordinates":[69.198229,41.27629]},"properties":{"id":"SEED000524","name":"FIDOKOR","category":"mahallas","source":"GoldenPages","confidence":"C","status":"auto_unverified"}},{"type":"Feature","geometry":{"type":"Point","coordinates":[69.205868,41.263866]},"properties":{"id":"SEED000525","name":"DOMBIRABAD","category":"mahallas","source":"GoldenPages","confidence":"C","status":"auto_unverified"}},{"type":"Feature","geometry":{"type":"Point","coordinates":[69.212699,41.267623]},"properties":{"id":"SEED000526","name":"GAVKHAR","category":"mahallas","source":"GoldenPages","confidence":"C","status":"auto_unverified"}},{"type":"Feature","geometry":{"type":"Point","coordinates":[69.2034,41.298274]},"properties":{"id":"SEED000527","name":"LUTFIY","category":"mahallas","source":"GoldenPages","confidence":"C","status":"auto_unverified"}},{"type":"Feature","geometry":{"type":"Point","coordinates":[69.210831,41.287825]},"properties":{"id":"SEED000528","name":"DILOBOD","category":"mahallas","source":"GoldenPages","confidence":"C","status":"auto_unverified"}},{"type":"Feature","geometry":{"type":"Point","coordinates":[69.208755,41.298264]},"properties":{"id":"SEED000529","name":"BOGZOR","category":"mahallas","source":"GoldenPages","confidence":"C","status":"auto_unverified"}},{"type":"Feature","geometry":{"type":"Point","coordinates":[69.25046,41.303871]},"properties":{"id":"SEED000530","name":"BESH-YOGOCH","category":"mahallas","source":"GoldenPages","confidence":"C","status":"auto_unverified"}},{"type":"Feature","geometry":{"type":"Point","coordinates":[69.170358,41.341133]},"properties":{"id":"SEED000531","name":"YANGI BELTEPA","category":"mahallas","source":"GoldenPages","confidence":"C","status":"auto_unverified"}},{"type":"Feature","geometry":{"type":"Point","coordinates":[69.186321,41.3608]},"properties":{"id":"SEED000532","name":"KHISLOT","category":"mahallas","source":"GoldenPages","confidence":"C","status":"auto_unverified"}},{"type":"Feature","geometry":{"type":"Point","coordinates":[69.184942,41.365002]},"properties":{"id":"SEED000533","name":"JIYDALI","category":"mahallas","source":"GoldenPages","confidence":"C","status":"auto_unverified"}},{"type":"Feature","geometry":{"type":"Point","coordinates":[69.201622,41.366208]},"properties":{"id":"SEED000534","name":"MUSTAKILLIK YURT","category":"mahallas","source":"GoldenPages","confidence":"C","status":"auto_unverified"}},{"type":"Feature","geometry":{"type":"Point","coordinates":[69.218932,41.356925]},"properties":{"id":"SEED000535","name":"ISTIKBOL","category":"mahallas","source":"GoldenPages","confidence":"C","status":"auto_unverified"}},{"type":"Feature","geometry":{"type":"Point","coordinates":[69.223047,41.357109]},"properties":{"id":"SEED000536","name":"BUSTONOBOD","category":"mahallas","source":"GoldenPages","confidence":"C","status":"auto_unverified"}},{"type":"Feature","geometry":{"type":"Point","coordinates":[69.223757,41.373643]},"properties":{"id":"SEED000537","name":"MOYARIK","category":"mahallas","source":"GoldenPages","confidence":"C","status":"auto_unverified"}},{"type":"Feature","geometry":{"type":"Point","coordinates":[69.242966,41.388416]},"properties":{"id":"SEED000538","name":"KATTA KHASANBOY","category":"mahallas","source":"GoldenPages","confidence":"C","status":"auto_unverified"}},{"type":"Feature","geometry":{"type":"Point","coordinates":[69.267566,41.379618]},"properties":{"id":"SEED000539","name":"KHASANBOY","category":"mahallas","source":"GoldenPages","confidence":"C","status":"auto_unverified"}},{"type":"Feature","geometry":{"type":"Point","coordinates":[69.26477,41.367333]},"properties":{"id":"SEED000540","name":"TURKISTON","category":"mahallas","source":"GoldenPages","confidence":"C","status":"auto_unverified"}},{"type":"Feature","geometry":{"type":"Point","coordinates":[69.277475,41.361895]},"properties":{"id":"SEED000541","name":"ADOLAT","category":"mahallas","source":"GoldenPages","confidence":"C","status":"auto_unverified"}},{"type":"Feature","geometry":{"type":"Point","coordinates":[69.281704,41.375454]},"properties":{"id":"SEED000542","name":"NURMAKON","category":"mahallas","source":"GoldenPages","confidence":"C","status":"auto_unverified"}},{"type":"Feature","geometry":{"type":"Point","coordinates":[69.282449,41.372185]},"properties":{"id":"SEED000543","name":"MING CHINOR","category":"mahallas","source":"GoldenPages","confidence":"C","status":"auto_unverified"}},{"type":"Feature","geometry":{"type":"Point","coordinates":[69.273066,41.346816]},"properties":{"id":"SEED000544","name":"YANGI ARIK","category":"mahallas","source":"GoldenPages","confidence":"C","status":"auto_unverified"}},{"type":"Feature","geometry":{"type":"Point","coordinates":[69.267852,41.350721]},"properties":{"id":"SEED000545","name":"ABDURAKHMON JOMIY","category":"mahallas","source":"GoldenPages","confidence":"C","status":"auto_unverified"}},{"type":"Feature","geometry":{"type":"Point","coordinates":[69.294233,41.339196]},"properties":{"id":"SEED000546","name":"YANGITARNOV","category":"mahallas","source":"GoldenPages","confidence":"C","status":"auto_unverified"}},{"type":"Feature","geometry":{"type":"Point","coordinates":[69.351044,41.336158]},"properties":{"id":"SEED000547","name":"NODIRABEGIM","category":"mahallas","source":"GoldenPages","confidence":"C","status":"auto_unverified"}},{"type":"Feature","geometry":{"type":"Point","coordinates":[69.374905,41.332768]},"properties":{"id":"SEED000548","name":"GULSANAM","category":"mahallas","source":"GoldenPages","confidence":"C","status":"auto_unverified"}},{"type":"Feature","geometry":{"type":"Point","coordinates":[69.329889,41.330859]},"properties":{"id":"SEED000549","name":"BUZ","category":"mahallas","source":"GoldenPages","confidence":"C","status":"auto_unverified"}},{"type":"Feature","geometry":{"type":"Point","coordinates":[69.287629,41.313453]},"properties":{"id":"SEED000550","name":"SHAHRISABZ","category":"mahallas","source":"GoldenPages","confidence":"C","status":"auto_unverified"}},{"type":"Feature","geometry":{"type":"Point","coordinates":[69.387064,41.347249]},"properties":{"id":"SEED000551","name":"AL-FAROBIY","category":"mahallas","source":"GoldenPages","confidence":"C","status":"auto_unverified"}},{"type":"Feature","geometry":{"type":"Point","coordinates":[69.388975,41.354985]},"properties":{"id":"SEED000552","name":"TRAKTORSOZLAR","category":"mahallas","source":"GoldenPages","confidence":"C","status":"auto_unverified"}},{"type":"Feature","geometry":{"type":"Point","coordinates":[69.285732,41.245564]},"properties":{"id":"SEED000553","name":"BIRDAMLIK","category":"mahallas","source":"GoldenPages","confidence":"C","status":"auto_unverified"}},{"type":"Feature","geometry":{"type":"Point","coordinates":[69.211057,41.202263]},"properties":{"id":"SEED000554","name":"OLCHAZOR","category":"mahallas","source":"GoldenPages","confidence":"C","status":"auto_unverified"}},{"type":"Feature","geometry":{"type":"Point","coordinates":[69.213755,41.199298]},"properties":{"id":"SEED000555","name":"CHORBOG","category":"mahallas","source":"GoldenPages","confidence":"C","status":"auto_unverified"}},{"type":"Feature","geometry":{"type":"Point","coordinates":[69.224412,41.201616]},"properties":{"id":"SEED000556","name":"VIKOR","category":"mahallas","source":"GoldenPages","confidence":"C","status":"auto_unverified"}},{"type":"Feature","geometry":{"type":"Point","coordinates":[69.231337,41.222272]},"properties":{"id":"SEED000557","name":"SUGDIYONA","category":"mahallas","source":"GoldenPages","confidence":"C","status":"auto_unverified"}},{"type":"Feature","geometry":{"type":"Point","coordinates":[69.234343,41.214008]},"properties":{"id":"SEED000558","name":"NURHAYOT","category":"mahallas","source":"GoldenPages","confidence":"C","status":"auto_unverified"}},{"type":"Feature","geometry":{"type":"Point","coordinates":[69.27296,41.284185]},"properties":{"id":"SEED000559","name":"BAYNALMINAL","category":"mahallas","source":"GoldenPages","confidence":"C","status":"auto_unverified"}},{"type":"Feature","geometry":{"type":"Point","coordinates":[69.244661,41.269256]},"properties":{"id":"SEED000560","name":"DILBULOK","category":"mahallas","source":"GoldenPages","confidence":"C","status":"auto_unverified"}},{"type":"Feature","geometry":{"type":"Point","coordinates":[69.255193,41.270418]},"properties":{"id":"SEED000561","name":"ARMUGON","category":"mahallas","source":"GoldenPages","confidence":"C","status":"auto_unverified"}},{"type":"Feature","geometry":{"type":"Point","coordinates":[69.250639,41.28731]},"properties":{"id":"SEED000562","name":"SHOKHJAKHON","category":"mahallas","source":"GoldenPages","confidence":"C","status":"auto_unverified"}},{"type":"Feature","geometry":{"type":"Point","coordinates":[69.246328,41.176685]},"properties":{"id":"SEED000563","name":"BINOKOR","category":"mahallas","source":"GoldenPages","confidence":"C","status":"auto_unverified"}},{"type":"Feature","geometry":{"type":"Point","coordinates":[69.288164,41.277342]},"properties":{"id":"SEED000564","name":"BANOKATIY","category":"mahallas","source":"GoldenPages","confidence":"C","status":"auto_unverified"}},{"type":"Feature","geometry":{"type":"Point","coordinates":[69.313065,41.250963]},"properties":{"id":"SEED000565","name":"YUKSALISH","category":"mahallas","source":"GoldenPages","confidence":"C","status":"auto_unverified"}},{"type":"Feature","geometry":{"type":"Point","coordinates":[69.144455,41.294972]},"properties":{"id":"SEED000566","name":"ZARAFSHON","category":"mahallas","source":"GoldenPages","confidence":"C","status":"auto_unverified"}},{"type":"Feature","geometry":{"type":"Point","coordinates":[69.186244,41.276196]},"properties":{"id":"SEED000567","name":"TEPAKURGON","category":"mahallas","source":"GoldenPages","confidence":"C","status":"auto_unverified"}},{"type":"Feature","geometry":{"type":"Point","coordinates":[69.177414,41.282775]},"properties":{"id":"SEED000568","name":"VATAN","category":"mahallas","source":"GoldenPages","confidence":"C","status":"auto_unverified"}},{"type":"Feature","geometry":{"type":"Point","coordinates":[69.172733,41.240248]},"properties":{"id":"SEED000569","name":"BESHKURGON","category":"mahallas","source":"GoldenPages","confidence":"C","status":"auto_unverified"}},{"type":"Feature","geometry":{"type":"Point","coordinates":[69.18382,41.269548]},"properties":{"id":"SEED000570","name":"SHUKHRAT","category":"mahallas","source":"GoldenPages","confidence":"C","status":"auto_unverified"}},{"type":"Feature","geometry":{"type":"Point","coordinates":[69.180072,41.336969]},"properties":{"id":"SEED000571","name":"KATTA JARARIK","category":"mahallas","source":"GoldenPages","confidence":"C","status":"auto_unverified"}},{"type":"Feature","geometry":{"type":"Point","coordinates":[69.234891,41.305285]},"properties":{"id":"SEED000572","name":"KAMOLON DARVOZA","category":"mahallas","source":"GoldenPages","confidence":"C","status":"auto_unverified"}},{"type":"Feature","geometry":{"type":"Point","coordinates":[69.366494,41.284696]},"properties":{"id":"SEED000573","name":"GUZAL","category":"mahallas","source":"GoldenPages","confidence":"C","status":"auto_unverified"}},{"type":"Feature","geometry":{"type":"Point","coordinates":[69.373506,41.276308]},"properties":{"id":"SEED000574","name":"OLMOS","category":"mahallas","source":"GoldenPages","confidence":"C","status":"auto_unverified"}},{"type":"Feature","geometry":{"type":"Point","coordinates":[69.339668,41.287093]},"properties":{"id":"SEED000575","name":"FAZOGIR","category":"mahallas","source":"GoldenPages","confidence":"C","status":"auto_unverified"}},{"type":"Feature","geometry":{"type":"Point","coordinates":[69.291237,41.304742]},"properties":{"id":"SEED000576","name":"TUYTEPA","category":"mahallas","source":"GoldenPages","confidence":"C","status":"auto_unverified"}},{"type":"Feature","geometry":{"type":"Point","coordinates":[69.350719,41.267068]},"properties":{"id":"SEED000577","name":"BEKHIZOR","category":"mahallas","source":"GoldenPages","confidence":"C","status":"auto_unverified"}},{"type":"Feature","geometry":{"type":"Point","coordinates":[69.308647,41.293156]},"properties":{"id":"SEED000578","name":"UKCHI OLMAZOR","category":"mahallas","source":"GoldenPages","confidence":"C","status":"auto_unverified"}},{"type":"Feature","geometry":{"type":"Point","coordinates":[69.332184,41.242591]},"properties":{"id":"SEED000579","name":"KATTA KUYLIK","category":"mahallas","source":"GoldenPages","confidence":"C","status":"auto_unverified"}},{"type":"Feature","geometry":{"type":"Point","coordinates":[69.340871,41.296598]},"properties":{"id":"SEED000580","name":"YASHNOBOD","category":"mahallas","source":"GoldenPages","confidence":"C","status":"auto_unverified"}},{"type":"Feature","geometry":{"type":"Point","coordinates":[69.310588,41.300094]},"properties":{"id":"SEED000581","name":"FIDOYILAR","category":"mahallas","source":"GoldenPages","confidence":"C","status":"auto_unverified"}},{"type":"Feature","geometry":{"type":"Point","coordinates":[69.345933,41.283618]},"properties":{"id":"SEED000582","name":"BESHARIK","category":"mahallas","source":"GoldenPages","confidence":"C","status":"auto_unverified"}},{"type":"Feature","geometry":{"type":"Point","coordinates":[69.242843,41.382019]},"properties":{"id":"SEED000583","name":"KHAMKOROBOD","category":"mahallas","source":"GoldenPages","confidence":"C","status":"auto_unverified"}},{"type":"Feature","geometry":{"type":"Point","coordinates":[69.293906,41.377747]},"properties":{"id":"SEED000584","name":"BARKHAYOT","category":"mahallas","source":"GoldenPages","confidence":"C","status":"auto_unverified"}},{"type":"Feature","geometry":{"type":"Point","coordinates":[69.287543,41.372581]},"properties":{"id":"SEED000585","name":"BOGI-ERAM","category":"mahallas","source":"GoldenPages","confidence":"C","status":"auto_unverified"}},{"type":"Feature","geometry":{"type":"Point","coordinates":[69.313539,41.368061]},"properties":{"id":"SEED000586","name":"MEKHNATOBOD","category":"mahallas","source":"GoldenPages","confidence":"C","status":"auto_unverified"}},{"type":"Feature","geometry":{"type":"Point","coordinates":[69.297206,41.33439]},"properties":{"id":"SEED000587","name":"FIRDAVSIY","category":"mahallas","source":"GoldenPages","confidence":"C","status":"auto_unverified"}},{"type":"Feature","geometry":{"type":"Point","coordinates":[69.240293,41.33878]},"properties":{"id":"SEED000588","name":"KHAZRATI IMOM","category":"mahallas","source":"GoldenPages","confidence":"C","status":"auto_unverified"}},{"type":"Feature","geometry":{"type":"Point","coordinates":[69.22654,41.347534]},"properties":{"id":"SEED000589","name":"CHIMBOY","category":"mahallas","source":"GoldenPages","confidence":"C","status":"auto_unverified"}},{"type":"Feature","geometry":{"type":"Point","coordinates":[69.284662,41.224562]},"properties":{"id":"SEED000590","name":"KHONOBOD","category":"mahallas","source":"GoldenPages","confidence":"C","status":"auto_unverified"}},{"type":"Feature","geometry":{"type":"Point","coordinates":[69.385512,41.340824]},"properties":{"id":"SEED000591","name":"GEOLOGLAR","category":"mahallas","source":"GoldenPages","confidence":"C","status":"auto_unverified"}},{"type":"Feature","geometry":{"type":"Point","coordinates":[69.410234,41.337424]},"properties":{"id":"SEED000592","name":"ZAKOVAT","category":"mahallas","source":"GoldenPages","confidence":"C","status":"auto_unverified"}},{"type":"Feature","geometry":{"type":"Point","coordinates":[69.339423,41.217056]},"properties":{"id":"SEED000593","name":"ZABARDAST","category":"mahallas","source":"GoldenPages","confidence":"C","status":"auto_unverified"}},{"type":"Feature","geometry":{"type":"Point","coordinates":[69.355115,41.315375]},"properties":{"id":"SEED000594","name":"KUKHNA MEVAZAR","category":"mahallas","source":"GoldenPages","confidence":"C","status":"auto_unverified"}},{"type":"Feature","geometry":{"type":"Point","coordinates":[69.372463,41.325907]},"properties":{"id":"SEED000595","name":"TEMURIYLAR","category":"mahallas","source":"GoldenPages","confidence":"C","status":"auto_unverified"}},{"type":"Feature","geometry":{"type":"Point","coordinates":[69.33222,41.208344]},"properties":{"id":"SEED000596","name":"NURLI YOL","category":"mahallas","source":"GoldenPages","confidence":"C","status":"auto_unverified"}},{"type":"Feature","geometry":{"type":"Point","coordinates":[69.321327,41.216808]},"properties":{"id":"SEED000597","name":"MUSAFFO","category":"mahallas","source":"GoldenPages","confidence":"C","status":"auto_unverified"}},{"type":"Feature","geometry":{"type":"Point","coordinates":[69.400726,41.354505]},"properties":{"id":"SEED000598","name":"PASTKI-YUZ","category":"mahallas","source":"GoldenPages","confidence":"C","status":"auto_unverified"}},{"type":"Feature","geometry":{"type":"Point","coordinates":[69.36202,41.317654]},"properties":{"id":"SEED000599","name":"GULZARABAD","category":"mahallas","source":"GoldenPages","confidence":"C","status":"auto_unverified"}},{"type":"Feature","geometry":{"type":"Point","coordinates":[69.34151,41.223834]},"properties":{"id":"SEED000600","name":"USTOZLAR","category":"mahallas","source":"GoldenPages","confidence":"C","status":"auto_unverified"}},{"type":"Feature","geometry":{"type":"Point","coordinates":[69.38765,41.334283]},"properties":{"id":"SEED000601","name":"JASORAT","category":"mahallas","source":"GoldenPages","confidence":"C","status":"auto_unverified"}},{"type":"Feature","geometry":{"type":"Point","coordinates":[69.214776,41.193638]},"properties":{"id":"SEED000602","name":"ZARBDOR","category":"mahallas","source":"GoldenPages","confidence":"C","status":"auto_unverified"}},{"type":"Feature","geometry":{"type":"Point","coordinates":[69.423935,41.33142]},"properties":{"id":"SEED000603","name":"IJODKOR","category":"mahallas","source":"GoldenPages","confidence":"C","status":"auto_unverified"}},{"type":"Feature","geometry":{"type":"Point","coordinates":[69.260365,41.219984]},"properties":{"id":"SEED000604","name":"KURUVCHILAR","category":"mahallas","source":"GoldenPages","confidence":"C","status":"auto_unverified"}},{"type":"Feature","geometry":{"type":"Point","coordinates":[69.328598,41.344566]},"properties":{"id":"SEED000605","name":"OLIY KHIMMAT","category":"mahallas","source":"GoldenPages","confidence":"C","status":"auto_unverified"}},{"type":"Feature","geometry":{"type":"Point","coordinates":[69.454035,41.331562]},"properties":{"id":"SEED000606","name":"CHINGELDI","category":"mahallas","source":"GoldenPages","confidence":"C","status":"auto_unverified"}},{"type":"Feature","geometry":{"type":"Point","coordinates":[69.364992,41.359167]},"properties":{"id":"SEED000607","name":"YANGI KAMOLOT","category":"mahallas","source":"GoldenPages","confidence":"C","status":"auto_unverified"}},{"type":"Feature","geometry":{"type":"Point","coordinates":[69.207909,41.230959]},"properties":{"id":"SEED000608","name":"BUNYODABAD","category":"mahallas","source":"GoldenPages","confidence":"C","status":"auto_unverified"}},{"type":"Feature","geometry":{"type":"Point","coordinates":[69.199173,41.348952]},"properties":{"id":"SEED000609","name":"ZIYOKOR","category":"mahallas","source":"GoldenPages","confidence":"C","status":"auto_unverified"}},{"type":"Feature","geometry":{"type":"Point","coordinates":[69.204453,41.236304]},"properties":{"id":"SEED000610","name":"YUKORI DARXON","category":"mahallas","source":"GoldenPages","confidence":"C","status":"auto_unverified"}},{"type":"Feature","geometry":{"type":"Point","coordinates":[69.391023,41.340772]},"properties":{"id":"SEED000611","name":"GEOFIZIKA","category":"mahallas","source":"GoldenPages","confidence":"C","status":"auto_unverified"}},{"type":"Feature","geometry":{"type":"Point","coordinates":[69.286937,41.171147]},"properties":{"id":"SEED000612","name":"YANGI GULZAR","category":"mahallas","source":"GoldenPages","confidence":"C","status":"auto_unverified"}},{"type":"Feature","geometry":{"type":"Point","coordinates":[69.210916,41.228055]},"properties":{"id":"SEED000613","name":"BUNYODABAD","category":"mahallas","source":"GoldenPages","confidence":"C","status":"auto_unverified"}},{"type":"Feature","geometry":{"type":"Point","coordinates":[69.319557,41.321158]},"properties":{"id":"SEED000614","name":"YANGI OLMACHI","category":"mahallas","source":"GoldenPages","confidence":"C","status":"auto_unverified"}},{"type":"Feature","geometry":{"type":"Point","coordinates":[69.263511,41.214386]},"properties":{"id":"SEED000615","name":"FAROG'ATLI","category":"mahallas","source":"GoldenPages","confidence":"C","status":"auto_unverified"}},{"type":"Feature","geometry":{"type":"Point","coordinates":[69.330206,41.328105]},"properties":{"id":"SEED000616","name":"ELOBOD","category":"mahallas","source":"GoldenPages","confidence":"C","status":"auto_unverified"}},{"type":"Feature","geometry":{"type":"Point","coordinates":[69.321693,41.316174]},"properties":{"id":"SEED000617","name":"TURON","category":"mahallas","source":"GoldenPages","confidence":"C","status":"auto_unverified"}},{"type":"Feature","geometry":{"type":"Point","coordinates":[69.266735,41.229935]},"properties":{"id":"SEED000618","name":"KHAN TEPA","category":"mahallas","source":"GoldenPages","confidence":"C","status":"auto_unverified"}},{"type":"Feature","geometry":{"type":"Point","coordinates":[69.263593,41.230987]},"properties":{"id":"SEED000619","name":"SULTANABAD","category":"mahallas","source":"GoldenPages","confidence":"C","status":"auto_unverified"}},{"type":"Feature","geometry":{"type":"Point","coordinates":[69.256421,41.233532]},"properties":{"id":"SEED000620","name":"ZIYOLILAR","category":"mahallas","source":"GoldenPages","confidence":"C","status":"auto_unverified"}},{"type":"Feature","geometry":{"type":"Point","coordinates":[69.193851,41.223799]},"properties":{"id":"SEED000621","name":"YANGI DARKHAN","category":"mahallas","source":"GoldenPages","confidence":"C","status":"auto_unverified"}},{"type":"Feature","geometry":{"type":"Point","coordinates":[69.281801,41.237658]},"properties":{"id":"SEED000622","name":"NOMDANAK","category":"mahallas","source":"GoldenPages","confidence":"C","status":"auto_unverified"}},{"type":"Feature","geometry":{"type":"Point","coordinates":[69.230067,41.237967]},"properties":{"id":"SEED000623","name":"KUT-BARAKA","category":"mahallas","source":"GoldenPages","confidence":"C","status":"auto_unverified"}},{"type":"Feature","geometry":{"type":"Point","coordinates":[69.203232,41.282689]},"properties":{"id":"SEED000624","name":"KATTA NAVBAXOR","category":"mahallas","source":"GoldenPages","confidence":"C","status":"auto_unverified"}},{"type":"Feature","geometry":{"type":"Point","coordinates":[69.298321,41.23978]},"properties":{"id":"SEED000625","name":"KENGMAKON","category":"mahallas","source":"GoldenPages","confidence":"C","status":"auto_unverified"}},{"type":"Feature","geometry":{"type":"Point","coordinates":[69.222804,41.250391]},"properties":{"id":"SEED000626","name":"KUBAY-TEPA","category":"mahallas","source":"GoldenPages","confidence":"C","status":"auto_unverified"}},{"type":"Feature","geometry":{"type":"Point","coordinates":[69.218564,41.289676]},"properties":{"id":"SEED000627","name":"KURKAM","category":"mahallas","source":"GoldenPages","confidence":"C","status":"auto_unverified"}},{"type":"Feature","geometry":{"type":"Point","coordinates":[69.286629,41.233786]},"properties":{"id":"SEED000628","name":"IZZATLI","category":"mahallas","source":"GoldenPages","confidence":"C","status":"auto_unverified"}},{"type":"Feature","geometry":{"type":"Point","coordinates":[69.215222,41.275739]},"properties":{"id":"SEED000629","name":"KAZIRABAT","category":"mahallas","source":"GoldenPages","confidence":"C","status":"auto_unverified"}},{"type":"Feature","geometry":{"type":"Point","coordinates":[69.201298,41.292378]},"properties":{"id":"SEED000630","name":"DIYOR","category":"mahallas","source":"GoldenPages","confidence":"C","status":"auto_unverified"}},{"type":"Feature","geometry":{"type":"Point","coordinates":[69.307083,41.23427]},"properties":{"id":"SEED000631","name":"ESHANBULAK","category":"mahallas","source":"GoldenPages","confidence":"C","status":"auto_unverified"}},{"type":"Feature","geometry":{"type":"Point","coordinates":[69.296083,41.229962]},"properties":{"id":"SEED000632","name":"SADOKAT","category":"mahallas","source":"GoldenPages","confidence":"C","status":"auto_unverified"}},{"type":"Feature","geometry":{"type":"Point","coordinates":[69.210075,41.216146]},"properties":{"id":"SEED000633","name":"HUMO","category":"mahallas","source":"GoldenPages","confidence":"C","status":"auto_unverified"}},{"type":"Feature","geometry":{"type":"Point","coordinates":[69.255509,41.240461]},"properties":{"id":"SEED000634","name":"KUKHNA KUMARIK","category":"mahallas","source":"GoldenPages","confidence":"C","status":"auto_unverified"}},{"type":"Feature","geometry":{"type":"Point","coordinates":[69.248057,41.227607]},"properties":{"id":"SEED000635","name":"ESKI JALOYIR","category":"mahallas","source":"GoldenPages","confidence":"C","status":"auto_unverified"}},{"type":"Feature","geometry":{"type":"Point","coordinates":[69.258251,41.22212]},"properties":{"id":"SEED000636","name":"KHANABAD TEPA","category":"mahallas","source":"GoldenPages","confidence":"C","status":"auto_unverified"}},{"type":"Feature","geometry":{"type":"Point","coordinates":[69.194507,41.209911]},"properties":{"id":"SEED000637","name":"ORIYAT","category":"mahallas","source":"GoldenPages","confidence":"C","status":"auto_unverified"}},{"type":"Feature","geometry":{"type":"Point","coordinates":[69.225222,41.177847]},"properties":{"id":"SEED000638","name":"CHARTAK","category":"mahallas","source":"GoldenPages","confidence":"C","status":"auto_unverified"}},{"type":"Feature","geometry":{"type":"Point","coordinates":[69.21355,41.211846]},"properties":{"id":"SEED000639","name":"MASHAL","category":"mahallas","source":"GoldenPages","confidence":"C","status":"auto_unverified"}},{"type":"Feature","geometry":{"type":"Point","coordinates":[69.192172,41.231214]},"properties":{"id":"SEED000640","name":"YANGI CHASHTEPA","category":"mahallas","source":"GoldenPages","confidence":"C","status":"auto_unverified"}},{"type":"Feature","geometry":{"type":"Point","coordinates":[69.277726,41.195062]},"properties":{"id":"SEED000641","name":"KHUJA UCHKUN","category":"mahallas","source":"GoldenPages","confidence":"C","status":"auto_unverified"}},{"type":"Feature","geometry":{"type":"Point","coordinates":[69.196971,41.215713]},"properties":{"id":"SEED000642","name":"YANGI KHAYOT","category":"mahallas","source":"GoldenPages","confidence":"C","status":"auto_unverified"}},{"type":"Feature","geometry":{"type":"Point","coordinates":[69.200162,41.215685]},"properties":{"id":"SEED000643","name":"MARKHAMAT","category":"mahallas","source":"GoldenPages","confidence":"C","status":"auto_unverified"}},{"type":"Feature","geometry":{"type":"Point","coordinates":[69.202739,41.217385]},"properties":{"id":"SEED000644","name":"YANGI TURMUSH","category":"mahallas","source":"GoldenPages","confidence":"C","status":"auto_unverified"}},{"type":"Feature","geometry":{"type":"Point","coordinates":[69.201203,41.220039]},"properties":{"id":"SEED000645","name":"YANGI UMID","category":"mahallas","source":"GoldenPages","confidence":"C","status":"auto_unverified"}},{"type":"Feature","geometry":{"type":"Point","coordinates":[69.204288,41.197276]},"properties":{"id":"SEED000646","name":"HUSHNUD","category":"mahallas","source":"GoldenPages","confidence":"C","status":"auto_unverified"}},{"type":"Feature","geometry":{"type":"Point","coordinates":[69.196304,41.211346]},"properties":{"id":"SEED000647","name":"GULSHANABAD","category":"mahallas","source":"GoldenPages","confidence":"C","status":"auto_unverified"}},{"type":"Feature","geometry":{"type":"Point","coordinates":[69.406988,41.330647]},"properties":{"id":"SEED000648","name":"ALISHERABAD","category":"mahallas","source":"GoldenPages","confidence":"C","status":"auto_unverified"}},{"type":"Feature","geometry":{"type":"Point","coordinates":[69.446769,41.336139]},"properties":{"id":"SEED000649","name":"IKTIDOR","category":"mahallas","source":"GoldenPages","confidence":"C","status":"auto_unverified"}},{"type":"Feature","geometry":{"type":"Point","coordinates":[69.27443,41.29314]},"properties":{"id":"SEED000650","name":"Alfa Dent","category":"medicine","source":"OSM","confidence":"C","status":"auto_unverified"}},{"type":"Feature","geometry":{"type":"Point","coordinates":[69.22266,41.2938]},"properties":{"id":"SEED000651","name":"Семейная поликлиника №36","category":"medicine","source":"OSM","confidence":"C","status":"auto_unverified"}},{"type":"Feature","geometry":{"type":"Point","coordinates":[69.30217,41.25009]},"properties":{"id":"SEED000652","name":"Стоматология","category":"medicine","source":"OSM","confidence":"C","status":"auto_unverified"}},{"type":"Feature","geometry":{"type":"Point","coordinates":[69.28771,41.29378]},"properties":{"id":"SEED000653","name":"Ulmas Dental Service","category":"medicine","source":"OSM","confidence":"C","status":"auto_unverified"}},{"type":"Feature","geometry":{"type":"Point","coordinates":[69.30675,41.30666]},"properties":{"id":"SEED000654","name":"Vega Med","category":"medicine","source":"OSM","confidence":"C","status":"auto_unverified"}},{"type":"Feature","geometry":{"type":"Point","coordinates":[69.28449,41.3052]},"properties":{"id":"SEED000655","name":"IMMUNOGEN TEST","category":"medicine","source":"OSM","confidence":"C","status":"auto_unverified"}},{"type":"Feature","geometry":{"type":"Point","coordinates":[69.29847,41.31898]},"properties":{"id":"SEED000656","name":"Sadaf","category":"medicine","source":"OSM","confidence":"C","status":"auto_unverified"}},{"type":"Feature","geometry":{"type":"Point","coordinates":[69.33857,41.32716]},"properties":{"id":"SEED000657","name":"ЦЕНТР ВАКЦИНАЦИИ","category":"medicine","source":"OSM","confidence":"C","status":"auto_unverified"}},{"type":"Feature","geometry":{"type":"Point","coordinates":[69.34414,41.30045]},"properties":{"id":"SEED000658","name":"Зубной врач","category":"medicine","source":"OSM","confidence":"C","status":"auto_unverified"}},{"type":"Feature","geometry":{"type":"Point","coordinates":[69.27964,41.29224]},"properties":{"id":"SEED000659","name":"Shox Med Centre","category":"medicine","source":"OSM","confidence":"C","status":"auto_unverified"}},{"type":"Feature","geometry":{"type":"Point","coordinates":[69.30903,41.25117]},"properties":{"id":"SEED000660","name":"Стоматология","category":"medicine","source":"OSM","confidence":"C","status":"auto_unverified"}},{"type":"Feature","geometry":{"type":"Point","coordinates":[69.30093,41.28352]},"properties":{"id":"SEED000661","name":"Nomad-Amon","category":"medicine","source":"OSM","confidence":"C","status":"auto_unverified"}},{"type":"Feature","geometry":{"type":"Point","coordinates":[69.21595,41.30467]},"properties":{"id":"SEED000662","name":"Детская стоматологическая поликлиника №6","category":"medicine","source":"OSM","confidence":"C","status":"auto_unverified"}},{"type":"Feature","geometry":{"type":"Point","coordinates":[69.23785,41.35843]},"properties":{"id":"SEED000663","name":"Поликлиника №20","category":"medicine","source":"OSM","confidence":"C","status":"auto_unverified"}},{"type":"Feature","geometry":{"type":"Point","coordinates":[69.21254,41.36362]},"properties":{"id":"SEED000664","name":"поликлиника №15","category":"medicine","source":"OSM","confidence":"C","status":"auto_unverified"}},{"type":"Feature","geometry":{"type":"Point","coordinates":[69.21346,41.36357]},"properties":{"id":"SEED000665","name":"стомотологичиская поликлиника №7","category":"medicine","source":"OSM","confidence":"C","status":"auto_unverified"}},{"type":"Feature","geometry":{"type":"Point","coordinates":[69.2663,41.30751]},"properties":{"id":"SEED000666","name":"Стоматология","category":"medicine","source":"OSM","confidence":"C","status":"auto_unverified"}},{"type":"Feature","geometry":{"type":"Point","coordinates":[69.25174,41.35356]},"properties":{"id":"SEED000667","name":"Тубдиспансер","category":"medicine","source":"OSM","confidence":"C","status":"auto_unverified"}},{"type":"Feature","geometry":{"type":"Point","coordinates":[69.26885,41.30726]},"properties":{"id":"SEED000668","name":"Smile Dental Clinic","category":"medicine","source":"OSM","confidence":"C","status":"auto_unverified"}},{"type":"Feature","geometry":{"type":"Point","coordinates":[69.29062,41.32647]},"properties":{"id":"SEED000669","name":"Otalaringolog","category":"medicine","source":"OSM","confidence":"C","status":"auto_unverified"}},{"type":"Feature","geometry":{"type":"Point","coordinates":[69.28573,41.31735]},"properties":{"id":"SEED000670","name":"Dr. Summit","category":"medicine","source":"OSM","confidence":"C","status":"auto_unverified"}},{"type":"Feature","geometry":{"type":"Point","coordinates":[69.22861,41.34319]},"properties":{"id":"SEED000671","name":"17-поликлиника","category":"medicine","source":"OSM","confidence":"C","status":"auto_unverified"}},{"type":"Feature","geometry":{"type":"Point","coordinates":[69.23435,41.32949]},"properties":{"id":"SEED000672","name":"14 семейная поликлиника","category":"medicine","source":"OSM","confidence":"C","status":"auto_unverified"}},{"type":"Feature","geometry":{"type":"Point","coordinates":[69.27528,41.32902]},"properties":{"id":"SEED000673","name":"Optimus Stom","category":"medicine","source":"OSM","confidence":"C","status":"auto_unverified"}},{"type":"Feature","geometry":{"type":"Point","coordinates":[69.27751,41.32867]},"properties":{"id":"SEED000674","name":"\"Smalto Dente\" ЧП Стоматология","category":"medicine","source":"OSM","confidence":"C","status":"auto_unverified"}},{"type":"Feature","geometry":{"type":"Point","coordinates":[69.17355,41.27845]},"properties":{"id":"SEED000675","name":"Стоматологическая поликлиника №3","category":"medicine","source":"OSM","confidence":"C","status":"auto_unverified"}},{"type":"Feature","geometry":{"type":"Point","coordinates":[69.20813,41.30126]},"properties":{"id":"SEED000676","name":"Поликлиника №43","category":"medicine","source":"OSM","confidence":"C","status":"auto_unverified"}},{"type":"Feature","geometry":{"type":"Point","coordinates":[69.19178,41.28085]},"properties":{"id":"SEED000677","name":"Семейная поликлиника №24","category":"medicine","source":"OSM","confidence":"C","status":"auto_unverified"}},{"type":"Feature","geometry":{"type":"Point","coordinates":[69.26967,41.30087]},"properties":{"id":"SEED000678","name":"BRAVO PHARMA","category":"medicine","source":"OSM","confidence":"C","status":"auto_unverified"}},{"type":"Feature","geometry":{"type":"Point","coordinates":[69.27988,41.29857]},"properties":{"id":"SEED000679","name":"1-son Oilaviy Poliklinika","category":"medicine","source":"OSM","confidence":"C","status":"auto_unverified"}},{"type":"Feature","geometry":{"type":"Point","coordinates":[69.16173,41.3147]},"properties":{"id":"SEED000680","name":"Детская городская клиническая больница №3","category":"medicine","source":"OSM+clinics.uz","confidence":"C","status":"auto_unverified"}},{"type":"Feature","geometry":{"type":"Point","coordinates":[69.27197,41.37033]},"properties":{"id":"SEED000681","name":"Детская Стоматологическая Поликлиника №2","category":"medicine","source":"OSM","confidence":"C","status":"auto_unverified"}},{"type":"Feature","geometry":{"type":"Point","coordinates":[69.29528,41.28086]},"properties":{"id":"SEED000682","name":"Туберкулёзный диспансер №5","category":"medicine","source":"OSM","confidence":"C","status":"auto_unverified"}},{"type":"Feature","geometry":{"type":"Point","coordinates":[69.15856,41.25741]},"properties":{"id":"SEED000683","name":"Поликлиника №38","category":"medicine","source":"OSM","confidence":"C","status":"auto_unverified"}},{"type":"Feature","geometry":{"type":"Point","coordinates":[69.23397,41.28582]},"properties":{"id":"SEED000684","name":"Диамед","category":"medicine","source":"OSM","confidence":"C","status":"auto_unverified"}},{"type":"Feature","geometry":{"type":"Point","coordinates":[69.27007,41.30714]},"properties":{"id":"SEED000685","name":"Косметологический центр","category":"medicine","source":"OSM","confidence":"C","status":"auto_unverified"}},{"type":"Feature","geometry":{"type":"Point","coordinates":[69.217,41.26802]},"properties":{"id":"SEED000686","name":"Педиатрия","category":"medicine","source":"OSM","confidence":"C","status":"auto_unverified"}},{"type":"Feature","geometry":{"type":"Point","coordinates":[69.21706,41.26891]},"properties":{"id":"SEED000687","name":"Терапия","category":"medicine","source":"OSM","confidence":"C","status":"auto_unverified"}},{"type":"Feature","geometry":{"type":"Point","coordinates":[69.21616,41.26941]},"properties":{"id":"SEED000688","name":"Хирургия","category":"medicine","source":"OSM","confidence":"C","status":"auto_unverified"}},{"type":"Feature","geometry":{"type":"Point","coordinates":[69.38608,41.35212]},"properties":{"id":"SEED000689","name":"Поликлиника ТТЗ","category":"medicine","source":"OSM","confidence":"C","status":"auto_unverified"}},{"type":"Feature","geometry":{"type":"Point","coordinates":[69.3666,41.33116]},"properties":{"id":"SEED000690","name":"Стоматологическая поликлиника 1","category":"medicine","source":"OSM","confidence":"C","status":"auto_unverified"}},{"type":"Feature","geometry":{"type":"Point","coordinates":[69.28203,41.26878]},"properties":{"id":"SEED000691","name":"ведомственная поликлиника НАК Хаво Йулари","category":"medicine","source":"OSM","confidence":"C","status":"auto_unverified"}},{"type":"Feature","geometry":{"type":"Point","coordinates":[69.3333,41.29385]},"properties":{"id":"SEED000692","name":"SAIF-OPTIMA","category":"medicine","source":"OSM","confidence":"C","status":"auto_unverified"}},{"type":"Feature","geometry":{"type":"Point","coordinates":[69.24868,41.33051]},"properties":{"id":"SEED000693","name":"Sebzor Med - Себзор Мед","category":"medicine","source":"OSM","confidence":"C","status":"auto_unverified"}},{"type":"Feature","geometry":{"type":"Point","coordinates":[69.21303,41.36344]},"properties":{"id":"SEED000694","name":"Dilshod Denta","category":"medicine","source":"OSM","confidence":"C","status":"auto_unverified"}},{"type":"Feature","geometry":{"type":"Point","coordinates":[69.24106,41.2803]},"properties":{"id":"SEED000695","name":"Radik ofis MedLand Диагностический центр","category":"medicine","source":"OSM","confidence":"C","status":"auto_unverified"}},{"type":"Feature","geometry":{"type":"Point","coordinates":[69.30845,41.36854]},"properties":{"id":"SEED000696","name":"сэржэм","category":"medicine","source":"OSM","confidence":"C","status":"auto_unverified"}},{"type":"Feature","geometry":{"type":"Point","coordinates":[69.2231,41.26231]},"properties":{"id":"SEED000697","name":"ВТЭК Ташкентской области","category":"medicine","source":"OSM","confidence":"C","status":"auto_unverified"}},{"type":"Feature","geometry":{"type":"Point","coordinates":[69.30686,41.33108]},"properties":{"id":"SEED000698","name":"Медецинский центр Алексея Назарова","category":"medicine","source":"OSM","confidence":"C","status":"auto_unverified"}},{"type":"Feature","geometry":{"type":"Point","coordinates":[69.25057,41.28222]},"properties":{"id":"SEED000699","name":"центр вакцинации","category":"medicine","source":"OSM","confidence":"C","status":"auto_unverified"}},{"type":"Feature","geometry":{"type":"Point","coordinates":[69.29152,41.3114]},"properties":{"id":"SEED000700","name":"Sifat va Farog'at","category":"medicine","source":"OSM","confidence":"C","status":"auto_unverified"}},{"type":"Feature","geometry":{"type":"Point","coordinates":[69.28112,41.29064]},"properties":{"id":"SEED000701","name":"Intermed","category":"medicine","source":"OSM","confidence":"C","status":"auto_unverified"}},{"type":"Feature","geometry":{"type":"Point","coordinates":[69.28727,41.3393]},"properties":{"id":"SEED000702","name":"InterDent","category":"medicine","source":"OSM","confidence":"C","status":"auto_unverified"}},{"type":"Feature","geometry":{"type":"Point","coordinates":[69.25924,41.29123]},"properties":{"id":"SEED000703","name":"Семейная поликлиника № 60","category":"medicine","source":"OSM","confidence":"C","status":"auto_unverified"}},{"type":"Feature","geometry":{"type":"Point","coordinates":[69.31305,41.24516]},"properties":{"id":"SEED000704","name":"Стоматология","category":"medicine","source":"OSM","confidence":"C","status":"auto_unverified"}},{"type":"Feature","geometry":{"type":"Point","coordinates":[69.31128,41.24521]},"properties":{"id":"SEED000705","name":"Стоматология","category":"medicine","source":"OSM","confidence":"C","status":"auto_unverified"}},{"type":"Feature","geometry":{"type":"Point","coordinates":[69.25775,41.34282]},"properties":{"id":"SEED000706","name":"+BP Medical Center","category":"medicine","source":"OSM","confidence":"C","status":"auto_unverified"}},{"type":"Feature","geometry":{"type":"Point","coordinates":[69.15518,41.26299]},"properties":{"id":"SEED000707","name":"Стомотология","category":"medicine","source":"OSM","confidence":"C","status":"auto_unverified"}},{"type":"Feature","geometry":{"type":"Point","coordinates":[69.21395,41.29841]},"properties":{"id":"SEED000708","name":"DOKTOR-SERVIS","category":"medicine","source":"OSM","confidence":"C","status":"auto_unverified"}},{"type":"Feature","geometry":{"type":"Point","coordinates":[69.30258,41.31155]},"properties":{"id":"SEED000709","name":"Стоматологическая поликлиника","category":"medicine","source":"OSM","confidence":"C","status":"auto_unverified"}},{"type":"Feature","geometry":{"type":"Point","coordinates":[69.16497,41.31582]},"properties":{"id":"SEED000710","name":"Поликлиника №22","category":"medicine","source":"OSM","confidence":"C","status":"auto_unverified"}},{"type":"Feature","geometry":{"type":"Point","coordinates":[69.22536,41.36992]},"properties":{"id":"SEED000711","name":"STAR MED SERVICE","category":"medicine","source":"OSM","confidence":"C","status":"auto_unverified"}},{"type":"Feature","geometry":{"type":"Point","coordinates":[69.22815,41.20912]},"properties":{"id":"SEED000712","name":"Стоматология","category":"medicine","source":"OSM","confidence":"C","status":"auto_unverified"}},{"type":"Feature","geometry":{"type":"Point","coordinates":[69.18857,41.27906]},"properties":{"id":"SEED000713","name":"Здоровая семья","category":"medicine","source":"OSM","confidence":"C","status":"auto_unverified"}},{"type":"Feature","geometry":{"type":"Point","coordinates":[69.21707,41.33409]},"properties":{"id":"SEED000714","name":"Stomatologiya - FAOL MED MCHJ","category":"medicine","source":"OSM","confidence":"C","status":"auto_unverified"}},{"type":"Feature","geometry":{"type":"Point","coordinates":[69.2192,41.33276]},"properties":{"id":"SEED000715","name":"MIRAMED - ORTOS - ортопедия, травмотология и хирургия","category":"medicine","source":"OSM","confidence":"C","status":"auto_unverified"}},{"type":"Feature","geometry":{"type":"Point","coordinates":[69.22209,41.33103]},"properties":{"id":"SEED000716","name":"Поликлиника","category":"medicine","source":"OSM","confidence":"C","status":"auto_unverified"}},{"type":"Feature","geometry":{"type":"Point","coordinates":[69.2646,41.31933]},"properties":{"id":"SEED000717","name":"MEDIK — AS","category":"medicine","source":"OSM","confidence":"C","status":"auto_unverified"}},{"type":"Feature","geometry":{"type":"Point","coordinates":[69.15616,41.26325]},"properties":{"id":"SEED000718","name":"Стоматолог","category":"medicine","source":"OSM","confidence":"C","status":"auto_unverified"}},{"type":"Feature","geometry":{"type":"Point","coordinates":[69.22414,41.3302]},"properties":{"id":"SEED000719","name":"G'uncha Med Servis","category":"medicine","source":"OSM","confidence":"C","status":"auto_unverified"}},{"type":"Feature","geometry":{"type":"Point","coordinates":[69.23881,41.27161]},"properties":{"id":"SEED000720","name":"Oilaviy poliklinika №59","category":"medicine","source":"OSM","confidence":"C","status":"auto_unverified"}},{"type":"Feature","geometry":{"type":"Point","coordinates":[69.20646,41.3989]},"properties":{"id":"SEED000721","name":"Лор","category":"medicine","source":"OSM","confidence":"C","status":"auto_unverified"}},{"type":"Feature","geometry":{"type":"Point","coordinates":[69.25036,41.2934]},"properties":{"id":"SEED000722","name":"Oilaviy poliklinikasi №57","category":"medicine","source":"OSM","confidence":"C","status":"auto_unverified"}},{"type":"Feature","geometry":{"type":"Point","coordinates":[69.29475,41.36463]},"properties":{"id":"SEED000723","name":"Диагностический центр \"Delta\"","category":"medicine","source":"OSM","confidence":"C","status":"auto_unverified"}},{"type":"Feature","geometry":{"type":"Point","coordinates":[69.22711,41.21633]},"properties":{"id":"SEED000724","name":"Медицинский центр \"Global Medical Center\"","category":"medicine","source":"OSM+clinics.uz","confidence":"C","status":"auto_unverified"}},{"type":"Feature","geometry":{"type":"Point","coordinates":[69.22543,41.21688]},"properties":{"id":"SEED000725","name":"Медицинский центр Komfort Med","category":"medicine","source":"OSM","confidence":"C","status":"auto_unverified"}},{"type":"Feature","geometry":{"type":"Point","coordinates":[69.23979,41.21782]},"properties":{"id":"SEED000726","name":"Травматология","category":"medicine","source":"OSM","confidence":"C","status":"auto_unverified"}},{"type":"Feature","geometry":{"type":"Point","coordinates":[69.33332,41.36436]},"properties":{"id":"SEED000727","name":"Doctor Light Diagnostic","category":"medicine","source":"OSM","confidence":"C","status":"auto_unverified"}},{"type":"Feature","geometry":{"type":"Point","coordinates":[69.21107,41.2008]},"properties":{"id":"SEED000728","name":"Клиника LOR-UZD","category":"medicine","source":"OSM","confidence":"C","status":"auto_unverified"}},{"type":"Feature","geometry":{"type":"Point","coordinates":[69.25134,41.28636]},"properties":{"id":"SEED000729","name":"Стоматология","category":"medicine","source":"OSM","confidence":"C","status":"auto_unverified"}},{"type":"Feature","geometry":{"type":"Point","coordinates":[69.16079,41.26523]},"properties":{"id":"SEED000730","name":"sabina-stom","category":"medicine","source":"OSM","confidence":"C","status":"auto_unverified"}},{"type":"Feature","geometry":{"type":"Point","coordinates":[69.19987,41.27814]},"properties":{"id":"SEED000731","name":"Chilanzar Denta Luxe","category":"medicine","source":"OSM","confidence":"C","status":"auto_unverified"}},{"type":"Feature","geometry":{"type":"Point","coordinates":[69.28624,41.36464]},"properties":{"id":"SEED000732","name":"Anti Caries","category":"medicine","source":"OSM","confidence":"C","status":"auto_unverified"}},{"type":"Feature","geometry":{"type":"Point","coordinates":[69.28666,41.34837]},"properties":{"id":"SEED000733","name":"Центр имплантации зубов","category":"medicine","source":"OSM","confidence":"C","status":"auto_unverified"}},{"type":"Feature","geometry":{"type":"Point","coordinates":[69.29158,41.31595]},"properties":{"id":"SEED000734","name":"Семейная поликлиника №5","category":"medicine","source":"OSM","confidence":"C","status":"auto_unverified"}},{"type":"Feature","geometry":{"type":"Point","coordinates":[69.2497,41.27864]},"properties":{"id":"SEED000735","name":"Maks ofis Шифо Нур","category":"medicine","source":"OSM","confidence":"C","status":"auto_unverified"}},{"type":"Feature","geometry":{"type":"Point","coordinates":[69.1725,41.28783]},"properties":{"id":"SEED000736","name":"МедЦентр NBF","category":"medicine","source":"OSM","confidence":"C","status":"auto_unverified"}},{"type":"Feature","geometry":{"type":"Point","coordinates":[69.24968,41.33174]},"properties":{"id":"SEED000737","name":"Стоматология","category":"medicine","source":"OSM","confidence":"C","status":"auto_unverified"}},{"type":"Feature","geometry":{"type":"Point","coordinates":[69.25086,41.30557]},"properties":{"id":"SEED000738","name":"АВИЦЕНА ДИАГНОСТИКА","category":"medicine","source":"OSM","confidence":"C","status":"auto_unverified"}},{"type":"Feature","geometry":{"type":"Point","coordinates":[69.22783,41.3277]},"properties":{"id":"SEED000739","name":"Айболит","category":"medicine","source":"OSM","confidence":"C","status":"auto_unverified"}},{"type":"Feature","geometry":{"type":"Point","coordinates":[69.28361,41.36304]},"properties":{"id":"SEED000740","name":"Shifo-Dono","category":"medicine","source":"OSM","confidence":"C","status":"auto_unverified"}},{"type":"Feature","geometry":{"type":"Point","coordinates":[69.2842,41.36319]},"properties":{"id":"SEED000741","name":"\"Layon\" Центр Здоровья Женщин","category":"medicine","source":"OSM","confidence":"C","status":"auto_unverified"}},{"type":"Feature","geometry":{"type":"Point","coordinates":[69.28484,41.36351]},"properties":{"id":"SEED000742","name":"Sihat Koz","category":"medicine","source":"OSM","confidence":"C","status":"auto_unverified"}},{"type":"Feature","geometry":{"type":"Point","coordinates":[69.18723,41.35031]},"properties":{"id":"SEED000743","name":"Карима","category":"medicine","source":"OSM","confidence":"C","status":"auto_unverified"}},{"type":"Feature","geometry":{"type":"Point","coordinates":[69.31827,41.37184]},"properties":{"id":"SEED000744","name":"Ihlos-doctor","category":"medicine","source":"OSM","confidence":"C","status":"auto_unverified"}},{"type":"Feature","geometry":{"type":"Point","coordinates":[69.35181,41.3349]},"properties":{"id":"SEED000745","name":"Stomaservice","category":"medicine","source":"OSM","confidence":"C","status":"auto_unverified"}},{"type":"Feature","geometry":{"type":"Point","coordinates":[69.17772,41.30063]},"properties":{"id":"SEED000746","name":"Поликлиника №23","category":"medicine","source":"OSM","confidence":"C","status":"auto_unverified"}},{"type":"Feature","geometry":{"type":"Point","coordinates":[69.25557,41.32569]},"properties":{"id":"SEED000747","name":"Gulshan stom","category":"medicine","source":"OSM","confidence":"C","status":"auto_unverified"}},{"type":"Feature","geometry":{"type":"Point","coordinates":[69.27798,41.2929]},"properties":{"id":"SEED000748","name":"Садаф","category":"medicine","source":"OSM","confidence":"C","status":"auto_unverified"}},{"type":"Feature","geometry":{"type":"Point","coordinates":[69.21909,41.22638]},"properties":{"id":"SEED000749","name":"ЛОР 24","category":"medicine","source":"OSM","confidence":"C","status":"auto_unverified"}},{"type":"Feature","geometry":{"type":"Point","coordinates":[69.21883,41.22628]},"properties":{"id":"SEED000750","name":"Туйғун стом сервис","category":"medicine","source":"OSM","confidence":"C","status":"auto_unverified"}},{"type":"Feature","geometry":{"type":"Point","coordinates":[69.21543,41.26988]},"properties":{"id":"SEED000751","name":"Стоматологическая поликлиника","category":"medicine","source":"OSM","confidence":"C","status":"auto_unverified"}},{"type":"Feature","geometry":{"type":"Point","coordinates":[69.28537,41.35343]},"properties":{"id":"SEED000752","name":"Colibri Dental Care стоматология","category":"medicine","source":"OSM","confidence":"C","status":"auto_unverified"}},{"type":"Feature","geometry":{"type":"Point","coordinates":[69.30169,41.30837]},"properties":{"id":"SEED000753","name":"Детская стоматология","category":"medicine","source":"OSM","confidence":"C","status":"auto_unverified"}},{"type":"Feature","geometry":{"type":"Point","coordinates":[69.30354,41.31076]},"properties":{"id":"SEED000754","name":"Стоматологическая хирургия","category":"medicine","source":"OSM","confidence":"C","status":"auto_unverified"}},{"type":"Feature","geometry":{"type":"Point","coordinates":[69.18993,41.29006]},"properties":{"id":"SEED000755","name":"OOO Gomeopatiya MChJ","category":"medicine","source":"OSM","confidence":"C","status":"auto_unverified"}},{"type":"Feature","geometry":{"type":"Point","coordinates":[69.20222,41.28823]},"properties":{"id":"SEED000756","name":"Darmon Servis","category":"medicine","source":"OSM","confidence":"C","status":"auto_unverified"}},{"type":"Feature","geometry":{"type":"Point","coordinates":[69.20847,41.28939]},"properties":{"id":"SEED000757","name":"Стоматология \"Белозубка\"","category":"medicine","source":"OSM","confidence":"C","status":"auto_unverified"}},{"type":"Feature","geometry":{"type":"Point","coordinates":[69.18835,41.28896]},"properties":{"id":"SEED000758","name":"Хижамазулук","category":"medicine","source":"OSM","confidence":"C","status":"auto_unverified"}},{"type":"Feature","geometry":{"type":"Point","coordinates":[69.18469,41.28689]},"properties":{"id":"SEED000759","name":"Стоматология","category":"medicine","source":"OSM","confidence":"C","status":"auto_unverified"}},{"type":"Feature","geometry":{"type":"Point","coordinates":[69.1844,41.28707]},"properties":{"id":"SEED000760","name":"Поликлиника","category":"medicine","source":"OSM","confidence":"C","status":"auto_unverified"}},{"type":"Feature","geometry":{"type":"Point","coordinates":[69.18955,41.2898]},"properties":{"id":"SEED000761","name":"Neurofax-B private clinic","category":"medicine","source":"OSM","confidence":"C","status":"auto_unverified"}},{"type":"Feature","geometry":{"type":"Point","coordinates":[69.22055,41.29083]},"properties":{"id":"SEED000762","name":"Doctor Profi","category":"medicine","source":"OSM","confidence":"C","status":"auto_unverified"}},{"type":"Feature","geometry":{"type":"Point","coordinates":[69.28272,41.32825]},"properties":{"id":"SEED000763","name":"Lor Plus Service","category":"medicine","source":"OSM","confidence":"C","status":"auto_unverified"}},{"type":"Feature","geometry":{"type":"Point","coordinates":[69.32617,41.3226]},"properties":{"id":"SEED000764","name":"Evromed","category":"medicine","source":"OSM","confidence":"C","status":"auto_unverified"}},{"type":"Feature","geometry":{"type":"Point","coordinates":[69.29618,41.37607]},"properties":{"id":"SEED000765","name":"Stoma Planet","category":"medicine","source":"OSM","confidence":"C","status":"auto_unverified"}},{"type":"Feature","geometry":{"type":"Point","coordinates":[69.31054,41.37441]},"properties":{"id":"SEED000766","name":"Медцентр Nurshah","category":"medicine","source":"OSM","confidence":"C","status":"auto_unverified"}},{"type":"Feature","geometry":{"type":"Point","coordinates":[69.21674,41.21628]},"properties":{"id":"SEED000767","name":"OZODA SHIFO MED SERVIS","category":"medicine","source":"OSM","confidence":"C","status":"auto_unverified"}},{"type":"Feature","geometry":{"type":"Point","coordinates":[69.19885,41.29809]},"properties":{"id":"SEED000768","name":"Дерматолог Саидкасим Арифов Медицинская косметология","category":"medicine","source":"OSM","confidence":"C","status":"auto_unverified"}},{"type":"Feature","geometry":{"type":"Point","coordinates":[69.35289,41.26388]},"properties":{"id":"SEED000769","name":"Стоматолог","category":"medicine","source":"OSM","confidence":"C","status":"auto_unverified"}},{"type":"Feature","geometry":{"type":"Point","coordinates":[69.28953,41.29619]},"properties":{"id":"SEED000770","name":"Республиканская кожно-венерологическая клиническая больница","category":"medicine","source":"OSM","confidence":"C","status":"auto_unverified"}},{"type":"Feature","geometry":{"type":"Point","coordinates":[69.29539,41.37798]},"properties":{"id":"SEED000771","name":"ATLANT","category":"medicine","source":"OSM","confidence":"C","status":"auto_unverified"}},{"type":"Feature","geometry":{"type":"Point","coordinates":[69.28451,41.29415]},"properties":{"id":"SEED000772","name":"Центр эстетической хирургии","category":"medicine","source":"OSM","confidence":"C","status":"auto_unverified"}},{"type":"Feature","geometry":{"type":"Point","coordinates":[69.30323,41.31039]},"properties":{"id":"SEED000773","name":"1 отделение неврологии","category":"medicine","source":"OSM","confidence":"C","status":"auto_unverified"}},{"type":"Feature","geometry":{"type":"Point","coordinates":[69.30418,41.31028]},"properties":{"id":"SEED000774","name":"Отделение реабилитации неврологии и сердечно-сосудистых заболеваний","category":"medicine","source":"OSM","confidence":"C","status":"auto_unverified"}},{"type":"Feature","geometry":{"type":"Point","coordinates":[69.30428,41.31037]},"properties":{"id":"SEED000775","name":"Стоматологическая поликлиника","category":"medicine","source":"OSM","confidence":"C","status":"auto_unverified"}},{"type":"Feature","geometry":{"type":"Point","coordinates":[69.30174,41.31152]},"properties":{"id":"SEED000776","name":"Центр репродуктивного здоровья населения","category":"medicine","source":"OSM","confidence":"C","status":"auto_unverified"}},{"type":"Feature","geometry":{"type":"Point","coordinates":[69.30147,41.31043]},"properties":{"id":"SEED000777","name":"Приемное отделение","category":"medicine","source":"OSM","confidence":"C","status":"auto_unverified"}},{"type":"Feature","geometry":{"type":"Point","coordinates":[69.30327,41.31145]},"properties":{"id":"SEED000778","name":"2 отделение общей терапии и эндокринологии","category":"medicine","source":"OSM","confidence":"C","status":"auto_unverified"}},{"type":"Feature","geometry":{"type":"Point","coordinates":[69.28823,41.29599]},"properties":{"id":"SEED000779","name":"Служба СЭС Железной дороги","category":"medicine","source":"OSM","confidence":"C","status":"auto_unverified"}},{"type":"Feature","geometry":{"type":"Point","coordinates":[69.23119,41.33998]},"properties":{"id":"SEED000780","name":"Дармон нури","category":"medicine","source":"OSM","confidence":"C","status":"auto_unverified"}},{"type":"Feature","geometry":{"type":"Point","coordinates":[69.34102,41.29415]},"properties":{"id":"SEED000781","name":"Alfa-Diagnostic","category":"medicine","source":"OSM+clinics.uz","confidence":"C","status":"auto_unverified"}},{"type":"Feature","geometry":{"type":"Point","coordinates":[69.17768,41.28868]},"properties":{"id":"SEED000782","name":"Частная Клиника","category":"medicine","source":"OSM","confidence":"C","status":"auto_unverified"}},{"type":"Feature","geometry":{"type":"Point","coordinates":[69.34251,41.28871]},"properties":{"id":"SEED000783","name":"Дента Комил","category":"medicine","source":"OSM","confidence":"C","status":"auto_unverified"}},{"type":"Feature","geometry":{"type":"Point","coordinates":[69.20587,41.28042]},"properties":{"id":"SEED000784","name":"Нор тиббиот","category":"medicine","source":"OSM","confidence":"C","status":"auto_unverified"}},{"type":"Feature","geometry":{"type":"Point","coordinates":[69.26204,41.30093]},"properties":{"id":"SEED000785","name":"Стоматология МВД","category":"medicine","source":"OSM","confidence":"C","status":"auto_unverified"}},{"type":"Feature","geometry":{"type":"Point","coordinates":[69.22,41.35065]},"properties":{"id":"SEED000786","name":"Platinum Orto-Laborotoriya","category":"medicine","source":"OSM","confidence":"C","status":"auto_unverified"}},{"type":"Feature","geometry":{"type":"Point","coordinates":[69.2958,41.36617]},"properties":{"id":"SEED000787","name":"Omega Stom","category":"medicine","source":"OSM","confidence":"C","status":"auto_unverified"}},{"type":"Feature","geometry":{"type":"Point","coordinates":[69.22562,41.21661]},"properties":{"id":"SEED000788","name":"Comfort","category":"medicine","source":"OSM","confidence":"C","status":"auto_unverified"}},{"type":"Feature","geometry":{"type":"Point","coordinates":[69.23819,41.31925]},"properties":{"id":"SEED000789","name":"Клиника Heiberg","category":"medicine","source":"OSM","confidence":"C","status":"auto_unverified"}},{"type":"Feature","geometry":{"type":"Point","coordinates":[69.39062,41.33806]},"properties":{"id":"SEED000790","name":"Сельский врачебный пункт Геофизика","category":"medicine","source":"OSM","confidence":"C","status":"auto_unverified"}},{"type":"Feature","geometry":{"type":"Point","coordinates":[69.33421,41.35434]},"properties":{"id":"SEED000791","name":"Поликлиника","category":"medicine","source":"OSM","confidence":"C","status":"auto_unverified"}},{"type":"Feature","geometry":{"type":"Point","coordinates":[69.29126,41.30834]},"properties":{"id":"SEED000792","name":"VIP DENTAL CLINIC","category":"medicine","source":"OSM","confidence":"C","status":"auto_unverified"}},{"type":"Feature","geometry":{"type":"Point","coordinates":[69.29311,41.3136]},"properties":{"id":"SEED000793","name":"Сориз","category":"medicine","source":"OSM","confidence":"C","status":"auto_unverified"}},{"type":"Feature","geometry":{"type":"Point","coordinates":[69.23818,41.31134]},"properties":{"id":"SEED000794","name":"Умид ва Ишонч","category":"medicine","source":"OSM","confidence":"C","status":"auto_unverified"}},{"type":"Feature","geometry":{"type":"Point","coordinates":[69.29069,41.31836]},"properties":{"id":"SEED000795","name":"Ортодонтия","category":"medicine","source":"OSM","confidence":"C","status":"auto_unverified"}},{"type":"Feature","geometry":{"type":"Point","coordinates":[69.29269,41.33283]},"properties":{"id":"SEED000796","name":"Стоматологическая поликлиника №5","category":"medicine","source":"OSM","confidence":"C","status":"auto_unverified"}},{"type":"Feature","geometry":{"type":"Point","coordinates":[69.29164,41.333]},"properties":{"id":"SEED000797","name":"Vitros Diagnostics","category":"medicine","source":"OSM","confidence":"C","status":"auto_unverified"}},{"type":"Feature","geometry":{"type":"Point","coordinates":[69.09414,41.29763]},"properties":{"id":"SEED000798","name":"Комил","category":"medicine","source":"OSM","confidence":"C","status":"auto_unverified"}},{"type":"Feature","geometry":{"type":"Point","coordinates":[69.17343,41.29439]},"properties":{"id":"SEED000799","name":"Жэксофт МДЦ","category":"medicine","source":"OSM","confidence":"C","status":"auto_unverified"}},{"type":"Feature","geometry":{"type":"Point","coordinates":[69.23201,41.31914]},"properties":{"id":"SEED000800","name":"Веста дента","category":"medicine","source":"OSM","confidence":"C","status":"auto_unverified"}},{"type":"Feature","geometry":{"type":"Point","coordinates":[69.2318,41.31889]},"properties":{"id":"SEED000801","name":"Лаборатория Эликсир","category":"medicine","source":"OSM","confidence":"C","status":"auto_unverified"}},{"type":"Feature","geometry":{"type":"Point","coordinates":[69.2287,41.27155]},"properties":{"id":"SEED000802","name":"Лаборатория Эликсир","category":"medicine","source":"OSM","confidence":"C","status":"auto_unverified"}},{"type":"Feature","geometry":{"type":"Point","coordinates":[69.25758,41.32926]},"properties":{"id":"SEED000803","name":"Medion","category":"medicine","source":"OSM","confidence":"C","status":"auto_unverified"}},{"type":"Feature","geometry":{"type":"Point","coordinates":[69.1969,41.3287]},"properties":{"id":"SEED000804","name":"Шарофиддин","category":"medicine","source":"OSM","confidence":"C","status":"auto_unverified"}},{"type":"Feature","geometry":{"type":"Point","coordinates":[69.29082,41.30563]},"properties":{"id":"SEED000805","name":"Well Dental Clinic","category":"medicine","source":"OSM","confidence":"C","status":"auto_unverified"}},{"type":"Feature","geometry":{"type":"Point","coordinates":[69.28678,41.36292]},"properties":{"id":"SEED000806","name":"Medlook","category":"medicine","source":"OSM","confidence":"C","status":"auto_unverified"}},{"type":"Feature","geometry":{"type":"Point","coordinates":[69.16863,41.34916]},"properties":{"id":"SEED000807","name":"Пересадка и лечение волос в Ташкенте","category":"medicine","source":"OSM","confidence":"C","status":"auto_unverified"}},{"type":"Feature","geometry":{"type":"Point","coordinates":[69.22477,41.36761]},"properties":{"id":"SEED000808","name":"dorixona","category":"medicine","source":"OSM","confidence":"C","status":"auto_unverified"}},{"type":"Feature","geometry":{"type":"Point","coordinates":[69.26694,41.30042]},"properties":{"id":"SEED000809","name":"ProfiMed","category":"medicine","source":"OSM","confidence":"C","status":"auto_unverified"}},{"type":"Feature","geometry":{"type":"Point","coordinates":[69.32458,41.33467]},"properties":{"id":"SEED000810","name":"Медсанчасть от Узбекэнерго","category":"medicine","source":"OSM","confidence":"C","status":"auto_unverified"}},{"type":"Feature","geometry":{"type":"Point","coordinates":[69.29982,41.36144]},"properties":{"id":"SEED000811","name":"Военный госпиталь","category":"medicine","source":"OSM","confidence":"C","status":"auto_unverified"}},{"type":"Feature","geometry":{"type":"Point","coordinates":[69.23431,41.33123]},"properties":{"id":"SEED000812","name":"Allergiya klinikasi","category":"medicine","source":"OSM","confidence":"C","status":"auto_unverified"}},{"type":"Feature","geometry":{"type":"Point","coordinates":[69.31775,41.31704]},"properties":{"id":"SEED000813","name":"Sardor-Denta","category":"medicine","source":"OSM","confidence":"C","status":"auto_unverified"}},{"type":"Feature","geometry":{"type":"Point","coordinates":[69.16908,41.34946]},"properties":{"id":"SEED000814","name":"Венерология","category":"medicine","source":"OSM","confidence":"C","status":"auto_unverified"}},{"type":"Feature","geometry":{"type":"Point","coordinates":[69.21561,41.32111]},"properties":{"id":"SEED000815","name":"ТАШКЕНТСКИЙ ГОРОДСКОЙ ЦЕНТР ПО БОРЬБЕ СО СПИДОМ","category":"medicine","source":"OSM","confidence":"C","status":"auto_unverified"}},{"type":"Feature","geometry":{"type":"Point","coordinates":[69.34454,41.25519]},"properties":{"id":"SEED000816","name":"Филиал семейной поликлиники №29","category":"medicine","source":"OSM","confidence":"C","status":"auto_unverified"}},{"type":"Feature","geometry":{"type":"Point","coordinates":[69.28346,41.37853]},"properties":{"id":"SEED000817","name":"Dental clinic Midia","category":"medicine","source":"OSM","confidence":"C","status":"auto_unverified"}},{"type":"Feature","geometry":{"type":"Point","coordinates":[69.26697,41.32032]},"properties":{"id":"SEED000818","name":"Медицинский центр \"Узбекистан\"","category":"medicine","source":"OSM","confidence":"C","status":"auto_unverified"}},{"type":"Feature","geometry":{"type":"Point","coordinates":[69.18948,41.28053]},"properties":{"id":"SEED000819","name":"Комплекс урологии","category":"medicine","source":"OSM","confidence":"C","status":"auto_unverified"}},{"type":"Feature","geometry":{"type":"Point","coordinates":[69.28184,41.37926]},"properties":{"id":"SEED000820","name":"DOCTOR LOR SERVICE","category":"medicine","source":"OSM","confidence":"C","status":"auto_unverified"}},{"type":"Feature","geometry":{"type":"Point","coordinates":[69.33804,41.32708]},"properties":{"id":"SEED000821","name":"Диспансер подростковый Ташкентской области","category":"medicine","source":"OSM","confidence":"C","status":"auto_unverified"}},{"type":"Feature","geometry":{"type":"Point","coordinates":[69.29282,41.36925]},"properties":{"id":"SEED000822","name":"Family Care Dental","category":"medicine","source":"OSM","confidence":"C","status":"auto_unverified"}},{"type":"Feature","geometry":{"type":"Point","coordinates":[69.33005,41.24097]},"properties":{"id":"SEED000823","name":"УЗИ \"Елена Ким\" ЧП","category":"medicine","source":"OSM","confidence":"C","status":"auto_unverified"}},{"type":"Feature","geometry":{"type":"Point","coordinates":[69.33274,41.23949]},"properties":{"id":"SEED000824","name":"\"Universal Lider\"","category":"medicine","source":"OSM","confidence":"C","status":"auto_unverified"}},{"type":"Feature","geometry":{"type":"Point","coordinates":[69.3301,41.24004]},"properties":{"id":"SEED000825","name":"\"Ravnaq Med Servis\"","category":"medicine","source":"OSM","confidence":"C","status":"auto_unverified"}},{"type":"Feature","geometry":{"type":"Point","coordinates":[69.30695,41.30669]},"properties":{"id":"SEED000826","name":"RAD Lab Network (биолаборатория)","category":"medicine","source":"OSM","confidence":"C","status":"auto_unverified"}},{"type":"Feature","geometry":{"type":"Point","coordinates":[69.20172,41.27127]},"properties":{"id":"SEED000827","name":"NDC medic (najod-shifo)","category":"medicine","source":"OSM","confidence":"C","status":"auto_unverified"}},{"type":"Feature","geometry":{"type":"Point","coordinates":[69.32439,41.26963]},"properties":{"id":"SEED000828","name":"Детская стоматологическая поликлиника N 4","category":"medicine","source":"OSM","confidence":"C","status":"auto_unverified"}},{"type":"Feature","geometry":{"type":"Point","coordinates":[69.32348,41.26984]},"properties":{"id":"SEED000829","name":"27-Семейная поликлиника","category":"medicine","source":"OSM","confidence":"C","status":"auto_unverified"}},{"type":"Feature","geometry":{"type":"Point","coordinates":[69.29768,41.36165]},"properties":{"id":"SEED000830","name":"Госпиталь пограничных войск","category":"medicine","source":"OSM","confidence":"C","status":"auto_unverified"}},{"type":"Feature","geometry":{"type":"Point","coordinates":[69.18762,41.34984]},"properties":{"id":"SEED000831","name":"CityMed","category":"medicine","source":"OSM","confidence":"C","status":"auto_unverified"}},{"type":"Feature","geometry":{"type":"Point","coordinates":[69.2095,41.30409]},"properties":{"id":"SEED000832","name":"Районный ВТЭК","category":"medicine","source":"OSM","confidence":"C","status":"auto_unverified"}},{"type":"Feature","geometry":{"type":"Point","coordinates":[69.15066,41.2665]},"properties":{"id":"SEED000833","name":"Поликлиника \"Алгоритм\"","category":"medicine","source":"OSM","confidence":"C","status":"auto_unverified"}},{"type":"Feature","geometry":{"type":"Point","coordinates":[69.22535,41.28235]},"properties":{"id":"SEED000834","name":"TD Med Service","category":"medicine","source":"OSM","confidence":"C","status":"auto_unverified"}},{"type":"Feature","geometry":{"type":"Point","coordinates":[69.20471,41.36654]},"properties":{"id":"SEED000835","name":"Universal stom plus","category":"medicine","source":"OSM","confidence":"C","status":"auto_unverified"}},{"type":"Feature","geometry":{"type":"Point","coordinates":[69.22568,41.32925]},"properties":{"id":"SEED000836","name":"Шифо нур куз","category":"medicine","source":"OSM","confidence":"C","status":"auto_unverified"}},{"type":"Feature","geometry":{"type":"Point","coordinates":[69.2153,41.27513]},"properties":{"id":"SEED000837","name":"Давр Мед Сервис","category":"medicine","source":"OSM","confidence":"C","status":"auto_unverified"}},{"type":"Feature","geometry":{"type":"Point","coordinates":[69.20099,41.26974]},"properties":{"id":"SEED000838","name":"Nur Med","category":"medicine","source":"OSM","confidence":"C","status":"auto_unverified"}},{"type":"Feature","geometry":{"type":"Point","coordinates":[69.30241,41.31087]},"properties":{"id":"SEED000839","name":"МРТ - КТ - РЕНТГЕН","category":"medicine","source":"OSM","confidence":"C","status":"auto_unverified"}},{"type":"Feature","geometry":{"type":"Point","coordinates":[69.1875,41.26313]},"properties":{"id":"SEED000840","name":"Клиника","category":"medicine","source":"OSM","confidence":"C","status":"auto_unverified"}},{"type":"Feature","geometry":{"type":"Point","coordinates":[69.35505,41.32071]},"properties":{"id":"SEED000841","name":"Стоматология","category":"medicine","source":"OSM","confidence":"C","status":"auto_unverified"}},{"type":"Feature","geometry":{"type":"Point","coordinates":[69.23136,41.32142]},"properties":{"id":"SEED000842","name":"Клиника при ЖАР","category":"medicine","source":"OSM","confidence":"C","status":"auto_unverified"}},{"type":"Feature","geometry":{"type":"Point","coordinates":[69.34922,41.33108]},"properties":{"id":"SEED000843","name":"Глазная областная поликлиника","category":"medicine","source":"OSM","confidence":"C","status":"auto_unverified"}},{"type":"Feature","geometry":{"type":"Point","coordinates":[69.3534,41.38175]},"properties":{"id":"SEED000844","name":"Филиал многопрофильной поликлиники Кибрайского района","category":"medicine","source":"OSM","confidence":"C","status":"auto_unverified"}},{"type":"Feature","geometry":{"type":"Point","coordinates":[69.32358,41.36734]},"properties":{"id":"SEED000845","name":"Семейная поликлиника","category":"medicine","source":"OSM","confidence":"C","status":"auto_unverified"}},{"type":"Feature","geometry":{"type":"Point","coordinates":[69.17488,41.34889]},"properties":{"id":"SEED000846","name":"Кўксарой","category":"medicine","source":"OSM","confidence":"C","status":"auto_unverified"}},{"type":"Feature","geometry":{"type":"Point","coordinates":[69.33,41.24016]},"properties":{"id":"SEED000847","name":"Saodat Shifo","category":"medicine","source":"OSM","confidence":"C","status":"auto_unverified"}},{"type":"Feature","geometry":{"type":"Point","coordinates":[69.32911,41.24202]},"properties":{"id":"SEED000848","name":"NIKA MEDICAL SERVICE","category":"medicine","source":"OSM","confidence":"C","status":"auto_unverified"}},{"type":"Feature","geometry":{"type":"Point","coordinates":[69.30495,41.27934]},"properties":{"id":"SEED000849","name":"\"DUR\"","category":"medicine","source":"OSM","confidence":"C","status":"auto_unverified"}},{"type":"Feature","geometry":{"type":"Point","coordinates":[69.3065,41.30181]},"properties":{"id":"SEED000850","name":"ЦГСЭН Яшнабадского района","category":"medicine","source":"OSM","confidence":"C","status":"auto_unverified"}},{"type":"Feature","geometry":{"type":"Point","coordinates":[69.30954,41.30762]},"properties":{"id":"SEED000851","name":"GLOBAL MED SYSTEM","category":"medicine","source":"OSM","confidence":"C","status":"auto_unverified"}},{"type":"Feature","geometry":{"type":"Point","coordinates":[69.33082,41.23956]},"properties":{"id":"SEED000852","name":"Ishonch Tahlil Servis","category":"medicine","source":"OSM","confidence":"C","status":"auto_unverified"}},{"type":"Feature","geometry":{"type":"Point","coordinates":[69.31018,41.2456]},"properties":{"id":"SEED000853","name":"Стоматология","category":"medicine","source":"OSM","confidence":"C","status":"auto_unverified"}},{"type":"Feature","geometry":{"type":"Point","coordinates":[69.33799,41.24395]},"properties":{"id":"SEED000854","name":"New World Med","category":"medicine","source":"OSM","confidence":"C","status":"auto_unverified"}},{"type":"Feature","geometry":{"type":"Point","coordinates":[69.34417,41.25504]},"properties":{"id":"SEED000855","name":"Стоматолог","category":"medicine","source":"OSM","confidence":"C","status":"auto_unverified"}},{"type":"Feature","geometry":{"type":"Point","coordinates":[69.21501,41.26884]},"properties":{"id":"SEED000856","name":"Комбустология-Токсикология","category":"medicine","source":"OSM","confidence":"C","status":"auto_unverified"}},{"type":"Feature","geometry":{"type":"Point","coordinates":[69.21776,41.26538]},"properties":{"id":"SEED000857","name":"\"Miga Puls\" частная клиника","category":"medicine","source":"OSM","confidence":"C","status":"auto_unverified"}},{"type":"Feature","geometry":{"type":"Point","coordinates":[69.28846,41.29615]},"properties":{"id":"SEED000858","name":"Станция Переливания Крови Железной дороги","category":"medicine","source":"OSM","confidence":"C","status":"auto_unverified"}},{"type":"Feature","geometry":{"type":"Point","coordinates":[69.34252,41.32828]},"properties":{"id":"SEED000859","name":"Dental clinic","category":"medicine","source":"OSM","confidence":"C","status":"auto_unverified"}},{"type":"Feature","geometry":{"type":"Point","coordinates":[69.28562,41.36882]},"properties":{"id":"SEED000860","name":"Abekt noviy","category":"medicine","source":"OSM","confidence":"C","status":"auto_unverified"}},{"type":"Feature","geometry":{"type":"Point","coordinates":[69.29836,41.3749]},"properties":{"id":"SEED000861","name":"Stamatologiya","category":"medicine","source":"OSM","confidence":"C","status":"auto_unverified"}},{"type":"Feature","geometry":{"type":"Point","coordinates":[69.32327,41.25201]},"properties":{"id":"SEED000862","name":"Рентген","category":"medicine","source":"OSM","confidence":"C","status":"auto_unverified"}},{"type":"Feature","geometry":{"type":"Point","coordinates":[69.21592,41.26909]},"properties":{"id":"SEED000863","name":"Травматология","category":"medicine","source":"OSM","confidence":"C","status":"auto_unverified"}},{"type":"Feature","geometry":{"type":"Point","coordinates":[69.2309,41.28759]},"properties":{"id":"SEED000864","name":"Оптика","category":"medicine","source":"OSM","confidence":"C","status":"auto_unverified"}},{"type":"Feature","geometry":{"type":"Point","coordinates":[69.26004,41.27584]},"properties":{"id":"SEED000865","name":"Асрор тиб сервис","category":"medicine","source":"OSM","confidence":"C","status":"auto_unverified"}},{"type":"Feature","geometry":{"type":"Point","coordinates":[69.36809,41.24949]},"properties":{"id":"SEED000866","name":"Медицинский диогнастический Центр","category":"medicine","source":"OSM","confidence":"C","status":"auto_unverified"}},{"type":"Feature","geometry":{"type":"Point","coordinates":[69.27513,41.36401]},"properties":{"id":"SEED000867","name":"Шифо Нур","category":"medicine","source":"OSM","confidence":"C","status":"auto_unverified"}},{"type":"Feature","geometry":{"type":"Point","coordinates":[69.20329,41.27374]},"properties":{"id":"SEED000868","name":"Стоматология","category":"medicine","source":"OSM","confidence":"C","status":"auto_unverified"}},{"type":"Feature","geometry":{"type":"Point","coordinates":[69.21111,41.26937]},"properties":{"id":"SEED000869","name":"Lab Expert","category":"medicine","source":"OSM","confidence":"C","status":"auto_unverified"}},{"type":"Feature","geometry":{"type":"Point","coordinates":[69.28696,41.32839]},"properties":{"id":"SEED000870","name":"Доктор Асад Дент","category":"medicine","source":"OSM","confidence":"C","status":"auto_unverified"}},{"type":"Feature","geometry":{"type":"Point","coordinates":[69.2846,41.36809]},"properties":{"id":"SEED000871","name":"ООО Микдор","category":"medicine","source":"OSM","confidence":"C","status":"auto_unverified"}},{"type":"Feature","geometry":{"type":"Point","coordinates":[69.21248,41.27179]},"properties":{"id":"SEED000872","name":"Стоматолог и Я","category":"medicine","source":"OSM","confidence":"C","status":"auto_unverified"}},{"type":"Feature","geometry":{"type":"Point","coordinates":[69.19249,41.34181]},"properties":{"id":"SEED000873","name":"Qaxramon Doctor","category":"medicine","source":"OSM","confidence":"C","status":"auto_unverified"}},{"type":"Feature","geometry":{"type":"Point","coordinates":[69.27632,41.32101]},"properties":{"id":"SEED000874","name":"ЛОР","category":"medicine","source":"OSM","confidence":"C","status":"auto_unverified"}},{"type":"Feature","geometry":{"type":"Point","coordinates":[69.16818,41.30041]},"properties":{"id":"SEED000875","name":"Маш табиб","category":"medicine","source":"OSM","confidence":"C","status":"auto_unverified"}},{"type":"Feature","geometry":{"type":"Point","coordinates":[69.29507,41.30589]},"properties":{"id":"SEED000876","name":"Поликлиника союза писателей Узбекистана","category":"medicine","source":"OSM","confidence":"C","status":"auto_unverified"}},{"type":"Feature","geometry":{"type":"Point","coordinates":[69.29352,41.30459]},"properties":{"id":"SEED000877","name":"2 клиника центра протезирования и реабилитации","category":"medicine","source":"OSM","confidence":"C","status":"auto_unverified"}},{"type":"Feature","geometry":{"type":"Point","coordinates":[69.29309,41.30504]},"properties":{"id":"SEED000878","name":"Центр ортопедии","category":"medicine","source":"OSM","confidence":"C","status":"auto_unverified"}},{"type":"Feature","geometry":{"type":"Point","coordinates":[69.18222,41.32204]},"properties":{"id":"SEED000879","name":"Babymed","category":"medicine","source":"OSM","confidence":"C","status":"auto_unverified"}},{"type":"Feature","geometry":{"type":"Point","coordinates":[69.31131,41.36752]},"properties":{"id":"SEED000880","name":"Кожно-венерологический диспансер","category":"medicine","source":"OSM","confidence":"C","status":"auto_unverified"}},{"type":"Feature","geometry":{"type":"Point","coordinates":[69.33412,41.36542]},"properties":{"id":"SEED000881","name":"HAYAT Medical Centre","category":"medicine","source":"OSM","confidence":"C","status":"auto_unverified"}},{"type":"Feature","geometry":{"type":"Point","coordinates":[69.22493,41.36167]},"properties":{"id":"SEED000882","name":"Дантист","category":"medicine","source":"OSM","confidence":"C","status":"auto_unverified"}},{"type":"Feature","geometry":{"type":"Point","coordinates":[69.18472,41.28592]},"properties":{"id":"SEED000883","name":"Дармон диагнозтика","category":"medicine","source":"OSM","confidence":"C","status":"auto_unverified"}},{"type":"Feature","geometry":{"type":"Point","coordinates":[69.22686,41.28202]},"properties":{"id":"SEED000884","name":"Центр Бубновского","category":"medicine","source":"OSM","confidence":"C","status":"auto_unverified"}},{"type":"Feature","geometry":{"type":"Point","coordinates":[69.21583,41.28631]},"properties":{"id":"SEED000885","name":"Травм пункт","category":"medicine","source":"OSM","confidence":"C","status":"auto_unverified"}},{"type":"Feature","geometry":{"type":"Point","coordinates":[69.30396,41.32962]},"properties":{"id":"SEED000886","name":"AKKURGAN","category":"medicine","source":"OSM","confidence":"C","status":"auto_unverified"}},{"type":"Feature","geometry":{"type":"Point","coordinates":[69.30338,41.32952]},"properties":{"id":"SEED000887","name":"Saydullayevlar xonadoni","category":"medicine","source":"OSM","confidence":"C","status":"auto_unverified"}},{"type":"Feature","geometry":{"type":"Point","coordinates":[69.49347,41.33316]},"properties":{"id":"SEED000888","name":"Пчела","category":"medicine","source":"OSM","confidence":"C","status":"auto_unverified"}},{"type":"Feature","geometry":{"type":"Point","coordinates":[69.26811,41.30499]},"properties":{"id":"SEED000889","name":"Стоматология","category":"medicine","source":"OSM","confidence":"C","status":"auto_unverified"}},{"type":"Feature","geometry":{"type":"Point","coordinates":[69.29887,41.30826]},"properties":{"id":"SEED000890","name":"Андромед Хорев медицинский центр","category":"medicine","source":"OSM","confidence":"C","status":"auto_unverified"}},{"type":"Feature","geometry":{"type":"Point","coordinates":[69.20821,41.27161]},"properties":{"id":"SEED000891","name":"Кингдом оф дреамс. Узбекистан.","category":"medicine","source":"OSM","confidence":"C","status":"auto_unverified"}},{"type":"Feature","geometry":{"type":"Point","coordinates":[69.24581,41.35113]},"properties":{"id":"SEED000892","name":"Диасон медицинский центр","category":"medicine","source":"OSM","confidence":"C","status":"auto_unverified"}},{"type":"Feature","geometry":{"type":"Point","coordinates":[69.25193,41.34895]},"properties":{"id":"SEED000893","name":"Зубной центр","category":"medicine","source":"OSM","confidence":"C","status":"auto_unverified"}},{"type":"Feature","geometry":{"type":"Point","coordinates":[69.34698,41.29654]},"properties":{"id":"SEED000894","name":"Кафедра Стоматологии и детской стоматологии","category":"medicine","source":"OSM","confidence":"C","status":"auto_unverified"}},{"type":"Feature","geometry":{"type":"Point","coordinates":[69.1536,41.25561]},"properties":{"id":"SEED000895","name":"Korona dent","category":"medicine","source":"OSM","confidence":"C","status":"auto_unverified"}},{"type":"Feature","geometry":{"type":"Point","coordinates":[69.23455,41.27011]},"properties":{"id":"SEED000896","name":"Здоровье Всем","category":"medicine","source":"OSM","confidence":"C","status":"auto_unverified"}},{"type":"Feature","geometry":{"type":"Point","coordinates":[69.27112,41.29959]},"properties":{"id":"SEED000897","name":"Ental Lyuks","category":"medicine","source":"OSM","confidence":"C","status":"auto_unverified"}},{"type":"Feature","geometry":{"type":"Point","coordinates":[69.28273,41.33195]},"properties":{"id":"SEED000898","name":"O'smir dispanseri Poliklinika bo'limi","category":"medicine","source":"OSM","confidence":"C","status":"auto_unverified"}},{"type":"Feature","geometry":{"type":"Point","coordinates":[69.1985,41.24119]},"properties":{"id":"SEED000899","name":"Семейная поликлиника №11","category":"medicine","source":"OSM","confidence":"C","status":"auto_unverified"}},{"type":"Feature","geometry":{"type":"Point","coordinates":[69.36733,41.36046]},"properties":{"id":"SEED000900","name":"GloryMed","category":"medicine","source":"OSM","confidence":"C","status":"auto_unverified"}},{"type":"Feature","geometry":{"type":"Point","coordinates":[69.30925,41.3695]},"properties":{"id":"SEED000901","name":"Nazar \"Глазная Клиника\"","category":"medicine","source":"OSM","confidence":"C","status":"auto_unverified"}},{"type":"Feature","geometry":{"type":"Point","coordinates":[69.21755,41.29527]},"properties":{"id":"SEED000902","name":"Диадент-сервис","category":"medicine","source":"OSM","confidence":"C","status":"auto_unverified"}},{"type":"Feature","geometry":{"type":"Point","coordinates":[69.27108,41.29995]},"properties":{"id":"SEED000903","name":"Диер мед","category":"medicine","source":"OSM","confidence":"C","status":"auto_unverified"}},{"type":"Feature","geometry":{"type":"Point","coordinates":[69.25113,41.32104]},"properties":{"id":"SEED000904","name":"Walnut Tree Имплантологический Центр","category":"medicine","source":"OSM","confidence":"C","status":"auto_unverified"}},{"type":"Feature","geometry":{"type":"Point","coordinates":[69.24409,41.31099]},"properties":{"id":"SEED000905","name":"Medlans \"Медицинский центр\"","category":"medicine","source":"OSM+clinics.uz","confidence":"C","status":"auto_unverified"}},{"type":"Feature","geometry":{"type":"Point","coordinates":[69.36579,41.34661]},"properties":{"id":"SEED000906","name":"Нейромед сервис","category":"medicine","source":"OSM","confidence":"C","status":"auto_unverified"}},{"type":"Feature","geometry":{"type":"Point","coordinates":[69.35362,41.3354]},"properties":{"id":"SEED000907","name":"Нейро мед сервис","category":"medicine","source":"OSM","confidence":"C","status":"auto_unverified"}},{"type":"Feature","geometry":{"type":"Point","coordinates":[69.27907,41.3212]},"properties":{"id":"SEED000908","name":"Клиника Доктора Овчарова","category":"medicine","source":"OSM","confidence":"C","status":"auto_unverified"}},{"type":"Feature","geometry":{"type":"Point","coordinates":[69.11847,41.39732]},"properties":{"id":"SEED000909","name":"Ауылдық дәрігерлік емхана","category":"medicine","source":"OSM","confidence":"C","status":"auto_unverified"}},{"type":"Feature","geometry":{"type":"Point","coordinates":[69.34475,41.34451]},"properties":{"id":"SEED000910","name":"Частное поликлиника Medik-AS","category":"medicine","source":"OSM","confidence":"C","status":"auto_unverified"}},{"type":"Feature","geometry":{"type":"Point","coordinates":[69.30266,41.32005]},"properties":{"id":"SEED000911","name":"Дент-Мастер","category":"medicine","source":"OSM","confidence":"C","status":"auto_unverified"}},{"type":"Feature","geometry":{"type":"Point","coordinates":[69.34477,41.34451]},"properties":{"id":"SEED000912","name":"medik-as","category":"medicine","source":"OSM","confidence":"C","status":"auto_unverified"}},{"type":"Feature","geometry":{"type":"Point","coordinates":[69.20883,41.34301]},"properties":{"id":"SEED000913","name":"медицинский центр Akfa Medline","category":"medicine","source":"OSM","confidence":"C","status":"auto_unverified"}},{"type":"Feature","geometry":{"type":"Point","coordinates":[69.43695,41.39398]},"properties":{"id":"SEED000914","name":"O'zbekneftgaz kasalxonasi","category":"medicine","source":"OSM","confidence":"C","status":"auto_unverified"}},{"type":"Feature","geometry":{"type":"Point","coordinates":[69.29591,41.36485]},"properties":{"id":"SEED000915","name":"Shoshmedical","category":"medicine","source":"OSM","confidence":"C","status":"auto_unverified"}},{"type":"Feature","geometry":{"type":"Point","coordinates":[69.29609,41.36473]},"properties":{"id":"SEED000916","name":"\"Stomaworld\" stomatologiya klinikasi","category":"medicine","source":"OSM","confidence":"C","status":"auto_unverified"}},{"type":"Feature","geometry":{"type":"Point","coordinates":[69.32375,41.32341]},"properties":{"id":"SEED000917","name":"Мерримед","category":"medicine","source":"OSM","confidence":"C","status":"auto_unverified"}},{"type":"Feature","geometry":{"type":"Point","coordinates":[69.34477,41.34448]},"properties":{"id":"SEED000918","name":"MEDIK AS","category":"medicine","source":"OSM","confidence":"C","status":"auto_unverified"}},{"type":"Feature","geometry":{"type":"Point","coordinates":[69.3058,41.33456]},"properties":{"id":"SEED000919","name":"Nogironlarni reabilatitsia markazi","category":"medicine","source":"OSM","confidence":"C","status":"auto_unverified"}},{"type":"Feature","geometry":{"type":"Point","coordinates":[69.24192,41.35714]},"properties":{"id":"SEED000920","name":"Toshkent shaxar Davlat sanitariya-epidemiologiya nazorati markazi","category":"medicine","source":"OSM","confidence":"C","status":"auto_unverified"}},{"type":"Feature","geometry":{"type":"Point","coordinates":[69.19191,41.26929]},"properties":{"id":"SEED000921","name":"Медикал центр","category":"medicine","source":"OSM","confidence":"C","status":"auto_unverified"}},{"type":"Feature","geometry":{"type":"Point","coordinates":[69.21716,41.3233]},"properties":{"id":"SEED000922","name":"Глазная клиника","category":"medicine","source":"OSM","confidence":"C","status":"auto_unverified"}},{"type":"Feature","geometry":{"type":"Point","coordinates":[69.28325,41.40387]},"properties":{"id":"SEED000923","name":"Шифо-Садо","category":"medicine","source":"OSM","confidence":"C","status":"auto_unverified"}},{"type":"Feature","geometry":{"type":"Point","coordinates":[69.2169,41.33057]},"properties":{"id":"SEED000924","name":"Сабо дармон Клиника","category":"medicine","source":"OSM","confidence":"C","status":"auto_unverified"}},{"type":"Feature","geometry":{"type":"Point","coordinates":[69.21622,41.32263]},"properties":{"id":"SEED000925","name":"\"Vedanta Medical\" глазная клиника","category":"medicine","source":"OSM","confidence":"C","status":"auto_unverified"}},{"type":"Feature","geometry":{"type":"Point","coordinates":[69.30793,41.36847]},"properties":{"id":"SEED000926","name":"Biogen Med","category":"medicine","source":"OSM","confidence":"C","status":"auto_unverified"}},{"type":"Feature","geometry":{"type":"Point","coordinates":[69.229,41.21243]},"properties":{"id":"SEED000927","name":"Стоматология","category":"medicine","source":"OSM","confidence":"C","status":"auto_unverified"}},{"type":"Feature","geometry":{"type":"Point","coordinates":[69.21122,41.2825]},"properties":{"id":"SEED000928","name":"Центр медицинской диагностики","category":"medicine","source":"OSM","confidence":"C","status":"auto_unverified"}},{"type":"Feature","geometry":{"type":"Point","coordinates":[69.30481,41.30567]},"properties":{"id":"SEED000929","name":"Горздрав","category":"medicine","source":"OSM","confidence":"C","status":"auto_unverified"}},{"type":"Feature","geometry":{"type":"Point","coordinates":[69.34836,41.34662]},"properties":{"id":"SEED000930","name":"Nora Medical","category":"medicine","source":"OSM","confidence":"C","status":"auto_unverified"}},{"type":"Feature","geometry":{"type":"Point","coordinates":[69.28,41.26885]},"properties":{"id":"SEED000931","name":"ведомственная поликлиника НАК Хаво Йулари","category":"medicine","source":"OSM","confidence":"C","status":"auto_unverified"}},{"type":"Feature","geometry":{"type":"Point","coordinates":[69.28375,41.26892]},"properties":{"id":"SEED000932","name":"Центр эндокриналогии","category":"medicine","source":"OSM","confidence":"C","status":"auto_unverified"}},{"type":"Feature","geometry":{"type":"Point","coordinates":[69.29059,41.31522]},"properties":{"id":"SEED000933","name":"Acibadem","category":"medicine","source":"OSM","confidence":"C","status":"auto_unverified"}},{"type":"Feature","geometry":{"type":"Point","coordinates":[69.19595,41.27572]},"properties":{"id":"SEED000934","name":"Стоматология \"ЗУБР\"","category":"medicine","source":"OSM","confidence":"C","status":"auto_unverified"}},{"type":"Feature","geometry":{"type":"Point","coordinates":[69.29158,41.30457]},"properties":{"id":"SEED000935","name":"Metrika центр развития ребёнка","category":"medicine","source":"OSM","confidence":"C","status":"auto_unverified"}},{"type":"Feature","geometry":{"type":"Point","coordinates":[69.34826,41.34648]},"properties":{"id":"SEED000936","name":"Nora Medical","category":"medicine","source":"OSM","confidence":"C","status":"auto_unverified"}},{"type":"Feature","geometry":{"type":"Point","coordinates":[69.30499,41.30561]},"properties":{"id":"SEED000937","name":"Семейная поликлиника №32","category":"medicine","source":"OSM","confidence":"C","status":"auto_unverified"}},{"type":"Feature","geometry":{"type":"Point","coordinates":[69.25712,41.27985]},"properties":{"id":"SEED000938","name":"Зохид","category":"medicine","source":"OSM","confidence":"C","status":"auto_unverified"}},{"type":"Feature","geometry":{"type":"Point","coordinates":[69.18811,41.31156]},"properties":{"id":"SEED000939","name":"Лечебно Диагностический Центр RIM HAYOT","category":"medicine","source":"OSM","confidence":"C","status":"auto_unverified"}},{"type":"Feature","geometry":{"type":"Point","coordinates":[69.17824,41.31235]},"properties":{"id":"SEED000940","name":"НевроСервис","category":"medicine","source":"OSM","confidence":"C","status":"auto_unverified"}},{"type":"Feature","geometry":{"type":"Point","coordinates":[69.22466,41.2023]},"properties":{"id":"SEED000941","name":"НевроСервис","category":"medicine","source":"OSM","confidence":"C","status":"auto_unverified"}},{"type":"Feature","geometry":{"type":"Point","coordinates":[69.22819,41.26747]},"properties":{"id":"SEED000942","name":"Metromed","category":"medicine","source":"OSM","confidence":"C","status":"auto_unverified"}},{"type":"Feature","geometry":{"type":"Point","coordinates":[69.33898,41.32821]},"properties":{"id":"SEED000943","name":"Мед.Центр \"ALLMED\"","category":"medicine","source":"OSM+clinics.uz","confidence":"C","status":"auto_unverified"}},{"type":"Feature","geometry":{"type":"Point","coordinates":[69.28852,41.35213]},"properties":{"id":"SEED000944","name":"Happy Smile Стоматология","category":"medicine","source":"OSM","confidence":"C","status":"auto_unverified"}},{"type":"Feature","geometry":{"type":"Point","coordinates":[69.28275,41.32693]},"properties":{"id":"SEED000945","name":"Дента","category":"medicine","source":"OSM","confidence":"C","status":"auto_unverified"}},{"type":"Feature","geometry":{"type":"Point","coordinates":[69.20988,41.27396]},"properties":{"id":"SEED000946","name":"Институт Грудная Хирургия","category":"medicine","source":"OSM","confidence":"C","status":"auto_unverified"}},{"type":"Feature","geometry":{"type":"Point","coordinates":[69.17314,41.28829]},"properties":{"id":"SEED000947","name":"Karavan farm shifo","category":"medicine","source":"OSM","confidence":"C","status":"auto_unverified"}},{"type":"Feature","geometry":{"type":"Point","coordinates":[69.28103,41.32912]},"properties":{"id":"SEED000948","name":"Атлант клиника","category":"medicine","source":"OSM","confidence":"C","status":"auto_unverified"}},{"type":"Feature","geometry":{"type":"Point","coordinates":[69.20131,41.29472]},"properties":{"id":"SEED000949","name":"Областная дерматология","category":"medicine","source":"OSM","confidence":"C","status":"auto_unverified"}},{"type":"Feature","geometry":{"type":"Point","coordinates":[69.18188,41.36183]},"properties":{"id":"SEED000950","name":"Premium Denta","category":"medicine","source":"OSM","confidence":"C","status":"auto_unverified"}},{"type":"Feature","geometry":{"type":"Point","coordinates":[69.2286,41.28841]},"properties":{"id":"SEED000951","name":"Biostomplus","category":"medicine","source":"OSM","confidence":"C","status":"auto_unverified"}},{"type":"Feature","geometry":{"type":"Point","coordinates":[69.21257,41.2922]},"properties":{"id":"SEED000952","name":"Dental Clinic","category":"medicine","source":"OSM","confidence":"C","status":"auto_unverified"}},{"type":"Feature","geometry":{"type":"Point","coordinates":[69.46151,41.38398]},"properties":{"id":"SEED000953","name":"Farhod Madad Shifo klinikasi","category":"medicine","source":"OSM","confidence":"C","status":"auto_unverified"}},{"type":"Feature","geometry":{"type":"Point","coordinates":[69.18759,41.31069]},"properties":{"id":"SEED000954","name":"НИИ Эпидемиологии и инфекционных заболеваний","category":"medicine","source":"OSM","confidence":"C","status":"auto_unverified"}},{"type":"Feature","geometry":{"type":"Point","coordinates":[69.23097,41.27008]},"properties":{"id":"SEED000955","name":"Обл. Здрав","category":"medicine","source":"OSM","confidence":"C","status":"auto_unverified"}},{"type":"Feature","geometry":{"type":"Point","coordinates":[69.33873,41.3391]},"properties":{"id":"SEED000956","name":"Астма клиника \"Лёгкое дыхание\"","category":"medicine","source":"OSM","confidence":"C","status":"auto_unverified"}},{"type":"Feature","geometry":{"type":"Point","coordinates":[69.17149,41.3498]},"properties":{"id":"SEED000957","name":"Корпус 1","category":"medicine","source":"OSM","confidence":"C","status":"auto_unverified"}},{"type":"Feature","geometry":{"type":"Point","coordinates":[69.17246,41.35034]},"properties":{"id":"SEED000958","name":"Корпус 3","category":"medicine","source":"OSM","confidence":"C","status":"auto_unverified"}},{"type":"Feature","geometry":{"type":"Point","coordinates":[69.17307,41.3501]},"properties":{"id":"SEED000959","name":"Корпус 2","category":"medicine","source":"OSM","confidence":"C","status":"auto_unverified"}},{"type":"Feature","geometry":{"type":"Point","coordinates":[69.17185,41.35039]},"properties":{"id":"SEED000960","name":"Корпус 4","category":"medicine","source":"OSM","confidence":"C","status":"auto_unverified"}},{"type":"Feature","geometry":{"type":"Point","coordinates":[69.17309,41.35062]},"properties":{"id":"SEED000961","name":"Корпус 5","category":"medicine","source":"OSM","confidence":"C","status":"auto_unverified"}},{"type":"Feature","geometry":{"type":"Point","coordinates":[69.17167,41.35091]},"properties":{"id":"SEED000962","name":"Корпус 6","category":"medicine","source":"OSM","confidence":"C","status":"auto_unverified"}},{"type":"Feature","geometry":{"type":"Point","coordinates":[69.17185,41.35133]},"properties":{"id":"SEED000963","name":"Корпус 7","category":"medicine","source":"OSM","confidence":"C","status":"auto_unverified"}},{"type":"Feature","geometry":{"type":"Point","coordinates":[69.17205,41.35176]},"properties":{"id":"SEED000964","name":"Корпус 8","category":"medicine","source":"OSM","confidence":"C","status":"auto_unverified"}},{"type":"Feature","geometry":{"type":"Point","coordinates":[69.17208,41.35279]},"properties":{"id":"SEED000965","name":"Корпус 9","category":"medicine","source":"OSM","confidence":"C","status":"auto_unverified"}},{"type":"Feature","geometry":{"type":"Point","coordinates":[69.17126,41.35336]},"properties":{"id":"SEED000966","name":"Корпус 11","category":"medicine","source":"OSM","confidence":"C","status":"auto_unverified"}},{"type":"Feature","geometry":{"type":"Point","coordinates":[69.17126,41.35393]},"properties":{"id":"SEED000967","name":"Корпус 12","category":"medicine","source":"OSM","confidence":"C","status":"auto_unverified"}},{"type":"Feature","geometry":{"type":"Point","coordinates":[69.17265,41.35428]},"properties":{"id":"SEED000968","name":"Корпус 14","category":"medicine","source":"OSM","confidence":"C","status":"auto_unverified"}},{"type":"Feature","geometry":{"type":"Point","coordinates":[69.17182,41.35336]},"properties":{"id":"SEED000969","name":"Корпус 10","category":"medicine","source":"OSM","confidence":"C","status":"auto_unverified"}},{"type":"Feature","geometry":{"type":"Point","coordinates":[69.16372,41.30036]},"properties":{"id":"SEED000970","name":"Шоира доктор","category":"medicine","source":"OSM","confidence":"C","status":"auto_unverified"}},{"type":"Feature","geometry":{"type":"Point","coordinates":[69.2344,41.34877]},"properties":{"id":"SEED000971","name":"Частная клиника Medical care service","category":"medicine","source":"OSM","confidence":"C","status":"auto_unverified"}},{"type":"Feature","geometry":{"type":"Point","coordinates":[69.29206,41.33084]},"properties":{"id":"SEED000972","name":"Варикоз даволаш шифоханаси \"Phlenolife\"","category":"medicine","source":"OSM","confidence":"C","status":"auto_unverified"}},{"type":"Feature","geometry":{"type":"Point","coordinates":[69.19997,41.41898]},"properties":{"id":"SEED000973","name":"Скорая помощь","category":"medicine","source":"OSM","confidence":"C","status":"auto_unverified"}},{"type":"Feature","geometry":{"type":"Point","coordinates":[69.20888,41.34302]},"properties":{"id":"SEED000974","name":"Акфамэдлайн","category":"medicine","source":"OSM","confidence":"C","status":"auto_unverified"}},{"type":"Feature","geometry":{"type":"Point","coordinates":[69.39639,41.28647]},"properties":{"id":"SEED000975","name":"барсиной","category":"medicine","source":"OSM","confidence":"C","status":"auto_unverified"}},{"type":"Feature","geometry":{"type":"Point","coordinates":[69.3079,41.36839]},"properties":{"id":"SEED000976","name":"Круглосуточный ЛОР 24\/7 - Biogen Med","category":"medicine","source":"OSM","confidence":"C","status":"auto_unverified"}},{"type":"Feature","geometry":{"type":"Point","coordinates":[69.32566,41.32753]},"properties":{"id":"SEED000977","name":"Дента Лайф","category":"medicine","source":"OSM","confidence":"C","status":"auto_unverified"}},{"type":"Feature","geometry":{"type":"Point","coordinates":[69.21226,41.19562]},"properties":{"id":"SEED000978","name":"Roddom","category":"medicine","source":"OSM","confidence":"C","status":"auto_unverified"}},{"type":"Feature","geometry":{"type":"Point","coordinates":[69.33216,41.35281]},"properties":{"id":"SEED000979","name":"Зубболит","category":"medicine","source":"OSM","confidence":"C","status":"auto_unverified"}},{"type":"Feature","geometry":{"type":"Point","coordinates":[69.38545,41.35186]},"properties":{"id":"SEED000980","name":"Доктор лор","category":"medicine","source":"OSM","confidence":"C","status":"auto_unverified"}},{"type":"Feature","geometry":{"type":"Point","coordinates":[69.28838,41.30297]},"properties":{"id":"SEED000981","name":"ГЛАЗ КЛИНИКА СТЕЛЛАРИС","category":"medicine","source":"OSM","confidence":"C","status":"auto_unverified"}},{"type":"Feature","geometry":{"type":"Point","coordinates":[69.19133,41.2699]},"properties":{"id":"SEED000982","name":"Vita-Stimul","category":"medicine","source":"OSM","confidence":"C","status":"auto_unverified"}},{"type":"Feature","geometry":{"type":"Point","coordinates":[69.25405,41.32354]},"properties":{"id":"SEED000983","name":"Поликлиника N48","category":"medicine","source":"OSM","confidence":"C","status":"auto_unverified"}},{"type":"Feature","geometry":{"type":"Point","coordinates":[69.30945,41.27403]},"properties":{"id":"SEED000984","name":"Avisa med service","category":"medicine","source":"OSM","confidence":"C","status":"auto_unverified"}},{"type":"Feature","geometry":{"type":"Point","coordinates":[69.23481,41.31627]},"properties":{"id":"SEED000985","name":"Avicenna medical service","category":"medicine","source":"OSM","confidence":"C","status":"auto_unverified"}},{"type":"Feature","geometry":{"type":"Point","coordinates":[69.25695,41.34415]},"properties":{"id":"SEED000986","name":"BP-MED","category":"medicine","source":"OSM","confidence":"C","status":"auto_unverified"}},{"type":"Feature","geometry":{"type":"Point","coordinates":[69.34737,41.3469]},"properties":{"id":"SEED000987","name":"МедиоСтом","category":"medicine","source":"OSM","confidence":"C","status":"auto_unverified"}},{"type":"Feature","geometry":{"type":"Point","coordinates":[69.29339,41.37144]},"properties":{"id":"SEED000988","name":"Dantist Exclusi","category":"medicine","source":"OSM","confidence":"C","status":"auto_unverified"}},{"type":"Feature","geometry":{"type":"Point","coordinates":[69.36563,41.23481]},"properties":{"id":"SEED000989","name":"дилдора ҳайдаровна","category":"medicine","source":"OSM","confidence":"C","status":"auto_unverified"}},{"type":"Feature","geometry":{"type":"Point","coordinates":[69.4027,41.30394]},"properties":{"id":"SEED000990","name":"Сельский врачебный пункт Джамбул","category":"medicine","source":"OSM","confidence":"C","status":"auto_unverified"}},{"type":"Feature","geometry":{"type":"Point","coordinates":[69.26719,41.30146]},"properties":{"id":"SEED000991","name":"\"Dental City\"","category":"medicine","source":"OSM","confidence":"C","status":"auto_unverified"}},{"type":"Feature","geometry":{"type":"Point","coordinates":[69.49149,41.41298]},"properties":{"id":"SEED000992","name":"Ботаника санаторий","category":"medicine","source":"OSM","confidence":"C","status":"auto_unverified"}},{"type":"Feature","geometry":{"type":"Point","coordinates":[69.2819,41.36903]},"properties":{"id":"SEED000993","name":"Семейная стоматология \"IRODA\"","category":"medicine","source":"OSM","confidence":"C","status":"auto_unverified"}},{"type":"Feature","geometry":{"type":"Point","coordinates":[69.28229,41.36092]},"properties":{"id":"SEED000994","name":"Med Fay Tem","category":"medicine","source":"OSM","confidence":"C","status":"auto_unverified"}},{"type":"Feature","geometry":{"type":"Point","coordinates":[69.3335,41.36399]},"properties":{"id":"SEED000995","name":"Hayat Kids детская клиника","category":"medicine","source":"OSM","confidence":"C","status":"auto_unverified"}},{"type":"Feature","geometry":{"type":"Point","coordinates":[69.31956,41.31933]},"properties":{"id":"SEED000996","name":"Clinic Pro","category":"medicine","source":"OSM","confidence":"C","status":"auto_unverified"}},{"type":"Feature","geometry":{"type":"Point","coordinates":[69.22237,41.21085]},"properties":{"id":"SEED000997","name":"Подстанция скорой помощи № 8","category":"medicine","source":"OSM","confidence":"C","status":"auto_unverified"}},{"type":"Feature","geometry":{"type":"Point","coordinates":[69.30292,41.28038]},"properties":{"id":"SEED000998","name":"Сергей Остеопат","category":"medicine","source":"OSM","confidence":"C","status":"auto_unverified"}},{"type":"Feature","geometry":{"type":"Point","coordinates":[69.288,41.30049]},"properties":{"id":"SEED000999","name":"BEGIZODA DENTAL CLINIC","category":"medicine","source":"OSM","confidence":"C","status":"auto_unverified"}},{"type":"Feature","geometry":{"type":"Point","coordinates":[69.27224,41.35799]},"properties":{"id":"SEED001000","name":"Sihat Oila Medical clinic","category":"medicine","source":"OSM","confidence":"C","status":"auto_unverified"}},{"type":"Feature","geometry":{"type":"Point","coordinates":[69.28855,41.30067]},"properties":{"id":"SEED001001","name":"Семейная Поликлиника №1 (филиал)","category":"medicine","source":"OSM","confidence":"C","status":"auto_unverified"}},{"type":"Feature","geometry":{"type":"Point","coordinates":[69.32234,41.33688]},"properties":{"id":"SEED001002","name":"Siz Ona Bo'lasiz","category":"medicine","source":"OSM","confidence":"C","status":"auto_unverified"}},{"type":"Feature","geometry":{"type":"Point","coordinates":[69.36887,41.34976]},"properties":{"id":"SEED001003","name":"МАТЬ И ДИТЯ","category":"medicine","source":"OSM","confidence":"C","status":"auto_unverified"}},{"type":"Feature","geometry":{"type":"Point","coordinates":[69.16187,41.31482]},"properties":{"id":"SEED001004","name":"Центр Мать и Дитя","category":"medicine","source":"OSM","confidence":"C","status":"auto_unverified"}},{"type":"Feature","geometry":{"type":"Point","coordinates":[69.22211,41.33099]},"properties":{"id":"SEED001005","name":"Филиал СП14","category":"medicine","source":"OSM","confidence":"C","status":"auto_unverified"}},{"type":"Feature","geometry":{"type":"Point","coordinates":[69.21907,41.32243]},"properties":{"id":"SEED001006","name":"Кобил хожи стом","category":"medicine","source":"OSM","confidence":"C","status":"auto_unverified"}},{"type":"Feature","geometry":{"type":"Point","coordinates":[69.22788,41.32768]},"properties":{"id":"SEED001007","name":"Шифо нур","category":"medicine","source":"OSM","confidence":"C","status":"auto_unverified"}},{"type":"Feature","geometry":{"type":"Point","coordinates":[69.23807,41.31113]},"properties":{"id":"SEED001008","name":"СП43 филиал","category":"medicine","source":"OSM","confidence":"C","status":"auto_unverified"}},{"type":"Feature","geometry":{"type":"Point","coordinates":[69.23293,41.31995]},"properties":{"id":"SEED001009","name":"Доктор Малик","category":"medicine","source":"OSM","confidence":"C","status":"auto_unverified"}},{"type":"Feature","geometry":{"type":"Point","coordinates":[69.10123,41.30957]},"properties":{"id":"SEED001010","name":"20 сон зангиота тумани оилавий поликлиникаси","category":"medicine","source":"OSM","confidence":"C","status":"auto_unverified"}},{"type":"Feature","geometry":{"type":"Point","coordinates":[69.12639,41.3038]},"properties":{"id":"SEED001011","name":"19 сон зангиота тумани оилавий поликлиника","category":"medicine","source":"OSM","confidence":"C","status":"auto_unverified"}},{"type":"Feature","geometry":{"type":"Point","coordinates":[69.2557,41.33748]},"properties":{"id":"SEED001012","name":"Ас-мед","category":"medicine","source":"OSM","confidence":"C","status":"auto_unverified"}},{"type":"Feature","geometry":{"type":"Point","coordinates":[69.21872,41.26627]},"properties":{"id":"SEED001013","name":"Частная клиника Кардиосервис","category":"medicine","source":"OSM","confidence":"C","status":"auto_unverified"}},{"type":"Feature","geometry":{"type":"Point","coordinates":[69.18974,41.26706]},"properties":{"id":"SEED001014","name":"Частная клиника Вита стимул","category":"medicine","source":"OSM","confidence":"C","status":"auto_unverified"}},{"type":"Feature","geometry":{"type":"Point","coordinates":[69.24889,41.30719]},"properties":{"id":"SEED001015","name":"36-chi sonli oilaviy poliklinika","category":"medicine","source":"OSM","confidence":"C","status":"auto_unverified"}},{"type":"Feature","geometry":{"type":"Point","coordinates":[69.26126,41.374]},"properties":{"id":"SEED001016","name":"АСАД КНР","category":"medicine","source":"OSM","confidence":"C","status":"auto_unverified"}},{"type":"Feature","geometry":{"type":"Point","coordinates":[69.09217,41.29412]},"properties":{"id":"SEED001017","name":"MCHJ \"ANVAR DENTAL STOM\"","category":"medicine","source":"OSM","confidence":"C","status":"auto_unverified"}},{"type":"Feature","geometry":{"type":"Point","coordinates":[69.27103,41.2953]},"properties":{"id":"SEED001018","name":"Клиника Красоты \"Бэль Эстетик\"","category":"medicine","source":"OSM","confidence":"C","status":"auto_unverified"}},{"type":"Feature","geometry":{"type":"Point","coordinates":[69.31841,41.31825]},"properties":{"id":"SEED001019","name":"Зубная фея","category":"medicine","source":"OSM","confidence":"C","status":"auto_unverified"}},{"type":"Feature","geometry":{"type":"Point","coordinates":[69.16518,41.31592]},"properties":{"id":"SEED001020","name":"Детская городская клиническая больница №3, бывшая \"Мать и дитя\"","category":"medicine","source":"OSM","confidence":"C","status":"auto_unverified"}},{"type":"Feature","geometry":{"type":"Point","coordinates":[69.2905,41.32884]},"properties":{"id":"SEED001021","name":"Доктор Асад Дент","category":"medicine","source":"OSM","confidence":"C","status":"auto_unverified"}},{"type":"Feature","geometry":{"type":"Point","coordinates":[69.25534,41.31611]},"properties":{"id":"SEED001022","name":"Ezgu Niyat","category":"medicine","source":"OSM","confidence":"C","status":"auto_unverified"}},{"type":"Feature","geometry":{"type":"Point","coordinates":[69.29817,41.36108]},"properties":{"id":"SEED001023","name":"Respublika Ixtisoslashtirilgan Nefrologiya va Transplantatsiya Ilmiy Amaliy Markazi","category":"medicine","source":"OSM","confidence":"C","status":"auto_unverified"}},{"type":"Feature","geometry":{"type":"Point","coordinates":[69.20866,41.34351]},"properties":{"id":"SEED001024","name":"Aesthetic centre","category":"medicine","source":"OSM","confidence":"C","status":"auto_unverified"}},{"type":"Feature","geometry":{"type":"Point","coordinates":[69.31848,41.38032]},"properties":{"id":"SEED001025","name":"NMS","category":"medicine","source":"OSM","confidence":"C","status":"auto_unverified"}},{"type":"Feature","geometry":{"type":"Point","coordinates":[69.32125,41.35272]},"properties":{"id":"SEED001026","name":"ЛОР","category":"medicine","source":"OSM","confidence":"C","status":"auto_unverified"}},{"type":"Feature","geometry":{"type":"Point","coordinates":[69.17471,41.3389]},"properties":{"id":"SEED001027","name":"Ибн Сино Дента Сервис","category":"medicine","source":"OSM","confidence":"C","status":"auto_unverified"}},{"type":"Feature","geometry":{"type":"Point","coordinates":[69.29675,41.36254]},"properties":{"id":"SEED001028","name":"Мед Лайн","category":"medicine","source":"OSM","confidence":"C","status":"auto_unverified"}},{"type":"Feature","geometry":{"type":"Point","coordinates":[69.24872,41.28152]},"properties":{"id":"SEED001029","name":"Узок Умр","category":"medicine","source":"OSM","confidence":"C","status":"auto_unverified"}},{"type":"Feature","geometry":{"type":"Point","coordinates":[69.24937,41.28112]},"properties":{"id":"SEED001030","name":"1-Детская стоматологическая поликлиника","category":"medicine","source":"OSM","confidence":"C","status":"auto_unverified"}},{"type":"Feature","geometry":{"type":"Point","coordinates":[69.20378,41.34655]},"properties":{"id":"SEED001031","name":"Хатна маркази","category":"medicine","source":"OSM","confidence":"C","status":"auto_unverified"}},{"type":"Feature","geometry":{"type":"Point","coordinates":[69.20356,41.34663]},"properties":{"id":"SEED001032","name":"ООО \"Мижоз\"","category":"medicine","source":"OSM","confidence":"C","status":"auto_unverified"}},{"type":"Feature","geometry":{"type":"Point","coordinates":[69.32307,41.32457]},"properties":{"id":"SEED001033","name":"Sadaf","category":"medicine","source":"OSM","confidence":"C","status":"auto_unverified"}},{"type":"Feature","geometry":{"type":"Point","coordinates":[69.29538,41.31902]},"properties":{"id":"SEED001034","name":"Медицинский центр \"Status+ Medical\"","category":"medicine","source":"OSM","confidence":"C","status":"auto_unverified"}},{"type":"Feature","geometry":{"type":"Point","coordinates":[69.24759,41.32398]},"properties":{"id":"SEED001035","name":"Мед Осмотр","category":"medicine","source":"OSM","confidence":"C","status":"auto_unverified"}},{"type":"Feature","geometry":{"type":"Point","coordinates":[69.24697,41.32667]},"properties":{"id":"SEED001036","name":"Dent Land","category":"medicine","source":"OSM","confidence":"C","status":"auto_unverified"}},{"type":"Feature","geometry":{"type":"Point","coordinates":[69.2741,41.32173]},"properties":{"id":"SEED001037","name":"Da Vinci","category":"medicine","source":"OSM","confidence":"C","status":"auto_unverified"}},{"type":"Feature","geometry":{"type":"Point","coordinates":[69.31362,41.37727]},"properties":{"id":"SEED001038","name":"\"Baxtli hayot\" tibbiyot markazi","category":"medicine","source":"OSM","confidence":"C","status":"auto_unverified"}},{"type":"Feature","geometry":{"type":"Point","coordinates":[69.28912,41.30362]},"properties":{"id":"SEED001039","name":"Клиники24","category":"medicine","source":"OSM","confidence":"C","status":"auto_unverified"}},{"type":"Feature","geometry":{"type":"Point","coordinates":[69.45523,41.38564]},"properties":{"id":"SEED001040","name":"JURAMED","category":"medicine","source":"OSM","confidence":"C","status":"auto_unverified"}},{"type":"Feature","geometry":{"type":"Point","coordinates":[69.3334,41.21098]},"properties":{"id":"SEED001041","name":"Stomatologiya","category":"medicine","source":"OSM","confidence":"C","status":"auto_unverified"}},{"type":"Feature","geometry":{"type":"Point","coordinates":[69.20917,41.28026]},"properties":{"id":"SEED001042","name":"O'zbekiston Qizil Yarim Oy Jamiyati","category":"medicine","source":"OSM","confidence":"C","status":"auto_unverified"}},{"type":"Feature","geometry":{"type":"Point","coordinates":[69.28331,41.36838]},"properties":{"id":"SEED001043","name":"Стоматология","category":"medicine","source":"OSM","confidence":"C","status":"auto_unverified"}},{"type":"Feature","geometry":{"type":"Point","coordinates":[69.25517,41.33719]},"properties":{"id":"SEED001044","name":"Офтоб медлайн","category":"medicine","source":"OSM","confidence":"C","status":"auto_unverified"}},{"type":"Feature","geometry":{"type":"Point","coordinates":[69.19712,41.30433]},"properties":{"id":"SEED001045","name":"Институт Пульмонологии","category":"medicine","source":"OSM","confidence":"C","status":"auto_unverified"}},{"type":"Feature","geometry":{"type":"Point","coordinates":[69.2066,41.3622]},"properties":{"id":"SEED001046","name":"ГОСПИТАЛЬ МВД ПСИХОСОМАТИКА","category":"medicine","source":"OSM","confidence":"C","status":"auto_unverified"}},{"type":"Feature","geometry":{"type":"Point","coordinates":[69.36757,41.34771]},"properties":{"id":"SEED001047","name":"Клиника доктора Максудовой","category":"medicine","source":"OSM","confidence":"C","status":"auto_unverified"}},{"type":"Feature","geometry":{"type":"Point","coordinates":[69.21179,41.27033]},"properties":{"id":"SEED001048","name":"Поликлиника №33","category":"medicine","source":"OSM","confidence":"C","status":"auto_unverified"}},{"type":"Feature","geometry":{"type":"Point","coordinates":[69.29999,41.36563]},"properties":{"id":"SEED001049","name":"Стоматология \"Zeta dent\"","category":"medicine","source":"OSM","confidence":"C","status":"auto_unverified"}},{"type":"Feature","geometry":{"type":"Point","coordinates":[69.33136,41.31373]},"properties":{"id":"SEED001050","name":"Центр простатологии - Урология","category":"medicine","source":"OSM","confidence":"C","status":"auto_unverified"}},{"type":"Feature","geometry":{"type":"Point","coordinates":[69.21919,41.27759]},"properties":{"id":"SEED001051","name":"Perfect Face","category":"medicine","source":"OSM","confidence":"C","status":"auto_unverified"}},{"type":"Feature","geometry":{"type":"Point","coordinates":[69.36737,41.36049]},"properties":{"id":"SEED001052","name":"Фахриддин ака Травматолог","category":"medicine","source":"OSM","confidence":"C","status":"auto_unverified"}},{"type":"Feature","geometry":{"type":"Point","coordinates":[69.19376,41.17542]},"properties":{"id":"SEED001053","name":"Специальная инфекционная больница COVID-19","category":"medicine","source":"OSM","confidence":"C","status":"auto_unverified"}},{"type":"Feature","geometry":{"type":"Point","coordinates":[69.2363,41.31703]},"properties":{"id":"SEED001054","name":"Анколайф","category":"medicine","source":"OSM","confidence":"C","status":"auto_unverified"}},{"type":"Feature","geometry":{"type":"Point","coordinates":[69.34839,41.28793]},"properties":{"id":"SEED001055","name":"MegaDent","category":"medicine","source":"OSM","confidence":"C","status":"auto_unverified"}},{"type":"Feature","geometry":{"type":"Point","coordinates":[69.34693,41.28942]},"properties":{"id":"SEED001056","name":"Рентген","category":"medicine","source":"OSM","confidence":"C","status":"auto_unverified"}},{"type":"Feature","geometry":{"type":"Point","coordinates":[69.34639,41.28899]},"properties":{"id":"SEED001057","name":"Хижома Шифо","category":"medicine","source":"OSM","confidence":"C","status":"auto_unverified"}},{"type":"Feature","geometry":{"type":"Point","coordinates":[69.34629,41.28896]},"properties":{"id":"SEED001058","name":"Медлайн","category":"medicine","source":"OSM","confidence":"C","status":"auto_unverified"}},{"type":"Feature","geometry":{"type":"Point","coordinates":[69.35342,41.28861]},"properties":{"id":"SEED001059","name":"ЛОР Norbutayev","category":"medicine","source":"OSM","confidence":"C","status":"auto_unverified"}},{"type":"Feature","geometry":{"type":"Point","coordinates":[69.35374,41.28867]},"properties":{"id":"SEED001060","name":"ЛОР и УЗИ","category":"medicine","source":"OSM","confidence":"C","status":"auto_unverified"}},{"type":"Feature","geometry":{"type":"Point","coordinates":[69.35395,41.2887]},"properties":{"id":"SEED001061","name":"Детская ортопедическая обувь","category":"medicine","source":"OSM","confidence":"C","status":"auto_unverified"}},{"type":"Feature","geometry":{"type":"Point","coordinates":[69.35532,41.28938]},"properties":{"id":"SEED001062","name":"УЗИ","category":"medicine","source":"OSM","confidence":"C","status":"auto_unverified"}},{"type":"Feature","geometry":{"type":"Point","coordinates":[69.35687,41.29023]},"properties":{"id":"SEED001063","name":"Hospital Doctors","category":"medicine","source":"OSM","confidence":"C","status":"auto_unverified"}},{"type":"Feature","geometry":{"type":"Point","coordinates":[69.09995,41.3071]},"properties":{"id":"SEED001064","name":"Мини поликлиника (магазин)","category":"medicine","source":"OSM","confidence":"C","status":"auto_unverified"}},{"type":"Feature","geometry":{"type":"Point","coordinates":[69.28641,41.36855]},"properties":{"id":"SEED001065","name":"ЛОР 24\/7","category":"medicine","source":"OSM","confidence":"C","status":"auto_unverified"}},{"type":"Feature","geometry":{"type":"Point","coordinates":[69.3532,41.38224]},"properties":{"id":"SEED001066","name":"Фарход лор","category":"medicine","source":"OSM","confidence":"C","status":"auto_unverified"}},{"type":"Feature","geometry":{"type":"Point","coordinates":[69.35441,41.382]},"properties":{"id":"SEED001067","name":"Nigora Shifo maskani","category":"medicine","source":"OSM","confidence":"C","status":"auto_unverified"}},{"type":"Feature","geometry":{"type":"Point","coordinates":[69.28579,41.33859]},"properties":{"id":"SEED001068","name":"Sirius dent","category":"medicine","source":"OSM","confidence":"C","status":"auto_unverified"}},{"type":"Feature","geometry":{"type":"Point","coordinates":[69.17115,41.34855]},"properties":{"id":"SEED001069","name":"Invivo clinic","category":"medicine","source":"OSM","confidence":"C","status":"auto_unverified"}},{"type":"Feature","geometry":{"type":"Point","coordinates":[69.22584,41.36091]},"properties":{"id":"SEED001070","name":"Said farm service","category":"medicine","source":"OSM","confidence":"C","status":"auto_unverified"}},{"type":"Feature","geometry":{"type":"Point","coordinates":[69.34269,41.32012]},"properties":{"id":"SEED001071","name":"Сифат Медицинский центр","category":"medicine","source":"OSM","confidence":"C","status":"auto_unverified"}},{"type":"Feature","geometry":{"type":"Point","coordinates":[69.29153,41.32243]},"properties":{"id":"SEED001072","name":"Центр медицинской реабилитации \"Прогноз\"","category":"medicine","source":"OSM","confidence":"C","status":"auto_unverified"}},{"type":"Feature","geometry":{"type":"Point","coordinates":[69.28529,41.31779]},"properties":{"id":"SEED001073","name":"COVID Test Centre","category":"medicine","source":"OSM","confidence":"C","status":"auto_unverified"}},{"type":"Feature","geometry":{"type":"Point","coordinates":[69.28441,41.36812]},"properties":{"id":"SEED001074","name":"Стомотолог","category":"medicine","source":"OSM","confidence":"C","status":"auto_unverified"}},{"type":"Feature","geometry":{"type":"Point","coordinates":[69.25793,41.32033]},"properties":{"id":"SEED001075","name":"Levelmed","category":"medicine","source":"OSM","confidence":"C","status":"auto_unverified"}},{"type":"Feature","geometry":{"type":"Point","coordinates":[69.23988,41.32415]},"properties":{"id":"SEED001076","name":"Маш Табиб","category":"medicine","source":"OSM","confidence":"C","status":"auto_unverified"}},{"type":"Feature","geometry":{"type":"Point","coordinates":[69.2706,41.30591]},"properties":{"id":"SEED001077","name":"Хиён хонеш","category":"medicine","source":"OSM","confidence":"C","status":"auto_unverified"}},{"type":"Feature","geometry":{"type":"Point","coordinates":[69.30032,41.3241]},"properties":{"id":"SEED001078","name":"Республиканский кардиологический центр","category":"medicine","source":"OSM","confidence":"C","status":"auto_unverified"}},{"type":"Feature","geometry":{"type":"Point","coordinates":[69.22493,41.36122]},"properties":{"id":"SEED001079","name":"Клиника ДАВОМЕД","category":"medicine","source":"OSM","confidence":"C","status":"auto_unverified"}},{"type":"Feature","geometry":{"type":"Point","coordinates":[69.2979,41.36064]},"properties":{"id":"SEED001080","name":"Отделение недоношенных детей","category":"medicine","source":"OSM","confidence":"C","status":"auto_unverified"}},{"type":"Feature","geometry":{"type":"Point","coordinates":[69.36055,41.32098]},"properties":{"id":"SEED001081","name":"Филиал Семейная поликлиника 8","category":"medicine","source":"OSM","confidence":"C","status":"auto_unverified"}},{"type":"Feature","geometry":{"type":"Point","coordinates":[69.26955,41.36715]},"properties":{"id":"SEED001082","name":"Центр Понсети","category":"medicine","source":"OSM","confidence":"C","status":"auto_unverified"}},{"type":"Feature","geometry":{"type":"Point","coordinates":[69.35509,41.32076]},"properties":{"id":"SEED001083","name":"Dr.Tahirov Dental Clinic","category":"medicine","source":"OSM","confidence":"C","status":"auto_unverified"}},{"type":"Feature","geometry":{"type":"Point","coordinates":[69.17894,41.35032]},"properties":{"id":"SEED001084","name":"Hippocrates Hospital","category":"medicine","source":"OSM","confidence":"C","status":"auto_unverified"}},{"type":"Feature","geometry":{"type":"Point","coordinates":[69.22931,41.30637]},"properties":{"id":"SEED001085","name":"Stomotalogiya","category":"medicine","source":"OSM","confidence":"C","status":"auto_unverified"}},{"type":"Feature","geometry":{"type":"Point","coordinates":[69.38624,41.35177]},"properties":{"id":"SEED001086","name":"Кардиолайф","category":"medicine","source":"OSM","confidence":"C","status":"auto_unverified"}},{"type":"Feature","geometry":{"type":"Point","coordinates":[69.35722,41.35493]},"properties":{"id":"SEED001087","name":"Swiss lab","category":"medicine","source":"OSM","confidence":"C","status":"auto_unverified"}},{"type":"Feature","geometry":{"type":"Point","coordinates":[69.35714,41.35487]},"properties":{"id":"SEED001088","name":"Ecomed","category":"medicine","source":"OSM","confidence":"C","status":"auto_unverified"}},{"type":"Feature","geometry":{"type":"Point","coordinates":[69.35623,41.35403]},"properties":{"id":"SEED001089","name":"XDent","category":"medicine","source":"OSM","confidence":"C","status":"auto_unverified"}},{"type":"Feature","geometry":{"type":"Point","coordinates":[69.21408,41.38243]},"properties":{"id":"SEED001090","name":"35 дом","category":"medicine","source":"OSM","confidence":"C","status":"auto_unverified"}},{"type":"Feature","geometry":{"type":"Point","coordinates":[69.20092,41.36072]},"properties":{"id":"SEED001091","name":"НИМ Педиатрии","category":"medicine","source":"OSM","confidence":"C","status":"auto_unverified"}},{"type":"Feature","geometry":{"type":"Point","coordinates":[69.21328,41.35118]},"properties":{"id":"SEED001092","name":"Клиника Здоровые дети","category":"medicine","source":"OSM","confidence":"C","status":"auto_unverified"}},{"type":"Feature","geometry":{"type":"Point","coordinates":[69.25503,41.34018]},"properties":{"id":"SEED001093","name":"Zaytun Med Tib","category":"medicine","source":"OSM","confidence":"C","status":"auto_unverified"}},{"type":"Feature","geometry":{"type":"Point","coordinates":[69.2073,41.28572]},"properties":{"id":"SEED001094","name":"Stomatolog тис докторы","category":"medicine","source":"OSM","confidence":"C","status":"auto_unverified"}},{"type":"Feature","geometry":{"type":"Point","coordinates":[69.20622,41.28644]},"properties":{"id":"SEED001095","name":"Alisher stom","category":"medicine","source":"OSM","confidence":"C","status":"auto_unverified"}},{"type":"Feature","geometry":{"type":"Point","coordinates":[69.28416,41.3022]},"properties":{"id":"SEED001096","name":"Приёмный покой","category":"medicine","source":"OSM","confidence":"C","status":"auto_unverified"}},{"type":"Feature","geometry":{"type":"Point","coordinates":[69.45903,41.38851]},"properties":{"id":"SEED001097","name":"Vita Alliance Hospital","category":"medicine","source":"OSM","confidence":"C","status":"auto_unverified"}},{"type":"Feature","geometry":{"type":"Point","coordinates":[69.14944,41.25529]},"properties":{"id":"SEED001098","name":"Markaziy Laboratoriya","category":"medicine","source":"OSM","confidence":"C","status":"auto_unverified"}},{"type":"Feature","geometry":{"type":"Point","coordinates":[69.31625,41.32145]},"properties":{"id":"SEED001099","name":"New Way","category":"medicine","source":"OSM","confidence":"C","status":"auto_unverified"}},{"type":"Feature","geometry":{"type":"Point","coordinates":[69.27005,41.28832]},"properties":{"id":"SEED001100","name":"Бутик Косметологи \"Бэль Эстетик\"","category":"medicine","source":"OSM","confidence":"C","status":"auto_unverified"}},{"type":"Feature","geometry":{"type":"Point","coordinates":[69.21654,41.35381]},"properties":{"id":"SEED001101","name":"Диалаб медицинский диагностический центр","category":"medicine","source":"OSM","confidence":"C","status":"auto_unverified"}},{"type":"Feature","geometry":{"type":"Point","coordinates":[69.26399,41.32085]},"properties":{"id":"SEED001102","name":"Eurosun Healthcare","category":"medicine","source":"OSM","confidence":"C","status":"auto_unverified"}},{"type":"Feature","geometry":{"type":"Point","coordinates":[69.35641,41.35415]},"properties":{"id":"SEED001103","name":"Labnet","category":"medicine","source":"OSM","confidence":"C","status":"auto_unverified"}},{"type":"Feature","geometry":{"type":"Point","coordinates":[69.27368,41.3121]},"properties":{"id":"SEED001104","name":"Labnet","category":"medicine","source":"OSM","confidence":"C","status":"auto_unverified"}},{"type":"Feature","geometry":{"type":"Point","coordinates":[69.33095,41.24118]},"properties":{"id":"SEED001105","name":"Labnet","category":"medicine","source":"OSM","confidence":"C","status":"auto_unverified"}},{"type":"Feature","geometry":{"type":"Point","coordinates":[69.33111,41.24163]},"properties":{"id":"SEED001106","name":"Labnet","category":"medicine","source":"OSM","confidence":"C","status":"auto_unverified"}},{"type":"Feature","geometry":{"type":"Point","coordinates":[69.37328,41.28097]},"properties":{"id":"SEED001107","name":"Labnet","category":"medicine","source":"OSM","confidence":"C","status":"auto_unverified"}},{"type":"Feature","geometry":{"type":"Point","coordinates":[69.36434,41.33153]},"properties":{"id":"SEED001108","name":"Labnet","category":"medicine","source":"OSM","confidence":"C","status":"auto_unverified"}},{"type":"Feature","geometry":{"type":"Point","coordinates":[69.21235,41.19912]},"properties":{"id":"SEED001109","name":"Labnet","category":"medicine","source":"OSM","confidence":"C","status":"auto_unverified"}},{"type":"Feature","geometry":{"type":"Point","coordinates":[69.26182,41.29174]},"properties":{"id":"SEED001110","name":"Labnet","category":"medicine","source":"OSM","confidence":"C","status":"auto_unverified"}},{"type":"Feature","geometry":{"type":"Point","coordinates":[69.34406,41.3448]},"properties":{"id":"SEED001111","name":"Labnet","category":"medicine","source":"OSM","confidence":"C","status":"auto_unverified"}},{"type":"Feature","geometry":{"type":"Point","coordinates":[69.32614,41.32271]},"properties":{"id":"SEED001112","name":"Labnet","category":"medicine","source":"OSM","confidence":"C","status":"auto_unverified"}},{"type":"Feature","geometry":{"type":"Point","coordinates":[69.17783,41.35613]},"properties":{"id":"SEED001113","name":"Z Hospital","category":"medicine","source":"OSM","confidence":"C","status":"auto_unverified"}},{"type":"Feature","geometry":{"type":"Point","coordinates":[69.18848,41.36277]},"properties":{"id":"SEED001114","name":"Fresh Smile","category":"medicine","source":"OSM","confidence":"C","status":"auto_unverified"}},{"type":"Feature","geometry":{"type":"Point","coordinates":[69.17311,41.3485]},"properties":{"id":"SEED001115","name":"Medilux medical","category":"medicine","source":"OSM","confidence":"C","status":"auto_unverified"}},{"type":"Feature","geometry":{"type":"Point","coordinates":[69.17666,41.35953]},"properties":{"id":"SEED001116","name":"Z Hospital","category":"medicine","source":"OSM","confidence":"C","status":"auto_unverified"}},{"type":"Feature","geometry":{"type":"Point","coordinates":[69.1763,41.35565]},"properties":{"id":"SEED001117","name":"Республиканский специализированный научно-практичный медицинский центр урологии","category":"medicine","source":"OSM","confidence":"C","status":"auto_unverified"}},{"type":"Feature","geometry":{"type":"Point","coordinates":[69.21146,41.36319]},"properties":{"id":"SEED001118","name":"Davlat xavfsizlik xizmati markaziy harbiy gospitali","category":"medicine","source":"OSM","confidence":"C","status":"auto_unverified"}},{"type":"Feature","geometry":{"type":"Point","coordinates":[69.21547,41.37076]},"properties":{"id":"SEED001119","name":"Surunkali Somatik kasalliklar","category":"medicine","source":"OSM","confidence":"C","status":"auto_unverified"}},{"type":"Feature","geometry":{"type":"Point","coordinates":[69.26012,41.34279]},"properties":{"id":"SEED001120","name":"Поликлиника","category":"medicine","source":"OSM","confidence":"C","status":"auto_unverified"}},{"type":"Feature","geometry":{"type":"Point","coordinates":[69.25707,41.34105]},"properties":{"id":"SEED001121","name":"Doctor D","category":"medicine","source":"OSM","confidence":"C","status":"auto_unverified"}},{"type":"Feature","geometry":{"type":"Point","coordinates":[69.2426,41.33866]},"properties":{"id":"SEED001122","name":"19-chi sonli oilaviy poliklinika","category":"medicine","source":"OSM","confidence":"C","status":"auto_unverified"}},{"type":"Feature","geometry":{"type":"Point","coordinates":[69.27392,41.29527]},"properties":{"id":"SEED001123","name":"Smalto","category":"medicine","source":"OSM","confidence":"C","status":"auto_unverified"}},{"type":"Feature","geometry":{"type":"Point","coordinates":[69.23307,41.32991]},"properties":{"id":"SEED001124","name":"Fayz Baraka Dental Service","category":"medicine","source":"OSM","confidence":"C","status":"auto_unverified"}},{"type":"Feature","geometry":{"type":"Point","coordinates":[69.2883,41.30327]},"properties":{"id":"SEED001125","name":"Labnet","category":"medicine","source":"OSM","confidence":"C","status":"auto_unverified"}},{"type":"Feature","geometry":{"type":"Point","coordinates":[69.18721,41.28709]},"properties":{"id":"SEED001126","name":"Labnet","category":"medicine","source":"OSM","confidence":"C","status":"auto_unverified"}},{"type":"Feature","geometry":{"type":"Point","coordinates":[69.25036,41.29415]},"properties":{"id":"SEED001127","name":"Sergo Dental","category":"medicine","source":"OSM","confidence":"C","status":"auto_unverified"}},{"type":"Feature","geometry":{"type":"Point","coordinates":[69.21515,41.36271]},"properties":{"id":"SEED001128","name":"Alliance Medical Clinic","category":"medicine","source":"OSM","confidence":"C","status":"auto_unverified"}},{"type":"Feature","geometry":{"type":"Point","coordinates":[69.21514,41.36261]},"properties":{"id":"SEED001129","name":"Omina Stom","category":"medicine","source":"OSM","confidence":"C","status":"auto_unverified"}},{"type":"Feature","geometry":{"type":"Point","coordinates":[69.25667,41.28765]},"properties":{"id":"SEED001130","name":"Beauty therapy clinic","category":"medicine","source":"OSM","confidence":"C","status":"auto_unverified"}},{"type":"Feature","geometry":{"type":"Point","coordinates":[69.25292,41.28614]},"properties":{"id":"SEED001131","name":"Sadaf","category":"medicine","source":"OSM","confidence":"C","status":"auto_unverified"}},{"type":"Feature","geometry":{"type":"Point","coordinates":[69.22717,41.35718]},"properties":{"id":"SEED001132","name":"Sebzor-Med Davo","category":"medicine","source":"OSM","confidence":"C","status":"auto_unverified"}},{"type":"Feature","geometry":{"type":"Point","coordinates":[69.31835,41.31931]},"properties":{"id":"SEED001133","name":"Dignus clinic","category":"medicine","source":"OSM","confidence":"C","status":"auto_unverified"}},{"type":"Feature","geometry":{"type":"Point","coordinates":[69.24913,41.30681]},"properties":{"id":"SEED001134","name":"5-chi sonli shahar yuqumli kasalliklar shifoxonasi","category":"medicine","source":"OSM","confidence":"C","status":"auto_unverified"}},{"type":"Feature","geometry":{"type":"Point","coordinates":[69.24799,41.30419]},"properties":{"id":"SEED001135","name":"Denta Service","category":"medicine","source":"OSM","confidence":"C","status":"auto_unverified"}},{"type":"Feature","geometry":{"type":"Point","coordinates":[69.20052,41.29942]},"properties":{"id":"SEED001136","name":"Nur Med","category":"medicine","source":"OSM","confidence":"C","status":"auto_unverified"}},{"type":"Feature","geometry":{"type":"Point","coordinates":[69.2077,41.25884]},"properties":{"id":"SEED001137","name":"Cardio Star Plus","category":"medicine","source":"OSM","confidence":"C","status":"auto_unverified"}},{"type":"Feature","geometry":{"type":"Point","coordinates":[69.32234,41.3049]},"properties":{"id":"SEED001138","name":"LORMAMA","category":"medicine","source":"OSM","confidence":"C","status":"auto_unverified"}},{"type":"Feature","geometry":{"type":"Point","coordinates":[69.33071,41.31235]},"properties":{"id":"SEED001139","name":"Zo'r Lor","category":"medicine","source":"OSM","confidence":"C","status":"auto_unverified"}},{"type":"Feature","geometry":{"type":"Point","coordinates":[69.21281,41.26563]},"properties":{"id":"SEED001140","name":"Respublika ayollarni reabilitatsiya qilish va moslashtirish markazi","category":"medicine","source":"OSM","confidence":"C","status":"auto_unverified"}},{"type":"Feature","geometry":{"type":"Point","coordinates":[69.21049,41.2684]},"properties":{"id":"SEED001141","name":"Doctor Nodirabegim","category":"medicine","source":"OSM","confidence":"C","status":"auto_unverified"}},{"type":"Feature","geometry":{"type":"Point","coordinates":[69.21019,41.26796]},"properties":{"id":"SEED001142","name":"Feniks","category":"medicine","source":"OSM","confidence":"C","status":"auto_unverified"}},{"type":"Feature","geometry":{"type":"Point","coordinates":[69.18918,41.29802]},"properties":{"id":"SEED001143","name":"Labnet","category":"medicine","source":"OSM","confidence":"C","status":"auto_unverified"}},{"type":"Feature","geometry":{"type":"Point","coordinates":[69.18875,41.34964]},"properties":{"id":"SEED001144","name":"Citymed Turk EKU Markazi","category":"medicine","source":"OSM","confidence":"C","status":"auto_unverified"}},{"type":"Feature","geometry":{"type":"Point","coordinates":[69.2454,41.30695]},"properties":{"id":"SEED001145","name":"Atria","category":"medicine","source":"OSM","confidence":"C","status":"auto_unverified"}},{"type":"Feature","geometry":{"type":"Point","coordinates":[69.2147,41.27532]},"properties":{"id":"SEED001146","name":"Dear Doctor","category":"medicine","source":"OSM","confidence":"C","status":"auto_unverified"}},{"type":"Feature","geometry":{"type":"Point","coordinates":[69.27405,41.32553]},"properties":{"id":"SEED001147","name":"Metalon dental","category":"medicine","source":"OSM","confidence":"C","status":"auto_unverified"}},{"type":"Feature","geometry":{"type":"Point","coordinates":[69.26331,41.34316]},"properties":{"id":"SEED001148","name":"Doctor-M","category":"medicine","source":"OSM","confidence":"C","status":"auto_unverified"}},{"type":"Feature","geometry":{"type":"Point","coordinates":[69.26285,41.34348]},"properties":{"id":"SEED001149","name":"President Medical","category":"medicine","source":"OSM","confidence":"C","status":"auto_unverified"}},{"type":"Feature","geometry":{"type":"Point","coordinates":[69.29087,41.35086]},"properties":{"id":"SEED001150","name":"Лаборатория ИнтерМед Частная клиника","category":"medicine","source":"OSM","confidence":"C","status":"auto_unverified"}},{"type":"Feature","geometry":{"type":"Point","coordinates":[69.27601,41.30157]},"properties":{"id":"SEED001151","name":"Контактные линзы","category":"medicine","source":"OSM","confidence":"C","status":"auto_unverified"}},{"type":"Feature","geometry":{"type":"Point","coordinates":[69.29055,41.31737]},"properties":{"id":"SEED001152","name":"Контактные линзы","category":"medicine","source":"OSM","confidence":"C","status":"auto_unverified"}},{"type":"Feature","geometry":{"type":"Point","coordinates":[69.17879,41.35305]},"properties":{"id":"SEED001153","name":"Клиника современной флебологии Phlebolife","category":"medicine","source":"OSM","confidence":"C","status":"auto_unverified"}},{"type":"Feature","geometry":{"type":"Point","coordinates":[69.18986,41.26526]},"properties":{"id":"SEED001154","name":"Yashfina","category":"medicine","source":"OSM","confidence":"C","status":"auto_unverified"}},{"type":"Feature","geometry":{"type":"Point","coordinates":[69.25425,41.32372]},"properties":{"id":"SEED001155","name":"S-Stom","category":"medicine","source":"OSM","confidence":"C","status":"auto_unverified"}},{"type":"Feature","geometry":{"type":"Point","coordinates":[69.25414,41.32291]},"properties":{"id":"SEED001156","name":"Ultradent","category":"medicine","source":"OSM","confidence":"C","status":"auto_unverified"}},{"type":"Feature","geometry":{"type":"Point","coordinates":[69.25379,41.32318]},"properties":{"id":"SEED001157","name":"4-chi sonli stomatologiya poliklinikasi","category":"medicine","source":"OSM","confidence":"C","status":"auto_unverified"}},{"type":"Feature","geometry":{"type":"Point","coordinates":[69.24925,41.32664]},"properties":{"id":"SEED001158","name":"Medion Innovation","category":"medicine","source":"OSM","confidence":"C","status":"auto_unverified"}},{"type":"Feature","geometry":{"type":"Point","coordinates":[69.2523,41.30023]},"properties":{"id":"SEED001159","name":"Phlebo Service","category":"medicine","source":"OSM+clinics.uz","confidence":"C","status":"auto_unverified"}},{"type":"Feature","geometry":{"type":"Point","coordinates":[69.22906,41.33332]},"properties":{"id":"SEED001160","name":"Logo bilim","category":"medicine","source":"OSM","confidence":"C","status":"auto_unverified"}},{"type":"Feature","geometry":{"type":"Point","coordinates":[69.29114,41.30962]},"properties":{"id":"SEED001161","name":"Dr. Vaisov","category":"medicine","source":"OSM","confidence":"C","status":"auto_unverified"}},{"type":"Feature","geometry":{"type":"Point","coordinates":[69.24498,41.30751]},"properties":{"id":"SEED001162","name":"ShokhDentist","category":"medicine","source":"OSM","confidence":"C","status":"auto_unverified"}},{"type":"Feature","geometry":{"type":"Point","coordinates":[69.31871,41.34978]},"properties":{"id":"SEED001163","name":"Логопеды Узбекистана","category":"medicine","source":"OSM","confidence":"C","status":"auto_unverified"}},{"type":"Feature","geometry":{"type":"Point","coordinates":[69.28777,41.36268]},"properties":{"id":"SEED001164","name":"Личный доктор","category":"medicine","source":"OSM","confidence":"C","status":"auto_unverified"}},{"type":"Feature","geometry":{"type":"Point","coordinates":[69.34315,41.29925]},"properties":{"id":"SEED001165","name":"Stomatologiya","category":"medicine","source":"OSM","confidence":"C","status":"auto_unverified"}},{"type":"Feature","geometry":{"type":"Point","coordinates":[69.23123,41.26161]},"properties":{"id":"SEED001166","name":"Pro Dental Clinic","category":"medicine","source":"OSM","confidence":"C","status":"auto_unverified"}},{"type":"Feature","geometry":{"type":"Point","coordinates":[69.19011,41.33782]},"properties":{"id":"SEED001167","name":"Клиника доктор Хасан","category":"medicine","source":"OSM","confidence":"C","status":"auto_unverified"}},{"type":"Feature","geometry":{"type":"Point","coordinates":[69.22011,41.37965]},"properties":{"id":"SEED001168","name":"21-oilaviy poliklinika","category":"medicine","source":"OSM","confidence":"C","status":"auto_unverified"}},{"type":"Feature","geometry":{"type":"Point","coordinates":[69.29214,41.31947]},"properties":{"id":"SEED001169","name":"Клиника доктора Максудовой","category":"medicine","source":"OSM","confidence":"C","status":"auto_unverified"}},{"type":"Feature","geometry":{"type":"Point","coordinates":[69.32304,41.32454]},"properties":{"id":"SEED001170","name":"Kan Dental Clinic","category":"medicine","source":"OSM","confidence":"C","status":"auto_unverified"}},{"type":"Feature","geometry":{"type":"Point","coordinates":[69.28968,41.35869]},"properties":{"id":"SEED001171","name":"SHOX MED Педиатрия","category":"medicine","source":"OSM","confidence":"C","status":"auto_unverified"}},{"type":"Feature","geometry":{"type":"Point","coordinates":[69.32674,41.31523]},"properties":{"id":"SEED001172","name":"Vis Med","category":"medicine","source":"OSM","confidence":"C","status":"auto_unverified"}},{"type":"Feature","geometry":{"type":"Point","coordinates":[69.33898,41.34273]},"properties":{"id":"SEED001173","name":"You Dent - Dental Clinic","category":"medicine","source":"OSM","confidence":"C","status":"auto_unverified"}},{"type":"Feature","geometry":{"type":"Point","coordinates":[69.36868,41.24943]},"properties":{"id":"SEED001174","name":"Hi Tech Lab","category":"medicine","source":"OSM","confidence":"C","status":"auto_unverified"}},{"type":"Feature","geometry":{"type":"Point","coordinates":[69.29517,41.30633]},"properties":{"id":"SEED001175","name":"Soriz","category":"medicine","source":"OSM","confidence":"C","status":"auto_unverified"}},{"type":"Feature","geometry":{"type":"Point","coordinates":[69.27287,41.28691]},"properties":{"id":"SEED001176","name":"Lor Plus Service","category":"medicine","source":"OSM","confidence":"C","status":"auto_unverified"}},{"type":"Feature","geometry":{"type":"Point","coordinates":[69.29368,41.37199]},"properties":{"id":"SEED001177","name":"Neuro cardio medic","category":"medicine","source":"OSM","confidence":"C","status":"auto_unverified"}},{"type":"Feature","geometry":{"type":"Point","coordinates":[69.21638,41.3218]},"properties":{"id":"SEED001178","name":"Genotexnologiya","category":"medicine","source":"OSM","confidence":"C","status":"auto_unverified"}},{"type":"Feature","geometry":{"type":"Point","coordinates":[69.29038,41.30418]},"properties":{"id":"SEED001179","name":"Станция неотложной помощи 103","category":"medicine","source":"OSM","confidence":"C","status":"auto_unverified"}},{"type":"Feature","geometry":{"type":"Point","coordinates":[69.2048,41.29685]},"properties":{"id":"SEED001180","name":"Ud-audifon (chilonzor)","category":"medicine","source":"OSM","confidence":"C","status":"auto_unverified"}},{"type":"Feature","geometry":{"type":"Point","coordinates":[69.25003,41.29407]},"properties":{"id":"SEED001181","name":"EBM Clinic","category":"medicine","source":"OSM","confidence":"C","status":"auto_unverified"}},{"type":"Feature","geometry":{"type":"Point","coordinates":[69.30185,41.31829]},"properties":{"id":"SEED001182","name":"Израильский медицинский центр репродуктивной медицины и семейного здоровья","category":"medicine","source":"OSM","confidence":"C","status":"auto_unverified"}},{"type":"Feature","geometry":{"type":"Point","coordinates":[69.32266,41.31569]},"properties":{"id":"SEED001183","name":"32 Carats","category":"medicine","source":"OSM","confidence":"C","status":"auto_unverified"}},{"type":"Feature","geometry":{"type":"Point","coordinates":[69.19523,41.27667]},"properties":{"id":"SEED001184","name":"Dental Clinic \"Tooth Art\"","category":"medicine","source":"OSM","confidence":"C","status":"auto_unverified"}},{"type":"Feature","geometry":{"type":"Point","coordinates":[69.23489,41.30455]},"properties":{"id":"SEED001185","name":"Центр вакцинации и медицины Азбука здоровья","category":"medicine","source":"OSM","confidence":"C","status":"auto_unverified"}},{"type":"Feature","geometry":{"type":"Point","coordinates":[69.19336,41.32643]},"properties":{"id":"SEED001186","name":"Lab Medical","category":"medicine","source":"OSM","confidence":"C","status":"auto_unverified"}},{"type":"Feature","geometry":{"type":"Point","coordinates":[69.24916,41.27863]},"properties":{"id":"SEED001187","name":"Clinic of EMU","category":"medicine","source":"OSM","confidence":"C","status":"auto_unverified"}},{"type":"Feature","geometry":{"type":"Point","coordinates":[69.20842,41.30131]},"properties":{"id":"SEED001188","name":"Clinic of EMU","category":"medicine","source":"OSM","confidence":"C","status":"auto_unverified"}},{"type":"Feature","geometry":{"type":"Point","coordinates":[69.30045,41.24739]},"properties":{"id":"SEED001189","name":"Dental - Optima","category":"medicine","source":"OSM","confidence":"C","status":"auto_unverified"}},{"type":"Feature","geometry":{"type":"Point","coordinates":[69.26319,41.26932]},"properties":{"id":"SEED001190","name":"Shox Hospital","category":"medicine","source":"OSM","confidence":"C","status":"auto_unverified"}},{"type":"Feature","geometry":{"type":"Point","coordinates":[69.20649,41.27047]},"properties":{"id":"SEED001191","name":"Семейная поликлиника №39","category":"medicine","source":"OSM","confidence":"C","status":"auto_unverified"}},{"type":"Feature","geometry":{"type":"Point","coordinates":[69.26239,41.32771]},"properties":{"id":"SEED001192","name":"Mental Med Service","category":"medicine","source":"OSM","confidence":"C","status":"auto_unverified"}},{"type":"Feature","geometry":{"type":"Point","coordinates":[69.31007,41.2724]},"properties":{"id":"SEED001193","name":"Avisa med service","category":"medicine","source":"OSM","confidence":"C","status":"auto_unverified"}},{"type":"Feature","geometry":{"type":"Point","coordinates":[69.37463,41.33103]},"properties":{"id":"SEED001194","name":"Frank Medic","category":"medicine","source":"OSM","confidence":"C","status":"auto_unverified"}},{"type":"Feature","geometry":{"type":"Point","coordinates":[69.33243,41.31142]},"properties":{"id":"SEED001195","name":"Osiyo лаборатория и диагностика","category":"medicine","source":"OSM","confidence":"C","status":"auto_unverified"}},{"type":"Feature","geometry":{"type":"Point","coordinates":[69.19943,41.26989]},"properties":{"id":"SEED001196","name":"Хасанов Абдурахман ЛОР клиника","category":"medicine","source":"OSM","confidence":"C","status":"auto_unverified"}},{"type":"Feature","geometry":{"type":"Point","coordinates":[69.27609,41.32096]},"properties":{"id":"SEED001197","name":"Семейная поликлиника №53","category":"medicine","source":"OSM","confidence":"C","status":"auto_unverified"}},{"type":"Feature","geometry":{"type":"Point","coordinates":[69.19963,41.27828]},"properties":{"id":"SEED001198","name":"Nafis Nur Dent","category":"medicine","source":"OSM","confidence":"C","status":"auto_unverified"}},{"type":"Feature","geometry":{"type":"Point","coordinates":[69.25834,41.32936]},"properties":{"id":"SEED001199","name":"Medion","category":"medicine","source":"OSM","confidence":"C","status":"auto_unverified"}},{"type":"Feature","geometry":{"type":"Point","coordinates":[69.24569,41.31892]},"properties":{"id":"SEED001200","name":"Bavaria reha Tashkent","category":"medicine","source":"OSM","confidence":"C","status":"auto_unverified"}},{"type":"Feature","geometry":{"type":"Point","coordinates":[69.38502,41.35392]},"properties":{"id":"SEED001201","name":"Семейная поликлиника № 6","category":"medicine","source":"OSM","confidence":"C","status":"auto_unverified"}},{"type":"Feature","geometry":{"type":"Point","coordinates":[69.17177,41.35765]},"properties":{"id":"SEED001202","name":"Respublika patologik anatomiya markazi","category":"medicine","source":"OSM","confidence":"C","status":"auto_unverified"}},{"type":"Feature","geometry":{"type":"Point","coordinates":[69.17265,41.35697]},"properties":{"id":"SEED001203","name":"Xalqaro molekulyar allergologiya markazi","category":"medicine","source":"OSM","confidence":"C","status":"auto_unverified"}},{"type":"Feature","geometry":{"type":"Point","coordinates":[69.17099,41.3563]},"properties":{"id":"SEED001204","name":"Respublika onkologiya va radiologiya markazi","category":"medicine","source":"OSM","confidence":"C","status":"auto_unverified"}},{"type":"Feature","geometry":{"type":"Point","coordinates":[69.24199,41.35753]},"properties":{"id":"SEED001205","name":"Центр вакцинации","category":"medicine","source":"OSM","confidence":"C","status":"auto_unverified"}},{"type":"Feature","geometry":{"type":"Point","coordinates":[69.16817,41.33566]},"properties":{"id":"SEED001206","name":"Поликлиника №40","category":"medicine","source":"OSM","confidence":"C","status":"auto_unverified"}},{"type":"Feature","geometry":{"type":"Point","coordinates":[69.2166,41.3542]},"properties":{"id":"SEED001207","name":"Кристалл глазная клиника","category":"medicine","source":"OSM","confidence":"C","status":"auto_unverified"}},{"type":"Feature","geometry":{"type":"Point","coordinates":[69.21875,41.35515]},"properties":{"id":"SEED001208","name":"Kontact Linzalar","category":"medicine","source":"OSM","confidence":"C","status":"auto_unverified"}},{"type":"Feature","geometry":{"type":"Point","coordinates":[69.2252,41.35521]},"properties":{"id":"SEED001209","name":"YANGI HAYOT","category":"medicine","source":"OSM","confidence":"C","status":"auto_unverified"}},{"type":"Feature","geometry":{"type":"Point","coordinates":[69.22227,41.29019]},"properties":{"id":"SEED001210","name":"Germes-Stom","category":"medicine","source":"OSM","confidence":"C","status":"auto_unverified"}},{"type":"Feature","geometry":{"type":"Point","coordinates":[69.22829,41.28858]},"properties":{"id":"SEED001211","name":"My Smile Lab","category":"medicine","source":"OSM","confidence":"C","status":"auto_unverified"}},{"type":"Feature","geometry":{"type":"Point","coordinates":[69.22968,41.26314]},"properties":{"id":"SEED001212","name":"Vitamed Medical","category":"medicine","source":"OSM","confidence":"C","status":"auto_unverified"}},{"type":"Feature","geometry":{"type":"Point","coordinates":[69.23245,41.29074]},"properties":{"id":"SEED001213","name":"Dental clinic","category":"medicine","source":"OSM","confidence":"C","status":"auto_unverified"}},{"type":"Feature","geometry":{"type":"Point","coordinates":[69.22642,41.28956]},"properties":{"id":"SEED001214","name":"Profi Dent","category":"medicine","source":"OSM","confidence":"C","status":"auto_unverified"}},{"type":"Feature","geometry":{"type":"Point","coordinates":[69.18505,41.30491]},"properties":{"id":"SEED001215","name":"5-sonli bolalar yuqumli kasalliklar shifoxonasi","category":"medicine","source":"OSM","confidence":"C","status":"auto_unverified"}},{"type":"Feature","geometry":{"type":"Point","coordinates":[69.28717,41.35396]},"properties":{"id":"SEED001216","name":"Medas medical center","category":"medicine","source":"OSM","confidence":"C","status":"auto_unverified"}},{"type":"Feature","geometry":{"type":"Point","coordinates":[69.34379,41.33943]},"properties":{"id":"SEED001217","name":"Poliklinika","category":"medicine","source":"OSM","confidence":"C","status":"auto_unverified"}},{"type":"Feature","geometry":{"type":"Point","coordinates":[69.31466,41.31307]},"properties":{"id":"SEED001218","name":"Каллисто","category":"medicine","source":"OSM","confidence":"C","status":"auto_unverified"}},{"type":"Feature","geometry":{"type":"Point","coordinates":[69.24197,41.28818]},"properties":{"id":"SEED001219","name":"Rakat Dent","category":"medicine","source":"OSM","confidence":"C","status":"auto_unverified"}},{"type":"Feature","geometry":{"type":"Point","coordinates":[69.29752,41.33655]},"properties":{"id":"SEED001220","name":"MedInfo","category":"medicine","source":"OSM","confidence":"C","status":"auto_unverified"}},{"type":"Feature","geometry":{"type":"Point","coordinates":[69.25308,41.33551]},"properties":{"id":"SEED001221","name":"19 - Oilaviy Poliklinika","category":"medicine","source":"OSM","confidence":"C","status":"auto_unverified"}},{"type":"Feature","geometry":{"type":"Point","coordinates":[69.20315,41.40138]},"properties":{"id":"SEED001222","name":"Sog'lom hayot diagnostic","category":"medicine","source":"OSM","confidence":"C","status":"auto_unverified"}},{"type":"Feature","geometry":{"type":"Point","coordinates":[69.20319,41.40125]},"properties":{"id":"SEED001223","name":"Tilo dent","category":"medicine","source":"OSM","confidence":"C","status":"auto_unverified"}},{"type":"Feature","geometry":{"type":"Point","coordinates":[69.20354,41.4003]},"properties":{"id":"SEED001224","name":"Evo baby med","category":"medicine","source":"OSM","confidence":"C","status":"auto_unverified"}},{"type":"Feature","geometry":{"type":"Point","coordinates":[69.20336,41.40081]},"properties":{"id":"SEED001225","name":"M Doctor","category":"medicine","source":"OSM","confidence":"C","status":"auto_unverified"}},{"type":"Feature","geometry":{"type":"Point","coordinates":[69.311,41.35494]},"properties":{"id":"SEED001226","name":"Neurolife","category":"medicine","source":"OSM","confidence":"C","status":"auto_unverified"}},{"type":"Feature","geometry":{"type":"Point","coordinates":[69.28951,41.30055]},"properties":{"id":"SEED001227","name":"Детская стоматологическая поликлиника","category":"medicine","source":"OSM","confidence":"C","status":"auto_unverified"}},{"type":"Feature","geometry":{"type":"Point","coordinates":[69.31172,41.25267]},"properties":{"id":"SEED001228","name":"Shams medical clinic","category":"medicine","source":"OSM","confidence":"C","status":"auto_unverified"}},{"type":"Feature","geometry":{"type":"Point","coordinates":[69.11347,41.33301]},"properties":{"id":"SEED001229","name":"Поликлика №20","category":"medicine","source":"OSM","confidence":"C","status":"auto_unverified"}},{"type":"Feature","geometry":{"type":"Point","coordinates":[69.34063,41.25756]},"properties":{"id":"SEED001230","name":"29 Oilaviy Poliklinika filial","category":"medicine","source":"OSM","confidence":"C","status":"auto_unverified"}},{"type":"Feature","geometry":{"type":"Point","coordinates":[69.33638,41.36324]},"properties":{"id":"SEED001231","name":"Gavhar Clinic","category":"medicine","source":"OSM","confidence":"C","status":"auto_unverified"}},{"type":"Feature","geometry":{"type":"Point","coordinates":[69.25989,41.28029]},"properties":{"id":"SEED001232","name":"Поликлиника ГУВД","category":"medicine","source":"OSM","confidence":"C","status":"auto_unverified"}},{"type":"Feature","geometry":{"type":"Point","coordinates":[69.37438,41.25003]},"properties":{"id":"SEED001233","name":"Поликлиника №","category":"medicine","source":"OSM","confidence":"C","status":"auto_unverified"}},{"type":"Feature","geometry":{"type":"Point","coordinates":[69.37498,41.2497]},"properties":{"id":"SEED001234","name":"Травмпункт","category":"medicine","source":"OSM","confidence":"C","status":"auto_unverified"}},{"type":"Feature","geometry":{"type":"Point","coordinates":[69.29542,41.28192]},"properties":{"id":"SEED001235","name":"Orion Med City","category":"medicine","source":"OSM","confidence":"C","status":"auto_unverified"}},{"type":"Feature","geometry":{"type":"Point","coordinates":[69.32401,41.25108]},"properties":{"id":"SEED001236","name":"Стоматологическая поликлиника №4","category":"medicine","source":"OSM","confidence":"C","status":"auto_unverified"}},{"type":"Feature","geometry":{"type":"Point","coordinates":[69.32776,41.24476]},"properties":{"id":"SEED001237","name":"№29 Oilaviy Poliklinika","category":"medicine","source":"OSM","confidence":"C","status":"auto_unverified"}},{"type":"Feature","geometry":{"type":"Point","coordinates":[69.25169,41.3337]},"properties":{"id":"SEED001238","name":"РМО Алмазарского района","category":"medicine","source":"OSM","confidence":"C","status":"auto_unverified"}},{"type":"Feature","geometry":{"type":"Point","coordinates":[69.25672,41.34026]},"properties":{"id":"SEED001239","name":"Doctor D","category":"medicine","source":"OSM","confidence":"C","status":"auto_unverified"}},{"type":"Feature","geometry":{"type":"Point","coordinates":[69.17263,41.23879]},"properties":{"id":"SEED001240","name":"33-chi sonli oilaviy poliklinika","category":"medicine","source":"OSM","confidence":"C","status":"auto_unverified"}},{"type":"Feature","geometry":{"type":"Point","coordinates":[69.29639,41.27304]},"properties":{"id":"SEED001241","name":"OMEGA EYE","category":"medicine","source":"OSM","confidence":"C","status":"auto_unverified"}},{"type":"Feature","geometry":{"type":"Point","coordinates":[69.27999,41.32834]},"properties":{"id":"SEED001242","name":"de factum","category":"medicine","source":"OSM","confidence":"C","status":"auto_unverified"}},{"type":"Feature","geometry":{"type":"Point","coordinates":[69.28266,41.30089]},"properties":{"id":"SEED001243","name":"клиника имени М.М. Федоровича","category":"medicine","source":"OSM","confidence":"C","status":"auto_unverified"}},{"type":"Feature","geometry":{"type":"Point","coordinates":[69.27163,41.30348]},"properties":{"id":"SEED001244","name":"Центральная поликлиника Мирабадского района","category":"medicine","source":"OSM","confidence":"C","status":"auto_unverified"}},{"type":"Feature","geometry":{"type":"Point","coordinates":[69.29027,41.30469]},"properties":{"id":"SEED001245","name":"Санэпидем станция","category":"medicine","source":"OSM","confidence":"C","status":"auto_unverified"}},{"type":"Feature","geometry":{"type":"Point","coordinates":[69.28982,41.30412]},"properties":{"id":"SEED001246","name":"1-я Центральная поликлиника","category":"medicine","source":"OSM","confidence":"C","status":"auto_unverified"}},{"type":"Feature","geometry":{"type":"Point","coordinates":[69.28641,41.30047]},"properties":{"id":"SEED001247","name":"Поликлиника МВД","category":"medicine","source":"OSM","confidence":"C","status":"auto_unverified"}},{"type":"Feature","geometry":{"type":"Point","coordinates":[69.27467,41.35738]},"properties":{"id":"SEED001248","name":"Клиническая Больница №7 (бывшая №17)","category":"medicine","source":"OSM","confidence":"C","status":"auto_unverified"}},{"type":"Feature","geometry":{"type":"Point","coordinates":[69.27677,41.33048]},"properties":{"id":"SEED001249","name":"Медикосоциальный центр Фонда \"Соглом авлод учун\"","category":"medicine","source":"OSM","confidence":"C","status":"auto_unverified"}},{"type":"Feature","geometry":{"type":"Point","coordinates":[69.28476,41.32287]},"properties":{"id":"SEED001250","name":"Туберкулезный диспансер","category":"medicine","source":"OSM","confidence":"C","status":"auto_unverified"}},{"type":"Feature","geometry":{"type":"Point","coordinates":[69.31066,41.32917]},"properties":{"id":"SEED001251","name":"Семейная поликлиника №9","category":"medicine","source":"OSM","confidence":"C","status":"auto_unverified"}},{"type":"Feature","geometry":{"type":"Point","coordinates":[69.32595,41.33108]},"properties":{"id":"SEED001252","name":"Семейная Поликлиника #4 (бывшая N20)","category":"medicine","source":"OSM","confidence":"C","status":"auto_unverified"}},{"type":"Feature","geometry":{"type":"Point","coordinates":[69.33404,41.33916]},"properties":{"id":"SEED001253","name":"Детская больница №5","category":"medicine","source":"OSM","confidence":"C","status":"auto_unverified"}},{"type":"Feature","geometry":{"type":"Point","coordinates":[69.24895,41.2923]},"properties":{"id":"SEED001254","name":"Центр санитарно-эпидемиологического благополучия Яккасарайского района","category":"medicine","source":"OSM","confidence":"C","status":"auto_unverified"}},{"type":"Feature","geometry":{"type":"Point","coordinates":[69.21759,41.28895]},"properties":{"id":"SEED001255","name":"Соматическая больница Ташкентской области","category":"medicine","source":"OSM","confidence":"C","status":"auto_unverified"}},{"type":"Feature","geometry":{"type":"Point","coordinates":[69.27118,41.30008]},"properties":{"id":"SEED001256","name":"Diyor Medical Centre","category":"medicine","source":"OSM","confidence":"C","status":"auto_unverified"}},{"type":"Feature","geometry":{"type":"Point","coordinates":[69.28833,41.30309]},"properties":{"id":"SEED001257","name":"ORTIQ-OTA SHIFO MARKAZI","category":"medicine","source":"OSM","confidence":"C","status":"auto_unverified"}},{"type":"Feature","geometry":{"type":"Point","coordinates":[69.31258,41.25174]},"properties":{"id":"SEED001258","name":"Поликлиника №2","category":"medicine","source":"OSM","confidence":"C","status":"auto_unverified"}},{"type":"Feature","geometry":{"type":"Point","coordinates":[69.29961,41.24568]},"properties":{"id":"SEED001259","name":"Сеймейная поликлиника №12","category":"medicine","source":"OSM","confidence":"C","status":"auto_unverified"}},{"type":"Feature","geometry":{"type":"Point","coordinates":[69.34036,41.2863]},"properties":{"id":"SEED001260","name":"Дента мед плюс","category":"medicine","source":"OSM","confidence":"C","status":"auto_unverified"}},{"type":"Feature","geometry":{"type":"Point","coordinates":[69.30502,41.30555]},"properties":{"id":"SEED001261","name":"ЦМПР при РМО Яшнабад","category":"medicine","source":"OSM","confidence":"C","status":"auto_unverified"}},{"type":"Feature","geometry":{"type":"Point","coordinates":[69.34664,41.28811]},"properties":{"id":"SEED001262","name":"Поликлиника ГАО ТАПОиЧ","category":"medicine","source":"OSM","confidence":"C","status":"auto_unverified"}},{"type":"Feature","geometry":{"type":"Point","coordinates":[69.32568,41.27022]},"properties":{"id":"SEED001263","name":"Детская Инфекционная больница №2","category":"medicine","source":"OSM","confidence":"C","status":"auto_unverified"}},{"type":"Feature","geometry":{"type":"Point","coordinates":[69.31168,41.30066]},"properties":{"id":"SEED001264","name":"Медсанчасть","category":"medicine","source":"OSM","confidence":"C","status":"auto_unverified"}},{"type":"Feature","geometry":{"type":"Point","coordinates":[69.30447,41.30593]},"properties":{"id":"SEED001265","name":"Детский Консультативно-Диагностический Центр","category":"medicine","source":"OSM","confidence":"C","status":"auto_unverified"}},{"type":"Feature","geometry":{"type":"Point","coordinates":[69.3117,41.31042]},"properties":{"id":"SEED001266","name":"Республиканский Диагностический Центр","category":"medicine","source":"OSM","confidence":"C","status":"auto_unverified"}},{"type":"Feature","geometry":{"type":"Point","coordinates":[69.30989,41.31109]},"properties":{"id":"SEED001267","name":"\"КОН ПРЕПАРАТЛАРИ\" НПП","category":"medicine","source":"OSM","confidence":"C","status":"auto_unverified"}},{"type":"Feature","geometry":{"type":"Point","coordinates":[69.35925,41.35592]},"properties":{"id":"SEED001268","name":"Respublika ixtisoslashtirilgan akusherlik va ginekologiya ilmiy-amaliy tibbiyot markazi","category":"medicine","source":"OSM","confidence":"C","status":"auto_unverified"}},{"type":"Feature","geometry":{"type":"Point","coordinates":[69.33813,41.34889]},"properties":{"id":"SEED001269","name":"Cемейная поликлиника №7","category":"medicine","source":"OSM","confidence":"C","status":"auto_unverified"}},{"type":"Feature","geometry":{"type":"Point","coordinates":[69.32934,41.32705]},"properties":{"id":"SEED001270","name":"BIOGEN MED","category":"medicine","source":"OSM","confidence":"C","status":"auto_unverified"}},{"type":"Feature","geometry":{"type":"Point","coordinates":[69.29943,41.26787]},"properties":{"id":"SEED001271","name":"Родильный комплекс №5","category":"medicine","source":"OSM","confidence":"C","status":"auto_unverified"}},{"type":"Feature","geometry":{"type":"Point","coordinates":[69.34,41.29387]},"properties":{"id":"SEED001272","name":"Городской Психоневрологический Диспансер №2","category":"medicine","source":"OSM","confidence":"C","status":"auto_unverified"}},{"type":"Feature","geometry":{"type":"Point","coordinates":[69.28435,41.28641]},"properties":{"id":"SEED001273","name":"Железнодорожная Поликлиника","category":"medicine","source":"OSM","confidence":"C","status":"auto_unverified"}},{"type":"Feature","geometry":{"type":"Point","coordinates":[69.21737,41.26881]},"properties":{"id":"SEED001274","name":"Respublika shoshilinch tibbiy yordam ilmiy markazi (№16)","category":"medicine","source":"OSM","confidence":"C","status":"auto_unverified"}},{"type":"Feature","geometry":{"type":"Point","coordinates":[69.21562,41.32155]},"properties":{"id":"SEED001275","name":"Поликлиника Шайхантаурского района","category":"medicine","source":"OSM","confidence":"C","status":"auto_unverified"}},{"type":"Feature","geometry":{"type":"Point","coordinates":[69.29327,41.269]},"properties":{"id":"SEED001276","name":"Children's Hospital of Railway Stock Company of Uzbekistan","category":"medicine","source":"OSM","confidence":"C","status":"auto_unverified"}},{"type":"Feature","geometry":{"type":"Point","coordinates":[69.29415,41.27195]},"properties":{"id":"SEED001277","name":"Tashkent International Clinic","category":"medicine","source":"OSM","confidence":"C","status":"auto_unverified"}},{"type":"Feature","geometry":{"type":"Point","coordinates":[69.30387,41.30108]},"properties":{"id":"SEED001278","name":"Больница ГАЖК \"Узбекистон Темир Йуллари\"","category":"medicine","source":"OSM","confidence":"C","status":"auto_unverified"}},{"type":"Feature","geometry":{"type":"Point","coordinates":[69.28845,41.28514]},"properties":{"id":"SEED001279","name":"Родильный комплекс №4","category":"medicine","source":"OSM","confidence":"C","status":"auto_unverified"}},{"type":"Feature","geometry":{"type":"Point","coordinates":[69.28648,41.28448]},"properties":{"id":"SEED001280","name":"Shahar psixiatriya klinikasi","category":"medicine","source":"OSM","confidence":"C","status":"auto_unverified"}},{"type":"Feature","geometry":{"type":"Point","coordinates":[69.21462,41.19761]},"properties":{"id":"SEED001281","name":"Центральная диагностическая поликлиника Сергелийского района №37","category":"medicine","source":"OSM","confidence":"C","status":"auto_unverified"}},{"type":"Feature","geometry":{"type":"Point","coordinates":[69.29621,41.36021]},"properties":{"id":"SEED001282","name":"Поликлиника №54","category":"medicine","source":"OSM","confidence":"C","status":"auto_unverified"}},{"type":"Feature","geometry":{"type":"Point","coordinates":[69.31164,41.37085]},"properties":{"id":"SEED001283","name":"Семейная поликлиника №12","category":"medicine","source":"OSM","confidence":"C","status":"auto_unverified"}},{"type":"Feature","geometry":{"type":"Point","coordinates":[69.21086,41.27327]},"properties":{"id":"SEED001284","name":"Республиканский центр грудной хиругии им. В. Вахидова","category":"medicine","source":"OSM","confidence":"C","status":"auto_unverified"}},{"type":"Feature","geometry":{"type":"Point","coordinates":[69.20203,41.34543]},"properties":{"id":"SEED001285","name":"Respublika onkologiya markazi","category":"medicine","source":"OSM","confidence":"C","status":"auto_unverified"}},{"type":"Feature","geometry":{"type":"Point","coordinates":[69.18217,41.3621]},"properties":{"id":"SEED001286","name":"Поликлиника №16","category":"medicine","source":"OSM","confidence":"C","status":"auto_unverified"}},{"type":"Feature","geometry":{"type":"Point","coordinates":[69.17781,41.35414]},"properties":{"id":"SEED001287","name":"Паталогоанатомия ТИШМИ","category":"medicine","source":"OSM","confidence":"C","status":"auto_unverified"}},{"type":"Feature","geometry":{"type":"Point","coordinates":[69.16904,41.34954]},"properties":{"id":"SEED001288","name":"НИИ дерматологии и венерологии","category":"medicine","source":"OSM","confidence":"C","status":"auto_unverified"}},{"type":"Feature","geometry":{"type":"Point","coordinates":[69.31794,41.30913]},"properties":{"id":"SEED001289","name":"MDS service","category":"medicine","source":"OSM+clinics.uz","confidence":"C","status":"auto_unverified"}},{"type":"Feature","geometry":{"type":"Point","coordinates":[69.21029,41.2941]},"properties":{"id":"SEED001290","name":"Перинатальный центр №7","category":"medicine","source":"OSM","confidence":"C","status":"auto_unverified"}},{"type":"Feature","geometry":{"type":"Point","coordinates":[69.18422,41.32748]},"properties":{"id":"SEED001291","name":"Medion","category":"medicine","source":"OSM","confidence":"C","status":"auto_unverified"}},{"type":"Feature","geometry":{"type":"Point","coordinates":[69.16614,41.27646]},"properties":{"id":"SEED001292","name":"поликлиника №30","category":"medicine","source":"OSM","confidence":"C","status":"auto_unverified"}},{"type":"Feature","geometry":{"type":"Point","coordinates":[69.30366,41.30755]},"properties":{"id":"SEED001293","name":"Ayol Care","category":"medicine","source":"OSM","confidence":"C","status":"auto_unverified"}},{"type":"Feature","geometry":{"type":"Point","coordinates":[69.19661,41.30453]},"properties":{"id":"SEED001294","name":"Ftiziatriya va pulmonologiya tibbiyot markazi","category":"medicine","source":"OSM","confidence":"C","status":"auto_unverified"}},{"type":"Feature","geometry":{"type":"Point","coordinates":[69.30181,41.31059]},"properties":{"id":"SEED001295","name":"Отделение хирургии","category":"medicine","source":"OSM","confidence":"C","status":"auto_unverified"}},{"type":"Feature","geometry":{"type":"Point","coordinates":[69.28861,41.30065]},"properties":{"id":"SEED001296","name":"Семейная поликлинка №1","category":"medicine","source":"OSM","confidence":"C","status":"auto_unverified"}},{"type":"Feature","geometry":{"type":"Point","coordinates":[69.28385,41.26834]},"properties":{"id":"SEED001297","name":"№2 shahar kasalxonasi","category":"medicine","source":"OSM","confidence":"C","status":"auto_unverified"}},{"type":"Feature","geometry":{"type":"Point","coordinates":[69.30014,41.32404]},"properties":{"id":"SEED001298","name":"Республиканский Специализированный Научно-практический Медицинский Центр Кардиологии","category":"medicine","source":"OSM","confidence":"C","status":"auto_unverified"}},{"type":"Feature","geometry":{"type":"Point","coordinates":[69.31992,41.2892]},"properties":{"id":"SEED001299","name":"Nuroniy klinik shifoxonasi","category":"medicine","source":"OSM","confidence":"C","status":"auto_unverified"}},{"type":"Feature","geometry":{"type":"Point","coordinates":[69.35143,41.28434]},"properties":{"id":"SEED001300","name":"Дом здоровья. Doktor Xonnazarov, Nevrologiya, Kardiologiya, Terapiya Markazi","category":"medicine","source":"OSM","confidence":"C","status":"auto_unverified"}},{"type":"Feature","geometry":{"type":"Point","coordinates":[69.31576,41.29204]},"properties":{"id":"SEED001301","name":"Туберкулёзный диспансер Хамзинского района","category":"medicine","source":"OSM","confidence":"C","status":"auto_unverified"}},{"type":"Feature","geometry":{"type":"Point","coordinates":[69.21275,41.28616]},"properties":{"id":"SEED001302","name":"Star Med Center","category":"medicine","source":"OSM","confidence":"C","status":"auto_unverified"}},{"type":"Feature","geometry":{"type":"Point","coordinates":[69.34534,41.29747]},"properties":{"id":"SEED001303","name":"Городская инфекционная больница N2","category":"medicine","source":"OSM","confidence":"C","status":"auto_unverified"}},{"type":"Feature","geometry":{"type":"Point","coordinates":[69.20158,41.27593]},"properties":{"id":"SEED001304","name":"Республиканский центр по борьбе со СПИДом","category":"medicine","source":"OSM","confidence":"C","status":"auto_unverified"}},{"type":"Feature","geometry":{"type":"Point","coordinates":[69.17865,41.29364]},"properties":{"id":"SEED001305","name":"Городской Наркологический Диспансер","category":"medicine","source":"OSM","confidence":"C","status":"auto_unverified"}},{"type":"Feature","geometry":{"type":"Point","coordinates":[69.19088,41.29218]},"properties":{"id":"SEED001306","name":"Поликлиника №25","category":"medicine","source":"OSM","confidence":"C","status":"auto_unverified"}},{"type":"Feature","geometry":{"type":"Point","coordinates":[69.38819,41.34575]},"properties":{"id":"SEED001307","name":"Туберкулезный диспансер №1","category":"medicine","source":"OSM","confidence":"C","status":"auto_unverified"}},{"type":"Feature","geometry":{"type":"Point","coordinates":[69.26754,41.28007]},"properties":{"id":"SEED001308","name":"Родильный дом №8","category":"medicine","source":"OSM","confidence":"C","status":"auto_unverified"}},{"type":"Feature","geometry":{"type":"Point","coordinates":[69.17616,41.27058]},"properties":{"id":"SEED001309","name":"Семейная поликлиника №35","category":"medicine","source":"OSM","confidence":"C","status":"auto_unverified"}},{"type":"Feature","geometry":{"type":"Point","coordinates":[69.22847,41.20353]},"properties":{"id":"SEED001310","name":"Наркологическая больница","category":"medicine","source":"OSM","confidence":"C","status":"auto_unverified"}},{"type":"Feature","geometry":{"type":"Point","coordinates":[69.22661,41.2028]},"properties":{"id":"SEED001311","name":"Городской КВД","category":"medicine","source":"OSM","confidence":"C","status":"auto_unverified"}},{"type":"Feature","geometry":{"type":"Point","coordinates":[69.36593,41.33104]},"properties":{"id":"SEED001312","name":"8 chi oilaviy poliklinika","category":"medicine","source":"OSM","confidence":"C","status":"auto_unverified"}},{"type":"Feature","geometry":{"type":"Point","coordinates":[69.38583,41.35426]},"properties":{"id":"SEED001313","name":"Центральная диагностическая поликлиника","category":"medicine","source":"OSM","confidence":"C","status":"auto_unverified"}},{"type":"Feature","geometry":{"type":"Point","coordinates":[69.38399,41.34887]},"properties":{"id":"SEED001314","name":"Городская станция скорой помощи 5","category":"medicine","source":"OSM","confidence":"C","status":"auto_unverified"}},{"type":"Feature","geometry":{"type":"Point","coordinates":[69.2612,41.34364]},"properties":{"id":"SEED001315","name":"3 chi tug'ruqxona","category":"medicine","source":"OSM","confidence":"C","status":"auto_unverified"}},{"type":"Feature","geometry":{"type":"Point","coordinates":[69.38883,41.35002]},"properties":{"id":"SEED001316","name":"MediMax","category":"medicine","source":"OSM","confidence":"C","status":"auto_unverified"}},{"type":"Feature","geometry":{"type":"Point","coordinates":[69.22427,41.28501]},"properties":{"id":"SEED001317","name":"Estimed","category":"medicine","source":"OSM","confidence":"C","status":"auto_unverified"}},{"type":"Feature","geometry":{"type":"Point","coordinates":[69.24221,41.34666]},"properties":{"id":"SEED001318","name":"Родильный дом №2","category":"medicine","source":"OSM","confidence":"C","status":"auto_unverified"}},{"type":"Feature","geometry":{"type":"Point","coordinates":[69.2228,41.28007]},"properties":{"id":"SEED001319","name":"Семейная поликлиника 34","category":"medicine","source":"OSM","confidence":"C","status":"auto_unverified"}},{"type":"Feature","geometry":{"type":"Point","coordinates":[69.30683,41.27238]},"properties":{"id":"SEED001320","name":"3-son shahar klinik shifoxonasi","category":"medicine","source":"OSM","confidence":"C","status":"auto_unverified"}},{"type":"Feature","geometry":{"type":"Point","coordinates":[69.17374,41.29196]},"properties":{"id":"SEED001321","name":"Центр Государственного санитарно-эпидемиологического надзора Учтепинского р-на","category":"medicine","source":"OSM","confidence":"C","status":"auto_unverified"}},{"type":"Feature","geometry":{"type":"Point","coordinates":[69.3012,41.25017]},"properties":{"id":"SEED001322","name":"NUR","category":"medicine","source":"OSM","confidence":"C","status":"auto_unverified"}},{"type":"Feature","geometry":{"type":"Point","coordinates":[69.33272,41.35247]},"properties":{"id":"SEED001323","name":"Республиканский скрининг-центр","category":"medicine","source":"OSM","confidence":"C","status":"auto_unverified"}},{"type":"Feature","geometry":{"type":"Point","coordinates":[69.18941,41.27624]},"properties":{"id":"SEED001324","name":"Неврологическая клиника \"Neuro Reability\"","category":"medicine","source":"OSM","confidence":"C","status":"auto_unverified"}},{"type":"Feature","geometry":{"type":"Point","coordinates":[69.21794,41.30783]},"properties":{"id":"SEED001325","name":"поликлиника №46","category":"medicine","source":"OSM","confidence":"C","status":"auto_unverified"}},{"type":"Feature","geometry":{"type":"Point","coordinates":[69.21171,41.36284]},"properties":{"id":"SEED001326","name":"Цетнтральный военный госпиталь СГБ","category":"medicine","source":"OSM","confidence":"C","status":"auto_unverified"}},{"type":"Feature","geometry":{"type":"Point","coordinates":[69.30084,41.35183]},"properties":{"id":"SEED001327","name":"поликлиника 49","category":"medicine","source":"OSM","confidence":"C","status":"auto_unverified"}},{"type":"Feature","geometry":{"type":"Point","coordinates":[69.3376,41.35521]},"properties":{"id":"SEED001328","name":"Toshkent Davlat Pedyatriya Instituti","category":"medicine","source":"OSM","confidence":"C","status":"auto_unverified"}},{"type":"Feature","geometry":{"type":"Point","coordinates":[69.26216,41.33912]},"properties":{"id":"SEED001329","name":"41-oilaviy poliklinika","category":"medicine","source":"OSM","confidence":"C","status":"auto_unverified"}},{"type":"Feature","geometry":{"type":"Point","coordinates":[69.27908,41.33723]},"properties":{"id":"SEED001330","name":"Семашко","category":"medicine","source":"OSM","confidence":"C","status":"auto_unverified"}},{"type":"Feature","geometry":{"type":"Point","coordinates":[69.21788,41.32645]},"properties":{"id":"SEED001331","name":"Поликлиника №44","category":"medicine","source":"OSM","confidence":"C","status":"auto_unverified"}},{"type":"Feature","geometry":{"type":"Point","coordinates":[69.23653,41.28544]},"properties":{"id":"SEED001332","name":"Городской психоневрологический диспансер №1","category":"medicine","source":"OSM","confidence":"C","status":"auto_unverified"}},{"type":"Feature","geometry":{"type":"Point","coordinates":[69.33933,41.34246]},"properties":{"id":"SEED001333","name":"2-son respublika klinik shifoxonasi 2-son poliklinika","category":"medicine","source":"OSM","confidence":"C","status":"auto_unverified"}},{"type":"Feature","geometry":{"type":"Point","coordinates":[69.21772,41.35482]},"properties":{"id":"SEED001334","name":"Respublika ko'z kasalliklari shifoxonasi","category":"medicine","source":"OSM","confidence":"C","status":"auto_unverified"}},{"type":"Feature","geometry":{"type":"Point","coordinates":[69.21472,41.35731]},"properties":{"id":"SEED001335","name":"Дом Пристарелых","category":"medicine","source":"OSM","confidence":"C","status":"auto_unverified"}},{"type":"Feature","geometry":{"type":"Point","coordinates":[69.19934,41.35877]},"properties":{"id":"SEED001336","name":"Pediatriya instituti","category":"medicine","source":"OSM","confidence":"C","status":"auto_unverified"}},{"type":"Feature","geometry":{"type":"Point","coordinates":[69.23584,41.34962]},"properties":{"id":"SEED001337","name":"Туберкулёзный диспансер","category":"medicine","source":"OSM","confidence":"C","status":"auto_unverified"}},{"type":"Feature","geometry":{"type":"Point","coordinates":[69.26479,41.29095]},"properties":{"id":"SEED001338","name":"Safo Tibbiyot","category":"medicine","source":"OSM","confidence":"C","status":"auto_unverified"}},{"type":"Feature","geometry":{"type":"Point","coordinates":[69.26107,41.3441]},"properties":{"id":"SEED001339","name":"3 Роддом","category":"medicine","source":"OSM","confidence":"C","status":"auto_unverified"}},{"type":"Feature","geometry":{"type":"Point","coordinates":[69.21831,41.28871]},"properties":{"id":"SEED001340","name":"Toshkent viloyati Bolalar K'op tarmoqli tibbiyot markazining filiali","category":"medicine","source":"OSM","confidence":"C","status":"auto_unverified"}},{"type":"Feature","geometry":{"type":"Point","coordinates":[69.25779,41.34282]},"properties":{"id":"SEED001341","name":"Медико-диагностический центр \"BIG-PHARM\"","category":"medicine","source":"OSM","confidence":"C","status":"auto_unverified"}},{"type":"Feature","geometry":{"type":"Point","coordinates":[69.24018,41.3189]},"properties":{"id":"SEED001342","name":"47 семейная поликлиника","category":"medicine","source":"OSM","confidence":"C","status":"auto_unverified"}},{"type":"Feature","geometry":{"type":"Point","coordinates":[69.35344,41.26381]},"properties":{"id":"SEED001343","name":"№28 Oilaviy poliklinika","category":"medicine","source":"OSM","confidence":"C","status":"auto_unverified"}},{"type":"Feature","geometry":{"type":"Point","coordinates":[69.33544,41.32357]},"properties":{"id":"SEED001344","name":"Центральная клиническая больница №2","category":"medicine","source":"OSM","confidence":"C","status":"auto_unverified"}},{"type":"Feature","geometry":{"type":"Point","coordinates":[69.24936,41.30676]},"properties":{"id":"SEED001345","name":"5-sonli Yuqumli kasalliklar shifoxonasi","category":"medicine","source":"OSM","confidence":"C","status":"auto_unverified"}},{"type":"Feature","geometry":{"type":"Point","coordinates":[69.27922,41.32846]},"properties":{"id":"SEED001346","name":"Клиника Lor Medical Service","category":"medicine","source":"OSM","confidence":"C","status":"auto_unverified"}},{"type":"Feature","geometry":{"type":"Point","coordinates":[69.21447,41.28859]},"properties":{"id":"SEED001347","name":"НИИ Гематологии и кровепереливания","category":"medicine","source":"OSM","confidence":"C","status":"auto_unverified"}},{"type":"Feature","geometry":{"type":"Point","coordinates":[69.23343,41.20325]},"properties":{"id":"SEED001348","name":"Областной Психиатрической Диспансер","category":"medicine","source":"OSM","confidence":"C","status":"auto_unverified"}},{"type":"Feature","geometry":{"type":"Point","coordinates":[69.19894,41.26344]},"properties":{"id":"SEED001349","name":"Cardio Med","category":"medicine","source":"OSM","confidence":"C","status":"auto_unverified"}},{"type":"Feature","geometry":{"type":"Point","coordinates":[69.2589,41.28213]},"properties":{"id":"SEED001350","name":"Республиканский Центр социальной адаптации детей","category":"medicine","source":"OSM","confidence":"C","status":"auto_unverified"}},{"type":"Feature","geometry":{"type":"Point","coordinates":[69.18983,41.312]},"properties":{"id":"SEED001351","name":"26 Оилавий поликлиника","category":"medicine","source":"OSM","confidence":"C","status":"auto_unverified"}},{"type":"Feature","geometry":{"type":"Point","coordinates":[69.24278,41.27749]},"properties":{"id":"SEED001352","name":"Центральная многопрофильная поликлиника при РМО Яккасарай","category":"medicine","source":"OSM","confidence":"C","status":"auto_unverified"}},{"type":"Feature","geometry":{"type":"Point","coordinates":[69.21989,41.33333]},"properties":{"id":"SEED001353","name":"Поликлиника Службы Национальной Безопасности","category":"medicine","source":"OSM","confidence":"C","status":"auto_unverified"}},{"type":"Feature","geometry":{"type":"Point","coordinates":[69.25971,41.34434]},"properties":{"id":"SEED001354","name":"Инфекционная больница №1","category":"medicine","source":"OSM","confidence":"C","status":"auto_unverified"}},{"type":"Feature","geometry":{"type":"Point","coordinates":[69.2601,41.3423]},"properties":{"id":"SEED001355","name":"Областной онкологический диспансер","category":"medicine","source":"OSM","confidence":"C","status":"auto_unverified"}},{"type":"Feature","geometry":{"type":"Point","coordinates":[69.23667,41.35001]},"properties":{"id":"SEED001356","name":"Туберкулёзный диспансер","category":"medicine","source":"OSM","confidence":"C","status":"auto_unverified"}},{"type":"Feature","geometry":{"type":"Point","coordinates":[69.31668,41.28786]},"properties":{"id":"SEED001357","name":"Поликлиника №32","category":"medicine","source":"OSM","confidence":"C","status":"auto_unverified"}},{"type":"Feature","geometry":{"type":"Point","coordinates":[69.38271,41.34242]},"properties":{"id":"SEED001358","name":"Respublika neyroxirurgiya ilmiy markazi","category":"medicine","source":"OSM","confidence":"C","status":"auto_unverified"}},{"type":"Feature","geometry":{"type":"Point","coordinates":[69.3096,41.28743]},"properties":{"id":"SEED001359","name":"Медикон","category":"medicine","source":"OSM","confidence":"C","status":"auto_unverified"}},{"type":"Feature","geometry":{"type":"Point","coordinates":[69.33292,41.29359]},"properties":{"id":"SEED001360","name":"Saif Optima","category":"medicine","source":"OSM","confidence":"C","status":"auto_unverified"}},{"type":"Feature","geometry":{"type":"Point","coordinates":[69.34419,41.32177]},"properties":{"id":"SEED001361","name":"НИИ санитарии, гигиены и профессиональных заболеваний","category":"medicine","source":"OSM","confidence":"C","status":"auto_unverified"}},{"type":"Feature","geometry":{"type":"Point","coordinates":[69.28765,41.35392]},"properties":{"id":"SEED001362","name":"ProfMedService","category":"medicine","source":"OSM","confidence":"C","status":"auto_unverified"}},{"type":"Feature","geometry":{"type":"Point","coordinates":[69.44906,41.40307]},"properties":{"id":"SEED001363","name":"поликлиника","category":"medicine","source":"OSM","confidence":"C","status":"auto_unverified"}},{"type":"Feature","geometry":{"type":"Point","coordinates":[69.34252,41.33979]},"properties":{"id":"SEED001364","name":"Respublika Ixtisoslashtirilgan Endokrinologiya Ilmiy-Amaliy Tibbiyot Markazi","category":"medicine","source":"OSM","confidence":"C","status":"auto_unverified"}},{"type":"Feature","geometry":{"type":"Point","coordinates":[69.37124,41.35084]},"properties":{"id":"SEED001365","name":"Городская Клиническая больница №5","category":"medicine","source":"OSM","confidence":"C","status":"auto_unverified"}},{"type":"Feature","geometry":{"type":"Point","coordinates":[69.37697,41.35293]},"properties":{"id":"SEED001366","name":"Детский костнотуберкулёзный санаторий","category":"medicine","source":"OSM","confidence":"C","status":"auto_unverified"}},{"type":"Feature","geometry":{"type":"Point","coordinates":[69.28317,41.30177]},"properties":{"id":"SEED001367","name":"РКБ №1 отделение Гемодиализа","category":"medicine","source":"OSM","confidence":"C","status":"auto_unverified"}},{"type":"Feature","geometry":{"type":"Point","coordinates":[69.36542,41.39064]},"properties":{"id":"SEED001368","name":"Respublika Narkologiya Markazi","category":"medicine","source":"OSM","confidence":"C","status":"auto_unverified"}},{"type":"Feature","geometry":{"type":"Point","coordinates":[69.44011,41.25448]},"properties":{"id":"SEED001369","name":"Таш.обл.эндокринный диспансер","category":"medicine","source":"OSM","confidence":"C","status":"auto_unverified"}},{"type":"Feature","geometry":{"type":"Point","coordinates":[69.31963,41.27018]},"properties":{"id":"SEED001370","name":"Диспансер кожно-венерологический №8","category":"medicine","source":"OSM","confidence":"C","status":"auto_unverified"}},{"type":"Feature","geometry":{"type":"Point","coordinates":[69.20464,41.34634]},"properties":{"id":"SEED001371","name":"New Life Medical","category":"medicine","source":"OSM","confidence":"C","status":"auto_unverified"}},{"type":"Feature","geometry":{"type":"Point","coordinates":[69.17242,41.34859]},"properties":{"id":"SEED001372","name":"Medilux medical","category":"medicine","source":"OSM","confidence":"C","status":"auto_unverified"}},{"type":"Feature","geometry":{"type":"Point","coordinates":[69.1987,41.3489]},"properties":{"id":"SEED001373","name":"Поликлиника №18","category":"medicine","source":"OSM","confidence":"C","status":"auto_unverified"}},{"type":"Feature","geometry":{"type":"Point","coordinates":[69.33522,41.36661]},"properties":{"id":"SEED001374","name":"Консультативно-диагностическая поликлиника клиники ТашПМИ","category":"medicine","source":"OSM","confidence":"C","status":"auto_unverified"}},{"type":"Feature","geometry":{"type":"Point","coordinates":[69.2197,41.21694]},"properties":{"id":"SEED001375","name":"Семейная поликлиника","category":"medicine","source":"OSM","confidence":"C","status":"auto_unverified"}},{"type":"Feature","geometry":{"type":"Point","coordinates":[69.16525,41.27804]},"properties":{"id":"SEED001376","name":"частная клиника","category":"medicine","source":"OSM","confidence":"C","status":"auto_unverified"}},{"type":"Feature","geometry":{"type":"Point","coordinates":[69.21881,41.29611]},"properties":{"id":"SEED001377","name":"Chilanzar Dental Servis","category":"medicine","source":"OSM+clinics.uz","confidence":"C","status":"auto_unverified"}},{"type":"Feature","geometry":{"type":"Point","coordinates":[69.30981,41.311]},"properties":{"id":"SEED001378","name":"Кон куишь маркази","category":"medicine","source":"OSM","confidence":"C","status":"auto_unverified"}},{"type":"Feature","geometry":{"type":"Point","coordinates":[69.31171,41.31041]},"properties":{"id":"SEED001379","name":"Ташкент шахар диагностика маркази","category":"medicine","source":"OSM","confidence":"C","status":"auto_unverified"}},{"type":"Feature","geometry":{"type":"Point","coordinates":[69.20839,41.29773]},"properties":{"id":"SEED001380","name":"Городской Туберкулезный Диспансер","category":"medicine","source":"OSM","confidence":"C","status":"auto_unverified"}},{"type":"Feature","geometry":{"type":"Point","coordinates":[69.33908,41.30429]},"properties":{"id":"SEED001381","name":"Bolalar Milliy Tibbiyot Markazi","category":"medicine","source":"OSM","confidence":"C","status":"auto_unverified"}},{"type":"Feature","geometry":{"type":"Point","coordinates":[69.31127,41.36744]},"properties":{"id":"SEED001382","name":"Семейная Поликлиника №55","category":"medicine","source":"OSM","confidence":"C","status":"auto_unverified"}},{"type":"Feature","geometry":{"type":"Point","coordinates":[69.28602,41.35321]},"properties":{"id":"SEED001383","name":"Поликлиника 51","category":"medicine","source":"OSM","confidence":"C","status":"auto_unverified"}},{"type":"Feature","geometry":{"type":"Point","coordinates":[69.22123,41.32649]},"properties":{"id":"SEED001384","name":"Детская городская клиника №4","category":"medicine","source":"OSM","confidence":"C","status":"auto_unverified"}},{"type":"Feature","geometry":{"type":"Point","coordinates":[69.20246,41.39733]},"properties":{"id":"SEED001385","name":"Келес кишлок оилавий поликлиника","category":"medicine","source":"OSM","confidence":"C","status":"auto_unverified"}},{"type":"Feature","geometry":{"type":"Point","coordinates":[69.35067,41.29212]},"properties":{"id":"SEED001386","name":"Семейная поликлиника №30","category":"medicine","source":"OSM","confidence":"C","status":"auto_unverified"}},{"type":"Feature","geometry":{"type":"Point","coordinates":[69.36178,41.29675]},"properties":{"id":"SEED001387","name":"Семейная поликлиника №31","category":"medicine","source":"OSM","confidence":"C","status":"auto_unverified"}},{"type":"Feature","geometry":{"type":"Point","coordinates":[69.3492,41.33108]},"properties":{"id":"SEED001388","name":"Глазная областная поликлиника","category":"medicine","source":"OSM","confidence":"C","status":"auto_unverified"}},{"type":"Feature","geometry":{"type":"Point","coordinates":[69.1751,41.34897]},"properties":{"id":"SEED001389","name":"Кўксарой","category":"medicine","source":"OSM","confidence":"C","status":"auto_unverified"}},{"type":"Feature","geometry":{"type":"Point","coordinates":[69.26069,41.33897]},"properties":{"id":"SEED001390","name":"Городская Детская Инфекционная Больница №4","category":"medicine","source":"OSM","confidence":"C","status":"auto_unverified"}},{"type":"Feature","geometry":{"type":"Point","coordinates":[69.28159,41.33176]},"properties":{"id":"SEED001391","name":"Toshkent shahar o'smirlar dispanseri qoshidagi maslahat - tashxis","category":"medicine","source":"OSM","confidence":"C","status":"auto_unverified"}},{"type":"Feature","geometry":{"type":"Point","coordinates":[69.26113,41.37395]},"properties":{"id":"SEED001392","name":"ASAD KNR","category":"medicine","source":"OSM","confidence":"C","status":"auto_unverified"}},{"type":"Feature","geometry":{"type":"Point","coordinates":[69.46739,41.38124]},"properties":{"id":"SEED001393","name":"Кибрайский СЭС","category":"medicine","source":"OSM","confidence":"C","status":"auto_unverified"}},{"type":"Feature","geometry":{"type":"Point","coordinates":[69.31744,41.3222]},"properties":{"id":"SEED001394","name":"Детская Психоневрологическая больница им У. К. Курбанова","category":"medicine","source":"OSM","confidence":"C","status":"auto_unverified"}},{"type":"Feature","geometry":{"type":"Point","coordinates":[69.24075,41.26654]},"properties":{"id":"SEED001395","name":"Инфекционная больница №3","category":"medicine","source":"OSM","confidence":"C","status":"auto_unverified"}},{"type":"Feature","geometry":{"type":"Point","coordinates":[69.20797,41.29757]},"properties":{"id":"SEED001396","name":"Межрайонный 2-кожновенерологический Диспансер","category":"medicine","source":"OSM","confidence":"C","status":"auto_unverified"}},{"type":"Feature","geometry":{"type":"Point","coordinates":[69.21531,41.28671]},"properties":{"id":"SEED001397","name":"Центральная многопрофильная поликлиника при РМО Чиланзар","category":"medicine","source":"OSM","confidence":"C","status":"auto_unverified"}},{"type":"Feature","geometry":{"type":"Point","coordinates":[69.21022,41.28698]},"properties":{"id":"SEED001398","name":"Специализированная инфекционная больница","category":"medicine","source":"OSM","confidence":"C","status":"auto_unverified"}},{"type":"Feature","geometry":{"type":"Point","coordinates":[69.29812,41.28194]},"properties":{"id":"SEED001399","name":"Семейная поликлиника №3","category":"medicine","source":"OSM","confidence":"C","status":"auto_unverified"}},{"type":"Feature","geometry":{"type":"Point","coordinates":[69.19007,41.33781]},"properties":{"id":"SEED001400","name":"Doctor Hasan Klinikasi","category":"medicine","source":"OSM","confidence":"C","status":"auto_unverified"}},{"type":"Feature","geometry":{"type":"Point","coordinates":[69.21318,41.19605]},"properties":{"id":"SEED001401","name":"Tug'uruqxona 1","category":"medicine","source":"OSM","confidence":"C","status":"auto_unverified"}},{"type":"Feature","geometry":{"type":"Point","coordinates":[69.17699,41.35529]},"properties":{"id":"SEED001402","name":"Respublika ihtisoslashtirilgan urologiya markazi","category":"medicine","source":"OSM","confidence":"C","status":"auto_unverified"}},{"type":"Feature","geometry":{"type":"Point","coordinates":[69.28713,41.33631]},"properties":{"id":"SEED001403","name":"Brain Servis неврологическая клиника","category":"medicine","source":"OSM","confidence":"C","status":"auto_unverified"}},{"type":"Feature","geometry":{"type":"Point","coordinates":[69.31106,41.30496]},"properties":{"id":"SEED001404","name":"Eramed","category":"medicine","source":"OSM","confidence":"C","status":"auto_unverified"}},{"type":"Feature","geometry":{"type":"Point","coordinates":[69.22835,41.2862]},"properties":{"id":"SEED001405","name":"Gatling Med частная клиника","category":"medicine","source":"OSM+clinics.uz","confidence":"C","status":"auto_unverified"}},{"type":"Feature","geometry":{"type":"Point","coordinates":[69.46651,41.38068]},"properties":{"id":"SEED001406","name":"Qibray tug'ruq kompleksi","category":"medicine","source":"OSM","confidence":"C","status":"auto_unverified"}},{"type":"Feature","geometry":{"type":"Point","coordinates":[69.21627,41.30605]},"properties":{"id":"SEED001407","name":"Med centre","category":"medicine","source":"OSM","confidence":"C","status":"auto_unverified"}},{"type":"Feature","geometry":{"type":"Point","coordinates":[69.19539,41.34263]},"properties":{"id":"SEED001408","name":"Доктор Октам","category":"medicine","source":"OSM","confidence":"C","status":"auto_unverified"}},{"type":"Feature","geometry":{"type":"Point","coordinates":[69.20251,41.39899]},"properties":{"id":"SEED001409","name":"Центральная больница Ташкентского района","category":"medicine","source":"OSM","confidence":"C","status":"auto_unverified"}},{"type":"Feature","geometry":{"type":"Point","coordinates":[69.23218,41.28396]},"properties":{"id":"SEED001410","name":"Бактериологическая лаборатория","category":"medicine","source":"OSM","confidence":"C","status":"auto_unverified"}},{"type":"Feature","geometry":{"type":"Point","coordinates":[69.32408,41.37355]},"properties":{"id":"SEED001411","name":"American Hospital","category":"medicine","source":"OSM","confidence":"C","status":"auto_unverified"}},{"type":"Feature","geometry":{"type":"Point","coordinates":[69.42861,41.37183]},"properties":{"id":"SEED001412","name":"Qibray shifoxonasi","category":"medicine","source":"OSM","confidence":"C","status":"auto_unverified"}},{"type":"Feature","geometry":{"type":"Point","coordinates":[69.20761,41.23056]},"properties":{"id":"SEED001413","name":"61 Oilaviy Poliklinka","category":"medicine","source":"OSM","confidence":"C","status":"auto_unverified"}},{"type":"Feature","geometry":{"type":"Point","coordinates":[69.17673,41.35692]},"properties":{"id":"SEED001414","name":"Med-Tashmi","category":"medicine","source":"OSM","confidence":"C","status":"auto_unverified"}},{"type":"Feature","geometry":{"type":"Point","coordinates":[69.16026,41.31386]},"properties":{"id":"SEED001415","name":"9-sonli tug'ruqxona","category":"medicine","source":"OSM","confidence":"C","status":"auto_unverified"}},{"type":"Feature","geometry":{"type":"Point","coordinates":[69.14533,41.27322]},"properties":{"id":"SEED001416","name":"Зангиатинская районная инфекционная больница","category":"medicine","source":"OSM","confidence":"C","status":"auto_unverified"}},{"type":"Feature","geometry":{"type":"Point","coordinates":[69.16186,41.3143]},"properties":{"id":"SEED001417","name":"3-sonli bolalar shahar klinik shifoxonasi","category":"medicine","source":"OSM","confidence":"C","status":"auto_unverified"}},{"type":"Feature","geometry":{"type":"Point","coordinates":[69.20028,41.34829]},"properties":{"id":"SEED001418","name":"Uni Medical Care","category":"medicine","source":"OSM","confidence":"C","status":"auto_unverified"}},{"type":"Feature","geometry":{"type":"Point","coordinates":[69.27271,41.40035]},"properties":{"id":"SEED001419","name":"Xasanboy sanatoriyasi","category":"medicine","source":"OSM","confidence":"C","status":"auto_unverified"}},{"type":"Feature","geometry":{"type":"Point","coordinates":[69.49297,41.41295]},"properties":{"id":"SEED001420","name":"Botanika sanatoriyasi","category":"medicine","source":"OSM","confidence":"C","status":"auto_unverified"}},{"type":"Feature","geometry":{"type":"Point","coordinates":[69.15845,41.25056]},"properties":{"id":"SEED001421","name":"Eshonguzar Markaziy ko'p tarmoqli poliklinikasi","category":"medicine","source":"OSM","confidence":"C","status":"auto_unverified"}},{"type":"Feature","geometry":{"type":"Point","coordinates":[69.19393,41.17604]},"properties":{"id":"SEED001422","name":"Специальная инфекционная больница COVID-19","category":"medicine","source":"OSM","confidence":"C","status":"auto_unverified"}},{"type":"Feature","geometry":{"type":"Point","coordinates":[69.19324,41.17013]},"properties":{"id":"SEED001423","name":"Специальная инфекционная больница COVID-19","category":"medicine","source":"OSM","confidence":"C","status":"auto_unverified"}},{"type":"Feature","geometry":{"type":"Point","coordinates":[69.20451,41.22263]},"properties":{"id":"SEED001424","name":"My Med","category":"medicine","source":"OSM","confidence":"C","status":"auto_unverified"}},{"type":"Feature","geometry":{"type":"Point","coordinates":[69.32743,41.31077]},"properties":{"id":"SEED001425","name":"Doctor Lotos","category":"medicine","source":"OSM","confidence":"C","status":"auto_unverified"}},{"type":"Feature","geometry":{"type":"Point","coordinates":[69.32227,41.33697]},"properties":{"id":"SEED001426","name":"IX Med","category":"medicine","source":"OSM","confidence":"C","status":"auto_unverified"}},{"type":"Feature","geometry":{"type":"Point","coordinates":[69.22728,41.27859]},"properties":{"id":"SEED001427","name":"Pediatric Hematology and Oncology Clinic and Immunology Center","category":"medicine","source":"OSM","confidence":"C","status":"auto_unverified"}},{"type":"Feature","geometry":{"type":"Point","coordinates":[69.22617,41.27711]},"properties":{"id":"SEED001428","name":"Republican Specialized Scientific and Practical Medical Center of Hematology","category":"medicine","source":"OSM","confidence":"C","status":"auto_unverified"}},{"type":"Feature","geometry":{"type":"Point","coordinates":[69.24473,41.28393]},"properties":{"id":"SEED001429","name":"Tomatis","category":"medicine","source":"OSM","confidence":"C","status":"auto_unverified"}},{"type":"Feature","geometry":{"type":"Point","coordinates":[69.25105,41.32382]},"properties":{"id":"SEED001430","name":"Shayxontohur tuman davlat sanitariya epidemiologiya nazorat markazi","category":"medicine","source":"OSM","confidence":"C","status":"auto_unverified"}},{"type":"Feature","geometry":{"type":"Point","coordinates":[69.44902,41.40319]},"properties":{"id":"SEED001431","name":"2 - sonli Respublika Klinik Shifoxonasi","category":"medicine","source":"OSM","confidence":"C","status":"auto_unverified"}},{"type":"Feature","geometry":{"type":"Point","coordinates":[69.336,41.36476]},"properties":{"id":"SEED001432","name":"Toshkent Pediatriya tibbiyot instituti klinikasi","category":"medicine","source":"OSM","confidence":"C","status":"auto_unverified"}},{"type":"Feature","geometry":{"type":"Point","coordinates":[69.28737,41.38692]},"properties":{"id":"SEED001433","name":"Qibray tumani Yuqumli kasalliklar shifoxonasi","category":"medicine","source":"OSM","confidence":"C","status":"auto_unverified"}},{"type":"Feature","geometry":{"type":"Point","coordinates":[69.28307,41.26834]},"properties":{"id":"SEED001434","name":"Медсанчасть Аэропорта \"Ташкент\"","category":"medicine","source":"OSM","confidence":"C","status":"auto_unverified"}},{"type":"Feature","geometry":{"type":"Point","coordinates":[69.21137,41.2942]},"properties":{"id":"SEED001435","name":"Поликлиника №37","category":"medicine","source":"OSM","confidence":"C","status":"auto_unverified"}},{"type":"Feature","geometry":{"type":"Point","coordinates":[69.19694,41.277]},"properties":{"id":"SEED001436","name":"Medline Servis","category":"medicine","source":"OSM","confidence":"C","status":"auto_unverified"}},{"type":"Feature","geometry":{"type":"Point","coordinates":[69.19589,41.17319]},"properties":{"id":"SEED001437","name":"Специальная инфекционная больница COVID-19","category":"medicine","source":"OSM","confidence":"C","status":"auto_unverified"}},{"type":"Feature","geometry":{"type":"Point","coordinates":[69.35146,41.37176]},"properties":{"id":"SEED001438","name":"Respublika bolalar tayanch-harakat tizimi kasalliklari reabilitatsiya markazi","category":"medicine","source":"OSM","confidence":"C","status":"auto_unverified"}},{"type":"Feature","geometry":{"type":"Point","coordinates":[69.22479,41.40873]},"properties":{"id":"SEED001439","name":"Поликлиника","category":"medicine","source":"OSM","confidence":"C","status":"auto_unverified"}},{"type":"Feature","geometry":{"type":"Point","coordinates":[69.20725,41.39473]},"properties":{"id":"SEED001440","name":"Центр Акушерства Келес","category":"medicine","source":"OSM","confidence":"C","status":"auto_unverified"}},{"type":"Feature","geometry":{"type":"Point","coordinates":[69.327,41.31058]},"properties":{"id":"SEED001441","name":"Womens Life","category":"medicine","source":"OSM","confidence":"C","status":"auto_unverified"}},{"type":"Feature","geometry":{"type":"Point","coordinates":[69.33519,41.29574]},"properties":{"id":"SEED001442","name":"G'ulomjon Neyro Service","category":"medicine","source":"OSM","confidence":"C","status":"auto_unverified"}},{"type":"Feature","geometry":{"type":"Point","coordinates":[69.20604,41.36137]},"properties":{"id":"SEED001443","name":"Центральный госпиталь МВД","category":"medicine","source":"OSM","confidence":"C","status":"auto_unverified"}},{"type":"Feature","geometry":{"type":"Point","coordinates":[69.21308,41.36331]},"properties":{"id":"SEED001444","name":"№15 Oilaviy tibbiyot paliklinika","category":"medicine","source":"OSM","confidence":"C","status":"auto_unverified"}},{"type":"Feature","geometry":{"type":"Point","coordinates":[69.27212,41.37071]},"properties":{"id":"SEED001445","name":"52-oilaviy poliklinika","category":"medicine","source":"OSM","confidence":"C","status":"auto_unverified"}},{"type":"Feature","geometry":{"type":"Point","coordinates":[69.19585,41.29996]},"properties":{"id":"SEED001446","name":"Tashkent City Oncological Dispenser","category":"medicine","source":"OSM","confidence":"C","status":"auto_unverified"}},{"type":"Feature","geometry":{"type":"Point","coordinates":[69.28415,41.30174]},"properties":{"id":"SEED001447","name":"Республиканская Клиническая Больница №1","category":"medicine","source":"OSM","confidence":"C","status":"auto_unverified"}},{"type":"Feature","geometry":{"type":"Point","coordinates":[69.19116,41.29884]},"properties":{"id":"SEED001448","name":"Клиническая больница неотложной медицинской помощи г. Ташкента","category":"medicine","source":"OSM","confidence":"C","status":"auto_unverified"}},{"type":"Feature","geometry":{"type":"Point","coordinates":[69.24566,41.35122]},"properties":{"id":"SEED001449","name":"Parents Holiday","category":"medicine","source":"OSM","confidence":"C","status":"auto_unverified"}},{"type":"Feature","geometry":{"type":"Point","coordinates":[69.31051,41.2331]},"properties":{"id":"SEED001450","name":"Ташкентский областной филиал РНЦЭМП","category":"medicine","source":"OSM","confidence":"C","status":"auto_unverified"}},{"type":"Feature","geometry":{"type":"Point","coordinates":[69.23674,41.37686]},"properties":{"id":"SEED001451","name":"Психиатрическая больница Чукурсай","category":"medicine","source":"OSM","confidence":"C","status":"auto_unverified"}},{"type":"Feature","geometry":{"type":"Point","coordinates":[69.30264,41.31033]},"properties":{"id":"SEED001452","name":"Третья клиника ТашМИ","category":"medicine","source":"OSM","confidence":"C","status":"auto_unverified"}},{"type":"Feature","geometry":{"type":"Point","coordinates":[69.25376,41.32332]},"properties":{"id":"SEED001453","name":"48-chi sonli oilaviy poliklinika","category":"medicine","source":"OSM","confidence":"C","status":"auto_unverified"}},{"type":"Feature","geometry":{"type":"Point","coordinates":[69.19274,41.29882]},"properties":{"id":"SEED001454","name":"Республиканский Специализированный Центр Микрохирургии Глаза","category":"medicine","source":"OSM","confidence":"C","status":"auto_unverified"}},{"type":"Feature","geometry":{"type":"Point","coordinates":[69.22872,41.26447]},"properties":{"id":"SEED001455","name":"Центр переливания крови","category":"medicine","source":"OSM","confidence":"C","status":"auto_unverified"}},{"type":"Feature","geometry":{"type":"Point","coordinates":[69.29406,41.30641]},"properties":{"id":"SEED001456","name":"НИИ травматологии","category":"medicine","source":"OSM","confidence":"C","status":"auto_unverified"}},{"type":"Feature","geometry":{"type":"Point","coordinates":[69.32874,41.23292]},"properties":{"id":"SEED001457","name":"Городская клиническая больница №6","category":"medicine","source":"OSM","confidence":"C","status":"auto_unverified"}},{"type":"Feature","geometry":{"type":"Point","coordinates":[69.20906,41.34285]},"properties":{"id":"SEED001458","name":"Akfa Medline","category":"medicine","source":"OSM","confidence":"C","status":"auto_unverified"}},{"type":"Feature","geometry":{"type":"Point","coordinates":[69.21983,41.32105]},"properties":{"id":"SEED001459","name":"Shahar Klinik Kasalxonasi № 1","category":"medicine","source":"OSM","confidence":"C","status":"auto_unverified"}},{"type":"Feature","geometry":{"type":"Point","coordinates":[69.2174,41.32106]},"properties":{"id":"SEED001460","name":"Toshkent Shahar Perinatal Markazi","category":"medicine","source":"OSM","confidence":"C","status":"auto_unverified"}},{"type":"Feature","geometry":{"type":"Point","coordinates":[69.19921,41.33974]},"properties":{"id":"SEED001461","name":"Семейная поликлиника №45","category":"medicine","source":"OSM","confidence":"C","status":"auto_unverified"}},{"type":"Feature","geometry":{"type":"Point","coordinates":[69.33683,41.33066]},"properties":{"id":"SEED001462","name":"2-jarrohlik bolalar shifoxonasi","category":"medicine","source":"OSM","confidence":"C","status":"auto_unverified"}},{"type":"Feature","geometry":{"type":"Point","coordinates":[69.28687,41.30821]},"properties":{"id":"SEED001463","name":"6-son tug'uruqxona","category":"medicine","source":"OSM","confidence":"C","status":"auto_unverified"}},{"type":"Feature","geometry":{"type":"Point","coordinates":[69.1843,41.33011]},"properties":{"id":"SEED001464","name":"Семейная поликлиника №41","category":"medicine","source":"OSM","confidence":"C","status":"auto_unverified"}},{"type":"Feature","geometry":{"type":"Point","coordinates":[69.30092,41.36039]},"properties":{"id":"SEED001465","name":"Virusologiya ilmiy-tekshirish instituti","category":"medicine","source":"OSM","confidence":"C","status":"auto_unverified"}},{"type":"Feature","geometry":{"type":"Point","coordinates":[69.29793,41.36058]},"properties":{"id":"SEED001466","name":"Детская больница №1","category":"medicine","source":"OSM","confidence":"C","status":"auto_unverified"}},{"type":"Feature","geometry":{"type":"Point","coordinates":[69.32957,41.33943]},"properties":{"id":"SEED001467","name":"Mudofaa vazirligi Markaziy gospital","category":"medicine","source":"OSM","confidence":"C","status":"auto_unverified"}},{"type":"Feature","geometry":{"type":"Point","coordinates":[69.3265,41.3153]},"properties":{"id":"SEED001468","name":"Ziyo Medline","category":"medicine","source":"clinics.uz","confidence":"C","status":"auto_unverified"}},{"type":"Feature","geometry":{"type":"Point","coordinates":[69.2157,41.2051]},"properties":{"id":"SEED001469","name":"Ibrat Med","category":"medicine","source":"clinics.uz","confidence":"C","status":"auto_unverified"}},{"type":"Feature","geometry":{"type":"Point","coordinates":[69.3265,41.3239]},"properties":{"id":"SEED001470","name":"Doctor To'lganoy Servis","category":"medicine","source":"clinics.uz","confidence":"C","status":"auto_unverified"}},{"type":"Feature","geometry":{"type":"Point","coordinates":[69.2929,41.2717]},"properties":{"id":"SEED001471","name":"ZILOLA MEDICAL","category":"medicine","source":"clinics.uz","confidence":"C","status":"auto_unverified"}},{"type":"Feature","geometry":{"type":"Point","coordinates":[69.222,41.2589]},"properties":{"id":"SEED001472","name":"Corvita Hospital (Hilol Hospital)","category":"medicine","source":"clinics.uz","confidence":"C","status":"auto_unverified"}},{"type":"Feature","geometry":{"type":"Point","coordinates":[69.3599,41.3547]},"properties":{"id":"SEED001473","name":"Darmon medicine","category":"medicine","source":"clinics.uz","confidence":"C","status":"auto_unverified"}},{"type":"Feature","geometry":{"type":"Point","coordinates":[69.2913,41.3103]},"properties":{"id":"SEED001474","name":"DR.VAISOV Laser Aesthetic Dermatology","category":"medicine","source":"clinics.uz","confidence":"C","status":"auto_unverified"}},{"type":"Feature","geometry":{"type":"Point","coordinates":[69.2071,41.3054]},"properties":{"id":"SEED001475","name":"Nurafshon Medical","category":"medicine","source":"clinics.uz","confidence":"C","status":"auto_unverified"}},{"type":"Feature","geometry":{"type":"Point","coordinates":[69.3441,41.3687]},"properties":{"id":"SEED001476","name":"Revma Center Clinic (Ревмацентр)","category":"medicine","source":"clinics.uz","confidence":"C","status":"auto_unverified"}},{"type":"Feature","geometry":{"type":"Point","coordinates":[69.244,41.3215]},"properties":{"id":"SEED001477","name":"Smile Eyes","category":"medicine","source":"clinics.uz","confidence":"C","status":"auto_unverified"}},{"type":"Feature","geometry":{"type":"Point","coordinates":[69.2182,41.2781]},"properties":{"id":"SEED001478","name":"Darmon Dental","category":"medicine","source":"clinics.uz","confidence":"C","status":"auto_unverified"}},{"type":"Feature","geometry":{"type":"Point","coordinates":[69.1756,41.2775]},"properties":{"id":"SEED001479","name":"Ватан тиббиёт маркази","category":"medicine","source":"clinics.uz","confidence":"C","status":"auto_unverified"}},{"type":"Feature","geometry":{"type":"Point","coordinates":[69.1599,41.3121]},"properties":{"id":"SEED001480","name":"Dusel Medical","category":"medicine","source":"clinics.uz","confidence":"C","status":"auto_unverified"}},{"type":"Feature","geometry":{"type":"Point","coordinates":[69.2239,41.2942]},"properties":{"id":"SEED001481","name":"Fathulla Ota Med","category":"medicine","source":"clinics.uz","confidence":"C","status":"auto_unverified"}},{"type":"Feature","geometry":{"type":"Point","coordinates":[69.2037,41.2114]},"properties":{"id":"SEED001482","name":"Humo med center","category":"medicine","source":"clinics.uz","confidence":"C","status":"auto_unverified"}},{"type":"Feature","geometry":{"type":"Point","coordinates":[69.1776,41.3415]},"properties":{"id":"SEED001483","name":"Impuls Medical Centre","category":"medicine","source":"clinics.uz","confidence":"C","status":"auto_unverified"}},{"type":"Feature","geometry":{"type":"Point","coordinates":[69.3223,41.3369]},"properties":{"id":"SEED001484","name":"Siz Ona Bo'lasiz Eku Markazi","category":"medicine","source":"clinics.uz","confidence":"C","status":"auto_unverified"}},{"type":"Feature","geometry":{"type":"Point","coordinates":[69.2342,41.3312]},"properties":{"id":"SEED001485","name":"Doktor Salimov","category":"medicine","source":"clinics.uz","confidence":"C","status":"auto_unverified"}},{"type":"Feature","geometry":{"type":"Point","coordinates":[69.2103,41.2704]},"properties":{"id":"SEED001486","name":"Best Medium Clinic","category":"medicine","source":"clinics.uz","confidence":"C","status":"auto_unverified"}},{"type":"Feature","geometry":{"type":"Point","coordinates":[69.2339,41.2858]},"properties":{"id":"SEED001487","name":"Diamed Diagnostic Medicine","category":"medicine","source":"clinics.uz","confidence":"C","status":"auto_unverified"}},{"type":"Feature","geometry":{"type":"Point","coordinates":[69.3339,41.3115]},"properties":{"id":"SEED001488","name":"Doctor Iroda 24\/7","category":"medicine","source":"clinics.uz","confidence":"C","status":"auto_unverified"}},{"type":"Feature","geometry":{"type":"Point","coordinates":[69.2248,41.2827]},"properties":{"id":"SEED001489","name":"Immuno C - Чиланзар","category":"medicine","source":"clinics.uz","confidence":"C","status":"auto_unverified"}},{"type":"Feature","geometry":{"type":"Point","coordinates":[69.263,41.269]},"properties":{"id":"SEED001490","name":"Shox International Hospital","category":"medicine","source":"clinics.uz","confidence":"C","status":"auto_unverified"}},{"type":"Feature","geometry":{"type":"Point","coordinates":[69.375,41.3316]},"properties":{"id":"SEED001491","name":"Karasu Alfa Diagnostic","category":"medicine","source":"clinics.uz","confidence":"C","status":"auto_unverified"}},{"type":"Feature","geometry":{"type":"Point","coordinates":[69.3413,41.236]},"properties":{"id":"SEED001492","name":"ASR клиника","category":"medicine","source":"clinics.uz","confidence":"C","status":"auto_unverified"}},{"type":"Feature","geometry":{"type":"Point","coordinates":[69.2216,41.3306]},"properties":{"id":"SEED001493","name":"Davr Fayz Medical","category":"medicine","source":"clinics.uz","confidence":"C","status":"auto_unverified"}},{"type":"Feature","geometry":{"type":"Point","coordinates":[69.3079,41.3685]},"properties":{"id":"SEED001494","name":"DiaLab Medical Service - Юнусабадский филиал","category":"medicine","source":"clinics.uz","confidence":"C","status":"auto_unverified"}},{"type":"Feature","geometry":{"type":"Point","coordinates":[69.2766,41.2941]},"properties":{"id":"SEED001495","name":"Immunolab","category":"medicine","source":"clinics.uz","confidence":"C","status":"auto_unverified"}},{"type":"Feature","geometry":{"type":"Point","coordinates":[69.1748,41.3488]},"properties":{"id":"SEED001496","name":"Ko'ksaroy - диагностический центр","category":"medicine","source":"clinics.uz","confidence":"C","status":"auto_unverified"}},{"type":"Feature","geometry":{"type":"Point","coordinates":[69.2349,41.3419]},"properties":{"id":"SEED001497","name":"LORMED SERVIS","category":"medicine","source":"clinics.uz","confidence":"C","status":"auto_unverified"}},{"type":"Feature","geometry":{"type":"Point","coordinates":[69.2627,41.3276]},"properties":{"id":"SEED001498","name":"MShifo","category":"medicine","source":"clinics.uz","confidence":"C","status":"auto_unverified"}},{"type":"Feature","geometry":{"type":"Point","coordinates":[69.3324,41.3115]},"properties":{"id":"SEED001499","name":"OSIYO - медицинский центр","category":"medicine","source":"clinics.uz","confidence":"C","status":"auto_unverified"}},{"type":"Feature","geometry":{"type":"Point","coordinates":[69.2286,41.2045]},"properties":{"id":"SEED001500","name":"Sog'lom Hayot","category":"medicine","source":"clinics.uz","confidence":"C","status":"auto_unverified"}},{"type":"Feature","geometry":{"type":"Point","coordinates":[69.1895,41.2804]},"properties":{"id":"SEED001501","name":"Tashkent Medical Park by Urologic Complex","category":"medicine","source":"clinics.uz","confidence":"C","status":"auto_unverified"}},{"type":"Feature","geometry":{"type":"Point","coordinates":[69.2985,41.3831]},"properties":{"id":"SEED001502","name":"Yunusobod Medical Center","category":"medicine","source":"clinics.uz","confidence":"C","status":"auto_unverified"}},{"type":"Feature","geometry":{"type":"Point","coordinates":[69.279,41.3211]},"properties":{"id":"SEED001503","name":"Доктор Овчаров","category":"medicine","source":"clinics.uz","confidence":"C","status":"auto_unverified"}},{"type":"Feature","geometry":{"type":"Point","coordinates":[69.2154,41.3708]},"properties":{"id":"SEED001504","name":"Центр реабилитации хронических заболеваний","category":"medicine","source":"clinics.uz","confidence":"C","status":"auto_unverified"}},{"type":"Feature","geometry":{"type":"Point","coordinates":[69.2844,41.2868]},"properties":{"id":"SEED001505","name":"Центральная железнодорожная поликлиника","category":"medicine","source":"clinics.uz","confidence":"C","status":"auto_unverified"}},{"type":"Feature","geometry":{"type":"Point","coordinates":[69.3103,41.3711]},"properties":{"id":"SEED001506","name":"Az-Med Clinic","category":"medicine","source":"clinics.uz","confidence":"C","status":"auto_unverified"}},{"type":"Feature","geometry":{"type":"Point","coordinates":[69.2169,41.3309]},"properties":{"id":"SEED001507","name":"Saba-Darmon","category":"medicine","source":"clinics.uz","confidence":"C","status":"auto_unverified"}},{"type":"Feature","geometry":{"type":"Point","coordinates":[69.2663,41.3733]},"properties":{"id":"SEED001508","name":"Alfraganus University Hospital","category":"medicine","source":"clinics.uz","confidence":"C","status":"auto_unverified"}},{"type":"Feature","geometry":{"type":"Point","coordinates":[69.2065,41.3396]},"properties":{"id":"SEED001509","name":"Corall Medical","category":"medicine","source":"clinics.uz","confidence":"C","status":"auto_unverified"}},{"type":"Feature","geometry":{"type":"Point","coordinates":[69.2053,41.2895]},"properties":{"id":"SEED001510","name":"Darmon Servis филиал","category":"medicine","source":"clinics.uz","confidence":"C","status":"auto_unverified"}},{"type":"Feature","geometry":{"type":"Point","coordinates":[69.1842,41.3647]},"properties":{"id":"SEED001511","name":"Doctor Mallaev Academic Hospital","category":"medicine","source":"clinics.uz","confidence":"C","status":"auto_unverified"}},{"type":"Feature","geometry":{"type":"Point","coordinates":[69.1877,41.2868]},"properties":{"id":"SEED001512","name":"FOMED","category":"medicine","source":"clinics.uz","confidence":"C","status":"auto_unverified"}},{"type":"Feature","geometry":{"type":"Point","coordinates":[69.3365,41.3581]},"properties":{"id":"SEED001513","name":"K-DAVO Korean Medical Centre","category":"medicine","source":"clinics.uz","confidence":"C","status":"auto_unverified"}},{"type":"Feature","geometry":{"type":"Point","coordinates":[69.2582,41.3293]},"properties":{"id":"SEED001514","name":"Medion 24\/7","category":"medicine","source":"clinics.uz","confidence":"C","status":"auto_unverified"}},{"type":"Feature","geometry":{"type":"Point","coordinates":[69.1841,41.3274]},"properties":{"id":"SEED001515","name":"Medion Family Hospital","category":"medicine","source":"clinics.uz","confidence":"C","status":"auto_unverified"}},{"type":"Feature","geometry":{"type":"Point","coordinates":[69.3606,41.3548]},"properties":{"id":"SEED001516","name":"MediSun","category":"medicine","source":"clinics.uz","confidence":"C","status":"auto_unverified"}},{"type":"Feature","geometry":{"type":"Point","coordinates":[69.2088,41.3412]},"properties":{"id":"SEED001517","name":"Ns Medical Ayollar Klinikasi","category":"medicine","source":"clinics.uz","confidence":"C","status":"auto_unverified"}},{"type":"Feature","geometry":{"type":"Point","coordinates":[69.1721,41.3361]},"properties":{"id":"SEED001518","name":"Ns Medical Ибн Сина филиал","category":"medicine","source":"clinics.uz","confidence":"C","status":"auto_unverified"}},{"type":"Feature","geometry":{"type":"Point","coordinates":[69.2149,41.3218]},"properties":{"id":"SEED001519","name":"Ns Medical Кукча филиал","category":"medicine","source":"clinics.uz","confidence":"C","status":"auto_unverified"}},{"type":"Feature","geometry":{"type":"Point","coordinates":[69.2247,41.2024]},"properties":{"id":"SEED001520","name":"Ns Medical Сергели филиал","category":"medicine","source":"clinics.uz","confidence":"C","status":"auto_unverified"}},{"type":"Feature","geometry":{"type":"Point","coordinates":[69.1784,41.3122]},"properties":{"id":"SEED001521","name":"Ns Medical Учтепа филиал","category":"medicine","source":"clinics.uz","confidence":"C","status":"auto_unverified"}},{"type":"Feature","geometry":{"type":"Point","coordinates":[69.2078,41.2285]},"properties":{"id":"SEED001522","name":"OFIYAT MED","category":"medicine","source":"clinics.uz","confidence":"C","status":"auto_unverified"}},{"type":"Feature","geometry":{"type":"Point","coordinates":[69.2728,41.339]},"properties":{"id":"SEED001523","name":"Poytaxt Medical","category":"medicine","source":"clinics.uz","confidence":"C","status":"auto_unverified"}},{"type":"Feature","geometry":{"type":"Point","coordinates":[69.2084,41.2129]},"properties":{"id":"SEED001524","name":"Samo Medical","category":"medicine","source":"clinics.uz","confidence":"C","status":"auto_unverified"}},{"type":"Feature","geometry":{"type":"Point","coordinates":[69.1536,41.2642]},"properties":{"id":"SEED001525","name":"SBJ Medical","category":"medicine","source":"clinics.uz","confidence":"C","status":"auto_unverified"}},{"type":"Feature","geometry":{"type":"Point","coordinates":[69.2323,41.2723]},"properties":{"id":"SEED001526","name":"Almazmed-Line","category":"medicine","source":"clinics.uz","confidence":"C","status":"auto_unverified"}},{"type":"Feature","geometry":{"type":"Point","coordinates":[69.2577,41.3428]},"properties":{"id":"SEED001527","name":"Big Pharm","category":"medicine","source":"clinics.uz","confidence":"C","status":"auto_unverified"}},{"type":"Feature","geometry":{"type":"Point","coordinates":[69.2438,41.2834]},"properties":{"id":"SEED001528","name":"Clinic of EMU","category":"medicine","source":"clinics.uz","confidence":"C","status":"auto_unverified"}},{"type":"Feature","geometry":{"type":"Point","coordinates":[69.208,41.3013]},"properties":{"id":"SEED001529","name":"Emu Oq tepa filial","category":"medicine","source":"clinics.uz","confidence":"C","status":"auto_unverified"}},{"type":"Feature","geometry":{"type":"Point","coordinates":[69.3341,41.3654]},"properties":{"id":"SEED001530","name":"Hayat KIDS","category":"medicine","source":"clinics.uz","confidence":"C","status":"auto_unverified"}},{"type":"Feature","geometry":{"type":"Point","coordinates":[69.2156,41.3608]},"properties":{"id":"SEED001531","name":"iMed Clinic","category":"medicine","source":"clinics.uz","confidence":"C","status":"auto_unverified"}},{"type":"Feature","geometry":{"type":"Point","coordinates":[69.1908,41.2582]},"properties":{"id":"SEED001532","name":"Kimyo University Hospital","category":"medicine","source":"clinics.uz","confidence":"C","status":"auto_unverified"}},{"type":"Feature","geometry":{"type":"Point","coordinates":[69.294,41.3326]},"properties":{"id":"SEED001533","name":"Mediofarm Hospital","category":"medicine","source":"clinics.uz","confidence":"C","status":"auto_unverified"}},{"type":"Feature","geometry":{"type":"Point","coordinates":[69.2574,41.3295]},"properties":{"id":"SEED001534","name":"Medion Aesthetic & SPA","category":"medicine","source":"clinics.uz","confidence":"C","status":"auto_unverified"}},{"type":"Feature","geometry":{"type":"Point","coordinates":[69.2574,41.3295]},"properties":{"id":"SEED001535","name":"Medion Dental Care","category":"medicine","source":"clinics.uz","confidence":"C","status":"auto_unverified"}},{"type":"Feature","geometry":{"type":"Point","coordinates":[69.1837,41.3726]},"properties":{"id":"SEED001536","name":"Ns Medical Бунёдкор","category":"medicine","source":"clinics.uz","confidence":"C","status":"auto_unverified"}},{"type":"Feature","geometry":{"type":"Point","coordinates":[69.3107,41.3743]},"properties":{"id":"SEED001537","name":"Nurshah","category":"medicine","source":"clinics.uz","confidence":"C","status":"auto_unverified"}},{"type":"Feature","geometry":{"type":"Point","coordinates":[69.5605,41.3118]},"properties":{"id":"SEED001538","name":"Orzu Medical - Паркентский филиал","category":"medicine","source":"clinics.uz","confidence":"C","status":"auto_unverified"}},{"type":"Feature","geometry":{"type":"Point","coordinates":[69.2584,41.3432]},"properties":{"id":"SEED001539","name":"Sinomed MD International Hospital","category":"medicine","source":"clinics.uz","confidence":"C","status":"auto_unverified"}},{"type":"Feature","geometry":{"type":"Point","coordinates":[69.3414,41.2845]},"properties":{"id":"SEED001540","name":"Viamed","category":"medicine","source":"clinics.uz","confidence":"C","status":"auto_unverified"}},{"type":"Feature","geometry":{"type":"Point","coordinates":[69.2109,41.2393]},"properties":{"id":"SEED001541","name":"Viva med","category":"medicine","source":"clinics.uz","confidence":"C","status":"auto_unverified"}},{"type":"Feature","geometry":{"type":"Point","coordinates":[69.3201,41.3159]},"properties":{"id":"SEED001542","name":"Здоровые дети - Паркентский филиал","category":"medicine","source":"clinics.uz","confidence":"C","status":"auto_unverified"}},{"type":"Feature","geometry":{"type":"Point","coordinates":[69.2123,41.2141]},"properties":{"id":"SEED001543","name":"Здоровые дети - Янгихаётский филиал","category":"medicine","source":"clinics.uz","confidence":"C","status":"auto_unverified"}},{"type":"Feature","geometry":{"type":"Point","coordinates":[69.2921,41.3194]},"properties":{"id":"SEED001544","name":"Клиника Доктора Максудовой филиал","category":"medicine","source":"clinics.uz","confidence":"C","status":"auto_unverified"}},{"type":"Feature","geometry":{"type":"Point","coordinates":[69.1975,41.303]},"properties":{"id":"SEED001545","name":"РСНПМЦ фтизиатрии и пульмонологии","category":"medicine","source":"clinics.uz","confidence":"C","status":"auto_unverified"}},{"type":"Feature","geometry":{"type":"Point","coordinates":[69.2721,41.2883]},"properties":{"id":"SEED001546","name":"Abclinic","category":"medicine","source":"clinics.uz","confidence":"C","status":"auto_unverified"}},{"type":"Feature","geometry":{"type":"Point","coordinates":[69.146,41.2741]},"properties":{"id":"SEED001547","name":"Abdullaev Medical (Урикзор)","category":"medicine","source":"clinics.uz","confidence":"C","status":"auto_unverified"}},{"type":"Feature","geometry":{"type":"Point","coordinates":[69.2725,41.3898]},"properties":{"id":"SEED001548","name":"About Child","category":"medicine","source":"clinics.uz","confidence":"C","status":"auto_unverified"}},{"type":"Feature","geometry":{"type":"Point","coordinates":[69.2105,41.2228]},"properties":{"id":"SEED001549","name":"Afzalbek Stom + LOR","category":"medicine","source":"clinics.uz","confidence":"C","status":"auto_unverified"}},{"type":"Feature","geometry":{"type":"Point","coordinates":[69.2081,41.2327]},"properties":{"id":"SEED001550","name":"Aider med","category":"medicine","source":"clinics.uz","confidence":"C","status":"auto_unverified"}},{"type":"Feature","geometry":{"type":"Point","coordinates":[69.2146,41.2677]},"properties":{"id":"SEED001551","name":"Akmal med service","category":"medicine","source":"clinics.uz","confidence":"C","status":"auto_unverified"}},{"type":"Feature","geometry":{"type":"Point","coordinates":[69.1766,41.3568]},"properties":{"id":"SEED001552","name":"Alisher shifo med tashmi","category":"medicine","source":"clinics.uz","confidence":"C","status":"auto_unverified"}},{"type":"Feature","geometry":{"type":"Point","coordinates":[69.2167,41.3578]},"properties":{"id":"SEED001553","name":"Alliance lab med","category":"medicine","source":"clinics.uz","confidence":"C","status":"auto_unverified"}},{"type":"Feature","geometry":{"type":"Point","coordinates":[69.2701,41.3045]},"properties":{"id":"SEED001554","name":"Allo doctor","category":"medicine","source":"clinics.uz","confidence":"C","status":"auto_unverified"}},{"type":"Feature","geometry":{"type":"Point","coordinates":[69.2097,41.2842]},"properties":{"id":"SEED001555","name":"Altomedservis","category":"medicine","source":"clinics.uz","confidence":"C","status":"auto_unverified"}},{"type":"Feature","geometry":{"type":"Point","coordinates":[69.3298,41.3055]},"properties":{"id":"SEED001556","name":"American Hospital & Fleboss","category":"medicine","source":"clinics.uz","confidence":"C","status":"auto_unverified"}},{"type":"Feature","geometry":{"type":"Point","coordinates":[69.2834,41.3607]},"properties":{"id":"SEED001557","name":"Anfa Clinic","category":"medicine","source":"clinics.uz","confidence":"C","status":"auto_unverified"}},{"type":"Feature","geometry":{"type":"Point","coordinates":[69.331,41.3136]},"properties":{"id":"SEED001558","name":"ANRO ULTRASOUND","category":"medicine","source":"clinics.uz","confidence":"C","status":"auto_unverified"}},{"type":"Feature","geometry":{"type":"Point","coordinates":[69.226,41.2936]},"properties":{"id":"SEED001559","name":"APICIS Med","category":"medicine","source":"clinics.uz","confidence":"C","status":"auto_unverified"}},{"type":"Feature","geometry":{"type":"Point","coordinates":[69.2601,41.2818]},"properties":{"id":"SEED001560","name":"Apolloniya Medical","category":"medicine","source":"clinics.uz","confidence":"C","status":"auto_unverified"}},{"type":"Feature","geometry":{"type":"Point","coordinates":[69.3234,41.252]},"properties":{"id":"SEED001561","name":"Ar-Gent","category":"medicine","source":"clinics.uz","confidence":"C","status":"auto_unverified"}},{"type":"Feature","geometry":{"type":"Point","coordinates":[69.2048,41.2968]},"properties":{"id":"SEED001562","name":"Aram clinic","category":"medicine","source":"clinics.uz","confidence":"C","status":"auto_unverified"}},{"type":"Feature","geometry":{"type":"Point","coordinates":[69.2129,41.3413]},"properties":{"id":"SEED001563","name":"Ark Hospital 24\/7","category":"medicine","source":"clinics.uz","confidence":"C","status":"auto_unverified"}},{"type":"Feature","geometry":{"type":"Point","coordinates":[69.2291,41.3168]},"properties":{"id":"SEED001564","name":"Art Derma","category":"medicine","source":"clinics.uz","confidence":"C","status":"auto_unverified"}},{"type":"Feature","geometry":{"type":"Point","coordinates":[69.2404,41.3489]},"properties":{"id":"SEED001565","name":"As-Medline","category":"medicine","source":"clinics.uz","confidence":"C","status":"auto_unverified"}},{"type":"Feature","geometry":{"type":"Point","coordinates":[69.1779,41.3362]},"properties":{"id":"SEED001566","name":"Asab Shifo Nur","category":"medicine","source":"clinics.uz","confidence":"C","status":"auto_unverified"}},{"type":"Feature","geometry":{"type":"Point","coordinates":[69.2611,41.374]},"properties":{"id":"SEED001567","name":"ASAD Kardiologiya Nevrologiya","category":"medicine","source":"clinics.uz","confidence":"C","status":"auto_unverified"}},{"type":"Feature","geometry":{"type":"Point","coordinates":[69.3117,41.3689]},"properties":{"id":"SEED001568","name":"Ash shifo med","category":"medicine","source":"clinics.uz","confidence":"C","status":"auto_unverified"}},{"type":"Feature","geometry":{"type":"Point","coordinates":[69.164,41.3162]},"properties":{"id":"SEED001569","name":"Ashurov Clinic","category":"medicine","source":"clinics.uz","confidence":"C","status":"auto_unverified"}},{"type":"Feature","geometry":{"type":"Point","coordinates":[69.2939,41.3729]},"properties":{"id":"SEED001570","name":"Asr-Farm","category":"medicine","source":"clinics.uz","confidence":"C","status":"auto_unverified"}},{"type":"Feature","geometry":{"type":"Point","coordinates":[69.1651,41.2353]},"properties":{"id":"SEED001571","name":"Assa Hospital","category":"medicine","source":"clinics.uz","confidence":"C","status":"auto_unverified"}},{"type":"Feature","geometry":{"type":"Point","coordinates":[69.3467,41.2892]},"properties":{"id":"SEED001572","name":"Assihat Medical Clinic","category":"medicine","source":"clinics.uz","confidence":"C","status":"auto_unverified"}},{"type":"Feature","geometry":{"type":"Point","coordinates":[69.1798,41.365]},"properties":{"id":"SEED001573","name":"Assuta Medical Clinic","category":"medicine","source":"clinics.uz","confidence":"C","status":"auto_unverified"}},{"type":"Feature","geometry":{"type":"Point","coordinates":[69.326,41.3227]},"properties":{"id":"SEED001574","name":"Atlant Med Service","category":"medicine","source":"clinics.uz","confidence":"C","status":"auto_unverified"}},{"type":"Feature","geometry":{"type":"Point","coordinates":[69.3494,41.3488]},"properties":{"id":"SEED001575","name":"Auris - Центр слуха","category":"medicine","source":"clinics.uz","confidence":"C","status":"auto_unverified"}},{"type":"Feature","geometry":{"type":"Point","coordinates":[69.2643,41.2834]},"properties":{"id":"SEED001576","name":"Aurum Clinik","category":"medicine","source":"clinics.uz","confidence":"C","status":"auto_unverified"}},{"type":"Feature","geometry":{"type":"Point","coordinates":[69.342,41.2952]},"properties":{"id":"SEED001577","name":"Aurum med","category":"medicine","source":"clinics.uz","confidence":"C","status":"auto_unverified"}},{"type":"Feature","geometry":{"type":"Point","coordinates":[69.2589,41.3037]},"properties":{"id":"SEED001578","name":"AYA - Семейная клиника","category":"medicine","source":"clinics.uz","confidence":"C","status":"auto_unverified"}},{"type":"Feature","geometry":{"type":"Point","coordinates":[69.2565,41.3972]},"properties":{"id":"SEED001579","name":"Baby Born Центр ЭКО","category":"medicine","source":"clinics.uz","confidence":"C","status":"auto_unverified"}},{"type":"Feature","geometry":{"type":"Point","coordinates":[69.2178,41.2264]},"properties":{"id":"SEED001580","name":"Baby boss clinic","category":"medicine","source":"clinics.uz","confidence":"C","status":"auto_unverified"}},{"type":"Feature","geometry":{"type":"Point","coordinates":[69.3372,41.3569]},"properties":{"id":"SEED001581","name":"Baby Fly Clinic","category":"medicine","source":"clinics.uz","confidence":"C","status":"auto_unverified"}},{"type":"Feature","geometry":{"type":"Point","coordinates":[69.2088,41.214]},"properties":{"id":"SEED001582","name":"Baby Iftixor","category":"medicine","source":"clinics.uz","confidence":"C","status":"auto_unverified"}},{"type":"Feature","geometry":{"type":"Point","coordinates":[69.1544,41.2593]},"properties":{"id":"SEED001583","name":"Baby Orto Med","category":"medicine","source":"clinics.uz","confidence":"C","status":"auto_unverified"}},{"type":"Feature","geometry":{"type":"Point","coordinates":[69.3482,41.2888]},"properties":{"id":"SEED001584","name":"Baxodir Shifo Diagnostika","category":"medicine","source":"clinics.uz","confidence":"C","status":"auto_unverified"}},{"type":"Feature","geometry":{"type":"Point","coordinates":[69.5203,41.3145]},"properties":{"id":"SEED001585","name":"Baxt Denta Service","category":"medicine","source":"clinics.uz","confidence":"C","status":"auto_unverified"}},{"type":"Feature","geometry":{"type":"Point","coordinates":[69.2125,41.2719]},"properties":{"id":"SEED001586","name":"Beautiful Smile","category":"medicine","source":"clinics.uz","confidence":"C","status":"auto_unverified"}},{"type":"Feature","geometry":{"type":"Point","coordinates":[69.3098,41.2461]},"properties":{"id":"SEED001587","name":"Best Med","category":"medicine","source":"clinics.uz","confidence":"C","status":"auto_unverified"}},{"type":"Feature","geometry":{"type":"Point","coordinates":[69.3888,41.3551]},"properties":{"id":"SEED001588","name":"Biomed Medical Service Group","category":"medicine","source":"clinics.uz","confidence":"C","status":"auto_unverified"}},{"type":"Feature","geometry":{"type":"Point","coordinates":[69.3437,41.3286]},"properties":{"id":"SEED001589","name":"Biorise Клиника биохакинга","category":"medicine","source":"clinics.uz","confidence":"C","status":"auto_unverified"}},{"type":"Feature","geometry":{"type":"Point","coordinates":[69.3147,41.3656]},"properties":{"id":"SEED001590","name":"BMP clinics","category":"medicine","source":"clinics.uz","confidence":"C","status":"auto_unverified"}},{"type":"Feature","geometry":{"type":"Point","coordinates":[69.2682,41.3054]},"properties":{"id":"SEED001591","name":"Bobur Stom","category":"medicine","source":"clinics.uz","confidence":"C","status":"auto_unverified"}},{"type":"Feature","geometry":{"type":"Point","coordinates":[69.1599,41.3125]},"properties":{"id":"SEED001592","name":"Bolajon med","category":"medicine","source":"clinics.uz","confidence":"C","status":"auto_unverified"}},{"type":"Feature","geometry":{"type":"Point","coordinates":[69.3829,41.3574]},"properties":{"id":"SEED001593","name":"Bravo Medical Laboratory","category":"medicine","source":"clinics.uz","confidence":"C","status":"auto_unverified"}},{"type":"Feature","geometry":{"type":"Point","coordinates":[69.2689,41.3015]},"properties":{"id":"SEED001594","name":"Bravo Pharma","category":"medicine","source":"clinics.uz","confidence":"C","status":"auto_unverified"}},{"type":"Feature","geometry":{"type":"Point","coordinates":[69.3013,41.2483]},"properties":{"id":"SEED001595","name":"Bu-Dur","category":"medicine","source":"clinics.uz","confidence":"C","status":"auto_unverified"}},{"type":"Feature","geometry":{"type":"Point","coordinates":[69.3865,41.3524]},"properties":{"id":"SEED001596","name":"CardioLife","category":"medicine","source":"clinics.uz","confidence":"C","status":"auto_unverified"}},{"type":"Feature","geometry":{"type":"Point","coordinates":[69.3514,41.3348]},"properties":{"id":"SEED001597","name":"Case Nova","category":"medicine","source":"clinics.uz","confidence":"C","status":"auto_unverified"}},{"type":"Feature","geometry":{"type":"Point","coordinates":[69.2329,41.2672]},"properties":{"id":"SEED001598","name":"Castlmed","category":"medicine","source":"clinics.uz","confidence":"C","status":"auto_unverified"}},{"type":"Feature","geometry":{"type":"Point","coordinates":[69.2906,41.3153]},"properties":{"id":"SEED001599","name":"Cattleya","category":"medicine","source":"clinics.uz","confidence":"C","status":"auto_unverified"}},{"type":"Feature","geometry":{"type":"Point","coordinates":[69.2185,41.266]},"properties":{"id":"SEED001600","name":"Central Kardio Servis","category":"medicine","source":"clinics.uz","confidence":"C","status":"auto_unverified"}},{"type":"Feature","geometry":{"type":"Point","coordinates":[69.2768,41.3306]},"properties":{"id":"SEED001601","name":"Central med","category":"medicine","source":"clinics.uz","confidence":"C","status":"auto_unverified"}},{"type":"Feature","geometry":{"type":"Point","coordinates":[69.3165,41.3666]},"properties":{"id":"SEED001602","name":"Centromed","category":"medicine","source":"clinics.uz","confidence":"C","status":"auto_unverified"}},{"type":"Feature","geometry":{"type":"Point","coordinates":[69.2417,41.2779]},"properties":{"id":"SEED001603","name":"ChilDent","category":"medicine","source":"clinics.uz","confidence":"C","status":"auto_unverified"}},{"type":"Feature","geometry":{"type":"Point","coordinates":[69.2008,41.2696]},"properties":{"id":"SEED001604","name":"Chilonzor Med Center","category":"medicine","source":"clinics.uz","confidence":"C","status":"auto_unverified"}},{"type":"Feature","geometry":{"type":"Point","coordinates":[69.2064,41.2704]},"properties":{"id":"SEED001605","name":"Chilonzor Tibbiy Ko'rik","category":"medicine","source":"clinics.uz","confidence":"C","status":"auto_unverified"}},{"type":"Feature","geometry":{"type":"Point","coordinates":[69.3117,41.3164]},"properties":{"id":"SEED001606","name":"Chinor Medical Center","category":"medicine","source":"clinics.uz","confidence":"C","status":"auto_unverified"}},{"type":"Feature","geometry":{"type":"Point","coordinates":[69.1894,41.2763]},"properties":{"id":"SEED001607","name":"Chiroy","category":"medicine","source":"clinics.uz","confidence":"C","status":"auto_unverified"}},{"type":"Feature","geometry":{"type":"Point","coordinates":[69.1834,41.2877]},"properties":{"id":"SEED001608","name":"Chudo Logo","category":"medicine","source":"clinics.uz","confidence":"C","status":"auto_unverified"}},{"type":"Feature","geometry":{"type":"Point","coordinates":[69.2009,41.2234]},"properties":{"id":"SEED001609","name":"City Doctor","category":"medicine","source":"clinics.uz","confidence":"C","status":"auto_unverified"}},{"type":"Feature","geometry":{"type":"Point","coordinates":[69.3194,41.3193]},"properties":{"id":"SEED001610","name":"ClinicPro","category":"medicine","source":"clinics.uz","confidence":"C","status":"auto_unverified"}},{"type":"Feature","geometry":{"type":"Point","coordinates":[69.3126,41.3675]},"properties":{"id":"SEED001611","name":"CM Clinic","category":"medicine","source":"clinics.uz","confidence":"C","status":"auto_unverified"}},{"type":"Feature","geometry":{"type":"Point","coordinates":[69.2858,41.3376]},"properties":{"id":"SEED001612","name":"Compass medical","category":"medicine","source":"clinics.uz","confidence":"C","status":"auto_unverified"}},{"type":"Feature","geometry":{"type":"Point","coordinates":[69.1932,41.2905]},"properties":{"id":"SEED001613","name":"Complex Med Clinic","category":"medicine","source":"clinics.uz","confidence":"C","status":"auto_unverified"}},{"type":"Feature","geometry":{"type":"Point","coordinates":[69.288,41.2777]},"properties":{"id":"SEED001614","name":"Cross Medical Center","category":"medicine","source":"clinics.uz","confidence":"C","status":"auto_unverified"}},{"type":"Feature","geometry":{"type":"Point","coordinates":[69.2098,41.3436]},"properties":{"id":"SEED001615","name":"Crystal med service","category":"medicine","source":"clinics.uz","confidence":"C","status":"auto_unverified"}},{"type":"Feature","geometry":{"type":"Point","coordinates":[69.1846,41.2858]},"properties":{"id":"SEED001616","name":"Darmon Diagnostika Servis","category":"medicine","source":"clinics.uz","confidence":"C","status":"auto_unverified"}},{"type":"Feature","geometry":{"type":"Point","coordinates":[69.2311,41.3402]},"properties":{"id":"SEED001617","name":"Darmon Nuri","category":"medicine","source":"clinics.uz","confidence":"C","status":"auto_unverified"}},{"type":"Feature","geometry":{"type":"Point","coordinates":[69.2065,41.2212]},"properties":{"id":"SEED001618","name":"Davo klinika","category":"medicine","source":"clinics.uz","confidence":"C","status":"auto_unverified"}},{"type":"Feature","geometry":{"type":"Point","coordinates":[69.2176,41.2784]},"properties":{"id":"SEED001619","name":"Davr Med Servis","category":"medicine","source":"clinics.uz","confidence":"C","status":"auto_unverified"}},{"type":"Feature","geometry":{"type":"Point","coordinates":[69.1516,41.2101]},"properties":{"id":"SEED001620","name":"DDS Medical Center","category":"medicine","source":"clinics.uz","confidence":"C","status":"auto_unverified"}},{"type":"Feature","geometry":{"type":"Point","coordinates":[69.2747,41.2925]},"properties":{"id":"SEED001621","name":"De Factum Kids","category":"medicine","source":"clinics.uz","confidence":"C","status":"auto_unverified"}},{"type":"Feature","geometry":{"type":"Point","coordinates":[69.2826,41.3269]},"properties":{"id":"SEED001622","name":"Denta","category":"medicine","source":"clinics.uz","confidence":"C","status":"auto_unverified"}},{"type":"Feature","geometry":{"type":"Point","coordinates":[69.2306,41.3251]},"properties":{"id":"SEED001623","name":"Denta - стоматологическая клиника","category":"medicine","source":"clinics.uz","confidence":"C","status":"auto_unverified"}},{"type":"Feature","geometry":{"type":"Point","coordinates":[69.3621,41.2966]},"properties":{"id":"SEED001624","name":"Denta-Lor","category":"medicine","source":"clinics.uz","confidence":"C","status":"auto_unverified"}},{"type":"Feature","geometry":{"type":"Point","coordinates":[69.2375,41.2968]},"properties":{"id":"SEED001625","name":"Denta-Servis-Fiziomed","category":"medicine","source":"clinics.uz","confidence":"C","status":"auto_unverified"}},{"type":"Feature","geometry":{"type":"Point","coordinates":[69.3625,41.3552]},"properties":{"id":"SEED001626","name":"Deti Med","category":"medicine","source":"clinics.uz","confidence":"C","status":"auto_unverified"}},{"type":"Feature","geometry":{"type":"Point","coordinates":[69.2166,41.3537]},"properties":{"id":"SEED001627","name":"Dialab Medical Service","category":"medicine","source":"clinics.uz","confidence":"C","status":"auto_unverified"}},{"type":"Feature","geometry":{"type":"Point","coordinates":[69.3585,41.3396]},"properties":{"id":"SEED001628","name":"Diason","category":"medicine","source":"clinics.uz","confidence":"C","status":"auto_unverified"}},{"type":"Feature","geometry":{"type":"Point","coordinates":[69.3184,41.3193]},"properties":{"id":"SEED001629","name":"DIGNUS LOR klinika","category":"medicine","source":"clinics.uz","confidence":"C","status":"auto_unverified"}},{"type":"Feature","geometry":{"type":"Point","coordinates":[69.3346,41.2212]},"properties":{"id":"SEED001630","name":"Dilfuza star med","category":"medicine","source":"clinics.uz","confidence":"C","status":"auto_unverified"}},{"type":"Feature","geometry":{"type":"Point","coordinates":[69.1963,41.2276]},"properties":{"id":"SEED001631","name":"Diyora Medical Centre","category":"medicine","source":"clinics.uz","confidence":"C","status":"auto_unverified"}},{"type":"Feature","geometry":{"type":"Point","coordinates":[69.185,41.273]},"properties":{"id":"SEED001632","name":"DMD Family Hospital","category":"medicine","source":"clinics.uz","confidence":"C","status":"auto_unverified"}},{"type":"Feature","geometry":{"type":"Point","coordinates":[69.2759,41.373]},"properties":{"id":"SEED001633","name":"DobroMed Clinic","category":"medicine","source":"clinics.uz","confidence":"C","status":"auto_unverified"}},{"type":"Feature","geometry":{"type":"Point","coordinates":[69.3163,41.3211]},"properties":{"id":"SEED001634","name":"Doctor Ahmadjon Neuro Clinic","category":"medicine","source":"clinics.uz","confidence":"C","status":"auto_unverified"}},{"type":"Feature","geometry":{"type":"Point","coordinates":[69.4079,41.3611]},"properties":{"id":"SEED001635","name":"Doctor Ashurov","category":"medicine","source":"clinics.uz","confidence":"C","status":"auto_unverified"}},{"type":"Feature","geometry":{"type":"Point","coordinates":[69.2566,41.3393]},"properties":{"id":"SEED001636","name":"Doctor D","category":"medicine","source":"clinics.uz","confidence":"C","status":"auto_unverified"}},{"type":"Feature","geometry":{"type":"Point","coordinates":[69.2017,41.4355]},"properties":{"id":"SEED001637","name":"DOCTOR FARRUH","category":"medicine","source":"clinics.uz","confidence":"C","status":"auto_unverified"}},{"type":"Feature","geometry":{"type":"Point","coordinates":[69.2196,41.3231]},"properties":{"id":"SEED001638","name":"Doctor Gulnoza","category":"medicine","source":"clinics.uz","confidence":"C","status":"auto_unverified"}},{"type":"Feature","geometry":{"type":"Point","coordinates":[69.2972,41.3587]},"properties":{"id":"SEED001639","name":"Doctor Hamida","category":"medicine","source":"clinics.uz","confidence":"C","status":"auto_unverified"}},{"type":"Feature","geometry":{"type":"Point","coordinates":[69.4562,41.386]},"properties":{"id":"SEED001640","name":"Doctor K medikal center","category":"medicine","source":"clinics.uz","confidence":"C","status":"auto_unverified"}},{"type":"Feature","geometry":{"type":"Point","coordinates":[69.2944,41.3443]},"properties":{"id":"SEED001641","name":"Doctor Sattorov","category":"medicine","source":"clinics.uz","confidence":"C","status":"auto_unverified"}},{"type":"Feature","geometry":{"type":"Point","coordinates":[69.3213,41.322]},"properties":{"id":"SEED001642","name":"Doctor Vays","category":"medicine","source":"clinics.uz","confidence":"C","status":"auto_unverified"}},{"type":"Feature","geometry":{"type":"Point","coordinates":[69.2777,41.3744]},"properties":{"id":"SEED001643","name":"Doctor-Z","category":"medicine","source":"clinics.uz","confidence":"C","status":"auto_unverified"}},{"type":"Feature","geometry":{"type":"Point","coordinates":[69.2156,41.2764]},"properties":{"id":"SEED001644","name":"Doktor A-med","category":"medicine","source":"clinics.uz","confidence":"C","status":"auto_unverified"}},{"type":"Feature","geometry":{"type":"Point","coordinates":[69.2137,41.274]},"properties":{"id":"SEED001645","name":"Doktor Allergolog","category":"medicine","source":"clinics.uz","confidence":"C","status":"auto_unverified"}},{"type":"Feature","geometry":{"type":"Point","coordinates":[69.1782,41.2925]},"properties":{"id":"SEED001646","name":"Doktor Aybolit","category":"medicine","source":"clinics.uz","confidence":"C","status":"auto_unverified"}},{"type":"Feature","geometry":{"type":"Point","coordinates":[69.2803,41.3602]},"properties":{"id":"SEED001647","name":"Doktor M","category":"medicine","source":"clinics.uz","confidence":"C","status":"auto_unverified"}},{"type":"Feature","geometry":{"type":"Point","coordinates":[69.2204,41.2911]},"properties":{"id":"SEED001648","name":"Doktor Profi","category":"medicine","source":"clinics.uz","confidence":"C","status":"auto_unverified"}},{"type":"Feature","geometry":{"type":"Point","coordinates":[69.259,41.2979]},"properties":{"id":"SEED001649","name":"Doktor Shahnoza Fayz","category":"medicine","source":"clinics.uz","confidence":"C","status":"auto_unverified"}},{"type":"Feature","geometry":{"type":"Point","coordinates":[69.2186,41.3225]},"properties":{"id":"SEED001650","name":"Doktor Vohid","category":"medicine","source":"clinics.uz","confidence":"C","status":"auto_unverified"}},{"type":"Feature","geometry":{"type":"Point","coordinates":[69.3341,41.2409]},"properties":{"id":"SEED001651","name":"Doktor Yakubov стоматологическая клиника","category":"medicine","source":"clinics.uz","confidence":"C","status":"auto_unverified"}},{"type":"Feature","geometry":{"type":"Point","coordinates":[69.3392,41.3592]},"properties":{"id":"SEED001652","name":"Dr Avis Hospital","category":"medicine","source":"clinics.uz","confidence":"C","status":"auto_unverified"}},{"type":"Feature","geometry":{"type":"Point","coordinates":[69.1582,41.305]},"properties":{"id":"SEED001653","name":"Dr Shoira Medical","category":"medicine","source":"clinics.uz","confidence":"C","status":"auto_unverified"}},{"type":"Feature","geometry":{"type":"Point","coordinates":[69.2755,41.3593]},"properties":{"id":"SEED001654","name":"Dr. Alisher's Clinic","category":"medicine","source":"clinics.uz","confidence":"C","status":"auto_unverified"}},{"type":"Feature","geometry":{"type":"Point","coordinates":[69.2268,41.2732]},"properties":{"id":"SEED001655","name":"Dr. Safarova Clinic","category":"medicine","source":"clinics.uz","confidence":"C","status":"auto_unverified"}},{"type":"Feature","geometry":{"type":"Point","coordinates":[69.2417,41.3458]},"properties":{"id":"SEED001656","name":"Dr. Sardor Medical","category":"medicine","source":"clinics.uz","confidence":"C","status":"auto_unverified"}},{"type":"Feature","geometry":{"type":"Point","coordinates":[69.3514,41.2844]},"properties":{"id":"SEED001657","name":"Dr. Xonnazarov","category":"medicine","source":"clinics.uz","confidence":"C","status":"auto_unverified"}},{"type":"Feature","geometry":{"type":"Point","coordinates":[69.3417,41.2977]},"properties":{"id":"SEED001658","name":"Dr.Juraev LOR klinika 24\/7","category":"medicine","source":"clinics.uz","confidence":"C","status":"auto_unverified"}},{"type":"Feature","geometry":{"type":"Point","coordinates":[69.2699,41.2987]},"properties":{"id":"SEED001659","name":"Dr.Skin","category":"medicine","source":"clinics.uz","confidence":"C","status":"auto_unverified"}},{"type":"Feature","geometry":{"type":"Point","coordinates":[69.2498,41.3331]},"properties":{"id":"SEED001660","name":"Dunyo ko'z klinikasi","category":"medicine","source":"clinics.uz","confidence":"C","status":"auto_unverified"}},{"type":"Feature","geometry":{"type":"Point","coordinates":[69.3038,41.3166]},"properties":{"id":"SEED001661","name":"Dynasty dental clinic","category":"medicine","source":"clinics.uz","confidence":"C","status":"auto_unverified"}},{"type":"Feature","geometry":{"type":"Point","coordinates":[69.2244,41.328]},"properties":{"id":"SEED001662","name":"Ekstramed","category":"medicine","source":"clinics.uz","confidence":"C","status":"auto_unverified"}},{"type":"Feature","geometry":{"type":"Point","coordinates":[69.2289,41.2715]},"properties":{"id":"SEED001663","name":"Eliksir","category":"medicine","source":"clinics.uz","confidence":"C","status":"auto_unverified"}},{"type":"Feature","geometry":{"type":"Point","coordinates":[69.2619,41.2733]},"properties":{"id":"SEED001664","name":"Elite clinic","category":"medicine","source":"clinics.uz","confidence":"C","status":"auto_unverified"}},{"type":"Feature","geometry":{"type":"Point","coordinates":[69.1999,41.281]},"properties":{"id":"SEED001665","name":"Erkatoymed","category":"medicine","source":"clinics.uz","confidence":"C","status":"auto_unverified"}},{"type":"Feature","geometry":{"type":"Point","coordinates":[69.2296,41.2868]},"properties":{"id":"SEED001666","name":"Estimed prime","category":"medicine","source":"clinics.uz","confidence":"C","status":"auto_unverified"}},{"type":"Feature","geometry":{"type":"Point","coordinates":[69.289,41.3654]},"properties":{"id":"SEED001667","name":"Evomed","category":"medicine","source":"clinics.uz","confidence":"C","status":"auto_unverified"}},{"type":"Feature","geometry":{"type":"Point","coordinates":[69.3458,41.2984]},"properties":{"id":"SEED001668","name":"Exclusive Lor-Gin","category":"medicine","source":"clinics.uz","confidence":"C","status":"auto_unverified"}},{"type":"Feature","geometry":{"type":"Point","coordinates":[69.2889,41.298]},"properties":{"id":"SEED001669","name":"Expert Aesthetics Clinic","category":"medicine","source":"clinics.uz","confidence":"C","status":"auto_unverified"}},{"type":"Feature","geometry":{"type":"Point","coordinates":[69.2138,41.335]},"properties":{"id":"SEED001670","name":"Expert Medical Clinic","category":"medicine","source":"clinics.uz","confidence":"C","status":"auto_unverified"}},{"type":"Feature","geometry":{"type":"Point","coordinates":[69.2647,41.3436]},"properties":{"id":"SEED001671","name":"Expert Medical Clinic - Pro Surgery","category":"medicine","source":"clinics.uz","confidence":"C","status":"auto_unverified"}},{"type":"Feature","geometry":{"type":"Point","coordinates":[69.2804,41.2964]},"properties":{"id":"SEED001672","name":"Family clinic","category":"medicine","source":"clinics.uz","confidence":"C","status":"auto_unverified"}},{"type":"Feature","geometry":{"type":"Point","coordinates":[69.2708,41.3666]},"properties":{"id":"SEED001673","name":"Family Doctors M","category":"medicine","source":"clinics.uz","confidence":"C","status":"auto_unverified"}},{"type":"Feature","geometry":{"type":"Point","coordinates":[69.2148,41.3407]},"properties":{"id":"SEED001674","name":"Family Medical House","category":"medicine","source":"clinics.uz","confidence":"C","status":"auto_unverified"}},{"type":"Feature","geometry":{"type":"Point","coordinates":[69.252,41.3403]},"properties":{"id":"SEED001675","name":"Family Sebzor Med","category":"medicine","source":"clinics.uz","confidence":"C","status":"auto_unverified"}},{"type":"Feature","geometry":{"type":"Point","coordinates":[69.3842,41.3515]},"properties":{"id":"SEED001676","name":"Faya Clinic","category":"medicine","source":"clinics.uz","confidence":"C","status":"auto_unverified"}},{"type":"Feature","geometry":{"type":"Point","coordinates":[69.2699,41.3784]},"properties":{"id":"SEED001677","name":"Fayz Medical House","category":"medicine","source":"clinics.uz","confidence":"C","status":"auto_unverified"}},{"type":"Feature","geometry":{"type":"Point","coordinates":[69.3461,41.2831]},"properties":{"id":"SEED001678","name":"Fayz Nova Medical","category":"medicine","source":"clinics.uz","confidence":"C","status":"auto_unverified"}},{"type":"Feature","geometry":{"type":"Point","coordinates":[69.2823,41.3005]},"properties":{"id":"SEED001679","name":"Fedorovich Klinikasi","category":"medicine","source":"clinics.uz","confidence":"C","status":"auto_unverified"}},{"type":"Feature","geometry":{"type":"Point","coordinates":[69.1843,41.363]},"properties":{"id":"SEED001680","name":"Femina Medical","category":"medicine","source":"clinics.uz","confidence":"C","status":"auto_unverified"}},{"type":"Feature","geometry":{"type":"Point","coordinates":[69.3712,41.3512]},"properties":{"id":"SEED001681","name":"Fidoiy","category":"medicine","source":"clinics.uz","confidence":"C","status":"auto_unverified"}},{"type":"Feature","geometry":{"type":"Point","coordinates":[69.2365,41.2974]},"properties":{"id":"SEED001682","name":"Fiziomed","category":"medicine","source":"clinics.uz","confidence":"C","status":"auto_unverified"}},{"type":"Feature","geometry":{"type":"Point","coordinates":[69.2634,41.2722]},"properties":{"id":"SEED001683","name":"Frank Medic +","category":"medicine","source":"clinics.uz","confidence":"C","status":"auto_unverified"}},{"type":"Feature","geometry":{"type":"Point","coordinates":[69.2016,41.3344]},"properties":{"id":"SEED001684","name":"Friendly Kids","category":"medicine","source":"clinics.uz","confidence":"C","status":"auto_unverified"}},{"type":"Feature","geometry":{"type":"Point","coordinates":[69.2457,41.3512]},"properties":{"id":"SEED001685","name":"FriendMed Clinic","category":"medicine","source":"clinics.uz","confidence":"C","status":"auto_unverified"}},{"type":"Feature","geometry":{"type":"Point","coordinates":[69.2025,41.3972]},"properties":{"id":"SEED001686","name":"FX Real Medical","category":"medicine","source":"clinics.uz","confidence":"C","status":"auto_unverified"}},{"type":"Feature","geometry":{"type":"Point","coordinates":[69.3325,41.2916]},"properties":{"id":"SEED001687","name":"G'ulomjon Neyro Servis","category":"medicine","source":"clinics.uz","confidence":"C","status":"auto_unverified"}},{"type":"Feature","geometry":{"type":"Point","coordinates":[69.3742,41.2546]},"properties":{"id":"SEED001688","name":"G'ulomjon Neyro Servis Бектемирский филиал","category":"medicine","source":"clinics.uz","confidence":"C","status":"auto_unverified"}},{"type":"Feature","geometry":{"type":"Point","coordinates":[69.2188,41.332]},"properties":{"id":"SEED001689","name":"Gano Irt Medicus","category":"medicine","source":"clinics.uz","confidence":"C","status":"auto_unverified"}},{"type":"Feature","geometry":{"type":"Point","coordinates":[69.3223,41.3049]},"properties":{"id":"SEED001690","name":"Garmonia medical","category":"medicine","source":"clinics.uz","confidence":"C","status":"auto_unverified"}},{"type":"Feature","geometry":{"type":"Point","coordinates":[69.1884,41.2891]},"properties":{"id":"SEED001691","name":"Gatling Med Учтепа филиал","category":"medicine","source":"clinics.uz","confidence":"C","status":"auto_unverified"}},{"type":"Feature","geometry":{"type":"Point","coordinates":[69.2903,41.3101]},"properties":{"id":"SEED001692","name":"Genesis","category":"medicine","source":"clinics.uz","confidence":"C","status":"auto_unverified"}},{"type":"Feature","geometry":{"type":"Point","coordinates":[69.2552,41.2766]},"properties":{"id":"SEED001693","name":"Genesis Clinic","category":"medicine","source":"clinics.uz","confidence":"C","status":"auto_unverified"}},{"type":"Feature","geometry":{"type":"Point","coordinates":[69.3105,41.3094]},"properties":{"id":"SEED001694","name":"Global Med System","category":"medicine","source":"clinics.uz","confidence":"C","status":"auto_unverified"}},{"type":"Feature","geometry":{"type":"Point","coordinates":[69.3479,41.2892]},"properties":{"id":"SEED001695","name":"Glorismed Clinic","category":"medicine","source":"clinics.uz","confidence":"C","status":"auto_unverified"}},{"type":"Feature","geometry":{"type":"Point","coordinates":[69.3135,41.3035]},"properties":{"id":"SEED001696","name":"Glow Clinic","category":"medicine","source":"clinics.uz","confidence":"C","status":"auto_unverified"}},{"type":"Feature","geometry":{"type":"Point","coordinates":[69.2896,41.3099]},"properties":{"id":"SEED001697","name":"GMG Medical Centre","category":"medicine","source":"clinics.uz","confidence":"C","status":"auto_unverified"}},{"type":"Feature","geometry":{"type":"Point","coordinates":[69.342,41.2368]},"properties":{"id":"SEED001698","name":"Gogo logo","category":"medicine","source":"clinics.uz","confidence":"C","status":"auto_unverified"}},{"type":"Feature","geometry":{"type":"Point","coordinates":[69.1942,41.3257]},"properties":{"id":"SEED001699","name":"Golden Baby","category":"medicine","source":"clinics.uz","confidence":"C","status":"auto_unverified"}},{"type":"Feature","geometry":{"type":"Point","coordinates":[69.1905,41.2905]},"properties":{"id":"SEED001700","name":"Gomeopatiya","category":"medicine","source":"clinics.uz","confidence":"C","status":"auto_unverified"}},{"type":"Feature","geometry":{"type":"Point","coordinates":[69.3603,41.2949]},"properties":{"id":"SEED001701","name":"Good Doctor Service","category":"medicine","source":"clinics.uz","confidence":"C","status":"auto_unverified"}},{"type":"Feature","geometry":{"type":"Point","coordinates":[69.2613,41.374]},"properties":{"id":"SEED001702","name":"GRAND medical clinic","category":"medicine","source":"clinics.uz","confidence":"C","status":"auto_unverified"}},{"type":"Feature","geometry":{"type":"Point","coordinates":[69.3291,41.3349]},"properties":{"id":"SEED001703","name":"Green Lukas Clinic","category":"medicine","source":"clinics.uz","confidence":"C","status":"auto_unverified"}},{"type":"Feature","geometry":{"type":"Point","coordinates":[69.2176,41.2119]},"properties":{"id":"SEED001704","name":"GREEN MED STAR","category":"medicine","source":"clinics.uz","confidence":"C","status":"auto_unverified"}},{"type":"Feature","geometry":{"type":"Point","coordinates":[69.3759,41.256]},"properties":{"id":"SEED001705","name":"Gregory Derm","category":"medicine","source":"clinics.uz","confidence":"C","status":"auto_unverified"}},{"type":"Feature","geometry":{"type":"Point","coordinates":[69.3889,41.3514]},"properties":{"id":"SEED001706","name":"GS Medical","category":"medicine","source":"clinics.uz","confidence":"C","status":"auto_unverified"}},{"type":"Feature","geometry":{"type":"Point","coordinates":[69.2998,41.3754]},"properties":{"id":"SEED001707","name":"Gulom Madaminbek","category":"medicine","source":"clinics.uz","confidence":"C","status":"auto_unverified"}},{"type":"Feature","geometry":{"type":"Point","coordinates":[69.3341,41.294]},"properties":{"id":"SEED001708","name":"Hadicha Medical","category":"medicine","source":"clinics.uz","confidence":"C","status":"auto_unverified"}},{"type":"Feature","geometry":{"type":"Point","coordinates":[69.333,41.3514]},"properties":{"id":"SEED001709","name":"Hakim Sino","category":"medicine","source":"clinics.uz","confidence":"C","status":"auto_unverified"}},{"type":"Feature","geometry":{"type":"Point","coordinates":[69.3137,41.3773]},"properties":{"id":"SEED001710","name":"Happy Life","category":"medicine","source":"clinics.uz","confidence":"C","status":"auto_unverified"}},{"type":"Feature","geometry":{"type":"Point","coordinates":[69.2973,41.3631]},"properties":{"id":"SEED001711","name":"Happy Speech","category":"medicine","source":"clinics.uz","confidence":"C","status":"auto_unverified"}},{"type":"Feature","geometry":{"type":"Point","coordinates":[69.2758,41.3196]},"properties":{"id":"SEED001712","name":"Harmony Aesthetic Clinic","category":"medicine","source":"clinics.uz","confidence":"C","status":"auto_unverified"}},{"type":"Feature","geometry":{"type":"Point","coordinates":[69.1729,41.3481]},"properties":{"id":"SEED001713","name":"Harmony Hospital","category":"medicine","source":"clinics.uz","confidence":"C","status":"auto_unverified"}},{"type":"Feature","geometry":{"type":"Point","coordinates":[69.2265,41.2002]},"properties":{"id":"SEED001714","name":"HasMed Clinics","category":"medicine","source":"clinics.uz","confidence":"C","status":"auto_unverified"}},{"type":"Feature","geometry":{"type":"Point","coordinates":[69.203,41.2207]},"properties":{"id":"SEED001715","name":"Havas Tibbiy Diagnostika","category":"medicine","source":"clinics.uz","confidence":"C","status":"auto_unverified"}},{"type":"Feature","geometry":{"type":"Point","coordinates":[69.3717,41.2762]},"properties":{"id":"SEED001716","name":"Health Vita Clinic","category":"medicine","source":"clinics.uz","confidence":"C","status":"auto_unverified"}},{"type":"Feature","geometry":{"type":"Point","coordinates":[69.2473,41.3306]},"properties":{"id":"SEED001717","name":"Healthful Diagnostics","category":"medicine","source":"clinics.uz","confidence":"C","status":"auto_unverified"}},{"type":"Feature","geometry":{"type":"Point","coordinates":[69.1671,41.3479]},"properties":{"id":"SEED001718","name":"Hello Doctor","category":"medicine","source":"clinics.uz","confidence":"C","status":"auto_unverified"}},{"type":"Feature","geometry":{"type":"Point","coordinates":[69.368,41.2496]},"properties":{"id":"SEED001719","name":"Hi-tech laboratories","category":"medicine","source":"clinics.uz","confidence":"C","status":"auto_unverified"}},{"type":"Feature","geometry":{"type":"Point","coordinates":[69.1806,41.2631]},"properties":{"id":"SEED001720","name":"Hilol med center","category":"medicine","source":"clinics.uz","confidence":"C","status":"auto_unverified"}},{"type":"Feature","geometry":{"type":"Point","coordinates":[69.2641,41.2811]},"properties":{"id":"SEED001721","name":"Hoffman's Rehabilitaion Clinic","category":"medicine","source":"clinics.uz","confidence":"C","status":"auto_unverified"}},{"type":"Feature","geometry":{"type":"Point","coordinates":[69.2666,41.3735]},"properties":{"id":"SEED001722","name":"Hongkong hospital","category":"medicine","source":"clinics.uz","confidence":"C","status":"auto_unverified"}},{"type":"Feature","geometry":{"type":"Point","coordinates":[69.2988,41.3081]},"properties":{"id":"SEED001723","name":"HOREV Medical Center","category":"medicine","source":"clinics.uz","confidence":"C","status":"auto_unverified"}},{"type":"Feature","geometry":{"type":"Point","coordinates":[69.1978,41.3354]},"properties":{"id":"SEED001724","name":"House medical","category":"medicine","source":"clinics.uz","confidence":"C","status":"auto_unverified"}},{"type":"Feature","geometry":{"type":"Point","coordinates":[69.2694,41.2958]},"properties":{"id":"SEED001725","name":"Humson Buloq","category":"medicine","source":"clinics.uz","confidence":"C","status":"auto_unverified"}},{"type":"Feature","geometry":{"type":"Point","coordinates":[69.2007,41.3402]},"properties":{"id":"SEED001726","name":"Huvaydo Medline","category":"medicine","source":"clinics.uz","confidence":"C","status":"auto_unverified"}},{"type":"Feature","geometry":{"type":"Point","coordinates":[69.1769,41.3421]},"properties":{"id":"SEED001727","name":"Ibn-sino Medical","category":"medicine","source":"clinics.uz","confidence":"C","status":"auto_unverified"}},{"type":"Feature","geometry":{"type":"Point","coordinates":[69.3338,41.3652]},"properties":{"id":"SEED001728","name":"ICLINIX Hayat Medical Centre","category":"medicine","source":"clinics.uz","confidence":"C","status":"auto_unverified"}},{"type":"Feature","geometry":{"type":"Point","coordinates":[69.2745,41.2376]},"properties":{"id":"SEED001729","name":"Id Medical","category":"medicine","source":"clinics.uz","confidence":"C","status":"auto_unverified"}},{"type":"Feature","geometry":{"type":"Point","coordinates":[69.1441,41.2936]},"properties":{"id":"SEED001730","name":"Ideal Med Clinic","category":"medicine","source":"clinics.uz","confidence":"C","status":"auto_unverified"}},{"type":"Feature","geometry":{"type":"Point","coordinates":[69.3184,41.3719]},"properties":{"id":"SEED001731","name":"Ihlos Doktor","category":"medicine","source":"clinics.uz","confidence":"C","status":"auto_unverified"}},{"type":"Feature","geometry":{"type":"Point","coordinates":[69.2422,41.2829]},"properties":{"id":"SEED001732","name":"Imbir Hospital","category":"medicine","source":"clinics.uz","confidence":"C","status":"auto_unverified"}},{"type":"Feature","geometry":{"type":"Point","coordinates":[69.3108,41.3048]},"properties":{"id":"SEED001733","name":"INDOMED (ERA med)","category":"medicine","source":"clinics.uz","confidence":"C","status":"auto_unverified"}},{"type":"Feature","geometry":{"type":"Point","coordinates":[69.2461,41.3258]},"properties":{"id":"SEED001734","name":"Infarmmadad","category":"medicine","source":"clinics.uz","confidence":"C","status":"auto_unverified"}},{"type":"Feature","geometry":{"type":"Point","coordinates":[69.3349,41.3543]},"properties":{"id":"SEED001735","name":"Infinity Clinic","category":"medicine","source":"clinics.uz","confidence":"C","status":"auto_unverified"}},{"type":"Feature","geometry":{"type":"Point","coordinates":[69.2204,41.3227]},"properties":{"id":"SEED001736","name":"Inject Medical","category":"medicine","source":"clinics.uz","confidence":"C","status":"auto_unverified"}},{"type":"Feature","geometry":{"type":"Point","coordinates":[69.3179,41.3718]},"properties":{"id":"SEED001737","name":"Interclinic","category":"medicine","source":"clinics.uz","confidence":"C","status":"auto_unverified"}},{"type":"Feature","geometry":{"type":"Point","coordinates":[69.2051,41.2967]},"properties":{"id":"SEED001738","name":"Intermed","category":"medicine","source":"clinics.uz","confidence":"C","status":"auto_unverified"}},{"type":"Feature","geometry":{"type":"Point","coordinates":[69.2909,41.3508]},"properties":{"id":"SEED001739","name":"INTERMED Innovation","category":"medicine","source":"clinics.uz","confidence":"C","status":"auto_unverified"}},{"type":"Feature","geometry":{"type":"Point","coordinates":[69.2812,41.2905]},"properties":{"id":"SEED001740","name":"Intermed Neuro","category":"medicine","source":"clinics.uz","confidence":"C","status":"auto_unverified"}},{"type":"Feature","geometry":{"type":"Point","coordinates":[69.1764,41.3492]},"properties":{"id":"SEED001741","name":"Invivo","category":"medicine","source":"clinics.uz","confidence":"C","status":"auto_unverified"}},{"type":"Feature","geometry":{"type":"Point","coordinates":[69.2551,41.3368]},"properties":{"id":"SEED001742","name":"Irodamed","category":"medicine","source":"clinics.uz","confidence":"C","status":"auto_unverified"}},{"type":"Feature","geometry":{"type":"Point","coordinates":[69.2389,41.3521]},"properties":{"id":"SEED001743","name":"Ismed Lor","category":"medicine","source":"clinics.uz","confidence":"C","status":"auto_unverified"}},{"type":"Feature","geometry":{"type":"Point","coordinates":[69.2376,41.3254]},"properties":{"id":"SEED001744","name":"Izumrud Medical Center","category":"medicine","source":"clinics.uz","confidence":"C","status":"auto_unverified"}},{"type":"Feature","geometry":{"type":"Point","coordinates":[69.1738,41.2945]},"properties":{"id":"SEED001745","name":"Jacksoft MDS","category":"medicine","source":"clinics.uz","confidence":"C","status":"auto_unverified"}},{"type":"Feature","geometry":{"type":"Point","coordinates":[69.2155,41.2763]},"properties":{"id":"SEED001746","name":"Jamoliddin Denta","category":"medicine","source":"clinics.uz","confidence":"C","status":"auto_unverified"}},{"type":"Feature","geometry":{"type":"Point","coordinates":[69.2745,41.2379]},"properties":{"id":"SEED001747","name":"Jamshid-Javohir-Med-Servis","category":"medicine","source":"clinics.uz","confidence":"C","status":"auto_unverified"}},{"type":"Feature","geometry":{"type":"Point","coordinates":[69.233,41.2115]},"properties":{"id":"SEED001748","name":"Jasorat Biznes","category":"medicine","source":"clinics.uz","confidence":"C","status":"auto_unverified"}},{"type":"Feature","geometry":{"type":"Point","coordinates":[69.1884,41.2719]},"properties":{"id":"SEED001749","name":"Jonier","category":"medicine","source":"clinics.uz","confidence":"C","status":"auto_unverified"}},{"type":"Feature","geometry":{"type":"Point","coordinates":[69.1741,41.2777]},"properties":{"id":"SEED001750","name":"Jonim Bolam - семейная клиника","category":"medicine","source":"clinics.uz","confidence":"C","status":"auto_unverified"}},{"type":"Feature","geometry":{"type":"Point","coordinates":[69.4567,41.3862]},"properties":{"id":"SEED001751","name":"Juramed","category":"medicine","source":"clinics.uz","confidence":"C","status":"auto_unverified"}},{"type":"Feature","geometry":{"type":"Point","coordinates":[69.227,41.3214]},"properties":{"id":"SEED001752","name":"K Mediwell","category":"medicine","source":"clinics.uz","confidence":"C","status":"auto_unverified"}},{"type":"Feature","geometry":{"type":"Point","coordinates":[69.2037,41.3422]},"properties":{"id":"SEED001753","name":"Kamilovs' clinic","category":"medicine","source":"clinics.uz","confidence":"C","status":"auto_unverified"}},{"type":"Feature","geometry":{"type":"Point","coordinates":[69.2138,41.3839]},"properties":{"id":"SEED001754","name":"Kamola Diagnostic Medicine","category":"medicine","source":"clinics.uz","confidence":"C","status":"auto_unverified"}},{"type":"Feature","geometry":{"type":"Point","coordinates":[69.3054,41.3284]},"properties":{"id":"SEED001755","name":"Karalin Med Lux","category":"medicine","source":"clinics.uz","confidence":"C","status":"auto_unverified"}},{"type":"Feature","geometry":{"type":"Point","coordinates":[69.1873,41.3503]},"properties":{"id":"SEED001756","name":"Karima tibbiyot markazi","category":"medicine","source":"clinics.uz","confidence":"C","status":"auto_unverified"}},{"type":"Feature","geometry":{"type":"Point","coordinates":[69.3147,41.3655]},"properties":{"id":"SEED001757","name":"Karimov clinic","category":"medicine","source":"clinics.uz","confidence":"C","status":"auto_unverified"}},{"type":"Feature","geometry":{"type":"Point","coordinates":[69.2211,41.293]},"properties":{"id":"SEED001758","name":"Kasmed","category":"medicine","source":"clinics.uz","confidence":"C","status":"auto_unverified"}},{"type":"Feature","geometry":{"type":"Point","coordinates":[69.2145,41.2101]},"properties":{"id":"SEED001759","name":"Kid's Health","category":"medicine","source":"clinics.uz","confidence":"C","status":"auto_unverified"}},{"type":"Feature","geometry":{"type":"Point","coordinates":[69.2026,41.2136]},"properties":{"id":"SEED001760","name":"Kids Doctor","category":"medicine","source":"clinics.uz","confidence":"C","status":"auto_unverified"}},{"type":"Feature","geometry":{"type":"Point","coordinates":[69.2954,41.3613]},"properties":{"id":"SEED001761","name":"Kids Lab","category":"medicine","source":"clinics.uz","confidence":"C","status":"auto_unverified"}},{"type":"Feature","geometry":{"type":"Point","coordinates":[69.3199,41.3502]},"properties":{"id":"SEED001762","name":"Kinder Med Plus","category":"medicine","source":"clinics.uz","confidence":"C","status":"auto_unverified"}},{"type":"Feature","geometry":{"type":"Point","coordinates":[69.1998,41.3659]},"properties":{"id":"SEED001763","name":"Klinika Said Hoji","category":"medicine","source":"clinics.uz","confidence":"C","status":"auto_unverified"}},{"type":"Feature","geometry":{"type":"Point","coordinates":[69.2373,41.2711]},"properties":{"id":"SEED001764","name":"Ko'z Nuri - Яккасарайский филиал","category":"medicine","source":"clinics.uz","confidence":"C","status":"auto_unverified"}},{"type":"Feature","geometry":{"type":"Point","coordinates":[69.277,41.2817]},"properties":{"id":"SEED001765","name":"Korean bright","category":"medicine","source":"clinics.uz","confidence":"C","status":"auto_unverified"}},{"type":"Feature","geometry":{"type":"Point","coordinates":[69.1864,41.2982]},"properties":{"id":"SEED001766","name":"KRIOMED","category":"medicine","source":"clinics.uz","confidence":"C","status":"auto_unverified"}},{"type":"Feature","geometry":{"type":"Point","coordinates":[69.2593,41.2885]},"properties":{"id":"SEED001767","name":"La Sante Dr. Djohdy","category":"medicine","source":"clinics.uz","confidence":"C","status":"auto_unverified"}},{"type":"Feature","geometry":{"type":"Point","coordinates":[69.2692,41.2862]},"properties":{"id":"SEED001768","name":"Lanvin Clinic","category":"medicine","source":"clinics.uz","confidence":"C","status":"auto_unverified"}},{"type":"Feature","geometry":{"type":"Point","coordinates":[69.193,41.299]},"properties":{"id":"SEED001769","name":"Laser Optica","category":"medicine","source":"clinics.uz","confidence":"C","status":"auto_unverified"}},{"type":"Feature","geometry":{"type":"Point","coordinates":[69.2841,41.3633]},"properties":{"id":"SEED001770","name":"Laylon","category":"medicine","source":"clinics.uz","confidence":"C","status":"auto_unverified"}},{"type":"Feature","geometry":{"type":"Point","coordinates":[69.3013,41.2807]},"properties":{"id":"SEED001771","name":"Laylon Greenwich","category":"medicine","source":"clinics.uz","confidence":"C","status":"auto_unverified"}},{"type":"Feature","geometry":{"type":"Point","coordinates":[69.3267,41.3274]},"properties":{"id":"SEED001772","name":"Lazizaxon Med","category":"medicine","source":"clinics.uz","confidence":"C","status":"auto_unverified"}},{"type":"Feature","geometry":{"type":"Point","coordinates":[69.3248,41.3322]},"properties":{"id":"SEED001773","name":"Lekris clinic","category":"medicine","source":"clinics.uz","confidence":"C","status":"auto_unverified"}},{"type":"Feature","geometry":{"type":"Point","coordinates":[69.3405,41.3281]},"properties":{"id":"SEED001774","name":"LIFE MEDIUM","category":"medicine","source":"clinics.uz","confidence":"C","status":"auto_unverified"}},{"type":"Feature","geometry":{"type":"Point","coordinates":[69.2957,41.3661]},"properties":{"id":"SEED001775","name":"Logo bolakay","category":"medicine","source":"clinics.uz","confidence":"C","status":"auto_unverified"}},{"type":"Feature","geometry":{"type":"Point","coordinates":[69.2191,41.3315]},"properties":{"id":"SEED001776","name":"Logo Olam","category":"medicine","source":"clinics.uz","confidence":"C","status":"auto_unverified"}},{"type":"Feature","geometry":{"type":"Point","coordinates":[69.2506,41.3307]},"properties":{"id":"SEED001777","name":"Logo Rayyan","category":"medicine","source":"clinics.uz","confidence":"C","status":"auto_unverified"}},{"type":"Feature","geometry":{"type":"Point","coordinates":[69.2081,41.3441]},"properties":{"id":"SEED001778","name":"Logo result","category":"medicine","source":"clinics.uz","confidence":"C","status":"auto_unverified"}},{"type":"Feature","geometry":{"type":"Point","coordinates":[69.3415,41.295]},"properties":{"id":"SEED001779","name":"Logo Smile","category":"medicine","source":"clinics.uz","confidence":"C","status":"auto_unverified"}},{"type":"Feature","geometry":{"type":"Point","coordinates":[69.365,41.3544]},"properties":{"id":"SEED001780","name":"Logo time","category":"medicine","source":"clinics.uz","confidence":"C","status":"auto_unverified"}},{"type":"Feature","geometry":{"type":"Point","coordinates":[69.2344,41.214]},"properties":{"id":"SEED001781","name":"Logopark","category":"medicine","source":"clinics.uz","confidence":"C","status":"auto_unverified"}},{"type":"Feature","geometry":{"type":"Point","coordinates":[69.1922,41.2746]},"properties":{"id":"SEED001782","name":"Lola Lor medical","category":"medicine","source":"clinics.uz","confidence":"C","status":"auto_unverified"}},{"type":"Feature","geometry":{"type":"Point","coordinates":[69.1903,41.2904]},"properties":{"id":"SEED001783","name":"LOR BOR","category":"medicine","source":"clinics.uz","confidence":"C","status":"auto_unverified"}},{"type":"Feature","geometry":{"type":"Point","coordinates":[69.2973,41.3789]},"properties":{"id":"SEED001784","name":"LOR CLINIC 24\/7","category":"medicine","source":"clinics.uz","confidence":"C","status":"auto_unverified"}},{"type":"Feature","geometry":{"type":"Point","coordinates":[69.2787,41.3609]},"properties":{"id":"SEED001785","name":"Lor-Stom","category":"medicine","source":"clinics.uz","confidence":"C","status":"auto_unverified"}},{"type":"Feature","geometry":{"type":"Point","coordinates":[69.2851,41.2436]},"properties":{"id":"SEED001786","name":"Lux Med","category":"medicine","source":"clinics.uz","confidence":"C","status":"auto_unverified"}},{"type":"Feature","geometry":{"type":"Point","coordinates":[69.1979,41.3486]},"properties":{"id":"SEED001787","name":"M A MED-HOSPITAL","category":"medicine","source":"clinics.uz","confidence":"C","status":"auto_unverified"}},{"type":"Feature","geometry":{"type":"Point","coordinates":[69.3795,41.3531]},"properties":{"id":"SEED001788","name":"M-Clinic","category":"medicine","source":"clinics.uz","confidence":"C","status":"auto_unverified"}},{"type":"Feature","geometry":{"type":"Point","coordinates":[69.2272,41.2991]},"properties":{"id":"SEED001789","name":"Malham clinic","category":"medicine","source":"clinics.uz","confidence":"C","status":"auto_unverified"}},{"type":"Feature","geometry":{"type":"Point","coordinates":[69.293,41.3697]},"properties":{"id":"SEED001790","name":"Max-Farm Clinic","category":"medicine","source":"clinics.uz","confidence":"C","status":"auto_unverified"}},{"type":"Feature","geometry":{"type":"Point","coordinates":[69.3499,41.2805]},"properties":{"id":"SEED001791","name":"Max-Medikal Service","category":"medicine","source":"clinics.uz","confidence":"C","status":"auto_unverified"}},{"type":"Feature","geometry":{"type":"Point","coordinates":[69.3342,41.3667]},"properties":{"id":"SEED001792","name":"Maxmed","category":"medicine","source":"clinics.uz","confidence":"C","status":"auto_unverified"}},{"type":"Feature","geometry":{"type":"Point","coordinates":[69.3044,41.2441]},"properties":{"id":"SEED001793","name":"MED ELITE","category":"medicine","source":"clinics.uz","confidence":"C","status":"auto_unverified"}},{"type":"Feature","geometry":{"type":"Point","coordinates":[69.1654,41.341]},"properties":{"id":"SEED001794","name":"Med Imperia","category":"medicine","source":"clinics.uz","confidence":"C","status":"auto_unverified"}},{"type":"Feature","geometry":{"type":"Point","coordinates":[69.1816,41.2812]},"properties":{"id":"SEED001795","name":"Med klaster","category":"medicine","source":"clinics.uz","confidence":"C","status":"auto_unverified"}},{"type":"Feature","geometry":{"type":"Point","coordinates":[69.3035,41.3242]},"properties":{"id":"SEED001796","name":"Med Lor 24\/7","category":"medicine","source":"clinics.uz","confidence":"C","status":"auto_unverified"}},{"type":"Feature","geometry":{"type":"Point","coordinates":[69.2168,41.2104]},"properties":{"id":"SEED001797","name":"Med One Doctor Abdulaziz Hoshimov","category":"medicine","source":"clinics.uz","confidence":"C","status":"auto_unverified"}},{"type":"Feature","geometry":{"type":"Point","coordinates":[69.1831,41.2974]},"properties":{"id":"SEED001798","name":"Med Optimal Plus","category":"medicine","source":"clinics.uz","confidence":"C","status":"auto_unverified"}},{"type":"Feature","geometry":{"type":"Point","coordinates":[69.2043,41.1965]},"properties":{"id":"SEED001799","name":"Med Profi Clinic","category":"medicine","source":"clinics.uz","confidence":"C","status":"auto_unverified"}},{"type":"Feature","geometry":{"type":"Point","coordinates":[69.3274,41.2428]},"properties":{"id":"SEED001800","name":"Medad Med","category":"medicine","source":"clinics.uz","confidence":"C","status":"auto_unverified"}},{"type":"Feature","geometry":{"type":"Point","coordinates":[69.3281,41.3267]},"properties":{"id":"SEED001801","name":"MEDANIS","category":"medicine","source":"clinics.uz","confidence":"C","status":"auto_unverified"}},{"type":"Feature","geometry":{"type":"Point","coordinates":[69.155,41.2634]},"properties":{"id":"SEED001802","name":"Medassa","category":"medicine","source":"clinics.uz","confidence":"C","status":"auto_unverified"}},{"type":"Feature","geometry":{"type":"Point","coordinates":[69.2278,41.2813]},"properties":{"id":"SEED001803","name":"Medela","category":"medicine","source":"clinics.uz","confidence":"C","status":"auto_unverified"}},{"type":"Feature","geometry":{"type":"Point","coordinates":[69.2341,41.286]},"properties":{"id":"SEED001804","name":"Medfit clinic","category":"medicine","source":"clinics.uz","confidence":"C","status":"auto_unverified"}},{"type":"Feature","geometry":{"type":"Point","coordinates":[69.3488,41.2879]},"properties":{"id":"SEED001805","name":"Medi Art","category":"medicine","source":"clinics.uz","confidence":"C","status":"auto_unverified"}},{"type":"Feature","geometry":{"type":"Point","coordinates":[69.185,41.2868]},"properties":{"id":"SEED001806","name":"MEDIA-GINEKS","category":"medicine","source":"clinics.uz","confidence":"C","status":"auto_unverified"}},{"type":"Feature","geometry":{"type":"Point","coordinates":[69.2816,41.2897]},"properties":{"id":"SEED001807","name":"Medical Intermed","category":"medicine","source":"clinics.uz","confidence":"C","status":"auto_unverified"}},{"type":"Feature","geometry":{"type":"Point","coordinates":[69.259,41.3038]},"properties":{"id":"SEED001808","name":"Medical Terra","category":"medicine","source":"clinics.uz","confidence":"C","status":"auto_unverified"}},{"type":"Feature","geometry":{"type":"Point","coordinates":[69.347,41.2966]},"properties":{"id":"SEED001809","name":"Medicana","category":"medicine","source":"clinics.uz","confidence":"C","status":"auto_unverified"}},{"type":"Feature","geometry":{"type":"Point","coordinates":[69.2544,41.3226]},"properties":{"id":"SEED001810","name":"Medik-As","category":"medicine","source":"clinics.uz","confidence":"C","status":"auto_unverified"}},{"type":"Feature","geometry":{"type":"Point","coordinates":[69.0935,41.2947]},"properties":{"id":"SEED001811","name":"Medikal Nur","category":"medicine","source":"clinics.uz","confidence":"C","status":"auto_unverified"}},{"type":"Feature","geometry":{"type":"Point","coordinates":[69.2976,41.3367]},"properties":{"id":"SEED001812","name":"MedInform","category":"medicine","source":"clinics.uz","confidence":"C","status":"auto_unverified"}},{"type":"Feature","geometry":{"type":"Point","coordinates":[69.167,41.3092]},"properties":{"id":"SEED001813","name":"Mediofarm (Учтепа)","category":"medicine","source":"clinics.uz","confidence":"C","status":"auto_unverified"}},{"type":"Feature","geometry":{"type":"Point","coordinates":[69.2727,41.2868]},"properties":{"id":"SEED001814","name":"Mediofarm ЭКО","category":"medicine","source":"clinics.uz","confidence":"C","status":"auto_unverified"}},{"type":"Feature","geometry":{"type":"Point","coordinates":[69.2267,41.2732]},"properties":{"id":"SEED001815","name":"MedioLife Clinic","category":"medicine","source":"clinics.uz","confidence":"C","status":"auto_unverified"}},{"type":"Feature","geometry":{"type":"Point","coordinates":[69.1506,41.2619]},"properties":{"id":"SEED001816","name":"Mediritm","category":"medicine","source":"clinics.uz","confidence":"C","status":"auto_unverified"}},{"type":"Feature","geometry":{"type":"Point","coordinates":[69.2823,41.3363]},"properties":{"id":"SEED001817","name":"Medivizio GBA","category":"medicine","source":"clinics.uz","confidence":"C","status":"auto_unverified"}},{"type":"Feature","geometry":{"type":"Point","coordinates":[69.2656,41.3289]},"properties":{"id":"SEED001818","name":"Medicana 2","category":"medicine","source":"clinics.uz","confidence":"C","status":"auto_unverified"}},{"type":"Feature","geometry":{"type":"Point","coordinates":[69.2411,41.2804]},"properties":{"id":"SEED001819","name":"MEDLINE","category":"medicine","source":"clinics.uz","confidence":"C","status":"auto_unverified"}},{"type":"Feature","geometry":{"type":"Point","coordinates":[69.2914,41.3737]},"properties":{"id":"SEED001820","name":"Medos","category":"medicine","source":"clinics.uz","confidence":"C","status":"auto_unverified"}},{"type":"Feature","geometry":{"type":"Point","coordinates":[69.3742,41.3398]},"properties":{"id":"SEED001821","name":"Medsi","category":"medicine","source":"clinics.uz","confidence":"C","status":"auto_unverified"}},{"type":"Feature","geometry":{"type":"Point","coordinates":[69.3086,41.4156]},"properties":{"id":"SEED001822","name":"Medzone Hospital","category":"medicine","source":"clinics.uz","confidence":"C","status":"auto_unverified"}},{"type":"Feature","geometry":{"type":"Point","coordinates":[69.1906,41.2292]},"properties":{"id":"SEED001823","name":"Mentol Medical","category":"medicine","source":"clinics.uz","confidence":"C","status":"auto_unverified"}},{"type":"Feature","geometry":{"type":"Point","coordinates":[69.2225,41.3774]},"properties":{"id":"SEED001824","name":"Mevazor Med","category":"medicine","source":"clinics.uz","confidence":"C","status":"auto_unverified"}},{"type":"Feature","geometry":{"type":"Point","coordinates":[69.2952,41.3723]},"properties":{"id":"SEED001825","name":"Mikromed","category":"medicine","source":"clinics.uz","confidence":"C","status":"auto_unverified"}},{"type":"Feature","geometry":{"type":"Point","coordinates":[69.2843,41.3682]},"properties":{"id":"SEED001826","name":"Miqdor","category":"medicine","source":"clinics.uz","confidence":"C","status":"auto_unverified"}},{"type":"Feature","geometry":{"type":"Point","coordinates":[69.1816,41.3652]},"properties":{"id":"SEED001827","name":"MirMed Clinic","category":"medicine","source":"clinics.uz","confidence":"C","status":"auto_unverified"}},{"type":"Feature","geometry":{"type":"Point","coordinates":[69.2036,41.3466]},"properties":{"id":"SEED001828","name":"Mizoj Medical","category":"medicine","source":"clinics.uz","confidence":"C","status":"auto_unverified"}},{"type":"Feature","geometry":{"type":"Point","coordinates":[69.3014,41.2834]},"properties":{"id":"SEED001829","name":"Monada-Amon","category":"medicine","source":"clinics.uz","confidence":"C","status":"auto_unverified"}},{"type":"Feature","geometry":{"type":"Point","coordinates":[69.2893,41.3544]},"properties":{"id":"SEED001830","name":"MONVITAL Medical Center","category":"medicine","source":"clinics.uz","confidence":"C","status":"auto_unverified"}},{"type":"Feature","geometry":{"type":"Point","coordinates":[69.2615,41.2227]},"properties":{"id":"SEED001831","name":"Mr. Doctor Clinic","category":"medicine","source":"clinics.uz","confidence":"C","status":"auto_unverified"}},{"type":"Feature","geometry":{"type":"Point","coordinates":[69.2267,41.2084]},"properties":{"id":"SEED001832","name":"Mubina Medical Service","category":"medicine","source":"clinics.uz","confidence":"C","status":"auto_unverified"}},{"type":"Feature","geometry":{"type":"Point","coordinates":[69.3038,41.3254]},"properties":{"id":"SEED001833","name":"Muqarnas","category":"medicine","source":"clinics.uz","confidence":"C","status":"auto_unverified"}},{"type":"Feature","geometry":{"type":"Point","coordinates":[69.391,41.3461]},"properties":{"id":"SEED001834","name":"My Diagnostic Center","category":"medicine","source":"clinics.uz","confidence":"C","status":"auto_unverified"}},{"type":"Feature","geometry":{"type":"Point","coordinates":[69.4047,41.3339]},"properties":{"id":"SEED001835","name":"Nafis Med Esthetics","category":"medicine","source":"clinics.uz","confidence":"C","status":"auto_unverified"}},{"type":"Feature","geometry":{"type":"Point","coordinates":[69.2372,41.2711]},"properties":{"id":"SEED001836","name":"Najod-Shifo","category":"medicine","source":"clinics.uz","confidence":"C","status":"auto_unverified"}},{"type":"Feature","geometry":{"type":"Point","coordinates":[69.2693,41.2942]},"properties":{"id":"SEED001837","name":"Nano Hair Clinic","category":"medicine","source":"clinics.uz","confidence":"C","status":"auto_unverified"}},{"type":"Feature","geometry":{"type":"Point","coordinates":[69.2149,41.3482]},"properties":{"id":"SEED001838","name":"NANO Medical Clinic","category":"medicine","source":"clinics.uz","confidence":"C","status":"auto_unverified"}},{"type":"Feature","geometry":{"type":"Point","coordinates":[69.1788,41.3481]},"properties":{"id":"SEED001839","name":"Nasiba Shifo","category":"medicine","source":"clinics.uz","confidence":"C","status":"auto_unverified"}},{"type":"Feature","geometry":{"type":"Point","coordinates":[69.1335,41.3065]},"properties":{"id":"SEED001840","name":"Nazarbek Klinic","category":"medicine","source":"clinics.uz","confidence":"C","status":"auto_unverified"}},{"type":"Feature","geometry":{"type":"Point","coordinates":[69.3887,41.3539]},"properties":{"id":"SEED001841","name":"Nd Clinic","category":"medicine","source":"clinics.uz","confidence":"C","status":"auto_unverified"}},{"type":"Feature","geometry":{"type":"Point","coordinates":[69.1998,41.347]},"properties":{"id":"SEED001842","name":"NDC-Medic (Беруни)","category":"medicine","source":"clinics.uz","confidence":"C","status":"auto_unverified"}},{"type":"Feature","geometry":{"type":"Point","coordinates":[69.2017,41.2713]},"properties":{"id":"SEED001843","name":"NDC-Medic (Чиланзар)","category":"medicine","source":"clinics.uz","confidence":"C","status":"auto_unverified"}},{"type":"Feature","geometry":{"type":"Point","coordinates":[69.3272,41.3052]},"properties":{"id":"SEED001844","name":"NEO clinic","category":"medicine","source":"clinics.uz","confidence":"C","status":"auto_unverified"}},{"type":"Feature","geometry":{"type":"Point","coordinates":[69.2035,41.3363]},"properties":{"id":"SEED001845","name":"Neo Lab Diagnostics","category":"medicine","source":"clinics.uz","confidence":"C","status":"auto_unverified"}},{"type":"Feature","geometry":{"type":"Point","coordinates":[69.2957,41.366]},"properties":{"id":"SEED001846","name":"Neo Life Clinic","category":"medicine","source":"clinics.uz","confidence":"C","status":"auto_unverified"}},{"type":"Feature","geometry":{"type":"Point","coordinates":[69.2198,41.2674]},"properties":{"id":"SEED001847","name":"Neo med cardio","category":"medicine","source":"clinics.uz","confidence":"C","status":"auto_unverified"}},{"type":"Feature","geometry":{"type":"Point","coordinates":[69.1992,41.2948]},"properties":{"id":"SEED001848","name":"Nephro Medicare","category":"medicine","source":"clinics.uz","confidence":"C","status":"auto_unverified"}},{"type":"Feature","geometry":{"type":"Point","coordinates":[69.3397,41.3594]},"properties":{"id":"SEED001849","name":"NEURO CARDIO MEDIC","category":"medicine","source":"clinics.uz","confidence":"C","status":"auto_unverified"}},{"type":"Feature","geometry":{"type":"Point","coordinates":[69.2573,41.2999]},"properties":{"id":"SEED001850","name":"Neuro Kids","category":"medicine","source":"clinics.uz","confidence":"C","status":"auto_unverified"}},{"type":"Feature","geometry":{"type":"Point","coordinates":[69.2412,41.3494]},"properties":{"id":"SEED001851","name":"Neuro Tab","category":"medicine","source":"clinics.uz","confidence":"C","status":"auto_unverified"}},{"type":"Feature","geometry":{"type":"Point","coordinates":[69.3457,41.2888]},"properties":{"id":"SEED001852","name":"Neuro vita","category":"medicine","source":"clinics.uz","confidence":"C","status":"auto_unverified"}},{"type":"Feature","geometry":{"type":"Point","coordinates":[69.2807,41.3596]},"properties":{"id":"SEED001853","name":"NeuroConcilium","category":"medicine","source":"clinics.uz","confidence":"C","status":"auto_unverified"}},{"type":"Feature","geometry":{"type":"Point","coordinates":[69.1896,41.2899]},"properties":{"id":"SEED001854","name":"Neurofax - B","category":"medicine","source":"clinics.uz","confidence":"C","status":"auto_unverified"}},{"type":"Feature","geometry":{"type":"Point","coordinates":[69.3716,41.246]},"properties":{"id":"SEED001855","name":"Neurokey","category":"medicine","source":"clinics.uz","confidence":"C","status":"auto_unverified"}},{"type":"Feature","geometry":{"type":"Point","coordinates":[69.1782,41.3123]},"properties":{"id":"SEED001856","name":"Nevro Servis","category":"medicine","source":"clinics.uz","confidence":"C","status":"auto_unverified"}},{"type":"Feature","geometry":{"type":"Point","coordinates":[69.2296,41.2058]},"properties":{"id":"SEED001857","name":"Nevromaster","category":"medicine","source":"clinics.uz","confidence":"C","status":"auto_unverified"}},{"type":"Feature","geometry":{"type":"Point","coordinates":[69.2048,41.2095]},"properties":{"id":"SEED001858","name":"New Grand Medical Center","category":"medicine","source":"clinics.uz","confidence":"C","status":"auto_unverified"}},{"type":"Feature","geometry":{"type":"Point","coordinates":[69.3194,41.3796]},"properties":{"id":"SEED001859","name":"New Medical Service","category":"medicine","source":"clinics.uz","confidence":"C","status":"auto_unverified"}},{"type":"Feature","geometry":{"type":"Point","coordinates":[69.2187,41.3533]},"properties":{"id":"SEED001860","name":"New Stoma Med + LOR","category":"medicine","source":"clinics.uz","confidence":"C","status":"auto_unverified"}},{"type":"Feature","geometry":{"type":"Point","coordinates":[69.3545,41.382]},"properties":{"id":"SEED001861","name":"Nigora-shifo","category":"medicine","source":"clinics.uz","confidence":"C","status":"auto_unverified"}},{"type":"Feature","geometry":{"type":"Point","coordinates":[69.3292,41.2421]},"properties":{"id":"SEED001862","name":"NIKAMED","category":"medicine","source":"clinics.uz","confidence":"C","status":"auto_unverified"}},{"type":"Feature","geometry":{"type":"Point","coordinates":[69.2949,41.3063]},"properties":{"id":"SEED001863","name":"Nikox va Oila","category":"medicine","source":"clinics.uz","confidence":"C","status":"auto_unverified"}},{"type":"Feature","geometry":{"type":"Point","coordinates":[69.4336,41.3329]},"properties":{"id":"SEED001864","name":"Nini med clinic","category":"medicine","source":"clinics.uz","confidence":"C","status":"auto_unverified"}},{"type":"Feature","geometry":{"type":"Point","coordinates":[69.206,41.2806]},"properties":{"id":"SEED001865","name":"Nor-Tibbiyot","category":"medicine","source":"clinics.uz","confidence":"C","status":"auto_unverified"}},{"type":"Feature","geometry":{"type":"Point","coordinates":[69.3467,41.3452]},"properties":{"id":"SEED001866","name":"Nora Medical","category":"medicine","source":"clinics.uz","confidence":"C","status":"auto_unverified"}},{"type":"Feature","geometry":{"type":"Point","coordinates":[69.2791,41.321]},"properties":{"id":"SEED001867","name":"NORAX","category":"medicine","source":"clinics.uz","confidence":"C","status":"auto_unverified"}},{"type":"Feature","geometry":{"type":"Point","coordinates":[69.3014,41.3253]},"properties":{"id":"SEED001868","name":"Nova diagnostic","category":"medicine","source":"clinics.uz","confidence":"C","status":"auto_unverified"}},{"type":"Feature","geometry":{"type":"Point","coordinates":[69.3336,41.3116]},"properties":{"id":"SEED001869","name":"Novamed","category":"medicine","source":"clinics.uz","confidence":"C","status":"auto_unverified"}},{"type":"Feature","geometry":{"type":"Point","coordinates":[69.1767,41.3496]},"properties":{"id":"SEED001870","name":"NSS Medical Center","category":"medicine","source":"clinics.uz","confidence":"C","status":"auto_unverified"}},{"type":"Feature","geometry":{"type":"Point","coordinates":[69.277,41.3305]},"properties":{"id":"SEED001871","name":"Ntm Dialog","category":"medicine","source":"clinics.uz","confidence":"C","status":"auto_unverified"}},{"type":"Feature","geometry":{"type":"Point","coordinates":[69.2954,41.2984]},"properties":{"id":"SEED001872","name":"NUMA Diagnostics","category":"medicine","source":"clinics.uz","confidence":"C","status":"auto_unverified"}},{"type":"Feature","geometry":{"type":"Point","coordinates":[69.216,41.3273]},"properties":{"id":"SEED001873","name":"Nurhayot","category":"medicine","source":"clinics.uz","confidence":"C","status":"auto_unverified"}},{"type":"Feature","geometry":{"type":"Point","coordinates":[69.2665,41.3196]},"properties":{"id":"SEED001874","name":"O'zbekiston","category":"medicine","source":"clinics.uz","confidence":"C","status":"auto_unverified"}},{"type":"Feature","geometry":{"type":"Point","coordinates":[69.3259,41.3448]},"properties":{"id":"SEED001875","name":"O'zkabel Shifoxonasi","category":"medicine","source":"clinics.uz","confidence":"C","status":"auto_unverified"}},{"type":"Feature","geometry":{"type":"Point","coordinates":[69.2552,41.3372]},"properties":{"id":"SEED001876","name":"Oftob MedLine","category":"medicine","source":"clinics.uz","confidence":"C","status":"auto_unverified"}},{"type":"Feature","geometry":{"type":"Point","coordinates":[69.0651,41.1096]},"properties":{"id":"SEED001877","name":"Oila Med","category":"medicine","source":"clinics.uz","confidence":"C","status":"auto_unverified"}},{"type":"Feature","geometry":{"type":"Point","coordinates":[69.2766,41.3305]},"properties":{"id":"SEED001878","name":"Oila Tibbiy Markazi","category":"medicine","source":"clinics.uz","confidence":"C","status":"auto_unverified"}},{"type":"Feature","geometry":{"type":"Point","coordinates":[69.1652,41.2782]},"properties":{"id":"SEED001879","name":"Olam klinika","category":"medicine","source":"clinics.uz","confidence":"C","status":"auto_unverified"}},{"type":"Feature","geometry":{"type":"Point","coordinates":[69.2148,41.2153]},"properties":{"id":"SEED001880","name":"Olam klinika - Янгихаятский филиал","category":"medicine","source":"clinics.uz","confidence":"C","status":"auto_unverified"}},{"type":"Feature","geometry":{"type":"Point","coordinates":[69.3383,41.3396]},"properties":{"id":"SEED001881","name":"Omega Med","category":"medicine","source":"clinics.uz","confidence":"C","status":"auto_unverified"}},{"type":"Feature","geometry":{"type":"Point","coordinates":[69.3244,41.3049]},"properties":{"id":"SEED001882","name":"Omon Med","category":"medicine","source":"clinics.uz","confidence":"C","status":"auto_unverified"}},{"type":"Feature","geometry":{"type":"Point","coordinates":[69.274,41.2921]},"properties":{"id":"SEED001883","name":"OpenLab","category":"medicine","source":"clinics.uz","confidence":"C","status":"auto_unverified"}},{"type":"Feature","geometry":{"type":"Point","coordinates":[69.2197,41.3535]},"properties":{"id":"SEED001884","name":"Optimed","category":"medicine","source":"clinics.uz","confidence":"C","status":"auto_unverified"}},{"type":"Feature","geometry":{"type":"Point","coordinates":[69.2013,41.2157]},"properties":{"id":"SEED001885","name":"Origin Medical Services","category":"medicine","source":"clinics.uz","confidence":"C","status":"auto_unverified"}},{"type":"Feature","geometry":{"type":"Point","coordinates":[69.3549,41.3925]},"properties":{"id":"SEED001886","name":"Osiyo life","category":"medicine","source":"clinics.uz","confidence":"C","status":"auto_unverified"}},{"type":"Feature","geometry":{"type":"Point","coordinates":[69.3271,41.3153]},"properties":{"id":"SEED001887","name":"Oz-Med","category":"medicine","source":"clinics.uz","confidence":"C","status":"auto_unverified"}},{"type":"Feature","geometry":{"type":"Point","coordinates":[69.2145,41.2258]},"properties":{"id":"SEED001888","name":"Parus Logo Centre","category":"medicine","source":"clinics.uz","confidence":"C","status":"auto_unverified"}},{"type":"Feature","geometry":{"type":"Point","coordinates":[69.309,41.3315]},"properties":{"id":"SEED001889","name":"Perfect Hair","category":"medicine","source":"clinics.uz","confidence":"C","status":"auto_unverified"}},{"type":"Feature","geometry":{"type":"Point","coordinates":[69.0657,41.1097]},"properties":{"id":"SEED001890","name":"Perfect Medical Centere","category":"medicine","source":"clinics.uz","confidence":"C","status":"auto_unverified"}},{"type":"Feature","geometry":{"type":"Point","coordinates":[69.2198,41.3507]},"properties":{"id":"SEED001891","name":"PLATINUM ORTO","category":"medicine","source":"clinics.uz","confidence":"C","status":"auto_unverified"}},{"type":"Feature","geometry":{"type":"Point","coordinates":[69.3445,41.282]},"properties":{"id":"SEED001892","name":"Podology Clinic","category":"medicine","source":"clinics.uz","confidence":"C","status":"auto_unverified"}},{"type":"Feature","geometry":{"type":"Point","coordinates":[69.1945,41.2762]},"properties":{"id":"SEED001893","name":"Poytaxt med diagnostika","category":"medicine","source":"clinics.uz","confidence":"C","status":"auto_unverified"}},{"type":"Feature","geometry":{"type":"Point","coordinates":[69.2162,41.2665]},"properties":{"id":"SEED001894","name":"Premier Medical","category":"medicine","source":"clinics.uz","confidence":"C","status":"auto_unverified"}},{"type":"Feature","geometry":{"type":"Point","coordinates":[69.2699,41.293]},"properties":{"id":"SEED001895","name":"Premium Aesthetics","category":"medicine","source":"clinics.uz","confidence":"C","status":"auto_unverified"}},{"type":"Feature","geometry":{"type":"Point","coordinates":[69.1672,41.3093]},"properties":{"id":"SEED001896","name":"Premium Diagnostics","category":"medicine","source":"clinics.uz","confidence":"C","status":"auto_unverified"}},{"type":"Feature","geometry":{"type":"Point","coordinates":[69.1583,41.3051]},"properties":{"id":"SEED001897","name":"Premium medline","category":"medicine","source":"clinics.uz","confidence":"C","status":"auto_unverified"}},{"type":"Feature","geometry":{"type":"Point","coordinates":[69.3744,41.2547]},"properties":{"id":"SEED001898","name":"Prima-Dent","category":"medicine","source":"clinics.uz","confidence":"C","status":"auto_unverified"}},{"type":"Feature","geometry":{"type":"Point","coordinates":[69.2239,41.3304]},"properties":{"id":"SEED001899","name":"Prime Medical Center","category":"medicine","source":"clinics.uz","confidence":"C","status":"auto_unverified"}},{"type":"Feature","geometry":{"type":"Point","coordinates":[69.2416,41.3973]},"properties":{"id":"SEED001900","name":"Proband Clinic","category":"medicine","source":"clinics.uz","confidence":"C","status":"auto_unverified"}},{"type":"Feature","geometry":{"type":"Point","coordinates":[69.326,41.3101]},"properties":{"id":"SEED001901","name":"Prof Med Service Endoxirurgiya markazi","category":"medicine","source":"clinics.uz","confidence":"C","status":"auto_unverified"}},{"type":"Feature","geometry":{"type":"Point","coordinates":[69.3907,41.3463]},"properties":{"id":"SEED001902","name":"ProMed Clinic","category":"medicine","source":"clinics.uz","confidence":"C","status":"auto_unverified"}},{"type":"Feature","geometry":{"type":"Point","coordinates":[69.1764,41.3497]},"properties":{"id":"SEED001903","name":"PureMed Clinic","category":"medicine","source":"clinics.uz","confidence":"C","status":"auto_unverified"}},{"type":"Feature","geometry":{"type":"Point","coordinates":[69.2113,41.2232]},"properties":{"id":"SEED001904","name":"Qalbi Nur Med","category":"medicine","source":"clinics.uz","confidence":"C","status":"auto_unverified"}},{"type":"Feature","geometry":{"type":"Point","coordinates":[69.2367,41.317]},"properties":{"id":"SEED001905","name":"Qoratosh Sanavita","category":"medicine","source":"clinics.uz","confidence":"C","status":"auto_unverified"}},{"type":"Feature","geometry":{"type":"Point","coordinates":[69.2254,41.3585]},"properties":{"id":"SEED001906","name":"Ra'no Fayz","category":"medicine","source":"clinics.uz","confidence":"C","status":"auto_unverified"}},{"type":"Feature","geometry":{"type":"Point","coordinates":[69.3471,41.2851]},"properties":{"id":"SEED001907","name":"RAY MED KLINIKA","category":"medicine","source":"clinics.uz","confidence":"C","status":"auto_unverified"}},{"type":"Feature","geometry":{"type":"Point","coordinates":[69.2137,41.3506]},"properties":{"id":"SEED001908","name":"Real Medical Tibbiyot Markazi","category":"medicine","source":"clinics.uz","confidence":"C","status":"auto_unverified"}},{"type":"Feature","geometry":{"type":"Point","coordinates":[69.3348,41.306]},"properties":{"id":"SEED001909","name":"ReGen","category":"medicine","source":"clinics.uz","confidence":"C","status":"auto_unverified"}},{"type":"Feature","geometry":{"type":"Point","coordinates":[69.2324,41.2724]},"properties":{"id":"SEED001910","name":"ReLive clinic","category":"medicine","source":"clinics.uz","confidence":"C","status":"auto_unverified"}},{"type":"Feature","geometry":{"type":"Point","coordinates":[69.2174,41.3225]},"properties":{"id":"SEED001911","name":"Remedium clinic","category":"medicine","source":"clinics.uz","confidence":"C","status":"auto_unverified"}},{"type":"Feature","geometry":{"type":"Point","coordinates":[69.3355,41.3413]},"properties":{"id":"SEED001912","name":"Respublika Sport-Sog'lomlashtirish Majmuasi","category":"medicine","source":"clinics.uz","confidence":"C","status":"auto_unverified"}},{"type":"Feature","geometry":{"type":"Point","coordinates":[69.0678,41.1108]},"properties":{"id":"SEED001913","name":"Rustambek-Niyat","category":"medicine","source":"clinics.uz","confidence":"C","status":"auto_unverified"}},{"type":"Feature","geometry":{"type":"Point","coordinates":[69.3682,41.3568]},"properties":{"id":"SEED001914","name":"Rustamov's Clinic","category":"medicine","source":"clinics.uz","confidence":"C","status":"auto_unverified"}},{"type":"Feature","geometry":{"type":"Point","coordinates":[69.1609,41.3146]},"properties":{"id":"SEED001915","name":"Saba Darmon Diagnostics","category":"medicine","source":"clinics.uz","confidence":"C","status":"auto_unverified"}},{"type":"Feature","geometry":{"type":"Point","coordinates":[69.2144,41.2263]},"properties":{"id":"SEED001916","name":"Saba Med","category":"medicine","source":"clinics.uz","confidence":"C","status":"auto_unverified"}},{"type":"Feature","geometry":{"type":"Point","coordinates":[69.3332,41.2939]},"properties":{"id":"SEED001917","name":"Saif ProFace","category":"medicine","source":"clinics.uz","confidence":"C","status":"auto_unverified"}},{"type":"Feature","geometry":{"type":"Point","coordinates":[69.205,41.2186]},"properties":{"id":"SEED001918","name":"Sakin Med Clinic","category":"medicine","source":"clinics.uz","confidence":"C","status":"auto_unverified"}},{"type":"Feature","geometry":{"type":"Point","coordinates":[69.2102,41.2909]},"properties":{"id":"SEED001919","name":"Salomat Hayot","category":"medicine","source":"clinics.uz","confidence":"C","status":"auto_unverified"}},{"type":"Feature","geometry":{"type":"Point","coordinates":[69.1836,41.3276]},"properties":{"id":"SEED001920","name":"Salus Vita","category":"medicine","source":"clinics.uz","confidence":"C","status":"auto_unverified"}},{"type":"Feature","geometry":{"type":"Point","coordinates":[69.2092,41.2918]},"properties":{"id":"SEED001921","name":"Sardor-Vest","category":"medicine","source":"clinics.uz","confidence":"C","status":"auto_unverified"}},{"type":"Feature","geometry":{"type":"Point","coordinates":[69.1792,41.291]},"properties":{"id":"SEED001922","name":"SAXOVATBU","category":"medicine","source":"clinics.uz","confidence":"C","status":"auto_unverified"}},{"type":"Feature","geometry":{"type":"Point","coordinates":[69.2779,41.2929]},"properties":{"id":"SEED001923","name":"Sehhat Health Service","category":"medicine","source":"clinics.uz","confidence":"C","status":"auto_unverified"}},{"type":"Feature","geometry":{"type":"Point","coordinates":[69.2116,41.2242]},"properties":{"id":"SEED001924","name":"Semmed","category":"medicine","source":"clinics.uz","confidence":"C","status":"auto_unverified"}},{"type":"Feature","geometry":{"type":"Point","coordinates":[69.3185,41.3729]},"properties":{"id":"SEED001925","name":"Seoul Hospital","category":"medicine","source":"clinics.uz","confidence":"C","status":"auto_unverified"}},{"type":"Feature","geometry":{"type":"Point","coordinates":[69.2865,41.3202]},"properties":{"id":"SEED001926","name":"Sevora","category":"medicine","source":"clinics.uz","confidence":"C","status":"auto_unverified"}},{"type":"Feature","geometry":{"type":"Point","coordinates":[69.2344,41.2925]},"properties":{"id":"SEED001927","name":"Shakhnoza Clinic","category":"medicine","source":"clinics.uz","confidence":"C","status":"auto_unverified"}},{"type":"Feature","geometry":{"type":"Point","coordinates":[69.217,41.266]},"properties":{"id":"SEED001928","name":"Sharof tib service","category":"medicine","source":"clinics.uz","confidence":"C","status":"auto_unverified"}},{"type":"Feature","geometry":{"type":"Point","coordinates":[69.1722,41.3015]},"properties":{"id":"SEED001929","name":"Shifo Medline","category":"medicine","source":"clinics.uz","confidence":"C","status":"auto_unverified"}},{"type":"Feature","geometry":{"type":"Point","coordinates":[69.275,41.3641]},"properties":{"id":"SEED001930","name":"Shifo Nur","category":"medicine","source":"clinics.uz","confidence":"C","status":"auto_unverified"}},{"type":"Feature","geometry":{"type":"Point","coordinates":[69.2271,41.3282]},"properties":{"id":"SEED001931","name":"Shifo Nur Eksimer","category":"medicine","source":"clinics.uz","confidence":"C","status":"auto_unverified"}},{"type":"Feature","geometry":{"type":"Point","coordinates":[69.2751,41.364]},"properties":{"id":"SEED001932","name":"Shifo Nur Ko'z","category":"medicine","source":"clinics.uz","confidence":"C","status":"auto_unverified"}},{"type":"Feature","geometry":{"type":"Point","coordinates":[69.1691,41.2716]},"properties":{"id":"SEED001933","name":"SHINE MED","category":"medicine","source":"clinics.uz","confidence":"C","status":"auto_unverified"}},{"type":"Feature","geometry":{"type":"Point","coordinates":[69.3237,41.3043]},"properties":{"id":"SEED001934","name":"Shox International Hospital - Махтумкули","category":"medicine","source":"clinics.uz","confidence":"C","status":"auto_unverified"}},{"type":"Feature","geometry":{"type":"Point","coordinates":[69.2914,41.3112]},"properties":{"id":"SEED001935","name":"Sihat va Farogat","category":"medicine","source":"clinics.uz","confidence":"C","status":"auto_unverified"}},{"type":"Feature","geometry":{"type":"Point","coordinates":[69.2626,41.4068]},"properties":{"id":"SEED001936","name":"SIHATMEDICAL","category":"medicine","source":"clinics.uz","confidence":"C","status":"auto_unverified"}},{"type":"Feature","geometry":{"type":"Point","coordinates":[69.1783,41.2241]},"properties":{"id":"SEED001937","name":"Sino Professional Medical","category":"medicine","source":"clinics.uz","confidence":"C","status":"auto_unverified"}},{"type":"Feature","geometry":{"type":"Point","coordinates":[69.2942,41.321]},"properties":{"id":"SEED001938","name":"Skin Clinic","category":"medicine","source":"clinics.uz","confidence":"C","status":"auto_unverified"}},{"type":"Feature","geometry":{"type":"Point","coordinates":[69.208,41.3013]},"properties":{"id":"SEED001939","name":"Smart Doctor","category":"medicine","source":"clinics.uz","confidence":"C","status":"auto_unverified"}},{"type":"Feature","geometry":{"type":"Point","coordinates":[69.2177,41.2655]},"properties":{"id":"SEED001940","name":"Smart Hospital","category":"medicine","source":"clinics.uz","confidence":"C","status":"auto_unverified"}},{"type":"Feature","geometry":{"type":"Point","coordinates":[69.1881,41.2983]},"properties":{"id":"SEED001941","name":"SMS med clinic","category":"medicine","source":"clinics.uz","confidence":"C","status":"auto_unverified"}},{"type":"Feature","geometry":{"type":"Point","coordinates":[69.3308,41.3668]},"properties":{"id":"SEED001942","name":"Sof Nafas","category":"medicine","source":"clinics.uz","confidence":"C","status":"auto_unverified"}},{"type":"Feature","geometry":{"type":"Point","coordinates":[69.2364,41.3564]},"properties":{"id":"SEED001943","name":"SofMed Lor","category":"medicine","source":"clinics.uz","confidence":"C","status":"auto_unverified"}},{"type":"Feature","geometry":{"type":"Point","coordinates":[69.2835,41.3082]},"properties":{"id":"SEED001944","name":"Sog'lom Avlod Uchun","category":"medicine","source":"clinics.uz","confidence":"C","status":"auto_unverified"}},{"type":"Feature","geometry":{"type":"Point","coordinates":[69.296,41.3649]},"properties":{"id":"SEED001945","name":"Sosh medical","category":"medicine","source":"clinics.uz","confidence":"C","status":"auto_unverified"}},{"type":"Feature","geometry":{"type":"Point","coordinates":[69.3271,41.3152]},"properties":{"id":"SEED001946","name":"Spectra Neurology","category":"medicine","source":"clinics.uz","confidence":"C","status":"auto_unverified"}},{"type":"Feature","geometry":{"type":"Point","coordinates":[69.2875,41.3198]},"properties":{"id":"SEED001947","name":"Spine Center","category":"medicine","source":"clinics.uz","confidence":"C","status":"auto_unverified"}},{"type":"Feature","geometry":{"type":"Point","coordinates":[69.2881,41.3031]},"properties":{"id":"SEED001948","name":"Spinemed","category":"medicine","source":"clinics.uz","confidence":"C","status":"auto_unverified"}},{"type":"Feature","geometry":{"type":"Point","coordinates":[69.2241,41.3751]},"properties":{"id":"SEED001949","name":"Star Med Service","category":"medicine","source":"clinics.uz","confidence":"C","status":"auto_unverified"}},{"type":"Feature","geometry":{"type":"Point","coordinates":[69.2954,41.319]},"properties":{"id":"SEED001950","name":"Status Medical Plus","category":"medicine","source":"clinics.uz","confidence":"C","status":"auto_unverified"}},{"type":"Feature","geometry":{"type":"Point","coordinates":[69.1705,41.3187]},"properties":{"id":"SEED001951","name":"Status Medline","category":"medicine","source":"clinics.uz","confidence":"C","status":"auto_unverified"}},{"type":"Feature","geometry":{"type":"Point","coordinates":[69.2882,41.3032]},"properties":{"id":"SEED001952","name":"Stellaris","category":"medicine","source":"clinics.uz","confidence":"C","status":"auto_unverified"}},{"type":"Feature","geometry":{"type":"Point","coordinates":[69.3703,41.2466]},"properties":{"id":"SEED001953","name":"Stimul Med Clinic","category":"medicine","source":"clinics.uz","confidence":"C","status":"auto_unverified"}},{"type":"Feature","geometry":{"type":"Point","coordinates":[69.2359,41.2163]},"properties":{"id":"SEED001954","name":"Svoi Vrachi Clinic","category":"medicine","source":"clinics.uz","confidence":"C","status":"auto_unverified"}},{"type":"Feature","geometry":{"type":"Point","coordinates":[69.1864,41.3608]},"properties":{"id":"SEED001955","name":"THE FAMILY DOCTOR","category":"medicine","source":"clinics.uz","confidence":"C","status":"auto_unverified"}},{"type":"Feature","geometry":{"type":"Point","coordinates":[69.3012,41.2514]},"properties":{"id":"SEED001956","name":"Toshkent Hospital","category":"medicine","source":"clinics.uz","confidence":"C","status":"auto_unverified"}},{"type":"Feature","geometry":{"type":"Point","coordinates":[69.2413,41.3468]},"properties":{"id":"SEED001957","name":"Tszen Med","category":"medicine","source":"clinics.uz","confidence":"C","status":"auto_unverified"}},{"type":"Feature","geometry":{"type":"Point","coordinates":[69.3251,41.3746]},"properties":{"id":"SEED001958","name":"Twins Medical Center","category":"medicine","source":"clinics.uz","confidence":"C","status":"auto_unverified"}},{"type":"Feature","geometry":{"type":"Point","coordinates":[69.2619,41.3352]},"properties":{"id":"SEED001959","name":"TWO LINE - ЭКО клиника","category":"medicine","source":"clinics.uz","confidence":"C","status":"auto_unverified"}},{"type":"Feature","geometry":{"type":"Point","coordinates":[69.2967,41.3191]},"properties":{"id":"SEED001960","name":"UMC","category":"medicine","source":"clinics.uz","confidence":"C","status":"auto_unverified"}},{"type":"Feature","geometry":{"type":"Point","coordinates":[69.233,41.2672]},"properties":{"id":"SEED001961","name":"Umid hospitals","category":"medicine","source":"clinics.uz","confidence":"C","status":"auto_unverified"}},{"type":"Feature","geometry":{"type":"Point","coordinates":[69.238,41.3112]},"properties":{"id":"SEED001962","name":"Umid va Ishonch","category":"medicine","source":"clinics.uz","confidence":"C","status":"auto_unverified"}},{"type":"Feature","geometry":{"type":"Point","coordinates":[69.3083,41.2872]},"properties":{"id":"SEED001963","name":"UMT","category":"medicine","source":"clinics.uz","confidence":"C","status":"auto_unverified"}},{"type":"Feature","geometry":{"type":"Point","coordinates":[69.2011,41.2184]},"properties":{"id":"SEED001964","name":"Unionmeduz Clinic","category":"medicine","source":"clinics.uz","confidence":"C","status":"auto_unverified"}},{"type":"Feature","geometry":{"type":"Point","coordinates":[69.2087,41.2038]},"properties":{"id":"SEED001965","name":"Uro mediuss hospital","category":"medicine","source":"clinics.uz","confidence":"C","status":"auto_unverified"}},{"type":"Feature","geometry":{"type":"Point","coordinates":[69.1765,41.2841]},"properties":{"id":"SEED001966","name":"Uro-Stone Med","category":"medicine","source":"clinics.uz","confidence":"C","status":"auto_unverified"}},{"type":"Feature","geometry":{"type":"Point","coordinates":[69.1707,41.2826]},"properties":{"id":"SEED001967","name":"Uromax med center","category":"medicine","source":"clinics.uz","confidence":"C","status":"auto_unverified"}},{"type":"Feature","geometry":{"type":"Point","coordinates":[69.2092,41.2046]},"properties":{"id":"SEED001968","name":"Uromediuss Hospital","category":"medicine","source":"clinics.uz","confidence":"C","status":"auto_unverified"}},{"type":"Feature","geometry":{"type":"Point","coordinates":[69.2157,41.2842]},"properties":{"id":"SEED001969","name":"UziProMax","category":"medicine","source":"clinics.uz","confidence":"C","status":"auto_unverified"}},{"type":"Feature","geometry":{"type":"Point","coordinates":[69.3043,41.3279]},"properties":{"id":"SEED001970","name":"Vacctinel hadas","category":"medicine","source":"clinics.uz","confidence":"C","status":"auto_unverified"}},{"type":"Feature","geometry":{"type":"Point","coordinates":[69.2837,41.363]},"properties":{"id":"SEED001971","name":"Varikoz OFF Юнусабадский филиал","category":"medicine","source":"clinics.uz","confidence":"C","status":"auto_unverified"}},{"type":"Feature","geometry":{"type":"Point","coordinates":[69.2778,41.3711]},"properties":{"id":"SEED001972","name":"VertebroMed","category":"medicine","source":"clinics.uz","confidence":"C","status":"auto_unverified"}},{"type":"Feature","geometry":{"type":"Point","coordinates":[69.1861,41.3229]},"properties":{"id":"SEED001973","name":"Verum Kids","category":"medicine","source":"clinics.uz","confidence":"C","status":"auto_unverified"}},{"type":"Feature","geometry":{"type":"Point","coordinates":[69.3359,41.3106]},"properties":{"id":"SEED001974","name":"Vita Alliance","category":"medicine","source":"clinics.uz","confidence":"C","status":"auto_unverified"}},{"type":"Feature","geometry":{"type":"Point","coordinates":[69.3479,41.3255]},"properties":{"id":"SEED001975","name":"Vitakinesis Neo","category":"medicine","source":"clinics.uz","confidence":"C","status":"auto_unverified"}},{"type":"Feature","geometry":{"type":"Point","coordinates":[69.2976,41.3644]},"properties":{"id":"SEED001976","name":"Vitamed Servis","category":"medicine","source":"clinics.uz","confidence":"C","status":"auto_unverified"}},{"type":"Feature","geometry":{"type":"Point","coordinates":[69.3104,41.3743]},"properties":{"id":"SEED001977","name":"Welcome clinic","category":"medicine","source":"clinics.uz","confidence":"C","status":"auto_unverified"}},{"type":"Feature","geometry":{"type":"Point","coordinates":[69.1788,41.2841]},"properties":{"id":"SEED001978","name":"Xalos xaymed diagnostics","category":"medicine","source":"clinics.uz","confidence":"C","status":"auto_unverified"}},{"type":"Feature","geometry":{"type":"Point","coordinates":[69.1742,41.316]},"properties":{"id":"SEED001979","name":"Xondamir Medical","category":"medicine","source":"clinics.uz","confidence":"C","status":"auto_unverified"}},{"type":"Feature","geometry":{"type":"Point","coordinates":[69.2872,41.3714]},"properties":{"id":"SEED001980","name":"Xushnud shifo","category":"medicine","source":"clinics.uz","confidence":"C","status":"auto_unverified"}},{"type":"Feature","geometry":{"type":"Point","coordinates":[69.1912,41.2188]},"properties":{"id":"SEED001981","name":"Yangi Darxon","category":"medicine","source":"clinics.uz","confidence":"C","status":"auto_unverified"}},{"type":"Feature","geometry":{"type":"Point","coordinates":[69.2126,41.1947]},"properties":{"id":"SEED001982","name":"Yangihayot Med Diagnostic Center","category":"medicine","source":"clinics.uz","confidence":"C","status":"auto_unverified"}},{"type":"Feature","geometry":{"type":"Point","coordinates":[69.3629,41.2962]},"properties":{"id":"SEED001983","name":"Yashnobod Medical","category":"medicine","source":"clinics.uz","confidence":"C","status":"auto_unverified"}},{"type":"Feature","geometry":{"type":"Point","coordinates":[69.3095,41.372]},"properties":{"id":"SEED001984","name":"Yassi-Dono","category":"medicine","source":"clinics.uz","confidence":"C","status":"auto_unverified"}},{"type":"Feature","geometry":{"type":"Point","coordinates":[69.3119,41.2527]},"properties":{"id":"SEED001985","name":"Yurak Markazi","category":"medicine","source":"clinics.uz","confidence":"C","status":"auto_unverified"}},{"type":"Feature","geometry":{"type":"Point","coordinates":[69.2778,41.2929]},"properties":{"id":"SEED001986","name":"Yuv Medical Service","category":"medicine","source":"clinics.uz","confidence":"C","status":"auto_unverified"}},{"type":"Feature","geometry":{"type":"Point","coordinates":[69.3354,41.3627]},"properties":{"id":"SEED001987","name":"Zamona Sulton Med","category":"medicine","source":"clinics.uz","confidence":"C","status":"auto_unverified"}},{"type":"Feature","geometry":{"type":"Point","coordinates":[69.2095,41.1955]},"properties":{"id":"SEED001988","name":"Zilola Health Med","category":"medicine","source":"clinics.uz","confidence":"C","status":"auto_unverified"}},{"type":"Feature","geometry":{"type":"Point","coordinates":[69.1751,41.3488]},"properties":{"id":"SEED001989","name":"Ziyo Baxsh","category":"medicine","source":"clinics.uz","confidence":"C","status":"auto_unverified"}},{"type":"Feature","geometry":{"type":"Point","coordinates":[69.1921,41.2712]},"properties":{"id":"SEED001990","name":"Ziyo nur stom","category":"medicine","source":"clinics.uz","confidence":"C","status":"auto_unverified"}},{"type":"Feature","geometry":{"type":"Point","coordinates":[69.1732,41.2693]},"properties":{"id":"SEED001991","name":"Ziyoda Medical","category":"medicine","source":"clinics.uz","confidence":"C","status":"auto_unverified"}},{"type":"Feature","geometry":{"type":"Point","coordinates":[69.2351,41.305]},"properties":{"id":"SEED001992","name":"АЗБУКА ЗДОРОВЬЯ","category":"medicine","source":"clinics.uz","confidence":"C","status":"auto_unverified"}},{"type":"Feature","geometry":{"type":"Point","coordinates":[69.2775,41.3749]},"properties":{"id":"SEED001993","name":"Академия народной медицины","category":"medicine","source":"clinics.uz","confidence":"C","status":"auto_unverified"}},{"type":"Feature","geometry":{"type":"Point","coordinates":[69.1889,41.2981]},"properties":{"id":"SEED001994","name":"Андролог и Я","category":"medicine","source":"clinics.uz","confidence":"C","status":"auto_unverified"}},{"type":"Feature","geometry":{"type":"Point","coordinates":[69.3212,41.3221]},"properties":{"id":"SEED001995","name":"Аралия","category":"medicine","source":"clinics.uz","confidence":"C","status":"auto_unverified"}},{"type":"Feature","geometry":{"type":"Point","coordinates":[69.2212,41.2718]},"properties":{"id":"SEED001996","name":"Бактериологическая лаборатория","category":"medicine","source":"clinics.uz","confidence":"C","status":"auto_unverified"}},{"type":"Feature","geometry":{"type":"Point","coordinates":[69.3128,41.3723]},"properties":{"id":"SEED001997","name":"Биоритм","category":"medicine","source":"clinics.uz","confidence":"C","status":"auto_unverified"}},{"type":"Feature","geometry":{"type":"Point","coordinates":[69.2778,41.3261]},"properties":{"id":"SEED001998","name":"Борменталь","category":"medicine","source":"clinics.uz","confidence":"C","status":"auto_unverified"}},{"type":"Feature","geometry":{"type":"Point","coordinates":[69.241,41.2669]},"properties":{"id":"SEED001999","name":"Городская инфекционная больница №3","category":"medicine","source":"clinics.uz","confidence":"C","status":"auto_unverified"}},{"type":"Feature","geometry":{"type":"Point","coordinates":[69.2493,41.3067]},"properties":{"id":"SEED002000","name":"Городская инфекционная больница №5","category":"medicine","source":"clinics.uz","confidence":"C","status":"auto_unverified"}},{"type":"Feature","geometry":{"type":"Point","coordinates":[69.3193,41.289]},"properties":{"id":"SEED002001","name":"Городская клиническая больница Нуроний","category":"medicine","source":"clinics.uz","confidence":"C","status":"auto_unverified"}},{"type":"Feature","geometry":{"type":"Point","coordinates":[69.2196,41.3215]},"properties":{"id":"SEED002002","name":"Городская клиническая больница №1","category":"medicine","source":"clinics.uz","confidence":"C","status":"auto_unverified"}},{"type":"Feature","geometry":{"type":"Point","coordinates":[69.2833,41.2688]},"properties":{"id":"SEED002003","name":"Городская клиническая больница №2","category":"medicine","source":"clinics.uz","confidence":"C","status":"auto_unverified"}},{"type":"Feature","geometry":{"type":"Point","coordinates":[69.3068,41.2724]},"properties":{"id":"SEED002004","name":"Городская клиническая больница №3","category":"medicine","source":"clinics.uz","confidence":"C","status":"auto_unverified"}},{"type":"Feature","geometry":{"type":"Point","coordinates":[69.2744,41.3574]},"properties":{"id":"SEED002005","name":"Городская клиническая больница №7","category":"medicine","source":"clinics.uz","confidence":"C","status":"auto_unverified"}},{"type":"Feature","geometry":{"type":"Point","coordinates":[69.2604,41.3452]},"properties":{"id":"SEED002006","name":"Городская клиническая инфекционная больница №1","category":"medicine","source":"clinics.uz","confidence":"C","status":"auto_unverified"}},{"type":"Feature","geometry":{"type":"Point","coordinates":[69.2353,41.3496]},"properties":{"id":"SEED002007","name":"Городская клиническая туберкулезная больница №1","category":"medicine","source":"clinics.uz","confidence":"C","status":"auto_unverified"}},{"type":"Feature","geometry":{"type":"Point","coordinates":[69.3044,41.306]},"properties":{"id":"SEED002008","name":"Городской детский консультативно-диагностический центр","category":"medicine","source":"clinics.uz","confidence":"C","status":"auto_unverified"}},{"type":"Feature","geometry":{"type":"Point","coordinates":[69.3116,41.3104]},"properties":{"id":"SEED002009","name":"Городской медицинский консультативный диагностический центр","category":"medicine","source":"clinics.uz","confidence":"C","status":"auto_unverified"}},{"type":"Feature","geometry":{"type":"Point","coordinates":[69.2137,41.1968]},"properties":{"id":"SEED002010","name":"Городской Родильный комплекс №1","category":"medicine","source":"clinics.uz","confidence":"C","status":"auto_unverified"}},{"type":"Feature","geometry":{"type":"Point","coordinates":[69.2998,41.268]},"properties":{"id":"SEED002011","name":"Городской родильный комплекс №5","category":"medicine","source":"clinics.uz","confidence":"C","status":"auto_unverified"}},{"type":"Feature","geometry":{"type":"Point","coordinates":[69.2103,41.2944]},"properties":{"id":"SEED002012","name":"Городской родильный комплекс №7","category":"medicine","source":"clinics.uz","confidence":"C","status":"auto_unverified"}},{"type":"Feature","geometry":{"type":"Point","coordinates":[69.2821,41.2925]},"properties":{"id":"SEED002013","name":"Дерматология Юнусова Севара","category":"medicine","source":"clinics.uz","confidence":"C","status":"auto_unverified"}},{"type":"Feature","geometry":{"type":"Point","coordinates":[69.2976,41.3613]},"properties":{"id":"SEED002014","name":"Детская городская больница №1","category":"medicine","source":"clinics.uz","confidence":"C","status":"auto_unverified"}},{"type":"Feature","geometry":{"type":"Point","coordinates":[69.3452,41.2974]},"properties":{"id":"SEED002015","name":"Детская городская инфекционная больница №2","category":"medicine","source":"clinics.uz","confidence":"C","status":"auto_unverified"}},{"type":"Feature","geometry":{"type":"Point","coordinates":[69.334,41.3392]},"properties":{"id":"SEED002016","name":"Детская городская клиническая больница №5","category":"medicine","source":"clinics.uz","confidence":"C","status":"auto_unverified"}},{"type":"Feature","geometry":{"type":"Point","coordinates":[69.336,41.3303]},"properties":{"id":"SEED002017","name":"Детская городская хирургическая клиническая больница №2","category":"medicine","source":"clinics.uz","confidence":"C","status":"auto_unverified"}},{"type":"Feature","geometry":{"type":"Point","coordinates":[69.2928,41.2693]},"properties":{"id":"SEED002018","name":"Детская железнодорожная больница","category":"medicine","source":"clinics.uz","confidence":"C","status":"auto_unverified"}},{"type":"Feature","geometry":{"type":"Point","coordinates":[69.2608,41.3388]},"properties":{"id":"SEED002019","name":"Детская инфекционная клиническая больница №4","category":"medicine","source":"clinics.uz","confidence":"C","status":"auto_unverified"}},{"type":"Feature","geometry":{"type":"Point","coordinates":[69.221,41.3266]},"properties":{"id":"SEED002020","name":"Детский городской кардиоревматологический центр","category":"medicine","source":"clinics.uz","confidence":"C","status":"auto_unverified"}},{"type":"Feature","geometry":{"type":"Point","coordinates":[69.3775,41.3542]},"properties":{"id":"SEED002021","name":"Детский костно-туберкулезный санаторий","category":"medicine","source":"clinics.uz","confidence":"C","status":"auto_unverified"}},{"type":"Feature","geometry":{"type":"Point","coordinates":[69.3399,41.3045]},"properties":{"id":"SEED002022","name":"Детский национальный медицинский центр","category":"medicine","source":"clinics.uz","confidence":"C","status":"auto_unverified"}},{"type":"Feature","geometry":{"type":"Point","coordinates":[69.3086,41.365]},"properties":{"id":"SEED002023","name":"Доктор Рядом","category":"medicine","source":"clinics.uz","confidence":"C","status":"auto_unverified"}},{"type":"Feature","geometry":{"type":"Point","coordinates":[69.1953,41.3427]},"properties":{"id":"SEED002024","name":"Доктор Уктам","category":"medicine","source":"clinics.uz","confidence":"C","status":"auto_unverified"}},{"type":"Feature","geometry":{"type":"Point","coordinates":[69.2549,41.3402]},"properties":{"id":"SEED002025","name":"Зайтун Мед Тиб","category":"medicine","source":"clinics.uz","confidence":"C","status":"auto_unverified"}},{"type":"Feature","geometry":{"type":"Point","coordinates":[69.2845,41.3171]},"properties":{"id":"SEED002026","name":"Клиника Dr.Summit","category":"medicine","source":"clinics.uz","confidence":"C","status":"auto_unverified"}},{"type":"Feature","geometry":{"type":"Point","coordinates":[69.1876,41.3104]},"properties":{"id":"SEED002027","name":"Клиника НИИ эпидемиологии, микробиологии и инфекционных заболеваний","category":"medicine","source":"clinics.uz","confidence":"C","status":"auto_unverified"}},{"type":"Feature","geometry":{"type":"Point","coordinates":[69.3353,41.3647]},"properties":{"id":"SEED002028","name":"Клиника ТашПМИ","category":"medicine","source":"clinics.uz","confidence":"C","status":"auto_unverified"}},{"type":"Feature","geometry":{"type":"Point","coordinates":[69.1905,41.2988]},"properties":{"id":"SEED002029","name":"Клиническая больница скорой медицинской помощи","category":"medicine","source":"clinics.uz","confidence":"C","status":"auto_unverified"}},{"type":"Feature","geometry":{"type":"Point","coordinates":[69.2844,41.3682]},"properties":{"id":"SEED002030","name":"Круглосуточно лор 24\/7 - Lor Tashkent","category":"medicine","source":"clinics.uz","confidence":"C","status":"auto_unverified"}},{"type":"Feature","geometry":{"type":"Point","coordinates":[69.2061,41.322]},"properties":{"id":"SEED002031","name":"Кукча Мед","category":"medicine","source":"clinics.uz","confidence":"C","status":"auto_unverified"}},{"type":"Feature","geometry":{"type":"Point","coordinates":[69.2486,41.2815]},"properties":{"id":"SEED002032","name":"Медицинский центр Uzoq-Umr","category":"medicine","source":"clinics.uz","confidence":"C","status":"auto_unverified"}},{"type":"Feature","geometry":{"type":"Point","coordinates":[69.3592,41.3558]},"properties":{"id":"SEED002033","name":"Медицинский центр акушерства и гинекологии","category":"medicine","source":"clinics.uz","confidence":"C","status":"auto_unverified"}},{"type":"Feature","geometry":{"type":"Point","coordinates":[69.3112,41.3294]},"properties":{"id":"SEED002034","name":"Медицинский Центр Алексея Назарова","category":"medicine","source":"clinics.uz","confidence":"C","status":"auto_unverified"}},{"type":"Feature","geometry":{"type":"Point","coordinates":[69.4633,41.3815]},"properties":{"id":"SEED002035","name":"Муборак клиника","category":"medicine","source":"clinics.uz","confidence":"C","status":"auto_unverified"}},{"type":"Feature","geometry":{"type":"Point","coordinates":[69.3047,41.3106]},"properties":{"id":"SEED002036","name":"Национальный медицинский центр","category":"medicine","source":"clinics.uz","confidence":"C","status":"auto_unverified"}},{"type":"Feature","geometry":{"type":"Point","coordinates":[69.3063,41.3351]},"properties":{"id":"SEED002037","name":"Национальный центр реабилитации и протезирования инвалидов","category":"medicine","source":"clinics.uz","confidence":"C","status":"auto_unverified"}},{"type":"Feature","geometry":{"type":"Point","coordinates":[69.3007,41.3605]},"properties":{"id":"SEED002038","name":"НИИ вирусологии","category":"medicine","source":"clinics.uz","confidence":"C","status":"auto_unverified"}},{"type":"Feature","geometry":{"type":"Point","coordinates":[69.2932,41.3064]},"properties":{"id":"SEED002039","name":"НИИ травматологии и ортопедии","category":"medicine","source":"clinics.uz","confidence":"C","status":"auto_unverified"}},{"type":"Feature","geometry":{"type":"Point","coordinates":[69.246,41.2776]},"properties":{"id":"SEED002040","name":"НУР-СТОМ PLUS","category":"medicine","source":"clinics.uz","confidence":"C","status":"auto_unverified"}},{"type":"Feature","geometry":{"type":"Point","coordinates":[69.2176,41.3211]},"properties":{"id":"SEED002041","name":"Перинатальный городской центр","category":"medicine","source":"clinics.uz","confidence":"C","status":"auto_unverified"}},{"type":"Feature","geometry":{"type":"Point","coordinates":[69.2015,41.2136]},"properties":{"id":"SEED002042","name":"Поликлиника №66","category":"medicine","source":"clinics.uz","confidence":"C","status":"auto_unverified"}},{"type":"Feature","geometry":{"type":"Point","coordinates":[69.2982,41.3154]},"properties":{"id":"SEED002043","name":"Прогноз","category":"medicine","source":"clinics.uz","confidence":"C","status":"auto_unverified"}},{"type":"Feature","geometry":{"type":"Point","coordinates":[69.2848,41.3231]},"properties":{"id":"SEED002044","name":"Противотуберкулезный диспансер №4","category":"medicine","source":"clinics.uz","confidence":"C","status":"auto_unverified"}},{"type":"Feature","geometry":{"type":"Point","coordinates":[69.2864,41.2843]},"properties":{"id":"SEED002045","name":"Психиатрическая городская больница","category":"medicine","source":"clinics.uz","confidence":"C","status":"auto_unverified"}},{"type":"Feature","geometry":{"type":"Point","coordinates":[69.3172,41.3218]},"properties":{"id":"SEED002046","name":"Республиканская детская психоневрологическая больница","category":"medicine","source":"clinics.uz","confidence":"C","status":"auto_unverified"}},{"type":"Feature","geometry":{"type":"Point","coordinates":[69.2897,41.2959]},"properties":{"id":"SEED002047","name":"Республиканская кожно-венерологическая больница","category":"medicine","source":"clinics.uz","confidence":"C","status":"auto_unverified"}},{"type":"Feature","geometry":{"type":"Point","coordinates":[69.2549,41.3166]},"properties":{"id":"SEED002048","name":"РНПЦ спортивной медицины","category":"medicine","source":"clinics.uz","confidence":"C","status":"auto_unverified"}},{"type":"Feature","geometry":{"type":"Point","coordinates":[69.1781,41.3507]},"properties":{"id":"SEED002049","name":"Республиканский аллергологический центр","category":"medicine","source":"clinics.uz","confidence":"C","status":"auto_unverified"}},{"type":"Feature","geometry":{"type":"Point","coordinates":[69.3829,41.3425]},"properties":{"id":"SEED002050","name":"Республиканский научный центр нейрохирургии","category":"medicine","source":"clinics.uz","confidence":"C","status":"auto_unverified"}},{"type":"Feature","geometry":{"type":"Point","coordinates":[69.2984,41.361]},"properties":{"id":"SEED002051","name":"РСНПМЦ нефрологии и трансплантации","category":"medicine","source":"clinics.uz","confidence":"C","status":"auto_unverified"}},{"type":"Feature","geometry":{"type":"Point","coordinates":[69.2107,41.2733]},"properties":{"id":"SEED002052","name":"РСЦ хирургии им. В.В. Вахидова","category":"medicine","source":"clinics.uz","confidence":"C","status":"auto_unverified"}},{"type":"Feature","geometry":{"type":"Point","coordinates":[69.2613,41.3442]},"properties":{"id":"SEED002053","name":"Родильный комплекс №3","category":"medicine","source":"clinics.uz","confidence":"C","status":"auto_unverified"}},{"type":"Feature","geometry":{"type":"Point","coordinates":[69.0777,41.3634]},"properties":{"id":"SEED002054","name":"Санаторий ТАШТЕРМАЛ","category":"medicine","source":"clinics.uz","confidence":"C","status":"auto_unverified"}},{"type":"Feature","geometry":{"type":"Point","coordinates":[69.2798,41.2986]},"properties":{"id":"SEED002055","name":"Семейная поликлиника №1","category":"medicine","source":"clinics.uz","confidence":"C","status":"auto_unverified"}},{"type":"Feature","geometry":{"type":"Point","coordinates":[69.2196,41.2171]},"properties":{"id":"SEED002056","name":"Семейная поликлиника №10","category":"medicine","source":"clinics.uz","confidence":"C","status":"auto_unverified"}},{"type":"Feature","geometry":{"type":"Point","coordinates":[69.2768,41.2696]},"properties":{"id":"SEED002057","name":"Семейная поликлиника №13","category":"medicine","source":"clinics.uz","confidence":"C","status":"auto_unverified"}},{"type":"Feature","geometry":{"type":"Point","coordinates":[69.2131,41.3636]},"properties":{"id":"SEED002058","name":"Семейная поликлиника №15","category":"medicine","source":"clinics.uz","confidence":"C","status":"auto_unverified"}},{"type":"Feature","geometry":{"type":"Point","coordinates":[69.3125,41.252]},"properties":{"id":"SEED002059","name":"Семейная поликлиника №2","category":"medicine","source":"clinics.uz","confidence":"C","status":"auto_unverified"}},{"type":"Feature","geometry":{"type":"Point","coordinates":[69.2375,41.3556]},"properties":{"id":"SEED002060","name":"Семейная поликлиника №20","category":"medicine","source":"clinics.uz","confidence":"C","status":"auto_unverified"}},{"type":"Feature","geometry":{"type":"Point","coordinates":[69.1652,41.3159]},"properties":{"id":"SEED002061","name":"Семейная поликлиника №22","category":"medicine","source":"clinics.uz","confidence":"C","status":"auto_unverified"}},{"type":"Feature","geometry":{"type":"Point","coordinates":[69.1777,41.3005]},"properties":{"id":"SEED002062","name":"Семейная поликлиника №23","category":"medicine","source":"clinics.uz","confidence":"C","status":"auto_unverified"}},{"type":"Feature","geometry":{"type":"Point","coordinates":[69.1851,41.279]},"properties":{"id":"SEED002063","name":"Семейная поликлиника №24","category":"medicine","source":"clinics.uz","confidence":"C","status":"auto_unverified"}},{"type":"Feature","geometry":{"type":"Point","coordinates":[69.1898,41.312]},"properties":{"id":"SEED002064","name":"Семейная поликлиника №26","category":"medicine","source":"clinics.uz","confidence":"C","status":"auto_unverified"}},{"type":"Feature","geometry":{"type":"Point","coordinates":[69.3235,41.2698]},"properties":{"id":"SEED002065","name":"Семейная поликлиника №27","category":"medicine","source":"clinics.uz","confidence":"C","status":"auto_unverified"}},{"type":"Feature","geometry":{"type":"Point","coordinates":[69.3535,41.2639]},"properties":{"id":"SEED002066","name":"Семейная поликлиника №28","category":"medicine","source":"clinics.uz","confidence":"C","status":"auto_unverified"}},{"type":"Feature","geometry":{"type":"Point","coordinates":[69.3305,41.2415]},"properties":{"id":"SEED002067","name":"Семейная поликлиника №29","category":"medicine","source":"clinics.uz","confidence":"C","status":"auto_unverified"}},{"type":"Feature","geometry":{"type":"Point","coordinates":[69.3167,41.2879]},"properties":{"id":"SEED002068","name":"Семейная поликлиника №32","category":"medicine","source":"clinics.uz","confidence":"C","status":"auto_unverified"}},{"type":"Feature","geometry":{"type":"Point","coordinates":[69.2118,41.2704]},"properties":{"id":"SEED002069","name":"Семейная поликлиника №33","category":"medicine","source":"clinics.uz","confidence":"C","status":"auto_unverified"}},{"type":"Feature","geometry":{"type":"Point","coordinates":[69.2114,41.2942]},"properties":{"id":"SEED002070","name":"Семейная поликлиника №37","category":"medicine","source":"clinics.uz","confidence":"C","status":"auto_unverified"}},{"type":"Feature","geometry":{"type":"Point","coordinates":[69.3166,41.2878]},"properties":{"id":"SEED002071","name":"Семейная поликлиника №38","category":"medicine","source":"clinics.uz","confidence":"C","status":"auto_unverified"}},{"type":"Feature","geometry":{"type":"Point","coordinates":[69.1683,41.3356]},"properties":{"id":"SEED002072","name":"Семейная поликлиника №40","category":"medicine","source":"clinics.uz","confidence":"C","status":"auto_unverified"}},{"type":"Feature","geometry":{"type":"Point","coordinates":[69.1906,41.329]},"properties":{"id":"SEED002073","name":"Семейная поликлиника №41","category":"medicine","source":"clinics.uz","confidence":"C","status":"auto_unverified"}},{"type":"Feature","geometry":{"type":"Point","coordinates":[69.2621,41.3391]},"properties":{"id":"SEED002074","name":"Семейная поликлиника №42","category":"medicine","source":"clinics.uz","confidence":"C","status":"auto_unverified"}},{"type":"Feature","geometry":{"type":"Point","coordinates":[69.1975,41.3064]},"properties":{"id":"SEED002075","name":"Семейная поликлиника №43","category":"medicine","source":"clinics.uz","confidence":"C","status":"auto_unverified"}},{"type":"Feature","geometry":{"type":"Point","coordinates":[69.2181,41.3263]},"properties":{"id":"SEED002076","name":"Семейная поликлиника №44","category":"medicine","source":"clinics.uz","confidence":"C","status":"auto_unverified"}},{"type":"Feature","geometry":{"type":"Point","coordinates":[69.218,41.3078]},"properties":{"id":"SEED002077","name":"Семейная поликлиника №46","category":"medicine","source":"clinics.uz","confidence":"C","status":"auto_unverified"}},{"type":"Feature","geometry":{"type":"Point","coordinates":[69.2402,41.3188]},"properties":{"id":"SEED002078","name":"Семейная поликлиника №47","category":"medicine","source":"clinics.uz","confidence":"C","status":"auto_unverified"}},{"type":"Feature","geometry":{"type":"Point","coordinates":[69.2541,41.3234]},"properties":{"id":"SEED002079","name":"Семейная поликлиника №48","category":"medicine","source":"clinics.uz","confidence":"C","status":"auto_unverified"}},{"type":"Feature","geometry":{"type":"Point","coordinates":[69.3027,41.3519]},"properties":{"id":"SEED002080","name":"Семейная поликлиника №49","category":"medicine","source":"clinics.uz","confidence":"C","status":"auto_unverified"}},{"type":"Feature","geometry":{"type":"Point","coordinates":[69.2821,41.3298]},"properties":{"id":"SEED002081","name":"Семейная поликлиника №50","category":"medicine","source":"clinics.uz","confidence":"C","status":"auto_unverified"}},{"type":"Feature","geometry":{"type":"Point","coordinates":[69.286,41.3532]},"properties":{"id":"SEED002082","name":"Семейная поликлиника №51","category":"medicine","source":"clinics.uz","confidence":"C","status":"auto_unverified"}},{"type":"Feature","geometry":{"type":"Point","coordinates":[69.2723,41.3706]},"properties":{"id":"SEED002083","name":"Семейная поликлиника №52","category":"medicine","source":"clinics.uz","confidence":"C","status":"auto_unverified"}},{"type":"Feature","geometry":{"type":"Point","coordinates":[69.2961,41.3602]},"properties":{"id":"SEED002084","name":"Семейная поликлиника №54","category":"medicine","source":"clinics.uz","confidence":"C","status":"auto_unverified"}},{"type":"Feature","geometry":{"type":"Point","coordinates":[69.2954,41.3392]},"properties":{"id":"SEED002085","name":"Семейная поликлиника №56","category":"medicine","source":"clinics.uz","confidence":"C","status":"auto_unverified"}},{"type":"Feature","geometry":{"type":"Point","coordinates":[69.2625,41.2773]},"properties":{"id":"SEED002086","name":"Семейная поликлиника №58","category":"medicine","source":"clinics.uz","confidence":"C","status":"auto_unverified"}},{"type":"Feature","geometry":{"type":"Point","coordinates":[69.238,41.2708]},"properties":{"id":"SEED002087","name":"Семейная поликлиника №59","category":"medicine","source":"clinics.uz","confidence":"C","status":"auto_unverified"}},{"type":"Feature","geometry":{"type":"Point","coordinates":[69.2076,41.2306]},"properties":{"id":"SEED002088","name":"Семейная поликлиника №61","category":"medicine","source":"clinics.uz","confidence":"C","status":"auto_unverified"}},{"type":"Feature","geometry":{"type":"Point","coordinates":[69.2592,41.385]},"properties":{"id":"SEED002089","name":"Семейная поликлиника №64","category":"medicine","source":"clinics.uz","confidence":"C","status":"auto_unverified"}},{"type":"Feature","geometry":{"type":"Point","coordinates":[69.1927,41.2335]},"properties":{"id":"SEED002090","name":"Семейная поликлиника №65","category":"medicine","source":"clinics.uz","confidence":"C","status":"auto_unverified"}},{"type":"Feature","geometry":{"type":"Point","coordinates":[69.274,41.2388]},"properties":{"id":"SEED002091","name":"Семейная поликлиника №68","category":"medicine","source":"clinics.uz","confidence":"C","status":"auto_unverified"}},{"type":"Feature","geometry":{"type":"Point","coordinates":[69.3379,41.3489]},"properties":{"id":"SEED002092","name":"Семейная поликлиника №7","category":"medicine","source":"clinics.uz","confidence":"C","status":"auto_unverified"}},{"type":"Feature","geometry":{"type":"Point","coordinates":[69.3907,41.3381]},"properties":{"id":"SEED002093","name":"Семейная поликлиника №70","category":"medicine","source":"clinics.uz","confidence":"C","status":"auto_unverified"}},{"type":"Feature","geometry":{"type":"Point","coordinates":[69.2061,41.1955]},"properties":{"id":"SEED002094","name":"Семейная поликлиника №72","category":"medicine","source":"clinics.uz","confidence":"C","status":"auto_unverified"}},{"type":"Feature","geometry":{"type":"Point","coordinates":[69.3659,41.3311]},"properties":{"id":"SEED002095","name":"Семейная поликлиника №8","category":"medicine","source":"clinics.uz","confidence":"C","status":"auto_unverified"}},{"type":"Feature","geometry":{"type":"Point","coordinates":[69.4496,41.4035]},"properties":{"id":"SEED002096","name":"Ташкентская городская лечебно-реабилитационная клиническая больница","category":"medicine","source":"clinics.uz","confidence":"C","status":"auto_unverified"}},{"type":"Feature","geometry":{"type":"Point","coordinates":[69.293,41.2751]},"properties":{"id":"SEED002097","name":"Ташкентская Международная Клиника","category":"medicine","source":"clinics.uz","confidence":"C","status":"auto_unverified"}},{"type":"Feature","geometry":{"type":"Point","coordinates":[69.2388,41.3775]},"properties":{"id":"SEED002098","name":"Ташкентская республиканская психиатрическая больница","category":"medicine","source":"clinics.uz","confidence":"C","status":"auto_unverified"}},{"type":"Feature","geometry":{"type":"Point","coordinates":[69.2802,41.3299]},"properties":{"id":"SEED002099","name":"Ташкентский городской подростковый диспансер","category":"medicine","source":"clinics.uz","confidence":"C","status":"auto_unverified"}},{"type":"Feature","geometry":{"type":"Point","coordinates":[69.2083,41.2977]},"properties":{"id":"SEED002100","name":"Ташкентский городской центр фтизиатрии и пульмонологии","category":"medicine","source":"clinics.uz","confidence":"C","status":"auto_unverified"}},{"type":"Feature","geometry":{"type":"Point","coordinates":[69.2833,41.2689]},"properties":{"id":"SEED002101","name":"Ташкентский городской эндокринологический диспансер","category":"medicine","source":"clinics.uz","confidence":"C","status":"auto_unverified"}},{"type":"Feature","geometry":{"type":"Point","coordinates":[69.2108,41.2822]},"properties":{"id":"SEED002102","name":"Ташкентский центр Норбекова","category":"medicine","source":"clinics.uz","confidence":"C","status":"auto_unverified"}},{"type":"Feature","geometry":{"type":"Point","coordinates":[69.193,41.2947]},"properties":{"id":"SEED002103","name":"Тиббиёт олами","category":"medicine","source":"clinics.uz","confidence":"C","status":"auto_unverified"}},{"type":"Feature","geometry":{"type":"Point","coordinates":[69.4615,41.384]},"properties":{"id":"SEED002104","name":"Фарход Мадад Шифо","category":"medicine","source":"clinics.uz","confidence":"C","status":"auto_unverified"}},{"type":"Feature","geometry":{"type":"Point","coordinates":[69.3394,41.3242]},"properties":{"id":"SEED002105","name":"Центр Восточного Здоровья","category":"medicine","source":"clinics.uz","confidence":"C","status":"auto_unverified"}},{"type":"Feature","geometry":{"type":"Point","coordinates":[69.3641,41.3466]},"properties":{"id":"SEED002106","name":"Центр ВРТ ЭКО","category":"medicine","source":"clinics.uz","confidence":"C","status":"auto_unverified"}},{"type":"Feature","geometry":{"type":"Point","coordinates":[69.2272,41.2786]},"properties":{"id":"SEED002107","name":"Центр детской гематологии, онкологии и клинической иммунологии","category":"medicine","source":"clinics.uz","confidence":"C","status":"auto_unverified"}},{"type":"Feature","geometry":{"type":"Point","coordinates":[69.3547,41.3527]},"properties":{"id":"SEED002108","name":"Центр диагностики матери и ребёнка","category":"medicine","source":"clinics.uz","confidence":"C","status":"auto_unverified"}},{"type":"Feature","geometry":{"type":"Point","coordinates":[69.2571,41.3406]},"properties":{"id":"SEED002109","name":"Центр репродуктивной медицины","category":"medicine","source":"clinics.uz","confidence":"C","status":"auto_unverified"}},{"type":"Feature","geometry":{"type":"Point","coordinates":[69.2447,41.2839]},"properties":{"id":"SEED002110","name":"Центр Томатис","category":"medicine","source":"clinics.uz","confidence":"C","status":"auto_unverified"}},{"type":"Feature","geometry":{"type":"Point","coordinates":[69.2896,41.304]},"properties":{"id":"SEED002111","name":"Центральная диагностическая правительственная поликлиника №1","category":"medicine","source":"clinics.uz","confidence":"C","status":"auto_unverified"}},{"type":"Feature","geometry":{"type":"Point","coordinates":[69.3593,41.3375]},"properties":{"id":"SEED002112","name":"Центральная клиническая больница №1","category":"medicine","source":"clinics.uz","confidence":"C","status":"auto_unverified"}},{"type":"Feature","geometry":{"type":"Point","coordinates":[69.3043,41.302]},"properties":{"id":"SEED002113","name":"Центральная клиническая железнодорожная больница","category":"medicine","source":"clinics.uz","confidence":"C","status":"auto_unverified"}},{"type":"Feature","geometry":{"type":"Point","coordinates":[69.2716,41.3035]},"properties":{"id":"SEED002114","name":"Центральная многопрофильная поликлиника Мирабадского района","category":"medicine","source":"clinics.uz","confidence":"C","status":"auto_unverified"}},{"type":"Feature","geometry":{"type":"Point","coordinates":[69.2426,41.2767]},"properties":{"id":"SEED002115","name":"Центральная многопрофильная поликлиника Текстильного Комбината","category":"medicine","source":"clinics.uz","confidence":"C","status":"auto_unverified"}},{"type":"Feature","geometry":{"type":"Point","coordinates":[69.3114,41.3707]},"properties":{"id":"SEED002116","name":"Центральная многопрофильная поликлиника Юнусабадского района","category":"medicine","source":"clinics.uz","confidence":"C","status":"auto_unverified"}},{"type":"Feature","geometry":{"type":"Point","coordinates":[69.3302,41.3378]},"properties":{"id":"SEED002117","name":"Центральный военный клинический госпиталь","category":"medicine","source":"clinics.uz","confidence":"C","status":"auto_unverified"}},{"type":"Feature","geometry":{"type":"Point","coordinates":[69.2046,41.3603]},"properties":{"id":"SEED002118","name":"Центральный госпиталь МВД","category":"medicine","source":"clinics.uz","confidence":"C","status":"auto_unverified"}},{"type":"Feature","geometry":{"type":"Point","coordinates":[69.2234,41.2826]},"properties":{"id":"SEED002119","name":"Чиланзар мед","category":"medicine","source":"clinics.uz","confidence":"C","status":"auto_unverified"}},{"type":"Feature","geometry":{"type":"Point","coordinates":[69.29262,41.29966]},"properties":{"id":"SEED002120","name":"Стоматология (без названия в источнике)","category":"medicine","source":"OSM","confidence":"C","status":"auto_unverified"}},{"type":"Feature","geometry":{"type":"Point","coordinates":[69.44144,41.18193]},"properties":{"id":"SEED002121","name":"Больница (без названия)","category":"medicine","source":"OSM","confidence":"C","status":"auto_unverified"}},{"type":"Feature","geometry":{"type":"Point","coordinates":[69.17041,41.32712]},"properties":{"id":"SEED002122","name":"Поликлиника (без названия)","category":"medicine","source":"OSM","confidence":"C","status":"auto_unverified"}},{"type":"Feature","geometry":{"type":"Point","coordinates":[69.28755,41.31183]},"properties":{"id":"SEED002123","name":"Стоматология (без названия в источнике)","category":"medicine","source":"OSM","confidence":"C","status":"auto_unverified"}},{"type":"Feature","geometry":{"type":"Point","coordinates":[69.31036,41.30824]},"properties":{"id":"SEED002124","name":"Стоматология (без названия в источнике)","category":"medicine","source":"OSM","confidence":"C","status":"auto_unverified"}},{"type":"Feature","geometry":{"type":"Point","coordinates":[69.22141,41.33151]},"properties":{"id":"SEED002125","name":"Стоматология (без названия в источнике)","category":"medicine","source":"OSM","confidence":"C","status":"auto_unverified"}},{"type":"Feature","geometry":{"type":"Point","coordinates":[69.24054,41.34818]},"properties":{"id":"SEED002126","name":"Стоматология (без названия в источнике)","category":"medicine","source":"OSM","confidence":"C","status":"auto_unverified"}},{"type":"Feature","geometry":{"type":"Point","coordinates":[69.15653,41.25466]},"properties":{"id":"SEED002127","name":"Стоматология (без названия в источнике)","category":"medicine","source":"OSM","confidence":"C","status":"auto_unverified"}},{"type":"Feature","geometry":{"type":"Point","coordinates":[69.2728,41.30702]},"properties":{"id":"SEED002128","name":"Поликлиника (без названия)","category":"medicine","source":"OSM","confidence":"C","status":"auto_unverified"}},{"type":"Feature","geometry":{"type":"Point","coordinates":[69.21645,41.21979]},"properties":{"id":"SEED002129","name":"Стоматология (без названия в источнике)","category":"medicine","source":"OSM","confidence":"C","status":"auto_unverified"}},{"type":"Feature","geometry":{"type":"Point","coordinates":[69.20031,41.29013]},"properties":{"id":"SEED002130","name":"Поликлиника (без названия)","category":"medicine","source":"OSM","confidence":"C","status":"auto_unverified"}},{"type":"Feature","geometry":{"type":"Point","coordinates":[69.1933,41.29204]},"properties":{"id":"SEED002131","name":"Поликлиника (без названия)","category":"medicine","source":"OSM","confidence":"C","status":"auto_unverified"}},{"type":"Feature","geometry":{"type":"Point","coordinates":[69.34574,41.2861]},"properties":{"id":"SEED002132","name":"Стоматология (без названия в источнике)","category":"medicine","source":"OSM","confidence":"C","status":"auto_unverified"}},{"type":"Feature","geometry":{"type":"Point","coordinates":[69.34865,41.28327]},"properties":{"id":"SEED002133","name":"Стоматология (без названия в источнике)","category":"medicine","source":"OSM","confidence":"C","status":"auto_unverified"}},{"type":"Feature","geometry":{"type":"Point","coordinates":[69.26035,41.29182]},"properties":{"id":"SEED002134","name":"Стоматология (без названия в источнике)","category":"medicine","source":"OSM","confidence":"C","status":"auto_unverified"}},{"type":"Feature","geometry":{"type":"Point","coordinates":[69.19597,41.28599]},"properties":{"id":"SEED002135","name":"Стоматология (без названия в источнике)","category":"medicine","source":"OSM","confidence":"C","status":"auto_unverified"}},{"type":"Feature","geometry":{"type":"Point","coordinates":[69.3508,41.39225]},"properties":{"id":"SEED002136","name":"Поликлиника (без названия)","category":"medicine","source":"OSM","confidence":"C","status":"auto_unverified"}},{"type":"Feature","geometry":{"type":"Point","coordinates":[69.19268,41.34924]},"properties":{"id":"SEED002137","name":"Стоматология (без названия в источнике)","category":"medicine","source":"OSM","confidence":"C","status":"auto_unverified"}},{"type":"Feature","geometry":{"type":"Point","coordinates":[69.25314,41.32702]},"properties":{"id":"SEED002138","name":"Поликлиника (без названия)","category":"medicine","source":"OSM","confidence":"C","status":"auto_unverified"}},{"type":"Feature","geometry":{"type":"Point","coordinates":[69.35414,41.29556]},"properties":{"id":"SEED002139","name":"Стоматология (без названия в источнике)","category":"medicine","source":"OSM","confidence":"C","status":"auto_unverified"}},{"type":"Feature","geometry":{"type":"Point","coordinates":[69.30544,41.37256]},"properties":{"id":"SEED002140","name":"Стоматология (без названия в источнике)","category":"medicine","source":"OSM","confidence":"C","status":"auto_unverified"}},{"type":"Feature","geometry":{"type":"Point","coordinates":[69.18005,41.28271]},"properties":{"id":"SEED002141","name":"Стоматология (без названия в источнике)","category":"medicine","source":"OSM","confidence":"C","status":"auto_unverified"}},{"type":"Feature","geometry":{"type":"Point","coordinates":[69.30446,41.32858]},"properties":{"id":"SEED002142","name":"Стоматология (без названия в источнике)","category":"medicine","source":"OSM","confidence":"C","status":"auto_unverified"}},{"type":"Feature","geometry":{"type":"Point","coordinates":[69.36778,41.22771]},"properties":{"id":"SEED002143","name":"Поликлиника (без названия)","category":"medicine","source":"OSM","confidence":"C","status":"auto_unverified"}},{"type":"Feature","geometry":{"type":"Point","coordinates":[69.17398,41.40743]},"properties":{"id":"SEED002144","name":"Больница (без названия)","category":"medicine","source":"OSM","confidence":"C","status":"auto_unverified"}},{"type":"Feature","geometry":{"type":"Point","coordinates":[69.29486,41.37149]},"properties":{"id":"SEED002145","name":"Стоматология (без названия в источнике)","category":"medicine","source":"OSM","confidence":"C","status":"auto_unverified"}},{"type":"Feature","geometry":{"type":"Point","coordinates":[69.18013,41.28259]},"properties":{"id":"SEED002146","name":"Стоматология (без названия в источнике)","category":"medicine","source":"OSM","confidence":"C","status":"auto_unverified"}},{"type":"Feature","geometry":{"type":"Point","coordinates":[69.16859,41.24182]},"properties":{"id":"SEED002147","name":"Поликлиника (без названия)","category":"medicine","source":"OSM","confidence":"C","status":"auto_unverified"}},{"type":"Feature","geometry":{"type":"Point","coordinates":[69.21081,41.32253]},"properties":{"id":"SEED002148","name":"Стоматология (без названия в источнике)","category":"medicine","source":"OSM","confidence":"C","status":"auto_unverified"}},{"type":"Feature","geometry":{"type":"Point","coordinates":[69.19976,41.41599]},"properties":{"id":"SEED002149","name":"Стоматология (без названия в источнике)","category":"medicine","source":"OSM","confidence":"C","status":"auto_unverified"}},{"type":"Feature","geometry":{"type":"Point","coordinates":[69.35135,41.28805]},"properties":{"id":"SEED002150","name":"Стоматология (без названия в источнике)","category":"medicine","source":"OSM","confidence":"C","status":"auto_unverified"}},{"type":"Feature","geometry":{"type":"Point","coordinates":[69.35007,41.28755]},"properties":{"id":"SEED002151","name":"Стоматология (без названия в источнике)","category":"medicine","source":"OSM","confidence":"C","status":"auto_unverified"}},{"type":"Feature","geometry":{"type":"Point","coordinates":[69.24321,41.31633]},"properties":{"id":"SEED002152","name":"Больница (без названия)","category":"medicine","source":"OSM","confidence":"C","status":"auto_unverified"}},{"type":"Feature","geometry":{"type":"Point","coordinates":[69.3586,41.26797]},"properties":{"id":"SEED002153","name":"Поликлиника (без названия)","category":"medicine","source":"OSM","confidence":"C","status":"auto_unverified"}},{"type":"Feature","geometry":{"type":"Point","coordinates":[69.32594,41.31092]},"properties":{"id":"SEED002154","name":"Реабилитация (без названия)","category":"medicine","source":"OSM","confidence":"C","status":"auto_unverified"}},{"type":"Feature","geometry":{"type":"Point","coordinates":[69.38608,41.34413]},"properties":{"id":"SEED002155","name":"Стоматология (без названия в источнике)","category":"medicine","source":"OSM","confidence":"C","status":"auto_unverified"}},{"type":"Feature","geometry":{"type":"Point","coordinates":[69.38792,41.34394]},"properties":{"id":"SEED002156","name":"Стоматология (без названия в источнике)","category":"medicine","source":"OSM","confidence":"C","status":"auto_unverified"}},{"type":"Feature","geometry":{"type":"Point","coordinates":[69.25908,41.34298]},"properties":{"id":"SEED002157","name":"Поликлиника (без названия)","category":"medicine","source":"OSM","confidence":"C","status":"auto_unverified"}},{"type":"Feature","geometry":{"type":"Point","coordinates":[69.28691,41.36763]},"properties":{"id":"SEED002158","name":"Стоматология (без названия в источнике)","category":"medicine","source":"OSM","confidence":"C","status":"auto_unverified"}},{"type":"Feature","geometry":{"type":"Point","coordinates":[69.12837,41.25036]},"properties":{"id":"SEED002159","name":"Реабилитация (без названия)","category":"medicine","source":"OSM","confidence":"C","status":"auto_unverified"}},{"type":"Feature","geometry":{"type":"Point","coordinates":[69.34608,41.29097]},"properties":{"id":"SEED002160","name":"Поликлиника (без названия)","category":"medicine","source":"OSM","confidence":"C","status":"auto_unverified"}},{"type":"Feature","geometry":{"type":"Point","coordinates":[69.22623,41.28515]},"properties":{"id":"SEED002161","name":"Стоматология (без названия в источнике)","category":"medicine","source":"OSM","confidence":"C","status":"auto_unverified"}},{"type":"Feature","geometry":{"type":"Point","coordinates":[69.22384,41.28847]},"properties":{"id":"SEED002162","name":"Поликлиника (без названия)","category":"medicine","source":"OSM","confidence":"C","status":"auto_unverified"}},{"type":"Feature","geometry":{"type":"Point","coordinates":[69.23227,41.2868]},"properties":{"id":"SEED002163","name":"Стоматология (без названия в источнике)","category":"medicine","source":"OSM","confidence":"C","status":"auto_unverified"}},{"type":"Feature","geometry":{"type":"Point","coordinates":[69.24892,41.29]},"properties":{"id":"SEED002164","name":"Поликлиника (без названия)","category":"medicine","source":"OSM","confidence":"C","status":"auto_unverified"}},{"type":"Feature","geometry":{"type":"Point","coordinates":[69.19559,41.35986]},"properties":{"id":"SEED002165","name":"Поликлиника (без названия)","category":"medicine","source":"OSM","confidence":"C","status":"auto_unverified"}},{"type":"Feature","geometry":{"type":"Point","coordinates":[69.16899,41.34301]},"properties":{"id":"SEED002166","name":"Поликлиника (без названия)","category":"medicine","source":"OSM","confidence":"C","status":"auto_unverified"}},{"type":"Feature","geometry":{"type":"Point","coordinates":[69.27795,41.28814]},"properties":{"id":"SEED002167","name":"Больница (без названия)","category":"medicine","source":"OSM","confidence":"C","status":"auto_unverified"}},{"type":"Feature","geometry":{"type":"Point","coordinates":[69.31315,41.24937]},"properties":{"id":"SEED002168","name":"Поликлиника (без названия)","category":"medicine","source":"OSM","confidence":"C","status":"auto_unverified"}},{"type":"Feature","geometry":{"type":"Point","coordinates":[69.16537,41.35646]},"properties":{"id":"SEED002169","name":"Поликлиника (без названия)","category":"medicine","source":"OSM","confidence":"C","status":"auto_unverified"}},{"type":"Feature","geometry":{"type":"Point","coordinates":[69.19083,41.27781]},"properties":{"id":"SEED002170","name":"Больница (без названия)","category":"medicine","source":"OSM","confidence":"C","status":"auto_unverified"}},{"type":"Feature","geometry":{"type":"Point","coordinates":[69.43982,41.18872]},"properties":{"id":"SEED002171","name":"Больница (без названия)","category":"medicine","source":"OSM","confidence":"C","status":"auto_unverified"}},{"type":"Feature","geometry":{"type":"Point","coordinates":[69.24163,41.28097]},"properties":{"id":"SEED002172","name":"Поликлиника (без названия)","category":"medicine","source":"OSM","confidence":"C","status":"auto_unverified"}},{"type":"Feature","geometry":{"type":"Point","coordinates":[69.30544,41.31134]},"properties":{"id":"SEED002173","name":"Поликлиника (без названия)","category":"medicine","source":"OSM","confidence":"C","status":"auto_unverified"}},{"type":"Feature","geometry":{"type":"Point","coordinates":[69.16185,41.37811]},"properties":{"id":"SEED002174","name":"Больница (без названия)","category":"medicine","source":"OSM","confidence":"C","status":"auto_unverified"}},{"type":"Feature","geometry":{"type":"Point","coordinates":[69.32818,41.1788]},"properties":{"id":"SEED002175","name":"Больница (без названия)","category":"medicine","source":"OSM","confidence":"C","status":"auto_unverified"}},{"type":"Feature","geometry":{"type":"Point","coordinates":[69.16899,41.34301]},"properties":{"id":"SEED002176","name":"Поликлиника (без названия)","category":"medicine","source":"OSM","confidence":"C","status":"auto_unverified"}},{"type":"Feature","geometry":{"type":"Point","coordinates":[69.21545,41.35689]},"properties":{"id":"SEED002177","name":"Реабилитация (без названия)","category":"medicine","source":"OSM","confidence":"C","status":"auto_unverified"}},{"type":"Feature","geometry":{"type":"Point","coordinates":[69.20306,41.40531]},"properties":{"id":"SEED002178","name":"Поликлиника (без названия)","category":"medicine","source":"OSM","confidence":"C","status":"auto_unverified"}},{"type":"Feature","geometry":{"type":"Point","coordinates":[69.2904,41.27502]},"properties":{"id":"SEED002179","name":"Медобъект (без названия в источнике)","category":"medicine","source":"OSM","confidence":"C","status":"auto_unverified"}},{"type":"Feature","geometry":{"type":"Point","coordinates":[69.2765,41.3005]},"properties":{"id":"SEED002180","name":"","category":"pharmacy","source":"OSM","confidence":"C","status":"auto_unverified"}},{"type":"Feature","geometry":{"type":"Point","coordinates":[69.2096,41.2843]},"properties":{"id":"SEED002181","name":"","category":"pharmacy","source":"OSM","confidence":"C","status":"auto_unverified"}},{"type":"Feature","geometry":{"type":"Point","coordinates":[69.2056,41.2868]},"properties":{"id":"SEED002182","name":"","category":"pharmacy","source":"OSM","confidence":"C","status":"auto_unverified"}},{"type":"Feature","geometry":{"type":"Point","coordinates":[69.2895,41.2993]},"properties":{"id":"SEED002183","name":"","category":"pharmacy","source":"OSM","confidence":"C","status":"auto_unverified"}},{"type":"Feature","geometry":{"type":"Point","coordinates":[69.2832,41.2873]},"properties":{"id":"SEED002184","name":"","category":"pharmacy","source":"OSM","confidence":"C","status":"auto_unverified"}},{"type":"Feature","geometry":{"type":"Point","coordinates":[69.2845,41.2877]},"properties":{"id":"SEED002185","name":"","category":"pharmacy","source":"OSM","confidence":"C","status":"auto_unverified"}},{"type":"Feature","geometry":{"type":"Point","coordinates":[69.344,41.3004]},"properties":{"id":"SEED002186","name":"","category":"pharmacy","source":"OSM","confidence":"C","status":"auto_unverified"}},{"type":"Feature","geometry":{"type":"Point","coordinates":[69.2991,41.2922]},"properties":{"id":"SEED002187","name":"","category":"pharmacy","source":"OSM","confidence":"C","status":"auto_unverified"}},{"type":"Feature","geometry":{"type":"Point","coordinates":[69.2768,41.2694]},"properties":{"id":"SEED002188","name":"","category":"pharmacy","source":"OSM","confidence":"C","status":"auto_unverified"}},{"type":"Feature","geometry":{"type":"Point","coordinates":[69.2808,41.2922]},"properties":{"id":"SEED002189","name":"","category":"pharmacy","source":"OSM","confidence":"C","status":"auto_unverified"}},{"type":"Feature","geometry":{"type":"Point","coordinates":[69.3498,41.282]},"properties":{"id":"SEED002190","name":"","category":"pharmacy","source":"OSM","confidence":"C","status":"auto_unverified"}},{"type":"Feature","geometry":{"type":"Point","coordinates":[69.346,41.2856]},"properties":{"id":"SEED002191","name":"","category":"pharmacy","source":"OSM","confidence":"C","status":"auto_unverified"}},{"type":"Feature","geometry":{"type":"Point","coordinates":[69.3467,41.2855]},"properties":{"id":"SEED002192","name":"","category":"pharmacy","source":"OSM","confidence":"C","status":"auto_unverified"}},{"type":"Feature","geometry":{"type":"Point","coordinates":[69.3001,41.2693]},"properties":{"id":"SEED002193","name":"","category":"pharmacy","source":"OSM","confidence":"C","status":"auto_unverified"}},{"type":"Feature","geometry":{"type":"Point","coordinates":[69.2934,41.2737]},"properties":{"id":"SEED002194","name":"","category":"pharmacy","source":"OSM","confidence":"C","status":"auto_unverified"}},{"type":"Feature","geometry":{"type":"Point","coordinates":[69.2955,41.2678]},"properties":{"id":"SEED002195","name":"","category":"pharmacy","source":"OSM","confidence":"C","status":"auto_unverified"}},{"type":"Feature","geometry":{"type":"Point","coordinates":[69.4408,41.1816]},"properties":{"id":"SEED002196","name":"","category":"pharmacy","source":"OSM","confidence":"C","status":"auto_unverified"}},{"type":"Feature","geometry":{"type":"Point","coordinates":[69.2896,41.2857]},"properties":{"id":"SEED002197","name":"","category":"pharmacy","source":"OSM","confidence":"C","status":"auto_unverified"}},{"type":"Feature","geometry":{"type":"Point","coordinates":[69.2949,41.2807]},"properties":{"id":"SEED002198","name":"","category":"pharmacy","source":"OSM","confidence":"C","status":"auto_unverified"}},{"type":"Feature","geometry":{"type":"Point","coordinates":[69.3163,41.291]},"properties":{"id":"SEED002199","name":"","category":"pharmacy","source":"OSM","confidence":"C","status":"auto_unverified"}},{"type":"Feature","geometry":{"type":"Point","coordinates":[69.2855,41.2967]},"properties":{"id":"SEED002200","name":"","category":"pharmacy","source":"OSM","confidence":"C","status":"auto_unverified"}},{"type":"Feature","geometry":{"type":"Point","coordinates":[69.3094,41.275]},"properties":{"id":"SEED002201","name":"","category":"pharmacy","source":"OSM","confidence":"C","status":"auto_unverified"}},{"type":"Feature","geometry":{"type":"Point","coordinates":[69.3451,41.2962]},"properties":{"id":"SEED002202","name":"","category":"pharmacy","source":"OSM","confidence":"C","status":"auto_unverified"}},{"type":"Feature","geometry":{"type":"Point","coordinates":[69.2227,41.2635]},"properties":{"id":"SEED002203","name":"","category":"pharmacy","source":"OSM","confidence":"C","status":"auto_unverified"}},{"type":"Feature","geometry":{"type":"Point","coordinates":[69.3177,41.3714]},"properties":{"id":"SEED002204","name":"","category":"pharmacy","source":"OSM","confidence":"C","status":"auto_unverified"}},{"type":"Feature","geometry":{"type":"Point","coordinates":[69.2873,41.3716]},"properties":{"id":"SEED002205","name":"","category":"pharmacy","source":"OSM","confidence":"C","status":"auto_unverified"}},{"type":"Feature","geometry":{"type":"Point","coordinates":[69.2863,41.3679]},"properties":{"id":"SEED002206","name":"","category":"pharmacy","source":"OSM","confidence":"C","status":"auto_unverified"}},{"type":"Feature","geometry":{"type":"Point","coordinates":[69.3076,41.3064]},"properties":{"id":"SEED002207","name":"","category":"pharmacy","source":"OSM","confidence":"C","status":"auto_unverified"}},{"type":"Feature","geometry":{"type":"Point","coordinates":[69.265,41.2844]},"properties":{"id":"SEED002208","name":"","category":"pharmacy","source":"OSM","confidence":"C","status":"auto_unverified"}},{"type":"Feature","geometry":{"type":"Point","coordinates":[69.2687,41.2808]},"properties":{"id":"SEED002209","name":"","category":"pharmacy","source":"OSM","confidence":"C","status":"auto_unverified"}},{"type":"Feature","geometry":{"type":"Point","coordinates":[69.3406,41.2916]},"properties":{"id":"SEED002210","name":"","category":"pharmacy","source":"OSM","confidence":"C","status":"auto_unverified"}},{"type":"Feature","geometry":{"type":"Point","coordinates":[69.2447,41.2781]},"properties":{"id":"SEED002211","name":"","category":"pharmacy","source":"OSM","confidence":"C","status":"auto_unverified"}},{"type":"Feature","geometry":{"type":"Point","coordinates":[69.3054,41.2715]},"properties":{"id":"SEED002212","name":"","category":"pharmacy","source":"OSM","confidence":"C","status":"auto_unverified"}},{"type":"Feature","geometry":{"type":"Point","coordinates":[69.3053,41.2715]},"properties":{"id":"SEED002213","name":"","category":"pharmacy","source":"OSM","confidence":"C","status":"auto_unverified"}},{"type":"Feature","geometry":{"type":"Point","coordinates":[69.3348,41.2928]},"properties":{"id":"SEED002214","name":"","category":"pharmacy","source":"OSM","confidence":"C","status":"auto_unverified"}},{"type":"Feature","geometry":{"type":"Point","coordinates":[69.3355,41.2953]},"properties":{"id":"SEED002215","name":"","category":"pharmacy","source":"OSM","confidence":"C","status":"auto_unverified"}},{"type":"Feature","geometry":{"type":"Point","coordinates":[69.3321,41.2929]},"properties":{"id":"SEED002216","name":"","category":"pharmacy","source":"OSM","confidence":"C","status":"auto_unverified"}},{"type":"Feature","geometry":{"type":"Point","coordinates":[69.1872,41.2734]},"properties":{"id":"SEED002217","name":"","category":"pharmacy","source":"OSM","confidence":"C","status":"auto_unverified"}},{"type":"Feature","geometry":{"type":"Point","coordinates":[69.1971,41.2783]},"properties":{"id":"SEED002218","name":"","category":"pharmacy","source":"OSM","confidence":"C","status":"auto_unverified"}},{"type":"Feature","geometry":{"type":"Point","coordinates":[69.2656,41.3059]},"properties":{"id":"SEED002219","name":"","category":"pharmacy","source":"OSM","confidence":"C","status":"auto_unverified"}},{"type":"Feature","geometry":{"type":"Point","coordinates":[69.2481,41.3274]},"properties":{"id":"SEED002220","name":"","category":"pharmacy","source":"OSM","confidence":"C","status":"auto_unverified"}},{"type":"Feature","geometry":{"type":"Point","coordinates":[69.2445,41.3243]},"properties":{"id":"SEED002221","name":"","category":"pharmacy","source":"OSM","confidence":"C","status":"auto_unverified"}},{"type":"Feature","geometry":{"type":"Point","coordinates":[69.2537,41.3263]},"properties":{"id":"SEED002222","name":"","category":"pharmacy","source":"OSM","confidence":"C","status":"auto_unverified"}},{"type":"Feature","geometry":{"type":"Point","coordinates":[69.2928,41.3076]},"properties":{"id":"SEED002223","name":"","category":"pharmacy","source":"OSM","confidence":"C","status":"auto_unverified"}},{"type":"Feature","geometry":{"type":"Point","coordinates":[69.3392,41.3427]},"properties":{"id":"SEED002224","name":"","category":"pharmacy","source":"OSM","confidence":"C","status":"auto_unverified"}},{"type":"Feature","geometry":{"type":"Point","coordinates":[69.3373,41.3411]},"properties":{"id":"SEED002225","name":"","category":"pharmacy","source":"OSM","confidence":"C","status":"auto_unverified"}},{"type":"Feature","geometry":{"type":"Point","coordinates":[69.339,41.3391]},"properties":{"id":"SEED002226","name":"","category":"pharmacy","source":"OSM","confidence":"C","status":"auto_unverified"}},{"type":"Feature","geometry":{"type":"Point","coordinates":[69.2988,41.3413]},"properties":{"id":"SEED002227","name":"","category":"pharmacy","source":"OSM","confidence":"C","status":"auto_unverified"}},{"type":"Feature","geometry":{"type":"Point","coordinates":[69.2906,41.3265]},"properties":{"id":"SEED002228","name":"","category":"pharmacy","source":"OSM","confidence":"C","status":"auto_unverified"}},{"type":"Feature","geometry":{"type":"Point","coordinates":[69.2605,41.3249]},"properties":{"id":"SEED002229","name":"","category":"pharmacy","source":"OSM","confidence":"C","status":"auto_unverified"}},{"type":"Feature","geometry":{"type":"Point","coordinates":[69.2181,41.3224]},"properties":{"id":"SEED002230","name":"","category":"pharmacy","source":"OSM","confidence":"C","status":"auto_unverified"}},{"type":"Feature","geometry":{"type":"Point","coordinates":[69.2185,41.3224]},"properties":{"id":"SEED002231","name":"","category":"pharmacy","source":"OSM","confidence":"C","status":"auto_unverified"}},{"type":"Feature","geometry":{"type":"Point","coordinates":[69.2187,41.3224]},"properties":{"id":"SEED002232","name":"","category":"pharmacy","source":"OSM","confidence":"C","status":"auto_unverified"}},{"type":"Feature","geometry":{"type":"Point","coordinates":[69.2184,41.3224]},"properties":{"id":"SEED002233","name":"","category":"pharmacy","source":"OSM","confidence":"C","status":"auto_unverified"}},{"type":"Feature","geometry":{"type":"Point","coordinates":[69.2191,41.3224]},"properties":{"id":"SEED002234","name":"","category":"pharmacy","source":"OSM","confidence":"C","status":"auto_unverified"}},{"type":"Feature","geometry":{"type":"Point","coordinates":[69.3237,41.2693]},"properties":{"id":"SEED002235","name":"","category":"pharmacy","source":"OSM","confidence":"C","status":"auto_unverified"}},{"type":"Feature","geometry":{"type":"Point","coordinates":[69.3239,41.2696]},"properties":{"id":"SEED002236","name":"","category":"pharmacy","source":"OSM","confidence":"C","status":"auto_unverified"}},{"type":"Feature","geometry":{"type":"Point","coordinates":[69.1908,41.283]},"properties":{"id":"SEED002237","name":"","category":"pharmacy","source":"OSM","confidence":"C","status":"auto_unverified"}},{"type":"Feature","geometry":{"type":"Point","coordinates":[69.1942,41.2808]},"properties":{"id":"SEED002238","name":"","category":"pharmacy","source":"OSM","confidence":"C","status":"auto_unverified"}},{"type":"Feature","geometry":{"type":"Point","coordinates":[69.1857,41.2871]},"properties":{"id":"SEED002239","name":"","category":"pharmacy","source":"OSM","confidence":"C","status":"auto_unverified"}},{"type":"Feature","geometry":{"type":"Point","coordinates":[69.2253,41.2912]},"properties":{"id":"SEED002240","name":"","category":"pharmacy","source":"OSM","confidence":"C","status":"auto_unverified"}},{"type":"Feature","geometry":{"type":"Point","coordinates":[69.2245,41.2918]},"properties":{"id":"SEED002241","name":"","category":"pharmacy","source":"OSM","confidence":"C","status":"auto_unverified"}},{"type":"Feature","geometry":{"type":"Point","coordinates":[69.286,41.3177]},"properties":{"id":"SEED002242","name":"","category":"pharmacy","source":"OSM","confidence":"C","status":"auto_unverified"}},{"type":"Feature","geometry":{"type":"Point","coordinates":[69.2857,41.3194]},"properties":{"id":"SEED002243","name":"","category":"pharmacy","source":"OSM","confidence":"C","status":"auto_unverified"}},{"type":"Feature","geometry":{"type":"Point","coordinates":[69.2258,41.3609]},"properties":{"id":"SEED002244","name":"","category":"pharmacy","source":"OSM","confidence":"C","status":"auto_unverified"}},{"type":"Feature","geometry":{"type":"Point","coordinates":[69.2459,41.2669]},"properties":{"id":"SEED002245","name":"","category":"pharmacy","source":"OSM","confidence":"C","status":"auto_unverified"}},{"type":"Feature","geometry":{"type":"Point","coordinates":[69.2065,41.3583]},"properties":{"id":"SEED002246","name":"","category":"pharmacy","source":"OSM","confidence":"C","status":"auto_unverified"}},{"type":"Feature","geometry":{"type":"Point","coordinates":[69.2447,41.2681]},"properties":{"id":"SEED002247","name":"","category":"pharmacy","source":"OSM","confidence":"C","status":"auto_unverified"}},{"type":"Feature","geometry":{"type":"Point","coordinates":[69.2904,41.3145]},"properties":{"id":"SEED002248","name":"","category":"pharmacy","source":"OSM","confidence":"C","status":"auto_unverified"}},{"type":"Feature","geometry":{"type":"Point","coordinates":[69.3012,41.2498]},"properties":{"id":"SEED002249","name":"","category":"pharmacy","source":"OSM","confidence":"C","status":"auto_unverified"}},{"type":"Feature","geometry":{"type":"Point","coordinates":[69.3002,41.2693]},"properties":{"id":"SEED002250","name":"","category":"pharmacy","source":"OSM","confidence":"C","status":"auto_unverified"}},{"type":"Feature","geometry":{"type":"Point","coordinates":[69.3383,41.3477]},"properties":{"id":"SEED002251","name":"","category":"pharmacy","source":"OSM","confidence":"C","status":"auto_unverified"}},{"type":"Feature","geometry":{"type":"Point","coordinates":[69.2484,41.2668]},"properties":{"id":"SEED002252","name":"","category":"pharmacy","source":"OSM","confidence":"C","status":"auto_unverified"}},{"type":"Feature","geometry":{"type":"Point","coordinates":[69.2457,41.2677]},"properties":{"id":"SEED002253","name":"","category":"pharmacy","source":"OSM","confidence":"C","status":"auto_unverified"}},{"type":"Feature","geometry":{"type":"Point","coordinates":[69.2459,41.2674]},"properties":{"id":"SEED002254","name":"","category":"pharmacy","source":"OSM","confidence":"C","status":"auto_unverified"}},{"type":"Feature","geometry":{"type":"Point","coordinates":[69.2237,41.3556]},"properties":{"id":"SEED002255","name":"","category":"pharmacy","source":"OSM","confidence":"C","status":"auto_unverified"}},{"type":"Feature","geometry":{"type":"Point","coordinates":[69.2849,41.292]},"properties":{"id":"SEED002256","name":"","category":"pharmacy","source":"OSM","confidence":"C","status":"auto_unverified"}},{"type":"Feature","geometry":{"type":"Point","coordinates":[69.2916,41.3271]},"properties":{"id":"SEED002257","name":"","category":"pharmacy","source":"OSM","confidence":"C","status":"auto_unverified"}},{"type":"Feature","geometry":{"type":"Point","coordinates":[69.2908,41.3274]},"properties":{"id":"SEED002258","name":"","category":"pharmacy","source":"OSM","confidence":"C","status":"auto_unverified"}},{"type":"Feature","geometry":{"type":"Point","coordinates":[69.2759,41.372]},"properties":{"id":"SEED002259","name":"","category":"pharmacy","source":"OSM","confidence":"C","status":"auto_unverified"}},{"type":"Feature","geometry":{"type":"Point","coordinates":[69.2188,41.3542]},"properties":{"id":"SEED002260","name":"","category":"pharmacy","source":"OSM","confidence":"C","status":"auto_unverified"}},{"type":"Feature","geometry":{"type":"Point","coordinates":[69.2842,41.3012]},"properties":{"id":"SEED002261","name":"","category":"pharmacy","source":"OSM","confidence":"C","status":"auto_unverified"}},{"type":"Feature","geometry":{"type":"Point","coordinates":[69.3013,41.3773]},"properties":{"id":"SEED002262","name":"","category":"pharmacy","source":"OSM","confidence":"C","status":"auto_unverified"}},{"type":"Feature","geometry":{"type":"Point","coordinates":[69.2681,41.2808]},"properties":{"id":"SEED002263","name":"","category":"pharmacy","source":"OSM","confidence":"C","status":"auto_unverified"}},{"type":"Feature","geometry":{"type":"Point","coordinates":[69.3021,41.2516]},"properties":{"id":"SEED002264","name":"","category":"pharmacy","source":"OSM","confidence":"C","status":"auto_unverified"}},{"type":"Feature","geometry":{"type":"Point","coordinates":[69.3021,41.25]},"properties":{"id":"SEED002265","name":"","category":"pharmacy","source":"OSM","confidence":"C","status":"auto_unverified"}},{"type":"Feature","geometry":{"type":"Point","coordinates":[69.1307,41.3919]},"properties":{"id":"SEED002266","name":"","category":"pharmacy","source":"OSM","confidence":"C","status":"auto_unverified"}},{"type":"Feature","geometry":{"type":"Point","coordinates":[69.2883,41.3083]},"properties":{"id":"SEED002267","name":"","category":"pharmacy","source":"OSM","confidence":"C","status":"auto_unverified"}},{"type":"Feature","geometry":{"type":"Point","coordinates":[69.2689,41.3074]},"properties":{"id":"SEED002268","name":"","category":"pharmacy","source":"OSM","confidence":"C","status":"auto_unverified"}},{"type":"Feature","geometry":{"type":"Point","coordinates":[69.2705,41.2967]},"properties":{"id":"SEED002269","name":"","category":"pharmacy","source":"OSM","confidence":"C","status":"auto_unverified"}},{"type":"Feature","geometry":{"type":"Point","coordinates":[69.216,41.2963]},"properties":{"id":"SEED002270","name":"","category":"pharmacy","source":"OSM","confidence":"C","status":"auto_unverified"}},{"type":"Feature","geometry":{"type":"Point","coordinates":[69.2128,41.2924]},"properties":{"id":"SEED002271","name":"","category":"pharmacy","source":"OSM","confidence":"C","status":"auto_unverified"}},{"type":"Feature","geometry":{"type":"Point","coordinates":[69.2006,41.2766]},"properties":{"id":"SEED002272","name":"","category":"pharmacy","source":"OSM","confidence":"C","status":"auto_unverified"}},{"type":"Feature","geometry":{"type":"Point","coordinates":[69.2081,41.2717]},"properties":{"id":"SEED002273","name":"","category":"pharmacy","source":"OSM","confidence":"C","status":"auto_unverified"}},{"type":"Feature","geometry":{"type":"Point","coordinates":[69.274,41.291]},"properties":{"id":"SEED002274","name":"","category":"pharmacy","source":"OSM","confidence":"C","status":"auto_unverified"}},{"type":"Feature","geometry":{"type":"Point","coordinates":[69.2811,41.3194]},"properties":{"id":"SEED002275","name":"","category":"pharmacy","source":"OSM","confidence":"C","status":"auto_unverified"}},{"type":"Feature","geometry":{"type":"Point","coordinates":[69.3197,41.2698]},"properties":{"id":"SEED002276","name":"","category":"pharmacy","source":"OSM","confidence":"C","status":"auto_unverified"}},{"type":"Feature","geometry":{"type":"Point","coordinates":[69.2271,41.2813]},"properties":{"id":"SEED002277","name":"","category":"pharmacy","source":"OSM","confidence":"C","status":"auto_unverified"}},{"type":"Feature","geometry":{"type":"Point","coordinates":[69.2049,41.3421]},"properties":{"id":"SEED002278","name":"","category":"pharmacy","source":"OSM","confidence":"C","status":"auto_unverified"}},{"type":"Feature","geometry":{"type":"Point","coordinates":[69.2173,41.3329]},"properties":{"id":"SEED002279","name":"","category":"pharmacy","source":"OSM","confidence":"C","status":"auto_unverified"}},{"type":"Feature","geometry":{"type":"Point","coordinates":[69.1885,41.2881]},"properties":{"id":"SEED002280","name":"","category":"pharmacy","source":"OSM","confidence":"C","status":"auto_unverified"}},{"type":"Feature","geometry":{"type":"Point","coordinates":[69.2526,41.3109]},"properties":{"id":"SEED002281","name":"","category":"pharmacy","source":"OSM","confidence":"C","status":"auto_unverified"}},{"type":"Feature","geometry":{"type":"Point","coordinates":[69.2488,41.3111]},"properties":{"id":"SEED002282","name":"","category":"pharmacy","source":"OSM","confidence":"C","status":"auto_unverified"}},{"type":"Feature","geometry":{"type":"Point","coordinates":[69.2867,41.3004]},"properties":{"id":"SEED002283","name":"","category":"pharmacy","source":"OSM","confidence":"C","status":"auto_unverified"}},{"type":"Feature","geometry":{"type":"Point","coordinates":[69.281,41.3605]},"properties":{"id":"SEED002284","name":"","category":"pharmacy","source":"OSM","confidence":"C","status":"auto_unverified"}},{"type":"Feature","geometry":{"type":"Point","coordinates":[69.3594,41.3549]},"properties":{"id":"SEED002285","name":"","category":"pharmacy","source":"OSM","confidence":"C","status":"auto_unverified"}},{"type":"Feature","geometry":{"type":"Point","coordinates":[69.2289,41.2876]},"properties":{"id":"SEED002286","name":"","category":"pharmacy","source":"OSM","confidence":"C","status":"auto_unverified"}},{"type":"Feature","geometry":{"type":"Point","coordinates":[69.2556,41.3259]},"properties":{"id":"SEED002287","name":"","category":"pharmacy","source":"OSM","confidence":"C","status":"auto_unverified"}},{"type":"Feature","geometry":{"type":"Point","coordinates":[69.4607,41.385]},"properties":{"id":"SEED002288","name":"","category":"pharmacy","source":"OSM","confidence":"C","status":"auto_unverified"}},{"type":"Feature","geometry":{"type":"Point","coordinates":[69.215,41.2247]},"properties":{"id":"SEED002289","name":"","category":"pharmacy","source":"OSM","confidence":"C","status":"auto_unverified"}},{"type":"Feature","geometry":{"type":"Point","coordinates":[69.2369,41.2697]},"properties":{"id":"SEED002290","name":"","category":"pharmacy","source":"OSM","confidence":"C","status":"auto_unverified"}},{"type":"Feature","geometry":{"type":"Point","coordinates":[69.3498,41.2874]},"properties":{"id":"SEED002291","name":"","category":"pharmacy","source":"OSM","confidence":"C","status":"auto_unverified"}},{"type":"Feature","geometry":{"type":"Point","coordinates":[69.3304,41.3121]},"properties":{"id":"SEED002292","name":"","category":"pharmacy","source":"OSM","confidence":"C","status":"auto_unverified"}},{"type":"Feature","geometry":{"type":"Point","coordinates":[69.2578,41.2695]},"properties":{"id":"SEED002293","name":"","category":"pharmacy","source":"OSM","confidence":"C","status":"auto_unverified"}},{"type":"Feature","geometry":{"type":"Point","coordinates":[69.3329,41.3418]},"properties":{"id":"SEED002294","name":"","category":"pharmacy","source":"OSM","confidence":"C","status":"auto_unverified"}},{"type":"Feature","geometry":{"type":"Point","coordinates":[69.3054,41.331]},"properties":{"id":"SEED002295","name":"","category":"pharmacy","source":"OSM","confidence":"C","status":"auto_unverified"}},{"type":"Feature","geometry":{"type":"Point","coordinates":[69.3098,41.2466]},"properties":{"id":"SEED002296","name":"","category":"pharmacy","source":"OSM","confidence":"C","status":"auto_unverified"}},{"type":"Feature","geometry":{"type":"Point","coordinates":[69.2568,41.2877]},"properties":{"id":"SEED002297","name":"","category":"pharmacy","source":"OSM","confidence":"C","status":"auto_unverified"}},{"type":"Feature","geometry":{"type":"Point","coordinates":[69.3003,41.2467]},"properties":{"id":"SEED002298","name":"","category":"pharmacy","source":"OSM","confidence":"C","status":"auto_unverified"}},{"type":"Feature","geometry":{"type":"Point","coordinates":[69.175,41.2771]},"properties":{"id":"SEED002299","name":"","category":"pharmacy","source":"OSM","confidence":"C","status":"auto_unverified"}},{"type":"Feature","geometry":{"type":"Point","coordinates":[69.2494,41.3317]},"properties":{"id":"SEED002300","name":"","category":"pharmacy","source":"OSM","confidence":"C","status":"auto_unverified"}},{"type":"Feature","geometry":{"type":"Point","coordinates":[69.2769,41.362]},"properties":{"id":"SEED002301","name":"","category":"pharmacy","source":"OSM","confidence":"C","status":"auto_unverified"}},{"type":"Feature","geometry":{"type":"Point","coordinates":[69.2221,41.2933]},"properties":{"id":"SEED002302","name":"","category":"pharmacy","source":"OSM","confidence":"C","status":"auto_unverified"}},{"type":"Feature","geometry":{"type":"Point","coordinates":[69.2768,41.3587]},"properties":{"id":"SEED002303","name":"","category":"pharmacy","source":"OSM","confidence":"C","status":"auto_unverified"}},{"type":"Feature","geometry":{"type":"Point","coordinates":[69.277,41.3588]},"properties":{"id":"SEED002304","name":"","category":"pharmacy","source":"OSM","confidence":"C","status":"auto_unverified"}},{"type":"Feature","geometry":{"type":"Point","coordinates":[69.2551,41.3368]},"properties":{"id":"SEED002305","name":"","category":"pharmacy","source":"OSM","confidence":"C","status":"auto_unverified"}},{"type":"Feature","geometry":{"type":"Point","coordinates":[69.3366,41.3282]},"properties":{"id":"SEED002306","name":"","category":"pharmacy","source":"OSM","confidence":"C","status":"auto_unverified"}},{"type":"Feature","geometry":{"type":"Point","coordinates":[69.3114,41.2452]},"properties":{"id":"SEED002307","name":"","category":"pharmacy","source":"OSM","confidence":"C","status":"auto_unverified"}},{"type":"Feature","geometry":{"type":"Point","coordinates":[69.1612,41.2598]},"properties":{"id":"SEED002308","name":"","category":"pharmacy","source":"OSM","confidence":"C","status":"auto_unverified"}},{"type":"Feature","geometry":{"type":"Point","coordinates":[69.1588,41.2584]},"properties":{"id":"SEED002309","name":"","category":"pharmacy","source":"OSM","confidence":"C","status":"auto_unverified"}},{"type":"Feature","geometry":{"type":"Point","coordinates":[69.1575,41.259]},"properties":{"id":"SEED002310","name":"","category":"pharmacy","source":"OSM","confidence":"C","status":"auto_unverified"}},{"type":"Feature","geometry":{"type":"Point","coordinates":[69.261,41.2915]},"properties":{"id":"SEED002311","name":"","category":"pharmacy","source":"OSM","confidence":"C","status":"auto_unverified"}},{"type":"Feature","geometry":{"type":"Point","coordinates":[69.1809,41.2824]},"properties":{"id":"SEED002312","name":"","category":"pharmacy","source":"OSM","confidence":"C","status":"auto_unverified"}},{"type":"Feature","geometry":{"type":"Point","coordinates":[69.1811,41.2826]},"properties":{"id":"SEED002313","name":"","category":"pharmacy","source":"OSM","confidence":"C","status":"auto_unverified"}},{"type":"Feature","geometry":{"type":"Point","coordinates":[69.1894,41.2897]},"properties":{"id":"SEED002314","name":"","category":"pharmacy","source":"OSM","confidence":"C","status":"auto_unverified"}},{"type":"Feature","geometry":{"type":"Point","coordinates":[69.1553,41.263]},"properties":{"id":"SEED002315","name":"","category":"pharmacy","source":"OSM","confidence":"C","status":"auto_unverified"}},{"type":"Feature","geometry":{"type":"Point","coordinates":[69.1619,41.2641]},"properties":{"id":"SEED002316","name":"","category":"pharmacy","source":"OSM","confidence":"C","status":"auto_unverified"}},{"type":"Feature","geometry":{"type":"Point","coordinates":[69.1633,41.2629]},"properties":{"id":"SEED002317","name":"","category":"pharmacy","source":"OSM","confidence":"C","status":"auto_unverified"}},{"type":"Feature","geometry":{"type":"Point","coordinates":[69.281,41.3189]},"properties":{"id":"SEED002318","name":"","category":"pharmacy","source":"OSM","confidence":"C","status":"auto_unverified"}},{"type":"Feature","geometry":{"type":"Point","coordinates":[69.3059,41.3019]},"properties":{"id":"SEED002319","name":"","category":"pharmacy","source":"OSM","confidence":"C","status":"auto_unverified"}},{"type":"Feature","geometry":{"type":"Point","coordinates":[69.2671,41.3378]},"properties":{"id":"SEED002320","name":"","category":"pharmacy","source":"OSM","confidence":"C","status":"auto_unverified"}},{"type":"Feature","geometry":{"type":"Point","coordinates":[69.1676,41.3487]},"properties":{"id":"SEED002321","name":"","category":"pharmacy","source":"OSM","confidence":"C","status":"auto_unverified"}},{"type":"Feature","geometry":{"type":"Point","coordinates":[69.1723,41.2889]},"properties":{"id":"SEED002322","name":"","category":"pharmacy","source":"OSM","confidence":"C","status":"auto_unverified"}},{"type":"Feature","geometry":{"type":"Point","coordinates":[69.1727,41.2932]},"properties":{"id":"SEED002323","name":"","category":"pharmacy","source":"OSM","confidence":"C","status":"auto_unverified"}},{"type":"Feature","geometry":{"type":"Point","coordinates":[69.2526,41.285]},"properties":{"id":"SEED002324","name":"","category":"pharmacy","source":"OSM","confidence":"C","status":"auto_unverified"}},{"type":"Feature","geometry":{"type":"Point","coordinates":[69.2506,41.2858]},"properties":{"id":"SEED002325","name":"","category":"pharmacy","source":"OSM","confidence":"C","status":"auto_unverified"}},{"type":"Feature","geometry":{"type":"Point","coordinates":[69.2936,41.3674]},"properties":{"id":"SEED002326","name":"","category":"pharmacy","source":"OSM","confidence":"C","status":"auto_unverified"}},{"type":"Feature","geometry":{"type":"Point","coordinates":[69.2254,41.3698]},"properties":{"id":"SEED002327","name":"","category":"pharmacy","source":"OSM","confidence":"C","status":"auto_unverified"}},{"type":"Feature","geometry":{"type":"Point","coordinates":[69.2363,41.2142]},"properties":{"id":"SEED002328","name":"","category":"pharmacy","source":"OSM","confidence":"C","status":"auto_unverified"}},{"type":"Feature","geometry":{"type":"Point","coordinates":[69.3859,41.3409]},"properties":{"id":"SEED002329","name":"","category":"pharmacy","source":"OSM","confidence":"C","status":"auto_unverified"}},{"type":"Feature","geometry":{"type":"Point","coordinates":[69.3324,41.3271]},"properties":{"id":"SEED002330","name":"","category":"pharmacy","source":"OSM","confidence":"C","status":"auto_unverified"}},{"type":"Feature","geometry":{"type":"Point","coordinates":[69.2363,41.2142]},"properties":{"id":"SEED002331","name":"","category":"pharmacy","source":"OSM","confidence":"C","status":"auto_unverified"}},{"type":"Feature","geometry":{"type":"Point","coordinates":[69.2211,41.3393]},"properties":{"id":"SEED002332","name":"","category":"pharmacy","source":"OSM","confidence":"C","status":"auto_unverified"}},{"type":"Feature","geometry":{"type":"Point","coordinates":[69.2651,41.3207]},"properties":{"id":"SEED002333","name":"","category":"pharmacy","source":"OSM","confidence":"C","status":"auto_unverified"}},{"type":"Feature","geometry":{"type":"Point","coordinates":[69.156,41.2632]},"properties":{"id":"SEED002334","name":"","category":"pharmacy","source":"OSM","confidence":"C","status":"auto_unverified"}},{"type":"Feature","geometry":{"type":"Point","coordinates":[69.2073,41.3445]},"properties":{"id":"SEED002335","name":"","category":"pharmacy","source":"OSM","confidence":"C","status":"auto_unverified"}},{"type":"Feature","geometry":{"type":"Point","coordinates":[69.2849,41.3328]},"properties":{"id":"SEED002336","name":"","category":"pharmacy","source":"OSM","confidence":"C","status":"auto_unverified"}},{"type":"Feature","geometry":{"type":"Point","coordinates":[69.2499,41.2933]},"properties":{"id":"SEED002337","name":"","category":"pharmacy","source":"OSM","confidence":"C","status":"auto_unverified"}},{"type":"Feature","geometry":{"type":"Point","coordinates":[69.2497,41.2933]},"properties":{"id":"SEED002338","name":"","category":"pharmacy","source":"OSM","confidence":"C","status":"auto_unverified"}},{"type":"Feature","geometry":{"type":"Point","coordinates":[69.2418,41.3479]},"properties":{"id":"SEED002339","name":"","category":"pharmacy","source":"OSM","confidence":"C","status":"auto_unverified"}},{"type":"Feature","geometry":{"type":"Point","coordinates":[69.2402,41.3482]},"properties":{"id":"SEED002340","name":"","category":"pharmacy","source":"OSM","confidence":"C","status":"auto_unverified"}},{"type":"Feature","geometry":{"type":"Point","coordinates":[69.2421,41.3486]},"properties":{"id":"SEED002341","name":"","category":"pharmacy","source":"OSM","confidence":"C","status":"auto_unverified"}},{"type":"Feature","geometry":{"type":"Point","coordinates":[69.2412,41.3488]},"properties":{"id":"SEED002342","name":"","category":"pharmacy","source":"OSM","confidence":"C","status":"auto_unverified"}},{"type":"Feature","geometry":{"type":"Point","coordinates":[69.1505,41.2552]},"properties":{"id":"SEED002343","name":"","category":"pharmacy","source":"OSM","confidence":"C","status":"auto_unverified"}},{"type":"Feature","geometry":{"type":"Point","coordinates":[69.287,41.3147]},"properties":{"id":"SEED002344","name":"","category":"pharmacy","source":"OSM","confidence":"C","status":"auto_unverified"}},{"type":"Feature","geometry":{"type":"Point","coordinates":[69.4617,41.3888]},"properties":{"id":"SEED002345","name":"","category":"pharmacy","source":"OSM","confidence":"C","status":"auto_unverified"}},{"type":"Feature","geometry":{"type":"Point","coordinates":[69.2879,41.3631]},"properties":{"id":"SEED002346","name":"","category":"pharmacy","source":"OSM","confidence":"C","status":"auto_unverified"}},{"type":"Feature","geometry":{"type":"Point","coordinates":[69.2365,41.2163]},"properties":{"id":"SEED002347","name":"","category":"pharmacy","source":"OSM","confidence":"C","status":"auto_unverified"}},{"type":"Feature","geometry":{"type":"Point","coordinates":[69.252,41.3339]},"properties":{"id":"SEED002348","name":"","category":"pharmacy","source":"OSM","confidence":"C","status":"auto_unverified"}},{"type":"Feature","geometry":{"type":"Point","coordinates":[69.2526,41.3345]},"properties":{"id":"SEED002349","name":"","category":"pharmacy","source":"OSM","confidence":"C","status":"auto_unverified"}},{"type":"Feature","geometry":{"type":"Point","coordinates":[69.2915,41.3133]},"properties":{"id":"SEED002350","name":"","category":"pharmacy","source":"OSM","confidence":"C","status":"auto_unverified"}},{"type":"Feature","geometry":{"type":"Point","coordinates":[69.2329,41.3306]},"properties":{"id":"SEED002351","name":"","category":"pharmacy","source":"OSM","confidence":"C","status":"auto_unverified"}},{"type":"Feature","geometry":{"type":"Point","coordinates":[69.2857,41.3639]},"properties":{"id":"SEED002352","name":"","category":"pharmacy","source":"OSM","confidence":"C","status":"auto_unverified"}},{"type":"Feature","geometry":{"type":"Point","coordinates":[69.1968,41.279]},"properties":{"id":"SEED002353","name":"","category":"pharmacy","source":"OSM","confidence":"C","status":"auto_unverified"}},{"type":"Feature","geometry":{"type":"Point","coordinates":[69.1731,41.2896]},"properties":{"id":"SEED002354","name":"","category":"pharmacy","source":"OSM","confidence":"C","status":"auto_unverified"}},{"type":"Feature","geometry":{"type":"Point","coordinates":[69.1721,41.2892]},"properties":{"id":"SEED002355","name":"","category":"pharmacy","source":"OSM","confidence":"C","status":"auto_unverified"}},{"type":"Feature","geometry":{"type":"Point","coordinates":[69.1891,41.2885]},"properties":{"id":"SEED002356","name":"","category":"pharmacy","source":"OSM","confidence":"C","status":"auto_unverified"}},{"type":"Feature","geometry":{"type":"Point","coordinates":[69.1827,41.2891]},"properties":{"id":"SEED002357","name":"","category":"pharmacy","source":"OSM","confidence":"C","status":"auto_unverified"}},{"type":"Feature","geometry":{"type":"Point","coordinates":[69.1817,41.2889]},"properties":{"id":"SEED002358","name":"","category":"pharmacy","source":"OSM","confidence":"C","status":"auto_unverified"}},{"type":"Feature","geometry":{"type":"Point","coordinates":[69.2716,41.2931]},"properties":{"id":"SEED002359","name":"","category":"pharmacy","source":"OSM","confidence":"C","status":"auto_unverified"}},{"type":"Feature","geometry":{"type":"Point","coordinates":[69.291,41.3157]},"properties":{"id":"SEED002360","name":"","category":"pharmacy","source":"OSM","confidence":"C","status":"auto_unverified"}},{"type":"Feature","geometry":{"type":"Point","coordinates":[69.1718,41.2858]},"properties":{"id":"SEED002361","name":"","category":"pharmacy","source":"OSM","confidence":"C","status":"auto_unverified"}},{"type":"Feature","geometry":{"type":"Point","coordinates":[69.3381,41.3591]},"properties":{"id":"SEED002362","name":"","category":"pharmacy","source":"OSM","confidence":"C","status":"auto_unverified"}},{"type":"Feature","geometry":{"type":"Point","coordinates":[69.338,41.359]},"properties":{"id":"SEED002363","name":"","category":"pharmacy","source":"OSM","confidence":"C","status":"auto_unverified"}},{"type":"Feature","geometry":{"type":"Point","coordinates":[69.2694,41.3683]},"properties":{"id":"SEED002364","name":"","category":"pharmacy","source":"OSM","confidence":"C","status":"auto_unverified"}},{"type":"Feature","geometry":{"type":"Point","coordinates":[69.1412,41.3065]},"properties":{"id":"SEED002365","name":"","category":"pharmacy","source":"OSM","confidence":"C","status":"auto_unverified"}},{"type":"Feature","geometry":{"type":"Point","coordinates":[69.1417,41.3064]},"properties":{"id":"SEED002366","name":"","category":"pharmacy","source":"OSM","confidence":"C","status":"auto_unverified"}},{"type":"Feature","geometry":{"type":"Point","coordinates":[69.2827,41.3626]},"properties":{"id":"SEED002367","name":"","category":"pharmacy","source":"OSM","confidence":"C","status":"auto_unverified"}},{"type":"Feature","geometry":{"type":"Point","coordinates":[69.2843,41.3633]},"properties":{"id":"SEED002368","name":"","category":"pharmacy","source":"OSM","confidence":"C","status":"auto_unverified"}},{"type":"Feature","geometry":{"type":"Point","coordinates":[69.2759,41.3723]},"properties":{"id":"SEED002369","name":"","category":"pharmacy","source":"OSM","confidence":"C","status":"auto_unverified"}},{"type":"Feature","geometry":{"type":"Point","coordinates":[69.2536,41.3209]},"properties":{"id":"SEED002370","name":"","category":"pharmacy","source":"OSM","confidence":"C","status":"auto_unverified"}},{"type":"Feature","geometry":{"type":"Point","coordinates":[69.3181,41.3718]},"properties":{"id":"SEED002371","name":"","category":"pharmacy","source":"OSM","confidence":"C","status":"auto_unverified"}},{"type":"Feature","geometry":{"type":"Point","coordinates":[69.2379,41.3085]},"properties":{"id":"SEED002372","name":"","category":"pharmacy","source":"OSM","confidence":"C","status":"auto_unverified"}},{"type":"Feature","geometry":{"type":"Point","coordinates":[69.2384,41.3092]},"properties":{"id":"SEED002373","name":"","category":"pharmacy","source":"OSM","confidence":"C","status":"auto_unverified"}},{"type":"Feature","geometry":{"type":"Point","coordinates":[69.2972,41.3793]},"properties":{"id":"SEED002374","name":"","category":"pharmacy","source":"OSM","confidence":"C","status":"auto_unverified"}},{"type":"Feature","geometry":{"type":"Point","coordinates":[69.2089,41.3013]},"properties":{"id":"SEED002375","name":"","category":"pharmacy","source":"OSM","confidence":"C","status":"auto_unverified"}},{"type":"Feature","geometry":{"type":"Point","coordinates":[69.3184,41.3102]},"properties":{"id":"SEED002376","name":"","category":"pharmacy","source":"OSM","confidence":"C","status":"auto_unverified"}},{"type":"Feature","geometry":{"type":"Point","coordinates":[69.3443,41.2884]},"properties":{"id":"SEED002377","name":"","category":"pharmacy","source":"OSM","confidence":"C","status":"auto_unverified"}},{"type":"Feature","geometry":{"type":"Point","coordinates":[69.2678,41.3466]},"properties":{"id":"SEED002378","name":"","category":"pharmacy","source":"OSM","confidence":"C","status":"auto_unverified"}},{"type":"Feature","geometry":{"type":"Point","coordinates":[69.219,41.2271]},"properties":{"id":"SEED002379","name":"","category":"pharmacy","source":"OSM","confidence":"C","status":"auto_unverified"}},{"type":"Feature","geometry":{"type":"Point","coordinates":[69.2182,41.2267]},"properties":{"id":"SEED002380","name":"","category":"pharmacy","source":"OSM","confidence":"C","status":"auto_unverified"}},{"type":"Feature","geometry":{"type":"Point","coordinates":[69.2194,41.2265]},"properties":{"id":"SEED002381","name":"","category":"pharmacy","source":"OSM","confidence":"C","status":"auto_unverified"}},{"type":"Feature","geometry":{"type":"Point","coordinates":[69.2115,41.2234]},"properties":{"id":"SEED002382","name":"","category":"pharmacy","source":"OSM","confidence":"C","status":"auto_unverified"}},{"type":"Feature","geometry":{"type":"Point","coordinates":[69.347,41.2894]},"properties":{"id":"SEED002383","name":"","category":"pharmacy","source":"OSM","confidence":"C","status":"auto_unverified"}},{"type":"Feature","geometry":{"type":"Point","coordinates":[69.3855,41.341]},"properties":{"id":"SEED002384","name":"","category":"pharmacy","source":"OSM","confidence":"C","status":"auto_unverified"}},{"type":"Feature","geometry":{"type":"Point","coordinates":[69.2205,41.3791]},"properties":{"id":"SEED002385","name":"","category":"pharmacy","source":"OSM","confidence":"C","status":"auto_unverified"}},{"type":"Feature","geometry":{"type":"Point","coordinates":[69.2247,41.3676]},"properties":{"id":"SEED002386","name":"","category":"pharmacy","source":"OSM","confidence":"C","status":"auto_unverified"}},{"type":"Feature","geometry":{"type":"Point","coordinates":[69.2156,41.267]},"properties":{"id":"SEED002387","name":"","category":"pharmacy","source":"OSM","confidence":"C","status":"auto_unverified"}},{"type":"Feature","geometry":{"type":"Point","coordinates":[69.2037,41.2741]},"properties":{"id":"SEED002388","name":"","category":"pharmacy","source":"OSM","confidence":"C","status":"auto_unverified"}},{"type":"Feature","geometry":{"type":"Point","coordinates":[69.2286,41.2874]},"properties":{"id":"SEED002389","name":"","category":"pharmacy","source":"OSM","confidence":"C","status":"auto_unverified"}},{"type":"Feature","geometry":{"type":"Point","coordinates":[69.2803,41.3276]},"properties":{"id":"SEED002390","name":"","category":"pharmacy","source":"OSM","confidence":"C","status":"auto_unverified"}},{"type":"Feature","geometry":{"type":"Point","coordinates":[69.328,41.3258]},"properties":{"id":"SEED002391","name":"","category":"pharmacy","source":"OSM","confidence":"C","status":"auto_unverified"}},{"type":"Feature","geometry":{"type":"Point","coordinates":[69.3466,41.2856]},"properties":{"id":"SEED002392","name":"","category":"pharmacy","source":"OSM","confidence":"C","status":"auto_unverified"}},{"type":"Feature","geometry":{"type":"Point","coordinates":[69.2842,41.2987]},"properties":{"id":"SEED002393","name":"","category":"pharmacy","source":"OSM","confidence":"C","status":"auto_unverified"}},{"type":"Feature","geometry":{"type":"Point","coordinates":[69.1738,41.3482]},"properties":{"id":"SEED002394","name":"","category":"pharmacy","source":"OSM","confidence":"C","status":"auto_unverified"}},{"type":"Feature","geometry":{"type":"Point","coordinates":[69.2913,41.3671]},"properties":{"id":"SEED002395","name":"","category":"pharmacy","source":"OSM","confidence":"C","status":"auto_unverified"}},{"type":"Feature","geometry":{"type":"Point","coordinates":[69.3457,41.2972]},"properties":{"id":"SEED002396","name":"","category":"pharmacy","source":"OSM","confidence":"C","status":"auto_unverified"}},{"type":"Feature","geometry":{"type":"Point","coordinates":[69.3893,41.3404]},"properties":{"id":"SEED002397","name":"","category":"pharmacy","source":"OSM","confidence":"C","status":"auto_unverified"}},{"type":"Feature","geometry":{"type":"Point","coordinates":[69.3624,41.2952]},"properties":{"id":"SEED002398","name":"","category":"pharmacy","source":"OSM","confidence":"C","status":"auto_unverified"}},{"type":"Feature","geometry":{"type":"Point","coordinates":[69.3625,41.2953]},"properties":{"id":"SEED002399","name":"","category":"pharmacy","source":"OSM","confidence":"C","status":"auto_unverified"}},{"type":"Feature","geometry":{"type":"Point","coordinates":[69.3593,41.2975]},"properties":{"id":"SEED002400","name":"","category":"pharmacy","source":"OSM","confidence":"C","status":"auto_unverified"}},{"type":"Feature","geometry":{"type":"Point","coordinates":[69.3016,41.3199]},"properties":{"id":"SEED002401","name":"","category":"pharmacy","source":"OSM","confidence":"C","status":"auto_unverified"}},{"type":"Feature","geometry":{"type":"Point","coordinates":[69.2126,41.2698]},"properties":{"id":"SEED002402","name":"","category":"pharmacy","source":"OSM","confidence":"C","status":"auto_unverified"}},{"type":"Feature","geometry":{"type":"Point","coordinates":[69.2965,41.3815]},"properties":{"id":"SEED002403","name":"","category":"pharmacy","source":"OSM","confidence":"C","status":"auto_unverified"}},{"type":"Feature","geometry":{"type":"Point","coordinates":[69.1862,41.2871]},"properties":{"id":"SEED002404","name":"","category":"pharmacy","source":"OSM","confidence":"C","status":"auto_unverified"}},{"type":"Feature","geometry":{"type":"Point","coordinates":[69.189,41.2895]},"properties":{"id":"SEED002405","name":"","category":"pharmacy","source":"OSM","confidence":"C","status":"auto_unverified"}},{"type":"Feature","geometry":{"type":"Point","coordinates":[69.193,41.2919]},"properties":{"id":"SEED002406","name":"","category":"pharmacy","source":"OSM","confidence":"C","status":"auto_unverified"}},{"type":"Feature","geometry":{"type":"Point","coordinates":[69.2216,41.2917]},"properties":{"id":"SEED002407","name":"","category":"pharmacy","source":"OSM","confidence":"C","status":"auto_unverified"}},{"type":"Feature","geometry":{"type":"Point","coordinates":[69.1868,41.2876]},"properties":{"id":"SEED002408","name":"","category":"pharmacy","source":"OSM","confidence":"C","status":"auto_unverified"}},{"type":"Feature","geometry":{"type":"Point","coordinates":[69.1899,41.29]},"properties":{"id":"SEED002409","name":"","category":"pharmacy","source":"OSM","confidence":"C","status":"auto_unverified"}},{"type":"Feature","geometry":{"type":"Point","coordinates":[69.19,41.2901]},"properties":{"id":"SEED002410","name":"","category":"pharmacy","source":"OSM","confidence":"C","status":"auto_unverified"}},{"type":"Feature","geometry":{"type":"Point","coordinates":[69.1901,41.2901]},"properties":{"id":"SEED002411","name":"","category":"pharmacy","source":"OSM","confidence":"C","status":"auto_unverified"}},{"type":"Feature","geometry":{"type":"Point","coordinates":[69.2091,41.2899]},"properties":{"id":"SEED002412","name":"","category":"pharmacy","source":"OSM","confidence":"C","status":"auto_unverified"}},{"type":"Feature","geometry":{"type":"Point","coordinates":[69.1846,41.2869]},"properties":{"id":"SEED002413","name":"","category":"pharmacy","source":"OSM","confidence":"C","status":"auto_unverified"}},{"type":"Feature","geometry":{"type":"Point","coordinates":[69.2221,41.2919]},"properties":{"id":"SEED002414","name":"","category":"pharmacy","source":"OSM","confidence":"C","status":"auto_unverified"}},{"type":"Feature","geometry":{"type":"Point","coordinates":[69.2192,41.2891]},"properties":{"id":"SEED002415","name":"","category":"pharmacy","source":"OSM","confidence":"C","status":"auto_unverified"}},{"type":"Feature","geometry":{"type":"Point","coordinates":[69.1831,41.288]},"properties":{"id":"SEED002416","name":"","category":"pharmacy","source":"OSM","confidence":"C","status":"auto_unverified"}},{"type":"Feature","geometry":{"type":"Point","coordinates":[69.1873,41.2881]},"properties":{"id":"SEED002417","name":"","category":"pharmacy","source":"OSM","confidence":"C","status":"auto_unverified"}},{"type":"Feature","geometry":{"type":"Point","coordinates":[69.2023,41.288]},"properties":{"id":"SEED002418","name":"","category":"pharmacy","source":"OSM","confidence":"C","status":"auto_unverified"}},{"type":"Feature","geometry":{"type":"Point","coordinates":[69.1757,41.2846]},"properties":{"id":"SEED002419","name":"","category":"pharmacy","source":"OSM","confidence":"C","status":"auto_unverified"}},{"type":"Feature","geometry":{"type":"Point","coordinates":[69.3457,41.2873]},"properties":{"id":"SEED002420","name":"","category":"pharmacy","source":"OSM","confidence":"C","status":"auto_unverified"}},{"type":"Feature","geometry":{"type":"Point","coordinates":[69.3477,41.2896]},"properties":{"id":"SEED002421","name":"","category":"pharmacy","source":"OSM","confidence":"C","status":"auto_unverified"}},{"type":"Feature","geometry":{"type":"Point","coordinates":[69.3005,41.3746]},"properties":{"id":"SEED002422","name":"","category":"pharmacy","source":"OSM","confidence":"C","status":"auto_unverified"}},{"type":"Feature","geometry":{"type":"Point","coordinates":[69.3055,41.3783]},"properties":{"id":"SEED002423","name":"","category":"pharmacy","source":"OSM","confidence":"C","status":"auto_unverified"}},{"type":"Feature","geometry":{"type":"Point","coordinates":[69.211,41.3421]},"properties":{"id":"SEED002424","name":"","category":"pharmacy","source":"OSM","confidence":"C","status":"auto_unverified"}},{"type":"Feature","geometry":{"type":"Point","coordinates":[69.2821,41.3572]},"properties":{"id":"SEED002425","name":"","category":"pharmacy","source":"OSM","confidence":"C","status":"auto_unverified"}},{"type":"Feature","geometry":{"type":"Point","coordinates":[69.2812,41.292]},"properties":{"id":"SEED002426","name":"","category":"pharmacy","source":"OSM","confidence":"C","status":"auto_unverified"}},{"type":"Feature","geometry":{"type":"Point","coordinates":[69.2447,41.308]},"properties":{"id":"SEED002427","name":"","category":"pharmacy","source":"OSM","confidence":"C","status":"auto_unverified"}},{"type":"Feature","geometry":{"type":"Point","coordinates":[69.244,41.3084]},"properties":{"id":"SEED002428","name":"","category":"pharmacy","source":"OSM","confidence":"C","status":"auto_unverified"}},{"type":"Feature","geometry":{"type":"Point","coordinates":[69.3469,41.2892]},"properties":{"id":"SEED002429","name":"","category":"pharmacy","source":"OSM","confidence":"C","status":"auto_unverified"}},{"type":"Feature","geometry":{"type":"Point","coordinates":[69.347,41.2893]},"properties":{"id":"SEED002430","name":"","category":"pharmacy","source":"OSM","confidence":"C","status":"auto_unverified"}},{"type":"Feature","geometry":{"type":"Point","coordinates":[69.3478,41.2893]},"properties":{"id":"SEED002431","name":"","category":"pharmacy","source":"OSM","confidence":"C","status":"auto_unverified"}},{"type":"Feature","geometry":{"type":"Point","coordinates":[69.3459,41.2887]},"properties":{"id":"SEED002432","name":"","category":"pharmacy","source":"OSM","confidence":"C","status":"auto_unverified"}},{"type":"Feature","geometry":{"type":"Point","coordinates":[69.3512,41.288]},"properties":{"id":"SEED002433","name":"","category":"pharmacy","source":"OSM","confidence":"C","status":"auto_unverified"}},{"type":"Feature","geometry":{"type":"Point","coordinates":[69.3467,41.2891]},"properties":{"id":"SEED002434","name":"","category":"pharmacy","source":"OSM","confidence":"C","status":"auto_unverified"}},{"type":"Feature","geometry":{"type":"Point","coordinates":[69.2833,41.3295]},"properties":{"id":"SEED002435","name":"","category":"pharmacy","source":"OSM","confidence":"C","status":"auto_unverified"}},{"type":"Feature","geometry":{"type":"Point","coordinates":[69.3456,41.2866]},"properties":{"id":"SEED002436","name":"","category":"pharmacy","source":"OSM","confidence":"C","status":"auto_unverified"}},{"type":"Feature","geometry":{"type":"Point","coordinates":[69.3459,41.2863]},"properties":{"id":"SEED002437","name":"","category":"pharmacy","source":"OSM","confidence":"C","status":"auto_unverified"}},{"type":"Feature","geometry":{"type":"Point","coordinates":[69.2627,41.2701]},"properties":{"id":"SEED002438","name":"","category":"pharmacy","source":"OSM","confidence":"C","status":"auto_unverified"}},{"type":"Feature","geometry":{"type":"Point","coordinates":[69.2795,41.3597]},"properties":{"id":"SEED002439","name":"","category":"pharmacy","source":"OSM","confidence":"C","status":"auto_unverified"}},{"type":"Feature","geometry":{"type":"Point","coordinates":[69.3763,41.2545]},"properties":{"id":"SEED002440","name":"","category":"pharmacy","source":"OSM","confidence":"C","status":"auto_unverified"}},{"type":"Feature","geometry":{"type":"Point","coordinates":[69.3752,41.2538]},"properties":{"id":"SEED002441","name":"","category":"pharmacy","source":"OSM","confidence":"C","status":"auto_unverified"}},{"type":"Feature","geometry":{"type":"Point","coordinates":[69.4528,41.2424]},"properties":{"id":"SEED002442","name":"","category":"pharmacy","source":"OSM","confidence":"C","status":"auto_unverified"}},{"type":"Feature","geometry":{"type":"Point","coordinates":[69.3828,41.3448]},"properties":{"id":"SEED002443","name":"","category":"pharmacy","source":"OSM","confidence":"C","status":"auto_unverified"}},{"type":"Feature","geometry":{"type":"Point","coordinates":[69.3468,41.2892]},"properties":{"id":"SEED002444","name":"","category":"pharmacy","source":"OSM","confidence":"C","status":"auto_unverified"}},{"type":"Feature","geometry":{"type":"Point","coordinates":[69.3494,41.2829]},"properties":{"id":"SEED002445","name":"","category":"pharmacy","source":"OSM","confidence":"C","status":"auto_unverified"}},{"type":"Feature","geometry":{"type":"Point","coordinates":[69.144,41.306]},"properties":{"id":"SEED002446","name":"","category":"pharmacy","source":"OSM","confidence":"C","status":"auto_unverified"}},{"type":"Feature","geometry":{"type":"Point","coordinates":[69.2999,41.3655]},"properties":{"id":"SEED002447","name":"","category":"pharmacy","source":"OSM","confidence":"C","status":"auto_unverified"}},{"type":"Feature","geometry":{"type":"Point","coordinates":[69.3381,41.3171]},"properties":{"id":"SEED002448","name":"","category":"pharmacy","source":"OSM","confidence":"C","status":"auto_unverified"}},{"type":"Feature","geometry":{"type":"Point","coordinates":[69.3394,41.3272]},"properties":{"id":"SEED002449","name":"","category":"pharmacy","source":"OSM","confidence":"C","status":"auto_unverified"}},{"type":"Feature","geometry":{"type":"Point","coordinates":[69.3608,41.2971]},"properties":{"id":"SEED002450","name":"","category":"pharmacy","source":"OSM","confidence":"C","status":"auto_unverified"}},{"type":"Feature","geometry":{"type":"Point","coordinates":[69.3256,41.3146]},"properties":{"id":"SEED002451","name":"","category":"pharmacy","source":"OSM","confidence":"C","status":"auto_unverified"}},{"type":"Feature","geometry":{"type":"Point","coordinates":[69.3246,41.3148]},"properties":{"id":"SEED002452","name":"","category":"pharmacy","source":"OSM","confidence":"C","status":"auto_unverified"}},{"type":"Feature","geometry":{"type":"Point","coordinates":[69.3228,41.3157]},"properties":{"id":"SEED002453","name":"","category":"pharmacy","source":"OSM","confidence":"C","status":"auto_unverified"}},{"type":"Feature","geometry":{"type":"Point","coordinates":[69.2937,41.3393]},"properties":{"id":"SEED002454","name":"","category":"pharmacy","source":"OSM","confidence":"C","status":"auto_unverified"}},{"type":"Feature","geometry":{"type":"Point","coordinates":[69.4664,41.3815]},"properties":{"id":"SEED002455","name":"","category":"pharmacy","source":"OSM","confidence":"C","status":"auto_unverified"}},{"type":"Feature","geometry":{"type":"Point","coordinates":[69.3456,41.286]},"properties":{"id":"SEED002456","name":"","category":"pharmacy","source":"OSM","confidence":"C","status":"auto_unverified"}},{"type":"Feature","geometry":{"type":"Point","coordinates":[69.3561,41.3374]},"properties":{"id":"SEED002457","name":"","category":"pharmacy","source":"OSM","confidence":"C","status":"auto_unverified"}},{"type":"Feature","geometry":{"type":"Point","coordinates":[69.2178,41.3336]},"properties":{"id":"SEED002458","name":"","category":"pharmacy","source":"OSM","confidence":"C","status":"auto_unverified"}},{"type":"Feature","geometry":{"type":"Point","coordinates":[69.3481,41.2831]},"properties":{"id":"SEED002459","name":"","category":"pharmacy","source":"OSM","confidence":"C","status":"auto_unverified"}},{"type":"Feature","geometry":{"type":"Point","coordinates":[69.3496,41.2821]},"properties":{"id":"SEED002460","name":"","category":"pharmacy","source":"OSM","confidence":"C","status":"auto_unverified"}},{"type":"Feature","geometry":{"type":"Point","coordinates":[69.3478,41.284]},"properties":{"id":"SEED002461","name":"","category":"pharmacy","source":"OSM","confidence":"C","status":"auto_unverified"}},{"type":"Feature","geometry":{"type":"Point","coordinates":[69.2953,41.3725]},"properties":{"id":"SEED002462","name":"","category":"pharmacy","source":"OSM","confidence":"C","status":"auto_unverified"}},{"type":"Feature","geometry":{"type":"Point","coordinates":[69.2952,41.3722]},"properties":{"id":"SEED002463","name":"","category":"pharmacy","source":"OSM","confidence":"C","status":"auto_unverified"}},{"type":"Feature","geometry":{"type":"Point","coordinates":[69.2952,41.3724]},"properties":{"id":"SEED002464","name":"","category":"pharmacy","source":"OSM","confidence":"C","status":"auto_unverified"}},{"type":"Feature","geometry":{"type":"Point","coordinates":[69.2934,41.3713]},"properties":{"id":"SEED002465","name":"","category":"pharmacy","source":"OSM","confidence":"C","status":"auto_unverified"}},{"type":"Feature","geometry":{"type":"Point","coordinates":[69.2931,41.3707]},"properties":{"id":"SEED002466","name":"","category":"pharmacy","source":"OSM","confidence":"C","status":"auto_unverified"}},{"type":"Feature","geometry":{"type":"Point","coordinates":[69.2327,41.3187]},"properties":{"id":"SEED002467","name":"","category":"pharmacy","source":"OSM","confidence":"C","status":"auto_unverified"}},{"type":"Feature","geometry":{"type":"Point","coordinates":[69.2472,41.3052]},"properties":{"id":"SEED002468","name":"","category":"pharmacy","source":"OSM","confidence":"C","status":"auto_unverified"}},{"type":"Feature","geometry":{"type":"Point","coordinates":[69.3021,41.2705]},"properties":{"id":"SEED002469","name":"","category":"pharmacy","source":"OSM","confidence":"C","status":"auto_unverified"}},{"type":"Feature","geometry":{"type":"Point","coordinates":[69.3704,41.335]},"properties":{"id":"SEED002470","name":"","category":"pharmacy","source":"OSM","confidence":"C","status":"auto_unverified"}},{"type":"Feature","geometry":{"type":"Point","coordinates":[69.2797,41.2954]},"properties":{"id":"SEED002471","name":"","category":"pharmacy","source":"OSM","confidence":"C","status":"auto_unverified"}},{"type":"Feature","geometry":{"type":"Point","coordinates":[69.2825,41.2953]},"properties":{"id":"SEED002472","name":"","category":"pharmacy","source":"OSM","confidence":"C","status":"auto_unverified"}},{"type":"Feature","geometry":{"type":"Point","coordinates":[69.3018,41.3252]},"properties":{"id":"SEED002473","name":"","category":"pharmacy","source":"OSM","confidence":"C","status":"auto_unverified"}},{"type":"Feature","geometry":{"type":"Point","coordinates":[69.2788,41.3608]},"properties":{"id":"SEED002474","name":"","category":"pharmacy","source":"OSM","confidence":"C","status":"auto_unverified"}},{"type":"Feature","geometry":{"type":"Point","coordinates":[69.2738,41.292]},"properties":{"id":"SEED002475","name":"","category":"pharmacy","source":"OSM","confidence":"C","status":"auto_unverified"}},{"type":"Feature","geometry":{"type":"Point","coordinates":[69.3702,41.3351]},"properties":{"id":"SEED002476","name":"","category":"pharmacy","source":"OSM","confidence":"C","status":"auto_unverified"}},{"type":"Feature","geometry":{"type":"Point","coordinates":[69.37,41.3347]},"properties":{"id":"SEED002477","name":"","category":"pharmacy","source":"OSM","confidence":"C","status":"auto_unverified"}},{"type":"Feature","geometry":{"type":"Point","coordinates":[69.3717,41.3354]},"properties":{"id":"SEED002478","name":"","category":"pharmacy","source":"OSM","confidence":"C","status":"auto_unverified"}},{"type":"Feature","geometry":{"type":"Point","coordinates":[69.2715,41.2773]},"properties":{"id":"SEED002479","name":"","category":"pharmacy","source":"OSM","confidence":"C","status":"auto_unverified"}},{"type":"Feature","geometry":{"type":"Point","coordinates":[69.3656,41.3318]},"properties":{"id":"SEED002480","name":"","category":"pharmacy","source":"OSM","confidence":"C","status":"auto_unverified"}},{"type":"Feature","geometry":{"type":"Point","coordinates":[69.216,41.2863]},"properties":{"id":"SEED002481","name":"","category":"pharmacy","source":"OSM","confidence":"C","status":"auto_unverified"}},{"type":"Feature","geometry":{"type":"Point","coordinates":[69.2192,41.2891]},"properties":{"id":"SEED002482","name":"","category":"pharmacy","source":"OSM","confidence":"C","status":"auto_unverified"}},{"type":"Feature","geometry":{"type":"Point","coordinates":[69.2759,41.3021]},"properties":{"id":"SEED002483","name":"","category":"pharmacy","source":"OSM","confidence":"C","status":"auto_unverified"}},{"type":"Feature","geometry":{"type":"Point","coordinates":[69.2764,41.294]},"properties":{"id":"SEED002484","name":"","category":"pharmacy","source":"OSM","confidence":"C","status":"auto_unverified"}},{"type":"Feature","geometry":{"type":"Point","coordinates":[69.3658,41.3311]},"properties":{"id":"SEED002485","name":"","category":"pharmacy","source":"OSM","confidence":"C","status":"auto_unverified"}},{"type":"Feature","geometry":{"type":"Point","coordinates":[69.2911,41.318]},"properties":{"id":"SEED002486","name":"","category":"pharmacy","source":"OSM","confidence":"C","status":"auto_unverified"}},{"type":"Feature","geometry":{"type":"Point","coordinates":[69.2922,41.3676]},"properties":{"id":"SEED002487","name":"","category":"pharmacy","source":"OSM","confidence":"C","status":"auto_unverified"}},{"type":"Feature","geometry":{"type":"Point","coordinates":[69.3786,41.3551]},"properties":{"id":"SEED002488","name":"","category":"pharmacy","source":"OSM","confidence":"C","status":"auto_unverified"}},{"type":"Feature","geometry":{"type":"Point","coordinates":[69.379,41.3585]},"properties":{"id":"SEED002489","name":"","category":"pharmacy","source":"OSM","confidence":"C","status":"auto_unverified"}},{"type":"Feature","geometry":{"type":"Point","coordinates":[69.2643,41.3709]},"properties":{"id":"SEED002490","name":"","category":"pharmacy","source":"OSM","confidence":"C","status":"auto_unverified"}},{"type":"Feature","geometry":{"type":"Point","coordinates":[69.2075,41.2638]},"properties":{"id":"SEED002491","name":"","category":"pharmacy","source":"OSM","confidence":"C","status":"auto_unverified"}},{"type":"Feature","geometry":{"type":"Point","coordinates":[69.3349,41.3551]},"properties":{"id":"SEED002492","name":"","category":"pharmacy","source":"OSM","confidence":"C","status":"auto_unverified"}},{"type":"Feature","geometry":{"type":"Point","coordinates":[69.3371,41.3574]},"properties":{"id":"SEED002493","name":"","category":"pharmacy","source":"OSM","confidence":"C","status":"auto_unverified"}},{"type":"Feature","geometry":{"type":"Point","coordinates":[69.211,41.2909]},"properties":{"id":"SEED002494","name":"","category":"pharmacy","source":"OSM","confidence":"C","status":"auto_unverified"}},{"type":"Feature","geometry":{"type":"Point","coordinates":[69.2941,41.2734]},"properties":{"id":"SEED002495","name":"","category":"pharmacy","source":"OSM","confidence":"C","status":"auto_unverified"}},{"type":"Feature","geometry":{"type":"Point","coordinates":[69.3005,41.2755]},"properties":{"id":"SEED002496","name":"","category":"pharmacy","source":"OSM","confidence":"C","status":"auto_unverified"}},{"type":"Feature","geometry":{"type":"Point","coordinates":[69.2938,41.2732]},"properties":{"id":"SEED002497","name":"","category":"pharmacy","source":"OSM","confidence":"C","status":"auto_unverified"}},{"type":"Feature","geometry":{"type":"Point","coordinates":[69.2641,41.3009]},"properties":{"id":"SEED002498","name":"","category":"pharmacy","source":"OSM","confidence":"C","status":"auto_unverified"}},{"type":"Feature","geometry":{"type":"Point","coordinates":[69.2387,41.2828]},"properties":{"id":"SEED002499","name":"","category":"pharmacy","source":"OSM","confidence":"C","status":"auto_unverified"}},{"type":"Feature","geometry":{"type":"Point","coordinates":[69.2903,41.3086]},"properties":{"id":"SEED002500","name":"","category":"pharmacy","source":"OSM","confidence":"C","status":"auto_unverified"}},{"type":"Feature","geometry":{"type":"Point","coordinates":[69.3868,41.3587]},"properties":{"id":"SEED002501","name":"","category":"pharmacy","source":"OSM","confidence":"C","status":"auto_unverified"}},{"type":"Feature","geometry":{"type":"Point","coordinates":[69.3891,41.3458]},"properties":{"id":"SEED002502","name":"","category":"pharmacy","source":"OSM","confidence":"C","status":"auto_unverified"}},{"type":"Feature","geometry":{"type":"Point","coordinates":[69.3876,41.3589]},"properties":{"id":"SEED002503","name":"","category":"pharmacy","source":"OSM","confidence":"C","status":"auto_unverified"}},{"type":"Feature","geometry":{"type":"Point","coordinates":[69.3888,41.3539]},"properties":{"id":"SEED002504","name":"","category":"pharmacy","source":"OSM","confidence":"C","status":"auto_unverified"}},{"type":"Feature","geometry":{"type":"Point","coordinates":[69.2989,41.3538]},"properties":{"id":"SEED002505","name":"","category":"pharmacy","source":"OSM","confidence":"C","status":"auto_unverified"}},{"type":"Feature","geometry":{"type":"Point","coordinates":[69.3089,41.2727]},"properties":{"id":"SEED002506","name":"","category":"pharmacy","source":"OSM","confidence":"C","status":"auto_unverified"}},{"type":"Feature","geometry":{"type":"Point","coordinates":[69.3087,41.2727]},"properties":{"id":"SEED002507","name":"","category":"pharmacy","source":"OSM","confidence":"C","status":"auto_unverified"}},{"type":"Feature","geometry":{"type":"Point","coordinates":[69.3854,41.3589]},"properties":{"id":"SEED002508","name":"","category":"pharmacy","source":"OSM","confidence":"C","status":"auto_unverified"}},{"type":"Feature","geometry":{"type":"Point","coordinates":[69.3226,41.3099]},"properties":{"id":"SEED002509","name":"","category":"pharmacy","source":"OSM","confidence":"C","status":"auto_unverified"}},{"type":"Feature","geometry":{"type":"Point","coordinates":[69.2227,41.2213]},"properties":{"id":"SEED002510","name":"","category":"pharmacy","source":"OSM","confidence":"C","status":"auto_unverified"}},{"type":"Feature","geometry":{"type":"Point","coordinates":[69.1726,41.3503]},"properties":{"id":"SEED002511","name":"","category":"pharmacy","source":"OSM","confidence":"C","status":"auto_unverified"}},{"type":"Feature","geometry":{"type":"Point","coordinates":[69.1747,41.3488]},"properties":{"id":"SEED002512","name":"","category":"pharmacy","source":"OSM","confidence":"C","status":"auto_unverified"}},{"type":"Feature","geometry":{"type":"Point","coordinates":[69.3732,41.2486]},"properties":{"id":"SEED002513","name":"","category":"pharmacy","source":"OSM","confidence":"C","status":"auto_unverified"}},{"type":"Feature","geometry":{"type":"Point","coordinates":[69.2891,41.3049]},"properties":{"id":"SEED002514","name":"","category":"pharmacy","source":"OSM","confidence":"C","status":"auto_unverified"}},{"type":"Feature","geometry":{"type":"Point","coordinates":[69.2917,41.3329]},"properties":{"id":"SEED002515","name":"","category":"pharmacy","source":"OSM","confidence":"C","status":"auto_unverified"}},{"type":"Feature","geometry":{"type":"Point","coordinates":[69.3432,41.254]},"properties":{"id":"SEED002516","name":"","category":"pharmacy","source":"OSM","confidence":"C","status":"auto_unverified"}},{"type":"Feature","geometry":{"type":"Point","coordinates":[69.3412,41.2573]},"properties":{"id":"SEED002517","name":"","category":"pharmacy","source":"OSM","confidence":"C","status":"auto_unverified"}},{"type":"Feature","geometry":{"type":"Point","coordinates":[69.158,41.2583]},"properties":{"id":"SEED002518","name":"","category":"pharmacy","source":"OSM","confidence":"C","status":"auto_unverified"}},{"type":"Feature","geometry":{"type":"Point","coordinates":[69.3097,41.3687]},"properties":{"id":"SEED002519","name":"","category":"pharmacy","source":"OSM","confidence":"C","status":"auto_unverified"}},{"type":"Feature","geometry":{"type":"Point","coordinates":[69.2432,41.2876]},"properties":{"id":"SEED002520","name":"","category":"pharmacy","source":"OSM","confidence":"C","status":"auto_unverified"}},{"type":"Feature","geometry":{"type":"Point","coordinates":[69.2439,41.2771]},"properties":{"id":"SEED002521","name":"","category":"pharmacy","source":"OSM","confidence":"C","status":"auto_unverified"}},{"type":"Feature","geometry":{"type":"Point","coordinates":[69.2885,41.3519]},"properties":{"id":"SEED002522","name":"","category":"pharmacy","source":"OSM","confidence":"C","status":"auto_unverified"}},{"type":"Feature","geometry":{"type":"Point","coordinates":[69.3432,41.254]},"properties":{"id":"SEED002523","name":"","category":"pharmacy","source":"OSM","confidence":"C","status":"auto_unverified"}},{"type":"Feature","geometry":{"type":"Point","coordinates":[69.3315,41.2391]},"properties":{"id":"SEED002524","name":"","category":"pharmacy","source":"OSM","confidence":"C","status":"auto_unverified"}},{"type":"Feature","geometry":{"type":"Point","coordinates":[69.2927,41.369]},"properties":{"id":"SEED002525","name":"","category":"pharmacy","source":"OSM","confidence":"C","status":"auto_unverified"}},{"type":"Feature","geometry":{"type":"Point","coordinates":[69.2927,41.3689]},"properties":{"id":"SEED002526","name":"","category":"pharmacy","source":"OSM","confidence":"C","status":"auto_unverified"}},{"type":"Feature","geometry":{"type":"Point","coordinates":[69.2892,41.3628]},"properties":{"id":"SEED002527","name":"","category":"pharmacy","source":"OSM","confidence":"C","status":"auto_unverified"}},{"type":"Feature","geometry":{"type":"Point","coordinates":[69.2846,41.3162]},"properties":{"id":"SEED002528","name":"","category":"pharmacy","source":"OSM","confidence":"C","status":"auto_unverified"}},{"type":"Feature","geometry":{"type":"Point","coordinates":[69.2938,41.2732]},"properties":{"id":"SEED002529","name":"","category":"pharmacy","source":"OSM","confidence":"C","status":"auto_unverified"}},{"type":"Feature","geometry":{"type":"Point","coordinates":[69.3441,41.2527]},"properties":{"id":"SEED002530","name":"","category":"pharmacy","source":"OSM","confidence":"C","status":"auto_unverified"}},{"type":"Feature","geometry":{"type":"Point","coordinates":[69.2435,41.2797]},"properties":{"id":"SEED002531","name":"","category":"pharmacy","source":"OSM","confidence":"C","status":"auto_unverified"}},{"type":"Feature","geometry":{"type":"Point","coordinates":[69.2851,41.2876]},"properties":{"id":"SEED002532","name":"","category":"pharmacy","source":"OSM","confidence":"C","status":"auto_unverified"}},{"type":"Feature","geometry":{"type":"Point","coordinates":[69.2848,41.2877]},"properties":{"id":"SEED002533","name":"","category":"pharmacy","source":"OSM","confidence":"C","status":"auto_unverified"}},{"type":"Feature","geometry":{"type":"Point","coordinates":[69.2842,41.288]},"properties":{"id":"SEED002534","name":"","category":"pharmacy","source":"OSM","confidence":"C","status":"auto_unverified"}},{"type":"Feature","geometry":{"type":"Point","coordinates":[69.2842,41.2877]},"properties":{"id":"SEED002535","name":"","category":"pharmacy","source":"OSM","confidence":"C","status":"auto_unverified"}},{"type":"Feature","geometry":{"type":"Point","coordinates":[69.2841,41.2877]},"properties":{"id":"SEED002536","name":"","category":"pharmacy","source":"OSM","confidence":"C","status":"auto_unverified"}},{"type":"Feature","geometry":{"type":"Point","coordinates":[69.2841,41.288]},"properties":{"id":"SEED002537","name":"","category":"pharmacy","source":"OSM","confidence":"C","status":"auto_unverified"}},{"type":"Feature","geometry":{"type":"Point","coordinates":[69.3441,41.2543]},"properties":{"id":"SEED002538","name":"","category":"pharmacy","source":"OSM","confidence":"C","status":"auto_unverified"}},{"type":"Feature","geometry":{"type":"Point","coordinates":[69.2843,41.3013]},"properties":{"id":"SEED002539","name":"","category":"pharmacy","source":"OSM","confidence":"C","status":"auto_unverified"}},{"type":"Feature","geometry":{"type":"Point","coordinates":[69.2751,41.298]},"properties":{"id":"SEED002540","name":"","category":"pharmacy","source":"OSM","confidence":"C","status":"auto_unverified"}},{"type":"Feature","geometry":{"type":"Point","coordinates":[69.288,41.294]},"properties":{"id":"SEED002541","name":"","category":"pharmacy","source":"OSM","confidence":"C","status":"auto_unverified"}},{"type":"Feature","geometry":{"type":"Point","coordinates":[69.1978,41.2943]},"properties":{"id":"SEED002542","name":"","category":"pharmacy","source":"OSM","confidence":"C","status":"auto_unverified"}},{"type":"Feature","geometry":{"type":"Point","coordinates":[69.2941,41.3689]},"properties":{"id":"SEED002543","name":"","category":"pharmacy","source":"OSM","confidence":"C","status":"auto_unverified"}},{"type":"Feature","geometry":{"type":"Point","coordinates":[69.3437,41.2535]},"properties":{"id":"SEED002544","name":"","category":"pharmacy","source":"OSM","confidence":"C","status":"auto_unverified"}},{"type":"Feature","geometry":{"type":"Point","coordinates":[69.2963,41.3614]},"properties":{"id":"SEED002545","name":"","category":"pharmacy","source":"OSM","confidence":"C","status":"auto_unverified"}},{"type":"Feature","geometry":{"type":"Point","coordinates":[69.2972,41.364]},"properties":{"id":"SEED002546","name":"","category":"pharmacy","source":"OSM","confidence":"C","status":"auto_unverified"}},{"type":"Feature","geometry":{"type":"Point","coordinates":[69.3308,41.3124]},"properties":{"id":"SEED002547","name":"","category":"pharmacy","source":"OSM","confidence":"C","status":"auto_unverified"}},{"type":"Feature","geometry":{"type":"Point","coordinates":[69.2846,41.2941]},"properties":{"id":"SEED002548","name":"","category":"pharmacy","source":"OSM","confidence":"C","status":"auto_unverified"}},{"type":"Feature","geometry":{"type":"Point","coordinates":[69.201,41.27]},"properties":{"id":"SEED002549","name":"","category":"pharmacy","source":"OSM","confidence":"C","status":"auto_unverified"}},{"type":"Feature","geometry":{"type":"Point","coordinates":[69.3217,41.3158]},"properties":{"id":"SEED002550","name":"","category":"pharmacy","source":"OSM","confidence":"C","status":"auto_unverified"}},{"type":"Feature","geometry":{"type":"Point","coordinates":[69.3309,41.2391]},"properties":{"id":"SEED002551","name":"","category":"pharmacy","source":"OSM","confidence":"C","status":"auto_unverified"}},{"type":"Feature","geometry":{"type":"Point","coordinates":[69.2187,41.2262]},"properties":{"id":"SEED002552","name":"","category":"pharmacy","source":"OSM","confidence":"C","status":"auto_unverified"}},{"type":"Feature","geometry":{"type":"Point","coordinates":[69.3307,41.2391]},"properties":{"id":"SEED002553","name":"","category":"pharmacy","source":"OSM","confidence":"C","status":"auto_unverified"}},{"type":"Feature","geometry":{"type":"Point","coordinates":[69.3312,41.2391]},"properties":{"id":"SEED002554","name":"","category":"pharmacy","source":"OSM","confidence":"C","status":"auto_unverified"}},{"type":"Feature","geometry":{"type":"Point","coordinates":[69.2333,41.337]},"properties":{"id":"SEED002555","name":"","category":"pharmacy","source":"OSM","confidence":"C","status":"auto_unverified"}},{"type":"Feature","geometry":{"type":"Point","coordinates":[69.2888,41.3037]},"properties":{"id":"SEED002556","name":"","category":"pharmacy","source":"OSM","confidence":"C","status":"auto_unverified"}},{"type":"Feature","geometry":{"type":"Point","coordinates":[69.289,41.3119]},"properties":{"id":"SEED002557","name":"","category":"pharmacy","source":"OSM","confidence":"C","status":"auto_unverified"}},{"type":"Feature","geometry":{"type":"Point","coordinates":[69.2674,41.299]},"properties":{"id":"SEED002558","name":"","category":"pharmacy","source":"OSM","confidence":"C","status":"auto_unverified"}},{"type":"Feature","geometry":{"type":"Point","coordinates":[69.207,41.2267]},"properties":{"id":"SEED002559","name":"","category":"pharmacy","source":"OSM","confidence":"C","status":"auto_unverified"}},{"type":"Feature","geometry":{"type":"Point","coordinates":[69.199,41.2776]},"properties":{"id":"SEED002560","name":"","category":"pharmacy","source":"OSM","confidence":"C","status":"auto_unverified"}},{"type":"Feature","geometry":{"type":"Point","coordinates":[69.305,41.2799]},"properties":{"id":"SEED002561","name":"","category":"pharmacy","source":"OSM","confidence":"C","status":"auto_unverified"}},{"type":"Feature","geometry":{"type":"Point","coordinates":[69.2288,41.3492]},"properties":{"id":"SEED002562","name":"","category":"pharmacy","source":"OSM","confidence":"C","status":"auto_unverified"}},{"type":"Feature","geometry":{"type":"Point","coordinates":[69.2892,41.3042]},"properties":{"id":"SEED002563","name":"","category":"pharmacy","source":"OSM","confidence":"C","status":"auto_unverified"}},{"type":"Feature","geometry":{"type":"Point","coordinates":[69.3062,41.2718]},"properties":{"id":"SEED002564","name":"","category":"pharmacy","source":"OSM","confidence":"C","status":"auto_unverified"}},{"type":"Feature","geometry":{"type":"Point","coordinates":[69.3314,41.3262]},"properties":{"id":"SEED002565","name":"","category":"pharmacy","source":"OSM","confidence":"C","status":"auto_unverified"}},{"type":"Feature","geometry":{"type":"Point","coordinates":[69.331,41.3261]},"properties":{"id":"SEED002566","name":"","category":"pharmacy","source":"OSM","confidence":"C","status":"auto_unverified"}},{"type":"Feature","geometry":{"type":"Point","coordinates":[69.3311,41.3262]},"properties":{"id":"SEED002567","name":"","category":"pharmacy","source":"OSM","confidence":"C","status":"auto_unverified"}},{"type":"Feature","geometry":{"type":"Point","coordinates":[69.3315,41.3262]},"properties":{"id":"SEED002568","name":"","category":"pharmacy","source":"OSM","confidence":"C","status":"auto_unverified"}},{"type":"Feature","geometry":{"type":"Point","coordinates":[69.3318,41.3263]},"properties":{"id":"SEED002569","name":"","category":"pharmacy","source":"OSM","confidence":"C","status":"auto_unverified"}},{"type":"Feature","geometry":{"type":"Point","coordinates":[69.3321,41.3263]},"properties":{"id":"SEED002570","name":"","category":"pharmacy","source":"OSM","confidence":"C","status":"auto_unverified"}},{"type":"Feature","geometry":{"type":"Point","coordinates":[69.3384,41.3483]},"properties":{"id":"SEED002571","name":"","category":"pharmacy","source":"OSM","confidence":"C","status":"auto_unverified"}},{"type":"Feature","geometry":{"type":"Point","coordinates":[69.3546,41.3208]},"properties":{"id":"SEED002572","name":"","category":"pharmacy","source":"OSM","confidence":"C","status":"auto_unverified"}},{"type":"Feature","geometry":{"type":"Point","coordinates":[69.2,41.277]},"properties":{"id":"SEED002573","name":"","category":"pharmacy","source":"OSM","confidence":"C","status":"auto_unverified"}},{"type":"Feature","geometry":{"type":"Point","coordinates":[69.3002,41.3252]},"properties":{"id":"SEED002574","name":"","category":"pharmacy","source":"OSM","confidence":"C","status":"auto_unverified"}},{"type":"Feature","geometry":{"type":"Point","coordinates":[69.2137,41.2942]},"properties":{"id":"SEED002575","name":"","category":"pharmacy","source":"OSM","confidence":"C","status":"auto_unverified"}},{"type":"Feature","geometry":{"type":"Point","coordinates":[69.2458,41.3257]},"properties":{"id":"SEED002576","name":"","category":"pharmacy","source":"OSM","confidence":"C","status":"auto_unverified"}},{"type":"Feature","geometry":{"type":"Point","coordinates":[69.2198,41.3315]},"properties":{"id":"SEED002577","name":"","category":"pharmacy","source":"OSM","confidence":"C","status":"auto_unverified"}},{"type":"Feature","geometry":{"type":"Point","coordinates":[69.3289,41.3265]},"properties":{"id":"SEED002578","name":"","category":"pharmacy","source":"OSM","confidence":"C","status":"auto_unverified"}},{"type":"Feature","geometry":{"type":"Point","coordinates":[69.2669,41.2944]},"properties":{"id":"SEED002579","name":"","category":"pharmacy","source":"OSM","confidence":"C","status":"auto_unverified"}},{"type":"Feature","geometry":{"type":"Point","coordinates":[69.2223,41.2219]},"properties":{"id":"SEED002580","name":"","category":"pharmacy","source":"OSM","confidence":"C","status":"auto_unverified"}},{"type":"Feature","geometry":{"type":"Point","coordinates":[69.263,41.3305]},"properties":{"id":"SEED002581","name":"","category":"pharmacy","source":"OSM","confidence":"C","status":"auto_unverified"}},{"type":"Feature","geometry":{"type":"Point","coordinates":[69.2265,41.2083]},"properties":{"id":"SEED002582","name":"","category":"pharmacy","source":"OSM","confidence":"C","status":"auto_unverified"}},{"type":"Feature","geometry":{"type":"Point","coordinates":[69.1716,41.3485]},"properties":{"id":"SEED002583","name":"","category":"pharmacy","source":"OSM","confidence":"C","status":"auto_unverified"}},{"type":"Feature","geometry":{"type":"Point","coordinates":[69.1718,41.3485]},"properties":{"id":"SEED002584","name":"","category":"pharmacy","source":"OSM","confidence":"C","status":"auto_unverified"}},{"type":"Feature","geometry":{"type":"Point","coordinates":[69.1724,41.3485]},"properties":{"id":"SEED002585","name":"","category":"pharmacy","source":"OSM","confidence":"C","status":"auto_unverified"}},{"type":"Feature","geometry":{"type":"Point","coordinates":[69.2077,41.263]},"properties":{"id":"SEED002586","name":"","category":"pharmacy","source":"OSM","confidence":"C","status":"auto_unverified"}},{"type":"Feature","geometry":{"type":"Point","coordinates":[69.3342,41.2942]},"properties":{"id":"SEED002587","name":"","category":"pharmacy","source":"OSM","confidence":"C","status":"auto_unverified"}},{"type":"Feature","geometry":{"type":"Point","coordinates":[69.3302,41.2399]},"properties":{"id":"SEED002588","name":"","category":"pharmacy","source":"OSM","confidence":"C","status":"auto_unverified"}},{"type":"Feature","geometry":{"type":"Point","coordinates":[69.3303,41.2396]},"properties":{"id":"SEED002589","name":"","category":"pharmacy","source":"OSM","confidence":"C","status":"auto_unverified"}},{"type":"Feature","geometry":{"type":"Point","coordinates":[69.2294,41.2631]},"properties":{"id":"SEED002590","name":"","category":"pharmacy","source":"OSM","confidence":"C","status":"auto_unverified"}},{"type":"Feature","geometry":{"type":"Point","coordinates":[69.2421,41.3575]},"properties":{"id":"SEED002591","name":"","category":"pharmacy","source":"OSM","confidence":"C","status":"auto_unverified"}},{"type":"Feature","geometry":{"type":"Point","coordinates":[69.2845,41.3024]},"properties":{"id":"SEED002592","name":"","category":"pharmacy","source":"OSM","confidence":"C","status":"auto_unverified"}},{"type":"Feature","geometry":{"type":"Point","coordinates":[69.343,41.2735]},"properties":{"id":"SEED002593","name":"","category":"pharmacy","source":"OSM","confidence":"C","status":"auto_unverified"}},{"type":"Feature","geometry":{"type":"Point","coordinates":[69.2939,41.3678]},"properties":{"id":"SEED002594","name":"","category":"pharmacy","source":"OSM","confidence":"C","status":"auto_unverified"}},{"type":"Feature","geometry":{"type":"Point","coordinates":[69.2885,41.352]},"properties":{"id":"SEED002595","name":"","category":"pharmacy","source":"OSM","confidence":"C","status":"auto_unverified"}},{"type":"Feature","geometry":{"type":"Point","coordinates":[69.2972,41.3603]},"properties":{"id":"SEED002596","name":"","category":"pharmacy","source":"OSM","confidence":"C","status":"auto_unverified"}},{"type":"Feature","geometry":{"type":"Point","coordinates":[69.2878,41.3669]},"properties":{"id":"SEED002597","name":"","category":"pharmacy","source":"OSM","confidence":"C","status":"auto_unverified"}},{"type":"Feature","geometry":{"type":"Point","coordinates":[69.263,41.3305]},"properties":{"id":"SEED002598","name":"","category":"pharmacy","source":"OSM","confidence":"C","status":"auto_unverified"}},{"type":"Feature","geometry":{"type":"Point","coordinates":[69.3757,41.3301]},"properties":{"id":"SEED002599","name":"","category":"pharmacy","source":"OSM","confidence":"C","status":"auto_unverified"}},{"type":"Feature","geometry":{"type":"Point","coordinates":[69.3471,41.2893]},"properties":{"id":"SEED002600","name":"","category":"pharmacy","source":"OSM","confidence":"C","status":"auto_unverified"}},{"type":"Feature","geometry":{"type":"Point","coordinates":[69.1818,41.3619]},"properties":{"id":"SEED002601","name":"","category":"pharmacy","source":"OSM","confidence":"C","status":"auto_unverified"}},{"type":"Feature","geometry":{"type":"Point","coordinates":[69.3433,41.3285]},"properties":{"id":"SEED002602","name":"","category":"pharmacy","source":"OSM","confidence":"C","status":"auto_unverified"}},{"type":"Feature","geometry":{"type":"Point","coordinates":[69.2703,41.3079]},"properties":{"id":"SEED002603","name":"","category":"pharmacy","source":"OSM","confidence":"C","status":"auto_unverified"}},{"type":"Feature","geometry":{"type":"Point","coordinates":[69.2387,41.3562]},"properties":{"id":"SEED002604","name":"","category":"pharmacy","source":"OSM","confidence":"C","status":"auto_unverified"}},{"type":"Feature","geometry":{"type":"Point","coordinates":[69.2299,41.1861]},"properties":{"id":"SEED002605","name":"","category":"pharmacy","source":"OSM","confidence":"C","status":"auto_unverified"}},{"type":"Feature","geometry":{"type":"Point","coordinates":[69.0928,41.294]},"properties":{"id":"SEED002606","name":"","category":"pharmacy","source":"OSM","confidence":"C","status":"auto_unverified"}},{"type":"Feature","geometry":{"type":"Point","coordinates":[69.0925,41.2942]},"properties":{"id":"SEED002607","name":"","category":"pharmacy","source":"OSM","confidence":"C","status":"auto_unverified"}},{"type":"Feature","geometry":{"type":"Point","coordinates":[69.2241,41.2599]},"properties":{"id":"SEED002608","name":"","category":"pharmacy","source":"OSM","confidence":"C","status":"auto_unverified"}},{"type":"Feature","geometry":{"type":"Point","coordinates":[69.3014,41.2479]},"properties":{"id":"SEED002609","name":"","category":"pharmacy","source":"OSM","confidence":"C","status":"auto_unverified"}},{"type":"Feature","geometry":{"type":"Point","coordinates":[69.3018,41.2479]},"properties":{"id":"SEED002610","name":"","category":"pharmacy","source":"OSM","confidence":"C","status":"auto_unverified"}},{"type":"Feature","geometry":{"type":"Point","coordinates":[69.212,41.2708]},"properties":{"id":"SEED002611","name":"","category":"pharmacy","source":"OSM","confidence":"C","status":"auto_unverified"}},{"type":"Feature","geometry":{"type":"Point","coordinates":[69.3391,41.3585]},"properties":{"id":"SEED002612","name":"","category":"pharmacy","source":"OSM","confidence":"C","status":"auto_unverified"}},{"type":"Feature","geometry":{"type":"Point","coordinates":[69.3398,41.3581]},"properties":{"id":"SEED002613","name":"","category":"pharmacy","source":"OSM","confidence":"C","status":"auto_unverified"}},{"type":"Feature","geometry":{"type":"Point","coordinates":[69.3393,41.3583]},"properties":{"id":"SEED002614","name":"","category":"pharmacy","source":"OSM","confidence":"C","status":"auto_unverified"}},{"type":"Feature","geometry":{"type":"Point","coordinates":[69.3379,41.3589]},"properties":{"id":"SEED002615","name":"","category":"pharmacy","source":"OSM","confidence":"C","status":"auto_unverified"}},{"type":"Feature","geometry":{"type":"Point","coordinates":[69.2204,41.2206]},"properties":{"id":"SEED002616","name":"","category":"pharmacy","source":"OSM","confidence":"C","status":"auto_unverified"}},{"type":"Feature","geometry":{"type":"Point","coordinates":[69.2825,41.3775]},"properties":{"id":"SEED002617","name":"","category":"pharmacy","source":"OSM","confidence":"C","status":"auto_unverified"}},{"type":"Feature","geometry":{"type":"Point","coordinates":[69.3352,41.3553]},"properties":{"id":"SEED002618","name":"","category":"pharmacy","source":"OSM","confidence":"C","status":"auto_unverified"}},{"type":"Feature","geometry":{"type":"Point","coordinates":[69.3538,41.3355]},"properties":{"id":"SEED002619","name":"","category":"pharmacy","source":"OSM","confidence":"C","status":"auto_unverified"}},{"type":"Feature","geometry":{"type":"Point","coordinates":[69.3566,41.3928]},"properties":{"id":"SEED002620","name":"","category":"pharmacy","source":"OSM","confidence":"C","status":"auto_unverified"}},{"type":"Feature","geometry":{"type":"Point","coordinates":[69.3281,41.1655]},"properties":{"id":"SEED002621","name":"","category":"pharmacy","source":"OSM","confidence":"C","status":"auto_unverified"}},{"type":"Feature","geometry":{"type":"Point","coordinates":[69.3048,41.3744]},"properties":{"id":"SEED002622","name":"","category":"pharmacy","source":"OSM","confidence":"C","status":"auto_unverified"}},{"type":"Feature","geometry":{"type":"Point","coordinates":[69.3679,41.3491]},"properties":{"id":"SEED002623","name":"","category":"pharmacy","source":"OSM","confidence":"C","status":"auto_unverified"}},{"type":"Feature","geometry":{"type":"Point","coordinates":[69.368,41.3492]},"properties":{"id":"SEED002624","name":"","category":"pharmacy","source":"OSM","confidence":"C","status":"auto_unverified"}},{"type":"Feature","geometry":{"type":"Point","coordinates":[69.376,41.334]},"properties":{"id":"SEED002625","name":"","category":"pharmacy","source":"OSM","confidence":"C","status":"auto_unverified"}},{"type":"Feature","geometry":{"type":"Point","coordinates":[69.3521,41.2958]},"properties":{"id":"SEED002626","name":"","category":"pharmacy","source":"OSM","confidence":"C","status":"auto_unverified"}},{"type":"Feature","geometry":{"type":"Point","coordinates":[69.3444,41.3396]},"properties":{"id":"SEED002627","name":"","category":"pharmacy","source":"OSM","confidence":"C","status":"auto_unverified"}},{"type":"Feature","geometry":{"type":"Point","coordinates":[69.3106,41.3706]},"properties":{"id":"SEED002628","name":"","category":"pharmacy","source":"OSM","confidence":"C","status":"auto_unverified"}},{"type":"Feature","geometry":{"type":"Point","coordinates":[69.3021,41.2456]},"properties":{"id":"SEED002629","name":"","category":"pharmacy","source":"OSM","confidence":"C","status":"auto_unverified"}},{"type":"Feature","geometry":{"type":"Point","coordinates":[69.1776,41.2784]},"properties":{"id":"SEED002630","name":"","category":"pharmacy","source":"OSM","confidence":"C","status":"auto_unverified"}},{"type":"Feature","geometry":{"type":"Point","coordinates":[69.3401,41.2917]},"properties":{"id":"SEED002631","name":"","category":"pharmacy","source":"OSM","confidence":"C","status":"auto_unverified"}},{"type":"Feature","geometry":{"type":"Point","coordinates":[69.2167,41.3538]},"properties":{"id":"SEED002632","name":"","category":"pharmacy","source":"OSM","confidence":"C","status":"auto_unverified"}},{"type":"Feature","geometry":{"type":"Point","coordinates":[69.174,41.2946]},"properties":{"id":"SEED002633","name":"","category":"pharmacy","source":"OSM","confidence":"C","status":"auto_unverified"}},{"type":"Feature","geometry":{"type":"Point","coordinates":[69.2759,41.2919]},"properties":{"id":"SEED002634","name":"","category":"pharmacy","source":"OSM","confidence":"C","status":"auto_unverified"}},{"type":"Feature","geometry":{"type":"Point","coordinates":[69.1182,41.3973]},"properties":{"id":"SEED002635","name":"","category":"pharmacy","source":"OSM","confidence":"C","status":"auto_unverified"}},{"type":"Feature","geometry":{"type":"Point","coordinates":[69.3122,41.3699]},"properties":{"id":"SEED002636","name":"","category":"pharmacy","source":"OSM","confidence":"C","status":"auto_unverified"}},{"type":"Feature","geometry":{"type":"Point","coordinates":[69.3103,41.3711]},"properties":{"id":"SEED002637","name":"","category":"pharmacy","source":"OSM","confidence":"C","status":"auto_unverified"}},{"type":"Feature","geometry":{"type":"Point","coordinates":[69.1935,41.2975]},"properties":{"id":"SEED002638","name":"","category":"pharmacy","source":"OSM","confidence":"C","status":"auto_unverified"}},{"type":"Feature","geometry":{"type":"Point","coordinates":[69.2856,41.3624]},"properties":{"id":"SEED002639","name":"","category":"pharmacy","source":"OSM","confidence":"C","status":"auto_unverified"}},{"type":"Feature","geometry":{"type":"Point","coordinates":[69.2962,41.3193]},"properties":{"id":"SEED002640","name":"","category":"pharmacy","source":"OSM","confidence":"C","status":"auto_unverified"}},{"type":"Feature","geometry":{"type":"Point","coordinates":[69.1869,41.3147]},"properties":{"id":"SEED002641","name":"","category":"pharmacy","source":"OSM","confidence":"C","status":"auto_unverified"}},{"type":"Feature","geometry":{"type":"Point","coordinates":[69.202,41.2757]},"properties":{"id":"SEED002642","name":"","category":"pharmacy","source":"OSM","confidence":"C","status":"auto_unverified"}},{"type":"Feature","geometry":{"type":"Point","coordinates":[69.1909,41.2978]},"properties":{"id":"SEED002643","name":"","category":"pharmacy","source":"OSM","confidence":"C","status":"auto_unverified"}},{"type":"Feature","geometry":{"type":"Point","coordinates":[69.1898,41.2673]},"properties":{"id":"SEED002644","name":"","category":"pharmacy","source":"OSM","confidence":"C","status":"auto_unverified"}},{"type":"Feature","geometry":{"type":"Point","coordinates":[69.1704,41.2814]},"properties":{"id":"SEED002645","name":"","category":"pharmacy","source":"OSM","confidence":"C","status":"auto_unverified"}},{"type":"Feature","geometry":{"type":"Point","coordinates":[69.3496,41.349]},"properties":{"id":"SEED002646","name":"","category":"pharmacy","source":"OSM","confidence":"C","status":"auto_unverified"}},{"type":"Feature","geometry":{"type":"Point","coordinates":[69.2494,41.3513]},"properties":{"id":"SEED002647","name":"","category":"pharmacy","source":"OSM","confidence":"C","status":"auto_unverified"}},{"type":"Feature","geometry":{"type":"Point","coordinates":[69.3096,41.2454]},"properties":{"id":"SEED002648","name":"","category":"pharmacy","source":"OSM","confidence":"C","status":"auto_unverified"}},{"type":"Feature","geometry":{"type":"Point","coordinates":[69.3074,41.3579]},"properties":{"id":"SEED002649","name":"","category":"pharmacy","source":"OSM","confidence":"C","status":"auto_unverified"}},{"type":"Feature","geometry":{"type":"Point","coordinates":[69.1969,41.2781]},"properties":{"id":"SEED002650","name":"","category":"pharmacy","source":"OSM","confidence":"C","status":"auto_unverified"}},{"type":"Feature","geometry":{"type":"Point","coordinates":[69.2827,41.3265]},"properties":{"id":"SEED002651","name":"","category":"pharmacy","source":"OSM","confidence":"C","status":"auto_unverified"}},{"type":"Feature","geometry":{"type":"Point","coordinates":[69.3046,41.3744]},"properties":{"id":"SEED002652","name":"","category":"pharmacy","source":"OSM","confidence":"C","status":"auto_unverified"}},{"type":"Feature","geometry":{"type":"Point","coordinates":[69.3038,41.3746]},"properties":{"id":"SEED002653","name":"","category":"pharmacy","source":"OSM","confidence":"C","status":"auto_unverified"}},{"type":"Feature","geometry":{"type":"Point","coordinates":[69.3414,41.3464]},"properties":{"id":"SEED002654","name":"","category":"pharmacy","source":"OSM","confidence":"C","status":"auto_unverified"}},{"type":"Feature","geometry":{"type":"Point","coordinates":[69.3423,41.3459]},"properties":{"id":"SEED002655","name":"","category":"pharmacy","source":"OSM","confidence":"C","status":"auto_unverified"}},{"type":"Feature","geometry":{"type":"Point","coordinates":[69.2936,41.3653]},"properties":{"id":"SEED002656","name":"","category":"pharmacy","source":"OSM","confidence":"C","status":"auto_unverified"}},{"type":"Feature","geometry":{"type":"Point","coordinates":[69.293,41.3697]},"properties":{"id":"SEED002657","name":"","category":"pharmacy","source":"OSM","confidence":"C","status":"auto_unverified"}},{"type":"Feature","geometry":{"type":"Point","coordinates":[69.3053,41.3017]},"properties":{"id":"SEED002658","name":"","category":"pharmacy","source":"OSM","confidence":"C","status":"auto_unverified"}},{"type":"Feature","geometry":{"type":"Point","coordinates":[69.3458,41.2855]},"properties":{"id":"SEED002659","name":"","category":"pharmacy","source":"OSM","confidence":"C","status":"auto_unverified"}},{"type":"Feature","geometry":{"type":"Point","coordinates":[69.3458,41.2855]},"properties":{"id":"SEED002660","name":"","category":"pharmacy","source":"OSM","confidence":"C","status":"auto_unverified"}},{"type":"Feature","geometry":{"type":"Point","coordinates":[69.3461,41.2856]},"properties":{"id":"SEED002661","name":"","category":"pharmacy","source":"OSM","confidence":"C","status":"auto_unverified"}},{"type":"Feature","geometry":{"type":"Point","coordinates":[69.3458,41.2861]},"properties":{"id":"SEED002662","name":"","category":"pharmacy","source":"OSM","confidence":"C","status":"auto_unverified"}},{"type":"Feature","geometry":{"type":"Point","coordinates":[69.286,41.3657]},"properties":{"id":"SEED002663","name":"","category":"pharmacy","source":"OSM","confidence":"C","status":"auto_unverified"}},{"type":"Feature","geometry":{"type":"Point","coordinates":[69.194,41.2897]},"properties":{"id":"SEED002664","name":"","category":"pharmacy","source":"OSM","confidence":"C","status":"auto_unverified"}},{"type":"Feature","geometry":{"type":"Point","coordinates":[69.2661,41.334]},"properties":{"id":"SEED002665","name":"","category":"pharmacy","source":"OSM","confidence":"C","status":"auto_unverified"}},{"type":"Feature","geometry":{"type":"Point","coordinates":[69.3471,41.3466]},"properties":{"id":"SEED002666","name":"","category":"pharmacy","source":"OSM","confidence":"C","status":"auto_unverified"}},{"type":"Feature","geometry":{"type":"Point","coordinates":[69.2787,41.2724]},"properties":{"id":"SEED002667","name":"","category":"pharmacy","source":"OSM","confidence":"C","status":"auto_unverified"}},{"type":"Feature","geometry":{"type":"Point","coordinates":[69.2788,41.2723]},"properties":{"id":"SEED002668","name":"","category":"pharmacy","source":"OSM","confidence":"C","status":"auto_unverified"}},{"type":"Feature","geometry":{"type":"Point","coordinates":[69.2795,41.2718]},"properties":{"id":"SEED002669","name":"","category":"pharmacy","source":"OSM","confidence":"C","status":"auto_unverified"}},{"type":"Feature","geometry":{"type":"Point","coordinates":[69.2699,41.3399]},"properties":{"id":"SEED002670","name":"","category":"pharmacy","source":"OSM","confidence":"C","status":"auto_unverified"}},{"type":"Feature","geometry":{"type":"Point","coordinates":[69.2968,41.3643]},"properties":{"id":"SEED002671","name":"","category":"pharmacy","source":"OSM","confidence":"C","status":"auto_unverified"}},{"type":"Feature","geometry":{"type":"Point","coordinates":[69.2625,41.2773]},"properties":{"id":"SEED002672","name":"","category":"pharmacy","source":"OSM","confidence":"C","status":"auto_unverified"}},{"type":"Feature","geometry":{"type":"Point","coordinates":[69.1896,41.2669]},"properties":{"id":"SEED002673","name":"","category":"pharmacy","source":"OSM","confidence":"C","status":"auto_unverified"}},{"type":"Feature","geometry":{"type":"Point","coordinates":[69.2838,41.2726]},"properties":{"id":"SEED002674","name":"","category":"pharmacy","source":"OSM","confidence":"C","status":"auto_unverified"}},{"type":"Feature","geometry":{"type":"Point","coordinates":[69.3332,41.2441]},"properties":{"id":"SEED002675","name":"","category":"pharmacy","source":"OSM","confidence":"C","status":"auto_unverified"}},{"type":"Feature","geometry":{"type":"Point","coordinates":[69.3431,41.3283]},"properties":{"id":"SEED002676","name":"","category":"pharmacy","source":"OSM","confidence":"C","status":"auto_unverified"}},{"type":"Feature","geometry":{"type":"Point","coordinates":[69.1944,41.2737]},"properties":{"id":"SEED002677","name":"","category":"pharmacy","source":"OSM","confidence":"C","status":"auto_unverified"}},{"type":"Feature","geometry":{"type":"Point","coordinates":[69.4607,41.4057]},"properties":{"id":"SEED002678","name":"","category":"pharmacy","source":"OSM","confidence":"C","status":"auto_unverified"}},{"type":"Feature","geometry":{"type":"Point","coordinates":[69.3686,41.3548]},"properties":{"id":"SEED002679","name":"","category":"pharmacy","source":"OSM","confidence":"C","status":"auto_unverified"}},{"type":"Feature","geometry":{"type":"Point","coordinates":[69.193,41.3125]},"properties":{"id":"SEED002680","name":"","category":"pharmacy","source":"OSM","confidence":"C","status":"auto_unverified"}},{"type":"Feature","geometry":{"type":"Point","coordinates":[69.3477,41.2848]},"properties":{"id":"SEED002681","name":"","category":"pharmacy","source":"OSM","confidence":"C","status":"auto_unverified"}},{"type":"Feature","geometry":{"type":"Point","coordinates":[69.1759,41.336]},"properties":{"id":"SEED002682","name":"","category":"pharmacy","source":"OSM","confidence":"C","status":"auto_unverified"}},{"type":"Feature","geometry":{"type":"Point","coordinates":[69.2216,41.3781]},"properties":{"id":"SEED002683","name":"","category":"pharmacy","source":"OSM","confidence":"C","status":"auto_unverified"}},{"type":"Feature","geometry":{"type":"Point","coordinates":[69.2445,41.2779]},"properties":{"id":"SEED002684","name":"","category":"pharmacy","source":"OSM","confidence":"C","status":"auto_unverified"}},{"type":"Feature","geometry":{"type":"Point","coordinates":[69.3024,41.2869]},"properties":{"id":"SEED002685","name":"","category":"pharmacy","source":"OSM","confidence":"C","status":"auto_unverified"}},{"type":"Feature","geometry":{"type":"Point","coordinates":[69.2435,41.2174]},"properties":{"id":"SEED002686","name":"","category":"pharmacy","source":"OSM","confidence":"C","status":"auto_unverified"}},{"type":"Feature","geometry":{"type":"Point","coordinates":[69.2297,41.2877]},"properties":{"id":"SEED002687","name":"","category":"pharmacy","source":"OSM","confidence":"C","status":"auto_unverified"}},{"type":"Feature","geometry":{"type":"Point","coordinates":[69.2302,41.2874]},"properties":{"id":"SEED002688","name":"","category":"pharmacy","source":"OSM","confidence":"C","status":"auto_unverified"}},{"type":"Feature","geometry":{"type":"Point","coordinates":[69.2321,41.2862]},"properties":{"id":"SEED002689","name":"","category":"pharmacy","source":"OSM","confidence":"C","status":"auto_unverified"}},{"type":"Feature","geometry":{"type":"Point","coordinates":[69.2606,41.292]},"properties":{"id":"SEED002690","name":"","category":"pharmacy","source":"OSM","confidence":"C","status":"auto_unverified"}},{"type":"Feature","geometry":{"type":"Point","coordinates":[69.4617,41.3832]},"properties":{"id":"SEED002691","name":"","category":"pharmacy","source":"OSM","confidence":"C","status":"auto_unverified"}},{"type":"Feature","geometry":{"type":"Point","coordinates":[69.324,41.2507]},"properties":{"id":"SEED002692","name":"","category":"pharmacy","source":"OSM","confidence":"C","status":"auto_unverified"}},{"type":"Feature","geometry":{"type":"Point","coordinates":[69.3527,41.2373]},"properties":{"id":"SEED002693","name":"","category":"pharmacy","source":"OSM","confidence":"C","status":"auto_unverified"}},{"type":"Feature","geometry":{"type":"Point","coordinates":[69.2057,41.3948]},"properties":{"id":"SEED002694","name":"","category":"pharmacy","source":"OSM","confidence":"C","status":"auto_unverified"}},{"type":"Feature","geometry":{"type":"Point","coordinates":[69.2011,41.4082]},"properties":{"id":"SEED002695","name":"","category":"pharmacy","source":"OSM","confidence":"C","status":"auto_unverified"}},{"type":"Feature","geometry":{"type":"Point","coordinates":[69.3018,41.3248]},"properties":{"id":"SEED002696","name":"","category":"pharmacy","source":"OSM","confidence":"C","status":"auto_unverified"}},{"type":"Feature","geometry":{"type":"Point","coordinates":[69.2231,41.2906]},"properties":{"id":"SEED002697","name":"","category":"pharmacy","source":"OSM","confidence":"C","status":"auto_unverified"}},{"type":"Feature","geometry":{"type":"Point","coordinates":[69.271,41.2767]},"properties":{"id":"SEED002698","name":"","category":"pharmacy","source":"OSM","confidence":"C","status":"auto_unverified"}},{"type":"Feature","geometry":{"type":"Point","coordinates":[69.2596,41.2697]},"properties":{"id":"SEED002699","name":"","category":"pharmacy","source":"OSM","confidence":"C","status":"auto_unverified"}},{"type":"Feature","geometry":{"type":"Point","coordinates":[69.18,41.2816]},"properties":{"id":"SEED002700","name":"","category":"pharmacy","source":"OSM","confidence":"C","status":"auto_unverified"}},{"type":"Feature","geometry":{"type":"Point","coordinates":[69.3721,41.3356]},"properties":{"id":"SEED002701","name":"","category":"pharmacy","source":"OSM","confidence":"C","status":"auto_unverified"}},{"type":"Feature","geometry":{"type":"Point","coordinates":[69.2685,41.2805]},"properties":{"id":"SEED002702","name":"","category":"pharmacy","source":"OSM","confidence":"C","status":"auto_unverified"}},{"type":"Feature","geometry":{"type":"Point","coordinates":[69.3443,41.3305]},"properties":{"id":"SEED002703","name":"","category":"pharmacy","source":"OSM","confidence":"C","status":"auto_unverified"}},{"type":"Feature","geometry":{"type":"Point","coordinates":[69.2591,41.2742]},"properties":{"id":"SEED002704","name":"","category":"pharmacy","source":"OSM","confidence":"C","status":"auto_unverified"}},{"type":"Feature","geometry":{"type":"Point","coordinates":[69.259,41.2744]},"properties":{"id":"SEED002705","name":"","category":"pharmacy","source":"OSM","confidence":"C","status":"auto_unverified"}},{"type":"Feature","geometry":{"type":"Point","coordinates":[69.328,41.3163]},"properties":{"id":"SEED002706","name":"","category":"pharmacy","source":"OSM","confidence":"C","status":"auto_unverified"}},{"type":"Feature","geometry":{"type":"Point","coordinates":[69.2289,41.2125]},"properties":{"id":"SEED002707","name":"","category":"pharmacy","source":"OSM","confidence":"C","status":"auto_unverified"}},{"type":"Feature","geometry":{"type":"Point","coordinates":[69.359,41.3567]},"properties":{"id":"SEED002708","name":"","category":"pharmacy","source":"OSM","confidence":"C","status":"auto_unverified"}},{"type":"Feature","geometry":{"type":"Point","coordinates":[69.3461,41.3456]},"properties":{"id":"SEED002709","name":"","category":"pharmacy","source":"OSM","confidence":"C","status":"auto_unverified"}},{"type":"Feature","geometry":{"type":"Point","coordinates":[69.2922,41.3679]},"properties":{"id":"SEED002710","name":"","category":"pharmacy","source":"OSM","confidence":"C","status":"auto_unverified"}},{"type":"Feature","geometry":{"type":"Point","coordinates":[69.2802,41.3614]},"properties":{"id":"SEED002711","name":"","category":"pharmacy","source":"OSM","confidence":"C","status":"auto_unverified"}},{"type":"Feature","geometry":{"type":"Point","coordinates":[69.3008,41.2478]},"properties":{"id":"SEED002712","name":"","category":"pharmacy","source":"OSM","confidence":"C","status":"auto_unverified"}},{"type":"Feature","geometry":{"type":"Point","coordinates":[69.1646,41.3163]},"properties":{"id":"SEED002713","name":"","category":"pharmacy","source":"OSM","confidence":"C","status":"auto_unverified"}},{"type":"Feature","geometry":{"type":"Point","coordinates":[69.1796,41.3222]},"properties":{"id":"SEED002714","name":"","category":"pharmacy","source":"OSM","confidence":"C","status":"auto_unverified"}},{"type":"Feature","geometry":{"type":"Point","coordinates":[69.1591,41.3141]},"properties":{"id":"SEED002715","name":"","category":"pharmacy","source":"OSM","confidence":"C","status":"auto_unverified"}},{"type":"Feature","geometry":{"type":"Point","coordinates":[69.2183,41.3224]},"properties":{"id":"SEED002716","name":"","category":"pharmacy","source":"OSM","confidence":"C","status":"auto_unverified"}},{"type":"Feature","geometry":{"type":"Point","coordinates":[69.2195,41.3224]},"properties":{"id":"SEED002717","name":"","category":"pharmacy","source":"OSM","confidence":"C","status":"auto_unverified"}},{"type":"Feature","geometry":{"type":"Point","coordinates":[69.2197,41.3227]},"properties":{"id":"SEED002718","name":"","category":"pharmacy","source":"OSM","confidence":"C","status":"auto_unverified"}},{"type":"Feature","geometry":{"type":"Point","coordinates":[69.206,41.3235]},"properties":{"id":"SEED002719","name":"","category":"pharmacy","source":"OSM","confidence":"C","status":"auto_unverified"}},{"type":"Feature","geometry":{"type":"Point","coordinates":[69.2317,41.3178]},"properties":{"id":"SEED002720","name":"","category":"pharmacy","source":"OSM","confidence":"C","status":"auto_unverified"}},{"type":"Feature","geometry":{"type":"Point","coordinates":[69.2197,41.3226]},"properties":{"id":"SEED002721","name":"","category":"pharmacy","source":"OSM","confidence":"C","status":"auto_unverified"}},{"type":"Feature","geometry":{"type":"Point","coordinates":[69.2205,41.3224]},"properties":{"id":"SEED002722","name":"","category":"pharmacy","source":"OSM","confidence":"C","status":"auto_unverified"}},{"type":"Feature","geometry":{"type":"Point","coordinates":[69.222,41.3223]},"properties":{"id":"SEED002723","name":"","category":"pharmacy","source":"OSM","confidence":"C","status":"auto_unverified"}},{"type":"Feature","geometry":{"type":"Point","coordinates":[69.2197,41.3227]},"properties":{"id":"SEED002724","name":"","category":"pharmacy","source":"OSM","confidence":"C","status":"auto_unverified"}},{"type":"Feature","geometry":{"type":"Point","coordinates":[69.2183,41.3224]},"properties":{"id":"SEED002725","name":"","category":"pharmacy","source":"OSM","confidence":"C","status":"auto_unverified"}},{"type":"Feature","geometry":{"type":"Point","coordinates":[69.2186,41.3224]},"properties":{"id":"SEED002726","name":"","category":"pharmacy","source":"OSM","confidence":"C","status":"auto_unverified"}},{"type":"Feature","geometry":{"type":"Point","coordinates":[69.1757,41.3489]},"properties":{"id":"SEED002727","name":"","category":"pharmacy","source":"OSM","confidence":"C","status":"auto_unverified"}},{"type":"Feature","geometry":{"type":"Point","coordinates":[69.1729,41.3485]},"properties":{"id":"SEED002728","name":"","category":"pharmacy","source":"OSM","confidence":"C","status":"auto_unverified"}},{"type":"Feature","geometry":{"type":"Point","coordinates":[69.1726,41.3486]},"properties":{"id":"SEED002729","name":"","category":"pharmacy","source":"OSM","confidence":"C","status":"auto_unverified"}},{"type":"Feature","geometry":{"type":"Point","coordinates":[69.172,41.3485]},"properties":{"id":"SEED002730","name":"","category":"pharmacy","source":"OSM","confidence":"C","status":"auto_unverified"}},{"type":"Feature","geometry":{"type":"Point","coordinates":[69.1742,41.3486]},"properties":{"id":"SEED002731","name":"","category":"pharmacy","source":"OSM","confidence":"C","status":"auto_unverified"}},{"type":"Feature","geometry":{"type":"Point","coordinates":[69.1706,41.3486]},"properties":{"id":"SEED002732","name":"","category":"pharmacy","source":"OSM","confidence":"C","status":"auto_unverified"}},{"type":"Feature","geometry":{"type":"Point","coordinates":[69.1954,41.3286]},"properties":{"id":"SEED002733","name":"","category":"pharmacy","source":"OSM","confidence":"C","status":"auto_unverified"}},{"type":"Feature","geometry":{"type":"Point","coordinates":[69.1783,41.3498]},"properties":{"id":"SEED002734","name":"","category":"pharmacy","source":"OSM","confidence":"C","status":"auto_unverified"}},{"type":"Feature","geometry":{"type":"Point","coordinates":[69.1732,41.3481]},"properties":{"id":"SEED002735","name":"","category":"pharmacy","source":"OSM","confidence":"C","status":"auto_unverified"}},{"type":"Feature","geometry":{"type":"Point","coordinates":[69.176,41.3486]},"properties":{"id":"SEED002736","name":"","category":"pharmacy","source":"OSM","confidence":"C","status":"auto_unverified"}},{"type":"Feature","geometry":{"type":"Point","coordinates":[69.1761,41.3487]},"properties":{"id":"SEED002737","name":"","category":"pharmacy","source":"OSM","confidence":"C","status":"auto_unverified"}},{"type":"Feature","geometry":{"type":"Point","coordinates":[69.199,41.3587]},"properties":{"id":"SEED002738","name":"","category":"pharmacy","source":"OSM","confidence":"C","status":"auto_unverified"}},{"type":"Feature","geometry":{"type":"Point","coordinates":[69.1731,41.3481]},"properties":{"id":"SEED002739","name":"","category":"pharmacy","source":"OSM","confidence":"C","status":"auto_unverified"}},{"type":"Feature","geometry":{"type":"Point","coordinates":[69.1749,41.3484]},"properties":{"id":"SEED002740","name":"","category":"pharmacy","source":"OSM","confidence":"C","status":"auto_unverified"}},{"type":"Feature","geometry":{"type":"Point","coordinates":[69.174,41.3482]},"properties":{"id":"SEED002741","name":"","category":"pharmacy","source":"OSM","confidence":"C","status":"auto_unverified"}},{"type":"Feature","geometry":{"type":"Point","coordinates":[69.1748,41.3484]},"properties":{"id":"SEED002742","name":"","category":"pharmacy","source":"OSM","confidence":"C","status":"auto_unverified"}},{"type":"Feature","geometry":{"type":"Point","coordinates":[69.1753,41.3485]},"properties":{"id":"SEED002743","name":"","category":"pharmacy","source":"OSM","confidence":"C","status":"auto_unverified"}},{"type":"Feature","geometry":{"type":"Point","coordinates":[69.2354,41.3194]},"properties":{"id":"SEED002744","name":"","category":"pharmacy","source":"OSM","confidence":"C","status":"auto_unverified"}},{"type":"Feature","geometry":{"type":"Point","coordinates":[69.1711,41.3485]},"properties":{"id":"SEED002745","name":"","category":"pharmacy","source":"OSM","confidence":"C","status":"auto_unverified"}},{"type":"Feature","geometry":{"type":"Point","coordinates":[69.221,41.3308]},"properties":{"id":"SEED002746","name":"","category":"pharmacy","source":"OSM","confidence":"C","status":"auto_unverified"}},{"type":"Feature","geometry":{"type":"Point","coordinates":[69.2201,41.3314]},"properties":{"id":"SEED002747","name":"","category":"pharmacy","source":"OSM","confidence":"C","status":"auto_unverified"}},{"type":"Feature","geometry":{"type":"Point","coordinates":[69.22,41.3315]},"properties":{"id":"SEED002748","name":"","category":"pharmacy","source":"OSM","confidence":"C","status":"auto_unverified"}},{"type":"Feature","geometry":{"type":"Point","coordinates":[69.1754,41.3377]},"properties":{"id":"SEED002749","name":"","category":"pharmacy","source":"OSM","confidence":"C","status":"auto_unverified"}},{"type":"Feature","geometry":{"type":"Point","coordinates":[69.2189,41.3321]},"properties":{"id":"SEED002750","name":"","category":"pharmacy","source":"OSM","confidence":"C","status":"auto_unverified"}},{"type":"Feature","geometry":{"type":"Point","coordinates":[69.2188,41.3321]},"properties":{"id":"SEED002751","name":"","category":"pharmacy","source":"OSM","confidence":"C","status":"auto_unverified"}},{"type":"Feature","geometry":{"type":"Point","coordinates":[69.2197,41.3316]},"properties":{"id":"SEED002752","name":"","category":"pharmacy","source":"OSM","confidence":"C","status":"auto_unverified"}},{"type":"Feature","geometry":{"type":"Point","coordinates":[69.2216,41.3305]},"properties":{"id":"SEED002753","name":"","category":"pharmacy","source":"OSM","confidence":"C","status":"auto_unverified"}},{"type":"Feature","geometry":{"type":"Point","coordinates":[69.2088,41.3012]},"properties":{"id":"SEED002754","name":"","category":"pharmacy","source":"OSM","confidence":"C","status":"auto_unverified"}},{"type":"Feature","geometry":{"type":"Point","coordinates":[69.2159,41.3051]},"properties":{"id":"SEED002755","name":"","category":"pharmacy","source":"OSM","confidence":"C","status":"auto_unverified"}},{"type":"Feature","geometry":{"type":"Point","coordinates":[69.2107,41.302]},"properties":{"id":"SEED002756","name":"","category":"pharmacy","source":"OSM","confidence":"C","status":"auto_unverified"}},{"type":"Feature","geometry":{"type":"Point","coordinates":[69.2087,41.3013]},"properties":{"id":"SEED002757","name":"","category":"pharmacy","source":"OSM","confidence":"C","status":"auto_unverified"}},{"type":"Feature","geometry":{"type":"Point","coordinates":[69.2106,41.3368]},"properties":{"id":"SEED002758","name":"","category":"pharmacy","source":"OSM","confidence":"C","status":"auto_unverified"}},{"type":"Feature","geometry":{"type":"Point","coordinates":[69.2182,41.3224]},"properties":{"id":"SEED002759","name":"","category":"pharmacy","source":"OSM","confidence":"C","status":"auto_unverified"}},{"type":"Feature","geometry":{"type":"Point","coordinates":[69.2101,41.337]},"properties":{"id":"SEED002760","name":"","category":"pharmacy","source":"OSM","confidence":"C","status":"auto_unverified"}},{"type":"Feature","geometry":{"type":"Point","coordinates":[69.2151,41.3223]},"properties":{"id":"SEED002761","name":"","category":"pharmacy","source":"OSM","confidence":"C","status":"auto_unverified"}},{"type":"Feature","geometry":{"type":"Point","coordinates":[69.1954,41.3282]},"properties":{"id":"SEED002762","name":"","category":"pharmacy","source":"OSM","confidence":"C","status":"auto_unverified"}},{"type":"Feature","geometry":{"type":"Point","coordinates":[69.1997,41.3315]},"properties":{"id":"SEED002763","name":"","category":"pharmacy","source":"OSM","confidence":"C","status":"auto_unverified"}},{"type":"Feature","geometry":{"type":"Point","coordinates":[69.22,41.3231]},"properties":{"id":"SEED002764","name":"","category":"pharmacy","source":"OSM","confidence":"C","status":"auto_unverified"}},{"type":"Feature","geometry":{"type":"Point","coordinates":[69.2197,41.3229]},"properties":{"id":"SEED002765","name":"","category":"pharmacy","source":"OSM","confidence":"C","status":"auto_unverified"}},{"type":"Feature","geometry":{"type":"Point","coordinates":[69.211,41.302]},"properties":{"id":"SEED002766","name":"","category":"pharmacy","source":"OSM","confidence":"C","status":"auto_unverified"}},{"type":"Feature","geometry":{"type":"Point","coordinates":[69.2361,41.3061]},"properties":{"id":"SEED002767","name":"","category":"pharmacy","source":"OSM","confidence":"C","status":"auto_unverified"}},{"type":"Feature","geometry":{"type":"Point","coordinates":[69.2091,41.3013]},"properties":{"id":"SEED002768","name":"","category":"pharmacy","source":"OSM","confidence":"C","status":"auto_unverified"}},{"type":"Feature","geometry":{"type":"Point","coordinates":[69.2157,41.3049]},"properties":{"id":"SEED002769","name":"","category":"pharmacy","source":"OSM","confidence":"C","status":"auto_unverified"}},{"type":"Feature","geometry":{"type":"Point","coordinates":[69.2197,41.3229]},"properties":{"id":"SEED002770","name":"","category":"pharmacy","source":"OSM","confidence":"C","status":"auto_unverified"}},{"type":"Feature","geometry":{"type":"Point","coordinates":[69.2197,41.3228]},"properties":{"id":"SEED002771","name":"","category":"pharmacy","source":"OSM","confidence":"C","status":"auto_unverified"}},{"type":"Feature","geometry":{"type":"Point","coordinates":[69.2211,41.3218]},"properties":{"id":"SEED002772","name":"","category":"pharmacy","source":"OSM","confidence":"C","status":"auto_unverified"}},{"type":"Feature","geometry":{"type":"Point","coordinates":[69.2216,41.3223]},"properties":{"id":"SEED002773","name":"","category":"pharmacy","source":"OSM","confidence":"C","status":"auto_unverified"}},{"type":"Feature","geometry":{"type":"Point","coordinates":[69.2352,41.3208]},"properties":{"id":"SEED002774","name":"","category":"pharmacy","source":"OSM","confidence":"C","status":"auto_unverified"}},{"type":"Feature","geometry":{"type":"Point","coordinates":[69.1993,41.3472]},"properties":{"id":"SEED002775","name":"","category":"pharmacy","source":"OSM","confidence":"C","status":"auto_unverified"}},{"type":"Feature","geometry":{"type":"Point","coordinates":[69.2446,41.3244]},"properties":{"id":"SEED002776","name":"","category":"pharmacy","source":"OSM","confidence":"C","status":"auto_unverified"}},{"type":"Feature","geometry":{"type":"Point","coordinates":[69.2382,41.3089]},"properties":{"id":"SEED002777","name":"","category":"pharmacy","source":"OSM","confidence":"C","status":"auto_unverified"}},{"type":"Feature","geometry":{"type":"Point","coordinates":[69.1998,41.3471]},"properties":{"id":"SEED002778","name":"","category":"pharmacy","source":"OSM","confidence":"C","status":"auto_unverified"}},{"type":"Feature","geometry":{"type":"Point","coordinates":[69.1999,41.347]},"properties":{"id":"SEED002779","name":"","category":"pharmacy","source":"OSM","confidence":"C","status":"auto_unverified"}},{"type":"Feature","geometry":{"type":"Point","coordinates":[69.255,41.3268]},"properties":{"id":"SEED002780","name":"","category":"pharmacy","source":"OSM","confidence":"C","status":"auto_unverified"}},{"type":"Feature","geometry":{"type":"Point","coordinates":[69.2219,41.3217]},"properties":{"id":"SEED002781","name":"","category":"pharmacy","source":"OSM","confidence":"C","status":"auto_unverified"}},{"type":"Feature","geometry":{"type":"Point","coordinates":[69.2549,41.3366]},"properties":{"id":"SEED002782","name":"","category":"pharmacy","source":"OSM","confidence":"C","status":"auto_unverified"}},{"type":"Feature","geometry":{"type":"Point","coordinates":[69.2525,41.3344]},"properties":{"id":"SEED002783","name":"","category":"pharmacy","source":"OSM","confidence":"C","status":"auto_unverified"}},{"type":"Feature","geometry":{"type":"Point","coordinates":[69.2097,41.3015]},"properties":{"id":"SEED002784","name":"","category":"pharmacy","source":"OSM","confidence":"C","status":"auto_unverified"}},{"type":"Feature","geometry":{"type":"Point","coordinates":[69.0921,41.2941]},"properties":{"id":"SEED002785","name":"","category":"pharmacy","source":"OSM","confidence":"C","status":"auto_unverified"}},{"type":"Feature","geometry":{"type":"Point","coordinates":[69.0921,41.2937]},"properties":{"id":"SEED002786","name":"","category":"pharmacy","source":"OSM","confidence":"C","status":"auto_unverified"}},{"type":"Feature","geometry":{"type":"Point","coordinates":[69.0924,41.2938]},"properties":{"id":"SEED002787","name":"","category":"pharmacy","source":"OSM","confidence":"C","status":"auto_unverified"}},{"type":"Feature","geometry":{"type":"Point","coordinates":[69.1263,41.3038]},"properties":{"id":"SEED002788","name":"","category":"pharmacy","source":"OSM","confidence":"C","status":"auto_unverified"}},{"type":"Feature","geometry":{"type":"Point","coordinates":[69.1358,41.3068]},"properties":{"id":"SEED002789","name":"","category":"pharmacy","source":"OSM","confidence":"C","status":"auto_unverified"}},{"type":"Feature","geometry":{"type":"Point","coordinates":[69.1389,41.3069]},"properties":{"id":"SEED002790","name":"","category":"pharmacy","source":"OSM","confidence":"C","status":"auto_unverified"}},{"type":"Feature","geometry":{"type":"Point","coordinates":[69.1412,41.3065]},"properties":{"id":"SEED002791","name":"","category":"pharmacy","source":"OSM","confidence":"C","status":"auto_unverified"}},{"type":"Feature","geometry":{"type":"Point","coordinates":[69.1352,41.3067]},"properties":{"id":"SEED002792","name":"","category":"pharmacy","source":"OSM","confidence":"C","status":"auto_unverified"}},{"type":"Feature","geometry":{"type":"Point","coordinates":[69.2029,41.3979]},"properties":{"id":"SEED002793","name":"","category":"pharmacy","source":"OSM","confidence":"C","status":"auto_unverified"}},{"type":"Feature","geometry":{"type":"Point","coordinates":[69.1992,41.4084]},"properties":{"id":"SEED002794","name":"","category":"pharmacy","source":"OSM","confidence":"C","status":"auto_unverified"}},{"type":"Feature","geometry":{"type":"Point","coordinates":[69.203,41.4051]},"properties":{"id":"SEED002795","name":"","category":"pharmacy","source":"OSM","confidence":"C","status":"auto_unverified"}},{"type":"Feature","geometry":{"type":"Point","coordinates":[69.201,41.4082]},"properties":{"id":"SEED002796","name":"","category":"pharmacy","source":"OSM","confidence":"C","status":"auto_unverified"}},{"type":"Feature","geometry":{"type":"Point","coordinates":[69.2004,41.4182]},"properties":{"id":"SEED002797","name":"","category":"pharmacy","source":"OSM","confidence":"C","status":"auto_unverified"}},{"type":"Feature","geometry":{"type":"Point","coordinates":[69.2003,41.4178]},"properties":{"id":"SEED002798","name":"","category":"pharmacy","source":"OSM","confidence":"C","status":"auto_unverified"}},{"type":"Feature","geometry":{"type":"Point","coordinates":[69.2402,41.3482]},"properties":{"id":"SEED002799","name":"","category":"pharmacy","source":"OSM","confidence":"C","status":"auto_unverified"}},{"type":"Feature","geometry":{"type":"Point","coordinates":[69.2003,41.4178]},"properties":{"id":"SEED002800","name":"","category":"pharmacy","source":"OSM","confidence":"C","status":"auto_unverified"}},{"type":"Feature","geometry":{"type":"Point","coordinates":[69.2402,41.3482]},"properties":{"id":"SEED002801","name":"","category":"pharmacy","source":"OSM","confidence":"C","status":"auto_unverified"}},{"type":"Feature","geometry":{"type":"Point","coordinates":[69.2404,41.3482]},"properties":{"id":"SEED002802","name":"","category":"pharmacy","source":"OSM","confidence":"C","status":"auto_unverified"}},{"type":"Feature","geometry":{"type":"Point","coordinates":[69.2203,41.3271]},"properties":{"id":"SEED002803","name":"","category":"pharmacy","source":"OSM","confidence":"C","status":"auto_unverified"}},{"type":"Feature","geometry":{"type":"Point","coordinates":[69.2544,41.3363]},"properties":{"id":"SEED002804","name":"","category":"pharmacy","source":"OSM","confidence":"C","status":"auto_unverified"}},{"type":"Feature","geometry":{"type":"Point","coordinates":[69.2176,41.2665]},"properties":{"id":"SEED002805","name":"","category":"pharmacy","source":"OSM","confidence":"C","status":"auto_unverified"}},{"type":"Feature","geometry":{"type":"Point","coordinates":[69.2171,41.266]},"properties":{"id":"SEED002806","name":"","category":"pharmacy","source":"OSM","confidence":"C","status":"auto_unverified"}},{"type":"Feature","geometry":{"type":"Point","coordinates":[69.217,41.2661]},"properties":{"id":"SEED002807","name":"","category":"pharmacy","source":"OSM","confidence":"C","status":"auto_unverified"}},{"type":"Feature","geometry":{"type":"Point","coordinates":[69.2075,41.2722]},"properties":{"id":"SEED002808","name":"","category":"pharmacy","source":"OSM","confidence":"C","status":"auto_unverified"}},{"type":"Feature","geometry":{"type":"Point","coordinates":[69.2168,41.2662]},"properties":{"id":"SEED002809","name":"","category":"pharmacy","source":"OSM","confidence":"C","status":"auto_unverified"}},{"type":"Feature","geometry":{"type":"Point","coordinates":[69.2166,41.2663]},"properties":{"id":"SEED002810","name":"","category":"pharmacy","source":"OSM","confidence":"C","status":"auto_unverified"}},{"type":"Feature","geometry":{"type":"Point","coordinates":[69.2118,41.2704]},"properties":{"id":"SEED002811","name":"","category":"pharmacy","source":"OSM","confidence":"C","status":"auto_unverified"}},{"type":"Feature","geometry":{"type":"Point","coordinates":[69.2237,41.2829]},"properties":{"id":"SEED002812","name":"","category":"pharmacy","source":"OSM","confidence":"C","status":"auto_unverified"}},{"type":"Feature","geometry":{"type":"Point","coordinates":[69.2161,41.2964]},"properties":{"id":"SEED002813","name":"","category":"pharmacy","source":"OSM","confidence":"C","status":"auto_unverified"}},{"type":"Feature","geometry":{"type":"Point","coordinates":[69.212,41.2702]},"properties":{"id":"SEED002814","name":"","category":"pharmacy","source":"OSM","confidence":"C","status":"auto_unverified"}},{"type":"Feature","geometry":{"type":"Point","coordinates":[69.2062,41.2857]},"properties":{"id":"SEED002815","name":"","category":"pharmacy","source":"OSM","confidence":"C","status":"auto_unverified"}},{"type":"Feature","geometry":{"type":"Point","coordinates":[69.2077,41.2983]},"properties":{"id":"SEED002816","name":"","category":"pharmacy","source":"OSM","confidence":"C","status":"auto_unverified"}},{"type":"Feature","geometry":{"type":"Point","coordinates":[69.2044,41.2856]},"properties":{"id":"SEED002817","name":"","category":"pharmacy","source":"OSM","confidence":"C","status":"auto_unverified"}},{"type":"Feature","geometry":{"type":"Point","coordinates":[69.2031,41.2751]},"properties":{"id":"SEED002818","name":"","category":"pharmacy","source":"OSM","confidence":"C","status":"auto_unverified"}},{"type":"Feature","geometry":{"type":"Point","coordinates":[69.2038,41.2742]},"properties":{"id":"SEED002819","name":"","category":"pharmacy","source":"OSM","confidence":"C","status":"auto_unverified"}},{"type":"Feature","geometry":{"type":"Point","coordinates":[69.2038,41.2742]},"properties":{"id":"SEED002820","name":"","category":"pharmacy","source":"OSM","confidence":"C","status":"auto_unverified"}},{"type":"Feature","geometry":{"type":"Point","coordinates":[69.1897,41.2669]},"properties":{"id":"SEED002821","name":"","category":"pharmacy","source":"OSM","confidence":"C","status":"auto_unverified"}},{"type":"Feature","geometry":{"type":"Point","coordinates":[69.2183,41.2666]},"properties":{"id":"SEED002822","name":"","category":"pharmacy","source":"OSM","confidence":"C","status":"auto_unverified"}},{"type":"Feature","geometry":{"type":"Point","coordinates":[69.2167,41.2662]},"properties":{"id":"SEED002823","name":"","category":"pharmacy","source":"OSM","confidence":"C","status":"auto_unverified"}},{"type":"Feature","geometry":{"type":"Point","coordinates":[69.1899,41.2674]},"properties":{"id":"SEED002824","name":"","category":"pharmacy","source":"OSM","confidence":"C","status":"auto_unverified"}},{"type":"Feature","geometry":{"type":"Point","coordinates":[69.1581,41.2575]},"properties":{"id":"SEED002825","name":"","category":"pharmacy","source":"OSM","confidence":"C","status":"auto_unverified"}},{"type":"Feature","geometry":{"type":"Point","coordinates":[69.1606,41.2595]},"properties":{"id":"SEED002826","name":"","category":"pharmacy","source":"OSM","confidence":"C","status":"auto_unverified"}},{"type":"Feature","geometry":{"type":"Point","coordinates":[69.1768,41.2692]},"properties":{"id":"SEED002827","name":"","category":"pharmacy","source":"OSM","confidence":"C","status":"auto_unverified"}},{"type":"Feature","geometry":{"type":"Point","coordinates":[69.1636,41.2627]},"properties":{"id":"SEED002828","name":"","category":"pharmacy","source":"OSM","confidence":"C","status":"auto_unverified"}},{"type":"Feature","geometry":{"type":"Point","coordinates":[69.1778,41.2696]},"properties":{"id":"SEED002829","name":"","category":"pharmacy","source":"OSM","confidence":"C","status":"auto_unverified"}},{"type":"Feature","geometry":{"type":"Point","coordinates":[69.1556,41.2631]},"properties":{"id":"SEED002830","name":"","category":"pharmacy","source":"OSM","confidence":"C","status":"auto_unverified"}},{"type":"Feature","geometry":{"type":"Point","coordinates":[69.2169,41.2662]},"properties":{"id":"SEED002831","name":"","category":"pharmacy","source":"OSM","confidence":"C","status":"auto_unverified"}},{"type":"Feature","geometry":{"type":"Point","coordinates":[69.2036,41.2874]},"properties":{"id":"SEED002832","name":"","category":"pharmacy","source":"OSM","confidence":"C","status":"auto_unverified"}},{"type":"Feature","geometry":{"type":"Point","coordinates":[69.2632,41.3319]},"properties":{"id":"SEED002833","name":"","category":"pharmacy","source":"OSM","confidence":"C","status":"auto_unverified"}},{"type":"Feature","geometry":{"type":"Point","coordinates":[69.2568,41.3367]},"properties":{"id":"SEED002834","name":"","category":"pharmacy","source":"OSM","confidence":"C","status":"auto_unverified"}},{"type":"Feature","geometry":{"type":"Point","coordinates":[69.1818,41.2722]},"properties":{"id":"SEED002835","name":"","category":"pharmacy","source":"OSM","confidence":"C","status":"auto_unverified"}},{"type":"Feature","geometry":{"type":"Point","coordinates":[69.1759,41.2908]},"properties":{"id":"SEED002836","name":"","category":"pharmacy","source":"OSM","confidence":"C","status":"auto_unverified"}},{"type":"Feature","geometry":{"type":"Point","coordinates":[69.2819,41.3607]},"properties":{"id":"SEED002837","name":"","category":"pharmacy","source":"OSM","confidence":"C","status":"auto_unverified"}},{"type":"Feature","geometry":{"type":"Point","coordinates":[69.3724,41.2497]},"properties":{"id":"SEED002838","name":"","category":"pharmacy","source":"OSM","confidence":"C","status":"auto_unverified"}},{"type":"Feature","geometry":{"type":"Point","coordinates":[69.3712,41.2507]},"properties":{"id":"SEED002839","name":"","category":"pharmacy","source":"OSM","confidence":"C","status":"auto_unverified"}},{"type":"Feature","geometry":{"type":"Point","coordinates":[69.2241,41.2765]},"properties":{"id":"SEED002840","name":"","category":"pharmacy","source":"OSM","confidence":"C","status":"auto_unverified"}},{"type":"Feature","geometry":{"type":"Point","coordinates":[69.2257,41.2847]},"properties":{"id":"SEED002841","name":"","category":"pharmacy","source":"OSM","confidence":"C","status":"auto_unverified"}},{"type":"Feature","geometry":{"type":"Point","coordinates":[69.2261,41.2851]},"properties":{"id":"SEED002842","name":"","category":"pharmacy","source":"OSM","confidence":"C","status":"auto_unverified"}},{"type":"Feature","geometry":{"type":"Point","coordinates":[69.2263,41.2852]},"properties":{"id":"SEED002843","name":"","category":"pharmacy","source":"OSM","confidence":"C","status":"auto_unverified"}},{"type":"Feature","geometry":{"type":"Point","coordinates":[69.2042,41.2855]},"properties":{"id":"SEED002844","name":"","category":"pharmacy","source":"OSM","confidence":"C","status":"auto_unverified"}},{"type":"Feature","geometry":{"type":"Point","coordinates":[69.2045,41.2857]},"properties":{"id":"SEED002845","name":"","category":"pharmacy","source":"OSM","confidence":"C","status":"auto_unverified"}},{"type":"Feature","geometry":{"type":"Point","coordinates":[69.2044,41.2868]},"properties":{"id":"SEED002846","name":"","category":"pharmacy","source":"OSM","confidence":"C","status":"auto_unverified"}},{"type":"Feature","geometry":{"type":"Point","coordinates":[69.2611,41.3742]},"properties":{"id":"SEED002847","name":"","category":"pharmacy","source":"OSM","confidence":"C","status":"auto_unverified"}},{"type":"Feature","geometry":{"type":"Point","coordinates":[69.2583,41.3381]},"properties":{"id":"SEED002848","name":"","category":"pharmacy","source":"OSM","confidence":"C","status":"auto_unverified"}},{"type":"Feature","geometry":{"type":"Point","coordinates":[69.2619,41.3385]},"properties":{"id":"SEED002849","name":"","category":"pharmacy","source":"OSM","confidence":"C","status":"auto_unverified"}},{"type":"Feature","geometry":{"type":"Point","coordinates":[69.2649,41.3345]},"properties":{"id":"SEED002850","name":"","category":"pharmacy","source":"OSM","confidence":"C","status":"auto_unverified"}},{"type":"Feature","geometry":{"type":"Point","coordinates":[69.2613,41.3448]},"properties":{"id":"SEED002851","name":"","category":"pharmacy","source":"OSM","confidence":"C","status":"auto_unverified"}},{"type":"Feature","geometry":{"type":"Point","coordinates":[69.2603,41.3411]},"properties":{"id":"SEED002852","name":"","category":"pharmacy","source":"OSM","confidence":"C","status":"auto_unverified"}},{"type":"Feature","geometry":{"type":"Point","coordinates":[69.26,41.3462]},"properties":{"id":"SEED002853","name":"","category":"pharmacy","source":"OSM","confidence":"C","status":"auto_unverified"}},{"type":"Feature","geometry":{"type":"Point","coordinates":[69.263,41.3436]},"properties":{"id":"SEED002854","name":"","category":"pharmacy","source":"OSM","confidence":"C","status":"auto_unverified"}},{"type":"Feature","geometry":{"type":"Point","coordinates":[69.2621,41.3422]},"properties":{"id":"SEED002855","name":"","category":"pharmacy","source":"OSM","confidence":"C","status":"auto_unverified"}},{"type":"Feature","geometry":{"type":"Point","coordinates":[69.2616,41.3417]},"properties":{"id":"SEED002856","name":"","category":"pharmacy","source":"OSM","confidence":"C","status":"auto_unverified"}},{"type":"Feature","geometry":{"type":"Point","coordinates":[69.264,41.3261]},"properties":{"id":"SEED002857","name":"","category":"pharmacy","source":"OSM","confidence":"C","status":"auto_unverified"}},{"type":"Feature","geometry":{"type":"Point","coordinates":[69.2637,41.3317]},"properties":{"id":"SEED002858","name":"","category":"pharmacy","source":"OSM","confidence":"C","status":"auto_unverified"}},{"type":"Feature","geometry":{"type":"Point","coordinates":[69.2637,41.3321]},"properties":{"id":"SEED002859","name":"","category":"pharmacy","source":"OSM","confidence":"C","status":"auto_unverified"}},{"type":"Feature","geometry":{"type":"Point","coordinates":[69.2604,41.3411]},"properties":{"id":"SEED002860","name":"","category":"pharmacy","source":"OSM","confidence":"C","status":"auto_unverified"}},{"type":"Feature","geometry":{"type":"Point","coordinates":[69.2597,41.3403]},"properties":{"id":"SEED002861","name":"","category":"pharmacy","source":"OSM","confidence":"C","status":"auto_unverified"}},{"type":"Feature","geometry":{"type":"Point","coordinates":[69.257,41.3368]},"properties":{"id":"SEED002862","name":"","category":"pharmacy","source":"OSM","confidence":"C","status":"auto_unverified"}},{"type":"Feature","geometry":{"type":"Point","coordinates":[69.2632,41.3316]},"properties":{"id":"SEED002863","name":"","category":"pharmacy","source":"OSM","confidence":"C","status":"auto_unverified"}},{"type":"Feature","geometry":{"type":"Point","coordinates":[69.2635,41.3308]},"properties":{"id":"SEED002864","name":"","category":"pharmacy","source":"OSM","confidence":"C","status":"auto_unverified"}},{"type":"Feature","geometry":{"type":"Point","coordinates":[69.2488,41.3306]},"properties":{"id":"SEED002865","name":"","category":"pharmacy","source":"OSM","confidence":"C","status":"auto_unverified"}},{"type":"Feature","geometry":{"type":"Point","coordinates":[69.2493,41.3311]},"properties":{"id":"SEED002866","name":"","category":"pharmacy","source":"OSM","confidence":"C","status":"auto_unverified"}},{"type":"Feature","geometry":{"type":"Point","coordinates":[69.2524,41.3342]},"properties":{"id":"SEED002867","name":"","category":"pharmacy","source":"OSM","confidence":"C","status":"auto_unverified"}},{"type":"Feature","geometry":{"type":"Point","coordinates":[69.2483,41.3302]},"properties":{"id":"SEED002868","name":"","category":"pharmacy","source":"OSM","confidence":"C","status":"auto_unverified"}},{"type":"Feature","geometry":{"type":"Point","coordinates":[69.2501,41.332]},"properties":{"id":"SEED002869","name":"","category":"pharmacy","source":"OSM","confidence":"C","status":"auto_unverified"}},{"type":"Feature","geometry":{"type":"Point","coordinates":[69.2499,41.3318]},"properties":{"id":"SEED002870","name":"","category":"pharmacy","source":"OSM","confidence":"C","status":"auto_unverified"}},{"type":"Feature","geometry":{"type":"Point","coordinates":[69.2416,41.3467]},"properties":{"id":"SEED002871","name":"","category":"pharmacy","source":"OSM","confidence":"C","status":"auto_unverified"}},{"type":"Feature","geometry":{"type":"Point","coordinates":[69.2419,41.3474]},"properties":{"id":"SEED002872","name":"","category":"pharmacy","source":"OSM","confidence":"C","status":"auto_unverified"}},{"type":"Feature","geometry":{"type":"Point","coordinates":[69.2418,41.3479]},"properties":{"id":"SEED002873","name":"","category":"pharmacy","source":"OSM","confidence":"C","status":"auto_unverified"}},{"type":"Feature","geometry":{"type":"Point","coordinates":[69.2525,41.3479]},"properties":{"id":"SEED002874","name":"","category":"pharmacy","source":"OSM","confidence":"C","status":"auto_unverified"}},{"type":"Feature","geometry":{"type":"Point","coordinates":[69.2399,41.3483]},"properties":{"id":"SEED002875","name":"","category":"pharmacy","source":"OSM","confidence":"C","status":"auto_unverified"}},{"type":"Feature","geometry":{"type":"Point","coordinates":[69.2397,41.3483]},"properties":{"id":"SEED002876","name":"","category":"pharmacy","source":"OSM","confidence":"C","status":"auto_unverified"}},{"type":"Feature","geometry":{"type":"Point","coordinates":[69.2411,41.3481]},"properties":{"id":"SEED002877","name":"","category":"pharmacy","source":"OSM","confidence":"C","status":"auto_unverified"}},{"type":"Feature","geometry":{"type":"Point","coordinates":[69.2284,41.3499]},"properties":{"id":"SEED002878","name":"","category":"pharmacy","source":"OSM","confidence":"C","status":"auto_unverified"}},{"type":"Feature","geometry":{"type":"Point","coordinates":[69.2498,41.3296]},"properties":{"id":"SEED002879","name":"","category":"pharmacy","source":"OSM","confidence":"C","status":"auto_unverified"}},{"type":"Feature","geometry":{"type":"Point","coordinates":[69.235,41.3313]},"properties":{"id":"SEED002880","name":"","category":"pharmacy","source":"OSM","confidence":"C","status":"auto_unverified"}},{"type":"Feature","geometry":{"type":"Point","coordinates":[69.2297,41.3328]},"properties":{"id":"SEED002881","name":"","category":"pharmacy","source":"OSM","confidence":"C","status":"auto_unverified"}},{"type":"Feature","geometry":{"type":"Point","coordinates":[69.2344,41.3346]},"properties":{"id":"SEED002882","name":"","category":"pharmacy","source":"OSM","confidence":"C","status":"auto_unverified"}},{"type":"Feature","geometry":{"type":"Point","coordinates":[69.2336,41.3303]},"properties":{"id":"SEED002883","name":"","category":"pharmacy","source":"OSM","confidence":"C","status":"auto_unverified"}},{"type":"Feature","geometry":{"type":"Point","coordinates":[69.3058,41.2809]},"properties":{"id":"SEED002884","name":"","category":"pharmacy","source":"OSM","confidence":"C","status":"auto_unverified"}},{"type":"Feature","geometry":{"type":"Point","coordinates":[69.3213,41.2535]},"properties":{"id":"SEED002885","name":"","category":"pharmacy","source":"OSM","confidence":"C","status":"auto_unverified"}},{"type":"Feature","geometry":{"type":"Point","coordinates":[69.1876,41.2861]},"properties":{"id":"SEED002886","name":"","category":"pharmacy","source":"OSM","confidence":"C","status":"auto_unverified"}},{"type":"Feature","geometry":{"type":"Point","coordinates":[69.1875,41.2862]},"properties":{"id":"SEED002887","name":"","category":"pharmacy","source":"OSM","confidence":"C","status":"auto_unverified"}},{"type":"Feature","geometry":{"type":"Point","coordinates":[69.2125,41.1987]},"properties":{"id":"SEED002888","name":"","category":"pharmacy","source":"OSM","confidence":"C","status":"auto_unverified"}},{"type":"Feature","geometry":{"type":"Point","coordinates":[69.3072,41.358]},"properties":{"id":"SEED002889","name":"","category":"pharmacy","source":"OSM","confidence":"C","status":"auto_unverified"}},{"type":"Feature","geometry":{"type":"Point","coordinates":[69.1782,41.268]},"properties":{"id":"SEED002890","name":"","category":"pharmacy","source":"OSM","confidence":"C","status":"auto_unverified"}},{"type":"Feature","geometry":{"type":"Point","coordinates":[69.2814,41.3757]},"properties":{"id":"SEED002891","name":"","category":"pharmacy","source":"OSM","confidence":"C","status":"auto_unverified"}},{"type":"Feature","geometry":{"type":"Point","coordinates":[69.2362,41.3196]},"properties":{"id":"SEED002892","name":"","category":"pharmacy","source":"OSM","confidence":"C","status":"auto_unverified"}},{"type":"Feature","geometry":{"type":"Point","coordinates":[69.3189,41.3188]},"properties":{"id":"SEED002893","name":"","category":"pharmacy","source":"OSM","confidence":"C","status":"auto_unverified"}},{"type":"Feature","geometry":{"type":"Point","coordinates":[69.2732,41.2776]},"properties":{"id":"SEED002894","name":"","category":"pharmacy","source":"OSM","confidence":"C","status":"auto_unverified"}},{"type":"Feature","geometry":{"type":"Point","coordinates":[69.3222,41.3368]},"properties":{"id":"SEED002895","name":"","category":"pharmacy","source":"OSM","confidence":"C","status":"auto_unverified"}},{"type":"Feature","geometry":{"type":"Point","coordinates":[69.3015,41.3252]},"properties":{"id":"SEED002896","name":"","category":"pharmacy","source":"OSM","confidence":"C","status":"auto_unverified"}},{"type":"Feature","geometry":{"type":"Point","coordinates":[69.3322,41.327]},"properties":{"id":"SEED002897","name":"","category":"pharmacy","source":"OSM","confidence":"C","status":"auto_unverified"}},{"type":"Feature","geometry":{"type":"Point","coordinates":[69.2511,41.3531]},"properties":{"id":"SEED002898","name":"","category":"pharmacy","source":"OSM","confidence":"C","status":"auto_unverified"}},{"type":"Feature","geometry":{"type":"Point","coordinates":[69.2296,41.3329]},"properties":{"id":"SEED002899","name":"","category":"pharmacy","source":"OSM","confidence":"C","status":"auto_unverified"}},{"type":"Feature","geometry":{"type":"Point","coordinates":[69.4283,41.3724]},"properties":{"id":"SEED002900","name":"","category":"pharmacy","source":"OSM","confidence":"C","status":"auto_unverified"}},{"type":"Feature","geometry":{"type":"Point","coordinates":[69.3003,41.3252]},"properties":{"id":"SEED002901","name":"","category":"pharmacy","source":"OSM","confidence":"C","status":"auto_unverified"}},{"type":"Feature","geometry":{"type":"Point","coordinates":[69.2688,41.3045]},"properties":{"id":"SEED002902","name":"","category":"pharmacy","source":"OSM","confidence":"C","status":"auto_unverified"}},{"type":"Feature","geometry":{"type":"Point","coordinates":[69.2766,41.2441]},"properties":{"id":"SEED002903","name":"","category":"pharmacy","source":"OSM","confidence":"C","status":"auto_unverified"}},{"type":"Feature","geometry":{"type":"Point","coordinates":[69.204,41.2665]},"properties":{"id":"SEED002904","name":"","category":"pharmacy","source":"OSM","confidence":"C","status":"auto_unverified"}},{"type":"Feature","geometry":{"type":"Point","coordinates":[69.2132,41.194]},"properties":{"id":"SEED002905","name":"","category":"pharmacy","source":"OSM","confidence":"C","status":"auto_unverified"}},{"type":"Feature","geometry":{"type":"Point","coordinates":[69.2124,41.1991]},"properties":{"id":"SEED002906","name":"","category":"pharmacy","source":"OSM","confidence":"C","status":"auto_unverified"}},{"type":"Feature","geometry":{"type":"Point","coordinates":[69.2123,41.1992]},"properties":{"id":"SEED002907","name":"","category":"pharmacy","source":"OSM","confidence":"C","status":"auto_unverified"}},{"type":"Feature","geometry":{"type":"Point","coordinates":[69.3619,41.2956]},"properties":{"id":"SEED002908","name":"","category":"pharmacy","source":"OSM","confidence":"C","status":"auto_unverified"}},{"type":"Feature","geometry":{"type":"Point","coordinates":[69.3432,41.2554]},"properties":{"id":"SEED002909","name":"","category":"pharmacy","source":"OSM","confidence":"C","status":"auto_unverified"}},{"type":"Feature","geometry":{"type":"Point","coordinates":[69.2523,41.2847]},"properties":{"id":"SEED002910","name":"","category":"pharmacy","source":"OSM","confidence":"C","status":"auto_unverified"}},{"type":"Feature","geometry":{"type":"Point","coordinates":[69.2487,41.2815]},"properties":{"id":"SEED002911","name":"","category":"pharmacy","source":"OSM","confidence":"C","status":"auto_unverified"}},{"type":"Feature","geometry":{"type":"Point","coordinates":[69.2552,41.2863]},"properties":{"id":"SEED002912","name":"","category":"pharmacy","source":"OSM","confidence":"C","status":"auto_unverified"}},{"type":"Feature","geometry":{"type":"Point","coordinates":[69.2679,41.295]},"properties":{"id":"SEED002913","name":"","category":"pharmacy","source":"OSM","confidence":"C","status":"auto_unverified"}},{"type":"Feature","geometry":{"type":"Point","coordinates":[69.2191,41.2177]},"properties":{"id":"SEED002914","name":"","category":"pharmacy","source":"OSM","confidence":"C","status":"auto_unverified"}},{"type":"Feature","geometry":{"type":"Point","coordinates":[69.1575,41.2592]},"properties":{"id":"SEED002915","name":"","category":"pharmacy","source":"OSM","confidence":"C","status":"auto_unverified"}},{"type":"Feature","geometry":{"type":"Point","coordinates":[69.353,41.2639]},"properties":{"id":"SEED002916","name":"","category":"pharmacy","source":"OSM","confidence":"C","status":"auto_unverified"}},{"type":"Feature","geometry":{"type":"Point","coordinates":[69.3835,41.3485]},"properties":{"id":"SEED002917","name":"","category":"pharmacy","source":"OSM","confidence":"C","status":"auto_unverified"}},{"type":"Feature","geometry":{"type":"Point","coordinates":[69.1765,41.2946]},"properties":{"id":"SEED002918","name":"","category":"pharmacy","source":"OSM","confidence":"C","status":"auto_unverified"}},{"type":"Feature","geometry":{"type":"Point","coordinates":[69.3317,41.3134]},"properties":{"id":"SEED002919","name":"","category":"pharmacy","source":"OSM","confidence":"C","status":"auto_unverified"}},{"type":"Feature","geometry":{"type":"Point","coordinates":[69.2188,41.3218]},"properties":{"id":"SEED002920","name":"","category":"pharmacy","source":"OSM","confidence":"C","status":"auto_unverified"}},{"type":"Feature","geometry":{"type":"Point","coordinates":[69.176,41.2908]},"properties":{"id":"SEED002921","name":"","category":"pharmacy","source":"OSM","confidence":"C","status":"auto_unverified"}},{"type":"Feature","geometry":{"type":"Point","coordinates":[69.2804,41.3698]},"properties":{"id":"SEED002922","name":"","category":"pharmacy","source":"OSM","confidence":"C","status":"auto_unverified"}},{"type":"Feature","geometry":{"type":"Point","coordinates":[69.1941,41.304]},"properties":{"id":"SEED002923","name":"","category":"pharmacy","source":"OSM","confidence":"C","status":"auto_unverified"}},{"type":"Feature","geometry":{"type":"Point","coordinates":[69.3328,41.3638]},"properties":{"id":"SEED002924","name":"","category":"pharmacy","source":"OSM","confidence":"C","status":"auto_unverified"}},{"type":"Feature","geometry":{"type":"Point","coordinates":[69.3299,41.3304]},"properties":{"id":"SEED002925","name":"","category":"pharmacy","source":"OSM","confidence":"C","status":"auto_unverified"}},{"type":"Feature","geometry":{"type":"Point","coordinates":[69.3328,41.3638]},"properties":{"id":"SEED002926","name":"","category":"pharmacy","source":"OSM","confidence":"C","status":"auto_unverified"}},{"type":"Feature","geometry":{"type":"Point","coordinates":[69.3466,41.2891]},"properties":{"id":"SEED002927","name":"","category":"pharmacy","source":"OSM","confidence":"C","status":"auto_unverified"}},{"type":"Feature","geometry":{"type":"Point","coordinates":[69.2247,41.2023]},"properties":{"id":"SEED002928","name":"","category":"pharmacy","source":"OSM","confidence":"C","status":"auto_unverified"}},{"type":"Feature","geometry":{"type":"Point","coordinates":[69.2235,41.204]},"properties":{"id":"SEED002929","name":"","category":"pharmacy","source":"OSM","confidence":"C","status":"auto_unverified"}},{"type":"Feature","geometry":{"type":"Point","coordinates":[69.3318,41.3269]},"properties":{"id":"SEED002930","name":"","category":"pharmacy","source":"OSM","confidence":"C","status":"auto_unverified"}},{"type":"Feature","geometry":{"type":"Point","coordinates":[69.359,41.3549]},"properties":{"id":"SEED002931","name":"","category":"pharmacy","source":"OSM","confidence":"C","status":"auto_unverified"}},{"type":"Feature","geometry":{"type":"Point","coordinates":[69.459,41.3879]},"properties":{"id":"SEED002932","name":"","category":"pharmacy","source":"OSM","confidence":"C","status":"auto_unverified"}},{"type":"Feature","geometry":{"type":"Point","coordinates":[69.1266,41.3039]},"properties":{"id":"SEED002933","name":"","category":"pharmacy","source":"OSM","confidence":"C","status":"auto_unverified"}},{"type":"Feature","geometry":{"type":"Point","coordinates":[69.3275,41.2367]},"properties":{"id":"SEED002934","name":"","category":"pharmacy","source":"OSM","confidence":"C","status":"auto_unverified"}},{"type":"Feature","geometry":{"type":"Point","coordinates":[69.3277,41.2368]},"properties":{"id":"SEED002935","name":"","category":"pharmacy","source":"OSM","confidence":"C","status":"auto_unverified"}},{"type":"Feature","geometry":{"type":"Point","coordinates":[69.2096,41.2991]},"properties":{"id":"SEED002936","name":"","category":"pharmacy","source":"OSM","confidence":"C","status":"auto_unverified"}},{"type":"Feature","geometry":{"type":"Point","coordinates":[69.2052,41.3426]},"properties":{"id":"SEED002937","name":"","category":"pharmacy","source":"OSM","confidence":"C","status":"auto_unverified"}},{"type":"Feature","geometry":{"type":"Point","coordinates":[69.2052,41.3425]},"properties":{"id":"SEED002938","name":"","category":"pharmacy","source":"OSM","confidence":"C","status":"auto_unverified"}},{"type":"Feature","geometry":{"type":"Point","coordinates":[69.2051,41.3424]},"properties":{"id":"SEED002939","name":"","category":"pharmacy","source":"OSM","confidence":"C","status":"auto_unverified"}},{"type":"Feature","geometry":{"type":"Point","coordinates":[69.2009,41.3468]},"properties":{"id":"SEED002940","name":"","category":"pharmacy","source":"OSM","confidence":"C","status":"auto_unverified"}},{"type":"Feature","geometry":{"type":"Point","coordinates":[69.2008,41.3469]},"properties":{"id":"SEED002941","name":"","category":"pharmacy","source":"OSM","confidence":"C","status":"auto_unverified"}},{"type":"Feature","geometry":{"type":"Point","coordinates":[69.2006,41.3469]},"properties":{"id":"SEED002942","name":"","category":"pharmacy","source":"OSM","confidence":"C","status":"auto_unverified"}},{"type":"Feature","geometry":{"type":"Point","coordinates":[69.2005,41.3469]},"properties":{"id":"SEED002943","name":"","category":"pharmacy","source":"OSM","confidence":"C","status":"auto_unverified"}},{"type":"Feature","geometry":{"type":"Point","coordinates":[69.2004,41.347]},"properties":{"id":"SEED002944","name":"","category":"pharmacy","source":"OSM","confidence":"C","status":"auto_unverified"}},{"type":"Feature","geometry":{"type":"Point","coordinates":[69.3298,41.3124]},"properties":{"id":"SEED002945","name":"","category":"pharmacy","source":"OSM","confidence":"C","status":"auto_unverified"}},{"type":"Feature","geometry":{"type":"Point","coordinates":[69.2168,41.3309]},"properties":{"id":"SEED002946","name":"","category":"pharmacy","source":"OSM","confidence":"C","status":"auto_unverified"}},{"type":"Feature","geometry":{"type":"Point","coordinates":[69.3044,41.2816]},"properties":{"id":"SEED002947","name":"","category":"pharmacy","source":"OSM","confidence":"C","status":"auto_unverified"}},{"type":"Feature","geometry":{"type":"Point","coordinates":[69.3831,41.3446]},"properties":{"id":"SEED002948","name":"","category":"pharmacy","source":"OSM","confidence":"C","status":"auto_unverified"}},{"type":"Feature","geometry":{"type":"Point","coordinates":[69.3867,41.3525]},"properties":{"id":"SEED002949","name":"","category":"pharmacy","source":"OSM","confidence":"C","status":"auto_unverified"}},{"type":"Feature","geometry":{"type":"Point","coordinates":[69.2985,41.3642]},"properties":{"id":"SEED002950","name":"","category":"pharmacy","source":"OSM","confidence":"C","status":"auto_unverified"}},{"type":"Feature","geometry":{"type":"Point","coordinates":[69.3684,41.3542]},"properties":{"id":"SEED002951","name":"","category":"pharmacy","source":"OSM","confidence":"C","status":"auto_unverified"}},{"type":"Feature","geometry":{"type":"Point","coordinates":[69.1743,41.3483]},"properties":{"id":"SEED002952","name":"","category":"pharmacy","source":"OSM","confidence":"C","status":"auto_unverified"}},{"type":"Feature","geometry":{"type":"Point","coordinates":[69.1742,41.3483]},"properties":{"id":"SEED002953","name":"","category":"pharmacy","source":"OSM","confidence":"C","status":"auto_unverified"}},{"type":"Feature","geometry":{"type":"Point","coordinates":[69.1736,41.3482]},"properties":{"id":"SEED002954","name":"","category":"pharmacy","source":"OSM","confidence":"C","status":"auto_unverified"}},{"type":"Feature","geometry":{"type":"Point","coordinates":[69.1738,41.3487]},"properties":{"id":"SEED002955","name":"","category":"pharmacy","source":"OSM","confidence":"C","status":"auto_unverified"}},{"type":"Feature","geometry":{"type":"Point","coordinates":[69.1737,41.3487]},"properties":{"id":"SEED002956","name":"","category":"pharmacy","source":"OSM","confidence":"C","status":"auto_unverified"}},{"type":"Feature","geometry":{"type":"Point","coordinates":[69.1739,41.3487]},"properties":{"id":"SEED002957","name":"","category":"pharmacy","source":"OSM","confidence":"C","status":"auto_unverified"}},{"type":"Feature","geometry":{"type":"Point","coordinates":[69.1737,41.3486]},"properties":{"id":"SEED002958","name":"","category":"pharmacy","source":"OSM","confidence":"C","status":"auto_unverified"}},{"type":"Feature","geometry":{"type":"Point","coordinates":[69.1733,41.3485]},"properties":{"id":"SEED002959","name":"","category":"pharmacy","source":"OSM","confidence":"C","status":"auto_unverified"}},{"type":"Feature","geometry":{"type":"Point","coordinates":[69.1732,41.3485]},"properties":{"id":"SEED002960","name":"","category":"pharmacy","source":"OSM","confidence":"C","status":"auto_unverified"}},{"type":"Feature","geometry":{"type":"Point","coordinates":[69.2185,41.3507]},"properties":{"id":"SEED002961","name":"","category":"pharmacy","source":"OSM","confidence":"C","status":"auto_unverified"}},{"type":"Feature","geometry":{"type":"Point","coordinates":[69.1412,41.3062]},"properties":{"id":"SEED002962","name":"","category":"pharmacy","source":"OSM","confidence":"C","status":"auto_unverified"}},{"type":"Feature","geometry":{"type":"Point","coordinates":[69.3503,41.2876]},"properties":{"id":"SEED002963","name":"","category":"pharmacy","source":"OSM","confidence":"C","status":"auto_unverified"}},{"type":"Feature","geometry":{"type":"Point","coordinates":[69.3497,41.2874]},"properties":{"id":"SEED002964","name":"","category":"pharmacy","source":"OSM","confidence":"C","status":"auto_unverified"}},{"type":"Feature","geometry":{"type":"Point","coordinates":[69.3497,41.2873]},"properties":{"id":"SEED002965","name":"","category":"pharmacy","source":"OSM","confidence":"C","status":"auto_unverified"}},{"type":"Feature","geometry":{"type":"Point","coordinates":[69.3496,41.2871]},"properties":{"id":"SEED002966","name":"","category":"pharmacy","source":"OSM","confidence":"C","status":"auto_unverified"}},{"type":"Feature","geometry":{"type":"Point","coordinates":[69.357,41.2903]},"properties":{"id":"SEED002967","name":"","category":"pharmacy","source":"OSM","confidence":"C","status":"auto_unverified"}},{"type":"Feature","geometry":{"type":"Point","coordinates":[69.3484,41.2879]},"properties":{"id":"SEED002968","name":"","category":"pharmacy","source":"OSM","confidence":"C","status":"auto_unverified"}},{"type":"Feature","geometry":{"type":"Point","coordinates":[69.3485,41.2883]},"properties":{"id":"SEED002969","name":"","category":"pharmacy","source":"OSM","confidence":"C","status":"auto_unverified"}},{"type":"Feature","geometry":{"type":"Point","coordinates":[69.3481,41.2888]},"properties":{"id":"SEED002970","name":"","category":"pharmacy","source":"OSM","confidence":"C","status":"auto_unverified"}},{"type":"Feature","geometry":{"type":"Point","coordinates":[69.3479,41.289]},"properties":{"id":"SEED002971","name":"","category":"pharmacy","source":"OSM","confidence":"C","status":"auto_unverified"}},{"type":"Feature","geometry":{"type":"Point","coordinates":[69.3462,41.2889]},"properties":{"id":"SEED002972","name":"","category":"pharmacy","source":"OSM","confidence":"C","status":"auto_unverified"}},{"type":"Feature","geometry":{"type":"Point","coordinates":[69.3462,41.2889]},"properties":{"id":"SEED002973","name":"","category":"pharmacy","source":"OSM","confidence":"C","status":"auto_unverified"}},{"type":"Feature","geometry":{"type":"Point","coordinates":[69.3461,41.2888]},"properties":{"id":"SEED002974","name":"","category":"pharmacy","source":"OSM","confidence":"C","status":"auto_unverified"}},{"type":"Feature","geometry":{"type":"Point","coordinates":[69.3555,41.2895]},"properties":{"id":"SEED002975","name":"","category":"pharmacy","source":"OSM","confidence":"C","status":"auto_unverified"}},{"type":"Feature","geometry":{"type":"Point","coordinates":[69.356,41.2898]},"properties":{"id":"SEED002976","name":"","category":"pharmacy","source":"OSM","confidence":"C","status":"auto_unverified"}},{"type":"Feature","geometry":{"type":"Point","coordinates":[69.3561,41.2898]},"properties":{"id":"SEED002977","name":"","category":"pharmacy","source":"OSM","confidence":"C","status":"auto_unverified"}},{"type":"Feature","geometry":{"type":"Point","coordinates":[69.3563,41.2899]},"properties":{"id":"SEED002978","name":"","category":"pharmacy","source":"OSM","confidence":"C","status":"auto_unverified"}},{"type":"Feature","geometry":{"type":"Point","coordinates":[69.3589,41.2884]},"properties":{"id":"SEED002979","name":"","category":"pharmacy","source":"OSM","confidence":"C","status":"auto_unverified"}},{"type":"Feature","geometry":{"type":"Point","coordinates":[69.3492,41.2877]},"properties":{"id":"SEED002980","name":"","category":"pharmacy","source":"OSM","confidence":"C","status":"auto_unverified"}},{"type":"Feature","geometry":{"type":"Point","coordinates":[69.2388,41.3099]},"properties":{"id":"SEED002981","name":"","category":"pharmacy","source":"OSM","confidence":"C","status":"auto_unverified"}},{"type":"Feature","geometry":{"type":"Point","coordinates":[69.2364,41.3165]},"properties":{"id":"SEED002982","name":"","category":"pharmacy","source":"OSM","confidence":"C","status":"auto_unverified"}},{"type":"Feature","geometry":{"type":"Point","coordinates":[69.1954,41.3287]},"properties":{"id":"SEED002983","name":"","category":"pharmacy","source":"OSM","confidence":"C","status":"auto_unverified"}},{"type":"Feature","geometry":{"type":"Point","coordinates":[69.3327,41.2946]},"properties":{"id":"SEED002984","name":"","category":"pharmacy","source":"OSM","confidence":"C","status":"auto_unverified"}},{"type":"Feature","geometry":{"type":"Point","coordinates":[69.3239,41.3246]},"properties":{"id":"SEED002985","name":"","category":"pharmacy","source":"OSM","confidence":"C","status":"auto_unverified"}},{"type":"Feature","geometry":{"type":"Point","coordinates":[69.2743,41.3264]},"properties":{"id":"SEED002986","name":"","category":"pharmacy","source":"OSM","confidence":"C","status":"auto_unverified"}},{"type":"Feature","geometry":{"type":"Point","coordinates":[69.2661,41.3198]},"properties":{"id":"SEED002987","name":"","category":"pharmacy","source":"OSM","confidence":"C","status":"auto_unverified"}},{"type":"Feature","geometry":{"type":"Point","coordinates":[69.2858,41.3389]},"properties":{"id":"SEED002988","name":"","category":"pharmacy","source":"OSM","confidence":"C","status":"auto_unverified"}},{"type":"Feature","geometry":{"type":"Point","coordinates":[69.2857,41.3384]},"properties":{"id":"SEED002989","name":"","category":"pharmacy","source":"OSM","confidence":"C","status":"auto_unverified"}},{"type":"Feature","geometry":{"type":"Point","coordinates":[69.2855,41.3372]},"properties":{"id":"SEED002990","name":"","category":"pharmacy","source":"OSM","confidence":"C","status":"auto_unverified"}},{"type":"Feature","geometry":{"type":"Point","coordinates":[69.2841,41.3294]},"properties":{"id":"SEED002991","name":"","category":"pharmacy","source":"OSM","confidence":"C","status":"auto_unverified"}},{"type":"Feature","geometry":{"type":"Point","coordinates":[69.2112,41.2007]},"properties":{"id":"SEED002992","name":"","category":"pharmacy","source":"OSM","confidence":"C","status":"auto_unverified"}},{"type":"Feature","geometry":{"type":"Point","coordinates":[69.2294,41.3184]},"properties":{"id":"SEED002993","name":"","category":"pharmacy","source":"OSM","confidence":"C","status":"auto_unverified"}},{"type":"Feature","geometry":{"type":"Point","coordinates":[69.2278,41.3345]},"properties":{"id":"SEED002994","name":"","category":"pharmacy","source":"OSM","confidence":"C","status":"auto_unverified"}},{"type":"Feature","geometry":{"type":"Point","coordinates":[69.2258,41.3368]},"properties":{"id":"SEED002995","name":"","category":"pharmacy","source":"OSM","confidence":"C","status":"auto_unverified"}},{"type":"Feature","geometry":{"type":"Point","coordinates":[69.2034,41.2748]},"properties":{"id":"SEED002996","name":"","category":"pharmacy","source":"OSM","confidence":"C","status":"auto_unverified"}},{"type":"Feature","geometry":{"type":"Point","coordinates":[69.2027,41.2753]},"properties":{"id":"SEED002997","name":"","category":"pharmacy","source":"OSM","confidence":"C","status":"auto_unverified"}},{"type":"Feature","geometry":{"type":"Point","coordinates":[69.2009,41.2764]},"properties":{"id":"SEED002998","name":"","category":"pharmacy","source":"OSM","confidence":"C","status":"auto_unverified"}},{"type":"Feature","geometry":{"type":"Point","coordinates":[69.1992,41.2775]},"properties":{"id":"SEED002999","name":"","category":"pharmacy","source":"OSM","confidence":"C","status":"auto_unverified"}},{"type":"Feature","geometry":{"type":"Point","coordinates":[69.1989,41.2777]},"properties":{"id":"SEED003000","name":"","category":"pharmacy","source":"OSM","confidence":"C","status":"auto_unverified"}},{"type":"Feature","geometry":{"type":"Point","coordinates":[69.1958,41.2771]},"properties":{"id":"SEED003001","name":"","category":"pharmacy","source":"OSM","confidence":"C","status":"auto_unverified"}},{"type":"Feature","geometry":{"type":"Point","coordinates":[69.1938,41.2758]},"properties":{"id":"SEED003002","name":"","category":"pharmacy","source":"OSM","confidence":"C","status":"auto_unverified"}},{"type":"Feature","geometry":{"type":"Point","coordinates":[69.1929,41.2755]},"properties":{"id":"SEED003003","name":"","category":"pharmacy","source":"OSM","confidence":"C","status":"auto_unverified"}},{"type":"Feature","geometry":{"type":"Point","coordinates":[69.2596,41.2715]},"properties":{"id":"SEED003004","name":"","category":"pharmacy","source":"OSM","confidence":"C","status":"auto_unverified"}},{"type":"Feature","geometry":{"type":"Point","coordinates":[69.2615,41.2792]},"properties":{"id":"SEED003005","name":"","category":"pharmacy","source":"OSM","confidence":"C","status":"auto_unverified"}},{"type":"Feature","geometry":{"type":"Point","coordinates":[69.1803,41.3554]},"properties":{"id":"SEED003006","name":"","category":"pharmacy","source":"OSM","confidence":"C","status":"auto_unverified"}},{"type":"Feature","geometry":{"type":"Point","coordinates":[69.1761,41.341]},"properties":{"id":"SEED003007","name":"","category":"pharmacy","source":"OSM","confidence":"C","status":"auto_unverified"}},{"type":"Feature","geometry":{"type":"Point","coordinates":[69.2343,41.3202]},"properties":{"id":"SEED003008","name":"","category":"pharmacy","source":"OSM","confidence":"C","status":"auto_unverified"}},{"type":"Feature","geometry":{"type":"Point","coordinates":[69.2895,41.3268]},"properties":{"id":"SEED003009","name":"","category":"pharmacy","source":"OSM","confidence":"C","status":"auto_unverified"}},{"type":"Feature","geometry":{"type":"Point","coordinates":[69.2164,41.3475]},"properties":{"id":"SEED003010","name":"","category":"pharmacy","source":"OSM","confidence":"C","status":"auto_unverified"}},{"type":"Feature","geometry":{"type":"Point","coordinates":[69.3714,41.387]},"properties":{"id":"SEED003011","name":"","category":"pharmacy","source":"OSM","confidence":"C","status":"auto_unverified"}},{"type":"Feature","geometry":{"type":"Point","coordinates":[69.2825,41.2912]},"properties":{"id":"SEED003012","name":"","category":"pharmacy","source":"OSM","confidence":"C","status":"auto_unverified"}},{"type":"Feature","geometry":{"type":"Point","coordinates":[69.2137,41.2887]},"properties":{"id":"SEED003013","name":"","category":"pharmacy","source":"OSM","confidence":"C","status":"auto_unverified"}},{"type":"Feature","geometry":{"type":"Point","coordinates":[69.2771,41.3458]},"properties":{"id":"SEED003014","name":"","category":"pharmacy","source":"OSM","confidence":"C","status":"auto_unverified"}},{"type":"Feature","geometry":{"type":"Point","coordinates":[69.3099,41.2731]},"properties":{"id":"SEED003015","name":"","category":"pharmacy","source":"OSM","confidence":"C","status":"auto_unverified"}},{"type":"Feature","geometry":{"type":"Point","coordinates":[69.3109,41.274]},"properties":{"id":"SEED003016","name":"","category":"pharmacy","source":"OSM","confidence":"C","status":"auto_unverified"}},{"type":"Feature","geometry":{"type":"Point","coordinates":[69.2184,41.2786]},"properties":{"id":"SEED003017","name":"","category":"pharmacy","source":"OSM","confidence":"C","status":"auto_unverified"}},{"type":"Feature","geometry":{"type":"Point","coordinates":[69.2194,41.278]},"properties":{"id":"SEED003018","name":"","category":"pharmacy","source":"OSM","confidence":"C","status":"auto_unverified"}},{"type":"Feature","geometry":{"type":"Point","coordinates":[69.2788,41.3478]},"properties":{"id":"SEED003019","name":"","category":"pharmacy","source":"OSM","confidence":"C","status":"auto_unverified"}},{"type":"Feature","geometry":{"type":"Point","coordinates":[69.329,41.2386]},"properties":{"id":"SEED003020","name":"","category":"pharmacy","source":"OSM","confidence":"C","status":"auto_unverified"}},{"type":"Feature","geometry":{"type":"Point","coordinates":[69.2604,41.3454]},"properties":{"id":"SEED003021","name":"","category":"pharmacy","source":"OSM","confidence":"C","status":"auto_unverified"}},{"type":"Feature","geometry":{"type":"Point","coordinates":[69.3136,41.2519]},"properties":{"id":"SEED003022","name":"","category":"pharmacy","source":"OSM","confidence":"C","status":"auto_unverified"}},{"type":"Feature","geometry":{"type":"Point","coordinates":[69.334,41.3504]},"properties":{"id":"SEED003023","name":"","category":"pharmacy","source":"OSM","confidence":"C","status":"auto_unverified"}},{"type":"Feature","geometry":{"type":"Point","coordinates":[69.338,41.3486]},"properties":{"id":"SEED003024","name":"","category":"pharmacy","source":"OSM","confidence":"C","status":"auto_unverified"}},{"type":"Feature","geometry":{"type":"Point","coordinates":[69.2294,41.3063]},"properties":{"id":"SEED003025","name":"","category":"pharmacy","source":"OSM","confidence":"C","status":"auto_unverified"}},{"type":"Feature","geometry":{"type":"Point","coordinates":[69.3862,41.3522]},"properties":{"id":"SEED003026","name":"","category":"pharmacy","source":"OSM","confidence":"C","status":"auto_unverified"}},{"type":"Feature","geometry":{"type":"Point","coordinates":[69.3595,41.3549]},"properties":{"id":"SEED003027","name":"","category":"pharmacy","source":"OSM","confidence":"C","status":"auto_unverified"}},{"type":"Feature","geometry":{"type":"Point","coordinates":[69.3589,41.3549]},"properties":{"id":"SEED003028","name":"","category":"pharmacy","source":"OSM","confidence":"C","status":"auto_unverified"}},{"type":"Feature","geometry":{"type":"Point","coordinates":[69.3587,41.355]},"properties":{"id":"SEED003029","name":"","category":"pharmacy","source":"OSM","confidence":"C","status":"auto_unverified"}},{"type":"Feature","geometry":{"type":"Point","coordinates":[69.3585,41.355]},"properties":{"id":"SEED003030","name":"","category":"pharmacy","source":"OSM","confidence":"C","status":"auto_unverified"}},{"type":"Feature","geometry":{"type":"Point","coordinates":[69.3586,41.355]},"properties":{"id":"SEED003031","name":"","category":"pharmacy","source":"OSM","confidence":"C","status":"auto_unverified"}},{"type":"Feature","geometry":{"type":"Point","coordinates":[69.3583,41.355]},"properties":{"id":"SEED003032","name":"","category":"pharmacy","source":"OSM","confidence":"C","status":"auto_unverified"}},{"type":"Feature","geometry":{"type":"Point","coordinates":[69.3582,41.355]},"properties":{"id":"SEED003033","name":"","category":"pharmacy","source":"OSM","confidence":"C","status":"auto_unverified"}},{"type":"Feature","geometry":{"type":"Point","coordinates":[69.3581,41.355]},"properties":{"id":"SEED003034","name":"","category":"pharmacy","source":"OSM","confidence":"C","status":"auto_unverified"}},{"type":"Feature","geometry":{"type":"Point","coordinates":[69.3577,41.355]},"properties":{"id":"SEED003035","name":"","category":"pharmacy","source":"OSM","confidence":"C","status":"auto_unverified"}},{"type":"Feature","geometry":{"type":"Point","coordinates":[69.3576,41.355]},"properties":{"id":"SEED003036","name":"","category":"pharmacy","source":"OSM","confidence":"C","status":"auto_unverified"}},{"type":"Feature","geometry":{"type":"Point","coordinates":[69.3155,41.2893]},"properties":{"id":"SEED003037","name":"","category":"pharmacy","source":"OSM","confidence":"C","status":"auto_unverified"}},{"type":"Feature","geometry":{"type":"Point","coordinates":[69.2506,41.3373]},"properties":{"id":"SEED003038","name":"","category":"pharmacy","source":"OSM","confidence":"C","status":"auto_unverified"}},{"type":"Feature","geometry":{"type":"Point","coordinates":[69.2028,41.4025]},"properties":{"id":"SEED003039","name":"","category":"pharmacy","source":"OSM","confidence":"C","status":"auto_unverified"}},{"type":"Feature","geometry":{"type":"Point","coordinates":[69.4131,41.334]},"properties":{"id":"SEED003040","name":"","category":"pharmacy","source":"OSM","confidence":"C","status":"auto_unverified"}},{"type":"Feature","geometry":{"type":"Point","coordinates":[69.2527,41.2682]},"properties":{"id":"SEED003041","name":"","category":"pharmacy","source":"OSM","confidence":"C","status":"auto_unverified"}},{"type":"Feature","geometry":{"type":"Point","coordinates":[69.2178,41.2258]},"properties":{"id":"SEED003042","name":"","category":"pharmacy","source":"OSM","confidence":"C","status":"auto_unverified"}},{"type":"Feature","geometry":{"type":"Point","coordinates":[69.198,41.3067]},"properties":{"id":"SEED003043","name":"","category":"pharmacy","source":"OSM","confidence":"C","status":"auto_unverified"}},{"type":"Feature","geometry":{"type":"Point","coordinates":[69.2412,41.3482]},"properties":{"id":"SEED003044","name":"","category":"pharmacy","source":"OSM","confidence":"C","status":"auto_unverified"}},{"type":"Feature","geometry":{"type":"Point","coordinates":[69.2865,41.3515]},"properties":{"id":"SEED003045","name":"","category":"pharmacy","source":"OSM","confidence":"C","status":"auto_unverified"}},{"type":"Feature","geometry":{"type":"Point","coordinates":[69.2141,41.3642]},"properties":{"id":"SEED003046","name":"","category":"pharmacy","source":"OSM","confidence":"C","status":"auto_unverified"}},{"type":"Feature","geometry":{"type":"Point","coordinates":[69.2742,41.3266]},"properties":{"id":"SEED003047","name":"","category":"pharmacy","source":"OSM","confidence":"C","status":"auto_unverified"}},{"type":"Feature","geometry":{"type":"Point","coordinates":[69.2835,41.2875]},"properties":{"id":"SEED003048","name":"","category":"pharmacy","source":"OSM","confidence":"C","status":"auto_unverified"}},{"type":"Feature","geometry":{"type":"Point","coordinates":[69.2245,41.2836]},"properties":{"id":"SEED003049","name":"","category":"pharmacy","source":"OSM","confidence":"C","status":"auto_unverified"}},{"type":"Feature","geometry":{"type":"Point","coordinates":[69.3393,41.3272]},"properties":{"id":"SEED003050","name":"","category":"pharmacy","source":"OSM","confidence":"C","status":"auto_unverified"}},{"type":"Feature","geometry":{"type":"Point","coordinates":[69.3047,41.2792]},"properties":{"id":"SEED003051","name":"","category":"pharmacy","source":"OSM","confidence":"C","status":"auto_unverified"}},{"type":"Feature","geometry":{"type":"Point","coordinates":[69.2832,41.2873]},"properties":{"id":"SEED003052","name":"","category":"pharmacy","source":"OSM","confidence":"C","status":"auto_unverified"}},{"type":"Feature","geometry":{"type":"Point","coordinates":[69.1872,41.3631]},"properties":{"id":"SEED003053","name":"","category":"pharmacy","source":"OSM","confidence":"C","status":"auto_unverified"}},{"type":"Feature","geometry":{"type":"Point","coordinates":[69.1777,41.3562]},"properties":{"id":"SEED003054","name":"","category":"pharmacy","source":"OSM","confidence":"C","status":"auto_unverified"}},{"type":"Feature","geometry":{"type":"Point","coordinates":[69.1868,41.3633]},"properties":{"id":"SEED003055","name":"","category":"pharmacy","source":"OSM","confidence":"C","status":"auto_unverified"}},{"type":"Feature","geometry":{"type":"Point","coordinates":[69.1797,41.3597]},"properties":{"id":"SEED003056","name":"","category":"pharmacy","source":"OSM","confidence":"C","status":"auto_unverified"}},{"type":"Feature","geometry":{"type":"Point","coordinates":[69.1858,41.364]},"properties":{"id":"SEED003057","name":"","category":"pharmacy","source":"OSM","confidence":"C","status":"auto_unverified"}},{"type":"Feature","geometry":{"type":"Point","coordinates":[69.3634,41.3213]},"properties":{"id":"SEED003058","name":"","category":"pharmacy","source":"OSM","confidence":"C","status":"auto_unverified"}},{"type":"Feature","geometry":{"type":"Point","coordinates":[69.284,41.3291]},"properties":{"id":"SEED003059","name":"","category":"pharmacy","source":"OSM","confidence":"C","status":"auto_unverified"}},{"type":"Feature","geometry":{"type":"Point","coordinates":[69.2742,41.3381]},"properties":{"id":"SEED003060","name":"","category":"pharmacy","source":"OSM","confidence":"C","status":"auto_unverified"}},{"type":"Feature","geometry":{"type":"Point","coordinates":[69.2105,41.343]},"properties":{"id":"SEED003061","name":"","category":"pharmacy","source":"OSM","confidence":"C","status":"auto_unverified"}},{"type":"Feature","geometry":{"type":"Point","coordinates":[69.2814,41.3282]},"properties":{"id":"SEED003062","name":"","category":"pharmacy","source":"OSM","confidence":"C","status":"auto_unverified"}},{"type":"Feature","geometry":{"type":"Point","coordinates":[69.288,41.3118]},"properties":{"id":"SEED003063","name":"","category":"pharmacy","source":"OSM","confidence":"C","status":"auto_unverified"}},{"type":"Feature","geometry":{"type":"Point","coordinates":[69.2701,41.3776]},"properties":{"id":"SEED003064","name":"","category":"pharmacy","source":"OSM","confidence":"C","status":"auto_unverified"}},{"type":"Feature","geometry":{"type":"Point","coordinates":[69.2143,41.3599]},"properties":{"id":"SEED003065","name":"","category":"pharmacy","source":"OSM","confidence":"C","status":"auto_unverified"}},{"type":"Feature","geometry":{"type":"Point","coordinates":[69.2143,41.3597]},"properties":{"id":"SEED003066","name":"","category":"pharmacy","source":"OSM","confidence":"C","status":"auto_unverified"}},{"type":"Feature","geometry":{"type":"Point","coordinates":[69.2143,41.3595]},"properties":{"id":"SEED003067","name":"","category":"pharmacy","source":"OSM","confidence":"C","status":"auto_unverified"}},{"type":"Feature","geometry":{"type":"Point","coordinates":[69.2194,41.3801]},"properties":{"id":"SEED003068","name":"","category":"pharmacy","source":"OSM","confidence":"C","status":"auto_unverified"}},{"type":"Feature","geometry":{"type":"Point","coordinates":[69.2405,41.3728]},"properties":{"id":"SEED003069","name":"","category":"pharmacy","source":"OSM","confidence":"C","status":"auto_unverified"}},{"type":"Feature","geometry":{"type":"Point","coordinates":[69.2641,41.301]},"properties":{"id":"SEED003070","name":"","category":"pharmacy","source":"OSM","confidence":"C","status":"auto_unverified"}},{"type":"Feature","geometry":{"type":"Point","coordinates":[69.2536,41.3361]},"properties":{"id":"SEED003071","name":"","category":"pharmacy","source":"OSM","confidence":"C","status":"auto_unverified"}},{"type":"Feature","geometry":{"type":"Point","coordinates":[69.2412,41.3466]},"properties":{"id":"SEED003072","name":"","category":"pharmacy","source":"OSM","confidence":"C","status":"auto_unverified"}},{"type":"Feature","geometry":{"type":"Point","coordinates":[69.2294,41.3438]},"properties":{"id":"SEED003073","name":"","category":"pharmacy","source":"OSM","confidence":"C","status":"auto_unverified"}},{"type":"Feature","geometry":{"type":"Point","coordinates":[69.2583,41.29]},"properties":{"id":"SEED003074","name":"","category":"pharmacy","source":"OSM","confidence":"C","status":"auto_unverified"}},{"type":"Feature","geometry":{"type":"Point","coordinates":[69.2532,41.2856]},"properties":{"id":"SEED003075","name":"","category":"pharmacy","source":"OSM","confidence":"C","status":"auto_unverified"}},{"type":"Feature","geometry":{"type":"Point","coordinates":[69.2501,41.2956]},"properties":{"id":"SEED003076","name":"","category":"pharmacy","source":"OSM","confidence":"C","status":"auto_unverified"}},{"type":"Feature","geometry":{"type":"Point","coordinates":[69.2707,41.2969]},"properties":{"id":"SEED003077","name":"","category":"pharmacy","source":"OSM","confidence":"C","status":"auto_unverified"}},{"type":"Feature","geometry":{"type":"Point","coordinates":[69.2695,41.296]},"properties":{"id":"SEED003078","name":"","category":"pharmacy","source":"OSM","confidence":"C","status":"auto_unverified"}},{"type":"Feature","geometry":{"type":"Point","coordinates":[69.2673,41.2946]},"properties":{"id":"SEED003079","name":"","category":"pharmacy","source":"OSM","confidence":"C","status":"auto_unverified"}},{"type":"Feature","geometry":{"type":"Point","coordinates":[69.2512,41.2863]},"properties":{"id":"SEED003080","name":"","category":"pharmacy","source":"OSM","confidence":"C","status":"auto_unverified"}},{"type":"Feature","geometry":{"type":"Point","coordinates":[69.2254,41.3654]},"properties":{"id":"SEED003081","name":"","category":"pharmacy","source":"OSM","confidence":"C","status":"auto_unverified"}},{"type":"Feature","geometry":{"type":"Point","coordinates":[69.2253,41.3655]},"properties":{"id":"SEED003082","name":"","category":"pharmacy","source":"OSM","confidence":"C","status":"auto_unverified"}},{"type":"Feature","geometry":{"type":"Point","coordinates":[69.2253,41.3657]},"properties":{"id":"SEED003083","name":"","category":"pharmacy","source":"OSM","confidence":"C","status":"auto_unverified"}},{"type":"Feature","geometry":{"type":"Point","coordinates":[69.2043,41.3666]},"properties":{"id":"SEED003084","name":"","category":"pharmacy","source":"OSM","confidence":"C","status":"auto_unverified"}},{"type":"Feature","geometry":{"type":"Point","coordinates":[69.1656,41.264]},"properties":{"id":"SEED003085","name":"","category":"pharmacy","source":"OSM","confidence":"C","status":"auto_unverified"}},{"type":"Feature","geometry":{"type":"Point","coordinates":[69.3273,41.3117]},"properties":{"id":"SEED003086","name":"","category":"pharmacy","source":"OSM","confidence":"C","status":"auto_unverified"}},{"type":"Feature","geometry":{"type":"Point","coordinates":[69.2139,41.2681]},"properties":{"id":"SEED003087","name":"","category":"pharmacy","source":"OSM","confidence":"C","status":"auto_unverified"}},{"type":"Feature","geometry":{"type":"Point","coordinates":[69.2141,41.268]},"properties":{"id":"SEED003088","name":"","category":"pharmacy","source":"OSM","confidence":"C","status":"auto_unverified"}},{"type":"Feature","geometry":{"type":"Point","coordinates":[69.2143,41.2678]},"properties":{"id":"SEED003089","name":"","category":"pharmacy","source":"OSM","confidence":"C","status":"auto_unverified"}},{"type":"Feature","geometry":{"type":"Point","coordinates":[69.2144,41.2677]},"properties":{"id":"SEED003090","name":"","category":"pharmacy","source":"OSM","confidence":"C","status":"auto_unverified"}},{"type":"Feature","geometry":{"type":"Point","coordinates":[69.2145,41.2677]},"properties":{"id":"SEED003091","name":"","category":"pharmacy","source":"OSM","confidence":"C","status":"auto_unverified"}},{"type":"Feature","geometry":{"type":"Point","coordinates":[69.2148,41.2675]},"properties":{"id":"SEED003092","name":"","category":"pharmacy","source":"OSM","confidence":"C","status":"auto_unverified"}},{"type":"Feature","geometry":{"type":"Point","coordinates":[69.2147,41.2676]},"properties":{"id":"SEED003093","name":"","category":"pharmacy","source":"OSM","confidence":"C","status":"auto_unverified"}},{"type":"Feature","geometry":{"type":"Point","coordinates":[69.2147,41.2676]},"properties":{"id":"SEED003094","name":"","category":"pharmacy","source":"OSM","confidence":"C","status":"auto_unverified"}},{"type":"Feature","geometry":{"type":"Point","coordinates":[69.2149,41.2674]},"properties":{"id":"SEED003095","name":"","category":"pharmacy","source":"OSM","confidence":"C","status":"auto_unverified"}},{"type":"Feature","geometry":{"type":"Point","coordinates":[69.2153,41.2672]},"properties":{"id":"SEED003096","name":"","category":"pharmacy","source":"OSM","confidence":"C","status":"auto_unverified"}},{"type":"Feature","geometry":{"type":"Point","coordinates":[69.2154,41.2671]},"properties":{"id":"SEED003097","name":"","category":"pharmacy","source":"OSM","confidence":"C","status":"auto_unverified"}},{"type":"Feature","geometry":{"type":"Point","coordinates":[69.2155,41.2671]},"properties":{"id":"SEED003098","name":"","category":"pharmacy","source":"OSM","confidence":"C","status":"auto_unverified"}},{"type":"Feature","geometry":{"type":"Point","coordinates":[69.3598,41.3223]},"properties":{"id":"SEED003099","name":"","category":"pharmacy","source":"OSM","confidence":"C","status":"auto_unverified"}},{"type":"Feature","geometry":{"type":"Point","coordinates":[69.2252,41.3131]},"properties":{"id":"SEED003100","name":"","category":"pharmacy","source":"OSM","confidence":"C","status":"auto_unverified"}},{"type":"Feature","geometry":{"type":"Point","coordinates":[69.3149,41.366]},"properties":{"id":"SEED003101","name":"","category":"pharmacy","source":"OSM","confidence":"C","status":"auto_unverified"}},{"type":"Feature","geometry":{"type":"Point","coordinates":[69.2087,41.2222]},"properties":{"id":"SEED003102","name":"","category":"pharmacy","source":"OSM","confidence":"C","status":"auto_unverified"}},{"type":"Feature","geometry":{"type":"Point","coordinates":[69.23,41.2113]},"properties":{"id":"SEED003103","name":"","category":"pharmacy","source":"OSM","confidence":"C","status":"auto_unverified"}},{"type":"Feature","geometry":{"type":"Point","coordinates":[69.2005,41.217]},"properties":{"id":"SEED003104","name":"","category":"pharmacy","source":"OSM","confidence":"C","status":"auto_unverified"}},{"type":"Feature","geometry":{"type":"Point","coordinates":[69.2127,41.2697]},"properties":{"id":"SEED003105","name":"","category":"pharmacy","source":"OSM","confidence":"C","status":"auto_unverified"}},{"type":"Feature","geometry":{"type":"Point","coordinates":[69.2197,41.2676]},"properties":{"id":"SEED003106","name":"","category":"pharmacy","source":"OSM","confidence":"C","status":"auto_unverified"}},{"type":"Feature","geometry":{"type":"Point","coordinates":[69.2276,41.2898]},"properties":{"id":"SEED003107","name":"","category":"pharmacy","source":"OSM","confidence":"C","status":"auto_unverified"}},{"type":"Feature","geometry":{"type":"Point","coordinates":[69.2745,41.3262]},"properties":{"id":"SEED003108","name":"","category":"pharmacy","source":"OSM","confidence":"C","status":"auto_unverified"}},{"type":"Feature","geometry":{"type":"Point","coordinates":[69.23,41.2876]},"properties":{"id":"SEED003109","name":"","category":"pharmacy","source":"OSM","confidence":"C","status":"auto_unverified"}},{"type":"Feature","geometry":{"type":"Point","coordinates":[69.2618,41.342]},"properties":{"id":"SEED003110","name":"","category":"pharmacy","source":"OSM","confidence":"C","status":"auto_unverified"}},{"type":"Feature","geometry":{"type":"Point","coordinates":[69.2669,41.3376]},"properties":{"id":"SEED003111","name":"","category":"pharmacy","source":"OSM","confidence":"C","status":"auto_unverified"}},{"type":"Feature","geometry":{"type":"Point","coordinates":[69.3018,41.2473]},"properties":{"id":"SEED003112","name":"","category":"pharmacy","source":"OSM","confidence":"C","status":"auto_unverified"}},{"type":"Feature","geometry":{"type":"Point","coordinates":[69.2542,41.3233]},"properties":{"id":"SEED003113","name":"","category":"pharmacy","source":"OSM","confidence":"C","status":"auto_unverified"}},{"type":"Feature","geometry":{"type":"Point","coordinates":[69.2359,41.317]},"properties":{"id":"SEED003114","name":"","category":"pharmacy","source":"OSM","confidence":"C","status":"auto_unverified"}},{"type":"Feature","geometry":{"type":"Point","coordinates":[69.2863,41.2875]},"properties":{"id":"SEED003115","name":"","category":"pharmacy","source":"OSM","confidence":"C","status":"auto_unverified"}},{"type":"Feature","geometry":{"type":"Point","coordinates":[69.2312,41.3402]},"properties":{"id":"SEED003116","name":"","category":"pharmacy","source":"OSM","confidence":"C","status":"auto_unverified"}},{"type":"Feature","geometry":{"type":"Point","coordinates":[69.2381,41.3615]},"properties":{"id":"SEED003117","name":"","category":"pharmacy","source":"OSM","confidence":"C","status":"auto_unverified"}},{"type":"Feature","geometry":{"type":"Point","coordinates":[69.233,41.32]},"properties":{"id":"SEED003118","name":"","category":"pharmacy","source":"OSM","confidence":"C","status":"auto_unverified"}},{"type":"Feature","geometry":{"type":"Point","coordinates":[69.2121,41.1994]},"properties":{"id":"SEED003119","name":"","category":"pharmacy","source":"OSM","confidence":"C","status":"auto_unverified"}},{"type":"Feature","geometry":{"type":"Point","coordinates":[69.3484,41.2885]},"properties":{"id":"SEED003120","name":"","category":"pharmacy","source":"OSM","confidence":"C","status":"auto_unverified"}},{"type":"Feature","geometry":{"type":"Point","coordinates":[69.1619,41.2605]},"properties":{"id":"SEED003121","name":"","category":"pharmacy","source":"OSM","confidence":"C","status":"auto_unverified"}},{"type":"Feature","geometry":{"type":"Point","coordinates":[69.4733,41.3937]},"properties":{"id":"SEED003122","name":"","category":"pharmacy","source":"OSM","confidence":"C","status":"auto_unverified"}},{"type":"Feature","geometry":{"type":"Point","coordinates":[69.3931,41.3632]},"properties":{"id":"SEED003123","name":"","category":"pharmacy","source":"OSM","confidence":"C","status":"auto_unverified"}},{"type":"Feature","geometry":{"type":"Point","coordinates":[69.3876,41.354]},"properties":{"id":"SEED003124","name":"","category":"pharmacy","source":"OSM","confidence":"C","status":"auto_unverified"}},{"type":"Feature","geometry":{"type":"Point","coordinates":[69.3842,41.3556]},"properties":{"id":"SEED003125","name":"","category":"pharmacy","source":"OSM","confidence":"C","status":"auto_unverified"}},{"type":"Feature","geometry":{"type":"Point","coordinates":[69.3332,41.3643]},"properties":{"id":"SEED003126","name":"","category":"pharmacy","source":"OSM","confidence":"C","status":"auto_unverified"}},{"type":"Feature","geometry":{"type":"Point","coordinates":[69.331,41.3268]},"properties":{"id":"SEED003127","name":"","category":"pharmacy","source":"OSM","confidence":"C","status":"auto_unverified"}},{"type":"Feature","geometry":{"type":"Point","coordinates":[69.3308,41.3261]},"properties":{"id":"SEED003128","name":"","category":"pharmacy","source":"OSM","confidence":"C","status":"auto_unverified"}},{"type":"Feature","geometry":{"type":"Point","coordinates":[69.3287,41.3259]},"properties":{"id":"SEED003129","name":"","category":"pharmacy","source":"OSM","confidence":"C","status":"auto_unverified"}},{"type":"Feature","geometry":{"type":"Point","coordinates":[69.3267,41.3254]},"properties":{"id":"SEED003130","name":"","category":"pharmacy","source":"OSM","confidence":"C","status":"auto_unverified"}},{"type":"Feature","geometry":{"type":"Point","coordinates":[69.3259,41.3268]},"properties":{"id":"SEED003131","name":"","category":"pharmacy","source":"OSM","confidence":"C","status":"auto_unverified"}},{"type":"Feature","geometry":{"type":"Point","coordinates":[69.3571,41.2929]},"properties":{"id":"SEED003132","name":"","category":"pharmacy","source":"OSM","confidence":"C","status":"auto_unverified"}},{"type":"Feature","geometry":{"type":"Point","coordinates":[69.2892,41.2447]},"properties":{"id":"SEED003133","name":"","category":"pharmacy","source":"OSM","confidence":"C","status":"auto_unverified"}},{"type":"Feature","geometry":{"type":"Point","coordinates":[69.3091,41.2728]},"properties":{"id":"SEED003134","name":"","category":"pharmacy","source":"OSM","confidence":"C","status":"auto_unverified"}},{"type":"Feature","geometry":{"type":"Point","coordinates":[69.2852,41.2924]},"properties":{"id":"SEED003135","name":"","category":"pharmacy","source":"OSM","confidence":"C","status":"auto_unverified"}},{"type":"Feature","geometry":{"type":"Point","coordinates":[69.2145,41.1971]},"properties":{"id":"SEED003136","name":"","category":"pharmacy","source":"OSM","confidence":"C","status":"auto_unverified"}},{"type":"Feature","geometry":{"type":"Point","coordinates":[69.2292,41.2122]},"properties":{"id":"SEED003137","name":"","category":"pharmacy","source":"OSM","confidence":"C","status":"auto_unverified"}},{"type":"Feature","geometry":{"type":"Point","coordinates":[69.2189,41.2273]},"properties":{"id":"SEED003138","name":"","category":"pharmacy","source":"OSM","confidence":"C","status":"auto_unverified"}},{"type":"Feature","geometry":{"type":"Point","coordinates":[69.2175,41.2257]},"properties":{"id":"SEED003139","name":"","category":"pharmacy","source":"OSM","confidence":"C","status":"auto_unverified"}},{"type":"Feature","geometry":{"type":"Point","coordinates":[69.2029,41.2199]},"properties":{"id":"SEED003140","name":"","category":"pharmacy","source":"OSM","confidence":"C","status":"auto_unverified"}},{"type":"Feature","geometry":{"type":"Point","coordinates":[69.2428,41.2762]},"properties":{"id":"SEED003141","name":"","category":"pharmacy","source":"OSM","confidence":"C","status":"auto_unverified"}},{"type":"Feature","geometry":{"type":"Point","coordinates":[69.2511,41.2837]},"properties":{"id":"SEED003142","name":"","category":"pharmacy","source":"OSM","confidence":"C","status":"auto_unverified"}},{"type":"Feature","geometry":{"type":"Point","coordinates":[69.2709,41.2998]},"properties":{"id":"SEED003143","name":"","category":"pharmacy","source":"OSM","confidence":"C","status":"auto_unverified"}},{"type":"Feature","geometry":{"type":"Point","coordinates":[69.2837,41.2992]},"properties":{"id":"SEED003144","name":"","category":"pharmacy","source":"OSM","confidence":"C","status":"auto_unverified"}},{"type":"Feature","geometry":{"type":"Point","coordinates":[69.2891,41.3115]},"properties":{"id":"SEED003145","name":"","category":"pharmacy","source":"OSM","confidence":"C","status":"auto_unverified"}},{"type":"Feature","geometry":{"type":"Point","coordinates":[69.3019,41.3248]},"properties":{"id":"SEED003146","name":"","category":"pharmacy","source":"OSM","confidence":"C","status":"auto_unverified"}},{"type":"Feature","geometry":{"type":"Point","coordinates":[69.2963,41.362]},"properties":{"id":"SEED003147","name":"","category":"pharmacy","source":"OSM","confidence":"C","status":"auto_unverified"}},{"type":"Feature","geometry":{"type":"Point","coordinates":[69.2896,41.3672]},"properties":{"id":"SEED003148","name":"","category":"pharmacy","source":"OSM","confidence":"C","status":"auto_unverified"}},{"type":"Feature","geometry":{"type":"Point","coordinates":[69.2046,41.366]},"properties":{"id":"SEED003149","name":"","category":"pharmacy","source":"OSM","confidence":"C","status":"auto_unverified"}},{"type":"Feature","geometry":{"type":"Point","coordinates":[69.2362,41.3271]},"properties":{"id":"SEED003150","name":"","category":"pharmacy","source":"OSM","confidence":"C","status":"auto_unverified"}},{"type":"Feature","geometry":{"type":"Point","coordinates":[69.2448,41.3246]},"properties":{"id":"SEED003151","name":"","category":"pharmacy","source":"OSM","confidence":"C","status":"auto_unverified"}},{"type":"Feature","geometry":{"type":"Point","coordinates":[69.2691,41.3074]},"properties":{"id":"SEED003152","name":"","category":"pharmacy","source":"OSM","confidence":"C","status":"auto_unverified"}},{"type":"Feature","geometry":{"type":"Point","coordinates":[69.2253,41.2905]},"properties":{"id":"SEED003153","name":"","category":"pharmacy","source":"OSM","confidence":"C","status":"auto_unverified"}},{"type":"Feature","geometry":{"type":"Point","coordinates":[69.2247,41.2838]},"properties":{"id":"SEED003154","name":"","category":"pharmacy","source":"OSM","confidence":"C","status":"auto_unverified"}},{"type":"Feature","geometry":{"type":"Point","coordinates":[69.2054,41.2767]},"properties":{"id":"SEED003155","name":"","category":"pharmacy","source":"OSM","confidence":"C","status":"auto_unverified"}},{"type":"Feature","geometry":{"type":"Point","coordinates":[69.188,41.2848]},"properties":{"id":"SEED003156","name":"","category":"pharmacy","source":"OSM","confidence":"C","status":"auto_unverified"}},{"type":"Feature","geometry":{"type":"Point","coordinates":[69.1892,41.2981]},"properties":{"id":"SEED003157","name":"","category":"pharmacy","source":"OSM","confidence":"C","status":"auto_unverified"}},{"type":"Feature","geometry":{"type":"Point","coordinates":[69.216,41.2963]},"properties":{"id":"SEED003158","name":"","category":"pharmacy","source":"OSM","confidence":"C","status":"auto_unverified"}},{"type":"Feature","geometry":{"type":"Point","coordinates":[69.1592,41.3143]},"properties":{"id":"SEED003159","name":"","category":"pharmacy","source":"OSM","confidence":"C","status":"auto_unverified"}},{"type":"Feature","geometry":{"type":"Point","coordinates":[69.2214,41.3224]},"properties":{"id":"SEED003160","name":"","category":"pharmacy","source":"OSM","confidence":"C","status":"auto_unverified"}},{"type":"Feature","geometry":{"type":"Point","coordinates":[69.1629,41.2632]},"properties":{"id":"SEED003161","name":"","category":"pharmacy","source":"OSM","confidence":"C","status":"auto_unverified"}},{"type":"Feature","geometry":{"type":"Point","coordinates":[69.1646,41.2841]},"properties":{"id":"SEED003162","name":"","category":"pharmacy","source":"OSM","confidence":"C","status":"auto_unverified"}},{"type":"Feature","geometry":{"type":"Point","coordinates":[69.141,41.3546]},"properties":{"id":"SEED003163","name":"","category":"pharmacy","source":"OSM","confidence":"C","status":"auto_unverified"}},{"type":"Feature","geometry":{"type":"Point","coordinates":[69.3339,41.3551]},"properties":{"id":"SEED003164","name":"","category":"pharmacy","source":"OSM","confidence":"C","status":"auto_unverified"}},{"type":"Feature","geometry":{"type":"Point","coordinates":[69.2311,41.3404]},"properties":{"id":"SEED003165","name":"","category":"pharmacy","source":"OSM","confidence":"C","status":"auto_unverified"}},{"type":"Feature","geometry":{"type":"Point","coordinates":[69.2492,41.2981]},"properties":{"id":"SEED003166","name":"","category":"pharmacy","source":"OSM","confidence":"C","status":"auto_unverified"}},{"type":"Feature","geometry":{"type":"Point","coordinates":[69.2509,41.326]},"properties":{"id":"SEED003167","name":"","category":"pharmacy","source":"OSM","confidence":"C","status":"auto_unverified"}},{"type":"Feature","geometry":{"type":"Point","coordinates":[69.2254,41.37]},"properties":{"id":"SEED003168","name":"","category":"pharmacy","source":"OSM","confidence":"C","status":"auto_unverified"}},{"type":"Feature","geometry":{"type":"Point","coordinates":[69.2491,41.2809]},"properties":{"id":"SEED003169","name":"","category":"pharmacy","source":"OSM","confidence":"C","status":"auto_unverified"}},{"type":"Feature","geometry":{"type":"Point","coordinates":[69.2648,41.2846]},"properties":{"id":"SEED003170","name":"","category":"pharmacy","source":"OSM","confidence":"C","status":"auto_unverified"}},{"type":"Feature","geometry":{"type":"Point","coordinates":[69.2249,41.2845]},"properties":{"id":"SEED003171","name":"","category":"pharmacy","source":"OSM","confidence":"C","status":"auto_unverified"}},{"type":"Feature","geometry":{"type":"Point","coordinates":[69.276,41.3013]},"properties":{"id":"SEED003172","name":"","category":"pharmacy","source":"OSM","confidence":"C","status":"auto_unverified"}},{"type":"Feature","geometry":{"type":"Point","coordinates":[69.2836,41.3009]},"properties":{"id":"SEED003173","name":"","category":"pharmacy","source":"OSM","confidence":"C","status":"auto_unverified"}},{"type":"Feature","geometry":{"type":"Point","coordinates":[69.2501,41.2933]},"properties":{"id":"SEED003174","name":"","category":"pharmacy","source":"OSM","confidence":"C","status":"auto_unverified"}},{"type":"Feature","geometry":{"type":"Point","coordinates":[69.2431,41.2866]},"properties":{"id":"SEED003175","name":"","category":"pharmacy","source":"OSM","confidence":"C","status":"auto_unverified"}},{"type":"Feature","geometry":{"type":"Point","coordinates":[69.2424,41.2884]},"properties":{"id":"SEED003176","name":"","category":"pharmacy","source":"OSM","confidence":"C","status":"auto_unverified"}},{"type":"Feature","geometry":{"type":"Point","coordinates":[69.2031,41.2877]},"properties":{"id":"SEED003177","name":"","category":"pharmacy","source":"OSM","confidence":"C","status":"auto_unverified"}},{"type":"Feature","geometry":{"type":"Point","coordinates":[69.2072,41.3936]},"properties":{"id":"SEED003178","name":"","category":"pharmacy","source":"OSM","confidence":"C","status":"auto_unverified"}},{"type":"Feature","geometry":{"type":"Point","coordinates":[69.2034,41.4007]},"properties":{"id":"SEED003179","name":"","category":"pharmacy","source":"OSM","confidence":"C","status":"auto_unverified"}},{"type":"Feature","geometry":{"type":"Point","coordinates":[69.2028,41.4024]},"properties":{"id":"SEED003180","name":"","category":"pharmacy","source":"OSM","confidence":"C","status":"auto_unverified"}},{"type":"Feature","geometry":{"type":"Point","coordinates":[69.2027,41.4025]},"properties":{"id":"SEED003181","name":"","category":"pharmacy","source":"OSM","confidence":"C","status":"auto_unverified"}},{"type":"Feature","geometry":{"type":"Point","coordinates":[69.2036,41.4]},"properties":{"id":"SEED003182","name":"","category":"pharmacy","source":"OSM","confidence":"C","status":"auto_unverified"}},{"type":"Feature","geometry":{"type":"Point","coordinates":[69.1998,41.4174]},"properties":{"id":"SEED003183","name":"","category":"pharmacy","source":"OSM","confidence":"C","status":"auto_unverified"}},{"type":"Feature","geometry":{"type":"Point","coordinates":[69.1998,41.4182]},"properties":{"id":"SEED003184","name":"","category":"pharmacy","source":"OSM","confidence":"C","status":"auto_unverified"}},{"type":"Feature","geometry":{"type":"Point","coordinates":[69.2008,41.4145]},"properties":{"id":"SEED003185","name":"","category":"pharmacy","source":"OSM","confidence":"C","status":"auto_unverified"}},{"type":"Feature","geometry":{"type":"Point","coordinates":[69.1899,41.2981]},"properties":{"id":"SEED003186","name":"","category":"pharmacy","source":"OSM","confidence":"C","status":"auto_unverified"}},{"type":"Feature","geometry":{"type":"Point","coordinates":[69.1931,41.298]},"properties":{"id":"SEED003187","name":"","category":"pharmacy","source":"OSM","confidence":"C","status":"auto_unverified"}},{"type":"Feature","geometry":{"type":"Point","coordinates":[69.1937,41.2983]},"properties":{"id":"SEED003188","name":"","category":"pharmacy","source":"OSM","confidence":"C","status":"auto_unverified"}},{"type":"Feature","geometry":{"type":"Point","coordinates":[69.1937,41.2985]},"properties":{"id":"SEED003189","name":"","category":"pharmacy","source":"OSM","confidence":"C","status":"auto_unverified"}},{"type":"Feature","geometry":{"type":"Point","coordinates":[69.4312,41.3549]},"properties":{"id":"SEED003190","name":"","category":"pharmacy","source":"OSM","confidence":"C","status":"auto_unverified"}},{"type":"Feature","geometry":{"type":"Point","coordinates":[69.3254,41.2483]},"properties":{"id":"SEED003191","name":"","category":"pharmacy","source":"OSM","confidence":"C","status":"auto_unverified"}},{"type":"Feature","geometry":{"type":"Point","coordinates":[69.2876,41.3651]},"properties":{"id":"SEED003192","name":"","category":"pharmacy","source":"OSM","confidence":"C","status":"auto_unverified"}},{"type":"Feature","geometry":{"type":"Point","coordinates":[69.3273,41.3108]},"properties":{"id":"SEED003193","name":"","category":"pharmacy","source":"OSM","confidence":"C","status":"auto_unverified"}},{"type":"Feature","geometry":{"type":"Point","coordinates":[69.3246,41.3512]},"properties":{"id":"SEED003194","name":"","category":"pharmacy","source":"OSM","confidence":"C","status":"auto_unverified"}},{"type":"Feature","geometry":{"type":"Point","coordinates":[69.2152,41.3595]},"properties":{"id":"SEED003195","name":"","category":"pharmacy","source":"OSM","confidence":"C","status":"auto_unverified"}},{"type":"Feature","geometry":{"type":"Point","coordinates":[69.2395,41.321]},"properties":{"id":"SEED003196","name":"","category":"pharmacy","source":"OSM","confidence":"C","status":"auto_unverified"}},{"type":"Feature","geometry":{"type":"Point","coordinates":[69.2755,41.3634]},"properties":{"id":"SEED003197","name":"","category":"pharmacy","source":"OSM","confidence":"C","status":"auto_unverified"}},{"type":"Feature","geometry":{"type":"Point","coordinates":[69.216,41.2864]},"properties":{"id":"SEED003198","name":"","category":"pharmacy","source":"OSM","confidence":"C","status":"auto_unverified"}},{"type":"Feature","geometry":{"type":"Point","coordinates":[69.1996,41.3398]},"properties":{"id":"SEED003199","name":"","category":"pharmacy","source":"OSM","confidence":"C","status":"auto_unverified"}},{"type":"Feature","geometry":{"type":"Point","coordinates":[69.2361,41.3203]},"properties":{"id":"SEED003200","name":"","category":"pharmacy","source":"OSM","confidence":"C","status":"auto_unverified"}},{"type":"Feature","geometry":{"type":"Point","coordinates":[69.1958,41.3289]},"properties":{"id":"SEED003201","name":"","category":"pharmacy","source":"OSM","confidence":"C","status":"auto_unverified"}},{"type":"Feature","geometry":{"type":"Point","coordinates":[69.3167,41.2883]},"properties":{"id":"SEED003202","name":"","category":"pharmacy","source":"OSM","confidence":"C","status":"auto_unverified"}},{"type":"Feature","geometry":{"type":"Point","coordinates":[69.2844,41.3024]},"properties":{"id":"SEED003203","name":"","category":"pharmacy","source":"OSM","confidence":"C","status":"auto_unverified"}},{"type":"Feature","geometry":{"type":"Point","coordinates":[69.2316,41.3163]},"properties":{"id":"SEED003204","name":"","category":"pharmacy","source":"OSM","confidence":"C","status":"auto_unverified"}},{"type":"Feature","geometry":{"type":"Point","coordinates":[69.1919,41.2978]},"properties":{"id":"SEED003205","name":"","category":"pharmacy","source":"OSM","confidence":"C","status":"auto_unverified"}},{"type":"Feature","geometry":{"type":"Point","coordinates":[69.1904,41.2984]},"properties":{"id":"SEED003206","name":"","category":"pharmacy","source":"OSM","confidence":"C","status":"auto_unverified"}}]}