object_id,canonical_name,main_category,subcategory,district,address,phone,website,rating,reviews,canonical_lat,canonical_lng,google_lat,google_lng,yandex_lat,yandex_lng,dgis_lat,dgis_lng,osm_lat,osm_lng,google_place_id,yandex_object_id,dgis_object_id,osm_id,primary_source,source_url,source_count,coordinate_accuracy,data_confidence,operating_status,verification_status,geometry_type,admin_comment,data_collected_at
SEED000001,Saray,business_center,,Shaykhantakhur,"улица Фараби, 463, Tashkent",,,4.9,2,41.348931,69.17909,,,,,41.348931,69.17909,,,,,70000001040070114,,2GIS,https://2gis.uz/tashkent/firm/70000001040070114,1,single,C,,auto_unverified,point,"class= rent=","2026-07-19 00:15:46"
SEED000002,"Seoul Plaza",business_center,,Mirabad,"Шахрисабзская улица, 5а, Tashkent",,,4.7,5,41.305414,69.283343,,,,,41.305414,69.283343,,,,,70000001059344569,,2GIS,https://2gis.uz/tashkent/firm/70000001059344569,1,single,C,,auto_unverified,point,"class= rent=","2026-07-19 00:15:46"
SEED000003,IBC,business_center,,Yunusabad,"проспект Амира Темура, 107Б, Tashkent",,,5,2,41.336322,69.282408,,,,,41.336322,69.282408,,,,,70000001113282037,,2GIS,https://2gis.uz/tashkent/firm/70000001113282037,1,single,C,,auto_unverified,point,"class= rent=","2026-07-19 00:15:46"
SEED000004,Orient,business_center,,Yunusabad,"Алайский базар тупик, 64, Tashkent",,,4.5,4,41.320618,69.283505,,,,,41.320618,69.283505,,,,,70000001050242711,,2GIS,https://2gis.uz/tashkent/firm/70000001050242711,1,single,C,,auto_unverified,point,"class= rent= GoldenPages: gp","2026-07-19 00:15:46"
SEED000005,"Modera Towers",business_center,,Yakkasaray,"улица Шота Руставели, 19, Tashkent",,,2.3,1,41.292783,69.263615,,,,,41.292783,69.263615,,,,,70000001109884539,,2GIS,https://2gis.uz/tashkent/firm/70000001109884539,1,single,C,,auto_unverified,point,"class= rent=","2026-07-19 00:15:46"
SEED000006,Diamond,business_center,,Yunusabad,"улица Абдуллы Кадыри, 39, Tashkent",,,4.9,1,41.321516,69.286544,,,,,41.321516,69.286544,,,,,70000001101908068,,2GIS,https://2gis.uz/tashkent/firm/70000001101908068,1,single,C,,auto_unverified,point,"class= rent=","2026-07-19 00:15:46"
SEED000007,"Yunusabad Gallery",business_center,,Yunusabad,"Юнусабад 4-й квартал, 84, Tashkent",,,4.9,9,41.370403,69.275931,,,,,41.370403,69.275931,,,,,70000001101376084,,2GIS,https://2gis.uz/tashkent/firm/70000001101376084,1,single,C,,auto_unverified,point,"class= rent= GoldenPages: gp","2026-07-19 00:15:46"
SEED000008,Kayan,business_center,,Yashnabad,"Махтумкули, 1, Tashkent",,,5,3,41.304509,69.306941,,,,,41.304509,69.306941,,,,,70000001102796138,,2GIS,https://2gis.uz/tashkent/firm/70000001102796138,1,single,C,,auto_unverified,point,"class= rent= GoldenPages: gp","2026-07-19 00:15:46"
SEED000009,"Trilliant by Covex",business_center,,Mirzo-Ulugbek,"Шахрисабзская улица, 2, Tashkent",,,,,41.315878,69.28243,,,,,41.315878,69.28243,,,,,70000001105745404,,2GIS,https://2gis.uz/tashkent/firm/70000001105745404,1,single,C,,auto_unverified,point,"class= rent= GoldenPages: gp","2026-07-19 00:15:46"
SEED000010,Central,business_center,,Yunusabad,"Осиё улица, 86а, Tashkent",,,4.8,3,41.328458,69.279907,,,,,41.328458,69.279907,,,,,70000001090600507,,2GIS,https://2gis.uz/tashkent/firm/70000001090600507,1,single,C,,auto_unverified,point,"class= rent=","2026-07-19 00:15:46"
SEED000011,"Forum Business Center",business_center,,Yunusabad,"проспект Шарафа Рашидова, 16, Tashkent",,,,,41.317716,69.272246,,,,,41.317716,69.272246,,,,,70000001111522859,,2GIS,https://2gis.uz/tashkent/firm/70000001111522859,1,single,C,,auto_unverified,point,"class= rent=","2026-07-19 00:15:46"
SEED000012,"Vega business center",business_center,,Yakkasaray,"улица Шота Руставели, 150, Tashkent",,,4.8,14,41.260011,69.223724,,,,,41.260011,69.223724,,,,,70000001038927257,,2GIS,https://2gis.uz/tashkent/firm/70000001038927257,1,single,C,,auto_unverified,point,"class= rent=","2026-07-19 00:15:46"
SEED000013,"UzOman Square",business_center,,Yunusabad,"проспект Амира Темура, 88а, Tashkent",,,4.7,2,41.333788,69.284913,,,,,41.333788,69.284913,,,,,70000001037888448,,2GIS,https://2gis.uz/tashkent/firm/70000001037888448,1,single,C,,auto_unverified,point,"class= rent= GoldenPages: Real Estate Investment LLC","2026-07-19 00:15:46"
SEED000014,Dmaar,business_center,,Mirabad,"улица Афрасиаб, 8а, Tashkent",,,4,5,41.299137,69.271408,,,,,41.299137,69.271408,,,,,70000001052962346,,2GIS,https://2gis.uz/tashkent/firm/70000001052962346,1,single,C,,auto_unverified,point,"class= rent= GoldenPages: Afrosiyob Business Centre LLC","2026-07-19 00:15:46"
SEED000015,"Nest one by Covex",business_center,,Shaykhantakhur,"улица Батыра Закирова, 1/2, Tashkent",,,4.8,12,41.312064,69.25143,,,,,41.312064,69.25143,,,,,70000001039769060,,2GIS,https://2gis.uz/tashkent/firm/70000001039769060,1,single,C,,auto_unverified,point,"class= rent=","2026-07-19 00:15:46"
SEED000016,"Falcom by Covex",business_center,,Mirabad,"Фидокор, 30, Tashkent",,,5,3,41.295714,69.274919,,,,,41.295714,69.274919,,,,,70000001096927011,,2GIS,https://2gis.uz/tashkent/firm/70000001096927011,1,single,C,,auto_unverified,point,"class= rent=","2026-07-19 00:15:46"
SEED000017,Inkonel,business_center,,Mirzo-Ulugbek,"проспект Мустакиллик, 75, Tashkent",,,4.7,6,41.32098,69.300061,,,,,41.32098,69.300061,,,,,70000001038667807,,2GIS,https://2gis.uz/tashkent/firm/70000001038667807,1,single,C,,auto_unverified,point,"class= rent=","2026-07-19 00:15:46"
SEED000018,"New Era",business_center,,Yakkasaray,"улица Шота Руставели, 44а, Tashkent",,,5,1,41.287444,69.25519,,,,,41.287444,69.25519,,,,,70000001109697524,,2GIS,https://2gis.uz/tashkent/firm/70000001109697524,1,single,C,,auto_unverified,point,"class= rent= GoldenPages: gp","2026-07-19 00:15:46"
SEED000019,Dukat,business_center,,Mirabad,"улица Афрасиаб, 12Б, Tashkent",,,,,41.300027,69.271239,,,,,41.300027,69.271239,,,,,70000001036910315,,2GIS,https://2gis.uz/tashkent/firm/70000001036910315,1,single,C,,auto_unverified,point,"class= rent= GoldenPages: gp","2026-07-19 00:15:46"
SEED000020,"Gross Plaza",business_center,,Mirabad,"улица Тараса Шевченко, 21а, Tashkent",,,4.8,15,41.297227,69.281701,,,,,41.297227,69.281701,,,,,70000001036548326,,2GIS,https://2gis.uz/tashkent/firm/70000001036548326,1,single,C,,auto_unverified,point,"class= rent= GoldenPages: Zomin Estate Management LLC","2026-07-19 00:15:46"
SEED000021,Platform,business_center,,Mirabad,"улица Туркистон, 12а, Tashkent",,,5,4,41.291786,69.284125,,,,,41.291786,69.284125,,,,,70000001065103459,,2GIS,https://2gis.uz/tashkent/firm/70000001065103459,1,single,C,,auto_unverified,point,"class= rent= GoldenPages: gp","2026-07-19 00:15:46"
SEED000022,"New level",business_center,,Mirabad,"улица Тараса Шевченко, 23, Tashkent",,,5,2,41.296125,69.282485,,,,,41.296125,69.282485,,,,,70000001036723009,,2GIS,https://2gis.uz/tashkent/firm/70000001036723009,1,single,C,,auto_unverified,point,"class= rent= GoldenPages: Sion Group LLC","2026-07-19 00:15:46"
SEED000023,Neus,business_center,,Chilanzar,"Чиланзар 2-й квартал, 76, Tashkent",,,5,1,41.27527,69.223869,,,,,41.27527,69.223869,,,,,70000001060352410,,2GIS,https://2gis.uz/tashkent/firm/70000001060352410,1,single,C,,auto_unverified,point,"class= rent= GoldenPages: Hope Power LLC","2026-07-19 00:15:46"
SEED000024,"Avalon Group",business_center,,Mirabad,"улица Айбека, 38а, Tashkent",,,4.9,1,41.291441,69.280374,,,,,41.291441,69.280374,,,,,70000001036816049,,2GIS,https://2gis.uz/tashkent/firm/70000001036816049,1,single,C,,auto_unverified,point,"class= rent= GoldenPages: Renaissance Investment LLC","2026-07-19 00:15:46"
SEED000025,"UzOman tower",business_center,,Yunusabad,"проспект Амира Темура, 95а, Tashkent",,,4.8,3,41.332781,69.283758,,,,,41.332781,69.283758,,,,,70000001036721802,,2GIS,https://2gis.uz/tashkent/firm/70000001036721802,1,single,C,,auto_unverified,point,"class= rent=","2026-07-19 00:15:46"
SEED000026,"Order plaza",business_center,,Yunusabad,"проспект Шарафа Рашидова, 69, Tashkent",,,,,41.334049,69.278174,,,,,41.334049,69.278174,,,,,70000001098819876,,2GIS,https://2gis.uz/tashkent/firm/70000001098819876,1,single,C,,auto_unverified,point,"class= rent= GoldenPages: gp","2026-07-19 00:15:46"
SEED000027,"Solid Premium by Covex",business_center,,Yakkasaray,"Тафаккур, 68а, Tashkent",,,,,41.29224,69.257182,,,,,41.29224,69.257182,,,,,70000001102976569,,2GIS,https://2gis.uz/tashkent/firm/70000001102976569,1,single,C,,auto_unverified,point,"class= rent=","2026-07-19 00:15:46"
SEED000028,Ideal,business_center,,Yakkasaray,"Нукусская улица, 46, Tashkent",,,5,1,41.281789,69.258145,,,,,41.281789,69.258145,,,,,70000001037098273,,2GIS,https://2gis.uz/tashkent/firm/70000001037098273,1,single,C,,auto_unverified,point,"class= rent=","2026-07-19 00:15:46"
SEED000029,Grand,business_center,,Yakkasaray,"улица Шота Руставели, 12а, Tashkent",,,4.7,8,41.294212,69.264983,,,,,41.294212,69.264983,,,,,70000001036752033,,2GIS,https://2gis.uz/tashkent/firm/70000001036752033,1,single,C,,auto_unverified,point,"class= rent= GoldenPages: Grand Inter Building LLC","2026-07-19 00:15:46"
SEED000030,Oasis,business_center,,Mirzo-Ulugbek,"Салар буйи, 35а, Tashkent",,,4.9,3,41.326646,69.313353,,,,,41.326646,69.313353,,,,,70000001036789027,,2GIS,https://2gis.uz/tashkent/firm/70000001036789027,1,single,C,,auto_unverified,point,"class= rent= GoldenPages: Sirex Trade LLC","2026-07-19 00:15:46"
SEED000031,Sigma,business_center,,Mirabad,"Нукусская улица, 73а, Tashkent",,,5,2,41.289061,69.275141,,,,,41.289061,69.275141,,,,,70000001036788551,,2GIS,https://2gis.uz/tashkent/firm/70000001036788551,1,single,C,,auto_unverified,point,"class= rent= GoldenPages: Sigma Business Class LLC","2026-07-19 00:15:46"
SEED000032,Alpha,business_center,,Shaykhantakhur,"улица Зульфияхоним, 12 БЦ, Tashkent",,,4.8,5,41.331551,69.269032,,,,,41.331551,69.269032,,,,,70000001047010777,,2GIS,https://2gis.uz/tashkent/firm/70000001047010777,1,single,C,,auto_unverified,point,"class= rent= GoldenPages: gp","2026-07-19 00:15:46"
SEED000033,Darhan,business_center,,Mirzo-Ulugbek,"проспект Мустакиллик, 88а, Tashkent",,,4.7,10,41.31989,69.30058,,,,,41.31989,69.30058,,,,,70000001036500955,,2GIS,https://2gis.uz/tashkent/firm/70000001036500955,1,single,C,,auto_unverified,point,"class= rent= GoldenPages: UPM Service","2026-07-19 00:15:46"
SEED000034,Galleon,business_center,,Mirzo-Ulugbek,Tashkent,,,5,1,41.318146,69.298991,,,,,41.318146,69.298991,,,,,70000001082610473,,2GIS,https://2gis.uz/tashkent/firm/70000001082610473,1,single,C,,auto_unverified,point,"class= rent=","2026-07-19 00:15:46"
SEED000035,"Soho Ivliva",business_center,,Yakkasaray,"Кичик Миробод, 6, Tashkent",,,,,41.29178,69.263273,,,,,41.29178,69.263273,,,,,70000001104089319,,2GIS,https://2gis.uz/tashkent/firm/70000001104089319,1,single,C,,auto_unverified,point,"class= rent=","2026-07-19 00:15:46"
SEED000036,"Ventum plaza",business_center,,Yakkasaray,"Абдуллы Каххара, 56а, Tashkent",,,,,41.27492,69.26346,,,,,41.27492,69.26346,,,,,70000001069053322,,2GIS,https://2gis.uz/tashkent/firm/70000001069053322,1,single,C,,auto_unverified,point,"class= rent= GoldenPages: gp","2026-07-19 00:15:46"
SEED000037,Sahara,business_center,,Yunusabad,"Малая кольцевая дорога, 18а/1, Tashkent",,,,,41.33273,69.287056,,,,,41.33273,69.287056,,,,,70000001063987394,,2GIS,https://2gis.uz/tashkent/firm/70000001063987394,1,single,C,,auto_unverified,point,"class= rent= GoldenPages: Sahara Business LLC","2026-07-19 00:15:46"
SEED000038,Arash,business_center,,Mirabad,"Саида Барака, 34, Tashkent",,,4.9,6,41.301706,69.288536,,,,,41.301706,69.288536,,,,,70000001036531446,,2GIS,https://2gis.uz/tashkent/firm/70000001036531446,1,single,C,,auto_unverified,point,"class= rent= GoldenPages: Great Blessing LLC","2026-07-19 00:15:46"
SEED000039,Inko,business_center,,Mirabad,"Фидокор, 32 бизнес-центр, Tashkent",,,5,2,41.295436,69.274357,,,,,41.295436,69.274357,,,,,70000001037129768,,2GIS,https://2gis.uz/tashkent/firm/70000001037129768,1,single,C,,auto_unverified,point,"class= rent=","2026-07-19 00:15:46"
SEED000040,Missuri,business_center,,Mirzo-Ulugbek,"проспект Мустакиллик, 59а, Tashkent",,,5,1,41.319231,69.295528,,,,,41.319231,69.295528,,,,,70000001054328808,,2GIS,https://2gis.uz/tashkent/firm/70000001054328808,1,single,C,,auto_unverified,point,"class= rent=","2026-07-19 00:15:46"
SEED000041,"Grand Trade",business_center,,Mirabad,"улица Афрасиаб, 4а, Tashkent",,,,,41.302123,69.268981,,,,,41.302123,69.268981,,,,,70000001059298880,,2GIS,https://2gis.uz/tashkent/firm/70000001059298880,1,single,C,,auto_unverified,point,"class= rent=","2026-07-19 00:15:46"
SEED000042,"Nova Plaza",business_center,,Yunusabad,"улица Абдуллы Кадыри, 1/а, Tashkent",,,,,41.322027,69.283924,,,,,41.322027,69.283924,,,,,70000001093523390,,2GIS,https://2gis.uz/tashkent/firm/70000001093523390,1,single,C,,auto_unverified,point,"class= rent= GoldenPages: gp","2026-07-19 00:15:46"
SEED000043,Afrosiab,business_center,,Mirabad,"улица Афрасиаб, 14, Tashkent",,,,,41.299497,69.271803,,,,,41.299497,69.271803,,,,,70000001093365977,,2GIS,https://2gis.uz/tashkent/firm/70000001093365977,1,single,C,,auto_unverified,point,"class= rent=","2026-07-19 00:15:46"
SEED000044,"Korea Uzbekistan Business Association",business_center,,Yunusabad,"проспект Амира Темура, 72а, Tashkent",,,,,41.330427,69.284676,,,,,41.330427,69.284676,,,,,70000001099379984,,2GIS,https://2gis.uz/tashkent/firm/70000001099379984,1,single,C,,auto_unverified,point,"class= rent=","2026-07-19 00:15:46"
SEED000045,Panoramic,business_center,,Mirabad,"улица Афрасиаб, 6/1, Tashkent",,,5,4,41.30051,69.270003,,,,,41.30051,69.270003,,,,,70000001050369201,,2GIS,https://2gis.uz/tashkent/firm/70000001050369201,1,single,C,,auto_unverified,point,"class= rent= GoldenPages: gp","2026-07-19 00:15:46"
SEED000046,"Infinity Business Сenter by Covex",business_center,,Yashnabad,"Садыка Азимова 5-й проезд, 2 стр, Tashkent",,,,,41.301954,69.292065,,,,,41.301954,69.292065,,,,,70000001112345227,,2GIS,https://2gis.uz/tashkent/firm/70000001112345227,1,single,C,,auto_unverified,point,"class= rent=","2026-07-19 00:15:46"
SEED000047,"Sapphire Business Center",business_center,,Mirabad,"Авлиё Ота, 50 стр, Tashkent",,,,,41.289189,69.281361,,,,,41.289189,69.281361,,,,,70000001104002509,,2GIS,https://2gis.uz/tashkent/firm/70000001104002509,1,single,C,,auto_unverified,point,"class= rent= GoldenPages: Construction Technology LLC","2026-07-19 00:15:46"
SEED000048,Summit,business_center,,Shaykhantakhur,Tashkent,,,,,41.317367,69.253115,,,,,41.317367,69.253115,,,,,70000001115054568,,2GIS,https://2gis.uz/tashkent/firm/70000001115054568,1,single,C,,auto_unverified,point,"class= rent=","2026-07-19 00:15:46"
SEED000049,"New world",business_center,,Mirabad,"улица Айбека, 22, Tashkent",,,4.6,2,41.296006,69.27553,,,,,41.296006,69.27553,,,,,70000001037129785,,2GIS,https://2gis.uz/tashkent/firm/70000001037129785,1,single,C,,auto_unverified,point,"class= rent= GoldenPages: gp","2026-07-19 00:15:46"
SEED000050,Asrtec,business_center,,Mirabad,"улица Афрасиаб, 4Б, Tashkent",,,,,41.301795,69.269325,,,,,41.301795,69.269325,,,,,70000001040507777,,2GIS,https://2gis.uz/tashkent/firm/70000001040507777,1,single,C,,auto_unverified,point,"class= rent= GoldenPages: Afrosiyob Business Centre LLC","2026-07-19 00:15:46"
SEED000051,Авто,business_center,,Sergeli,"улица Янги Сергели, 56, Tashkent",,,5,1,41.251349,69.217833,,,,,41.251349,69.217833,,,,,70000001040199586,,2GIS,https://2gis.uz/tashkent/firm/70000001040199586,1,single,C,,auto_unverified,point,"class= rent=","2026-07-19 00:15:46"
SEED000052,Chilonzor,business_center,,Chilanzar,"Чиланзар 1-й квартал, 6, Tashkent",,,,,41.286805,69.228145,,,,,41.286805,69.228145,,,,,70000001062690655,,2GIS,https://2gis.uz/tashkent/firm/70000001062690655,1,single,C,,auto_unverified,point,"class= rent=","2026-07-19 00:15:46"
SEED000053,Mercury,business_center,,Yakkasaray,"Нукусская улица, 2Б, Tashkent",,,,,41.280712,69.256754,,,,,41.280712,69.256754,,,,,70000001043269008,,2GIS,https://2gis.uz/tashkent/firm/70000001043269008,1,single,C,,auto_unverified,point,"class= rent= GoldenPages: Renaissance Investment LLC","2026-07-19 00:15:46"
SEED000054,Muhtasham,business_center,,Yakkasaray,Tashkent,,,,,41.263821,69.220907,,,,,41.263821,69.220907,,,,,70000001105138468,,2GIS,https://2gis.uz/tashkent/firm/70000001105138468,1,single,C,,auto_unverified,point,"class= rent=","2026-07-19 00:15:46"
SEED000055,"Aloqa klimkontrol",business_center,,Yakkasaray,"улица Бабура, 77, Tashkent",,,4.3,1,41.271444,69.260492,,,,,41.271444,69.260492,,,,,70000001069051805,,2GIS,https://2gis.uz/tashkent/firm/70000001069051805,1,single,C,,auto_unverified,point,"class= rent=","2026-07-19 00:15:46"
SEED000056,"City line",business_center,,Yakkasaray,"Абдуллы Каххара 9-й проезд, 1а, Tashkent",,,4.9,2,41.271317,69.261823,,,,,41.271317,69.261823,,,,,70000001037359976,,2GIS,https://2gis.uz/tashkent/firm/70000001037359976,1,single,C,,auto_unverified,point,"class= rent= GoldenPages: gp","2026-07-19 00:15:46"
SEED000057,Status,business_center,,Yakkasaray,"Абдуллы Каххара 7-й проезд, 2, Tashkent",,,,,41.280062,69.268491,,,,,41.280062,69.268491,,,,,70000001101129170,,2GIS,https://2gis.uz/tashkent/firm/70000001101129170,1,single,C,,auto_unverified,point,"class= rent=","2026-07-19 00:15:46"
SEED000058,"Korea Uzbekistan Business Centre",business_center,,Chilanzar,Tashkent,,,4.7,2,41.300384,69.247262,,,,,41.300384,69.247262,,,,,70000001098698555,,2GIS,https://2gis.uz/tashkent/firm/70000001098698555,1,single,C,,auto_unverified,point,"class= rent=","2026-07-19 00:15:46"
SEED000059,Luxor,business_center,,Yakkasaray,"Абдуллы Каххара, 87, Tashkent",,,4.8,4,41.271072,69.264478,,,,,41.271072,69.264478,,,,,70000001062443590,,2GIS,https://2gis.uz/tashkent/firm/70000001062443590,1,single,C,,auto_unverified,point,"class= rent= GoldenPages: Elite House Developer LLC","2026-07-19 00:15:46"
SEED000060,Silver,business_center,,Mirabad,"Нукусская улица, 86/3, Tashkent",,,,,41.289227,69.272547,,,,,41.289227,69.272547,,,,,70000001036899774,,2GIS,https://2gis.uz/tashkent/firm/70000001036899774,1,single,C,,auto_unverified,point,"class= rent= GoldenPages: gp","2026-07-19 00:15:46"
SEED000061,"Nero Plaza",business_center,,Yakkasaray,"улица Шота Руставели, 12, Tashkent",,,3.3,1,41.294343,69.265435,,,,,41.294343,69.265435,,,,,70000001055819927,,2GIS,https://2gis.uz/tashkent/firm/70000001055819927,1,single,C,,auto_unverified,point,"class= rent= GoldenPages: gp","2026-07-19 00:15:46"
SEED000062,"Texnika loyiha",business_center,,Chilanzar,"Катартал, 25/1, Tashkent",,,,,41.294932,69.215525,,,,,41.294932,69.215525,,,,,70000001101107406,,2GIS,https://2gis.uz/tashkent/firm/70000001101107406,1,single,C,,auto_unverified,point,"class= rent=","2026-07-19 00:15:46"
SEED000063,"UzBoom by Covex",business_center,,Yashnabad,"Ферганское шоссе, 23, Tashkent",,,,,41.286507,69.314959,,,,,41.286507,69.314959,,,,,70000001103499842,,2GIS,https://2gis.uz/tashkent/firm/70000001103499842,1,single,C,,auto_unverified,point,"class= rent=","2026-07-19 00:15:46"
SEED000064,"Mervan center",business_center,,Sergeli,"улица Янги Сергели, 7/22, Tashkent",,,,,41.237978,69.213283,,,,,41.237978,69.213283,,,,,70000001104520460,,2GIS,https://2gis.uz/tashkent/firm/70000001104520460,1,single,C,,auto_unverified,point,"class= rent=","2026-07-19 00:15:46"
SEED000065,Concord,business_center,,Mirzo-Ulugbek,"Катта Дархон, 25, Tashkent",,,,,41.33214,69.31183,,,,,41.33214,69.31183,,,,,70000001111403279,,2GIS,https://2gis.uz/tashkent/firm/70000001111403279,1,single,C,,auto_unverified,point,"class= rent=","2026-07-19 00:15:46"
SEED000066,TUT,business_center,,Mirzo-Ulugbek,"Дархан 1-й проезд, 7, Tashkent",,,5,5,41.318493,69.299264,,,,,41.318493,69.299264,,,,,70000001076296449,,2GIS,https://2gis.uz/tashkent/firm/70000001076296449,1,single,C,,auto_unverified,point,"class= rent=","2026-07-19 00:15:46"
SEED000067,"Nova Minor",business_center,,Yunusabad,"Минор жилмассив, 98/1, Tashkent",,,,,41.333026,69.27838,,,,,41.333026,69.27838,,,,,70000001109696127,,2GIS,https://2gis.uz/tashkent/firm/70000001109696127,1,single,C,,auto_unverified,point,"class= rent=","2026-07-19 00:15:46"
SEED000068,"Trilliant by Covex",business_center,,Mirzo-Ulugbek,"Шахрисабзская улица, 2/1, Tashkent",,,,,41.315899,69.282055,,,,,41.315899,69.282055,,,,,70000001105745384,,2GIS,https://2gis.uz/tashkent/firm/70000001105745384,1,single,C,,auto_unverified,point,"class= rent=","2026-07-19 00:15:46"
SEED000069,"Zras by Arash",business_center,,Yunusabad,"Янги Олмазор, 15, Tashkent",,,,,41.329106,69.279252,,,,,41.329106,69.279252,,,,,70000001089576601,,2GIS,https://2gis.uz/tashkent/firm/70000001089576601,1,single,C,,auto_unverified,point,"class= rent=","2026-07-19 00:15:46"
SEED000070,Safron,business_center,,Mirzo-Ulugbek,Tashkent,,,,,41.333238,69.302788,,,,,41.333238,69.302788,,,,,70000001103626992,,2GIS,https://2gis.uz/tashkent/firm/70000001103626992,1,single,C,,auto_unverified,point,"class= rent=","2026-07-19 00:15:46"
SEED000071,IFTGroup,business_center,,Mirzo-Ulugbek,"Сайрам 5-й проезд, 92, Tashkent",,,,,41.326325,69.319994,,,,,41.326325,69.319994,,,,,70000001069065203,,2GIS,https://2gis.uz/tashkent/firm/70000001069065203,1,single,C,,auto_unverified,point,"class= rent=","2026-07-19 00:15:46"
SEED000072,"Infinity, компания консалтинга в сфере недвижимости",business_center,,Yashnabad,"Садыка Азимова 5-й проезд, 2 стр, Tashkent",,,,,41.301961,69.292491,,,,,41.301961,69.292491,,,,,70000001113330006,,2GIS,https://2gis.uz/tashkent/firm/70000001113330006,1,single,C,,auto_unverified,point,"class= rent=","2026-07-19 00:15:46"
SEED000073,"East Line",business_center,,Mirabad,"улица Айбека, 36, Tashkent",,,,,41.292012,69.279772,,,,,41.292012,69.279772,,,,,70000001036859253,,2GIS,https://2gis.uz/tashkent/firm/70000001036859253,1,single,C,,auto_unverified,point,"class= rent=","2026-07-19 00:15:46"
SEED000074,Econor,business_center,,Mirabad,"улица Афрасиаб, 12а, Tashkent",,,,,41.299703,69.271627,,,,,41.299703,69.271627,,,,,70000001040420389,,2GIS,https://2gis.uz/tashkent/firm/70000001040420389,1,single,C,,auto_unverified,point,"class= rent=","2026-07-19 00:15:46"
SEED000075,"Onix by Covex",business_center,,Mirabad,"Сарыкульская улица, 34/2, Tashkent",,,,,41.27473,69.291297,,,,,41.27473,69.291297,,,,,70000001112913248,,2GIS,https://2gis.uz/tashkent/firm/70000001112913248,1,single,C,,auto_unverified,point,"class= rent=","2026-07-19 00:15:46"
SEED000076,Moon,business_center,,Mirabad,"улица Айбека, 38Б, Tashkent",,,,,41.291682,69.280147,,,,,41.291682,69.280147,,,,,70000001036859277,,2GIS,https://2gis.uz/tashkent/firm/70000001036859277,1,single,C,,auto_unverified,point,"class= rent= GoldenPages: gp","2026-07-19 00:15:46"
SEED000077,Atrium,business_center,,Mirabad,"улица Айбека, 18/1, Tashkent",,,5,2,41.296325,69.27491,,,,,41.296325,69.27491,,,,,70000001038747273,,2GIS,https://2gis.uz/tashkent/firm/70000001038747273,1,single,C,,auto_unverified,point,"class= rent= GoldenPages: Atrium Grand LLC","2026-07-19 00:15:46"
SEED000078,Limaa,business_center,,Yakkasaray,Tashkent,,,,,41.271101,69.265102,,,,,41.271101,69.265102,,,,,70000001114284359,,2GIS,https://2gis.uz/tashkent/firm/70000001114284359,1,single,C,,auto_unverified,point,"class= rent=","2026-07-19 00:15:46"
SEED000079,"Infinity, компания консалтинга в сфере недвижимости",business_center,,Yakkasaray,"Абдуллы Каххара, 56а, Tashkent",,,,,41.274806,69.263634,,,,,41.274806,69.263634,,,,,70000001113129003,,2GIS,https://2gis.uz/tashkent/firm/70000001113129003,1,single,C,,auto_unverified,point,"class= rent=","2026-07-19 00:15:46"
SEED000080,Rieter,business_center,,Yakkasaray,"улица Шота Руставели, 53в, Tashkent",,,,,41.283527,69.25202,,,,,41.283527,69.25202,,,,,70000001036917038,,2GIS,https://2gis.uz/tashkent/firm/70000001036917038,1,single,C,,auto_unverified,point,"class= rent=","2026-07-19 00:15:46"
SEED000081,Bobur,business_center,,Yakkasaray,"улица Бабура, 34а/1, Tashkent",,,,,41.288214,69.251888,,,,,41.288214,69.251888,,,,,70000001039043195,,2GIS,https://2gis.uz/tashkent/firm/70000001039043195,1,single,C,,auto_unverified,point,"class= rent= GoldenPages: gp","2026-07-19 00:15:46"
SEED000082,Bastion,business_center,,Mirzo-Ulugbek,"Мирзо Улугбека проспект, 56Б, Tashkent",,,3,2,41.342265,69.343823,,,,,41.342265,69.343823,,,,,70000001043561534,,2GIS,https://2gis.uz/tashkent/firm/70000001043561534,1,single,C,,auto_unverified,point,"class= rent= GoldenPages: gp","2026-07-19 00:15:46"
SEED000083,Parkent,business_center,,Mirzo-Ulugbek,"Тортарык, 7, Tashkent",,,3.3,4,41.31506,69.329346,,,,,41.31506,69.329346,,,,,70000001066867001,,2GIS,https://2gis.uz/tashkent/firm/70000001066867001,1,single,C,,auto_unverified,point,"class= rent= GoldenPages: gp","2026-07-19 00:15:46"
SEED000084,T-Tower,business_center,,Yashnabad,"Султанали Машхади, 79, Tashkent",,,4.9,1,41.312061,69.317432,,,,,41.312061,69.317432,,,,,70000001040189306,,2GIS,https://2gis.uz/tashkent/firm/70000001040189306,1,single,C,,auto_unverified,point,"class= rent=","2026-07-19 00:15:46"
SEED000085,Terminal,business_center,,Mirzo-Ulugbek,Tashkent,,,,,41.316739,69.318682,,,,,41.316739,69.318682,,,,,70000001101461513,,2GIS,https://2gis.uz/tashkent/firm/70000001101461513,1,single,C,,auto_unverified,point,"class= rent=","2026-07-19 00:15:46"
SEED000086,"Mika group",business_center,,Yashnabad,"Ахангаранское шоссе, 327г, Tashkent",,,,,41.300995,69.347299,,,,,41.300995,69.347299,,,,,70000001103527731,,2GIS,https://2gis.uz/tashkent/firm/70000001103527731,1,single,C,,auto_unverified,point,"class= rent=","2026-07-19 00:15:46"
SEED000087,Семург,business_center,,Yashnabad,"Паркент 7-й проезд, 2, Tashkent",,,,,41.306501,69.335581,,,,,41.306501,69.335581,,,,,70000001036897960,,2GIS,https://2gis.uz/tashkent/firm/70000001036897960,1,single,C,,auto_unverified,point,"class= rent=","2026-07-19 00:15:46"
SEED000088,Platinum,business_center,,Yashnabad,Tashkent,,,,,41.303317,69.312303,,,,,41.303317,69.312303,,,,,70000001101186712,,2GIS,https://2gis.uz/tashkent/firm/70000001101186712,1,single,C,,auto_unverified,point,"class= rent=","2026-07-19 00:15:46"
SEED000089,Aviapark,business_center,,Yashnabad,"Элбека улица, 146, Tashkent",,,5,1,41.298911,69.304957,,,,,41.298911,69.304957,,,,,70000001061769896,,2GIS,https://2gis.uz/tashkent/firm/70000001061769896,1,single,C,,auto_unverified,point,"class= rent= GoldenPages: First Developing Group LLC","2026-07-19 00:15:46"
SEED000090,"Alta plaza",business_center,,Yashnabad,"Тараккиёт 2-й проезд, 26, Tashkent",,,,,41.30123,69.306294,,,,,41.30123,69.306294,,,,,70000001084162429,,2GIS,https://2gis.uz/tashkent/firm/70000001084162429,1,single,C,,auto_unverified,point,"class= rent=","2026-07-19 00:15:46"
SEED000091,"Bomi by Covex",business_center,,Shaykhantakhur,Tashkent,,,,1,41.312528,69.245484,,,,,41.312528,69.245484,,,,,70000001110299940,,2GIS,https://2gis.uz/tashkent/firm/70000001110299940,1,single,C,,auto_unverified,point,"class= rent=","2026-07-19 00:15:46"
SEED000092,"Asia metall concern",business_center,,"Алмазарский район","Янги Себзор, 1, Tashkent",,,,,41.331011,69.245435,,,,,41.331011,69.245435,,,,,70000001074665643,,2GIS,https://2gis.uz/tashkent/firm/70000001074665643,1,single,C,,auto_unverified,point,"class= rent=","2026-07-19 00:15:46"
SEED000093,St.Petersburg,business_center,,Shaykhantakhur,"проспект Алишера Навои, 15 a, Tashkent",,,,,41.317789,69.259692,,,,,41.317789,69.259692,,,,,70000001104477042,,2GIS,https://2gis.uz/tashkent/firm/70000001104477042,1,single,C,,auto_unverified,point,"class= rent=","2026-07-19 00:15:46"
SEED000094,Navroz,business_center,,Chilanzar,"Бунёдкор проспект, 7г, Tashkent",,,,,41.296034,69.228922,,,,,41.296034,69.228922,,,,,70000001097567484,,2GIS,https://2gis.uz/tashkent/firm/70000001097567484,1,single,C,,auto_unverified,point,"class= rent=","2026-07-19 00:15:46"
SEED000095,Qushbegi,business_center,,Yakkasaray,"улица Кушбеги, 10а, Tashkent",,,,,41.275739,69.245225,,,,,41.275739,69.245225,,,,,70000001093450657,,2GIS,https://2gis.uz/tashkent/firm/70000001093450657,1,single,C,,auto_unverified,point,"class= rent= GoldenPages: gp","2026-07-19 00:15:46"
SEED000096,"Onyx by Covex",business_center,,Mirzo-Ulugbek,"Оккургон, 31/1 стр, Tashkent",,,,,41.330476,69.305168,,,,,41.330476,69.305168,,,,,70000001112931483,,2GIS,https://2gis.uz/tashkent/firm/70000001112931483,1,single,C,,auto_unverified,point,"class= rent=","2026-07-19 00:15:46"
SEED000097,Diplomat,business_center,,Yunusabad,"Ниёзбек Йули 5-й проезд, 2 стр, Tashkent",,,,,41.321257,69.287927,,,,,41.321257,69.287927,,,,,70000001104177225,,2GIS,https://2gis.uz/tashkent/firm/70000001104177225,1,single,C,,auto_unverified,point,"class= rent=","2026-07-19 00:15:46"
SEED000098,"Park view",business_center,,Mirabad,"Нуронийлар, 2, Tashkent",,,,,41.309937,69.274625,,,,,41.309937,69.274625,,,,,70000001106139044,,2GIS,https://2gis.uz/tashkent/firm/70000001106139044,1,single,C,,auto_unverified,point,"class= rent=","2026-07-19 00:15:46"
SEED000099,nGKA,business_center,,Mirzo-Ulugbek,"Асакинская, 39, Tashkent",,,,,41.314675,69.308256,,,,,41.314675,69.308256,,,,,70000001040068081,,2GIS,https://2gis.uz/tashkent/firm/70000001040068081,1,single,C,,auto_unverified,point,"class= rent=","2026-07-19 00:15:46"
SEED000100,Hamkor,business_center,,Yashnabad,"Малая кольцевая дорога, 7, Tashkent",,,,,41.297007,69.29342,,,,,41.297007,69.29342,,,,,70000001078583469,,2GIS,https://2gis.uz/tashkent/firm/70000001078583469,1,single,C,,auto_unverified,point,"class= rent= GoldenPages: gp","2026-07-19 00:15:46"
SEED000101,Gaon-fhl,business_center,,Mirzo-Ulugbek,"Паркент, 51/1, Tashkent",,,,,41.317276,69.317248,,,,,41.317276,69.317248,,,,,70000001062334463,,2GIS,https://2gis.uz/tashkent/firm/70000001062334463,1,single,C,,auto_unverified,point,"class= rent=","2026-07-19 00:15:46"
SEED000102,Atlas,business_center,,Mirzo-Ulugbek,"Мирзо Улугбека проспект, 23, Tashkent",,,,,41.319183,69.318101,,,,,41.319183,69.318101,,,,,70000001040779810,,2GIS,https://2gis.uz/tashkent/firm/70000001040779810,1,single,C,,auto_unverified,point,"class= rent= GoldenPages: Atlas Business Tower LLC","2026-07-19 00:15:46"
SEED000103,"Savdo Taraqqiyoti",business_center,,Mirzo-Ulugbek,"проспект Мустакиллик, 38, Tashkent",,,,,41.322084,69.314243,,,,,41.322084,69.314243,,,,,70000001040978356,,2GIS,https://2gis.uz/tashkent/firm/70000001040978356,1,single,C,,auto_unverified,point,"class= rent=","2026-07-19 00:15:46"
SEED000104,"Carvon, офис",business_center,,Yashnabad,"Ферганское шоссе, 23, Tashkent",,,,,41.286531,69.314531,,,,,41.286531,69.314531,,,,,70000001115120294,,2GIS,https://2gis.uz/tashkent/firm/70000001115120294,1,single,C,,auto_unverified,point,"class= rent=","2026-07-19 00:15:46"
SEED000105,"UCH KAKHRAMON",mahallas,махалля,Yunusabad,"100212, Tashkent, Yunusabad district, Yunusabad-10 block, 6th Farogat pass., 26",,,,,41.381243,69.286248,,,,,,,,,,,,,GoldenPages,https://www.goldenpages.uz/en/company/?Id=6878,1,single,C,,auto_unverified,point,,"2026-07-19 00:15:46"
SEED000106,OKIBAT,mahallas,махалля,Mirzo-Ulugbek,"100000, Tashkent, Mirzo Ulugbek district, Buyuk Ipak Yuli block of flats, 14",,,,,41.314118,69.289792,,,,,,,,,,,,,GoldenPages,https://www.goldenpages.uz/en/company/?Id=6904,1,single,C,,auto_unverified,point,,"2026-07-19 00:15:46"
SEED000107,MUSTAKILLIK,mahallas,махалля,Mirzo-Ulugbek,"100000, Tashkent, Mirzo Ulugbek district, Oloy block of flats, 9A",,,,,41.31674,69.285345,,,,,,,,,,,,,GoldenPages,https://www.goldenpages.uz/en/company/?Id=6928,1,single,C,,auto_unverified,point,,"2026-07-19 00:15:46"
SEED000108,TABASSUM,mahallas,махалля,Olmazor,"100178, Tashkent, Almazar district, Karakamish-2/4 block of flats, 33A",,,,,41.365143,69.211097,,,,,,,,,,,,,GoldenPages,https://www.goldenpages.uz/en/company/?Id=9148,1,single,C,,auto_unverified,point,,"2026-07-19 00:15:46"
SEED000109,"YUKORI BESHKURGON",mahallas,махалля,Olmazor,"100179, Tashkent, Almazar district, Beshkurgan pass., 11А",,,,,41.371426,69.197276,,,,,,,,,,,,,GoldenPages,https://www.goldenpages.uz/en/company/?Id=9150,1,single,C,,auto_unverified,point,,"2026-07-19 00:15:46"
SEED000110,"ABU BAKR SHOSHIY",mahallas,махалля,Olmazor,"100002, Tashkent, Almazar district, Sagban Street, 140",,,,,41.336562,69.233702,,,,,,,,,,,,,GoldenPages,https://www.goldenpages.uz/en/company/?Id=9151,1,single,C,,auto_unverified,point,,"2026-07-19 00:15:46"
SEED000111,LABZAK,mahallas,махалля,Shaykhantakhur,"100128, Tashkent, Shaykhontokhur district, Bahor Street, 4",,,,,41.332156,69.269721,,,,,,,,,,,,,GoldenPages,https://www.goldenpages.uz/en/company/?Id=9152,1,single,C,,auto_unverified,point,,"2026-07-19 00:15:46"
SEED000112,BAKHOR,mahallas,махалля,Mirzo-Ulugbek,"100125, Tashkent, Mirzo Ulugbek district, Sufi-Zoda Street, 2",,,,,41.343131,69.35182,,,,,,,,,,,,,GoldenPages,https://www.goldenpages.uz/en/company/?Id=9153,1,single,C,,auto_unverified,point,,"2026-07-19 00:15:46"
SEED000113,KHABIBIY,mahallas,махалля,Sergeli,"100088, Tashkent, Sergeli district, Sergeli-5 block of flats, 110A",,,,,41.226246,69.210494,,,,,,,,,,,,,GoldenPages,https://www.goldenpages.uz/en/company/?Id=40810,1,single,C,,auto_unverified,point,,"2026-07-19 00:15:46"
SEED000114,"GANI AGZAMOV",mahallas,махалля,Olmazor,"100069, Tashkent, Almazar district, Kichkirik Street, 9",,,,,41.351312,69.23034,,,,,,,,,,,,,GoldenPages,https://www.goldenpages.uz/en/company/?Id=43060,1,single,C,,auto_unverified,point,,"2026-07-19 00:15:46"
SEED000115,SHIFOKORLAR,mahallas,махалля,Olmazor,"100109, Tashkent, Almazar district, Shifokorlar block of flats, 16A",,,,,41.363779,69.182107,,,,,,,,,,,,,GoldenPages,https://www.goldenpages.uz/en/company/?Id=43490,1,single,C,,auto_unverified,point,,"2026-07-19 00:15:46"
SEED000116,ZARGARLIK,mahallas,махалля,Uchtepa,"100123, Tashkent, Uchtepa district, Chilanzar-12 block, 39A",,,,,41.281284,69.182397,,,,,,,,,,,,,GoldenPages,https://www.goldenpages.uz/en/company/?Id=43498,1,single,C,,auto_unverified,point,,"2026-07-19 00:15:46"
SEED000117,"ALIKHONTURA SOGUNIY",mahallas,махалля,Uchtepa,"100208, Tashkent, Uchtepa district, Chilanzar-30 block, 13A",,,,,41.265517,69.157451,,,,,,,,,,,,,GoldenPages,https://www.goldenpages.uz/en/company/?Id=43499,1,single,C,,auto_unverified,point,,"2026-07-19 00:15:46"
SEED000118,OLIMPIYA,mahallas,махалля,Olmazor,"100179, Tashkent, Almazar district, Olimpiya block of flats, 9A",,,,,41.360578,69.194,,,,,,,,,,,,,GoldenPages,https://www.goldenpages.uz/en/company/?Id=43500,1,single,C,,auto_unverified,point,,"2026-07-19 00:15:46"
SEED000119,A.FITRAT,mahallas,махалля,Mirabad,"100105, Tashkent, Mirabad district, 4th Yangi Zamon pass., 6A",,,,,41.275808,69.296613,,,,,,,,,,,,,GoldenPages,https://www.goldenpages.uz/en/company/?Id=43501,1,single,C,,auto_unverified,point,,"2026-07-19 00:15:46"
SEED000120,AVAYKHON,mahallas,махалля,Mirzo-Ulugbek,"100050, Tashkent, Mirzo Ulugbek district, Gyote Street, 8",,,,,41.317587,69.349403,,,,,,,,,,,,,GoldenPages,https://www.goldenpages.uz/en/company/?Id=43505,1,single,C,,auto_unverified,point,,"2026-07-19 00:15:46"
SEED000121,AZAMAT,mahallas,махалля,Mirzo-Ulugbek,"100142, Tashkent, Mirzo Ulugbek district, TTZ-4 block of flats, 13",,,,,41.361651,69.386465,,,,,,,,,,,,,GoldenPages,https://www.goldenpages.uz/en/company/?Id=43506,1,single,C,,auto_unverified,point,,"2026-07-19 00:15:46"
SEED000122,YANGIYUL,mahallas,махалля,Uchtepa,"100208, Tashkent, Uchtepa district, Chilanzar-31 block, 52A",,,,,41.267142,69.152475,,,,,,,,,,,,,GoldenPages,https://www.goldenpages.uz/en/company/?Id=43508,1,single,C,,auto_unverified,point,,"2026-07-19 00:15:46"
SEED000123,"ALISHER NAVOIY",mahallas,махалля,Mirzo-Ulugbek,"100187, Tashkent, Mirzo Ulugbek district, Shams Street, 16",,,,,41.328323,69.358559,,,,,,,,,,,,,GoldenPages,https://www.goldenpages.uz/en/company/?Id=43509,1,single,C,,auto_unverified,point,,"2026-07-19 00:15:46"
SEED000124,"KATTA ALMAZOR",mahallas,махалля,Chilanzar,"100066, Tashkent, Chilanzar district, Almazar block of flats, 14A",,,,,41.309202,69.244703,,,,,,,,,,,,,GoldenPages,https://www.goldenpages.uz/en/company/?Id=43511,1,single,C,,auto_unverified,point,,"2026-07-19 00:15:46"
SEED000125,LASHKARBEGI,mahallas,махалля,Mirzo-Ulugbek,"100000, Tashkent, Mirzo Ulugbek district, Lashkarbegi Street, 9",,,,,41.320206,69.293681,,,,,,,,,,,,,GoldenPages,https://www.goldenpages.uz/en/company/?Id=43512,1,single,C,,auto_unverified,point,,"2026-07-19 00:15:46"
SEED000126,AKHILLIK,mahallas,махалля,Mirzo-Ulugbek,"100142, Tashkent, Mirzo Ulugbek district, TTZ-2 block of flats, 61A",,,,,41.35671,69.385524,,,,,,,,,,,,,GoldenPages,https://www.goldenpages.uz/en/company/?Id=43515,1,single,C,,auto_unverified,point,,"2026-07-19 00:15:46"
SEED000127,"AKHMAD YUGNAKI",mahallas,махалля,Mirzo-Ulugbek,"100142, Tashkent, Mirzo Ulugbek district, Ahmad Yugnaki block of flats, 27A",,,,,41.346011,69.383726,,,,,,,,,,,,,GoldenPages,https://www.goldenpages.uz/en/company/?Id=43516,1,single,C,,auto_unverified,point,,"2026-07-19 00:15:46"
SEED000128,BUSTON,mahallas,махалля,Shaykhantakhur,"100174, Tashkent, Shaykhontokhur district, Al-Khorezmi Street, 2A",,,,,41.342808,69.203092,,,,,,,,,,,,,GoldenPages,https://www.goldenpages.uz/en/company/?Id=43544,1,single,C,,auto_unverified,point,,"2026-07-19 00:15:46"
SEED000129,KHIYOBONTEPA,mahallas,махалля,Yunusabad,"100053, Tashkent, Yunusabad district, 1st Azgulik pass., 18",,,,,41.346361,69.293223,,,,,,,,,,,,,GoldenPages,https://www.goldenpages.uz/en/company/?Id=43549,1,single,C,,auto_unverified,point,,"2026-07-19 00:15:46"
SEED000130,GUZARBOSHI,mahallas,махалля,Olmazor,"100002, Tashkent, Almazar district, Sagban Street, 166",,,,,41.338471,69.23217,,,,,,,,,,,,,GoldenPages,https://www.goldenpages.uz/en/company/?Id=43551,1,single,C,,auto_unverified,point,,"2026-07-19 00:15:46"
SEED000131,GULZOR,mahallas,махалля,Olmazor,"100111, Tashkent, Almazar district, 2nd Chukursay pass., 33",,,,,41.369857,69.237474,,,,,,,,,,,,,GoldenPages,https://www.goldenpages.uz/en/company/?Id=43554,1,single,C,,auto_unverified,point,,"2026-07-19 00:15:46"
SEED000132,SULTONIYA,mahallas,махалля,Mirzo-Ulugbek,"100187, Tashkent, Mirzo Ulugbek district, Karasu-1 block of flats, 18",,,,,41.338903,69.373047,,,,,,,,,,,,,GoldenPages,https://www.goldenpages.uz/en/company/?Id=43555,1,single,C,,auto_unverified,point,,"2026-07-19 00:15:46"
SEED000133,GULISTON,mahallas,махалля,Chilanzar,"100208, Tashkent, Chilanzar district, Gulistan block of flats, 51",,,,,41.26012,69.15901,,,,,,,,,,,,,GoldenPages,https://www.goldenpages.uz/en/company/?Id=43556,1,single,C,,auto_unverified,point,,"2026-07-19 00:15:46"
SEED000134,PODSHOBOG,mahallas,махалля,Mirzo-Ulugbek,"100077, Tashkent, Mirzo Ulugbek district, Kibray Street, 7B",,,,,41.324978,69.327994,,,,,,,,,,,,,GoldenPages,https://www.goldenpages.uz/en/company/?Id=43557,1,single,C,,auto_unverified,point,,"2026-07-19 00:15:46"
SEED000135,GULBOZOR,mahallas,махалля,Shaykhantakhur,"100021, Tashkent, Shaykhontokhur district, Khakikat pass., 2",,,,,41.324926,69.239717,,,,,,,,,,,,,GoldenPages,https://www.goldenpages.uz/en/company/?Id=43559,1,single,C,,auto_unverified,point,,"2026-07-19 00:15:46"
SEED000136,DARKHAN,mahallas,махалля,Mirzo-Ulugbek,"100052, Tashkent, Mirzo Ulugbek district, Geologicheskaya Street, 6A",,,,,41.328428,69.307401,,,,,,,,,,,,,GoldenPages,https://www.goldenpages.uz/en/company/?Id=43562,1,single,C,,auto_unverified,point,,"2026-07-19 00:15:46"
SEED000137,ZAMINOBOD,mahallas,махалля,Mirabad,"100167, Tashkent, Mirabad district, Margilan Street, 22A",,,,,41.269925,69.270684,,,,,,,,,,,,,GoldenPages,https://www.goldenpages.uz/en/company/?Id=43564,1,single,C,,auto_unverified,point,,"2026-07-19 00:15:46"
SEED000138,SAYRAM,mahallas,махалля,Mirzo-Ulugbek,"100170, Tashkent, Mirzo Ulugbek district, Ziyolilar Street, 4A",,,,,41.337273,69.331504,,,,,,,,,,,,,GoldenPages,https://www.goldenpages.uz/en/company/?Id=43567,1,single,C,,auto_unverified,point,,"2026-07-19 00:15:46"
SEED000139,KURKAMOBOD,mahallas,махалля,Uchtepa,"100106, Tashkent, Uchtepa district, 3rd Takachi pass., 10",,,,,41.299738,69.154242,,,,,,,,,,,,,GoldenPages,https://www.goldenpages.uz/en/company/?Id=43569,1,single,C,,auto_unverified,point,,"2026-07-19 00:15:46"
SEED000140,"ESKI JARARIK",mahallas,махалля,Shaykhantakhur,"100068, Tashkent, Shaykhontokhur district, Djararik Street, 1A",,,,,41.33279,69.178755,,,,,,,,,,,,,GoldenPages,https://www.goldenpages.uz/en/company/?Id=43570,1,single,C,,auto_unverified,point,,"2026-07-19 00:15:46"
SEED000141,YOSHLIK,mahallas,махалля,Olmazor,"100179, Tashkent, Almazar district, Beshkurgan-3 block of flats, 21/83",,,,,41.366605,69.19609,,,,,,,,,,,,,GoldenPages,https://www.goldenpages.uz/en/company/?Id=43572,1,single,C,,auto_unverified,point,,"2026-07-19 00:15:46"
SEED000142,JANGOH,mahallas,махалля,Shaykhantakhur,"100128, Tashkent, Shaykhontokhur district, Djangoh block of flats, 13A",,,,,41.326963,69.254415,,,,,,,,,,,,,GoldenPages,https://www.goldenpages.uz/en/company/?Id=43574,1,single,C,,auto_unverified,point,,"2026-07-19 00:15:46"
SEED000143,JARARIK,mahallas,махалля,Shaykhantakhur,"100042, Tashkent, Shaykhontokhur district, Tinchlik Street, 91",,,,,41.329101,69.203908,,,,,,,,,,,,,GoldenPages,https://www.goldenpages.uz/en/company/?Id=43575,1,single,C,,auto_unverified,point,,"2026-07-19 00:15:46"
SEED000144,JURJONIY,mahallas,махалля,Uchtepa,"100151, Tashkent, Uchtepa district, Sakkokiy Street, 4A",,,,,41.300161,69.178265,,,,,,,,,,,,,GoldenPages,https://www.goldenpages.uz/en/company/?Id=43577,1,single,C,,auto_unverified,point,,"2026-07-19 00:15:46"
SEED000145,ZANGIOTA,mahallas,махалля,Shaykhantakhur,"100071, Tashkent, Shaykhontokhur district, Jizzakh pass., 124",,,,,41.313553,69.223862,,,,,,,,,,,,,GoldenPages,https://www.goldenpages.uz/en/company/?Id=43578,1,single,C,,auto_unverified,point,,"2026-07-19 00:15:46"
SEED000146,ZIYO,mahallas,махалля,Olmazor,"100095, Tashkent, Almazar district, Talabalar Street, 88/3",,,,,41.352991,69.211494,,,,,,,,,,,,,GoldenPages,https://www.goldenpages.uz/en/company/?Id=43579,1,single,C,,auto_unverified,point,,"2026-07-19 00:15:46"
SEED000147,"IBROKHIM OTA",mahallas,махалля,Olmazor,"100111, Tashkent, Almazar district, Chukursay Street, 8A",,,,,41.374293,69.242897,,,,,,,,,,,,,GoldenPages,https://www.goldenpages.uz/en/company/?Id=43581,1,single,C,,auto_unverified,point,,"2026-07-19 00:15:46"
SEED000148,ILGOR,mahallas,махалля,Shaykhantakhur,"100020, Tashkent, Shaykhontokhur district, Maorif Street, 20/22",,,,,41.334768,69.210753,,,,,,,,,,,,,GoldenPages,https://www.goldenpages.uz/en/company/?Id=43582,1,single,C,,auto_unverified,point,,"2026-07-19 00:15:46"
SEED000149,"KUKCHA DARVOZA",mahallas,махалля,Shaykhantakhur,"100042, Tashkent, Shaykhontokhur district, Kukcha Darvaza Street, 345",,,,,41.321965,69.206417,,,,,,,,,,,,,GoldenPages,https://www.goldenpages.uz/en/company/?Id=43584,1,single,C,,auto_unverified,point,,"2026-07-19 00:15:46"
SEED000150,ISTIKLOLOBOD,mahallas,махалля,Mirabad,"100105, Tashkent, Mirabad district, Sarikul Street, 17A",,,,,41.277335,69.288211,,,,,,,,,,,,,GoldenPages,https://www.goldenpages.uz/en/company/?Id=43588,1,single,C,,auto_unverified,point,,"2026-07-19 00:15:46"
SEED000151,NAYMAN,mahallas,махалля,Uchtepa,"100152, Tashkent, Uchtepa district, Chilanzar-22 block, Katta Khirmontepa Street, 12A",,,,,41.288106,69.171051,,,,,,,,,,,,,GoldenPages,https://www.goldenpages.uz/en/company/?Id=43591,1,single,C,,auto_unverified,point,,"2026-07-19 00:15:46"
SEED000152,KORASAROY,mahallas,махалля,Olmazor,"100069, Tashkent, Almazar district, Karasarayskaya Street, 7",,,,,41.340724,69.242355,,,,,,,,,,,,,GoldenPages,https://www.goldenpages.uz/en/company/?Id=43594,1,single,C,,auto_unverified,point,,"2026-07-19 00:15:46"
SEED000153,KORATOSH,mahallas,махалля,Shaykhantakhur,"100021, Tashkent, Shaykhontokhur district, Karatash block of flats, 3",,,,,41.317153,69.232648,,,,,,,,,,,,,GoldenPages,https://www.goldenpages.uz/en/company/?Id=43595,1,single,C,,auto_unverified,point,,"2026-07-19 00:15:46"
SEED000154,KATORTOL,mahallas,махалля,Chilanzar,"100097, Tashkent, Chilanzar district, Chilanzar-9 block, 13A",,,,,41.286041,69.203794,,,,,,,,,,,,,GoldenPages,https://www.goldenpages.uz/en/company/?Id=43596,1,single,C,,auto_unverified,point,,"2026-07-19 00:15:46"
SEED000155,KATORTOL-1,mahallas,махалля,Chilanzar,"100097, Tashkent, Chilanzar district, 1st Katartal Street, Chilanzar-8 block, 6A",,,,,41.292551,69.203672,,,,,,,,,,,,,GoldenPages,https://www.goldenpages.uz/en/company/?Id=43597,1,single,C,,auto_unverified,point,,"2026-07-19 00:15:46"
SEED000156,KATORTOL-2,mahallas,махалля,Chilanzar,"100185, Tashkent, Chilanzar district, 1st Mashrab pass., 2",,,,,41.267151,69.195559,,,,,,,,,,,,,GoldenPages,https://www.goldenpages.uz/en/company/?Id=43599,1,single,C,,auto_unverified,point,,"2026-07-19 00:15:46"
SEED000157,"KATTA KANY",mahallas,махалля,Uchtepa,"100117, Tashkent, Uchtepa district, 1st Kurilish pass., 14",,,,,41.274346,69.161298,,,,,,,,,,,,,GoldenPages,https://www.goldenpages.uz/en/company/?Id=43601,1,single,C,,auto_unverified,point,,"2026-07-19 00:15:46"
SEED000158,"KATTA KOZIRBOD",mahallas,махалля,Chilanzar,"100115, Tashkent, Chilanzar district, Katta Kozirobod Street, 10A",,,,,41.271765,69.214759,,,,,,,,,,,,,GoldenPages,https://www.goldenpages.uz/en/company/?Id=43602,1,single,C,,auto_unverified,point,,"2026-07-19 00:15:46"
SEED000159,"KATTA KHIRMONTEPA",mahallas,махалля,Chilanzar,"100117, Tashkent, Chilanzar district, Chilanzar-20 block, 15A",,,,,41.266702,69.176233,,,,,,,,,,,,,GoldenPages,https://www.goldenpages.uz/en/company/?Id=43603,1,single,C,,auto_unverified,point,,"2026-07-19 00:15:46"
SEED000160,"KATTA CHILANZAR-3",mahallas,махалля,Chilanzar,"100115, Tashkent, Chilanzar district, Chilanzar-3 block, 18",,,,,41.287099,69.22557,,,,,,,,,,,,,GoldenPages,https://www.goldenpages.uz/en/company/?Id=43607,1,single,C,,auto_unverified,point,,"2026-07-19 00:15:46"
SEED000161,KATTABOG,mahallas,махалля,Shaykhantakhur,"100071, Tashkent, Shaykhontokhur district, Katta Bog Street, 64",,,,,41.31288,69.230176,,,,,,,,,,,,,GoldenPages,https://www.goldenpages.uz/en/company/?Id=43608,1,single,C,,auto_unverified,point,,"2026-07-19 00:15:46"
SEED000162,KATTAKHOVUZ,mahallas,махалля,Shaykhantakhur,"100042, Tashkent, Shaykhontokhur district, Torkucha Street, 46",,,,,41.319764,69.220074,,,,,,,,,,,,,GoldenPages,https://www.goldenpages.uz/en/company/?Id=43609,1,single,C,,auto_unverified,point,,"2026-07-19 00:15:46"
SEED000163,KOZIGUZAR,mahallas,махалля,Uchtepa,"100117, Tashkent, Uchtepa district, Katta Kani Street, 19",,,,,41.270918,69.16963,,,,,,,,,,,,,GoldenPages,https://www.goldenpages.uz/en/company/?Id=43610,1,single,C,,auto_unverified,point,,"2026-07-19 00:15:46"
SEED000164,"KOKH OTA",mahallas,махалля,Shaykhantakhur,"100019, Tashkent, Shaykhontokhur district, A.Soguni Street, 61",,,,,41.333614,69.257674,,,,,,,,,,,,,GoldenPages,https://www.goldenpages.uz/en/company/?Id=43612,1,single,C,,auto_unverified,point,,"2026-07-19 00:15:46"
SEED000165,"KUYLIK OTA",mahallas,махалля,Mirabad,"100080, Tashkent, Mirabad district, 1st Kuylyuk Ota pass., 10",,,,,41.239824,69.323909,,,,,,,,,,,,,GoldenPages,https://www.goldenpages.uz/en/company/?Id=43613,1,single,C,,auto_unverified,point,,"2026-07-19 00:15:46"
SEED000166,KUTARMA,mahallas,махалля,Chilanzar,"100123, Tashkent, Chilanzar district, Chilanzar-10 block, 17A",,,,,41.280393,69.198166,,,,,,,,,,,,,GoldenPages,https://www.goldenpages.uz/en/company/?Id=43615,1,single,C,,auto_unverified,point,,"2026-07-19 00:15:46"
SEED000167,KUSHTUT,mahallas,махалля,Olmazor,"100002, Tashkent, Almazar district, Yulchi pass., 103",,,,,41.336253,69.231483,,,,,,,,,,,,,GoldenPages,https://www.goldenpages.uz/en/company/?Id=43616,1,single,C,,auto_unverified,point,,"2026-07-19 00:15:46"
SEED000168,YANGIZAMON,mahallas,махалля,Mirabad,"100105, Tashkent, Mirabad district, 1st Sarikul pass., 8A",,,,,41.276165,69.291032,,,,,,,,,,,,,GoldenPages,https://www.goldenpages.uz/en/company/?Id=43618,1,single,C,,auto_unverified,point,,"2026-07-19 00:15:46"
SEED000169,AFROSIYOB,mahallas,махалля,Mirabad,"100029, Tashkent, Mirabad district, Yakub Kolas Street, 2/1",,,,,41.304693,69.26772,,,,,,,,,,,,,GoldenPages,https://www.goldenpages.uz/en/company/?Id=43619,1,single,C,,auto_unverified,point,,"2026-07-19 00:15:46"
SEED000170,BOTIRMA,mahallas,махалля,Chilanzar,"100135, Tashkent, Chilanzar district, Chilanzar-17 block, 51/1",,,,,41.273725,69.195718,,,,,,,,,,,,,GoldenPages,https://www.goldenpages.uz/en/company/?Id=43620,1,single,C,,auto_unverified,point,,"2026-07-19 00:15:46"
SEED000171,BAYOT,mahallas,махалля,Mirabad,"100080, Tashkent, Mirabad district, Kuylyuk-1 block of flats, Badaxshan Street, 6",,,,,41.244291,69.323926,,,,,,,,,,,,,GoldenPages,https://www.goldenpages.uz/en/company/?Id=43624,1,single,C,,auto_unverified,point,,"2026-07-19 00:15:46"
SEED000172,MEVAZOR,mahallas,махалля,Chilanzar,"100185, Tashkent, Chilanzar district, Mashrab Street, 41A",,,,,41.265068,69.194747,,,,,,,,,,,,,GoldenPages,https://www.goldenpages.uz/en/company/?Id=43625,1,single,C,,auto_unverified,point,,"2026-07-19 00:15:46"
SEED000173,KHONCHORBOG,mahallas,махалля,Olmazor,"100069, Tashkent, Almazar district, Nodira Street, 19B",,,,,41.341035,69.24935,,,,,,,,,,,,,GoldenPages,https://www.goldenpages.uz/en/company/?Id=43626,1,single,C,,auto_unverified,point,,"2026-07-19 00:15:46"
SEED000174,MEHRJON,mahallas,махалля,Chilanzar,"100135, Tashkent, Chilanzar district, Chilanzar-18 block, 4",,,,,41.274615,69.193449,,,,,,,,,,,,,GoldenPages,https://www.goldenpages.uz/en/company/?Id=43627,1,single,C,,auto_unverified,point,,"2026-07-19 00:15:46"
SEED000175,"MING URIK",mahallas,махалля,Mirabad,"100060, Tashkent, Mirabad district, Shahrisabz Street, 38",,,,,41.302971,69.280989,,,,,,,,,,,,,GoldenPages,https://www.goldenpages.uz/en/company/?Id=43628,1,single,C,,auto_unverified,point,,"2026-07-19 00:15:46"
SEED000176,"MIRZO GOLIB",mahallas,махалля,Olmazor,"100174, Tashkent, Almazar district, Tashmukhamedov Street, 40",,,,,41.350829,69.196929,,,,,,,,,,,,,GoldenPages,https://www.goldenpages.uz/en/company/?Id=43629,1,single,C,,auto_unverified,point,,"2026-07-19 00:15:46"
SEED000177,"MIRZAKALON ISMOILIY",mahallas,махалля,Mirzo-Ulugbek,"100000, Tashkent, Mirzo Ulugbek district, M.Ismaili Street, 3",,,,,41.317782,69.30512,,,,,,,,,,,,,GoldenPages,https://www.goldenpages.uz/en/company/?Id=43630,1,single,C,,auto_unverified,point,,"2026-07-19 00:15:46"
SEED000178,MIROBOD,mahallas,махалля,Mirabad,"100015, Tashkent, Mirabad district, Nukus Street, 88/1",,,,,41.2888,69.272128,,,,,,,,,,,,,GoldenPages,https://www.goldenpages.uz/en/company/?Id=43631,1,single,C,,auto_unverified,point,,"2026-07-19 00:15:46"
SEED000179,MISKIN,mahallas,махалля,Olmazor,"100057, Tashkent, Almazar district, Miskin Street, 34",,,,,41.34835,69.261103,,,,,,,,,,,,,GoldenPages,https://www.goldenpages.uz/en/company/?Id=43632,1,single,C,,auto_unverified,point,,"2026-07-19 00:15:46"
SEED000180,TASHABBUS,mahallas,махалля,Yangihayot,"100088, Tashkent, Yangihayot district, Yangikhayot-1 block, 10A",,,,,41.223042,69.206256,,,,,,,,,,,,,GoldenPages,https://www.goldenpages.uz/en/company/?Id=43634,1,single,C,,auto_unverified,point,,"2026-07-19 00:15:46"
SEED000181,YUZRABOT,mahallas,махалля,Mirzo-Ulugbek,"100142, Tashkent, Mirzo Ulugbek district, TTZ-1 block of flats, 7A",,,,,41.359769,69.391807,,,,,,,,,,,,,GoldenPages,https://www.goldenpages.uz/en/company/?Id=43637,1,single,C,,auto_unverified,point,,"2026-07-19 00:15:46"
SEED000182,NAVBAKHOR,mahallas,махалля,Chilanzar,"100135, Tashkent, Chilanzar district, Chilanzar-C block,",,,,,41.278889,69.201994,,,,,,,,,,,,,GoldenPages,https://www.goldenpages.uz/en/company/?Id=43638,1,single,C,,auto_unverified,point,,"2026-07-19 00:15:46"
SEED000183,OLTINSOY,mahallas,махалля,Olmazor,"100098, Tashkent, Almazar district, Karakamish-1/1 block of flats, 25A",,,,,41.35236,69.237945,,,,,,,,,,,,,GoldenPages,https://www.goldenpages.uz/en/company/?Id=43639,1,single,C,,auto_unverified,point,,"2026-07-19 00:15:46"
SEED000184,YAKKATUT,mahallas,махалля,Chilanzar,"100117, Tashkent, Chilanzar district, Chilanzar-20 block, 23/14",,,,,41.264364,69.179503,,,,,,,,,,,,,GoldenPages,https://www.goldenpages.uz/en/company/?Id=43640,1,single,C,,auto_unverified,point,,"2026-07-19 00:15:46"
SEED000185,NAVRUZ,mahallas,махалля,Mirabad,"100167, Tashkent, Mirabad district, Sarikul Street, 4",,,,,41.280717,69.284793,,,,,,,,,,,,,GoldenPages,https://www.goldenpages.uz/en/company/?Id=43641,1,single,C,,auto_unverified,point,,"2026-07-19 00:15:46"
SEED000186,"MING LOLA",mahallas,махалля,Mirzo-Ulugbek,"100050, Tashkent, Mirzo Ulugbek district, Karasu-6 block of flats, 20",,,,,41.323163,69.357563,,,,,,,,,,,,,GoldenPages,https://www.goldenpages.uz/en/company/?Id=43642,1,single,C,,auto_unverified,point,,"2026-07-19 00:15:46"
SEED000187,NAMUNA,mahallas,махалля,Olmazor,"100019, Tashkent, Almazar district, Chuvalachi Street, 64",,,,,41.338172,69.245434,,,,,,,,,,,,,GoldenPages,https://www.goldenpages.uz/en/company/?Id=43644,1,single,C,,auto_unverified,point,,"2026-07-19 00:15:46"
SEED000188,NOVZA,mahallas,махалля,Chilanzar,"100043, Tashkent, Chilanzar district, Chilanzar-I block, 2A",,,,,41.292864,69.225867,,,,,,,,,,,,,GoldenPages,https://www.goldenpages.uz/en/company/?Id=43646,1,single,C,,auto_unverified,point,,"2026-07-19 00:15:46"
SEED000189,ZARKURGON,mahallas,махалля,Chilanzar,"100135, Tashkent, Chilanzar district, Chilanzar-16 block, 22",,,,,41.274337,69.20131,,,,,,,,,,,,,GoldenPages,https://www.goldenpages.uz/en/company/?Id=43647,1,single,C,,auto_unverified,point,,"2026-07-19 00:15:46"
SEED000190,SHOFAYZIBOG,mahallas,махалля,Uchtepa,"100151, Tashkent, Uchtepa district, Kukcha Darvaza Street, 492",,,,,41.318324,69.192235,,,,,,,,,,,,,GoldenPages,https://www.goldenpages.uz/en/company/?Id=43650,1,single,C,,auto_unverified,point,,"2026-07-19 00:15:46"
SEED000191,OBINAZAR,mahallas,махалля,Shaykhantakhur,"100020, Tashkent, Shaykhontokhur district, Obinazir Street, 3A",,,,,41.326026,69.217197,,,,,,,,,,,,,GoldenPages,https://www.goldenpages.uz/en/company/?Id=43651,1,single,C,,auto_unverified,point,,"2026-07-19 00:15:46"
SEED000192,TEPAGUZAR,mahallas,махалля,Olmazor,"100178, Tashkent, Almazar district, Karakamish-2/4 block of flats, 14A",,,,,41.366451,69.205528,,,,,,,,,,,,,GoldenPages,https://www.goldenpages.uz/en/company/?Id=43652,1,single,C,,auto_unverified,point,,"2026-07-19 00:15:46"
SEED000193,OYBEK,mahallas,махалля,Mirabad,"100015, Tashkent, Mirabad district, Fidokor Street, 10",,,,,41.298335,69.278159,,,,,,,,,,,,,GoldenPages,https://www.goldenpages.uz/en/company/?Id=43653,1,single,C,,auto_unverified,point,,"2026-07-19 00:15:46"
SEED000194,"KUKCHA OKTEPA",mahallas,махалля,Uchtepa,"100151, Tashkent, Uchtepa district, Shula Street, 12",,,,,41.30671,69.182017,,,,,,,,,,,,,GoldenPages,https://www.goldenpages.uz/en/company/?Id=43656,1,single,C,,auto_unverified,point,,"2026-07-19 00:15:46"
SEED000195,CHILANZAR-AKTEPA,mahallas,махалля,Chilanzar,"100096, Tashkent, Chilanzar district, Chilanzar-7 block, 5A",,,,,41.297097,69.213861,,,,,,,,,,,,,GoldenPages,https://www.goldenpages.uz/en/company/?Id=43658,1,single,C,,auto_unverified,point,,"2026-07-19 00:15:46"
SEED000196,"OK UY",mahallas,махалля,Mirabad,"100094, Tashkent, Mirabad district, Okbilol Street, 75",,,,,41.263045,69.314431,,,,,,,,,,,,,GoldenPages,https://www.goldenpages.uz/en/company/?Id=43659,1,single,C,,auto_unverified,point,,"2026-07-19 00:15:46"
SEED000197,OKILON,mahallas,махалля,Shaykhantakhur,"100042, Tashkent, Shaykhontokhur district, 2nd Kukcha pass., 2A",,,,,41.320072,69.21536,,,,,,,,,,,,,GoldenPages,https://www.goldenpages.uz/en/company/?Id=43660,1,single,C,,auto_unverified,point,,"2026-07-19 00:15:46"
SEED000198,OKKURGON,mahallas,махалля,Mirzo-Ulugbek,"100052, Tashkent, Mirzo Ulugbek district, Utkir Sultanov Street, 6A",,,,,41.328027,69.299037,,,,,,,,,,,,,GoldenPages,https://www.goldenpages.uz/en/company/?Id=43661,1,single,C,,auto_unverified,point,,"2026-07-19 00:15:46"
SEED000199,"OLIM KHUJAEV",mahallas,махалля,Shaykhantakhur,"100071, Tashkent, Shaykhontokhur district, Khumdonsoy Street, 10A",,,,,41.306153,69.213224,,,,,,,,,,,,,GoldenPages,https://www.goldenpages.uz/en/company/?Id=43663,1,single,C,,auto_unverified,point,,"2026-07-19 00:15:46"
SEED000200,OLIMLAR,mahallas,махалля,Mirzo-Ulugbek,"100164, Tashkent, Mirzo Ulugbek district, Muminov Street, 5A",,,,,41.34093,69.337536,,,,,,,,,,,,,GoldenPages,https://www.goldenpages.uz/en/company/?Id=43664,1,single,C,,auto_unverified,point,,"2026-07-19 00:15:46"
SEED000201,ZIYONUR,mahallas,махалля,Mirabad,"100198, Tashkent, Mirabad district, Kuylyuk-2 block of flats, 31",,,,,41.251243,69.303591,,,,,,,,,,,,,GoldenPages,https://www.goldenpages.uz/en/company/?Id=43665,1,single,C,,auto_unverified,point,,"2026-07-19 00:15:46"
SEED000202,OLTINKUL,mahallas,махалля,Mirabad,"100072, Tashkent, Mirabad district, Fitrat Street, 40A",,,,,41.270732,69.301577,,,,,,,,,,,,,GoldenPages,https://www.goldenpages.uz/en/company/?Id=43666,1,single,C,,auto_unverified,point,,"2026-07-19 00:15:46"
SEED000203,"KATTA OLTINTEPA",mahallas,махалля,Mirzo-Ulugbek,"100050, Tashkent, Mirzo Ulugbek district, Oltintepa Street, 318",,,,,41.320923,69.343967,,,,,,,,,,,,,GoldenPages,https://www.goldenpages.uz/en/company/?Id=43667,1,single,C,,auto_unverified,point,,"2026-07-19 00:15:46"
SEED000204,OLTINTEPA,mahallas,махалля,Mirzo-Ulugbek,"100007, Tashkent, Mirzo Ulugbek district, 1st Chulpan pass., 11",,,,,41.31192,69.34196,,,,,,,,,,,,,GoldenPages,https://www.goldenpages.uz/en/company/?Id=43668,1,single,C,,auto_unverified,point,,"2026-07-19 00:15:46"
SEED000205,PARVONA,mahallas,махалля,Mirabad,"100080, Tashkent, Mirabad district, Parvona Street, 46",,,,,41.249452,69.320503,,,,,,,,,,,,,GoldenPages,https://www.goldenpages.uz/en/company/?Id=43669,1,single,C,,auto_unverified,point,,"2026-07-19 00:15:46"
SEED000206,PAKHTA,mahallas,махалля,Olmazor,"100111, Tashkent, Almazar district, Sagban Street, 2A",,,,,41.362339,69.225444,,,,,,,,,,,,,GoldenPages,https://www.goldenpages.uz/en/company/?Id=43670,1,single,C,,auto_unverified,point,,"2026-07-19 00:15:46"
SEED000207,"SAMARKAND DARVOZA",mahallas,махалля,Shaykhantakhur,"100071, Tashkent, Shaykhontokhur district, Samarkand Darvoza Street, 202",,,,,41.307522,69.217508,,,,,,,,,,,,,GoldenPages,https://www.goldenpages.uz/en/company/?Id=43674,1,single,C,,auto_unverified,point,,"2026-07-19 00:15:46"
SEED000208,SARIKUL,mahallas,махалля,Mirabad,"100105, Tashkent, Mirabad district, Fitrat Street, 33",,,,,41.267529,69.296037,,,,,,,,,,,,,GoldenPages,https://www.goldenpages.uz/en/company/?Id=43675,1,single,C,,auto_unverified,point,,"2026-07-19 00:15:46"
SEED000209,SARKHUMDOR,mahallas,махалля,Shaykhantakhur,"100020, Tashkent, Shaykhontokhur district, Gulabad block of flats, 86/1",,,,,41.32296,69.224041,,,,,,,,,,,,,GoldenPages,https://www.goldenpages.uz/en/company/?Id=43676,1,single,C,,auto_unverified,point,,"2026-07-19 00:15:46"
SEED000210,SUZUK-OTA,mahallas,махалля,Shaykhantakhur,"100071, Tashkent, Shaykhontokhur district, Suzuk-Ota Street, 50",,,,,41.317782,69.223787,,,,,,,,,,,,,GoldenPages,https://www.goldenpages.uz/en/company/?Id=43678,1,single,C,,auto_unverified,point,,"2026-07-19 00:15:46"
SEED000211,"YUKORI SEBZOR",mahallas,махалля,Olmazor,"100019, Tashkent, Almazar district, Sebzar block of flats, 44",,,,,41.33788,69.249398,,,,,,,,,,,,,GoldenPages,https://www.goldenpages.uz/en/company/?Id=43680,1,single,C,,auto_unverified,point,,"2026-07-19 00:15:46"
SEED000212,TEMIRYULCHILAR,mahallas,махалля,Mirabad,"100167, Tashkent, Mirabad district, Temiryulchilar Street, 27",,,,,41.284036,69.279937,,,,,,,,,,,,,GoldenPages,https://www.goldenpages.uz/en/company/?Id=43681,1,single,C,,auto_unverified,point,,"2026-07-19 00:15:46"
SEED000213,TINCHLIK,mahallas,махалля,Shaykhantakhur,"100169, Tashkent, Shaykhontokhur district, Kichik Halka Yuli Street, 69A",,,,,41.333448,69.202301,,,,,,,,,,,,,GoldenPages,https://www.goldenpages.uz/en/company/?Id=43683,1,single,C,,auto_unverified,point,,"2026-07-19 00:15:46"
SEED000214,KHONTUPI,mahallas,махалля,Chilanzar,"100117, Tashkent, Chilanzar district, Diydor Street, 32",,,,,41.261862,69.173275,,,,,,,,,,,,,GoldenPages,https://www.goldenpages.uz/en/company/?Id=43684,1,single,C,,auto_unverified,point,,"2026-07-19 00:15:46"
SEED000215,TINCHLIKOBOD,mahallas,махалля,Uchtepa,"100139, Tashkent, Uchtepa district, Chilanzar-23 block, 8/62",,,,,41.285211,69.177998,,,,,,,,,,,,,GoldenPages,https://www.goldenpages.uz/en/company/?Id=43685,1,single,C,,auto_unverified,point,,"2026-07-19 00:15:46"
SEED000216,"KATTA YALANGOCH OTA",mahallas,махалля,Mirzo-Ulugbek,"100124, Tashkent, Mirzo Ulugbek district, Mirzo Ulugbek avenue, 128/1",,,,,41.353608,69.356755,,,,,,,,,,,,,GoldenPages,https://www.goldenpages.uz/en/company/?Id=43688,1,single,C,,auto_unverified,point,,"2026-07-19 00:15:46"
SEED000217,UZBEKISTAN,mahallas,махалля,Shaykhantakhur,"100174, Tashkent, Shaykhontokhur district, Farobi Street, 417",,,,,41.349852,69.187636,,,,,,,,,,,,,GoldenPages,https://www.goldenpages.uz/en/company/?Id=43695,1,single,C,,auto_unverified,point,,"2026-07-19 00:15:46"
SEED000218,ULUGBEK,mahallas,махалля,Mirzo-Ulugbek,"100214, Tashkent, Mirzo Ulugbek district, Ulugbek village, Khurasan Street, 10A",,,,,41.405735,69.459121,,,,,,,,,,,,,GoldenPages,https://www.goldenpages.uz/en/company/?Id=43698,1,single,C,,auto_unverified,point,,"2026-07-19 00:15:46"
SEED000219,BOGIMAYDON,mahallas,махалля,Mirzo-Ulugbek,"100125, Tashkent, Mirzo Ulugbek district, Yalangach block of flats, 81A",,,,,41.349684,69.348411,,,,,,,,,,,,,GoldenPages,https://www.goldenpages.uz/en/company/?Id=43700,1,single,C,,auto_unverified,point,,"2026-07-19 00:15:46"
SEED000220,URDA,mahallas,махалля,Shaykhantakhur,"100011, Tashkent, Shaykhontokhur district, Ankhor Buyi Street, 4A",,,,,41.318969,69.265685,,,,,,,,,,,,,GoldenPages,https://www.goldenpages.uz/en/company/?Id=43702,1,single,C,,auto_unverified,point,,"2026-07-19 00:15:46"
SEED000221,URIKZOR,mahallas,махалля,Uchtepa,"100210, Tashkent, Uchtepa district, Bositkhan Street, 32",,,,,41.286721,69.14265,,,,,,,,,,,,,GoldenPages,https://www.goldenpages.uz/en/company/?Id=43703,1,single,C,,auto_unverified,point,,"2026-07-19 00:15:46"
SEED000222,JARBULOK,mahallas,махалля,Uchtepa,"100132, Tashkent, Uchtepa district, Okshom Street, 29A",,,,,41.316053,69.174055,,,,,,,,,,,,,GoldenPages,https://www.goldenpages.uz/en/company/?Id=43704,1,single,C,,auto_unverified,point,,"2026-07-19 00:15:46"
SEED000223,FAYZIOBOD,mahallas,махалля,Mirabad,"100080, Tashkent, Mirabad district, Fayzabad Street, 43A",,,,,41.257541,69.3125,,,,,,,,,,,,,GoldenPages,https://www.goldenpages.uz/en/company/?Id=43707,1,single,C,,auto_unverified,point,,"2026-07-19 00:15:46"
SEED000224,MUNAVVARKORI,mahallas,махалля,Mirzo-Ulugbek,"100124, Tashkent, Mirzo Ulugbek district, Gulbadam Street, 26",,,,,41.36113,69.379168,,,,,,,,,,,,,GoldenPages,https://www.goldenpages.uz/en/company/?Id=43708,1,single,C,,auto_unverified,point,,"2026-07-19 00:15:46"
SEED000225,NAVNIKHOL,mahallas,махалля,Mirzo-Ulugbek,"100164, Tashkent, Mirzo Ulugbek district, Tepamasjid Street, 2",,,,,41.342836,69.335496,,,,,,,,,,,,,GoldenPages,https://www.goldenpages.uz/en/company/?Id=43709,1,single,C,,auto_unverified,point,,"2026-07-19 00:15:46"
SEED000226,NUR,mahallas,махалля,Mirzo-Ulugbek,"100000, Tashkent, Mirzo Ulugbek district, Buyuk Ipak Yuli block of flats, 31А",,,,,41.313073,69.292584,,,,,,,,,,,,,GoldenPages,https://www.goldenpages.uz/en/company/?Id=43711,1,single,C,,auto_unverified,point,,"2026-07-19 00:15:46"
SEED000227,FURKAT,mahallas,махалля,Mirabad,"100105, Tashkent, Mirabad district, Saykhun Street, 166",,,,,41.279991,69.304842,,,,,,,,,,,,,GoldenPages,https://www.goldenpages.uz/en/company/?Id=43712,1,single,C,,auto_unverified,point,,"2026-07-19 00:15:46"
SEED000228,KH.ABDULLAEV,mahallas,махалля,Mirzo-Ulugbek,"100125, Tashkent, Mirzo Ulugbek district, Yalangach block of flats, 30A",,,,,41.347718,69.34366,,,,,,,,,,,,,GoldenPages,https://www.goldenpages.uz/en/company/?Id=43714,1,single,C,,auto_unverified,point,,"2026-07-19 00:15:46"
SEED000229,KHAYRATIY,mahallas,махалля,Uchtepa,"100106, Tashkent, Uchtepa district, Gayrati Street, 1A",,,,,41.306336,69.164923,,,,,,,,,,,,,GoldenPages,https://www.goldenpages.uz/en/company/?Id=43716,1,single,C,,auto_unverified,point,,"2026-07-19 00:15:46"
SEED000230,"KHALKLAR DUSTLIGI",mahallas,махалля,Chilanzar,"100097, Tashkent, Chilanzar district, Chilanzar-6 block, 6А",,,,,41.286256,69.213167,,,,,,,,,,,,,GoldenPages,https://www.goldenpages.uz/en/company/?Id=43718,1,single,C,,auto_unverified,point,,"2026-07-19 00:15:46"
SEED000231,BESHCHINOR,mahallas,махалля,Chilanzar,"100096, Tashkent, Chilanzar district, Chilanzar-5 block, 43А",,,,,41.291601,69.21495,,,,,,,,,,,,,GoldenPages,https://www.goldenpages.uz/en/company/?Id=43719,1,single,C,,auto_unverified,point,,"2026-07-19 00:15:46"
SEED000232,KHONDAMIR,mahallas,махалля,Uchtepa,"100132, Tashkent, Uchtepa district, 1st Durbek pass., 2",,,,,41.316053,69.174055,,,,,,,,,,,,,GoldenPages,https://www.goldenpages.uz/en/company/?Id=43720,1,single,C,,auto_unverified,point,,"2026-07-19 00:15:46"
SEED000233,"KHAMID ALIMDJAN",mahallas,махалля,Mirzo-Ulugbek,"100000, Tashkent, Mirzo Ulugbek district, 2nd Mustakillik pass., 4",,,,,41.321348,69.299609,,,,,,,,,,,,,GoldenPages,https://www.goldenpages.uz/en/company/?Id=43721,1,single,C,,auto_unverified,point,,"2026-07-19 00:15:46"
SEED000234,KHASTIMOM,mahallas,махалля,Olmazor,"100002, Tashkent, Almazar district, 14th Zarkaynar dead end, 106",,,,,41.33077,69.2397,,,,,,,,,,,,,GoldenPages,https://www.goldenpages.uz/en/company/?Id=43722,1,single,C,,auto_unverified,point,,"2026-07-19 00:15:46"
SEED000235,KHIRMONTEPA,mahallas,махалля,Chilanzar,"100156, Tashkent, Chilanzar district, Chilanzar-19 block, 33/1",,,,,41.270949,69.184013,,,,,,,,,,,,,GoldenPages,https://www.goldenpages.uz/en/company/?Id=43723,1,single,C,,auto_unverified,point,,"2026-07-19 00:15:46"
SEED000236,"KHOFIZ KUKHAKIY",mahallas,махалля,Olmazor,"100002, Tashkent, Almazar district, Sagban-Farobi crossroad of streets, 5",,,,,41.331814,69.234816,,,,,,,,,,,,,GoldenPages,https://www.goldenpages.uz/en/company/?Id=43725,1,single,C,,auto_unverified,point,,"2026-07-19 00:15:46"
SEED000237,KHUVAYDO,mahallas,махалля,Shaykhantakhur,"100169, Tashkent, Shaykhontokhur district, Khuvaydo Street, 43",,,,,41.340252,69.201037,,,,,,,,,,,,,GoldenPages,https://www.goldenpages.uz/en/company/?Id=43726,1,single,C,,auto_unverified,point,,"2026-07-19 00:15:46"
SEED000238,KHUMOYUN,mahallas,махалля,Mirzo-Ulugbek,"100142, Tashkent, Mirzo Ulugbek district, Khumoyun block of flats, 17A",,,,,41.342066,69.387537,,,,,,,,,,,,,GoldenPages,https://www.goldenpages.uz/en/company/?Id=43727,1,single,C,,auto_unverified,point,,"2026-07-19 00:15:46"
SEED000239,CHILONZOR,mahallas,махалля,Chilanzar,"100115, Tashkent, Chilanzar district, 4th Chilanzar dead end, 3",,,,,41.291021,69.237351,,,,,,,,,,,,,GoldenPages,https://www.goldenpages.uz/en/company/?Id=43735,1,single,C,,auto_unverified,point,,"2026-07-19 00:15:46"
SEED000240,CHORSU,mahallas,махалля,Shaykhantakhur,"100021, Tashkent, Shaykhontokhur district, Samarkand Darvoza Street, 9",,,,,41.319079,69.231852,,,,,,,,,,,,,GoldenPages,https://www.goldenpages.uz/en/company/?Id=43739,1,single,C,,auto_unverified,point,,"2026-07-19 00:15:46"
SEED000241,CHUKURSOY,mahallas,махалля,Olmazor,"100098, Tashkent, Almazar district, Karakamish-1/4 block of flats, 17",,,,,41.363286,69.23372,,,,,,,,,,,,,GoldenPages,https://www.goldenpages.uz/en/company/?Id=43740,1,single,C,,auto_unverified,point,,"2026-07-19 00:15:46"
SEED000242,"KATTA OKTEPA",mahallas,махалля,Shaykhantakhur,"100071, Tashkent, Shaykhontokhur district, Uvaysi Street, 37B",,,,,41.304188,69.205599,,,,,,,,,,,,,GoldenPages,https://www.goldenpages.uz/en/company/?Id=43744,1,single,C,,auto_unverified,point,,"2026-07-19 00:15:46"
SEED000243,CHUSTIY,mahallas,махалля,Olmazor,"100020, Tashkent, Almazar district, Beruni - B1 block of flats, 3",,,,,41.331183,69.22487,,,,,,,,,,,,,GoldenPages,https://www.goldenpages.uz/en/company/?Id=43745,1,single,C,,auto_unverified,point,,"2026-07-19 00:15:46"
SEED000244,SHAYKHONTOHUR,mahallas,махалля,Shaykhantakhur,"100128, Tashkent, Shaykhontokhur district, Labzak block of flats, 12A",,,,,41.325783,69.257793,,,,,,,,,,,,,GoldenPages,https://www.goldenpages.uz/en/company/?Id=43748,1,single,C,,auto_unverified,point,,"2026-07-19 00:15:46"
SEED000245,BOGICHINOR,mahallas,махалля,Uchtepa,"100151, Tashkent, Uchtepa district, Hamkor Street, 32",,,,,41.318425,69.180552,,,,,,,,,,,,,GoldenPages,https://www.goldenpages.uz/en/company/?Id=43749,1,single,C,,auto_unverified,point,,"2026-07-19 00:15:46"
SEED000246,"SHARK GULI",mahallas,махалля,Uchtepa,"100132, Tashkent, Uchtepa district, Yangi Labzak Street, 4A",,,,,41.319937,69.171474,,,,,,,,,,,,,GoldenPages,https://www.goldenpages.uz/en/company/?Id=43750,1,single,C,,auto_unverified,point,,"2026-07-19 00:15:46"
SEED000247,"SHARK YULDUZI",mahallas,махалля,Uchtepa,"100132, Tashkent, Uchtepa district, 7-th Lochin pass., 9",,,,,41.312588,69.177647,,,,,,,,,,,,,GoldenPages,https://www.goldenpages.uz/en/company/?Id=43754,1,single,C,,auto_unverified,point,,"2026-07-19 00:15:46"
SEED000248,SHAHRIOBOD,mahallas,махалля,Mirzo-Ulugbek,"100164, Tashkent, Mirzo Ulugbek district, Yalangach block of flats, 119A",,,,,41.348632,69.340036,,,,,,,,,,,,,GoldenPages,https://www.goldenpages.uz/en/company/?Id=43755,1,single,C,,auto_unverified,point,,"2026-07-19 00:15:46"
SEED000249,SHIRIN,mahallas,махалля,Uchtepa,"100131, Tashkent, Uchtepa district, Chilanzar-26 block, 38",,,,,41.276479,69.17561,,,,,,,,,,,,,GoldenPages,https://www.goldenpages.uz/en/company/?Id=43756,1,single,C,,auto_unverified,point,,"2026-07-19 00:15:46"
SEED000250,BIRLIK,mahallas,махалля,Uchtepa,"100126, Tashkent, Uchtepa district, Chilanzar-21 block, 26A",,,,,41.292003,69.176283,,,,,,,,,,,,,GoldenPages,https://www.goldenpages.uz/en/company/?Id=43757,1,single,C,,auto_unverified,point,,"2026-07-19 00:15:46"
SEED000251,SHODLIK,mahallas,махалля,Shaykhantakhur,"100068, Tashkent, Shaykhontokhur district, Ibn Sino-2 block of flats, 9A",,,,,41.336309,69.17227,,,,,,,,,,,,,GoldenPages,https://www.goldenpages.uz/en/company/?Id=43758,1,single,C,,auto_unverified,point,,"2026-07-19 00:15:46"
SEED000252,ZAFAROBOD,mahallas,махалля,Shaykhantakhur,"100169, Tashkent, Shaykhontokhur district, Zafarabad Street, 16B",,,,,41.33792,69.200587,,,,,,,,,,,,,GoldenPages,https://www.goldenpages.uz/en/company/?Id=43760,1,single,C,,auto_unverified,point,,"2026-07-19 00:15:46"
SEED000253,SHOFAYZI,mahallas,махалля,Shaykhantakhur,"100042, Tashkent, Shaykhontokhur district, Kukcha Darvaza Street, 379",,,,,41.321098,69.200379,,,,,,,,,,,,,GoldenPages,https://www.goldenpages.uz/en/company/?Id=43761,1,single,C,,auto_unverified,point,,"2026-07-19 00:15:46"
SEED000254,"SHUKUR BURKHONOV",mahallas,махалля,Mirzo-Ulugbek,"100187, Tashkent, Mirzo Ulugbek district, Sadaf Street, 1",,,,,41.334817,69.361878,,,,,,,,,,,,,GoldenPages,https://www.goldenpages.uz/en/company/?Id=43762,1,single,C,,auto_unverified,point,,"2026-07-19 00:15:46"
SEED000255,SHON-SHUHRAT,mahallas,махалля,Olmazor,"100178, Tashkent, Almazar district, Beshkurgan-1 block of flats, 15A",,,,,41.370394,69.199527,,,,,,,,,,,,,GoldenPages,https://www.goldenpages.uz/en/company/?Id=43763,1,single,C,,auto_unverified,point,,"2026-07-19 00:15:46"
SEED000256,"ESKI SHAKHAR",mahallas,махалля,Olmazor,"100002, Tashkent, Almazar district, Sakichmon Street, 3",,,,,41.329155,69.234471,,,,,,,,,,,,,GoldenPages,https://www.goldenpages.uz/en/company/?Id=43764,1,single,C,,auto_unverified,point,,"2026-07-19 00:15:46"
SEED000257,ESHONGUZAR,mahallas,махалля,Shaykhantakhur,"100071, Tashkent, Shaykhontokhur district, Katta Bog Street, 33A",,,,,41.313986,69.229752,,,,,,,,,,,,,GoldenPages,https://www.goldenpages.uz/en/company/?Id=43765,1,single,C,,auto_unverified,point,,"2026-07-19 00:15:46"
SEED000258,U.SAKKOKIY,mahallas,махалля,Uchtepa,"100106, Tashkent, Uchtepa district, Sakkokiy Street, 94",,,,,41.292263,69.157151,,,,,,,,,,,,,GoldenPages,https://www.goldenpages.uz/en/company/?Id=43766,1,single,C,,auto_unverified,point,,"2026-07-19 00:15:46"
SEED000259,KAMOLOT,mahallas,махалля,Mirzo-Ulugbek,"100124, Tashkent, Mirzo Ulugbek district, Feruza block of flats, 33A",,,,,41.356009,69.361933,,,,,,,,,,,,,GoldenPages,https://www.goldenpages.uz/en/company/?Id=43767,1,single,C,,auto_unverified,point,,"2026-07-19 00:15:46"
SEED000260,"YANGI MIROBOD",mahallas,махалля,Mirabad,"100015, Tashkent, Mirabad district, 6th Mironshokh pass., 18",,,,,41.286631,69.272514,,,,,,,,,,,,,GoldenPages,https://www.goldenpages.uz/en/company/?Id=43768,1,single,C,,auto_unverified,point,,"2026-07-19 00:15:46"
SEED000261,NUROBOD,mahallas,махалля,Uchtepa,"100152, Tashkent, Uchtepa district, Chilanzar-25 block, 1A",,,,,41.280562,69.167477,,,,,,,,,,,,,GoldenPages,https://www.goldenpages.uz/en/company/?Id=43771,1,single,C,,auto_unverified,point,,"2026-07-19 00:15:46"
SEED000262,CHIMYON,mahallas,махалля,Mirzo-Ulugbek,"100187, Tashkent, Mirzo Ulugbek district, Karasu-1 block of flats, 36A",,,,,41.336062,69.377242,,,,,,,,,,,,,GoldenPages,https://www.goldenpages.uz/en/company/?Id=43773,1,single,C,,auto_unverified,point,,"2026-07-19 00:15:46"
SEED000263,"YANGI KAMOLON",mahallas,махалля,Shaykhantakhur,"100027, Tashkent, Shaykhontokhur district, Beshagach block of flats, 2A",,,,,41.311474,69.235999,,,,,,,,,,,,,GoldenPages,https://www.goldenpages.uz/en/company/?Id=43775,1,single,C,,auto_unverified,point,,"2026-07-19 00:15:46"
SEED000264,SH.RASHIDOV,mahallas,махалля,Mirabad,"100029, Tashkent, Mirabad district, Chimkent Street, 1A",,,,,41.30686,69.269799,,,,,,,,,,,,,GoldenPages,https://www.goldenpages.uz/en/company/?Id=43777,1,single,C,,auto_unverified,point,,"2026-07-19 00:15:46"
SEED000265,FERUZA,mahallas,махалля,Mirzo-Ulugbek,"100124, Tashkent, Mirzo Ulugbek district, Feruza block of flats, 57",,,,,41.360107,69.370981,,,,,,,,,,,,,GoldenPages,https://www.goldenpages.uz/en/company/?Id=48935,1,single,C,,auto_unverified,point,,"2026-07-19 00:15:46"
SEED000266,CHULPON-OTA,mahallas,махалля,Uchtepa,"100126, Tashkent, Uchtepa district, 1st Kurilish pass., 25",,,,,41.288823,69.164409,,,,,,,,,,,,,GoldenPages,https://www.goldenpages.uz/en/company/?Id=54620,1,single,C,,auto_unverified,point,,"2026-07-19 00:15:46"
SEED000267,ABAY,mahallas,махалля,Bektemir,"100158, Tashkent, Bektemir district, Avezov Street, 5A",,,,,41.240507,69.355026,,,,,,,,,,,,,GoldenPages,https://www.goldenpages.uz/en/company/?Id=54627,1,single,C,,auto_unverified,point,,"2026-07-19 00:15:46"
SEED000268,BEKTEMIR,mahallas,махалля,Bektemir,"100158, Tashkent, Bektemir district, 1-st Olmos pass.,",,,,,41.231467,69.338733,,,,,,,,,,,,,GoldenPages,https://www.goldenpages.uz/en/company/?Id=54628,1,single,C,,auto_unverified,point,,"2026-07-19 00:15:46"
SEED000269,IKBOL,mahallas,махалля,Bektemir,"100213, Tashkent, Bektemir district, Rohat Street, Suvsoz-2 block of flats, 1",,,,,41.251017,69.370917,,,,,,,,,,,,,GoldenPages,https://www.goldenpages.uz/en/company/?Id=54630,1,single,C,,auto_unverified,point,,"2026-07-19 00:15:46"
SEED000270,ZILOLA,mahallas,махалля,Bektemir,"100213, Tashkent, Bektemir district, Baykaro Street, 27A",,,,,41.252262,69.372492,,,,,,,,,,,,,GoldenPages,https://www.goldenpages.uz/en/company/?Id=54631,1,single,C,,auto_unverified,point,,"2026-07-19 00:15:46"
SEED000271,MIRISHKOR,mahallas,махалля,Bektemir,"100213, Tashkent, Bektemir district, Suvsoz-2 block of flats, 34A",,,,,41.255088,69.37731,,,,,,,,,,,,,GoldenPages,https://www.goldenpages.uz/en/company/?Id=54632,1,single,C,,auto_unverified,point,,"2026-07-19 00:15:46"
SEED000272,"KHUSAYN BOYKARO",mahallas,махалля,Bektemir,"100158, Tashkent, Bektemir district, Yukori Chirchik Street, 41A",,,,,41.236954,69.353053,,,,,,,,,,,,,GoldenPages,https://www.goldenpages.uz/en/company/?Id=54633,1,single,C,,auto_unverified,point,,"2026-07-19 00:15:46"
SEED000273,MAJNUNTOL,mahallas,махалля,Bektemir,"100213, Tashkent, Bektemir district, Cheksaroy Street, 33",,,,,41.246715,69.388819,,,,,,,,,,,,,GoldenPages,https://www.goldenpages.uz/en/company/?Id=54634,1,single,C,,auto_unverified,point,,"2026-07-19 00:15:46"
SEED000274,NURAFSHON,mahallas,махалля,Bektemir,"100080, Tashkent, Bektemir district, 2nd Somonbozor pass., 23",,,,,41.234182,69.320598,,,,,,,,,,,,,GoldenPages,https://www.goldenpages.uz/en/company/?Id=54635,1,single,C,,auto_unverified,point,,"2026-07-19 00:15:46"
SEED000275,OLTINTOPGAN,mahallas,махалля,Bektemir,"100033, Tashkent, Bektemir district, J.Toshkandiy Street, 40A",,,,,41.22666,69.330826,,,,,,,,,,,,,GoldenPages,https://www.goldenpages.uz/en/company/?Id=54636,1,single,C,,auto_unverified,point,,"2026-07-19 00:15:46"
SEED000276,ROKHAT,mahallas,махалля,Bektemir,"100213, Tashkent, Bektemir district, Bektemir block of flats, 32A",,,,,41.253939,69.377798,,,,,,,,,,,,,GoldenPages,https://www.goldenpages.uz/en/company/?Id=54637,1,single,C,,auto_unverified,point,,"2026-07-19 00:15:46"
SEED000277,CHASHMA,mahallas,махалля,Bektemir,"100213, Tashkent, Bektemir district, Rohat Street,",,,,,41.249597,69.371792,,,,,,,,,,,,,GoldenPages,https://www.goldenpages.uz/en/company/?Id=54638,1,single,C,,auto_unverified,point,,"2026-07-19 00:15:46"
SEED000278,MOVAROUNNAHR,mahallas,махалля,Mirabad,"100060, Tashkent, Mirabad district, Moshtabib Street, 1A",,,,,41.30004,69.289508,,,,,,,,,,,,,GoldenPages,https://www.goldenpages.uz/en/company/?Id=54639,1,single,C,,auto_unverified,point,,"2026-07-19 00:15:46"
SEED000279,SALAR,mahallas,махалля,Mirabad,"100060, Tashkent, Mirabad district, Nukus Street, 29A",,,,,41.293781,69.281998,,,,,,,,,,,,,GoldenPages,https://www.goldenpages.uz/en/company/?Id=54640,1,single,C,,auto_unverified,point,,"2026-07-19 00:15:46"
SEED000280,AT-TERMIZIY,mahallas,махалля,Mirabad,"100031, Tashkent, Mirabad district, Afrosiab Street, 6",,,,,41.301783,69.268512,,,,,,,,,,,,,GoldenPages,https://www.goldenpages.uz/en/company/?Id=54641,1,single,C,,auto_unverified,point,,"2026-07-19 00:15:46"
SEED000281,FAROVON,mahallas,махалля,Mirabad,"100031, Tashkent, Mirabad district, Afrosiab Street, 12",,,,,41.299664,69.270892,,,,,,,,,,,,,GoldenPages,https://www.goldenpages.uz/en/company/?Id=54642,1,single,C,,auto_unverified,point,,"2026-07-19 00:15:46"
SEED000282,A.AVLONIY,mahallas,махалля,Mirabad,"100015, Tashkent, Mirabad district, Avliyo Ota Street, Gospitalniy block of flats, 37A",,,,,41.29256,69.273554,,,,,,,,,,,,,GoldenPages,https://www.goldenpages.uz/en/company/?Id=54643,1,single,C,,auto_unverified,point,,"2026-07-19 00:15:46"
SEED000283,"TONG YULDUZI",mahallas,махалля,Mirabad,"100105, Tashkent, Mirabad district, Saykhun Street, 12",,,,,41.286206,69.298133,,,,,,,,,,,,,GoldenPages,https://www.goldenpages.uz/en/company/?Id=54646,1,single,C,,auto_unverified,point,,"2026-07-19 00:15:46"
SEED000284,KORASUV,mahallas,махалля,Mirabad,"100072, Tashkent, Mirabad district, 2nd Altynkul pass., 113",,,,,41.269414,69.305691,,,,,,,,,,,,,GoldenPages,https://www.goldenpages.uz/en/company/?Id=54647,1,single,C,,auto_unverified,point,,"2026-07-19 00:15:46"
SEED000285,CHINOR,mahallas,махалля,Mirabad,"100080, Tashkent, Mirabad district, Kuylyuk-1 block of flats, 3",,,,,41.245708,69.311091,,,,,,,,,,,,,GoldenPages,https://www.goldenpages.uz/en/company/?Id=54648,1,single,C,,auto_unverified,point,,"2026-07-19 00:15:46"
SEED000286,TOLARIK,mahallas,махалля,Mirabad,"100198, Tashkent, Mirabad district, Kuylyuk-4 block of flats, 40A",,,,,41.248184,69.305306,,,,,,,,,,,,,GoldenPages,https://www.goldenpages.uz/en/company/?Id=54649,1,single,C,,auto_unverified,point,,"2026-07-19 00:15:46"
SEED000287,"YANGI KUYLIK",mahallas,махалля,Mirabad,"100198, Tashkent, Mirabad district, Kuylyuk-4 block of flats, 11A",,,,,41.246513,69.306567,,,,,,,,,,,,,GoldenPages,https://www.goldenpages.uz/en/company/?Id=54650,1,single,C,,auto_unverified,point,,"2026-07-19 00:15:46"
SEED000288,ASAKA,mahallas,махалля,Mirzo-Ulugbek,"100000, Tashkent, Mirzo Ulugbek district, Tamara Khanum Street, 3/1",,,,,41.318327,69.302091,,,,,,,,,,,,,GoldenPages,https://www.goldenpages.uz/en/company/?Id=54651,1,single,C,,auto_unverified,point,,"2026-07-19 00:15:46"
SEED000289,ALPOMISH,mahallas,махалля,Mirzo-Ulugbek,"100187, Tashkent, Mirzo Ulugbek district, Ravon Street, 23",,,,,41.329332,69.349567,,,,,,,,,,,,,GoldenPages,https://www.goldenpages.uz/en/company/?Id=54654,1,single,C,,auto_unverified,point,,"2026-07-19 00:15:46"
SEED000290,"BUYUK IPAK YULI",mahallas,махалля,Mirzo-Ulugbek,"100170, Tashkent, Mirzo Ulugbek district, 5th Sayram pass., 4A",,,,,41.329612,69.323346,,,,,,,,,,,,,GoldenPages,https://www.goldenpages.uz/en/company/?Id=54655,1,single,C,,auto_unverified,point,,"2026-07-19 00:15:46"
SEED000291,SHURTEPA,mahallas,махалля,Mirzo-Ulugbek,"100187, Tashkent, Mirzo Ulugbek district, Ukituvchi Street, 15",,,,,41.337587,69.366312,,,,,,,,,,,,,GoldenPages,https://www.goldenpages.uz/en/company/?Id=54656,1,single,C,,auto_unverified,point,,"2026-07-19 00:15:46"
SEED000292,YALANGOCH,mahallas,махалля,Mirzo-Ulugbek,"100142, Tashkent, Mirzo Ulugbek district, Buyuk Ipak Yuli Street, 374",,,,,41.347489,69.366677,,,,,,,,,,,,,GoldenPages,https://www.goldenpages.uz/en/company/?Id=54657,1,single,C,,auto_unverified,point,,"2026-07-19 00:15:46"
SEED000293,SHALOLA,mahallas,махалля,Mirzo-Ulugbek,"100142, Tashkent, Mirzo Ulugbek district, Shalol Street, 19",,,,,41.350318,69.364172,,,,,,,,,,,,,GoldenPages,https://www.goldenpages.uz/en/company/?Id=54658,1,single,C,,auto_unverified,point,,"2026-07-19 00:15:46"
SEED000294,"KATTA KORASUV",mahallas,махалля,Mirzo-Ulugbek,"100187, Tashkent, Mirzo Ulugbek district, Karasu-3 block of flats, 17A",,,,,41.332375,69.371486,,,,,,,,,,,,,GoldenPages,https://www.goldenpages.uz/en/company/?Id=54660,1,single,C,,auto_unverified,point,,"2026-07-19 00:15:46"
SEED000295,UYGONISH,mahallas,махалля,Mirzo-Ulugbek,"100142, Tashkent, Mirzo Ulugbek district, Yuzrabot Street, TTZ-2 block of flats, 27",,,,,41.356794,69.382336,,,,,,,,,,,,,GoldenPages,https://www.goldenpages.uz/en/company/?Id=54661,1,single,C,,auto_unverified,point,,"2026-07-19 00:15:46"
SEED000296,"YANGI AVAYKHON",mahallas,махалля,Mirzo-Ulugbek,"100050, Tashkent, Mirzo Ulugbek district, Avaykhon Street, 18",,,,,41.321381,69.359101,,,,,,,,,,,,,GoldenPages,https://www.goldenpages.uz/en/company/?Id=54664,1,single,C,,auto_unverified,point,,"2026-07-19 00:15:46"
SEED000297,CHILTUGON,mahallas,махалля,Olmazor,"100019, Tashkent, Almazar district, Usta Alim Street, Ahmad Donish Street, 49",,,,,41.343095,69.257059,,,,,,,,,,,,,GoldenPages,https://www.goldenpages.uz/en/company/?Id=54665,1,single,C,,auto_unverified,point,,"2026-07-19 00:15:46"
SEED000298,QUYOSH,mahallas,махалля,Olmazor,"100174, Tashkent, Almazar district, 2nd Okhakchi dead end, Beruni, B-3 Street, 3",,,,,41.337929,69.214333,,,,,,,,,,,,,GoldenPages,https://www.goldenpages.uz/en/company/?Id=54666,1,single,C,,auto_unverified,point,,"2026-07-19 00:15:46"
SEED000299,CHAMANBOG,mahallas,махалля,Olmazor,"100179, Tashkent, Almazar district, Beshkurgan-3 block of flats, 36/53",,,,,41.369741,69.193796,,,,,,,,,,,,,GoldenPages,https://www.goldenpages.uz/en/company/?Id=54667,1,single,C,,auto_unverified,point,,"2026-07-19 00:15:46"
SEED000300,ALLON,mahallas,махалля,Olmazor,"100095, Tashkent, Almazar district, Farobi Street, 280",,,,,41.340861,69.216066,,,,,,,,,,,,,GoldenPages,https://www.goldenpages.uz/en/company/?Id=54668,1,single,C,,auto_unverified,point,,"2026-07-19 00:15:46"
SEED000301,AKHIL,mahallas,махалля,Olmazor,"100193, Tashkent, Almazar district, 1st Uzumbog pass., 1/2",,,,,41.382032,69.219414,,,,,,,,,,,,,GoldenPages,https://www.goldenpages.uz/en/company/?Id=54669,1,single,C,,auto_unverified,point,,"2026-07-19 00:15:46"
SEED000302,BERUNIY,mahallas,махалля,Olmazor,"100179, Tashkent, Almazar district, 1st Kamarniso pass., 2",,,,,41.358586,69.192981,,,,,,,,,,,,,GoldenPages,https://www.goldenpages.uz/en/company/?Id=54670,1,single,C,,auto_unverified,point,,"2026-07-19 00:15:46"
SEED000303,GURUCHARIK,mahallas,махалля,Olmazor,"100069, Tashkent, Almazar district, Karasarayskaya Street, 219А",,,,,41.345537,69.241089,,,,,,,,,,,,,GoldenPages,https://www.goldenpages.uz/en/company/?Id=54671,1,single,C,,auto_unverified,point,,"2026-07-19 00:15:46"
SEED000304,GULSAROY,mahallas,махалля,Olmazor,"100098, Tashkent, Almazar district, Karakamish-1/4 block of flats, 17A",,,,,41.363199,69.233368,,,,,,,,,,,,,GoldenPages,https://www.goldenpages.uz/en/company/?Id=54673,1,single,C,,auto_unverified,point,,"2026-07-19 00:15:46"
SEED000305,"ISLOM OTA",mahallas,махалля,Olmazor,"100098, Tashkent, Almazar district, Karakamish-1/2 block of flats, 1/1",,,,,41.356283,69.236692,,,,,,,,,,,,,GoldenPages,https://www.goldenpages.uz/en/company/?Id=54674,1,single,C,,auto_unverified,point,,"2026-07-19 00:15:46"
SEED000306,"YANGI TASHKENT",mahallas,махалля,Olmazor,"100175, Tashkent, Almazar district, Keles Yuli Street, 3A",,,,,41.367092,69.224514,,,,,,,,,,,,,GoldenPages,https://www.goldenpages.uz/en/company/?Id=54675,1,single,C,,auto_unverified,point,,"2026-07-19 00:15:46"
SEED000307,NIKHOL,mahallas,махалля,Olmazor,"100175, Tashkent, Almazar district, Pulat Khafiz Street, 11",,,,,41.373868,69.210051,,,,,,,,,,,,,GoldenPages,https://www.goldenpages.uz/en/company/?Id=54678,1,single,C,,auto_unverified,point,,"2026-07-19 00:15:46"
SEED000308,SEBZOR,mahallas,махалля,Olmazor,"100019, Tashkent, Almazar district, Sebzar block of flats, 21A",,,,,41.334398,69.250678,,,,,,,,,,,,,GoldenPages,https://www.goldenpages.uz/en/company/?Id=54679,1,single,C,,auto_unverified,point,,"2026-07-19 00:15:46"
SEED000309,UMID,mahallas,махалля,Olmazor,"100175, Tashkent, Almazar district, Karakamish-2/3 block of flats, 9",,,,,41.369256,69.215864,,,,,,,,,,,,,GoldenPages,https://www.goldenpages.uz/en/company/?Id=54680,1,single,C,,auto_unverified,point,,"2026-07-19 00:15:46"
SEED000310,"CHIGATOY DARVOZA",mahallas,махалля,Olmazor,"100002, Tashkent, Almazar district, Farobi Street, 154",,,,,41.334084,69.228123,,,,,,,,,,,,,GoldenPages,https://www.goldenpages.uz/en/company/?Id=54682,1,single,C,,auto_unverified,point,,"2026-07-19 00:15:46"
SEED000311,"CHIGATOY OKTEPA",mahallas,махалля,Olmazor,"100174, Tashkent, Almazar district, Farobi Street, 416",,,,,41.350299,69.188408,,,,,,,,,,,,,GoldenPages,https://www.goldenpages.uz/en/company/?Id=54683,1,single,C,,auto_unverified,point,,"2026-07-19 00:15:46"
SEED000312,KICHKIRIK,mahallas,махалля,Olmazor,"100098, Tashkent, Almazar district, Karakamish-1/3 block of flats, 40/14",,,,,41.358311,69.227577,,,,,,,,,,,,,GoldenPages,https://www.goldenpages.uz/en/company/?Id=54684,1,single,C,,auto_unverified,point,,"2026-07-19 00:15:46"
SEED000313,SHODIYONA,mahallas,махалля,Olmazor,"100178, Tashkent, Almazar district, Karakamish-2/5 block of flats, 17",,,,,41.359082,69.211191,,,,,,,,,,,,,GoldenPages,https://www.goldenpages.uz/en/company/?Id=54685,1,single,C,,auto_unverified,point,,"2026-07-19 00:15:46"
SEED000314,GALABA,mahallas,махалля,Olmazor,"100178, Tashkent, Almazar district, 3rd Karakamish Street, 2B",,,,,41.37091,69.208782,,,,,,,,,,,,,GoldenPages,https://www.goldenpages.uz/en/company/?Id=54686,1,single,C,,auto_unverified,point,,"2026-07-19 00:15:46"
SEED000315,"YANGI SEBZOR",mahallas,махалля,Olmazor,"100019, Tashkent, Almazar district, Sebzar block of flats, 13/18",,,,,41.332504,69.246423,,,,,,,,,,,,,GoldenPages,https://www.goldenpages.uz/en/company/?Id=54687,1,single,C,,auto_unverified,point,,"2026-07-19 00:15:46"
SEED000316,NAVKIRON,mahallas,махалля,Yangihayot,"100012, Tashkent, Yangihayot district, Sergeli-1 block of flats, 35A",,,,,41.206431,69.215607,,,,,,,,,,,,,GoldenPages,https://www.goldenpages.uz/en/company/?Id=54688,1,single,C,,auto_unverified,point,,"2026-07-19 00:15:46"
SEED000317,ITTIFOK,mahallas,махалля,Sergeli,"100012, Tashkent, Sergeli district, Sergeli-2 block of flats, 58",,,,,41.211501,69.227527,,,,,,,,,,,,,GoldenPages,https://www.goldenpages.uz/en/company/?Id=54689,1,single,C,,auto_unverified,point,,"2026-07-19 00:15:46"
SEED000318,SAKHOVAT,mahallas,махалля,Sergeli,"100209, Tashkent, Sergeli district, Sergeli-4 block of flats, 7A",,,,,41.215663,69.237789,,,,,,,,,,,,,GoldenPages,https://www.goldenpages.uz/en/company/?Id=54690,1,single,C,,auto_unverified,point,,"2026-07-19 00:15:46"
SEED000319,YULDOSH,mahallas,махалля,Yangihayot,"100102, Tashkent, Yangihayot district, Sputnik-9 block of flats, 62",,,,,41.196686,69.227882,,,,,,,,,,,,,GoldenPages,https://www.goldenpages.uz/en/company/?Id=54691,1,single,C,,auto_unverified,point,,"2026-07-19 00:15:46"
SEED000320,"YORKIN KHAYOT",mahallas,махалля,Yangihayot,"100102, Tashkent, Yangihayot district, Sputnik-16 block of flats, Kipchak Street, 37",,,,,41.19891,69.206447,,,,,,,,,,,,,GoldenPages,https://www.goldenpages.uz/en/company/?Id=54692,1,single,C,,auto_unverified,point,,"2026-07-19 00:15:46"
SEED000321,"YANGI SERGELI",mahallas,махалля,Sergeli,"100085, Tashkent, Sergeli district, Sergeli-8 block of flats, 5A",,,,,41.222029,69.220319,,,,,,,,,,,,,GoldenPages,https://www.goldenpages.uz/en/company/?Id=54693,1,single,C,,auto_unverified,point,,"2026-07-19 00:15:46"
SEED000322,EZGULIK,mahallas,махалля,Sergeli,"100085, Tashkent, Sergeli district, Sergeli-8A block of flats,",,,,,41.225318,69.21782,,,,,,,,,,,,,GoldenPages,https://www.goldenpages.uz/en/company/?Id=54694,1,single,C,,auto_unverified,point,,"2026-07-19 00:15:46"
SEED000323,MADADKOR,mahallas,махалля,Sergeli,"100085, Tashkent, Sergeli district, Sergeli-7 block of flats, 29B",,,,,41.221069,69.210077,,,,,,,,,,,,,GoldenPages,https://www.goldenpages.uz/en/company/?Id=54695,1,single,C,,auto_unverified,point,,"2026-07-19 00:15:46"
SEED000324,SOKHIBKIRON,mahallas,махалля,Sergeli,"100085, Tashkent, Sergeli district, Sergeli-8 block of flats, 3A",,,,,41.219557,69.222439,,,,,,,,,,,,,GoldenPages,https://www.goldenpages.uz/en/company/?Id=54696,1,single,C,,auto_unverified,point,,"2026-07-19 00:15:46"
SEED000325,SHUKRONA,mahallas,махалля,Sergeli,"100198, Tashkent, Sergeli district, Kuylyuk-7 block of flats, 4A",,,,,41.245519,69.285716,,,,,,,,,,,,,GoldenPages,https://www.goldenpages.uz/en/company/?Id=54697,1,single,C,,auto_unverified,point,,"2026-07-19 00:15:46"
SEED000326,KHALKOBAD,mahallas,махалля,Sergeli,"100198, Tashkent, Sergeli district, Kuylyuk-5 block of flats, 51A",,,,,41.25049,69.298505,,,,,,,,,,,,,GoldenPages,https://www.goldenpages.uz/en/company/?Id=54698,1,single,C,,auto_unverified,point,,"2026-07-19 00:15:46"
SEED000327,"DARYO BUYI",mahallas,махалля,Sergeli,"100155, Tashkent, Sergeli district, Daryo Buyi Street, 66A",,,,,41.198576,69.24945,,,,,,,,,,,,,GoldenPages,https://www.goldenpages.uz/en/company/?Id=54699,1,single,C,,auto_unverified,point,,"2026-07-19 00:15:46"
SEED000328,"NOGAY KURGON",mahallas,махалля,Sergeli,"100160, Tashkent, Sergeli district, Mokhidil Street, 14",,,,,41.250365,69.222524,,,,,,,,,,,,,GoldenPages,https://www.goldenpages.uz/en/company/?Id=54701,1,single,C,,auto_unverified,point,,"2026-07-19 00:15:46"
SEED000329,UZGARISH,mahallas,махалля,Sergeli,"100088, Tashkent, Sergeli district, Sergeli-5 block of flats, 45A",,,,,41.226487,69.206664,,,,,,,,,,,,,GoldenPages,https://www.goldenpages.uz/en/company/?Id=54702,1,single,C,,auto_unverified,point,,"2026-07-19 00:15:46"
SEED000330,"OLTIN VODIY",mahallas,махалля,Sergeli,"100044, Tashkent, Sergeli district, Oltin Vodiy Street, 8A",,,,,41.260565,69.250825,,,,,,,,,,,,,GoldenPages,https://www.goldenpages.uz/en/company/?Id=54703,1,single,C,,auto_unverified,point,,"2026-07-19 00:15:46"
SEED000331,NILUFAR,mahallas,махалля,Sergeli,"100012, Tashkent, Sergeli district, Sergeli-2 block of flats, 38A",,,,,41.210791,69.225658,,,,,,,,,,,,,GoldenPages,https://www.goldenpages.uz/en/company/?Id=54704,1,single,C,,auto_unverified,point,,"2026-07-19 00:15:46"
SEED000332,KUM-ARIK,mahallas,махалля,Sergeli,"100160, Tashkent, Sergeli district, Obirakhmat Street, 23",,,,,41.252023,69.256186,,,,,,,,,,,,,GoldenPages,https://www.goldenpages.uz/en/company/?Id=54705,1,single,C,,auto_unverified,point,,"2026-07-19 00:15:46"
SEED000333,KIPCHOK,mahallas,махалля,Sergeli,"100209, Tashkent, Sergeli district, Kipchak Street, 20A",,,,,41.215287,69.24169,,,,,,,,,,,,,GoldenPages,https://www.goldenpages.uz/en/company/?Id=54706,1,single,C,,auto_unverified,point,,"2026-07-19 00:15:46"
SEED000334,MADANIYAT,mahallas,махалля,Sergeli,"100198, Tashkent, Sergeli district, Kuylyuk-5 block of flats, 21A",,,,,41.245486,69.297135,,,,,,,,,,,,,GoldenPages,https://www.goldenpages.uz/en/company/?Id=54707,1,single,C,,auto_unverified,point,,"2026-07-19 00:15:46"
SEED000335,ASROBOD,mahallas,махалля,Sergeli,"100198, Tashkent, Sergeli district, Moniy Street, 189",,,,,41.246198,69.273368,,,,,,,,,,,,,GoldenPages,https://www.goldenpages.uz/en/company/?Id=54708,1,single,C,,auto_unverified,point,,"2026-07-19 00:15:46"
SEED000336,"KUSH KURGON",mahallas,махалля,Sergeli,"100198, Tashkent, Sergeli district, Kushkurgan Street, 58",,,,,41.249754,69.279861,,,,,,,,,,,,,GoldenPages,https://www.goldenpages.uz/en/company/?Id=54710,1,single,C,,auto_unverified,point,,"2026-07-19 00:15:46"
SEED000337,SOFDIL,mahallas,махалля,Sergeli,"100085, Tashkent, Sergeli district, Sofdil Street, 10A",,,,,41.216986,69.222393,,,,,,,,,,,,,GoldenPages,https://www.goldenpages.uz/en/company/?Id=54712,1,single,C,,auto_unverified,point,,"2026-07-19 00:15:46"
SEED000338,MEHRIGIYO,mahallas,махалля,Sergeli,"100088, Tashkent, Sergeli district, Sergeli-6 block of flats,",,,,,41.226471,69.215293,,,,,,,,,,,,,GoldenPages,https://www.goldenpages.uz/en/company/?Id=54713,1,single,C,,auto_unverified,point,,"2026-07-19 00:15:46"
SEED000339,ZIYNAT,mahallas,махалля,Sergeli,"100085, Tashkent, Sergeli district, Sergeli-7 block of flats, Shakirarik Street, 1A",,,,,41.21641,69.213547,,,,,,,,,,,,,GoldenPages,https://www.goldenpages.uz/en/company/?Id=54714,1,single,C,,auto_unverified,point,,"2026-07-19 00:15:46"
SEED000340,CHAROGON,mahallas,махалля,Yangihayot,"100102, Tashkent, Yangihayot district, Dustlik-2 block of flats, 24A",,,,,41.193232,69.206592,,,,,,,,,,,,,GoldenPages,https://www.goldenpages.uz/en/company/?Id=54716,1,single,C,,auto_unverified,point,,"2026-07-19 00:15:46"
SEED000341,CHOSHTEPA,mahallas,махалля,Sergeli,"100149, Tashkent, Sergeli district, Chashtepa Street, 316",,,,,41.232526,69.18517,,,,,,,,,,,,,GoldenPages,https://www.goldenpages.uz/en/company/?Id=54717,1,single,C,,auto_unverified,point,,"2026-07-19 00:15:46"
SEED000342,DUSTLIK,mahallas,махалля,Yangihayot,"100102, Tashkent, Yangihayot district, Dustlik-2 block of flats, 2A",,,,,41.19164,69.208176,,,,,,,,,,,,,GoldenPages,https://www.goldenpages.uz/en/company/?Id=54719,1,single,C,,auto_unverified,point,,"2026-07-19 00:15:46"
SEED000343,AL-FERGHANI,mahallas,махалля,Yangihayot,"100102, Tashkent, Yangihayot district, Sputnik-7 block of flats, 5",,,,,41.204985,69.228995,,,,,,,,,,,,,GoldenPages,https://www.goldenpages.uz/en/company/?Id=54720,1,single,C,,auto_unverified,point,,"2026-07-19 00:15:46"
SEED000344,UCHUVCHILAR,mahallas,махалля,Sergeli,"100167, Tashkent, Sergeli district, Uchuvchilar Shaharchasi block of flats, 76",,,,,41.268169,69.279561,,,,,,,,,,,,,GoldenPages,https://www.goldenpages.uz/en/company/?Id=54721,1,single,C,,auto_unverified,point,,"2026-07-19 00:15:46"
SEED000345,DEGREZ,mahallas,махалля,Uchtepa,"100132, Tashkent, Uchtepa district, 3rd Kuvnok pass., 9",,,,,41.323516,69.185124,,,,,,,,,,,,,GoldenPages,https://www.goldenpages.uz/en/company/?Id=54722,1,single,C,,auto_unverified,point,,"2026-07-19 00:15:46"
SEED000346,"KOR YOGDI",mahallas,махалля,Uchtepa,"100132, Tashkent, Uchtepa district, Sadokat Street, 1",,,,,41.323212,69.175244,,,,,,,,,,,,,GoldenPages,https://www.goldenpages.uz/en/company/?Id=54723,1,single,C,,auto_unverified,point,,"2026-07-19 00:15:46"
SEED000347,ISTIROKHAT,mahallas,махалля,Uchtepa,"100132, Tashkent, Uchtepa district, Shamsiya Street, 38",,,,,41.323951,69.163488,,,,,,,,,,,,,GoldenPages,https://www.goldenpages.uz/en/company/?Id=54724,1,single,C,,auto_unverified,point,,"2026-07-19 00:15:46"
SEED000348,IBRAT,mahallas,махалля,Uchtepa,"100132, Tashkent, Uchtepa district, Bayrok Street, 35",,,,,41.314654,69.167109,,,,,,,,,,,,,GoldenPages,https://www.goldenpages.uz/en/company/?Id=54726,1,single,C,,auto_unverified,point,,"2026-07-19 00:15:46"
SEED000349,KHURSHID,mahallas,махалля,Uchtepa,"100132, Tashkent, Uchtepa district, 2nd Atoiy pass., 1",,,,,41.312065,69.15831,,,,,,,,,,,,,GoldenPages,https://www.goldenpages.uz/en/company/?Id=54728,1,single,C,,auto_unverified,point,,"2026-07-19 00:15:46"
SEED000350,"ABDULLA QODIRIY",mahallas,махалля,Uchtepa,"100151, Tashkent, Uchtepa district, 4th Zafari pass., 22",,,,,41.310299,69.177784,,,,,,,,,,,,,GoldenPages,https://www.goldenpages.uz/en/company/?Id=54730,1,single,C,,auto_unverified,point,,"2026-07-19 00:15:46"
SEED000351,DAVLATOBOD,mahallas,махалля,Uchtepa,"100106, Tashkent, Uchtepa district, Makhorat Street, 4",,,,,41.303145,69.170543,,,,,,,,,,,,,GoldenPages,https://www.goldenpages.uz/en/company/?Id=54732,1,single,C,,auto_unverified,point,,"2026-07-19 00:15:46"
SEED000352,CHAMANAZOR,mahallas,махалля,Uchtepa,"100106, Tashkent, Uchtepa district, Uchtepa Street, 90A",,,,,41.298416,69.165434,,,,,,,,,,,,,GoldenPages,https://www.goldenpages.uz/en/company/?Id=54733,1,single,C,,auto_unverified,point,,"2026-07-19 00:15:46"
SEED000353,KHOJIOBOD,mahallas,махалля,Uchtepa,"100106, Tashkent, Uchtepa district, 9th Sharof pass., 33",,,,,41.298505,69.154762,,,,,,,,,,,,,GoldenPages,https://www.goldenpages.uz/en/company/?Id=54734,1,single,C,,auto_unverified,point,,"2026-07-19 00:15:46"
SEED000354,"OK MACHIT",mahallas,махалля,Uchtepa,"100132, Tashkent, Uchtepa district, Chevar Street, 20",,,,,41.308494,69.15823,,,,,,,,,,,,,GoldenPages,https://www.goldenpages.uz/en/company/?Id=54735,1,single,C,,auto_unverified,point,,"2026-07-19 00:15:46"
SEED000355,"KUYI DARKHON",mahallas,махалля,Uchtepa,"100132, Tashkent, Uchtepa district, Chevar Street, 38A",,,,,41.308437,69.156218,,,,,,,,,,,,,GoldenPages,https://www.goldenpages.uz/en/company/?Id=54736,1,single,C,,auto_unverified,point,,"2026-07-19 00:15:46"
SEED000356,LATIFGUZOR,mahallas,махалля,Uchtepa,"100106, Tashkent, Uchtepa district, Sharaf pass., 87",,,,,41.30289,69.162476,,,,,,,,,,,,,GoldenPages,https://www.goldenpages.uz/en/company/?Id=54737,1,single,C,,auto_unverified,point,,"2026-07-19 00:15:46"
SEED000357,UCHTEPA,mahallas,махалля,Uchtepa,"100106, Tashkent, Uchtepa district, Makhzuna Street, 18",,,,,41.29505,69.156083,,,,,,,,,,,,,GoldenPages,https://www.goldenpages.uz/en/company/?Id=54739,1,single,C,,auto_unverified,point,,"2026-07-19 00:15:46"
SEED000358,PAKHTAKOR,mahallas,махалля,Uchtepa,"100151, Tashkent, Uchtepa district, Kukcha Darvaza Street, 55",,,,,41.311899,69.192516,,,,,,,,,,,,,GoldenPages,https://www.goldenpages.uz/en/company/?Id=54740,1,single,C,,auto_unverified,point,,"2026-07-19 00:15:46"
SEED000359,TAKACHI,mahallas,махалля,Uchtepa,"100106, Tashkent, Uchtepa district, Atoiy Street, 23A",,,,,41.305766,69.161125,,,,,,,,,,,,,GoldenPages,https://www.goldenpages.uz/en/company/?Id=54742,1,single,C,,auto_unverified,point,,"2026-07-19 00:15:46"
SEED000360,"KUKHNA CHUPONOTA",mahallas,махалля,Uchtepa,"100173, Tashkent, Uchtepa district, Chilanzar-13 block, 24A",,,,,41.293279,69.186797,,,,,,,,,,,,,GoldenPages,https://www.goldenpages.uz/en/company/?Id=54744,1,single,C,,auto_unverified,point,,"2026-07-19 00:15:46"
SEED000361,BOGISTON,mahallas,махалля,Uchtepa,"100173, Tashkent, Uchtepa district, Chilanzar-14 block, 12A",,,,,41.294885,69.191106,,,,,,,,,,,,,GoldenPages,https://www.goldenpages.uz/en/company/?Id=54746,1,single,C,,auto_unverified,point,,"2026-07-19 00:15:46"
SEED000362,GUZAR,mahallas,махалля,Uchtepa,"100173, Tashkent, Uchtepa district, Chilanzar-G9A block, 26/2",,,,,41.287733,69.190516,,,,,,,,,,,,,GoldenPages,https://www.goldenpages.uz/en/company/?Id=54748,1,single,C,,auto_unverified,point,,"2026-07-19 00:15:46"
SEED000363,UTKIR,mahallas,махалля,Uchtepa,"100132, Tashkent, Uchtepa district, 1st Nashriyot pass., 22A",,,,,41.319498,69.159534,,,,,,,,,,,,,GoldenPages,https://www.goldenpages.uz/en/company/?Id=54749,1,single,C,,auto_unverified,point,,"2026-07-19 00:15:46"
SEED000364,NISHABARIK,mahallas,махалля,Uchtepa,"100151, Tashkent, Uchtepa district, Hamkor Street, 18",,,,,41.320155,69.179877,,,,,,,,,,,,,GoldenPages,https://www.goldenpages.uz/en/company/?Id=54750,1,single,C,,auto_unverified,point,,"2026-07-19 00:15:46"
SEED000365,VATANPARVAR,mahallas,махалля,Uchtepa,"100131, Tashkent, Uchtepa district, Chilanzar-24 block, 33A",,,,,41.281288,69.17234,,,,,,,,,,,,,GoldenPages,https://www.goldenpages.uz/en/company/?Id=54751,1,single,C,,auto_unverified,point,,"2026-07-19 00:15:46"
SEED000366,BARKAMOL,mahallas,махалля,Yashnabad,"100204, Tashkent, Yashnabad district, Aviasozlar-2 block of flats, 60/1",,,,,41.283331,69.34771,,,,,,,,,,,,,GoldenPages,https://www.goldenpages.uz/en/company/?Id=54752,1,single,C,,auto_unverified,point,,"2026-07-19 00:15:46"
SEED000367,ALIMKENT,mahallas,махалля,Yashnabad,"100016, Tashkent, Yashnabad district, 1st Aviasozlar pass., 22A",,,,,41.294521,69.333998,,,,,,,,,,,,,GoldenPages,https://www.goldenpages.uz/en/company/?Id=54754,1,single,C,,auto_unverified,point,,"2026-07-19 00:15:46"
SEED000368,PARVOZ,mahallas,махалля,Yashnabad,"100204, Tashkent, Yashnabad district, Aviasozlar-1 block of flats, 7",,,,,41.289002,69.356612,,,,,,,,,,,,,GoldenPages,https://www.goldenpages.uz/en/company/?Id=54755,1,single,C,,auto_unverified,point,,"2026-07-19 00:15:46"
SEED000369,DILBOG,mahallas,махалля,Yashnabad,"100204, Tashkent, Yashnabad district, Aviasozlar-1 block of flats, 82A",,,,,41.285498,69.357051,,,,,,,,,,,,,GoldenPages,https://www.goldenpages.uz/en/company/?Id=54756,1,single,C,,auto_unverified,point,,"2026-07-19 00:15:46"
SEED000370,NAVRUZOBOD,mahallas,махалля,Yashnabad,"100171, Tashkent, Yashnabad district, Aviasozlar-4 block of flats, 6th Aviasozlar pass., 37/1",,,,,41.297112,69.34603,,,,,,,,,,,,,GoldenPages,https://www.goldenpages.uz/en/company/?Id=54757,1,single,C,,auto_unverified,point,,"2026-07-19 00:15:46"
SEED000371,AVIASOZLAR,mahallas,махалля,Yashnabad,"100016, Tashkent, Yashnabad district, Aviasozlar-3 block of flats, 16V",,,,,41.29113,69.336847,,,,,,,,,,,,,GoldenPages,https://www.goldenpages.uz/en/company/?Id=54758,1,single,C,,auto_unverified,point,,"2026-07-19 00:15:46"
SEED000372,ASALOBOD,mahallas,махалля,Yashnabad,"100204, Tashkent, Yashnabad district, Asalobod-2 block of flats, 113",,,,,41.280942,69.336126,,,,,,,,,,,,,GoldenPages,https://www.goldenpages.uz/en/company/?Id=54759,1,single,C,,auto_unverified,point,,"2026-07-19 00:15:46"
SEED000373,ILTIFOT,mahallas,махалля,Yashnabad,"100204, Tashkent, Yashnabad district, 58th Voenniy gorodok block of flats, 7A",,,,,41.279302,69.355721,,,,,,,,,,,,,GoldenPages,https://www.goldenpages.uz/en/company/?Id=54760,1,single,C,,auto_unverified,point,,"2026-07-19 00:15:46"
SEED000374,MUMTOZ,mahallas,махалля,Yashnabad,"100147, Tashkent, Yashnabad district, 3rd Mumroz pass., 3A",,,,,41.25051,69.32938,,,,,,,,,,,,,GoldenPages,https://www.goldenpages.uz/en/company/?Id=54762,1,single,C,,auto_unverified,point,,"2026-07-19 00:15:46"
SEED000375,KUYLIKOBOD,mahallas,махалля,Yashnabad,"100147, Tashkent, Yashnabad district, Tabibiy Street, 42",,,,,41.242837,69.331987,,,,,,,,,,,,,GoldenPages,https://www.goldenpages.uz/en/company/?Id=54763,1,single,C,,auto_unverified,point,,"2026-07-19 00:15:46"
SEED000376,UYSOZLAR,mahallas,махалля,Yashnabad,"100146, Tashkent, Yashnabad district, Ohangrabo block of flats, 26A",,,,,41.255082,69.340681,,,,,,,,,,,,,GoldenPages,https://www.goldenpages.uz/en/company/?Id=54764,1,single,C,,auto_unverified,point,,"2026-07-19 00:15:46"
SEED000377,"URTA MASJID",mahallas,махалля,Yashnabad,"100146, Tashkent, Yashnabad district, Baratxoja Street, Ohangrabo block of flats, 45",,,,,41.254373,69.345067,,,,,,,,,,,,,GoldenPages,https://www.goldenpages.uz/en/company/?Id=54765,1,single,C,,auto_unverified,point,,"2026-07-19 00:15:46"
SEED000378,BUNYODKOR,mahallas,махалля,Yashnabad,"100147, Tashkent, Yashnabad district, Muynak Street, 50A",,,,,41.261095,69.323134,,,,,,,,,,,,,GoldenPages,https://www.goldenpages.uz/en/company/?Id=54766,1,single,C,,auto_unverified,point,,"2026-07-19 00:15:46"
SEED000379,"YANGI DAVR",mahallas,махалля,Yashnabad,"100073, Tashkent, Yashnabad district, 1st Djarkurgan pass., 20A",,,,,41.268129,69.322006,,,,,,,,,,,,,GoldenPages,https://www.goldenpages.uz/en/company/?Id=54767,1,single,C,,auto_unverified,point,,"2026-07-19 00:15:46"
SEED000380,DJARKURGON,mahallas,махалля,Yashnabad,"100073, Tashkent, Yashnabad district, Zakhidov Street, 7A",,,,,41.269433,69.31924,,,,,,,,,,,,,GoldenPages,https://www.goldenpages.uz/en/company/?Id=54768,1,single,C,,auto_unverified,point,,"2026-07-19 00:15:46"
SEED000381,YANGIKURGON,mahallas,махалля,Yashnabad,"100116, Tashkent, Yashnabad district, 2nd Nigora pass., 67",,,,,41.263195,69.356704,,,,,,,,,,,,,GoldenPages,https://www.goldenpages.uz/en/company/?Id=54769,1,single,C,,auto_unverified,point,,"2026-07-19 00:15:46"
SEED000382,SHOKHIMARDON,mahallas,махалля,Yashnabad,"100116, Tashkent, Yashnabad district, Khusnobod Street, 90",,,,,41.276014,69.349445,,,,,,,,,,,,,GoldenPages,https://www.goldenpages.uz/en/company/?Id=54771,1,single,C,,auto_unverified,point,,"2026-07-19 00:15:46"
SEED000383,NODIRA,mahallas,махалля,Yashnabad,"100116, Tashkent, Yashnabad district, Iltifot Street, 73",,,,,41.277666,69.350069,,,,,,,,,,,,,GoldenPages,https://www.goldenpages.uz/en/company/?Id=54772,1,single,C,,auto_unverified,point,,"2026-07-19 00:15:46"
SEED000384,SHOKHSANAM,mahallas,махалля,Yashnabad,"100116, Tashkent, Yashnabad district, Zamondosh Street, 13",,,,,41.273996,69.358878,,,,,,,,,,,,,GoldenPages,https://www.goldenpages.uz/en/company/?Id=54773,1,single,C,,auto_unverified,point,,"2026-07-19 00:15:46"
SEED000385,OYDINKUL,mahallas,махалля,Yashnabad,"100116, Tashkent, Yashnabad district, 3rd Yangilik Street, 23",,,,,41.272596,69.353989,,,,,,,,,,,,,GoldenPages,https://www.goldenpages.uz/en/company/?Id=54774,1,single,C,,auto_unverified,point,,"2026-07-19 00:15:46"
SEED000386,YANGINUR,mahallas,махалля,Yashnabad,"100116, Tashkent, Yashnabad district, Yangilik Street, 36",,,,,41.270284,69.354126,,,,,,,,,,,,,GoldenPages,https://www.goldenpages.uz/en/company/?Id=54775,1,single,C,,auto_unverified,point,,"2026-07-19 00:15:46"
SEED000387,DONISHMAND,mahallas,махалля,Yashnabad,"100116, Tashkent, Yashnabad district, Murabbiy Street, 88",,,,,41.276295,69.356011,,,,,,,,,,,,,GoldenPages,https://www.goldenpages.uz/en/company/?Id=54777,1,single,C,,auto_unverified,point,,"2026-07-19 00:15:46"
SEED000388,TARVONBOSHI,mahallas,махалля,Yashnabad,"100116, Tashkent, Yashnabad district, Katta Yangiabad Street, 85",,,,,41.265342,69.35376,,,,,,,,,,,,,GoldenPages,https://www.goldenpages.uz/en/company/?Id=54779,1,single,C,,auto_unverified,point,,"2026-07-19 00:15:46"
SEED000389,"KATTA YANGIOBOD",mahallas,махалля,Yashnabad,"100116, Tashkent, Yashnabad district, Pakhlavan Street, 10",,,,,41.270934,69.349946,,,,,,,,,,,,,GoldenPages,https://www.goldenpages.uz/en/company/?Id=54780,1,single,C,,auto_unverified,point,,"2026-07-19 00:15:46"
SEED000390,KHOSIYATLI,mahallas,махалля,Yashnabad,"100116, Tashkent, Yashnabad district, Inkilob Street, 2",,,,,41.277541,69.340199,,,,,,,,,,,,,GoldenPages,https://www.goldenpages.uz/en/company/?Id=54781,1,single,C,,auto_unverified,point,,"2026-07-19 00:15:46"
SEED000391,KADRIYAT,mahallas,махалля,Yashnabad,"100016, Tashkent, Yashnabad district, Turtkul Street, 81",,,,,41.294485,69.330975,,,,,,,,,,,,,GoldenPages,https://www.goldenpages.uz/en/company/?Id=54782,1,single,C,,auto_unverified,point,,"2026-07-19 00:15:46"
SEED000392,MAKHMUR,mahallas,махалля,Yashnabad,"100016, Tashkent, Yashnabad district, 1st Maxmur by-st., 22",,,,,41.285226,69.334732,,,,,,,,,,,,,GoldenPages,https://www.goldenpages.uz/en/company/?Id=54783,1,single,C,,auto_unverified,point,,"2026-07-19 00:15:46"
SEED000393,"BESH BOLA",mahallas,махалля,Yashnabad,"100076, Tashkent, Yashnabad district, Makhzuna Street, 82A",,,,,41.275621,69.325756,,,,,,,,,,,,,GoldenPages,https://www.goldenpages.uz/en/company/?Id=54784,1,single,C,,auto_unverified,point,,"2026-07-19 00:15:46"
SEED000394,"AKHMAD YASSAVIY",mahallas,махалля,Yashnabad,"100076, Tashkent, Yashnabad district, 2nd Gijduvan pass., 26",,,,,41.284942,69.325352,,,,,,,,,,,,,GoldenPages,https://www.goldenpages.uz/en/company/?Id=54785,1,single,C,,auto_unverified,point,,"2026-07-19 00:15:46"
SEED000395,BOYSUN,mahallas,махалля,Yashnabad,"100076, Tashkent, Yashnabad district, Boysun Street, 9",,,,,41.279225,69.323406,,,,,,,,,,,,,GoldenPages,https://www.goldenpages.uz/en/company/?Id=54786,1,single,C,,auto_unverified,point,,"2026-07-19 00:15:46"
SEED000396,"MUKHTOR ASHRAFIY",mahallas,махалля,Yashnabad,"100076, Tashkent, Yashnabad district, Muhtar Ashrafiy Street, 34",,,,,41.274167,69.314544,,,,,,,,,,,,,GoldenPages,https://www.goldenpages.uz/en/company/?Id=54787,1,single,C,,auto_unverified,point,,"2026-07-19 00:15:46"
SEED000397,DJURABEK,mahallas,махалля,Yashnabad,"100076, Tashkent, Yashnabad district, Fargona Yuli Street, 95A",,,,,41.275228,69.312871,,,,,,,,,,,,,GoldenPages,https://www.goldenpages.uz/en/company/?Id=54788,1,single,C,,auto_unverified,point,,"2026-07-19 00:15:46"
SEED000398,MARIFAT,mahallas,махалля,Yashnabad,"100105, Tashkent, Yashnabad district, unknown Street,",,,,,41.291777,69.303479,,,,,,,,,,,,,GoldenPages,https://www.goldenpages.uz/en/company/?Id=54789,1,single,C,,auto_unverified,point,,"2026-07-19 00:15:46"
SEED000399,SHIRINOBOD,mahallas,махалля,Yashnabad,"100076, Tashkent, Yashnabad district, Oshskaya Street, 10",,,,,41.289209,69.317402,,,,,,,,,,,,,GoldenPages,https://www.goldenpages.uz/en/company/?Id=54790,1,single,C,,auto_unverified,point,,"2026-07-19 00:15:46"
SEED000400,MASHINASOZLAR,mahallas,махалля,Yashnabad,"100047, Tashkent, Yashnabad district, Mirzo Ulugbek avenue, 3A",,,,,41.309509,69.310576,,,,,,,,,,,,,GoldenPages,https://www.goldenpages.uz/en/company/?Id=54791,1,single,C,,auto_unverified,point,,"2026-07-19 00:15:46"
SEED000401,BOYKURGON,mahallas,махалля,Yashnabad,"100007, Tashkent, Yashnabad district, Baykurgan Street, 11/1",,,,,41.313248,69.31255,,,,,,,,,,,,,GoldenPages,https://www.goldenpages.uz/en/company/?Id=54793,1,single,C,,auto_unverified,point,,"2026-07-19 00:15:46"
SEED000402,SEMURG,mahallas,махалля,Yashnabad,"100007, Tashkent, Yashnabad district, M.Riyozi Street, 30B",,,,,41.31414,69.325576,,,,,,,,,,,,,GoldenPages,https://www.goldenpages.uz/en/company/?Id=54794,1,single,C,,auto_unverified,point,,"2026-07-19 00:15:46"
SEED000403,ISTIKLOL,mahallas,махалля,Yashnabad,"100007, Tashkent, Yashnabad district, M.Riyozi block of flats, 7A",,,,,41.312628,69.326781,,,,,,,,,,,,,GoldenPages,https://www.goldenpages.uz/en/company/?Id=54795,1,single,C,,auto_unverified,point,,"2026-07-19 00:15:46"
SEED000404,DUSTOBOD,mahallas,махалля,Yashnabad,"100007, Tashkent, Yashnabad district, 1st Sandikli pass., 15",,,,,41.310167,69.329027,,,,,,,,,,,,,GoldenPages,https://www.goldenpages.uz/en/company/?Id=54796,1,single,C,,auto_unverified,point,,"2026-07-19 00:15:46"
SEED000405,VATANDOSH,mahallas,махалля,Yashnabad,"100207, Tashkent, Yashnabad district, Tuzel-2 block of flats, 8A",,,,,41.292942,69.358778,,,,,,,,,,,,,GoldenPages,https://www.goldenpages.uz/en/company/?Id=54797,1,single,C,,auto_unverified,point,,"2026-07-19 00:15:46"
SEED000406,"AMIR TEMUR",mahallas,махалля,Yashnabad,"100207, Tashkent, Yashnabad district, Tuzel-1 block of flats, 39A",,,,,41.297298,69.359755,,,,,,,,,,,,,GoldenPages,https://www.goldenpages.uz/en/company/?Id=54798,1,single,C,,auto_unverified,point,,"2026-07-19 00:15:46"
SEED000407,BIRLASHGAN,mahallas,махалля,Yashnabad,"100171, Tashkent, Yashnabad district, Birlashgan Street, 20",,,,,41.290098,69.347366,,,,,,,,,,,,,GoldenPages,https://www.goldenpages.uz/en/company/?Id=54799,1,single,C,,auto_unverified,point,,"2026-07-19 00:15:46"
SEED000408,TUZEL,mahallas,махалля,Yashnabad,"100207, Tashkent, Yashnabad district, Tuzel-1 block of flats, 20A",,,,,41.298473,69.357867,,,,,,,,,,,,,GoldenPages,https://www.goldenpages.uz/en/company/?Id=54801,1,single,C,,auto_unverified,point,,"2026-07-19 00:15:46"
SEED000409,TONG,mahallas,махалля,Yashnabad,"100207, Tashkent, Yashnabad district, Tuzel-2 block of flats, 18B",,,,,41.291994,69.361896,,,,,,,,,,,,,GoldenPages,https://www.goldenpages.uz/en/company/?Id=54803,1,single,C,,auto_unverified,point,,"2026-07-19 00:15:46"
SEED000410,MOKHINUR,mahallas,махалля,Yashnabad,"100207, Tashkent, Yashnabad district, Tuzel-3 block of flats, 1A",,,,,41.294405,69.365202,,,,,,,,,,,,,GoldenPages,https://www.goldenpages.uz/en/company/?Id=54805,1,single,C,,auto_unverified,point,,"2026-07-19 00:15:46"
SEED000411,AL-BUKHORIY,mahallas,махалля,Yashnabad,"100207, Tashkent, Yashnabad district, Tuzel-3 block of flats, 16A",,,,,41.292467,69.367974,,,,,,,,,,,,,GoldenPages,https://www.goldenpages.uz/en/company/?Id=54806,1,single,C,,auto_unverified,point,,"2026-07-19 00:15:46"
SEED000412,"KATTA DOMBIROBOD",mahallas,махалля,Chilanzar,"100185, Tashkent, Chilanzar district, 1st Usmir pass., 2",,,,,41.263612,69.205723,,,,,,,,,,,,,GoldenPages,https://www.goldenpages.uz/en/company/?Id=54807,1,single,C,,auto_unverified,point,,"2026-07-19 00:15:46"
SEED000413,"1-CHARKH KAMOLON",mahallas,махалля,Chilanzar,"100043, Tashkent, Chilanzar district, Zukhur Palvan Street, 8A",,,,,41.295864,69.234332,,,,,,,,,,,,,GoldenPages,https://www.goldenpages.uz/en/company/?Id=54808,1,single,C,,auto_unverified,point,,"2026-07-19 00:15:46"
SEED000414,"2-CHARKH KAMOLON",mahallas,махалля,Chilanzar,"100043, Tashkent, Chilanzar district, Shark Tongi Street, 21A",,,,,41.298816,69.228124,,,,,,,,,,,,,GoldenPages,https://www.goldenpages.uz/en/company/?Id=54809,1,single,C,,auto_unverified,point,,"2026-07-19 00:15:46"
SEED000415,"3-CHARKH KAMOLON",mahallas,махалля,Chilanzar,"100043, Tashkent, Chilanzar district, Takhir Street, 75A",,,,,41.298511,69.219343,,,,,,,,,,,,,GoldenPages,https://www.goldenpages.uz/en/company/?Id=54810,1,single,C,,auto_unverified,point,,"2026-07-19 00:15:46"
SEED000416,KHAYROBOD,mahallas,махалля,Chilanzar,"100117, Tashkent, Chilanzar district, 3rd Sh.Gulyamov pass., 13",,,,,41.263656,69.178865,,,,,,,,,,,,,GoldenPages,https://www.goldenpages.uz/en/company/?Id=54811,1,single,C,,auto_unverified,point,,"2026-07-19 00:15:46"
SEED000417,TIRSAKOBOD,mahallas,махалля,Chilanzar,"100149, Tashkent, Chilanzar district, 2nd Tirsakobod pass., 7",,,,,41.247928,69.201676,,,,,,,,,,,,,GoldenPages,https://www.goldenpages.uz/en/company/?Id=54813,1,single,C,,auto_unverified,point,,"2026-07-19 00:15:46"
SEED000418,"SHARK TONGI",mahallas,махалля,Chilanzar,"100117, Tashkent, Chilanzar district, 2-nd Gulistan Street, 62",,,,,41.266928,69.170984,,,,,,,,,,,,,GoldenPages,https://www.goldenpages.uz/en/company/?Id=54815,1,single,C,,auto_unverified,point,,"2026-07-19 00:15:46"
SEED000419,"KATTA CHILONZOR-1",mahallas,махалля,Chilanzar,"100115, Tashkent, Chilanzar district, Chilanzar-1 block, 5A",,,,,41.285984,69.227954,,,,,,,,,,,,,GoldenPages,https://www.goldenpages.uz/en/company/?Id=54816,1,single,C,,auto_unverified,point,,"2026-07-19 00:15:46"
SEED000420,"KATTA CHILONZOR-2",mahallas,махалля,Chilanzar,"100115, Tashkent, Chilanzar district, Chilanzar-2 block, 10A",,,,,41.281796,69.223781,,,,,,,,,,,,,GoldenPages,https://www.goldenpages.uz/en/company/?Id=54817,1,single,C,,auto_unverified,point,,"2026-07-19 00:15:46"
SEED000421,NAFOSAT,mahallas,махалля,Chilanzar,"100097, Tashkent, Chilanzar district, Chilanzar-8 block, 6A",,,,,41.29127,69.205832,,,,,,,,,,,,,GoldenPages,https://www.goldenpages.uz/en/company/?Id=54818,1,single,C,,auto_unverified,point,,"2026-07-19 00:15:46"
SEED000422,CHUPONOTA,mahallas,махалля,Chilanzar,"100054, Tashkent, Chilanzar district, Chilanzar-9 block, Kichik Halka Yuli Street, 28A",,,,,41.290172,69.195717,,,,,,,,,,,,,GoldenPages,https://www.goldenpages.uz/en/company/?Id=54819,1,single,C,,auto_unverified,point,,"2026-07-19 00:15:46"
SEED000423,AL-KHORAZMIY,mahallas,махалля,Chilanzar,"100208, Tashkent, Chilanzar district, Al-Khorezmi-1 block of flats, 10A",,,,,41.260473,69.152254,,,,,,,,,,,,,GoldenPages,https://www.goldenpages.uz/en/company/?Id=54821,1,single,C,,auto_unverified,point,,"2026-07-19 00:15:46"
SEED000424,NAKKOSHLIK,mahallas,махалля,Chilanzar,"100185, Tashkent, Chilanzar district, Nakkashlik Street, 11/19",,,,,41.268284,69.203871,,,,,,,,,,,,,GoldenPages,https://www.goldenpages.uz/en/company/?Id=54822,1,single,C,,auto_unverified,point,,"2026-07-19 00:15:46"
SEED000425,SHARAF,mahallas,махалля,Chilanzar,"100208, Tashkent, Chilanzar district, Kizil Shark block of flats, 26A",,,,,41.264579,69.162764,,,,,,,,,,,,,GoldenPages,https://www.goldenpages.uz/en/company/?Id=54823,1,single,C,,auto_unverified,point,,"2026-07-19 00:15:46"
SEED000426,GULOBOD,mahallas,махалля,Shaykhantakhur,"100020, Tashkent, Shaykhontokhur district, Kukcha Darvaza Street, Gulabad block of flats, 101",,,,,41.326931,69.22447,,,,,,,,,,,,,GoldenPages,https://www.goldenpages.uz/en/company/?Id=54824,1,single,C,,auto_unverified,point,,"2026-07-19 00:15:46"
SEED000427,"IBN SINO",mahallas,махалля,Shaykhantakhur,"100068, Tashkent, Shaykhontokhur district, Ibn Sino-1 block of flats, 4A",,,,,41.334398,69.166189,,,,,,,,,,,,,GoldenPages,https://www.goldenpages.uz/en/company/?Id=54825,1,single,C,,auto_unverified,point,,"2026-07-19 00:15:46"
SEED000428,IPAKCHI,mahallas,махалля,Shaykhantakhur,"100068, Tashkent, Shaykhontokhur district, Ipakchi Street, 1А",,,,,41.329672,69.189186,,,,,,,,,,,,,GoldenPages,https://www.goldenpages.uz/en/company/?Id=54826,1,single,C,,auto_unverified,point,,"2026-07-19 00:15:46"
SEED000429,KAMOLON,mahallas,махалля,Shaykhantakhur,"100027, Tashkent, Shaykhontokhur district, Darkhan Street, 101",,,,,41.30903,69.23438,,,,,,,,,,,,,GoldenPages,https://www.goldenpages.uz/en/company/?Id=54872,1,single,C,,auto_unverified,point,,"2026-07-19 00:15:46"
SEED000430,KUKCHA,mahallas,махалля,Shaykhantakhur,"100042, Tashkent, Shaykhontokhur district, Aksay Street, 13",,,,,41.324093,69.205858,,,,,,,,,,,,,GoldenPages,https://www.goldenpages.uz/en/company/?Id=54873,1,single,C,,auto_unverified,point,,"2026-07-19 00:15:46"
SEED000431,CHARKHNOVZA,mahallas,махалля,Shaykhantakhur,"100071, Tashkent, Shaykhontokhur district, Zakharik Street, Aktepa block of flats, 5",,,,,41.30349,69.216406,,,,,,,,,,,,,GoldenPages,https://www.goldenpages.uz/en/company/?Id=54874,1,single,C,,auto_unverified,point,,"2026-07-19 00:15:46"
SEED000432,"YANGI JARARIK",mahallas,махалля,Shaykhantakhur,"100068, Tashkent, Shaykhontokhur district, Djararik block of flats, 5",,,,,41.338643,69.176011,,,,,,,,,,,,,GoldenPages,https://www.goldenpages.uz/en/company/?Id=54876,1,single,C,,auto_unverified,point,,"2026-07-19 00:15:46"
SEED000433,TAKHTAPUL,mahallas,махалля,Shaykhantakhur,"100128, Tashkent, Shaykhontokhur district, Labzak Street, 117A",,,,,41.336207,69.265207,,,,,,,,,,,,,GoldenPages,https://www.goldenpages.uz/en/company/?Id=54878,1,single,C,,auto_unverified,point,,"2026-07-19 00:15:46"
SEED000434,KHADRA,mahallas,махалля,Shaykhantakhur,"100011, Tashkent, Shaykhontokhur district, Sebzar Street, Khadra block of flats, 11/1",,,,,41.326228,69.248674,,,,,,,,,,,,,GoldenPages,https://www.goldenpages.uz/en/company/?Id=54880,1,single,C,,auto_unverified,point,,"2026-07-19 00:15:46"
SEED000435,CHAKAR,mahallas,махалля,Shaykhantakhur,"100021, Tashkent, Shaykhontokhur district, Furkat Street, Karatash block of flats, 10A",,,,,41.318857,69.24082,,,,,,,,,,,,,GoldenPages,https://www.goldenpages.uz/en/company/?Id=54881,1,single,C,,auto_unverified,point,,"2026-07-19 00:15:46"
SEED000436,YANGIOBOD,mahallas,махалля,Shaykhantakhur,"100027, Tashkent, Shaykhontokhur district, Yangiabad Street, 2",,,,,41.306428,69.229095,,,,,,,,,,,,,GoldenPages,https://www.goldenpages.uz/en/company/?Id=54884,1,single,C,,auto_unverified,point,,"2026-07-19 00:15:46"
SEED000437,"YANGI SHAKHAR",mahallas,махалля,Shaykhantakhur,"100042, Tashkent, Shaykhontokhur district, Kukcha Darvaza Street, 314",,,,,41.322506,69.21377,,,,,,,,,,,,,GoldenPages,https://www.goldenpages.uz/en/company/?Id=54885,1,single,C,,auto_unverified,point,,"2026-07-19 00:15:46"
SEED000438,ASTROBOD,mahallas,махалля,Yunusabad,"100190, Tashkent, Yunusabad district, Yunusabad-7 block, Rikhsiliy Street, 20B",,,,,41.374329,69.271063,,,,,,,,,,,,,GoldenPages,https://www.goldenpages.uz/en/company/?Id=54893,1,single,C,,auto_unverified,point,,"2026-07-19 00:15:46"
SEED000439,AKHILOBOD,mahallas,махалля,Yunusabad,"100194, Tashkent, Yunusabad district, Yunusabad-13 block, 49B",,,,,41.368061,69.299611,,,,,,,,,,,,,GoldenPages,https://www.goldenpages.uz/en/company/?Id=54894,1,single,C,,auto_unverified,point,,"2026-07-19 00:15:46"
SEED000440,"AKHMAD DONISH",mahallas,махалля,Yunusabad,"100180, Tashkent, Yunusabad district, Yunusabad-15 block, 24/61",,,,,41.378508,69.299581,,,,,,,,,,,,,GoldenPages,https://www.goldenpages.uz/en/company/?Id=54895,1,single,C,,auto_unverified,point,,"2026-07-19 00:15:46"
SEED000441,REGISTAN,mahallas,махалля,Yunusabad,"100093, Tashkent, Yunusabad district, Registan Street, 7",,,,,41.358063,69.269692,,,,,,,,,,,,,GoldenPages,https://www.goldenpages.uz/en/company/?Id=54896,1,single,C,,auto_unverified,point,,"2026-07-19 00:15:46"
SEED000442,BODOMZOR,mahallas,махалля,Yunusabad,"100053, Tashkent, Yunusabad district, 8th Bodomzor pass., 45",,,,,41.343546,69.293311,,,,,,,,,,,,,GoldenPages,https://www.goldenpages.uz/en/company/?Id=54897,1,single,C,,auto_unverified,point,,"2026-07-19 00:15:46"
SEED000443,BOGISHAMOL,mahallas,махалля,Yunusabad,"100194, Tashkent, Yunusabad district, Amir Temur avenue, Yunusabad-11 block, 72",,,,,41.368735,69.286918,,,,,,,,,,,,,GoldenPages,https://www.goldenpages.uz/en/company/?Id=54898,1,single,C,,auto_unverified,point,,"2026-07-19 00:15:46"
SEED000444,BOBODEKHKON,mahallas,махалля,Yunusabad,"100114, Tashkent, Yunusabad district, Khiyobon Street, 43",,,,,41.381272,69.312167,,,,,,,,,,,,,GoldenPages,https://www.goldenpages.uz/en/company/?Id=54899,1,single,C,,auto_unverified,point,,"2026-07-19 00:15:46"
SEED000445,ANORZOR,mahallas,махалля,Yunusabad,"100099, Tashkent, Yunusabad district, Anorzor Street, 2",,,,,41.356072,69.285226,,,,,,,,,,,,,GoldenPages,https://www.goldenpages.uz/en/company/?Id=54900,1,single,C,,auto_unverified,point,,"2026-07-19 00:15:46"
SEED000446,GAYRATIY,mahallas,махалля,Yunusabad,"100099, Tashkent, Yunusabad district, Gayrati Street, 32",,,,,41.356105,69.276022,,,,,,,,,,,,,GoldenPages,https://www.goldenpages.uz/en/company/?Id=54901,1,single,C,,auto_unverified,point,,"2026-07-19 00:15:46"
SEED000447,TIKLANISH,mahallas,махалля,Yunusabad,"100009, Tashkent, Yunusabad district, 6th Tiklanish pass., 28",,,,,41.377406,69.254616,,,,,,,,,,,,,GoldenPages,https://www.goldenpages.uz/en/company/?Id=54902,1,single,C,,auto_unverified,point,,"2026-07-19 00:15:46"
SEED000448,KADRDON,mahallas,махалля,Yunusabad,"100206, Tashkent, Yunusabad district, Yunusabad-17 block, 5A",,,,,41.366147,69.307309,,,,,,,,,,,,,GoldenPages,https://www.goldenpages.uz/en/company/?Id=54903,1,single,C,,auto_unverified,point,,"2026-07-19 00:15:46"
SEED000449,"BUYUK ТURON",mahallas,махалля,Yunusabad,"100000, Tashkent, Yunusabad district, 5th Niyozbek Yuli pass., 20",,,,,41.322244,69.29078,,,,,,,,,,,,,GoldenPages,https://www.goldenpages.uz/en/company/?Id=54904,1,single,C,,auto_unverified,point,,"2026-07-19 00:15:46"
SEED000450,ISLOMOBOD,mahallas,махалля,Yunusabad,"100009, Tashkent, Yunusabad district, 1st Islamabad pass., 23B",,,,,41.382471,69.276536,,,,,,,,,,,,,GoldenPages,https://www.goldenpages.uz/en/company/?Id=54905,1,single,C,,auto_unverified,point,,"2026-07-19 00:15:46"
SEED000451,BEGUBOR,mahallas,махалля,Yunusabad,"100114, Tashkent, Yunusabad district, Yunusabad-18 block, 4",,,,,41.369337,69.315473,,,,,,,,,,,,,GoldenPages,https://www.goldenpages.uz/en/company/?Id=54906,1,single,C,,auto_unverified,point,,"2026-07-19 00:15:46"
SEED000452,KASHKAR,mahallas,махалля,Yunusabad,"100017, Tashkent, Yunusabad district, Kashgar block of flats, 20",,,,,41.321743,69.273095,,,,,,,,,,,,,GoldenPages,https://www.goldenpages.uz/en/company/?Id=54907,1,single,C,,auto_unverified,point,,"2026-07-19 00:15:46"
SEED000453,KUSHCHINOR,mahallas,махалля,Yunusabad,"100093, Tashkent, Yunusabad district, Yunusabad-5 block, Yettichinor Street, 9A",,,,,41.361723,69.273998,,,,,,,,,,,,,GoldenPages,https://www.goldenpages.uz/en/company/?Id=54908,1,single,C,,auto_unverified,point,,"2026-07-19 00:15:46"
SEED000454,KULOLKURGON,mahallas,махалля,Yunusabad,"100194, Tashkent, Yunusabad district, 2-nd Kulolkurgan dead end, 47",,,,,41.374707,69.293467,,,,,,,,,,,,,GoldenPages,https://www.goldenpages.uz/en/company/?Id=54909,1,single,C,,auto_unverified,point,,"2026-07-19 00:15:46"
SEED000455,MATONAT,mahallas,махалля,Yunusabad,"100017, Tashkent, Yunusabad district, Kiyot block of flats, 68/2",,,,,41.325586,69.278106,,,,,,,,,,,,,GoldenPages,https://www.goldenpages.uz/en/company/?Id=54910,1,single,C,,auto_unverified,point,,"2026-07-19 00:15:46"
SEED000456,MINOR,mahallas,махалля,Yunusabad,"100017, Tashkent, Yunusabad district, Minor block of flats, 69",,,,,41.330936,69.281701,,,,,,,,,,,,,GoldenPages,https://www.goldenpages.uz/en/company/?Id=54911,1,single,C,,auto_unverified,point,,"2026-07-19 00:15:46"
SEED000457,BUZSUV,mahallas,махалля,Yunusabad,"100053, Tashkent, Yunusabad district, Firdavsi Street, 105",,,,,41.344201,69.296972,,,,,,,,,,,,,GoldenPages,https://www.goldenpages.uz/en/company/?Id=54912,1,single,C,,auto_unverified,point,,"2026-07-19 00:15:46"
SEED000458,BILLUR,mahallas,махалля,Yunusabad,"100093, Tashkent, Yunusabad district, Yunusabad-4 block, 47",,,,,41.361895,69.277475,,,,,,,,,,,,,GoldenPages,https://www.goldenpages.uz/en/company/?Id=54913,1,single,C,,auto_unverified,point,,"2026-07-19 00:15:46"
SEED000459,YURTOBOD,mahallas,махалля,Yunusabad,"100114, Tashkent, Yunusabad district, Yunusabad-19 block, 17A",,,,,41.377806,69.316466,,,,,,,,,,,,,GoldenPages,https://www.goldenpages.uz/en/company/?Id=54914,1,single,C,,auto_unverified,point,,"2026-07-19 00:15:46"
SEED000460,MURUVVAT,mahallas,махалля,Yunusabad,"100180, Tashkent, Yunusabad district, Yunusabad-15 block, 75A",,,,,41.381044,69.299442,,,,,,,,,,,,,GoldenPages,https://www.goldenpages.uz/en/company/?Id=54916,1,single,C,,auto_unverified,point,,"2026-07-19 00:15:46"
SEED000461,OBOD,mahallas,махалля,Yunusabad,"100058, Tashkent, Yunusabad district, Zarbulak Street, 37",,,,,41.354898,69.32312,,,,,,,,,,,,,GoldenPages,https://www.goldenpages.uz/en/company/?Id=54917,1,single,C,,auto_unverified,point,,"2026-07-19 00:15:46"
SEED000462,OTCHOPAR-1,mahallas,махалля,Yunusabad,"100099, Tashkent, Yunusabad district, Chinabad Street, 16",,,,,41.350954,69.292527,,,,,,,,,,,,,GoldenPages,https://www.goldenpages.uz/en/company/?Id=54918,1,single,C,,auto_unverified,point,,"2026-07-19 00:15:46"
SEED000463,OTCHOPAR-2,mahallas,махалля,Yunusabad,"100099, Tashkent, Yunusabad district, Otchopar Street, 25",,,,,41.353662,69.309309,,,,,,,,,,,,,GoldenPages,https://www.goldenpages.uz/en/company/?Id=54919,1,single,C,,auto_unverified,point,,"2026-07-19 00:15:46"
SEED000464,OKTEPA,mahallas,махалля,Yunusabad,"100114, Tashkent, Yunusabad district, Chinabad Street, 181",,,,,41.367105,69.3232,,,,,,,,,,,,,GoldenPages,https://www.goldenpages.uz/en/company/?Id=54920,1,single,C,,auto_unverified,point,,"2026-07-19 00:15:46"
SEED000465,IFTIKHOR,mahallas,махалля,Yunusabad,"100057, Tashkent, Yunusabad district, 12th Iftikhor pass., 2",,,,,41.348076,69.282473,,,,,,,,,,,,,GoldenPages,https://www.goldenpages.uz/en/company/?Id=54921,1,single,C,,auto_unverified,point,,"2026-07-19 00:15:46"
SEED000466,BOGIBUSTON,mahallas,махалля,Yunusabad,"100058, Tashkent, Yunusabad district, Mashinasozlar Street, 6",,,,,41.351357,69.322995,,,,,,,,,,,,,GoldenPages,https://www.goldenpages.uz/en/company/?Id=54922,1,single,C,,auto_unverified,point,,"2026-07-19 00:15:46"
SEED000467,POSIRA,mahallas,махалля,Yunusabad,"100164, Tashkent, Yunusabad district, Bogishamol Street, TashGRES block of flats, 4A",,,,,41.35736,69.339456,,,,,,,,,,,,,GoldenPages,https://www.goldenpages.uz/en/company/?Id=54923,1,single,C,,auto_unverified,point,,"2026-07-19 00:15:46"
SEED000468,SOBIROBOD,mahallas,махалля,Yunusabad,"100190, Tashkent, Yunusabad district, Yunusabad-9 block, 18A",,,,,41.377309,69.278866,,,,,,,,,,,,,GoldenPages,https://www.goldenpages.uz/en/company/?Id=54924,1,single,C,,auto_unverified,point,,"2026-07-19 00:15:46"
SEED000469,SEVINCH,mahallas,махалля,Yunusabad,"100206, Tashkent, Yunusabad district, Yunusabad-14 block, Yunus-Ota Street, 30A",,,,,41.373665,69.305791,,,,,,,,,,,,,GoldenPages,https://www.goldenpages.uz/en/company/?Id=54925,1,single,C,,auto_unverified,point,,"2026-07-19 00:15:46"
SEED000470,TURK-KURGAN,mahallas,махалля,Yunusabad,"100057, Tashkent, Yunusabad district, Akmal Pulat Street, 31",,,,,41.343505,69.269258,,,,,,,,,,,,,GoldenPages,https://www.goldenpages.uz/en/company/?Id=54928,1,single,C,,auto_unverified,point,,"2026-07-19 00:15:46"
SEED000471,"UZBEKISTON MUSTAKILLIGI",mahallas,махалля,Yunusabad,"100180, Tashkent, Yunusabad district, Yunusabad-15 block, 60A",,,,,41.377134,69.303482,,,,,,,,,,,,,GoldenPages,https://www.goldenpages.uz/en/company/?Id=54929,1,single,C,,auto_unverified,point,,"2026-07-19 00:15:46"
SEED000472,"MIRZO ULUGBEK",mahallas,махалля,Yunusabad,"100084, Tashkent, Yunusabad district, Arifov Street, 14B",,,,,41.328877,69.287229,,,,,,,,,,,,,GoldenPages,https://www.goldenpages.uz/en/company/?Id=54930,1,single,C,,auto_unverified,point,,"2026-07-19 00:15:46"
SEED000473,UVAYSIY,mahallas,махалля,Yunusabad,"100114, Tashkent, Yunusabad district, Yunusabad-19 block, 6A",,,,,41.372405,69.314846,,,,,,,,,,,,,GoldenPages,https://www.goldenpages.uz/en/company/?Id=54931,1,single,C,,auto_unverified,point,,"2026-07-19 00:15:46"
SEED000474,KHALKABOG,mahallas,махалля,Yunusabad,"100180, Tashkent, Yunusabad district, Yunusabad-16 block, 9/1",,,,,41.38288,69.303109,,,,,,,,,,,,,GoldenPages,https://www.goldenpages.uz/en/company/?Id=54932,1,single,C,,auto_unverified,point,,"2026-07-19 00:15:46"
SEED000475,"USTA SHIRIN",mahallas,махалля,Yunusabad,"100057, Tashkent, Yunusabad district, 1st Korkhodjaata pass., 29",,,,,41.344165,69.276399,,,,,,,,,,,,,GoldenPages,https://www.goldenpages.uz/en/company/?Id=54933,1,single,C,,auto_unverified,point,,"2026-07-19 00:15:46"
SEED000476,KHUSNIOBOD,mahallas,махалля,Yunusabad,"100093, Tashkent, Yunusabad district, Yunusabad-2 block, 22/31",,,,,41.360565,69.284196,,,,,,,,,,,,,GoldenPages,https://www.goldenpages.uz/en/company/?Id=54948,1,single,C,,auto_unverified,point,,"2026-07-19 00:15:46"
SEED000477,SHOSHTEPA,mahallas,махалля,Yunusabad,"100114, Tashkent, Yunusabad district, Yunusabad-19 block, Yangi Yunusobod Street, 2",,,,,41.372434,69.316729,,,,,,,,,,,,,GoldenPages,https://www.goldenpages.uz/en/company/?Id=54949,1,single,C,,auto_unverified,point,,"2026-07-19 00:15:46"
SEED000478,"SHARK KHAKIKATI",mahallas,махалля,Yunusabad,"100009, Tashkent, Yunusabad district, Khasanbay Street, 57",,,,,41.390663,69.252892,,,,,,,,,,,,,GoldenPages,https://www.goldenpages.uz/en/company/?Id=54950,1,single,C,,auto_unverified,point,,"2026-07-19 00:15:46"
SEED000479,"SHAYKH SHIVLI",mahallas,махалля,Yunusabad,"100084, Tashkent, Yunusabad district, Shukhrat Street, 13",,,,,41.337459,69.289168,,,,,,,,,,,,,GoldenPages,https://www.goldenpages.uz/en/company/?Id=54951,1,single,C,,auto_unverified,point,,"2026-07-19 00:15:46"
SEED000480,SHAKHRISTON,mahallas,махалля,Yunusabad,"100099, Tashkent, Yunusabad district, Shahristan Street, 61",,,,,41.351247,69.279807,,,,,,,,,,,,,GoldenPages,https://www.goldenpages.uz/en/company/?Id=54952,1,single,C,,auto_unverified,point,,"2026-07-19 00:15:46"
SEED000481,YOLARIK,mahallas,махалля,Yunusabad,"100212, Tashkent, Yunusabad district, Amir Temur avenue, 45А",,,,,41.375515,69.287678,,,,,,,,,,,,,GoldenPages,https://www.goldenpages.uz/en/company/?Id=54953,1,single,C,,auto_unverified,point,,"2026-07-19 00:15:46"
SEED000482,YUNUSOBOD,mahallas,махалля,Yunusabad,"100194, Tashkent, Yunusabad district, 4th Elnur pass., 2",,,,,41.35912,69.296622,,,,,,,,,,,,,GoldenPages,https://www.goldenpages.uz/en/company/?Id=54954,1,single,C,,auto_unverified,point,,"2026-07-19 00:15:46"
SEED000483,"YUNUS OTA",mahallas,махалля,Yunusabad,"100194, Tashkent, Yunusabad district, Yunusabad-14 block, 20A",,,,,41.37389,69.300217,,,,,,,,,,,,,GoldenPages,https://www.goldenpages.uz/en/company/?Id=54955,1,single,C,,auto_unverified,point,,"2026-07-19 00:15:46"
SEED000484,YANGIBOG,mahallas,махалля,Yunusabad,"100194, Tashkent, Yunusabad district, Yunusabad-13 block, 20A",,,,,41.368313,69.296943,,,,,,,,,,,,,GoldenPages,https://www.goldenpages.uz/en/company/?Id=54956,1,single,C,,auto_unverified,point,,"2026-07-19 00:15:46"
SEED000485,"YUNUS RADJABI",mahallas,махалля,Yakkasaray,"100031, Tashkent, Yakkasaray district, Rakatboshi Street, 36",,,,,41.301231,69.258435,,,,,,,,,,,,,GoldenPages,https://www.goldenpages.uz/en/company/?Id=54959,1,single,C,,auto_unverified,point,,"2026-07-19 00:15:46"
SEED000486,KUSHBEGI,mahallas,махалля,Yakkasaray,"100022, Tashkent, Yakkasaray district, Kushbegi block of flats, 11A",,,,,41.269227,69.244633,,,,,,,,,,,,,GoldenPages,https://www.goldenpages.uz/en/company/?Id=54960,1,single,C,,auto_unverified,point,,"2026-07-19 00:15:46"
SEED000487,KONSTITUTSIYA,mahallas,махалля,Yakkasaray,"100070, Tashkent, Yakkasaray district, Tafakkur pass., 43",,,,,41.290959,69.257959,,,,,,,,,,,,,GoldenPages,https://www.goldenpages.uz/en/company/?Id=54961,1,single,C,,auto_unverified,point,,"2026-07-19 00:15:46"
SEED000488,TEPA,mahallas,махалля,Yakkasaray,"100070, Tashkent, Yakkasaray district, 2nd Jidazor dead end, 3A",,,,,41.295329,69.251816,,,,,,,,,,,,,GoldenPages,https://www.goldenpages.uz/en/company/?Id=54962,1,single,C,,auto_unverified,point,,"2026-07-19 00:15:46"
SEED000489,MUKIMIY,mahallas,махалля,Yakkasaray,"100121, Tashkent, Yakkasaray district, 1st Kamil Yashin dead end, 1",,,,,41.277157,69.235244,,,,,,,,,,,,,GoldenPages,https://www.goldenpages.uz/en/company/?Id=54964,1,single,C,,auto_unverified,point,,"2026-07-19 00:15:46"
SEED000490,YAKKASAROY,mahallas,махалля,Yakkasaray,"100121, Tashkent, Yakkasaray district, Bogibuston Street, 7A",,,,,41.263846,69.225446,,,,,,,,,,,,,GoldenPages,https://www.goldenpages.uz/en/company/?Id=54965,1,single,C,,auto_unverified,point,,"2026-07-19 00:15:46"
SEED000491,BOGSAROY,mahallas,махалля,Yakkasaray,"100031, Tashkent, Yakkasaray district, Zanjirbog Street, 28",,,,,41.297823,69.263007,,,,,,,,,,,,,GoldenPages,https://www.goldenpages.uz/en/company/?Id=54966,1,single,C,,auto_unverified,point,,"2026-07-19 00:15:46"
SEED000492,A.KAKHHAR,mahallas,махалля,Yakkasaray,"100100, Tashkent, Yakkasaray district, 1st Damarik pass., 57A",,,,,41.283896,69.262414,,,,,,,,,,,,,GoldenPages,https://www.goldenpages.uz/en/company/?Id=54967,1,single,C,,auto_unverified,point,,"2026-07-19 00:15:46"
SEED000493,DAM-ARIK,mahallas,махалля,Yakkasaray,"100015, Tashkent, Yakkasaray district, 6th A.Kahhar pass., 71",,,,,41.281234,69.261664,,,,,,,,,,,,,GoldenPages,https://www.goldenpages.uz/en/company/?Id=54968,1,single,C,,auto_unverified,point,,"2026-07-19 00:15:46"
SEED000494,MUXANDISLAR,mahallas,махалля,Yakkasaray,"100100, Tashkent, Yakkasaray district, Sh.Rustaveli Street, 61/1",,,,,41.280443,69.248821,,,,,,,,,,,,,GoldenPages,https://www.goldenpages.uz/en/company/?Id=54969,1,single,C,,auto_unverified,point,,"2026-07-19 00:15:46"
SEED000495,BELARIK,mahallas,махалля,Yakkasaray,"100100, Tashkent, Yakkasaray district, Avloni Street, 52",,,,,41.289848,69.242555,,,,,,,,,,,,,GoldenPages,https://www.goldenpages.uz/en/company/?Id=54970,1,single,C,,auto_unverified,point,,"2026-07-19 00:15:46"
SEED000496,TUKIMACHI,mahallas,махалля,Yakkasaray,"100121, Tashkent, Yakkasaray district, Djambul Street, 13",,,,,41.273847,69.23675,,,,,,,,,,,,,GoldenPages,https://www.goldenpages.uz/en/company/?Id=54971,1,single,C,,auto_unverified,point,,"2026-07-19 00:15:46"
SEED000497,BOSHLIK,mahallas,махалля,Yakkasaray,"100022, Tashkent, Yakkasaray district, Bashlik block of flats, 19А",,,,,41.269014,69.249362,,,,,,,,,,,,,GoldenPages,https://www.goldenpages.uz/en/company/?Id=54972,1,single,C,,auto_unverified,point,,"2026-07-19 00:15:46"
SEED000498,"SULAYMONOV KH",mahallas,махалля,Yakkasaray,"100070, Tashkent, Yakkasaray district, Minglar Street, 20",,,,,41.292845,69.265395,,,,,,,,,,,,,GoldenPages,https://www.goldenpages.uz/en/company/?Id=54973,1,single,C,,auto_unverified,point,,"2026-07-19 00:15:46"
SEED000499,RAKATBOSHI,mahallas,махалля,Yakkasaray,"100100, Tashkent, Yakkasaray district, Urikzor Street, 138",,,,,41.293211,69.24718,,,,,,,,,,,,,GoldenPages,https://www.goldenpages.uz/en/company/?Id=54974,1,single,C,,auto_unverified,point,,"2026-07-19 00:15:46"
SEED000500,RAKAT,mahallas,махалля,Yakkasaray,"100100, Tashkent, Yakkasaray district, Bogibuston Street, 35A",,,,,41.281015,69.242292,,,,,,,,,,,,,GoldenPages,https://www.goldenpages.uz/en/company/?Id=54975,1,single,C,,auto_unverified,point,,"2026-07-19 00:15:46"
SEED000501,MEROS,mahallas,махалля,Yakkasaray,"100121, Tashkent, Yakkasaray district, Zaki Validi Street, 83",,,,,41.272223,69.231242,,,,,,,,,,,,,GoldenPages,https://www.goldenpages.uz/en/company/?Id=54976,1,single,C,,auto_unverified,point,,"2026-07-19 00:15:46"
SEED000502,TASHKENT,mahallas,махалля,Yangihayot,"100102, Tashkent, Yangihayot district, Markaziy Street, 18A",,,,,41.186558,69.220469,,,,,,,,,,,,,GoldenPages,https://www.goldenpages.uz/en/company/?Id=59117,1,single,C,,auto_unverified,point,,"2026-07-19 00:15:46"
SEED000503,UNIVERSITET,mahallas,махалля,Olmazor,"100174, Tashkent, Almazar district, Farobi Street, 400A",,,,,41.345921,69.209882,,,,,,,,,,,,,GoldenPages,https://www.goldenpages.uz/en/company/?Id=64271,1,single,C,,auto_unverified,point,,"2026-07-19 00:15:46"
SEED000504,"YUKORI YUZ",mahallas,махалля,,"111214, Tashkent region, Kibray district, Durmon village,",,,,,41.366927,69.401826,,,,,,,,,,,,,GoldenPages,https://www.goldenpages.uz/en/company/?Id=81433,1,single,C,,auto_unverified,point,,"2026-07-19 00:15:46"
SEED000505,AKBAROBOD,mahallas,махалля,Yunusabad,"100194, Tashkent, Yunusabad district, Yunusabad-3 block, 3A",,,,,41.363683,69.292122,,,,,,,,,,,,,GoldenPages,https://www.goldenpages.uz/en/company/?Id=85962,1,single,C,,auto_unverified,point,,"2026-07-19 00:15:46"
SEED000506,YAKKABOG,mahallas,махалля,Chilanzar,"100208, Tashkent, Chilanzar district, 3rd Khosilot dead end, Al-Khorezmi-2 block of flats, 36",,,,,41.262116,69.156145,,,,,,,,,,,,,GoldenPages,https://www.goldenpages.uz/en/company/?Id=89842,1,single,C,,auto_unverified,point,,"2026-07-19 00:15:46"
SEED000507,SHARQ,mahallas,махалля,Chilanzar,"100208, Tashkent, Chilanzar district, Gulistan block of flats, 22A",,,,,41.264273,69.165078,,,,,,,,,,,,,GoldenPages,https://www.goldenpages.uz/en/company/?Id=92369,1,single,C,,auto_unverified,point,,"2026-07-19 00:15:46"
SEED000508,BESHKAYRAGOCH,mahallas,махалля,Uchtepa,"100132, Tashkent, Uchtepa district, Kukcha Darvaza Street, 618A",,,,,41.309353,69.167118,,,,,,,,,,,,,GoldenPages,https://www.goldenpages.uz/en/company/?Id=92622,1,single,C,,auto_unverified,point,,"2026-07-19 00:15:46"
SEED000509,CHULPON,mahallas,махалля,Yashnabad,"100047, Tashkent, Yashnabad district, Pakhlavan Makhmud Street, 22nd Aviagorodok block of flats, 7B",,,,,41.303475,69.306916,,,,,,,,,,,,,GoldenPages,https://www.goldenpages.uz/en/company/?Id=93398,1,single,C,,auto_unverified,point,,"2026-07-19 00:15:46"
SEED000510,SOKHIL,mahallas,махалля,Bektemir,"100033, Tashkent, Bektemir district, Maydon Street, 2",,,,,41.221534,69.332195,,,,,,,,,,,,,GoldenPages,https://www.goldenpages.uz/en/company/?Id=95639,1,single,C,,auto_unverified,point,,"2026-07-19 00:15:46"
SEED000511,SARBON,mahallas,махалля,Mirzo-Ulugbek,"100037, Tashkent, Mirzo Ulugbek district, Archazor Street, 3",,,,,41.316145,69.373241,,,,,,,,,,,,,GoldenPages,https://www.goldenpages.uz/en/company/?Id=95672,1,single,C,,auto_unverified,point,,"2026-07-19 00:15:46"
SEED000512,FARKHOD,mahallas,махалля,Uchtepa,"100139, Tashkent, Uchtepa district, Chilanzar-23 block, 10A",,,,,41.285946,69.173487,,,,,,,,,,,,,GoldenPages,https://www.goldenpages.uz/en/company/?Id=96181,1,single,C,,auto_unverified,point,,"2026-07-19 00:15:46"
SEED000513,HAMDUST,mahallas,махалля,Uchtepa,"100152, Tashkent, Uchtepa district, Chilanzar-25 block, 34A",,,,,41.276019,69.16768,,,,,,,,,,,,,GoldenPages,https://www.goldenpages.uz/en/company/?Id=96182,1,single,C,,auto_unverified,point,,"2026-07-19 00:15:46"
SEED000514,SHAROF,mahallas,махалля,Uchtepa,"100117, Tashkent, Uchtepa district, Shark Street, 28A",,,,,41.272429,69.165563,,,,,,,,,,,,,GoldenPages,https://www.goldenpages.uz/en/company/?Id=96183,1,single,C,,auto_unverified,point,,"2026-07-19 00:15:46"
SEED000515,DIYDOR,mahallas,махалля,Uchtepa,"100208, Tashkent, Uchtepa district, Chilanzar-30 block, 25A",,,,,41.268137,69.157924,,,,,,,,,,,,,GoldenPages,https://www.goldenpages.uz/en/company/?Id=96184,1,single,C,,auto_unverified,point,,"2026-07-19 00:15:46"
SEED000516,DIYOROBOD,mahallas,махалля,Uchtepa,"100208, Tashkent, Uchtepa district, Chilanzar-31 block, 9A",,,,,41.263299,69.150712,,,,,,,,,,,,,GoldenPages,https://www.goldenpages.uz/en/company/?Id=96185,1,single,C,,auto_unverified,point,,"2026-07-19 00:15:46"
SEED000517,ZULFIZAR,mahallas,махалля,Uchtepa,"100132, Tashkent, Uchtepa district, Yangi Labzak Street, 118",,,,,41.315421,69.156816,,,,,,,,,,,,,GoldenPages,https://www.goldenpages.uz/en/company/?Id=96186,1,single,C,,auto_unverified,point,,"2026-07-19 00:15:46"
SEED000518,SHAFTOLIZOR,mahallas,махалля,Uchtepa,"100132, Tashkent, Uchtepa district, 1st Shoir pass., 86",,,,,41.328482,69.166889,,,,,,,,,,,,,GoldenPages,https://www.goldenpages.uz/en/company/?Id=96187,1,single,C,,auto_unverified,point,,"2026-07-19 00:15:46"
SEED000519,KURGANTEPA,mahallas,махалля,Uchtepa,"100123, Tashkent, Uchtepa district, Chilanzar-11 block, 23A",,,,,41.279351,69.190959,,,,,,,,,,,,,GoldenPages,https://www.goldenpages.uz/en/company/?Id=96188,1,single,C,,auto_unverified,point,,"2026-07-19 00:15:46"
SEED000520,KHURASAN,mahallas,махалля,Uchtepa,"100123, Tashkent, Uchtepa district, Chilanzar-12 block, 67A",,,,,41.280467,69.184914,,,,,,,,,,,,,GoldenPages,https://www.goldenpages.uz/en/company/?Id=96189,1,single,C,,auto_unverified,point,,"2026-07-19 00:15:46"
SEED000521,BAKHORISTON,mahallas,махалля,Chilanzar,"100208, Tashkent, Chilanzar district, Al-Khorezmi-2 block of flats, 29A",,,,,41.261167,69.160672,,,,,,,,,,,,,GoldenPages,https://www.goldenpages.uz/en/company/?Id=96190,1,single,C,,auto_unverified,point,,"2026-07-19 00:15:46"
SEED000522,JUNARIK,mahallas,махалля,Sergeli,"100149, Tashkent, Sergeli district, Chashtepa Street, 134",,,,,41.246328,69.204277,,,,,,,,,,,,,GoldenPages,https://www.goldenpages.uz/en/company/?Id=96191,1,single,C,,auto_unverified,point,,"2026-07-19 00:15:46"
SEED000523,"KICHIK KHIRMONTEPA",mahallas,махалля,Chilanzar,"100156, Tashkent, Chilanzar district, Chilanzar-19 block, 22",,,,,41.272676,69.187055,,,,,,,,,,,,,GoldenPages,https://www.goldenpages.uz/en/company/?Id=96192,1,single,C,,auto_unverified,point,,"2026-07-19 00:15:46"
SEED000524,FIDOKOR,mahallas,махалля,Chilanzar,"100135, Tashkent, Chilanzar district, Chilanzar-16 block, 2A",,,,,41.27629,69.198229,,,,,,,,,,,,,GoldenPages,https://www.goldenpages.uz/en/company/?Id=96193,1,single,C,,auto_unverified,point,,"2026-07-19 00:15:46"
SEED000525,DOMBIRABAD,mahallas,махалля,Chilanzar,"100185, Tashkent, Chilanzar district, 4th Dumbrabad pass., 25",,,,,41.263866,69.205868,,,,,,,,,,,,,GoldenPages,https://www.goldenpages.uz/en/company/?Id=96194,1,single,C,,auto_unverified,point,,"2026-07-19 00:15:46"
SEED000526,GAVKHAR,mahallas,махалля,Chilanzar,"100185, Tashkent, Chilanzar district, Nurkhon Street, 80",,,,,41.267623,69.212699,,,,,,,,,,,,,GoldenPages,https://www.goldenpages.uz/en/company/?Id=96195,1,single,C,,auto_unverified,point,,"2026-07-19 00:15:46"
SEED000527,LUTFIY,mahallas,махалля,Chilanzar,"100054, Tashkent, Chilanzar district, 1st Lutfi pass., !",,,,,41.298274,69.2034,,,,,,,,,,,,,GoldenPages,https://www.goldenpages.uz/en/company/?Id=96196,1,single,C,,auto_unverified,point,,"2026-07-19 00:15:46"
SEED000528,DILOBOD,mahallas,махалля,Chilanzar,"100097, Tashkent, Chilanzar district, Chilanzar-6 block, 11",,,,,41.287825,69.210831,,,,,,,,,,,,,GoldenPages,https://www.goldenpages.uz/en/company/?Id=96198,1,single,C,,auto_unverified,point,,"2026-07-19 00:15:46"
SEED000529,BOGZOR,mahallas,махалля,Chilanzar,"100096, Tashkent, Chilanzar district, Chilanzar-7 block, 33A",,,,,41.298264,69.208755,,,,,,,,,,,,,GoldenPages,https://www.goldenpages.uz/en/company/?Id=96199,1,single,C,,auto_unverified,point,,"2026-07-19 00:15:46"
SEED000530,BESH-YOGOCH,mahallas,махалля,Chilanzar,"100066, Tashkent, Chilanzar district, Furkat dead end, 5",,,,,41.303871,69.25046,,,,,,,,,,,,,GoldenPages,https://www.goldenpages.uz/en/company/?Id=96200,1,single,C,,auto_unverified,point,,"2026-07-19 00:15:46"
SEED000531,"YANGI BELTEPA",mahallas,махалля,Shaykhantakhur,"100068, Tashkent, Shaykhontokhur district, Beltepa block of flats, 19",,,,,41.341133,69.170358,,,,,,,,,,,,,GoldenPages,https://www.goldenpages.uz/en/company/?Id=96201,1,single,C,,auto_unverified,point,,"2026-07-19 00:15:46"
SEED000532,KHISLOT,mahallas,махалля,Olmazor,"100109, Tashkent, Almazar district, Shifokorlar Street, 42A",,,,,41.3608,69.186321,,,,,,,,,,,,,GoldenPages,https://www.goldenpages.uz/en/company/?Id=96208,1,single,C,,auto_unverified,point,,"2026-07-19 00:15:46"
SEED000533,JIYDALI,mahallas,махалля,Olmazor,"100109, Tashkent, Almazar district, Olimpiya block of flats, 4B",,,,,41.365002,69.184942,,,,,,,,,,,,,GoldenPages,https://www.goldenpages.uz/en/company/?Id=96209,1,single,C,,auto_unverified,point,,"2026-07-19 00:15:46"
SEED000534,"MUSTAKILLIK YURT",mahallas,махалля,Olmazor,"100179, Tashkent, Almazar district, Beshkurgan-4 block of flats, 2",,,,,41.366208,69.201622,,,,,,,,,,,,,GoldenPages,https://www.goldenpages.uz/en/company/?Id=96210,1,single,C,,auto_unverified,point,,"2026-07-19 00:15:46"
SEED000535,ISTIKBOL,mahallas,махалля,Olmazor,"100098, Tashkent, Almazar district, Karakamish-2/1 block of flats, 18A",,,,,41.356925,69.218932,,,,,,,,,,,,,GoldenPages,https://www.goldenpages.uz/en/company/?Id=96211,1,single,C,,auto_unverified,point,,"2026-07-19 00:15:46"
SEED000536,BUSTONOBOD,mahallas,махалля,Olmazor,"100098, Tashkent, Almazar district, Karakamish-2/1 block of flats, 36A",,,,,41.357109,69.223047,,,,,,,,,,,,,GoldenPages,https://www.goldenpages.uz/en/company/?Id=96212,1,single,C,,auto_unverified,point,,"2026-07-19 00:15:46"
SEED000537,MOYARIK,mahallas,махалля,Olmazor,"100175, Tashkent, Almazar district, Keles Yuli Street, 51A",,,,,41.373643,69.223757,,,,,,,,,,,,,GoldenPages,https://www.goldenpages.uz/en/company/?Id=96213,1,single,C,,auto_unverified,point,,"2026-07-19 00:15:46"
SEED000538,"KATTA KHASANBOY",mahallas,махалля,Yunusabad,"100193, Tashkent, Yunusabad district, Ahrorabad Street, 13A",,,,,41.388416,69.242966,,,,,,,,,,,,,GoldenPages,https://www.goldenpages.uz/en/company/?Id=96214,1,single,C,,auto_unverified,point,,"2026-07-19 00:15:46"
SEED000539,KHASANBOY,mahallas,махалля,Yunusabad,"100009, Tashkent, Yunusabad district, Baraka Street, 110",,,,,41.379618,69.267566,,,,,,,,,,,,,GoldenPages,https://www.goldenpages.uz/en/company/?Id=96215,1,single,C,,auto_unverified,point,,"2026-07-19 00:15:46"
SEED000540,TURKISTON,mahallas,махалля,Yunusabad,"100190, Tashkent, Yunusabad district, Jumamasjid Street, Yunusabad-6 block, 15A",,,,,41.367333,69.26477,,,,,,,,,,,,,GoldenPages,https://www.goldenpages.uz/en/company/?Id=96216,1,single,C,,auto_unverified,point,,"2026-07-19 00:15:46"
SEED000541,ADOLAT,mahallas,махалля,Yunusabad,"100093, Tashkent, Yunusabad district, Yunusabad-4 block, 63A",,,,,41.361895,69.277475,,,,,,,,,,,,,GoldenPages,https://www.goldenpages.uz/en/company/?Id=96217,1,single,C,,auto_unverified,point,,"2026-07-19 00:15:46"
SEED000542,NURMAKON,mahallas,махалля,Yunusabad,"100212, Tashkent, Yunusabad district, 2nd Farogat pass., Yunusabad-8 block, 6/1",,,,,41.375454,69.281704,,,,,,,,,,,,,GoldenPages,https://www.goldenpages.uz/en/company/?Id=96218,1,single,C,,auto_unverified,point,,"2026-07-19 00:15:46"
SEED000543,"MING CHINOR",mahallas,махалля,Yunusabad,"100212, Tashkent, Yunusabad district, Farogat Street, Yunusabad-8 block, 9A",,,,,41.372185,69.282449,,,,,,,,,,,,,GoldenPages,https://www.goldenpages.uz/en/company/?Id=96219,1,single,C,,auto_unverified,point,,"2026-07-19 00:15:46"
SEED000544,"YANGI ARIK",mahallas,махалля,Yunusabad,"100057, Tashkent, Yunusabad district, T.Jalilov Street, 33",,,,,41.346816,69.273066,,,,,,,,,,,,,GoldenPages,https://www.goldenpages.uz/en/company/?Id=96220,1,single,C,,auto_unverified,point,,"2026-07-19 00:15:46"
SEED000545,"ABDURAKHMON JOMIY",mahallas,махалля,Yunusabad,"100057, Tashkent, Yunusabad district, 2nd Bogiravon pass., 28",,,,,41.350721,69.267852,,,,,,,,,,,,,GoldenPages,https://www.goldenpages.uz/en/company/?Id=96221,1,single,C,,auto_unverified,point,,"2026-07-19 00:15:46"
SEED000546,YANGITARNOV,mahallas,махалля,Yunusabad,"100053, Tashkent, Yunusabad district, Chingiz Aytmatov Street, 3A",,,,,41.339196,69.294233,,,,,,,,,,,,,GoldenPages,https://www.goldenpages.uz/en/company/?Id=96222,1,single,C,,auto_unverified,point,,"2026-07-19 00:15:46"
SEED000547,NODIRABEGIM,mahallas,махалля,Mirzo-Ulugbek,"100187, Tashkent, Mirzo Ulugbek district, Shurtepa Street, 74",,,,,41.336158,69.351044,,,,,,,,,,,,,GoldenPages,https://www.goldenpages.uz/en/company/?Id=96252,1,single,C,,auto_unverified,point,,"2026-07-19 00:15:46"
SEED000548,GULSANAM,mahallas,махалля,Mirzo-Ulugbek,"100187, Tashkent, Mirzo Ulugbek district, Karasu-4 block of flats, 3B",,,,,41.332768,69.374905,,,,,,,,,,,,,GoldenPages,https://www.goldenpages.uz/en/company/?Id=96253,1,single,C,,auto_unverified,point,,"2026-07-19 00:15:46"
SEED000549,BUZ,mahallas,махалля,Mirzo-Ulugbek,"100170, Tashkent, Mirzo Ulugbek district, Mirzo Ulugbek avenue, 71A",,,,,41.330859,69.329889,,,,,,,,,,,,,GoldenPages,https://www.goldenpages.uz/en/company/?Id=96254,1,single,C,,auto_unverified,point,,"2026-07-19 00:15:46"
SEED000550,SHAHRISABZ,mahallas,махалля,Mirzo-Ulugbek,"100000, Tashkent, Mirzo Ulugbek district, Buyuk Ipak Yuli block of flats, 3A",,,,,41.313453,69.287629,,,,,,,,,,,,,GoldenPages,https://www.goldenpages.uz/en/company/?Id=96255,1,single,C,,auto_unverified,point,,"2026-07-19 00:15:46"
SEED000551,AL-FAROBIY,mahallas,махалля,Mirzo-Ulugbek,"100142, Tashkent, Mirzo Ulugbek district, Ahmad Yugnaki block of flats, 35A",,,,,41.347249,69.387064,,,,,,,,,,,,,GoldenPages,https://www.goldenpages.uz/en/company/?Id=96256,1,single,C,,auto_unverified,point,,"2026-07-19 00:15:46"
SEED000552,TRAKTORSOZLAR,mahallas,махалля,Mirzo-Ulugbek,"100142, Tashkent, Mirzo Ulugbek district, TTZ-1 block of flats, 34A",,,,,41.354985,69.388975,,,,,,,,,,,,,GoldenPages,https://www.goldenpages.uz/en/company/?Id=96257,1,single,C,,auto_unverified,point,,"2026-07-19 00:15:46"
SEED000553,BIRDAMLIK,mahallas,махалля,Sergeli,"100198, Tashkent, Sergeli district, Kuylyuk-7 block of flats, 6A",,,,,41.245564,69.285732,,,,,,,,,,,,,GoldenPages,https://www.goldenpages.uz/en/company/?Id=96258,1,single,C,,auto_unverified,point,,"2026-07-19 00:15:46"
SEED000554,OLCHAZOR,mahallas,махалля,Yangihayot,"100012, Tashkent, Yangihayot district, Kurgantepa Street, 1",,,,,41.202263,69.211057,,,,,,,,,,,,,GoldenPages,https://www.goldenpages.uz/en/company/?Id=96259,1,single,C,,auto_unverified,point,,"2026-07-19 00:15:46"
SEED000555,CHORBOG,mahallas,махалля,Yangihayot,"100102, Tashkent, Yangihayot district, Sputnik-1 block of flats, Chinor Street, 69",,,,,41.199298,69.213755,,,,,,,,,,,,,GoldenPages,https://www.goldenpages.uz/en/company/?Id=96260,1,single,C,,auto_unverified,point,,"2026-07-19 00:15:46"
SEED000556,VIKOR,mahallas,махалля,Yangihayot,"100102, Tashkent, Yangihayot district, Sputnik-6 block of flats, 5",,,,,41.201616,69.224412,,,,,,,,,,,,,GoldenPages,https://www.goldenpages.uz/en/company/?Id=96261,1,single,C,,auto_unverified,point,,"2026-07-19 00:15:46"
SEED000557,SUGDIYONA,mahallas,махалля,Sergeli,"100209, Tashkent, Sergeli district, Sugdiyona Street, 2A",,,,,41.222272,69.231337,,,,,,,,,,,,,GoldenPages,https://www.goldenpages.uz/en/company/?Id=96262,1,single,C,,auto_unverified,point,,"2026-07-19 00:15:46"
SEED000558,NURHAYOT,mahallas,махалля,Sergeli,"100209, Tashkent, Sergeli district, Sergeli-3 block of flats, 18A",,,,,41.214008,69.234343,,,,,,,,,,,,,GoldenPages,https://www.goldenpages.uz/en/company/?Id=96263,1,single,C,,auto_unverified,point,,"2026-07-19 00:15:46"
SEED000559,BAYNALMINAL,mahallas,махалля,Mirabad,"100015, Tashkent, Mirabad district, Mironshokh Street, 88",,,,,41.284185,69.27296,,,,,,,,,,,,,GoldenPages,https://www.goldenpages.uz/en/company/?Id=96264,1,single,C,,auto_unverified,point,,"2026-07-19 00:15:46"
SEED000560,DILBULOK,mahallas,махалля,Yakkasaray,"100022, Tashkent, Yakkasaray district, Kushbegi Street, 20A",,,,,41.269256,69.244661,,,,,,,,,,,,,GoldenPages,https://www.goldenpages.uz/en/company/?Id=96265,1,single,C,,auto_unverified,point,,"2026-07-19 00:15:46"
SEED000561,ARMUGON,mahallas,махалля,Yakkasaray,"100022, Tashkent, Yakkasaray district, Bashlik block of flats, 7A",,,,,41.270418,69.255193,,,,,,,,,,,,,GoldenPages,https://www.goldenpages.uz/en/company/?Id=96266,1,single,C,,auto_unverified,point,,"2026-07-19 00:15:46"
SEED000562,SHOKHJAKHON,mahallas,махалля,Yakkasaray,"100100, Tashkent, Yakkasaray district, Askiya Street, 29",,,,,41.28731,69.250639,,,,,,,,,,,,,GoldenPages,https://www.goldenpages.uz/en/company/?Id=96267,1,single,C,,auto_unverified,point,,"2026-07-19 00:15:46"
SEED000563,BINOKOR,mahallas,махалля,Yangihayot,"100083, Tashkent, Yangihayot district, Sholikor Street, 1/1",,,,,41.176685,69.246328,,,,,,,,,,,,,GoldenPages,https://www.goldenpages.uz/en/company/?Id=96274,1,single,C,,auto_unverified,point,,"2026-07-19 00:15:46"
SEED000564,BANOKATIY,mahallas,махалля,Mirabad,"100105, Tashkent, Mirabad district, Sarikul Street, 17A",,,,,41.277342,69.288164,,,,,,,,,,,,,GoldenPages,https://www.goldenpages.uz/en/company/?Id=96275,1,single,C,,auto_unverified,point,,"2026-07-19 00:15:46"
SEED000565,YUKSALISH,mahallas,махалля,Mirabad,"100080, Tashkent, Mirabad district, Kuylyuk-3 block of flats, 30/17",,,,,41.250963,69.313065,,,,,,,,,,,,,GoldenPages,https://www.goldenpages.uz/en/company/?Id=96276,1,single,C,,auto_unverified,point,,"2026-07-19 00:15:46"
SEED000566,ZARAFSHON,mahallas,махалля,Uchtepa,"100210, Tashkent, Uchtepa district, 4th Zarafshan pass., !",,,,,41.294972,69.144455,,,,,,,,,,,,,GoldenPages,https://www.goldenpages.uz/en/company/?Id=96277,1,single,C,,auto_unverified,point,,"2026-07-19 00:15:46"
SEED000567,TEPAKURGON,mahallas,махалля,Uchtepa,"100123, Tashkent, Uchtepa district, Chilanzar-11 block, 37",,,,,41.276196,69.186244,,,,,,,,,,,,,GoldenPages,https://www.goldenpages.uz/en/company/?Id=96278,1,single,C,,auto_unverified,point,,"2026-07-19 00:15:46"
SEED000568,VATAN,mahallas,махалля,Uchtepa,"100131, Tashkent, Uchtepa district, Chilanzar-24 block, 52A",,,,,41.282775,69.177414,,,,,,,,,,,,,GoldenPages,https://www.goldenpages.uz/en/company/?Id=96279,1,single,C,,auto_unverified,point,,"2026-07-19 00:15:46"
SEED000569,BESHKURGON,mahallas,махалля,Chilanzar,"100161, Tashkent, Chilanzar district, Beshkurgan Street, 3",,,,,41.240248,69.172733,,,,,,,,,,,,,GoldenPages,https://www.goldenpages.uz/en/company/?Id=96280,1,single,C,,auto_unverified,point,,"2026-07-19 00:15:46"
SEED000570,SHUKHRAT,mahallas,махалля,Chilanzar,"100156, Tashkent, Chilanzar district, Chilanzar-19 block, 30",,,,,41.269548,69.18382,,,,,,,,,,,,,GoldenPages,https://www.goldenpages.uz/en/company/?Id=96281,1,single,C,,auto_unverified,point,,"2026-07-19 00:15:46"
SEED000571,"KATTA JARARIK",mahallas,махалля,Shaykhantakhur,"100068, Tashkent, Shaykhontokhur district, Djararik block of flats, 15-17",,,,,41.336969,69.180072,,,,,,,,,,,,,GoldenPages,https://www.goldenpages.uz/en/company/?Id=96282,1,single,C,,auto_unverified,point,,"2026-07-19 00:15:46"
SEED000572,"KAMOLON DARVOZA",mahallas,махалля,Shaykhantakhur,"100027, Tashkent, Shaykhontokhur district, Oftob Street, 22",,,,,41.305285,69.234891,,,,,,,,,,,,,GoldenPages,https://www.goldenpages.uz/en/company/?Id=96283,1,single,C,,auto_unverified,point,,"2026-07-19 00:15:46"
SEED000573,GUZAL,mahallas,махалля,Yashnabad,"100116, Tashkent, Yashnabad district, Sokin Street, 57",,,,,41.284696,69.366494,,,,,,,,,,,,,GoldenPages,https://www.goldenpages.uz/en/company/?Id=96291,1,single,C,,auto_unverified,point,,"2026-07-19 00:15:46"
SEED000574,OLMOS,mahallas,махалля,Yashnabad,"100116, Tashkent, Yashnabad district, Katta Olmos Street, 47",,,,,41.276308,69.373506,,,,,,,,,,,,,GoldenPages,https://www.goldenpages.uz/en/company/?Id=96292,1,single,C,,auto_unverified,point,,"2026-07-19 00:15:46"
SEED000575,FAZOGIR,mahallas,махалля,Yashnabad,"100204, Tashkent, Yashnabad district, Birlashgan Street, Aviasozlar-3 block of flats, 11",,,,,41.287093,69.339668,,,,,,,,,,,,,GoldenPages,https://www.goldenpages.uz/en/company/?Id=96293,1,single,C,,auto_unverified,point,,"2026-07-19 00:15:46"
SEED000576,TUYTEPA,mahallas,махалля,Yashnabad,"100047, Tashkent, Yashnabad district, 2nd S.Azimov pass., 22",,,,,41.304742,69.291237,,,,,,,,,,,,,GoldenPages,https://www.goldenpages.uz/en/company/?Id=96294,1,single,C,,auto_unverified,point,,"2026-07-19 00:15:46"
SEED000577,BEKHIZOR,mahallas,махалля,Yashnabad,"100116, Tashkent, Yashnabad district, Munnavar Street, 3A",,,,,41.267068,69.350719,,,,,,,,,,,,,GoldenPages,https://www.goldenpages.uz/en/company/?Id=96295,1,single,C,,auto_unverified,point,,"2026-07-19 00:15:46"
SEED000578,"UKCHI OLMAZOR",mahallas,махалля,Yashnabad,"100105, Tashkent, Yashnabad district, Murgob pass., Obod Makon. Residential complex",,,,,41.293156,69.308647,,,,,,,,,,,,,GoldenPages,https://www.goldenpages.uz/en/company/?Id=96296,1,single,C,,auto_unverified,point,,"2026-07-19 00:15:46"
SEED000579,"KATTA KUYLIK",mahallas,махалля,Yashnabad,"100147, Tashkent, Yashnabad district, Fargona Yuli Street, Kuyluk C-2 block of flats, 6A",,,,,41.242591,69.332184,,,,,,,,,,,,,GoldenPages,https://www.goldenpages.uz/en/company/?Id=96297,1,single,C,,auto_unverified,point,,"2026-07-19 00:15:46"
SEED000580,YASHNOBOD,mahallas,махалля,Yashnabad,"100016, Tashkent, Yashnabad district, Karasu Street, 31",,,,,41.296598,69.340871,,,,,,,,,,,,,GoldenPages,https://www.goldenpages.uz/en/company/?Id=96298,1,single,C,,auto_unverified,point,,"2026-07-19 00:15:46"
SEED000581,FIDOYILAR,mahallas,махалля,Yashnabad,"100047, Tashkent, Yashnabad district, 22nd Aviagorodok block of flats, 45",,,,,41.300094,69.310588,,,,,,,,,,,,,GoldenPages,https://www.goldenpages.uz/en/company/?Id=96299,1,single,C,,auto_unverified,point,,"2026-07-19 00:15:46"
SEED000582,BESHARIK,mahallas,махалля,Yashnabad,"100204, Tashkent, Yashnabad district, Aviasozlar-2 block of flats, 53B",,,,,41.283618,69.345933,,,,,,,,,,,,,GoldenPages,https://www.goldenpages.uz/en/company/?Id=96300,1,single,C,,auto_unverified,point,,"2026-07-19 00:15:46"
SEED000583,KHAMKOROBOD,mahallas,махалля,Yunusabad,"100193, Tashkent, Yunusabad district, Khasanbay Street, 104",,,,,41.382019,69.242843,,,,,,,,,,,,,GoldenPages,https://www.goldenpages.uz/en/company/?Id=96301,1,single,C,,auto_unverified,point,,"2026-07-19 00:15:46"
SEED000584,BARKHAYOT,mahallas,махалля,Yunusabad,"100180, Tashkent, Yunusabad district, Yunusabad-12 block, 16A",,,,,41.377747,69.293906,,,,,,,,,,,,,GoldenPages,https://www.goldenpages.uz/en/company/?Id=96302,1,single,C,,auto_unverified,point,,"2026-07-19 00:15:46"
SEED000585,BOGI-ERAM,mahallas,махалля,Yunusabad,"100194, Tashkent, Yunusabad district, Yunusabad-11 block, !",,,,,41.372581,69.287543,,,,,,,,,,,,,GoldenPages,https://www.goldenpages.uz/en/company/?Id=96303,1,single,C,,auto_unverified,point,,"2026-07-19 00:15:46"
SEED000586,MEKHNATOBOD,mahallas,махалля,Yunusabad,"100114, Tashkent, Yunusabad district, Yunusabad-18 block, !",,,,,41.368061,69.313539,,,,,,,,,,,,,GoldenPages,https://www.goldenpages.uz/en/company/?Id=96304,1,single,C,,auto_unverified,point,,"2026-07-19 00:15:46"
SEED000587,FIRDAVSIY,mahallas,махалля,Yunusabad,"100084, Tashkent, Yunusabad district, 3rd Firdavsi pass., 27",,,,,41.33439,69.297206,,,,,,,,,,,,,GoldenPages,https://www.goldenpages.uz/en/company/?Id=96309,1,single,C,,auto_unverified,point,,"2026-07-19 00:15:46"
SEED000588,"KHAZRATI IMOM",mahallas,махалля,Olmazor,"100069, Tashkent, Almazar district, 18th Zarkaynar dead end, 6",,,,,41.33878,69.240293,,,,,,,,,,,,,GoldenPages,https://www.goldenpages.uz/en/company/?Id=96310,1,single,C,,auto_unverified,point,,"2026-07-19 00:15:46"
SEED000589,CHIMBOY,mahallas,махалля,Olmazor,"100095, Tashkent, Almazar district, Katta Tut Street, 2A",,,,,41.347534,69.22654,,,,,,,,,,,,,GoldenPages,https://www.goldenpages.uz/en/company/?Id=96311,1,single,C,,auto_unverified,point,,"2026-07-19 00:15:46"
SEED000590,KHONOBOD,mahallas,махалля,Sergeli,"100005, Tashkent, Sergeli district, Tabarruk Street, 64",,,,,41.224562,69.284662,,,,,,,,,,,,,GoldenPages,https://www.goldenpages.uz/en/company/?Id=96312,1,single,C,,auto_unverified,point,,"2026-07-19 00:15:46"
SEED000591,GEOLOGLAR,mahallas,махалля,Mirzo-Ulugbek,"100037, Tashkent, Mirzo Ulugbek district, Ezoz Street, 6A",,,,,41.340824,69.385512,,,,,,,,,,,,,GoldenPages,https://www.goldenpages.uz/en/company/?Id=96396,1,single,C,,auto_unverified,point,,"2026-07-19 00:15:46"
SEED000592,ZAKOVAT,mahallas,махалля,Mirzo-Ulugbek,"100037, Tashkent, Mirzo Ulugbek district, Farovon Khayot Street, 41A",,,,,41.337424,69.410234,,,,,,,,,,,,,GoldenPages,https://www.goldenpages.uz/en/company/?Id=96484,1,single,C,,auto_unverified,point,,"2026-07-19 00:15:46"
SEED000593,ZABARDAST,mahallas,махалля,Bektemir,"100033, Tashkent, Bektemir district, Parkent trakt, Ziyokor Street,",,,,,41.217056,69.339423,,,,,,,,,,,,,GoldenPages,https://www.goldenpages.uz/en/company/?Id=96643,1,single,C,,auto_unverified,point,,"2026-07-19 00:15:46"
SEED000594,"KUKHNA MEVAZAR",mahallas,махалля,Mirzo-Ulugbek,"100037, Tashkent, Mirzo Ulugbek district, Gulzar Street, 1G",,,,,41.315375,69.355115,,,,,,,,,,,,,GoldenPages,https://www.goldenpages.uz/en/company/?Id=96896,1,single,C,,auto_unverified,point,,"2026-07-19 00:15:46"
SEED000595,TEMURIYLAR,mahallas,махалля,Mirzo-Ulugbek,"100037, Tashkent, Mirzo Ulugbek district, Urta Osiyo Trans Street,",,,,,41.325907,69.372463,,,,,,,,,,,,,GoldenPages,https://www.goldenpages.uz/en/company/?Id=97036,1,single,C,,auto_unverified,point,,"2026-07-19 00:15:46"
SEED000596,"NURLI YOL",mahallas,махалля,Bektemir,"100033, Tashkent, Bektemir district, Bektemir highway, 48",,,,,41.208344,69.33222,,,,,,,,,,,,,GoldenPages,https://www.goldenpages.uz/en/company/?Id=97053,1,single,C,,auto_unverified,point,,"2026-07-19 00:15:46"
SEED000597,MUSAFFO,mahallas,махалля,Bektemir,"100033, Tashkent, Bektemir district, Nurafshan Street, 45",,,,,41.216808,69.321327,,,,,,,,,,,,,GoldenPages,https://www.goldenpages.uz/en/company/?Id=97204,1,single,C,,auto_unverified,point,,"2026-07-19 00:15:46"
SEED000598,PASTKI-YUZ,mahallas,махалля,Mirzo-Ulugbek,"100142, Tashkent, Mirzo Ulugbek district, Markhabo Street, 16",,,,,41.354505,69.400726,,,,,,,,,,,,,GoldenPages,https://www.goldenpages.uz/en/company/?Id=97206,1,single,C,,auto_unverified,point,,"2026-07-19 00:15:46"
SEED000599,GULZARABAD,mahallas,махалля,Mirzo-Ulugbek,"100037, Tashkent, Mirzo Ulugbek district, Shabboda Street, 3",,,,,41.317654,69.36202,,,,,,,,,,,,,GoldenPages,https://www.goldenpages.uz/en/company/?Id=98064,1,single,C,,auto_unverified,point,,"2026-07-19 00:15:46"
SEED000600,USTOZLAR,mahallas,махалля,Bektemir,"100033, Tashkent, Bektemir district, unknown Street,",,,,,41.223834,69.34151,,,,,,,,,,,,,GoldenPages,https://www.goldenpages.uz/en/company/?Id=98495,1,single,C,,auto_unverified,point,,"2026-07-19 00:15:46"
SEED000601,JASORAT,mahallas,махалля,Mirzo-Ulugbek,"100037, Tashkent, Mirzo Ulugbek district, 58-th Voenniy gorodok block of flats, 19A",,,,,41.334283,69.38765,,,,,,,,,,,,,GoldenPages,https://www.goldenpages.uz/en/company/?Id=98756,1,single,C,,auto_unverified,point,,"2026-07-19 00:15:46"
SEED000602,ZARBDOR,mahallas,махалля,Yangihayot,"100102, Tashkent, Yangihayot district, Sputnik-15 block of flats, 1",,,,,41.193638,69.214776,,,,,,,,,,,,,GoldenPages,https://www.goldenpages.uz/en/company/?Id=98920,1,single,C,,auto_unverified,point,,"2026-07-19 00:15:46"
SEED000603,IJODKOR,mahallas,махалля,Mirzo-Ulugbek,"100037, Tashkent, Mirzo Ulugbek district, Milliy Bog Street,",,,,,41.33142,69.423935,,,,,,,,,,,,,GoldenPages,https://www.goldenpages.uz/en/company/?Id=99252,1,single,C,,auto_unverified,point,,"2026-07-19 00:15:46"
SEED000604,KURUVCHILAR,mahallas,махалля,Sergeli,"100155, Tashkent, Sergeli district, Kuruvchilar block of flats,",,,,,41.219984,69.260365,,,,,,,,,,,,,GoldenPages,https://www.goldenpages.uz/en/company/?Id=99338,1,single,C,,auto_unverified,point,,"2026-07-19 00:15:46"
SEED000605,"OLIY KHIMMAT",mahallas,махалля,Mirzo-Ulugbek,"100164, Tashkent, Mirzo Ulugbek district, Durmon Yuli Street, 1st Magrur pass., 50",,,,,41.344566,69.328598,,,,,,,,,,,,,GoldenPages,https://www.goldenpages.uz/en/company/?Id=99430,1,single,C,,auto_unverified,point,,"2026-07-19 00:15:46"
SEED000606,CHINGELDI,mahallas,махалля,Mirzo-Ulugbek,"100037, Tashkent, Mirzo Ulugbek district, Milliy Bog Street, 150",,,,,41.331562,69.454035,,,,,,,,,,,,,GoldenPages,https://www.goldenpages.uz/en/company/?Id=100247,1,single,C,,auto_unverified,point,,"2026-07-19 00:15:46"
SEED000607,"YANGI KAMOLOT",mahallas,махалля,Mirzo-Ulugbek,"100124, Tashkent, Mirzo Ulugbek district, Feruza Street, 33A",,,,,41.359167,69.364992,,,,,,,,,,,,,GoldenPages,https://www.goldenpages.uz/en/company/?Id=100444,1,single,C,,auto_unverified,point,,"2026-07-19 00:15:46"
SEED000608,BUNYODABAD,mahallas,махалля,Sergeli,"100085, Tashkent, Sergeli district, Sergeli-6A block of flats, 19A",,,,,41.230959,69.207909,,,,,,,,,,,,,GoldenPages,https://www.goldenpages.uz/en/company/?Id=100632,1,single,C,,auto_unverified,point,,"2026-07-19 00:15:46"
SEED000609,ZIYOKOR,mahallas,махалля,Olmazor,"100174, Tashkent, Almazar district, Mirzo Galib Street, 7A",,,,,41.348952,69.199173,,,,,,,,,,,,,GoldenPages,https://www.goldenpages.uz/en/company/?Id=100709,1,single,C,,auto_unverified,point,,"2026-07-19 00:15:46"
SEED000610,"YUKORI DARXON",mahallas,махалля,Sergeli,"100149, Tashkent, Sergeli district, Navruz Street,",,,,,41.236304,69.204453,,,,,,,,,,,,,GoldenPages,https://www.goldenpages.uz/en/company/?Id=100756,1,single,C,,auto_unverified,point,,"2026-07-19 00:15:46"
SEED000611,GEOFIZIKA,mahallas,махалля,Mirzo-Ulugbek,"100037, Tashkent, Mirzo Ulugbek district, Geofizika village, Geofizika Street, 39A",,,,,41.340772,69.391023,,,,,,,,,,,,,GoldenPages,https://www.goldenpages.uz/en/company/?Id=101146,1,single,C,,auto_unverified,point,,"2026-07-19 00:15:46"
SEED000612,"YANGI GULZAR",mahallas,махалля,Yangihayot,"100083, Tashkent, Yangihayot district, Khalqparvar Street, 14",,,,,41.171147,69.286937,,,,,,,,,,,,,GoldenPages,https://www.goldenpages.uz/en/company/?Id=101448,1,single,C,,auto_unverified,point,,"2026-07-19 00:15:46"
SEED000613,BUNYODABAD,mahallas,махалля,Sergeli,"100088, Tashkent, Sergeli district, Sergeli-5 block of flats, 110B",,,,,41.228055,69.210916,,,,,,,,,,,,,GoldenPages,https://www.goldenpages.uz/en/company/?Id=101559,1,single,C,,auto_unverified,point,,"2026-07-19 00:15:46"
SEED000614,"YANGI OLMACHI",mahallas,махалля,Mirzo-Ulugbek,"100007, Tashkent, Mirzo Ulugbek district, 5th Olmachi pass., 43/1",,,,,41.321158,69.319557,,,,,,,,,,,,,GoldenPages,https://www.goldenpages.uz/en/company/?Id=101611,1,single,C,,auto_unverified,point,,"2026-07-19 00:15:46"
SEED000615,FAROG'ATLI,mahallas,махалля,Sergeli,"100155, Tashkent, Sergeli district, Kuruvchilar block of flats, 18A",,,,,41.214386,69.263511,,,,,,,,,,,,,GoldenPages,https://www.goldenpages.uz/en/company/?Id=101763,1,single,C,,auto_unverified,point,,"2026-07-19 00:15:46"
SEED000616,ELOBOD,mahallas,махалля,Mirzo-Ulugbek,"100077, Tashkent, Mirzo Ulugbek district, Mirzo Ulugbek avenue, 101A",,,,,41.328105,69.330206,,,,,,,,,,,,,GoldenPages,https://www.goldenpages.uz/en/company/?Id=101767,1,single,C,,auto_unverified,point,,"2026-07-19 00:15:46"
SEED000617,TURON,mahallas,махалля,Mirzo-Ulugbek,"100007, Tashkent, Mirzo Ulugbek district, Parkent Street, Parkent block of flats, 9A",,,,,41.316174,69.321693,,,,,,,,,,,,,GoldenPages,https://www.goldenpages.uz/en/company/?Id=101786,1,single,C,,auto_unverified,point,,"2026-07-19 00:15:46"
SEED000618,"KHAN TEPA",mahallas,махалля,Sergeli,"100005, Tashkent, Sergeli district, 5-th Nurli Khayot pass., 1A",,,,,41.229935,69.266735,,,,,,,,,,,,,GoldenPages,https://www.goldenpages.uz/en/company/?Id=101953,1,single,C,,auto_unverified,point,,"2026-07-19 00:15:46"
SEED000619,SULTANABAD,mahallas,махалля,Sergeli,"100005, Tashkent, Sergeli district, unknown Street,",,,,,41.230987,69.263593,,,,,,,,,,,,,GoldenPages,https://www.goldenpages.uz/en/company/?Id=102085,1,single,C,,auto_unverified,point,,"2026-07-19 00:15:46"
SEED000620,ZIYOLILAR,mahallas,махалля,Sergeli,"100182, Tashkent, Sergeli district, Yangi Hayot Street, 1",,,,,41.233532,69.256421,,,,,,,,,,,,,GoldenPages,https://www.goldenpages.uz/en/company/?Id=102106,1,single,C,,auto_unverified,point,,"2026-07-19 00:15:46"
SEED000621,"YANGI DARKHAN",mahallas,махалля,Yangihayot,"100149, Tashkent, Yangihayot district, Navruz Street, 265",,,,,41.223799,69.193851,,,,,,,,,,,,,GoldenPages,https://www.goldenpages.uz/en/company/?Id=102151,1,single,C,,auto_unverified,point,,"2026-07-19 00:15:46"
SEED000622,NOMDANAK,mahallas,махалля,Sergeli,"100005, Tashkent, Sergeli district, Nomdanak Street, 3",,,,,41.237658,69.281801,,,,,,,,,,,,,GoldenPages,https://www.goldenpages.uz/en/company/?Id=102300,1,single,C,,auto_unverified,point,,"2026-07-19 00:15:46"
SEED000623,KUT-BARAKA,mahallas,махалля,Sergeli,"100182, Tashkent, Sergeli district, Mokhichekhra Street, 2A",,,,,41.237967,69.230067,,,,,,,,,,,,,GoldenPages,https://www.goldenpages.uz/en/company/?Id=102670,1,single,C,,auto_unverified,point,,"2026-07-19 00:15:46"
SEED000624,"KATTA NAVBAXOR",mahallas,махалля,Chilanzar,"100097, Tashkent, Chilanzar district, Chilanzar-C block, 16A",,,,,41.282689,69.203232,,,,,,,,,,,,,GoldenPages,https://www.goldenpages.uz/en/company/?Id=102671,1,single,C,,auto_unverified,point,,"2026-07-19 00:15:46"
SEED000625,KENGMAKON,mahallas,махалля,Sergeli,"100005, Tashkent, Sergeli district, Buyuk Avlod Street,",,,,,41.23978,69.298321,,,,,,,,,,,,,GoldenPages,https://www.goldenpages.uz/en/company/?Id=102785,1,single,C,,auto_unverified,point,,"2026-07-19 00:15:46"
SEED000626,KUBAY-TEPA,mahallas,махалля,Sergeli,"100160, Tashkent, Sergeli district, Mokhidil Street, 13",,,,,41.250391,69.222804,,,,,,,,,,,,,GoldenPages,https://www.goldenpages.uz/en/company/?Id=102911,1,single,C,,auto_unverified,point,,"2026-07-19 00:15:46"
SEED000627,KURKAM,mahallas,махалля,Chilanzar,"100096, Tashkent, Chilanzar district, Chilanzar-5 block, 6A",,,,,41.289676,69.218564,,,,,,,,,,,,,GoldenPages,https://www.goldenpages.uz/en/company/?Id=103007,1,single,C,,auto_unverified,point,,"2026-07-19 00:15:46"
SEED000628,IZZATLI,mahallas,махалля,Sergeli,"100005, Tashkent, Sergeli district, Nurafshan Street, 128",,,,,41.233786,69.286629,,,,,,,,,,,,,GoldenPages,https://www.goldenpages.uz/en/company/?Id=103092,1,single,C,,auto_unverified,point,,"2026-07-19 00:15:46"
SEED000629,KAZIRABAT,mahallas,махалля,Chilanzar,"100115, Tashkent, Chilanzar district, Chilanzar Street, 83-85",,,,,41.275739,69.215222,,,,,,,,,,,,,GoldenPages,https://www.goldenpages.uz/en/company/?Id=103166,1,single,C,,auto_unverified,point,,"2026-07-19 00:15:46"
SEED000630,DIYOR,mahallas,махалля,Chilanzar,"100097, Tashkent, Chilanzar district, Chilanzar-8 block, 41A",,,,,41.292378,69.201298,,,,,,,,,,,,,GoldenPages,https://www.goldenpages.uz/en/company/?Id=103250,1,single,C,,auto_unverified,point,,"2026-07-19 00:15:46"
SEED000631,ESHANBULAK,mahallas,махалля,Sergeli,"100005, Tashkent, Sergeli district, Yoshinbulok Street, 25",,,,,41.23427,69.307083,,,,,,,,,,,,,GoldenPages,https://www.goldenpages.uz/en/company/?Id=103614,1,single,C,,auto_unverified,point,,"2026-07-19 00:15:46"
SEED000632,SADOKAT,mahallas,махалля,Sergeli,"100005, Tashkent, Sergeli district, 7-th Khanabad dead end, 6",,,,,41.229962,69.296083,,,,,,,,,,,,,GoldenPages,https://www.goldenpages.uz/en/company/?Id=103878,1,single,C,,auto_unverified,point,,"2026-07-19 00:15:46"
SEED000633,HUMO,mahallas,махалля,Yangihayot,"100034, Tashkent, Yangihayot district, Yangikhayot-6 block, 7A",,,,,41.216146,69.210075,,,,,,,,,,,,,GoldenPages,https://www.goldenpages.uz/en/company/?Id=103912,1,single,C,,auto_unverified,point,,"2026-07-19 00:15:46"
SEED000634,"KUKHNA KUMARIK",mahallas,махалля,Sergeli,"100182, Tashkent, Sergeli district, Zamakhshari Street, 17",,,,,41.240461,69.255509,,,,,,,,,,,,,GoldenPages,https://www.goldenpages.uz/en/company/?Id=103985,1,single,C,,auto_unverified,point,,"2026-07-19 00:15:46"
SEED000635,"ESKI JALOYIR",mahallas,махалля,Sergeli,"100182, Tashkent, Sergeli district, Ilgor Street, 21",,,,,41.227607,69.248057,,,,,,,,,,,,,GoldenPages,https://www.goldenpages.uz/en/company/?Id=104382,1,single,C,,auto_unverified,point,,"2026-07-19 00:15:46"
SEED000636,"KHANABAD TEPA",mahallas,махалля,Sergeli,"100005, Tashkent, Sergeli district, 3-rd Khanabadtepa pass., 3A",,,,,41.22212,69.258251,,,,,,,,,,,,,GoldenPages,https://www.goldenpages.uz/en/company/?Id=104658,1,single,C,,auto_unverified,point,,"2026-07-19 00:15:46"
SEED000637,ORIYAT,mahallas,махалля,Yangihayot,"100034, Tashkent, Yangihayot district, Yangikhayot-2 block, 58A",,,,,41.209911,69.194507,,,,,,,,,,,,,GoldenPages,https://www.goldenpages.uz/en/company/?Id=104680,1,single,C,,auto_unverified,point,,"2026-07-19 00:15:46"
SEED000638,CHARTAK,mahallas,махалля,Yangihayot,"100155, Tashkent, Yangihayot district, Chartak Street, 131",,,,,41.177847,69.225222,,,,,,,,,,,,,GoldenPages,https://www.goldenpages.uz/en/company/?Id=104681,1,single,C,,auto_unverified,point,,"2026-07-19 00:15:46"
SEED000639,MASHAL,mahallas,махалля,Yangihayot,"100012, Tashkent, Yangihayot district, Uzgarish block of flats, 7B",,,,,41.211846,69.21355,,,,,,,,,,,,,GoldenPages,https://www.goldenpages.uz/en/company/?Id=104803,1,single,C,,auto_unverified,point,,"2026-07-19 00:15:46"
SEED000640,"YANGI CHASHTEPA",mahallas,махалля,Yangihayot,"100149, Tashkent, Yangihayot district, Uzar Street, Yangi Chashtepa block, 21A",,,,,41.231214,69.192172,,,,,,,,,,,,,GoldenPages,https://www.goldenpages.uz/en/company/?Id=104904,1,single,C,,auto_unverified,point,,"2026-07-19 00:15:46"
SEED000641,"KHUJA UCHKUN",mahallas,махалля,Yangihayot,"100083, Tashkent, Yangihayot district, Istiqbol Street, 36",,,,,41.195062,69.277726,,,,,,,,,,,,,GoldenPages,https://www.goldenpages.uz/en/company/?Id=105509,1,single,C,,auto_unverified,point,,"2026-07-19 00:15:46"
SEED000642,"YANGI KHAYOT",mahallas,махалля,Yangihayot,"100034, Tashkent, Yangihayot district, Yangikhayot-2 block, 15A",,,,,41.215713,69.196971,,,,,,,,,,,,,GoldenPages,https://www.goldenpages.uz/en/company/?Id=106600,1,single,C,,auto_unverified,point,,"2026-07-19 00:15:46"
SEED000643,MARKHAMAT,mahallas,махалля,Yangihayot,"100034, Tashkent, Yangihayot district, Yangikhayot-5 block, 1-st Kurgantepa pass., 1A",,,,,41.215685,69.200162,,,,,,,,,,,,,GoldenPages,https://www.goldenpages.uz/en/company/?Id=107042,1,single,C,,auto_unverified,point,,"2026-07-19 00:15:46"
SEED000644,"YANGI TURMUSH",mahallas,махалля,Yangihayot,"100034, Tashkent, Yangihayot district, Yangikhayot-4 block,",,,,,41.217385,69.202739,,,,,,,,,,,,,GoldenPages,https://www.goldenpages.uz/en/company/?Id=107652,1,single,C,,auto_unverified,point,,"2026-07-19 00:15:46"
SEED000645,"YANGI UMID",mahallas,махалля,Yangihayot,"100088, Tashkent, Yangihayot district, Yangikhayot-1 block, 47A",,,,,41.220039,69.201203,,,,,,,,,,,,,GoldenPages,https://www.goldenpages.uz/en/company/?Id=108348,1,single,C,,auto_unverified,point,,"2026-07-19 00:15:46"
SEED000646,HUSHNUD,mahallas,махалля,Yangihayot,"100102, Tashkent, Yangihayot district, Kipchak avenue,",,,,,41.197276,69.204288,,,,,,,,,,,,,GoldenPages,https://www.goldenpages.uz/en/company/?Id=108349,1,single,C,,auto_unverified,point,,"2026-07-19 00:15:46"
SEED000647,GULSHANABAD,mahallas,махалля,Yangihayot,"100034, Tashkent, Yangihayot district, Yangikhayot-5 block, 1-st Kurgantepa pass., 46A",,,,,41.211346,69.196304,,,,,,,,,,,,,GoldenPages,https://www.goldenpages.uz/en/company/?Id=108507,1,single,C,,auto_unverified,point,,"2026-07-19 00:15:46"
SEED000648,ALISHERABAD,mahallas,махалля,Mirzo-Ulugbek,"100037, Tashkent, Mirzo Ulugbek district, Jushkin Street, 13",,,,,41.330647,69.406988,,,,,,,,,,,,,GoldenPages,https://www.goldenpages.uz/en/company/?Id=109560,1,single,C,,auto_unverified,point,,"2026-07-19 00:15:46"
SEED000649,IKTIDOR,mahallas,махалля,Mirzo-Ulugbek,"100037, Tashkent, Mirzo Ulugbek district, Milliy Bog Street, 99A",,,,,41.336139,69.446769,,,,,,,,,,,,,GoldenPages,https://www.goldenpages.uz/en/company/?Id=109709,1,single,C,,auto_unverified,point,,"2026-07-19 00:15:46"
SEED000650,"Alfa Dent",medicine,dentist,,,,,,,41.29314,69.27443,,,,,,,41.29314,69.27443,,,,,OSM,,1,single,C,,auto_unverified,point,,"2026-07-19 00:15:46"
SEED000651,"Семейная поликлиника №36",medicine,clinic,,"Muqimiy ko'chasi 142/144",,,,,41.2938,69.22266,,,,,,,41.2938,69.22266,,,,,OSM,,1,single,C,,auto_unverified,point,,"2026-07-19 00:15:46"
SEED000652,Стоматология,medicine,dentist,,,,,,,41.25009,69.30217,,,,,,,41.25009,69.30217,,,,,OSM,,1,single,C,,auto_unverified,point,,"2026-07-19 00:15:46"
SEED000653,"Ulmas Dental Service",medicine,dentist,,,,,,,41.29378,69.28771,,,,,,,41.29378,69.28771,,,,,OSM,,1,single,C,,auto_unverified,point,,"2026-07-19 00:15:46"
SEED000654,"Vega Med",medicine,hospital,,,,,,,41.30666,69.30675,,,,,,,41.30666,69.30675,,,,,OSM,,1,single,C,,auto_unverified,point,,"2026-07-19 00:15:46"
SEED000655,"IMMUNOGEN TEST",medicine,doctors,,,,,,,41.3052,69.28449,,,,,,,41.3052,69.28449,,,,,OSM,,1,single,C,,auto_unverified,point,,"2026-07-19 00:15:46"
SEED000656,Sadaf,medicine,dentist,,,,,,,41.31898,69.29847,,,,,,,41.31898,69.29847,,,,,OSM,,1,single,C,,auto_unverified,point,,"2026-07-19 00:15:46"
SEED000657,"ЦЕНТР ВАКЦИНАЦИИ",medicine,doctors,,,,,,,41.32716,69.33857,,,,,,,41.32716,69.33857,,,,,OSM,,1,single,C,,auto_unverified,point,,"2026-07-19 00:15:46"
SEED000658,"Зубной врач",medicine,dentist,,,,,,,41.30045,69.34414,,,,,,,41.30045,69.34414,,,,,OSM,,1,single,C,,auto_unverified,point,,"2026-07-19 00:15:46"
SEED000659,"Shox Med Centre",medicine,hospital,,"Oybek ko'chasi 34",,,,,41.29224,69.27964,,,,,,,41.29224,69.27964,,,,,OSM,,1,single,C,,auto_unverified,point,,"2026-07-19 00:15:46"
SEED000660,Стоматология,medicine,dentist,,,,,,,41.25117,69.30903,,,,,,,41.25117,69.30903,,,,,OSM,,1,single,C,,auto_unverified,point,,"2026-07-19 00:15:46"
SEED000661,Nomad-Amon,medicine,doctors,,,,,,,41.28352,69.30093,,,,,,,41.28352,69.30093,,,,,OSM,,1,single,C,,auto_unverified,point,,"2026-07-19 00:15:46"
SEED000662,"Детская стоматологическая поликлиника №6",medicine,dentist,,,,,,,41.30467,69.21595,,,,,,,41.30467,69.21595,,,,,OSM,,1,single,C,,auto_unverified,point,,"2026-07-19 00:15:46"
SEED000663,"Поликлиника №20",medicine,clinic,,,,,,,41.35843,69.23785,,,,,,,41.35843,69.23785,,,,,OSM,,1,single,C,,auto_unverified,point,,"2026-07-19 00:15:46"
SEED000664,"поликлиника №15",medicine,doctors,,,,,,,41.36362,69.21254,,,,,,,41.36362,69.21254,,,,,OSM,,1,single,C,,auto_unverified,point,,"2026-07-19 00:15:46"
SEED000665,"стомотологичиская поликлиника №7",medicine,dentist,,,,,,,41.36357,69.21346,,,,,,,41.36357,69.21346,,,,,OSM,,1,single,C,,auto_unverified,point,,"2026-07-19 00:15:46"
SEED000666,Стоматология,medicine,dentist,,,,,,,41.30751,69.2663,,,,,,,41.30751,69.2663,,,,,OSM,,1,single,C,,auto_unverified,point,,"2026-07-19 00:15:46"
SEED000667,Тубдиспансер,medicine,doctors,,,,,,,41.35356,69.25174,,,,,,,41.35356,69.25174,,,,,OSM,,1,single,C,,auto_unverified,point,,"2026-07-19 00:15:46"
SEED000668,"Smile Dental Clinic",medicine,dentist,,,,,,,41.30726,69.26885,,,,,,,41.30726,69.26885,,,,,OSM,,1,single,C,,auto_unverified,point,,"2026-07-19 00:15:46"
SEED000669,Otalaringolog,medicine,doctors,,,,,,,41.32647,69.29062,,,,,,,41.32647,69.29062,,,,,OSM,,1,single,C,,auto_unverified,point,,"2026-07-19 00:15:46"
SEED000670,"Dr. Summit",medicine,hospital,,,,,,,41.31735,69.28573,,,,,,,41.31735,69.28573,,,,,OSM,,1,single,C,,auto_unverified,point,,"2026-07-19 00:15:46"
SEED000671,17-поликлиника,medicine,clinic,,,,,,,41.34319,69.22861,,,,,,,41.34319,69.22861,,,,,OSM,,1,single,C,,auto_unverified,point,,"2026-07-19 00:15:46"
SEED000672,"14 семейная поликлиника",medicine,clinic,,,,,,,41.32949,69.23435,,,,,,,41.32949,69.23435,,,,,OSM,,1,single,C,,auto_unverified,point,,"2026-07-19 00:15:46"
SEED000673,"Optimus Stom",medicine,dentist,,90-41,,,,,41.32902,69.27528,,,,,,,41.32902,69.27528,,,,,OSM,,1,single,C,,auto_unverified,point,,"2026-07-19 00:15:46"
SEED000674,"""Smalto Dente"" ЧП Стоматология",medicine,dentist,,,,,,,41.32867,69.27751,,,,,,,41.32867,69.27751,,,,,OSM,,1,single,C,,auto_unverified,point,,"2026-07-19 00:15:46"
SEED000675,"Стоматологическая поликлиника №3",medicine,dentist,,,,,,,41.27845,69.17355,,,,,,,41.27845,69.17355,,,,,OSM,,1,single,C,,auto_unverified,point,,"2026-07-19 00:15:46"
SEED000676,"Поликлиника №43",medicine,clinic,,,,,,,41.30126,69.20813,,,,,,,41.30126,69.20813,,,,,OSM,,1,single,C,,auto_unverified,point,,"2026-07-19 00:15:46"
SEED000677,"Семейная поликлиника №24",medicine,clinic,,,,,,,41.28085,69.19178,,,,,,,41.28085,69.19178,,,,,OSM,,1,single,C,,auto_unverified,point,,"2026-07-19 00:15:46"
SEED000678,"BRAVO PHARMA",medicine,hospital,,,,,,,41.30087,69.26967,,,,,,,41.30087,69.26967,,,,,OSM,,1,single,C,,auto_unverified,point,,"2026-07-19 00:15:46"
SEED000679,"1-son Oilaviy Poliklinika",medicine,clinic,,,,,,,41.29857,69.27988,,,,,,,41.29857,69.27988,,,,,OSM,,1,single,C,,auto_unverified,point,,"2026-07-19 00:15:46"
SEED000680,"Детская городская клиническая больница №3",medicine,hospital,,,+998712473019,,,,41.3147,69.16173,,,,,,,41.3147,69.16173,,,,,OSM+clinics.uz,,1,single,C,,auto_unverified,point,,"2026-07-19 00:15:46"
SEED000681,"Детская Стоматологическая Поликлиника №2",medicine,dentist,,,,,,,41.37033,69.27197,,,,,,,41.37033,69.27197,,,,,OSM,,1,single,C,,auto_unverified,point,,"2026-07-19 00:15:46"
SEED000682,"Туберкулёзный диспансер №5",medicine,doctors,,,,,,,41.28086,69.29528,,,,,,,41.28086,69.29528,,,,,OSM,,1,single,C,,auto_unverified,point,,"2026-07-19 00:15:46"
SEED000683,"Поликлиника №38",medicine,doctors,,,,,,,41.25741,69.15856,,,,,,,41.25741,69.15856,,,,,OSM,,1,single,C,,auto_unverified,point,,"2026-07-19 00:15:46"
SEED000684,Диамед,medicine,doctors,,,,,,,41.28582,69.23397,,,,,,,41.28582,69.23397,,,,,OSM,,1,single,C,,auto_unverified,point,,"2026-07-19 00:15:46"
SEED000685,"Косметологический центр",medicine,doctors,,,,,,,41.30714,69.27007,,,,,,,41.30714,69.27007,,,,,OSM,,1,single,C,,auto_unverified,point,,"2026-07-19 00:15:46"
SEED000686,Педиатрия,medicine,doctors,,,,,,,41.26802,69.217,,,,,,,41.26802,69.217,,,,,OSM,,1,single,C,,auto_unverified,point,,"2026-07-19 00:15:46"
SEED000687,Терапия,medicine,doctors,,,,,,,41.26891,69.21706,,,,,,,41.26891,69.21706,,,,,OSM,,1,single,C,,auto_unverified,point,,"2026-07-19 00:15:46"
SEED000688,Хирургия,medicine,doctors,,,,,,,41.26941,69.21616,,,,,,,41.26941,69.21616,,,,,OSM,,1,single,C,,auto_unverified,point,,"2026-07-19 00:15:46"
SEED000689,"Поликлиника ТТЗ",medicine,doctors,,,,,,,41.35212,69.38608,,,,,,,41.35212,69.38608,,,,,OSM,,1,single,C,,auto_unverified,point,,"2026-07-19 00:15:46"
SEED000690,"Стоматологическая поликлиника 1",medicine,dentist,,,,,,,41.33116,69.3666,,,,,,,41.33116,69.3666,,,,,OSM,,1,single,C,,auto_unverified,point,,"2026-07-19 00:15:46"
SEED000691,"ведомственная поликлиника НАК Хаво Йулари",medicine,doctors,,"Uchuvchilar ko'chasi",,,,,41.26878,69.28203,,,,,,,41.26878,69.28203,,,,,OSM,,1,single,C,,auto_unverified,point,,"2026-07-19 00:15:46"
SEED000692,SAIF-OPTIMA,medicine,doctors,,,,,,,41.29385,69.3333,,,,,,,41.29385,69.3333,,,,,OSM,,1,single,C,,auto_unverified,point,,"2026-07-19 00:15:46"
SEED000693,"Sebzor Med - Себзор Мед",medicine,hospital,,"Sebzor ko'chasi",,,,,41.33051,69.24868,,,,,,,41.33051,69.24868,,,,,OSM,,1,single,C,,auto_unverified,point,,"2026-07-19 00:15:46"
SEED000694,"Dilshod Denta",medicine,dentist,,,,,,,41.36344,69.21303,,,,,,,41.36344,69.21303,,,,,OSM,,1,single,C,,auto_unverified,point,,"2026-07-19 00:15:46"
SEED000695,"Radik ofis MedLand Диагностический центр",medicine,doctors,,"Богибустон улица 38A",,,,,41.2803,69.24106,,,,,,,41.2803,69.24106,,,,,OSM,,1,single,C,,auto_unverified,point,,"2026-07-19 00:15:46"
SEED000696,сэржэм,medicine,doctors,,,,,,,41.36854,69.30845,,,,,,,41.36854,69.30845,,,,,OSM,,1,single,C,,auto_unverified,point,,"2026-07-19 00:15:46"
SEED000697,"ВТЭК Ташкентской области",medicine,clinic,,,,,,,41.26231,69.2231,,,,,,,41.26231,69.2231,,,,,OSM,,1,single,C,,auto_unverified,point,,"2026-07-19 00:15:46"
SEED000698,"Медецинский центр Алексея Назарова",medicine,clinic,,,,,,,41.33108,69.30686,,,,,,,41.33108,69.30686,,,,,OSM,,1,single,C,,auto_unverified,point,,"2026-07-19 00:15:46"
SEED000699,"центр вакцинации",medicine,doctors,,,,,,,41.28222,69.25057,,,,,,,41.28222,69.25057,,,,,OSM,,1,single,C,,auto_unverified,point,,"2026-07-19 00:15:46"
SEED000700,"Sifat va Farog'at",medicine,clinic,,,,,,,41.3114,69.29152,,,,,,,41.3114,69.29152,,,,,OSM,,1,single,C,,auto_unverified,point,,"2026-07-19 00:15:46"
SEED000701,Intermed,medicine,doctors,,,,,,,41.29064,69.28112,,,,,,,41.29064,69.28112,,,,,OSM,,1,single,C,,auto_unverified,point,,"2026-07-19 00:15:46"
SEED000702,InterDent,medicine,dentist,,"Bogishamol ko'chasi 33a-23",,,,,41.3393,69.28727,,,,,,,41.3393,69.28727,,,,,OSM,,1,single,C,,auto_unverified,point,,"2026-07-19 00:15:46"
SEED000703,"Семейная поликлиника № 60",medicine,clinic,,,,,,,41.29123,69.25924,,,,,,,41.29123,69.25924,,,,,OSM,,1,single,C,,auto_unverified,point,,"2026-07-19 00:15:46"
SEED000704,Стоматология,medicine,dentist,,,,,,,41.24516,69.31305,,,,,,,41.24516,69.31305,,,,,OSM,,1,single,C,,auto_unverified,point,,"2026-07-19 00:15:46"
SEED000705,Стоматология,medicine,dentist,,,,,,,41.24521,69.31128,,,,,,,41.24521,69.31128,,,,,OSM,,1,single,C,,auto_unverified,point,,"2026-07-19 00:15:46"
SEED000706,"+BP Medical Center",medicine,doctors,,"Уста Олима улица 4в",,,,,41.34282,69.25775,,,,,,,41.34282,69.25775,,,,,OSM,,1,single,C,,auto_unverified,point,,"2026-07-19 00:15:46"
SEED000707,Стомотология,medicine,dentist,,,,,,,41.26299,69.15518,,,,,,,41.26299,69.15518,,,,,OSM,,1,single,C,,auto_unverified,point,,"2026-07-19 00:15:46"
SEED000708,DOKTOR-SERVIS,medicine,clinic,,,,,,,41.29841,69.21395,,,,,,,41.29841,69.21395,,,,,OSM,,1,single,C,,auto_unverified,point,,"2026-07-19 00:15:46"
SEED000709,"Стоматологическая поликлиника",medicine,dentist,,,,,,,41.31155,69.30258,,,,,,,41.31155,69.30258,,,,,OSM,,1,single,C,,auto_unverified,point,,"2026-07-19 00:15:46"
SEED000710,"Поликлиника №22",medicine,clinic,,,,,,,41.31582,69.16497,,,,,,,41.31582,69.16497,,,,,OSM,,1,single,C,,auto_unverified,point,,"2026-07-19 00:15:46"
SEED000711,"STAR MED SERVICE",medicine,hospital,,"Келес Йули",,,,,41.36992,69.22536,,,,,,,41.36992,69.22536,,,,,OSM,,1,single,C,,auto_unverified,point,,"2026-07-19 00:15:46"
SEED000712,Стоматология,medicine,dentist,,,,,,,41.20912,69.22815,,,,,,,41.20912,69.22815,,,,,OSM,,1,single,C,,auto_unverified,point,,"2026-07-19 00:15:46"
SEED000713,"Здоровая семья",medicine,doctors,,"Максуда Шайхзода 31а",,,,,41.27906,69.18857,,,,,,,41.27906,69.18857,,,,,OSM,,1,single,C,,auto_unverified,point,,"2026-07-19 00:15:46"
SEED000714,"Stomatologiya - FAOL MED MCHJ",medicine,dentist,,,,,,,41.33409,69.21707,,,,,,,41.33409,69.21707,,,,,OSM,,1,single,C,,auto_unverified,point,,"2026-07-19 00:15:46"
SEED000715,"MIRAMED - ORTOS - ортопедия, травмотология и хирургия",medicine,doctors,,,,,,,41.33276,69.2192,,,,,,,41.33276,69.2192,,,,,OSM,,1,single,C,,auto_unverified,point,,"2026-07-19 00:15:46"
SEED000716,Поликлиника,medicine,doctors,,,,,,,41.33103,69.22209,,,,,,,41.33103,69.22209,,,,,OSM,,1,single,C,,auto_unverified,point,,"2026-07-19 00:15:46"
SEED000717,"MEDIK — AS",medicine,clinic,,"Анхор Буйи улица 18-A",,,,,41.31933,69.2646,,,,,,,41.31933,69.2646,,,,,OSM,,1,single,C,,auto_unverified,point,,"2026-07-19 00:15:46"
SEED000718,Стоматолог,medicine,dentist,,59,,,,,41.26325,69.15616,,,,,,,41.26325,69.15616,,,,,OSM,,1,single,C,,auto_unverified,point,,"2026-07-19 00:15:46"
SEED000719,"G'uncha Med Servis",medicine,clinic,,,,,,,41.3302,69.22414,,,,,,,41.3302,69.22414,,,,,OSM,,1,single,C,,auto_unverified,point,,"2026-07-19 00:15:46"
SEED000720,"Oilaviy poliklinika №59",medicine,doctors,,,,,,,41.27161,69.23881,,,,,,,41.27161,69.23881,,,,,OSM,,1,single,C,,auto_unverified,point,,"2026-07-19 00:15:46"
SEED000721,Лор,medicine,clinic,,,,,,,41.3989,69.20646,,,,,,,41.3989,69.20646,,,,,OSM,,1,single,C,,auto_unverified,point,,"2026-07-19 00:15:46"
SEED000722,"Oilaviy poliklinikasi №57",medicine,clinic,,,,,,,41.2934,69.25036,,,,,,,41.2934,69.25036,,,,,OSM,,1,single,C,,auto_unverified,point,,"2026-07-19 00:15:46"
SEED000723,"Диагностический центр ""Delta""",medicine,doctors,,,,,,,41.36463,69.29475,,,,,,,41.36463,69.29475,,,,,OSM,,1,single,C,,auto_unverified,point,,"2026-07-19 00:15:46"
SEED000724,"Медицинский центр ""Global Medical Center""",medicine,doctors,,"Yangi sirg'ali ko'chasi 35",+998787770303,,,,41.21633,69.22711,,,,,,,41.21633,69.22711,,,,,OSM+clinics.uz,,1,single,C,,auto_unverified,point,,"2026-07-19 00:15:46"
SEED000725,"Медицинский центр Komfort Med",medicine,doctors,,"Yangi sirg'ali ko'chasi",,,,,41.21688,69.22543,,,,,,,41.21688,69.22543,,,,,OSM,,1,single,C,,auto_unverified,point,,"2026-07-19 00:15:46"
SEED000726,Травматология,medicine,doctors,,"Обихаёт улица",,,,,41.21782,69.23979,,,,,,,41.21782,69.23979,,,,,OSM,,1,single,C,,auto_unverified,point,,"2026-07-19 00:15:46"
SEED000727,"Doctor Light Diagnostic",medicine,doctors,,"Toshkent halqa avtomobil yo'li",,,,,41.36436,69.33332,,,,,,,41.36436,69.33332,,,,,OSM,,1,single,C,,auto_unverified,point,,"2026-07-19 00:15:46"
SEED000728,"Клиника LOR-UZD",medicine,doctors,,"Кургантепа улица",,,,,41.2008,69.21107,,,,,,,41.2008,69.21107,,,,,OSM,,1,single,C,,auto_unverified,point,,"2026-07-19 00:15:46"
SEED000729,Стоматология,medicine,dentist,,,,,,,41.28636,69.25134,,,,,,,41.28636,69.25134,,,,,OSM,,1,single,C,,auto_unverified,point,,"2026-07-19 00:15:46"
SEED000730,sabina-stom,medicine,dentist,,,,,,,41.26523,69.16079,,,,,,,41.26523,69.16079,,,,,OSM,,1,single,C,,auto_unverified,point,,"2026-07-19 00:15:46"
SEED000731,"Chilanzar Denta Luxe",medicine,dentist,,"Kichik Halqa yo'li 8A",,,,,41.27814,69.19987,,,,,,,41.27814,69.19987,,,,,OSM,,1,single,C,,auto_unverified,point,,"2026-07-19 00:15:46"
SEED000732,"Anti Caries",medicine,dentist,,,,,,,41.36464,69.28624,,,,,,,41.36464,69.28624,,,,,OSM,,1,single,C,,auto_unverified,point,,"2026-07-19 00:15:46"
SEED000733,"Центр имплантации зубов",medicine,dentist,,,,,,,41.34837,69.28666,,,,,,,41.34837,69.28666,,,,,OSM,,1,single,C,,auto_unverified,point,,"2026-07-19 00:15:46"
SEED000734,"Семейная поликлиника №5",medicine,doctors,,"Mustaqillik shoh ko'chasi 22",,,,,41.31595,69.29158,,,,,,,41.31595,69.29158,,,,,OSM,,1,single,C,,auto_unverified,point,,"2026-07-19 00:15:46"
SEED000735,"Maks ofis Шифо Нур",medicine,doctors,,44,,,,,41.27864,69.2497,,,,,,,41.27864,69.2497,,,,,OSM,,1,single,C,,auto_unverified,point,,"2026-07-19 00:15:46"
SEED000736,"МедЦентр NBF",medicine,clinic,,,,,,,41.28783,69.1725,,,,,,,41.28783,69.1725,,,,,OSM,,1,single,C,,auto_unverified,point,,"2026-07-19 00:15:46"
SEED000737,Стоматология,medicine,dentist,,"Себзар улица",,,,,41.33174,69.24968,,,,,,,41.33174,69.24968,,,,,OSM,,1,single,C,,auto_unverified,point,,"2026-07-19 00:15:46"
SEED000738,"АВИЦЕНА ДИАГНОСТИКА",medicine,hospital,,,,,,,41.30557,69.25086,,,,,,,41.30557,69.25086,,,,,OSM,,1,single,C,,auto_unverified,point,,"2026-07-19 00:15:46"
SEED000739,Айболит,medicine,clinic,,,,,,,41.3277,69.22783,,,,,,,41.3277,69.22783,,,,,OSM,,1,single,C,,auto_unverified,point,,"2026-07-19 00:15:46"
SEED000740,Shifo-Dono,medicine,hospital,,,,,,,41.36304,69.28361,,,,,,,41.36304,69.28361,,,,,OSM,,1,single,C,,auto_unverified,point,,"2026-07-19 00:15:46"
SEED000741,"""Layon"" Центр Здоровья Женщин",medicine,clinic,,,,,,,41.36319,69.2842,,,,,,,41.36319,69.2842,,,,,OSM,,1,single,C,,auto_unverified,point,,"2026-07-19 00:15:46"
SEED000742,"Sihat Koz",medicine,clinic,,,,,,,41.36351,69.28484,,,,,,,41.36351,69.28484,,,,,OSM,,1,single,C,,auto_unverified,point,,"2026-07-19 00:15:46"
SEED000743,Карима,medicine,doctors,,,,,,,41.35031,69.18723,,,,,,,41.35031,69.18723,,,,,OSM,,1,single,C,,auto_unverified,point,,"2026-07-19 00:15:46"
SEED000744,Ihlos-doctor,medicine,clinic,,53А,,,,,41.37184,69.31827,,,,,,,41.37184,69.31827,,,,,OSM,,1,single,C,,auto_unverified,point,,"2026-07-19 00:15:46"
SEED000745,Stomaservice,medicine,dentist,,,,,,,41.3349,69.35181,,,,,,,41.3349,69.35181,,,,,OSM,,1,single,C,,auto_unverified,point,,"2026-07-19 00:15:46"
SEED000746,"Поликлиника №23",medicine,doctors,,,,,,,41.30063,69.17772,,,,,,,41.30063,69.17772,,,,,OSM,,1,single,C,,auto_unverified,point,,"2026-07-19 00:15:46"
SEED000747,"Gulshan stom",medicine,dentist,,,,,,,41.32569,69.25557,,,,,,,41.32569,69.25557,,,,,OSM,,1,single,C,,auto_unverified,point,,"2026-07-19 00:15:46"
SEED000748,Садаф,medicine,dentist,,,,,,,41.2929,69.27798,,,,,,,41.2929,69.27798,,,,,OSM,,1,single,C,,auto_unverified,point,,"2026-07-19 00:15:46"
SEED000749,"ЛОР 24",medicine,doctors,,,,,,,41.22638,69.21909,,,,,,,41.22638,69.21909,,,,,OSM,,1,single,C,,auto_unverified,point,,"2026-07-19 00:15:46"
SEED000750,"Туйғун стом сервис",medicine,dentist,,,,,,,41.22628,69.21883,,,,,,,41.22628,69.21883,,,,,OSM,,1,single,C,,auto_unverified,point,,"2026-07-19 00:15:46"
SEED000751,"Стоматологическая поликлиника",medicine,dentist,,,,,,,41.26988,69.21543,,,,,,,41.26988,69.21543,,,,,OSM,,1,single,C,,auto_unverified,point,,"2026-07-19 00:15:46"
SEED000752,"Colibri Dental Care стоматология",medicine,dentist,,"Юнусабад тупик 34",,,,,41.35343,69.28537,,,,,,,41.35343,69.28537,,,,,OSM,,1,single,C,,auto_unverified,point,,"2026-07-19 00:15:46"
SEED000753,"Детская стоматология",medicine,dentist,,,,,,,41.30837,69.30169,,,,,,,41.30837,69.30169,,,,,OSM,,1,single,C,,auto_unverified,point,,"2026-07-19 00:15:46"
SEED000754,"Стоматологическая хирургия",medicine,dentist,,,,,,,41.31076,69.30354,,,,,,,41.31076,69.30354,,,,,OSM,,1,single,C,,auto_unverified,point,,"2026-07-19 00:15:46"
SEED000755,"OOO Gomeopatiya MChJ",medicine,doctors,,,,,,,41.29006,69.18993,,,,,,,41.29006,69.18993,,,,,OSM,,1,single,C,,auto_unverified,point,,"2026-07-19 00:15:46"
SEED000756,"Darmon Servis",medicine,clinic,,,,,,,41.28823,69.20222,,,,,,,41.28823,69.20222,,,,,OSM,,1,single,C,,auto_unverified,point,,"2026-07-19 00:15:46"
SEED000757,"Стоматология ""Белозубка""",medicine,doctors,,,,,,,41.28939,69.20847,,,,,,,41.28939,69.20847,,,,,OSM,,1,single,C,,auto_unverified,point,,"2026-07-19 00:15:46"
SEED000758,Хижамазулук,medicine,clinic,,,,,,,41.28896,69.18835,,,,,,,41.28896,69.18835,,,,,OSM,,1,single,C,,auto_unverified,point,,"2026-07-19 00:15:46"
SEED000759,Стоматология,medicine,doctors,,,,,,,41.28689,69.18469,,,,,,,41.28689,69.18469,,,,,OSM,,1,single,C,,auto_unverified,point,,"2026-07-19 00:15:46"
SEED000760,Поликлиника,medicine,clinic,,,,,,,41.28707,69.1844,,,,,,,41.28707,69.1844,,,,,OSM,,1,single,C,,auto_unverified,point,,"2026-07-19 00:15:46"
SEED000761,"Neurofax-B private clinic",medicine,clinic,,,,,,,41.2898,69.18955,,,,,,,41.2898,69.18955,,,,,OSM,,1,single,C,,auto_unverified,point,,"2026-07-19 00:15:46"
SEED000762,"Doctor Profi",medicine,doctors,,,,,,,41.29083,69.22055,,,,,,,41.29083,69.22055,,,,,OSM,,1,single,C,,auto_unverified,point,,"2026-07-19 00:15:46"
SEED000763,"Lor Plus Service",medicine,doctors,,"Amir Temur shoh ko'chasi 84",,,,,41.32825,69.28272,,,,,,,41.32825,69.28272,,,,,OSM,,1,single,C,,auto_unverified,point,,"2026-07-19 00:15:46"
SEED000764,Evromed,medicine,doctors,,,,,,,41.3226,69.32617,,,,,,,41.3226,69.32617,,,,,OSM,,1,single,C,,auto_unverified,point,,"2026-07-19 00:15:46"
SEED000765,"Stoma Planet",medicine,dentist,,,,,,,41.37607,69.29618,,,,,,,41.37607,69.29618,,,,,OSM,,1,single,C,,auto_unverified,point,,"2026-07-19 00:15:46"
SEED000766,"Медцентр Nurshah",medicine,clinic,,,,,,,41.37441,69.31054,,,,,,,41.37441,69.31054,,,,,OSM,,1,single,C,,auto_unverified,point,,"2026-07-19 00:15:46"
SEED000767,"OZODA SHIFO MED SERVIS",medicine,clinic,,"Shokirariq ko'chasi 99",,,,,41.21628,69.21674,,,,,,,41.21628,69.21674,,,,,OSM,,1,single,C,,auto_unverified,point,,"2026-07-19 00:15:46"
SEED000768,"Дерматолог Саидкасим Арифов Медицинская косметология",medicine,clinic,,"Lutfiy 5-o'tish ko'chasi 31",,,,,41.29809,69.19885,,,,,,,41.29809,69.19885,,,,,OSM,,1,single,C,,auto_unverified,point,,"2026-07-19 00:15:46"
SEED000769,Стоматолог,medicine,dentist,,,,,,,41.26388,69.35289,,,,,,,41.26388,69.35289,,,,,OSM,,1,single,C,,auto_unverified,point,,"2026-07-19 00:15:46"
SEED000770,"Республиканская кожно-венерологическая клиническая больница",medicine,hospital,,,,,,,41.29619,69.28953,,,,,,,41.29619,69.28953,,,,,OSM,,1,single,C,,auto_unverified,point,,"2026-07-19 00:15:46"
SEED000771,ATLANT,medicine,clinic,,,,,,,41.37798,69.29539,,,,,,,41.37798,69.29539,,,,,OSM,,1,single,C,,auto_unverified,point,,"2026-07-19 00:15:46"
SEED000772,"Центр эстетической хирургии",medicine,doctors,,,,,,,41.29415,69.28451,,,,,,,41.29415,69.28451,,,,,OSM,,1,single,C,,auto_unverified,point,,"2026-07-19 00:15:46"
SEED000773,"1 отделение неврологии",medicine,hospital,,,,,,,41.31039,69.30323,,,,,,,41.31039,69.30323,,,,,OSM,,1,single,C,,auto_unverified,point,,"2026-07-19 00:15:46"
SEED000774,"Отделение реабилитации неврологии и сердечно-сосудистых заболеваний",medicine,hospital,,,,,,,41.31028,69.30418,,,,,,,41.31028,69.30418,,,,,OSM,,1,single,C,,auto_unverified,point,,"2026-07-19 00:15:46"
SEED000775,"Стоматологическая поликлиника",medicine,clinic,,,,,,,41.31037,69.30428,,,,,,,41.31037,69.30428,,,,,OSM,,1,single,C,,auto_unverified,point,,"2026-07-19 00:15:46"
SEED000776,"Центр репродуктивного здоровья населения",medicine,hospital,,,,,,,41.31152,69.30174,,,,,,,41.31152,69.30174,,,,,OSM,,1,single,C,,auto_unverified,point,,"2026-07-19 00:15:46"
SEED000777,"Приемное отделение",medicine,doctors,,,,,,,41.31043,69.30147,,,,,,,41.31043,69.30147,,,,,OSM,,1,single,C,,auto_unverified,point,,"2026-07-19 00:15:46"
SEED000778,"2 отделение общей терапии и эндокринологии",medicine,clinic,,,,,,,41.31145,69.30327,,,,,,,41.31145,69.30327,,,,,OSM,,1,single,C,,auto_unverified,point,,"2026-07-19 00:15:46"
SEED000779,"Служба СЭС Железной дороги",medicine,clinic,,"Nukus 1-berk ko'chasi 5",,,,,41.29599,69.28823,,,,,,,41.29599,69.28823,,,,,OSM,,1,single,C,,auto_unverified,point,,"2026-07-19 00:15:46"
SEED000780,"Дармон нури",medicine,clinic,,,,,,,41.33998,69.23119,,,,,,,41.33998,69.23119,,,,,OSM,,1,single,C,,auto_unverified,point,,"2026-07-19 00:15:46"
SEED000781,Alfa-Diagnostic,medicine,clinic,,"Qorasuv ko'chasi 4",,,,,41.29415,69.34102,,,,,,,41.29415,69.34102,,,,,OSM+clinics.uz,,1,single,C,,auto_unverified,point,,"2026-07-19 00:15:46"
SEED000782,"Частная Клиника",medicine,clinic,,,,,,,41.28868,69.17768,,,,,,,41.28868,69.17768,,,,,OSM,,1,single,C,,auto_unverified,point,,"2026-07-19 00:15:46"
SEED000783,"Дента Комил",medicine,dentist,,,,,,,41.28871,69.34251,,,,,,,41.28871,69.34251,,,,,OSM,,1,single,C,,auto_unverified,point,,"2026-07-19 00:15:46"
SEED000784,"Нор тиббиот",medicine,hospital,,"Mehr ko'chasi",,,,,41.28042,69.20587,,,,,,,41.28042,69.20587,,,,,OSM,,1,single,C,,auto_unverified,point,,"2026-07-19 00:15:46"
SEED000785,"Стоматология МВД",medicine,dentist,,,,,,,41.30093,69.26204,,,,,,,41.30093,69.26204,,,,,OSM,,1,single,C,,auto_unverified,point,,"2026-07-19 00:15:46"
SEED000786,"Platinum Orto-Laborotoriya",medicine,clinic,,,,,,,41.35065,69.22,,,,,,,41.35065,69.22,,,,,OSM,,1,single,C,,auto_unverified,point,,"2026-07-19 00:15:46"
SEED000787,"Omega Stom",medicine,dentist,,,,,,,41.36617,69.2958,,,,,,,41.36617,69.2958,,,,,OSM,,1,single,C,,auto_unverified,point,,"2026-07-19 00:15:46"
SEED000788,Comfort,medicine,clinic,,,,,,,41.21661,69.22562,,,,,,,41.21661,69.22562,,,,,OSM,,1,single,C,,auto_unverified,point,,"2026-07-19 00:15:46"
SEED000789,"Клиника Heiberg",medicine,doctors,,,,,,,41.31925,69.23819,,,,,,,41.31925,69.23819,,,,,OSM,,1,single,C,,auto_unverified,point,,"2026-07-19 00:15:46"
SEED000790,"Сельский врачебный пункт Геофизика",medicine,clinic,,,,,,,41.33806,69.39062,,,,,,,41.33806,69.39062,,,,,OSM,,1,single,C,,auto_unverified,point,,"2026-07-19 00:15:46"
SEED000791,Поликлиника,medicine,doctors,,"Bogishamol ko'chasi",,,,,41.35434,69.33421,,,,,,,41.35434,69.33421,,,,,OSM,,1,single,C,,auto_unverified,point,,"2026-07-19 00:15:46"
SEED000792,"VIP DENTAL CLINIC",medicine,dentist,,"Mahtumquli ko'chasi 47",,,,,41.30834,69.29126,,,,,,,41.30834,69.29126,,,,,OSM,,1,single,C,,auto_unverified,point,,"2026-07-19 00:15:46"
SEED000793,Сориз,medicine,clinic,,,,,,,41.3136,69.29311,,,,,,,41.3136,69.29311,,,,,OSM,,1,single,C,,auto_unverified,point,,"2026-07-19 00:15:46"
SEED000794,"Умид ва Ишонч",medicine,clinic,,,,,,,41.31134,69.23818,,,,,,,41.31134,69.23818,,,,,OSM,,1,single,C,,auto_unverified,point,,"2026-07-19 00:15:46"
SEED000795,Ортодонтия,medicine,dentist,,7,,,,,41.31836,69.29069,,,,,,,41.31836,69.29069,,,,,OSM,,1,single,C,,auto_unverified,point,,"2026-07-19 00:15:46"
SEED000796,"Стоматологическая поликлиника №5",medicine,dentist,,,,,,,41.33283,69.29269,,,,,,,41.33283,69.29269,,,,,OSM,,1,single,C,,auto_unverified,point,,"2026-07-19 00:15:46"
SEED000797,"Vitros Diagnostics",medicine,clinic,,,,,,,41.333,69.29164,,,,,,,41.333,69.29164,,,,,OSM,,1,single,C,,auto_unverified,point,,"2026-07-19 00:15:46"
SEED000798,Комил,medicine,doctors,,,,,,,41.29763,69.09414,,,,,,,41.29763,69.09414,,,,,OSM,,1,single,C,,auto_unverified,point,,"2026-07-19 00:15:46"
SEED000799,"Жэксофт МДЦ",medicine,hospital,,"Foziltepa ko'chasi 21",,,,,41.29439,69.17343,,,,,,,41.29439,69.17343,,,,,OSM,,1,single,C,,auto_unverified,point,,"2026-07-19 00:15:46"
SEED000800,"Веста дента",medicine,dentist,,,,,,,41.31914,69.23201,,,,,,,41.31914,69.23201,,,,,OSM,,1,single,C,,auto_unverified,point,,"2026-07-19 00:15:46"
SEED000801,"Лаборатория Эликсир",medicine,doctors,,,,,,,41.31889,69.2318,,,,,,,41.31889,69.2318,,,,,OSM,,1,single,C,,auto_unverified,point,,"2026-07-19 00:15:46"
SEED000802,"Лаборатория Эликсир",medicine,doctors,,,,,,,41.27155,69.2287,,,,,,,41.27155,69.2287,,,,,OSM,,1,single,C,,auto_unverified,point,,"2026-07-19 00:15:46"
SEED000803,Medion,medicine,clinic,,,,,,,41.32926,69.25758,,,,,,,41.32926,69.25758,,,,,OSM,,1,single,C,,auto_unverified,point,,"2026-07-19 00:15:46"
SEED000804,Шарофиддин,medicine,dentist,,,,,,,41.3287,69.1969,,,,,,,41.3287,69.1969,,,,,OSM,,1,single,C,,auto_unverified,point,,"2026-07-19 00:15:46"
SEED000805,"Well Dental Clinic",medicine,dentist,,,,,,,41.30563,69.29082,,,,,,,41.30563,69.29082,,,,,OSM,,1,single,C,,auto_unverified,point,,"2026-07-19 00:15:46"
SEED000806,Medlook,medicine,clinic,,,,,,,41.36292,69.28678,,,,,,,41.36292,69.28678,,,,,OSM,,1,single,C,,auto_unverified,point,,"2026-07-19 00:15:46"
SEED000807,"Пересадка и лечение волос в Ташкенте",medicine,doctors,,,,,,,41.34916,69.16863,,,,,,,41.34916,69.16863,,,,,OSM,,1,single,C,,auto_unverified,point,,"2026-07-19 00:15:46"
SEED000808,dorixona,medicine,doctors,,"Mirzamir ko'chasi",,,,,41.36761,69.22477,,,,,,,41.36761,69.22477,,,,,OSM,,1,single,C,,auto_unverified,point,,"2026-07-19 00:15:46"
SEED000809,ProfiMed,medicine,clinic,,,,,,,41.30042,69.26694,,,,,,,41.30042,69.26694,,,,,OSM,,1,single,C,,auto_unverified,point,,"2026-07-19 00:15:46"
SEED000810,"Медсанчасть от Узбекэнерго",medicine,hospital,,,,,,,41.33467,69.32458,,,,,,,41.33467,69.32458,,,,,OSM,,1,single,C,,auto_unverified,point,,"2026-07-19 00:15:46"
SEED000811,"Военный госпиталь",medicine,hospital,,,,,,,41.36144,69.29982,,,,,,,41.36144,69.29982,,,,,OSM,,1,single,C,,auto_unverified,point,,"2026-07-19 00:15:46"
SEED000812,"Allergiya klinikasi",medicine,doctors,,,,,,,41.33123,69.23431,,,,,,,41.33123,69.23431,,,,,OSM,,1,single,C,,auto_unverified,point,,"2026-07-19 00:15:46"
SEED000813,Sardor-Denta,medicine,dentist,,,,,,,41.31704,69.31775,,,,,,,41.31704,69.31775,,,,,OSM,,1,single,C,,auto_unverified,point,,"2026-07-19 00:15:46"
SEED000814,Венерология,medicine,doctors,,,,,,,41.34946,69.16908,,,,,,,41.34946,69.16908,,,,,OSM,,1,single,C,,auto_unverified,point,,"2026-07-19 00:15:46"
SEED000815,"ТАШКЕНТСКИЙ ГОРОДСКОЙ ЦЕНТР ПО БОРЬБЕ СО СПИДОМ",medicine,clinic,,,,,,,41.32111,69.21561,,,,,,,41.32111,69.21561,,,,,OSM,,1,single,C,,auto_unverified,point,,"2026-07-19 00:15:46"
SEED000816,"Филиал семейной поликлиники №29",medicine,doctors,,,,,,,41.25519,69.34454,,,,,,,41.25519,69.34454,,,,,OSM,,1,single,C,,auto_unverified,point,,"2026-07-19 00:15:46"
SEED000817,"Dental clinic Midia",medicine,dentist,,,,,,,41.37853,69.28346,,,,,,,41.37853,69.28346,,,,,OSM,,1,single,C,,auto_unverified,point,,"2026-07-19 00:15:46"
SEED000818,"Медицинский центр ""Узбекистан""",medicine,doctors,,,,,,,41.32032,69.26697,,,,,,,41.32032,69.26697,,,,,OSM,,1,single,C,,auto_unverified,point,,"2026-07-19 00:15:46"
SEED000819,"Комплекс урологии",medicine,doctors,,"Maksud Shayxzoda ko'chasi 7",,,,,41.28053,69.18948,,,,,,,41.28053,69.18948,,,,,OSM,,1,single,C,,auto_unverified,point,,"2026-07-19 00:15:46"
SEED000820,"DOCTOR LOR SERVICE",medicine,doctors,,,,,,,41.37926,69.28184,,,,,,,41.37926,69.28184,,,,,OSM,,1,single,C,,auto_unverified,point,,"2026-07-19 00:15:46"
SEED000821,"Диспансер подростковый Ташкентской области",medicine,doctors,,,,,,,41.32708,69.33804,,,,,,,41.32708,69.33804,,,,,OSM,,1,single,C,,auto_unverified,point,,"2026-07-19 00:15:46"
SEED000822,"Family Care Dental",medicine,dentist,,,,,,,41.36925,69.29282,,,,,,,41.36925,69.29282,,,,,OSM,,1,single,C,,auto_unverified,point,,"2026-07-19 00:15:46"
SEED000823,"УЗИ ""Елена Ким"" ЧП",medicine,doctors,,,,,,,41.24097,69.33005,,,,,,,41.24097,69.33005,,,,,OSM,,1,single,C,,auto_unverified,point,,"2026-07-19 00:15:46"
SEED000824,"""Universal Lider""",medicine,doctors,,,,,,,41.23949,69.33274,,,,,,,41.23949,69.33274,,,,,OSM,,1,single,C,,auto_unverified,point,,"2026-07-19 00:15:46"
SEED000825,"""Ravnaq Med Servis""",medicine,doctors,,,,,,,41.24004,69.3301,,,,,,,41.24004,69.3301,,,,,OSM,,1,single,C,,auto_unverified,point,,"2026-07-19 00:15:46"
SEED000826,"RAD Lab Network (биолаборатория)",medicine,doctors,,"Mirzo Ulug'bek shoh ko'chasi 6-61",,,,,41.30669,69.30695,,,,,,,41.30669,69.30695,,,,,OSM,,1,single,C,,auto_unverified,point,,"2026-07-19 00:15:46"
SEED000827,"NDC medic (najod-shifo)",medicine,doctors,,,,,,,41.27127,69.20172,,,,,,,41.27127,69.20172,,,,,OSM,,1,single,C,,auto_unverified,point,,"2026-07-19 00:15:46"
SEED000828,"Детская стоматологическая поликлиника N 4",medicine,dentist,,,,,,,41.26963,69.32439,,,,,,,41.26963,69.32439,,,,,OSM,,1,single,C,,auto_unverified,point,,"2026-07-19 00:15:46"
SEED000829,"27-Семейная поликлиника",medicine,clinic,,,,,,,41.26984,69.32348,,,,,,,41.26984,69.32348,,,,,OSM,,1,single,C,,auto_unverified,point,,"2026-07-19 00:15:46"
SEED000830,"Госпиталь пограничных войск",medicine,hospital,,,,,,,41.36165,69.29768,,,,,,,41.36165,69.29768,,,,,OSM,,1,single,C,,auto_unverified,point,,"2026-07-19 00:15:46"
SEED000831,CityMed,medicine,doctors,,,,,,,41.34984,69.18762,,,,,,,41.34984,69.18762,,,,,OSM,,1,single,C,,auto_unverified,point,,"2026-07-19 00:15:46"
SEED000832,"Районный ВТЭК",medicine,clinic,,,,,,,41.30409,69.2095,,,,,,,41.30409,69.2095,,,,,OSM,,1,single,C,,auto_unverified,point,,"2026-07-19 00:15:46"
SEED000833,"Поликлиника ""Алгоритм""",medicine,doctors,,,,,,,41.2665,69.15066,,,,,,,41.2665,69.15066,,,,,OSM,,1,single,C,,auto_unverified,point,,"2026-07-19 00:15:46"
SEED000834,"TD Med Service",medicine,doctors,,"Gagarin ko'chasi 7",,,,,41.28235,69.22535,,,,,,,41.28235,69.22535,,,,,OSM,,1,single,C,,auto_unverified,point,,"2026-07-19 00:15:46"
SEED000835,"Universal stom plus",medicine,dentist,,,,,,,41.36654,69.20471,,,,,,,41.36654,69.20471,,,,,OSM,,1,single,C,,auto_unverified,point,,"2026-07-19 00:15:46"
SEED000836,"Шифо нур куз",medicine,clinic,,"Лянгар улица",,,,,41.32925,69.22568,,,,,,,41.32925,69.22568,,,,,OSM,,1,single,C,,auto_unverified,point,,"2026-07-19 00:15:46"
SEED000837,"Давр Мед Сервис",medicine,clinic,,,,,,,41.27513,69.2153,,,,,,,41.27513,69.2153,,,,,OSM,,1,single,C,,auto_unverified,point,,"2026-07-19 00:15:46"
SEED000838,"Nur Med",medicine,hospital,,,,,,,41.26974,69.20099,,,,,,,41.26974,69.20099,,,,,OSM,,1,single,C,,auto_unverified,point,,"2026-07-19 00:15:46"
SEED000839,"МРТ - КТ - РЕНТГЕН",medicine,doctors,,,,,,,41.31087,69.30241,,,,,,,41.31087,69.30241,,,,,OSM,,1,single,C,,auto_unverified,point,,"2026-07-19 00:15:46"
SEED000840,Клиника,medicine,doctors,,,,,,,41.26313,69.1875,,,,,,,41.26313,69.1875,,,,,OSM,,1,single,C,,auto_unverified,point,,"2026-07-19 00:15:46"
SEED000841,Стоматология,medicine,dentist,,,,,,,41.32071,69.35505,,,,,,,41.32071,69.35505,,,,,OSM,,1,single,C,,auto_unverified,point,,"2026-07-19 00:15:46"
SEED000842,"Клиника при ЖАР",medicine,clinic,,,,,,,41.32142,69.23136,,,,,,,41.32142,69.23136,,,,,OSM,,1,single,C,,auto_unverified,point,,"2026-07-19 00:15:46"
SEED000843,"Глазная областная поликлиника",medicine,clinic,,,,,,,41.33108,69.34922,,,,,,,41.33108,69.34922,,,,,OSM,,1,single,C,,auto_unverified,point,,"2026-07-19 00:15:46"
SEED000844,"Филиал многопрофильной поликлиники Кибрайского района",medicine,clinic,,,,,,,41.38175,69.3534,,,,,,,41.38175,69.3534,,,,,OSM,,1,single,C,,auto_unverified,point,,"2026-07-19 00:15:46"
SEED000845,"Семейная поликлиника",medicine,doctors,,,,,,,41.36734,69.32358,,,,,,,41.36734,69.32358,,,,,OSM,,1,single,C,,auto_unverified,point,,"2026-07-19 00:15:46"
SEED000846,Кўксарой,medicine,clinic,,,,,,,41.34889,69.17488,,,,,,,41.34889,69.17488,,,,,OSM,,1,single,C,,auto_unverified,point,,"2026-07-19 00:15:46"
SEED000847,"Saodat Shifo",medicine,doctors,,,,,,,41.24016,69.33,,,,,,,41.24016,69.33,,,,,OSM,,1,single,C,,auto_unverified,point,,"2026-07-19 00:15:46"
SEED000848,"NIKA MEDICAL SERVICE",medicine,doctors,,"Farg'ona Yo'li 569",,,,,41.24202,69.32911,,,,,,,41.24202,69.32911,,,,,OSM,,1,single,C,,auto_unverified,point,,"2026-07-19 00:15:46"
SEED000849,"""DUR""",medicine,dentist,,,,,,,41.27934,69.30495,,,,,,,41.27934,69.30495,,,,,OSM,,1,single,C,,auto_unverified,point,,"2026-07-19 00:15:46"
SEED000850,"ЦГСЭН Яшнабадского района",medicine,doctors,,,,,,,41.30181,69.3065,,,,,,,41.30181,69.3065,,,,,OSM,,1,single,C,,auto_unverified,point,,"2026-07-19 00:15:46"
SEED000851,"GLOBAL MED SYSTEM",medicine,doctors,,,,,,,41.30762,69.30954,,,,,,,41.30762,69.30954,,,,,OSM,,1,single,C,,auto_unverified,point,,"2026-07-19 00:15:46"
SEED000852,"Ishonch Tahlil Servis",medicine,doctors,,,,,,,41.23956,69.33082,,,,,,,41.23956,69.33082,,,,,OSM,,1,single,C,,auto_unverified,point,,"2026-07-19 00:15:46"
SEED000853,Стоматология,medicine,dentist,,,,,,,41.2456,69.31018,,,,,,,41.2456,69.31018,,,,,OSM,,1,single,C,,auto_unverified,point,,"2026-07-19 00:15:46"
SEED000854,"New World Med",medicine,doctors,,,,,,,41.24395,69.33799,,,,,,,41.24395,69.33799,,,,,OSM,,1,single,C,,auto_unverified,point,,"2026-07-19 00:15:46"
SEED000855,Стоматолог,medicine,dentist,,,,,,,41.25504,69.34417,,,,,,,41.25504,69.34417,,,,,OSM,,1,single,C,,auto_unverified,point,,"2026-07-19 00:15:46"
SEED000856,Комбустология-Токсикология,medicine,hospital,,,,,,,41.26884,69.21501,,,,,,,41.26884,69.21501,,,,,OSM,,1,single,C,,auto_unverified,point,,"2026-07-19 00:15:46"
SEED000857,"""Miga Puls"" частная клиника",medicine,doctors,,,,,,,41.26538,69.21776,,,,,,,41.26538,69.21776,,,,,OSM,,1,single,C,,auto_unverified,point,,"2026-07-19 00:15:46"
SEED000858,"Станция Переливания Крови Железной дороги",medicine,clinic,,,,,,,41.29615,69.28846,,,,,,,41.29615,69.28846,,,,,OSM,,1,single,C,,auto_unverified,point,,"2026-07-19 00:15:46"
SEED000859,"Dental clinic",medicine,dentist,,,,,,,41.32828,69.34252,,,,,,,41.32828,69.34252,,,,,OSM,,1,single,C,,auto_unverified,point,,"2026-07-19 00:15:46"
SEED000860,"Abekt noviy",medicine,dentist,,,,,,,41.36882,69.28562,,,,,,,41.36882,69.28562,,,,,OSM,,1,single,C,,auto_unverified,point,,"2026-07-19 00:15:46"
SEED000861,Stamatologiya,medicine,dentist,,"Yunus Ota ko'chasi 14",,,,,41.3749,69.29836,,,,,,,41.3749,69.29836,,,,,OSM,,1,single,C,,auto_unverified,point,,"2026-07-19 00:15:46"
SEED000862,Рентген,medicine,doctors,,,,,,,41.25201,69.32327,,,,,,,41.25201,69.32327,,,,,OSM,,1,single,C,,auto_unverified,point,,"2026-07-19 00:15:46"
SEED000863,Травматология,medicine,doctors,,,,,,,41.26909,69.21592,,,,,,,41.26909,69.21592,,,,,OSM,,1,single,C,,auto_unverified,point,,"2026-07-19 00:15:46"
SEED000864,Оптика,medicine,doctors,,,,,,,41.28759,69.2309,,,,,,,41.28759,69.2309,,,,,OSM,,1,single,C,,auto_unverified,point,,"2026-07-19 00:15:46"
SEED000865,"Асрор тиб сервис",medicine,clinic,,,,,,,41.27584,69.26004,,,,,,,41.27584,69.26004,,,,,OSM,,1,single,C,,auto_unverified,point,,"2026-07-19 00:15:46"
SEED000866,"Медицинский диогнастический Центр",medicine,doctors,,,,,,,41.24949,69.36809,,,,,,,41.24949,69.36809,,,,,OSM,,1,single,C,,auto_unverified,point,,"2026-07-19 00:15:46"
SEED000867,"Шифо Нур",medicine,clinic,,"Мойкурган улица 100",,,,,41.36401,69.27513,,,,,,,41.36401,69.27513,,,,,OSM,,1,single,C,,auto_unverified,point,,"2026-07-19 00:15:46"
SEED000868,Стоматология,medicine,dentist,,"Bunyodkor shoh ko'chasi 17. 1",,,,,41.27374,69.20329,,,,,,,41.27374,69.20329,,,,,OSM,,1,single,C,,auto_unverified,point,,"2026-07-19 00:15:46"
SEED000869,"Lab Expert",medicine,clinic,,"Kichik Halqa yo'li 17a",,,,,41.26937,69.21111,,,,,,,41.26937,69.21111,,,,,OSM,,1,single,C,,auto_unverified,point,,"2026-07-19 00:15:46"
SEED000870,"Доктор Асад Дент",medicine,dentist,,"Xalqobod ko'chasi",,,,,41.32839,69.28696,,,,,,,41.32839,69.28696,,,,,OSM,,1,single,C,,auto_unverified,point,,"2026-07-19 00:15:46"
SEED000871,"ООО Микдор",medicine,clinic,,,,,,,41.36809,69.2846,,,,,,,41.36809,69.2846,,,,,OSM,,1,single,C,,auto_unverified,point,,"2026-07-19 00:15:46"
SEED000872,"Стоматолог и Я",medicine,dentist,,,,,,,41.27179,69.21248,,,,,,,41.27179,69.21248,,,,,OSM,,1,single,C,,auto_unverified,point,,"2026-07-19 00:15:46"
SEED000873,"Qaxramon Doctor",medicine,doctors,,,,,,,41.34181,69.19249,,,,,,,41.34181,69.19249,,,,,OSM,,1,single,C,,auto_unverified,point,,"2026-07-19 00:15:46"
SEED000874,ЛОР,medicine,doctors,,,,,,,41.32101,69.27632,,,,,,,41.32101,69.27632,,,,,OSM,,1,single,C,,auto_unverified,point,,"2026-07-19 00:15:46"
SEED000875,"Маш табиб",medicine,clinic,,,,,,,41.30041,69.16818,,,,,,,41.30041,69.16818,,,,,OSM,,1,single,C,,auto_unverified,point,,"2026-07-19 00:15:46"
SEED000876,"Поликлиника союза писателей Узбекистана",medicine,doctors,,,,,,,41.30589,69.29507,,,,,,,41.30589,69.29507,,,,,OSM,,1,single,C,,auto_unverified,point,,"2026-07-19 00:15:46"
SEED000877,"2 клиника центра протезирования и реабилитации",medicine,doctors,,"Sodiq Azimov 3-o'tish ko'chasi 20A",,,,,41.30459,69.29352,,,,,,,41.30459,69.29352,,,,,OSM,,1,single,C,,auto_unverified,point,,"2026-07-19 00:15:46"
SEED000878,"Центр ортопедии",medicine,doctors,,,,,,,41.30504,69.29309,,,,,,,41.30504,69.29309,,,,,OSM,,1,single,C,,auto_unverified,point,,"2026-07-19 00:15:46"
SEED000879,Babymed,medicine,clinic,,"Dadil 1-o'tish ko'chasi 1",,,,,41.32204,69.18222,,,,,,,41.32204,69.18222,,,,,OSM,,1,single,C,,auto_unverified,point,,"2026-07-19 00:15:46"
SEED000880,"Кожно-венерологический диспансер",medicine,hospital,,,,,,,41.36752,69.31131,,,,,,,41.36752,69.31131,,,,,OSM,,1,single,C,,auto_unverified,point,,"2026-07-19 00:15:46"
SEED000881,"HAYAT Medical Centre",medicine,hospital,,"Toshkent halqa avtomobil yo'li",,,,,41.36542,69.33412,,,,,,,41.36542,69.33412,,,,,OSM,,1,single,C,,auto_unverified,point,,"2026-07-19 00:15:46"
SEED000882,Дантист,medicine,dentist,,,,,,,41.36167,69.22493,,,,,,,41.36167,69.22493,,,,,OSM,,1,single,C,,auto_unverified,point,,"2026-07-19 00:15:46"
SEED000883,"Дармон диагнозтика",medicine,clinic,,,,,,,41.28592,69.18472,,,,,,,41.28592,69.18472,,,,,OSM,,1,single,C,,auto_unverified,point,,"2026-07-19 00:15:46"
SEED000884,"Центр Бубновского",medicine,doctors,,,,,,,41.28202,69.22686,,,,,,,41.28202,69.22686,,,,,OSM,,1,single,C,,auto_unverified,point,,"2026-07-19 00:15:46"
SEED000885,"Травм пункт",medicine,doctors,,,,,,,41.28631,69.21583,,,,,,,41.28631,69.21583,,,,,OSM,,1,single,C,,auto_unverified,point,,"2026-07-19 00:15:46"
SEED000886,AKKURGAN,medicine,doctors,,"Oqqo'rg'on 4-o'tish ko'chasi 27a",,,,,41.32962,69.30396,,,,,,,41.32962,69.30396,,,,,OSM,,1,single,C,,auto_unverified,point,,"2026-07-19 00:15:46"
SEED000887,"Saydullayevlar xonadoni",medicine,doctors,,"Oqqo'rg'on 4-o'tish ko'chasi 27",,,,,41.32952,69.30338,,,,,,,41.32952,69.30338,,,,,OSM,,1,single,C,,auto_unverified,point,,"2026-07-19 00:15:46"
SEED000888,Пчела,medicine,clinic,,,,,,,41.33316,69.49347,,,,,,,41.33316,69.49347,,,,,OSM,,1,single,C,,auto_unverified,point,,"2026-07-19 00:15:46"
SEED000889,Стоматология,medicine,dentist,,,,,,,41.30499,69.26811,,,,,,,41.30499,69.26811,,,,,OSM,,1,single,C,,auto_unverified,point,,"2026-07-19 00:15:46"
SEED000890,"Андромед Хорев медицинский центр",medicine,clinic,,,,,,,41.30826,69.29887,,,,,,,41.30826,69.29887,,,,,OSM,,1,single,C,,auto_unverified,point,,"2026-07-19 00:15:46"
SEED000891,"Кингдом оф дреамс. Узбекистан.",medicine,hospital,,,,,,,41.27161,69.20821,,,,,,,41.27161,69.20821,,,,,OSM,,1,single,C,,auto_unverified,point,,"2026-07-19 00:15:46"
SEED000892,"Диасон медицинский центр",medicine,hospital,,"Yangi Olmazor ko'chasi 51",,,,,41.35113,69.24581,,,,,,,41.35113,69.24581,,,,,OSM,,1,single,C,,auto_unverified,point,,"2026-07-19 00:15:46"
SEED000893,"Зубной центр",medicine,dentist,,,,,,,41.34895,69.25193,,,,,,,41.34895,69.25193,,,,,OSM,,1,single,C,,auto_unverified,point,,"2026-07-19 00:15:46"
SEED000894,"Кафедра Стоматологии и детской стоматологии",medicine,dentist,,,,,,,41.29654,69.34698,,,,,,,41.29654,69.34698,,,,,OSM,,1,single,C,,auto_unverified,point,,"2026-07-19 00:15:46"
SEED000895,"Korona dent",medicine,clinic,,"Ойбека улица 4",,,,,41.25561,69.1536,,,,,,,41.25561,69.1536,,,,,OSM,,1,single,C,,auto_unverified,point,,"2026-07-19 00:15:46"
SEED000896,"Здоровье Всем",medicine,clinic,,,,,,,41.27011,69.23455,,,,,,,41.27011,69.23455,,,,,OSM,,1,single,C,,auto_unverified,point,,"2026-07-19 00:15:46"
SEED000897,"Ental Lyuks",medicine,dentist,,,,,,,41.29959,69.27112,,,,,,,41.29959,69.27112,,,,,OSM,,1,single,C,,auto_unverified,point,,"2026-07-19 00:15:46"
SEED000898,"O'smir dispanseri Poliklinika bo'limi",medicine,doctors,,,,,,,41.33195,69.28273,,,,,,,41.33195,69.28273,,,,,OSM,,1,single,C,,auto_unverified,point,,"2026-07-19 00:15:46"
SEED000899,"Семейная поликлиника №11",medicine,doctors,,"Choshtepa ko'chasi 147",,,,,41.24119,69.1985,,,,,,,41.24119,69.1985,,,,,OSM,,1,single,C,,auto_unverified,point,,"2026-07-19 00:15:46"
SEED000900,GloryMed,medicine,clinic,,,,,,,41.36046,69.36733,,,,,,,41.36046,69.36733,,,,,OSM,,1,single,C,,auto_unverified,point,,"2026-07-19 00:15:46"
SEED000901,"Nazar ""Глазная Клиника""",medicine,clinic,,,,,,,41.3695,69.30925,,,,,,,41.3695,69.30925,,,,,OSM,,1,single,C,,auto_unverified,point,,"2026-07-19 00:15:46"
SEED000902,Диадент-сервис,medicine,dentist,,"Muqimiy ko'chasi 24",,,,,41.29527,69.21755,,,,,,,41.29527,69.21755,,,,,OSM,,1,single,C,,auto_unverified,point,,"2026-07-19 00:15:46"
SEED000903,"Диер мед",medicine,hospital,,,,,,,41.29995,69.27108,,,,,,,41.29995,69.27108,,,,,OSM,,1,single,C,,auto_unverified,point,,"2026-07-19 00:15:46"
SEED000904,"Walnut Tree Имплантологический Центр",medicine,dentist,,"Navoiy shoh ko'chasi 6",,,,,41.32104,69.25113,,,,,,,41.32104,69.25113,,,,,OSM,,1,single,C,,auto_unverified,point,,"2026-07-19 00:15:46"
SEED000905,"Medlans ""Медицинский центр""",medicine,hospital,,,+998787770303,,,,41.31099,69.24409,,,,,,,41.31099,69.24409,,,,,OSM+clinics.uz,,1,single,C,,auto_unverified,point,,"2026-07-19 00:15:46"
SEED000906,"Нейромед сервис",medicine,clinic,,"Buyuk Ipak Yo'li ko'chasi 305",,,,,41.34661,69.36579,,,,,,,41.34661,69.36579,,,,,OSM,,1,single,C,,auto_unverified,point,,"2026-07-19 00:15:46"
SEED000907,"Нейро мед сервис",medicine,clinic,,,,,,,41.3354,69.35362,,,,,,,41.3354,69.35362,,,,,OSM,,1,single,C,,auto_unverified,point,,"2026-07-19 00:15:46"
SEED000908,"Клиника Доктора Овчарова",medicine,clinic,,,,,,,41.3212,69.27907,,,,,,,41.3212,69.27907,,,,,OSM,,1,single,C,,auto_unverified,point,,"2026-07-19 00:15:46"
SEED000909,"Ауылдық дәрігерлік емхана",medicine,clinic,,Абылайхан,,,,,41.39732,69.11847,,,,,,,41.39732,69.11847,,,,,OSM,,1,single,C,,auto_unverified,point,,"2026-07-19 00:15:46"
SEED000910,"Частное поликлиника Medik-AS",medicine,clinic,,,,,,,41.34451,69.34475,,,,,,,41.34451,69.34475,,,,,OSM,,1,single,C,,auto_unverified,point,,"2026-07-19 00:15:46"
SEED000911,Дент-Мастер,medicine,dentist,,,,,,,41.32005,69.30266,,,,,,,41.32005,69.30266,,,,,OSM,,1,single,C,,auto_unverified,point,,"2026-07-19 00:15:46"
SEED000912,medik-as,medicine,hospital,,,,,,,41.34451,69.34477,,,,,,,41.34451,69.34477,,,,,OSM,,1,single,C,,auto_unverified,point,,"2026-07-19 00:15:46"
SEED000913,"медицинский центр Akfa Medline",medicine,hospital,,,,,,,41.34301,69.20883,,,,,,,41.34301,69.20883,,,,,OSM,,1,single,C,,auto_unverified,point,,"2026-07-19 00:15:46"
SEED000914,"O'zbekneftgaz kasalxonasi",medicine,hospital,,,,,,,41.39398,69.43695,,,,,,,41.39398,69.43695,,,,,OSM,,1,single,C,,auto_unverified,point,,"2026-07-19 00:15:46"
SEED000915,Shoshmedical,medicine,dentist,,"Янгишахар улица 64A",,,,,41.36485,69.29591,,,,,,,41.36485,69.29591,,,,,OSM,,1,single,C,,auto_unverified,point,,"2026-07-19 00:15:46"
SEED000916,"""Stomaworld"" stomatologiya klinikasi",medicine,clinic,,"Янгишахар улица 64Б",,,,,41.36473,69.29609,,,,,,,41.36473,69.29609,,,,,OSM,,1,single,C,,auto_unverified,point,,"2026-07-19 00:15:46"
SEED000917,Мерримед,medicine,dentist,,,,,,,41.32341,69.32375,,,,,,,41.32341,69.32375,,,,,OSM,,1,single,C,,auto_unverified,point,,"2026-07-19 00:15:46"
SEED000918,"MEDIK AS",medicine,clinic,,,,,,,41.34448,69.34477,,,,,,,41.34448,69.34477,,,,,OSM,,1,single,C,,auto_unverified,point,,"2026-07-19 00:15:46"
SEED000919,"Nogironlarni reabilatitsia markazi",medicine,hospital,,,,,,,41.33456,69.3058,,,,,,,41.33456,69.3058,,,,,OSM,,1,single,C,,auto_unverified,point,,"2026-07-19 00:15:46"
SEED000920,"Toshkent shaxar Davlat sanitariya-epidemiologiya nazorati markazi",medicine,hospital,,,,,,,41.35714,69.24192,,,,,,,41.35714,69.24192,,,,,OSM,,1,single,C,,auto_unverified,point,,"2026-07-19 00:15:46"
SEED000921,"Медикал центр",medicine,clinic,,,,,,,41.26929,69.19191,,,,,,,41.26929,69.19191,,,,,OSM,,1,single,C,,auto_unverified,point,,"2026-07-19 00:15:46"
SEED000922,"Глазная клиника",medicine,hospital,,,,,,,41.3233,69.21716,,,,,,,41.3233,69.21716,,,,,OSM,,1,single,C,,auto_unverified,point,,"2026-07-19 00:15:46"
SEED000923,Шифо-Садо,medicine,doctors,,"Карвон Йули 101",,,,,41.40387,69.28325,,,,,,,41.40387,69.28325,,,,,OSM,,1,single,C,,auto_unverified,point,,"2026-07-19 00:15:46"
SEED000924,"Сабо дармон Клиника",medicine,doctors,,"Бог улица 17",,,,,41.33057,69.2169,,,,,,,41.33057,69.2169,,,,,OSM,,1,single,C,,auto_unverified,point,,"2026-07-19 00:15:46"
SEED000925,"""Vedanta Medical"" глазная клиника",medicine,hospital,,,,,,,41.32263,69.21622,,,,,,,41.32263,69.21622,,,,,OSM,,1,single,C,,auto_unverified,point,,"2026-07-19 00:15:46"
SEED000926,"Biogen Med",medicine,clinic,,"Yangi Yunusobod ko'chasi",,,,,41.36847,69.30793,,,,,,,41.36847,69.30793,,,,,OSM,,1,single,C,,auto_unverified,point,,"2026-07-19 00:15:46"
SEED000927,Стоматология,medicine,dentist,,"Yangi sirg'ali ko'chasi 1",,,,,41.21243,69.229,,,,,,,41.21243,69.229,,,,,OSM,,1,single,C,,auto_unverified,point,,"2026-07-19 00:15:46"
SEED000928,"Центр медицинской диагностики",medicine,clinic,,"Cho'ponota ko'chasi 6\2",,,,,41.2825,69.21122,,,,,,,41.2825,69.21122,,,,,OSM,,1,single,C,,auto_unverified,point,,"2026-07-19 00:15:46"
SEED000929,Горздрав,medicine,clinic,,,,,,,41.30567,69.30481,,,,,,,41.30567,69.30481,,,,,OSM,,1,single,C,,auto_unverified,point,,"2026-07-19 00:15:46"
SEED000930,"Nora Medical",medicine,hospital,,,,,,,41.34662,69.34836,,,,,,,41.34662,69.34836,,,,,OSM,,1,single,C,,auto_unverified,point,,"2026-07-19 00:15:46"
SEED000931,"ведомственная поликлиника НАК Хаво Йулари",medicine,doctors,,"Uchuvchilar ko'chasi",,,,,41.26885,69.28,,,,,,,41.26885,69.28,,,,,OSM,,1,single,C,,auto_unverified,point,,"2026-07-19 00:15:46"
SEED000932,"Центр эндокриналогии",medicine,doctors,,,,,,,41.26892,69.28375,,,,,,,41.26892,69.28375,,,,,OSM,,1,single,C,,auto_unverified,point,,"2026-07-19 00:15:46"
SEED000933,Acibadem,medicine,clinic,,,,,,,41.31522,69.29059,,,,,,,41.31522,69.29059,,,,,OSM,,1,single,C,,auto_unverified,point,,"2026-07-19 00:15:46"
SEED000934,"Стоматология ""ЗУБР""",medicine,dentist,,,,,,,41.27572,69.19595,,,,,,,41.27572,69.19595,,,,,OSM,,1,single,C,,auto_unverified,point,,"2026-07-19 00:15:46"
SEED000935,"Metrika центр развития ребёнка",medicine,clinic,,,,,,,41.30457,69.29158,,,,,,,41.30457,69.29158,,,,,OSM,,1,single,C,,auto_unverified,point,,"2026-07-19 00:15:46"
SEED000936,"Nora Medical",medicine,doctors,,,,,,,41.34648,69.34826,,,,,,,41.34648,69.34826,,,,,OSM,,1,single,C,,auto_unverified,point,,"2026-07-19 00:15:46"
SEED000937,"Семейная поликлиника №32",medicine,doctors,,,,,,,41.30561,69.30499,,,,,,,41.30561,69.30499,,,,,OSM,,1,single,C,,auto_unverified,point,,"2026-07-19 00:15:46"
SEED000938,Зохид,medicine,dentist,,,,,,,41.27985,69.25712,,,,,,,41.27985,69.25712,,,,,OSM,,1,single,C,,auto_unverified,point,,"2026-07-19 00:15:46"
SEED000939,"Лечебно Диагностический Центр RIM HAYOT",medicine,doctors,,,,,,,41.31156,69.18811,,,,,,,41.31156,69.18811,,,,,OSM,,1,single,C,,auto_unverified,point,,"2026-07-19 00:15:46"
SEED000940,НевроСервис,medicine,clinic,,"Durbek 5-o'tish ko'chasi",,,,,41.31235,69.17824,,,,,,,41.31235,69.17824,,,,,OSM,,1,single,C,,auto_unverified,point,,"2026-07-19 00:15:46"
SEED000941,НевроСервис,medicine,clinic,,"Sputnik 6.1",,,,,41.2023,69.22466,,,,,,,41.2023,69.22466,,,,,OSM,,1,single,C,,auto_unverified,point,,"2026-07-19 00:15:46"
SEED000942,Metromed,medicine,clinic,,"Яккасарай улица 6",,,,,41.26747,69.22819,,,,,,,41.26747,69.22819,,,,,OSM,,1,single,C,,auto_unverified,point,,"2026-07-19 00:15:46"
SEED000943,"Мед.Центр ""ALLMED""",medicine,clinic,,"Buyuk Ipak Yo'li ko'chasi 131A",,,,,41.32821,69.33898,,,,,,,41.32821,69.33898,,,,,OSM+clinics.uz,,1,single,C,,auto_unverified,point,,"2026-07-19 00:15:46"
SEED000944,"Happy Smile Стоматология",medicine,dentist,,,,,,,41.35213,69.28852,,,,,,,41.35213,69.28852,,,,,OSM,,1,single,C,,auto_unverified,point,,"2026-07-19 00:15:46"
SEED000945,Дента,medicine,dentist,,,,,,,41.32693,69.28275,,,,,,,41.32693,69.28275,,,,,OSM,,1,single,C,,auto_unverified,point,,"2026-07-19 00:15:46"
SEED000946,"Институт Грудная Хирургия",medicine,hospital,,,,,,,41.27396,69.20988,,,,,,,41.27396,69.20988,,,,,OSM,,1,single,C,,auto_unverified,point,,"2026-07-19 00:15:46"
SEED000947,"Karavan farm shifo",medicine,hospital,,,,,,,41.28829,69.17314,,,,,,,41.28829,69.17314,,,,,OSM,,1,single,C,,auto_unverified,point,,"2026-07-19 00:15:46"
SEED000948,"Атлант клиника",medicine,doctors,,,,,,,41.32912,69.28103,,,,,,,41.32912,69.28103,,,,,OSM,,1,single,C,,auto_unverified,point,,"2026-07-19 00:15:46"
SEED000949,"Областная дерматология",medicine,hospital,,,,,,,41.29472,69.20131,,,,,,,41.29472,69.20131,,,,,OSM,,1,single,C,,auto_unverified,point,,"2026-07-19 00:15:46"
SEED000950,"Premium Denta",medicine,dentist,,"Шифокор улица 6",,,,,41.36183,69.18188,,,,,,,41.36183,69.18188,,,,,OSM,,1,single,C,,auto_unverified,point,,"2026-07-19 00:15:46"
SEED000951,Biostomplus,medicine,dentist,,,,,,,41.28841,69.2286,,,,,,,41.28841,69.2286,,,,,OSM,,1,single,C,,auto_unverified,point,,"2026-07-19 00:15:46"
SEED000952,"Dental Clinic",medicine,doctors,,,,,,,41.2922,69.21257,,,,,,,41.2922,69.21257,,,,,OSM,,1,single,C,,auto_unverified,point,,"2026-07-19 00:15:46"
SEED000953,"Farhod Madad Shifo klinikasi",medicine,clinic,,,,,,,41.38398,69.46151,,,,,,,41.38398,69.46151,,,,,OSM,,1,single,C,,auto_unverified,point,,"2026-07-19 00:15:46"
SEED000954,"НИИ Эпидемиологии и инфекционных заболеваний",medicine,clinic,,"Решетова улица 2",,,,,41.31069,69.18759,,,,,,,41.31069,69.18759,,,,,OSM,,1,single,C,,auto_unverified,point,,"2026-07-19 00:15:46"
SEED000955,"Обл. Здрав",medicine,doctors,,,,,,,41.27008,69.23097,,,,,,,41.27008,69.23097,,,,,OSM,,1,single,C,,auto_unverified,point,,"2026-07-19 00:15:46"
SEED000956,"Астма клиника ""Лёгкое дыхание""",medicine,clinic,,12,,,,,41.3391,69.33873,,,,,,,41.3391,69.33873,,,,,OSM,,1,single,C,,auto_unverified,point,,"2026-07-19 00:15:46"
SEED000957,"Корпус 1",medicine,hospital,,,,,,,41.3498,69.17149,,,,,,,41.3498,69.17149,,,,,OSM,,1,single,C,,auto_unverified,point,,"2026-07-19 00:15:46"
SEED000958,"Корпус 3",medicine,hospital,,,,,,,41.35034,69.17246,,,,,,,41.35034,69.17246,,,,,OSM,,1,single,C,,auto_unverified,point,,"2026-07-19 00:15:46"
SEED000959,"Корпус 2",medicine,hospital,,,,,,,41.3501,69.17307,,,,,,,41.3501,69.17307,,,,,OSM,,1,single,C,,auto_unverified,point,,"2026-07-19 00:15:46"
SEED000960,"Корпус 4",medicine,hospital,,,,,,,41.35039,69.17185,,,,,,,41.35039,69.17185,,,,,OSM,,1,single,C,,auto_unverified,point,,"2026-07-19 00:15:46"
SEED000961,"Корпус 5",medicine,hospital,,,,,,,41.35062,69.17309,,,,,,,41.35062,69.17309,,,,,OSM,,1,single,C,,auto_unverified,point,,"2026-07-19 00:15:46"
SEED000962,"Корпус 6",medicine,hospital,,,,,,,41.35091,69.17167,,,,,,,41.35091,69.17167,,,,,OSM,,1,single,C,,auto_unverified,point,,"2026-07-19 00:15:46"
SEED000963,"Корпус 7",medicine,hospital,,,,,,,41.35133,69.17185,,,,,,,41.35133,69.17185,,,,,OSM,,1,single,C,,auto_unverified,point,,"2026-07-19 00:15:46"
SEED000964,"Корпус 8",medicine,hospital,,,,,,,41.35176,69.17205,,,,,,,41.35176,69.17205,,,,,OSM,,1,single,C,,auto_unverified,point,,"2026-07-19 00:15:46"
SEED000965,"Корпус 9",medicine,hospital,,,,,,,41.35279,69.17208,,,,,,,41.35279,69.17208,,,,,OSM,,1,single,C,,auto_unverified,point,,"2026-07-19 00:15:46"
SEED000966,"Корпус 11",medicine,hospital,,,,,,,41.35336,69.17126,,,,,,,41.35336,69.17126,,,,,OSM,,1,single,C,,auto_unverified,point,,"2026-07-19 00:15:46"
SEED000967,"Корпус 12",medicine,hospital,,,,,,,41.35393,69.17126,,,,,,,41.35393,69.17126,,,,,OSM,,1,single,C,,auto_unverified,point,,"2026-07-19 00:15:46"
SEED000968,"Корпус 14",medicine,hospital,,,,,,,41.35428,69.17265,,,,,,,41.35428,69.17265,,,,,OSM,,1,single,C,,auto_unverified,point,,"2026-07-19 00:15:46"
SEED000969,"Корпус 10",medicine,hospital,,,,,,,41.35336,69.17182,,,,,,,41.35336,69.17182,,,,,OSM,,1,single,C,,auto_unverified,point,,"2026-07-19 00:15:46"
SEED000970,"Шоира доктор",medicine,doctors,,,,,,,41.30036,69.16372,,,,,,,41.30036,69.16372,,,,,OSM,,1,single,C,,auto_unverified,point,,"2026-07-19 00:15:46"
SEED000971,"Частная клиника Medical care service",medicine,clinic,,"Kichik Halqa yo'li 77Б",,,,,41.34877,69.2344,,,,,,,41.34877,69.2344,,,,,OSM,,1,single,C,,auto_unverified,point,,"2026-07-19 00:15:46"
SEED000972,"Варикоз даволаш шифоханаси ""Phlenolife""",medicine,clinic,,"Chingiz Aytmatov ko'chasi 38",,,,,41.33084,69.29206,,,,,,,41.33084,69.29206,,,,,OSM,,1,single,C,,auto_unverified,point,,"2026-07-19 00:15:46"
SEED000973,"Скорая помощь",medicine,hospital,,,,,,,41.41898,69.19997,,,,,,,41.41898,69.19997,,,,,OSM,,1,single,C,,auto_unverified,point,,"2026-07-19 00:15:46"
SEED000974,Акфамэдлайн,medicine,hospital,,,,,,,41.34302,69.20888,,,,,,,41.34302,69.20888,,,,,OSM,,1,single,C,,auto_unverified,point,,"2026-07-19 00:15:46"
SEED000975,барсиной,medicine,doctors,,,,,,,41.28647,69.39639,,,,,,,41.28647,69.39639,,,,,OSM,,1,single,C,,auto_unverified,point,,"2026-07-19 00:15:46"
SEED000976,"Круглосуточный ЛОР 24/7 - Biogen Med",medicine,clinic,,"Yangi Yunusobod ko'chasi",,,,,41.36839,69.3079,,,,,,,41.36839,69.3079,,,,,OSM,,1,single,C,,auto_unverified,point,,"2026-07-19 00:15:46"
SEED000977,"Дента Лайф",medicine,dentist,,,,,,,41.32753,69.32566,,,,,,,41.32753,69.32566,,,,,OSM,,1,single,C,,auto_unverified,point,,"2026-07-19 00:15:46"
SEED000978,Roddom,medicine,doctors,,,,,,,41.19562,69.21226,,,,,,,41.19562,69.21226,,,,,OSM,,1,single,C,,auto_unverified,point,,"2026-07-19 00:15:46"
SEED000979,Зубболит,medicine,dentist,,"Bogishamol ko'chasi",,,,,41.35281,69.33216,,,,,,,41.35281,69.33216,,,,,OSM,,1,single,C,,auto_unverified,point,,"2026-07-19 00:15:46"
SEED000980,"Доктор лор",medicine,doctors,,,,,,,41.35186,69.38545,,,,,,,41.35186,69.38545,,,,,OSM,,1,single,C,,auto_unverified,point,,"2026-07-19 00:15:46"
SEED000981,"ГЛАЗ КЛИНИКА СТЕЛЛАРИС",medicine,hospital,,,,,,,41.30297,69.28838,,,,,,,41.30297,69.28838,,,,,OSM,,1,single,C,,auto_unverified,point,,"2026-07-19 00:15:46"
SEED000982,Vita-Stimul,medicine,clinic,,"Al-Xorazmiy ko'chasi 65",,,,,41.2699,69.19133,,,,,,,41.2699,69.19133,,,,,OSM,,1,single,C,,auto_unverified,point,,"2026-07-19 00:15:46"
SEED000983,"Поликлиника N48",medicine,clinic,,,,,,,41.32354,69.25405,,,,,,,41.32354,69.25405,,,,,OSM,,1,single,C,,auto_unverified,point,,"2026-07-19 00:15:46"
SEED000984,"Avisa med service",medicine,clinic,,1A,,,,,41.27403,69.30945,,,,,,,41.27403,69.30945,,,,,OSM,,1,single,C,,auto_unverified,point,,"2026-07-19 00:15:46"
SEED000985,"Avicenna medical service",medicine,clinic,,"Beshyog'och ko'chasi 9",,,,,41.31627,69.23481,,,,,,,41.31627,69.23481,,,,,OSM,,1,single,C,,auto_unverified,point,,"2026-07-19 00:15:46"
SEED000986,BP-MED,medicine,clinic,,"Уста Олима улица 4B",,,,,41.34415,69.25695,,,,,,,41.34415,69.25695,,,,,OSM,,1,single,C,,auto_unverified,point,,"2026-07-19 00:15:46"
SEED000987,МедиоСтом,medicine,dentist,,,,,,,41.3469,69.34737,,,,,,,41.3469,69.34737,,,,,OSM,,1,single,C,,auto_unverified,point,,"2026-07-19 00:15:46"
SEED000988,"Dantist Exclusi",medicine,dentist,,"Ahmad Donish ko'chasi 11-60-28",,,,,41.37144,69.29339,,,,,,,41.37144,69.29339,,,,,OSM,,1,single,C,,auto_unverified,point,,"2026-07-19 00:15:46"
SEED000989,"дилдора ҳайдаровна",medicine,doctors,,,,,,,41.23481,69.36563,,,,,,,41.23481,69.36563,,,,,OSM,,1,single,C,,auto_unverified,point,,"2026-07-19 00:15:46"
SEED000990,"Сельский врачебный пункт Джамбул",medicine,clinic,,,,,,,41.30394,69.4027,,,,,,,41.30394,69.4027,,,,,OSM,,1,single,C,,auto_unverified,point,,"2026-07-19 00:15:46"
SEED000991,"""Dental City""",medicine,dentist,,,,,,,41.30146,69.26719,,,,,,,41.30146,69.26719,,,,,OSM,,1,single,C,,auto_unverified,point,,"2026-07-19 00:15:46"
SEED000992,"Ботаника санаторий",medicine,clinic,,,,,,,41.41298,69.49149,,,,,,,41.41298,69.49149,,,,,OSM,,1,single,C,,auto_unverified,point,,"2026-07-19 00:15:46"
SEED000993,"Семейная стоматология ""IRODA""",medicine,dentist,,,,,,,41.36903,69.2819,,,,,,,41.36903,69.2819,,,,,OSM,,1,single,C,,auto_unverified,point,,"2026-07-19 00:15:46"
SEED000994,"Med Fay Tem",medicine,clinic,,"Ahmad Donish ko'chasi",,,,,41.36092,69.28229,,,,,,,41.36092,69.28229,,,,,OSM,,1,single,C,,auto_unverified,point,,"2026-07-19 00:15:46"
SEED000995,"Hayat Kids детская клиника",medicine,hospital,,,,,,,41.36399,69.3335,,,,,,,41.36399,69.3335,,,,,OSM,,1,single,C,,auto_unverified,point,,"2026-07-19 00:15:46"
SEED000996,"Clinic Pro",medicine,hospital,,,,,,,41.31933,69.31956,,,,,,,41.31933,69.31956,,,,,OSM,,1,single,C,,auto_unverified,point,,"2026-07-19 00:15:46"
SEED000997,"Подстанция скорой помощи № 8",medicine,doctors,,"Lutfkor 1-o'tish ko'chasi",,,,,41.21085,69.22237,,,,,,,41.21085,69.22237,,,,,OSM,,1,single,C,,auto_unverified,point,,"2026-07-19 00:15:46"
SEED000998,"Сергей Остеопат",medicine,doctors,,"Yangizamon ko'chasi 7",,,,,41.28038,69.30292,,,,,,,41.28038,69.30292,,,,,OSM,,1,single,C,,auto_unverified,point,,"2026-07-19 00:15:46"
SEED000999,"BEGIZODA DENTAL CLINIC",medicine,dentist,,"Said Baraka ko'chasi 3/29",,,,,41.30049,69.288,,,,,,,41.30049,69.288,,,,,OSM,,1,single,C,,auto_unverified,point,,"2026-07-19 00:15:46"
SEED001000,"Sihat Oila Medical clinic",medicine,clinic,,,,,,,41.35799,69.27224,,,,,,,41.35799,69.27224,,,,,OSM,,1,single,C,,auto_unverified,point,,"2026-07-19 00:15:46"
SEED001001,"Семейная Поликлиника №1 (филиал)",medicine,doctors,,"Said Baraka ko'chasi 3",,,,,41.30067,69.28855,,,,,,,41.30067,69.28855,,,,,OSM,,1,single,C,,auto_unverified,point,,"2026-07-19 00:15:46"
SEED001002,"Siz Ona Bo'lasiz",medicine,clinic,,"Ravnaq ko'chasi 41",,,,,41.33688,69.32234,,,,,,,41.33688,69.32234,,,,,OSM,,1,single,C,,auto_unverified,point,,"2026-07-19 00:15:46"
SEED001003,"МАТЬ И ДИТЯ",medicine,hospital,,,,,,,41.34976,69.36887,,,,,,,41.34976,69.36887,,,,,OSM,,1,single,C,,auto_unverified,point,,"2026-07-19 00:15:46"
SEED001004,"Центр Мать и Дитя",medicine,hospital,,,,,,,41.31482,69.16187,,,,,,,41.31482,69.16187,,,,,OSM,,1,single,C,,auto_unverified,point,,"2026-07-19 00:15:46"
SEED001005,"Филиал СП14",medicine,hospital,,,,,,,41.33099,69.22211,,,,,,,41.33099,69.22211,,,,,OSM,,1,single,C,,auto_unverified,point,,"2026-07-19 00:15:46"
SEED001006,"Кобил хожи стом",medicine,dentist,,,,,,,41.32243,69.21907,,,,,,,41.32243,69.21907,,,,,OSM,,1,single,C,,auto_unverified,point,,"2026-07-19 00:15:46"
SEED001007,"Шифо нур",medicine,clinic,,,,,,,41.32768,69.22788,,,,,,,41.32768,69.22788,,,,,OSM,,1,single,C,,auto_unverified,point,,"2026-07-19 00:15:46"
SEED001008,"СП43 филиал",medicine,hospital,,,,,,,41.31113,69.23807,,,,,,,41.31113,69.23807,,,,,OSM,,1,single,C,,auto_unverified,point,,"2026-07-19 00:15:46"
SEED001009,"Доктор Малик",medicine,clinic,,,,,,,41.31995,69.23293,,,,,,,41.31995,69.23293,,,,,OSM,,1,single,C,,auto_unverified,point,,"2026-07-19 00:15:46"
SEED001010,"20 сон зангиота тумани оилавий поликлиникаси",medicine,doctors,,,,,,,41.30957,69.10123,,,,,,,41.30957,69.10123,,,,,OSM,,1,single,C,,auto_unverified,point,,"2026-07-19 00:15:46"
SEED001011,"19 сон зангиота тумани оилавий поликлиника",medicine,clinic,,,,,,,41.3038,69.12639,,,,,,,41.3038,69.12639,,,,,OSM,,1,single,C,,auto_unverified,point,,"2026-07-19 00:15:46"
SEED001012,Ас-мед,medicine,hospital,,,,,,,41.33748,69.2557,,,,,,,41.33748,69.2557,,,,,OSM,,1,single,C,,auto_unverified,point,,"2026-07-19 00:15:46"
SEED001013,"Частная клиника Кардиосервис",medicine,hospital,,,,,,,41.26627,69.21872,,,,,,,41.26627,69.21872,,,,,OSM,,1,single,C,,auto_unverified,point,,"2026-07-19 00:15:46"
SEED001014,"Частная клиника Вита стимул",medicine,hospital,,,,,,,41.26706,69.18974,,,,,,,41.26706,69.18974,,,,,OSM,,1,single,C,,auto_unverified,point,,"2026-07-19 00:15:46"
SEED001015,"36-chi sonli oilaviy poliklinika",medicine,doctors,,,,,,,41.30719,69.24889,,,,,,,41.30719,69.24889,,,,,OSM,,1,single,C,,auto_unverified,point,,"2026-07-19 00:15:46"
SEED001016,"АСАД КНР",medicine,clinic,,"Tiklanish ko'chasi",,,,,41.374,69.26126,,,,,,,41.374,69.26126,,,,,OSM,,1,single,C,,auto_unverified,point,,"2026-07-19 00:15:46"
SEED001017,"MCHJ ""ANVAR DENTAL STOM""",medicine,doctors,,"Унгаров 17",,,,,41.29412,69.09217,,,,,,,41.29412,69.09217,,,,,OSM,,1,single,C,,auto_unverified,point,,"2026-07-19 00:15:46"
SEED001018,"Клиника Красоты ""Бэль Эстетик""",medicine,doctors,,"Fidokor ko'chasi 40",,,,,41.2953,69.27103,,,,,,,41.2953,69.27103,,,,,OSM,,1,single,C,,auto_unverified,point,,"2026-07-19 00:15:46"
SEED001019,"Зубная фея",medicine,dentist,,,,,,,41.31825,69.31841,,,,,,,41.31825,69.31841,,,,,OSM,,1,single,C,,auto_unverified,point,,"2026-07-19 00:15:46"
SEED001020,"Детская городская клиническая больница №3, бывшая ""Мать и дитя""",medicine,hospital,,"Бешкайрогоч улица 243",,,,,41.31592,69.16518,,,,,,,41.31592,69.16518,,,,,OSM,,1,single,C,,auto_unverified,point,,"2026-07-19 00:15:46"
SEED001021,"Доктор Асад Дент",medicine,dentist,,"Nasirov 2-o'tish ko'chasi 1A",,,,,41.32884,69.2905,,,,,,,41.32884,69.2905,,,,,OSM,,1,single,C,,auto_unverified,point,,"2026-07-19 00:15:46"
SEED001022,"Ezgu Niyat",medicine,hospital,,,,,,,41.31611,69.25534,,,,,,,41.31611,69.25534,,,,,OSM,,1,single,C,,auto_unverified,point,,"2026-07-19 00:15:46"
SEED001023,"Respublika Ixtisoslashtirilgan Nefrologiya va Transplantatsiya Ilmiy Amaliy Markazi",medicine,hospital,,"Янгишахар улица 9",,,,,41.36108,69.29817,,,,,,,41.36108,69.29817,,,,,OSM,,1,single,C,,auto_unverified,point,,"2026-07-19 00:15:46"
SEED001024,"Aesthetic centre",medicine,hospital,,,,,,,41.34351,69.20866,,,,,,,41.34351,69.20866,,,,,OSM,,1,single,C,,auto_unverified,point,,"2026-07-19 00:15:46"
SEED001025,NMS,medicine,hospital,,,,,,,41.38032,69.31848,,,,,,,41.38032,69.31848,,,,,OSM,,1,single,C,,auto_unverified,point,,"2026-07-19 00:15:46"
SEED001026,ЛОР,medicine,doctors,,"Тепакурган улица 48",,,,,41.35272,69.32125,,,,,,,41.35272,69.32125,,,,,OSM,,1,single,C,,auto_unverified,point,,"2026-07-19 00:15:46"
SEED001027,"Ибн Сино Дента Сервис",medicine,dentist,,17,,,,,41.3389,69.17471,,,,,,,41.3389,69.17471,,,,,OSM,,1,single,C,,auto_unverified,point,,"2026-07-19 00:15:46"
SEED001028,"Мед Лайн",medicine,clinic,,"Улкаобод улица 9",,,,,41.36254,69.29675,,,,,,,41.36254,69.29675,,,,,OSM,,1,single,C,,auto_unverified,point,,"2026-07-19 00:15:46"
SEED001029,"Узок Умр",medicine,clinic,,,,,,,41.28152,69.24872,,,,,,,41.28152,69.24872,,,,,OSM,,1,single,C,,auto_unverified,point,,"2026-07-19 00:15:46"
SEED001030,"1-Детская стоматологическая поликлиника",medicine,dentist,,,,,,,41.28112,69.24937,,,,,,,41.28112,69.24937,,,,,OSM,,1,single,C,,auto_unverified,point,,"2026-07-19 00:15:46"
SEED001031,"Хатна маркази",medicine,doctors,,"Farobiy ko'chasi",,,,,41.34655,69.20378,,,,,,,41.34655,69.20378,,,,,OSM,,1,single,C,,auto_unverified,point,,"2026-07-19 00:15:46"
SEED001032,"ООО ""Мижоз""",medicine,doctors,,"Farobiy ko'chasi",,,,,41.34663,69.20356,,,,,,,41.34663,69.20356,,,,,OSM,,1,single,C,,auto_unverified,point,,"2026-07-19 00:15:46"
SEED001033,Sadaf,medicine,dentist,,,,,,,41.32457,69.32307,,,,,,,41.32457,69.32307,,,,,OSM,,1,single,C,,auto_unverified,point,,"2026-07-19 00:15:46"
SEED001034,"Медицинский центр ""Status+ Medical""",medicine,clinic,,,,,,,41.31902,69.29538,,,,,,,41.31902,69.29538,,,,,OSM,,1,single,C,,auto_unverified,point,,"2026-07-19 00:15:46"
SEED001035,"Мед Осмотр",medicine,clinic,,,,,,,41.32398,69.24759,,,,,,,41.32398,69.24759,,,,,OSM,,1,single,C,,auto_unverified,point,,"2026-07-19 00:15:46"
SEED001036,"Dent Land",medicine,dentist,,,,,,,41.32667,69.24697,,,,,,,41.32667,69.24697,,,,,OSM,,1,single,C,,auto_unverified,point,,"2026-07-19 00:15:46"
SEED001037,"Da Vinci",medicine,dentist,,,,,,,41.32173,69.2741,,,,,,,41.32173,69.2741,,,,,OSM,,1,single,C,,auto_unverified,point,,"2026-07-19 00:15:46"
SEED001038,"""Baxtli hayot"" tibbiyot markazi",medicine,clinic,,,,,,,41.37727,69.31362,,,,,,,41.37727,69.31362,,,,,OSM,,1,single,C,,auto_unverified,point,,"2026-07-19 00:15:46"
SEED001039,Клиники24,medicine,clinic,,,,,,,41.30362,69.28912,,,,,,,41.30362,69.28912,,,,,OSM,,1,single,C,,auto_unverified,point,,"2026-07-19 00:15:46"
SEED001040,JURAMED,medicine,clinic,,"Навои улица 90",,,,,41.38564,69.45523,,,,,,,41.38564,69.45523,,,,,OSM,,1,single,C,,auto_unverified,point,,"2026-07-19 00:15:46"
SEED001041,Stomatologiya,medicine,dentist,,,,,,,41.21098,69.3334,,,,,,,41.21098,69.3334,,,,,OSM,,1,single,C,,auto_unverified,point,,"2026-07-19 00:15:46"
SEED001042,"O'zbekiston Qizil Yarim Oy Jamiyati",medicine,doctors,,,,,,,41.28026,69.20917,,,,,,,41.28026,69.20917,,,,,OSM,,1,single,C,,auto_unverified,point,,"2026-07-19 00:15:46"
SEED001043,Стоматология,medicine,dentist,,,,,,,41.36838,69.28331,,,,,,,41.36838,69.28331,,,,,OSM,,1,single,C,,auto_unverified,point,,"2026-07-19 00:15:46"
SEED001044,"Офтоб медлайн",medicine,hospital,,"Sebzor ko'chasi",,,,,41.33719,69.25517,,,,,,,41.33719,69.25517,,,,,OSM,,1,single,C,,auto_unverified,point,,"2026-07-19 00:15:46"
SEED001045,"Институт Пульмонологии",medicine,hospital,,,,,,,41.30433,69.19712,,,,,,,41.30433,69.19712,,,,,OSM,,1,single,C,,auto_unverified,point,,"2026-07-19 00:15:46"
SEED001046,"ГОСПИТАЛЬ МВД ПСИХОСОМАТИКА",medicine,clinic,,,,,,,41.3622,69.2066,,,,,,,41.3622,69.2066,,,,,OSM,,1,single,C,,auto_unverified,point,,"2026-07-19 00:15:46"
SEED001047,"Клиника доктора Максудовой",medicine,clinic,,"Buyuk Ipak Yo'li ko'chasi 376",,,,,41.34771,69.36757,,,,,,,41.34771,69.36757,,,,,OSM,,1,single,C,,auto_unverified,point,,"2026-07-19 00:15:46"
SEED001048,"Поликлиника №33",medicine,doctors,,,,,,,41.27033,69.21179,,,,,,,41.27033,69.21179,,,,,OSM,,1,single,C,,auto_unverified,point,,"2026-07-19 00:15:46"
SEED001049,"Стоматология ""Zeta dent""",medicine,dentist,,,,,,,41.36563,69.29999,,,,,,,41.36563,69.29999,,,,,OSM,,1,single,C,,auto_unverified,point,,"2026-07-19 00:15:46"
SEED001050,"Центр простатологии - Урология",medicine,doctors,,,,,,,41.31373,69.33136,,,,,,,41.31373,69.33136,,,,,OSM,,1,single,C,,auto_unverified,point,,"2026-07-19 00:15:46"
SEED001051,"Perfect Face",medicine,clinic,,,,,,,41.27759,69.21919,,,,,,,41.27759,69.21919,,,,,OSM,,1,single,C,,auto_unverified,point,,"2026-07-19 00:15:46"
SEED001052,"Фахриддин ака Травматолог",medicine,doctors,,,,,,,41.36049,69.36737,,,,,,,41.36049,69.36737,,,,,OSM,,1,single,C,,auto_unverified,point,,"2026-07-19 00:15:46"
SEED001053,"Специальная инфекционная больница COVID-19",medicine,hospital,,,,,,,41.17542,69.19376,,,,,,,41.17542,69.19376,,,,,OSM,,1,single,C,,auto_unverified,point,,"2026-07-19 00:15:46"
SEED001054,Анколайф,medicine,hospital,,,,,,,41.31703,69.2363,,,,,,,41.31703,69.2363,,,,,OSM,,1,single,C,,auto_unverified,point,,"2026-07-19 00:15:46"
SEED001055,MegaDent,medicine,dentist,,,,,,,41.28793,69.34839,,,,,,,41.28793,69.34839,,,,,OSM,,1,single,C,,auto_unverified,point,,"2026-07-19 00:15:46"
SEED001056,Рентген,medicine,other,,,,,,,41.28942,69.34693,,,,,,,41.28942,69.34693,,,,,OSM,,1,single,C,,auto_unverified,point,,"2026-07-19 00:15:46"
SEED001057,"Хижома Шифо",medicine,other,,,,,,,41.28899,69.34639,,,,,,,41.28899,69.34639,,,,,OSM,,1,single,C,,auto_unverified,point,,"2026-07-19 00:15:46"
SEED001058,Медлайн,medicine,lab,,,,,,,41.28896,69.34629,,,,,,,41.28896,69.34629,,,,,OSM,,1,single,C,,auto_unverified,point,,"2026-07-19 00:15:46"
SEED001059,"ЛОР Norbutayev",medicine,clinic,,,,,,,41.28861,69.35342,,,,,,,41.28861,69.35342,,,,,OSM,,1,single,C,,auto_unverified,point,,"2026-07-19 00:15:46"
SEED001060,"ЛОР и УЗИ",medicine,other,,,,,,,41.28867,69.35374,,,,,,,41.28867,69.35374,,,,,OSM,,1,single,C,,auto_unverified,point,,"2026-07-19 00:15:46"
SEED001061,"Детская ортопедическая обувь",medicine,other,,,,,,,41.2887,69.35395,,,,,,,41.2887,69.35395,,,,,OSM,,1,single,C,,auto_unverified,point,,"2026-07-19 00:15:46"
SEED001062,УЗИ,medicine,other,,,,,,,41.28938,69.35532,,,,,,,41.28938,69.35532,,,,,OSM,,1,single,C,,auto_unverified,point,,"2026-07-19 00:15:46"
SEED001063,"Hospital Doctors",medicine,other,,,,,,,41.29023,69.35687,,,,,,,41.29023,69.35687,,,,,OSM,,1,single,C,,auto_unverified,point,,"2026-07-19 00:15:46"
SEED001064,"Мини поликлиника (магазин)",medicine,doctors,,,,,,,41.3071,69.09995,,,,,,,41.3071,69.09995,,,,,OSM,,1,single,C,,auto_unverified,point,,"2026-07-19 00:15:46"
SEED001065,"ЛОР 24/7",medicine,clinic,,,,,,,41.36855,69.28641,,,,,,,41.36855,69.28641,,,,,OSM,,1,single,C,,auto_unverified,point,,"2026-07-19 00:15:46"
SEED001066,"Фарход лор",medicine,doctors,,,,,,,41.38224,69.3532,,,,,,,41.38224,69.3532,,,,,OSM,,1,single,C,,auto_unverified,point,,"2026-07-19 00:15:46"
SEED001067,"Nigora Shifo maskani",medicine,clinic,,,,,,,41.382,69.35441,,,,,,,41.382,69.35441,,,,,OSM,,1,single,C,,auto_unverified,point,,"2026-07-19 00:15:46"
SEED001068,"Sirius dent",medicine,dentist,,,,,,,41.33859,69.28579,,,,,,,41.33859,69.28579,,,,,OSM,,1,single,C,,auto_unverified,point,,"2026-07-19 00:15:46"
SEED001069,"Invivo clinic",medicine,clinic,,"Farobiy ko'chasi",,,,,41.34855,69.17115,,,,,,,41.34855,69.17115,,,,,OSM,,1,single,C,,auto_unverified,point,,"2026-07-19 00:15:46"
SEED001070,"Said farm service",medicine,clinic,,,,,,,41.36091,69.22584,,,,,,,41.36091,69.22584,,,,,OSM,,1,single,C,,auto_unverified,point,,"2026-07-19 00:15:46"
SEED001071,"Сифат Медицинский центр",medicine,clinic,,"Oltintepa ko'chasi 306",,,,,41.32012,69.34269,,,,,,,41.32012,69.34269,,,,,OSM,,1,single,C,,auto_unverified,point,,"2026-07-19 00:15:46"
SEED001072,"Центр медицинской реабилитации ""Прогноз""",medicine,hospital,,,,,,,41.32243,69.29153,,,,,,,41.32243,69.29153,,,,,OSM,,1,single,C,,auto_unverified,point,,"2026-07-19 00:15:46"
SEED001073,"COVID Test Centre",medicine,clinic,,,,,,,41.31779,69.28529,,,,,,,41.31779,69.28529,,,,,OSM,,1,single,C,,auto_unverified,point,,"2026-07-19 00:15:46"
SEED001074,Стомотолог,medicine,dentist,,,,,,,41.36812,69.28441,,,,,,,41.36812,69.28441,,,,,OSM,,1,single,C,,auto_unverified,point,,"2026-07-19 00:15:46"
SEED001075,Levelmed,medicine,clinic,,,,,,,41.32033,69.25793,,,,,,,41.32033,69.25793,,,,,OSM,,1,single,C,,auto_unverified,point,,"2026-07-19 00:15:46"
SEED001076,"Маш Табиб",medicine,doctors,,,,,,,41.32415,69.23988,,,,,,,41.32415,69.23988,,,,,OSM,,1,single,C,,auto_unverified,point,,"2026-07-19 00:15:46"
SEED001077,"Хиён хонеш",medicine,rehab,,,,,,,41.30591,69.2706,,,,,,,41.30591,69.2706,,,,,OSM,,1,single,C,,auto_unverified,point,,"2026-07-19 00:15:46"
SEED001078,"Республиканский кардиологический центр",medicine,hospital,,,,,,,41.3241,69.30032,,,,,,,41.3241,69.30032,,,,,OSM,,1,single,C,,auto_unverified,point,,"2026-07-19 00:15:46"
SEED001079,"Клиника ДАВОМЕД",medicine,hospital,,,,,,,41.36122,69.22493,,,,,,,41.36122,69.22493,,,,,OSM,,1,single,C,,auto_unverified,point,,"2026-07-19 00:15:46"
SEED001080,"Отделение недоношенных детей",medicine,hospital,,,,,,,41.36064,69.2979,,,,,,,41.36064,69.2979,,,,,OSM,,1,single,C,,auto_unverified,point,,"2026-07-19 00:15:46"
SEED001081,"Филиал Семейная поликлиника 8",medicine,doctors,,,,,,,41.32098,69.36055,,,,,,,41.32098,69.36055,,,,,OSM,,1,single,C,,auto_unverified,point,,"2026-07-19 00:15:46"
SEED001082,"Центр Понсети",medicine,hospital,,"Yunusobod 6 mavzesi 1",,,,,41.36715,69.26955,,,,,,,41.36715,69.26955,,,,,OSM,,1,single,C,,auto_unverified,point,,"2026-07-19 00:15:46"
SEED001083,"Dr.Tahirov Dental Clinic",medicine,dentist,,"Мирзо-Улугбекский район, массив Карасу, 6-й квартал 10",,,,,41.32076,69.35509,,,,,,,41.32076,69.35509,,,,,OSM,,1,single,C,,auto_unverified,point,,"2026-07-19 00:15:46"
SEED001084,"Hippocrates Hospital",medicine,hospital,,"Shifokorlar ko'chasi",,,,,41.35032,69.17894,,,,,,,41.35032,69.17894,,,,,OSM,,1,single,C,,auto_unverified,point,,"2026-07-19 00:15:46"
SEED001085,Stomotalogiya,medicine,dentist,,,,,,,41.30637,69.22931,,,,,,,41.30637,69.22931,,,,,OSM,,1,single,C,,auto_unverified,point,,"2026-07-19 00:15:46"
SEED001086,Кардиолайф,medicine,hospital,,,,,,,41.35177,69.38624,,,,,,,41.35177,69.38624,,,,,OSM,,1,single,C,,auto_unverified,point,,"2026-07-19 00:15:46"
SEED001087,"Swiss lab",medicine,lab,,,,,,,41.35493,69.35722,,,,,,,41.35493,69.35722,,,,,OSM,,1,single,C,,auto_unverified,point,,"2026-07-19 00:15:46"
SEED001088,Ecomed,medicine,clinic,,,,,,,41.35487,69.35714,,,,,,,41.35487,69.35714,,,,,OSM,,1,single,C,,auto_unverified,point,,"2026-07-19 00:15:46"
SEED001089,XDent,medicine,dentist,,,,,,,41.35403,69.35623,,,,,,,41.35403,69.35623,,,,,OSM,,1,single,C,,auto_unverified,point,,"2026-07-19 00:15:46"
SEED001090,"35 дом",medicine,rehab,,"Moyariq 2-o'tish ko'chasi 35",,,,,41.38243,69.21408,,,,,,,41.38243,69.21408,,,,,OSM,,1,single,C,,auto_unverified,point,,"2026-07-19 00:15:46"
SEED001091,"НИМ Педиатрии",medicine,hospital,,,,,,,41.36072,69.20092,,,,,,,41.36072,69.20092,,,,,OSM,,1,single,C,,auto_unverified,point,,"2026-07-19 00:15:46"
SEED001092,"Клиника Здоровые дети",medicine,doctors,,,,,,,41.35118,69.21328,,,,,,,41.35118,69.21328,,,,,OSM,,1,single,C,,auto_unverified,point,,"2026-07-19 00:15:46"
SEED001093,"Zaytun Med Tib",medicine,clinic,,"Usta Olim 2-berk ko'chasi 22",,,,,41.34018,69.25503,,,,,,,41.34018,69.25503,,,,,OSM,,1,single,C,,auto_unverified,point,,"2026-07-19 00:15:46"
SEED001094,"Stomatolog тис докторы",medicine,dentist,,,,,,,41.28572,69.2073,,,,,,,41.28572,69.2073,,,,,OSM,,1,single,C,,auto_unverified,point,,"2026-07-19 00:15:46"
SEED001095,"Alisher stom",medicine,dentist,,,,,,,41.28644,69.20622,,,,,,,41.28644,69.20622,,,,,OSM,,1,single,C,,auto_unverified,point,,"2026-07-19 00:15:46"
SEED001096,"Приёмный покой",medicine,hospital,,,,,,,41.3022,69.28416,,,,,,,41.3022,69.28416,,,,,OSM,,1,single,C,,auto_unverified,point,,"2026-07-19 00:15:46"
SEED001097,"Vita Alliance Hospital",medicine,hospital,,,,,,,41.38851,69.45903,,,,,,,41.38851,69.45903,,,,,OSM,,1,single,C,,auto_unverified,point,,"2026-07-19 00:15:46"
SEED001098,"Markaziy Laboratoriya",medicine,lab,,,,,,,41.25529,69.14944,,,,,,,41.25529,69.14944,,,,,OSM,,1,single,C,,auto_unverified,point,,"2026-07-19 00:15:46"
SEED001099,"New Way",medicine,doctors,,,,,,,41.32145,69.31625,,,,,,,41.32145,69.31625,,,,,OSM,,1,single,C,,auto_unverified,point,,"2026-07-19 00:15:46"
SEED001100,"Бутик Косметологи ""Бэль Эстетик""",medicine,clinic,,"Katta Mirobod ko'chasi 46",,,,,41.28832,69.27005,,,,,,,41.28832,69.27005,,,,,OSM,,1,single,C,,auto_unverified,point,,"2026-07-19 00:15:46"
SEED001101,"Диалаб медицинский диагностический центр",medicine,clinic,,,,,,,41.35381,69.21654,,,,,,,41.35381,69.21654,,,,,OSM,,1,single,C,,auto_unverified,point,,"2026-07-19 00:15:46"
SEED001102,"Eurosun Healthcare",medicine,clinic,,"Navoiy shoh ko'chasi 10",,,,,41.32085,69.26399,,,,,,,41.32085,69.26399,,,,,OSM,,1,single,C,,auto_unverified,point,,"2026-07-19 00:15:46"
SEED001103,Labnet,medicine,doctors,,,,,,,41.35415,69.35641,,,,,,,41.35415,69.35641,,,,,OSM,,1,single,C,,auto_unverified,point,,"2026-07-19 00:15:46"
SEED001104,Labnet,medicine,doctors,,,,,,,41.3121,69.27368,,,,,,,41.3121,69.27368,,,,,OSM,,1,single,C,,auto_unverified,point,,"2026-07-19 00:15:46"
SEED001105,Labnet,medicine,doctors,,,,,,,41.24118,69.33095,,,,,,,41.24118,69.33095,,,,,OSM,,1,single,C,,auto_unverified,point,,"2026-07-19 00:15:46"
SEED001106,Labnet,medicine,doctors,,,,,,,41.24163,69.33111,,,,,,,41.24163,69.33111,,,,,OSM,,1,single,C,,auto_unverified,point,,"2026-07-19 00:15:46"
SEED001107,Labnet,medicine,doctors,,,,,,,41.28097,69.37328,,,,,,,41.28097,69.37328,,,,,OSM,,1,single,C,,auto_unverified,point,,"2026-07-19 00:15:46"
SEED001108,Labnet,medicine,doctors,,,,,,,41.33153,69.36434,,,,,,,41.33153,69.36434,,,,,OSM,,1,single,C,,auto_unverified,point,,"2026-07-19 00:15:46"
SEED001109,Labnet,medicine,doctors,,,,,,,41.19912,69.21235,,,,,,,41.19912,69.21235,,,,,OSM,,1,single,C,,auto_unverified,point,,"2026-07-19 00:15:46"
SEED001110,Labnet,medicine,doctors,,,,,,,41.29174,69.26182,,,,,,,41.29174,69.26182,,,,,OSM,,1,single,C,,auto_unverified,point,,"2026-07-19 00:15:46"
SEED001111,Labnet,medicine,doctors,,,,,,,41.3448,69.34406,,,,,,,41.3448,69.34406,,,,,OSM,,1,single,C,,auto_unverified,point,,"2026-07-19 00:15:46"
SEED001112,Labnet,medicine,doctors,,,,,,,41.32271,69.32614,,,,,,,41.32271,69.32614,,,,,OSM,,1,single,C,,auto_unverified,point,,"2026-07-19 00:15:46"
SEED001113,"Z Hospital",medicine,hospital,,,,,,,41.35613,69.17783,,,,,,,41.35613,69.17783,,,,,OSM,,1,single,C,,auto_unverified,point,,"2026-07-19 00:15:46"
SEED001114,"Fresh Smile",medicine,dentist,,,,,,,41.36277,69.18848,,,,,,,41.36277,69.18848,,,,,OSM,,1,single,C,,auto_unverified,point,,"2026-07-19 00:15:46"
SEED001115,"Medilux medical",medicine,lab,,,,,,,41.3485,69.17311,,,,,,,41.3485,69.17311,,,,,OSM,,1,single,C,,auto_unverified,point,,"2026-07-19 00:15:46"
SEED001116,"Z Hospital",medicine,hospital,,,,,,,41.35953,69.17666,,,,,,,41.35953,69.17666,,,,,OSM,,1,single,C,,auto_unverified,point,,"2026-07-19 00:15:46"
SEED001117,"Республиканский специализированный научно-практичный медицинский центр урологии",medicine,hospital,,,,,,,41.35565,69.1763,,,,,,,41.35565,69.1763,,,,,OSM,,1,single,C,,auto_unverified,point,,"2026-07-19 00:15:46"
SEED001118,"Davlat xavfsizlik xizmati markaziy harbiy gospitali",medicine,hospital,,,,,,,41.36319,69.21146,,,,,,,41.36319,69.21146,,,,,OSM,,1,single,C,,auto_unverified,point,,"2026-07-19 00:15:46"
SEED001119,"Surunkali Somatik kasalliklar",medicine,clinic,,,,,,,41.37076,69.21547,,,,,,,41.37076,69.21547,,,,,OSM,,1,single,C,,auto_unverified,point,,"2026-07-19 00:15:46"
SEED001120,Поликлиника,medicine,clinic,,,,,,,41.34279,69.26012,,,,,,,41.34279,69.26012,,,,,OSM,,1,single,C,,auto_unverified,point,,"2026-07-19 00:15:46"
SEED001121,"Doctor D",medicine,clinic,,,,,,,41.34105,69.25707,,,,,,,41.34105,69.25707,,,,,OSM,,1,single,C,,auto_unverified,point,,"2026-07-19 00:15:46"
SEED001122,"19-chi sonli oilaviy poliklinika",medicine,clinic,,,,,,,41.33866,69.2426,,,,,,,41.33866,69.2426,,,,,OSM,,1,single,C,,auto_unverified,point,,"2026-07-19 00:15:46"
SEED001123,Smalto,medicine,dentist,,"Fidokor ko'chasi 32a",,,,,41.29527,69.27392,,,,,,,41.29527,69.27392,,,,,OSM,,1,single,C,,auto_unverified,point,,"2026-07-19 00:15:46"
SEED001124,"Fayz Baraka Dental Service",medicine,dentist,,,,,,,41.32991,69.23307,,,,,,,41.32991,69.23307,,,,,OSM,,1,single,C,,auto_unverified,point,,"2026-07-19 00:15:46"
SEED001125,Labnet,medicine,doctors,,,,,,,41.30327,69.2883,,,,,,,41.30327,69.2883,,,,,OSM,,1,single,C,,auto_unverified,point,,"2026-07-19 00:15:46"
SEED001126,Labnet,medicine,doctors,,,,,,,41.28709,69.18721,,,,,,,41.28709,69.18721,,,,,OSM,,1,single,C,,auto_unverified,point,,"2026-07-19 00:15:46"
SEED001127,"Sergo Dental",medicine,dentist,,,,,,,41.29415,69.25036,,,,,,,41.29415,69.25036,,,,,OSM,,1,single,C,,auto_unverified,point,,"2026-07-19 00:15:46"
SEED001128,"Alliance Medical Clinic",medicine,clinic,,,,,,,41.36271,69.21515,,,,,,,41.36271,69.21515,,,,,OSM,,1,single,C,,auto_unverified,point,,"2026-07-19 00:15:46"
SEED001129,"Omina Stom",medicine,dentist,,,,,,,41.36261,69.21514,,,,,,,41.36261,69.21514,,,,,OSM,,1,single,C,,auto_unverified,point,,"2026-07-19 00:15:46"
SEED001130,"Beauty therapy clinic",medicine,clinic,,,,,,,41.28765,69.25667,,,,,,,41.28765,69.25667,,,,,OSM,,1,single,C,,auto_unverified,point,,"2026-07-19 00:15:46"
SEED001131,Sadaf,medicine,dentist,,,,,,,41.28614,69.25292,,,,,,,41.28614,69.25292,,,,,OSM,,1,single,C,,auto_unverified,point,,"2026-07-19 00:15:46"
SEED001132,"Sebzor-Med Davo",medicine,clinic,,,,,,,41.35718,69.22717,,,,,,,41.35718,69.22717,,,,,OSM,,1,single,C,,auto_unverified,point,,"2026-07-19 00:15:46"
SEED001133,"Dignus clinic",medicine,hospital,,,,,,,41.31931,69.31835,,,,,,,41.31931,69.31835,,,,,OSM,,1,single,C,,auto_unverified,point,,"2026-07-19 00:15:46"
SEED001134,"5-chi sonli shahar yuqumli kasalliklar shifoxonasi",medicine,clinic,,,,,,,41.30681,69.24913,,,,,,,41.30681,69.24913,,,,,OSM,,1,single,C,,auto_unverified,point,,"2026-07-19 00:15:46"
SEED001135,"Denta Service",medicine,dentist,,,,,,,41.30419,69.24799,,,,,,,41.30419,69.24799,,,,,OSM,,1,single,C,,auto_unverified,point,,"2026-07-19 00:15:46"
SEED001136,"Nur Med",medicine,clinic,,,,,,,41.29942,69.20052,,,,,,,41.29942,69.20052,,,,,OSM,,1,single,C,,auto_unverified,point,,"2026-07-19 00:15:46"
SEED001137,"Cardio Star Plus",medicine,hospital,,,,,,,41.25884,69.2077,,,,,,,41.25884,69.2077,,,,,OSM,,1,single,C,,auto_unverified,point,,"2026-07-19 00:15:46"
SEED001138,LORMAMA,medicine,clinic,,,,,,,41.3049,69.32234,,,,,,,41.3049,69.32234,,,,,OSM,,1,single,C,,auto_unverified,point,,"2026-07-19 00:15:46"
SEED001139,"Zo'r Lor",medicine,doctors,,,,,,,41.31235,69.33071,,,,,,,41.31235,69.33071,,,,,OSM,,1,single,C,,auto_unverified,point,,"2026-07-19 00:15:46"
SEED001140,"Respublika ayollarni reabilitatsiya qilish va moslashtirish markazi",medicine,hospital,,,,,,,41.26563,69.21281,,,,,,,41.26563,69.21281,,,,,OSM,,1,single,C,,auto_unverified,point,,"2026-07-19 00:15:46"
SEED001141,"Doctor Nodirabegim",medicine,hospital,,,,,,,41.2684,69.21049,,,,,,,41.2684,69.21049,,,,,OSM,,1,single,C,,auto_unverified,point,,"2026-07-19 00:15:46"
SEED001142,Feniks,medicine,hospital,,,,,,,41.26796,69.21019,,,,,,,41.26796,69.21019,,,,,OSM,,1,single,C,,auto_unverified,point,,"2026-07-19 00:15:46"
SEED001143,Labnet,medicine,doctors,,,,,,,41.29802,69.18918,,,,,,,41.29802,69.18918,,,,,OSM,,1,single,C,,auto_unverified,point,,"2026-07-19 00:15:46"
SEED001144,"Citymed Turk EKU Markazi",medicine,hospital,,"Farobiy ko'chasi 417",,,,,41.34964,69.18875,,,,,,,41.34964,69.18875,,,,,OSM,,1,single,C,,auto_unverified,point,,"2026-07-19 00:15:46"
SEED001145,Atria,medicine,doctors,,,,,,,41.30695,69.2454,,,,,,,41.30695,69.2454,,,,,OSM,,1,single,C,,auto_unverified,point,,"2026-07-19 00:15:46"
SEED001146,"Dear Doctor",medicine,dentist,,,,,,,41.27532,69.2147,,,,,,,41.27532,69.2147,,,,,OSM,,1,single,C,,auto_unverified,point,,"2026-07-19 00:15:46"
SEED001147,"Metalon dental",medicine,dentist,,72,,,,,41.32553,69.27405,,,,,,,41.32553,69.27405,,,,,OSM,,1,single,C,,auto_unverified,point,,"2026-07-19 00:15:46"
SEED001148,Doctor-M,medicine,clinic,,,,,,,41.34316,69.26331,,,,,,,41.34316,69.26331,,,,,OSM,,1,single,C,,auto_unverified,point,,"2026-07-19 00:15:46"
SEED001149,"President Medical",medicine,clinic,,,,,,,41.34348,69.26285,,,,,,,41.34348,69.26285,,,,,OSM,,1,single,C,,auto_unverified,point,,"2026-07-19 00:15:46"
SEED001150,"Лаборатория ИнтерМед Частная клиника",medicine,clinic,,10А,,,,,41.35086,69.29087,,,,,,,41.35086,69.29087,,,,,OSM,,1,single,C,,auto_unverified,point,,"2026-07-19 00:15:46"
SEED001151,"Контактные линзы",medicine,doctors,,,,,,,41.30157,69.27601,,,,,,,41.30157,69.27601,,,,,OSM,,1,single,C,,auto_unverified,point,,"2026-07-19 00:15:46"
SEED001152,"Контактные линзы",medicine,doctors,,,,,,,41.31737,69.29055,,,,,,,41.31737,69.29055,,,,,OSM,,1,single,C,,auto_unverified,point,,"2026-07-19 00:15:46"
SEED001153,"Клиника современной флебологии Phlebolife",medicine,clinic,,"Shifokorlar ko'chasi 8/1",,,,,41.35305,69.17879,,,,,,,41.35305,69.17879,,,,,OSM,,1,single,C,,auto_unverified,point,,"2026-07-19 00:15:46"
SEED001154,Yashfina,medicine,clinic,,9,,,,,41.26526,69.18986,,,,,,,41.26526,69.18986,,,,,OSM,,1,single,C,,auto_unverified,point,,"2026-07-19 00:15:46"
SEED001155,S-Stom,medicine,dentist,,,,,,,41.32372,69.25425,,,,,,,41.32372,69.25425,,,,,OSM,,1,single,C,,auto_unverified,point,,"2026-07-19 00:15:46"
SEED001156,Ultradent,medicine,dentist,,,,,,,41.32291,69.25414,,,,,,,41.32291,69.25414,,,,,OSM,,1,single,C,,auto_unverified,point,,"2026-07-19 00:15:46"
SEED001157,"4-chi sonli stomatologiya poliklinikasi",medicine,dentist,,,,,,,41.32318,69.25379,,,,,,,41.32318,69.25379,,,,,OSM,,1,single,C,,auto_unverified,point,,"2026-07-19 00:15:46"
SEED001158,"Medion Innovation",medicine,hospital,,"Abdulla Qodiriy ko'chasi 39/1",,,,,41.32664,69.24925,,,,,,,41.32664,69.24925,,,,,OSM,,1,single,C,,auto_unverified,point,,"2026-07-19 00:15:46"
SEED001159,"Phlebo Service",medicine,doctors,,,+998712553999,,,,41.30023,69.2523,,,,,,,41.30023,69.2523,,,,,OSM+clinics.uz,,1,single,C,,auto_unverified,point,,"2026-07-19 00:15:46"
SEED001160,"Logo bilim",medicine,doctors,,,,,,,41.33332,69.22906,,,,,,,41.33332,69.22906,,,,,OSM,,1,single,C,,auto_unverified,point,,"2026-07-19 00:15:46"
SEED001161,"Dr. Vaisov",medicine,doctors,,,,,,,41.30962,69.29114,,,,,,,41.30962,69.29114,,,,,OSM,,1,single,C,,auto_unverified,point,,"2026-07-19 00:15:46"
SEED001162,ShokhDentist,medicine,dentist,,,,,,,41.30751,69.24498,,,,,,,41.30751,69.24498,,,,,OSM,,1,single,C,,auto_unverified,point,,"2026-07-19 00:15:46"
SEED001163,"Логопеды Узбекистана",medicine,doctors,,,,,,,41.34978,69.31871,,,,,,,41.34978,69.31871,,,,,OSM,,1,single,C,,auto_unverified,point,,"2026-07-19 00:15:46"
SEED001164,"Личный доктор",medicine,doctors,,,,,,,41.36268,69.28777,,,,,,,41.36268,69.28777,,,,,OSM,,1,single,C,,auto_unverified,point,,"2026-07-19 00:15:46"
SEED001165,Stomatologiya,medicine,dentist,,,,,,,41.29925,69.34315,,,,,,,41.29925,69.34315,,,,,OSM,,1,single,C,,auto_unverified,point,,"2026-07-19 00:15:46"
SEED001166,"Pro Dental Clinic",medicine,dentist,,"Kichik Halqa yo'li 21А",,,,,41.26161,69.23123,,,,,,,41.26161,69.23123,,,,,OSM,,1,single,C,,auto_unverified,point,,"2026-07-19 00:15:46"
SEED001167,"Клиника доктор Хасан",medicine,clinic,,,,,,,41.33782,69.19011,,,,,,,41.33782,69.19011,,,,,OSM,,1,single,C,,auto_unverified,point,,"2026-07-19 00:15:46"
SEED001168,"21-oilaviy poliklinika",medicine,doctors,,"Келес Йули 2/1",,,,,41.37965,69.22011,,,,,,,41.37965,69.22011,,,,,OSM,,1,single,C,,auto_unverified,point,,"2026-07-19 00:15:46"
SEED001169,"Клиника доктора Максудовой",medicine,clinic,,,,,,,41.31947,69.29214,,,,,,,41.31947,69.29214,,,,,OSM,,1,single,C,,auto_unverified,point,,"2026-07-19 00:15:46"
SEED001170,"Kan Dental Clinic",medicine,dentist,,"ул. Мирзо Улугбека 51б",,,,,41.32454,69.32304,,,,,,,41.32454,69.32304,,,,,OSM,,1,single,C,,auto_unverified,point,,"2026-07-19 00:15:46"
SEED001171,"SHOX MED Педиатрия",medicine,hospital,,"4-й пр-д Хушнаво 26/2",,,,,41.35869,69.28968,,,,,,,41.35869,69.28968,,,,,OSM,,1,single,C,,auto_unverified,point,,"2026-07-19 00:15:46"
SEED001172,"Vis Med",medicine,doctors,,,,,,,41.31523,69.32674,,,,,,,41.31523,69.32674,,,,,OSM,,1,single,C,,auto_unverified,point,,"2026-07-19 00:15:46"
SEED001173,"You Dent - Dental Clinic",medicine,dentist,,"Muminov ko'chasi 1",,,,,41.34273,69.33898,,,,,,,41.34273,69.33898,,,,,OSM,,1,single,C,,auto_unverified,point,,"2026-07-19 00:15:46"
SEED001174,"Hi Tech Lab",medicine,doctors,,,,,,,41.24943,69.36868,,,,,,,41.24943,69.36868,,,,,OSM,,1,single,C,,auto_unverified,point,,"2026-07-19 00:15:46"
SEED001175,Soriz,medicine,clinic,,,,,,,41.30633,69.29517,,,,,,,41.30633,69.29517,,,,,OSM,,1,single,C,,auto_unverified,point,,"2026-07-19 00:15:46"
SEED001176,"Lor Plus Service",medicine,doctors,,,,,,,41.28691,69.27287,,,,,,,41.28691,69.27287,,,,,OSM,,1,single,C,,auto_unverified,point,,"2026-07-19 00:15:46"
SEED001177,"Neuro cardio medic",medicine,doctors,,,,,,,41.37199,69.29368,,,,,,,41.37199,69.29368,,,,,OSM,,1,single,C,,auto_unverified,point,,"2026-07-19 00:15:46"
SEED001178,Genotexnologiya,medicine,clinic,,,,,,,41.3218,69.21638,,,,,,,41.3218,69.21638,,,,,OSM,,1,single,C,,auto_unverified,point,,"2026-07-19 00:15:46"
SEED001179,"Станция неотложной помощи 103",medicine,hospital,,,,,,,41.30418,69.29038,,,,,,,41.30418,69.29038,,,,,OSM,,1,single,C,,auto_unverified,point,,"2026-07-19 00:15:46"
SEED001180,"Ud-audifon (chilonzor)",medicine,other,,,,,,,41.29685,69.2048,,,,,,,41.29685,69.2048,,,,,OSM,,1,single,C,,auto_unverified,point,,"2026-07-19 00:15:46"
SEED001181,"EBM Clinic",medicine,clinic,,,,,,,41.29407,69.25003,,,,,,,41.29407,69.25003,,,,,OSM,,1,single,C,,auto_unverified,point,,"2026-07-19 00:15:46"
SEED001182,"Израильский медицинский центр репродуктивной медицины и семейного здоровья",medicine,hospital,,"ул. Тамары Ханум 3",,,,,41.31829,69.30185,,,,,,,41.31829,69.30185,,,,,OSM,,1,single,C,,auto_unverified,point,,"2026-07-19 00:15:46"
SEED001183,"32 Carats",medicine,dentist,,"Parkent ko'chasi 11",,,,,41.31569,69.32266,,,,,,,41.31569,69.32266,,,,,OSM,,1,single,C,,auto_unverified,point,,"2026-07-19 00:15:46"
SEED001184,"Dental Clinic ""Tooth Art""",medicine,dentist,,"Zargarlik ko'chasi 4",,,,,41.27667,69.19523,,,,,,,41.27667,69.19523,,,,,OSM,,1,single,C,,auto_unverified,point,,"2026-07-19 00:15:46"
SEED001185,"Центр вакцинации и медицины Азбука здоровья",medicine,lab,,8А,,,,,41.30455,69.23489,,,,,,,41.30455,69.23489,,,,,OSM,,1,single,C,,auto_unverified,point,,"2026-07-19 00:15:46"
SEED001186,"Lab Medical",medicine,clinic,,,,,,,41.32643,69.19336,,,,,,,41.32643,69.19336,,,,,OSM,,1,single,C,,auto_unverified,point,,"2026-07-19 00:15:46"
SEED001187,"Clinic of EMU",medicine,clinic,,"ул. Мукими 7/1",,,,,41.27863,69.24916,,,,,,,41.27863,69.24916,,,,,OSM,,1,single,C,,auto_unverified,point,,"2026-07-19 00:15:46"
SEED001188,"Clinic of EMU",medicine,clinic,,"ул. Гулханий 12",,,,,41.30131,69.20842,,,,,,,41.30131,69.20842,,,,,OSM,,1,single,C,,auto_unverified,point,,"2026-07-19 00:15:46"
SEED001189,"Dental - Optima",medicine,dentist,,,,,,,41.24739,69.30045,,,,,,,41.24739,69.30045,,,,,OSM,,1,single,C,,auto_unverified,point,,"2026-07-19 00:15:46"
SEED001190,"Shox Hospital",medicine,clinic,,,,,,,41.26932,69.26319,,,,,,,41.26932,69.26319,,,,,OSM,,1,single,C,,auto_unverified,point,,"2026-07-19 00:15:46"
SEED001191,"Семейная поликлиника №39",medicine,doctors,,"Naqqoshlik ko'chasi 7а",,,,,41.27047,69.20649,,,,,,,41.27047,69.20649,,,,,OSM,,1,single,C,,auto_unverified,point,,"2026-07-19 00:15:46"
SEED001192,"Mental Med Service",medicine,clinic,,,,,,,41.32771,69.26239,,,,,,,41.32771,69.26239,,,,,OSM,,1,single,C,,auto_unverified,point,,"2026-07-19 00:15:46"
SEED001193,"Avisa med service",medicine,doctors,,"Abdurauf Fitrat ko'chasi 1A",,,,,41.2724,69.31007,,,,,,,41.2724,69.31007,,,,,OSM,,1,single,C,,auto_unverified,point,,"2026-07-19 00:15:46"
SEED001194,"Frank Medic",medicine,clinic,,3в,,,,,41.33103,69.37463,,,,,,,41.33103,69.37463,,,,,OSM,,1,single,C,,auto_unverified,point,,"2026-07-19 00:15:46"
SEED001195,"Osiyo лаборатория и диагностика",medicine,doctors,,"Parkent ko'chasi 120",,,,,41.31142,69.33243,,,,,,,41.31142,69.33243,,,,,OSM,,1,single,C,,auto_unverified,point,,"2026-07-19 00:15:46"
SEED001196,"Хасанов Абдурахман ЛОР клиника",medicine,hospital,,,,,,,41.26989,69.19943,,,,,,,41.26989,69.19943,,,,,OSM,,1,single,C,,auto_unverified,point,,"2026-07-19 00:15:46"
SEED001197,"Семейная поликлиника №53",medicine,doctors,,,,,,,41.32096,69.27609,,,,,,,41.32096,69.27609,,,,,OSM,,1,single,C,,auto_unverified,point,,"2026-07-19 00:15:46"
SEED001198,"Nafis Nur Dent",medicine,dentist,,,,,,,41.27828,69.19963,,,,,,,41.27828,69.19963,,,,,OSM,,1,single,C,,auto_unverified,point,,"2026-07-19 00:15:46"
SEED001199,Medion,medicine,clinic,,"Zulfiyakhonim ko'chasi",,,,,41.32936,69.25834,,,,,,,41.32936,69.25834,,,,,OSM,,1,single,C,,auto_unverified,point,,"2026-07-19 00:15:46"
SEED001200,"Bavaria reha Tashkent",medicine,hospital,,,,,,,41.31892,69.24569,,,,,,,41.31892,69.24569,,,,,OSM,,1,single,C,,auto_unverified,point,,"2026-07-19 00:15:46"
SEED001201,"Семейная поликлиника № 6",medicine,clinic,,,,,,,41.35392,69.38502,,,,,,,41.35392,69.38502,,,,,OSM,,1,single,C,,auto_unverified,point,,"2026-07-19 00:15:46"
SEED001202,"Respublika patologik anatomiya markazi",medicine,hospital,,,,,,,41.35765,69.17177,,,,,,,41.35765,69.17177,,,,,OSM,,1,single,C,,auto_unverified,point,,"2026-07-19 00:15:46"
SEED001203,"Xalqaro molekulyar allergologiya markazi",medicine,hospital,,,,,,,41.35697,69.17265,,,,,,,41.35697,69.17265,,,,,OSM,,1,single,C,,auto_unverified,point,,"2026-07-19 00:15:46"
SEED001204,"Respublika onkologiya va radiologiya markazi",medicine,hospital,,,,,,,41.3563,69.17099,,,,,,,41.3563,69.17099,,,,,OSM,,1,single,C,,auto_unverified,point,,"2026-07-19 00:15:46"
SEED001205,"Центр вакцинации",medicine,doctors,,"Qorasaroy ko'chasi 341/2",,,,,41.35753,69.24199,,,,,,,41.35753,69.24199,,,,,OSM,,1,single,C,,auto_unverified,point,,"2026-07-19 00:15:46"
SEED001206,"Поликлиника №40",medicine,doctors,,"Зангиота улица 4",,,,,41.33566,69.16817,,,,,,,41.33566,69.16817,,,,,OSM,,1,single,C,,auto_unverified,point,,"2026-07-19 00:15:46"
SEED001207,"Кристалл глазная клиника",medicine,doctors,,"Ziyo ko'chasi 12A",,,,,41.3542,69.2166,,,,,,,41.3542,69.2166,,,,,OSM,,1,single,C,,auto_unverified,point,,"2026-07-19 00:15:46"
SEED001208,"Kontact Linzalar",medicine,doctors,,"Qoraqamish ko'chasi 8",,,,,41.35515,69.21875,,,,,,,41.35515,69.21875,,,,,OSM,,1,single,C,,auto_unverified,point,,"2026-07-19 00:15:46"
SEED001209,"YANGI HAYOT",medicine,clinic,,"Qoraqamish ko'chasi 3",,,,,41.35521,69.2252,,,,,,,41.35521,69.2252,,,,,OSM,,1,single,C,,auto_unverified,point,,"2026-07-19 00:15:46"
SEED001210,Germes-Stom,medicine,dentist,,,,,,,41.29019,69.22227,,,,,,,41.29019,69.22227,,,,,OSM,,1,single,C,,auto_unverified,point,,"2026-07-19 00:15:46"
SEED001211,"My Smile Lab",medicine,dentist,,,,,,,41.28858,69.22829,,,,,,,41.28858,69.22829,,,,,OSM,,1,single,C,,auto_unverified,point,,"2026-07-19 00:15:46"
SEED001212,"Vitamed Medical",medicine,doctors,,"Shota Rustaveli ko'chasi 109A",,,,,41.26314,69.22968,,,,,,,41.26314,69.22968,,,,,OSM,,1,single,C,,auto_unverified,point,,"2026-07-19 00:15:46"
SEED001213,"Dental clinic",medicine,dentist,,,,,,,41.29074,69.23245,,,,,,,41.29074,69.23245,,,,,OSM,,1,single,C,,auto_unverified,point,,"2026-07-19 00:15:46"
SEED001214,"Profi Dent",medicine,dentist,,,,,,,41.28956,69.22642,,,,,,,41.28956,69.22642,,,,,OSM,,1,single,C,,auto_unverified,point,,"2026-07-19 00:15:46"
SEED001215,"5-sonli bolalar yuqumli kasalliklar shifoxonasi",medicine,hospital,,,,,,,41.30491,69.18505,,,,,,,41.30491,69.18505,,,,,OSM,,1,single,C,,auto_unverified,point,,"2026-07-19 00:15:46"
SEED001216,"Medas medical center",medicine,clinic,,"Amir Temur shoh ko'chasi 119 Б",,,,,41.35396,69.28717,,,,,,,41.35396,69.28717,,,,,OSM,,1,single,C,,auto_unverified,point,,"2026-07-19 00:15:46"
SEED001217,Poliklinika,medicine,clinic,,,,,,,41.33943,69.34379,,,,,,,41.33943,69.34379,,,,,OSM,,1,single,C,,auto_unverified,point,,"2026-07-19 00:15:46"
SEED001218,Каллисто,medicine,doctors,,31,,,,,41.31307,69.31466,,,,,,,41.31307,69.31466,,,,,OSM,,1,single,C,,auto_unverified,point,,"2026-07-19 00:15:46"
SEED001219,"Rakat Dent",medicine,dentist,,,,,,,41.28818,69.24197,,,,,,,41.28818,69.24197,,,,,OSM,,1,single,C,,auto_unverified,point,,"2026-07-19 00:15:46"
SEED001220,MedInfo,medicine,clinic,,,,,,,41.33655,69.29752,,,,,,,41.33655,69.29752,,,,,OSM,,1,single,C,,auto_unverified,point,,"2026-07-19 00:15:46"
SEED001221,"19 - Oilaviy Poliklinika",medicine,clinic,,271a,,,,,41.33551,69.25308,,,,,,,41.33551,69.25308,,,,,OSM,,1,single,C,,auto_unverified,point,,"2026-07-19 00:15:46"
SEED001222,"Sog'lom hayot diagnostic",medicine,doctors,,,,,,,41.40138,69.20315,,,,,,,41.40138,69.20315,,,,,OSM,,1,single,C,,auto_unverified,point,,"2026-07-19 00:15:46"
SEED001223,"Tilo dent",medicine,dentist,,,,,,,41.40125,69.20319,,,,,,,41.40125,69.20319,,,,,OSM,,1,single,C,,auto_unverified,point,,"2026-07-19 00:15:46"
SEED001224,"Evo baby med",medicine,clinic,,,,,,,41.4003,69.20354,,,,,,,41.4003,69.20354,,,,,OSM,,1,single,C,,auto_unverified,point,,"2026-07-19 00:15:46"
SEED001225,"M Doctor",medicine,doctors,,,,,,,41.40081,69.20336,,,,,,,41.40081,69.20336,,,,,OSM,,1,single,C,,auto_unverified,point,,"2026-07-19 00:15:46"
SEED001226,Neurolife,medicine,clinic,,,,,,,41.35494,69.311,,,,,,,41.35494,69.311,,,,,OSM,,1,single,C,,auto_unverified,point,,"2026-07-19 00:15:46"
SEED001227,"Детская стоматологическая поликлиника",medicine,dentist,,"Istiqbol ko'chasi 36",,,,,41.30055,69.28951,,,,,,,41.30055,69.28951,,,,,OSM,,1,single,C,,auto_unverified,point,,"2026-07-19 00:15:46"
SEED001228,"Shams medical clinic",medicine,clinic,,,,,,,41.25267,69.31172,,,,,,,41.25267,69.31172,,,,,OSM,,1,single,C,,auto_unverified,point,,"2026-07-19 00:15:46"
SEED001229,"Поликлика №20",medicine,clinic,,,,,,,41.33301,69.11347,,,,,,,41.33301,69.11347,,,,,OSM,,1,single,C,,auto_unverified,point,,"2026-07-19 00:15:46"
SEED001230,"29 Oilaviy Poliklinika filial",medicine,clinic,,"Uysozlar ko'chasi",,,,,41.25756,69.34063,,,,,,,41.25756,69.34063,,,,,OSM,,1,single,C,,auto_unverified,point,,"2026-07-19 00:15:46"
SEED001231,"Gavhar Clinic",medicine,clinic,,"Fazokorlar ko'chasi 46",,,,,41.36324,69.33638,,,,,,,41.36324,69.33638,,,,,OSM,,1,single,C,,auto_unverified,point,,"2026-07-19 00:15:46"
SEED001232,"Поликлиника ГУВД",medicine,clinic,,47,,,,,41.28029,69.25989,,,,,,,41.28029,69.25989,,,,,OSM,,1,single,C,,auto_unverified,point,,"2026-07-19 00:15:46"
SEED001233,"Поликлиника №",medicine,clinic,,,,,,,41.25003,69.37438,,,,,,,41.25003,69.37438,,,,,OSM,,1,single,C,,auto_unverified,point,,"2026-07-19 00:15:46"
SEED001234,Травмпункт,medicine,doctors,,,,,,,41.2497,69.37498,,,,,,,41.2497,69.37498,,,,,OSM,,1,single,C,,auto_unverified,point,,"2026-07-19 00:15:46"
SEED001235,"Orion Med City",medicine,clinic,,"Mehrjon ko'chasi 8",,,,,41.28192,69.29542,,,,,,,41.28192,69.29542,,,,,OSM,,1,single,C,,auto_unverified,point,,"2026-07-19 00:15:46"
SEED001236,"Стоматологическая поликлиника №4",medicine,dentist,,"Farg'ona Yo'li 507",,,,,41.25108,69.32401,,,,,,,41.25108,69.32401,,,,,OSM,,1,single,C,,auto_unverified,point,,"2026-07-19 00:15:46"
SEED001237,"№29 Oilaviy Poliklinika",medicine,clinic,,,,,,,41.24476,69.32776,,,,,,,41.24476,69.32776,,,,,OSM,,1,single,C,,auto_unverified,point,,"2026-07-19 00:15:46"
SEED001238,"РМО Алмазарского района",medicine,clinic,,,,,,,41.3337,69.25169,,,,,,,41.3337,69.25169,,,,,OSM,,1,single,C,,auto_unverified,point,,"2026-07-19 00:15:46"
SEED001239,"Doctor D",medicine,clinic,,"Ahmad Donish ko'chasi 9",,,,,41.34026,69.25672,,,,,,,41.34026,69.25672,,,,,OSM,,1,single,C,,auto_unverified,point,,"2026-07-19 00:15:46"
SEED001240,"33-chi sonli oilaviy poliklinika",medicine,clinic,,,,,,,41.23879,69.17263,,,,,,,41.23879,69.17263,,,,,OSM,,1,single,C,,auto_unverified,point,,"2026-07-19 00:15:46"
SEED001241,"OMEGA EYE",medicine,clinic,,15,,,,,41.27304,69.29639,,,,,,,41.27304,69.29639,,,,,OSM,,1,single,C,,auto_unverified,point,,"2026-07-19 00:15:46"
SEED001242,"de factum",medicine,clinic,,"Osiyo ko'chasi 86a",,,,,41.32834,69.27999,,,,,,,41.32834,69.27999,,,,,OSM,,1,single,C,,auto_unverified,point,,"2026-07-19 00:15:46"
SEED001243,"клиника имени М.М. Федоровича",medicine,hospital,,"Amir Temur shoh ko'chasi 39",,,,,41.30089,69.28266,,,,,,,41.30089,69.28266,,,,,OSM,,1,single,C,,auto_unverified,point,,"2026-07-19 00:15:46"
SEED001244,"Центральная поликлиника Мирабадского района",medicine,clinic,,"Яккачинор улица 8",,,,,41.30348,69.27163,,,,,,,41.30348,69.27163,,,,,OSM,,1,single,C,,auto_unverified,point,,"2026-07-19 00:15:46"
SEED001245,"Санэпидем станция",medicine,hospital,,"Sodiq Azimov ko'chasi 65",,,,,41.30469,69.29027,,,,,,,41.30469,69.29027,,,,,OSM,,1,single,C,,auto_unverified,point,,"2026-07-19 00:15:46"
SEED001246,"1-я Центральная поликлиника",medicine,hospital,,"Sodiq Azimov ko'chasi 62",,,,,41.30412,69.28982,,,,,,,41.30412,69.28982,,,,,OSM,,1,single,C,,auto_unverified,point,,"2026-07-19 00:15:46"
SEED001247,"Поликлиника МВД",medicine,clinic,,"Said Baraka ko'chasi 10",,,,,41.30047,69.28641,,,,,,,41.30047,69.28641,,,,,OSM,,1,single,C,,auto_unverified,point,,"2026-07-19 00:15:46"
SEED001248,"Клиническая Больница №7 (бывшая №17)",medicine,hospital,,,,,,,41.35738,69.27467,,,,,,,41.35738,69.27467,,,,,OSM,,1,single,C,,auto_unverified,point,,"2026-07-19 00:15:46"
SEED001249,"Медикосоциальный центр Фонда ""Соглом авлод учун""",medicine,hospital,,"Sharof Rashidov ko'chasi 94A",,,,,41.33048,69.27677,,,,,,,41.33048,69.27677,,,,,OSM,,1,single,C,,auto_unverified,point,,"2026-07-19 00:15:46"
SEED001250,"Туберкулезный диспансер",medicine,doctors,,"Ниёзбек йули 3-й проезд 4a",,,,,41.32287,69.28476,,,,,,,41.32287,69.28476,,,,,OSM,,1,single,C,,auto_unverified,point,,"2026-07-19 00:15:46"
SEED001251,"Семейная поликлиника №9",medicine,clinic,,"Геологическая улица 9",,,,,41.32917,69.31066,,,,,,,41.32917,69.31066,,,,,OSM,,1,single,C,,auto_unverified,point,,"2026-07-19 00:15:46"
SEED001252,"Семейная Поликлиника #4 (бывшая N20)",medicine,clinic,,2,,,,,41.33108,69.32595,,,,,,,41.33108,69.32595,,,,,OSM,,1,single,C,,auto_unverified,point,,"2026-07-19 00:15:46"
SEED001253,"Детская больница №5",medicine,hospital,,"Ziyolilar ko'chasi 38",,,,,41.33916,69.33404,,,,,,,41.33916,69.33404,,,,,OSM,,1,single,C,,auto_unverified,point,,"2026-07-19 00:15:46"
SEED001254,"Центр санитарно-эпидемиологического благополучия Яккасарайского района",medicine,other,,"Аския улица 20",,,,,41.2923,69.24895,,,,,,,41.2923,69.24895,,,,,OSM,,1,single,C,,auto_unverified,point,,"2026-07-19 00:15:46"
SEED001255,"Соматическая больница Ташкентской области",medicine,hospital,,,,,,,41.28895,69.21759,,,,,,,41.28895,69.21759,,,,,OSM,,1,single,C,,auto_unverified,point,,"2026-07-19 00:15:46"
SEED001256,"Diyor Medical Centre",medicine,doctors,,"Afrosiyob ko'chasi 12Б",,,,,41.30008,69.27118,,,,,,,41.30008,69.27118,,,,,OSM,,1,single,C,,auto_unverified,point,,"2026-07-19 00:15:46"
SEED001257,"ORTIQ-OTA SHIFO MARKAZI",medicine,doctors,,"Sodiq Azimov ko'chasi 64",,,,,41.30309,69.28833,,,,,,,41.30309,69.28833,,,,,OSM,,1,single,C,,auto_unverified,point,,"2026-07-19 00:15:46"
SEED001258,"Поликлиника №2",medicine,clinic,,29a,,,,,41.25174,69.31258,,,,,,,41.25174,69.31258,,,,,OSM,,1,single,C,,auto_unverified,point,,"2026-07-19 00:15:46"
SEED001259,"Сеймейная поликлиника №12",medicine,clinic,,,,,,,41.24568,69.29961,,,,,,,41.24568,69.29961,,,,,OSM,,1,single,C,,auto_unverified,point,,"2026-07-19 00:15:46"
SEED001260,"Дента мед плюс",medicine,dentist,,2А,,,,,41.2863,69.34036,,,,,,,41.2863,69.34036,,,,,OSM,,1,single,C,,auto_unverified,point,,"2026-07-19 00:15:46"
SEED001261,"ЦМПР при РМО Яшнабад",medicine,clinic,,"Mahtumquli ko'chasi 2",,,,,41.30555,69.30502,,,,,,,41.30555,69.30502,,,,,OSM,,1,single,C,,auto_unverified,point,,"2026-07-19 00:15:46"
SEED001262,"Поликлиника ГАО ТАПОиЧ",medicine,hospital,,,,,,,41.28811,69.34664,,,,,,,41.28811,69.34664,,,,,OSM,,1,single,C,,auto_unverified,point,,"2026-07-19 00:15:46"
SEED001263,"Детская Инфекционная больница №2",medicine,hospital,,,,,,,41.27022,69.32568,,,,,,,41.27022,69.32568,,,,,OSM,,1,single,C,,auto_unverified,point,,"2026-07-19 00:15:46"
SEED001264,Медсанчасть,medicine,doctors,,,,,,,41.30066,69.31168,,,,,,,41.30066,69.31168,,,,,OSM,,1,single,C,,auto_unverified,point,,"2026-07-19 00:15:46"
SEED001265,"Детский Консультативно-Диагностический Центр",medicine,clinic,,"Mahtumquli ko'chasi",,,,,41.30593,69.30447,,,,,,,41.30593,69.30447,,,,,OSM,,1,single,C,,auto_unverified,point,,"2026-07-19 00:15:46"
SEED001266,"Республиканский Диагностический Центр",medicine,doctors,,,,,,,41.31042,69.3117,,,,,,,41.31042,69.3117,,,,,OSM,,1,single,C,,auto_unverified,point,,"2026-07-19 00:15:46"
SEED001267,"""КОН ПРЕПАРАТЛАРИ"" НПП",medicine,doctors,,2,,,,,41.31109,69.30989,,,,,,,41.31109,69.30989,,,,,OSM,,1,single,C,,auto_unverified,point,,"2026-07-19 00:15:46"
SEED001268,"Respublika ixtisoslashtirilgan akusherlik va ginekologiya ilmiy-amaliy tibbiyot markazi",medicine,hospital,,"Mirzo Ulug'bek shoh ko'chasi 132 А",,,,,41.35592,69.35925,,,,,,,41.35592,69.35925,,,,,OSM,,1,single,C,,auto_unverified,point,,"2026-07-19 00:15:46"
SEED001269,"Cемейная поликлиника №7",medicine,doctors,,218,,,,,41.34889,69.33813,,,,,,,41.34889,69.33813,,,,,OSM,,1,single,C,,auto_unverified,point,,"2026-07-19 00:15:46"
SEED001270,"BIOGEN MED",medicine,lab,,"Buyuk Ipak Yo'li ko'chasi 107",,,,,41.32705,69.32934,,,,,,,41.32705,69.32934,,,,,OSM,,1,single,C,,auto_unverified,point,,"2026-07-19 00:15:46"
SEED001271,"Родильный комплекс №5",medicine,maternity,,,,,,,41.26787,69.29943,,,,,,,41.26787,69.29943,,,,,OSM,,1,single,C,,auto_unverified,point,,"2026-07-19 00:15:46"
SEED001272,"Городской Психоневрологический Диспансер №2",medicine,doctors,,"Qorasuv ko'chasi 25",,,,,41.29387,69.34,,,,,,,41.29387,69.34,,,,,OSM,,1,single,C,,auto_unverified,point,,"2026-07-19 00:15:46"
SEED001273,"Железнодорожная Поликлиника",medicine,clinic,,"Sariko'l ko'chasi",,,,,41.28641,69.28435,,,,,,,41.28641,69.28435,,,,,OSM,,1,single,C,,auto_unverified,point,,"2026-07-19 00:15:46"
SEED001274,"Respublika shoshilinch tibbiy yordam ilmiy markazi (№16)",medicine,hospital,,,,,,,41.26881,69.21737,,,,,,,41.26881,69.21737,,,,,OSM,,1,single,C,,auto_unverified,point,,"2026-07-19 00:15:46"
SEED001275,"Поликлиника Шайхантаурского района",medicine,doctors,,,,,,,41.32155,69.21562,,,,,,,41.32155,69.21562,,,,,OSM,,1,single,C,,auto_unverified,point,,"2026-07-19 00:15:46"
SEED001276,"Children's Hospital of Railway Stock Company of Uzbekistan",medicine,hospital,,,,,,,41.269,69.29327,,,,,,,41.269,69.29327,,,,,OSM,,1,single,C,,auto_unverified,point,,"2026-07-19 00:15:46"
SEED001277,"Tashkent International Clinic",medicine,hospital,,"Sariko'l ko'chasi 38",,,,,41.27195,69.29415,,,,,,,41.27195,69.29415,,,,,OSM,,1,single,C,,auto_unverified,point,,"2026-07-19 00:15:46"
SEED001278,"Больница ГАЖК ""Узбекистон Темир Йуллари""",medicine,hospital,,"Elbek ko'chasi 12А",,,,,41.30108,69.30387,,,,,,,41.30108,69.30387,,,,,OSM,,1,single,C,,auto_unverified,point,,"2026-07-19 00:15:46"
SEED001279,"Родильный комплекс №4",medicine,hospital,,,,,,,41.28514,69.28845,,,,,,,41.28514,69.28845,,,,,OSM,,1,single,C,,auto_unverified,point,,"2026-07-19 00:15:46"
SEED001280,"Shahar psixiatriya klinikasi",medicine,hospital,,,,,,,41.28448,69.28648,,,,,,,41.28448,69.28648,,,,,OSM,,1,single,C,,auto_unverified,point,,"2026-07-19 00:15:46"
SEED001281,"Центральная диагностическая поликлиника Сергелийского района №37",medicine,doctors,,24,,,,,41.19761,69.21462,,,,,,,41.19761,69.21462,,,,,OSM,,1,single,C,,auto_unverified,point,,"2026-07-19 00:15:46"
SEED001282,"Поликлиника №54",medicine,doctors,,,,,,,41.36021,69.29621,,,,,,,41.36021,69.29621,,,,,OSM,,1,single,C,,auto_unverified,point,,"2026-07-19 00:15:46"
SEED001283,"Семейная поликлиника №12",medicine,clinic,,"Yunus Ota ko'chasi",,,,,41.37085,69.31164,,,,,,,41.37085,69.31164,,,,,OSM,,1,single,C,,auto_unverified,point,,"2026-07-19 00:15:46"
SEED001284,"Республиканский центр грудной хиругии им. В. Вахидова",medicine,hospital,,"Kichik Halqa yo'li 10",,,,,41.27327,69.21086,,,,,,,41.27327,69.21086,,,,,OSM,,1,single,C,,auto_unverified,point,,"2026-07-19 00:15:46"
SEED001285,"Respublika onkologiya markazi",medicine,hospital,,,,,,,41.34543,69.20203,,,,,,,41.34543,69.20203,,,,,OSM,,1,single,C,,auto_unverified,point,,"2026-07-19 00:15:46"
SEED001286,"Поликлиника №16",medicine,doctors,,,,,,,41.3621,69.18217,,,,,,,41.3621,69.18217,,,,,OSM,,1,single,C,,auto_unverified,point,,"2026-07-19 00:15:46"
SEED001287,"Паталогоанатомия ТИШМИ",medicine,doctors,,22,,,,,41.35414,69.17781,,,,,,,41.35414,69.17781,,,,,OSM,,1,single,C,,auto_unverified,point,,"2026-07-19 00:15:46"
SEED001288,"НИИ дерматологии и венерологии",medicine,hospital,,"Фараби улица 3",,,,,41.34954,69.16904,,,,,,,41.34954,69.16904,,,,,OSM,,1,single,C,,auto_unverified,point,,"2026-07-19 00:15:46"
SEED001289,"MDS service",medicine,hospital,,"Botkin ko'chasi 110/3",+998781132562,,,,41.30913,69.31794,,,,,,,41.30913,69.31794,,,,,OSM+clinics.uz,,1,single,C,,auto_unverified,point,,"2026-07-19 00:15:46"
SEED001290,"Перинатальный центр №7",medicine,maternity,,"Qatortol 1-chi o'tish yo'li 3",,,,,41.2941,69.21029,,,,,,,41.2941,69.21029,,,,,OSM,,1,single,C,,auto_unverified,point,,"2026-07-19 00:15:46"
SEED001291,Medion,medicine,clinic,,"Istirohat ko'chasi 258",,,,,41.32748,69.18422,,,,,,,41.32748,69.18422,,,,,OSM,,1,single,C,,auto_unverified,point,,"2026-07-19 00:15:46"
SEED001292,"поликлиника №30",medicine,doctors,,,,,,,41.27646,69.16614,,,,,,,41.27646,69.16614,,,,,OSM,,1,single,C,,auto_unverified,point,,"2026-07-19 00:15:46"
SEED001293,"Ayol Care",medicine,clinic,,"Mahtumquli ko'chasi",,,,,41.30755,69.30366,,,,,,,41.30755,69.30366,,,,,OSM,,1,single,C,,auto_unverified,point,,"2026-07-19 00:15:46"
SEED001294,"Ftiziatriya va pulmonologiya tibbiyot markazi",medicine,hospital,,,,,,,41.30453,69.19661,,,,,,,41.30453,69.19661,,,,,OSM,,1,single,C,,auto_unverified,point,,"2026-07-19 00:15:46"
SEED001295,"Отделение хирургии",medicine,hospital,,"Mahtumquli ko'chasi 103",,,,,41.31059,69.30181,,,,,,,41.31059,69.30181,,,,,OSM,,1,single,C,,auto_unverified,point,,"2026-07-19 00:15:46"
SEED001296,"Семейная поликлинка №1",medicine,doctors,,,,,,,41.30065,69.28861,,,,,,,41.30065,69.28861,,,,,OSM,,1,single,C,,auto_unverified,point,,"2026-07-19 00:15:46"
SEED001297,"№2 shahar kasalxonasi",medicine,hospital,,"Uchuvchilar ko'chasi",,,,,41.26834,69.28385,,,,,,,41.26834,69.28385,,,,,OSM,,1,single,C,,auto_unverified,point,,"2026-07-19 00:15:46"
SEED001298,"Республиканский Специализированный Научно-практический Медицинский Центр Кардиологии",medicine,hospital,,,,,,,41.32404,69.30014,,,,,,,41.32404,69.30014,,,,,OSM,,1,single,C,,auto_unverified,point,,"2026-07-19 00:15:46"
SEED001299,"Nuroniy klinik shifoxonasi",medicine,hospital,,,,,,,41.2892,69.31992,,,,,,,41.2892,69.31992,,,,,OSM,,1,single,C,,auto_unverified,point,,"2026-07-19 00:15:46"
SEED001300,"Дом здоровья. Doktor Xonnazarov, Nevrologiya, Kardiologiya, Terapiya Markazi",medicine,hospital,,,,,,,41.28434,69.35143,,,,,,,41.28434,69.35143,,,,,OSM,,1,single,C,,auto_unverified,point,,"2026-07-19 00:15:46"
SEED001301,"Туберкулёзный диспансер Хамзинского района",medicine,hospital,,,,,,,41.29204,69.31576,,,,,,,41.29204,69.31576,,,,,OSM,,1,single,C,,auto_unverified,point,,"2026-07-19 00:15:46"
SEED001302,"Star Med Center",medicine,clinic,,6/1,,,,,41.28616,69.21275,,,,,,,41.28616,69.21275,,,,,OSM,,1,single,C,,auto_unverified,point,,"2026-07-19 00:15:46"
SEED001303,"Городская инфекционная больница N2",medicine,hospital,,,,,,,41.29747,69.34534,,,,,,,41.29747,69.34534,,,,,OSM,,1,single,C,,auto_unverified,point,,"2026-07-19 00:15:46"
SEED001304,"Республиканский центр по борьбе со СПИДом",medicine,clinic,,12,,,,,41.27593,69.20158,,,,,,,41.27593,69.20158,,,,,OSM,,1,single,C,,auto_unverified,point,,"2026-07-19 00:15:46"
SEED001305,"Городской Наркологический Диспансер",medicine,doctors,,3а,,,,,41.29364,69.17865,,,,,,,41.29364,69.17865,,,,,OSM,,1,single,C,,auto_unverified,point,,"2026-07-19 00:15:46"
SEED001306,"Поликлиника №25",medicine,doctors,,,,,,,41.29218,69.19088,,,,,,,41.29218,69.19088,,,,,OSM,,1,single,C,,auto_unverified,point,,"2026-07-19 00:15:46"
SEED001307,"Туберкулезный диспансер №1",medicine,hospital,,,,,,,41.34575,69.38819,,,,,,,41.34575,69.38819,,,,,OSM,,1,single,C,,auto_unverified,point,,"2026-07-19 00:15:46"
SEED001308,"Родильный дом №8",medicine,maternity,,,,,,,41.28007,69.26754,,,,,,,41.28007,69.26754,,,,,OSM,,1,single,C,,auto_unverified,point,,"2026-07-19 00:15:46"
SEED001309,"Семейная поликлиника №35",medicine,clinic,,4A,,,,,41.27058,69.17616,,,,,,,41.27058,69.17616,,,,,OSM,,1,single,C,,auto_unverified,point,,"2026-07-19 00:15:46"
SEED001310,"Наркологическая больница",medicine,hospital,,,,,,,41.20353,69.22847,,,,,,,41.20353,69.22847,,,,,OSM,,1,single,C,,auto_unverified,point,,"2026-07-19 00:15:46"
SEED001311,"Городской КВД",medicine,hospital,,,,,,,41.2028,69.22661,,,,,,,41.2028,69.22661,,,,,OSM,,1,single,C,,auto_unverified,point,,"2026-07-19 00:15:46"
SEED001312,"8 chi oilaviy poliklinika",medicine,clinic,,,,,,,41.33104,69.36593,,,,,,,41.33104,69.36593,,,,,OSM,,1,single,C,,auto_unverified,point,,"2026-07-19 00:15:46"
SEED001313,"Центральная диагностическая поликлиника",medicine,hospital,,5,,,,,41.35426,69.38583,,,,,,,41.35426,69.38583,,,,,OSM,,1,single,C,,auto_unverified,point,,"2026-07-19 00:15:46"
SEED001314,"Городская станция скорой помощи 5",medicine,doctors,,"15 А",,,,,41.34887,69.38399,,,,,,,41.34887,69.38399,,,,,OSM,,1,single,C,,auto_unverified,point,,"2026-07-19 00:15:46"
SEED001315,"3 chi tug'ruqxona",medicine,hospital,,,,,,,41.34364,69.2612,,,,,,,41.34364,69.2612,,,,,OSM,,1,single,C,,auto_unverified,point,,"2026-07-19 00:15:46"
SEED001316,MediMax,medicine,clinic,,"Ahmad Yugnakiy ko'chasi 4б",,,,,41.35002,69.38883,,,,,,,41.35002,69.38883,,,,,OSM,,1,single,C,,auto_unverified,point,,"2026-07-19 00:15:46"
SEED001317,Estimed,medicine,clinic,,"Чиланзар 3-й квартал 43/1",,,,,41.28501,69.22427,,,,,,,41.28501,69.22427,,,,,OSM,,1,single,C,,auto_unverified,point,,"2026-07-19 00:15:46"
SEED001318,"Родильный дом №2",medicine,hospital,,,,,,,41.34666,69.24221,,,,,,,41.34666,69.24221,,,,,OSM,,1,single,C,,auto_unverified,point,,"2026-07-19 00:15:46"
SEED001319,"Семейная поликлиника 34",medicine,clinic,,2б,,,,,41.28007,69.2228,,,,,,,41.28007,69.2228,,,,,OSM,,1,single,C,,auto_unverified,point,,"2026-07-19 00:15:46"
SEED001320,"3-son shahar klinik shifoxonasi",medicine,hospital,,"Abdurauf Fitrat ko'chasi 20",,,,,41.27238,69.30683,,,,,,,41.27238,69.30683,,,,,OSM,,1,single,C,,auto_unverified,point,,"2026-07-19 00:15:46"
SEED001321,"Центр Государственного санитарно-эпидемиологического надзора Учтепинского р-на",medicine,doctors,,,,,,,41.29196,69.17374,,,,,,,41.29196,69.17374,,,,,OSM,,1,single,C,,auto_unverified,point,,"2026-07-19 00:15:46"
SEED001322,NUR,medicine,dentist,,"Yangi Qo'yliq ko'chasi 10Б",,,,,41.25017,69.3012,,,,,,,41.25017,69.3012,,,,,OSM,,1,single,C,,auto_unverified,point,,"2026-07-19 00:15:46"
SEED001323,"Республиканский скрининг-центр",medicine,doctors,,"Bogishamol 3-o'tish ko'chasi 5",,,,,41.35247,69.33272,,,,,,,41.35247,69.33272,,,,,OSM,,1,single,C,,auto_unverified,point,,"2026-07-19 00:15:46"
SEED001324,"Неврологическая клиника ""Neuro Reability""",medicine,doctors,,,,,,,41.27624,69.18941,,,,,,,41.27624,69.18941,,,,,OSM,,1,single,C,,auto_unverified,point,,"2026-07-19 00:15:46"
SEED001325,"поликлиника №46",medicine,doctors,,,,,,,41.30783,69.21794,,,,,,,41.30783,69.21794,,,,,OSM,,1,single,C,,auto_unverified,point,,"2026-07-19 00:15:46"
SEED001326,"Цетнтральный военный госпиталь СГБ",medicine,hospital,,,,,,,41.36284,69.21171,,,,,,,41.36284,69.21171,,,,,OSM,,1,single,C,,auto_unverified,point,,"2026-07-19 00:15:46"
SEED001327,"поликлиника 49",medicine,doctors,,"Зарипова улица 12",,,,,41.35183,69.30084,,,,,,,41.35183,69.30084,,,,,OSM,,1,single,C,,auto_unverified,point,,"2026-07-19 00:15:46"
SEED001328,"Toshkent Davlat Pedyatriya Instituti",medicine,hospital,,,,,,,41.35521,69.3376,,,,,,,41.35521,69.3376,,,,,OSM,,1,single,C,,auto_unverified,point,,"2026-07-19 00:15:46"
SEED001329,"41-oilaviy poliklinika",medicine,clinic,,"Тахтапуль улица 14A",,,,,41.33912,69.26216,,,,,,,41.33912,69.26216,,,,,OSM,,1,single,C,,auto_unverified,point,,"2026-07-19 00:15:46"
SEED001330,Семашко,medicine,hospital,,,,,,,41.33723,69.27908,,,,,,,41.33723,69.27908,,,,,OSM,,1,single,C,,auto_unverified,point,,"2026-07-19 00:15:46"
SEED001331,"Поликлиника №44",medicine,clinic,,13,,,,,41.32645,69.21788,,,,,,,41.32645,69.21788,,,,,OSM,,1,single,C,,auto_unverified,point,,"2026-07-19 00:15:46"
SEED001332,"Городской психоневрологический диспансер №1",medicine,hospital,,"Muqimiy ko'chasi 94",,,,,41.28544,69.23653,,,,,,,41.28544,69.23653,,,,,OSM,,1,single,C,,auto_unverified,point,,"2026-07-19 00:15:46"
SEED001333,"2-son respublika klinik shifoxonasi 2-son poliklinika",medicine,doctors,,,,,,,41.34246,69.33933,,,,,,,41.34246,69.33933,,,,,OSM,,1,single,C,,auto_unverified,point,,"2026-07-19 00:15:46"
SEED001334,"Respublika ko'z kasalliklari shifoxonasi",medicine,hospital,,,,,,,41.35482,69.21772,,,,,,,41.35482,69.21772,,,,,OSM,,1,single,C,,auto_unverified,point,,"2026-07-19 00:15:46"
SEED001335,"Дом Пристарелых",medicine,rehab,,,,,,,41.35731,69.21472,,,,,,,41.35731,69.21472,,,,,OSM,,1,single,C,,auto_unverified,point,,"2026-07-19 00:15:46"
SEED001336,"Pediatriya instituti",medicine,hospital,,,,,,,41.35877,69.19934,,,,,,,41.35877,69.19934,,,,,OSM,,1,single,C,,auto_unverified,point,,"2026-07-19 00:15:46"
SEED001337,"Туберкулёзный диспансер",medicine,hospital,,19,,,,,41.34962,69.23584,,,,,,,41.34962,69.23584,,,,,OSM,,1,single,C,,auto_unverified,point,,"2026-07-19 00:15:46"
SEED001338,"Safo Tibbiyot",medicine,doctors,,"Kichik Mirobod ko'chasi 21",,,,,41.29095,69.26479,,,,,,,41.29095,69.26479,,,,,OSM,,1,single,C,,auto_unverified,point,,"2026-07-19 00:15:46"
SEED001339,"3 Роддом",medicine,maternity,,"Taxtapul Darvoza ko'chasi 351",,,,,41.3441,69.26107,,,,,,,41.3441,69.26107,,,,,OSM,,1,single,C,,auto_unverified,point,,"2026-07-19 00:15:46"
SEED001340,"Toshkent viloyati Bolalar K'op tarmoqli tibbiyot markazining filiali",medicine,doctors,,,,,,,41.28871,69.21831,,,,,,,41.28871,69.21831,,,,,OSM,,1,single,C,,auto_unverified,point,,"2026-07-19 00:15:46"
SEED001341,"Медико-диагностический центр ""BIG-PHARM""",medicine,doctors,,"Ahmad Donish ko'chasi 4В",,,,,41.34282,69.25779,,,,,,,41.34282,69.25779,,,,,OSM,,1,single,C,,auto_unverified,point,,"2026-07-19 00:15:46"
SEED001342,"47 семейная поликлиника",medicine,doctors,,,,,,,41.3189,69.24018,,,,,,,41.3189,69.24018,,,,,OSM,,1,single,C,,auto_unverified,point,,"2026-07-19 00:15:46"
SEED001343,"№28 Oilaviy poliklinika",medicine,doctors,,"Шохсанам улица 2",,,,,41.26381,69.35344,,,,,,,41.26381,69.35344,,,,,OSM,,1,single,C,,auto_unverified,point,,"2026-07-19 00:15:46"
SEED001344,"Центральная клиническая больница №2",medicine,hospital,,,,,,,41.32357,69.33544,,,,,,,41.32357,69.33544,,,,,OSM,,1,single,C,,auto_unverified,point,,"2026-07-19 00:15:46"
SEED001345,"5-sonli Yuqumli kasalliklar shifoxonasi",medicine,hospital,,,,,,,41.30676,69.24936,,,,,,,41.30676,69.24936,,,,,OSM,,1,single,C,,auto_unverified,point,,"2026-07-19 00:15:46"
SEED001346,"Клиника Lor Medical Service",medicine,hospital,,6,,,,,41.32846,69.27922,,,,,,,41.32846,69.27922,,,,,OSM,,1,single,C,,auto_unverified,point,,"2026-07-19 00:15:46"
SEED001347,"НИИ Гематологии и кровепереливания",medicine,hospital,,,,,,,41.28859,69.21447,,,,,,,41.28859,69.21447,,,,,OSM,,1,single,C,,auto_unverified,point,,"2026-07-19 00:15:46"
SEED001348,"Областной Психиатрической Диспансер",medicine,hospital,,,,,,,41.20325,69.23343,,,,,,,41.20325,69.23343,,,,,OSM,,1,single,C,,auto_unverified,point,,"2026-07-19 00:15:46"
SEED001349,"Cardio Med",medicine,clinic,,"Bunyodkor shoh ko'chasi 41А",,,,,41.26344,69.19894,,,,,,,41.26344,69.19894,,,,,OSM,,1,single,C,,auto_unverified,point,,"2026-07-19 00:15:46"
SEED001350,"Республиканский Центр социальной адаптации детей",medicine,hospital,,"Abdulla Kahhar ko'chasi 34",,,,,41.28213,69.2589,,,,,,,41.28213,69.2589,,,,,OSM,,1,single,C,,auto_unverified,point,,"2026-07-19 00:15:46"
SEED001351,"26 Оилавий поликлиника",medicine,doctors,,,,,,,41.312,69.18983,,,,,,,41.312,69.18983,,,,,OSM,,1,single,C,,auto_unverified,point,,"2026-07-19 00:15:46"
SEED001352,"Центральная многопрофильная поликлиника при РМО Яккасарай",medicine,hospital,,,,,,,41.27749,69.24278,,,,,,,41.27749,69.24278,,,,,OSM,,1,single,C,,auto_unverified,point,,"2026-07-19 00:15:46"
SEED001353,"Поликлиника Службы Национальной Безопасности",medicine,doctors,,"Nurafshon aylanma ko'chasi 9a",,,,,41.33333,69.21989,,,,,,,41.33333,69.21989,,,,,OSM,,1,single,C,,auto_unverified,point,,"2026-07-19 00:15:46"
SEED001354,"Инфекционная больница №1",medicine,hospital,,,,,,,41.34434,69.25971,,,,,,,41.34434,69.25971,,,,,OSM,,1,single,C,,auto_unverified,point,,"2026-07-19 00:15:46"
SEED001355,"Областной онкологический диспансер",medicine,hospital,,"Taxtapul Darvoza ko'chasi 341",,,,,41.3423,69.2601,,,,,,,41.3423,69.2601,,,,,OSM,,1,single,C,,auto_unverified,point,,"2026-07-19 00:15:46"
SEED001356,"Туберкулёзный диспансер",medicine,hospital,,19,,,,,41.35001,69.23667,,,,,,,41.35001,69.23667,,,,,OSM,,1,single,C,,auto_unverified,point,,"2026-07-19 00:15:46"
SEED001357,"Поликлиника №32",medicine,clinic,,,,,,,41.28786,69.31668,,,,,,,41.28786,69.31668,,,,,OSM,,1,single,C,,auto_unverified,point,,"2026-07-19 00:15:46"
SEED001358,"Respublika neyroxirurgiya ilmiy markazi",medicine,hospital,,,,,,,41.34242,69.38271,,,,,,,41.34242,69.38271,,,,,OSM,,1,single,C,,auto_unverified,point,,"2026-07-19 00:15:46"
SEED001359,Медикон,medicine,other,,,,,,,41.28743,69.3096,,,,,,,41.28743,69.3096,,,,,OSM,,1,single,C,,auto_unverified,point,,"2026-07-19 00:15:46"
SEED001360,"Saif Optima",medicine,doctors,,"Olimkent 1-o'tish ko'chasi 32",,,,,41.29359,69.33292,,,,,,,41.29359,69.33292,,,,,OSM,,1,single,C,,auto_unverified,point,,"2026-07-19 00:15:46"
SEED001361,"НИИ санитарии, гигиены и профессиональных заболеваний",medicine,hospital,,"Oltintepa ko'chasi 325",,,,,41.32177,69.34419,,,,,,,41.32177,69.34419,,,,,OSM,,1,single,C,,auto_unverified,point,,"2026-07-19 00:15:46"
SEED001362,ProfMedService,medicine,clinic,,"Amir Temur shoh ko'chasi 119",,,,,41.35392,69.28765,,,,,,,41.35392,69.28765,,,,,OSM,,1,single,C,,auto_unverified,point,,"2026-07-19 00:15:46"
SEED001363,поликлиника,medicine,doctors,,,,,,,41.40307,69.44906,,,,,,,41.40307,69.44906,,,,,OSM,,1,single,C,,auto_unverified,point,,"2026-07-19 00:15:46"
SEED001364,"Respublika Ixtisoslashtirilgan Endokrinologiya Ilmiy-Amaliy Tibbiyot Markazi",medicine,hospital,,,,,,,41.33979,69.34252,,,,,,,41.33979,69.34252,,,,,OSM,,1,single,C,,auto_unverified,point,,"2026-07-19 00:15:46"
SEED001365,"Городская Клиническая больница №5",medicine,hospital,,417,,,,,41.35084,69.37124,,,,,,,41.35084,69.37124,,,,,OSM,,1,single,C,,auto_unverified,point,,"2026-07-19 00:15:46"
SEED001366,"Детский костнотуберкулёзный санаторий",medicine,hospital,,,,,,,41.35293,69.37697,,,,,,,41.35293,69.37697,,,,,OSM,,1,single,C,,auto_unverified,point,,"2026-07-19 00:15:46"
SEED001367,"РКБ №1 отделение Гемодиализа",medicine,hospital,,74,,,,,41.30177,69.28317,,,,,,,41.30177,69.28317,,,,,OSM,,1,single,C,,auto_unverified,point,,"2026-07-19 00:15:46"
SEED001368,"Respublika Narkologiya Markazi",medicine,hospital,,"Orom ko'chasi 1",,,,,41.39064,69.36542,,,,,,,41.39064,69.36542,,,,,OSM,,1,single,C,,auto_unverified,point,,"2026-07-19 00:15:46"
SEED001369,"Таш.обл.эндокринный диспансер",medicine,hospital,,,,,,,41.25448,69.44011,,,,,,,41.25448,69.44011,,,,,OSM,,1,single,C,,auto_unverified,point,,"2026-07-19 00:15:46"
SEED001370,"Диспансер кожно-венерологический №8",medicine,hospital,,,,,,,41.27018,69.31963,,,,,,,41.27018,69.31963,,,,,OSM,,1,single,C,,auto_unverified,point,,"2026-07-19 00:15:46"
SEED001371,"New Life Medical",medicine,clinic,,"Farobiy ko'chasi 28",,,,,41.34634,69.20464,,,,,,,41.34634,69.20464,,,,,OSM,,1,single,C,,auto_unverified,point,,"2026-07-19 00:15:46"
SEED001372,"Medilux medical",medicine,clinic,,"Farobiy ko'chasi 3Б",,,,,41.34859,69.17242,,,,,,,41.34859,69.17242,,,,,OSM,,1,single,C,,auto_unverified,point,,"2026-07-19 00:15:46"
SEED001373,"Поликлиника №18",medicine,doctors,,2Г,,,,,41.3489,69.1987,,,,,,,41.3489,69.1987,,,,,OSM,,1,single,C,,auto_unverified,point,,"2026-07-19 00:15:46"
SEED001374,"Консультативно-диагностическая поликлиника клиники ТашПМИ",medicine,doctors,,,,,,,41.36661,69.33522,,,,,,,41.36661,69.33522,,,,,OSM,,1,single,C,,auto_unverified,point,,"2026-07-19 00:15:46"
SEED001375,"Семейная поликлиника",medicine,doctors,,,,,,,41.21694,69.2197,,,,,,,41.21694,69.2197,,,,,OSM,,1,single,C,,auto_unverified,point,,"2026-07-19 00:15:46"
SEED001376,"частная клиника",medicine,hospital,,,,,,,41.27804,69.16525,,,,,,,41.27804,69.16525,,,,,OSM,,1,single,C,,auto_unverified,point,,"2026-07-19 00:15:46"
SEED001377,"Chilanzar Dental Servis",medicine,dentist,,"Muqimiy ko'chasi 12",+998712783710,,,,41.29611,69.21881,,,,,,,41.29611,69.21881,,,,,OSM+clinics.uz,,1,single,C,,auto_unverified,point,,"2026-07-19 00:15:46"
SEED001378,"Кон куишь маркази",medicine,doctors,,,,,,,41.311,69.30981,,,,,,,41.311,69.30981,,,,,OSM,,1,single,C,,auto_unverified,point,,"2026-07-19 00:15:46"
SEED001379,"Ташкент шахар диагностика маркази",medicine,doctors,,"Mirzo Ulug'bek shoh ko'chasi 15",,,,,41.31041,69.31171,,,,,,,41.31041,69.31171,,,,,OSM,,1,single,C,,auto_unverified,point,,"2026-07-19 00:15:46"
SEED001380,"Городской Туберкулезный Диспансер",medicine,hospital,,"Lutfiy ko'chasi",,,,,41.29773,69.20839,,,,,,,41.29773,69.20839,,,,,OSM,,1,single,C,,auto_unverified,point,,"2026-07-19 00:15:46"
SEED001381,"Bolalar Milliy Tibbiyot Markazi",medicine,hospital,,"ул. Паркент 294",,,,,41.30429,69.33908,,,,,,,41.30429,69.33908,,,,,OSM,,1,single,C,,auto_unverified,point,,"2026-07-19 00:15:46"
SEED001382,"Семейная Поликлиника №55",medicine,doctors,,"Yunus Ota ko'chasi",,,,,41.36744,69.31127,,,,,,,41.36744,69.31127,,,,,OSM,,1,single,C,,auto_unverified,point,,"2026-07-19 00:15:46"
SEED001383,"Поликлиника 51",medicine,clinic,,,,,,,41.35321,69.28602,,,,,,,41.35321,69.28602,,,,,OSM,,1,single,C,,auto_unverified,point,,"2026-07-19 00:15:46"
SEED001384,"Детская городская клиника №4",medicine,hospital,,,,,,,41.32649,69.22123,,,,,,,41.32649,69.22123,,,,,OSM,,1,single,C,,auto_unverified,point,,"2026-07-19 00:15:46"
SEED001385,"Келес кишлок оилавий поликлиника",medicine,doctors,,,,,,,41.39733,69.20246,,,,,,,41.39733,69.20246,,,,,OSM,,1,single,C,,auto_unverified,point,,"2026-07-19 00:15:46"
SEED001386,"Семейная поликлиника №30",medicine,doctors,,,,,,,41.29212,69.35067,,,,,,,41.29212,69.35067,,,,,OSM,,1,single,C,,auto_unverified,point,,"2026-07-19 00:15:46"
SEED001387,"Семейная поликлиника №31",medicine,doctors,,,,,,,41.29675,69.36178,,,,,,,41.29675,69.36178,,,,,OSM,,1,single,C,,auto_unverified,point,,"2026-07-19 00:15:46"
SEED001388,"Глазная областная поликлиника",medicine,clinic,,176,,,,,41.33108,69.3492,,,,,,,41.33108,69.3492,,,,,OSM,,1,single,C,,auto_unverified,point,,"2026-07-19 00:15:46"
SEED001389,Кўксарой,medicine,clinic,,,,,,,41.34897,69.1751,,,,,,,41.34897,69.1751,,,,,OSM,,1,single,C,,auto_unverified,point,,"2026-07-19 00:15:46"
SEED001390,"Городская Детская Инфекционная Больница №4",medicine,hospital,,,,,,,41.33897,69.26069,,,,,,,41.33897,69.26069,,,,,OSM,,1,single,C,,auto_unverified,point,,"2026-07-19 00:15:46"
SEED001391,"Toshkent shahar o'smirlar dispanseri qoshidagi maslahat - tashxis",medicine,hospital,,,,,,,41.33176,69.28159,,,,,,,41.33176,69.28159,,,,,OSM,,1,single,C,,auto_unverified,point,,"2026-07-19 00:15:46"
SEED001392,"ASAD KNR",medicine,clinic,,"Tiklanish ko'chasi 1 A",,,,,41.37395,69.26113,,,,,,,41.37395,69.26113,,,,,OSM,,1,single,C,,auto_unverified,point,,"2026-07-19 00:15:46"
SEED001393,"Кибрайский СЭС",medicine,doctors,,,,,,,41.38124,69.46739,,,,,,,41.38124,69.46739,,,,,OSM,,1,single,C,,auto_unverified,point,,"2026-07-19 00:15:46"
SEED001394,"Детская Психоневрологическая больница им У. К. Курбанова",medicine,hospital,,,,,,,41.3222,69.31744,,,,,,,41.3222,69.31744,,,,,OSM,,1,single,C,,auto_unverified,point,,"2026-07-19 00:15:46"
SEED001395,"Инфекционная больница №3",medicine,hospital,,,,,,,41.26654,69.24075,,,,,,,41.26654,69.24075,,,,,OSM,,1,single,C,,auto_unverified,point,,"2026-07-19 00:15:46"
SEED001396,"Межрайонный 2-кожновенерологический Диспансер",medicine,hospital,,"Lutfiy ko'chasi",,,,,41.29757,69.20797,,,,,,,41.29757,69.20797,,,,,OSM,,1,single,C,,auto_unverified,point,,"2026-07-19 00:15:46"
SEED001397,"Центральная многопрофильная поликлиника при РМО Чиланзар",medicine,clinic,,"Bunyodkor shoh ko'chasi 7а",,,,,41.28671,69.21531,,,,,,,41.28671,69.21531,,,,,OSM,,1,single,C,,auto_unverified,point,,"2026-07-19 00:15:46"
SEED001398,"Специализированная инфекционная больница",medicine,hospital,,,,,,,41.28698,69.21022,,,,,,,41.28698,69.21022,,,,,OSM,,1,single,C,,auto_unverified,point,,"2026-07-19 00:15:46"
SEED001399,"Семейная поликлиника №3",medicine,clinic,,"Хамал улица 31",,,,,41.28194,69.29812,,,,,,,41.28194,69.29812,,,,,OSM,,1,single,C,,auto_unverified,point,,"2026-07-19 00:15:46"
SEED001400,"Doctor Hasan Klinikasi",medicine,clinic,,"Paxtachi ko'chasi 112",,,,,41.33781,69.19007,,,,,,,41.33781,69.19007,,,,,OSM,,1,single,C,,auto_unverified,point,,"2026-07-19 00:15:46"
SEED001401,"Tug'uruqxona 1",medicine,hospital,,,,,,,41.19605,69.21318,,,,,,,41.19605,69.21318,,,,,OSM,,1,single,C,,auto_unverified,point,,"2026-07-19 00:15:46"
SEED001402,"Respublika ihtisoslashtirilgan urologiya markazi",medicine,hospital,,,,,,,41.35529,69.17699,,,,,,,41.35529,69.17699,,,,,OSM,,1,single,C,,auto_unverified,point,,"2026-07-19 00:15:46"
SEED001403,"Brain Servis неврологическая клиника",medicine,clinic,,"Shivli ko'chasi 9",,,,,41.33631,69.28713,,,,,,,41.33631,69.28713,,,,,OSM,,1,single,C,,auto_unverified,point,,"2026-07-19 00:15:46"
SEED001404,Eramed,medicine,hospital,,"Mahtumquli ko'chasi 105",,,,,41.30496,69.31106,,,,,,,41.30496,69.31106,,,,,OSM,,1,single,C,,auto_unverified,point,,"2026-07-19 00:15:46"
SEED001405,"Gatling Med частная клиника",medicine,clinic,,,+998974245447,,,,41.2862,69.22835,,,,,,,41.2862,69.22835,,,,,OSM+clinics.uz,,1,single,C,,auto_unverified,point,,"2026-07-19 00:15:46"
SEED001406,"Qibray tug'ruq kompleksi",medicine,hospital,,,,,,,41.38068,69.46651,,,,,,,41.38068,69.46651,,,,,OSM,,1,single,C,,auto_unverified,point,,"2026-07-19 00:15:46"
SEED001407,"Med centre",medicine,clinic,,,,,,,41.30605,69.21627,,,,,,,41.30605,69.21627,,,,,OSM,,1,single,C,,auto_unverified,point,,"2026-07-19 00:15:46"
SEED001408,"Доктор Октам",medicine,clinic,,,,,,,41.34263,69.19539,,,,,,,41.34263,69.19539,,,,,OSM,,1,single,C,,auto_unverified,point,,"2026-07-19 00:15:46"
SEED001409,"Центральная больница Ташкентского района",medicine,hospital,,,,,,,41.39899,69.20251,,,,,,,41.39899,69.20251,,,,,OSM,,1,single,C,,auto_unverified,point,,"2026-07-19 00:15:46"
SEED001410,"Бактериологическая лаборатория",medicine,lab,,"Arnasoy ko'chasi 2 A",,,,,41.28396,69.23218,,,,,,,41.28396,69.23218,,,,,OSM,,1,single,C,,auto_unverified,point,,"2026-07-19 00:15:46"
SEED001411,"American Hospital",medicine,hospital,,"Икбол улица 14",,,,,41.37355,69.32408,,,,,,,41.37355,69.32408,,,,,OSM,,1,single,C,,auto_unverified,point,,"2026-07-19 00:15:46"
SEED001412,"Qibray shifoxonasi",medicine,hospital,,,,,,,41.37183,69.42861,,,,,,,41.37183,69.42861,,,,,OSM,,1,single,C,,auto_unverified,point,,"2026-07-19 00:15:46"
SEED001413,"61 Oilaviy Poliklinka",medicine,doctors,,"Sirg'ali 6A daxasi",,,,,41.23056,69.20761,,,,,,,41.23056,69.20761,,,,,OSM,,1,single,C,,auto_unverified,point,,"2026-07-19 00:15:46"
SEED001414,Med-Tashmi,medicine,clinic,,"Shifokor 2-ko'chasi 72",,,,,41.35692,69.17673,,,,,,,41.35692,69.17673,,,,,OSM,,1,single,C,,auto_unverified,point,,"2026-07-19 00:15:46"
SEED001415,"9-sonli tug'ruqxona",medicine,hospital,,"Бешкайрогоч улица 243",,,,,41.31386,69.16026,,,,,,,41.31386,69.16026,,,,,OSM,,1,single,C,,auto_unverified,point,,"2026-07-19 00:15:46"
SEED001416,"Зангиатинская районная инфекционная больница",medicine,hospital,,"Toshkent halqa avtomobil yo'li",,,,,41.27322,69.14533,,,,,,,41.27322,69.14533,,,,,OSM,,1,single,C,,auto_unverified,point,,"2026-07-19 00:15:46"
SEED001417,"3-sonli bolalar shahar klinik shifoxonasi",medicine,hospital,,"Бешкайрогоч улица",,,,,41.3143,69.16186,,,,,,,41.3143,69.16186,,,,,OSM,,1,single,C,,auto_unverified,point,,"2026-07-19 00:15:46"
SEED001418,"Uni Medical Care",medicine,clinic,,"Farobiy ko'chasi 14a",,,,,41.34829,69.20028,,,,,,,41.34829,69.20028,,,,,OSM,,1,single,C,,auto_unverified,point,,"2026-07-19 00:15:46"
SEED001419,"Xasanboy sanatoriyasi",medicine,rehab,,,,,,,41.40035,69.27271,,,,,,,41.40035,69.27271,,,,,OSM,,1,single,C,,auto_unverified,point,,"2026-07-19 00:15:46"
SEED001420,"Botanika sanatoriyasi",medicine,rehab,,,,,,,41.41295,69.49297,,,,,,,41.41295,69.49297,,,,,OSM,,1,single,C,,auto_unverified,point,,"2026-07-19 00:15:46"
SEED001421,"Eshonguzar Markaziy ko'p tarmoqli poliklinikasi",medicine,clinic,,"Mustaqillik ko'chasi 11",,,,,41.25056,69.15845,,,,,,,41.25056,69.15845,,,,,OSM,,1,single,C,,auto_unverified,point,,"2026-07-19 00:15:46"
SEED001422,"Специальная инфекционная больница COVID-19",medicine,hospital,,,,,,,41.17604,69.19393,,,,,,,41.17604,69.19393,,,,,OSM,,1,single,C,,auto_unverified,point,,"2026-07-19 00:15:46"
SEED001423,"Специальная инфекционная больница COVID-19",medicine,hospital,,,,,,,41.17013,69.19324,,,,,,,41.17013,69.19324,,,,,OSM,,1,single,C,,auto_unverified,point,,"2026-07-19 00:15:46"
SEED001424,"My Med",medicine,clinic,,13a,,,,,41.22263,69.20451,,,,,,,41.22263,69.20451,,,,,OSM,,1,single,C,,auto_unverified,point,,"2026-07-19 00:15:46"
SEED001425,"Doctor Lotos",medicine,clinic,,,,,,,41.31077,69.32743,,,,,,,41.31077,69.32743,,,,,OSM,,1,single,C,,auto_unverified,point,,"2026-07-19 00:15:46"
SEED001426,"IX Med",medicine,clinic,,"Ziyolilar ko'chasi 41",,,,,41.33697,69.32227,,,,,,,41.33697,69.32227,,,,,OSM,,1,single,C,,auto_unverified,point,,"2026-07-19 00:15:46"
SEED001427,"Pediatric Hematology and Oncology Clinic and Immunology Center",medicine,hospital,,"Arnasoy ko'chasi 28/1",,,,,41.27859,69.22728,,,,,,,41.27859,69.22728,,,,,OSM,,1,single,C,,auto_unverified,point,,"2026-07-19 00:15:46"
SEED001428,"Republican Specialized Scientific and Practical Medical Center of Hematology",medicine,hospital,,"Arnasoy ko'chasi",,,,,41.27711,69.22617,,,,,,,41.27711,69.22617,,,,,OSM,,1,single,C,,auto_unverified,point,,"2026-07-19 00:15:46"
SEED001429,Tomatis,medicine,other,,"Шохжахон улица 5/2",,,,,41.28393,69.24473,,,,,,,41.28393,69.24473,,,,,OSM,,1,single,C,,auto_unverified,point,,"2026-07-19 00:15:46"
SEED001430,"Shayxontohur tuman davlat sanitariya epidemiologiya nazorat markazi",medicine,hospital,,,,,,,41.32382,69.25105,,,,,,,41.32382,69.25105,,,,,OSM,,1,single,C,,auto_unverified,point,,"2026-07-19 00:15:46"
SEED001431,"2 - sonli Respublika Klinik Shifoxonasi",medicine,hospital,,,,,,,41.40319,69.44902,,,,,,,41.40319,69.44902,,,,,OSM,,1,single,C,,auto_unverified,point,,"2026-07-19 00:15:46"
SEED001432,"Toshkent Pediatriya tibbiyot instituti klinikasi",medicine,hospital,,,,,,,41.36476,69.336,,,,,,,41.36476,69.336,,,,,OSM,,1,single,C,,auto_unverified,point,,"2026-07-19 00:15:46"
SEED001433,"Qibray tumani Yuqumli kasalliklar shifoxonasi",medicine,hospital,,,,,,,41.38692,69.28737,,,,,,,41.38692,69.28737,,,,,OSM,,1,single,C,,auto_unverified,point,,"2026-07-19 00:15:46"
SEED001434,"Медсанчасть Аэропорта ""Ташкент""",medicine,clinic,,,,,,,41.26834,69.28307,,,,,,,41.26834,69.28307,,,,,OSM,,1,single,C,,auto_unverified,point,,"2026-07-19 00:15:46"
SEED001435,"Поликлиника №37",medicine,clinic,,,,,,,41.2942,69.21137,,,,,,,41.2942,69.21137,,,,,OSM,,1,single,C,,auto_unverified,point,,"2026-07-19 00:15:46"
SEED001436,"Medline Servis",medicine,other,,3/3,,,,,41.277,69.19694,,,,,,,41.277,69.19694,,,,,OSM,,1,single,C,,auto_unverified,point,,"2026-07-19 00:15:46"
SEED001437,"Специальная инфекционная больница COVID-19",medicine,hospital,,,,,,,41.17319,69.19589,,,,,,,41.17319,69.19589,,,,,OSM,,1,single,C,,auto_unverified,point,,"2026-07-19 00:15:46"
SEED001438,"Respublika bolalar tayanch-harakat tizimi kasalliklari reabilitatsiya markazi",medicine,hospital,,,,,,,41.37176,69.35146,,,,,,,41.37176,69.35146,,,,,OSM,,1,single,C,,auto_unverified,point,,"2026-07-19 00:15:46"
SEED001439,Поликлиника,medicine,doctors,,,,,,,41.40873,69.22479,,,,,,,41.40873,69.22479,,,,,OSM,,1,single,C,,auto_unverified,point,,"2026-07-19 00:15:46"
SEED001440,"Центр Акушерства Келес",medicine,clinic,,,,,,,41.39473,69.20725,,,,,,,41.39473,69.20725,,,,,OSM,,1,single,C,,auto_unverified,point,,"2026-07-19 00:15:46"
SEED001441,"Womens Life",medicine,clinic,,,,,,,41.31058,69.327,,,,,,,41.31058,69.327,,,,,OSM,,1,single,C,,auto_unverified,point,,"2026-07-19 00:15:46"
SEED001442,"G'ulomjon Neyro Service",medicine,clinic,,,,,,,41.29574,69.33519,,,,,,,41.29574,69.33519,,,,,OSM,,1,single,C,,auto_unverified,point,,"2026-07-19 00:15:46"
SEED001443,"Центральный госпиталь МВД",medicine,hospital,,,,,,,41.36137,69.20604,,,,,,,41.36137,69.20604,,,,,OSM,,1,single,C,,auto_unverified,point,,"2026-07-19 00:15:46"
SEED001444,"№15 Oilaviy tibbiyot paliklinika",medicine,clinic,,"Qoraqamish 2-ko'chasi 1",,,,,41.36331,69.21308,,,,,,,41.36331,69.21308,,,,,OSM,,1,single,C,,auto_unverified,point,,"2026-07-19 00:15:46"
SEED001445,"52-oilaviy poliklinika",medicine,clinic,,,,,,,41.37071,69.27212,,,,,,,41.37071,69.27212,,,,,OSM,,1,single,C,,auto_unverified,point,,"2026-07-19 00:15:46"
SEED001446,"Tashkent City Oncological Dispenser",medicine,hospital,,"Bogiston ko'chasi",,,,,41.29996,69.19585,,,,,,,41.29996,69.19585,,,,,OSM,,1,single,C,,auto_unverified,point,,"2026-07-19 00:15:46"
SEED001447,"Республиканская Клиническая Больница №1",medicine,hospital,,74,,,,,41.30174,69.28415,,,,,,,41.30174,69.28415,,,,,OSM,,1,single,C,,auto_unverified,point,,"2026-07-19 00:15:46"
SEED001448,"Клиническая больница неотложной медицинской помощи г. Ташкента",medicine,hospital,,"Foziltepa ko'chasi 40",,,,,41.29884,69.19116,,,,,,,41.29884,69.19116,,,,,OSM,,1,single,C,,auto_unverified,point,,"2026-07-19 00:15:46"
SEED001449,"Parents Holiday",medicine,hospital,,"Yangi Olmazor ko'chasi 51",,,,,41.35122,69.24566,,,,,,,41.35122,69.24566,,,,,OSM,,1,single,C,,auto_unverified,point,,"2026-07-19 00:15:46"
SEED001450,"Ташкентский областной филиал РНЦЭМП",medicine,hospital,,,,,,,41.2331,69.31051,,,,,,,41.2331,69.31051,,,,,OSM,,1,single,C,,auto_unverified,point,,"2026-07-19 00:15:46"
SEED001451,"Психиатрическая больница Чукурсай",medicine,hospital,,,,,,,41.37686,69.23674,,,,,,,41.37686,69.23674,,,,,OSM,,1,single,C,,auto_unverified,point,,"2026-07-19 00:15:46"
SEED001452,"Третья клиника ТашМИ",medicine,hospital,,"Mahtumquli ko'chasi 103",,,,,41.31033,69.30264,,,,,,,41.31033,69.30264,,,,,OSM,,1,single,C,,auto_unverified,point,,"2026-07-19 00:15:46"
SEED001453,"48-chi sonli oilaviy poliklinika",medicine,doctors,,"Abay ko'chasi 5a",,,,,41.32332,69.25376,,,,,,,41.32332,69.25376,,,,,OSM,,1,single,C,,auto_unverified,point,,"2026-07-19 00:15:46"
SEED001454,"Республиканский Специализированный Центр Микрохирургии Глаза",medicine,hospital,,"Kichik Halqa yo'li",,,,,41.29882,69.19274,,,,,,,41.29882,69.19274,,,,,OSM,,1,single,C,,auto_unverified,point,,"2026-07-19 00:15:46"
SEED001455,"Центр переливания крови",medicine,hospital,,"Shota Rustaveli ko'chasi 138",,,,,41.26447,69.22872,,,,,,,41.26447,69.22872,,,,,OSM,,1,single,C,,auto_unverified,point,,"2026-07-19 00:15:46"
SEED001456,"НИИ травматологии",medicine,hospital,,,,,,,41.30641,69.29406,,,,,,,41.30641,69.29406,,,,,OSM,,1,single,C,,auto_unverified,point,,"2026-07-19 00:15:46"
SEED001457,"Городская клиническая больница №6",medicine,hospital,,,,,,,41.23292,69.32874,,,,,,,41.23292,69.32874,,,,,OSM,,1,single,C,,auto_unverified,point,,"2026-07-19 00:15:46"
SEED001458,"Akfa Medline",medicine,clinic,,"Kichik Halqa yo'li 5A",,,,,41.34285,69.20906,,,,,,,41.34285,69.20906,,,,,OSM,,1,single,C,,auto_unverified,point,,"2026-07-19 00:15:46"
SEED001459,"Shahar Klinik Kasalxonasi № 1",medicine,hospital,,,,,,,41.32105,69.21983,,,,,,,41.32105,69.21983,,,,,OSM,,1,single,C,,auto_unverified,point,,"2026-07-19 00:15:46"
SEED001460,"Toshkent Shahar Perinatal Markazi",medicine,hospital,,,,,,,41.32106,69.2174,,,,,,,41.32106,69.2174,,,,,OSM,,1,single,C,,auto_unverified,point,,"2026-07-19 00:15:46"
SEED001461,"Семейная поликлиника №45",medicine,clinic,,,,,,,41.33974,69.19921,,,,,,,41.33974,69.19921,,,,,OSM,,1,single,C,,auto_unverified,point,,"2026-07-19 00:15:46"
SEED001462,"2-jarrohlik bolalar shifoxonasi",medicine,hospital,,,,,,,41.33066,69.33683,,,,,,,41.33066,69.33683,,,,,OSM,,1,single,C,,auto_unverified,point,,"2026-07-19 00:15:46"
SEED001463,"6-son tug'uruqxona",medicine,hospital,,,,,,,41.30821,69.28687,,,,,,,41.30821,69.28687,,,,,OSM,,1,single,C,,auto_unverified,point,,"2026-07-19 00:15:46"
SEED001464,"Семейная поликлиника №41",medicine,clinic,,,,,,,41.33011,69.1843,,,,,,,41.33011,69.1843,,,,,OSM,,1,single,C,,auto_unverified,point,,"2026-07-19 00:15:46"
SEED001465,"Virusologiya ilmiy-tekshirish instituti",medicine,hospital,,,,,,,41.36039,69.30092,,,,,,,41.36039,69.30092,,,,,OSM,,1,single,C,,auto_unverified,point,,"2026-07-19 00:15:46"
SEED001466,"Детская больница №1",medicine,hospital,,,,,,,41.36058,69.29793,,,,,,,41.36058,69.29793,,,,,OSM,,1,single,C,,auto_unverified,point,,"2026-07-19 00:15:46"
SEED001467,"Mudofaa vazirligi Markaziy gospital",medicine,hospital,,,,,,,41.33943,69.32957,,,,,,,41.33943,69.32957,,,,,OSM,,1,single,C,,auto_unverified,point,,"2026-07-19 00:15:46"
SEED001468,"Ziyo Medline",medicine,private,,,+998781132789,,,,41.3153,69.3265,,,,,,,,,,,,,clinics.uz,,1,single,C,,auto_unverified,point,,"2026-07-19 00:15:46"
SEED001469,"Ibrat Med",medicine,private,,,+998712055818,,,,41.2051,69.2157,,,,,,,,,,,,,clinics.uz,,1,single,C,,auto_unverified,point,,"2026-07-19 00:15:46"
SEED001470,"Doctor To'lganoy Servis",medicine,private,,,+998787772038,,,,41.3239,69.3265,,,,,,,,,,,,,clinics.uz,,1,single,C,,auto_unverified,point,,"2026-07-19 00:15:46"
SEED001471,"ZILOLA MEDICAL",medicine,private,,,+998997901030,,,,41.2717,69.2929,,,,,,,,,,,,,clinics.uz,,1,single,C,,auto_unverified,point,,"2026-07-19 00:15:46"
SEED001472,"Corvita Hospital (Hilol Hospital)",medicine,private,,,+998712055798,,,,41.2589,69.222,,,,,,,,,,,,,clinics.uz,,1,single,C,,auto_unverified,point,,"2026-07-19 00:15:46"
SEED001473,"Darmon medicine",medicine,private,,,+998773197555,,,,41.3547,69.3599,,,,,,,,,,,,,clinics.uz,,1,single,C,,auto_unverified,point,,"2026-07-19 00:15:46"
SEED001474,"DR.VAISOV Laser Aesthetic Dermatology",medicine,private,,,+998787770303,,,,41.3103,69.2913,,,,,,,,,,,,,clinics.uz,,1,single,C,,auto_unverified,point,,"2026-07-19 00:15:46"
SEED001475,"Nurafshon Medical",medicine,private,,,+998555166017,,,,41.3054,69.2071,,,,,,,,,,,,,clinics.uz,,1,single,C,,auto_unverified,point,,"2026-07-19 00:15:46"
SEED001476,"Revma Center Clinic (Ревмацентр)",medicine,private,,,+998781132258,,,,41.3687,69.3441,,,,,,,,,,,,,clinics.uz,,1,single,C,,auto_unverified,point,,"2026-07-19 00:15:46"
SEED001477,"Smile Eyes",medicine,private,,,+998787770303,,,,41.3215,69.244,,,,,,,,,,,,,clinics.uz,,1,single,C,,auto_unverified,point,,"2026-07-19 00:15:46"
SEED001478,"Darmon Dental",medicine,private,,,+998787770303,,,,41.2781,69.2182,,,,,,,,,,,,,clinics.uz,,1,single,C,,auto_unverified,point,,"2026-07-19 00:15:46"
SEED001479,"Ватан тиббиёт маркази",medicine,private,,,+998712055748,,,,41.2775,69.1756,,,,,,,,,,,,,clinics.uz,,1,single,C,,auto_unverified,point,,"2026-07-19 00:15:46"
SEED001480,"Dusel Medical",medicine,private,,,+998787770303,,,,41.3121,69.1599,,,,,,,,,,,,,clinics.uz,,1,single,C,,auto_unverified,point,,"2026-07-19 00:15:46"
SEED001481,"Fathulla Ota Med",medicine,private,,,+998785551409,,,,41.2942,69.2239,,,,,,,,,,,,,clinics.uz,,1,single,C,,auto_unverified,point,,"2026-07-19 00:15:46"
SEED001482,"Humo med center",medicine,private,,,+998787770303,,,,41.2114,69.2037,,,,,,,,,,,,,clinics.uz,,1,single,C,,auto_unverified,point,,"2026-07-19 00:15:46"
SEED001483,"Impuls Medical Centre",medicine,private,,,+998787770303,,,,41.3415,69.1776,,,,,,,,,,,,,clinics.uz,,1,single,C,,auto_unverified,point,,"2026-07-19 00:15:46"
SEED001484,"Siz Ona Bo'lasiz Eku Markazi",medicine,private,,,+998712020900,,,,41.3369,69.3223,,,,,,,,,,,,,clinics.uz,,1,single,C,,auto_unverified,point,,"2026-07-19 00:15:46"
SEED001485,"Doktor Salimov",medicine,private,,,+998785551408,,,,41.3312,69.2342,,,,,,,,,,,,,clinics.uz,,1,single,C,,auto_unverified,point,,"2026-07-19 00:15:46"
SEED001486,"Best Medium Clinic",medicine,private,,,+998787770303,,,,41.2704,69.2103,,,,,,,,,,,,,clinics.uz,,1,single,C,,auto_unverified,point,,"2026-07-19 00:15:46"
SEED001487,"Diamed Diagnostic Medicine",medicine,private,,,+998781132490,,,,41.2858,69.2339,,,,,,,,,,,,,clinics.uz,,1,single,C,,auto_unverified,point,,"2026-07-19 00:15:46"
SEED001488,"Doctor Iroda 24/7",medicine,private,,,+998787770337,,,,41.3115,69.3339,,,,,,,,,,,,,clinics.uz,,1,single,C,,auto_unverified,point,,"2026-07-19 00:15:46"
SEED001489,"Immuno C - Чиланзар",medicine,private,,,+998787770303,,,,41.2827,69.2248,,,,,,,,,,,,,clinics.uz,,1,single,C,,auto_unverified,point,,"2026-07-19 00:15:46"
SEED001490,"Shox International Hospital",medicine,private,,,+998555166029,,,,41.269,69.263,,,,,,,,,,,,,clinics.uz,,1,single,C,,auto_unverified,point,,"2026-07-19 00:15:46"
SEED001491,"Karasu Alfa Diagnostic",medicine,private,,,+998712055490,,,,41.3316,69.375,,,,,,,,,,,,,clinics.uz,,1,single,C,,auto_unverified,point,,"2026-07-19 00:15:46"
SEED001492,"ASR клиника",medicine,private,,,+998781132665,,,,41.236,69.3413,,,,,,,,,,,,,clinics.uz,,1,single,C,,auto_unverified,point,,"2026-07-19 00:15:46"
SEED001493,"Davr Fayz Medical",medicine,private,,,+998787770303,,,,41.3306,69.2216,,,,,,,,,,,,,clinics.uz,,1,single,C,,auto_unverified,point,,"2026-07-19 00:15:46"
SEED001494,"DiaLab Medical Service - Юнусабадский филиал",medicine,private,,,+998787772037,,,,41.3685,69.3079,,,,,,,,,,,,,clinics.uz,,1,single,C,,auto_unverified,point,,"2026-07-19 00:15:46"
SEED001495,Immunolab,medicine,private,,,+998787770303,,,,41.2941,69.2766,,,,,,,,,,,,,clinics.uz,,1,single,C,,auto_unverified,point,,"2026-07-19 00:15:46"
SEED001496,"Ko'ksaroy - диагностический центр",medicine,private,,,+998787770303,,,,41.3488,69.1748,,,,,,,,,,,,,clinics.uz,,1,single,C,,auto_unverified,point,,"2026-07-19 00:15:46"
SEED001497,"LORMED SERVIS",medicine,private,,,+998787770303,,,,41.3419,69.2349,,,,,,,,,,,,,clinics.uz,,1,single,C,,auto_unverified,point,,"2026-07-19 00:15:46"
SEED001498,MShifo,medicine,private,,,+998787770303,,,,41.3276,69.2627,,,,,,,,,,,,,clinics.uz,,1,single,C,,auto_unverified,point,,"2026-07-19 00:15:46"
SEED001499,"OSIYO - медицинский центр",medicine,private,,,+998903220313,,,,41.3115,69.3324,,,,,,,,,,,,,clinics.uz,,1,single,C,,auto_unverified,point,,"2026-07-19 00:15:46"
SEED001500,"Sog'lom Hayot",medicine,private,,,,,,,41.2045,69.2286,,,,,,,,,,,,,clinics.uz,,1,single,C,,auto_unverified,point,,"2026-07-19 00:15:46"
SEED001501,"Tashkent Medical Park by Urologic Complex",medicine,private,,,+998787770303,,,,41.2804,69.1895,,,,,,,,,,,,,clinics.uz,,1,single,C,,auto_unverified,point,,"2026-07-19 00:15:46"
SEED001502,"Yunusobod Medical Center",medicine,private,,,+998712055820,,,,41.3831,69.2985,,,,,,,,,,,,,clinics.uz,,1,single,C,,auto_unverified,point,,"2026-07-19 00:15:46"
SEED001503,"Доктор Овчаров",medicine,private,,,+998712050170,,,,41.3211,69.279,,,,,,,,,,,,,clinics.uz,,1,single,C,,auto_unverified,point,,"2026-07-19 00:15:46"
SEED001504,"Центр реабилитации хронических заболеваний",medicine,private,,,+998712284885,,,,41.3708,69.2154,,,,,,,,,,,,,clinics.uz,,1,single,C,,auto_unverified,point,,"2026-07-19 00:15:46"
SEED001505,"Центральная железнодорожная поликлиника",medicine,private,,,+998781133214,,,,41.2868,69.2844,,,,,,,,,,,,,clinics.uz,,1,single,C,,auto_unverified,point,,"2026-07-19 00:15:46"
SEED001506,"Az-Med Clinic",medicine,private,,,+998787772035,,,,41.3711,69.3103,,,,,,,,,,,,,clinics.uz,,1,single,C,,auto_unverified,point,,"2026-07-19 00:15:46"
SEED001507,Saba-Darmon,medicine,private,,,+998787770303,,,,41.3309,69.2169,,,,,,,,,,,,,clinics.uz,,1,single,C,,auto_unverified,point,,"2026-07-19 00:15:46"
SEED001508,"Alfraganus University Hospital",medicine,private,,,+998787770303,,,,41.3733,69.2663,,,,,,,,,,,,,clinics.uz,,1,single,C,,auto_unverified,point,,"2026-07-19 00:15:46"
SEED001509,"Corall Medical",medicine,private,,,+998787770303,,,,41.3396,69.2065,,,,,,,,,,,,,clinics.uz,,1,single,C,,auto_unverified,point,,"2026-07-19 00:15:46"
SEED001510,"Darmon Servis филиал",medicine,private,,,+998787770303,,,,41.2895,69.2053,,,,,,,,,,,,,clinics.uz,,1,single,C,,auto_unverified,point,,"2026-07-19 00:15:46"
SEED001511,"Doctor Mallaev Academic Hospital",medicine,private,,,+998787770303,,,,41.3647,69.1842,,,,,,,,,,,,,clinics.uz,,1,single,C,,auto_unverified,point,,"2026-07-19 00:15:46"
SEED001512,FOMED,medicine,private,,,+998787770303,,,,41.2868,69.1877,,,,,,,,,,,,,clinics.uz,,1,single,C,,auto_unverified,point,,"2026-07-19 00:15:46"
SEED001513,"K-DAVO Korean Medical Centre",medicine,private,,,+998787770303,,,,41.3581,69.3365,,,,,,,,,,,,,clinics.uz,,1,single,C,,auto_unverified,point,,"2026-07-19 00:15:46"
SEED001514,"Medion 24/7",medicine,private,,,+998787770303,,,,41.3293,69.2582,,,,,,,,,,,,,clinics.uz,,1,single,C,,auto_unverified,point,,"2026-07-19 00:15:46"
SEED001515,"Medion Family Hospital",medicine,private,,,+998787770303,,,,41.3274,69.1841,,,,,,,,,,,,,clinics.uz,,1,single,C,,auto_unverified,point,,"2026-07-19 00:15:46"
SEED001516,MediSun,medicine,private,,,+998787770303,,,,41.3548,69.3606,,,,,,,,,,,,,clinics.uz,,1,single,C,,auto_unverified,point,,"2026-07-19 00:15:46"
SEED001517,"Ns Medical Ayollar Klinikasi",medicine,private,,,+998787770303,,,,41.3412,69.2088,,,,,,,,,,,,,clinics.uz,,1,single,C,,auto_unverified,point,,"2026-07-19 00:15:46"
SEED001518,"Ns Medical Ибн Сина филиал",medicine,private,,,+998787770303,,,,41.3361,69.1721,,,,,,,,,,,,,clinics.uz,,1,single,C,,auto_unverified,point,,"2026-07-19 00:15:46"
SEED001519,"Ns Medical Кукча филиал",medicine,private,,,+998787770303,,,,41.3218,69.2149,,,,,,,,,,,,,clinics.uz,,1,single,C,,auto_unverified,point,,"2026-07-19 00:15:46"
SEED001520,"Ns Medical Сергели филиал",medicine,private,,,+998787770303,,,,41.2024,69.2247,,,,,,,,,,,,,clinics.uz,,1,single,C,,auto_unverified,point,,"2026-07-19 00:15:46"
SEED001521,"Ns Medical Учтепа филиал",medicine,private,,,+998787770303,,,,41.3122,69.1784,,,,,,,,,,,,,clinics.uz,,1,single,C,,auto_unverified,point,,"2026-07-19 00:15:46"
SEED001522,"OFIYAT MED",medicine,private,,,+998787770303,,,,41.2285,69.2078,,,,,,,,,,,,,clinics.uz,,1,single,C,,auto_unverified,point,,"2026-07-19 00:15:46"
SEED001523,"Poytaxt Medical",medicine,private,,,+998787770303,,,,41.339,69.2728,,,,,,,,,,,,,clinics.uz,,1,single,C,,auto_unverified,point,,"2026-07-19 00:15:46"
SEED001524,"Samo Medical",medicine,private,,,+998787770303,,,,41.2129,69.2084,,,,,,,,,,,,,clinics.uz,,1,single,C,,auto_unverified,point,,"2026-07-19 00:15:46"
SEED001525,"SBJ Medical",medicine,private,,,+998787770303,,,,41.2642,69.1536,,,,,,,,,,,,,clinics.uz,,1,single,C,,auto_unverified,point,,"2026-07-19 00:15:46"
SEED001526,Almazmed-Line,medicine,private,,,+998787770303,,,,41.2723,69.2323,,,,,,,,,,,,,clinics.uz,,1,single,C,,auto_unverified,point,,"2026-07-19 00:15:46"
SEED001527,"Big Pharm",medicine,private,,,+998781132782,,,,41.3428,69.2577,,,,,,,,,,,,,clinics.uz,,1,single,C,,auto_unverified,point,,"2026-07-19 00:15:46"
SEED001528,"Clinic of EMU",medicine,private,,,+998787770303,,,,41.2834,69.2438,,,,,,,,,,,,,clinics.uz,,1,single,C,,auto_unverified,point,,"2026-07-19 00:15:46"
SEED001529,"Emu Oq tepa filial",medicine,private,,,+998787770303,,,,41.3013,69.208,,,,,,,,,,,,,clinics.uz,,1,single,C,,auto_unverified,point,,"2026-07-19 00:15:46"
SEED001530,"Hayat KIDS",medicine,private,,,+998787770303,,,,41.3654,69.3341,,,,,,,,,,,,,clinics.uz,,1,single,C,,auto_unverified,point,,"2026-07-19 00:15:46"
SEED001531,"iMed Clinic",medicine,private,,,+998712055103,,,,41.3608,69.2156,,,,,,,,,,,,,clinics.uz,,1,single,C,,auto_unverified,point,,"2026-07-19 00:15:46"
SEED001532,"Kimyo University Hospital",medicine,private,,,+998787770303,,,,41.2582,69.1908,,,,,,,,,,,,,clinics.uz,,1,single,C,,auto_unverified,point,,"2026-07-19 00:15:46"
SEED001533,"Mediofarm Hospital",medicine,private,,,+998787770303,,,,41.3326,69.294,,,,,,,,,,,,,clinics.uz,,1,single,C,,auto_unverified,point,,"2026-07-19 00:15:46"
SEED001534,"Medion Aesthetic & SPA",medicine,private,,,+998787770303,,,,41.3295,69.2574,,,,,,,,,,,,,clinics.uz,,1,single,C,,auto_unverified,point,,"2026-07-19 00:15:46"
SEED001535,"Medion Dental Care",medicine,private,,,+998787770303,,,,41.3295,69.2574,,,,,,,,,,,,,clinics.uz,,1,single,C,,auto_unverified,point,,"2026-07-19 00:15:46"
SEED001536,"Ns Medical Бунёдкор",medicine,private,,,+998787770303,,,,41.3726,69.1837,,,,,,,,,,,,,clinics.uz,,1,single,C,,auto_unverified,point,,"2026-07-19 00:15:46"
SEED001537,Nurshah,medicine,private,,,+998787770303,,,,41.3743,69.3107,,,,,,,,,,,,,clinics.uz,,1,single,C,,auto_unverified,point,,"2026-07-19 00:15:46"
SEED001538,"Orzu Medical - Паркентский филиал",medicine,private,,,+998781132038,,,,41.3118,69.5605,,,,,,,,,,,,,clinics.uz,,1,single,C,,auto_unverified,point,,"2026-07-19 00:15:46"
SEED001539,"Sinomed MD International Hospital",medicine,private,,,+998787770303,,,,41.3432,69.2584,,,,,,,,,,,,,clinics.uz,,1,single,C,,auto_unverified,point,,"2026-07-19 00:15:46"
SEED001540,Viamed,medicine,private,,,+998787770303,,,,41.2845,69.3414,,,,,,,,,,,,,clinics.uz,,1,single,C,,auto_unverified,point,,"2026-07-19 00:15:46"
SEED001541,"Viva med",medicine,private,,,+998787770303,,,,41.2393,69.2109,,,,,,,,,,,,,clinics.uz,,1,single,C,,auto_unverified,point,,"2026-07-19 00:15:46"
SEED001542,"Здоровые дети - Паркентский филиал",medicine,private,,,+998781132743,,,,41.3159,69.3201,,,,,,,,,,,,,clinics.uz,,1,single,C,,auto_unverified,point,,"2026-07-19 00:15:46"
SEED001543,"Здоровые дети - Янгихаётский филиал",medicine,private,,,+998781132743,,,,41.2141,69.2123,,,,,,,,,,,,,clinics.uz,,1,single,C,,auto_unverified,point,,"2026-07-19 00:15:46"
SEED001544,"Клиника Доктора Максудовой филиал",medicine,private,,,+998787770303,,,,41.3194,69.2921,,,,,,,,,,,,,clinics.uz,,1,single,C,,auto_unverified,point,,"2026-07-19 00:15:46"
SEED001545,"РСНПМЦ фтизиатрии и пульмонологии",medicine,private,,,+998993537696,,,,41.303,69.1975,,,,,,,,,,,,,clinics.uz,,1,single,C,,auto_unverified,point,,"2026-07-19 00:15:46"
SEED001546,Abclinic,medicine,private,,,+998951228855,,,,41.2883,69.2721,,,,,,,,,,,,,clinics.uz,,1,single,C,,auto_unverified,point,,"2026-07-19 00:15:46"
SEED001547,"Abdullaev Medical (Урикзор)",medicine,private,,,+998933825403,,,,41.2741,69.146,,,,,,,,,,,,,clinics.uz,,1,single,C,,auto_unverified,point,,"2026-07-19 00:15:46"
SEED001548,"About Child",medicine,private,,,,,,,41.3898,69.2725,,,,,,,,,,,,,clinics.uz,,1,single,C,,auto_unverified,point,,"2026-07-19 00:15:46"
SEED001549,"Afzalbek Stom + LOR",medicine,private,,,+998903723456,,,,41.2228,69.2105,,,,,,,,,,,,,clinics.uz,,1,single,C,,auto_unverified,point,,"2026-07-19 00:15:46"
SEED001550,"Aider med",medicine,private,,,,,,,41.2327,69.2081,,,,,,,,,,,,,clinics.uz,,1,single,C,,auto_unverified,point,,"2026-07-19 00:15:46"
SEED001551,"Akmal med service",medicine,private,,,+998998160088,,,,41.2677,69.2146,,,,,,,,,,,,,clinics.uz,,1,single,C,,auto_unverified,point,,"2026-07-19 00:15:46"
SEED001552,"Alisher shifo med tashmi",medicine,private,,,+998712007272,,,,41.3568,69.1766,,,,,,,,,,,,,clinics.uz,,1,single,C,,auto_unverified,point,,"2026-07-19 00:15:46"
SEED001553,"Alliance lab med",medicine,private,,,+998333347711,,,,41.3578,69.2167,,,,,,,,,,,,,clinics.uz,,1,single,C,,auto_unverified,point,,"2026-07-19 00:15:46"
SEED001554,"Allo doctor",medicine,private,,,,,,,41.3045,69.2701,,,,,,,,,,,,,clinics.uz,,1,single,C,,auto_unverified,point,,"2026-07-19 00:15:46"
SEED001555,Altomedservis,medicine,private,,,+998712789004,,,,41.2842,69.2097,,,,,,,,,,,,,clinics.uz,,1,single,C,,auto_unverified,point,,"2026-07-19 00:15:46"
SEED001556,"American Hospital & Fleboss",medicine,private,,,+998951220303,,,,41.3055,69.3298,,,,,,,,,,,,,clinics.uz,,1,single,C,,auto_unverified,point,,"2026-07-19 00:15:46"
SEED001557,"Anfa Clinic",medicine,private,,,,,,,41.3607,69.2834,,,,,,,,,,,,,clinics.uz,,1,single,C,,auto_unverified,point,,"2026-07-19 00:15:46"
SEED001558,"ANRO ULTRASOUND",medicine,private,,,+998337333330,,,,41.3136,69.331,,,,,,,,,,,,,clinics.uz,,1,single,C,,auto_unverified,point,,"2026-07-19 00:15:46"
SEED001559,"APICIS Med",medicine,private,,,+998712712920,,,,41.2936,69.226,,,,,,,,,,,,,clinics.uz,,1,single,C,,auto_unverified,point,,"2026-07-19 00:15:46"
SEED001560,"Apolloniya Medical",medicine,private,,,+998712556105,,,,41.2818,69.2601,,,,,,,,,,,,,clinics.uz,,1,single,C,,auto_unverified,point,,"2026-07-19 00:15:46"
SEED001561,Ar-Gent,medicine,private,,,+998951968641,,,,41.252,69.3234,,,,,,,,,,,,,clinics.uz,,1,single,C,,auto_unverified,point,,"2026-07-19 00:15:46"
SEED001562,"Aram clinic",medicine,private,,,+998951447788,,,,41.2968,69.2048,,,,,,,,,,,,,clinics.uz,,1,single,C,,auto_unverified,point,,"2026-07-19 00:15:46"
SEED001563,"Ark Hospital 24/7",medicine,private,,,,,,,41.3413,69.2129,,,,,,,,,,,,,clinics.uz,,1,single,C,,auto_unverified,point,,"2026-07-19 00:15:46"
SEED001564,"Art Derma",medicine,private,,,+998946667580,,,,41.3168,69.2291,,,,,,,,,,,,,clinics.uz,,1,single,C,,auto_unverified,point,,"2026-07-19 00:15:46"
SEED001565,As-Medline,medicine,private,,,,,,,41.3489,69.2404,,,,,,,,,,,,,clinics.uz,,1,single,C,,auto_unverified,point,,"2026-07-19 00:15:46"
SEED001566,"Asab Shifo Nur",medicine,private,,,+998935644527,,,,41.3362,69.1779,,,,,,,,,,,,,clinics.uz,,1,single,C,,auto_unverified,point,,"2026-07-19 00:15:46"
SEED001567,"ASAD Kardiologiya Nevrologiya",medicine,private,,,+998712311903,,,,41.374,69.2611,,,,,,,,,,,,,clinics.uz,,1,single,C,,auto_unverified,point,,"2026-07-19 00:15:46"
SEED001568,"Ash shifo med",medicine,private,,,+998878111103,,,,41.3689,69.3117,,,,,,,,,,,,,clinics.uz,,1,single,C,,auto_unverified,point,,"2026-07-19 00:15:46"
SEED001569,"Ashurov Clinic",medicine,private,,,+998951999419,,,,41.3162,69.164,,,,,,,,,,,,,clinics.uz,,1,single,C,,auto_unverified,point,,"2026-07-19 00:15:46"
SEED001570,Asr-Farm,medicine,private,,,+998997740200,,,,41.3729,69.2939,,,,,,,,,,,,,clinics.uz,,1,single,C,,auto_unverified,point,,"2026-07-19 00:15:46"
SEED001571,"Assa Hospital",medicine,private,,,+998956508080,,,,41.2353,69.1651,,,,,,,,,,,,,clinics.uz,,1,single,C,,auto_unverified,point,,"2026-07-19 00:15:46"
SEED001572,"Assihat Medical Clinic",medicine,private,,,+998712090083,,,,41.2892,69.3467,,,,,,,,,,,,,clinics.uz,,1,single,C,,auto_unverified,point,,"2026-07-19 00:15:46"
SEED001573,"Assuta Medical Clinic",medicine,private,,,+998996620606,,,,41.365,69.1798,,,,,,,,,,,,,clinics.uz,,1,single,C,,auto_unverified,point,,"2026-07-19 00:15:46"
SEED001574,"Atlant Med Service",medicine,private,,,,,,,41.3227,69.326,,,,,,,,,,,,,clinics.uz,,1,single,C,,auto_unverified,point,,"2026-07-19 00:15:46"
SEED001575,"Auris - Центр слуха",medicine,private,,,+998994281016,,,,41.3488,69.3494,,,,,,,,,,,,,clinics.uz,,1,single,C,,auto_unverified,point,,"2026-07-19 00:15:46"
SEED001576,"Aurum Clinik",medicine,private,,,+998977580056,,,,41.2834,69.2643,,,,,,,,,,,,,clinics.uz,,1,single,C,,auto_unverified,point,,"2026-07-19 00:15:46"
SEED001577,"Aurum med",medicine,private,,,+998937387577,,,,41.2952,69.342,,,,,,,,,,,,,clinics.uz,,1,single,C,,auto_unverified,point,,"2026-07-19 00:15:46"
SEED001578,"AYA - Семейная клиника",medicine,private,,,+998555155522,,,,41.3037,69.2589,,,,,,,,,,,,,clinics.uz,,1,single,C,,auto_unverified,point,,"2026-07-19 00:15:46"
SEED001579,"Baby Born Центр ЭКО",medicine,private,,,,,,,41.3972,69.2565,,,,,,,,,,,,,clinics.uz,,1,single,C,,auto_unverified,point,,"2026-07-19 00:15:46"
SEED001580,"Baby boss clinic",medicine,private,,,+998900655535,,,,41.2264,69.2178,,,,,,,,,,,,,clinics.uz,,1,single,C,,auto_unverified,point,,"2026-07-19 00:15:46"
SEED001581,"Baby Fly Clinic",medicine,private,,,+998330402220,,,,41.3569,69.3372,,,,,,,,,,,,,clinics.uz,,1,single,C,,auto_unverified,point,,"2026-07-19 00:15:46"
SEED001582,"Baby Iftixor",medicine,private,,,+998909961792,,,,41.214,69.2088,,,,,,,,,,,,,clinics.uz,,1,single,C,,auto_unverified,point,,"2026-07-19 00:15:46"
SEED001583,"Baby Orto Med",medicine,private,,,,,,,41.2593,69.1544,,,,,,,,,,,,,clinics.uz,,1,single,C,,auto_unverified,point,,"2026-07-19 00:15:46"
SEED001584,"Baxodir Shifo Diagnostika",medicine,private,,,,,,,41.2888,69.3482,,,,,,,,,,,,,clinics.uz,,1,single,C,,auto_unverified,point,,"2026-07-19 00:15:46"
SEED001585,"Baxt Denta Service",medicine,private,,,,,,,41.3145,69.5203,,,,,,,,,,,,,clinics.uz,,1,single,C,,auto_unverified,point,,"2026-07-19 00:15:46"
SEED001586,"Beautiful Smile",medicine,private,,,+998712771649,,,,41.2719,69.2125,,,,,,,,,,,,,clinics.uz,,1,single,C,,auto_unverified,point,,"2026-07-19 00:15:46"
SEED001587,"Best Med",medicine,private,,,+998997737000,,,,41.2461,69.3098,,,,,,,,,,,,,clinics.uz,,1,single,C,,auto_unverified,point,,"2026-07-19 00:15:46"
SEED001588,"Biomed Medical Service Group",medicine,private,,,+998555034488,,,,41.3551,69.3888,,,,,,,,,,,,,clinics.uz,,1,single,C,,auto_unverified,point,,"2026-07-19 00:15:46"
SEED001589,"Biorise Клиника биохакинга",medicine,private,,,+998781138311,,,,41.3286,69.3437,,,,,,,,,,,,,clinics.uz,,1,single,C,,auto_unverified,point,,"2026-07-19 00:15:46"
SEED001590,"BMP clinics",medicine,private,,,,,,,41.3656,69.3147,,,,,,,,,,,,,clinics.uz,,1,single,C,,auto_unverified,point,,"2026-07-19 00:15:46"
SEED001591,"Bobur Stom",medicine,private,,,+998712562725,,,,41.3054,69.2682,,,,,,,,,,,,,clinics.uz,,1,single,C,,auto_unverified,point,,"2026-07-19 00:15:46"
SEED001592,"Bolajon med",medicine,private,,,+998951708789,,,,41.3125,69.1599,,,,,,,,,,,,,clinics.uz,,1,single,C,,auto_unverified,point,,"2026-07-19 00:15:46"
SEED001593,"Bravo Medical Laboratory",medicine,private,,,+998951964455,,,,41.3574,69.3829,,,,,,,,,,,,,clinics.uz,,1,single,C,,auto_unverified,point,,"2026-07-19 00:15:46"
SEED001594,"Bravo Pharma",medicine,private,,,,,,,41.3015,69.2689,,,,,,,,,,,,,clinics.uz,,1,single,C,,auto_unverified,point,,"2026-07-19 00:15:46"
SEED001595,Bu-Dur,medicine,private,,,+998951963559,,,,41.2483,69.3013,,,,,,,,,,,,,clinics.uz,,1,single,C,,auto_unverified,point,,"2026-07-19 00:15:46"
SEED001596,CardioLife,medicine,private,,,+998909047565,,,,41.3524,69.3865,,,,,,,,,,,,,clinics.uz,,1,single,C,,auto_unverified,point,,"2026-07-19 00:15:46"
SEED001597,"Case Nova",medicine,private,,,,,,,41.3348,69.3514,,,,,,,,,,,,,clinics.uz,,1,single,C,,auto_unverified,point,,"2026-07-19 00:15:46"
SEED001598,Castlmed,medicine,private,,,,,,,41.2672,69.2329,,,,,,,,,,,,,clinics.uz,,1,single,C,,auto_unverified,point,,"2026-07-19 00:15:46"
SEED001599,Cattleya,medicine,private,,,+998712334225,,,,41.3153,69.2906,,,,,,,,,,,,,clinics.uz,,1,single,C,,auto_unverified,point,,"2026-07-19 00:15:46"
SEED001600,"Central Kardio Servis",medicine,private,,,+998712812387,,,,41.266,69.2185,,,,,,,,,,,,,clinics.uz,,1,single,C,,auto_unverified,point,,"2026-07-19 00:15:46"
SEED001601,"Central med",medicine,private,,,,,,,41.3306,69.2768,,,,,,,,,,,,,clinics.uz,,1,single,C,,auto_unverified,point,,"2026-07-19 00:15:46"
SEED001602,Centromed,medicine,private,,,+998772767770,,,,41.3666,69.3165,,,,,,,,,,,,,clinics.uz,,1,single,C,,auto_unverified,point,,"2026-07-19 00:15:46"
SEED001603,ChilDent,medicine,private,,,+998712305587,,,,41.2779,69.2417,,,,,,,,,,,,,clinics.uz,,1,single,C,,auto_unverified,point,,"2026-07-19 00:15:46"
SEED001604,"Chilonzor Med Center",medicine,private,,,+998951977774,,,,41.2696,69.2008,,,,,,,,,,,,,clinics.uz,,1,single,C,,auto_unverified,point,,"2026-07-19 00:15:46"
SEED001605,"Chilonzor Tibbiy Ko'rik",medicine,private,,,+998712793594,,,,41.2704,69.2064,,,,,,,,,,,,,clinics.uz,,1,single,C,,auto_unverified,point,,"2026-07-19 00:15:46"
SEED001606,"Chinor Medical Center",medicine,private,,,+998955000559,,,,41.3164,69.3117,,,,,,,,,,,,,clinics.uz,,1,single,C,,auto_unverified,point,,"2026-07-19 00:15:46"
SEED001607,Chiroy,medicine,private,,,+998781400240,,,,41.2763,69.1894,,,,,,,,,,,,,clinics.uz,,1,single,C,,auto_unverified,point,,"2026-07-19 00:15:46"
SEED001608,"Chudo Logo",medicine,private,,,+998917745155,,,,41.2877,69.1834,,,,,,,,,,,,,clinics.uz,,1,single,C,,auto_unverified,point,,"2026-07-19 00:15:46"
SEED001609,"City Doctor",medicine,private,,,+998951440808,,,,41.2234,69.2009,,,,,,,,,,,,,clinics.uz,,1,single,C,,auto_unverified,point,,"2026-07-19 00:15:46"
SEED001610,ClinicPro,medicine,private,,,,,,,41.3193,69.3194,,,,,,,,,,,,,clinics.uz,,1,single,C,,auto_unverified,point,,"2026-07-19 00:15:46"
SEED001611,"CM Clinic",medicine,private,,,,,,,41.3675,69.3126,,,,,,,,,,,,,clinics.uz,,1,single,C,,auto_unverified,point,,"2026-07-19 00:15:46"
SEED001612,"Compass medical",medicine,private,,,+998337516862,,,,41.3376,69.2858,,,,,,,,,,,,,clinics.uz,,1,single,C,,auto_unverified,point,,"2026-07-19 00:15:46"
SEED001613,"Complex Med Clinic",medicine,private,,,+998954341010,,,,41.2905,69.1932,,,,,,,,,,,,,clinics.uz,,1,single,C,,auto_unverified,point,,"2026-07-19 00:15:46"
SEED001614,"Cross Medical Center",medicine,private,,,,,,,41.2777,69.288,,,,,,,,,,,,,clinics.uz,,1,single,C,,auto_unverified,point,,"2026-07-19 00:15:46"
SEED001615,"Crystal med service",medicine,private,,,+998909461206,,,,41.3436,69.2098,,,,,,,,,,,,,clinics.uz,,1,single,C,,auto_unverified,point,,"2026-07-19 00:15:46"
SEED001616,"Darmon Diagnostika Servis",medicine,private,,,+998712174700,,,,41.2858,69.1846,,,,,,,,,,,,,clinics.uz,,1,single,C,,auto_unverified,point,,"2026-07-19 00:15:46"
SEED001617,"Darmon Nuri",medicine,private,,,+998991113596,,,,41.3402,69.2311,,,,,,,,,,,,,clinics.uz,,1,single,C,,auto_unverified,point,,"2026-07-19 00:15:46"
SEED001618,"Davo klinika",medicine,private,,,+998946178125,,,,41.2212,69.2065,,,,,,,,,,,,,clinics.uz,,1,single,C,,auto_unverified,point,,"2026-07-19 00:15:46"
SEED001619,"Davr Med Servis",medicine,private,,,+998903163397,,,,41.2784,69.2176,,,,,,,,,,,,,clinics.uz,,1,single,C,,auto_unverified,point,,"2026-07-19 00:15:46"
SEED001620,"DDS Medical Center",medicine,private,,,+998900990003,,,,41.2101,69.1516,,,,,,,,,,,,,clinics.uz,,1,single,C,,auto_unverified,point,,"2026-07-19 00:15:46"
SEED001621,"De Factum Kids",medicine,private,,,+998555082020,,,,41.2925,69.2747,,,,,,,,,,,,,clinics.uz,,1,single,C,,auto_unverified,point,,"2026-07-19 00:15:46"
SEED001622,Denta,medicine,private,,,+998900240420,,,,41.3269,69.2826,,,,,,,,,,,,,clinics.uz,,1,single,C,,auto_unverified,point,,"2026-07-19 00:15:46"
SEED001623,"Denta - стоматологическая клиника",medicine,private,,,+998712423676,,,,41.3251,69.2306,,,,,,,,,,,,,clinics.uz,,1,single,C,,auto_unverified,point,,"2026-07-19 00:15:46"
SEED001624,Denta-Lor,medicine,private,,,+998906103103,,,,41.2966,69.3621,,,,,,,,,,,,,clinics.uz,,1,single,C,,auto_unverified,point,,"2026-07-19 00:15:46"
SEED001625,Denta-Servis-Fiziomed,medicine,private,,,+998712452356,,,,41.2968,69.2375,,,,,,,,,,,,,clinics.uz,,1,single,C,,auto_unverified,point,,"2026-07-19 00:15:46"
SEED001626,"Deti Med",medicine,private,,,+998951451550,,,,41.3552,69.3625,,,,,,,,,,,,,clinics.uz,,1,single,C,,auto_unverified,point,,"2026-07-19 00:15:46"
SEED001627,"Dialab Medical Service",medicine,private,,,,,,,41.3537,69.2166,,,,,,,,,,,,,clinics.uz,,1,single,C,,auto_unverified,point,,"2026-07-19 00:15:46"
SEED001628,Diason,medicine,private,,,+998555161818,,,,41.3396,69.3585,,,,,,,,,,,,,clinics.uz,,1,single,C,,auto_unverified,point,,"2026-07-19 00:15:46"
SEED001629,"DIGNUS LOR klinika",medicine,private,,,,,,,41.3193,69.3184,,,,,,,,,,,,,clinics.uz,,1,single,C,,auto_unverified,point,,"2026-07-19 00:15:46"
SEED001630,"Dilfuza star med",medicine,private,,,+998998270378,,,,41.2212,69.3346,,,,,,,,,,,,,clinics.uz,,1,single,C,,auto_unverified,point,,"2026-07-19 00:15:46"
SEED001631,"Diyora Medical Centre",medicine,private,,,+998994302456,,,,41.2276,69.1963,,,,,,,,,,,,,clinics.uz,,1,single,C,,auto_unverified,point,,"2026-07-19 00:15:46"
SEED001632,"DMD Family Hospital",medicine,private,,,+998771153000,,,,41.273,69.185,,,,,,,,,,,,,clinics.uz,,1,single,C,,auto_unverified,point,,"2026-07-19 00:15:46"
SEED001633,"DobroMed Clinic",medicine,private,,,+998917739009,,,,41.373,69.2759,,,,,,,,,,,,,clinics.uz,,1,single,C,,auto_unverified,point,,"2026-07-19 00:15:46"
SEED001634,"Doctor Ahmadjon Neuro Clinic",medicine,private,,,+998901626066,,,,41.3211,69.3163,,,,,,,,,,,,,clinics.uz,,1,single,C,,auto_unverified,point,,"2026-07-19 00:15:46"
SEED001635,"Doctor Ashurov",medicine,private,,,+998951669999,,,,41.3611,69.4079,,,,,,,,,,,,,clinics.uz,,1,single,C,,auto_unverified,point,,"2026-07-19 00:15:46"
SEED001636,"Doctor D",medicine,private,,,,,,,41.3393,69.2566,,,,,,,,,,,,,clinics.uz,,1,single,C,,auto_unverified,point,,"2026-07-19 00:15:46"
SEED001637,"DOCTOR FARRUH",medicine,private,,,,,,,41.4355,69.2017,,,,,,,,,,,,,clinics.uz,,1,single,C,,auto_unverified,point,,"2026-07-19 00:15:46"
SEED001638,"Doctor Gulnoza",medicine,private,,,+998935076464,,,,41.3231,69.2196,,,,,,,,,,,,,clinics.uz,,1,single,C,,auto_unverified,point,,"2026-07-19 00:15:46"
SEED001639,"Doctor Hamida",medicine,private,,,+998903269150,,,,41.3587,69.2972,,,,,,,,,,,,,clinics.uz,,1,single,C,,auto_unverified,point,,"2026-07-19 00:15:46"
SEED001640,"Doctor K medikal center",medicine,private,,,+998559030303,,,,41.386,69.4562,,,,,,,,,,,,,clinics.uz,,1,single,C,,auto_unverified,point,,"2026-07-19 00:15:46"
SEED001641,"Doctor Sattorov",medicine,private,,,+998951954221,,,,41.3443,69.2944,,,,,,,,,,,,,clinics.uz,,1,single,C,,auto_unverified,point,,"2026-07-19 00:15:46"
SEED001642,"Doctor Vays",medicine,private,,,+998950606137,,,,41.322,69.3213,,,,,,,,,,,,,clinics.uz,,1,single,C,,auto_unverified,point,,"2026-07-19 00:15:46"
SEED001643,Doctor-Z,medicine,private,,,+998712253901,,,,41.3744,69.2777,,,,,,,,,,,,,clinics.uz,,1,single,C,,auto_unverified,point,,"2026-07-19 00:15:46"
SEED001644,"Doktor A-med",medicine,private,,,,,,,41.2764,69.2156,,,,,,,,,,,,,clinics.uz,,1,single,C,,auto_unverified,point,,"2026-07-19 00:15:46"
SEED001645,"Doktor Allergolog",medicine,private,,,+998712772758,,,,41.274,69.2137,,,,,,,,,,,,,clinics.uz,,1,single,C,,auto_unverified,point,,"2026-07-19 00:15:46"
SEED001646,"Doktor Aybolit",medicine,private,,,+998912267868,,,,41.2925,69.1782,,,,,,,,,,,,,clinics.uz,,1,single,C,,auto_unverified,point,,"2026-07-19 00:15:46"
SEED001647,"Doktor M",medicine,private,,,,,,,41.3602,69.2803,,,,,,,,,,,,,clinics.uz,,1,single,C,,auto_unverified,point,,"2026-07-19 00:15:46"
SEED001648,"Doktor Profi",medicine,private,,,+998781202020,,,,41.2911,69.2204,,,,,,,,,,,,,clinics.uz,,1,single,C,,auto_unverified,point,,"2026-07-19 00:15:46"
SEED001649,"Doktor Shahnoza Fayz",medicine,private,,,+998712155885,,,,41.2979,69.259,,,,,,,,,,,,,clinics.uz,,1,single,C,,auto_unverified,point,,"2026-07-19 00:15:46"
SEED001650,"Doktor Vohid",medicine,private,,,,,,,41.3225,69.2186,,,,,,,,,,,,,clinics.uz,,1,single,C,,auto_unverified,point,,"2026-07-19 00:15:46"
SEED001651,"Doktor Yakubov стоматологическая клиника",medicine,private,,,+998332958020,,,,41.2409,69.3341,,,,,,,,,,,,,clinics.uz,,1,single,C,,auto_unverified,point,,"2026-07-19 00:15:46"
SEED001652,"Dr Avis Hospital",medicine,private,,,+998772537799,,,,41.3592,69.3392,,,,,,,,,,,,,clinics.uz,,1,single,C,,auto_unverified,point,,"2026-07-19 00:15:46"
SEED001653,"Dr Shoira Medical",medicine,private,,,+998555014100,,,,41.305,69.1582,,,,,,,,,,,,,clinics.uz,,1,single,C,,auto_unverified,point,,"2026-07-19 00:15:46"
SEED001654,"Dr. Alisher's Clinic",medicine,private,,,,,,,41.3593,69.2755,,,,,,,,,,,,,clinics.uz,,1,single,C,,auto_unverified,point,,"2026-07-19 00:15:46"
SEED001655,"Dr. Safarova Clinic",medicine,private,,,+998942458811,,,,41.2732,69.2268,,,,,,,,,,,,,clinics.uz,,1,single,C,,auto_unverified,point,,"2026-07-19 00:15:46"
SEED001656,"Dr. Sardor Medical",medicine,private,,,+998881002224,,,,41.3458,69.2417,,,,,,,,,,,,,clinics.uz,,1,single,C,,auto_unverified,point,,"2026-07-19 00:15:46"
SEED001657,"Dr. Xonnazarov",medicine,private,,,+998934621050,,,,41.2844,69.3514,,,,,,,,,,,,,clinics.uz,,1,single,C,,auto_unverified,point,,"2026-07-19 00:15:46"
SEED001658,"Dr.Juraev LOR klinika 24/7",medicine,private,,,+998951950005,,,,41.2977,69.3417,,,,,,,,,,,,,clinics.uz,,1,single,C,,auto_unverified,point,,"2026-07-19 00:15:46"
SEED001659,Dr.Skin,medicine,private,,,+998712560256,,,,41.2987,69.2699,,,,,,,,,,,,,clinics.uz,,1,single,C,,auto_unverified,point,,"2026-07-19 00:15:46"
SEED001660,"Dunyo ko'z klinikasi",medicine,private,,,+998882400040,,,,41.3331,69.2498,,,,,,,,,,,,,clinics.uz,,1,single,C,,auto_unverified,point,,"2026-07-19 00:15:46"
SEED001661,"Dynasty dental clinic",medicine,private,,,+998781220202,,,,41.3166,69.3038,,,,,,,,,,,,,clinics.uz,,1,single,C,,auto_unverified,point,,"2026-07-19 00:15:46"
SEED001662,Ekstramed,medicine,private,,,+998712491508,,,,41.328,69.2244,,,,,,,,,,,,,clinics.uz,,1,single,C,,auto_unverified,point,,"2026-07-19 00:15:46"
SEED001663,Eliksir,medicine,private,,,+998712530435,,,,41.2715,69.2289,,,,,,,,,,,,,clinics.uz,,1,single,C,,auto_unverified,point,,"2026-07-19 00:15:46"
SEED001664,"Elite clinic",medicine,private,,,+998951690303,,,,41.2733,69.2619,,,,,,,,,,,,,clinics.uz,,1,single,C,,auto_unverified,point,,"2026-07-19 00:15:46"
SEED001665,Erkatoymed,medicine,private,,,+998773152020,,,,41.281,69.1999,,,,,,,,,,,,,clinics.uz,,1,single,C,,auto_unverified,point,,"2026-07-19 00:15:46"
SEED001666,"Estimed prime",medicine,private,,,+998785557575,,,,41.2868,69.2296,,,,,,,,,,,,,clinics.uz,,1,single,C,,auto_unverified,point,,"2026-07-19 00:15:46"
SEED001667,Evomed,medicine,private,,,+998555003200,,,,41.3654,69.289,,,,,,,,,,,,,clinics.uz,,1,single,C,,auto_unverified,point,,"2026-07-19 00:15:46"
SEED001668,"Exclusive Lor-Gin",medicine,private,,,+998712961544,,,,41.2984,69.3458,,,,,,,,,,,,,clinics.uz,,1,single,C,,auto_unverified,point,,"2026-07-19 00:15:46"
SEED001669,"Expert Aesthetics Clinic",medicine,private,,,+998712334974,,,,41.298,69.2889,,,,,,,,,,,,,clinics.uz,,1,single,C,,auto_unverified,point,,"2026-07-19 00:15:46"
SEED001670,"Expert Medical Clinic",medicine,private,,,+998712491590,,,,41.335,69.2138,,,,,,,,,,,,,clinics.uz,,1,single,C,,auto_unverified,point,,"2026-07-19 00:15:46"
SEED001671,"Expert Medical Clinic - Pro Surgery",medicine,private,,,+998555145555,,,,41.3436,69.2647,,,,,,,,,,,,,clinics.uz,,1,single,C,,auto_unverified,point,,"2026-07-19 00:15:46"
SEED001672,"Family clinic",medicine,private,,,+998951980030,,,,41.2964,69.2804,,,,,,,,,,,,,clinics.uz,,1,single,C,,auto_unverified,point,,"2026-07-19 00:15:46"
SEED001673,"Family Doctors M",medicine,private,,,+998941121412,,,,41.3666,69.2708,,,,,,,,,,,,,clinics.uz,,1,single,C,,auto_unverified,point,,"2026-07-19 00:15:46"
SEED001674,"Family Medical House",medicine,private,,,+998712493330,,,,41.3407,69.2148,,,,,,,,,,,,,clinics.uz,,1,single,C,,auto_unverified,point,,"2026-07-19 00:15:46"
SEED001675,"Family Sebzor Med",medicine,private,,,+998974110980,,,,41.3403,69.252,,,,,,,,,,,,,clinics.uz,,1,single,C,,auto_unverified,point,,"2026-07-19 00:15:46"
SEED001676,"Faya Clinic",medicine,private,,,+998771032255,,,,41.3515,69.3842,,,,,,,,,,,,,clinics.uz,,1,single,C,,auto_unverified,point,,"2026-07-19 00:15:46"
SEED001677,"Fayz Medical House",medicine,private,,,,,,,41.3784,69.2699,,,,,,,,,,,,,clinics.uz,,1,single,C,,auto_unverified,point,,"2026-07-19 00:15:46"
SEED001678,"Fayz Nova Medical",medicine,private,,,+998998964344,,,,41.2831,69.3461,,,,,,,,,,,,,clinics.uz,,1,single,C,,auto_unverified,point,,"2026-07-19 00:15:46"
SEED001679,"Fedorovich Klinikasi",medicine,private,,,,,,,41.3005,69.2823,,,,,,,,,,,,,clinics.uz,,1,single,C,,auto_unverified,point,,"2026-07-19 00:15:46"
SEED001680,"Femina Medical",medicine,private,,,+998933878833,,,,41.363,69.1843,,,,,,,,,,,,,clinics.uz,,1,single,C,,auto_unverified,point,,"2026-07-19 00:15:46"
SEED001681,Fidoiy,medicine,private,,,+998712642362,,,,41.3512,69.3712,,,,,,,,,,,,,clinics.uz,,1,single,C,,auto_unverified,point,,"2026-07-19 00:15:46"
SEED001682,Fiziomed,medicine,private,,,+998901854660,,,,41.2974,69.2365,,,,,,,,,,,,,clinics.uz,,1,single,C,,auto_unverified,point,,"2026-07-19 00:15:46"
SEED001683,"Frank Medic +",medicine,private,,,+998901787011,,,,41.2722,69.2634,,,,,,,,,,,,,clinics.uz,,1,single,C,,auto_unverified,point,,"2026-07-19 00:15:46"
SEED001684,"Friendly Kids",medicine,private,,,+998903214441,,,,41.3344,69.2016,,,,,,,,,,,,,clinics.uz,,1,single,C,,auto_unverified,point,,"2026-07-19 00:15:46"
SEED001685,"FriendMed Clinic",medicine,private,,,+998700515800,,,,41.3512,69.2457,,,,,,,,,,,,,clinics.uz,,1,single,C,,auto_unverified,point,,"2026-07-19 00:15:46"
SEED001686,"FX Real Medical",medicine,private,,,+998977081516,,,,41.3972,69.2025,,,,,,,,,,,,,clinics.uz,,1,single,C,,auto_unverified,point,,"2026-07-19 00:15:46"
SEED001687,"G'ulomjon Neyro Servis",medicine,private,,,+998911663600,,,,41.2916,69.3325,,,,,,,,,,,,,clinics.uz,,1,single,C,,auto_unverified,point,,"2026-07-19 00:15:46"
SEED001688,"G'ulomjon Neyro Servis Бектемирский филиал",medicine,private,,,,,,,41.2546,69.3742,,,,,,,,,,,,,clinics.uz,,1,single,C,,auto_unverified,point,,"2026-07-19 00:15:46"
SEED001689,"Gano Irt Medicus",medicine,private,,,,,,,41.332,69.2188,,,,,,,,,,,,,clinics.uz,,1,single,C,,auto_unverified,point,,"2026-07-19 00:15:46"
SEED001690,"Garmonia medical",medicine,private,,,+998971052021,,,,41.3049,69.3223,,,,,,,,,,,,,clinics.uz,,1,single,C,,auto_unverified,point,,"2026-07-19 00:15:46"
SEED001691,"Gatling Med Учтепа филиал",medicine,private,,,,,,,41.2891,69.1884,,,,,,,,,,,,,clinics.uz,,1,single,C,,auto_unverified,point,,"2026-07-19 00:15:46"
SEED001692,Genesis,medicine,private,,,,,,,41.3101,69.2903,,,,,,,,,,,,,clinics.uz,,1,single,C,,auto_unverified,point,,"2026-07-19 00:15:46"
SEED001693,"Genesis Clinic",medicine,private,,,+998938995999,,,,41.2766,69.2552,,,,,,,,,,,,,clinics.uz,,1,single,C,,auto_unverified,point,,"2026-07-19 00:15:46"
SEED001694,"Global Med System",medicine,private,,,+998712894303,,,,41.3094,69.3105,,,,,,,,,,,,,clinics.uz,,1,single,C,,auto_unverified,point,,"2026-07-19 00:15:46"
SEED001695,"Glorismed Clinic",medicine,private,,,+998900204664,,,,41.2892,69.3479,,,,,,,,,,,,,clinics.uz,,1,single,C,,auto_unverified,point,,"2026-07-19 00:15:46"
SEED001696,"Glow Clinic",medicine,private,,,+998936446000,,,,41.3035,69.3135,,,,,,,,,,,,,clinics.uz,,1,single,C,,auto_unverified,point,,"2026-07-19 00:15:46"
SEED001697,"GMG Medical Centre",medicine,private,,,+998712330999,,,,41.3099,69.2896,,,,,,,,,,,,,clinics.uz,,1,single,C,,auto_unverified,point,,"2026-07-19 00:15:46"
SEED001698,"Gogo logo",medicine,private,,,+998775225151,,,,41.2368,69.342,,,,,,,,,,,,,clinics.uz,,1,single,C,,auto_unverified,point,,"2026-07-19 00:15:46"
SEED001699,"Golden Baby",medicine,private,,,+998900175936,,,,41.3257,69.1942,,,,,,,,,,,,,clinics.uz,,1,single,C,,auto_unverified,point,,"2026-07-19 00:15:46"
SEED001700,Gomeopatiya,medicine,private,,,+998946608343,,,,41.2905,69.1905,,,,,,,,,,,,,clinics.uz,,1,single,C,,auto_unverified,point,,"2026-07-19 00:15:46"
SEED001701,"Good Doctor Service",medicine,private,,,+998951983939,,,,41.2949,69.3603,,,,,,,,,,,,,clinics.uz,,1,single,C,,auto_unverified,point,,"2026-07-19 00:15:46"
SEED001702,"GRAND medical clinic",medicine,private,,,+998909389229,,,,41.374,69.2613,,,,,,,,,,,,,clinics.uz,,1,single,C,,auto_unverified,point,,"2026-07-19 00:15:46"
SEED001703,"Green Lukas Clinic",medicine,private,,,+998332060020,,,,41.3349,69.3291,,,,,,,,,,,,,clinics.uz,,1,single,C,,auto_unverified,point,,"2026-07-19 00:15:46"
SEED001704,"GREEN MED STAR",medicine,private,,,+998901874173,,,,41.2119,69.2176,,,,,,,,,,,,,clinics.uz,,1,single,C,,auto_unverified,point,,"2026-07-19 00:15:46"
SEED001705,"Gregory Derm",medicine,private,,,+998901755133,,,,41.256,69.3759,,,,,,,,,,,,,clinics.uz,,1,single,C,,auto_unverified,point,,"2026-07-19 00:15:46"
SEED001706,"GS Medical",medicine,private,,,+998951710505,,,,41.3514,69.3889,,,,,,,,,,,,,clinics.uz,,1,single,C,,auto_unverified,point,,"2026-07-19 00:15:46"
SEED001707,"Gulom Madaminbek",medicine,private,,,+998712225247,,,,41.3754,69.2998,,,,,,,,,,,,,clinics.uz,,1,single,C,,auto_unverified,point,,"2026-07-19 00:15:46"
SEED001708,"Hadicha Medical",medicine,private,,,,,,,41.294,69.3341,,,,,,,,,,,,,clinics.uz,,1,single,C,,auto_unverified,point,,"2026-07-19 00:15:46"
SEED001709,"Hakim Sino",medicine,private,,,+998954764040,,,,41.3514,69.333,,,,,,,,,,,,,clinics.uz,,1,single,C,,auto_unverified,point,,"2026-07-19 00:15:46"
SEED001710,"Happy Life",medicine,private,,,+998712079500,,,,41.3773,69.3137,,,,,,,,,,,,,clinics.uz,,1,single,C,,auto_unverified,point,,"2026-07-19 00:15:46"
SEED001711,"Happy Speech",medicine,private,,,+998993800600,,,,41.3631,69.2973,,,,,,,,,,,,,clinics.uz,,1,single,C,,auto_unverified,point,,"2026-07-19 00:15:46"
SEED001712,"Harmony Aesthetic Clinic",medicine,private,,,+998904341999,,,,41.3196,69.2758,,,,,,,,,,,,,clinics.uz,,1,single,C,,auto_unverified,point,,"2026-07-19 00:15:46"
SEED001713,"Harmony Hospital",medicine,private,,,,,,,41.3481,69.1729,,,,,,,,,,,,,clinics.uz,,1,single,C,,auto_unverified,point,,"2026-07-19 00:15:46"
SEED001714,"HasMed Clinics",medicine,private,,,,,,,41.2002,69.2265,,,,,,,,,,,,,clinics.uz,,1,single,C,,auto_unverified,point,,"2026-07-19 00:15:46"
SEED001715,"Havas Tibbiy Diagnostika",medicine,private,,,+998953243003,,,,41.2207,69.203,,,,,,,,,,,,,clinics.uz,,1,single,C,,auto_unverified,point,,"2026-07-19 00:15:46"
SEED001716,"Health Vita Clinic",medicine,private,,,+998999160890,,,,41.2762,69.3717,,,,,,,,,,,,,clinics.uz,,1,single,C,,auto_unverified,point,,"2026-07-19 00:15:46"
SEED001717,"Healthful Diagnostics",medicine,private,,,,,,,41.3306,69.2473,,,,,,,,,,,,,clinics.uz,,1,single,C,,auto_unverified,point,,"2026-07-19 00:15:46"
SEED001718,"Hello Doctor",medicine,private,,,+998919443333,,,,41.3479,69.1671,,,,,,,,,,,,,clinics.uz,,1,single,C,,auto_unverified,point,,"2026-07-19 00:15:46"
SEED001719,"Hi-tech laboratories",medicine,private,,,+998712950014,,,,41.2496,69.368,,,,,,,,,,,,,clinics.uz,,1,single,C,,auto_unverified,point,,"2026-07-19 00:15:46"
SEED001720,"Hilol med center",medicine,private,,,,,,,41.2631,69.1806,,,,,,,,,,,,,clinics.uz,,1,single,C,,auto_unverified,point,,"2026-07-19 00:15:46"
SEED001721,"Hoffman's Rehabilitaion Clinic",medicine,private,,,+998712543805,,,,41.2811,69.2641,,,,,,,,,,,,,clinics.uz,,1,single,C,,auto_unverified,point,,"2026-07-19 00:15:46"
SEED001722,"Hongkong hospital",medicine,private,,,,,,,41.3735,69.2666,,,,,,,,,,,,,clinics.uz,,1,single,C,,auto_unverified,point,,"2026-07-19 00:15:46"
SEED001723,"HOREV Medical Center",medicine,private,,,+998712000403,,,,41.3081,69.2988,,,,,,,,,,,,,clinics.uz,,1,single,C,,auto_unverified,point,,"2026-07-19 00:15:46"
SEED001724,"House medical",medicine,private,,,+998977609292,,,,41.3354,69.1978,,,,,,,,,,,,,clinics.uz,,1,single,C,,auto_unverified,point,,"2026-07-19 00:15:46"
SEED001725,"Humson Buloq",medicine,private,,,+998977350042,,,,41.2958,69.2694,,,,,,,,,,,,,clinics.uz,,1,single,C,,auto_unverified,point,,"2026-07-19 00:15:46"
SEED001726,"Huvaydo Medline",medicine,private,,,+998981266199,,,,41.3402,69.2007,,,,,,,,,,,,,clinics.uz,,1,single,C,,auto_unverified,point,,"2026-07-19 00:15:46"
SEED001727,"Ibn-sino Medical",medicine,private,,,,,,,41.3421,69.1769,,,,,,,,,,,,,clinics.uz,,1,single,C,,auto_unverified,point,,"2026-07-19 00:15:46"
SEED001728,"ICLINIX Hayat Medical Centre",medicine,private,,,,,,,41.3652,69.3338,,,,,,,,,,,,,clinics.uz,,1,single,C,,auto_unverified,point,,"2026-07-19 00:15:46"
SEED001729,"Id Medical",medicine,private,,,+998954450300,,,,41.2376,69.2745,,,,,,,,,,,,,clinics.uz,,1,single,C,,auto_unverified,point,,"2026-07-19 00:15:46"
SEED001730,"Ideal Med Clinic",medicine,private,,,+998900375666,,,,41.2936,69.1441,,,,,,,,,,,,,clinics.uz,,1,single,C,,auto_unverified,point,,"2026-07-19 00:15:46"
SEED001731,"Ihlos Doktor",medicine,private,,,+998712303095,,,,41.3719,69.3184,,,,,,,,,,,,,clinics.uz,,1,single,C,,auto_unverified,point,,"2026-07-19 00:15:46"
SEED001732,"Imbir Hospital",medicine,private,,,+998950650777,,,,41.2829,69.2422,,,,,,,,,,,,,clinics.uz,,1,single,C,,auto_unverified,point,,"2026-07-19 00:15:46"
SEED001733,"INDOMED (ERA med)",medicine,private,,,+998880050855,,,,41.3048,69.3108,,,,,,,,,,,,,clinics.uz,,1,single,C,,auto_unverified,point,,"2026-07-19 00:15:46"
SEED001734,Infarmmadad,medicine,private,,,+998712447324,,,,41.3258,69.2461,,,,,,,,,,,,,clinics.uz,,1,single,C,,auto_unverified,point,,"2026-07-19 00:15:46"
SEED001735,"Infinity Clinic",medicine,private,,,+998781221242,,,,41.3543,69.3349,,,,,,,,,,,,,clinics.uz,,1,single,C,,auto_unverified,point,,"2026-07-19 00:15:46"
SEED001736,"Inject Medical",medicine,private,,,+998773220303,,,,41.3227,69.2204,,,,,,,,,,,,,clinics.uz,,1,single,C,,auto_unverified,point,,"2026-07-19 00:15:46"
SEED001737,Interclinic,medicine,private,,,+998970040003,,,,41.3718,69.3179,,,,,,,,,,,,,clinics.uz,,1,single,C,,auto_unverified,point,,"2026-07-19 00:15:46"
SEED001738,Intermed,medicine,private,,,+998712789698,,,,41.2967,69.2051,,,,,,,,,,,,,clinics.uz,,1,single,C,,auto_unverified,point,,"2026-07-19 00:15:46"
SEED001739,"INTERMED Innovation",medicine,private,,,,,,,41.3508,69.2909,,,,,,,,,,,,,clinics.uz,,1,single,C,,auto_unverified,point,,"2026-07-19 00:15:46"
SEED001740,"Intermed Neuro",medicine,private,,,+998712524028,,,,41.2905,69.2812,,,,,,,,,,,,,clinics.uz,,1,single,C,,auto_unverified,point,,"2026-07-19 00:15:46"
SEED001741,Invivo,medicine,private,,,+998712302212,,,,41.3492,69.1764,,,,,,,,,,,,,clinics.uz,,1,single,C,,auto_unverified,point,,"2026-07-19 00:15:46"
SEED001742,Irodamed,medicine,private,,,+998951976700,,,,41.3368,69.2551,,,,,,,,,,,,,clinics.uz,,1,single,C,,auto_unverified,point,,"2026-07-19 00:15:46"
SEED001743,"Ismed Lor",medicine,private,,,+998999149937,,,,41.3521,69.2389,,,,,,,,,,,,,clinics.uz,,1,single,C,,auto_unverified,point,,"2026-07-19 00:15:46"
SEED001744,"Izumrud Medical Center",medicine,private,,,+998940033133,,,,41.3254,69.2376,,,,,,,,,,,,,clinics.uz,,1,single,C,,auto_unverified,point,,"2026-07-19 00:15:46"
SEED001745,"Jacksoft MDS",medicine,private,,,+998712756633,,,,41.2945,69.1738,,,,,,,,,,,,,clinics.uz,,1,single,C,,auto_unverified,point,,"2026-07-19 00:15:46"
SEED001746,"Jamoliddin Denta",medicine,private,,,+998712778563,,,,41.2763,69.2155,,,,,,,,,,,,,clinics.uz,,1,single,C,,auto_unverified,point,,"2026-07-19 00:15:46"
SEED001747,Jamshid-Javohir-Med-Servis,medicine,private,,,+998911900424,,,,41.2379,69.2745,,,,,,,,,,,,,clinics.uz,,1,single,C,,auto_unverified,point,,"2026-07-19 00:15:46"
SEED001748,"Jasorat Biznes",medicine,private,,,+998712579131,,,,41.2115,69.233,,,,,,,,,,,,,clinics.uz,,1,single,C,,auto_unverified,point,,"2026-07-19 00:15:46"
SEED001749,Jonier,medicine,private,,,+998712787204,,,,41.2719,69.1884,,,,,,,,,,,,,clinics.uz,,1,single,C,,auto_unverified,point,,"2026-07-19 00:15:46"
SEED001750,"Jonim Bolam - семейная клиника",medicine,private,,,+998903309791,,,,41.2777,69.1741,,,,,,,,,,,,,clinics.uz,,1,single,C,,auto_unverified,point,,"2026-07-19 00:15:46"
SEED001751,Juramed,medicine,private,,,+998903344448,,,,41.3862,69.4567,,,,,,,,,,,,,clinics.uz,,1,single,C,,auto_unverified,point,,"2026-07-19 00:15:46"
SEED001752,"K Mediwell",medicine,private,,,+998787778282,,,,41.3214,69.227,,,,,,,,,,,,,clinics.uz,,1,single,C,,auto_unverified,point,,"2026-07-19 00:15:46"
SEED001753,"Kamilovs' clinic",medicine,private,,,+998880998080,,,,41.3422,69.2037,,,,,,,,,,,,,clinics.uz,,1,single,C,,auto_unverified,point,,"2026-07-19 00:15:46"
SEED001754,"Kamola Diagnostic Medicine",medicine,private,,,+998555111818,,,,41.3839,69.2138,,,,,,,,,,,,,clinics.uz,,1,single,C,,auto_unverified,point,,"2026-07-19 00:15:46"
SEED001755,"Karalin Med Lux",medicine,private,,,+998712689992,,,,41.3284,69.3054,,,,,,,,,,,,,clinics.uz,,1,single,C,,auto_unverified,point,,"2026-07-19 00:15:46"
SEED001756,"Karima tibbiyot markazi",medicine,private,,,+998712461738,,,,41.3503,69.1873,,,,,,,,,,,,,clinics.uz,,1,single,C,,auto_unverified,point,,"2026-07-19 00:15:46"
SEED001757,"Karimov clinic",medicine,private,,,+998946388818,,,,41.3655,69.3147,,,,,,,,,,,,,clinics.uz,,1,single,C,,auto_unverified,point,,"2026-07-19 00:15:46"
SEED001758,Kasmed,medicine,private,,,+998712883131,,,,41.293,69.2211,,,,,,,,,,,,,clinics.uz,,1,single,C,,auto_unverified,point,,"2026-07-19 00:15:46"
SEED001759,"Kid's Health",medicine,private,,,+998981554717,,,,41.2101,69.2145,,,,,,,,,,,,,clinics.uz,,1,single,C,,auto_unverified,point,,"2026-07-19 00:15:46"
SEED001760,"Kids Doctor",medicine,private,,,+998940073003,,,,41.2136,69.2026,,,,,,,,,,,,,clinics.uz,,1,single,C,,auto_unverified,point,,"2026-07-19 00:15:46"
SEED001761,"Kids Lab",medicine,private,,,,,,,41.3613,69.2954,,,,,,,,,,,,,clinics.uz,,1,single,C,,auto_unverified,point,,"2026-07-19 00:15:46"
SEED001762,"Kinder Med Plus",medicine,private,,,+998977541001,,,,41.3502,69.3199,,,,,,,,,,,,,clinics.uz,,1,single,C,,auto_unverified,point,,"2026-07-19 00:15:46"
SEED001763,"Klinika Said Hoji",medicine,private,,,,,,,41.3659,69.1998,,,,,,,,,,,,,clinics.uz,,1,single,C,,auto_unverified,point,,"2026-07-19 00:15:46"
SEED001764,"Ko'z Nuri - Яккасарайский филиал",medicine,private,,,+998555140333,,,,41.2711,69.2373,,,,,,,,,,,,,clinics.uz,,1,single,C,,auto_unverified,point,,"2026-07-19 00:15:46"
SEED001765,"Korean bright",medicine,private,,,+998958378815,,,,41.2817,69.277,,,,,,,,,,,,,clinics.uz,,1,single,C,,auto_unverified,point,,"2026-07-19 00:15:46"
SEED001766,KRIOMED,medicine,private,,,+998935405200,,,,41.2982,69.1864,,,,,,,,,,,,,clinics.uz,,1,single,C,,auto_unverified,point,,"2026-07-19 00:15:46"
SEED001767,"La Sante Dr. Djohdy",medicine,private,,,+998951431002,,,,41.2885,69.2593,,,,,,,,,,,,,clinics.uz,,1,single,C,,auto_unverified,point,,"2026-07-19 00:15:46"
SEED001768,"Lanvin Clinic",medicine,private,,,,,,,41.2862,69.2692,,,,,,,,,,,,,clinics.uz,,1,single,C,,auto_unverified,point,,"2026-07-19 00:15:46"
SEED001769,"Laser Optica",medicine,private,,,+998712714467,,,,41.299,69.193,,,,,,,,,,,,,clinics.uz,,1,single,C,,auto_unverified,point,,"2026-07-19 00:15:46"
SEED001770,Laylon,medicine,private,,,+998712216848,,,,41.3633,69.2841,,,,,,,,,,,,,clinics.uz,,1,single,C,,auto_unverified,point,,"2026-07-19 00:15:46"
SEED001771,"Laylon Greenwich",medicine,private,,,+998701000070,,,,41.2807,69.3013,,,,,,,,,,,,,clinics.uz,,1,single,C,,auto_unverified,point,,"2026-07-19 00:15:46"
SEED001772,"Lazizaxon Med",medicine,private,,,+998712670290,,,,41.3274,69.3267,,,,,,,,,,,,,clinics.uz,,1,single,C,,auto_unverified,point,,"2026-07-19 00:15:46"
SEED001773,"Lekris clinic",medicine,private,,,,,,,41.3322,69.3248,,,,,,,,,,,,,clinics.uz,,1,single,C,,auto_unverified,point,,"2026-07-19 00:15:46"
SEED001774,"LIFE MEDIUM",medicine,private,,,,,,,41.3281,69.3405,,,,,,,,,,,,,clinics.uz,,1,single,C,,auto_unverified,point,,"2026-07-19 00:15:46"
SEED001775,"Logo bolakay",medicine,private,,,+998977780146,,,,41.3661,69.2957,,,,,,,,,,,,,clinics.uz,,1,single,C,,auto_unverified,point,,"2026-07-19 00:15:46"
SEED001776,"Logo Olam",medicine,private,,,+998901095553,,,,41.3315,69.2191,,,,,,,,,,,,,clinics.uz,,1,single,C,,auto_unverified,point,,"2026-07-19 00:15:46"
SEED001777,"Logo Rayyan",medicine,private,,,+998977330729,,,,41.3307,69.2506,,,,,,,,,,,,,clinics.uz,,1,single,C,,auto_unverified,point,,"2026-07-19 00:15:46"
SEED001778,"Logo result",medicine,private,,,+998935576077,,,,41.3441,69.2081,,,,,,,,,,,,,clinics.uz,,1,single,C,,auto_unverified,point,,"2026-07-19 00:15:46"
SEED001779,"Logo Smile",medicine,private,,,+998993008751,,,,41.295,69.3415,,,,,,,,,,,,,clinics.uz,,1,single,C,,auto_unverified,point,,"2026-07-19 00:15:46"
SEED001780,"Logo time",medicine,private,,,+998973424368,,,,41.3544,69.365,,,,,,,,,,,,,clinics.uz,,1,single,C,,auto_unverified,point,,"2026-07-19 00:15:46"
SEED001781,Logopark,medicine,private,,,+998330003385,,,,41.214,69.2344,,,,,,,,,,,,,clinics.uz,,1,single,C,,auto_unverified,point,,"2026-07-19 00:15:46"
SEED001782,"Lola Lor medical",medicine,private,,,+998999599300,,,,41.2746,69.1922,,,,,,,,,,,,,clinics.uz,,1,single,C,,auto_unverified,point,,"2026-07-19 00:15:46"
SEED001783,"LOR BOR",medicine,private,,,+998977025285,,,,41.2904,69.1903,,,,,,,,,,,,,clinics.uz,,1,single,C,,auto_unverified,point,,"2026-07-19 00:15:46"
SEED001784,"LOR CLINIC 24/7",medicine,private,,,,,,,41.3789,69.2973,,,,,,,,,,,,,clinics.uz,,1,single,C,,auto_unverified,point,,"2026-07-19 00:15:46"
SEED001785,Lor-Stom,medicine,private,,,+998909884780,,,,41.3609,69.2787,,,,,,,,,,,,,clinics.uz,,1,single,C,,auto_unverified,point,,"2026-07-19 00:15:46"
SEED001786,"Lux Med",medicine,private,,,+998977787806,,,,41.2436,69.2851,,,,,,,,,,,,,clinics.uz,,1,single,C,,auto_unverified,point,,"2026-07-19 00:15:46"
SEED001787,"M A MED-HOSPITAL",medicine,private,,,+998974555022,,,,41.3486,69.1979,,,,,,,,,,,,,clinics.uz,,1,single,C,,auto_unverified,point,,"2026-07-19 00:15:46"
SEED001788,M-Clinic,medicine,private,,,+998555081330,,,,41.3531,69.3795,,,,,,,,,,,,,clinics.uz,,1,single,C,,auto_unverified,point,,"2026-07-19 00:15:46"
SEED001789,"Malham clinic",medicine,private,,,+998773520880,,,,41.2991,69.2272,,,,,,,,,,,,,clinics.uz,,1,single,C,,auto_unverified,point,,"2026-07-19 00:15:46"
SEED001790,"Max-Farm Clinic",medicine,private,,,,,,,41.3697,69.293,,,,,,,,,,,,,clinics.uz,,1,single,C,,auto_unverified,point,,"2026-07-19 00:15:46"
SEED001791,"Max-Medikal Service",medicine,private,,,+998712940585,,,,41.2805,69.3499,,,,,,,,,,,,,clinics.uz,,1,single,C,,auto_unverified,point,,"2026-07-19 00:15:46"
SEED001792,Maxmed,medicine,private,,,+998998615040,,,,41.3667,69.3342,,,,,,,,,,,,,clinics.uz,,1,single,C,,auto_unverified,point,,"2026-07-19 00:15:46"
SEED001793,"MED ELITE",medicine,private,,,+998338000390,,,,41.2441,69.3044,,,,,,,,,,,,,clinics.uz,,1,single,C,,auto_unverified,point,,"2026-07-19 00:15:46"
SEED001794,"Med Imperia",medicine,private,,,+998990306333,,,,41.341,69.1654,,,,,,,,,,,,,clinics.uz,,1,single,C,,auto_unverified,point,,"2026-07-19 00:15:46"
SEED001795,"Med klaster",medicine,private,,,+998909509530,,,,41.2812,69.1816,,,,,,,,,,,,,clinics.uz,,1,single,C,,auto_unverified,point,,"2026-07-19 00:15:46"
SEED001796,"Med Lor 24/7",medicine,private,,,+998951770907,,,,41.3242,69.3035,,,,,,,,,,,,,clinics.uz,,1,single,C,,auto_unverified,point,,"2026-07-19 00:15:46"
SEED001797,"Med One Doctor Abdulaziz Hoshimov",medicine,private,,,+998940923355,,,,41.2104,69.2168,,,,,,,,,,,,,clinics.uz,,1,single,C,,auto_unverified,point,,"2026-07-19 00:15:46"
SEED001798,"Med Optimal Plus",medicine,private,,,+998712756212,,,,41.2974,69.1831,,,,,,,,,,,,,clinics.uz,,1,single,C,,auto_unverified,point,,"2026-07-19 00:15:46"
SEED001799,"Med Profi Clinic",medicine,private,,,+998770229229,,,,41.1965,69.2043,,,,,,,,,,,,,clinics.uz,,1,single,C,,auto_unverified,point,,"2026-07-19 00:15:46"
SEED001800,"Medad Med",medicine,private,,,,,,,41.2428,69.3274,,,,,,,,,,,,,clinics.uz,,1,single,C,,auto_unverified,point,,"2026-07-19 00:15:46"
SEED001801,MEDANIS,medicine,private,,,+998946398869,,,,41.3267,69.3281,,,,,,,,,,,,,clinics.uz,,1,single,C,,auto_unverified,point,,"2026-07-19 00:15:46"
SEED001802,Medassa,medicine,private,,,+998555021222,,,,41.2634,69.155,,,,,,,,,,,,,clinics.uz,,1,single,C,,auto_unverified,point,,"2026-07-19 00:15:46"
SEED001803,Medela,medicine,private,,,,,,,41.2813,69.2278,,,,,,,,,,,,,clinics.uz,,1,single,C,,auto_unverified,point,,"2026-07-19 00:15:46"
SEED001804,"Medfit clinic",medicine,private,,,+998331443333,,,,41.286,69.2341,,,,,,,,,,,,,clinics.uz,,1,single,C,,auto_unverified,point,,"2026-07-19 00:15:46"
SEED001805,"Medi Art",medicine,private,,,+998991713838,,,,41.2879,69.3488,,,,,,,,,,,,,clinics.uz,,1,single,C,,auto_unverified,point,,"2026-07-19 00:15:46"
SEED001806,MEDIA-GINEKS,medicine,private,,,,,,,41.2868,69.185,,,,,,,,,,,,,clinics.uz,,1,single,C,,auto_unverified,point,,"2026-07-19 00:15:46"
SEED001807,"Medical Intermed",medicine,private,,,+998712524028,,,,41.2897,69.2816,,,,,,,,,,,,,clinics.uz,,1,single,C,,auto_unverified,point,,"2026-07-19 00:15:46"
SEED001808,"Medical Terra",medicine,private,,,+998991035522,,,,41.3038,69.259,,,,,,,,,,,,,clinics.uz,,1,single,C,,auto_unverified,point,,"2026-07-19 00:15:46"
SEED001809,Medicana,medicine,private,,,,,,,41.2966,69.347,,,,,,,,,,,,,clinics.uz,,1,single,C,,auto_unverified,point,,"2026-07-19 00:15:46"
SEED001810,Medik-As,medicine,private,,,+998712410145,,,,41.3226,69.2544,,,,,,,,,,,,,clinics.uz,,1,single,C,,auto_unverified,point,,"2026-07-19 00:15:46"
SEED001811,"Medikal Nur",medicine,private,,,+998977490850,,,,41.2947,69.0935,,,,,,,,,,,,,clinics.uz,,1,single,C,,auto_unverified,point,,"2026-07-19 00:15:46"
SEED001812,MedInform,medicine,private,,,+998953602112,,,,41.3367,69.2976,,,,,,,,,,,,,clinics.uz,,1,single,C,,auto_unverified,point,,"2026-07-19 00:15:46"
SEED001813,"Mediofarm (Учтепа)",medicine,private,,,+998712478446,,,,41.3092,69.167,,,,,,,,,,,,,clinics.uz,,1,single,C,,auto_unverified,point,,"2026-07-19 00:15:46"
SEED001814,"Mediofarm ЭКО",medicine,private,,,+998787770303,,,,41.2868,69.2727,,,,,,,,,,,,,clinics.uz,,1,single,C,,auto_unverified,point,,"2026-07-19 00:15:46"
SEED001815,"MedioLife Clinic",medicine,private,,,+998901743015,,,,41.2732,69.2267,,,,,,,,,,,,,clinics.uz,,1,single,C,,auto_unverified,point,,"2026-07-19 00:15:46"
SEED001816,Mediritm,medicine,private,,,,,,,41.2619,69.1506,,,,,,,,,,,,,clinics.uz,,1,single,C,,auto_unverified,point,,"2026-07-19 00:15:46"
SEED001817,"Medivizio GBA",medicine,private,,,+998712389953,,,,41.3363,69.2823,,,,,,,,,,,,,clinics.uz,,1,single,C,,auto_unverified,point,,"2026-07-19 00:15:46"
SEED001818,"Medicana 2",medicine,private,,,+998909147201,,,,41.3289,69.2656,,,,,,,,,,,,,clinics.uz,,1,single,C,,auto_unverified,point,,"2026-07-19 00:15:46"
SEED001819,MEDLINE,medicine,private,,,+998712538335,,,,41.2804,69.2411,,,,,,,,,,,,,clinics.uz,,1,single,C,,auto_unverified,point,,"2026-07-19 00:15:46"
SEED001820,Medos,medicine,private,,,+998337094444,,,,41.3737,69.2914,,,,,,,,,,,,,clinics.uz,,1,single,C,,auto_unverified,point,,"2026-07-19 00:15:46"
SEED001821,Medsi,medicine,private,,,+998783333003,,,,41.3398,69.3742,,,,,,,,,,,,,clinics.uz,,1,single,C,,auto_unverified,point,,"2026-07-19 00:15:46"
SEED001822,"Medzone Hospital",medicine,private,,,+998555000103,,,,41.4156,69.3086,,,,,,,,,,,,,clinics.uz,,1,single,C,,auto_unverified,point,,"2026-07-19 00:15:46"
SEED001823,"Mentol Medical",medicine,private,,,+998955055151,,,,41.2292,69.1906,,,,,,,,,,,,,clinics.uz,,1,single,C,,auto_unverified,point,,"2026-07-19 00:15:46"
SEED001824,"Mevazor Med",medicine,private,,,,,,,41.3774,69.2225,,,,,,,,,,,,,clinics.uz,,1,single,C,,auto_unverified,point,,"2026-07-19 00:15:46"
SEED001825,Mikromed,medicine,private,,,+998878880866,,,,41.3723,69.2952,,,,,,,,,,,,,clinics.uz,,1,single,C,,auto_unverified,point,,"2026-07-19 00:15:46"
SEED001826,Miqdor,medicine,private,,,+998712216899,,,,41.3682,69.2843,,,,,,,,,,,,,clinics.uz,,1,single,C,,auto_unverified,point,,"2026-07-19 00:15:46"
SEED001827,"MirMed Clinic",medicine,private,,,+998951130303,,,,41.3652,69.1816,,,,,,,,,,,,,clinics.uz,,1,single,C,,auto_unverified,point,,"2026-07-19 00:15:46"
SEED001828,"Mizoj Medical",medicine,private,,,+998712464922,,,,41.3466,69.2036,,,,,,,,,,,,,clinics.uz,,1,single,C,,auto_unverified,point,,"2026-07-19 00:15:46"
SEED001829,Monada-Amon,medicine,private,,,+998712834035,,,,41.2834,69.3014,,,,,,,,,,,,,clinics.uz,,1,single,C,,auto_unverified,point,,"2026-07-19 00:15:46"
SEED001830,"MONVITAL Medical Center",medicine,private,,,+998555070007,,,,41.3544,69.2893,,,,,,,,,,,,,clinics.uz,,1,single,C,,auto_unverified,point,,"2026-07-19 00:15:46"
SEED001831,"Mr. Doctor Clinic",medicine,private,,,+998889009393,,,,41.2227,69.2615,,,,,,,,,,,,,clinics.uz,,1,single,C,,auto_unverified,point,,"2026-07-19 00:15:46"
SEED001832,"Mubina Medical Service",medicine,private,,,+998712582771,,,,41.2084,69.2267,,,,,,,,,,,,,clinics.uz,,1,single,C,,auto_unverified,point,,"2026-07-19 00:15:46"
SEED001833,Muqarnas,medicine,private,,,+998712021155,,,,41.3254,69.3038,,,,,,,,,,,,,clinics.uz,,1,single,C,,auto_unverified,point,,"2026-07-19 00:15:46"
SEED001834,"My Diagnostic Center",medicine,private,,,,,,,41.3461,69.391,,,,,,,,,,,,,clinics.uz,,1,single,C,,auto_unverified,point,,"2026-07-19 00:15:46"
SEED001835,"Nafis Med Esthetics",medicine,private,,,+998935963556,,,,41.3339,69.4047,,,,,,,,,,,,,clinics.uz,,1,single,C,,auto_unverified,point,,"2026-07-19 00:15:46"
SEED001836,Najod-Shifo,medicine,private,,,+998712530217,,,,41.2711,69.2372,,,,,,,,,,,,,clinics.uz,,1,single,C,,auto_unverified,point,,"2026-07-19 00:15:46"
SEED001837,"Nano Hair Clinic",medicine,private,,,+998973337066,,,,41.2942,69.2693,,,,,,,,,,,,,clinics.uz,,1,single,C,,auto_unverified,point,,"2026-07-19 00:15:46"
SEED001838,"NANO Medical Clinic",medicine,private,,,+998555000550,,,,41.3482,69.2149,,,,,,,,,,,,,clinics.uz,,1,single,C,,auto_unverified,point,,"2026-07-19 00:15:46"
SEED001839,"Nasiba Shifo",medicine,private,,,,,,,41.3481,69.1788,,,,,,,,,,,,,clinics.uz,,1,single,C,,auto_unverified,point,,"2026-07-19 00:15:46"
SEED001840,"Nazarbek Klinic",medicine,private,,,+998997859900,,,,41.3065,69.1335,,,,,,,,,,,,,clinics.uz,,1,single,C,,auto_unverified,point,,"2026-07-19 00:15:46"
SEED001841,"Nd Clinic",medicine,private,,,+998952504114,,,,41.3539,69.3887,,,,,,,,,,,,,clinics.uz,,1,single,C,,auto_unverified,point,,"2026-07-19 00:15:46"
SEED001842,"NDC-Medic (Беруни)",medicine,private,,,+998901750368,,,,41.347,69.1998,,,,,,,,,,,,,clinics.uz,,1,single,C,,auto_unverified,point,,"2026-07-19 00:15:46"
SEED001843,"NDC-Medic (Чиланзар)",medicine,private,,,+998951940511,,,,41.2713,69.2017,,,,,,,,,,,,,clinics.uz,,1,single,C,,auto_unverified,point,,"2026-07-19 00:15:46"
SEED001844,"NEO clinic",medicine,private,,,+998910117711,,,,41.3052,69.3272,,,,,,,,,,,,,clinics.uz,,1,single,C,,auto_unverified,point,,"2026-07-19 00:15:46"
SEED001845,"Neo Lab Diagnostics",medicine,private,,,+998712496699,,,,41.3363,69.2035,,,,,,,,,,,,,clinics.uz,,1,single,C,,auto_unverified,point,,"2026-07-19 00:15:46"
SEED001846,"Neo Life Clinic",medicine,private,,,+998773869090,,,,41.366,69.2957,,,,,,,,,,,,,clinics.uz,,1,single,C,,auto_unverified,point,,"2026-07-19 00:15:46"
SEED001847,"Neo med cardio",medicine,private,,,+998993070300,,,,41.2674,69.2198,,,,,,,,,,,,,clinics.uz,,1,single,C,,auto_unverified,point,,"2026-07-19 00:15:46"
SEED001848,"Nephro Medicare",medicine,private,,,+998948513556,,,,41.2948,69.1992,,,,,,,,,,,,,clinics.uz,,1,single,C,,auto_unverified,point,,"2026-07-19 00:15:46"
SEED001849,"NEURO CARDIO MEDIC",medicine,private,,,,,,,41.3594,69.3397,,,,,,,,,,,,,clinics.uz,,1,single,C,,auto_unverified,point,,"2026-07-19 00:15:46"
SEED001850,"Neuro Kids",medicine,private,,,+998977638777,,,,41.2999,69.2573,,,,,,,,,,,,,clinics.uz,,1,single,C,,auto_unverified,point,,"2026-07-19 00:15:46"
SEED001851,"Neuro Tab",medicine,private,,,+998909406864,,,,41.3494,69.2412,,,,,,,,,,,,,clinics.uz,,1,single,C,,auto_unverified,point,,"2026-07-19 00:15:46"
SEED001852,"Neuro vita",medicine,private,,,,,,,41.2888,69.3457,,,,,,,,,,,,,clinics.uz,,1,single,C,,auto_unverified,point,,"2026-07-19 00:15:46"
SEED001853,NeuroConcilium,medicine,private,,,+998953630001,,,,41.3596,69.2807,,,,,,,,,,,,,clinics.uz,,1,single,C,,auto_unverified,point,,"2026-07-19 00:15:46"
SEED001854,"Neurofax - B",medicine,private,,,+998712752818,,,,41.2899,69.1896,,,,,,,,,,,,,clinics.uz,,1,single,C,,auto_unverified,point,,"2026-07-19 00:15:46"
SEED001855,Neurokey,medicine,private,,,+998909033558,,,,41.246,69.3716,,,,,,,,,,,,,clinics.uz,,1,single,C,,auto_unverified,point,,"2026-07-19 00:15:46"
SEED001856,"Nevro Servis",medicine,private,,,+998951970330,,,,41.3123,69.1782,,,,,,,,,,,,,clinics.uz,,1,single,C,,auto_unverified,point,,"2026-07-19 00:15:46"
SEED001857,Nevromaster,medicine,private,,,+998712570564,,,,41.2058,69.2296,,,,,,,,,,,,,clinics.uz,,1,single,C,,auto_unverified,point,,"2026-07-19 00:15:46"
SEED001858,"New Grand Medical Center",medicine,private,,,+998997339070,,,,41.2095,69.2048,,,,,,,,,,,,,clinics.uz,,1,single,C,,auto_unverified,point,,"2026-07-19 00:15:46"
SEED001859,"New Medical Service",medicine,private,,,+998555032530,,,,41.3796,69.3194,,,,,,,,,,,,,clinics.uz,,1,single,C,,auto_unverified,point,,"2026-07-19 00:15:46"
SEED001860,"New Stoma Med + LOR",medicine,private,,,+998935324733,,,,41.3533,69.2187,,,,,,,,,,,,,clinics.uz,,1,single,C,,auto_unverified,point,,"2026-07-19 00:15:46"
SEED001861,Nigora-shifo,medicine,private,,,+998933774641,,,,41.382,69.3545,,,,,,,,,,,,,clinics.uz,,1,single,C,,auto_unverified,point,,"2026-07-19 00:15:46"
SEED001862,NIKAMED,medicine,private,,,+998712958383,,,,41.2421,69.3292,,,,,,,,,,,,,clinics.uz,,1,single,C,,auto_unverified,point,,"2026-07-19 00:15:46"
SEED001863,"Nikox va Oila",medicine,private,,,+998983639191,,,,41.3063,69.2949,,,,,,,,,,,,,clinics.uz,,1,single,C,,auto_unverified,point,,"2026-07-19 00:15:46"
SEED001864,"Nini med clinic",medicine,private,,,+998909014241,,,,41.3329,69.4336,,,,,,,,,,,,,clinics.uz,,1,single,C,,auto_unverified,point,,"2026-07-19 00:15:46"
SEED001865,Nor-Tibbiyot,medicine,private,,,+998712763040,,,,41.2806,69.206,,,,,,,,,,,,,clinics.uz,,1,single,C,,auto_unverified,point,,"2026-07-19 00:15:46"
SEED001866,"Nora Medical",medicine,private,,,+998712630899,,,,41.3452,69.3467,,,,,,,,,,,,,clinics.uz,,1,single,C,,auto_unverified,point,,"2026-07-19 00:15:46"
SEED001867,NORAX,medicine,private,,,,,,,41.321,69.2791,,,,,,,,,,,,,clinics.uz,,1,single,C,,auto_unverified,point,,"2026-07-19 00:15:46"
SEED001868,"Nova diagnostic",medicine,private,,,+998954850505,,,,41.3253,69.3014,,,,,,,,,,,,,clinics.uz,,1,single,C,,auto_unverified,point,,"2026-07-19 00:15:46"
SEED001869,Novamed,medicine,private,,,+998781221122,,,,41.3116,69.3336,,,,,,,,,,,,,clinics.uz,,1,single,C,,auto_unverified,point,,"2026-07-19 00:15:46"
SEED001870,"NSS Medical Center",medicine,private,,,+998555083030,,,,41.3496,69.1767,,,,,,,,,,,,,clinics.uz,,1,single,C,,auto_unverified,point,,"2026-07-19 00:15:46"
SEED001871,"Ntm Dialog",medicine,private,,,+998909991012,,,,41.3305,69.277,,,,,,,,,,,,,clinics.uz,,1,single,C,,auto_unverified,point,,"2026-07-19 00:15:46"
SEED001872,"NUMA Diagnostics",medicine,private,,,+998557777777,,,,41.2984,69.2954,,,,,,,,,,,,,clinics.uz,,1,single,C,,auto_unverified,point,,"2026-07-19 00:15:46"
SEED001873,Nurhayot,medicine,private,,,+998911320308,,,,41.3273,69.216,,,,,,,,,,,,,clinics.uz,,1,single,C,,auto_unverified,point,,"2026-07-19 00:15:46"
SEED001874,O'zbekiston,medicine,private,,,+998712443010,,,,41.3196,69.2665,,,,,,,,,,,,,clinics.uz,,1,single,C,,auto_unverified,point,,"2026-07-19 00:15:46"
SEED001875,"O'zkabel Shifoxonasi",medicine,private,,,+998712620046,,,,41.3448,69.3259,,,,,,,,,,,,,clinics.uz,,1,single,C,,auto_unverified,point,,"2026-07-19 00:15:46"
SEED001876,"Oftob MedLine",medicine,private,,,+998935322020,,,,41.3372,69.2552,,,,,,,,,,,,,clinics.uz,,1,single,C,,auto_unverified,point,,"2026-07-19 00:15:46"
SEED001877,"Oila Med",medicine,private,,,+998951932828,,,,41.1096,69.0651,,,,,,,,,,,,,clinics.uz,,1,single,C,,auto_unverified,point,,"2026-07-19 00:15:46"
SEED001878,"Oila Tibbiy Markazi",medicine,private,,,+998712347561,,,,41.3305,69.2766,,,,,,,,,,,,,clinics.uz,,1,single,C,,auto_unverified,point,,"2026-07-19 00:15:46"
SEED001879,"Olam klinika",medicine,private,,,+998712729955,,,,41.2782,69.1652,,,,,,,,,,,,,clinics.uz,,1,single,C,,auto_unverified,point,,"2026-07-19 00:15:46"
SEED001880,"Olam klinika - Янгихаятский филиал",medicine,private,,,+998951449955,,,,41.2153,69.2148,,,,,,,,,,,,,clinics.uz,,1,single,C,,auto_unverified,point,,"2026-07-19 00:15:46"
SEED001881,"Omega Med",medicine,private,,,+998712627800,,,,41.3396,69.3383,,,,,,,,,,,,,clinics.uz,,1,single,C,,auto_unverified,point,,"2026-07-19 00:15:46"
SEED001882,"Omon Med",medicine,private,,,+998936124527,,,,41.3049,69.3244,,,,,,,,,,,,,clinics.uz,,1,single,C,,auto_unverified,point,,"2026-07-19 00:15:46"
SEED001883,OpenLab,medicine,private,,,+998712307997,,,,41.2921,69.274,,,,,,,,,,,,,clinics.uz,,1,single,C,,auto_unverified,point,,"2026-07-19 00:15:46"
SEED001884,Optimed,medicine,private,,,+998712272003,,,,41.3535,69.2197,,,,,,,,,,,,,clinics.uz,,1,single,C,,auto_unverified,point,,"2026-07-19 00:15:46"
SEED001885,"Origin Medical Services",medicine,private,,,+998930686686,,,,41.2157,69.2013,,,,,,,,,,,,,clinics.uz,,1,single,C,,auto_unverified,point,,"2026-07-19 00:15:46"
SEED001886,"Osiyo life",medicine,private,,,+998958018228,,,,41.3925,69.3549,,,,,,,,,,,,,clinics.uz,,1,single,C,,auto_unverified,point,,"2026-07-19 00:15:46"
SEED001887,Oz-Med,medicine,private,,,+998712692247,,,,41.3153,69.3271,,,,,,,,,,,,,clinics.uz,,1,single,C,,auto_unverified,point,,"2026-07-19 00:15:46"
SEED001888,"Parus Logo Centre",medicine,private,,,+998998887732,,,,41.2258,69.2145,,,,,,,,,,,,,clinics.uz,,1,single,C,,auto_unverified,point,,"2026-07-19 00:15:46"
SEED001889,"Perfect Hair",medicine,private,,,+998951981400,,,,41.3315,69.309,,,,,,,,,,,,,clinics.uz,,1,single,C,,auto_unverified,point,,"2026-07-19 00:15:46"
SEED001890,"Perfect Medical Centere",medicine,private,,,+998901110307,,,,41.1097,69.0657,,,,,,,,,,,,,clinics.uz,,1,single,C,,auto_unverified,point,,"2026-07-19 00:15:46"
SEED001891,"PLATINUM ORTO",medicine,private,,,,,,,41.3507,69.2198,,,,,,,,,,,,,clinics.uz,,1,single,C,,auto_unverified,point,,"2026-07-19 00:15:46"
SEED001892,"Podology Clinic",medicine,private,,,+998909323355,,,,41.282,69.3445,,,,,,,,,,,,,clinics.uz,,1,single,C,,auto_unverified,point,,"2026-07-19 00:15:46"
SEED001893,"Poytaxt med diagnostika",medicine,private,,,+998712769603,,,,41.2762,69.1945,,,,,,,,,,,,,clinics.uz,,1,single,C,,auto_unverified,point,,"2026-07-19 00:15:46"
SEED001894,"Premier Medical",medicine,private,,,,,,,41.2665,69.2162,,,,,,,,,,,,,clinics.uz,,1,single,C,,auto_unverified,point,,"2026-07-19 00:15:46"
SEED001895,"Premium Aesthetics",medicine,private,,,+998951450505,,,,41.293,69.2699,,,,,,,,,,,,,clinics.uz,,1,single,C,,auto_unverified,point,,"2026-07-19 00:15:46"
SEED001896,"Premium Diagnostics",medicine,private,,,+998712478446,,,,41.3093,69.1672,,,,,,,,,,,,,clinics.uz,,1,single,C,,auto_unverified,point,,"2026-07-19 00:15:46"
SEED001897,"Premium medline",medicine,private,,,,,,,41.3051,69.1583,,,,,,,,,,,,,clinics.uz,,1,single,C,,auto_unverified,point,,"2026-07-19 00:15:46"
SEED001898,Prima-Dent,medicine,private,,,+998334606666,,,,41.2547,69.3744,,,,,,,,,,,,,clinics.uz,,1,single,C,,auto_unverified,point,,"2026-07-19 00:15:46"
SEED001899,"Prime Medical Center",medicine,private,,,+998781131343,,,,41.3304,69.2239,,,,,,,,,,,,,clinics.uz,,1,single,C,,auto_unverified,point,,"2026-07-19 00:15:46"
SEED001900,"Proband Clinic",medicine,private,,,+998331363663,,,,41.3973,69.2416,,,,,,,,,,,,,clinics.uz,,1,single,C,,auto_unverified,point,,"2026-07-19 00:15:46"
SEED001901,"Prof Med Service Endoxirurgiya markazi",medicine,private,,,,,,,41.3101,69.326,,,,,,,,,,,,,clinics.uz,,1,single,C,,auto_unverified,point,,"2026-07-19 00:15:46"
SEED001902,"ProMed Clinic",medicine,private,,,+998712006777,,,,41.3463,69.3907,,,,,,,,,,,,,clinics.uz,,1,single,C,,auto_unverified,point,,"2026-07-19 00:15:46"
SEED001903,"PureMed Clinic",medicine,private,,,+998996219808,,,,41.3497,69.1764,,,,,,,,,,,,,clinics.uz,,1,single,C,,auto_unverified,point,,"2026-07-19 00:15:46"
SEED001904,"Qalbi Nur Med",medicine,private,,,+998974349096,,,,41.2232,69.2113,,,,,,,,,,,,,clinics.uz,,1,single,C,,auto_unverified,point,,"2026-07-19 00:15:46"
SEED001905,"Qoratosh Sanavita",medicine,private,,,,,,,41.317,69.2367,,,,,,,,,,,,,clinics.uz,,1,single,C,,auto_unverified,point,,"2026-07-19 00:15:46"
SEED001906,"Ra'no Fayz",medicine,private,,,+998951464141,,,,41.3585,69.2254,,,,,,,,,,,,,clinics.uz,,1,single,C,,auto_unverified,point,,"2026-07-19 00:15:46"
SEED001907,"RAY MED KLINIKA",medicine,private,,,,,,,41.2851,69.3471,,,,,,,,,,,,,clinics.uz,,1,single,C,,auto_unverified,point,,"2026-07-19 00:15:46"
SEED001908,"Real Medical Tibbiyot Markazi",medicine,private,,,+998972410303,,,,41.3506,69.2137,,,,,,,,,,,,,clinics.uz,,1,single,C,,auto_unverified,point,,"2026-07-19 00:15:46"
SEED001909,ReGen,medicine,private,,,+998910068993,,,,41.306,69.3348,,,,,,,,,,,,,clinics.uz,,1,single,C,,auto_unverified,point,,"2026-07-19 00:15:46"
SEED001910,"ReLive clinic",medicine,private,,,+998772330003,,,,41.2724,69.2324,,,,,,,,,,,,,clinics.uz,,1,single,C,,auto_unverified,point,,"2026-07-19 00:15:46"
SEED001911,"Remedium clinic",medicine,private,,,+998951422000,,,,41.3225,69.2174,,,,,,,,,,,,,clinics.uz,,1,single,C,,auto_unverified,point,,"2026-07-19 00:15:46"
SEED001912,"Respublika Sport-Sog'lomlashtirish Majmuasi",medicine,private,,,+998712629363,,,,41.3413,69.3355,,,,,,,,,,,,,clinics.uz,,1,single,C,,auto_unverified,point,,"2026-07-19 00:15:46"
SEED001913,Rustambek-Niyat,medicine,private,,,+998976046507,,,,41.1108,69.0678,,,,,,,,,,,,,clinics.uz,,1,single,C,,auto_unverified,point,,"2026-07-19 00:15:46"
SEED001914,"Rustamov's Clinic",medicine,private,,,+998998442003,,,,41.3568,69.3682,,,,,,,,,,,,,clinics.uz,,1,single,C,,auto_unverified,point,,"2026-07-19 00:15:46"
SEED001915,"Saba Darmon Diagnostics",medicine,private,,,,,,,41.3146,69.1609,,,,,,,,,,,,,clinics.uz,,1,single,C,,auto_unverified,point,,"2026-07-19 00:15:46"
SEED001916,"Saba Med",medicine,private,,,+998555151333,,,,41.2263,69.2144,,,,,,,,,,,,,clinics.uz,,1,single,C,,auto_unverified,point,,"2026-07-19 00:15:46"
SEED001917,"Saif ProFace",medicine,private,,,+998884307000,,,,41.2939,69.3332,,,,,,,,,,,,,clinics.uz,,1,single,C,,auto_unverified,point,,"2026-07-19 00:15:46"
SEED001918,"Sakin Med Clinic",medicine,private,,,+998773736000,,,,41.2186,69.205,,,,,,,,,,,,,clinics.uz,,1,single,C,,auto_unverified,point,,"2026-07-19 00:15:46"
SEED001919,"Salomat Hayot",medicine,private,,,,,,,41.2909,69.2102,,,,,,,,,,,,,clinics.uz,,1,single,C,,auto_unverified,point,,"2026-07-19 00:15:46"
SEED001920,"Salus Vita",medicine,private,,,+998787770303,,,,41.3276,69.1836,,,,,,,,,,,,,clinics.uz,,1,single,C,,auto_unverified,point,,"2026-07-19 00:15:46"
SEED001921,Sardor-Vest,medicine,private,,,+998712787586,,,,41.2918,69.2092,,,,,,,,,,,,,clinics.uz,,1,single,C,,auto_unverified,point,,"2026-07-19 00:15:46"
SEED001922,SAXOVATBU,medicine,private,,,+998712161030,,,,41.291,69.1792,,,,,,,,,,,,,clinics.uz,,1,single,C,,auto_unverified,point,,"2026-07-19 00:15:46"
SEED001923,"Sehhat Health Service",medicine,private,,,+998712524085,,,,41.2929,69.2779,,,,,,,,,,,,,clinics.uz,,1,single,C,,auto_unverified,point,,"2026-07-19 00:15:46"
SEED001924,Semmed,medicine,private,,,+998959678787,,,,41.2242,69.2116,,,,,,,,,,,,,clinics.uz,,1,single,C,,auto_unverified,point,,"2026-07-19 00:15:46"
SEED001925,"Seoul Hospital",medicine,private,,,+998900350601,,,,41.3729,69.3185,,,,,,,,,,,,,clinics.uz,,1,single,C,,auto_unverified,point,,"2026-07-19 00:15:46"
SEED001926,Sevora,medicine,private,,,+998974113330,,,,41.3202,69.2865,,,,,,,,,,,,,clinics.uz,,1,single,C,,auto_unverified,point,,"2026-07-19 00:15:46"
SEED001927,"Shakhnoza Clinic",medicine,private,,,+998977348000,,,,41.2925,69.2344,,,,,,,,,,,,,clinics.uz,,1,single,C,,auto_unverified,point,,"2026-07-19 00:15:46"
SEED001928,"Sharof tib service",medicine,private,,,+998950740055,,,,41.266,69.217,,,,,,,,,,,,,clinics.uz,,1,single,C,,auto_unverified,point,,"2026-07-19 00:15:46"
SEED001929,"Shifo Medline",medicine,private,,,+998991202022,,,,41.3015,69.1722,,,,,,,,,,,,,clinics.uz,,1,single,C,,auto_unverified,point,,"2026-07-19 00:15:46"
SEED001930,"Shifo Nur",medicine,private,,,+998712211313,,,,41.3641,69.275,,,,,,,,,,,,,clinics.uz,,1,single,C,,auto_unverified,point,,"2026-07-19 00:15:46"
SEED001931,"Shifo Nur Eksimer",medicine,private,,,+998712496727,,,,41.3282,69.2271,,,,,,,,,,,,,clinics.uz,,1,single,C,,auto_unverified,point,,"2026-07-19 00:15:46"
SEED001932,"Shifo Nur Ko'z",medicine,private,,,+998712212626,,,,41.364,69.2751,,,,,,,,,,,,,clinics.uz,,1,single,C,,auto_unverified,point,,"2026-07-19 00:15:46"
SEED001933,"SHINE MED",medicine,private,,,,,,,41.2716,69.1691,,,,,,,,,,,,,clinics.uz,,1,single,C,,auto_unverified,point,,"2026-07-19 00:15:46"
SEED001934,"Shox International Hospital - Махтумкули",medicine,private,,,+998712020212,,,,41.3043,69.3237,,,,,,,,,,,,,clinics.uz,,1,single,C,,auto_unverified,point,,"2026-07-19 00:15:46"
SEED001935,"Sihat va Farogat",medicine,private,,,+998712339316,,,,41.3112,69.2914,,,,,,,,,,,,,clinics.uz,,1,single,C,,auto_unverified,point,,"2026-07-19 00:15:46"
SEED001936,SIHATMEDICAL,medicine,private,,,+998935065797,,,,41.4068,69.2626,,,,,,,,,,,,,clinics.uz,,1,single,C,,auto_unverified,point,,"2026-07-19 00:15:46"
SEED001937,"Sino Professional Medical",medicine,private,,,+998955137071,,,,41.2241,69.1783,,,,,,,,,,,,,clinics.uz,,1,single,C,,auto_unverified,point,,"2026-07-19 00:15:46"
SEED001938,"Skin Clinic",medicine,private,,,+998781136595,,,,41.321,69.2942,,,,,,,,,,,,,clinics.uz,,1,single,C,,auto_unverified,point,,"2026-07-19 00:15:46"
SEED001939,"Smart Doctor",medicine,private,,,+998555005252,,,,41.3013,69.208,,,,,,,,,,,,,clinics.uz,,1,single,C,,auto_unverified,point,,"2026-07-19 00:15:46"
SEED001940,"Smart Hospital",medicine,private,,,+998555170303,,,,41.2655,69.2177,,,,,,,,,,,,,clinics.uz,,1,single,C,,auto_unverified,point,,"2026-07-19 00:15:46"
SEED001941,"SMS med clinic",medicine,private,,,+998882000015,,,,41.2983,69.1881,,,,,,,,,,,,,clinics.uz,,1,single,C,,auto_unverified,point,,"2026-07-19 00:15:46"
SEED001942,"Sof Nafas",medicine,private,,,+998555209800,,,,41.3668,69.3308,,,,,,,,,,,,,clinics.uz,,1,single,C,,auto_unverified,point,,"2026-07-19 00:15:46"
SEED001943,"SofMed Lor",medicine,private,,,+998933925183,,,,41.3564,69.2364,,,,,,,,,,,,,clinics.uz,,1,single,C,,auto_unverified,point,,"2026-07-19 00:15:46"
SEED001944,"Sog'lom Avlod Uchun",medicine,private,,,+998712331547,,,,41.3082,69.2835,,,,,,,,,,,,,clinics.uz,,1,single,C,,auto_unverified,point,,"2026-07-19 00:15:46"
SEED001945,"Sosh medical",medicine,private,,,,,,,41.3649,69.296,,,,,,,,,,,,,clinics.uz,,1,single,C,,auto_unverified,point,,"2026-07-19 00:15:46"
SEED001946,"Spectra Neurology",medicine,private,,,+998712692460,,,,41.3152,69.3271,,,,,,,,,,,,,clinics.uz,,1,single,C,,auto_unverified,point,,"2026-07-19 00:15:46"
SEED001947,"Spine Center",medicine,private,,,+998930014731,,,,41.3198,69.2875,,,,,,,,,,,,,clinics.uz,,1,single,C,,auto_unverified,point,,"2026-07-19 00:15:46"
SEED001948,Spinemed,medicine,private,,,+998712339933,,,,41.3031,69.2881,,,,,,,,,,,,,clinics.uz,,1,single,C,,auto_unverified,point,,"2026-07-19 00:15:46"
SEED001949,"Star Med Service",medicine,private,,,+998712304343,,,,41.3751,69.2241,,,,,,,,,,,,,clinics.uz,,1,single,C,,auto_unverified,point,,"2026-07-19 00:15:46"
SEED001950,"Status Medical Plus",medicine,private,,,+998712370848,,,,41.319,69.2954,,,,,,,,,,,,,clinics.uz,,1,single,C,,auto_unverified,point,,"2026-07-19 00:15:46"
SEED001951,"Status Medline",medicine,private,,,+998910101112,,,,41.3187,69.1705,,,,,,,,,,,,,clinics.uz,,1,single,C,,auto_unverified,point,,"2026-07-19 00:15:46"
SEED001952,Stellaris,medicine,private,,,+998712367007,,,,41.3032,69.2882,,,,,,,,,,,,,clinics.uz,,1,single,C,,auto_unverified,point,,"2026-07-19 00:15:46"
SEED001953,"Stimul Med Clinic",medicine,private,,,+998903532768,,,,41.2466,69.3703,,,,,,,,,,,,,clinics.uz,,1,single,C,,auto_unverified,point,,"2026-07-19 00:15:46"
SEED001954,"Svoi Vrachi Clinic",medicine,private,,,+998903519606,,,,41.2163,69.2359,,,,,,,,,,,,,clinics.uz,,1,single,C,,auto_unverified,point,,"2026-07-19 00:15:46"
SEED001955,"THE FAMILY DOCTOR",medicine,private,,,,,,,41.3608,69.1864,,,,,,,,,,,,,clinics.uz,,1,single,C,,auto_unverified,point,,"2026-07-19 00:15:46"
SEED001956,"Toshkent Hospital",medicine,private,,,+998555195050,,,,41.2514,69.3012,,,,,,,,,,,,,clinics.uz,,1,single,C,,auto_unverified,point,,"2026-07-19 00:15:46"
SEED001957,"Tszen Med",medicine,private,,,+998977010900,,,,41.3468,69.2413,,,,,,,,,,,,,clinics.uz,,1,single,C,,auto_unverified,point,,"2026-07-19 00:15:46"
SEED001958,"Twins Medical Center",medicine,private,,,,,,,41.3746,69.3251,,,,,,,,,,,,,clinics.uz,,1,single,C,,auto_unverified,point,,"2026-07-19 00:15:46"
SEED001959,"TWO LINE - ЭКО клиника",medicine,private,,,,,,,41.3352,69.2619,,,,,,,,,,,,,clinics.uz,,1,single,C,,auto_unverified,point,,"2026-07-19 00:15:46"
SEED001960,UMC,medicine,private,,,+998712371169,,,,41.3191,69.2967,,,,,,,,,,,,,clinics.uz,,1,single,C,,auto_unverified,point,,"2026-07-19 00:15:46"
SEED001961,"Umid hospitals",medicine,private,,,+998917958888,,,,41.2672,69.233,,,,,,,,,,,,,clinics.uz,,1,single,C,,auto_unverified,point,,"2026-07-19 00:15:46"
SEED001962,"Umid va Ishonch",medicine,private,,,+998712450772,,,,41.3112,69.238,,,,,,,,,,,,,clinics.uz,,1,single,C,,auto_unverified,point,,"2026-07-19 00:15:46"
SEED001963,UMT,medicine,private,,,+998935051249,,,,41.2872,69.3083,,,,,,,,,,,,,clinics.uz,,1,single,C,,auto_unverified,point,,"2026-07-19 00:15:46"
SEED001964,"Unionmeduz Clinic",medicine,private,,,+998700356060,,,,41.2184,69.2011,,,,,,,,,,,,,clinics.uz,,1,single,C,,auto_unverified,point,,"2026-07-19 00:15:46"
SEED001965,"Uro mediuss hospital",medicine,private,,,,,,,41.2038,69.2087,,,,,,,,,,,,,clinics.uz,,1,single,C,,auto_unverified,point,,"2026-07-19 00:15:46"
SEED001966,"Uro-Stone Med",medicine,private,,,+998712729970,,,,41.2841,69.1765,,,,,,,,,,,,,clinics.uz,,1,single,C,,auto_unverified,point,,"2026-07-19 00:15:46"
SEED001967,"Uromax med center",medicine,private,,,+998917917000,,,,41.2826,69.1707,,,,,,,,,,,,,clinics.uz,,1,single,C,,auto_unverified,point,,"2026-07-19 00:15:46"
SEED001968,"Uromediuss Hospital",medicine,private,,,+998955100555,,,,41.2046,69.2092,,,,,,,,,,,,,clinics.uz,,1,single,C,,auto_unverified,point,,"2026-07-19 00:15:46"
SEED001969,UziProMax,medicine,private,,,+998771826622,,,,41.2842,69.2157,,,,,,,,,,,,,clinics.uz,,1,single,C,,auto_unverified,point,,"2026-07-19 00:15:46"
SEED001970,"Vacctinel hadas",medicine,private,,,+998946472521,,,,41.3279,69.3043,,,,,,,,,,,,,clinics.uz,,1,single,C,,auto_unverified,point,,"2026-07-19 00:15:46"
SEED001971,"Varikoz OFF Юнусабадский филиал",medicine,private,,,+998999390330,,,,41.363,69.2837,,,,,,,,,,,,,clinics.uz,,1,single,C,,auto_unverified,point,,"2026-07-19 00:15:46"
SEED001972,VertebroMed,medicine,private,,,+998900517585,,,,41.3711,69.2778,,,,,,,,,,,,,clinics.uz,,1,single,C,,auto_unverified,point,,"2026-07-19 00:15:46"
SEED001973,"Verum Kids",medicine,private,,,+998958880303,,,,41.3229,69.1861,,,,,,,,,,,,,clinics.uz,,1,single,C,,auto_unverified,point,,"2026-07-19 00:15:46"
SEED001974,"Vita Alliance",medicine,private,,,+998983684900,,,,41.3106,69.3359,,,,,,,,,,,,,clinics.uz,,1,single,C,,auto_unverified,point,,"2026-07-19 00:15:46"
SEED001975,"Vitakinesis Neo",medicine,private,,,,,,,41.3255,69.3479,,,,,,,,,,,,,clinics.uz,,1,single,C,,auto_unverified,point,,"2026-07-19 00:15:46"
SEED001976,"Vitamed Servis",medicine,private,,,+998712238013,,,,41.3644,69.2976,,,,,,,,,,,,,clinics.uz,,1,single,C,,auto_unverified,point,,"2026-07-19 00:15:46"
SEED001977,"Welcome clinic",medicine,private,,,+998955024040,,,,41.3743,69.3104,,,,,,,,,,,,,clinics.uz,,1,single,C,,auto_unverified,point,,"2026-07-19 00:15:46"
SEED001978,"Xalos xaymed diagnostics",medicine,private,,,+998998163336,,,,41.2841,69.1788,,,,,,,,,,,,,clinics.uz,,1,single,C,,auto_unverified,point,,"2026-07-19 00:15:46"
SEED001979,"Xondamir Medical",medicine,private,,,+998992001707,,,,41.316,69.1742,,,,,,,,,,,,,clinics.uz,,1,single,C,,auto_unverified,point,,"2026-07-19 00:15:46"
SEED001980,"Xushnud shifo",medicine,private,,,+998903552806,,,,41.3714,69.2872,,,,,,,,,,,,,clinics.uz,,1,single,C,,auto_unverified,point,,"2026-07-19 00:15:46"
SEED001981,"Yangi Darxon",medicine,private,,,+998955100300,,,,41.2188,69.1912,,,,,,,,,,,,,clinics.uz,,1,single,C,,auto_unverified,point,,"2026-07-19 00:15:46"
SEED001982,"Yangihayot Med Diagnostic Center",medicine,private,,,+998955001303,,,,41.1947,69.2126,,,,,,,,,,,,,clinics.uz,,1,single,C,,auto_unverified,point,,"2026-07-19 00:15:46"
SEED001983,"Yashnobod Medical",medicine,private,,,+998906103103,,,,41.2962,69.3629,,,,,,,,,,,,,clinics.uz,,1,single,C,,auto_unverified,point,,"2026-07-19 00:15:46"
SEED001984,Yassi-Dono,medicine,private,,,+998712128748,,,,41.372,69.3095,,,,,,,,,,,,,clinics.uz,,1,single,C,,auto_unverified,point,,"2026-07-19 00:15:46"
SEED001985,"Yurak Markazi",medicine,private,,,,,,,41.2527,69.3119,,,,,,,,,,,,,clinics.uz,,1,single,C,,auto_unverified,point,,"2026-07-19 00:15:46"
SEED001986,"Yuv Medical Service",medicine,private,,,+998712524085,,,,41.2929,69.2778,,,,,,,,,,,,,clinics.uz,,1,single,C,,auto_unverified,point,,"2026-07-19 00:15:46"
SEED001987,"Zamona Sulton Med",medicine,private,,,+998940500059,,,,41.3627,69.3354,,,,,,,,,,,,,clinics.uz,,1,single,C,,auto_unverified,point,,"2026-07-19 00:15:46"
SEED001988,"Zilola Health Med",medicine,private,,,,,,,41.1955,69.2095,,,,,,,,,,,,,clinics.uz,,1,single,C,,auto_unverified,point,,"2026-07-19 00:15:46"
SEED001989,"Ziyo Baxsh",medicine,private,,,+998998441818,,,,41.3488,69.1751,,,,,,,,,,,,,clinics.uz,,1,single,C,,auto_unverified,point,,"2026-07-19 00:15:46"
SEED001990,"Ziyo nur stom",medicine,private,,,+998999401369,,,,41.2712,69.1921,,,,,,,,,,,,,clinics.uz,,1,single,C,,auto_unverified,point,,"2026-07-19 00:15:46"
SEED001991,"Ziyoda Medical",medicine,private,,,+998888006659,,,,41.2693,69.1732,,,,,,,,,,,,,clinics.uz,,1,single,C,,auto_unverified,point,,"2026-07-19 00:15:46"
SEED001992,"АЗБУКА ЗДОРОВЬЯ",medicine,private,,,+998712457810,,,,41.305,69.2351,,,,,,,,,,,,,clinics.uz,,1,single,C,,auto_unverified,point,,"2026-07-19 00:15:46"
SEED001993,"Академия народной медицины",medicine,private,,,+998712213116,,,,41.3749,69.2775,,,,,,,,,,,,,clinics.uz,,1,single,C,,auto_unverified,point,,"2026-07-19 00:15:46"
SEED001994,"Андролог и Я",medicine,private,,,+998712758273,,,,41.2981,69.1889,,,,,,,,,,,,,clinics.uz,,1,single,C,,auto_unverified,point,,"2026-07-19 00:15:46"
SEED001995,Аралия,medicine,private,,,+998712675731,,,,41.3221,69.3212,,,,,,,,,,,,,clinics.uz,,1,single,C,,auto_unverified,point,,"2026-07-19 00:15:46"
SEED001996,"Бактериологическая лаборатория",medicine,private,,,+998712537979,,,,41.2718,69.2212,,,,,,,,,,,,,clinics.uz,,1,single,C,,auto_unverified,point,,"2026-07-19 00:15:46"
SEED001997,Биоритм,medicine,private,,,+998951444033,,,,41.3723,69.3128,,,,,,,,,,,,,clinics.uz,,1,single,C,,auto_unverified,point,,"2026-07-19 00:15:46"
SEED001998,Борменталь,medicine,private,,,+998711501661,,,,41.3261,69.2778,,,,,,,,,,,,,clinics.uz,,1,single,C,,auto_unverified,point,,"2026-07-19 00:15:46"
SEED001999,"Городская инфекционная больница №3",medicine,private,,,+998712509513,,,,41.2669,69.241,,,,,,,,,,,,,clinics.uz,,1,single,C,,auto_unverified,point,,"2026-07-19 00:15:46"
SEED002000,"Городская инфекционная больница №5",medicine,private,,,+998712457353,,,,41.3067,69.2493,,,,,,,,,,,,,clinics.uz,,1,single,C,,auto_unverified,point,,"2026-07-19 00:15:46"
SEED002001,"Городская клиническая больница Нуроний",medicine,private,,,+998712915623,,,,41.289,69.3193,,,,,,,,,,,,,clinics.uz,,1,single,C,,auto_unverified,point,,"2026-07-19 00:15:46"
SEED002002,"Городская клиническая больница №1",medicine,private,,,+998712496493,,,,41.3215,69.2196,,,,,,,,,,,,,clinics.uz,,1,single,C,,auto_unverified,point,,"2026-07-19 00:15:46"
SEED002003,"Городская клиническая больница №2",medicine,private,,,+998712550625,,,,41.2688,69.2833,,,,,,,,,,,,,clinics.uz,,1,single,C,,auto_unverified,point,,"2026-07-19 00:15:46"
SEED002004,"Городская клиническая больница №3",medicine,private,,,+998712939026,,,,41.2724,69.3068,,,,,,,,,,,,,clinics.uz,,1,single,C,,auto_unverified,point,,"2026-07-19 00:15:46"
SEED002005,"Городская клиническая больница №7",medicine,private,,,+998712248933,,,,41.3574,69.2744,,,,,,,,,,,,,clinics.uz,,1,single,C,,auto_unverified,point,,"2026-07-19 00:15:46"
SEED002006,"Городская клиническая инфекционная больница №1",medicine,private,,,+998712403461,,,,41.3452,69.2604,,,,,,,,,,,,,clinics.uz,,1,single,C,,auto_unverified,point,,"2026-07-19 00:15:46"
SEED002007,"Городская клиническая туберкулезная больница №1",medicine,private,,,+998712481890,,,,41.3496,69.2353,,,,,,,,,,,,,clinics.uz,,1,single,C,,auto_unverified,point,,"2026-07-19 00:15:46"
SEED002008,"Городской детский консультативно-диагностический центр",medicine,private,,,+998712333872,,,,41.306,69.3044,,,,,,,,,,,,,clinics.uz,,1,single,C,,auto_unverified,point,,"2026-07-19 00:15:46"
SEED002009,"Городской медицинский консультативный диагностический центр",medicine,private,,,+998712895006,,,,41.3104,69.3116,,,,,,,,,,,,,clinics.uz,,1,single,C,,auto_unverified,point,,"2026-07-19 00:15:46"
SEED002010,"Городской Родильный комплекс №1",medicine,private,,,+998712571160,,,,41.1968,69.2137,,,,,,,,,,,,,clinics.uz,,1,single,C,,auto_unverified,point,,"2026-07-19 00:15:46"
SEED002011,"Городской родильный комплекс №5",medicine,private,,,+998712915962,,,,41.268,69.2998,,,,,,,,,,,,,clinics.uz,,1,single,C,,auto_unverified,point,,"2026-07-19 00:15:46"
SEED002012,"Городской родильный комплекс №7",medicine,private,,,+998712730291,,,,41.2944,69.2103,,,,,,,,,,,,,clinics.uz,,1,single,C,,auto_unverified,point,,"2026-07-19 00:15:46"
SEED002013,"Дерматология Юнусова Севара",medicine,private,,,+998881828282,,,,41.2925,69.2821,,,,,,,,,,,,,clinics.uz,,1,single,C,,auto_unverified,point,,"2026-07-19 00:15:46"
SEED002014,"Детская городская больница №1",medicine,private,,,+998712245446,,,,41.3613,69.2976,,,,,,,,,,,,,clinics.uz,,1,single,C,,auto_unverified,point,,"2026-07-19 00:15:46"
SEED002015,"Детская городская инфекционная больница №2",medicine,private,,,+998712946285,,,,41.2974,69.3452,,,,,,,,,,,,,clinics.uz,,1,single,C,,auto_unverified,point,,"2026-07-19 00:15:46"
SEED002016,"Детская городская клиническая больница №5",medicine,private,,,+998712625920,,,,41.3392,69.334,,,,,,,,,,,,,clinics.uz,,1,single,C,,auto_unverified,point,,"2026-07-19 00:15:46"
SEED002017,"Детская городская хирургическая клиническая больница №2",medicine,private,,,+998712688722,,,,41.3303,69.336,,,,,,,,,,,,,clinics.uz,,1,single,C,,auto_unverified,point,,"2026-07-19 00:15:46"
SEED002018,"Детская железнодорожная больница",medicine,private,,,+998712999494,,,,41.2693,69.2928,,,,,,,,,,,,,clinics.uz,,1,single,C,,auto_unverified,point,,"2026-07-19 00:15:46"
SEED002019,"Детская инфекционная клиническая больница №4",medicine,private,,,+998712419154,,,,41.3388,69.2608,,,,,,,,,,,,,clinics.uz,,1,single,C,,auto_unverified,point,,"2026-07-19 00:15:46"
SEED002020,"Детский городской кардиоревматологический центр",medicine,private,,,+998712429404,,,,41.3266,69.221,,,,,,,,,,,,,clinics.uz,,1,single,C,,auto_unverified,point,,"2026-07-19 00:15:46"
SEED002021,"Детский костно-туберкулезный санаторий",medicine,private,,,+998712642526,,,,41.3542,69.3775,,,,,,,,,,,,,clinics.uz,,1,single,C,,auto_unverified,point,,"2026-07-19 00:15:46"
SEED002022,"Детский национальный медицинский центр",medicine,private,,,+998953410003,,,,41.3045,69.3399,,,,,,,,,,,,,clinics.uz,,1,single,C,,auto_unverified,point,,"2026-07-19 00:15:46"
SEED002023,"Доктор Рядом",medicine,private,,,+998555122112,,,,41.365,69.3086,,,,,,,,,,,,,clinics.uz,,1,single,C,,auto_unverified,point,,"2026-07-19 00:15:46"
SEED002024,"Доктор Уктам",medicine,private,,,+998712467711,,,,41.3427,69.1953,,,,,,,,,,,,,clinics.uz,,1,single,C,,auto_unverified,point,,"2026-07-19 00:15:46"
SEED002025,"Зайтун Мед Тиб",medicine,private,,,+998935874403,,,,41.3402,69.2549,,,,,,,,,,,,,clinics.uz,,1,single,C,,auto_unverified,point,,"2026-07-19 00:15:46"
SEED002026,"Клиника Dr.Summit",medicine,private,,,+998712363156,,,,41.3171,69.2845,,,,,,,,,,,,,clinics.uz,,1,single,C,,auto_unverified,point,,"2026-07-19 00:15:46"
SEED002027,"Клиника НИИ эпидемиологии, микробиологии и инфекционных заболеваний",medicine,private,,,+998712433605,,,,41.3104,69.1876,,,,,,,,,,,,,clinics.uz,,1,single,C,,auto_unverified,point,,"2026-07-19 00:15:46"
SEED002028,"Клиника ТашПМИ",medicine,private,,,+998712603116,,,,41.3647,69.3353,,,,,,,,,,,,,clinics.uz,,1,single,C,,auto_unverified,point,,"2026-07-19 00:15:46"
SEED002029,"Клиническая больница скорой медицинской помощи",medicine,private,,,+998712751708,,,,41.2988,69.1905,,,,,,,,,,,,,clinics.uz,,1,single,C,,auto_unverified,point,,"2026-07-19 00:15:46"
SEED002030,"Круглосуточно лор 24/7 - Lor Tashkent",medicine,private,,,,,,,41.3682,69.2844,,,,,,,,,,,,,clinics.uz,,1,single,C,,auto_unverified,point,,"2026-07-19 00:15:46"
SEED002031,"Кукча Мед",medicine,private,,,+998909960560,,,,41.322,69.2061,,,,,,,,,,,,,clinics.uz,,1,single,C,,auto_unverified,point,,"2026-07-19 00:15:46"
SEED002032,"Медицинский центр Uzoq-Umr",medicine,private,,,+998712537053,,,,41.2815,69.2486,,,,,,,,,,,,,clinics.uz,,1,single,C,,auto_unverified,point,,"2026-07-19 00:15:46"
SEED002033,"Медицинский центр акушерства и гинекологии",medicine,private,,,+998712637849,,,,41.3558,69.3592,,,,,,,,,,,,,clinics.uz,,1,single,C,,auto_unverified,point,,"2026-07-19 00:15:46"
SEED002034,"Медицинский Центр Алексея Назарова",medicine,private,,,+998712861001,,,,41.3294,69.3112,,,,,,,,,,,,,clinics.uz,,1,single,C,,auto_unverified,point,,"2026-07-19 00:15:46"
SEED002035,"Муборак клиника",medicine,private,,,+998951770309,,,,41.3815,69.4633,,,,,,,,,,,,,clinics.uz,,1,single,C,,auto_unverified,point,,"2026-07-19 00:15:46"
SEED002036,"Национальный медицинский центр",medicine,private,,,+998712051514,,,,41.3106,69.3047,,,,,,,,,,,,,clinics.uz,,1,single,C,,auto_unverified,point,,"2026-07-19 00:15:46"
SEED002037,"Национальный центр реабилитации и протезирования инвалидов",medicine,private,,,+998712350033,,,,41.3351,69.3063,,,,,,,,,,,,,clinics.uz,,1,single,C,,auto_unverified,point,,"2026-07-19 00:15:46"
SEED002038,"НИИ вирусологии",medicine,private,,,+998712311849,,,,41.3605,69.3007,,,,,,,,,,,,,clinics.uz,,1,single,C,,auto_unverified,point,,"2026-07-19 00:15:46"
SEED002039,"НИИ травматологии и ортопедии",medicine,private,,,+998712338004,,,,41.3064,69.2932,,,,,,,,,,,,,clinics.uz,,1,single,C,,auto_unverified,point,,"2026-07-19 00:15:46"
SEED002040,"НУР-СТОМ PLUS",medicine,private,,,+998712535206,,,,41.2776,69.246,,,,,,,,,,,,,clinics.uz,,1,single,C,,auto_unverified,point,,"2026-07-19 00:15:46"
SEED002041,"Перинатальный городской центр",medicine,private,,,+998712425762,,,,41.3211,69.2176,,,,,,,,,,,,,clinics.uz,,1,single,C,,auto_unverified,point,,"2026-07-19 00:15:46"
SEED002042,"Поликлиника №66",medicine,private,,,+998993709057,,,,41.2136,69.2015,,,,,,,,,,,,,clinics.uz,,1,single,C,,auto_unverified,point,,"2026-07-19 00:15:46"
SEED002043,Прогноз,medicine,private,,,,,,,41.3154,69.2982,,,,,,,,,,,,,clinics.uz,,1,single,C,,auto_unverified,point,,"2026-07-19 00:15:46"
SEED002044,"Противотуберкулезный диспансер №4",medicine,private,,,+998712351010,,,,41.3231,69.2848,,,,,,,,,,,,,clinics.uz,,1,single,C,,auto_unverified,point,,"2026-07-19 00:15:46"
SEED002045,"Психиатрическая городская больница",medicine,private,,,+998712911814,,,,41.2843,69.2864,,,,,,,,,,,,,clinics.uz,,1,single,C,,auto_unverified,point,,"2026-07-19 00:15:46"
SEED002046,"Республиканская детская психоневрологическая больница",medicine,private,,,+998712677357,,,,41.3218,69.3172,,,,,,,,,,,,,clinics.uz,,1,single,C,,auto_unverified,point,,"2026-07-19 00:15:46"
SEED002047,"Республиканская кожно-венерологическая больница",medicine,private,,,+998712991707,,,,41.2959,69.2897,,,,,,,,,,,,,clinics.uz,,1,single,C,,auto_unverified,point,,"2026-07-19 00:15:46"
SEED002048,"РНПЦ спортивной медицины",medicine,private,,,+998712415245,,,,41.3166,69.2549,,,,,,,,,,,,,clinics.uz,,1,single,C,,auto_unverified,point,,"2026-07-19 00:15:46"
SEED002049,"Республиканский аллергологический центр",medicine,private,,,+998781500665,,,,41.3507,69.1781,,,,,,,,,,,,,clinics.uz,,1,single,C,,auto_unverified,point,,"2026-07-19 00:15:46"
SEED002050,"Республиканский научный центр нейрохирургии",medicine,private,,,+998712649630,,,,41.3425,69.3829,,,,,,,,,,,,,clinics.uz,,1,single,C,,auto_unverified,point,,"2026-07-19 00:15:46"
SEED002051,"РСНПМЦ нефрологии и трансплантации",medicine,private,,,+998712249659,,,,41.361,69.2984,,,,,,,,,,,,,clinics.uz,,1,single,C,,auto_unverified,point,,"2026-07-19 00:15:46"
SEED002052,"РСЦ хирургии им. В.В. Вахидова",medicine,private,,,+998712304998,,,,41.2733,69.2107,,,,,,,,,,,,,clinics.uz,,1,single,C,,auto_unverified,point,,"2026-07-19 00:15:46"
SEED002053,"Родильный комплекс №3",medicine,private,,,+998712265658,,,,41.3442,69.2613,,,,,,,,,,,,,clinics.uz,,1,single,C,,auto_unverified,point,,"2026-07-19 00:15:46"
SEED002054,"Санаторий ТАШТЕРМАЛ",medicine,private,,,+998974777770,,,,41.3634,69.0777,,,,,,,,,,,,,clinics.uz,,1,single,C,,auto_unverified,point,,"2026-07-19 00:15:46"
SEED002055,"Семейная поликлиника №1",medicine,private,,,+998712540803,,,,41.2986,69.2798,,,,,,,,,,,,,clinics.uz,,1,single,C,,auto_unverified,point,,"2026-07-19 00:15:46"
SEED002056,"Семейная поликлиника №10",medicine,private,,,+998712516404,,,,41.2171,69.2196,,,,,,,,,,,,,clinics.uz,,1,single,C,,auto_unverified,point,,"2026-07-19 00:15:46"
SEED002057,"Семейная поликлиника №13",medicine,private,,,+998712159666,,,,41.2696,69.2768,,,,,,,,,,,,,clinics.uz,,1,single,C,,auto_unverified,point,,"2026-07-19 00:15:46"
SEED002058,"Семейная поликлиника №15",medicine,private,,,+998712290645,,,,41.3636,69.2131,,,,,,,,,,,,,clinics.uz,,1,single,C,,auto_unverified,point,,"2026-07-19 00:15:46"
SEED002059,"Семейная поликлиника №2",medicine,private,,,+998712905019,,,,41.252,69.3125,,,,,,,,,,,,,clinics.uz,,1,single,C,,auto_unverified,point,,"2026-07-19 00:15:46"
SEED002060,"Семейная поликлиника №20",medicine,private,,,+998712484044,,,,41.3556,69.2375,,,,,,,,,,,,,clinics.uz,,1,single,C,,auto_unverified,point,,"2026-07-19 00:15:46"
SEED002061,"Семейная поликлиника №22",medicine,private,,,+998712473967,,,,41.3159,69.1652,,,,,,,,,,,,,clinics.uz,,1,single,C,,auto_unverified,point,,"2026-07-19 00:15:46"
SEED002062,"Семейная поликлиника №23",medicine,private,,,+998712714710,,,,41.3005,69.1777,,,,,,,,,,,,,clinics.uz,,1,single,C,,auto_unverified,point,,"2026-07-19 00:15:46"
SEED002063,"Семейная поликлиника №24",medicine,private,,,+998712763764,,,,41.279,69.1851,,,,,,,,,,,,,clinics.uz,,1,single,C,,auto_unverified,point,,"2026-07-19 00:15:46"
SEED002064,"Семейная поликлиника №26",medicine,private,,,+998712433966,,,,41.312,69.1898,,,,,,,,,,,,,clinics.uz,,1,single,C,,auto_unverified,point,,"2026-07-19 00:15:46"
SEED002065,"Семейная поликлиника №27",medicine,private,,,+998712916628,,,,41.2698,69.3235,,,,,,,,,,,,,clinics.uz,,1,single,C,,auto_unverified,point,,"2026-07-19 00:15:46"
SEED002066,"Семейная поликлиника №28",medicine,private,,,+998712982698,,,,41.2639,69.3535,,,,,,,,,,,,,clinics.uz,,1,single,C,,auto_unverified,point,,"2026-07-19 00:15:46"
SEED002067,"Семейная поликлиника №29",medicine,private,,,+998992905722,,,,41.2415,69.3305,,,,,,,,,,,,,clinics.uz,,1,single,C,,auto_unverified,point,,"2026-07-19 00:15:46"
SEED002068,"Семейная поликлиника №32",medicine,private,,,+998712910525,,,,41.2879,69.3167,,,,,,,,,,,,,clinics.uz,,1,single,C,,auto_unverified,point,,"2026-07-19 00:15:46"
SEED002069,"Семейная поликлиника №33",medicine,private,,,+998712799906,,,,41.2704,69.2118,,,,,,,,,,,,,clinics.uz,,1,single,C,,auto_unverified,point,,"2026-07-19 00:15:46"
SEED002070,"Семейная поликлиника №37",medicine,private,,,+998712782409,,,,41.2942,69.2114,,,,,,,,,,,,,clinics.uz,,1,single,C,,auto_unverified,point,,"2026-07-19 00:15:46"
SEED002071,"Семейная поликлиника №38",medicine,private,,,+998712704145,,,,41.2878,69.3166,,,,,,,,,,,,,clinics.uz,,1,single,C,,auto_unverified,point,,"2026-07-19 00:15:46"
SEED002072,"Семейная поликлиника №40",medicine,private,,,+998712183652,,,,41.3356,69.1683,,,,,,,,,,,,,clinics.uz,,1,single,C,,auto_unverified,point,,"2026-07-19 00:15:46"
SEED002073,"Семейная поликлиника №41",medicine,private,,,+998712433217,,,,41.329,69.1906,,,,,,,,,,,,,clinics.uz,,1,single,C,,auto_unverified,point,,"2026-07-19 00:15:46"
SEED002074,"Семейная поликлиника №42",medicine,private,,,+998712418089,,,,41.3391,69.2621,,,,,,,,,,,,,clinics.uz,,1,single,C,,auto_unverified,point,,"2026-07-19 00:15:46"
SEED002075,"Семейная поликлиника №43",medicine,private,,,+998712781619,,,,41.3064,69.1975,,,,,,,,,,,,,clinics.uz,,1,single,C,,auto_unverified,point,,"2026-07-19 00:15:46"
SEED002076,"Семейная поликлиника №44",medicine,private,,,+998712426527,,,,41.3263,69.2181,,,,,,,,,,,,,clinics.uz,,1,single,C,,auto_unverified,point,,"2026-07-19 00:15:46"
SEED002077,"Семейная поликлиника №46",medicine,private,,,+998781506703,,,,41.3078,69.218,,,,,,,,,,,,,clinics.uz,,1,single,C,,auto_unverified,point,,"2026-07-19 00:15:46"
SEED002078,"Семейная поликлиника №47",medicine,private,,,+998781505501,,,,41.3188,69.2402,,,,,,,,,,,,,clinics.uz,,1,single,C,,auto_unverified,point,,"2026-07-19 00:15:46"
SEED002079,"Семейная поликлиника №48",medicine,private,,,+998712443220,,,,41.3234,69.2541,,,,,,,,,,,,,clinics.uz,,1,single,C,,auto_unverified,point,,"2026-07-19 00:15:46"
SEED002080,"Семейная поликлиника №49",medicine,private,,,+998712120125,,,,41.3519,69.3027,,,,,,,,,,,,,clinics.uz,,1,single,C,,auto_unverified,point,,"2026-07-19 00:15:46"
SEED002081,"Семейная поликлиника №50",medicine,private,,,+998712358101,,,,41.3298,69.2821,,,,,,,,,,,,,clinics.uz,,1,single,C,,auto_unverified,point,,"2026-07-19 00:15:46"
SEED002082,"Семейная поликлиника №51",medicine,private,,,+998712122181,,,,41.3532,69.286,,,,,,,,,,,,,clinics.uz,,1,single,C,,auto_unverified,point,,"2026-07-19 00:15:46"
SEED002083,"Семейная поликлиника №52",medicine,private,,,+998712245397,,,,41.3706,69.2723,,,,,,,,,,,,,clinics.uz,,1,single,C,,auto_unverified,point,,"2026-07-19 00:15:46"
SEED002084,"Семейная поликлиника №54",medicine,private,,,+998712248722,,,,41.3602,69.2961,,,,,,,,,,,,,clinics.uz,,1,single,C,,auto_unverified,point,,"2026-07-19 00:15:46"
SEED002085,"Семейная поликлиника №56",medicine,private,,,+998712345481,,,,41.3392,69.2954,,,,,,,,,,,,,clinics.uz,,1,single,C,,auto_unverified,point,,"2026-07-19 00:15:46"
SEED002086,"Семейная поликлиника №58",medicine,private,,,+998712551800,,,,41.2773,69.2625,,,,,,,,,,,,,clinics.uz,,1,single,C,,auto_unverified,point,,"2026-07-19 00:15:46"
SEED002087,"Семейная поликлиника №59",medicine,private,,,+998712530819,,,,41.2708,69.238,,,,,,,,,,,,,clinics.uz,,1,single,C,,auto_unverified,point,,"2026-07-19 00:15:46"
SEED002088,"Семейная поликлиника №61",medicine,private,,,+998712318541,,,,41.2306,69.2076,,,,,,,,,,,,,clinics.uz,,1,single,C,,auto_unverified,point,,"2026-07-19 00:15:46"
SEED002089,"Семейная поликлиника №64",medicine,private,,,,,,,41.385,69.2592,,,,,,,,,,,,,clinics.uz,,1,single,C,,auto_unverified,point,,"2026-07-19 00:15:46"
SEED002090,"Семейная поликлиника №65",medicine,private,,,+998555030492,,,,41.2335,69.1927,,,,,,,,,,,,,clinics.uz,,1,single,C,,auto_unverified,point,,"2026-07-19 00:15:46"
SEED002091,"Семейная поликлиника №68",medicine,private,,,,,,,41.2388,69.274,,,,,,,,,,,,,clinics.uz,,1,single,C,,auto_unverified,point,,"2026-07-19 00:15:46"
SEED002092,"Семейная поликлиника №7",medicine,private,,,+998712626343,,,,41.3489,69.3379,,,,,,,,,,,,,clinics.uz,,1,single,C,,auto_unverified,point,,"2026-07-19 00:15:46"
SEED002093,"Семейная поликлиника №70",medicine,private,,,+998555087221,,,,41.3381,69.3907,,,,,,,,,,,,,clinics.uz,,1,single,C,,auto_unverified,point,,"2026-07-19 00:15:46"
SEED002094,"Семейная поликлиника №72",medicine,private,,,,,,,41.1955,69.2061,,,,,,,,,,,,,clinics.uz,,1,single,C,,auto_unverified,point,,"2026-07-19 00:15:46"
SEED002095,"Семейная поликлиника №8",medicine,private,,,+998712657269,,,,41.3311,69.3659,,,,,,,,,,,,,clinics.uz,,1,single,C,,auto_unverified,point,,"2026-07-19 00:15:46"
SEED002096,"Ташкентская городская лечебно-реабилитационная клиническая больница",medicine,private,,,+998712893170,,,,41.4035,69.4496,,,,,,,,,,,,,clinics.uz,,1,single,C,,auto_unverified,point,,"2026-07-19 00:15:46"
SEED002097,"Ташкентская Международная Клиника",medicine,private,,,+998712910142,,,,41.2751,69.293,,,,,,,,,,,,,clinics.uz,,1,single,C,,auto_unverified,point,,"2026-07-19 00:15:46"
SEED002098,"Ташкентская республиканская психиатрическая больница",medicine,private,,,+998712485093,,,,41.3775,69.2388,,,,,,,,,,,,,clinics.uz,,1,single,C,,auto_unverified,point,,"2026-07-19 00:15:46"
SEED002099,"Ташкентский городской подростковый диспансер",medicine,private,,,+998712351160,,,,41.3299,69.2802,,,,,,,,,,,,,clinics.uz,,1,single,C,,auto_unverified,point,,"2026-07-19 00:15:46"
SEED002100,"Ташкентский городской центр фтизиатрии и пульмонологии",medicine,private,,,+998712882317,,,,41.2977,69.2083,,,,,,,,,,,,,clinics.uz,,1,single,C,,auto_unverified,point,,"2026-07-19 00:15:46"
SEED002101,"Ташкентский городской эндокринологический диспансер",medicine,private,,,+998712555056,,,,41.2689,69.2833,,,,,,,,,,,,,clinics.uz,,1,single,C,,auto_unverified,point,,"2026-07-19 00:15:46"
SEED002102,"Ташкентский центр Норбекова",medicine,private,,,+998712764459,,,,41.2822,69.2108,,,,,,,,,,,,,clinics.uz,,1,single,C,,auto_unverified,point,,"2026-07-19 00:15:46"
SEED002103,"Тиббиёт олами",medicine,private,,,+998990887030,,,,41.2947,69.193,,,,,,,,,,,,,clinics.uz,,1,single,C,,auto_unverified,point,,"2026-07-19 00:15:46"
SEED002104,"Фарход Мадад Шифо",medicine,private,,,+998955122888,,,,41.384,69.4615,,,,,,,,,,,,,clinics.uz,,1,single,C,,auto_unverified,point,,"2026-07-19 00:15:46"
SEED002105,"Центр Восточного Здоровья",medicine,private,,,+998712685055,,,,41.3242,69.3394,,,,,,,,,,,,,clinics.uz,,1,single,C,,auto_unverified,point,,"2026-07-19 00:15:46"
SEED002106,"Центр ВРТ ЭКО",medicine,private,,,,,,,41.3466,69.3641,,,,,,,,,,,,,clinics.uz,,1,single,C,,auto_unverified,point,,"2026-07-19 00:15:46"
SEED002107,"Центр детской гематологии, онкологии и клинической иммунологии",medicine,private,,,+998712031103,,,,41.2786,69.2272,,,,,,,,,,,,,clinics.uz,,1,single,C,,auto_unverified,point,,"2026-07-19 00:15:46"
SEED002108,"Центр диагностики матери и ребёнка",medicine,private,,,+998991030808,,,,41.3527,69.3547,,,,,,,,,,,,,clinics.uz,,1,single,C,,auto_unverified,point,,"2026-07-19 00:15:46"
SEED002109,"Центр репродуктивной медицины",medicine,private,,,,,,,41.3406,69.2571,,,,,,,,,,,,,clinics.uz,,1,single,C,,auto_unverified,point,,"2026-07-19 00:15:46"
SEED002110,"Центр Томатис",medicine,private,,,+998974040506,,,,41.2839,69.2447,,,,,,,,,,,,,clinics.uz,,1,single,C,,auto_unverified,point,,"2026-07-19 00:15:46"
SEED002111,"Центральная диагностическая правительственная поликлиника №1",medicine,private,,,+998712362954,,,,41.304,69.2896,,,,,,,,,,,,,clinics.uz,,1,single,C,,auto_unverified,point,,"2026-07-19 00:15:46"
SEED002112,"Центральная клиническая больница №1",medicine,private,,,+998712648105,,,,41.3375,69.3593,,,,,,,,,,,,,clinics.uz,,1,single,C,,auto_unverified,point,,"2026-07-19 00:15:46"
SEED002113,"Центральная клиническая железнодорожная больница",medicine,private,,,,,,,41.302,69.3043,,,,,,,,,,,,,clinics.uz,,1,single,C,,auto_unverified,point,,"2026-07-19 00:15:46"
SEED002114,"Центральная многопрофильная поликлиника Мирабадского района",medicine,private,,,,,,,41.3035,69.2716,,,,,,,,,,,,,clinics.uz,,1,single,C,,auto_unverified,point,,"2026-07-19 00:15:46"
SEED002115,"Центральная многопрофильная поликлиника Текстильного Комбината",medicine,private,,,,,,,41.2767,69.2426,,,,,,,,,,,,,clinics.uz,,1,single,C,,auto_unverified,point,,"2026-07-19 00:15:46"
SEED002116,"Центральная многопрофильная поликлиника Юнусабадского района",medicine,private,,,+998712231081,,,,41.3707,69.3114,,,,,,,,,,,,,clinics.uz,,1,single,C,,auto_unverified,point,,"2026-07-19 00:15:46"
SEED002117,"Центральный военный клинический госпиталь",medicine,private,,,+998712624241,,,,41.3378,69.3302,,,,,,,,,,,,,clinics.uz,,1,single,C,,auto_unverified,point,,"2026-07-19 00:15:46"
SEED002118,"Центральный госпиталь МВД",medicine,private,,,+998712288836,,,,41.3603,69.2046,,,,,,,,,,,,,clinics.uz,,1,single,C,,auto_unverified,point,,"2026-07-19 00:15:46"
SEED002119,"Чиланзар мед",medicine,private,,,+998712779669,,,,41.2826,69.2234,,,,,,,,,,,,,clinics.uz,,1,single,C,,auto_unverified,point,,"2026-07-19 00:15:46"
SEED002120,"Стоматология (без названия в источнике)",medicine,dentist,,,,,,,41.29966,69.29262,,,,,,,41.29966,69.29262,,,,,OSM,,1,single,C,,auto_unverified,point,,"2026-07-19 00:15:46"
SEED002121,"Больница (без названия)",medicine,hospital,,,,,,,41.18193,69.44144,,,,,,,41.18193,69.44144,,,,,OSM,,1,single,C,,auto_unverified,point,,"2026-07-19 00:15:46"
SEED002122,"Поликлиника (без названия)",medicine,doctors,,,,,,,41.32712,69.17041,,,,,,,41.32712,69.17041,,,,,OSM,,1,single,C,,auto_unverified,point,,"2026-07-19 00:15:46"
SEED002123,"Стоматология (без названия в источнике)",medicine,dentist,,,,,,,41.31183,69.28755,,,,,,,41.31183,69.28755,,,,,OSM,,1,single,C,,auto_unverified,point,,"2026-07-19 00:15:46"
SEED002124,"Стоматология (без названия в источнике)",medicine,dentist,,,,,,,41.30824,69.31036,,,,,,,41.30824,69.31036,,,,,OSM,,1,single,C,,auto_unverified,point,,"2026-07-19 00:15:46"
SEED002125,"Стоматология (без названия в источнике)",medicine,dentist,,,,,,,41.33151,69.22141,,,,,,,41.33151,69.22141,,,,,OSM,,1,single,C,,auto_unverified,point,,"2026-07-19 00:15:46"
SEED002126,"Стоматология (без названия в источнике)",medicine,dentist,,,,,,,41.34818,69.24054,,,,,,,41.34818,69.24054,,,,,OSM,,1,single,C,,auto_unverified,point,,"2026-07-19 00:15:46"
SEED002127,"Стоматология (без названия в источнике)",medicine,dentist,,,,,,,41.25466,69.15653,,,,,,,41.25466,69.15653,,,,,OSM,,1,single,C,,auto_unverified,point,,"2026-07-19 00:15:46"
SEED002128,"Поликлиника (без названия)",medicine,doctors,,,,,,,41.30702,69.2728,,,,,,,41.30702,69.2728,,,,,OSM,,1,single,C,,auto_unverified,point,,"2026-07-19 00:15:46"
SEED002129,"Стоматология (без названия в источнике)",medicine,dentist,,,,,,,41.21979,69.21645,,,,,,,41.21979,69.21645,,,,,OSM,,1,single,C,,auto_unverified,point,,"2026-07-19 00:15:46"
SEED002130,"Поликлиника (без названия)",medicine,doctors,,,,,,,41.29013,69.20031,,,,,,,41.29013,69.20031,,,,,OSM,,1,single,C,,auto_unverified,point,,"2026-07-19 00:15:46"
SEED002131,"Поликлиника (без названия)",medicine,doctors,,,,,,,41.29204,69.1933,,,,,,,41.29204,69.1933,,,,,OSM,,1,single,C,,auto_unverified,point,,"2026-07-19 00:15:46"
SEED002132,"Стоматология (без названия в источнике)",medicine,dentist,,,,,,,41.2861,69.34574,,,,,,,41.2861,69.34574,,,,,OSM,,1,single,C,,auto_unverified,point,,"2026-07-19 00:15:46"
SEED002133,"Стоматология (без названия в источнике)",medicine,dentist,,,,,,,41.28327,69.34865,,,,,,,41.28327,69.34865,,,,,OSM,,1,single,C,,auto_unverified,point,,"2026-07-19 00:15:46"
SEED002134,"Стоматология (без названия в источнике)",medicine,dentist,,,,,,,41.29182,69.26035,,,,,,,41.29182,69.26035,,,,,OSM,,1,single,C,,auto_unverified,point,,"2026-07-19 00:15:46"
SEED002135,"Стоматология (без названия в источнике)",medicine,dentist,,,,,,,41.28599,69.19597,,,,,,,41.28599,69.19597,,,,,OSM,,1,single,C,,auto_unverified,point,,"2026-07-19 00:15:46"
SEED002136,"Поликлиника (без названия)",medicine,clinic,,,,,,,41.39225,69.3508,,,,,,,41.39225,69.3508,,,,,OSM,,1,single,C,,auto_unverified,point,,"2026-07-19 00:15:46"
SEED002137,"Стоматология (без названия в источнике)",medicine,dentist,,,,,,,41.34924,69.19268,,,,,,,41.34924,69.19268,,,,,OSM,,1,single,C,,auto_unverified,point,,"2026-07-19 00:15:46"
SEED002138,"Поликлиника (без названия)",medicine,clinic,,,,,,,41.32702,69.25314,,,,,,,41.32702,69.25314,,,,,OSM,,1,single,C,,auto_unverified,point,,"2026-07-19 00:15:46"
SEED002139,"Стоматология (без названия в источнике)",medicine,dentist,,,,,,,41.29556,69.35414,,,,,,,41.29556,69.35414,,,,,OSM,,1,single,C,,auto_unverified,point,,"2026-07-19 00:15:46"
SEED002140,"Стоматология (без названия в источнике)",medicine,dentist,,,,,,,41.37256,69.30544,,,,,,,41.37256,69.30544,,,,,OSM,,1,single,C,,auto_unverified,point,,"2026-07-19 00:15:46"
SEED002141,"Стоматология (без названия в источнике)",medicine,dentist,,,,,,,41.28271,69.18005,,,,,,,41.28271,69.18005,,,,,OSM,,1,single,C,,auto_unverified,point,,"2026-07-19 00:15:46"
SEED002142,"Стоматология (без названия в источнике)",medicine,dentist,,,,,,,41.32858,69.30446,,,,,,,41.32858,69.30446,,,,,OSM,,1,single,C,,auto_unverified,point,,"2026-07-19 00:15:46"
SEED002143,"Поликлиника (без названия)",medicine,doctors,,"Yuqori Chirchiq ko'chasi",,,,,41.22771,69.36778,,,,,,,41.22771,69.36778,,,,,OSM,,1,single,C,,auto_unverified,point,,"2026-07-19 00:15:46"
SEED002144,"Больница (без названия)",medicine,hospital,,,,,,,41.40743,69.17398,,,,,,,41.40743,69.17398,,,,,OSM,,1,single,C,,auto_unverified,point,,"2026-07-19 00:15:46"
SEED002145,"Стоматология (без названия в источнике)",medicine,dentist,,,,,,,41.37149,69.29486,,,,,,,41.37149,69.29486,,,,,OSM,,1,single,C,,auto_unverified,point,,"2026-07-19 00:15:46"
SEED002146,"Стоматология (без названия в источнике)",medicine,dentist,,,,,,,41.28259,69.18013,,,,,,,41.28259,69.18013,,,,,OSM,,1,single,C,,auto_unverified,point,,"2026-07-19 00:15:46"
SEED002147,"Поликлиника (без названия)",medicine,doctors,,,,,,,41.24182,69.16859,,,,,,,41.24182,69.16859,,,,,OSM,,1,single,C,,auto_unverified,point,,"2026-07-19 00:15:46"
SEED002148,"Стоматология (без названия в источнике)",medicine,dentist,,,,,,,41.32253,69.21081,,,,,,,41.32253,69.21081,,,,,OSM,,1,single,C,,auto_unverified,point,,"2026-07-19 00:15:46"
SEED002149,"Стоматология (без названия в источнике)",medicine,dentist,,,,,,,41.41599,69.19976,,,,,,,41.41599,69.19976,,,,,OSM,,1,single,C,,auto_unverified,point,,"2026-07-19 00:15:46"
SEED002150,"Стоматология (без названия в источнике)",medicine,dentist,,,,,,,41.28805,69.35135,,,,,,,41.28805,69.35135,,,,,OSM,,1,single,C,,auto_unverified,point,,"2026-07-19 00:15:46"
SEED002151,"Стоматология (без названия в источнике)",medicine,dentist,,,,,,,41.28755,69.35007,,,,,,,41.28755,69.35007,,,,,OSM,,1,single,C,,auto_unverified,point,,"2026-07-19 00:15:46"
SEED002152,"Больница (без названия)",medicine,hospital,,,,,,,41.31633,69.24321,,,,,,,41.31633,69.24321,,,,,OSM,,1,single,C,,auto_unverified,point,,"2026-07-19 00:15:46"
SEED002153,"Поликлиника (без названия)",medicine,doctors,,,,,,,41.26797,69.3586,,,,,,,41.26797,69.3586,,,,,OSM,,1,single,C,,auto_unverified,point,,"2026-07-19 00:15:46"
SEED002154,"Реабилитация (без названия)",medicine,rehab,,,,,,,41.31092,69.32594,,,,,,,41.31092,69.32594,,,,,OSM,,1,single,C,,auto_unverified,point,,"2026-07-19 00:15:46"
SEED002155,"Стоматология (без названия в источнике)",medicine,dentist,,,,,,,41.34413,69.38608,,,,,,,41.34413,69.38608,,,,,OSM,,1,single,C,,auto_unverified,point,,"2026-07-19 00:15:46"
SEED002156,"Стоматология (без названия в источнике)",medicine,dentist,,,,,,,41.34394,69.38792,,,,,,,41.34394,69.38792,,,,,OSM,,1,single,C,,auto_unverified,point,,"2026-07-19 00:15:46"
SEED002157,"Поликлиника (без названия)",medicine,clinic,,,,,,,41.34298,69.25908,,,,,,,41.34298,69.25908,,,,,OSM,,1,single,C,,auto_unverified,point,,"2026-07-19 00:15:46"
SEED002158,"Стоматология (без названия в источнике)",medicine,dentist,,19,,,,,41.36763,69.28691,,,,,,,41.36763,69.28691,,,,,OSM,,1,single,C,,auto_unverified,point,,"2026-07-19 00:15:46"
SEED002159,"Реабилитация (без названия)",medicine,rehab,,"Навруз 32",,,,,41.25036,69.12837,,,,,,,41.25036,69.12837,,,,,OSM,,1,single,C,,auto_unverified,point,,"2026-07-19 00:15:46"
SEED002160,"Поликлиника (без названия)",medicine,clinic,,"Birlashgan 2-berk ko'chasi",,,,,41.29097,69.34608,,,,,,,41.29097,69.34608,,,,,OSM,,1,single,C,,auto_unverified,point,,"2026-07-19 00:15:46"
SEED002161,"Стоматология (без названия в источнике)",medicine,dentist,,,,,,,41.28515,69.22623,,,,,,,41.28515,69.22623,,,,,OSM,,1,single,C,,auto_unverified,point,,"2026-07-19 00:15:46"
SEED002162,"Поликлиника (без названия)",medicine,doctors,,,,,,,41.28847,69.22384,,,,,,,41.28847,69.22384,,,,,OSM,,1,single,C,,auto_unverified,point,,"2026-07-19 00:15:46"
SEED002163,"Стоматология (без названия в источнике)",medicine,dentist,,,,,,,41.2868,69.23227,,,,,,,41.2868,69.23227,,,,,OSM,,1,single,C,,auto_unverified,point,,"2026-07-19 00:15:46"
SEED002164,"Поликлиника (без названия)",medicine,clinic,,,,,,,41.29,69.24892,,,,,,,41.29,69.24892,,,,,OSM,,1,single,C,,auto_unverified,point,,"2026-07-19 00:15:46"
SEED002165,"Поликлиника (без названия)",medicine,clinic,,,,,,,41.35986,69.19559,,,,,,,41.35986,69.19559,,,,,OSM,,1,single,C,,auto_unverified,point,,"2026-07-19 00:15:46"
SEED002166,"Поликлиника (без названия)",medicine,clinic,,,,,,,41.34301,69.16899,,,,,,,41.34301,69.16899,,,,,OSM,,1,single,C,,auto_unverified,point,,"2026-07-19 00:15:46"
SEED002167,"Больница (без названия)",medicine,hospital,,,,,,,41.28814,69.27795,,,,,,,41.28814,69.27795,,,,,OSM,,1,single,C,,auto_unverified,point,,"2026-07-19 00:15:46"
SEED002168,"Поликлиника (без названия)",medicine,doctors,,,,,,,41.24937,69.31315,,,,,,,41.24937,69.31315,,,,,OSM,,1,single,C,,auto_unverified,point,,"2026-07-19 00:15:46"
SEED002169,"Поликлиника (без названия)",medicine,doctors,,,,,,,41.35646,69.16537,,,,,,,41.35646,69.16537,,,,,OSM,,1,single,C,,auto_unverified,point,,"2026-07-19 00:15:46"
SEED002170,"Больница (без названия)",medicine,hospital,,52/2,,,,,41.27781,69.19083,,,,,,,41.27781,69.19083,,,,,OSM,,1,single,C,,auto_unverified,point,,"2026-07-19 00:15:46"
SEED002171,"Больница (без названия)",medicine,hospital,,,,,,,41.18872,69.43982,,,,,,,41.18872,69.43982,,,,,OSM,,1,single,C,,auto_unverified,point,,"2026-07-19 00:15:46"
SEED002172,"Поликлиника (без названия)",medicine,clinic,,"Muqimiy ko'chasi 44 a",,,,,41.28097,69.24163,,,,,,,41.28097,69.24163,,,,,OSM,,1,single,C,,auto_unverified,point,,"2026-07-19 00:15:46"
SEED002173,"Поликлиника (без названия)",medicine,clinic,,,,,,,41.31134,69.30544,,,,,,,41.31134,69.30544,,,,,OSM,,1,single,C,,auto_unverified,point,,"2026-07-19 00:15:46"
SEED002174,"Больница (без названия)",medicine,hospital,,,,,,,41.37811,69.16185,,,,,,,41.37811,69.16185,,,,,OSM,,1,single,C,,auto_unverified,point,,"2026-07-19 00:15:46"
SEED002175,"Больница (без названия)",medicine,hospital,,,,,,,41.1788,69.32818,,,,,,,41.1788,69.32818,,,,,OSM,,1,single,C,,auto_unverified,point,,"2026-07-19 00:15:46"
SEED002176,"Поликлиника (без названия)",medicine,clinic,,,,,,,41.34301,69.16899,,,,,,,41.34301,69.16899,,,,,OSM,,1,single,C,,auto_unverified,point,,"2026-07-19 00:15:46"
SEED002177,"Реабилитация (без названия)",medicine,rehab,,"Qoraqamish ko'chasi 5",,,,,41.35689,69.21545,,,,,,,41.35689,69.21545,,,,,OSM,,1,single,C,,auto_unverified,point,,"2026-07-19 00:15:46"
SEED002178,"Поликлиника (без названия)",medicine,clinic,,,,,,,41.40531,69.20306,,,,,,,41.40531,69.20306,,,,,OSM,,1,single,C,,auto_unverified,point,,"2026-07-19 00:15:46"
SEED002179,"Медобъект (без названия в источнике)",medicine,other,,,,,,,41.27502,69.2904,,,,,,,41.27502,69.2904,,,,,OSM,,1,single,C,,auto_unverified,point,,"2026-07-19 00:15:46"
SEED002180,,pharmacy,,,,,,,,41.3005,69.2765,,,,,,,41.3005,69.2765,,,,,OSM,,1,single,C,,auto_unverified,point,"координаты без названия — уточнить","2026-07-19 00:15:46"
SEED002181,,pharmacy,,,,,,,,41.2843,69.2096,,,,,,,41.2843,69.2096,,,,,OSM,,1,single,C,,auto_unverified,point,"координаты без названия — уточнить","2026-07-19 00:15:46"
SEED002182,,pharmacy,,,,,,,,41.2868,69.2056,,,,,,,41.2868,69.2056,,,,,OSM,,1,single,C,,auto_unverified,point,"координаты без названия — уточнить","2026-07-19 00:15:46"
SEED002183,,pharmacy,,,,,,,,41.2993,69.2895,,,,,,,41.2993,69.2895,,,,,OSM,,1,single,C,,auto_unverified,point,"координаты без названия — уточнить","2026-07-19 00:15:46"
SEED002184,,pharmacy,,,,,,,,41.2873,69.2832,,,,,,,41.2873,69.2832,,,,,OSM,,1,single,C,,auto_unverified,point,"координаты без названия — уточнить","2026-07-19 00:15:46"
SEED002185,,pharmacy,,,,,,,,41.2877,69.2845,,,,,,,41.2877,69.2845,,,,,OSM,,1,single,C,,auto_unverified,point,"координаты без названия — уточнить","2026-07-19 00:15:46"
SEED002186,,pharmacy,,,,,,,,41.3004,69.344,,,,,,,41.3004,69.344,,,,,OSM,,1,single,C,,auto_unverified,point,"координаты без названия — уточнить","2026-07-19 00:15:46"
SEED002187,,pharmacy,,,,,,,,41.2922,69.2991,,,,,,,41.2922,69.2991,,,,,OSM,,1,single,C,,auto_unverified,point,"координаты без названия — уточнить","2026-07-19 00:15:46"
SEED002188,,pharmacy,,,,,,,,41.2694,69.2768,,,,,,,41.2694,69.2768,,,,,OSM,,1,single,C,,auto_unverified,point,"координаты без названия — уточнить","2026-07-19 00:15:46"
SEED002189,,pharmacy,,,,,,,,41.2922,69.2808,,,,,,,41.2922,69.2808,,,,,OSM,,1,single,C,,auto_unverified,point,"координаты без названия — уточнить","2026-07-19 00:15:46"
SEED002190,,pharmacy,,,,,,,,41.282,69.3498,,,,,,,41.282,69.3498,,,,,OSM,,1,single,C,,auto_unverified,point,"координаты без названия — уточнить","2026-07-19 00:15:46"
SEED002191,,pharmacy,,,,,,,,41.2856,69.346,,,,,,,41.2856,69.346,,,,,OSM,,1,single,C,,auto_unverified,point,"координаты без названия — уточнить","2026-07-19 00:15:46"
SEED002192,,pharmacy,,,,,,,,41.2855,69.3467,,,,,,,41.2855,69.3467,,,,,OSM,,1,single,C,,auto_unverified,point,"координаты без названия — уточнить","2026-07-19 00:15:46"
SEED002193,,pharmacy,,,,,,,,41.2693,69.3001,,,,,,,41.2693,69.3001,,,,,OSM,,1,single,C,,auto_unverified,point,"координаты без названия — уточнить","2026-07-19 00:15:46"
SEED002194,,pharmacy,,,,,,,,41.2737,69.2934,,,,,,,41.2737,69.2934,,,,,OSM,,1,single,C,,auto_unverified,point,"координаты без названия — уточнить","2026-07-19 00:15:46"
SEED002195,,pharmacy,,,,,,,,41.2678,69.2955,,,,,,,41.2678,69.2955,,,,,OSM,,1,single,C,,auto_unverified,point,"координаты без названия — уточнить","2026-07-19 00:15:46"
SEED002196,,pharmacy,,,,,,,,41.1816,69.4408,,,,,,,41.1816,69.4408,,,,,OSM,,1,single,C,,auto_unverified,point,"координаты без названия — уточнить","2026-07-19 00:15:46"
SEED002197,,pharmacy,,,,,,,,41.2857,69.2896,,,,,,,41.2857,69.2896,,,,,OSM,,1,single,C,,auto_unverified,point,"координаты без названия — уточнить","2026-07-19 00:15:46"
SEED002198,,pharmacy,,,,,,,,41.2807,69.2949,,,,,,,41.2807,69.2949,,,,,OSM,,1,single,C,,auto_unverified,point,"координаты без названия — уточнить","2026-07-19 00:15:46"
SEED002199,,pharmacy,,,,,,,,41.291,69.3163,,,,,,,41.291,69.3163,,,,,OSM,,1,single,C,,auto_unverified,point,"координаты без названия — уточнить","2026-07-19 00:15:46"
SEED002200,,pharmacy,,,,,,,,41.2967,69.2855,,,,,,,41.2967,69.2855,,,,,OSM,,1,single,C,,auto_unverified,point,"координаты без названия — уточнить","2026-07-19 00:15:46"
SEED002201,,pharmacy,,,,,,,,41.275,69.3094,,,,,,,41.275,69.3094,,,,,OSM,,1,single,C,,auto_unverified,point,"координаты без названия — уточнить","2026-07-19 00:15:46"
SEED002202,,pharmacy,,,,,,,,41.2962,69.3451,,,,,,,41.2962,69.3451,,,,,OSM,,1,single,C,,auto_unverified,point,"координаты без названия — уточнить","2026-07-19 00:15:46"
SEED002203,,pharmacy,,,,,,,,41.2635,69.2227,,,,,,,41.2635,69.2227,,,,,OSM,,1,single,C,,auto_unverified,point,"координаты без названия — уточнить","2026-07-19 00:15:46"
SEED002204,,pharmacy,,,,,,,,41.3714,69.3177,,,,,,,41.3714,69.3177,,,,,OSM,,1,single,C,,auto_unverified,point,"координаты без названия — уточнить","2026-07-19 00:15:46"
SEED002205,,pharmacy,,,,,,,,41.3716,69.2873,,,,,,,41.3716,69.2873,,,,,OSM,,1,single,C,,auto_unverified,point,"координаты без названия — уточнить","2026-07-19 00:15:46"
SEED002206,,pharmacy,,,,,,,,41.3679,69.2863,,,,,,,41.3679,69.2863,,,,,OSM,,1,single,C,,auto_unverified,point,"координаты без названия — уточнить","2026-07-19 00:15:46"
SEED002207,,pharmacy,,,,,,,,41.3064,69.3076,,,,,,,41.3064,69.3076,,,,,OSM,,1,single,C,,auto_unverified,point,"координаты без названия — уточнить","2026-07-19 00:15:46"
SEED002208,,pharmacy,,,,,,,,41.2844,69.265,,,,,,,41.2844,69.265,,,,,OSM,,1,single,C,,auto_unverified,point,"координаты без названия — уточнить","2026-07-19 00:15:46"
SEED002209,,pharmacy,,,,,,,,41.2808,69.2687,,,,,,,41.2808,69.2687,,,,,OSM,,1,single,C,,auto_unverified,point,"координаты без названия — уточнить","2026-07-19 00:15:46"
SEED002210,,pharmacy,,,,,,,,41.2916,69.3406,,,,,,,41.2916,69.3406,,,,,OSM,,1,single,C,,auto_unverified,point,"координаты без названия — уточнить","2026-07-19 00:15:46"
SEED002211,,pharmacy,,,,,,,,41.2781,69.2447,,,,,,,41.2781,69.2447,,,,,OSM,,1,single,C,,auto_unverified,point,"координаты без названия — уточнить","2026-07-19 00:15:46"
SEED002212,,pharmacy,,,,,,,,41.2715,69.3054,,,,,,,41.2715,69.3054,,,,,OSM,,1,single,C,,auto_unverified,point,"координаты без названия — уточнить","2026-07-19 00:15:46"
SEED002213,,pharmacy,,,,,,,,41.2715,69.3053,,,,,,,41.2715,69.3053,,,,,OSM,,1,single,C,,auto_unverified,point,"координаты без названия — уточнить","2026-07-19 00:15:46"
SEED002214,,pharmacy,,,,,,,,41.2928,69.3348,,,,,,,41.2928,69.3348,,,,,OSM,,1,single,C,,auto_unverified,point,"координаты без названия — уточнить","2026-07-19 00:15:46"
SEED002215,,pharmacy,,,,,,,,41.2953,69.3355,,,,,,,41.2953,69.3355,,,,,OSM,,1,single,C,,auto_unverified,point,"координаты без названия — уточнить","2026-07-19 00:15:46"
SEED002216,,pharmacy,,,,,,,,41.2929,69.3321,,,,,,,41.2929,69.3321,,,,,OSM,,1,single,C,,auto_unverified,point,"координаты без названия — уточнить","2026-07-19 00:15:46"
SEED002217,,pharmacy,,,,,,,,41.2734,69.1872,,,,,,,41.2734,69.1872,,,,,OSM,,1,single,C,,auto_unverified,point,"координаты без названия — уточнить","2026-07-19 00:15:46"
SEED002218,,pharmacy,,,,,,,,41.2783,69.1971,,,,,,,41.2783,69.1971,,,,,OSM,,1,single,C,,auto_unverified,point,"координаты без названия — уточнить","2026-07-19 00:15:46"
SEED002219,,pharmacy,,,,,,,,41.3059,69.2656,,,,,,,41.3059,69.2656,,,,,OSM,,1,single,C,,auto_unverified,point,"координаты без названия — уточнить","2026-07-19 00:15:46"
SEED002220,,pharmacy,,,,,,,,41.3274,69.2481,,,,,,,41.3274,69.2481,,,,,OSM,,1,single,C,,auto_unverified,point,"координаты без названия — уточнить","2026-07-19 00:15:46"
SEED002221,,pharmacy,,,,,,,,41.3243,69.2445,,,,,,,41.3243,69.2445,,,,,OSM,,1,single,C,,auto_unverified,point,"координаты без названия — уточнить","2026-07-19 00:15:46"
SEED002222,,pharmacy,,,,,,,,41.3263,69.2537,,,,,,,41.3263,69.2537,,,,,OSM,,1,single,C,,auto_unverified,point,"координаты без названия — уточнить","2026-07-19 00:15:46"
SEED002223,,pharmacy,,,,,,,,41.3076,69.2928,,,,,,,41.3076,69.2928,,,,,OSM,,1,single,C,,auto_unverified,point,"координаты без названия — уточнить","2026-07-19 00:15:46"
SEED002224,,pharmacy,,,,,,,,41.3427,69.3392,,,,,,,41.3427,69.3392,,,,,OSM,,1,single,C,,auto_unverified,point,"координаты без названия — уточнить","2026-07-19 00:15:46"
SEED002225,,pharmacy,,,,,,,,41.3411,69.3373,,,,,,,41.3411,69.3373,,,,,OSM,,1,single,C,,auto_unverified,point,"координаты без названия — уточнить","2026-07-19 00:15:46"
SEED002226,,pharmacy,,,,,,,,41.3391,69.339,,,,,,,41.3391,69.339,,,,,OSM,,1,single,C,,auto_unverified,point,"координаты без названия — уточнить","2026-07-19 00:15:46"
SEED002227,,pharmacy,,,,,,,,41.3413,69.2988,,,,,,,41.3413,69.2988,,,,,OSM,,1,single,C,,auto_unverified,point,"координаты без названия — уточнить","2026-07-19 00:15:46"
SEED002228,,pharmacy,,,,,,,,41.3265,69.2906,,,,,,,41.3265,69.2906,,,,,OSM,,1,single,C,,auto_unverified,point,"координаты без названия — уточнить","2026-07-19 00:15:46"
SEED002229,,pharmacy,,,,,,,,41.3249,69.2605,,,,,,,41.3249,69.2605,,,,,OSM,,1,single,C,,auto_unverified,point,"координаты без названия — уточнить","2026-07-19 00:15:46"
SEED002230,,pharmacy,,,,,,,,41.3224,69.2181,,,,,,,41.3224,69.2181,,,,,OSM,,1,single,C,,auto_unverified,point,"координаты без названия — уточнить","2026-07-19 00:15:46"
SEED002231,,pharmacy,,,,,,,,41.3224,69.2185,,,,,,,41.3224,69.2185,,,,,OSM,,1,single,C,,auto_unverified,point,"координаты без названия — уточнить","2026-07-19 00:15:46"
SEED002232,,pharmacy,,,,,,,,41.3224,69.2187,,,,,,,41.3224,69.2187,,,,,OSM,,1,single,C,,auto_unverified,point,"координаты без названия — уточнить","2026-07-19 00:15:46"
SEED002233,,pharmacy,,,,,,,,41.3224,69.2184,,,,,,,41.3224,69.2184,,,,,OSM,,1,single,C,,auto_unverified,point,"координаты без названия — уточнить","2026-07-19 00:15:46"
SEED002234,,pharmacy,,,,,,,,41.3224,69.2191,,,,,,,41.3224,69.2191,,,,,OSM,,1,single,C,,auto_unverified,point,"координаты без названия — уточнить","2026-07-19 00:15:46"
SEED002235,,pharmacy,,,,,,,,41.2693,69.3237,,,,,,,41.2693,69.3237,,,,,OSM,,1,single,C,,auto_unverified,point,"координаты без названия — уточнить","2026-07-19 00:15:46"
SEED002236,,pharmacy,,,,,,,,41.2696,69.3239,,,,,,,41.2696,69.3239,,,,,OSM,,1,single,C,,auto_unverified,point,"координаты без названия — уточнить","2026-07-19 00:15:46"
SEED002237,,pharmacy,,,,,,,,41.283,69.1908,,,,,,,41.283,69.1908,,,,,OSM,,1,single,C,,auto_unverified,point,"координаты без названия — уточнить","2026-07-19 00:15:46"
SEED002238,,pharmacy,,,,,,,,41.2808,69.1942,,,,,,,41.2808,69.1942,,,,,OSM,,1,single,C,,auto_unverified,point,"координаты без названия — уточнить","2026-07-19 00:15:46"
SEED002239,,pharmacy,,,,,,,,41.2871,69.1857,,,,,,,41.2871,69.1857,,,,,OSM,,1,single,C,,auto_unverified,point,"координаты без названия — уточнить","2026-07-19 00:15:46"
SEED002240,,pharmacy,,,,,,,,41.2912,69.2253,,,,,,,41.2912,69.2253,,,,,OSM,,1,single,C,,auto_unverified,point,"координаты без названия — уточнить","2026-07-19 00:15:46"
SEED002241,,pharmacy,,,,,,,,41.2918,69.2245,,,,,,,41.2918,69.2245,,,,,OSM,,1,single,C,,auto_unverified,point,"координаты без названия — уточнить","2026-07-19 00:15:46"
SEED002242,,pharmacy,,,,,,,,41.3177,69.286,,,,,,,41.3177,69.286,,,,,OSM,,1,single,C,,auto_unverified,point,"координаты без названия — уточнить","2026-07-19 00:15:46"
SEED002243,,pharmacy,,,,,,,,41.3194,69.2857,,,,,,,41.3194,69.2857,,,,,OSM,,1,single,C,,auto_unverified,point,"координаты без названия — уточнить","2026-07-19 00:15:46"
SEED002244,,pharmacy,,,,,,,,41.3609,69.2258,,,,,,,41.3609,69.2258,,,,,OSM,,1,single,C,,auto_unverified,point,"координаты без названия — уточнить","2026-07-19 00:15:46"
SEED002245,,pharmacy,,,,,,,,41.2669,69.2459,,,,,,,41.2669,69.2459,,,,,OSM,,1,single,C,,auto_unverified,point,"координаты без названия — уточнить","2026-07-19 00:15:46"
SEED002246,,pharmacy,,,,,,,,41.3583,69.2065,,,,,,,41.3583,69.2065,,,,,OSM,,1,single,C,,auto_unverified,point,"координаты без названия — уточнить","2026-07-19 00:15:46"
SEED002247,,pharmacy,,,,,,,,41.2681,69.2447,,,,,,,41.2681,69.2447,,,,,OSM,,1,single,C,,auto_unverified,point,"координаты без названия — уточнить","2026-07-19 00:15:46"
SEED002248,,pharmacy,,,,,,,,41.3145,69.2904,,,,,,,41.3145,69.2904,,,,,OSM,,1,single,C,,auto_unverified,point,"координаты без названия — уточнить","2026-07-19 00:15:46"
SEED002249,,pharmacy,,,,,,,,41.2498,69.3012,,,,,,,41.2498,69.3012,,,,,OSM,,1,single,C,,auto_unverified,point,"координаты без названия — уточнить","2026-07-19 00:15:46"
SEED002250,,pharmacy,,,,,,,,41.2693,69.3002,,,,,,,41.2693,69.3002,,,,,OSM,,1,single,C,,auto_unverified,point,"координаты без названия — уточнить","2026-07-19 00:15:46"
SEED002251,,pharmacy,,,,,,,,41.3477,69.3383,,,,,,,41.3477,69.3383,,,,,OSM,,1,single,C,,auto_unverified,point,"координаты без названия — уточнить","2026-07-19 00:15:46"
SEED002252,,pharmacy,,,,,,,,41.2668,69.2484,,,,,,,41.2668,69.2484,,,,,OSM,,1,single,C,,auto_unverified,point,"координаты без названия — уточнить","2026-07-19 00:15:46"
SEED002253,,pharmacy,,,,,,,,41.2677,69.2457,,,,,,,41.2677,69.2457,,,,,OSM,,1,single,C,,auto_unverified,point,"координаты без названия — уточнить","2026-07-19 00:15:46"
SEED002254,,pharmacy,,,,,,,,41.2674,69.2459,,,,,,,41.2674,69.2459,,,,,OSM,,1,single,C,,auto_unverified,point,"координаты без названия — уточнить","2026-07-19 00:15:46"
SEED002255,,pharmacy,,,,,,,,41.3556,69.2237,,,,,,,41.3556,69.2237,,,,,OSM,,1,single,C,,auto_unverified,point,"координаты без названия — уточнить","2026-07-19 00:15:46"
SEED002256,,pharmacy,,,,,,,,41.292,69.2849,,,,,,,41.292,69.2849,,,,,OSM,,1,single,C,,auto_unverified,point,"координаты без названия — уточнить","2026-07-19 00:15:46"
SEED002257,,pharmacy,,,,,,,,41.3271,69.2916,,,,,,,41.3271,69.2916,,,,,OSM,,1,single,C,,auto_unverified,point,"координаты без названия — уточнить","2026-07-19 00:15:46"
SEED002258,,pharmacy,,,,,,,,41.3274,69.2908,,,,,,,41.3274,69.2908,,,,,OSM,,1,single,C,,auto_unverified,point,"координаты без названия — уточнить","2026-07-19 00:15:46"
SEED002259,,pharmacy,,,,,,,,41.372,69.2759,,,,,,,41.372,69.2759,,,,,OSM,,1,single,C,,auto_unverified,point,"координаты без названия — уточнить","2026-07-19 00:15:46"
SEED002260,,pharmacy,,,,,,,,41.3542,69.2188,,,,,,,41.3542,69.2188,,,,,OSM,,1,single,C,,auto_unverified,point,"координаты без названия — уточнить","2026-07-19 00:15:46"
SEED002261,,pharmacy,,,,,,,,41.3012,69.2842,,,,,,,41.3012,69.2842,,,,,OSM,,1,single,C,,auto_unverified,point,"координаты без названия — уточнить","2026-07-19 00:15:46"
SEED002262,,pharmacy,,,,,,,,41.3773,69.3013,,,,,,,41.3773,69.3013,,,,,OSM,,1,single,C,,auto_unverified,point,"координаты без названия — уточнить","2026-07-19 00:15:46"
SEED002263,,pharmacy,,,,,,,,41.2808,69.2681,,,,,,,41.2808,69.2681,,,,,OSM,,1,single,C,,auto_unverified,point,"координаты без названия — уточнить","2026-07-19 00:15:46"
SEED002264,,pharmacy,,,,,,,,41.2516,69.3021,,,,,,,41.2516,69.3021,,,,,OSM,,1,single,C,,auto_unverified,point,"координаты без названия — уточнить","2026-07-19 00:15:46"
SEED002265,,pharmacy,,,,,,,,41.25,69.3021,,,,,,,41.25,69.3021,,,,,OSM,,1,single,C,,auto_unverified,point,"координаты без названия — уточнить","2026-07-19 00:15:46"
SEED002266,,pharmacy,,,,,,,,41.3919,69.1307,,,,,,,41.3919,69.1307,,,,,OSM,,1,single,C,,auto_unverified,point,"координаты без названия — уточнить","2026-07-19 00:15:46"
SEED002267,,pharmacy,,,,,,,,41.3083,69.2883,,,,,,,41.3083,69.2883,,,,,OSM,,1,single,C,,auto_unverified,point,"координаты без названия — уточнить","2026-07-19 00:15:46"
SEED002268,,pharmacy,,,,,,,,41.3074,69.2689,,,,,,,41.3074,69.2689,,,,,OSM,,1,single,C,,auto_unverified,point,"координаты без названия — уточнить","2026-07-19 00:15:46"
SEED002269,,pharmacy,,,,,,,,41.2967,69.2705,,,,,,,41.2967,69.2705,,,,,OSM,,1,single,C,,auto_unverified,point,"координаты без названия — уточнить","2026-07-19 00:15:46"
SEED002270,,pharmacy,,,,,,,,41.2963,69.216,,,,,,,41.2963,69.216,,,,,OSM,,1,single,C,,auto_unverified,point,"координаты без названия — уточнить","2026-07-19 00:15:46"
SEED002271,,pharmacy,,,,,,,,41.2924,69.2128,,,,,,,41.2924,69.2128,,,,,OSM,,1,single,C,,auto_unverified,point,"координаты без названия — уточнить","2026-07-19 00:15:46"
SEED002272,,pharmacy,,,,,,,,41.2766,69.2006,,,,,,,41.2766,69.2006,,,,,OSM,,1,single,C,,auto_unverified,point,"координаты без названия — уточнить","2026-07-19 00:15:46"
SEED002273,,pharmacy,,,,,,,,41.2717,69.2081,,,,,,,41.2717,69.2081,,,,,OSM,,1,single,C,,auto_unverified,point,"координаты без названия — уточнить","2026-07-19 00:15:46"
SEED002274,,pharmacy,,,,,,,,41.291,69.274,,,,,,,41.291,69.274,,,,,OSM,,1,single,C,,auto_unverified,point,"координаты без названия — уточнить","2026-07-19 00:15:46"
SEED002275,,pharmacy,,,,,,,,41.3194,69.2811,,,,,,,41.3194,69.2811,,,,,OSM,,1,single,C,,auto_unverified,point,"координаты без названия — уточнить","2026-07-19 00:15:46"
SEED002276,,pharmacy,,,,,,,,41.2698,69.3197,,,,,,,41.2698,69.3197,,,,,OSM,,1,single,C,,auto_unverified,point,"координаты без названия — уточнить","2026-07-19 00:15:46"
SEED002277,,pharmacy,,,,,,,,41.2813,69.2271,,,,,,,41.2813,69.2271,,,,,OSM,,1,single,C,,auto_unverified,point,"координаты без названия — уточнить","2026-07-19 00:15:46"
SEED002278,,pharmacy,,,,,,,,41.3421,69.2049,,,,,,,41.3421,69.2049,,,,,OSM,,1,single,C,,auto_unverified,point,"координаты без названия — уточнить","2026-07-19 00:15:46"
SEED002279,,pharmacy,,,,,,,,41.3329,69.2173,,,,,,,41.3329,69.2173,,,,,OSM,,1,single,C,,auto_unverified,point,"координаты без названия — уточнить","2026-07-19 00:15:46"
SEED002280,,pharmacy,,,,,,,,41.2881,69.1885,,,,,,,41.2881,69.1885,,,,,OSM,,1,single,C,,auto_unverified,point,"координаты без названия — уточнить","2026-07-19 00:15:46"
SEED002281,,pharmacy,,,,,,,,41.3109,69.2526,,,,,,,41.3109,69.2526,,,,,OSM,,1,single,C,,auto_unverified,point,"координаты без названия — уточнить","2026-07-19 00:15:46"
SEED002282,,pharmacy,,,,,,,,41.3111,69.2488,,,,,,,41.3111,69.2488,,,,,OSM,,1,single,C,,auto_unverified,point,"координаты без названия — уточнить","2026-07-19 00:15:46"
SEED002283,,pharmacy,,,,,,,,41.3004,69.2867,,,,,,,41.3004,69.2867,,,,,OSM,,1,single,C,,auto_unverified,point,"координаты без названия — уточнить","2026-07-19 00:15:46"
SEED002284,,pharmacy,,,,,,,,41.3605,69.281,,,,,,,41.3605,69.281,,,,,OSM,,1,single,C,,auto_unverified,point,"координаты без названия — уточнить","2026-07-19 00:15:46"
SEED002285,,pharmacy,,,,,,,,41.3549,69.3594,,,,,,,41.3549,69.3594,,,,,OSM,,1,single,C,,auto_unverified,point,"координаты без названия — уточнить","2026-07-19 00:15:46"
SEED002286,,pharmacy,,,,,,,,41.2876,69.2289,,,,,,,41.2876,69.2289,,,,,OSM,,1,single,C,,auto_unverified,point,"координаты без названия — уточнить","2026-07-19 00:15:46"
SEED002287,,pharmacy,,,,,,,,41.3259,69.2556,,,,,,,41.3259,69.2556,,,,,OSM,,1,single,C,,auto_unverified,point,"координаты без названия — уточнить","2026-07-19 00:15:46"
SEED002288,,pharmacy,,,,,,,,41.385,69.4607,,,,,,,41.385,69.4607,,,,,OSM,,1,single,C,,auto_unverified,point,"координаты без названия — уточнить","2026-07-19 00:15:46"
SEED002289,,pharmacy,,,,,,,,41.2247,69.215,,,,,,,41.2247,69.215,,,,,OSM,,1,single,C,,auto_unverified,point,"координаты без названия — уточнить","2026-07-19 00:15:46"
SEED002290,,pharmacy,,,,,,,,41.2697,69.2369,,,,,,,41.2697,69.2369,,,,,OSM,,1,single,C,,auto_unverified,point,"координаты без названия — уточнить","2026-07-19 00:15:46"
SEED002291,,pharmacy,,,,,,,,41.2874,69.3498,,,,,,,41.2874,69.3498,,,,,OSM,,1,single,C,,auto_unverified,point,"координаты без названия — уточнить","2026-07-19 00:15:46"
SEED002292,,pharmacy,,,,,,,,41.3121,69.3304,,,,,,,41.3121,69.3304,,,,,OSM,,1,single,C,,auto_unverified,point,"координаты без названия — уточнить","2026-07-19 00:15:46"
SEED002293,,pharmacy,,,,,,,,41.2695,69.2578,,,,,,,41.2695,69.2578,,,,,OSM,,1,single,C,,auto_unverified,point,"координаты без названия — уточнить","2026-07-19 00:15:46"
SEED002294,,pharmacy,,,,,,,,41.3418,69.3329,,,,,,,41.3418,69.3329,,,,,OSM,,1,single,C,,auto_unverified,point,"координаты без названия — уточнить","2026-07-19 00:15:46"
SEED002295,,pharmacy,,,,,,,,41.331,69.3054,,,,,,,41.331,69.3054,,,,,OSM,,1,single,C,,auto_unverified,point,"координаты без названия — уточнить","2026-07-19 00:15:46"
SEED002296,,pharmacy,,,,,,,,41.2466,69.3098,,,,,,,41.2466,69.3098,,,,,OSM,,1,single,C,,auto_unverified,point,"координаты без названия — уточнить","2026-07-19 00:15:46"
SEED002297,,pharmacy,,,,,,,,41.2877,69.2568,,,,,,,41.2877,69.2568,,,,,OSM,,1,single,C,,auto_unverified,point,"координаты без названия — уточнить","2026-07-19 00:15:46"
SEED002298,,pharmacy,,,,,,,,41.2467,69.3003,,,,,,,41.2467,69.3003,,,,,OSM,,1,single,C,,auto_unverified,point,"координаты без названия — уточнить","2026-07-19 00:15:46"
SEED002299,,pharmacy,,,,,,,,41.2771,69.175,,,,,,,41.2771,69.175,,,,,OSM,,1,single,C,,auto_unverified,point,"координаты без названия — уточнить","2026-07-19 00:15:46"
SEED002300,,pharmacy,,,,,,,,41.3317,69.2494,,,,,,,41.3317,69.2494,,,,,OSM,,1,single,C,,auto_unverified,point,"координаты без названия — уточнить","2026-07-19 00:15:46"
SEED002301,,pharmacy,,,,,,,,41.362,69.2769,,,,,,,41.362,69.2769,,,,,OSM,,1,single,C,,auto_unverified,point,"координаты без названия — уточнить","2026-07-19 00:15:46"
SEED002302,,pharmacy,,,,,,,,41.2933,69.2221,,,,,,,41.2933,69.2221,,,,,OSM,,1,single,C,,auto_unverified,point,"координаты без названия — уточнить","2026-07-19 00:15:46"
SEED002303,,pharmacy,,,,,,,,41.3587,69.2768,,,,,,,41.3587,69.2768,,,,,OSM,,1,single,C,,auto_unverified,point,"координаты без названия — уточнить","2026-07-19 00:15:46"
SEED002304,,pharmacy,,,,,,,,41.3588,69.277,,,,,,,41.3588,69.277,,,,,OSM,,1,single,C,,auto_unverified,point,"координаты без названия — уточнить","2026-07-19 00:15:46"
SEED002305,,pharmacy,,,,,,,,41.3368,69.2551,,,,,,,41.3368,69.2551,,,,,OSM,,1,single,C,,auto_unverified,point,"координаты без названия — уточнить","2026-07-19 00:15:46"
SEED002306,,pharmacy,,,,,,,,41.3282,69.3366,,,,,,,41.3282,69.3366,,,,,OSM,,1,single,C,,auto_unverified,point,"координаты без названия — уточнить","2026-07-19 00:15:46"
SEED002307,,pharmacy,,,,,,,,41.2452,69.3114,,,,,,,41.2452,69.3114,,,,,OSM,,1,single,C,,auto_unverified,point,"координаты без названия — уточнить","2026-07-19 00:15:46"
SEED002308,,pharmacy,,,,,,,,41.2598,69.1612,,,,,,,41.2598,69.1612,,,,,OSM,,1,single,C,,auto_unverified,point,"координаты без названия — уточнить","2026-07-19 00:15:46"
SEED002309,,pharmacy,,,,,,,,41.2584,69.1588,,,,,,,41.2584,69.1588,,,,,OSM,,1,single,C,,auto_unverified,point,"координаты без названия — уточнить","2026-07-19 00:15:46"
SEED002310,,pharmacy,,,,,,,,41.259,69.1575,,,,,,,41.259,69.1575,,,,,OSM,,1,single,C,,auto_unverified,point,"координаты без названия — уточнить","2026-07-19 00:15:46"
SEED002311,,pharmacy,,,,,,,,41.2915,69.261,,,,,,,41.2915,69.261,,,,,OSM,,1,single,C,,auto_unverified,point,"координаты без названия — уточнить","2026-07-19 00:15:46"
SEED002312,,pharmacy,,,,,,,,41.2824,69.1809,,,,,,,41.2824,69.1809,,,,,OSM,,1,single,C,,auto_unverified,point,"координаты без названия — уточнить","2026-07-19 00:15:46"
SEED002313,,pharmacy,,,,,,,,41.2826,69.1811,,,,,,,41.2826,69.1811,,,,,OSM,,1,single,C,,auto_unverified,point,"координаты без названия — уточнить","2026-07-19 00:15:46"
SEED002314,,pharmacy,,,,,,,,41.2897,69.1894,,,,,,,41.2897,69.1894,,,,,OSM,,1,single,C,,auto_unverified,point,"координаты без названия — уточнить","2026-07-19 00:15:46"
SEED002315,,pharmacy,,,,,,,,41.263,69.1553,,,,,,,41.263,69.1553,,,,,OSM,,1,single,C,,auto_unverified,point,"координаты без названия — уточнить","2026-07-19 00:15:46"
SEED002316,,pharmacy,,,,,,,,41.2641,69.1619,,,,,,,41.2641,69.1619,,,,,OSM,,1,single,C,,auto_unverified,point,"координаты без названия — уточнить","2026-07-19 00:15:46"
SEED002317,,pharmacy,,,,,,,,41.2629,69.1633,,,,,,,41.2629,69.1633,,,,,OSM,,1,single,C,,auto_unverified,point,"координаты без названия — уточнить","2026-07-19 00:15:46"
SEED002318,,pharmacy,,,,,,,,41.3189,69.281,,,,,,,41.3189,69.281,,,,,OSM,,1,single,C,,auto_unverified,point,"координаты без названия — уточнить","2026-07-19 00:15:46"
SEED002319,,pharmacy,,,,,,,,41.3019,69.3059,,,,,,,41.3019,69.3059,,,,,OSM,,1,single,C,,auto_unverified,point,"координаты без названия — уточнить","2026-07-19 00:15:46"
SEED002320,,pharmacy,,,,,,,,41.3378,69.2671,,,,,,,41.3378,69.2671,,,,,OSM,,1,single,C,,auto_unverified,point,"координаты без названия — уточнить","2026-07-19 00:15:46"
SEED002321,,pharmacy,,,,,,,,41.3487,69.1676,,,,,,,41.3487,69.1676,,,,,OSM,,1,single,C,,auto_unverified,point,"координаты без названия — уточнить","2026-07-19 00:15:46"
SEED002322,,pharmacy,,,,,,,,41.2889,69.1723,,,,,,,41.2889,69.1723,,,,,OSM,,1,single,C,,auto_unverified,point,"координаты без названия — уточнить","2026-07-19 00:15:46"
SEED002323,,pharmacy,,,,,,,,41.2932,69.1727,,,,,,,41.2932,69.1727,,,,,OSM,,1,single,C,,auto_unverified,point,"координаты без названия — уточнить","2026-07-19 00:15:46"
SEED002324,,pharmacy,,,,,,,,41.285,69.2526,,,,,,,41.285,69.2526,,,,,OSM,,1,single,C,,auto_unverified,point,"координаты без названия — уточнить","2026-07-19 00:15:46"
SEED002325,,pharmacy,,,,,,,,41.2858,69.2506,,,,,,,41.2858,69.2506,,,,,OSM,,1,single,C,,auto_unverified,point,"координаты без названия — уточнить","2026-07-19 00:15:46"
SEED002326,,pharmacy,,,,,,,,41.3674,69.2936,,,,,,,41.3674,69.2936,,,,,OSM,,1,single,C,,auto_unverified,point,"координаты без названия — уточнить","2026-07-19 00:15:46"
SEED002327,,pharmacy,,,,,,,,41.3698,69.2254,,,,,,,41.3698,69.2254,,,,,OSM,,1,single,C,,auto_unverified,point,"координаты без названия — уточнить","2026-07-19 00:15:46"
SEED002328,,pharmacy,,,,,,,,41.2142,69.2363,,,,,,,41.2142,69.2363,,,,,OSM,,1,single,C,,auto_unverified,point,"координаты без названия — уточнить","2026-07-19 00:15:46"
SEED002329,,pharmacy,,,,,,,,41.3409,69.3859,,,,,,,41.3409,69.3859,,,,,OSM,,1,single,C,,auto_unverified,point,"координаты без названия — уточнить","2026-07-19 00:15:46"
SEED002330,,pharmacy,,,,,,,,41.3271,69.3324,,,,,,,41.3271,69.3324,,,,,OSM,,1,single,C,,auto_unverified,point,"координаты без названия — уточнить","2026-07-19 00:15:46"
SEED002331,,pharmacy,,,,,,,,41.2142,69.2363,,,,,,,41.2142,69.2363,,,,,OSM,,1,single,C,,auto_unverified,point,"координаты без названия — уточнить","2026-07-19 00:15:46"
SEED002332,,pharmacy,,,,,,,,41.3393,69.2211,,,,,,,41.3393,69.2211,,,,,OSM,,1,single,C,,auto_unverified,point,"координаты без названия — уточнить","2026-07-19 00:15:46"
SEED002333,,pharmacy,,,,,,,,41.3207,69.2651,,,,,,,41.3207,69.2651,,,,,OSM,,1,single,C,,auto_unverified,point,"координаты без названия — уточнить","2026-07-19 00:15:46"
SEED002334,,pharmacy,,,,,,,,41.2632,69.156,,,,,,,41.2632,69.156,,,,,OSM,,1,single,C,,auto_unverified,point,"координаты без названия — уточнить","2026-07-19 00:15:46"
SEED002335,,pharmacy,,,,,,,,41.3445,69.2073,,,,,,,41.3445,69.2073,,,,,OSM,,1,single,C,,auto_unverified,point,"координаты без названия — уточнить","2026-07-19 00:15:46"
SEED002336,,pharmacy,,,,,,,,41.3328,69.2849,,,,,,,41.3328,69.2849,,,,,OSM,,1,single,C,,auto_unverified,point,"координаты без названия — уточнить","2026-07-19 00:15:46"
SEED002337,,pharmacy,,,,,,,,41.2933,69.2499,,,,,,,41.2933,69.2499,,,,,OSM,,1,single,C,,auto_unverified,point,"координаты без названия — уточнить","2026-07-19 00:15:46"
SEED002338,,pharmacy,,,,,,,,41.2933,69.2497,,,,,,,41.2933,69.2497,,,,,OSM,,1,single,C,,auto_unverified,point,"координаты без названия — уточнить","2026-07-19 00:15:46"
SEED002339,,pharmacy,,,,,,,,41.3479,69.2418,,,,,,,41.3479,69.2418,,,,,OSM,,1,single,C,,auto_unverified,point,"координаты без названия — уточнить","2026-07-19 00:15:46"
SEED002340,,pharmacy,,,,,,,,41.3482,69.2402,,,,,,,41.3482,69.2402,,,,,OSM,,1,single,C,,auto_unverified,point,"координаты без названия — уточнить","2026-07-19 00:15:46"
SEED002341,,pharmacy,,,,,,,,41.3486,69.2421,,,,,,,41.3486,69.2421,,,,,OSM,,1,single,C,,auto_unverified,point,"координаты без названия — уточнить","2026-07-19 00:15:46"
SEED002342,,pharmacy,,,,,,,,41.3488,69.2412,,,,,,,41.3488,69.2412,,,,,OSM,,1,single,C,,auto_unverified,point,"координаты без названия — уточнить","2026-07-19 00:15:46"
SEED002343,,pharmacy,,,,,,,,41.2552,69.1505,,,,,,,41.2552,69.1505,,,,,OSM,,1,single,C,,auto_unverified,point,"координаты без названия — уточнить","2026-07-19 00:15:46"
SEED002344,,pharmacy,,,,,,,,41.3147,69.287,,,,,,,41.3147,69.287,,,,,OSM,,1,single,C,,auto_unverified,point,"координаты без названия — уточнить","2026-07-19 00:15:46"
SEED002345,,pharmacy,,,,,,,,41.3888,69.4617,,,,,,,41.3888,69.4617,,,,,OSM,,1,single,C,,auto_unverified,point,"координаты без названия — уточнить","2026-07-19 00:15:46"
SEED002346,,pharmacy,,,,,,,,41.3631,69.2879,,,,,,,41.3631,69.2879,,,,,OSM,,1,single,C,,auto_unverified,point,"координаты без названия — уточнить","2026-07-19 00:15:46"
SEED002347,,pharmacy,,,,,,,,41.2163,69.2365,,,,,,,41.2163,69.2365,,,,,OSM,,1,single,C,,auto_unverified,point,"координаты без названия — уточнить","2026-07-19 00:15:46"
SEED002348,,pharmacy,,,,,,,,41.3339,69.252,,,,,,,41.3339,69.252,,,,,OSM,,1,single,C,,auto_unverified,point,"координаты без названия — уточнить","2026-07-19 00:15:46"
SEED002349,,pharmacy,,,,,,,,41.3345,69.2526,,,,,,,41.3345,69.2526,,,,,OSM,,1,single,C,,auto_unverified,point,"координаты без названия — уточнить","2026-07-19 00:15:46"
SEED002350,,pharmacy,,,,,,,,41.3133,69.2915,,,,,,,41.3133,69.2915,,,,,OSM,,1,single,C,,auto_unverified,point,"координаты без названия — уточнить","2026-07-19 00:15:46"
SEED002351,,pharmacy,,,,,,,,41.3306,69.2329,,,,,,,41.3306,69.2329,,,,,OSM,,1,single,C,,auto_unverified,point,"координаты без названия — уточнить","2026-07-19 00:15:46"
SEED002352,,pharmacy,,,,,,,,41.3639,69.2857,,,,,,,41.3639,69.2857,,,,,OSM,,1,single,C,,auto_unverified,point,"координаты без названия — уточнить","2026-07-19 00:15:46"
SEED002353,,pharmacy,,,,,,,,41.279,69.1968,,,,,,,41.279,69.1968,,,,,OSM,,1,single,C,,auto_unverified,point,"координаты без названия — уточнить","2026-07-19 00:15:46"
SEED002354,,pharmacy,,,,,,,,41.2896,69.1731,,,,,,,41.2896,69.1731,,,,,OSM,,1,single,C,,auto_unverified,point,"координаты без названия — уточнить","2026-07-19 00:15:46"
SEED002355,,pharmacy,,,,,,,,41.2892,69.1721,,,,,,,41.2892,69.1721,,,,,OSM,,1,single,C,,auto_unverified,point,"координаты без названия — уточнить","2026-07-19 00:15:46"
SEED002356,,pharmacy,,,,,,,,41.2885,69.1891,,,,,,,41.2885,69.1891,,,,,OSM,,1,single,C,,auto_unverified,point,"координаты без названия — уточнить","2026-07-19 00:15:46"
SEED002357,,pharmacy,,,,,,,,41.2891,69.1827,,,,,,,41.2891,69.1827,,,,,OSM,,1,single,C,,auto_unverified,point,"координаты без названия — уточнить","2026-07-19 00:15:46"
SEED002358,,pharmacy,,,,,,,,41.2889,69.1817,,,,,,,41.2889,69.1817,,,,,OSM,,1,single,C,,auto_unverified,point,"координаты без названия — уточнить","2026-07-19 00:15:46"
SEED002359,,pharmacy,,,,,,,,41.2931,69.2716,,,,,,,41.2931,69.2716,,,,,OSM,,1,single,C,,auto_unverified,point,"координаты без названия — уточнить","2026-07-19 00:15:46"
SEED002360,,pharmacy,,,,,,,,41.3157,69.291,,,,,,,41.3157,69.291,,,,,OSM,,1,single,C,,auto_unverified,point,"координаты без названия — уточнить","2026-07-19 00:15:46"
SEED002361,,pharmacy,,,,,,,,41.2858,69.1718,,,,,,,41.2858,69.1718,,,,,OSM,,1,single,C,,auto_unverified,point,"координаты без названия — уточнить","2026-07-19 00:15:46"
SEED002362,,pharmacy,,,,,,,,41.3591,69.3381,,,,,,,41.3591,69.3381,,,,,OSM,,1,single,C,,auto_unverified,point,"координаты без названия — уточнить","2026-07-19 00:15:46"
SEED002363,,pharmacy,,,,,,,,41.359,69.338,,,,,,,41.359,69.338,,,,,OSM,,1,single,C,,auto_unverified,point,"координаты без названия — уточнить","2026-07-19 00:15:46"
SEED002364,,pharmacy,,,,,,,,41.3683,69.2694,,,,,,,41.3683,69.2694,,,,,OSM,,1,single,C,,auto_unverified,point,"координаты без названия — уточнить","2026-07-19 00:15:46"
SEED002365,,pharmacy,,,,,,,,41.3065,69.1412,,,,,,,41.3065,69.1412,,,,,OSM,,1,single,C,,auto_unverified,point,"координаты без названия — уточнить","2026-07-19 00:15:46"
SEED002366,,pharmacy,,,,,,,,41.3064,69.1417,,,,,,,41.3064,69.1417,,,,,OSM,,1,single,C,,auto_unverified,point,"координаты без названия — уточнить","2026-07-19 00:15:46"
SEED002367,,pharmacy,,,,,,,,41.3626,69.2827,,,,,,,41.3626,69.2827,,,,,OSM,,1,single,C,,auto_unverified,point,"координаты без названия — уточнить","2026-07-19 00:15:46"
SEED002368,,pharmacy,,,,,,,,41.3633,69.2843,,,,,,,41.3633,69.2843,,,,,OSM,,1,single,C,,auto_unverified,point,"координаты без названия — уточнить","2026-07-19 00:15:46"
SEED002369,,pharmacy,,,,,,,,41.3723,69.2759,,,,,,,41.3723,69.2759,,,,,OSM,,1,single,C,,auto_unverified,point,"координаты без названия — уточнить","2026-07-19 00:15:46"
SEED002370,,pharmacy,,,,,,,,41.3209,69.2536,,,,,,,41.3209,69.2536,,,,,OSM,,1,single,C,,auto_unverified,point,"координаты без названия — уточнить","2026-07-19 00:15:46"
SEED002371,,pharmacy,,,,,,,,41.3718,69.3181,,,,,,,41.3718,69.3181,,,,,OSM,,1,single,C,,auto_unverified,point,"координаты без названия — уточнить","2026-07-19 00:15:46"
SEED002372,,pharmacy,,,,,,,,41.3085,69.2379,,,,,,,41.3085,69.2379,,,,,OSM,,1,single,C,,auto_unverified,point,"координаты без названия — уточнить","2026-07-19 00:15:46"
SEED002373,,pharmacy,,,,,,,,41.3092,69.2384,,,,,,,41.3092,69.2384,,,,,OSM,,1,single,C,,auto_unverified,point,"координаты без названия — уточнить","2026-07-19 00:15:46"
SEED002374,,pharmacy,,,,,,,,41.3793,69.2972,,,,,,,41.3793,69.2972,,,,,OSM,,1,single,C,,auto_unverified,point,"координаты без названия — уточнить","2026-07-19 00:15:46"
SEED002375,,pharmacy,,,,,,,,41.3013,69.2089,,,,,,,41.3013,69.2089,,,,,OSM,,1,single,C,,auto_unverified,point,"координаты без названия — уточнить","2026-07-19 00:15:46"
SEED002376,,pharmacy,,,,,,,,41.3102,69.3184,,,,,,,41.3102,69.3184,,,,,OSM,,1,single,C,,auto_unverified,point,"координаты без названия — уточнить","2026-07-19 00:15:46"
SEED002377,,pharmacy,,,,,,,,41.2884,69.3443,,,,,,,41.2884,69.3443,,,,,OSM,,1,single,C,,auto_unverified,point,"координаты без названия — уточнить","2026-07-19 00:15:46"
SEED002378,,pharmacy,,,,,,,,41.3466,69.2678,,,,,,,41.3466,69.2678,,,,,OSM,,1,single,C,,auto_unverified,point,"координаты без названия — уточнить","2026-07-19 00:15:46"
SEED002379,,pharmacy,,,,,,,,41.2271,69.219,,,,,,,41.2271,69.219,,,,,OSM,,1,single,C,,auto_unverified,point,"координаты без названия — уточнить","2026-07-19 00:15:46"
SEED002380,,pharmacy,,,,,,,,41.2267,69.2182,,,,,,,41.2267,69.2182,,,,,OSM,,1,single,C,,auto_unverified,point,"координаты без названия — уточнить","2026-07-19 00:15:46"
SEED002381,,pharmacy,,,,,,,,41.2265,69.2194,,,,,,,41.2265,69.2194,,,,,OSM,,1,single,C,,auto_unverified,point,"координаты без названия — уточнить","2026-07-19 00:15:46"
SEED002382,,pharmacy,,,,,,,,41.2234,69.2115,,,,,,,41.2234,69.2115,,,,,OSM,,1,single,C,,auto_unverified,point,"координаты без названия — уточнить","2026-07-19 00:15:46"
SEED002383,,pharmacy,,,,,,,,41.2894,69.347,,,,,,,41.2894,69.347,,,,,OSM,,1,single,C,,auto_unverified,point,"координаты без названия — уточнить","2026-07-19 00:15:46"
SEED002384,,pharmacy,,,,,,,,41.341,69.3855,,,,,,,41.341,69.3855,,,,,OSM,,1,single,C,,auto_unverified,point,"координаты без названия — уточнить","2026-07-19 00:15:46"
SEED002385,,pharmacy,,,,,,,,41.3791,69.2205,,,,,,,41.3791,69.2205,,,,,OSM,,1,single,C,,auto_unverified,point,"координаты без названия — уточнить","2026-07-19 00:15:46"
SEED002386,,pharmacy,,,,,,,,41.3676,69.2247,,,,,,,41.3676,69.2247,,,,,OSM,,1,single,C,,auto_unverified,point,"координаты без названия — уточнить","2026-07-19 00:15:46"
SEED002387,,pharmacy,,,,,,,,41.267,69.2156,,,,,,,41.267,69.2156,,,,,OSM,,1,single,C,,auto_unverified,point,"координаты без названия — уточнить","2026-07-19 00:15:46"
SEED002388,,pharmacy,,,,,,,,41.2741,69.2037,,,,,,,41.2741,69.2037,,,,,OSM,,1,single,C,,auto_unverified,point,"координаты без названия — уточнить","2026-07-19 00:15:46"
SEED002389,,pharmacy,,,,,,,,41.2874,69.2286,,,,,,,41.2874,69.2286,,,,,OSM,,1,single,C,,auto_unverified,point,"координаты без названия — уточнить","2026-07-19 00:15:46"
SEED002390,,pharmacy,,,,,,,,41.3276,69.2803,,,,,,,41.3276,69.2803,,,,,OSM,,1,single,C,,auto_unverified,point,"координаты без названия — уточнить","2026-07-19 00:15:46"
SEED002391,,pharmacy,,,,,,,,41.3258,69.328,,,,,,,41.3258,69.328,,,,,OSM,,1,single,C,,auto_unverified,point,"координаты без названия — уточнить","2026-07-19 00:15:46"
SEED002392,,pharmacy,,,,,,,,41.2856,69.3466,,,,,,,41.2856,69.3466,,,,,OSM,,1,single,C,,auto_unverified,point,"координаты без названия — уточнить","2026-07-19 00:15:46"
SEED002393,,pharmacy,,,,,,,,41.2987,69.2842,,,,,,,41.2987,69.2842,,,,,OSM,,1,single,C,,auto_unverified,point,"координаты без названия — уточнить","2026-07-19 00:15:46"
SEED002394,,pharmacy,,,,,,,,41.3482,69.1738,,,,,,,41.3482,69.1738,,,,,OSM,,1,single,C,,auto_unverified,point,"координаты без названия — уточнить","2026-07-19 00:15:46"
SEED002395,,pharmacy,,,,,,,,41.3671,69.2913,,,,,,,41.3671,69.2913,,,,,OSM,,1,single,C,,auto_unverified,point,"координаты без названия — уточнить","2026-07-19 00:15:46"
SEED002396,,pharmacy,,,,,,,,41.2972,69.3457,,,,,,,41.2972,69.3457,,,,,OSM,,1,single,C,,auto_unverified,point,"координаты без названия — уточнить","2026-07-19 00:15:46"
SEED002397,,pharmacy,,,,,,,,41.3404,69.3893,,,,,,,41.3404,69.3893,,,,,OSM,,1,single,C,,auto_unverified,point,"координаты без названия — уточнить","2026-07-19 00:15:46"
SEED002398,,pharmacy,,,,,,,,41.2952,69.3624,,,,,,,41.2952,69.3624,,,,,OSM,,1,single,C,,auto_unverified,point,"координаты без названия — уточнить","2026-07-19 00:15:46"
SEED002399,,pharmacy,,,,,,,,41.2953,69.3625,,,,,,,41.2953,69.3625,,,,,OSM,,1,single,C,,auto_unverified,point,"координаты без названия — уточнить","2026-07-19 00:15:46"
SEED002400,,pharmacy,,,,,,,,41.2975,69.3593,,,,,,,41.2975,69.3593,,,,,OSM,,1,single,C,,auto_unverified,point,"координаты без названия — уточнить","2026-07-19 00:15:46"
SEED002401,,pharmacy,,,,,,,,41.3199,69.3016,,,,,,,41.3199,69.3016,,,,,OSM,,1,single,C,,auto_unverified,point,"координаты без названия — уточнить","2026-07-19 00:15:46"
SEED002402,,pharmacy,,,,,,,,41.2698,69.2126,,,,,,,41.2698,69.2126,,,,,OSM,,1,single,C,,auto_unverified,point,"координаты без названия — уточнить","2026-07-19 00:15:46"
SEED002403,,pharmacy,,,,,,,,41.3815,69.2965,,,,,,,41.3815,69.2965,,,,,OSM,,1,single,C,,auto_unverified,point,"координаты без названия — уточнить","2026-07-19 00:15:46"
SEED002404,,pharmacy,,,,,,,,41.2871,69.1862,,,,,,,41.2871,69.1862,,,,,OSM,,1,single,C,,auto_unverified,point,"координаты без названия — уточнить","2026-07-19 00:15:46"
SEED002405,,pharmacy,,,,,,,,41.2895,69.189,,,,,,,41.2895,69.189,,,,,OSM,,1,single,C,,auto_unverified,point,"координаты без названия — уточнить","2026-07-19 00:15:46"
SEED002406,,pharmacy,,,,,,,,41.2919,69.193,,,,,,,41.2919,69.193,,,,,OSM,,1,single,C,,auto_unverified,point,"координаты без названия — уточнить","2026-07-19 00:15:46"
SEED002407,,pharmacy,,,,,,,,41.2917,69.2216,,,,,,,41.2917,69.2216,,,,,OSM,,1,single,C,,auto_unverified,point,"координаты без названия — уточнить","2026-07-19 00:15:46"
SEED002408,,pharmacy,,,,,,,,41.2876,69.1868,,,,,,,41.2876,69.1868,,,,,OSM,,1,single,C,,auto_unverified,point,"координаты без названия — уточнить","2026-07-19 00:15:46"
SEED002409,,pharmacy,,,,,,,,41.29,69.1899,,,,,,,41.29,69.1899,,,,,OSM,,1,single,C,,auto_unverified,point,"координаты без названия — уточнить","2026-07-19 00:15:46"
SEED002410,,pharmacy,,,,,,,,41.2901,69.19,,,,,,,41.2901,69.19,,,,,OSM,,1,single,C,,auto_unverified,point,"координаты без названия — уточнить","2026-07-19 00:15:46"
SEED002411,,pharmacy,,,,,,,,41.2901,69.1901,,,,,,,41.2901,69.1901,,,,,OSM,,1,single,C,,auto_unverified,point,"координаты без названия — уточнить","2026-07-19 00:15:46"
SEED002412,,pharmacy,,,,,,,,41.2899,69.2091,,,,,,,41.2899,69.2091,,,,,OSM,,1,single,C,,auto_unverified,point,"координаты без названия — уточнить","2026-07-19 00:15:46"
SEED002413,,pharmacy,,,,,,,,41.2869,69.1846,,,,,,,41.2869,69.1846,,,,,OSM,,1,single,C,,auto_unverified,point,"координаты без названия — уточнить","2026-07-19 00:15:46"
SEED002414,,pharmacy,,,,,,,,41.2919,69.2221,,,,,,,41.2919,69.2221,,,,,OSM,,1,single,C,,auto_unverified,point,"координаты без названия — уточнить","2026-07-19 00:15:46"
SEED002415,,pharmacy,,,,,,,,41.2891,69.2192,,,,,,,41.2891,69.2192,,,,,OSM,,1,single,C,,auto_unverified,point,"координаты без названия — уточнить","2026-07-19 00:15:46"
SEED002416,,pharmacy,,,,,,,,41.288,69.1831,,,,,,,41.288,69.1831,,,,,OSM,,1,single,C,,auto_unverified,point,"координаты без названия — уточнить","2026-07-19 00:15:46"
SEED002417,,pharmacy,,,,,,,,41.2881,69.1873,,,,,,,41.2881,69.1873,,,,,OSM,,1,single,C,,auto_unverified,point,"координаты без названия — уточнить","2026-07-19 00:15:46"
SEED002418,,pharmacy,,,,,,,,41.288,69.2023,,,,,,,41.288,69.2023,,,,,OSM,,1,single,C,,auto_unverified,point,"координаты без названия — уточнить","2026-07-19 00:15:46"
SEED002419,,pharmacy,,,,,,,,41.2846,69.1757,,,,,,,41.2846,69.1757,,,,,OSM,,1,single,C,,auto_unverified,point,"координаты без названия — уточнить","2026-07-19 00:15:46"
SEED002420,,pharmacy,,,,,,,,41.2873,69.3457,,,,,,,41.2873,69.3457,,,,,OSM,,1,single,C,,auto_unverified,point,"координаты без названия — уточнить","2026-07-19 00:15:46"
SEED002421,,pharmacy,,,,,,,,41.2896,69.3477,,,,,,,41.2896,69.3477,,,,,OSM,,1,single,C,,auto_unverified,point,"координаты без названия — уточнить","2026-07-19 00:15:46"
SEED002422,,pharmacy,,,,,,,,41.3746,69.3005,,,,,,,41.3746,69.3005,,,,,OSM,,1,single,C,,auto_unverified,point,"координаты без названия — уточнить","2026-07-19 00:15:46"
SEED002423,,pharmacy,,,,,,,,41.3783,69.3055,,,,,,,41.3783,69.3055,,,,,OSM,,1,single,C,,auto_unverified,point,"координаты без названия — уточнить","2026-07-19 00:15:46"
SEED002424,,pharmacy,,,,,,,,41.3421,69.211,,,,,,,41.3421,69.211,,,,,OSM,,1,single,C,,auto_unverified,point,"координаты без названия — уточнить","2026-07-19 00:15:46"
SEED002425,,pharmacy,,,,,,,,41.3572,69.2821,,,,,,,41.3572,69.2821,,,,,OSM,,1,single,C,,auto_unverified,point,"координаты без названия — уточнить","2026-07-19 00:15:46"
SEED002426,,pharmacy,,,,,,,,41.292,69.2812,,,,,,,41.292,69.2812,,,,,OSM,,1,single,C,,auto_unverified,point,"координаты без названия — уточнить","2026-07-19 00:15:46"
SEED002427,,pharmacy,,,,,,,,41.308,69.2447,,,,,,,41.308,69.2447,,,,,OSM,,1,single,C,,auto_unverified,point,"координаты без названия — уточнить","2026-07-19 00:15:46"
SEED002428,,pharmacy,,,,,,,,41.3084,69.244,,,,,,,41.3084,69.244,,,,,OSM,,1,single,C,,auto_unverified,point,"координаты без названия — уточнить","2026-07-19 00:15:46"
SEED002429,,pharmacy,,,,,,,,41.2892,69.3469,,,,,,,41.2892,69.3469,,,,,OSM,,1,single,C,,auto_unverified,point,"координаты без названия — уточнить","2026-07-19 00:15:46"
SEED002430,,pharmacy,,,,,,,,41.2893,69.347,,,,,,,41.2893,69.347,,,,,OSM,,1,single,C,,auto_unverified,point,"координаты без названия — уточнить","2026-07-19 00:15:46"
SEED002431,,pharmacy,,,,,,,,41.2893,69.3478,,,,,,,41.2893,69.3478,,,,,OSM,,1,single,C,,auto_unverified,point,"координаты без названия — уточнить","2026-07-19 00:15:46"
SEED002432,,pharmacy,,,,,,,,41.2887,69.3459,,,,,,,41.2887,69.3459,,,,,OSM,,1,single,C,,auto_unverified,point,"координаты без названия — уточнить","2026-07-19 00:15:46"
SEED002433,,pharmacy,,,,,,,,41.288,69.3512,,,,,,,41.288,69.3512,,,,,OSM,,1,single,C,,auto_unverified,point,"координаты без названия — уточнить","2026-07-19 00:15:46"
SEED002434,,pharmacy,,,,,,,,41.2891,69.3467,,,,,,,41.2891,69.3467,,,,,OSM,,1,single,C,,auto_unverified,point,"координаты без названия — уточнить","2026-07-19 00:15:46"
SEED002435,,pharmacy,,,,,,,,41.3295,69.2833,,,,,,,41.3295,69.2833,,,,,OSM,,1,single,C,,auto_unverified,point,"координаты без названия — уточнить","2026-07-19 00:15:46"
SEED002436,,pharmacy,,,,,,,,41.2866,69.3456,,,,,,,41.2866,69.3456,,,,,OSM,,1,single,C,,auto_unverified,point,"координаты без названия — уточнить","2026-07-19 00:15:46"
SEED002437,,pharmacy,,,,,,,,41.2863,69.3459,,,,,,,41.2863,69.3459,,,,,OSM,,1,single,C,,auto_unverified,point,"координаты без названия — уточнить","2026-07-19 00:15:46"
SEED002438,,pharmacy,,,,,,,,41.2701,69.2627,,,,,,,41.2701,69.2627,,,,,OSM,,1,single,C,,auto_unverified,point,"координаты без названия — уточнить","2026-07-19 00:15:46"
SEED002439,,pharmacy,,,,,,,,41.3597,69.2795,,,,,,,41.3597,69.2795,,,,,OSM,,1,single,C,,auto_unverified,point,"координаты без названия — уточнить","2026-07-19 00:15:46"
SEED002440,,pharmacy,,,,,,,,41.2545,69.3763,,,,,,,41.2545,69.3763,,,,,OSM,,1,single,C,,auto_unverified,point,"координаты без названия — уточнить","2026-07-19 00:15:46"
SEED002441,,pharmacy,,,,,,,,41.2538,69.3752,,,,,,,41.2538,69.3752,,,,,OSM,,1,single,C,,auto_unverified,point,"координаты без названия — уточнить","2026-07-19 00:15:46"
SEED002442,,pharmacy,,,,,,,,41.2424,69.4528,,,,,,,41.2424,69.4528,,,,,OSM,,1,single,C,,auto_unverified,point,"координаты без названия — уточнить","2026-07-19 00:15:46"
SEED002443,,pharmacy,,,,,,,,41.3448,69.3828,,,,,,,41.3448,69.3828,,,,,OSM,,1,single,C,,auto_unverified,point,"координаты без названия — уточнить","2026-07-19 00:15:46"
SEED002444,,pharmacy,,,,,,,,41.2892,69.3468,,,,,,,41.2892,69.3468,,,,,OSM,,1,single,C,,auto_unverified,point,"координаты без названия — уточнить","2026-07-19 00:15:46"
SEED002445,,pharmacy,,,,,,,,41.2829,69.3494,,,,,,,41.2829,69.3494,,,,,OSM,,1,single,C,,auto_unverified,point,"координаты без названия — уточнить","2026-07-19 00:15:46"
SEED002446,,pharmacy,,,,,,,,41.306,69.144,,,,,,,41.306,69.144,,,,,OSM,,1,single,C,,auto_unverified,point,"координаты без названия — уточнить","2026-07-19 00:15:46"
SEED002447,,pharmacy,,,,,,,,41.3655,69.2999,,,,,,,41.3655,69.2999,,,,,OSM,,1,single,C,,auto_unverified,point,"координаты без названия — уточнить","2026-07-19 00:15:46"
SEED002448,,pharmacy,,,,,,,,41.3171,69.3381,,,,,,,41.3171,69.3381,,,,,OSM,,1,single,C,,auto_unverified,point,"координаты без названия — уточнить","2026-07-19 00:15:46"
SEED002449,,pharmacy,,,,,,,,41.3272,69.3394,,,,,,,41.3272,69.3394,,,,,OSM,,1,single,C,,auto_unverified,point,"координаты без названия — уточнить","2026-07-19 00:15:46"
SEED002450,,pharmacy,,,,,,,,41.2971,69.3608,,,,,,,41.2971,69.3608,,,,,OSM,,1,single,C,,auto_unverified,point,"координаты без названия — уточнить","2026-07-19 00:15:46"
SEED002451,,pharmacy,,,,,,,,41.3146,69.3256,,,,,,,41.3146,69.3256,,,,,OSM,,1,single,C,,auto_unverified,point,"координаты без названия — уточнить","2026-07-19 00:15:46"
SEED002452,,pharmacy,,,,,,,,41.3148,69.3246,,,,,,,41.3148,69.3246,,,,,OSM,,1,single,C,,auto_unverified,point,"координаты без названия — уточнить","2026-07-19 00:15:46"
SEED002453,,pharmacy,,,,,,,,41.3157,69.3228,,,,,,,41.3157,69.3228,,,,,OSM,,1,single,C,,auto_unverified,point,"координаты без названия — уточнить","2026-07-19 00:15:46"
SEED002454,,pharmacy,,,,,,,,41.3393,69.2937,,,,,,,41.3393,69.2937,,,,,OSM,,1,single,C,,auto_unverified,point,"координаты без названия — уточнить","2026-07-19 00:15:46"
SEED002455,,pharmacy,,,,,,,,41.3815,69.4664,,,,,,,41.3815,69.4664,,,,,OSM,,1,single,C,,auto_unverified,point,"координаты без названия — уточнить","2026-07-19 00:15:46"
SEED002456,,pharmacy,,,,,,,,41.286,69.3456,,,,,,,41.286,69.3456,,,,,OSM,,1,single,C,,auto_unverified,point,"координаты без названия — уточнить","2026-07-19 00:15:46"
SEED002457,,pharmacy,,,,,,,,41.3374,69.3561,,,,,,,41.3374,69.3561,,,,,OSM,,1,single,C,,auto_unverified,point,"координаты без названия — уточнить","2026-07-19 00:15:46"
SEED002458,,pharmacy,,,,,,,,41.3336,69.2178,,,,,,,41.3336,69.2178,,,,,OSM,,1,single,C,,auto_unverified,point,"координаты без названия — уточнить","2026-07-19 00:15:46"
SEED002459,,pharmacy,,,,,,,,41.2831,69.3481,,,,,,,41.2831,69.3481,,,,,OSM,,1,single,C,,auto_unverified,point,"координаты без названия — уточнить","2026-07-19 00:15:46"
SEED002460,,pharmacy,,,,,,,,41.2821,69.3496,,,,,,,41.2821,69.3496,,,,,OSM,,1,single,C,,auto_unverified,point,"координаты без названия — уточнить","2026-07-19 00:15:46"
SEED002461,,pharmacy,,,,,,,,41.284,69.3478,,,,,,,41.284,69.3478,,,,,OSM,,1,single,C,,auto_unverified,point,"координаты без названия — уточнить","2026-07-19 00:15:46"
SEED002462,,pharmacy,,,,,,,,41.3725,69.2953,,,,,,,41.3725,69.2953,,,,,OSM,,1,single,C,,auto_unverified,point,"координаты без названия — уточнить","2026-07-19 00:15:46"
SEED002463,,pharmacy,,,,,,,,41.3722,69.2952,,,,,,,41.3722,69.2952,,,,,OSM,,1,single,C,,auto_unverified,point,"координаты без названия — уточнить","2026-07-19 00:15:46"
SEED002464,,pharmacy,,,,,,,,41.3724,69.2952,,,,,,,41.3724,69.2952,,,,,OSM,,1,single,C,,auto_unverified,point,"координаты без названия — уточнить","2026-07-19 00:15:46"
SEED002465,,pharmacy,,,,,,,,41.3713,69.2934,,,,,,,41.3713,69.2934,,,,,OSM,,1,single,C,,auto_unverified,point,"координаты без названия — уточнить","2026-07-19 00:15:46"
SEED002466,,pharmacy,,,,,,,,41.3707,69.2931,,,,,,,41.3707,69.2931,,,,,OSM,,1,single,C,,auto_unverified,point,"координаты без названия — уточнить","2026-07-19 00:15:46"
SEED002467,,pharmacy,,,,,,,,41.3187,69.2327,,,,,,,41.3187,69.2327,,,,,OSM,,1,single,C,,auto_unverified,point,"координаты без названия — уточнить","2026-07-19 00:15:46"
SEED002468,,pharmacy,,,,,,,,41.3052,69.2472,,,,,,,41.3052,69.2472,,,,,OSM,,1,single,C,,auto_unverified,point,"координаты без названия — уточнить","2026-07-19 00:15:46"
SEED002469,,pharmacy,,,,,,,,41.2705,69.3021,,,,,,,41.2705,69.3021,,,,,OSM,,1,single,C,,auto_unverified,point,"координаты без названия — уточнить","2026-07-19 00:15:46"
SEED002470,,pharmacy,,,,,,,,41.335,69.3704,,,,,,,41.335,69.3704,,,,,OSM,,1,single,C,,auto_unverified,point,"координаты без названия — уточнить","2026-07-19 00:15:46"
SEED002471,,pharmacy,,,,,,,,41.2954,69.2797,,,,,,,41.2954,69.2797,,,,,OSM,,1,single,C,,auto_unverified,point,"координаты без названия — уточнить","2026-07-19 00:15:46"
SEED002472,,pharmacy,,,,,,,,41.2953,69.2825,,,,,,,41.2953,69.2825,,,,,OSM,,1,single,C,,auto_unverified,point,"координаты без названия — уточнить","2026-07-19 00:15:46"
SEED002473,,pharmacy,,,,,,,,41.3252,69.3018,,,,,,,41.3252,69.3018,,,,,OSM,,1,single,C,,auto_unverified,point,"координаты без названия — уточнить","2026-07-19 00:15:46"
SEED002474,,pharmacy,,,,,,,,41.3608,69.2788,,,,,,,41.3608,69.2788,,,,,OSM,,1,single,C,,auto_unverified,point,"координаты без названия — уточнить","2026-07-19 00:15:46"
SEED002475,,pharmacy,,,,,,,,41.292,69.2738,,,,,,,41.292,69.2738,,,,,OSM,,1,single,C,,auto_unverified,point,"координаты без названия — уточнить","2026-07-19 00:15:46"
SEED002476,,pharmacy,,,,,,,,41.3351,69.3702,,,,,,,41.3351,69.3702,,,,,OSM,,1,single,C,,auto_unverified,point,"координаты без названия — уточнить","2026-07-19 00:15:46"
SEED002477,,pharmacy,,,,,,,,41.3347,69.37,,,,,,,41.3347,69.37,,,,,OSM,,1,single,C,,auto_unverified,point,"координаты без названия — уточнить","2026-07-19 00:15:46"
SEED002478,,pharmacy,,,,,,,,41.3354,69.3717,,,,,,,41.3354,69.3717,,,,,OSM,,1,single,C,,auto_unverified,point,"координаты без названия — уточнить","2026-07-19 00:15:46"
SEED002479,,pharmacy,,,,,,,,41.2773,69.2715,,,,,,,41.2773,69.2715,,,,,OSM,,1,single,C,,auto_unverified,point,"координаты без названия — уточнить","2026-07-19 00:15:46"
SEED002480,,pharmacy,,,,,,,,41.3318,69.3656,,,,,,,41.3318,69.3656,,,,,OSM,,1,single,C,,auto_unverified,point,"координаты без названия — уточнить","2026-07-19 00:15:46"
SEED002481,,pharmacy,,,,,,,,41.2863,69.216,,,,,,,41.2863,69.216,,,,,OSM,,1,single,C,,auto_unverified,point,"координаты без названия — уточнить","2026-07-19 00:15:46"
SEED002482,,pharmacy,,,,,,,,41.2891,69.2192,,,,,,,41.2891,69.2192,,,,,OSM,,1,single,C,,auto_unverified,point,"координаты без названия — уточнить","2026-07-19 00:15:46"
SEED002483,,pharmacy,,,,,,,,41.3021,69.2759,,,,,,,41.3021,69.2759,,,,,OSM,,1,single,C,,auto_unverified,point,"координаты без названия — уточнить","2026-07-19 00:15:46"
SEED002484,,pharmacy,,,,,,,,41.294,69.2764,,,,,,,41.294,69.2764,,,,,OSM,,1,single,C,,auto_unverified,point,"координаты без названия — уточнить","2026-07-19 00:15:46"
SEED002485,,pharmacy,,,,,,,,41.3311,69.3658,,,,,,,41.3311,69.3658,,,,,OSM,,1,single,C,,auto_unverified,point,"координаты без названия — уточнить","2026-07-19 00:15:46"
SEED002486,,pharmacy,,,,,,,,41.318,69.2911,,,,,,,41.318,69.2911,,,,,OSM,,1,single,C,,auto_unverified,point,"координаты без названия — уточнить","2026-07-19 00:15:46"
SEED002487,,pharmacy,,,,,,,,41.3676,69.2922,,,,,,,41.3676,69.2922,,,,,OSM,,1,single,C,,auto_unverified,point,"координаты без названия — уточнить","2026-07-19 00:15:46"
SEED002488,,pharmacy,,,,,,,,41.3551,69.3786,,,,,,,41.3551,69.3786,,,,,OSM,,1,single,C,,auto_unverified,point,"координаты без названия — уточнить","2026-07-19 00:15:46"
SEED002489,,pharmacy,,,,,,,,41.3585,69.379,,,,,,,41.3585,69.379,,,,,OSM,,1,single,C,,auto_unverified,point,"координаты без названия — уточнить","2026-07-19 00:15:46"
SEED002490,,pharmacy,,,,,,,,41.3709,69.2643,,,,,,,41.3709,69.2643,,,,,OSM,,1,single,C,,auto_unverified,point,"координаты без названия — уточнить","2026-07-19 00:15:46"
SEED002491,,pharmacy,,,,,,,,41.2638,69.2075,,,,,,,41.2638,69.2075,,,,,OSM,,1,single,C,,auto_unverified,point,"координаты без названия — уточнить","2026-07-19 00:15:46"
SEED002492,,pharmacy,,,,,,,,41.3551,69.3349,,,,,,,41.3551,69.3349,,,,,OSM,,1,single,C,,auto_unverified,point,"координаты без названия — уточнить","2026-07-19 00:15:46"
SEED002493,,pharmacy,,,,,,,,41.3574,69.3371,,,,,,,41.3574,69.3371,,,,,OSM,,1,single,C,,auto_unverified,point,"координаты без названия — уточнить","2026-07-19 00:15:46"
SEED002494,,pharmacy,,,,,,,,41.2909,69.211,,,,,,,41.2909,69.211,,,,,OSM,,1,single,C,,auto_unverified,point,"координаты без названия — уточнить","2026-07-19 00:15:46"
SEED002495,,pharmacy,,,,,,,,41.2734,69.2941,,,,,,,41.2734,69.2941,,,,,OSM,,1,single,C,,auto_unverified,point,"координаты без названия — уточнить","2026-07-19 00:15:46"
SEED002496,,pharmacy,,,,,,,,41.2755,69.3005,,,,,,,41.2755,69.3005,,,,,OSM,,1,single,C,,auto_unverified,point,"координаты без названия — уточнить","2026-07-19 00:15:46"
SEED002497,,pharmacy,,,,,,,,41.2732,69.2938,,,,,,,41.2732,69.2938,,,,,OSM,,1,single,C,,auto_unverified,point,"координаты без названия — уточнить","2026-07-19 00:15:46"
SEED002498,,pharmacy,,,,,,,,41.3009,69.2641,,,,,,,41.3009,69.2641,,,,,OSM,,1,single,C,,auto_unverified,point,"координаты без названия — уточнить","2026-07-19 00:15:46"
SEED002499,,pharmacy,,,,,,,,41.2828,69.2387,,,,,,,41.2828,69.2387,,,,,OSM,,1,single,C,,auto_unverified,point,"координаты без названия — уточнить","2026-07-19 00:15:46"
SEED002500,,pharmacy,,,,,,,,41.3086,69.2903,,,,,,,41.3086,69.2903,,,,,OSM,,1,single,C,,auto_unverified,point,"координаты без названия — уточнить","2026-07-19 00:15:46"
SEED002501,,pharmacy,,,,,,,,41.3587,69.3868,,,,,,,41.3587,69.3868,,,,,OSM,,1,single,C,,auto_unverified,point,"координаты без названия — уточнить","2026-07-19 00:15:46"
SEED002502,,pharmacy,,,,,,,,41.3458,69.3891,,,,,,,41.3458,69.3891,,,,,OSM,,1,single,C,,auto_unverified,point,"координаты без названия — уточнить","2026-07-19 00:15:46"
SEED002503,,pharmacy,,,,,,,,41.3589,69.3876,,,,,,,41.3589,69.3876,,,,,OSM,,1,single,C,,auto_unverified,point,"координаты без названия — уточнить","2026-07-19 00:15:46"
SEED002504,,pharmacy,,,,,,,,41.3539,69.3888,,,,,,,41.3539,69.3888,,,,,OSM,,1,single,C,,auto_unverified,point,"координаты без названия — уточнить","2026-07-19 00:15:46"
SEED002505,,pharmacy,,,,,,,,41.3538,69.2989,,,,,,,41.3538,69.2989,,,,,OSM,,1,single,C,,auto_unverified,point,"координаты без названия — уточнить","2026-07-19 00:15:46"
SEED002506,,pharmacy,,,,,,,,41.2727,69.3089,,,,,,,41.2727,69.3089,,,,,OSM,,1,single,C,,auto_unverified,point,"координаты без названия — уточнить","2026-07-19 00:15:46"
SEED002507,,pharmacy,,,,,,,,41.2727,69.3087,,,,,,,41.2727,69.3087,,,,,OSM,,1,single,C,,auto_unverified,point,"координаты без названия — уточнить","2026-07-19 00:15:46"
SEED002508,,pharmacy,,,,,,,,41.3589,69.3854,,,,,,,41.3589,69.3854,,,,,OSM,,1,single,C,,auto_unverified,point,"координаты без названия — уточнить","2026-07-19 00:15:46"
SEED002509,,pharmacy,,,,,,,,41.3099,69.3226,,,,,,,41.3099,69.3226,,,,,OSM,,1,single,C,,auto_unverified,point,"координаты без названия — уточнить","2026-07-19 00:15:46"
SEED002510,,pharmacy,,,,,,,,41.2213,69.2227,,,,,,,41.2213,69.2227,,,,,OSM,,1,single,C,,auto_unverified,point,"координаты без названия — уточнить","2026-07-19 00:15:46"
SEED002511,,pharmacy,,,,,,,,41.3503,69.1726,,,,,,,41.3503,69.1726,,,,,OSM,,1,single,C,,auto_unverified,point,"координаты без названия — уточнить","2026-07-19 00:15:46"
SEED002512,,pharmacy,,,,,,,,41.3488,69.1747,,,,,,,41.3488,69.1747,,,,,OSM,,1,single,C,,auto_unverified,point,"координаты без названия — уточнить","2026-07-19 00:15:46"
SEED002513,,pharmacy,,,,,,,,41.2486,69.3732,,,,,,,41.2486,69.3732,,,,,OSM,,1,single,C,,auto_unverified,point,"координаты без названия — уточнить","2026-07-19 00:15:46"
SEED002514,,pharmacy,,,,,,,,41.3049,69.2891,,,,,,,41.3049,69.2891,,,,,OSM,,1,single,C,,auto_unverified,point,"координаты без названия — уточнить","2026-07-19 00:15:46"
SEED002515,,pharmacy,,,,,,,,41.3329,69.2917,,,,,,,41.3329,69.2917,,,,,OSM,,1,single,C,,auto_unverified,point,"координаты без названия — уточнить","2026-07-19 00:15:46"
SEED002516,,pharmacy,,,,,,,,41.254,69.3432,,,,,,,41.254,69.3432,,,,,OSM,,1,single,C,,auto_unverified,point,"координаты без названия — уточнить","2026-07-19 00:15:46"
SEED002517,,pharmacy,,,,,,,,41.2573,69.3412,,,,,,,41.2573,69.3412,,,,,OSM,,1,single,C,,auto_unverified,point,"координаты без названия — уточнить","2026-07-19 00:15:46"
SEED002518,,pharmacy,,,,,,,,41.2583,69.158,,,,,,,41.2583,69.158,,,,,OSM,,1,single,C,,auto_unverified,point,"координаты без названия — уточнить","2026-07-19 00:15:46"
SEED002519,,pharmacy,,,,,,,,41.3687,69.3097,,,,,,,41.3687,69.3097,,,,,OSM,,1,single,C,,auto_unverified,point,"координаты без названия — уточнить","2026-07-19 00:15:46"
SEED002520,,pharmacy,,,,,,,,41.2876,69.2432,,,,,,,41.2876,69.2432,,,,,OSM,,1,single,C,,auto_unverified,point,"координаты без названия — уточнить","2026-07-19 00:15:46"
SEED002521,,pharmacy,,,,,,,,41.2771,69.2439,,,,,,,41.2771,69.2439,,,,,OSM,,1,single,C,,auto_unverified,point,"координаты без названия — уточнить","2026-07-19 00:15:46"
SEED002522,,pharmacy,,,,,,,,41.3519,69.2885,,,,,,,41.3519,69.2885,,,,,OSM,,1,single,C,,auto_unverified,point,"координаты без названия — уточнить","2026-07-19 00:15:46"
SEED002523,,pharmacy,,,,,,,,41.254,69.3432,,,,,,,41.254,69.3432,,,,,OSM,,1,single,C,,auto_unverified,point,"координаты без названия — уточнить","2026-07-19 00:15:46"
SEED002524,,pharmacy,,,,,,,,41.2391,69.3315,,,,,,,41.2391,69.3315,,,,,OSM,,1,single,C,,auto_unverified,point,"координаты без названия — уточнить","2026-07-19 00:15:46"
SEED002525,,pharmacy,,,,,,,,41.369,69.2927,,,,,,,41.369,69.2927,,,,,OSM,,1,single,C,,auto_unverified,point,"координаты без названия — уточнить","2026-07-19 00:15:46"
SEED002526,,pharmacy,,,,,,,,41.3689,69.2927,,,,,,,41.3689,69.2927,,,,,OSM,,1,single,C,,auto_unverified,point,"координаты без названия — уточнить","2026-07-19 00:15:46"
SEED002527,,pharmacy,,,,,,,,41.3628,69.2892,,,,,,,41.3628,69.2892,,,,,OSM,,1,single,C,,auto_unverified,point,"координаты без названия — уточнить","2026-07-19 00:15:46"
SEED002528,,pharmacy,,,,,,,,41.3162,69.2846,,,,,,,41.3162,69.2846,,,,,OSM,,1,single,C,,auto_unverified,point,"координаты без названия — уточнить","2026-07-19 00:15:46"
SEED002529,,pharmacy,,,,,,,,41.2732,69.2938,,,,,,,41.2732,69.2938,,,,,OSM,,1,single,C,,auto_unverified,point,"координаты без названия — уточнить","2026-07-19 00:15:46"
SEED002530,,pharmacy,,,,,,,,41.2527,69.3441,,,,,,,41.2527,69.3441,,,,,OSM,,1,single,C,,auto_unverified,point,"координаты без названия — уточнить","2026-07-19 00:15:46"
SEED002531,,pharmacy,,,,,,,,41.2797,69.2435,,,,,,,41.2797,69.2435,,,,,OSM,,1,single,C,,auto_unverified,point,"координаты без названия — уточнить","2026-07-19 00:15:46"
SEED002532,,pharmacy,,,,,,,,41.2876,69.2851,,,,,,,41.2876,69.2851,,,,,OSM,,1,single,C,,auto_unverified,point,"координаты без названия — уточнить","2026-07-19 00:15:46"
SEED002533,,pharmacy,,,,,,,,41.2877,69.2848,,,,,,,41.2877,69.2848,,,,,OSM,,1,single,C,,auto_unverified,point,"координаты без названия — уточнить","2026-07-19 00:15:46"
SEED002534,,pharmacy,,,,,,,,41.288,69.2842,,,,,,,41.288,69.2842,,,,,OSM,,1,single,C,,auto_unverified,point,"координаты без названия — уточнить","2026-07-19 00:15:46"
SEED002535,,pharmacy,,,,,,,,41.2877,69.2842,,,,,,,41.2877,69.2842,,,,,OSM,,1,single,C,,auto_unverified,point,"координаты без названия — уточнить","2026-07-19 00:15:46"
SEED002536,,pharmacy,,,,,,,,41.2877,69.2841,,,,,,,41.2877,69.2841,,,,,OSM,,1,single,C,,auto_unverified,point,"координаты без названия — уточнить","2026-07-19 00:15:46"
SEED002537,,pharmacy,,,,,,,,41.288,69.2841,,,,,,,41.288,69.2841,,,,,OSM,,1,single,C,,auto_unverified,point,"координаты без названия — уточнить","2026-07-19 00:15:46"
SEED002538,,pharmacy,,,,,,,,41.2543,69.3441,,,,,,,41.2543,69.3441,,,,,OSM,,1,single,C,,auto_unverified,point,"координаты без названия — уточнить","2026-07-19 00:15:46"
SEED002539,,pharmacy,,,,,,,,41.3013,69.2843,,,,,,,41.3013,69.2843,,,,,OSM,,1,single,C,,auto_unverified,point,"координаты без названия — уточнить","2026-07-19 00:15:46"
SEED002540,,pharmacy,,,,,,,,41.298,69.2751,,,,,,,41.298,69.2751,,,,,OSM,,1,single,C,,auto_unverified,point,"координаты без названия — уточнить","2026-07-19 00:15:46"
SEED002541,,pharmacy,,,,,,,,41.294,69.288,,,,,,,41.294,69.288,,,,,OSM,,1,single,C,,auto_unverified,point,"координаты без названия — уточнить","2026-07-19 00:15:46"
SEED002542,,pharmacy,,,,,,,,41.2943,69.1978,,,,,,,41.2943,69.1978,,,,,OSM,,1,single,C,,auto_unverified,point,"координаты без названия — уточнить","2026-07-19 00:15:46"
SEED002543,,pharmacy,,,,,,,,41.3689,69.2941,,,,,,,41.3689,69.2941,,,,,OSM,,1,single,C,,auto_unverified,point,"координаты без названия — уточнить","2026-07-19 00:15:46"
SEED002544,,pharmacy,,,,,,,,41.2535,69.3437,,,,,,,41.2535,69.3437,,,,,OSM,,1,single,C,,auto_unverified,point,"координаты без названия — уточнить","2026-07-19 00:15:46"
SEED002545,,pharmacy,,,,,,,,41.3614,69.2963,,,,,,,41.3614,69.2963,,,,,OSM,,1,single,C,,auto_unverified,point,"координаты без названия — уточнить","2026-07-19 00:15:46"
SEED002546,,pharmacy,,,,,,,,41.364,69.2972,,,,,,,41.364,69.2972,,,,,OSM,,1,single,C,,auto_unverified,point,"координаты без названия — уточнить","2026-07-19 00:15:46"
SEED002547,,pharmacy,,,,,,,,41.3124,69.3308,,,,,,,41.3124,69.3308,,,,,OSM,,1,single,C,,auto_unverified,point,"координаты без названия — уточнить","2026-07-19 00:15:46"
SEED002548,,pharmacy,,,,,,,,41.2941,69.2846,,,,,,,41.2941,69.2846,,,,,OSM,,1,single,C,,auto_unverified,point,"координаты без названия — уточнить","2026-07-19 00:15:46"
SEED002549,,pharmacy,,,,,,,,41.27,69.201,,,,,,,41.27,69.201,,,,,OSM,,1,single,C,,auto_unverified,point,"координаты без названия — уточнить","2026-07-19 00:15:46"
SEED002550,,pharmacy,,,,,,,,41.3158,69.3217,,,,,,,41.3158,69.3217,,,,,OSM,,1,single,C,,auto_unverified,point,"координаты без названия — уточнить","2026-07-19 00:15:46"
SEED002551,,pharmacy,,,,,,,,41.2391,69.3309,,,,,,,41.2391,69.3309,,,,,OSM,,1,single,C,,auto_unverified,point,"координаты без названия — уточнить","2026-07-19 00:15:46"
SEED002552,,pharmacy,,,,,,,,41.2262,69.2187,,,,,,,41.2262,69.2187,,,,,OSM,,1,single,C,,auto_unverified,point,"координаты без названия — уточнить","2026-07-19 00:15:46"
SEED002553,,pharmacy,,,,,,,,41.2391,69.3307,,,,,,,41.2391,69.3307,,,,,OSM,,1,single,C,,auto_unverified,point,"координаты без названия — уточнить","2026-07-19 00:15:46"
SEED002554,,pharmacy,,,,,,,,41.2391,69.3312,,,,,,,41.2391,69.3312,,,,,OSM,,1,single,C,,auto_unverified,point,"координаты без названия — уточнить","2026-07-19 00:15:46"
SEED002555,,pharmacy,,,,,,,,41.337,69.2333,,,,,,,41.337,69.2333,,,,,OSM,,1,single,C,,auto_unverified,point,"координаты без названия — уточнить","2026-07-19 00:15:46"
SEED002556,,pharmacy,,,,,,,,41.3037,69.2888,,,,,,,41.3037,69.2888,,,,,OSM,,1,single,C,,auto_unverified,point,"координаты без названия — уточнить","2026-07-19 00:15:46"
SEED002557,,pharmacy,,,,,,,,41.3119,69.289,,,,,,,41.3119,69.289,,,,,OSM,,1,single,C,,auto_unverified,point,"координаты без названия — уточнить","2026-07-19 00:15:46"
SEED002558,,pharmacy,,,,,,,,41.299,69.2674,,,,,,,41.299,69.2674,,,,,OSM,,1,single,C,,auto_unverified,point,"координаты без названия — уточнить","2026-07-19 00:15:46"
SEED002559,,pharmacy,,,,,,,,41.2267,69.207,,,,,,,41.2267,69.207,,,,,OSM,,1,single,C,,auto_unverified,point,"координаты без названия — уточнить","2026-07-19 00:15:46"
SEED002560,,pharmacy,,,,,,,,41.2776,69.199,,,,,,,41.2776,69.199,,,,,OSM,,1,single,C,,auto_unverified,point,"координаты без названия — уточнить","2026-07-19 00:15:46"
SEED002561,,pharmacy,,,,,,,,41.2799,69.305,,,,,,,41.2799,69.305,,,,,OSM,,1,single,C,,auto_unverified,point,"координаты без названия — уточнить","2026-07-19 00:15:46"
SEED002562,,pharmacy,,,,,,,,41.3492,69.2288,,,,,,,41.3492,69.2288,,,,,OSM,,1,single,C,,auto_unverified,point,"координаты без названия — уточнить","2026-07-19 00:15:46"
SEED002563,,pharmacy,,,,,,,,41.3042,69.2892,,,,,,,41.3042,69.2892,,,,,OSM,,1,single,C,,auto_unverified,point,"координаты без названия — уточнить","2026-07-19 00:15:46"
SEED002564,,pharmacy,,,,,,,,41.2718,69.3062,,,,,,,41.2718,69.3062,,,,,OSM,,1,single,C,,auto_unverified,point,"координаты без названия — уточнить","2026-07-19 00:15:46"
SEED002565,,pharmacy,,,,,,,,41.3262,69.3314,,,,,,,41.3262,69.3314,,,,,OSM,,1,single,C,,auto_unverified,point,"координаты без названия — уточнить","2026-07-19 00:15:46"
SEED002566,,pharmacy,,,,,,,,41.3261,69.331,,,,,,,41.3261,69.331,,,,,OSM,,1,single,C,,auto_unverified,point,"координаты без названия — уточнить","2026-07-19 00:15:46"
SEED002567,,pharmacy,,,,,,,,41.3262,69.3311,,,,,,,41.3262,69.3311,,,,,OSM,,1,single,C,,auto_unverified,point,"координаты без названия — уточнить","2026-07-19 00:15:46"
SEED002568,,pharmacy,,,,,,,,41.3262,69.3315,,,,,,,41.3262,69.3315,,,,,OSM,,1,single,C,,auto_unverified,point,"координаты без названия — уточнить","2026-07-19 00:15:46"
SEED002569,,pharmacy,,,,,,,,41.3263,69.3318,,,,,,,41.3263,69.3318,,,,,OSM,,1,single,C,,auto_unverified,point,"координаты без названия — уточнить","2026-07-19 00:15:46"
SEED002570,,pharmacy,,,,,,,,41.3263,69.3321,,,,,,,41.3263,69.3321,,,,,OSM,,1,single,C,,auto_unverified,point,"координаты без названия — уточнить","2026-07-19 00:15:46"
SEED002571,,pharmacy,,,,,,,,41.3483,69.3384,,,,,,,41.3483,69.3384,,,,,OSM,,1,single,C,,auto_unverified,point,"координаты без названия — уточнить","2026-07-19 00:15:46"
SEED002572,,pharmacy,,,,,,,,41.3208,69.3546,,,,,,,41.3208,69.3546,,,,,OSM,,1,single,C,,auto_unverified,point,"координаты без названия — уточнить","2026-07-19 00:15:46"
SEED002573,,pharmacy,,,,,,,,41.277,69.2,,,,,,,41.277,69.2,,,,,OSM,,1,single,C,,auto_unverified,point,"координаты без названия — уточнить","2026-07-19 00:15:46"
SEED002574,,pharmacy,,,,,,,,41.3252,69.3002,,,,,,,41.3252,69.3002,,,,,OSM,,1,single,C,,auto_unverified,point,"координаты без названия — уточнить","2026-07-19 00:15:46"
SEED002575,,pharmacy,,,,,,,,41.2942,69.2137,,,,,,,41.2942,69.2137,,,,,OSM,,1,single,C,,auto_unverified,point,"координаты без названия — уточнить","2026-07-19 00:15:46"
SEED002576,,pharmacy,,,,,,,,41.3257,69.2458,,,,,,,41.3257,69.2458,,,,,OSM,,1,single,C,,auto_unverified,point,"координаты без названия — уточнить","2026-07-19 00:15:46"
SEED002577,,pharmacy,,,,,,,,41.3315,69.2198,,,,,,,41.3315,69.2198,,,,,OSM,,1,single,C,,auto_unverified,point,"координаты без названия — уточнить","2026-07-19 00:15:46"
SEED002578,,pharmacy,,,,,,,,41.3265,69.3289,,,,,,,41.3265,69.3289,,,,,OSM,,1,single,C,,auto_unverified,point,"координаты без названия — уточнить","2026-07-19 00:15:46"
SEED002579,,pharmacy,,,,,,,,41.2944,69.2669,,,,,,,41.2944,69.2669,,,,,OSM,,1,single,C,,auto_unverified,point,"координаты без названия — уточнить","2026-07-19 00:15:46"
SEED002580,,pharmacy,,,,,,,,41.2219,69.2223,,,,,,,41.2219,69.2223,,,,,OSM,,1,single,C,,auto_unverified,point,"координаты без названия — уточнить","2026-07-19 00:15:46"
SEED002581,,pharmacy,,,,,,,,41.3305,69.263,,,,,,,41.3305,69.263,,,,,OSM,,1,single,C,,auto_unverified,point,"координаты без названия — уточнить","2026-07-19 00:15:46"
SEED002582,,pharmacy,,,,,,,,41.2083,69.2265,,,,,,,41.2083,69.2265,,,,,OSM,,1,single,C,,auto_unverified,point,"координаты без названия — уточнить","2026-07-19 00:15:46"
SEED002583,,pharmacy,,,,,,,,41.3485,69.1716,,,,,,,41.3485,69.1716,,,,,OSM,,1,single,C,,auto_unverified,point,"координаты без названия — уточнить","2026-07-19 00:15:46"
SEED002584,,pharmacy,,,,,,,,41.3485,69.1718,,,,,,,41.3485,69.1718,,,,,OSM,,1,single,C,,auto_unverified,point,"координаты без названия — уточнить","2026-07-19 00:15:46"
SEED002585,,pharmacy,,,,,,,,41.3485,69.1724,,,,,,,41.3485,69.1724,,,,,OSM,,1,single,C,,auto_unverified,point,"координаты без названия — уточнить","2026-07-19 00:15:46"
SEED002586,,pharmacy,,,,,,,,41.263,69.2077,,,,,,,41.263,69.2077,,,,,OSM,,1,single,C,,auto_unverified,point,"координаты без названия — уточнить","2026-07-19 00:15:46"
SEED002587,,pharmacy,,,,,,,,41.2942,69.3342,,,,,,,41.2942,69.3342,,,,,OSM,,1,single,C,,auto_unverified,point,"координаты без названия — уточнить","2026-07-19 00:15:46"
SEED002588,,pharmacy,,,,,,,,41.2399,69.3302,,,,,,,41.2399,69.3302,,,,,OSM,,1,single,C,,auto_unverified,point,"координаты без названия — уточнить","2026-07-19 00:15:46"
SEED002589,,pharmacy,,,,,,,,41.2396,69.3303,,,,,,,41.2396,69.3303,,,,,OSM,,1,single,C,,auto_unverified,point,"координаты без названия — уточнить","2026-07-19 00:15:46"
SEED002590,,pharmacy,,,,,,,,41.2631,69.2294,,,,,,,41.2631,69.2294,,,,,OSM,,1,single,C,,auto_unverified,point,"координаты без названия — уточнить","2026-07-19 00:15:46"
SEED002591,,pharmacy,,,,,,,,41.3575,69.2421,,,,,,,41.3575,69.2421,,,,,OSM,,1,single,C,,auto_unverified,point,"координаты без названия — уточнить","2026-07-19 00:15:46"
SEED002592,,pharmacy,,,,,,,,41.3024,69.2845,,,,,,,41.3024,69.2845,,,,,OSM,,1,single,C,,auto_unverified,point,"координаты без названия — уточнить","2026-07-19 00:15:46"
SEED002593,,pharmacy,,,,,,,,41.2735,69.343,,,,,,,41.2735,69.343,,,,,OSM,,1,single,C,,auto_unverified,point,"координаты без названия — уточнить","2026-07-19 00:15:46"
SEED002594,,pharmacy,,,,,,,,41.3678,69.2939,,,,,,,41.3678,69.2939,,,,,OSM,,1,single,C,,auto_unverified,point,"координаты без названия — уточнить","2026-07-19 00:15:46"
SEED002595,,pharmacy,,,,,,,,41.352,69.2885,,,,,,,41.352,69.2885,,,,,OSM,,1,single,C,,auto_unverified,point,"координаты без названия — уточнить","2026-07-19 00:15:46"
SEED002596,,pharmacy,,,,,,,,41.3603,69.2972,,,,,,,41.3603,69.2972,,,,,OSM,,1,single,C,,auto_unverified,point,"координаты без названия — уточнить","2026-07-19 00:15:46"
SEED002597,,pharmacy,,,,,,,,41.3669,69.2878,,,,,,,41.3669,69.2878,,,,,OSM,,1,single,C,,auto_unverified,point,"координаты без названия — уточнить","2026-07-19 00:15:46"
SEED002598,,pharmacy,,,,,,,,41.3305,69.263,,,,,,,41.3305,69.263,,,,,OSM,,1,single,C,,auto_unverified,point,"координаты без названия — уточнить","2026-07-19 00:15:46"
SEED002599,,pharmacy,,,,,,,,41.3301,69.3757,,,,,,,41.3301,69.3757,,,,,OSM,,1,single,C,,auto_unverified,point,"координаты без названия — уточнить","2026-07-19 00:15:46"
SEED002600,,pharmacy,,,,,,,,41.2893,69.3471,,,,,,,41.2893,69.3471,,,,,OSM,,1,single,C,,auto_unverified,point,"координаты без названия — уточнить","2026-07-19 00:15:46"
SEED002601,,pharmacy,,,,,,,,41.3619,69.1818,,,,,,,41.3619,69.1818,,,,,OSM,,1,single,C,,auto_unverified,point,"координаты без названия — уточнить","2026-07-19 00:15:46"
SEED002602,,pharmacy,,,,,,,,41.3285,69.3433,,,,,,,41.3285,69.3433,,,,,OSM,,1,single,C,,auto_unverified,point,"координаты без названия — уточнить","2026-07-19 00:15:46"
SEED002603,,pharmacy,,,,,,,,41.3079,69.2703,,,,,,,41.3079,69.2703,,,,,OSM,,1,single,C,,auto_unverified,point,"координаты без названия — уточнить","2026-07-19 00:15:46"
SEED002604,,pharmacy,,,,,,,,41.3562,69.2387,,,,,,,41.3562,69.2387,,,,,OSM,,1,single,C,,auto_unverified,point,"координаты без названия — уточнить","2026-07-19 00:15:46"
SEED002605,,pharmacy,,,,,,,,41.1861,69.2299,,,,,,,41.1861,69.2299,,,,,OSM,,1,single,C,,auto_unverified,point,"координаты без названия — уточнить","2026-07-19 00:15:46"
SEED002606,,pharmacy,,,,,,,,41.294,69.0928,,,,,,,41.294,69.0928,,,,,OSM,,1,single,C,,auto_unverified,point,"координаты без названия — уточнить","2026-07-19 00:15:46"
SEED002607,,pharmacy,,,,,,,,41.2942,69.0925,,,,,,,41.2942,69.0925,,,,,OSM,,1,single,C,,auto_unverified,point,"координаты без названия — уточнить","2026-07-19 00:15:46"
SEED002608,,pharmacy,,,,,,,,41.2599,69.2241,,,,,,,41.2599,69.2241,,,,,OSM,,1,single,C,,auto_unverified,point,"координаты без названия — уточнить","2026-07-19 00:15:46"
SEED002609,,pharmacy,,,,,,,,41.2479,69.3014,,,,,,,41.2479,69.3014,,,,,OSM,,1,single,C,,auto_unverified,point,"координаты без названия — уточнить","2026-07-19 00:15:46"
SEED002610,,pharmacy,,,,,,,,41.2479,69.3018,,,,,,,41.2479,69.3018,,,,,OSM,,1,single,C,,auto_unverified,point,"координаты без названия — уточнить","2026-07-19 00:15:46"
SEED002611,,pharmacy,,,,,,,,41.2708,69.212,,,,,,,41.2708,69.212,,,,,OSM,,1,single,C,,auto_unverified,point,"координаты без названия — уточнить","2026-07-19 00:15:46"
SEED002612,,pharmacy,,,,,,,,41.3585,69.3391,,,,,,,41.3585,69.3391,,,,,OSM,,1,single,C,,auto_unverified,point,"координаты без названия — уточнить","2026-07-19 00:15:46"
SEED002613,,pharmacy,,,,,,,,41.3581,69.3398,,,,,,,41.3581,69.3398,,,,,OSM,,1,single,C,,auto_unverified,point,"координаты без названия — уточнить","2026-07-19 00:15:46"
SEED002614,,pharmacy,,,,,,,,41.3583,69.3393,,,,,,,41.3583,69.3393,,,,,OSM,,1,single,C,,auto_unverified,point,"координаты без названия — уточнить","2026-07-19 00:15:46"
SEED002615,,pharmacy,,,,,,,,41.3589,69.3379,,,,,,,41.3589,69.3379,,,,,OSM,,1,single,C,,auto_unverified,point,"координаты без названия — уточнить","2026-07-19 00:15:46"
SEED002616,,pharmacy,,,,,,,,41.2206,69.2204,,,,,,,41.2206,69.2204,,,,,OSM,,1,single,C,,auto_unverified,point,"координаты без названия — уточнить","2026-07-19 00:15:46"
SEED002617,,pharmacy,,,,,,,,41.3775,69.2825,,,,,,,41.3775,69.2825,,,,,OSM,,1,single,C,,auto_unverified,point,"координаты без названия — уточнить","2026-07-19 00:15:46"
SEED002618,,pharmacy,,,,,,,,41.3553,69.3352,,,,,,,41.3553,69.3352,,,,,OSM,,1,single,C,,auto_unverified,point,"координаты без названия — уточнить","2026-07-19 00:15:46"
SEED002619,,pharmacy,,,,,,,,41.3355,69.3538,,,,,,,41.3355,69.3538,,,,,OSM,,1,single,C,,auto_unverified,point,"координаты без названия — уточнить","2026-07-19 00:15:46"
SEED002620,,pharmacy,,,,,,,,41.3928,69.3566,,,,,,,41.3928,69.3566,,,,,OSM,,1,single,C,,auto_unverified,point,"координаты без названия — уточнить","2026-07-19 00:15:46"
SEED002621,,pharmacy,,,,,,,,41.1655,69.3281,,,,,,,41.1655,69.3281,,,,,OSM,,1,single,C,,auto_unverified,point,"координаты без названия — уточнить","2026-07-19 00:15:46"
SEED002622,,pharmacy,,,,,,,,41.3744,69.3048,,,,,,,41.3744,69.3048,,,,,OSM,,1,single,C,,auto_unverified,point,"координаты без названия — уточнить","2026-07-19 00:15:46"
SEED002623,,pharmacy,,,,,,,,41.3491,69.3679,,,,,,,41.3491,69.3679,,,,,OSM,,1,single,C,,auto_unverified,point,"координаты без названия — уточнить","2026-07-19 00:15:46"
SEED002624,,pharmacy,,,,,,,,41.3492,69.368,,,,,,,41.3492,69.368,,,,,OSM,,1,single,C,,auto_unverified,point,"координаты без названия — уточнить","2026-07-19 00:15:46"
SEED002625,,pharmacy,,,,,,,,41.334,69.376,,,,,,,41.334,69.376,,,,,OSM,,1,single,C,,auto_unverified,point,"координаты без названия — уточнить","2026-07-19 00:15:46"
SEED002626,,pharmacy,,,,,,,,41.2958,69.3521,,,,,,,41.2958,69.3521,,,,,OSM,,1,single,C,,auto_unverified,point,"координаты без названия — уточнить","2026-07-19 00:15:46"
SEED002627,,pharmacy,,,,,,,,41.3396,69.3444,,,,,,,41.3396,69.3444,,,,,OSM,,1,single,C,,auto_unverified,point,"координаты без названия — уточнить","2026-07-19 00:15:46"
SEED002628,,pharmacy,,,,,,,,41.3706,69.3106,,,,,,,41.3706,69.3106,,,,,OSM,,1,single,C,,auto_unverified,point,"координаты без названия — уточнить","2026-07-19 00:15:46"
SEED002629,,pharmacy,,,,,,,,41.2456,69.3021,,,,,,,41.2456,69.3021,,,,,OSM,,1,single,C,,auto_unverified,point,"координаты без названия — уточнить","2026-07-19 00:15:46"
SEED002630,,pharmacy,,,,,,,,41.2784,69.1776,,,,,,,41.2784,69.1776,,,,,OSM,,1,single,C,,auto_unverified,point,"координаты без названия — уточнить","2026-07-19 00:15:46"
SEED002631,,pharmacy,,,,,,,,41.2917,69.3401,,,,,,,41.2917,69.3401,,,,,OSM,,1,single,C,,auto_unverified,point,"координаты без названия — уточнить","2026-07-19 00:15:46"
SEED002632,,pharmacy,,,,,,,,41.3538,69.2167,,,,,,,41.3538,69.2167,,,,,OSM,,1,single,C,,auto_unverified,point,"координаты без названия — уточнить","2026-07-19 00:15:46"
SEED002633,,pharmacy,,,,,,,,41.2946,69.174,,,,,,,41.2946,69.174,,,,,OSM,,1,single,C,,auto_unverified,point,"координаты без названия — уточнить","2026-07-19 00:15:46"
SEED002634,,pharmacy,,,,,,,,41.2919,69.2759,,,,,,,41.2919,69.2759,,,,,OSM,,1,single,C,,auto_unverified,point,"координаты без названия — уточнить","2026-07-19 00:15:46"
SEED002635,,pharmacy,,,,,,,,41.3973,69.1182,,,,,,,41.3973,69.1182,,,,,OSM,,1,single,C,,auto_unverified,point,"координаты без названия — уточнить","2026-07-19 00:15:46"
SEED002636,,pharmacy,,,,,,,,41.3699,69.3122,,,,,,,41.3699,69.3122,,,,,OSM,,1,single,C,,auto_unverified,point,"координаты без названия — уточнить","2026-07-19 00:15:46"
SEED002637,,pharmacy,,,,,,,,41.3711,69.3103,,,,,,,41.3711,69.3103,,,,,OSM,,1,single,C,,auto_unverified,point,"координаты без названия — уточнить","2026-07-19 00:15:46"
SEED002638,,pharmacy,,,,,,,,41.2975,69.1935,,,,,,,41.2975,69.1935,,,,,OSM,,1,single,C,,auto_unverified,point,"координаты без названия — уточнить","2026-07-19 00:15:46"
SEED002639,,pharmacy,,,,,,,,41.3624,69.2856,,,,,,,41.3624,69.2856,,,,,OSM,,1,single,C,,auto_unverified,point,"координаты без названия — уточнить","2026-07-19 00:15:46"
SEED002640,,pharmacy,,,,,,,,41.3193,69.2962,,,,,,,41.3193,69.2962,,,,,OSM,,1,single,C,,auto_unverified,point,"координаты без названия — уточнить","2026-07-19 00:15:46"
SEED002641,,pharmacy,,,,,,,,41.3147,69.1869,,,,,,,41.3147,69.1869,,,,,OSM,,1,single,C,,auto_unverified,point,"координаты без названия — уточнить","2026-07-19 00:15:46"
SEED002642,,pharmacy,,,,,,,,41.2757,69.202,,,,,,,41.2757,69.202,,,,,OSM,,1,single,C,,auto_unverified,point,"координаты без названия — уточнить","2026-07-19 00:15:46"
SEED002643,,pharmacy,,,,,,,,41.2978,69.1909,,,,,,,41.2978,69.1909,,,,,OSM,,1,single,C,,auto_unverified,point,"координаты без названия — уточнить","2026-07-19 00:15:46"
SEED002644,,pharmacy,,,,,,,,41.2673,69.1898,,,,,,,41.2673,69.1898,,,,,OSM,,1,single,C,,auto_unverified,point,"координаты без названия — уточнить","2026-07-19 00:15:46"
SEED002645,,pharmacy,,,,,,,,41.2814,69.1704,,,,,,,41.2814,69.1704,,,,,OSM,,1,single,C,,auto_unverified,point,"координаты без названия — уточнить","2026-07-19 00:15:46"
SEED002646,,pharmacy,,,,,,,,41.349,69.3496,,,,,,,41.349,69.3496,,,,,OSM,,1,single,C,,auto_unverified,point,"координаты без названия — уточнить","2026-07-19 00:15:46"
SEED002647,,pharmacy,,,,,,,,41.3513,69.2494,,,,,,,41.3513,69.2494,,,,,OSM,,1,single,C,,auto_unverified,point,"координаты без названия — уточнить","2026-07-19 00:15:46"
SEED002648,,pharmacy,,,,,,,,41.2454,69.3096,,,,,,,41.2454,69.3096,,,,,OSM,,1,single,C,,auto_unverified,point,"координаты без названия — уточнить","2026-07-19 00:15:46"
SEED002649,,pharmacy,,,,,,,,41.3579,69.3074,,,,,,,41.3579,69.3074,,,,,OSM,,1,single,C,,auto_unverified,point,"координаты без названия — уточнить","2026-07-19 00:15:46"
SEED002650,,pharmacy,,,,,,,,41.2781,69.1969,,,,,,,41.2781,69.1969,,,,,OSM,,1,single,C,,auto_unverified,point,"координаты без названия — уточнить","2026-07-19 00:15:46"
SEED002651,,pharmacy,,,,,,,,41.3265,69.2827,,,,,,,41.3265,69.2827,,,,,OSM,,1,single,C,,auto_unverified,point,"координаты без названия — уточнить","2026-07-19 00:15:46"
SEED002652,,pharmacy,,,,,,,,41.3744,69.3046,,,,,,,41.3744,69.3046,,,,,OSM,,1,single,C,,auto_unverified,point,"координаты без названия — уточнить","2026-07-19 00:15:46"
SEED002653,,pharmacy,,,,,,,,41.3746,69.3038,,,,,,,41.3746,69.3038,,,,,OSM,,1,single,C,,auto_unverified,point,"координаты без названия — уточнить","2026-07-19 00:15:46"
SEED002654,,pharmacy,,,,,,,,41.3464,69.3414,,,,,,,41.3464,69.3414,,,,,OSM,,1,single,C,,auto_unverified,point,"координаты без названия — уточнить","2026-07-19 00:15:46"
SEED002655,,pharmacy,,,,,,,,41.3459,69.3423,,,,,,,41.3459,69.3423,,,,,OSM,,1,single,C,,auto_unverified,point,"координаты без названия — уточнить","2026-07-19 00:15:46"
SEED002656,,pharmacy,,,,,,,,41.3653,69.2936,,,,,,,41.3653,69.2936,,,,,OSM,,1,single,C,,auto_unverified,point,"координаты без названия — уточнить","2026-07-19 00:15:46"
SEED002657,,pharmacy,,,,,,,,41.3697,69.293,,,,,,,41.3697,69.293,,,,,OSM,,1,single,C,,auto_unverified,point,"координаты без названия — уточнить","2026-07-19 00:15:46"
SEED002658,,pharmacy,,,,,,,,41.3017,69.3053,,,,,,,41.3017,69.3053,,,,,OSM,,1,single,C,,auto_unverified,point,"координаты без названия — уточнить","2026-07-19 00:15:46"
SEED002659,,pharmacy,,,,,,,,41.2855,69.3458,,,,,,,41.2855,69.3458,,,,,OSM,,1,single,C,,auto_unverified,point,"координаты без названия — уточнить","2026-07-19 00:15:46"
SEED002660,,pharmacy,,,,,,,,41.2855,69.3458,,,,,,,41.2855,69.3458,,,,,OSM,,1,single,C,,auto_unverified,point,"координаты без названия — уточнить","2026-07-19 00:15:46"
SEED002661,,pharmacy,,,,,,,,41.2856,69.3461,,,,,,,41.2856,69.3461,,,,,OSM,,1,single,C,,auto_unverified,point,"координаты без названия — уточнить","2026-07-19 00:15:46"
SEED002662,,pharmacy,,,,,,,,41.2861,69.3458,,,,,,,41.2861,69.3458,,,,,OSM,,1,single,C,,auto_unverified,point,"координаты без названия — уточнить","2026-07-19 00:15:46"
SEED002663,,pharmacy,,,,,,,,41.3657,69.286,,,,,,,41.3657,69.286,,,,,OSM,,1,single,C,,auto_unverified,point,"координаты без названия — уточнить","2026-07-19 00:15:46"
SEED002664,,pharmacy,,,,,,,,41.2897,69.194,,,,,,,41.2897,69.194,,,,,OSM,,1,single,C,,auto_unverified,point,"координаты без названия — уточнить","2026-07-19 00:15:46"
SEED002665,,pharmacy,,,,,,,,41.334,69.2661,,,,,,,41.334,69.2661,,,,,OSM,,1,single,C,,auto_unverified,point,"координаты без названия — уточнить","2026-07-19 00:15:46"
SEED002666,,pharmacy,,,,,,,,41.3466,69.3471,,,,,,,41.3466,69.3471,,,,,OSM,,1,single,C,,auto_unverified,point,"координаты без названия — уточнить","2026-07-19 00:15:46"
SEED002667,,pharmacy,,,,,,,,41.2724,69.2787,,,,,,,41.2724,69.2787,,,,,OSM,,1,single,C,,auto_unverified,point,"координаты без названия — уточнить","2026-07-19 00:15:46"
SEED002668,,pharmacy,,,,,,,,41.2723,69.2788,,,,,,,41.2723,69.2788,,,,,OSM,,1,single,C,,auto_unverified,point,"координаты без названия — уточнить","2026-07-19 00:15:46"
SEED002669,,pharmacy,,,,,,,,41.2718,69.2795,,,,,,,41.2718,69.2795,,,,,OSM,,1,single,C,,auto_unverified,point,"координаты без названия — уточнить","2026-07-19 00:15:46"
SEED002670,,pharmacy,,,,,,,,41.3399,69.2699,,,,,,,41.3399,69.2699,,,,,OSM,,1,single,C,,auto_unverified,point,"координаты без названия — уточнить","2026-07-19 00:15:46"
SEED002671,,pharmacy,,,,,,,,41.3643,69.2968,,,,,,,41.3643,69.2968,,,,,OSM,,1,single,C,,auto_unverified,point,"координаты без названия — уточнить","2026-07-19 00:15:46"
SEED002672,,pharmacy,,,,,,,,41.2773,69.2625,,,,,,,41.2773,69.2625,,,,,OSM,,1,single,C,,auto_unverified,point,"координаты без названия — уточнить","2026-07-19 00:15:46"
SEED002673,,pharmacy,,,,,,,,41.2669,69.1896,,,,,,,41.2669,69.1896,,,,,OSM,,1,single,C,,auto_unverified,point,"координаты без названия — уточнить","2026-07-19 00:15:46"
SEED002674,,pharmacy,,,,,,,,41.2726,69.2838,,,,,,,41.2726,69.2838,,,,,OSM,,1,single,C,,auto_unverified,point,"координаты без названия — уточнить","2026-07-19 00:15:46"
SEED002675,,pharmacy,,,,,,,,41.2441,69.3332,,,,,,,41.2441,69.3332,,,,,OSM,,1,single,C,,auto_unverified,point,"координаты без названия — уточнить","2026-07-19 00:15:46"
SEED002676,,pharmacy,,,,,,,,41.3283,69.3431,,,,,,,41.3283,69.3431,,,,,OSM,,1,single,C,,auto_unverified,point,"координаты без названия — уточнить","2026-07-19 00:15:46"
SEED002677,,pharmacy,,,,,,,,41.2737,69.1944,,,,,,,41.2737,69.1944,,,,,OSM,,1,single,C,,auto_unverified,point,"координаты без названия — уточнить","2026-07-19 00:15:46"
SEED002678,,pharmacy,,,,,,,,41.4057,69.4607,,,,,,,41.4057,69.4607,,,,,OSM,,1,single,C,,auto_unverified,point,"координаты без названия — уточнить","2026-07-19 00:15:46"
SEED002679,,pharmacy,,,,,,,,41.3548,69.3686,,,,,,,41.3548,69.3686,,,,,OSM,,1,single,C,,auto_unverified,point,"координаты без названия — уточнить","2026-07-19 00:15:46"
SEED002680,,pharmacy,,,,,,,,41.3125,69.193,,,,,,,41.3125,69.193,,,,,OSM,,1,single,C,,auto_unverified,point,"координаты без названия — уточнить","2026-07-19 00:15:46"
SEED002681,,pharmacy,,,,,,,,41.2848,69.3477,,,,,,,41.2848,69.3477,,,,,OSM,,1,single,C,,auto_unverified,point,"координаты без названия — уточнить","2026-07-19 00:15:46"
SEED002682,,pharmacy,,,,,,,,41.336,69.1759,,,,,,,41.336,69.1759,,,,,OSM,,1,single,C,,auto_unverified,point,"координаты без названия — уточнить","2026-07-19 00:15:46"
SEED002683,,pharmacy,,,,,,,,41.3781,69.2216,,,,,,,41.3781,69.2216,,,,,OSM,,1,single,C,,auto_unverified,point,"координаты без названия — уточнить","2026-07-19 00:15:46"
SEED002684,,pharmacy,,,,,,,,41.2779,69.2445,,,,,,,41.2779,69.2445,,,,,OSM,,1,single,C,,auto_unverified,point,"координаты без названия — уточнить","2026-07-19 00:15:46"
SEED002685,,pharmacy,,,,,,,,41.2869,69.3024,,,,,,,41.2869,69.3024,,,,,OSM,,1,single,C,,auto_unverified,point,"координаты без названия — уточнить","2026-07-19 00:15:46"
SEED002686,,pharmacy,,,,,,,,41.2174,69.2435,,,,,,,41.2174,69.2435,,,,,OSM,,1,single,C,,auto_unverified,point,"координаты без названия — уточнить","2026-07-19 00:15:46"
SEED002687,,pharmacy,,,,,,,,41.2877,69.2297,,,,,,,41.2877,69.2297,,,,,OSM,,1,single,C,,auto_unverified,point,"координаты без названия — уточнить","2026-07-19 00:15:46"
SEED002688,,pharmacy,,,,,,,,41.2874,69.2302,,,,,,,41.2874,69.2302,,,,,OSM,,1,single,C,,auto_unverified,point,"координаты без названия — уточнить","2026-07-19 00:15:46"
SEED002689,,pharmacy,,,,,,,,41.2862,69.2321,,,,,,,41.2862,69.2321,,,,,OSM,,1,single,C,,auto_unverified,point,"координаты без названия — уточнить","2026-07-19 00:15:46"
SEED002690,,pharmacy,,,,,,,,41.292,69.2606,,,,,,,41.292,69.2606,,,,,OSM,,1,single,C,,auto_unverified,point,"координаты без названия — уточнить","2026-07-19 00:15:46"
SEED002691,,pharmacy,,,,,,,,41.3832,69.4617,,,,,,,41.3832,69.4617,,,,,OSM,,1,single,C,,auto_unverified,point,"координаты без названия — уточнить","2026-07-19 00:15:46"
SEED002692,,pharmacy,,,,,,,,41.2507,69.324,,,,,,,41.2507,69.324,,,,,OSM,,1,single,C,,auto_unverified,point,"координаты без названия — уточнить","2026-07-19 00:15:46"
SEED002693,,pharmacy,,,,,,,,41.2373,69.3527,,,,,,,41.2373,69.3527,,,,,OSM,,1,single,C,,auto_unverified,point,"координаты без названия — уточнить","2026-07-19 00:15:46"
SEED002694,,pharmacy,,,,,,,,41.3948,69.2057,,,,,,,41.3948,69.2057,,,,,OSM,,1,single,C,,auto_unverified,point,"координаты без названия — уточнить","2026-07-19 00:15:46"
SEED002695,,pharmacy,,,,,,,,41.4082,69.2011,,,,,,,41.4082,69.2011,,,,,OSM,,1,single,C,,auto_unverified,point,"координаты без названия — уточнить","2026-07-19 00:15:46"
SEED002696,,pharmacy,,,,,,,,41.3248,69.3018,,,,,,,41.3248,69.3018,,,,,OSM,,1,single,C,,auto_unverified,point,"координаты без названия — уточнить","2026-07-19 00:15:46"
SEED002697,,pharmacy,,,,,,,,41.2906,69.2231,,,,,,,41.2906,69.2231,,,,,OSM,,1,single,C,,auto_unverified,point,"координаты без названия — уточнить","2026-07-19 00:15:46"
SEED002698,,pharmacy,,,,,,,,41.2767,69.271,,,,,,,41.2767,69.271,,,,,OSM,,1,single,C,,auto_unverified,point,"координаты без названия — уточнить","2026-07-19 00:15:46"
SEED002699,,pharmacy,,,,,,,,41.2697,69.2596,,,,,,,41.2697,69.2596,,,,,OSM,,1,single,C,,auto_unverified,point,"координаты без названия — уточнить","2026-07-19 00:15:46"
SEED002700,,pharmacy,,,,,,,,41.2816,69.18,,,,,,,41.2816,69.18,,,,,OSM,,1,single,C,,auto_unverified,point,"координаты без названия — уточнить","2026-07-19 00:15:46"
SEED002701,,pharmacy,,,,,,,,41.3356,69.3721,,,,,,,41.3356,69.3721,,,,,OSM,,1,single,C,,auto_unverified,point,"координаты без названия — уточнить","2026-07-19 00:15:46"
SEED002702,,pharmacy,,,,,,,,41.2805,69.2685,,,,,,,41.2805,69.2685,,,,,OSM,,1,single,C,,auto_unverified,point,"координаты без названия — уточнить","2026-07-19 00:15:46"
SEED002703,,pharmacy,,,,,,,,41.3305,69.3443,,,,,,,41.3305,69.3443,,,,,OSM,,1,single,C,,auto_unverified,point,"координаты без названия — уточнить","2026-07-19 00:15:46"
SEED002704,,pharmacy,,,,,,,,41.2742,69.2591,,,,,,,41.2742,69.2591,,,,,OSM,,1,single,C,,auto_unverified,point,"координаты без названия — уточнить","2026-07-19 00:15:46"
SEED002705,,pharmacy,,,,,,,,41.2744,69.259,,,,,,,41.2744,69.259,,,,,OSM,,1,single,C,,auto_unverified,point,"координаты без названия — уточнить","2026-07-19 00:15:46"
SEED002706,,pharmacy,,,,,,,,41.3163,69.328,,,,,,,41.3163,69.328,,,,,OSM,,1,single,C,,auto_unverified,point,"координаты без названия — уточнить","2026-07-19 00:15:46"
SEED002707,,pharmacy,,,,,,,,41.2125,69.2289,,,,,,,41.2125,69.2289,,,,,OSM,,1,single,C,,auto_unverified,point,"координаты без названия — уточнить","2026-07-19 00:15:46"
SEED002708,,pharmacy,,,,,,,,41.3567,69.359,,,,,,,41.3567,69.359,,,,,OSM,,1,single,C,,auto_unverified,point,"координаты без названия — уточнить","2026-07-19 00:15:46"
SEED002709,,pharmacy,,,,,,,,41.3456,69.3461,,,,,,,41.3456,69.3461,,,,,OSM,,1,single,C,,auto_unverified,point,"координаты без названия — уточнить","2026-07-19 00:15:46"
SEED002710,,pharmacy,,,,,,,,41.3679,69.2922,,,,,,,41.3679,69.2922,,,,,OSM,,1,single,C,,auto_unverified,point,"координаты без названия — уточнить","2026-07-19 00:15:46"
SEED002711,,pharmacy,,,,,,,,41.3614,69.2802,,,,,,,41.3614,69.2802,,,,,OSM,,1,single,C,,auto_unverified,point,"координаты без названия — уточнить","2026-07-19 00:15:46"
SEED002712,,pharmacy,,,,,,,,41.2478,69.3008,,,,,,,41.2478,69.3008,,,,,OSM,,1,single,C,,auto_unverified,point,"координаты без названия — уточнить","2026-07-19 00:15:46"
SEED002713,,pharmacy,,,,,,,,41.3163,69.1646,,,,,,,41.3163,69.1646,,,,,OSM,,1,single,C,,auto_unverified,point,"координаты без названия — уточнить","2026-07-19 00:15:46"
SEED002714,,pharmacy,,,,,,,,41.3222,69.1796,,,,,,,41.3222,69.1796,,,,,OSM,,1,single,C,,auto_unverified,point,"координаты без названия — уточнить","2026-07-19 00:15:46"
SEED002715,,pharmacy,,,,,,,,41.3141,69.1591,,,,,,,41.3141,69.1591,,,,,OSM,,1,single,C,,auto_unverified,point,"координаты без названия — уточнить","2026-07-19 00:15:46"
SEED002716,,pharmacy,,,,,,,,41.3224,69.2183,,,,,,,41.3224,69.2183,,,,,OSM,,1,single,C,,auto_unverified,point,"координаты без названия — уточнить","2026-07-19 00:15:46"
SEED002717,,pharmacy,,,,,,,,41.3224,69.2195,,,,,,,41.3224,69.2195,,,,,OSM,,1,single,C,,auto_unverified,point,"координаты без названия — уточнить","2026-07-19 00:15:46"
SEED002718,,pharmacy,,,,,,,,41.3227,69.2197,,,,,,,41.3227,69.2197,,,,,OSM,,1,single,C,,auto_unverified,point,"координаты без названия — уточнить","2026-07-19 00:15:46"
SEED002719,,pharmacy,,,,,,,,41.3235,69.206,,,,,,,41.3235,69.206,,,,,OSM,,1,single,C,,auto_unverified,point,"координаты без названия — уточнить","2026-07-19 00:15:46"
SEED002720,,pharmacy,,,,,,,,41.3178,69.2317,,,,,,,41.3178,69.2317,,,,,OSM,,1,single,C,,auto_unverified,point,"координаты без названия — уточнить","2026-07-19 00:15:46"
SEED002721,,pharmacy,,,,,,,,41.3226,69.2197,,,,,,,41.3226,69.2197,,,,,OSM,,1,single,C,,auto_unverified,point,"координаты без названия — уточнить","2026-07-19 00:15:46"
SEED002722,,pharmacy,,,,,,,,41.3224,69.2205,,,,,,,41.3224,69.2205,,,,,OSM,,1,single,C,,auto_unverified,point,"координаты без названия — уточнить","2026-07-19 00:15:46"
SEED002723,,pharmacy,,,,,,,,41.3223,69.222,,,,,,,41.3223,69.222,,,,,OSM,,1,single,C,,auto_unverified,point,"координаты без названия — уточнить","2026-07-19 00:15:46"
SEED002724,,pharmacy,,,,,,,,41.3227,69.2197,,,,,,,41.3227,69.2197,,,,,OSM,,1,single,C,,auto_unverified,point,"координаты без названия — уточнить","2026-07-19 00:15:46"
SEED002725,,pharmacy,,,,,,,,41.3224,69.2183,,,,,,,41.3224,69.2183,,,,,OSM,,1,single,C,,auto_unverified,point,"координаты без названия — уточнить","2026-07-19 00:15:46"
SEED002726,,pharmacy,,,,,,,,41.3224,69.2186,,,,,,,41.3224,69.2186,,,,,OSM,,1,single,C,,auto_unverified,point,"координаты без названия — уточнить","2026-07-19 00:15:46"
SEED002727,,pharmacy,,,,,,,,41.3489,69.1757,,,,,,,41.3489,69.1757,,,,,OSM,,1,single,C,,auto_unverified,point,"координаты без названия — уточнить","2026-07-19 00:15:46"
SEED002728,,pharmacy,,,,,,,,41.3485,69.1729,,,,,,,41.3485,69.1729,,,,,OSM,,1,single,C,,auto_unverified,point,"координаты без названия — уточнить","2026-07-19 00:15:46"
SEED002729,,pharmacy,,,,,,,,41.3486,69.1726,,,,,,,41.3486,69.1726,,,,,OSM,,1,single,C,,auto_unverified,point,"координаты без названия — уточнить","2026-07-19 00:15:46"
SEED002730,,pharmacy,,,,,,,,41.3485,69.172,,,,,,,41.3485,69.172,,,,,OSM,,1,single,C,,auto_unverified,point,"координаты без названия — уточнить","2026-07-19 00:15:46"
SEED002731,,pharmacy,,,,,,,,41.3486,69.1742,,,,,,,41.3486,69.1742,,,,,OSM,,1,single,C,,auto_unverified,point,"координаты без названия — уточнить","2026-07-19 00:15:46"
SEED002732,,pharmacy,,,,,,,,41.3486,69.1706,,,,,,,41.3486,69.1706,,,,,OSM,,1,single,C,,auto_unverified,point,"координаты без названия — уточнить","2026-07-19 00:15:46"
SEED002733,,pharmacy,,,,,,,,41.3286,69.1954,,,,,,,41.3286,69.1954,,,,,OSM,,1,single,C,,auto_unverified,point,"координаты без названия — уточнить","2026-07-19 00:15:46"
SEED002734,,pharmacy,,,,,,,,41.3498,69.1783,,,,,,,41.3498,69.1783,,,,,OSM,,1,single,C,,auto_unverified,point,"координаты без названия — уточнить","2026-07-19 00:15:46"
SEED002735,,pharmacy,,,,,,,,41.3481,69.1732,,,,,,,41.3481,69.1732,,,,,OSM,,1,single,C,,auto_unverified,point,"координаты без названия — уточнить","2026-07-19 00:15:46"
SEED002736,,pharmacy,,,,,,,,41.3486,69.176,,,,,,,41.3486,69.176,,,,,OSM,,1,single,C,,auto_unverified,point,"координаты без названия — уточнить","2026-07-19 00:15:46"
SEED002737,,pharmacy,,,,,,,,41.3487,69.1761,,,,,,,41.3487,69.1761,,,,,OSM,,1,single,C,,auto_unverified,point,"координаты без названия — уточнить","2026-07-19 00:15:46"
SEED002738,,pharmacy,,,,,,,,41.3587,69.199,,,,,,,41.3587,69.199,,,,,OSM,,1,single,C,,auto_unverified,point,"координаты без названия — уточнить","2026-07-19 00:15:46"
SEED002739,,pharmacy,,,,,,,,41.3481,69.1731,,,,,,,41.3481,69.1731,,,,,OSM,,1,single,C,,auto_unverified,point,"координаты без названия — уточнить","2026-07-19 00:15:46"
SEED002740,,pharmacy,,,,,,,,41.3484,69.1749,,,,,,,41.3484,69.1749,,,,,OSM,,1,single,C,,auto_unverified,point,"координаты без названия — уточнить","2026-07-19 00:15:46"
SEED002741,,pharmacy,,,,,,,,41.3482,69.174,,,,,,,41.3482,69.174,,,,,OSM,,1,single,C,,auto_unverified,point,"координаты без названия — уточнить","2026-07-19 00:15:46"
SEED002742,,pharmacy,,,,,,,,41.3484,69.1748,,,,,,,41.3484,69.1748,,,,,OSM,,1,single,C,,auto_unverified,point,"координаты без названия — уточнить","2026-07-19 00:15:46"
SEED002743,,pharmacy,,,,,,,,41.3485,69.1753,,,,,,,41.3485,69.1753,,,,,OSM,,1,single,C,,auto_unverified,point,"координаты без названия — уточнить","2026-07-19 00:15:46"
SEED002744,,pharmacy,,,,,,,,41.3194,69.2354,,,,,,,41.3194,69.2354,,,,,OSM,,1,single,C,,auto_unverified,point,"координаты без названия — уточнить","2026-07-19 00:15:46"
SEED002745,,pharmacy,,,,,,,,41.3485,69.1711,,,,,,,41.3485,69.1711,,,,,OSM,,1,single,C,,auto_unverified,point,"координаты без названия — уточнить","2026-07-19 00:15:46"
SEED002746,,pharmacy,,,,,,,,41.3308,69.221,,,,,,,41.3308,69.221,,,,,OSM,,1,single,C,,auto_unverified,point,"координаты без названия — уточнить","2026-07-19 00:15:46"
SEED002747,,pharmacy,,,,,,,,41.3314,69.2201,,,,,,,41.3314,69.2201,,,,,OSM,,1,single,C,,auto_unverified,point,"координаты без названия — уточнить","2026-07-19 00:15:46"
SEED002748,,pharmacy,,,,,,,,41.3315,69.22,,,,,,,41.3315,69.22,,,,,OSM,,1,single,C,,auto_unverified,point,"координаты без названия — уточнить","2026-07-19 00:15:46"
SEED002749,,pharmacy,,,,,,,,41.3377,69.1754,,,,,,,41.3377,69.1754,,,,,OSM,,1,single,C,,auto_unverified,point,"координаты без названия — уточнить","2026-07-19 00:15:46"
SEED002750,,pharmacy,,,,,,,,41.3321,69.2189,,,,,,,41.3321,69.2189,,,,,OSM,,1,single,C,,auto_unverified,point,"координаты без названия — уточнить","2026-07-19 00:15:46"
SEED002751,,pharmacy,,,,,,,,41.3321,69.2188,,,,,,,41.3321,69.2188,,,,,OSM,,1,single,C,,auto_unverified,point,"координаты без названия — уточнить","2026-07-19 00:15:46"
SEED002752,,pharmacy,,,,,,,,41.3316,69.2197,,,,,,,41.3316,69.2197,,,,,OSM,,1,single,C,,auto_unverified,point,"координаты без названия — уточнить","2026-07-19 00:15:46"
SEED002753,,pharmacy,,,,,,,,41.3305,69.2216,,,,,,,41.3305,69.2216,,,,,OSM,,1,single,C,,auto_unverified,point,"координаты без названия — уточнить","2026-07-19 00:15:46"
SEED002754,,pharmacy,,,,,,,,41.3012,69.2088,,,,,,,41.3012,69.2088,,,,,OSM,,1,single,C,,auto_unverified,point,"координаты без названия — уточнить","2026-07-19 00:15:46"
SEED002755,,pharmacy,,,,,,,,41.3051,69.2159,,,,,,,41.3051,69.2159,,,,,OSM,,1,single,C,,auto_unverified,point,"координаты без названия — уточнить","2026-07-19 00:15:46"
SEED002756,,pharmacy,,,,,,,,41.302,69.2107,,,,,,,41.302,69.2107,,,,,OSM,,1,single,C,,auto_unverified,point,"координаты без названия — уточнить","2026-07-19 00:15:46"
SEED002757,,pharmacy,,,,,,,,41.3013,69.2087,,,,,,,41.3013,69.2087,,,,,OSM,,1,single,C,,auto_unverified,point,"координаты без названия — уточнить","2026-07-19 00:15:46"
SEED002758,,pharmacy,,,,,,,,41.3368,69.2106,,,,,,,41.3368,69.2106,,,,,OSM,,1,single,C,,auto_unverified,point,"координаты без названия — уточнить","2026-07-19 00:15:46"
SEED002759,,pharmacy,,,,,,,,41.3224,69.2182,,,,,,,41.3224,69.2182,,,,,OSM,,1,single,C,,auto_unverified,point,"координаты без названия — уточнить","2026-07-19 00:15:46"
SEED002760,,pharmacy,,,,,,,,41.337,69.2101,,,,,,,41.337,69.2101,,,,,OSM,,1,single,C,,auto_unverified,point,"координаты без названия — уточнить","2026-07-19 00:15:46"
SEED002761,,pharmacy,,,,,,,,41.3223,69.2151,,,,,,,41.3223,69.2151,,,,,OSM,,1,single,C,,auto_unverified,point,"координаты без названия — уточнить","2026-07-19 00:15:46"
SEED002762,,pharmacy,,,,,,,,41.3282,69.1954,,,,,,,41.3282,69.1954,,,,,OSM,,1,single,C,,auto_unverified,point,"координаты без названия — уточнить","2026-07-19 00:15:46"
SEED002763,,pharmacy,,,,,,,,41.3315,69.1997,,,,,,,41.3315,69.1997,,,,,OSM,,1,single,C,,auto_unverified,point,"координаты без названия — уточнить","2026-07-19 00:15:46"
SEED002764,,pharmacy,,,,,,,,41.3231,69.22,,,,,,,41.3231,69.22,,,,,OSM,,1,single,C,,auto_unverified,point,"координаты без названия — уточнить","2026-07-19 00:15:46"
SEED002765,,pharmacy,,,,,,,,41.3229,69.2197,,,,,,,41.3229,69.2197,,,,,OSM,,1,single,C,,auto_unverified,point,"координаты без названия — уточнить","2026-07-19 00:15:46"
SEED002766,,pharmacy,,,,,,,,41.302,69.211,,,,,,,41.302,69.211,,,,,OSM,,1,single,C,,auto_unverified,point,"координаты без названия — уточнить","2026-07-19 00:15:46"
SEED002767,,pharmacy,,,,,,,,41.3061,69.2361,,,,,,,41.3061,69.2361,,,,,OSM,,1,single,C,,auto_unverified,point,"координаты без названия — уточнить","2026-07-19 00:15:46"
SEED002768,,pharmacy,,,,,,,,41.3013,69.2091,,,,,,,41.3013,69.2091,,,,,OSM,,1,single,C,,auto_unverified,point,"координаты без названия — уточнить","2026-07-19 00:15:46"
SEED002769,,pharmacy,,,,,,,,41.3049,69.2157,,,,,,,41.3049,69.2157,,,,,OSM,,1,single,C,,auto_unverified,point,"координаты без названия — уточнить","2026-07-19 00:15:46"
SEED002770,,pharmacy,,,,,,,,41.3229,69.2197,,,,,,,41.3229,69.2197,,,,,OSM,,1,single,C,,auto_unverified,point,"координаты без названия — уточнить","2026-07-19 00:15:46"
SEED002771,,pharmacy,,,,,,,,41.3228,69.2197,,,,,,,41.3228,69.2197,,,,,OSM,,1,single,C,,auto_unverified,point,"координаты без названия — уточнить","2026-07-19 00:15:46"
SEED002772,,pharmacy,,,,,,,,41.3218,69.2211,,,,,,,41.3218,69.2211,,,,,OSM,,1,single,C,,auto_unverified,point,"координаты без названия — уточнить","2026-07-19 00:15:46"
SEED002773,,pharmacy,,,,,,,,41.3223,69.2216,,,,,,,41.3223,69.2216,,,,,OSM,,1,single,C,,auto_unverified,point,"координаты без названия — уточнить","2026-07-19 00:15:46"
SEED002774,,pharmacy,,,,,,,,41.3208,69.2352,,,,,,,41.3208,69.2352,,,,,OSM,,1,single,C,,auto_unverified,point,"координаты без названия — уточнить","2026-07-19 00:15:46"
SEED002775,,pharmacy,,,,,,,,41.3472,69.1993,,,,,,,41.3472,69.1993,,,,,OSM,,1,single,C,,auto_unverified,point,"координаты без названия — уточнить","2026-07-19 00:15:46"
SEED002776,,pharmacy,,,,,,,,41.3244,69.2446,,,,,,,41.3244,69.2446,,,,,OSM,,1,single,C,,auto_unverified,point,"координаты без названия — уточнить","2026-07-19 00:15:46"
SEED002777,,pharmacy,,,,,,,,41.3089,69.2382,,,,,,,41.3089,69.2382,,,,,OSM,,1,single,C,,auto_unverified,point,"координаты без названия — уточнить","2026-07-19 00:15:46"
SEED002778,,pharmacy,,,,,,,,41.3471,69.1998,,,,,,,41.3471,69.1998,,,,,OSM,,1,single,C,,auto_unverified,point,"координаты без названия — уточнить","2026-07-19 00:15:46"
SEED002779,,pharmacy,,,,,,,,41.347,69.1999,,,,,,,41.347,69.1999,,,,,OSM,,1,single,C,,auto_unverified,point,"координаты без названия — уточнить","2026-07-19 00:15:46"
SEED002780,,pharmacy,,,,,,,,41.3268,69.255,,,,,,,41.3268,69.255,,,,,OSM,,1,single,C,,auto_unverified,point,"координаты без названия — уточнить","2026-07-19 00:15:46"
SEED002781,,pharmacy,,,,,,,,41.3217,69.2219,,,,,,,41.3217,69.2219,,,,,OSM,,1,single,C,,auto_unverified,point,"координаты без названия — уточнить","2026-07-19 00:15:46"
SEED002782,,pharmacy,,,,,,,,41.3366,69.2549,,,,,,,41.3366,69.2549,,,,,OSM,,1,single,C,,auto_unverified,point,"координаты без названия — уточнить","2026-07-19 00:15:46"
SEED002783,,pharmacy,,,,,,,,41.3344,69.2525,,,,,,,41.3344,69.2525,,,,,OSM,,1,single,C,,auto_unverified,point,"координаты без названия — уточнить","2026-07-19 00:15:46"
SEED002784,,pharmacy,,,,,,,,41.3015,69.2097,,,,,,,41.3015,69.2097,,,,,OSM,,1,single,C,,auto_unverified,point,"координаты без названия — уточнить","2026-07-19 00:15:46"
SEED002785,,pharmacy,,,,,,,,41.2941,69.0921,,,,,,,41.2941,69.0921,,,,,OSM,,1,single,C,,auto_unverified,point,"координаты без названия — уточнить","2026-07-19 00:15:46"
SEED002786,,pharmacy,,,,,,,,41.2937,69.0921,,,,,,,41.2937,69.0921,,,,,OSM,,1,single,C,,auto_unverified,point,"координаты без названия — уточнить","2026-07-19 00:15:46"
SEED002787,,pharmacy,,,,,,,,41.2938,69.0924,,,,,,,41.2938,69.0924,,,,,OSM,,1,single,C,,auto_unverified,point,"координаты без названия — уточнить","2026-07-19 00:15:46"
SEED002788,,pharmacy,,,,,,,,41.3038,69.1263,,,,,,,41.3038,69.1263,,,,,OSM,,1,single,C,,auto_unverified,point,"координаты без названия — уточнить","2026-07-19 00:15:46"
SEED002789,,pharmacy,,,,,,,,41.3068,69.1358,,,,,,,41.3068,69.1358,,,,,OSM,,1,single,C,,auto_unverified,point,"координаты без названия — уточнить","2026-07-19 00:15:46"
SEED002790,,pharmacy,,,,,,,,41.3069,69.1389,,,,,,,41.3069,69.1389,,,,,OSM,,1,single,C,,auto_unverified,point,"координаты без названия — уточнить","2026-07-19 00:15:46"
SEED002791,,pharmacy,,,,,,,,41.3065,69.1412,,,,,,,41.3065,69.1412,,,,,OSM,,1,single,C,,auto_unverified,point,"координаты без названия — уточнить","2026-07-19 00:15:46"
SEED002792,,pharmacy,,,,,,,,41.3067,69.1352,,,,,,,41.3067,69.1352,,,,,OSM,,1,single,C,,auto_unverified,point,"координаты без названия — уточнить","2026-07-19 00:15:46"
SEED002793,,pharmacy,,,,,,,,41.3979,69.2029,,,,,,,41.3979,69.2029,,,,,OSM,,1,single,C,,auto_unverified,point,"координаты без названия — уточнить","2026-07-19 00:15:46"
SEED002794,,pharmacy,,,,,,,,41.4084,69.1992,,,,,,,41.4084,69.1992,,,,,OSM,,1,single,C,,auto_unverified,point,"координаты без названия — уточнить","2026-07-19 00:15:46"
SEED002795,,pharmacy,,,,,,,,41.4051,69.203,,,,,,,41.4051,69.203,,,,,OSM,,1,single,C,,auto_unverified,point,"координаты без названия — уточнить","2026-07-19 00:15:46"
SEED002796,,pharmacy,,,,,,,,41.4082,69.201,,,,,,,41.4082,69.201,,,,,OSM,,1,single,C,,auto_unverified,point,"координаты без названия — уточнить","2026-07-19 00:15:46"
SEED002797,,pharmacy,,,,,,,,41.4182,69.2004,,,,,,,41.4182,69.2004,,,,,OSM,,1,single,C,,auto_unverified,point,"координаты без названия — уточнить","2026-07-19 00:15:46"
SEED002798,,pharmacy,,,,,,,,41.4178,69.2003,,,,,,,41.4178,69.2003,,,,,OSM,,1,single,C,,auto_unverified,point,"координаты без названия — уточнить","2026-07-19 00:15:46"
SEED002799,,pharmacy,,,,,,,,41.3482,69.2402,,,,,,,41.3482,69.2402,,,,,OSM,,1,single,C,,auto_unverified,point,"координаты без названия — уточнить","2026-07-19 00:15:46"
SEED002800,,pharmacy,,,,,,,,41.4178,69.2003,,,,,,,41.4178,69.2003,,,,,OSM,,1,single,C,,auto_unverified,point,"координаты без названия — уточнить","2026-07-19 00:15:46"
SEED002801,,pharmacy,,,,,,,,41.3482,69.2402,,,,,,,41.3482,69.2402,,,,,OSM,,1,single,C,,auto_unverified,point,"координаты без названия — уточнить","2026-07-19 00:15:46"
SEED002802,,pharmacy,,,,,,,,41.3482,69.2404,,,,,,,41.3482,69.2404,,,,,OSM,,1,single,C,,auto_unverified,point,"координаты без названия — уточнить","2026-07-19 00:15:46"
SEED002803,,pharmacy,,,,,,,,41.3271,69.2203,,,,,,,41.3271,69.2203,,,,,OSM,,1,single,C,,auto_unverified,point,"координаты без названия — уточнить","2026-07-19 00:15:46"
SEED002804,,pharmacy,,,,,,,,41.3363,69.2544,,,,,,,41.3363,69.2544,,,,,OSM,,1,single,C,,auto_unverified,point,"координаты без названия — уточнить","2026-07-19 00:15:46"
SEED002805,,pharmacy,,,,,,,,41.2665,69.2176,,,,,,,41.2665,69.2176,,,,,OSM,,1,single,C,,auto_unverified,point,"координаты без названия — уточнить","2026-07-19 00:15:46"
SEED002806,,pharmacy,,,,,,,,41.266,69.2171,,,,,,,41.266,69.2171,,,,,OSM,,1,single,C,,auto_unverified,point,"координаты без названия — уточнить","2026-07-19 00:15:46"
SEED002807,,pharmacy,,,,,,,,41.2661,69.217,,,,,,,41.2661,69.217,,,,,OSM,,1,single,C,,auto_unverified,point,"координаты без названия — уточнить","2026-07-19 00:15:46"
SEED002808,,pharmacy,,,,,,,,41.2722,69.2075,,,,,,,41.2722,69.2075,,,,,OSM,,1,single,C,,auto_unverified,point,"координаты без названия — уточнить","2026-07-19 00:15:46"
SEED002809,,pharmacy,,,,,,,,41.2662,69.2168,,,,,,,41.2662,69.2168,,,,,OSM,,1,single,C,,auto_unverified,point,"координаты без названия — уточнить","2026-07-19 00:15:46"
SEED002810,,pharmacy,,,,,,,,41.2663,69.2166,,,,,,,41.2663,69.2166,,,,,OSM,,1,single,C,,auto_unverified,point,"координаты без названия — уточнить","2026-07-19 00:15:46"
SEED002811,,pharmacy,,,,,,,,41.2704,69.2118,,,,,,,41.2704,69.2118,,,,,OSM,,1,single,C,,auto_unverified,point,"координаты без названия — уточнить","2026-07-19 00:15:46"
SEED002812,,pharmacy,,,,,,,,41.2829,69.2237,,,,,,,41.2829,69.2237,,,,,OSM,,1,single,C,,auto_unverified,point,"координаты без названия — уточнить","2026-07-19 00:15:46"
SEED002813,,pharmacy,,,,,,,,41.2964,69.2161,,,,,,,41.2964,69.2161,,,,,OSM,,1,single,C,,auto_unverified,point,"координаты без названия — уточнить","2026-07-19 00:15:46"
SEED002814,,pharmacy,,,,,,,,41.2702,69.212,,,,,,,41.2702,69.212,,,,,OSM,,1,single,C,,auto_unverified,point,"координаты без названия — уточнить","2026-07-19 00:15:46"
SEED002815,,pharmacy,,,,,,,,41.2857,69.2062,,,,,,,41.2857,69.2062,,,,,OSM,,1,single,C,,auto_unverified,point,"координаты без названия — уточнить","2026-07-19 00:15:46"
SEED002816,,pharmacy,,,,,,,,41.2983,69.2077,,,,,,,41.2983,69.2077,,,,,OSM,,1,single,C,,auto_unverified,point,"координаты без названия — уточнить","2026-07-19 00:15:46"
SEED002817,,pharmacy,,,,,,,,41.2856,69.2044,,,,,,,41.2856,69.2044,,,,,OSM,,1,single,C,,auto_unverified,point,"координаты без названия — уточнить","2026-07-19 00:15:46"
SEED002818,,pharmacy,,,,,,,,41.2751,69.2031,,,,,,,41.2751,69.2031,,,,,OSM,,1,single,C,,auto_unverified,point,"координаты без названия — уточнить","2026-07-19 00:15:46"
SEED002819,,pharmacy,,,,,,,,41.2742,69.2038,,,,,,,41.2742,69.2038,,,,,OSM,,1,single,C,,auto_unverified,point,"координаты без названия — уточнить","2026-07-19 00:15:46"
SEED002820,,pharmacy,,,,,,,,41.2742,69.2038,,,,,,,41.2742,69.2038,,,,,OSM,,1,single,C,,auto_unverified,point,"координаты без названия — уточнить","2026-07-19 00:15:46"
SEED002821,,pharmacy,,,,,,,,41.2669,69.1897,,,,,,,41.2669,69.1897,,,,,OSM,,1,single,C,,auto_unverified,point,"координаты без названия — уточнить","2026-07-19 00:15:46"
SEED002822,,pharmacy,,,,,,,,41.2666,69.2183,,,,,,,41.2666,69.2183,,,,,OSM,,1,single,C,,auto_unverified,point,"координаты без названия — уточнить","2026-07-19 00:15:46"
SEED002823,,pharmacy,,,,,,,,41.2662,69.2167,,,,,,,41.2662,69.2167,,,,,OSM,,1,single,C,,auto_unverified,point,"координаты без названия — уточнить","2026-07-19 00:15:46"
SEED002824,,pharmacy,,,,,,,,41.2674,69.1899,,,,,,,41.2674,69.1899,,,,,OSM,,1,single,C,,auto_unverified,point,"координаты без названия — уточнить","2026-07-19 00:15:46"
SEED002825,,pharmacy,,,,,,,,41.2575,69.1581,,,,,,,41.2575,69.1581,,,,,OSM,,1,single,C,,auto_unverified,point,"координаты без названия — уточнить","2026-07-19 00:15:46"
SEED002826,,pharmacy,,,,,,,,41.2595,69.1606,,,,,,,41.2595,69.1606,,,,,OSM,,1,single,C,,auto_unverified,point,"координаты без названия — уточнить","2026-07-19 00:15:46"
SEED002827,,pharmacy,,,,,,,,41.2692,69.1768,,,,,,,41.2692,69.1768,,,,,OSM,,1,single,C,,auto_unverified,point,"координаты без названия — уточнить","2026-07-19 00:15:46"
SEED002828,,pharmacy,,,,,,,,41.2627,69.1636,,,,,,,41.2627,69.1636,,,,,OSM,,1,single,C,,auto_unverified,point,"координаты без названия — уточнить","2026-07-19 00:15:46"
SEED002829,,pharmacy,,,,,,,,41.2696,69.1778,,,,,,,41.2696,69.1778,,,,,OSM,,1,single,C,,auto_unverified,point,"координаты без названия — уточнить","2026-07-19 00:15:46"
SEED002830,,pharmacy,,,,,,,,41.2631,69.1556,,,,,,,41.2631,69.1556,,,,,OSM,,1,single,C,,auto_unverified,point,"координаты без названия — уточнить","2026-07-19 00:15:46"
SEED002831,,pharmacy,,,,,,,,41.2662,69.2169,,,,,,,41.2662,69.2169,,,,,OSM,,1,single,C,,auto_unverified,point,"координаты без названия — уточнить","2026-07-19 00:15:46"
SEED002832,,pharmacy,,,,,,,,41.2874,69.2036,,,,,,,41.2874,69.2036,,,,,OSM,,1,single,C,,auto_unverified,point,"координаты без названия — уточнить","2026-07-19 00:15:46"
SEED002833,,pharmacy,,,,,,,,41.3319,69.2632,,,,,,,41.3319,69.2632,,,,,OSM,,1,single,C,,auto_unverified,point,"координаты без названия — уточнить","2026-07-19 00:15:46"
SEED002834,,pharmacy,,,,,,,,41.3367,69.2568,,,,,,,41.3367,69.2568,,,,,OSM,,1,single,C,,auto_unverified,point,"координаты без названия — уточнить","2026-07-19 00:15:46"
SEED002835,,pharmacy,,,,,,,,41.2722,69.1818,,,,,,,41.2722,69.1818,,,,,OSM,,1,single,C,,auto_unverified,point,"координаты без названия — уточнить","2026-07-19 00:15:46"
SEED002836,,pharmacy,,,,,,,,41.2908,69.1759,,,,,,,41.2908,69.1759,,,,,OSM,,1,single,C,,auto_unverified,point,"координаты без названия — уточнить","2026-07-19 00:15:46"
SEED002837,,pharmacy,,,,,,,,41.3607,69.2819,,,,,,,41.3607,69.2819,,,,,OSM,,1,single,C,,auto_unverified,point,"координаты без названия — уточнить","2026-07-19 00:15:46"
SEED002838,,pharmacy,,,,,,,,41.2497,69.3724,,,,,,,41.2497,69.3724,,,,,OSM,,1,single,C,,auto_unverified,point,"координаты без названия — уточнить","2026-07-19 00:15:46"
SEED002839,,pharmacy,,,,,,,,41.2507,69.3712,,,,,,,41.2507,69.3712,,,,,OSM,,1,single,C,,auto_unverified,point,"координаты без названия — уточнить","2026-07-19 00:15:46"
SEED002840,,pharmacy,,,,,,,,41.2765,69.2241,,,,,,,41.2765,69.2241,,,,,OSM,,1,single,C,,auto_unverified,point,"координаты без названия — уточнить","2026-07-19 00:15:46"
SEED002841,,pharmacy,,,,,,,,41.2847,69.2257,,,,,,,41.2847,69.2257,,,,,OSM,,1,single,C,,auto_unverified,point,"координаты без названия — уточнить","2026-07-19 00:15:46"
SEED002842,,pharmacy,,,,,,,,41.2851,69.2261,,,,,,,41.2851,69.2261,,,,,OSM,,1,single,C,,auto_unverified,point,"координаты без названия — уточнить","2026-07-19 00:15:46"
SEED002843,,pharmacy,,,,,,,,41.2852,69.2263,,,,,,,41.2852,69.2263,,,,,OSM,,1,single,C,,auto_unverified,point,"координаты без названия — уточнить","2026-07-19 00:15:46"
SEED002844,,pharmacy,,,,,,,,41.2855,69.2042,,,,,,,41.2855,69.2042,,,,,OSM,,1,single,C,,auto_unverified,point,"координаты без названия — уточнить","2026-07-19 00:15:46"
SEED002845,,pharmacy,,,,,,,,41.2857,69.2045,,,,,,,41.2857,69.2045,,,,,OSM,,1,single,C,,auto_unverified,point,"координаты без названия — уточнить","2026-07-19 00:15:46"
SEED002846,,pharmacy,,,,,,,,41.2868,69.2044,,,,,,,41.2868,69.2044,,,,,OSM,,1,single,C,,auto_unverified,point,"координаты без названия — уточнить","2026-07-19 00:15:46"
SEED002847,,pharmacy,,,,,,,,41.3742,69.2611,,,,,,,41.3742,69.2611,,,,,OSM,,1,single,C,,auto_unverified,point,"координаты без названия — уточнить","2026-07-19 00:15:46"
SEED002848,,pharmacy,,,,,,,,41.3381,69.2583,,,,,,,41.3381,69.2583,,,,,OSM,,1,single,C,,auto_unverified,point,"координаты без названия — уточнить","2026-07-19 00:15:46"
SEED002849,,pharmacy,,,,,,,,41.3385,69.2619,,,,,,,41.3385,69.2619,,,,,OSM,,1,single,C,,auto_unverified,point,"координаты без названия — уточнить","2026-07-19 00:15:46"
SEED002850,,pharmacy,,,,,,,,41.3345,69.2649,,,,,,,41.3345,69.2649,,,,,OSM,,1,single,C,,auto_unverified,point,"координаты без названия — уточнить","2026-07-19 00:15:46"
SEED002851,,pharmacy,,,,,,,,41.3448,69.2613,,,,,,,41.3448,69.2613,,,,,OSM,,1,single,C,,auto_unverified,point,"координаты без названия — уточнить","2026-07-19 00:15:46"
SEED002852,,pharmacy,,,,,,,,41.3411,69.2603,,,,,,,41.3411,69.2603,,,,,OSM,,1,single,C,,auto_unverified,point,"координаты без названия — уточнить","2026-07-19 00:15:46"
SEED002853,,pharmacy,,,,,,,,41.3462,69.26,,,,,,,41.3462,69.26,,,,,OSM,,1,single,C,,auto_unverified,point,"координаты без названия — уточнить","2026-07-19 00:15:46"
SEED002854,,pharmacy,,,,,,,,41.3436,69.263,,,,,,,41.3436,69.263,,,,,OSM,,1,single,C,,auto_unverified,point,"координаты без названия — уточнить","2026-07-19 00:15:46"
SEED002855,,pharmacy,,,,,,,,41.3422,69.2621,,,,,,,41.3422,69.2621,,,,,OSM,,1,single,C,,auto_unverified,point,"координаты без названия — уточнить","2026-07-19 00:15:46"
SEED002856,,pharmacy,,,,,,,,41.3417,69.2616,,,,,,,41.3417,69.2616,,,,,OSM,,1,single,C,,auto_unverified,point,"координаты без названия — уточнить","2026-07-19 00:15:46"
SEED002857,,pharmacy,,,,,,,,41.3261,69.264,,,,,,,41.3261,69.264,,,,,OSM,,1,single,C,,auto_unverified,point,"координаты без названия — уточнить","2026-07-19 00:15:46"
SEED002858,,pharmacy,,,,,,,,41.3317,69.2637,,,,,,,41.3317,69.2637,,,,,OSM,,1,single,C,,auto_unverified,point,"координаты без названия — уточнить","2026-07-19 00:15:46"
SEED002859,,pharmacy,,,,,,,,41.3321,69.2637,,,,,,,41.3321,69.2637,,,,,OSM,,1,single,C,,auto_unverified,point,"координаты без названия — уточнить","2026-07-19 00:15:46"
SEED002860,,pharmacy,,,,,,,,41.3411,69.2604,,,,,,,41.3411,69.2604,,,,,OSM,,1,single,C,,auto_unverified,point,"координаты без названия — уточнить","2026-07-19 00:15:46"
SEED002861,,pharmacy,,,,,,,,41.3403,69.2597,,,,,,,41.3403,69.2597,,,,,OSM,,1,single,C,,auto_unverified,point,"координаты без названия — уточнить","2026-07-19 00:15:46"
SEED002862,,pharmacy,,,,,,,,41.3368,69.257,,,,,,,41.3368,69.257,,,,,OSM,,1,single,C,,auto_unverified,point,"координаты без названия — уточнить","2026-07-19 00:15:46"
SEED002863,,pharmacy,,,,,,,,41.3316,69.2632,,,,,,,41.3316,69.2632,,,,,OSM,,1,single,C,,auto_unverified,point,"координаты без названия — уточнить","2026-07-19 00:15:46"
SEED002864,,pharmacy,,,,,,,,41.3308,69.2635,,,,,,,41.3308,69.2635,,,,,OSM,,1,single,C,,auto_unverified,point,"координаты без названия — уточнить","2026-07-19 00:15:46"
SEED002865,,pharmacy,,,,,,,,41.3306,69.2488,,,,,,,41.3306,69.2488,,,,,OSM,,1,single,C,,auto_unverified,point,"координаты без названия — уточнить","2026-07-19 00:15:46"
SEED002866,,pharmacy,,,,,,,,41.3311,69.2493,,,,,,,41.3311,69.2493,,,,,OSM,,1,single,C,,auto_unverified,point,"координаты без названия — уточнить","2026-07-19 00:15:46"
SEED002867,,pharmacy,,,,,,,,41.3342,69.2524,,,,,,,41.3342,69.2524,,,,,OSM,,1,single,C,,auto_unverified,point,"координаты без названия — уточнить","2026-07-19 00:15:46"
SEED002868,,pharmacy,,,,,,,,41.3302,69.2483,,,,,,,41.3302,69.2483,,,,,OSM,,1,single,C,,auto_unverified,point,"координаты без названия — уточнить","2026-07-19 00:15:46"
SEED002869,,pharmacy,,,,,,,,41.332,69.2501,,,,,,,41.332,69.2501,,,,,OSM,,1,single,C,,auto_unverified,point,"координаты без названия — уточнить","2026-07-19 00:15:46"
SEED002870,,pharmacy,,,,,,,,41.3318,69.2499,,,,,,,41.3318,69.2499,,,,,OSM,,1,single,C,,auto_unverified,point,"координаты без названия — уточнить","2026-07-19 00:15:46"
SEED002871,,pharmacy,,,,,,,,41.3467,69.2416,,,,,,,41.3467,69.2416,,,,,OSM,,1,single,C,,auto_unverified,point,"координаты без названия — уточнить","2026-07-19 00:15:46"
SEED002872,,pharmacy,,,,,,,,41.3474,69.2419,,,,,,,41.3474,69.2419,,,,,OSM,,1,single,C,,auto_unverified,point,"координаты без названия — уточнить","2026-07-19 00:15:46"
SEED002873,,pharmacy,,,,,,,,41.3479,69.2418,,,,,,,41.3479,69.2418,,,,,OSM,,1,single,C,,auto_unverified,point,"координаты без названия — уточнить","2026-07-19 00:15:46"
SEED002874,,pharmacy,,,,,,,,41.3479,69.2525,,,,,,,41.3479,69.2525,,,,,OSM,,1,single,C,,auto_unverified,point,"координаты без названия — уточнить","2026-07-19 00:15:46"
SEED002875,,pharmacy,,,,,,,,41.3483,69.2399,,,,,,,41.3483,69.2399,,,,,OSM,,1,single,C,,auto_unverified,point,"координаты без названия — уточнить","2026-07-19 00:15:46"
SEED002876,,pharmacy,,,,,,,,41.3483,69.2397,,,,,,,41.3483,69.2397,,,,,OSM,,1,single,C,,auto_unverified,point,"координаты без названия — уточнить","2026-07-19 00:15:46"
SEED002877,,pharmacy,,,,,,,,41.3481,69.2411,,,,,,,41.3481,69.2411,,,,,OSM,,1,single,C,,auto_unverified,point,"координаты без названия — уточнить","2026-07-19 00:15:46"
SEED002878,,pharmacy,,,,,,,,41.3499,69.2284,,,,,,,41.3499,69.2284,,,,,OSM,,1,single,C,,auto_unverified,point,"координаты без названия — уточнить","2026-07-19 00:15:46"
SEED002879,,pharmacy,,,,,,,,41.3296,69.2498,,,,,,,41.3296,69.2498,,,,,OSM,,1,single,C,,auto_unverified,point,"координаты без названия — уточнить","2026-07-19 00:15:46"
SEED002880,,pharmacy,,,,,,,,41.3313,69.235,,,,,,,41.3313,69.235,,,,,OSM,,1,single,C,,auto_unverified,point,"координаты без названия — уточнить","2026-07-19 00:15:46"
SEED002881,,pharmacy,,,,,,,,41.3328,69.2297,,,,,,,41.3328,69.2297,,,,,OSM,,1,single,C,,auto_unverified,point,"координаты без названия — уточнить","2026-07-19 00:15:46"
SEED002882,,pharmacy,,,,,,,,41.3346,69.2344,,,,,,,41.3346,69.2344,,,,,OSM,,1,single,C,,auto_unverified,point,"координаты без названия — уточнить","2026-07-19 00:15:46"
SEED002883,,pharmacy,,,,,,,,41.3303,69.2336,,,,,,,41.3303,69.2336,,,,,OSM,,1,single,C,,auto_unverified,point,"координаты без названия — уточнить","2026-07-19 00:15:46"
SEED002884,,pharmacy,,,,,,,,41.2809,69.3058,,,,,,,41.2809,69.3058,,,,,OSM,,1,single,C,,auto_unverified,point,"координаты без названия — уточнить","2026-07-19 00:15:46"
SEED002885,,pharmacy,,,,,,,,41.2535,69.3213,,,,,,,41.2535,69.3213,,,,,OSM,,1,single,C,,auto_unverified,point,"координаты без названия — уточнить","2026-07-19 00:15:46"
SEED002886,,pharmacy,,,,,,,,41.2861,69.1876,,,,,,,41.2861,69.1876,,,,,OSM,,1,single,C,,auto_unverified,point,"координаты без названия — уточнить","2026-07-19 00:15:46"
SEED002887,,pharmacy,,,,,,,,41.2862,69.1875,,,,,,,41.2862,69.1875,,,,,OSM,,1,single,C,,auto_unverified,point,"координаты без названия — уточнить","2026-07-19 00:15:46"
SEED002888,,pharmacy,,,,,,,,41.1987,69.2125,,,,,,,41.1987,69.2125,,,,,OSM,,1,single,C,,auto_unverified,point,"координаты без названия — уточнить","2026-07-19 00:15:46"
SEED002889,,pharmacy,,,,,,,,41.358,69.3072,,,,,,,41.358,69.3072,,,,,OSM,,1,single,C,,auto_unverified,point,"координаты без названия — уточнить","2026-07-19 00:15:46"
SEED002890,,pharmacy,,,,,,,,41.268,69.1782,,,,,,,41.268,69.1782,,,,,OSM,,1,single,C,,auto_unverified,point,"координаты без названия — уточнить","2026-07-19 00:15:46"
SEED002891,,pharmacy,,,,,,,,41.3757,69.2814,,,,,,,41.3757,69.2814,,,,,OSM,,1,single,C,,auto_unverified,point,"координаты без названия — уточнить","2026-07-19 00:15:46"
SEED002892,,pharmacy,,,,,,,,41.3196,69.2362,,,,,,,41.3196,69.2362,,,,,OSM,,1,single,C,,auto_unverified,point,"координаты без названия — уточнить","2026-07-19 00:15:46"
SEED002893,,pharmacy,,,,,,,,41.3188,69.3189,,,,,,,41.3188,69.3189,,,,,OSM,,1,single,C,,auto_unverified,point,"координаты без названия — уточнить","2026-07-19 00:15:46"
SEED002894,,pharmacy,,,,,,,,41.2776,69.2732,,,,,,,41.2776,69.2732,,,,,OSM,,1,single,C,,auto_unverified,point,"координаты без названия — уточнить","2026-07-19 00:15:46"
SEED002895,,pharmacy,,,,,,,,41.3368,69.3222,,,,,,,41.3368,69.3222,,,,,OSM,,1,single,C,,auto_unverified,point,"координаты без названия — уточнить","2026-07-19 00:15:46"
SEED002896,,pharmacy,,,,,,,,41.3252,69.3015,,,,,,,41.3252,69.3015,,,,,OSM,,1,single,C,,auto_unverified,point,"координаты без названия — уточнить","2026-07-19 00:15:46"
SEED002897,,pharmacy,,,,,,,,41.327,69.3322,,,,,,,41.327,69.3322,,,,,OSM,,1,single,C,,auto_unverified,point,"координаты без названия — уточнить","2026-07-19 00:15:46"
SEED002898,,pharmacy,,,,,,,,41.3531,69.2511,,,,,,,41.3531,69.2511,,,,,OSM,,1,single,C,,auto_unverified,point,"координаты без названия — уточнить","2026-07-19 00:15:46"
SEED002899,,pharmacy,,,,,,,,41.3329,69.2296,,,,,,,41.3329,69.2296,,,,,OSM,,1,single,C,,auto_unverified,point,"координаты без названия — уточнить","2026-07-19 00:15:46"
SEED002900,,pharmacy,,,,,,,,41.3724,69.4283,,,,,,,41.3724,69.4283,,,,,OSM,,1,single,C,,auto_unverified,point,"координаты без названия — уточнить","2026-07-19 00:15:46"
SEED002901,,pharmacy,,,,,,,,41.3252,69.3003,,,,,,,41.3252,69.3003,,,,,OSM,,1,single,C,,auto_unverified,point,"координаты без названия — уточнить","2026-07-19 00:15:46"
SEED002902,,pharmacy,,,,,,,,41.3045,69.2688,,,,,,,41.3045,69.2688,,,,,OSM,,1,single,C,,auto_unverified,point,"координаты без названия — уточнить","2026-07-19 00:15:46"
SEED002903,,pharmacy,,,,,,,,41.2441,69.2766,,,,,,,41.2441,69.2766,,,,,OSM,,1,single,C,,auto_unverified,point,"координаты без названия — уточнить","2026-07-19 00:15:46"
SEED002904,,pharmacy,,,,,,,,41.2665,69.204,,,,,,,41.2665,69.204,,,,,OSM,,1,single,C,,auto_unverified,point,"координаты без названия — уточнить","2026-07-19 00:15:46"
SEED002905,,pharmacy,,,,,,,,41.194,69.2132,,,,,,,41.194,69.2132,,,,,OSM,,1,single,C,,auto_unverified,point,"координаты без названия — уточнить","2026-07-19 00:15:46"
SEED002906,,pharmacy,,,,,,,,41.1991,69.2124,,,,,,,41.1991,69.2124,,,,,OSM,,1,single,C,,auto_unverified,point,"координаты без названия — уточнить","2026-07-19 00:15:46"
SEED002907,,pharmacy,,,,,,,,41.1992,69.2123,,,,,,,41.1992,69.2123,,,,,OSM,,1,single,C,,auto_unverified,point,"координаты без названия — уточнить","2026-07-19 00:15:46"
SEED002908,,pharmacy,,,,,,,,41.2956,69.3619,,,,,,,41.2956,69.3619,,,,,OSM,,1,single,C,,auto_unverified,point,"координаты без названия — уточнить","2026-07-19 00:15:46"
SEED002909,,pharmacy,,,,,,,,41.2554,69.3432,,,,,,,41.2554,69.3432,,,,,OSM,,1,single,C,,auto_unverified,point,"координаты без названия — уточнить","2026-07-19 00:15:46"
SEED002910,,pharmacy,,,,,,,,41.2847,69.2523,,,,,,,41.2847,69.2523,,,,,OSM,,1,single,C,,auto_unverified,point,"координаты без названия — уточнить","2026-07-19 00:15:46"
SEED002911,,pharmacy,,,,,,,,41.2815,69.2487,,,,,,,41.2815,69.2487,,,,,OSM,,1,single,C,,auto_unverified,point,"координаты без названия — уточнить","2026-07-19 00:15:46"
SEED002912,,pharmacy,,,,,,,,41.2863,69.2552,,,,,,,41.2863,69.2552,,,,,OSM,,1,single,C,,auto_unverified,point,"координаты без названия — уточнить","2026-07-19 00:15:46"
SEED002913,,pharmacy,,,,,,,,41.295,69.2679,,,,,,,41.295,69.2679,,,,,OSM,,1,single,C,,auto_unverified,point,"координаты без названия — уточнить","2026-07-19 00:15:46"
SEED002914,,pharmacy,,,,,,,,41.2177,69.2191,,,,,,,41.2177,69.2191,,,,,OSM,,1,single,C,,auto_unverified,point,"координаты без названия — уточнить","2026-07-19 00:15:46"
SEED002915,,pharmacy,,,,,,,,41.2592,69.1575,,,,,,,41.2592,69.1575,,,,,OSM,,1,single,C,,auto_unverified,point,"координаты без названия — уточнить","2026-07-19 00:15:46"
SEED002916,,pharmacy,,,,,,,,41.2639,69.353,,,,,,,41.2639,69.353,,,,,OSM,,1,single,C,,auto_unverified,point,"координаты без названия — уточнить","2026-07-19 00:15:46"
SEED002917,,pharmacy,,,,,,,,41.3485,69.3835,,,,,,,41.3485,69.3835,,,,,OSM,,1,single,C,,auto_unverified,point,"координаты без названия — уточнить","2026-07-19 00:15:46"
SEED002918,,pharmacy,,,,,,,,41.2946,69.1765,,,,,,,41.2946,69.1765,,,,,OSM,,1,single,C,,auto_unverified,point,"координаты без названия — уточнить","2026-07-19 00:15:46"
SEED002919,,pharmacy,,,,,,,,41.3134,69.3317,,,,,,,41.3134,69.3317,,,,,OSM,,1,single,C,,auto_unverified,point,"координаты без названия — уточнить","2026-07-19 00:15:46"
SEED002920,,pharmacy,,,,,,,,41.3218,69.2188,,,,,,,41.3218,69.2188,,,,,OSM,,1,single,C,,auto_unverified,point,"координаты без названия — уточнить","2026-07-19 00:15:46"
SEED002921,,pharmacy,,,,,,,,41.2908,69.176,,,,,,,41.2908,69.176,,,,,OSM,,1,single,C,,auto_unverified,point,"координаты без названия — уточнить","2026-07-19 00:15:46"
SEED002922,,pharmacy,,,,,,,,41.3698,69.2804,,,,,,,41.3698,69.2804,,,,,OSM,,1,single,C,,auto_unverified,point,"координаты без названия — уточнить","2026-07-19 00:15:46"
SEED002923,,pharmacy,,,,,,,,41.304,69.1941,,,,,,,41.304,69.1941,,,,,OSM,,1,single,C,,auto_unverified,point,"координаты без названия — уточнить","2026-07-19 00:15:46"
SEED002924,,pharmacy,,,,,,,,41.3638,69.3328,,,,,,,41.3638,69.3328,,,,,OSM,,1,single,C,,auto_unverified,point,"координаты без названия — уточнить","2026-07-19 00:15:46"
SEED002925,,pharmacy,,,,,,,,41.3304,69.3299,,,,,,,41.3304,69.3299,,,,,OSM,,1,single,C,,auto_unverified,point,"координаты без названия — уточнить","2026-07-19 00:15:46"
SEED002926,,pharmacy,,,,,,,,41.3638,69.3328,,,,,,,41.3638,69.3328,,,,,OSM,,1,single,C,,auto_unverified,point,"координаты без названия — уточнить","2026-07-19 00:15:46"
SEED002927,,pharmacy,,,,,,,,41.2891,69.3466,,,,,,,41.2891,69.3466,,,,,OSM,,1,single,C,,auto_unverified,point,"координаты без названия — уточнить","2026-07-19 00:15:46"
SEED002928,,pharmacy,,,,,,,,41.2023,69.2247,,,,,,,41.2023,69.2247,,,,,OSM,,1,single,C,,auto_unverified,point,"координаты без названия — уточнить","2026-07-19 00:15:46"
SEED002929,,pharmacy,,,,,,,,41.204,69.2235,,,,,,,41.204,69.2235,,,,,OSM,,1,single,C,,auto_unverified,point,"координаты без названия — уточнить","2026-07-19 00:15:46"
SEED002930,,pharmacy,,,,,,,,41.3269,69.3318,,,,,,,41.3269,69.3318,,,,,OSM,,1,single,C,,auto_unverified,point,"координаты без названия — уточнить","2026-07-19 00:15:46"
SEED002931,,pharmacy,,,,,,,,41.3549,69.359,,,,,,,41.3549,69.359,,,,,OSM,,1,single,C,,auto_unverified,point,"координаты без названия — уточнить","2026-07-19 00:15:46"
SEED002932,,pharmacy,,,,,,,,41.3879,69.459,,,,,,,41.3879,69.459,,,,,OSM,,1,single,C,,auto_unverified,point,"координаты без названия — уточнить","2026-07-19 00:15:46"
SEED002933,,pharmacy,,,,,,,,41.3039,69.1266,,,,,,,41.3039,69.1266,,,,,OSM,,1,single,C,,auto_unverified,point,"координаты без названия — уточнить","2026-07-19 00:15:46"
SEED002934,,pharmacy,,,,,,,,41.2367,69.3275,,,,,,,41.2367,69.3275,,,,,OSM,,1,single,C,,auto_unverified,point,"координаты без названия — уточнить","2026-07-19 00:15:46"
SEED002935,,pharmacy,,,,,,,,41.2368,69.3277,,,,,,,41.2368,69.3277,,,,,OSM,,1,single,C,,auto_unverified,point,"координаты без названия — уточнить","2026-07-19 00:15:46"
SEED002936,,pharmacy,,,,,,,,41.2991,69.2096,,,,,,,41.2991,69.2096,,,,,OSM,,1,single,C,,auto_unverified,point,"координаты без названия — уточнить","2026-07-19 00:15:46"
SEED002937,,pharmacy,,,,,,,,41.3426,69.2052,,,,,,,41.3426,69.2052,,,,,OSM,,1,single,C,,auto_unverified,point,"координаты без названия — уточнить","2026-07-19 00:15:46"
SEED002938,,pharmacy,,,,,,,,41.3425,69.2052,,,,,,,41.3425,69.2052,,,,,OSM,,1,single,C,,auto_unverified,point,"координаты без названия — уточнить","2026-07-19 00:15:46"
SEED002939,,pharmacy,,,,,,,,41.3424,69.2051,,,,,,,41.3424,69.2051,,,,,OSM,,1,single,C,,auto_unverified,point,"координаты без названия — уточнить","2026-07-19 00:15:46"
SEED002940,,pharmacy,,,,,,,,41.3468,69.2009,,,,,,,41.3468,69.2009,,,,,OSM,,1,single,C,,auto_unverified,point,"координаты без названия — уточнить","2026-07-19 00:15:46"
SEED002941,,pharmacy,,,,,,,,41.3469,69.2008,,,,,,,41.3469,69.2008,,,,,OSM,,1,single,C,,auto_unverified,point,"координаты без названия — уточнить","2026-07-19 00:15:46"
SEED002942,,pharmacy,,,,,,,,41.3469,69.2006,,,,,,,41.3469,69.2006,,,,,OSM,,1,single,C,,auto_unverified,point,"координаты без названия — уточнить","2026-07-19 00:15:46"
SEED002943,,pharmacy,,,,,,,,41.3469,69.2005,,,,,,,41.3469,69.2005,,,,,OSM,,1,single,C,,auto_unverified,point,"координаты без названия — уточнить","2026-07-19 00:15:46"
SEED002944,,pharmacy,,,,,,,,41.347,69.2004,,,,,,,41.347,69.2004,,,,,OSM,,1,single,C,,auto_unverified,point,"координаты без названия — уточнить","2026-07-19 00:15:46"
SEED002945,,pharmacy,,,,,,,,41.3124,69.3298,,,,,,,41.3124,69.3298,,,,,OSM,,1,single,C,,auto_unverified,point,"координаты без названия — уточнить","2026-07-19 00:15:46"
SEED002946,,pharmacy,,,,,,,,41.3309,69.2168,,,,,,,41.3309,69.2168,,,,,OSM,,1,single,C,,auto_unverified,point,"координаты без названия — уточнить","2026-07-19 00:15:46"
SEED002947,,pharmacy,,,,,,,,41.2816,69.3044,,,,,,,41.2816,69.3044,,,,,OSM,,1,single,C,,auto_unverified,point,"координаты без названия — уточнить","2026-07-19 00:15:46"
SEED002948,,pharmacy,,,,,,,,41.3446,69.3831,,,,,,,41.3446,69.3831,,,,,OSM,,1,single,C,,auto_unverified,point,"координаты без названия — уточнить","2026-07-19 00:15:46"
SEED002949,,pharmacy,,,,,,,,41.3525,69.3867,,,,,,,41.3525,69.3867,,,,,OSM,,1,single,C,,auto_unverified,point,"координаты без названия — уточнить","2026-07-19 00:15:46"
SEED002950,,pharmacy,,,,,,,,41.3642,69.2985,,,,,,,41.3642,69.2985,,,,,OSM,,1,single,C,,auto_unverified,point,"координаты без названия — уточнить","2026-07-19 00:15:46"
SEED002951,,pharmacy,,,,,,,,41.3542,69.3684,,,,,,,41.3542,69.3684,,,,,OSM,,1,single,C,,auto_unverified,point,"координаты без названия — уточнить","2026-07-19 00:15:46"
SEED002952,,pharmacy,,,,,,,,41.3483,69.1743,,,,,,,41.3483,69.1743,,,,,OSM,,1,single,C,,auto_unverified,point,"координаты без названия — уточнить","2026-07-19 00:15:46"
SEED002953,,pharmacy,,,,,,,,41.3483,69.1742,,,,,,,41.3483,69.1742,,,,,OSM,,1,single,C,,auto_unverified,point,"координаты без названия — уточнить","2026-07-19 00:15:46"
SEED002954,,pharmacy,,,,,,,,41.3482,69.1736,,,,,,,41.3482,69.1736,,,,,OSM,,1,single,C,,auto_unverified,point,"координаты без названия — уточнить","2026-07-19 00:15:46"
SEED002955,,pharmacy,,,,,,,,41.3487,69.1738,,,,,,,41.3487,69.1738,,,,,OSM,,1,single,C,,auto_unverified,point,"координаты без названия — уточнить","2026-07-19 00:15:46"
SEED002956,,pharmacy,,,,,,,,41.3487,69.1737,,,,,,,41.3487,69.1737,,,,,OSM,,1,single,C,,auto_unverified,point,"координаты без названия — уточнить","2026-07-19 00:15:46"
SEED002957,,pharmacy,,,,,,,,41.3487,69.1739,,,,,,,41.3487,69.1739,,,,,OSM,,1,single,C,,auto_unverified,point,"координаты без названия — уточнить","2026-07-19 00:15:46"
SEED002958,,pharmacy,,,,,,,,41.3486,69.1737,,,,,,,41.3486,69.1737,,,,,OSM,,1,single,C,,auto_unverified,point,"координаты без названия — уточнить","2026-07-19 00:15:46"
SEED002959,,pharmacy,,,,,,,,41.3485,69.1733,,,,,,,41.3485,69.1733,,,,,OSM,,1,single,C,,auto_unverified,point,"координаты без названия — уточнить","2026-07-19 00:15:46"
SEED002960,,pharmacy,,,,,,,,41.3485,69.1732,,,,,,,41.3485,69.1732,,,,,OSM,,1,single,C,,auto_unverified,point,"координаты без названия — уточнить","2026-07-19 00:15:46"
SEED002961,,pharmacy,,,,,,,,41.3507,69.2185,,,,,,,41.3507,69.2185,,,,,OSM,,1,single,C,,auto_unverified,point,"координаты без названия — уточнить","2026-07-19 00:15:46"
SEED002962,,pharmacy,,,,,,,,41.3062,69.1412,,,,,,,41.3062,69.1412,,,,,OSM,,1,single,C,,auto_unverified,point,"координаты без названия — уточнить","2026-07-19 00:15:46"
SEED002963,,pharmacy,,,,,,,,41.2876,69.3503,,,,,,,41.2876,69.3503,,,,,OSM,,1,single,C,,auto_unverified,point,"координаты без названия — уточнить","2026-07-19 00:15:46"
SEED002964,,pharmacy,,,,,,,,41.2874,69.3497,,,,,,,41.2874,69.3497,,,,,OSM,,1,single,C,,auto_unverified,point,"координаты без названия — уточнить","2026-07-19 00:15:46"
SEED002965,,pharmacy,,,,,,,,41.2873,69.3497,,,,,,,41.2873,69.3497,,,,,OSM,,1,single,C,,auto_unverified,point,"координаты без названия — уточнить","2026-07-19 00:15:46"
SEED002966,,pharmacy,,,,,,,,41.2871,69.3496,,,,,,,41.2871,69.3496,,,,,OSM,,1,single,C,,auto_unverified,point,"координаты без названия — уточнить","2026-07-19 00:15:46"
SEED002967,,pharmacy,,,,,,,,41.2903,69.357,,,,,,,41.2903,69.357,,,,,OSM,,1,single,C,,auto_unverified,point,"координаты без названия — уточнить","2026-07-19 00:15:46"
SEED002968,,pharmacy,,,,,,,,41.2879,69.3484,,,,,,,41.2879,69.3484,,,,,OSM,,1,single,C,,auto_unverified,point,"координаты без названия — уточнить","2026-07-19 00:15:46"
SEED002969,,pharmacy,,,,,,,,41.2883,69.3485,,,,,,,41.2883,69.3485,,,,,OSM,,1,single,C,,auto_unverified,point,"координаты без названия — уточнить","2026-07-19 00:15:46"
SEED002970,,pharmacy,,,,,,,,41.2888,69.3481,,,,,,,41.2888,69.3481,,,,,OSM,,1,single,C,,auto_unverified,point,"координаты без названия — уточнить","2026-07-19 00:15:46"
SEED002971,,pharmacy,,,,,,,,41.289,69.3479,,,,,,,41.289,69.3479,,,,,OSM,,1,single,C,,auto_unverified,point,"координаты без названия — уточнить","2026-07-19 00:15:46"
SEED002972,,pharmacy,,,,,,,,41.2889,69.3462,,,,,,,41.2889,69.3462,,,,,OSM,,1,single,C,,auto_unverified,point,"координаты без названия — уточнить","2026-07-19 00:15:46"
SEED002973,,pharmacy,,,,,,,,41.2889,69.3462,,,,,,,41.2889,69.3462,,,,,OSM,,1,single,C,,auto_unverified,point,"координаты без названия — уточнить","2026-07-19 00:15:46"
SEED002974,,pharmacy,,,,,,,,41.2888,69.3461,,,,,,,41.2888,69.3461,,,,,OSM,,1,single,C,,auto_unverified,point,"координаты без названия — уточнить","2026-07-19 00:15:46"
SEED002975,,pharmacy,,,,,,,,41.2895,69.3555,,,,,,,41.2895,69.3555,,,,,OSM,,1,single,C,,auto_unverified,point,"координаты без названия — уточнить","2026-07-19 00:15:46"
SEED002976,,pharmacy,,,,,,,,41.2898,69.356,,,,,,,41.2898,69.356,,,,,OSM,,1,single,C,,auto_unverified,point,"координаты без названия — уточнить","2026-07-19 00:15:46"
SEED002977,,pharmacy,,,,,,,,41.2898,69.3561,,,,,,,41.2898,69.3561,,,,,OSM,,1,single,C,,auto_unverified,point,"координаты без названия — уточнить","2026-07-19 00:15:46"
SEED002978,,pharmacy,,,,,,,,41.2899,69.3563,,,,,,,41.2899,69.3563,,,,,OSM,,1,single,C,,auto_unverified,point,"координаты без названия — уточнить","2026-07-19 00:15:46"
SEED002979,,pharmacy,,,,,,,,41.2884,69.3589,,,,,,,41.2884,69.3589,,,,,OSM,,1,single,C,,auto_unverified,point,"координаты без названия — уточнить","2026-07-19 00:15:46"
SEED002980,,pharmacy,,,,,,,,41.2877,69.3492,,,,,,,41.2877,69.3492,,,,,OSM,,1,single,C,,auto_unverified,point,"координаты без названия — уточнить","2026-07-19 00:15:46"
SEED002981,,pharmacy,,,,,,,,41.3099,69.2388,,,,,,,41.3099,69.2388,,,,,OSM,,1,single,C,,auto_unverified,point,"координаты без названия — уточнить","2026-07-19 00:15:46"
SEED002982,,pharmacy,,,,,,,,41.3165,69.2364,,,,,,,41.3165,69.2364,,,,,OSM,,1,single,C,,auto_unverified,point,"координаты без названия — уточнить","2026-07-19 00:15:46"
SEED002983,,pharmacy,,,,,,,,41.3287,69.1954,,,,,,,41.3287,69.1954,,,,,OSM,,1,single,C,,auto_unverified,point,"координаты без названия — уточнить","2026-07-19 00:15:46"
SEED002984,,pharmacy,,,,,,,,41.2946,69.3327,,,,,,,41.2946,69.3327,,,,,OSM,,1,single,C,,auto_unverified,point,"координаты без названия — уточнить","2026-07-19 00:15:46"
SEED002985,,pharmacy,,,,,,,,41.3246,69.3239,,,,,,,41.3246,69.3239,,,,,OSM,,1,single,C,,auto_unverified,point,"координаты без названия — уточнить","2026-07-19 00:15:46"
SEED002986,,pharmacy,,,,,,,,41.3264,69.2743,,,,,,,41.3264,69.2743,,,,,OSM,,1,single,C,,auto_unverified,point,"координаты без названия — уточнить","2026-07-19 00:15:46"
SEED002987,,pharmacy,,,,,,,,41.3198,69.2661,,,,,,,41.3198,69.2661,,,,,OSM,,1,single,C,,auto_unverified,point,"координаты без названия — уточнить","2026-07-19 00:15:46"
SEED002988,,pharmacy,,,,,,,,41.3389,69.2858,,,,,,,41.3389,69.2858,,,,,OSM,,1,single,C,,auto_unverified,point,"координаты без названия — уточнить","2026-07-19 00:15:46"
SEED002989,,pharmacy,,,,,,,,41.3384,69.2857,,,,,,,41.3384,69.2857,,,,,OSM,,1,single,C,,auto_unverified,point,"координаты без названия — уточнить","2026-07-19 00:15:46"
SEED002990,,pharmacy,,,,,,,,41.3372,69.2855,,,,,,,41.3372,69.2855,,,,,OSM,,1,single,C,,auto_unverified,point,"координаты без названия — уточнить","2026-07-19 00:15:46"
SEED002991,,pharmacy,,,,,,,,41.3294,69.2841,,,,,,,41.3294,69.2841,,,,,OSM,,1,single,C,,auto_unverified,point,"координаты без названия — уточнить","2026-07-19 00:15:46"
SEED002992,,pharmacy,,,,,,,,41.2007,69.2112,,,,,,,41.2007,69.2112,,,,,OSM,,1,single,C,,auto_unverified,point,"координаты без названия — уточнить","2026-07-19 00:15:46"
SEED002993,,pharmacy,,,,,,,,41.3184,69.2294,,,,,,,41.3184,69.2294,,,,,OSM,,1,single,C,,auto_unverified,point,"координаты без названия — уточнить","2026-07-19 00:15:46"
SEED002994,,pharmacy,,,,,,,,41.3345,69.2278,,,,,,,41.3345,69.2278,,,,,OSM,,1,single,C,,auto_unverified,point,"координаты без названия — уточнить","2026-07-19 00:15:46"
SEED002995,,pharmacy,,,,,,,,41.3368,69.2258,,,,,,,41.3368,69.2258,,,,,OSM,,1,single,C,,auto_unverified,point,"координаты без названия — уточнить","2026-07-19 00:15:46"
SEED002996,,pharmacy,,,,,,,,41.2748,69.2034,,,,,,,41.2748,69.2034,,,,,OSM,,1,single,C,,auto_unverified,point,"координаты без названия — уточнить","2026-07-19 00:15:46"
SEED002997,,pharmacy,,,,,,,,41.2753,69.2027,,,,,,,41.2753,69.2027,,,,,OSM,,1,single,C,,auto_unverified,point,"координаты без названия — уточнить","2026-07-19 00:15:46"
SEED002998,,pharmacy,,,,,,,,41.2764,69.2009,,,,,,,41.2764,69.2009,,,,,OSM,,1,single,C,,auto_unverified,point,"координаты без названия — уточнить","2026-07-19 00:15:46"
SEED002999,,pharmacy,,,,,,,,41.2775,69.1992,,,,,,,41.2775,69.1992,,,,,OSM,,1,single,C,,auto_unverified,point,"координаты без названия — уточнить","2026-07-19 00:15:46"
SEED003000,,pharmacy,,,,,,,,41.2777,69.1989,,,,,,,41.2777,69.1989,,,,,OSM,,1,single,C,,auto_unverified,point,"координаты без названия — уточнить","2026-07-19 00:15:46"
SEED003001,,pharmacy,,,,,,,,41.2771,69.1958,,,,,,,41.2771,69.1958,,,,,OSM,,1,single,C,,auto_unverified,point,"координаты без названия — уточнить","2026-07-19 00:15:46"
SEED003002,,pharmacy,,,,,,,,41.2758,69.1938,,,,,,,41.2758,69.1938,,,,,OSM,,1,single,C,,auto_unverified,point,"координаты без названия — уточнить","2026-07-19 00:15:46"
SEED003003,,pharmacy,,,,,,,,41.2755,69.1929,,,,,,,41.2755,69.1929,,,,,OSM,,1,single,C,,auto_unverified,point,"координаты без названия — уточнить","2026-07-19 00:15:46"
SEED003004,,pharmacy,,,,,,,,41.2715,69.2596,,,,,,,41.2715,69.2596,,,,,OSM,,1,single,C,,auto_unverified,point,"координаты без названия — уточнить","2026-07-19 00:15:46"
SEED003005,,pharmacy,,,,,,,,41.2792,69.2615,,,,,,,41.2792,69.2615,,,,,OSM,,1,single,C,,auto_unverified,point,"координаты без названия — уточнить","2026-07-19 00:15:46"
SEED003006,,pharmacy,,,,,,,,41.3554,69.1803,,,,,,,41.3554,69.1803,,,,,OSM,,1,single,C,,auto_unverified,point,"координаты без названия — уточнить","2026-07-19 00:15:46"
SEED003007,,pharmacy,,,,,,,,41.341,69.1761,,,,,,,41.341,69.1761,,,,,OSM,,1,single,C,,auto_unverified,point,"координаты без названия — уточнить","2026-07-19 00:15:46"
SEED003008,,pharmacy,,,,,,,,41.3202,69.2343,,,,,,,41.3202,69.2343,,,,,OSM,,1,single,C,,auto_unverified,point,"координаты без названия — уточнить","2026-07-19 00:15:46"
SEED003009,,pharmacy,,,,,,,,41.3268,69.2895,,,,,,,41.3268,69.2895,,,,,OSM,,1,single,C,,auto_unverified,point,"координаты без названия — уточнить","2026-07-19 00:15:46"
SEED003010,,pharmacy,,,,,,,,41.3475,69.2164,,,,,,,41.3475,69.2164,,,,,OSM,,1,single,C,,auto_unverified,point,"координаты без названия — уточнить","2026-07-19 00:15:46"
SEED003011,,pharmacy,,,,,,,,41.387,69.3714,,,,,,,41.387,69.3714,,,,,OSM,,1,single,C,,auto_unverified,point,"координаты без названия — уточнить","2026-07-19 00:15:46"
SEED003012,,pharmacy,,,,,,,,41.2912,69.2825,,,,,,,41.2912,69.2825,,,,,OSM,,1,single,C,,auto_unverified,point,"координаты без названия — уточнить","2026-07-19 00:15:46"
SEED003013,,pharmacy,,,,,,,,41.2887,69.2137,,,,,,,41.2887,69.2137,,,,,OSM,,1,single,C,,auto_unverified,point,"координаты без названия — уточнить","2026-07-19 00:15:46"
SEED003014,,pharmacy,,,,,,,,41.3458,69.2771,,,,,,,41.3458,69.2771,,,,,OSM,,1,single,C,,auto_unverified,point,"координаты без названия — уточнить","2026-07-19 00:15:46"
SEED003015,,pharmacy,,,,,,,,41.2731,69.3099,,,,,,,41.2731,69.3099,,,,,OSM,,1,single,C,,auto_unverified,point,"координаты без названия — уточнить","2026-07-19 00:15:46"
SEED003016,,pharmacy,,,,,,,,41.274,69.3109,,,,,,,41.274,69.3109,,,,,OSM,,1,single,C,,auto_unverified,point,"координаты без названия — уточнить","2026-07-19 00:15:46"
SEED003017,,pharmacy,,,,,,,,41.2786,69.2184,,,,,,,41.2786,69.2184,,,,,OSM,,1,single,C,,auto_unverified,point,"координаты без названия — уточнить","2026-07-19 00:15:46"
SEED003018,,pharmacy,,,,,,,,41.278,69.2194,,,,,,,41.278,69.2194,,,,,OSM,,1,single,C,,auto_unverified,point,"координаты без названия — уточнить","2026-07-19 00:15:46"
SEED003019,,pharmacy,,,,,,,,41.3478,69.2788,,,,,,,41.3478,69.2788,,,,,OSM,,1,single,C,,auto_unverified,point,"координаты без названия — уточнить","2026-07-19 00:15:46"
SEED003020,,pharmacy,,,,,,,,41.2386,69.329,,,,,,,41.2386,69.329,,,,,OSM,,1,single,C,,auto_unverified,point,"координаты без названия — уточнить","2026-07-19 00:15:46"
SEED003021,,pharmacy,,,,,,,,41.3454,69.2604,,,,,,,41.3454,69.2604,,,,,OSM,,1,single,C,,auto_unverified,point,"координаты без названия — уточнить","2026-07-19 00:15:46"
SEED003022,,pharmacy,,,,,,,,41.2519,69.3136,,,,,,,41.2519,69.3136,,,,,OSM,,1,single,C,,auto_unverified,point,"координаты без названия — уточнить","2026-07-19 00:15:46"
SEED003023,,pharmacy,,,,,,,,41.3504,69.334,,,,,,,41.3504,69.334,,,,,OSM,,1,single,C,,auto_unverified,point,"координаты без названия — уточнить","2026-07-19 00:15:46"
SEED003024,,pharmacy,,,,,,,,41.3486,69.338,,,,,,,41.3486,69.338,,,,,OSM,,1,single,C,,auto_unverified,point,"координаты без названия — уточнить","2026-07-19 00:15:46"
SEED003025,,pharmacy,,,,,,,,41.3063,69.2294,,,,,,,41.3063,69.2294,,,,,OSM,,1,single,C,,auto_unverified,point,"координаты без названия — уточнить","2026-07-19 00:15:46"
SEED003026,,pharmacy,,,,,,,,41.3522,69.3862,,,,,,,41.3522,69.3862,,,,,OSM,,1,single,C,,auto_unverified,point,"координаты без названия — уточнить","2026-07-19 00:15:46"
SEED003027,,pharmacy,,,,,,,,41.3549,69.3595,,,,,,,41.3549,69.3595,,,,,OSM,,1,single,C,,auto_unverified,point,"координаты без названия — уточнить","2026-07-19 00:15:46"
SEED003028,,pharmacy,,,,,,,,41.3549,69.3589,,,,,,,41.3549,69.3589,,,,,OSM,,1,single,C,,auto_unverified,point,"координаты без названия — уточнить","2026-07-19 00:15:46"
SEED003029,,pharmacy,,,,,,,,41.355,69.3587,,,,,,,41.355,69.3587,,,,,OSM,,1,single,C,,auto_unverified,point,"координаты без названия — уточнить","2026-07-19 00:15:46"
SEED003030,,pharmacy,,,,,,,,41.355,69.3585,,,,,,,41.355,69.3585,,,,,OSM,,1,single,C,,auto_unverified,point,"координаты без названия — уточнить","2026-07-19 00:15:46"
SEED003031,,pharmacy,,,,,,,,41.355,69.3586,,,,,,,41.355,69.3586,,,,,OSM,,1,single,C,,auto_unverified,point,"координаты без названия — уточнить","2026-07-19 00:15:46"
SEED003032,,pharmacy,,,,,,,,41.355,69.3583,,,,,,,41.355,69.3583,,,,,OSM,,1,single,C,,auto_unverified,point,"координаты без названия — уточнить","2026-07-19 00:15:46"
SEED003033,,pharmacy,,,,,,,,41.355,69.3582,,,,,,,41.355,69.3582,,,,,OSM,,1,single,C,,auto_unverified,point,"координаты без названия — уточнить","2026-07-19 00:15:46"
SEED003034,,pharmacy,,,,,,,,41.355,69.3581,,,,,,,41.355,69.3581,,,,,OSM,,1,single,C,,auto_unverified,point,"координаты без названия — уточнить","2026-07-19 00:15:46"
SEED003035,,pharmacy,,,,,,,,41.355,69.3577,,,,,,,41.355,69.3577,,,,,OSM,,1,single,C,,auto_unverified,point,"координаты без названия — уточнить","2026-07-19 00:15:46"
SEED003036,,pharmacy,,,,,,,,41.355,69.3576,,,,,,,41.355,69.3576,,,,,OSM,,1,single,C,,auto_unverified,point,"координаты без названия — уточнить","2026-07-19 00:15:46"
SEED003037,,pharmacy,,,,,,,,41.2893,69.3155,,,,,,,41.2893,69.3155,,,,,OSM,,1,single,C,,auto_unverified,point,"координаты без названия — уточнить","2026-07-19 00:15:46"
SEED003038,,pharmacy,,,,,,,,41.3373,69.2506,,,,,,,41.3373,69.2506,,,,,OSM,,1,single,C,,auto_unverified,point,"координаты без названия — уточнить","2026-07-19 00:15:46"
SEED003039,,pharmacy,,,,,,,,41.4025,69.2028,,,,,,,41.4025,69.2028,,,,,OSM,,1,single,C,,auto_unverified,point,"координаты без названия — уточнить","2026-07-19 00:15:46"
SEED003040,,pharmacy,,,,,,,,41.334,69.4131,,,,,,,41.334,69.4131,,,,,OSM,,1,single,C,,auto_unverified,point,"координаты без названия — уточнить","2026-07-19 00:15:46"
SEED003041,,pharmacy,,,,,,,,41.2682,69.2527,,,,,,,41.2682,69.2527,,,,,OSM,,1,single,C,,auto_unverified,point,"координаты без названия — уточнить","2026-07-19 00:15:46"
SEED003042,,pharmacy,,,,,,,,41.2258,69.2178,,,,,,,41.2258,69.2178,,,,,OSM,,1,single,C,,auto_unverified,point,"координаты без названия — уточнить","2026-07-19 00:15:46"
SEED003043,,pharmacy,,,,,,,,41.3067,69.198,,,,,,,41.3067,69.198,,,,,OSM,,1,single,C,,auto_unverified,point,"координаты без названия — уточнить","2026-07-19 00:15:46"
SEED003044,,pharmacy,,,,,,,,41.3482,69.2412,,,,,,,41.3482,69.2412,,,,,OSM,,1,single,C,,auto_unverified,point,"координаты без названия — уточнить","2026-07-19 00:15:46"
SEED003045,,pharmacy,,,,,,,,41.3515,69.2865,,,,,,,41.3515,69.2865,,,,,OSM,,1,single,C,,auto_unverified,point,"координаты без названия — уточнить","2026-07-19 00:15:46"
SEED003046,,pharmacy,,,,,,,,41.3642,69.2141,,,,,,,41.3642,69.2141,,,,,OSM,,1,single,C,,auto_unverified,point,"координаты без названия — уточнить","2026-07-19 00:15:46"
SEED003047,,pharmacy,,,,,,,,41.3266,69.2742,,,,,,,41.3266,69.2742,,,,,OSM,,1,single,C,,auto_unverified,point,"координаты без названия — уточнить","2026-07-19 00:15:46"
SEED003048,,pharmacy,,,,,,,,41.2875,69.2835,,,,,,,41.2875,69.2835,,,,,OSM,,1,single,C,,auto_unverified,point,"координаты без названия — уточнить","2026-07-19 00:15:46"
SEED003049,,pharmacy,,,,,,,,41.2836,69.2245,,,,,,,41.2836,69.2245,,,,,OSM,,1,single,C,,auto_unverified,point,"координаты без названия — уточнить","2026-07-19 00:15:46"
SEED003050,,pharmacy,,,,,,,,41.3272,69.3393,,,,,,,41.3272,69.3393,,,,,OSM,,1,single,C,,auto_unverified,point,"координаты без названия — уточнить","2026-07-19 00:15:46"
SEED003051,,pharmacy,,,,,,,,41.2792,69.3047,,,,,,,41.2792,69.3047,,,,,OSM,,1,single,C,,auto_unverified,point,"координаты без названия — уточнить","2026-07-19 00:15:46"
SEED003052,,pharmacy,,,,,,,,41.2873,69.2832,,,,,,,41.2873,69.2832,,,,,OSM,,1,single,C,,auto_unverified,point,"координаты без названия — уточнить","2026-07-19 00:15:46"
SEED003053,,pharmacy,,,,,,,,41.3631,69.1872,,,,,,,41.3631,69.1872,,,,,OSM,,1,single,C,,auto_unverified,point,"координаты без названия — уточнить","2026-07-19 00:15:46"
SEED003054,,pharmacy,,,,,,,,41.3562,69.1777,,,,,,,41.3562,69.1777,,,,,OSM,,1,single,C,,auto_unverified,point,"координаты без названия — уточнить","2026-07-19 00:15:46"
SEED003055,,pharmacy,,,,,,,,41.3633,69.1868,,,,,,,41.3633,69.1868,,,,,OSM,,1,single,C,,auto_unverified,point,"координаты без названия — уточнить","2026-07-19 00:15:46"
SEED003056,,pharmacy,,,,,,,,41.3597,69.1797,,,,,,,41.3597,69.1797,,,,,OSM,,1,single,C,,auto_unverified,point,"координаты без названия — уточнить","2026-07-19 00:15:46"
SEED003057,,pharmacy,,,,,,,,41.364,69.1858,,,,,,,41.364,69.1858,,,,,OSM,,1,single,C,,auto_unverified,point,"координаты без названия — уточнить","2026-07-19 00:15:46"
SEED003058,,pharmacy,,,,,,,,41.3213,69.3634,,,,,,,41.3213,69.3634,,,,,OSM,,1,single,C,,auto_unverified,point,"координаты без названия — уточнить","2026-07-19 00:15:46"
SEED003059,,pharmacy,,,,,,,,41.3291,69.284,,,,,,,41.3291,69.284,,,,,OSM,,1,single,C,,auto_unverified,point,"координаты без названия — уточнить","2026-07-19 00:15:46"
SEED003060,,pharmacy,,,,,,,,41.3381,69.2742,,,,,,,41.3381,69.2742,,,,,OSM,,1,single,C,,auto_unverified,point,"координаты без названия — уточнить","2026-07-19 00:15:46"
SEED003061,,pharmacy,,,,,,,,41.343,69.2105,,,,,,,41.343,69.2105,,,,,OSM,,1,single,C,,auto_unverified,point,"координаты без названия — уточнить","2026-07-19 00:15:46"
SEED003062,,pharmacy,,,,,,,,41.3282,69.2814,,,,,,,41.3282,69.2814,,,,,OSM,,1,single,C,,auto_unverified,point,"координаты без названия — уточнить","2026-07-19 00:15:46"
SEED003063,,pharmacy,,,,,,,,41.3118,69.288,,,,,,,41.3118,69.288,,,,,OSM,,1,single,C,,auto_unverified,point,"координаты без названия — уточнить","2026-07-19 00:15:46"
SEED003064,,pharmacy,,,,,,,,41.3776,69.2701,,,,,,,41.3776,69.2701,,,,,OSM,,1,single,C,,auto_unverified,point,"координаты без названия — уточнить","2026-07-19 00:15:46"
SEED003065,,pharmacy,,,,,,,,41.3599,69.2143,,,,,,,41.3599,69.2143,,,,,OSM,,1,single,C,,auto_unverified,point,"координаты без названия — уточнить","2026-07-19 00:15:46"
SEED003066,,pharmacy,,,,,,,,41.3597,69.2143,,,,,,,41.3597,69.2143,,,,,OSM,,1,single,C,,auto_unverified,point,"координаты без названия — уточнить","2026-07-19 00:15:46"
SEED003067,,pharmacy,,,,,,,,41.3595,69.2143,,,,,,,41.3595,69.2143,,,,,OSM,,1,single,C,,auto_unverified,point,"координаты без названия — уточнить","2026-07-19 00:15:46"
SEED003068,,pharmacy,,,,,,,,41.3801,69.2194,,,,,,,41.3801,69.2194,,,,,OSM,,1,single,C,,auto_unverified,point,"координаты без названия — уточнить","2026-07-19 00:15:46"
SEED003069,,pharmacy,,,,,,,,41.3728,69.2405,,,,,,,41.3728,69.2405,,,,,OSM,,1,single,C,,auto_unverified,point,"координаты без названия — уточнить","2026-07-19 00:15:46"
SEED003070,,pharmacy,,,,,,,,41.301,69.2641,,,,,,,41.301,69.2641,,,,,OSM,,1,single,C,,auto_unverified,point,"координаты без названия — уточнить","2026-07-19 00:15:46"
SEED003071,,pharmacy,,,,,,,,41.3361,69.2536,,,,,,,41.3361,69.2536,,,,,OSM,,1,single,C,,auto_unverified,point,"координаты без названия — уточнить","2026-07-19 00:15:46"
SEED003072,,pharmacy,,,,,,,,41.3466,69.2412,,,,,,,41.3466,69.2412,,,,,OSM,,1,single,C,,auto_unverified,point,"координаты без названия — уточнить","2026-07-19 00:15:46"
SEED003073,,pharmacy,,,,,,,,41.3438,69.2294,,,,,,,41.3438,69.2294,,,,,OSM,,1,single,C,,auto_unverified,point,"координаты без названия — уточнить","2026-07-19 00:15:46"
SEED003074,,pharmacy,,,,,,,,41.29,69.2583,,,,,,,41.29,69.2583,,,,,OSM,,1,single,C,,auto_unverified,point,"координаты без названия — уточнить","2026-07-19 00:15:46"
SEED003075,,pharmacy,,,,,,,,41.2856,69.2532,,,,,,,41.2856,69.2532,,,,,OSM,,1,single,C,,auto_unverified,point,"координаты без названия — уточнить","2026-07-19 00:15:46"
SEED003076,,pharmacy,,,,,,,,41.2956,69.2501,,,,,,,41.2956,69.2501,,,,,OSM,,1,single,C,,auto_unverified,point,"координаты без названия — уточнить","2026-07-19 00:15:46"
SEED003077,,pharmacy,,,,,,,,41.2969,69.2707,,,,,,,41.2969,69.2707,,,,,OSM,,1,single,C,,auto_unverified,point,"координаты без названия — уточнить","2026-07-19 00:15:46"
SEED003078,,pharmacy,,,,,,,,41.296,69.2695,,,,,,,41.296,69.2695,,,,,OSM,,1,single,C,,auto_unverified,point,"координаты без названия — уточнить","2026-07-19 00:15:46"
SEED003079,,pharmacy,,,,,,,,41.2946,69.2673,,,,,,,41.2946,69.2673,,,,,OSM,,1,single,C,,auto_unverified,point,"координаты без названия — уточнить","2026-07-19 00:15:46"
SEED003080,,pharmacy,,,,,,,,41.2863,69.2512,,,,,,,41.2863,69.2512,,,,,OSM,,1,single,C,,auto_unverified,point,"координаты без названия — уточнить","2026-07-19 00:15:46"
SEED003081,,pharmacy,,,,,,,,41.3654,69.2254,,,,,,,41.3654,69.2254,,,,,OSM,,1,single,C,,auto_unverified,point,"координаты без названия — уточнить","2026-07-19 00:15:46"
SEED003082,,pharmacy,,,,,,,,41.3655,69.2253,,,,,,,41.3655,69.2253,,,,,OSM,,1,single,C,,auto_unverified,point,"координаты без названия — уточнить","2026-07-19 00:15:46"
SEED003083,,pharmacy,,,,,,,,41.3657,69.2253,,,,,,,41.3657,69.2253,,,,,OSM,,1,single,C,,auto_unverified,point,"координаты без названия — уточнить","2026-07-19 00:15:46"
SEED003084,,pharmacy,,,,,,,,41.3666,69.2043,,,,,,,41.3666,69.2043,,,,,OSM,,1,single,C,,auto_unverified,point,"координаты без названия — уточнить","2026-07-19 00:15:46"
SEED003085,,pharmacy,,,,,,,,41.264,69.1656,,,,,,,41.264,69.1656,,,,,OSM,,1,single,C,,auto_unverified,point,"координаты без названия — уточнить","2026-07-19 00:15:46"
SEED003086,,pharmacy,,,,,,,,41.3117,69.3273,,,,,,,41.3117,69.3273,,,,,OSM,,1,single,C,,auto_unverified,point,"координаты без названия — уточнить","2026-07-19 00:15:46"
SEED003087,,pharmacy,,,,,,,,41.2681,69.2139,,,,,,,41.2681,69.2139,,,,,OSM,,1,single,C,,auto_unverified,point,"координаты без названия — уточнить","2026-07-19 00:15:46"
SEED003088,,pharmacy,,,,,,,,41.268,69.2141,,,,,,,41.268,69.2141,,,,,OSM,,1,single,C,,auto_unverified,point,"координаты без названия — уточнить","2026-07-19 00:15:46"
SEED003089,,pharmacy,,,,,,,,41.2678,69.2143,,,,,,,41.2678,69.2143,,,,,OSM,,1,single,C,,auto_unverified,point,"координаты без названия — уточнить","2026-07-19 00:15:46"
SEED003090,,pharmacy,,,,,,,,41.2677,69.2144,,,,,,,41.2677,69.2144,,,,,OSM,,1,single,C,,auto_unverified,point,"координаты без названия — уточнить","2026-07-19 00:15:46"
SEED003091,,pharmacy,,,,,,,,41.2677,69.2145,,,,,,,41.2677,69.2145,,,,,OSM,,1,single,C,,auto_unverified,point,"координаты без названия — уточнить","2026-07-19 00:15:46"
SEED003092,,pharmacy,,,,,,,,41.2675,69.2148,,,,,,,41.2675,69.2148,,,,,OSM,,1,single,C,,auto_unverified,point,"координаты без названия — уточнить","2026-07-19 00:15:46"
SEED003093,,pharmacy,,,,,,,,41.2676,69.2147,,,,,,,41.2676,69.2147,,,,,OSM,,1,single,C,,auto_unverified,point,"координаты без названия — уточнить","2026-07-19 00:15:46"
SEED003094,,pharmacy,,,,,,,,41.2676,69.2147,,,,,,,41.2676,69.2147,,,,,OSM,,1,single,C,,auto_unverified,point,"координаты без названия — уточнить","2026-07-19 00:15:46"
SEED003095,,pharmacy,,,,,,,,41.2674,69.2149,,,,,,,41.2674,69.2149,,,,,OSM,,1,single,C,,auto_unverified,point,"координаты без названия — уточнить","2026-07-19 00:15:46"
SEED003096,,pharmacy,,,,,,,,41.2672,69.2153,,,,,,,41.2672,69.2153,,,,,OSM,,1,single,C,,auto_unverified,point,"координаты без названия — уточнить","2026-07-19 00:15:46"
SEED003097,,pharmacy,,,,,,,,41.2671,69.2154,,,,,,,41.2671,69.2154,,,,,OSM,,1,single,C,,auto_unverified,point,"координаты без названия — уточнить","2026-07-19 00:15:46"
SEED003098,,pharmacy,,,,,,,,41.2671,69.2155,,,,,,,41.2671,69.2155,,,,,OSM,,1,single,C,,auto_unverified,point,"координаты без названия — уточнить","2026-07-19 00:15:46"
SEED003099,,pharmacy,,,,,,,,41.3223,69.3598,,,,,,,41.3223,69.3598,,,,,OSM,,1,single,C,,auto_unverified,point,"координаты без названия — уточнить","2026-07-19 00:15:46"
SEED003100,,pharmacy,,,,,,,,41.3131,69.2252,,,,,,,41.3131,69.2252,,,,,OSM,,1,single,C,,auto_unverified,point,"координаты без названия — уточнить","2026-07-19 00:15:46"
SEED003101,,pharmacy,,,,,,,,41.366,69.3149,,,,,,,41.366,69.3149,,,,,OSM,,1,single,C,,auto_unverified,point,"координаты без названия — уточнить","2026-07-19 00:15:46"
SEED003102,,pharmacy,,,,,,,,41.2222,69.2087,,,,,,,41.2222,69.2087,,,,,OSM,,1,single,C,,auto_unverified,point,"координаты без названия — уточнить","2026-07-19 00:15:46"
SEED003103,,pharmacy,,,,,,,,41.2113,69.23,,,,,,,41.2113,69.23,,,,,OSM,,1,single,C,,auto_unverified,point,"координаты без названия — уточнить","2026-07-19 00:15:46"
SEED003104,,pharmacy,,,,,,,,41.217,69.2005,,,,,,,41.217,69.2005,,,,,OSM,,1,single,C,,auto_unverified,point,"координаты без названия — уточнить","2026-07-19 00:15:46"
SEED003105,,pharmacy,,,,,,,,41.2697,69.2127,,,,,,,41.2697,69.2127,,,,,OSM,,1,single,C,,auto_unverified,point,"координаты без названия — уточнить","2026-07-19 00:15:46"
SEED003106,,pharmacy,,,,,,,,41.2676,69.2197,,,,,,,41.2676,69.2197,,,,,OSM,,1,single,C,,auto_unverified,point,"координаты без названия — уточнить","2026-07-19 00:15:46"
SEED003107,,pharmacy,,,,,,,,41.2898,69.2276,,,,,,,41.2898,69.2276,,,,,OSM,,1,single,C,,auto_unverified,point,"координаты без названия — уточнить","2026-07-19 00:15:46"
SEED003108,,pharmacy,,,,,,,,41.3262,69.2745,,,,,,,41.3262,69.2745,,,,,OSM,,1,single,C,,auto_unverified,point,"координаты без названия — уточнить","2026-07-19 00:15:46"
SEED003109,,pharmacy,,,,,,,,41.2876,69.23,,,,,,,41.2876,69.23,,,,,OSM,,1,single,C,,auto_unverified,point,"координаты без названия — уточнить","2026-07-19 00:15:46"
SEED003110,,pharmacy,,,,,,,,41.342,69.2618,,,,,,,41.342,69.2618,,,,,OSM,,1,single,C,,auto_unverified,point,"координаты без названия — уточнить","2026-07-19 00:15:46"
SEED003111,,pharmacy,,,,,,,,41.3376,69.2669,,,,,,,41.3376,69.2669,,,,,OSM,,1,single,C,,auto_unverified,point,"координаты без названия — уточнить","2026-07-19 00:15:46"
SEED003112,,pharmacy,,,,,,,,41.2473,69.3018,,,,,,,41.2473,69.3018,,,,,OSM,,1,single,C,,auto_unverified,point,"координаты без названия — уточнить","2026-07-19 00:15:46"
SEED003113,,pharmacy,,,,,,,,41.3233,69.2542,,,,,,,41.3233,69.2542,,,,,OSM,,1,single,C,,auto_unverified,point,"координаты без названия — уточнить","2026-07-19 00:15:46"
SEED003114,,pharmacy,,,,,,,,41.317,69.2359,,,,,,,41.317,69.2359,,,,,OSM,,1,single,C,,auto_unverified,point,"координаты без названия — уточнить","2026-07-19 00:15:46"
SEED003115,,pharmacy,,,,,,,,41.2875,69.2863,,,,,,,41.2875,69.2863,,,,,OSM,,1,single,C,,auto_unverified,point,"координаты без названия — уточнить","2026-07-19 00:15:46"
SEED003116,,pharmacy,,,,,,,,41.3402,69.2312,,,,,,,41.3402,69.2312,,,,,OSM,,1,single,C,,auto_unverified,point,"координаты без названия — уточнить","2026-07-19 00:15:46"
SEED003117,,pharmacy,,,,,,,,41.3615,69.2381,,,,,,,41.3615,69.2381,,,,,OSM,,1,single,C,,auto_unverified,point,"координаты без названия — уточнить","2026-07-19 00:15:46"
SEED003118,,pharmacy,,,,,,,,41.32,69.233,,,,,,,41.32,69.233,,,,,OSM,,1,single,C,,auto_unverified,point,"координаты без названия — уточнить","2026-07-19 00:15:46"
SEED003119,,pharmacy,,,,,,,,41.1994,69.2121,,,,,,,41.1994,69.2121,,,,,OSM,,1,single,C,,auto_unverified,point,"координаты без названия — уточнить","2026-07-19 00:15:46"
SEED003120,,pharmacy,,,,,,,,41.2885,69.3484,,,,,,,41.2885,69.3484,,,,,OSM,,1,single,C,,auto_unverified,point,"координаты без названия — уточнить","2026-07-19 00:15:46"
SEED003121,,pharmacy,,,,,,,,41.2605,69.1619,,,,,,,41.2605,69.1619,,,,,OSM,,1,single,C,,auto_unverified,point,"координаты без названия — уточнить","2026-07-19 00:15:46"
SEED003122,,pharmacy,,,,,,,,41.3937,69.4733,,,,,,,41.3937,69.4733,,,,,OSM,,1,single,C,,auto_unverified,point,"координаты без названия — уточнить","2026-07-19 00:15:46"
SEED003123,,pharmacy,,,,,,,,41.3632,69.3931,,,,,,,41.3632,69.3931,,,,,OSM,,1,single,C,,auto_unverified,point,"координаты без названия — уточнить","2026-07-19 00:15:46"
SEED003124,,pharmacy,,,,,,,,41.354,69.3876,,,,,,,41.354,69.3876,,,,,OSM,,1,single,C,,auto_unverified,point,"координаты без названия — уточнить","2026-07-19 00:15:46"
SEED003125,,pharmacy,,,,,,,,41.3556,69.3842,,,,,,,41.3556,69.3842,,,,,OSM,,1,single,C,,auto_unverified,point,"координаты без названия — уточнить","2026-07-19 00:15:46"
SEED003126,,pharmacy,,,,,,,,41.3643,69.3332,,,,,,,41.3643,69.3332,,,,,OSM,,1,single,C,,auto_unverified,point,"координаты без названия — уточнить","2026-07-19 00:15:46"
SEED003127,,pharmacy,,,,,,,,41.3268,69.331,,,,,,,41.3268,69.331,,,,,OSM,,1,single,C,,auto_unverified,point,"координаты без названия — уточнить","2026-07-19 00:15:46"
SEED003128,,pharmacy,,,,,,,,41.3261,69.3308,,,,,,,41.3261,69.3308,,,,,OSM,,1,single,C,,auto_unverified,point,"координаты без названия — уточнить","2026-07-19 00:15:46"
SEED003129,,pharmacy,,,,,,,,41.3259,69.3287,,,,,,,41.3259,69.3287,,,,,OSM,,1,single,C,,auto_unverified,point,"координаты без названия — уточнить","2026-07-19 00:15:46"
SEED003130,,pharmacy,,,,,,,,41.3254,69.3267,,,,,,,41.3254,69.3267,,,,,OSM,,1,single,C,,auto_unverified,point,"координаты без названия — уточнить","2026-07-19 00:15:46"
SEED003131,,pharmacy,,,,,,,,41.3268,69.3259,,,,,,,41.3268,69.3259,,,,,OSM,,1,single,C,,auto_unverified,point,"координаты без названия — уточнить","2026-07-19 00:15:46"
SEED003132,,pharmacy,,,,,,,,41.2929,69.3571,,,,,,,41.2929,69.3571,,,,,OSM,,1,single,C,,auto_unverified,point,"координаты без названия — уточнить","2026-07-19 00:15:46"
SEED003133,,pharmacy,,,,,,,,41.2447,69.2892,,,,,,,41.2447,69.2892,,,,,OSM,,1,single,C,,auto_unverified,point,"координаты без названия — уточнить","2026-07-19 00:15:46"
SEED003134,,pharmacy,,,,,,,,41.2728,69.3091,,,,,,,41.2728,69.3091,,,,,OSM,,1,single,C,,auto_unverified,point,"координаты без названия — уточнить","2026-07-19 00:15:46"
SEED003135,,pharmacy,,,,,,,,41.2924,69.2852,,,,,,,41.2924,69.2852,,,,,OSM,,1,single,C,,auto_unverified,point,"координаты без названия — уточнить","2026-07-19 00:15:46"
SEED003136,,pharmacy,,,,,,,,41.1971,69.2145,,,,,,,41.1971,69.2145,,,,,OSM,,1,single,C,,auto_unverified,point,"координаты без названия — уточнить","2026-07-19 00:15:46"
SEED003137,,pharmacy,,,,,,,,41.2122,69.2292,,,,,,,41.2122,69.2292,,,,,OSM,,1,single,C,,auto_unverified,point,"координаты без названия — уточнить","2026-07-19 00:15:46"
SEED003138,,pharmacy,,,,,,,,41.2273,69.2189,,,,,,,41.2273,69.2189,,,,,OSM,,1,single,C,,auto_unverified,point,"координаты без названия — уточнить","2026-07-19 00:15:46"
SEED003139,,pharmacy,,,,,,,,41.2257,69.2175,,,,,,,41.2257,69.2175,,,,,OSM,,1,single,C,,auto_unverified,point,"координаты без названия — уточнить","2026-07-19 00:15:46"
SEED003140,,pharmacy,,,,,,,,41.2199,69.2029,,,,,,,41.2199,69.2029,,,,,OSM,,1,single,C,,auto_unverified,point,"координаты без названия — уточнить","2026-07-19 00:15:46"
SEED003141,,pharmacy,,,,,,,,41.2762,69.2428,,,,,,,41.2762,69.2428,,,,,OSM,,1,single,C,,auto_unverified,point,"координаты без названия — уточнить","2026-07-19 00:15:46"
SEED003142,,pharmacy,,,,,,,,41.2837,69.2511,,,,,,,41.2837,69.2511,,,,,OSM,,1,single,C,,auto_unverified,point,"координаты без названия — уточнить","2026-07-19 00:15:46"
SEED003143,,pharmacy,,,,,,,,41.2998,69.2709,,,,,,,41.2998,69.2709,,,,,OSM,,1,single,C,,auto_unverified,point,"координаты без названия — уточнить","2026-07-19 00:15:46"
SEED003144,,pharmacy,,,,,,,,41.2992,69.2837,,,,,,,41.2992,69.2837,,,,,OSM,,1,single,C,,auto_unverified,point,"координаты без названия — уточнить","2026-07-19 00:15:46"
SEED003145,,pharmacy,,,,,,,,41.3115,69.2891,,,,,,,41.3115,69.2891,,,,,OSM,,1,single,C,,auto_unverified,point,"координаты без названия — уточнить","2026-07-19 00:15:46"
SEED003146,,pharmacy,,,,,,,,41.3248,69.3019,,,,,,,41.3248,69.3019,,,,,OSM,,1,single,C,,auto_unverified,point,"координаты без названия — уточнить","2026-07-19 00:15:46"
SEED003147,,pharmacy,,,,,,,,41.362,69.2963,,,,,,,41.362,69.2963,,,,,OSM,,1,single,C,,auto_unverified,point,"координаты без названия — уточнить","2026-07-19 00:15:46"
SEED003148,,pharmacy,,,,,,,,41.3672,69.2896,,,,,,,41.3672,69.2896,,,,,OSM,,1,single,C,,auto_unverified,point,"координаты без названия — уточнить","2026-07-19 00:15:46"
SEED003149,,pharmacy,,,,,,,,41.366,69.2046,,,,,,,41.366,69.2046,,,,,OSM,,1,single,C,,auto_unverified,point,"координаты без названия — уточнить","2026-07-19 00:15:46"
SEED003150,,pharmacy,,,,,,,,41.3271,69.2362,,,,,,,41.3271,69.2362,,,,,OSM,,1,single,C,,auto_unverified,point,"координаты без названия — уточнить","2026-07-19 00:15:46"
SEED003151,,pharmacy,,,,,,,,41.3246,69.2448,,,,,,,41.3246,69.2448,,,,,OSM,,1,single,C,,auto_unverified,point,"координаты без названия — уточнить","2026-07-19 00:15:46"
SEED003152,,pharmacy,,,,,,,,41.3074,69.2691,,,,,,,41.3074,69.2691,,,,,OSM,,1,single,C,,auto_unverified,point,"координаты без названия — уточнить","2026-07-19 00:15:46"
SEED003153,,pharmacy,,,,,,,,41.2905,69.2253,,,,,,,41.2905,69.2253,,,,,OSM,,1,single,C,,auto_unverified,point,"координаты без названия — уточнить","2026-07-19 00:15:46"
SEED003154,,pharmacy,,,,,,,,41.2838,69.2247,,,,,,,41.2838,69.2247,,,,,OSM,,1,single,C,,auto_unverified,point,"координаты без названия — уточнить","2026-07-19 00:15:46"
SEED003155,,pharmacy,,,,,,,,41.2767,69.2054,,,,,,,41.2767,69.2054,,,,,OSM,,1,single,C,,auto_unverified,point,"координаты без названия — уточнить","2026-07-19 00:15:46"
SEED003156,,pharmacy,,,,,,,,41.2848,69.188,,,,,,,41.2848,69.188,,,,,OSM,,1,single,C,,auto_unverified,point,"координаты без названия — уточнить","2026-07-19 00:15:46"
SEED003157,,pharmacy,,,,,,,,41.2981,69.1892,,,,,,,41.2981,69.1892,,,,,OSM,,1,single,C,,auto_unverified,point,"координаты без названия — уточнить","2026-07-19 00:15:46"
SEED003158,,pharmacy,,,,,,,,41.2963,69.216,,,,,,,41.2963,69.216,,,,,OSM,,1,single,C,,auto_unverified,point,"координаты без названия — уточнить","2026-07-19 00:15:46"
SEED003159,,pharmacy,,,,,,,,41.3143,69.1592,,,,,,,41.3143,69.1592,,,,,OSM,,1,single,C,,auto_unverified,point,"координаты без названия — уточнить","2026-07-19 00:15:46"
SEED003160,,pharmacy,,,,,,,,41.3224,69.2214,,,,,,,41.3224,69.2214,,,,,OSM,,1,single,C,,auto_unverified,point,"координаты без названия — уточнить","2026-07-19 00:15:46"
SEED003161,,pharmacy,,,,,,,,41.2632,69.1629,,,,,,,41.2632,69.1629,,,,,OSM,,1,single,C,,auto_unverified,point,"координаты без названия — уточнить","2026-07-19 00:15:46"
SEED003162,,pharmacy,,,,,,,,41.2841,69.1646,,,,,,,41.2841,69.1646,,,,,OSM,,1,single,C,,auto_unverified,point,"координаты без названия — уточнить","2026-07-19 00:15:46"
SEED003163,,pharmacy,,,,,,,,41.3546,69.141,,,,,,,41.3546,69.141,,,,,OSM,,1,single,C,,auto_unverified,point,"координаты без названия — уточнить","2026-07-19 00:15:46"
SEED003164,,pharmacy,,,,,,,,41.3551,69.3339,,,,,,,41.3551,69.3339,,,,,OSM,,1,single,C,,auto_unverified,point,"координаты без названия — уточнить","2026-07-19 00:15:46"
SEED003165,,pharmacy,,,,,,,,41.3404,69.2311,,,,,,,41.3404,69.2311,,,,,OSM,,1,single,C,,auto_unverified,point,"координаты без названия — уточнить","2026-07-19 00:15:46"
SEED003166,,pharmacy,,,,,,,,41.2981,69.2492,,,,,,,41.2981,69.2492,,,,,OSM,,1,single,C,,auto_unverified,point,"координаты без названия — уточнить","2026-07-19 00:15:46"
SEED003167,,pharmacy,,,,,,,,41.326,69.2509,,,,,,,41.326,69.2509,,,,,OSM,,1,single,C,,auto_unverified,point,"координаты без названия — уточнить","2026-07-19 00:15:46"
SEED003168,,pharmacy,,,,,,,,41.37,69.2254,,,,,,,41.37,69.2254,,,,,OSM,,1,single,C,,auto_unverified,point,"координаты без названия — уточнить","2026-07-19 00:15:46"
SEED003169,,pharmacy,,,,,,,,41.2809,69.2491,,,,,,,41.2809,69.2491,,,,,OSM,,1,single,C,,auto_unverified,point,"координаты без названия — уточнить","2026-07-19 00:15:46"
SEED003170,,pharmacy,,,,,,,,41.2846,69.2648,,,,,,,41.2846,69.2648,,,,,OSM,,1,single,C,,auto_unverified,point,"координаты без названия — уточнить","2026-07-19 00:15:46"
SEED003171,,pharmacy,,,,,,,,41.2845,69.2249,,,,,,,41.2845,69.2249,,,,,OSM,,1,single,C,,auto_unverified,point,"координаты без названия — уточнить","2026-07-19 00:15:46"
SEED003172,,pharmacy,,,,,,,,41.3013,69.276,,,,,,,41.3013,69.276,,,,,OSM,,1,single,C,,auto_unverified,point,"координаты без названия — уточнить","2026-07-19 00:15:46"
SEED003173,,pharmacy,,,,,,,,41.3009,69.2836,,,,,,,41.3009,69.2836,,,,,OSM,,1,single,C,,auto_unverified,point,"координаты без названия — уточнить","2026-07-19 00:15:46"
SEED003174,,pharmacy,,,,,,,,41.2933,69.2501,,,,,,,41.2933,69.2501,,,,,OSM,,1,single,C,,auto_unverified,point,"координаты без названия — уточнить","2026-07-19 00:15:46"
SEED003175,,pharmacy,,,,,,,,41.2866,69.2431,,,,,,,41.2866,69.2431,,,,,OSM,,1,single,C,,auto_unverified,point,"координаты без названия — уточнить","2026-07-19 00:15:46"
SEED003176,,pharmacy,,,,,,,,41.2884,69.2424,,,,,,,41.2884,69.2424,,,,,OSM,,1,single,C,,auto_unverified,point,"координаты без названия — уточнить","2026-07-19 00:15:46"
SEED003177,,pharmacy,,,,,,,,41.2877,69.2031,,,,,,,41.2877,69.2031,,,,,OSM,,1,single,C,,auto_unverified,point,"координаты без названия — уточнить","2026-07-19 00:15:46"
SEED003178,,pharmacy,,,,,,,,41.3936,69.2072,,,,,,,41.3936,69.2072,,,,,OSM,,1,single,C,,auto_unverified,point,"координаты без названия — уточнить","2026-07-19 00:15:46"
SEED003179,,pharmacy,,,,,,,,41.4007,69.2034,,,,,,,41.4007,69.2034,,,,,OSM,,1,single,C,,auto_unverified,point,"координаты без названия — уточнить","2026-07-19 00:15:46"
SEED003180,,pharmacy,,,,,,,,41.4024,69.2028,,,,,,,41.4024,69.2028,,,,,OSM,,1,single,C,,auto_unverified,point,"координаты без названия — уточнить","2026-07-19 00:15:46"
SEED003181,,pharmacy,,,,,,,,41.4025,69.2027,,,,,,,41.4025,69.2027,,,,,OSM,,1,single,C,,auto_unverified,point,"координаты без названия — уточнить","2026-07-19 00:15:46"
SEED003182,,pharmacy,,,,,,,,41.4,69.2036,,,,,,,41.4,69.2036,,,,,OSM,,1,single,C,,auto_unverified,point,"координаты без названия — уточнить","2026-07-19 00:15:46"
SEED003183,,pharmacy,,,,,,,,41.4174,69.1998,,,,,,,41.4174,69.1998,,,,,OSM,,1,single,C,,auto_unverified,point,"координаты без названия — уточнить","2026-07-19 00:15:46"
SEED003184,,pharmacy,,,,,,,,41.4182,69.1998,,,,,,,41.4182,69.1998,,,,,OSM,,1,single,C,,auto_unverified,point,"координаты без названия — уточнить","2026-07-19 00:15:46"
SEED003185,,pharmacy,,,,,,,,41.4145,69.2008,,,,,,,41.4145,69.2008,,,,,OSM,,1,single,C,,auto_unverified,point,"координаты без названия — уточнить","2026-07-19 00:15:46"
SEED003186,,pharmacy,,,,,,,,41.2981,69.1899,,,,,,,41.2981,69.1899,,,,,OSM,,1,single,C,,auto_unverified,point,"координаты без названия — уточнить","2026-07-19 00:15:46"
SEED003187,,pharmacy,,,,,,,,41.298,69.1931,,,,,,,41.298,69.1931,,,,,OSM,,1,single,C,,auto_unverified,point,"координаты без названия — уточнить","2026-07-19 00:15:46"
SEED003188,,pharmacy,,,,,,,,41.2983,69.1937,,,,,,,41.2983,69.1937,,,,,OSM,,1,single,C,,auto_unverified,point,"координаты без названия — уточнить","2026-07-19 00:15:46"
SEED003189,,pharmacy,,,,,,,,41.2985,69.1937,,,,,,,41.2985,69.1937,,,,,OSM,,1,single,C,,auto_unverified,point,"координаты без названия — уточнить","2026-07-19 00:15:46"
SEED003190,,pharmacy,,,,,,,,41.3549,69.4312,,,,,,,41.3549,69.4312,,,,,OSM,,1,single,C,,auto_unverified,point,"координаты без названия — уточнить","2026-07-19 00:15:46"
SEED003191,,pharmacy,,,,,,,,41.2483,69.3254,,,,,,,41.2483,69.3254,,,,,OSM,,1,single,C,,auto_unverified,point,"координаты без названия — уточнить","2026-07-19 00:15:46"
SEED003192,,pharmacy,,,,,,,,41.3651,69.2876,,,,,,,41.3651,69.2876,,,,,OSM,,1,single,C,,auto_unverified,point,"координаты без названия — уточнить","2026-07-19 00:15:46"
SEED003193,,pharmacy,,,,,,,,41.3108,69.3273,,,,,,,41.3108,69.3273,,,,,OSM,,1,single,C,,auto_unverified,point,"координаты без названия — уточнить","2026-07-19 00:15:46"
SEED003194,,pharmacy,,,,,,,,41.3512,69.3246,,,,,,,41.3512,69.3246,,,,,OSM,,1,single,C,,auto_unverified,point,"координаты без названия — уточнить","2026-07-19 00:15:46"
SEED003195,,pharmacy,,,,,,,,41.3595,69.2152,,,,,,,41.3595,69.2152,,,,,OSM,,1,single,C,,auto_unverified,point,"координаты без названия — уточнить","2026-07-19 00:15:46"
SEED003196,,pharmacy,,,,,,,,41.321,69.2395,,,,,,,41.321,69.2395,,,,,OSM,,1,single,C,,auto_unverified,point,"координаты без названия — уточнить","2026-07-19 00:15:46"
SEED003197,,pharmacy,,,,,,,,41.3634,69.2755,,,,,,,41.3634,69.2755,,,,,OSM,,1,single,C,,auto_unverified,point,"координаты без названия — уточнить","2026-07-19 00:15:46"
SEED003198,,pharmacy,,,,,,,,41.2864,69.216,,,,,,,41.2864,69.216,,,,,OSM,,1,single,C,,auto_unverified,point,"координаты без названия — уточнить","2026-07-19 00:15:46"
SEED003199,,pharmacy,,,,,,,,41.3398,69.1996,,,,,,,41.3398,69.1996,,,,,OSM,,1,single,C,,auto_unverified,point,"координаты без названия — уточнить","2026-07-19 00:15:46"
SEED003200,,pharmacy,,,,,,,,41.3203,69.2361,,,,,,,41.3203,69.2361,,,,,OSM,,1,single,C,,auto_unverified,point,"координаты без названия — уточнить","2026-07-19 00:15:46"
SEED003201,,pharmacy,,,,,,,,41.3289,69.1958,,,,,,,41.3289,69.1958,,,,,OSM,,1,single,C,,auto_unverified,point,"координаты без названия — уточнить","2026-07-19 00:15:46"
SEED003202,,pharmacy,,,,,,,,41.2883,69.3167,,,,,,,41.2883,69.3167,,,,,OSM,,1,single,C,,auto_unverified,point,"координаты без названия — уточнить","2026-07-19 00:15:46"
SEED003203,,pharmacy,,,,,,,,41.3024,69.2844,,,,,,,41.3024,69.2844,,,,,OSM,,1,single,C,,auto_unverified,point,"координаты без названия — уточнить","2026-07-19 00:15:46"
SEED003204,,pharmacy,,,,,,,,41.3163,69.2316,,,,,,,41.3163,69.2316,,,,,OSM,,1,single,C,,auto_unverified,point,"координаты без названия — уточнить","2026-07-19 00:15:46"
SEED003205,,pharmacy,,,,,,,,41.2978,69.1919,,,,,,,41.2978,69.1919,,,,,OSM,,1,single,C,,auto_unverified,point,"координаты без названия — уточнить","2026-07-19 00:15:46"
SEED003206,,pharmacy,,,,,,,,41.2984,69.1904,,,,,,,41.2984,69.1904,,,,,OSM,,1,single,C,,auto_unverified,point,"координаты без названия — уточнить","2026-07-19 00:15:46"
