grid_id,latitude,longitude,population_value,source,reference_date,verification_status
POP-00001,40.63328,70.69818,21,Bundled population grid,2026-07,Методологический слой; проверить источник/единицу измерения
POP-00002,40.57039,70.63224,28,Bundled population grid,2026-07,Методологический слой; проверить источник/единицу измерения
POP-00003,40.58015,70.6484,117,Bundled population grid,2026-07,Методологический слой; проверить источник/единицу измерения
POP-00004,40.5788,70.63659,22,Bundled population grid,2026-07,Методологический слой; проверить источник/единицу измерения
POP-00005,40.57174,70.64405,39,Bundled population grid,2026-07,Методологический слой; проверить источник/единицу измерения
POP-00006,40.55222,70.61174,46,Bundled population grid,2026-07,Методологический слой; проверить источник/единицу измерения
POP-00007,40.56063,70.61609,32,Bundled population grid,2026-07,Методологический слой; проверить источник/единицу измерения
POP-00008,40.56737,70.67512,25,Bundled population grid,2026-07,Методологический слой; проверить источник/единицу измерения
POP-00009,40.56602,70.66331,363,Bundled population grid,2026-07,Методологический слой; проверить источник/единицу измерения
POP-00010,40.5519,70.67822,21,Bundled population grid,2026-07,Методологический слой; проверить источник/единицу измерения
POP-00011,40.55896,70.67077,651,Bundled population grid,2026-07,Методологический слой; проверить источник/единицу измерения
POP-00012,40.55522,70.56887,49,Bundled population grid,2026-07,Методологический слой; проверить источник/единицу измерения
POP-00013,40.55821,70.52599,41,Bundled population grid,2026-07,Методологический слой; проверить источник/единицу измерения
POP-00014,40.55251,70.54526,60,Bundled population grid,2026-07,Методологический слой; проверить источник/единицу измерения
POP-00015,40.58855,70.65275,78,Bundled population grid,2026-07,Методологический слой; проверить источник/единицу измерения
POP-00016,40.59696,70.65711,57,Bundled population grid,2026-07,Методологический слой; проверить источник/единицу измерения
POP-00017,40.62353,70.682,47,Bundled population grid,2026-07,Методологический слой; проверить источник/единицу измерения
POP-00018,40.61243,70.654,53,Bundled population grid,2026-07,Методологический слой; проверить источник/единицу измерения
POP-00019,40.62084,70.65836,57,Bundled population grid,2026-07,Методологический слой; проверить источник/единицу измерения
POP-00020,40.60099,70.69255,131,Bundled population grid,2026-07,Методологический слой; проверить источник/единицу измерения
POP-00021,40.5899,70.66456,146,Bundled population grid,2026-07,Методологический слой; проверить источник/единицу измерения
POP-00022,40.6094,70.69691,81,Bundled population grid,2026-07,Методологический слой; проверить источник/единицу измерения
POP-00023,40.59965,70.68074,25,Bundled population grid,2026-07,Методологический слой; проверить источник/единицу измерения
POP-00024,40.59292,70.62167,21,Bundled population grid,2026-07,Методологический слой; проверить источник/единицу измерения
POP-00025,40.58586,70.62913,78,Bundled population grid,2026-07,Методологический слой; проверить источник/единицу измерения
POP-00026,40.6168,70.62291,71,Bundled population grid,2026-07,Методологический слой; проверить источник/единицу измерения
POP-00027,41.17608,70.32017,398,Bundled population grid,2026-07,Методологический слой; проверить источник/единицу измерения
POP-00028,41.16902,70.32774,352,Bundled population grid,2026-07,Методологический слой; проверить источник/единицу измерения
POP-00029,41.16764,70.31582,23,Bundled population grid,2026-07,Методологический слой; проверить источник/единицу измерения
POP-00030,41.19018,70.30502,43,Bundled population grid,2026-07,Методологический слой; проверить источник/единицу измерения
POP-00031,41.18451,70.32452,63,Bundled population grid,2026-07,Методологический слой; проверить источник/единицу измерения
POP-00032,41.18313,70.3126,144,Bundled population grid,2026-07,Методологический слой; проверить источник/единицу измерения
POP-00033,41.19295,70.32887,21,Bundled population grid,2026-07,Методологический слой; проверить источник/единицу измерения
POP-00034,41.16335,70.34722,220,Bundled population grid,2026-07,Методологический слой; проверить источник/единицу измерения
POP-00035,41.14787,70.35043,170,Bundled population grid,2026-07,Методологический слой; проверить источник/единицу измерения
POP-00036,41.1563,70.35479,324,Bundled population grid,2026-07,Методологический слой; проверить источник/единицу измерения
POP-00037,41.15492,70.34287,203,Bundled population grid,2026-07,Методологический слой; проверить источник/единицу измерения
POP-00038,41.17746,70.33209,91,Bundled population grid,2026-07,Методологический слой; проверить источник/единицу измерения
POP-00039,41.17041,70.33965,279,Bundled population grid,2026-07,Методологический слой; проверить источник/единицу измерения
POP-00040,41.17884,70.34401,55,Bundled population grid,2026-07,Методологический слой; проверить источник/единицу измерения
POP-00041,41.24356,70.355,51,Bundled population grid,2026-07,Методологический слой; проверить источник/единицу измерения
POP-00042,41.13632,70.45651,92,Bundled population grid,2026-07,Методологический слой; проверить источник/единицу измерения
POP-00043,41.12926,70.46406,160,Bundled population grid,2026-07,Методологический слой; проверить источник/единицу измерения
POP-00044,41.16161,70.46961,96,Bundled population grid,2026-07,Методологический слой; проверить источник/единицу измерения
POP-00045,41.17004,70.47398,28,Bundled population grid,2026-07,Методологический слой; проверить источник/единицу измерения
POP-00046,41.15455,70.47716,43,Bundled population grid,2026-07,Методологический слой; проверить источник/единицу измерения
POP-00047,41.15044,70.4414,93,Bundled population grid,2026-07,Методологический слой; проверить источник/единицу измерения
POP-00048,41.16024,70.45769,111,Bundled population grid,2026-07,Методологический слой; проверить источник/единицу измерения
POP-00049,41.15887,70.44577,181,Bundled population grid,2026-07,Методологический слой; проверить источник/единицу измерения
POP-00050,41.14338,70.44896,28,Bundled population grid,2026-07,Методологический слой; проверить источник/единицу измерения
POP-00051,41.11787,70.50297,27,Bundled population grid,2026-07,Методологический слой; проверить источник/единицу измерения
POP-00052,41.12357,70.48352,111,Bundled population grid,2026-07,Методологический слой; проверить источник/единицу измерения
POP-00053,41.13769,70.46842,141,Bundled population grid,2026-07,Методологический слой; проверить источник/единицу измерения
POP-00054,41.13063,70.47597,56,Bundled population grid,2026-07,Методологический слой; проверить источник/единицу измерения
POP-00055,41.1267,70.37312,93,Bundled population grid,2026-07,Методологический слой; проверить источник/единицу измерения
POP-00056,41.12533,70.36121,200,Bundled population grid,2026-07,Методологический слой; проверить источник/единицу измерения
POP-00057,41.14632,70.40565,145,Bundled population grid,2026-07,Методологический слой; проверить источник/единицу измерения
POP-00058,41.15475,70.41001,116,Bundled population grid,2026-07,Методологический слой; проверить источник/единицу измерения
POP-00059,41.14081,70.358,147,Bundled population grid,2026-07,Методологический слой; проверить источник/единицу измерения
POP-00060,41.15063,70.37426,48,Bundled population grid,2026-07,Методологический слой; проверить источник/единицу измерения
POP-00061,41.14925,70.36235,23,Bundled population grid,2026-07,Методологический слой; проверить источник/единицу измерения
POP-00062,41.13376,70.36556,248,Bundled population grid,2026-07,Методологический слой; проверить источник/единицу измерения
POP-00063,41.14907,70.42949,134,Bundled population grid,2026-07,Методологический слой; проверить источник/единицу измерения
POP-00064,41.1477,70.41757,122,Bundled population grid,2026-07,Методологический слой; проверить источник/единицу измерения
POP-00065,41.14064,70.42513,25,Bundled population grid,2026-07,Методологический слой; проверить источник/единицу измерения
POP-00066,41.17847,70.47835,32,Bundled population grid,2026-07,Методологический слой; проверить источник/единицу измерения
POP-00067,41.1869,70.48272,28,Bundled population grid,2026-07,Методологический слой; проверить источник/единицу измерения
POP-00068,41.18121,70.5022,44,Bundled population grid,2026-07,Методологический слой; проверить источник/единицу измерения
POP-00069,41.21765,70.54358,32,Bundled population grid,2026-07,Методологический слой; проверить источник/единицу измерения
POP-00070,41.17868,70.41118,75,Bundled population grid,2026-07,Методологический слой; проверить источник/единицу измерения
POP-00071,41.16867,70.46206,40,Bundled population grid,2026-07,Методологический слой; проверить источник/единицу измерения
POP-00072,41.1673,70.45014,28,Bundled population grid,2026-07,Методологический слой; проверить источник/единицу измерения
POP-00073,41.16319,70.41437,79,Bundled population grid,2026-07,Методологический слой; проверить источник/единицу измерения
POP-00074,41.36666,70.59875,68,Bundled population grid,2026-07,Методологический слой; проверить источник/единицу измерения
POP-00075,41.45805,70.63527,23,Bundled population grid,2026-07,Методологический слой; проверить источник/единицу измерения
POP-00076,41.31536,70.35843,49,Bundled population grid,2026-07,Методологический слой; проверить источник/единицу измерения
POP-00077,41.36461,70.37268,28,Bundled population grid,2026-07,Методологический слой; проверить источник/единицу измерения
POP-00078,41.43761,70.45558,55,Bundled population grid,2026-07,Методологический слой; проверить источник/единицу измерения
POP-00079,41.38404,70.47275,53,Bundled population grid,2026-07,Методологический слой; проверить источник/единицу измерения
POP-00080,41.38561,70.41731,116,Bundled population grid,2026-07,Методологический слой; проверить источник/единицу измерения
POP-00081,41.2883,70.46799,52,Bundled population grid,2026-07,Методологический слой; проверить источник/единицу измерения
POP-00082,41.28556,70.4441,188,Bundled population grid,2026-07,Методологический слой; проверить источник/единицу измерения
POP-00083,41.30675,70.42138,20,Bundled population grid,2026-07,Методологический слой; проверить источник/единицу измерения
POP-00084,41.343,70.53015,177,Bundled population grid,2026-07,Методологический слой; проверить источник/единицу измерения
POP-00085,41.3585,70.52698,64,Bundled population grid,2026-07,Методологический слой; проверить источник/единицу измерения
POP-00086,41.37286,70.44444,72,Bundled population grid,2026-07,Методологический слой; проверить источник/единицу измерения
POP-00087,41.36168,70.41614,38,Bundled population grid,2026-07,Методологический слой; проверить источник/единицу измерения
POP-00088,41.33343,70.44646,24,Bundled population grid,2026-07,Методологический слой; проверить источник/единицу измерения
POP-00089,41.36443,70.44006,38,Bundled population grid,2026-07,Методологический слой; проверить источник/единицу измерения
POP-00090,41.35736,70.44764,26,Bundled population grid,2026-07,Методологический слой; проверить источник/единицу измерения
POP-00091,41.10944,70.4986,243,Bundled population grid,2026-07,Методологический слой; проверить источник/единицу измерения
POP-00092,41.09532,70.51368,56,Bundled population grid,2026-07,Методологический слой; проверить источник/единицу измерения
POP-00093,41.10375,70.51805,76,Bundled population grid,2026-07,Методологический слой; проверить источник/единицу измерения
POP-00094,41.10238,70.50614,28,Bundled population grid,2026-07,Методологический слой; проверить источник/единицу измерения
POP-00095,41.07549,70.54819,80,Bundled population grid,2026-07,Методологический слой; проверить источник/единицу измерения
POP-00096,41.08391,70.55257,52,Bundled population grid,2026-07,Методологический слой; проверить источник/единицу измерения
POP-00097,41.06842,70.55572,20,Bundled population grid,2026-07,Методологический слой; проверить источник/единицу измерения
POP-00098,41.07685,70.5601,28,Bundled population grid,2026-07,Методологический слой; проверить источник/единицу измерения
POP-00099,41.09668,70.52559,115,Bundled population grid,2026-07,Методологический слой; проверить источник/единицу измерения
POP-00100,41.08255,70.54066,104,Bundled population grid,2026-07,Методологический слой; проверить источник/единицу измерения
POP-00101,41.08119,70.52875,32,Bundled population grid,2026-07,Методологический слой; проверить источник/единицу измерения
POP-00102,41.09098,70.54503,32,Bundled population grid,2026-07,Методологический слой; проверить источник/единицу измерения
POP-00103,41.08962,70.53313,116,Bundled population grid,2026-07,Методологический слой; проверить источник/единицу измерения
POP-00104,41.13988,70.62652,112,Bundled population grid,2026-07,Методологический слой; проверить источник/единицу измерения
POP-00105,41.17358,70.64409,92,Bundled population grid,2026-07,Методологический слой; проверить источник/единицу измерения
POP-00106,41.16952,70.60831,68,Bundled population grid,2026-07,Методологический слой; проверить источник/единицу измерения
POP-00107,41.14966,70.64283,259,Bundled population grid,2026-07,Методологический слой; проверить источник/единицу измерения
POP-00108,41.18095,70.56938,48,Bundled population grid,2026-07,Методологический слой; проверить источник/единицу измерения
POP-00109,41.16001,70.52484,24,Bundled population grid,2026-07,Методологический слой; проверить источник/единицу измерения
POP-00110,41.15267,70.59953,232,Bundled population grid,2026-07,Методологический слой; проверить источник/единицу измерения
POP-00111,41.04557,70.63343,56,Bundled population grid,2026-07,Методологический слой; проверить источник/единицу измерения
POP-00112,41.08195,70.67479,23,Bundled population grid,2026-07,Методологический слой; проверить источник/единицу измерения
POP-00113,41.07488,70.68231,28,Bundled population grid,2026-07,Методологический слой; проверить источник/единицу измерения
POP-00114,41.05429,70.57078,24,Bundled population grid,2026-07,Методологический слой; проверить источник/единицу измерения
POP-00115,41.0358,70.61715,64,Bundled population grid,2026-07,Методологический слой; проверить источник/единицу измерения
POP-00116,41.03445,70.60525,108,Bundled population grid,2026-07,Методологический слой; проверить источник/единицу измерения
POP-00117,41.02031,70.62028,431,Bundled population grid,2026-07,Методологический слой; проверить источник/единицу измерения
POP-00118,41.02873,70.62466,36,Bundled population grid,2026-07,Методологический слой; проверить источник/единицу измерения
POP-00119,41.02738,70.61277,232,Bundled population grid,2026-07,Методологический слой; проверить источник/единицу измерения
POP-00120,41.0388,70.57393,48,Bundled population grid,2026-07,Методологический слой; проверить источник/единицу измерения
POP-00121,41.03309,70.59335,92,Bundled population grid,2026-07,Методологический слой; проверить источник/единицу измерения
POP-00122,41.07623,70.69422,36,Bundled population grid,2026-07,Методологический слой; проверить источник/единицу измерения
POP-00123,41.10856,70.69989,48,Bundled population grid,2026-07,Методологический слой; проверить источник/единицу измерения
POP-00124,41.11055,70.57761,32,Bundled population grid,2026-07,Методологический слой; проверить источник/единицу измерения
POP-00125,41.0934,70.63593,32,Bundled population grid,2026-07,Методологический слой; проверить источник/единицу измерения
POP-00126,41.08768,70.65536,32,Bundled population grid,2026-07,Методологический слой; проверить источник/единицу измерения
POP-00127,41.10619,70.60897,36,Bundled population grid,2026-07,Методологический слой; проверить источник/единицу измерения
POP-00128,41.09912,70.6165,20,Bundled population grid,2026-07,Методологический слой; проверить источник/единицу измерения
POP-00129,41.27827,70.51895,34,Bundled population grid,2026-07,Методологический слой; проверить источник/единицу измерения
POP-00130,41.22472,70.53603,20,Bundled population grid,2026-07,Методологический слой; проверить источник/единицу измерения
POP-00131,41.33294,70.58115,176,Bundled population grid,2026-07,Методологический слой; проверить источник/единицу измерения
POP-00132,41.29487,70.59503,43,Bundled population grid,2026-07,Методологический слой; проверить источник/единицу измерения
POP-00133,41.28508,70.57869,20,Bundled population grid,2026-07,Методологический слой; проверить источник/единицу измерения
POP-00134,41.30901,70.57992,40,Bundled population grid,2026-07,Методологический слой; проверить источник/единицу измерения
POP-00135,41.20457,70.63781,32,Bundled population grid,2026-07,Методологический слой; проверить источник/единицу измерения
POP-00136,41.2157,70.66608,635,Bundled population grid,2026-07,Методологический слой; проверить источник/единицу измерения
POP-00137,41.21839,70.68995,72,Bundled population grid,2026-07,Методологический слой; проверить источник/единицу измерения
POP-00138,41.19644,70.56622,36,Bundled population grid,2026-07,Методологический слой; проверить источник/единицу измерения
POP-00139,41.21901,70.55551,24,Bundled population grid,2026-07,Методологический слой; проверить источник/единицу измерения
POP-00140,41.19344,70.60955,24,Bundled population grid,2026-07,Методологический слой; проверить источник/единицу измерения
POP-00141,41.18231,70.5813,108,Bundled population grid,2026-07,Методологический слой; проверить источник/единицу измерения
POP-00142,41.22715,70.62713,135,Bundled population grid,2026-07,Методологический слой; проверить источник/единицу измерения
POP-00143,41.21029,70.61834,60,Bundled population grid,2026-07,Методологический слой; проверить источник/единицу измерения
POP-00144,41.22007,70.63467,40,Bundled population grid,2026-07,Методологический слой; проверить источник/единицу измерения
POP-00145,41.20623,70.58254,21,Bundled population grid,2026-07,Методологический слой; проверить источник/единицу измерения
POP-00146,41.27332,70.68497,76,Bundled population grid,2026-07,Методологический слой; проверить источник/единицу измерения
POP-00147,41.24535,70.64786,208,Bundled population grid,2026-07,Методологический слой; проверить источник/единицу измерения
POP-00148,41.23422,70.61958,88,Bundled population grid,2026-07,Методологический слой; проверить источник/единицу измерения
POP-00149,41.275,70.62963,180,Bundled population grid,2026-07,Методологический слой; проверить источник/единицу измерения
POP-00150,40.84424,70.67403,814,Bundled population grid,2026-07,Методологический слой; проверить источник/единицу измерения
POP-00151,40.83718,70.68152,371,Bundled population grid,2026-07,Методологический слой; проверить источник/единицу измерения
POP-00152,40.98058,70.68913,28,Bundled population grid,2026-07,Методологический слой; проверить источник/единицу измерения
POP-00153,40.99512,68.60328,82,Bundled population grid,2026-07,Методологический слой; проверить источник/единицу измерения
POP-00154,40.95735,68.61831,33,Bundled population grid,2026-07,Методологический слой; проверить источник/единицу измерения
POP-00155,40.95042,68.62604,21,Bundled population grid,2026-07,Методологический слой; проверить источник/единицу измерения
POP-00156,40.96584,68.6224,39,Bundled population grid,2026-07,Методологический слой; проверить источник/единицу измерения
POP-00157,41.02222,68.74937,181,Bundled population grid,2026-07,Методологический слой; проверить источник/единицу измерения
POP-00158,41.05307,68.74214,34,Bundled population grid,2026-07,Методологический слой; проверить источник/единицу измерения
POP-00159,41.0361,68.73391,38,Bundled population grid,2026-07,Методологический слой; проверить источник/единицу измерения
POP-00160,40.91192,68.69603,175,Bundled population grid,2026-07,Методологический слой; проверить источник/единицу измерения
POP-00161,40.9204,68.70012,344,Bundled population grid,2026-07,Методологический слой; проверить источник/единицу измерения
POP-00162,40.90653,68.71556,853,Bundled population grid,2026-07,Методологический слой; проверить источник/единицу измерения
POP-00163,40.90499,68.70374,223,Bundled population grid,2026-07,Методологический слой; проверить источник/единицу измерения
POP-00164,40.91501,68.71966,509,Bundled population grid,2026-07,Методологический слой; проверить источник/единицу измерения
POP-00165,40.91347,68.70784,1329,Bundled population grid,2026-07,Методологический слой; проверить источник/единицу измерения
POP-00166,40.9474,68.72424,155,Bundled population grid,2026-07,Методологический слой; проверить источник/единицу измерения
POP-00167,40.95743,68.74017,1569,Bundled population grid,2026-07,Методологический слой; проверить источник/единицу измерения
POP-00168,40.95589,68.72834,927,Bundled population grid,2026-07,Методологический слой; проверить источник/единицу измерения
POP-00169,40.94201,68.74378,1099,Bundled population grid,2026-07,Методологический слой; проверить источник/единицу измерения
POP-00170,40.94046,68.73196,197,Bundled population grid,2026-07,Методологический слой; проверить источник/единицу измерения
POP-00171,40.95049,68.74789,904,Bundled population grid,2026-07,Методологический слой; проверить источник/единицу измерения
POP-00172,40.94895,68.73606,1319,Bundled population grid,2026-07,Методологический слой; проверить источник/единицу измерения
POP-00173,40.93582,68.6965,26,Bundled population grid,2026-07,Методологический слой; проверить источник/единицу измерения
POP-00174,40.94586,68.71242,98,Bundled population grid,2026-07,Методологический слой; проверить источник/единицу измерения
POP-00175,40.94431,68.7006,48,Bundled population grid,2026-07,Методологический слой; проверить источник/единицу измерения
POP-00176,40.93892,68.72014,694,Bundled population grid,2026-07,Методологический слой; проверить источник/единицу измерения
POP-00177,40.93737,68.70832,823,Bundled population grid,2026-07,Методологический слой; проверить источник/единицу измерения
POP-00178,40.91116,68.751,84,Bundled population grid,2026-07,Методологический слой; проверить источник/единицу измерения
POP-00179,40.92119,68.76693,1017,Bundled population grid,2026-07,Методологический слой; проверить источник/единицу измерения
POP-00180,40.91964,68.75511,405,Bundled population grid,2026-07,Методологический слой; проверить источник/единицу измерения
POP-00181,40.90422,68.75872,64,Bundled population grid,2026-07,Методологический слой; проверить источник/единицу измерения
POP-00182,40.9127,68.76282,189,Bundled population grid,2026-07,Методологический слой; проверить источник/единицу измерения
POP-00183,40.89959,68.72327,25,Bundled population grid,2026-07,Методологический слой; проверить источник/единицу измерения
POP-00184,40.90962,68.73919,23,Bundled population grid,2026-07,Методологический слой; проверить источник/единицу измерения
POP-00185,40.90808,68.72737,312,Bundled population grid,2026-07,Методологический слой; проверить источник/единицу измерения
POP-00186,40.90114,68.73509,20,Bundled population grid,2026-07,Методологический слой; проверить источник/единицу измерения
POP-00187,40.93507,68.7515,2056,Bundled population grid,2026-07,Методологический слой; проверить источник/единицу измерения
POP-00188,40.94509,68.76743,1585,Bundled population grid,2026-07,Методологический слой; проверить источник/единицу измерения
POP-00189,40.94355,68.7556,2002,Bundled population grid,2026-07,Методологический слой; проверить источник/единицу измерения
POP-00190,40.92967,68.77103,973,Bundled population grid,2026-07,Методологический слой; проверить источник/единицу измерения
POP-00191,40.92813,68.75921,1774,Bundled population grid,2026-07,Методологический слой; проверить источник/единицу измерения
POP-00192,40.93815,68.77514,1520,Bundled population grid,2026-07,Методологический слой; проверить источник/единицу измерения
POP-00193,40.93661,68.76332,1701,Bundled population grid,2026-07,Методологический слой; проверить источник/единицу измерения
POP-00194,40.9235,68.72376,33,Bundled population grid,2026-07,Методологический слой; проверить источник/единицу измерения
POP-00195,40.93352,68.73968,400,Bundled population grid,2026-07,Методологический слой; проверить источник/единицу измерения
POP-00196,40.9181,68.74329,1197,Bundled population grid,2026-07,Методологический слой; проверить источник/единицу измерения
POP-00197,40.91656,68.73147,54,Bundled population grid,2026-07,Методологический слой; проверить источник/единицу измерения
POP-00198,40.92658,68.74739,567,Bundled population grid,2026-07,Методологический слой; проверить источник/единицу измерения
POP-00199,40.92504,68.73557,28,Bundled population grid,2026-07,Методологический слой; проверить источник/единицу измерения
POP-00200,40.90261,68.62515,61,Bundled population grid,2026-07,Методологический слой; проверить источник/единицу измерения
POP-00201,40.93656,68.6415,51,Bundled population grid,2026-07,Методологический слой; проверить источник/единицу измерения
POP-00202,40.93118,68.66104,260,Bundled population grid,2026-07,Методологический слой; проверить источник/единицу измерения
POP-00203,40.93966,68.66514,47,Bundled population grid,2026-07,Методологический слой; проверить источник/единицу измерения
POP-00204,40.91959,68.63332,116,Bundled population grid,2026-07,Методологический слой; проверить источник/единицу измерения
POP-00205,40.91803,68.62151,55,Bundled population grid,2026-07,Методологический слой; проверить источник/единицу измерения
POP-00206,40.92652,68.6256,100,Bundled population grid,2026-07,Методологический слой; проверить источник/единицу измерения
POP-00207,40.91037,68.68421,295,Bundled population grid,2026-07,Методологический слой; проверить источник/единицу измерения
POP-00208,40.89495,68.68784,204,Bundled population grid,2026-07,Методологический слой; проверить источник/единицу измерения
POP-00209,40.89341,68.67603,161,Bundled population grid,2026-07,Методологический слой; проверить источник/единицу измерения
POP-00210,40.90344,68.69193,671,Bundled population grid,2026-07,Методологический слой; проверить источник/единицу измерения
POP-00211,40.90189,68.68012,272,Bundled population grid,2026-07,Методологический слой; проверить источник/единицу измерения
POP-00212,40.89724,68.64469,45,Bundled population grid,2026-07,Методологический слой; проверить источник/единицу измерения
POP-00213,40.88337,68.66013,159,Bundled population grid,2026-07,Методологический слой; проверить источник/единицу измерения
POP-00214,40.88182,68.64832,76,Bundled population grid,2026-07,Методологический слой; проверить источник/единицу измерения
POP-00215,40.89186,68.66422,164,Bundled population grid,2026-07,Методологический слой; проверить источник/единицу измерения
POP-00216,40.92424,68.66877,105,Bundled population grid,2026-07,Методологический слой; проверить источник/единицу измерения
POP-00217,40.91886,68.68831,81,Bundled population grid,2026-07,Методологический слой; проверить источник/единицу измерения
POP-00218,40.91731,68.67649,142,Bundled population grid,2026-07,Методологический слой; проверить источник/единицу измерения
POP-00219,40.92734,68.6924,268,Bundled population grid,2026-07,Методологический слой; проверить источник/единицу измерения
POP-00220,40.92579,68.68059,86,Bundled population grid,2026-07,Методологический слой; проверить источник/единицу измерения
POP-00221,40.91265,68.64105,360,Bundled population grid,2026-07,Методологический слой; проверить источник/единицу измерения
POP-00222,40.92269,68.65695,594,Bundled population grid,2026-07,Методологический слой; проверить источник/единицу измерения
POP-00223,40.92114,68.64514,1087,Bundled population grid,2026-07,Методологический слой; проверить источник/единицу измерения
POP-00224,40.90727,68.66059,64,Bundled population grid,2026-07,Методологический слой; проверить источник/единицу измерения
POP-00225,40.91576,68.66468,192,Bundled population grid,2026-07,Методологический слой; проверить источник/единицу измерения
POP-00226,40.91421,68.65286,747,Bundled population grid,2026-07,Методологический слой; проверить источник/единицу измерения
POP-00227,40.97131,68.72473,613,Bundled population grid,2026-07,Методологический слой; проверить источник/единицу измерения
POP-00228,40.98134,68.74066,25,Bundled population grid,2026-07,Методологический слой; проверить источник/единицу измерения
POP-00229,40.96591,68.74427,352,Bundled population grid,2026-07,Методологический слой; проверить источник/единицу измерения
POP-00230,40.96437,68.73245,754,Bundled population grid,2026-07,Методологический слой; проверить источник/единицу измерения
POP-00231,40.97285,68.73655,61,Bundled population grid,2026-07,Методологический слой; проверить источник/единицу измерения
POP-00232,41.01682,68.76894,121,Bundled population grid,2026-07,Методологический слой; проверить источник/единицу измерения
POP-00233,41.01527,68.7571,76,Bundled population grid,2026-07,Методологический слой; проверить источник/единицу измерения
POP-00234,41.00139,68.77255,152,Bundled population grid,2026-07,Методологический слой; проверить источник/единицу измерения
POP-00235,40.99985,68.76071,124,Bundled population grid,2026-07,Методологический слой; проверить источник/единицу измерения
POP-00236,41.00987,68.77666,249,Bundled population grid,2026-07,Методологический слой; проверить источник/единицу измерения
POP-00237,41.00833,68.76482,189,Bundled population grid,2026-07,Методологический слой; проверить источник/единицу измерения
POP-00238,40.98982,68.74477,73,Bundled population grid,2026-07,Методологический слой; проверить источник/единицу измерения
POP-00239,40.97054,68.77976,60,Bundled population grid,2026-07,Методологический слой; проверить источник/единицу измерения
POP-00240,40.98056,68.7957,122,Bundled population grid,2026-07,Методологический слой; проверить источник/единицу измерения
POP-00241,40.97902,68.78387,719,Bundled population grid,2026-07,Методологический слой; проверить источник/единицу измерения
POP-00242,40.96513,68.7993,177,Bundled population grid,2026-07,Методологический слой; проверить источник/единицу измерения
POP-00243,40.97361,68.80342,48,Bundled population grid,2026-07,Методологический слой; проверить источник/единицу измерения
POP-00244,40.97208,68.79159,486,Bundled population grid,2026-07,Методологический слой; проверить источник/единицу измерения
POP-00245,40.95897,68.75199,248,Bundled population grid,2026-07,Методологический слой; проверить источник/единицу измерения
POP-00246,40.969,68.76793,226,Bundled population grid,2026-07,Методологический слой; проверить источник/единицу измерения
POP-00247,40.96746,68.7561,592,Bundled population grid,2026-07,Методологический слой; проверить источник/единицу измерения
POP-00248,40.95357,68.77154,63,Bundled population grid,2026-07,Методологический слой; проверить источник/единицу измерения
POP-00249,40.95203,68.75971,768,Bundled population grid,2026-07,Методологический слой; проверить источник/единицу измерения
POP-00250,40.96205,68.77565,50,Bundled population grid,2026-07,Методологический слой; проверить источник/единицу измерения
POP-00251,40.96051,68.76382,1122,Bundled population grid,2026-07,Методологический слой; проверить источник/единицу измерения
POP-00252,41.00447,68.79622,175,Bundled population grid,2026-07,Методологический слой; проверить источник/единицу измерения
POP-00253,40.98904,68.79982,27,Bundled population grid,2026-07,Методологический слой; проверить источник/единицу измерения
POP-00254,40.9875,68.78799,656,Bundled population grid,2026-07,Методологический слой; проверить источник/единицу измерения
POP-00255,40.99752,68.80394,46,Bundled population grid,2026-07,Методологический слой; проверить источник/единицу измерения
POP-00256,40.99598,68.7921,149,Bundled population grid,2026-07,Методологический слой; проверить источник/единицу измерения
POP-00257,40.98288,68.75249,48,Bundled population grid,2026-07,Методологический слой; проверить источник/единицу измерения
POP-00258,40.99291,68.76843,33,Bundled population grid,2026-07,Методологический слой; проверить источник/единицу измерения
POP-00259,40.97748,68.77204,417,Bundled population grid,2026-07,Методологический слой; проверить источник/единицу измерения
POP-00260,40.97594,68.76021,193,Bundled population grid,2026-07,Методологический слой; проверить источник/единицу измерения
POP-00261,40.98596,68.77615,582,Bundled population grid,2026-07,Методологический слой; проверить источник/единицу измерения
POP-00262,40.98442,68.76432,256,Bundled population grid,2026-07,Методологический слой; проверить источник/единицу измерения
POP-00263,40.98902,68.67789,42,Bundled population grid,2026-07,Методологический слой; проверить источник/единицу измерения
POP-00264,40.95973,68.69697,361,Bundled population grid,2026-07,Методологический слой; проверить источник/единицу измерения
POP-00265,40.96822,68.70107,83,Bundled population grid,2026-07,Методологический слой; проверить источник/единицу измерения
POP-00266,40.95279,68.7047,476,Bundled population grid,2026-07,Методологический слой; проверить источник/единицу измерения
POP-00267,40.96128,68.7088,212,Bundled population grid,2026-07,Методологический слой; проверить источник/единицу измерения
POP-00268,40.94276,68.68878,48,Bundled population grid,2026-07,Методологический слой; проверить источник/единицу измерения
POP-00269,40.95125,68.69287,60,Bundled population grid,2026-07,Методологический слой; проверить источник/единицу измерения
POP-00270,40.98054,68.67379,271,Bundled population grid,2026-07,Методологический слой; проверить источник/единицу измерения
POP-00271,40.96667,68.68925,418,Bundled population grid,2026-07,Методологический слой; проверить источник/единицу измерения
POP-00272,40.96512,68.67742,517,Bundled population grid,2026-07,Методологический слой; проверить источник/единицу измерения
POP-00273,41.17025,68.91027,76,Bundled population grid,2026-07,Методологический слой; проверить источник/единицу измерения
POP-00274,41.15481,68.91385,297,Bundled population grid,2026-07,Методологический слой; проверить источник/единицу измерения
POP-00275,41.15328,68.90198,321,Bundled population grid,2026-07,Методологический слой; проверить источник/единицу измерения
POP-00276,41.1633,68.91799,28,Bundled population grid,2026-07,Методологический слой; проверить источник/единицу измерения
POP-00277,41.16177,68.90612,81,Bundled population grid,2026-07,Методологический слой; проверить источник/единицу измерения
POP-00278,41.19027,68.94232,159,Bundled population grid,2026-07,Методологический слой; проверить источник/единицу измерения
POP-00279,41.17874,68.91441,305,Bundled population grid,2026-07,Методологический слой; проверить источник/единицу измерения
POP-00280,41.15939,68.94946,846,Bundled population grid,2026-07,Методологический слой; проверить источник/единицу измерения
POP-00281,41.1694,68.96549,48,Bundled population grid,2026-07,Методологический слой; проверить источник/единицу измерения
POP-00282,41.16787,68.95362,45,Bundled population grid,2026-07,Методологический слой; проверить источник/единицу измерения
POP-00283,41.15396,68.96906,785,Bundled population grid,2026-07,Методологический слой; проверить источник/единицу измерения
POP-00284,41.15243,68.95719,803,Bundled population grid,2026-07,Методологический слой; проверить источник/единицу измерения
POP-00285,41.16244,68.97321,28,Bundled population grid,2026-07,Методологический слой; проверить источник/единицу измерения
POP-00286,41.16091,68.96134,833,Bundled population grid,2026-07,Методологический слой; проверить источник/единицу измерения
POP-00287,41.14786,68.92158,20,Bundled population grid,2026-07,Методологический слой; проверить источник/единицу измерения
POP-00288,41.15634,68.92572,23,Bundled population grid,2026-07,Методологический слой; проверить источник/единицу измерения
POP-00289,41.14243,68.94117,66,Bundled population grid,2026-07,Методологический слой; проверить источник/единицу измерения
POP-00290,41.1409,68.9293,55,Bundled population grid,2026-07,Методологический слой; проверить источник/единицу измерения
POP-00291,41.15091,68.94532,76,Bundled population grid,2026-07,Методологический слой; проверить источник/единицу измерения
POP-00292,41.14938,68.93345,41,Bundled population grid,2026-07,Методологический слой; проверить источник/единицу измерения
POP-00293,41.18331,68.95004,30,Bundled population grid,2026-07,Методологический слой; проверить источник/единицу измерения
POP-00294,41.19332,68.96607,157,Bundled population grid,2026-07,Методологический слой; проверить источник/единицу измерения
POP-00295,41.1918,68.95419,79,Bundled population grid,2026-07,Методологический слой; проверить источник/единицу измерения
POP-00296,41.17788,68.96964,20,Bundled population grid,2026-07,Методологический слой; проверить источник/единицу измерения
POP-00297,41.17636,68.95777,99,Bundled population grid,2026-07,Методологический слой; проверить источник/единицу измерения
POP-00298,41.18636,68.9738,38,Bundled population grid,2026-07,Методологический слой; проверить источник/единицу измерения
POP-00299,41.18484,68.96192,45,Bundled population grid,2026-07,Методологический слой; проверить источник/единицу измерения
POP-00300,41.17178,68.92214,119,Bundled population grid,2026-07,Методологический слой; проверить источник/единицу измерения
POP-00301,41.18179,68.93816,56,Bundled population grid,2026-07,Методологический слой; проверить источник/единицу измерения
POP-00302,41.18026,68.92629,164,Bundled population grid,2026-07,Методологический слой; проверить источник/единицу измерения
POP-00303,41.16635,68.94174,59,Bundled population grid,2026-07,Методологический слой; проверить источник/единицу измерения
POP-00304,41.17483,68.94589,97,Bundled population grid,2026-07,Методологический слой; проверить источник/единицу измерения
POP-00305,41.17331,68.93402,126,Bundled population grid,2026-07,Методологический слой; проверить источник/единицу измерения
POP-00306,41.14327,68.88597,299,Bundled population grid,2026-07,Методологический слой; проверить источник/единицу измерения
POP-00307,41.14174,68.8741,314,Bundled population grid,2026-07,Методологический слой; проверить источник/единицу измерения
POP-00308,41.13714,68.83851,89,Bundled population grid,2026-07,Методологический слой; проверить источник/единицу измерения
POP-00309,41.13172,68.8581,240,Bundled population grid,2026-07,Методологический слой; проверить источник/единицу измерения
POP-00310,41.13019,68.84624,421,Bundled population grid,2026-07,Методологический слой; проверить источник/единицу измерения
POP-00311,41.14021,68.86224,38,Bundled population grid,2026-07,Методологический слой; проверить источник/единицу измерения
POP-00312,41.13867,68.85037,164,Bundled population grid,2026-07,Методологический слой; проверить источник/единицу измерения
POP-00313,41.22877,68.99459,106,Bundled population grid,2026-07,Методологический слой; проверить источник/единицу измерения
POP-00314,41.21333,68.99815,569,Bundled population grid,2026-07,Методологический слой; проверить источник/единицу измерения
POP-00315,41.21181,68.98627,282,Bundled population grid,2026-07,Методологический слой; проверить источник/единицу измерения
POP-00316,41.22029,68.99043,40,Bundled population grid,2026-07,Методологический слой; проверить источник/единицу измерения
POP-00317,41.2018,68.97023,33,Bundled population grid,2026-07,Методологический слой; проверить источник/единицу измерения
POP-00318,41.20028,68.95835,31,Bundled population grid,2026-07,Методологический слой; проверить источник/единицу измерения
POP-00319,41.23725,68.99875,198,Bundled population grid,2026-07,Методологический слой; проверить источник/единицу измерения
POP-00320,41.08161,68.77818,71,Bundled population grid,2026-07,Методологический слой; проверить источник/единицу измерения
POP-00321,40.94416,68.94429,1190,Bundled population grid,2026-07,Методологический слой; проверить источник/единицу измерения
POP-00322,40.95264,68.94843,425,Bundled population grid,2026-07,Методологический слой; проверить источник/единицу измерения
POP-00323,40.93721,68.95199,64,Bundled population grid,2026-07,Методологический слой; проверить источник/единицу измерения
POP-00324,40.98806,68.97682,68,Bundled population grid,2026-07,Методологический слой; проверить источник/единицу измерения
POP-00325,40.97263,68.98037,539,Bundled population grid,2026-07,Методологический слой; проверить источник/единицу измерения
POP-00326,40.98263,68.99635,25,Bundled population grid,2026-07,Методологический слой; проверить источник/единицу измерения
POP-00327,40.98111,68.98451,436,Bundled population grid,2026-07,Методологический слой; проверить источник/единицу измерения
POP-00328,40.95327,69.01528,25,Bundled population grid,2026-07,Методологический слой; проверить источник/единицу измерения
POP-00329,40.92633,68.99103,1444,Bundled population grid,2026-07,Методологический слой; проверить источник/единицу измерения
POP-00330,40.92482,68.9792,248,Bundled population grid,2026-07,Методологический слой; проверить источник/единицу измерения
POP-00331,40.93481,68.99517,187,Bundled population grid,2026-07,Методологический слой; проверить источник/единицу измерения
POP-00332,40.93329,68.98334,23,Bundled population grid,2026-07,Методологический слой; проверить источник/единицу измерения
POP-00333,40.97718,69.01589,66,Bundled population grid,2026-07,Методологический слой; проверить источник/единицу измерения
POP-00334,40.96175,69.01943,455,Bundled population grid,2026-07,Методологический слой; проверить источник/единицу измерения
POP-00335,40.97022,69.02358,23,Bundled population grid,2026-07,Методологический слой; проверить источник/единицу измерения
POP-00336,40.96871,69.01174,603,Bundled population grid,2026-07,Методологический слой; проверить источник/единицу измерения
POP-00337,41.01411,69.05618,567,Bundled population grid,2026-07,Методологический слой; проверить источник/единицу измерения
POP-00338,41.02259,69.06033,43,Bundled population grid,2026-07,Методологический слой; проверить источник/единицу измерения
POP-00339,41.00866,69.07571,38,Bundled population grid,2026-07,Методологический слой; проверить источник/единицу измерения
POP-00340,41.00715,69.06387,322,Bundled population grid,2026-07,Методологический слой; проверить источник/единицу измерения
POP-00341,41.01562,69.06802,352,Bundled population grid,2026-07,Методологический слой; проверить источник/единицу измерения
POP-00342,41.04952,69.08466,108,Bundled population grid,2026-07,Методологический слой; проверить источник/единицу измерения
POP-00343,41.0595,69.10068,66,Bundled population grid,2026-07,Методологический слой; проверить источник/единицу измерения
POP-00344,41.058,69.08882,79,Bundled population grid,2026-07,Методологический слой; проверить источник/единицу измерения
POP-00345,41.05254,69.10837,818,Bundled population grid,2026-07,Методологический слой; проверить источник/единицу измерения
POP-00346,41.05103,69.09652,45,Bundled population grid,2026-07,Методологический слой; проверить источник/единицу измерения
POP-00347,41.04801,69.07281,43,Bundled population grid,2026-07,Методологический слой; проверить источник/единицу измерения
POP-00348,41.0465,69.06095,66,Bundled population grid,2026-07,Методологический слой; проверить источник/единицу измерения
POP-00349,41.03257,69.07634,89,Bundled population grid,2026-07,Методологический слой; проверить источник/единицу измерения
POP-00350,41.04105,69.0805,443,Bundled population grid,2026-07,Методологический слой; проверить источник/единицу измерения
POP-00351,41.01318,69.11126,347,Bundled population grid,2026-07,Методологический слой; проверить источник/единицу измерения
POP-00352,41.02316,69.12727,228,Bundled population grid,2026-07,Методологический слой; проверить источник/единицу измерения
POP-00353,41.02166,69.11542,739,Bundled population grid,2026-07,Методологический слой; проверить источник/единицу измерения
POP-00354,41.00772,69.13079,48,Bundled population grid,2026-07,Методологический слой; проверить источник/единицу измерения
POP-00355,41.01619,69.13496,154,Bundled population grid,2026-07,Методологический слой; проверить источник/единицу измерения
POP-00356,41.01469,69.12311,757,Bundled population grid,2026-07,Методологический слой; проверить источник/единицу измерения
POP-00357,40.99624,69.10294,121,Bundled population grid,2026-07,Методологический слой; проверить источник/единицу измерения
POP-00358,41.00471,69.1071,38,Bundled population grid,2026-07,Методологический слой; проверить источник/единицу измерения
POP-00359,41.04708,69.12792,547,Bundled population grid,2026-07,Методологический слой; проверить источник/единицу измерения
POP-00360,41.03163,69.13144,101,Bundled population grid,2026-07,Методологический слой; проверить источник/единицу измерения
POP-00361,41.04011,69.13561,717,Bundled population grid,2026-07,Методологический слой; проверить источник/единицу измерения
POP-00362,41.0386,69.12375,352,Bundled population grid,2026-07,Методологический слой; проверить источник/единицу измерения
POP-00363,41.03408,69.08819,149,Bundled population grid,2026-07,Методологический слой; проверить источник/единицу измерения
POP-00364,41.02712,69.09588,81,Bundled population grid,2026-07,Методологический слой; проверить источник/единицу измерения
POP-00365,41.01349,68.98925,23,Bundled population grid,2026-07,Методологический слой; проверить источник/единицу измерения
POP-00366,41.01197,68.9774,177,Bundled population grid,2026-07,Методологический слой; проверить источник/единицу измерения
POP-00367,40.99806,68.9928,73,Bundled population grid,2026-07,Методологический слой; проверить источник/единицу измерения
POP-00368,41.00654,68.99695,689,Bundled population grid,2026-07,Методологический слой; проверить источник/единицу измерения
POP-00369,41.00502,68.9851,66,Bundled population grid,2026-07,Методологический слой; проверить источник/единицу измерения
POP-00370,41.03893,69.00169,91,Bundled population grid,2026-07,Методологический слой; проверить источник/единицу измерения
POP-00371,41.04892,69.01769,377,Bundled population grid,2026-07,Методологический слой; проверить источник/единицу измерения
POP-00372,41.03348,69.02124,927,Bundled population grid,2026-07,Методологический слой; проверить источник/единицу измерения
POP-00373,41.03197,69.00939,33,Bundled population grid,2026-07,Методологический слой; проверить источник/единицу измерения
POP-00374,41.04196,69.02539,1048,Bundled population grid,2026-07,Методологический слой; проверить источник/единицу измерения
POP-00375,41.04044,69.01354,992,Bundled population grid,2026-07,Методологический слой; проверить источник/единицу измерения
POP-00376,41.02741,68.97385,140,Bundled population grid,2026-07,Методологический слой; проверить источник/единицу измерения
POP-00377,41.03589,68.97799,23,Bundled population grid,2026-07,Методологический слой; проверить источник/единицу измерения
POP-00378,41.02197,68.99339,71,Bundled population grid,2026-07,Методологический слой; проверить источник/единицу измерения
POP-00379,41.02045,68.98155,749,Bundled population grid,2026-07,Методологический слой; проверить источник/единицу измерения
POP-00380,41.03045,68.99754,66,Bundled population grid,2026-07,Методологический слой; проверить источник/единицу измерения
POP-00381,41.02893,68.98569,357,Bundled population grid,2026-07,Методологический слой; проверить источник/единицу измерения
POP-00382,41.00261,69.02833,58,Bundled population grid,2026-07,Методологический слой; проверить источник/единицу измерения
POP-00383,41.0126,69.04433,963,Bundled population grid,2026-07,Методологический слой; проверить источник/единицу измерения
POP-00384,41.01108,69.03248,32,Bundled population grid,2026-07,Методологический слой; проверить источник/единицу измерения
POP-00385,40.99716,69.04787,406,Bundled population grid,2026-07,Методологический слой; проверить источник/единицу измерения
POP-00386,40.99565,69.03602,81,Bundled population grid,2026-07,Методологический слой; проверить источник/единицу измерения
POP-00387,41.00412,69.04018,220,Bundled population grid,2026-07,Методологический слой; проверить источник/единицу измерения
POP-00388,41.00109,69.01649,38,Bundled population grid,2026-07,Методологический слой; проверить источник/единицу измерения
POP-00389,40.99958,69.00464,192,Bundled population grid,2026-07,Методологический слой; проверить источник/единицу измерения
POP-00390,40.98566,69.02003,46,Bundled population grid,2026-07,Методологический слой; проверить источник/единицу измерения
POP-00391,40.98414,69.00819,48,Bundled population grid,2026-07,Методологический слой; проверить источник/единицу измерения
POP-00392,40.99413,69.02418,739,Bundled population grid,2026-07,Методологический слой; проверить источник/единицу измерения
POP-00393,40.99262,69.01234,86,Bundled population grid,2026-07,Методологический слой; проверить источник/единицу измерения
POP-00394,41.02652,69.02894,732,Bundled population grid,2026-07,Методологический слой; проверить источник/единицу измерения
POP-00395,41.03651,69.04494,30,Bundled population grid,2026-07,Методологический слой; проверить источник/единицу измерения
POP-00396,41.035,69.03309,826,Bundled population grid,2026-07,Методологический слой; проверить источник/единицу измерения
POP-00397,41.02107,69.04848,711,Bundled population grid,2026-07,Методологический слой; проверить источник/единицу измерения
POP-00398,41.01956,69.03663,20,Bundled population grid,2026-07,Методологический слой; проверить источник/единицу измерения
POP-00399,41.02955,69.05264,132,Bundled population grid,2026-07,Методологический слой; проверить источник/единицу измерения
POP-00400,41.02804,69.04079,248,Bundled population grid,2026-07,Методологический слой; проверить источник/единицу измерения
POP-00401,41.01501,69.00109,61,Bundled population grid,2026-07,Методологический слой; проверить источник/единицу измерения
POP-00402,41.02501,69.01709,63,Bundled population grid,2026-07,Методологический слой; проверить источник/единицу измерения
POP-00403,41.00957,69.02064,41,Bundled population grid,2026-07,Методологический слой; проверить источник/единицу измерения
POP-00404,41.00805,69.00879,458,Bundled population grid,2026-07,Методологический слой; проверить источник/единицу измерения
POP-00405,41.01805,69.02479,28,Bundled population grid,2026-07,Методологический слой; проверить источник/единицу измерения
POP-00406,41.01653,69.01294,23,Bundled population grid,2026-07,Методологический слой; проверить источник/единицу измерения
POP-00407,40.90606,69.08089,167,Bundled population grid,2026-07,Методологический слой; проверить источник/единицу измерения
POP-00408,40.91453,69.08504,51,Bundled population grid,2026-07,Методологический слой; проверить источник/единицу измерения
POP-00409,40.90061,69.10039,443,Bundled population grid,2026-07,Методологический слой; проверить источник/единицу измерения
POP-00410,40.8991,69.08857,1319,Bundled population grid,2026-07,Методологический слой; проверить источник/единицу измерения
POP-00411,40.90908,69.10455,937,Bundled population grid,2026-07,Методологический слой; проверить источник/единицу измерения
POP-00412,40.90757,69.09272,372,Bundled population grid,2026-07,Методологический слой; проверить источник/единицу измерения
POP-00413,40.95143,69.12534,25,Bundled population grid,2026-07,Методологический слой; проверить источник/единицу измерения
POP-00414,40.94992,69.1135,71,Bundled population grid,2026-07,Методологический слой; проверить источник/единицу измерения
POP-00415,40.93995,69.09751,43,Bundled population grid,2026-07,Методологический слой; проверить источник/единицу измерения
POP-00416,40.92451,69.10103,422,Bundled population grid,2026-07,Методологический слой; проверить источник/единицу измерения
POP-00417,40.89364,69.10806,45,Bundled population grid,2026-07,Методологический слой; проверить источник/единицу измерения
POP-00418,40.92903,69.13652,686,Bundled population grid,2026-07,Методологический слой; проверить источник/единицу измерения
POP-00419,40.939,69.15252,334,Bundled population grid,2026-07,Методологический слой; проверить источник/единицу измерения
POP-00420,40.9375,69.14069,147,Bundled population grid,2026-07,Методологический слой; проверить источник/единицу измерения
POP-00421,40.92206,69.1442,51,Bundled population grid,2026-07,Методологический слой; проверить источник/единицу измерения
POP-00422,40.91755,69.1087,1398,Bundled population grid,2026-07,Методологический слой; проверить источник/единицу измерения
POP-00423,40.92752,69.12469,448,Bundled population grid,2026-07,Методологический слой; проверить источник/единицу измерения
POP-00424,40.92602,69.11286,117,Bundled population grid,2026-07,Методологический слой; проверить источник/единицу измерения
POP-00425,40.91209,69.12821,30,Bundled population grid,2026-07,Методологический слой; проверить источник/единицу измерения
POP-00426,40.91058,69.11638,359,Bundled population grid,2026-07,Методологический слой; проверить источник/единицу измерения
POP-00427,40.92056,69.13236,261,Bundled population grid,2026-07,Методологический слой; проверить источник/единицу измерения
POP-00428,40.91905,69.12053,884,Bundled population grid,2026-07,Методологический слой; проверить источник/единицу измерения
POP-00429,40.90546,69.01408,830,Bundled population grid,2026-07,Методологический слой; проверить источник/единицу измерения
POP-00430,40.90395,69.00226,243,Bundled population grid,2026-07,Методологический слой; проверить источник/единицу измерения
POP-00431,40.89003,69.01762,332,Bundled population grid,2026-07,Методологический слой; проверить источник/единицу измерения
POP-00432,40.89699,69.00994,28,Bundled population grid,2026-07,Методологический слой; проверить источник/единицу измерения
POP-00433,40.93391,69.05017,197,Bundled population grid,2026-07,Методологический слой; проверить источник/единицу измерения
POP-00434,40.9324,69.03834,274,Bundled population grid,2026-07,Методологический слой; проверить источник/единицу измерения
POP-00435,40.91938,68.99871,53,Bundled population grid,2026-07,Методологический слой; проверить источник/единицу измерения
POP-00436,40.92785,69.00285,96,Bundled population grid,2026-07,Методологический слой; проверить источник/единицу измерения
POP-00437,40.91394,69.01823,1139,Bundled population grid,2026-07,Методологический слой; проверить источник/единицу измерения
POP-00438,40.91242,69.0064,1403,Bundled population grid,2026-07,Методологический слой; проверить источник/единицу измерения
POP-00439,40.92241,69.02237,461,Bundled population grid,2026-07,Методологический слой; проверить источник/единицу измерения
POP-00440,40.92089,69.01054,106,Bundled population grid,2026-07,Методологический слой; проверить источник/единицу измерения
POP-00441,40.89457,69.05309,570,Bundled population grid,2026-07,Методологический слой; проверить источник/единицу измерения
POP-00442,40.90455,69.06906,119,Bundled population grid,2026-07,Методологический слой; проверить источник/единицу измерения
POP-00443,40.90304,69.05724,35,Bundled population grid,2026-07,Методологический слой; проверить источник/единицу измерения
POP-00444,40.88912,69.07259,304,Bundled population grid,2026-07,Методологический слой; проверить источник/единицу измерения
POP-00445,40.88761,69.06077,1180,Bundled population grid,2026-07,Методологический слой; проверить источник/единицу измерения
POP-00446,40.89759,69.07674,504,Bundled population grid,2026-07,Методологический слой; проверить источник/единицу измерения
POP-00447,40.89608,69.06492,734,Bundled population grid,2026-07,Методологический слой; проверить источник/единицу измерения
POP-00448,40.88307,69.0253,1048,Bundled population grid,2026-07,Методологический слой; проверить источник/единицу измерения
POP-00449,40.89155,69.02945,342,Bundled population grid,2026-07,Методологический слой; проверить источник/единицу измерения
POP-00450,40.87763,69.0448,2058,Bundled population grid,2026-07,Методологический слой; проверить источник/единицу измерения
POP-00451,40.87612,69.03298,1600,Bundled population grid,2026-07,Методологический слой; проверить источник/единицу измерения
POP-00452,40.8861,69.04895,1438,Bundled population grid,2026-07,Методологический слой; проверить источник/единицу измерения
POP-00453,40.88459,69.03712,274,Bundled population grid,2026-07,Методологический слой; проверить источник/единицу измерения
POP-00454,40.91848,69.05371,929,Bundled population grid,2026-07,Методологический слой; проверить источник/единицу измерения
POP-00455,40.92695,69.05786,23,Bundled population grid,2026-07,Методологический слой; проверить источник/единицу измерения
POP-00456,40.91302,69.07321,33,Bundled population grid,2026-07,Методологический слой; проверить источник/единицу измерения
POP-00457,40.91151,69.06139,273,Bundled population grid,2026-07,Методологический слой; проверить источник/единицу измерения
POP-00458,40.91999,69.06554,423,Bundled population grid,2026-07,Методологический слой; проверить источник/единицу измерения
POP-00459,40.90698,69.02591,653,Bundled population grid,2026-07,Методологический слой; проверить источник/единицу измерения
POP-00460,40.91696,69.04188,33,Bundled population grid,2026-07,Методологический слой; проверить источник/единицу измерения
POP-00461,40.91545,69.03005,25,Bundled population grid,2026-07,Методологический слой; проверить источник/единицу измерения
POP-00462,40.90002,69.03359,461,Bundled population grid,2026-07,Методологический слой; проверить источник/единицу измерения
POP-00463,40.91,69.04956,91,Bundled population grid,2026-07,Методологический слой; проверить источник/единицу измерения
POP-00464,40.90849,69.03773,241,Bundled population grid,2026-07,Методологический слой; проверить источник/единицу измерения
POP-00465,40.96536,69.10998,228,Bundled population grid,2026-07,Методологический слой; проверить источник/единицу измерения
POP-00466,40.9599,69.1295,48,Bundled population grid,2026-07,Методологический слой; проверить источник/единицу измерения
POP-00467,40.9584,69.11766,828,Bundled population grid,2026-07,Методологический слой; проверить источник/единицу измерения
POP-00468,40.96837,69.13366,329,Bundled population grid,2026-07,Методологический слой; проверить источник/единицу измерения
POP-00469,41.00075,69.13848,549,Bundled population grid,2026-07,Методологический слой; проверить источник/единицу измерения
POP-00470,41.01073,69.15449,1038,Bundled population grid,2026-07,Методологический слой; проверить источник/единицу измерения
POP-00471,41.00922,69.14264,183,Bundled population grid,2026-07,Методологический слой; проверить источник/единицу измерения
POP-00472,40.99529,69.158,43,Bundled population grid,2026-07,Методологический слой; проверить источник/единицу измерения
POP-00473,41.00226,69.15032,759,Bundled population grid,2026-07,Методологический слой; проверить источник/единицу измерения
POP-00474,40.99925,69.12663,96,Bundled population grid,2026-07,Методологический слой; проверить источник/единицу измерения
POP-00475,40.99228,69.13431,63,Bundled population grid,2026-07,Методологический слой; проверить источник/единицу измерения
POP-00476,40.96441,69.16502,899,Bundled population grid,2026-07,Методологический слой; проверить источник/единицу измерения
POP-00477,40.97438,69.18103,180,Bundled population grid,2026-07,Методологический слой; проверить источник/единицу измерения
POP-00478,40.95894,69.18453,508,Bundled population grid,2026-07,Методологический слой; проверить источник/единицу измерения
POP-00479,40.95744,69.17269,719,Bundled population grid,2026-07,Методологический слой; проверить источник/единицу измерения
POP-00480,40.96741,69.1887,352,Bundled population grid,2026-07,Методологический слой; проверить источник/единицу измерения
POP-00481,40.96591,69.17686,1365,Bundled population grid,2026-07,Методологический слой; проверить источник/единицу измерения
POP-00482,40.95293,69.13717,124,Bundled population grid,2026-07,Методологический слой; проверить источник/единицу измерения
POP-00483,40.96291,69.15318,20,Bundled population grid,2026-07,Методологический слой; проверить источник/единицу измерения
POP-00484,40.94747,69.15669,527,Bundled population grid,2026-07,Методологический слой; проверить источник/единицу измерения
POP-00485,40.94597,69.14485,1456,Bundled population grid,2026-07,Методологический слой; проверить источник/единицу измерения
POP-00486,40.95594,69.16085,1623,Bundled population grid,2026-07,Методологический слой; проверить источник/единицу измерения
POP-00487,40.95444,69.14901,1124,Bundled population grid,2026-07,Методологический слой; проверить источник/единицу измерения
POP-00488,40.98832,69.16568,478,Bundled population grid,2026-07,Методологический слой; проверить источник/единицу измерения
POP-00489,40.99829,69.1817,481,Bundled population grid,2026-07,Методологический слой; проверить источник/единицу измерения
POP-00490,40.98135,69.17336,96,Bundled population grid,2026-07,Методологический слой; проверить источник/единицу измерения
POP-00491,40.99132,69.18937,403,Bundled population grid,2026-07,Методологический слой; проверить источник/единицу измерения
POP-00492,40.98982,69.17753,266,Bundled population grid,2026-07,Методологический слой; проверить источник/единицу измерения
POP-00493,40.97684,69.13782,30,Bundled population grid,2026-07,Методологический слой; проверить источник/единицу измерения
POP-00494,40.98682,69.15383,137,Bundled population grid,2026-07,Методологический слой; проверить источник/единицу измерения
POP-00495,40.97985,69.16151,635,Bundled population grid,2026-07,Методологический слой; проверить источник/единицу измерения
POP-00496,40.97834,69.14967,363,Bundled population grid,2026-07,Методологический слой; проверить источник/единицу измерения
POP-00497,40.95479,69.02712,154,Bundled population grid,2026-07,Методологический слой; проверить источник/единицу измерения
POP-00498,40.96478,69.0431,382,Bundled population grid,2026-07,Методологический слой; проверить источник/единицу измерения
POP-00499,40.94934,69.04664,84,Bundled population grid,2026-07,Методологический слой; проверить источник/единицу измерения
POP-00500,40.94783,69.03481,73,Bundled population grid,2026-07,Методологический слой; проверить источник/единицу измерения
POP-00501,40.95782,69.05079,332,Bundled population grid,2026-07,Методологический слой; проверить источник/единицу измерения
POP-00502,40.9563,69.03895,51,Bundled population grid,2026-07,Методологический слой; проверить источник/единицу измерения
POP-00503,40.9902,69.05556,1460,Bundled population grid,2026-07,Методологический слой; проверить источник/единицу измерения
POP-00504,40.98324,69.06325,463,Bundled population grid,2026-07,Методологический слой; проверить источник/единицу измерения
POP-00505,40.98869,69.04372,1747,Bundled population grid,2026-07,Методологический слой; проверить источник/единицу измерения
POP-00506,40.98717,69.03187,109,Bundled population grid,2026-07,Методологический слой; проверить источник/единицу измерения
POP-00507,40.97325,69.04725,33,Bundled population grid,2026-07,Методологический слой; проверить источник/единицу измерения
POP-00508,40.98173,69.05141,747,Bundled population grid,2026-07,Методологический слой; проверить источник/единицу измерения
POP-00509,40.98021,69.03956,696,Bundled population grid,2026-07,Методологический слой; проверить источник/единицу измерения
POP-00510,40.96235,69.0863,126,Bundled population grid,2026-07,Методологический слой; проверить источник/единицу измерения
POP-00511,40.94842,69.10166,476,Bundled population grid,2026-07,Методологический слой; проверить источник/единицу измерения
POP-00512,40.95689,69.10582,1157,Bundled population grid,2026-07,Методологический слой; проверить источник/единицу измерения
POP-00513,40.95538,69.09398,132,Bundled population grid,2026-07,Методологический слой; проверить источник/единицу измерения
POP-00514,40.94389,69.06616,93,Bundled population grid,2026-07,Методологический слой; проверить источник/единицу измерения
POP-00515,40.98776,69.09877,1028,Bundled population grid,2026-07,Методологический слой; проверить источник/единицу измерения
POP-00516,40.98626,69.08693,200,Bundled population grid,2026-07,Методологический слой; проверить источник/единицу измерения
POP-00517,40.97082,69.09046,203,Bundled population grid,2026-07,Методологический слой; проверить источник/единицу измерения
POP-00518,40.9808,69.10646,339,Bundled population grid,2026-07,Методологический слой; проверить источник/единицу измерения
POP-00519,40.97929,69.09462,484,Bundled population grid,2026-07,Методологический слой; проверить источник/единицу измерения
POP-00520,40.96629,69.05494,764,Bundled population grid,2026-07,Методологический слой; проверить источник/единицу измерения
POP-00521,40.96931,69.07862,392,Bundled population grid,2026-07,Методологический слой; проверить источник/единицу измерения
POP-00522,40.85796,68.76953,169,Bundled population grid,2026-07,Методологический слой; проверить источник/единицу измерения
POP-00523,40.85642,68.75772,64,Bundled population grid,2026-07,Методологический слой; проверить источник/единицу измерения
POP-00524,40.86644,68.77363,76,Bundled population grid,2026-07,Методологический слой; проверить источник/единицу измерения
POP-00525,40.8649,68.76182,65,Bundled population grid,2026-07,Методологический слой; проверить источник/единицу измерения
POP-00526,40.89882,68.77824,271,Bundled population grid,2026-07,Методологический слой; проверить источник/единицу измерения
POP-00527,40.90884,68.79416,1368,Bundled population grid,2026-07,Методологический слой; проверить источник/единицу измерения
POP-00528,40.9073,68.78235,903,Bundled population grid,2026-07,Методологический слой; проверить источник/единицу измерения
POP-00529,40.9019,68.80187,61,Bundled population grid,2026-07,Методологический слой; проверить источник/единицу измерения
POP-00530,40.90036,68.79005,610,Bundled population grid,2026-07,Методологический слой; проверить источник/единицу измерения
POP-00531,40.88032,68.75822,53,Bundled population grid,2026-07,Методологический слой; проверить источник/единицу измерения
POP-00532,40.85102,68.77723,393,Bundled population grid,2026-07,Методологический слой; проверить источник/единицу измерения
POP-00533,40.86104,68.79314,379,Bundled population grid,2026-07,Методологический слой; проверить источник/единицу измерения
POP-00534,40.8595,68.78133,631,Bundled population grid,2026-07,Методологический слой; проверить источник/единицу измерения
POP-00535,40.84562,68.79673,516,Bundled population grid,2026-07,Методологический слой; проверить источник/единицу измерения
POP-00536,40.84408,68.78493,132,Bundled population grid,2026-07,Методологический слой; проверить источник/единицу измерения
POP-00537,40.8541,68.80084,689,Bundled population grid,2026-07,Методологический слой; проверить источник/единицу измерения
POP-00538,40.85256,68.78903,1453,Bundled population grid,2026-07,Методологический слой; проверить источник/единицу измерения
POP-00539,40.88648,68.80547,25,Bundled population grid,2026-07,Методологический слой; проверить источник/единицу измерения
POP-00540,40.89649,68.82139,84,Bundled population grid,2026-07,Методологический слой; проверить источник/единицу измерения
POP-00541,40.88801,68.81728,159,Bundled population grid,2026-07,Методологический слой; проверить источник/единицу измерения
POP-00542,40.87492,68.77773,139,Bundled population grid,2026-07,Методологический слой; проверить источник/единицу измерения
POP-00543,40.88494,68.79365,307,Bundled population grid,2026-07,Методологический слой; проверить источник/единицу измерения
POP-00544,40.8834,68.78184,301,Bundled population grid,2026-07,Методологический слой; проверить источник/единицу измерения
POP-00545,40.86798,68.78544,51,Bundled population grid,2026-07,Методологический слой; проверить источник/единицу измерения
POP-00546,40.87646,68.78954,372,Bundled population grid,2026-07,Методологический слой; проверить источник/единицу измерения
POP-00547,40.92805,68.88103,76,Bundled population grid,2026-07,Методологический слой; проверить источник/единицу измерения
POP-00548,40.92652,68.8692,767,Bundled population grid,2026-07,Методологический слой; проверить источник/единицу измерения
POP-00549,40.96892,68.88983,1805,Bundled population grid,2026-07,Методологический слой; проверить источник/единицу измерения
POP-00550,40.9774,68.89396,78,Bundled population grid,2026-07,Методологический слой; проверить источник/единицу измерения
POP-00551,40.96349,68.90936,26,Bundled population grid,2026-07,Методологический слой; проверить источник/единицу измерения
POP-00552,40.97197,68.9135,33,Bundled population grid,2026-07,Методологический слой; проверить источник/единицу измерения
POP-00553,40.97044,68.90166,23,Bundled population grid,2026-07,Методологический слой; проверить источник/единицу измерения
POP-00554,40.95738,68.86204,850,Bundled population grid,2026-07,Методологический слой; проверить источник/единицу измерения
POP-00555,40.96739,68.878,82,Bundled population grid,2026-07,Методологический слой; проверить источник/единицу измерения
POP-00556,40.96586,68.86616,1235,Bundled population grid,2026-07,Методологический слой; проверить источник/единицу измерения
POP-00557,40.96044,68.8857,200,Bundled population grid,2026-07,Методологический слой; проверить источник/единицу измерения
POP-00558,40.95891,68.87387,56,Bundled population grid,2026-07,Методологический слой; проверить источник/единицу измерения
POP-00559,40.93263,68.9165,435,Bundled population grid,2026-07,Методологический слой; проверить источник/единицу измерения
POP-00560,40.94264,68.93246,405,Bundled population grid,2026-07,Методологический слой; проверить источник/единицу измерения
POP-00561,40.94111,68.92063,304,Bundled population grid,2026-07,Методологический слой; проверить источник/единицу измерения
POP-00562,40.93568,68.94016,119,Bundled population grid,2026-07,Методологический слой; проверить источник/единицу измерения
POP-00563,40.93111,68.90468,299,Bundled population grid,2026-07,Методологический слой; проверить источник/единицу измерения
POP-00564,40.91568,68.90825,218,Bundled population grid,2026-07,Методологический слой; проверить источник/единицу измерения
POP-00565,40.92416,68.91238,63,Bundled population grid,2026-07,Методологический слой; проверить источник/единицу измерения
POP-00566,40.96654,68.93303,418,Bundled population grid,2026-07,Методологический слой; проверить источник/единицу измерения
POP-00567,40.96502,68.9212,192,Bundled population grid,2026-07,Методологический слой; проверить источник/единицу измерения
POP-00568,40.95111,68.9366,314,Bundled population grid,2026-07,Методологический слой; проверить источник/единицу измерения
POP-00569,40.95959,68.94073,51,Bundled population grid,2026-07,Методологический слой; проверить источник/единицу измерения
POP-00570,40.95807,68.9289,415,Bundled population grid,2026-07,Методологический слой; проверить источник/единицу измерения
POP-00571,40.95502,68.90523,154,Bundled population grid,2026-07,Методологический слой; проверить источник/единицу измерения
POP-00572,40.93959,68.90881,616,Bundled population grid,2026-07,Методологический слой; проверить источник/единицу измерения
POP-00573,40.92273,68.77875,172,Bundled population grid,2026-07,Методологический слой; проверить источник/единицу измерения
POP-00574,40.93121,68.78285,83,Bundled population grid,2026-07,Методологический слой; проверить источник/единицу измерения
POP-00575,40.91732,68.79827,109,Bundled population grid,2026-07,Методологический слой; проверить источник/единицу измерения
POP-00576,40.91578,68.78646,106,Bundled population grid,2026-07,Методологический слой; проверить источник/единицу измерения
POP-00577,40.92426,68.79057,31,Bundled population grid,2026-07,Методологический слой; проверить источник/единицу измерения
POP-00578,40.95819,68.80702,367,Bundled population grid,2026-07,Методологический слой; проверить источник/единицу измерения
POP-00579,40.96667,68.81113,213,Bundled population grid,2026-07,Методологический слой; проверить источник/единицу измерения
POP-00580,40.95278,68.82656,607,Bundled population grid,2026-07,Методологический слой; проверить источник/единицу измерения
POP-00581,40.95124,68.81473,752,Bundled population grid,2026-07,Методологический слой; проверить источник/единицу измерения
POP-00582,40.96126,68.83067,843,Bundled population grid,2026-07,Методологический слой; проверить источник/единицу измерения
POP-00583,40.95972,68.81885,352,Bundled population grid,2026-07,Методологический слой; проверить источник/единицу измерения
POP-00584,40.94663,68.77925,1071,Bundled population grid,2026-07,Методологический слой; проверить источник/единицу измерения
POP-00585,40.94123,68.79879,223,Bundled population grid,2026-07,Методологический слой; проверить источник/единицу измерения
POP-00586,40.93969,68.78697,747,Bundled population grid,2026-07,Методологический слой; проверить источник/единицу измерения
POP-00587,40.94971,68.8029,871,Bundled population grid,2026-07,Методологический слой; проверить источник/единицу измерения
POP-00588,40.94817,68.79108,1157,Bundled population grid,2026-07,Методологический слой; проверить источник/единицу измерения
POP-00589,40.92193,68.83374,86,Bundled population grid,2026-07,Методологический слой; проверить источник/единицу измерения
POP-00590,40.91038,68.80598,873,Bundled population grid,2026-07,Методологический слой; проверить источник/единицу измерения
POP-00591,40.92039,68.82191,79,Bundled population grid,2026-07,Методологический слой; проверить источник/единицу измерения
POP-00592,40.90497,68.82551,111,Bundled population grid,2026-07,Методологический слой; проверить источник/единицу измерения
POP-00593,40.90343,68.81369,157,Bundled population grid,2026-07,Методологический слой; проверить источник/единицу измерения
POP-00594,40.91345,68.82962,1102,Bundled population grid,2026-07,Методологический слой; проверить источник/единицу измерения
POP-00595,40.91191,68.8178,807,Bundled population grid,2026-07,Методологический слой; проверить источник/единицу измерения
POP-00596,40.95585,68.85021,317,Bundled population grid,2026-07,Методологический слой; проверить источник/единицу измерения
POP-00597,40.95431,68.83838,516,Bundled population grid,2026-07,Методологический слой; проверить источник/единицу измерения
POP-00598,40.93428,68.8065,79,Bundled population grid,2026-07,Методологический слой; проверить источник/единицу измерения
POP-00599,40.94276,68.81061,169,Bundled population grid,2026-07,Методологический слой; проверить источник/единицу измерения
POP-00600,40.8255,68.88653,231,Bundled population grid,2026-07,Методологический слой; проверить источник/единицу измерения
POP-00601,40.83398,68.89065,337,Bundled population grid,2026-07,Методологический слой; проверить источник/единицу измерения
POP-00602,40.86093,68.91482,1377,Bundled population grid,2026-07,Методологический слой; проверить источник/единицу измерения
POP-00603,40.8694,68.91895,142,Bundled population grid,2026-07,Методологический слой; проверить источник/единицу измерения
POP-00604,40.8555,68.93432,1764,Bundled population grid,2026-07,Методологический слой; проверить источник/единицу измерения
POP-00605,40.85398,68.92251,2074,Bundled population grid,2026-07,Методологический слой; проверить источник/единицу измерения
POP-00606,40.86397,68.93845,1208,Bundled population grid,2026-07,Методологический слой; проверить источник/единицу измерения
POP-00607,40.86245,68.92663,1888,Bundled population grid,2026-07,Методологический слой; проверить источник/единицу измерения
POP-00608,40.8494,68.88708,64,Bundled population grid,2026-07,Методологический слой; проверить источник/единицу измерения
POP-00609,40.8594,68.90301,465,Bundled population grid,2026-07,Методологический слой; проверить источник/единицу измерения
POP-00610,40.85787,68.8912,173,Bundled population grid,2026-07,Методологический слой; проверить источник/единицу измерения
POP-00611,40.84245,68.89477,33,Bundled population grid,2026-07,Методологический слой; проверить источник/единицу измерения
POP-00612,40.85245,68.9107,881,Bundled population grid,2026-07,Методологический слой; проверить источник/единицу измерения
POP-00613,40.85093,68.89889,661,Bundled population grid,2026-07,Методологический слой; проверить источник/единицу измерения
POP-00614,40.82465,68.94143,38,Bundled population grid,2026-07,Методологический слой; проверить источник/единицу измерения
POP-00615,40.83464,68.95737,400,Bundled population grid,2026-07,Методологический слой; проверить источник/единицу измерения
POP-00616,40.83312,68.94556,365,Bundled population grid,2026-07,Методологический слой; проверить источник/единицу измерения
POP-00617,40.81922,68.96092,149,Bundled population grid,2026-07,Методологический слой; проверить источник/единицу измерения
POP-00618,40.8177,68.94911,35,Bundled population grid,2026-07,Методологический слой; проверить источник/единицу измерения
POP-00619,40.82617,68.95324,707,Bundled population grid,2026-07,Методологический слой; проверить источник/единицу измерения
POP-00620,40.81313,68.9137,455,Bundled population grid,2026-07,Методологический слой; проверить источник/единицу измерения
POP-00621,40.8077,68.93319,309,Bundled population grid,2026-07,Методологический слой; проверить источник/единицу измерения
POP-00622,40.80618,68.92138,134,Bundled population grid,2026-07,Методологический слой; проверить источник/единицу измерения
POP-00623,40.81465,68.92551,33,Bundled population grid,2026-07,Методологический слой; проверить источник/единицу измерения
POP-00624,40.84855,68.94201,248,Bundled population grid,2026-07,Методологический слой; проверить источник/единицу измерения
POP-00625,40.85854,68.95795,532,Bundled population grid,2026-07,Методологический слой; проверить источник/единицу измерения
POP-00626,40.85702,68.94613,509,Bundled population grid,2026-07,Методологический слой; проверить источник/единицу измерения
POP-00627,40.8416,68.94969,410,Bundled population grid,2026-07,Методологический слой; проверить источник/единицу измерения
POP-00628,40.85007,68.95382,38,Bundled population grid,2026-07,Методологический слой; проверить источник/единицу измерения
POP-00629,40.83703,68.91426,135,Bundled population grid,2026-07,Методологический слой; проверить источник/единицу измерения
POP-00630,40.84703,68.93019,265,Bundled population grid,2026-07,Методологический слой; проверить источник/единицу измерения
POP-00631,40.8455,68.91839,1299,Bundled population grid,2026-07,Методологический слой; проверить источник/единицу измерения
POP-00632,40.83008,68.92195,23,Bundled population grid,2026-07,Методологический слой; проверить источник/единицу измерения
POP-00633,40.84007,68.93788,673,Bundled population grid,2026-07,Методологический слой; проверить источник/единицу измерения
POP-00634,40.83855,68.92607,165,Bundled population grid,2026-07,Методологический слой; проверить источник/единицу измерения
POP-00635,40.82479,68.81982,253,Bundled population grid,2026-07,Методологический слой; проверить источник/единицу измерения
POP-00636,40.80784,68.81161,22,Bundled population grid,2026-07,Методологический слой; проверить источник/единицу измерения
POP-00637,40.81785,68.82752,43,Bundled population grid,2026-07,Методологический слой; проверить источник/единицу измерения
POP-00638,40.84481,68.85165,33,Bundled population grid,2026-07,Методологический слой; проверить источник/единицу измерения
POP-00639,40.83868,68.80443,106,Bundled population grid,2026-07,Методологический слой; проверить источник/единицу измерения
POP-00640,40.84715,68.80854,261,Bundled population grid,2026-07,Методологический слой; проверить источник/единицу измерения
POP-00641,40.83327,68.82393,142,Bundled population grid,2026-07,Методологический слой; проверить источник/единицу измерения
POP-00642,40.84021,68.81624,43,Bundled population grid,2026-07,Методологический слой; проверить источник/единицу измерения
POP-00643,40.81397,68.85881,266,Bundled population grid,2026-07,Методологический слой; проверить источник/единицу измерения
POP-00644,40.82397,68.87473,164,Bundled population grid,2026-07,Методологический слой; проверить источник/единицу измерения
POP-00645,40.80855,68.8783,94,Bundled population grid,2026-07,Методологический слой; проверить источник/единицу измерения
POP-00646,40.80702,68.8665,618,Bundled population grid,2026-07,Методологический слой; проверить источник/единицу измерения
POP-00647,40.8155,68.87061,263,Bundled population grid,2026-07,Методологический слой; проверить источник/единицу измерения
POP-00648,40.83786,68.85935,297,Bundled population grid,2026-07,Методологический слой; проверить источник/единицу измерения
POP-00649,40.84787,68.87527,60,Bundled population grid,2026-07,Методологический слой; проверить источник/единицу измерения
POP-00650,40.83245,68.87884,932,Bundled population grid,2026-07,Методологический слой; проверить источник/единицу измерения
POP-00651,40.83092,68.86704,139,Bundled population grid,2026-07,Методологический слой; проверить источник/единицу измерения
POP-00652,40.84092,68.88296,178,Bundled population grid,2026-07,Методологический слой; проверить источник/единицу измерения
POP-00653,40.83939,68.87115,65,Bundled population grid,2026-07,Методологический слой; проверить источник/единицу измерения
POP-00654,40.82633,68.83163,325,Bundled population grid,2026-07,Методологический слой; проверить источник/единицу измерения
POP-00655,40.83633,68.84754,349,Bundled population grid,2026-07,Методологический слой; проверить источник/единицу измерения
POP-00656,40.82939,68.85523,35,Bundled population grid,2026-07,Методологический слой; проверить источник/единицу измерения
POP-00657,40.93025,68.95968,350,Bundled population grid,2026-07,Методологический слой; проверить источник/единицу измерения
POP-00658,40.91482,68.96324,35,Bundled population grid,2026-07,Методологический слой; проверить источник/единицу измерения
POP-00659,40.9233,68.96737,448,Bundled population grid,2026-07,Методологический слой; проверить источник/единицу измерения
POP-00660,40.92178,68.95555,279,Bundled population grid,2026-07,Методологический слой; проверить источник/единицу измерения
POP-00661,40.9033,68.93546,43,Bundled population grid,2026-07,Методологический слой; проверить источник/единицу измерения
POP-00662,40.90178,68.92364,33,Bundled population grid,2026-07,Методологический слой; проверить источник/единицу измерения
POP-00663,40.88396,68.97034,436,Bundled population grid,2026-07,Методологический слой; проверить источник/единицу измерения
POP-00664,40.89396,68.9863,243,Bundled population grid,2026-07,Методологический слой; проверить источник/единицу измерения
POP-00665,40.89244,68.97448,483,Bundled population grid,2026-07,Методологический слой; проверить источник/единицу измерения
POP-00666,40.87853,68.98984,48,Bundled population grid,2026-07,Методологический слой; проверить источник/единицу измерения
POP-00667,40.88244,68.95852,608,Bundled population grid,2026-07,Методологический слой; проверить источник/единицу измерения
POP-00668,40.86702,68.96208,509,Bundled population grid,2026-07,Методологический слой; проверить источник/единицу измерения
POP-00669,40.8655,68.95026,989,Bundled population grid,2026-07,Методологический слой; проверить источник/единицу измерения
POP-00670,40.87549,68.96621,21,Bundled population grid,2026-07,Методологический слой; проверить источник/единицу измерения
POP-00671,40.87397,68.95439,248,Bundled population grid,2026-07,Методологический слой; проверить источник/единицу измерения
POP-00672,40.91786,68.98689,719,Bundled population grid,2026-07,Методологический слой; проверить источник/единицу измерения
POP-00673,40.90243,68.99044,43,Bundled population grid,2026-07,Методологический слой; проверить источник/единицу измерения
POP-00674,40.90091,68.97861,28,Bundled population grid,2026-07,Методологический слой; проверить источник/единицу измерения
POP-00675,40.9109,68.99457,147,Bundled population grid,2026-07,Методологический слой; проверить источник/единицу измерения
POP-00676,40.90939,68.98275,195,Bundled population grid,2026-07,Методологический слой; проверить источник/единицу измерения
POP-00677,40.89635,68.94315,367,Bundled population grid,2026-07,Методологический слой; проверить источник/единицу измерения
POP-00678,40.90483,68.94728,311,Bundled population grid,2026-07,Методологический слой; проверить источник/единицу измерения
POP-00679,40.89939,68.96679,76,Bundled population grid,2026-07,Методологический слой; проверить источник/единицу измерения
POP-00680,40.89787,68.95497,317,Bundled population grid,2026-07,Методологический слой; проверить источник/единицу измерения
POP-00681,40.87412,68.83268,28,Bundled population grid,2026-07,Методологический слой; проверить источник/единицу измерения
POP-00682,40.87719,68.85631,20,Bundled population grid,2026-07,Методологический слой; проверить источник/единицу измерения
POP-00683,40.87566,68.84449,519,Bundled population grid,2026-07,Методологический слой; проверить источник/единицу измерения
POP-00684,40.90957,68.86096,504,Bundled population grid,2026-07,Методологический слой; проверить источник/единицу измерения
POP-00685,40.91958,68.8769,25,Bundled population grid,2026-07,Методологический слой; проверить источник/единицу измерения
POP-00686,40.91805,68.86508,142,Bundled population grid,2026-07,Методологический слой; проверить источник/единицу измерения
POP-00687,40.89802,68.83321,182,Bundled population grid,2026-07,Методологический слой; проверить источник/единицу измерения
POP-00688,40.9065,68.83732,139,Bundled population grid,2026-07,Методологический слой; проверить источник/единицу измерения
POP-00689,40.89261,68.85273,104,Bundled population grid,2026-07,Методологический слой; проверить источник/единицу измерения
POP-00690,40.90109,68.85684,40,Bundled population grid,2026-07,Методологический слой; проверить источник/единицу измерения
POP-00691,40.89956,68.84503,373,Bundled population grid,2026-07,Методологический слой; проверить источник/единицу измерения
POP-00692,40.8833,68.90357,45,Bundled population grid,2026-07,Методологический слой; проверить источник/единицу измерения
POP-00693,40.8972,68.88818,124,Bundled population grid,2026-07,Методологический слой; проверить источник/единицу измерения
POP-00694,40.89025,68.89587,231,Bundled population grid,2026-07,Методологический слой; проверить источник/единицу измерения
POP-00695,40.89414,68.86454,71,Bundled population grid,2026-07,Методологический слой; проверить источник/единицу измерения
POP-00696,40.88025,68.87993,751,Bundled population grid,2026-07,Методологический слой; проверить источник/единицу измерения
POP-00697,40.87872,68.86812,112,Bundled population grid,2026-07,Методологический слой; проверить источник/единицу измерения
POP-00698,40.88872,68.88406,170,Bundled population grid,2026-07,Методологический слой; проверить источник/единицу измерения
POP-00699,40.88719,68.87224,86,Bundled population grid,2026-07,Методологический слой; проверить источник/единицу измерения
POP-00700,41.11155,68.94831,1083,Bundled population grid,2026-07,Методологический слой; проверить источник/единицу измерения
POP-00701,41.12155,68.96432,107,Bundled population grid,2026-07,Методологический слой; проверить источник/единицу измерения
POP-00702,41.10611,68.96789,180,Bundled population grid,2026-07,Методологический слой; проверить источник/единицу измерения
POP-00703,41.10459,68.95603,238,Bundled population grid,2026-07,Методологический слой; проверить источник/единицу измерения
POP-00704,41.11459,68.97204,258,Bundled population grid,2026-07,Методологический слой; проверить источник/единицу измерения
POP-00705,41.11307,68.96018,729,Bundled population grid,2026-07,Методологический слой; проверить источник/единицу измерения
POP-00706,41.147,68.97678,783,Bundled population grid,2026-07,Методологический слой; проверить источник/единицу измерения
POP-00707,41.157,68.9928,428,Bundled population grid,2026-07,Методологический слой; проверить источник/единицу измерения
POP-00708,41.15548,68.98093,212,Bundled population grid,2026-07,Методологический слой; проверить источник/единицу измерения
POP-00709,41.14156,68.99637,836,Bundled population grid,2026-07,Методологический слой; проверить источник/единицу измерения
POP-00710,41.14004,68.9845,124,Bundled population grid,2026-07,Методологический слой; проверить источник/единицу измерения
POP-00711,41.15004,69.00052,268,Bundled population grid,2026-07,Методологический слой; проверить источник/единицу измерения
POP-00712,41.14852,68.98865,307,Bundled population grid,2026-07,Методологический слой; проверить источник/единицу измерения
POP-00713,41.13547,68.94889,739,Bundled population grid,2026-07,Методологический слой; проверить источник/единицу измерения
POP-00714,41.14547,68.96491,68,Bundled population grid,2026-07,Методологический слой; проверить источник/единицу измерения
POP-00715,41.14395,68.95304,51,Bundled population grid,2026-07,Методологический слой; проверить источник/единицу измерения
POP-00716,41.12851,68.95661,400,Bundled population grid,2026-07,Методологический слой; проверить источник/единицу измерения
POP-00717,41.13851,68.97263,38,Bundled population grid,2026-07,Методологический слой; проверить источник/единицу измерения
POP-00718,41.13699,68.96076,364,Bundled population grid,2026-07,Методологический слой; проверить источник/единицу измерения
POP-00719,41.11067,69.00348,109,Bundled population grid,2026-07,Методологический слой; проверить источник/единицу измерения
POP-00720,41.12067,69.0195,1200,Bundled population grid,2026-07,Методологический слой; проверить источник/единицу измерения
POP-00721,41.11915,69.00764,330,Bundled population grid,2026-07,Методологический слой; проверить источник/единицу измерения
POP-00722,41.10523,69.02306,660,Bundled population grid,2026-07,Методологический слой; проверить источник/единицу измерения
POP-00723,41.10371,69.01119,289,Bundled population grid,2026-07,Методологический слой; проверить источник/единицу измерения
POP-00724,41.11371,69.02721,129,Bundled population grid,2026-07,Методологический слой; проверить источник/единицу измерения
POP-00725,41.11219,69.01535,53,Bundled population grid,2026-07,Методологический слой; проверить источник/единицу измерения
POP-00726,41.09916,68.9756,712,Bundled population grid,2026-07,Методологический слой; проверить источник/единицу измерения
POP-00727,41.10916,68.99162,55,Bundled population grid,2026-07,Методологический слой; проверить источник/единицу измерения
POP-00728,41.10764,68.97975,985,Bundled population grid,2026-07,Методологический слой; проверить источник/единицу измерения
POP-00729,41.09372,68.99518,431,Bundled population grid,2026-07,Методологический слой; проверить источник/единицу измерения
POP-00730,41.0922,68.98331,276,Bundled population grid,2026-07,Методологический слой; проверить источник/единицу измерения
POP-00731,41.1022,68.99933,319,Bundled population grid,2026-07,Методологический слой; проверить источник/единицу измерения
POP-00732,41.10068,68.98747,453,Bundled population grid,2026-07,Методологический слой; проверить источник/единицу измерения
POP-00733,41.13459,69.00408,514,Bundled population grid,2026-07,Методологический слой; проверить источник/единицу измерения
POP-00734,41.14459,69.02011,243,Bundled population grid,2026-07,Методологический слой; проверить источник/единицу измерения
POP-00735,41.14307,69.00824,121,Bundled population grid,2026-07,Методологический слой; проверить источник/единицу измерения
POP-00736,41.12915,69.02366,378,Bundled population grid,2026-07,Методологический слой; проверить источник/единицу измерения
POP-00737,41.12763,69.01179,412,Bundled population grid,2026-07,Методологический слой; проверить источник/единицу измерения
POP-00738,41.13763,69.02782,1714,Bundled population grid,2026-07,Методологический слой; проверить источник/единицу измерения
POP-00739,41.13611,69.01595,97,Bundled population grid,2026-07,Методологический слой; проверить источник/единицу измерения
POP-00740,41.13308,68.99221,1352,Bundled population grid,2026-07,Методологический слой; проверить источник/единицу измерения
POP-00741,41.13156,68.98034,450,Bundled population grid,2026-07,Методологический слой; проверить источник/единицу измерения
POP-00742,41.11764,68.99577,993,Bundled population grid,2026-07,Методологический слой; проверить источник/единицу измерения
POP-00743,41.18154,69.06051,23,Bundled population grid,2026-07,Методологический слой; проверить источник/единицу измерения
POP-00744,41.19153,69.07657,529,Bundled population grid,2026-07,Методологический слой; проверить источник/единицу измерения
POP-00745,41.19002,69.06468,20,Bundled population grid,2026-07,Методологический слой; проверить источник/единицу измерения
POP-00746,41.17608,69.08011,831,Bundled population grid,2026-07,Методологический слой; проверить источник/единицу измерения
POP-00747,41.17457,69.06823,1010,Bundled population grid,2026-07,Методологический слой; проверить источник/единицу измерения
POP-00748,41.18456,69.08428,89,Bundled population grid,2026-07,Методологический слой; проверить источник/единицу измерения
POP-00749,41.18305,69.0724,228,Bundled population grid,2026-07,Методологический слой; проверить источник/единицу измерения
POP-00750,41.21697,69.08908,602,Bundled population grid,2026-07,Методологический слой; проверить источник/единицу измерения
POP-00751,41.22696,69.10515,912,Bundled population grid,2026-07,Методологический слой; проверить источник/единицу измерения
POP-00752,41.22545,69.09326,202,Bundled population grid,2026-07,Методологический слой; проверить источник/единицу измерения
POP-00753,41.21151,69.10869,1028,Bundled population grid,2026-07,Методологический слой; проверить источник/единицу измерения
POP-00754,41.21,69.0968,1170,Bundled population grid,2026-07,Методологический слой; проверить источник/единицу измерения
POP-00755,41.21999,69.11286,261,Bundled population grid,2026-07,Методологический слой; проверить источник/единицу измерения
POP-00756,41.21848,69.10097,863,Bundled population grid,2026-07,Методологический слой; проверить источник/единицу измерения
POP-00757,41.21546,69.07719,213,Bundled population grid,2026-07,Методологический слой; проверить источник/единицу измерения
POP-00758,41.21394,69.06531,139,Bundled population grid,2026-07,Методологический слой; проверить источник/единицу измерения
POP-00759,41.20001,69.08074,795,Bundled population grid,2026-07,Методологический слой; проверить источник/единицу измерения
POP-00760,41.20849,69.08491,754,Bundled population grid,2026-07,Методологический слой; проверить источник/единицу измерения
POP-00761,41.20698,69.07302,395,Bundled population grid,2026-07,Методологический слой; проверить источник/единицу измерения
POP-00762,41.18061,69.11575,1393,Bundled population grid,2026-07,Методологический слой; проверить источник/единицу измерения
POP-00763,41.1906,69.13181,1129,Bundled population grid,2026-07,Методологический слой; проверить источник/единицу измерения
POP-00764,41.18909,69.11993,1638,Bundled population grid,2026-07,Методологический слой; проверить источник/единицу измерения
POP-00765,41.17515,69.13534,1643,Bundled population grid,2026-07,Методологический слой; проверить источник/единицу измерения
POP-00766,41.17364,69.12346,886,Bundled population grid,2026-07,Методологический слой; проверить источник/единицу измерения
POP-00767,41.18363,69.13952,1380,Bundled population grid,2026-07,Методологический слой; проверить источник/единицу измерения
POP-00768,41.18212,69.12764,760,Bundled population grid,2026-07,Методологический слой; проверить источник/единицу измерения
POP-00769,41.16912,69.08782,767,Bundled population grid,2026-07,Методологический слой; проверить источник/единицу измерения
POP-00770,41.1791,69.10387,1727,Bundled population grid,2026-07,Методологический слой; проверить источник/единицу измерения
POP-00771,41.1776,69.09199,903,Bundled population grid,2026-07,Методологический слой; проверить источник/единицу измерения
POP-00772,41.16366,69.1074,874,Bundled population grid,2026-07,Методологический слой; проверить источник/единицу измерения
POP-00773,41.17214,69.11158,210,Bundled population grid,2026-07,Методологический слой; проверить источник/единицу измерения
POP-00774,41.17063,69.0997,669,Bundled population grid,2026-07,Методологический слой; проверить источник/единицу измерения
POP-00775,41.20454,69.1164,989,Bundled population grid,2026-07,Методологический слой; проверить источник/единицу измерения
POP-00776,41.21452,69.13246,702,Bundled population grid,2026-07,Методологический слой; проверить источник/единицу измерения
POP-00777,41.21302,69.12057,691,Bundled population grid,2026-07,Методологический слой; проверить источник/единицу измерения
POP-00778,41.19907,69.13599,1438,Bundled population grid,2026-07,Методологический слой; проверить источник/единицу измерения
POP-00779,41.19757,69.12411,1104,Bundled population grid,2026-07,Методологический слой; проверить источник/единицу измерения
POP-00780,41.20755,69.14017,620,Bundled population grid,2026-07,Методологический слой; проверить источник/единицу измерения
POP-00781,41.20605,69.12828,1246,Bundled population grid,2026-07,Методологический слой; проверить источник/единицу измерения
POP-00782,41.20303,69.10451,1142,Bundled population grid,2026-07,Методологический слой; проверить источник/единицу измерения
POP-00783,41.20152,69.09262,625,Bundled population grid,2026-07,Методологический слой; проверить источник/единицу измерения
POP-00784,41.18758,69.10804,1033,Bundled population grid,2026-07,Методологический слой; проверить источник/единицу измерения
POP-00785,41.18607,69.09616,81,Bundled population grid,2026-07,Методологический слой; проверить источник/единицу измерения
POP-00786,41.19606,69.11222,1084,Bundled population grid,2026-07,Методологический слой; проверить источник/единицу измерения
POP-00787,41.19455,69.10033,218,Bundled population grid,2026-07,Методологический слой; проверить источник/единицу измерения
POP-00788,41.17092,68.97737,116,Bundled population grid,2026-07,Методологический слой; проверить источник/единицу измерения
POP-00789,41.18092,68.9934,46,Bundled population grid,2026-07,Методологический слой; проверить источник/единицу измерения
POP-00790,41.1794,68.98152,43,Bundled population grid,2026-07,Методологический слой; проверить источник/единицу измерения
POP-00791,41.16548,68.99696,129,Bundled population grid,2026-07,Методологический слой; проверить источник/единицу измерения
POP-00792,41.16396,68.98509,392,Bundled population grid,2026-07,Методологический слой; проверить источник/единицу измерения
POP-00793,41.17396,69.00112,46,Bundled population grid,2026-07,Методологический слой; проверить источник/единицу измерения
POP-00794,41.17244,68.98924,58,Bundled population grid,2026-07,Методологический слой; проверить источник/единицу измерения
POP-00795,41.20637,69.00588,440,Bundled population grid,2026-07,Методологический слой; проверить источник/единицу измерения
POP-00796,41.21636,69.02193,49,Bundled population grid,2026-07,Методологический слой; проверить источник/единицу измерения
POP-00797,41.21485,69.01004,106,Bundled population grid,2026-07,Методологический слой; проверить источник/единицу измерения
POP-00798,41.1994,69.0136,55,Bundled population grid,2026-07,Методологический слой; проверить источник/единицу измерения
POP-00799,41.2094,69.02965,36,Bundled population grid,2026-07,Методологический слой; проверить источник/единицу измерения
POP-00800,41.19484,68.97795,89,Bundled population grid,2026-07,Методологический слой; проверить источник/единицу измерения
POP-00801,41.20485,68.99399,587,Bundled population grid,2026-07,Методологический слой; проверить источник/единицу измерения
POP-00802,41.20332,68.98211,40,Bundled population grid,2026-07,Методологический слой; проверить источник/единицу измерения
POP-00803,41.1894,68.99756,519,Bundled population grid,2026-07,Методологический слой; проверить источник/единицу измерения
POP-00804,41.19788,69.00172,164,Bundled population grid,2026-07,Методологический слой; проверить источник/единицу измерения
POP-00805,41.19636,68.98984,91,Bundled population grid,2026-07,Методологический слой; проверить источник/единицу измерения
POP-00806,41.17003,69.03259,145,Bundled population grid,2026-07,Методологический слой; проверить источник/единицу измерения
POP-00807,41.17851,69.03675,137,Bundled population grid,2026-07,Методологический слой; проверить источник/единицу измерения
POP-00808,41.16458,69.05218,1008,Bundled population grid,2026-07,Методологический слой; проверить источник/единицу измерения
POP-00809,41.16307,69.04031,159,Bundled population grid,2026-07,Методологический слой; проверить источник/единицу измерения
POP-00810,41.17306,69.05635,927,Bundled population grid,2026-07,Методологический слой; проверить источник/единицу измерения
POP-00811,41.17155,69.04447,139,Bundled population grid,2026-07,Методологический слой; проверить источник/единицу измерения
POP-00812,41.15852,69.00468,785,Bundled population grid,2026-07,Методологический слой; проверить источник/единицу измерения
POP-00813,41.16851,69.02071,1220,Bundled population grid,2026-07,Методологический слой; проверить источник/единицу измерения
POP-00814,41.167,69.00884,1942,Bundled population grid,2026-07,Методологический слой; проверить источник/единицу измерения
POP-00815,41.15307,69.02427,858,Bundled population grid,2026-07,Методологический слой; проверить источник/единицу измерения
POP-00816,41.15155,69.01239,909,Bundled population grid,2026-07,Методологический слой; проверить источник/единицу измерения
POP-00817,41.16155,69.02843,421,Bundled population grid,2026-07,Методологический слой; проверить источник/единицу измерения
POP-00818,41.16003,69.01655,1719,Bundled population grid,2026-07,Методологический слой; проверить источник/единицу измерения
POP-00819,41.19396,69.0332,344,Bundled population grid,2026-07,Методологический слой; проверить источник/единицу измерения
POP-00820,41.20395,69.04925,600,Bundled population grid,2026-07,Методологический слой; проверить источник/единицу измерения
POP-00821,41.20244,69.03737,43,Bundled population grid,2026-07,Методологический слой; проверить источник/единицу измерения
POP-00822,41.18851,69.0528,104,Bundled population grid,2026-07,Методологический слой; проверить источник/единицу измерения
POP-00823,41.18699,69.04092,43,Bundled population grid,2026-07,Методологический слой; проверить источник/единицу измерения
POP-00824,41.19699,69.05697,63,Bundled population grid,2026-07,Методологический слой; проверить источник/единицу измерения
POP-00825,41.18244,69.00528,87,Bundled population grid,2026-07,Методологический слой; проверить источник/единицу измерения
POP-00826,41.19244,69.02132,349,Bundled population grid,2026-07,Методологический слой; проверить источник/единицу измерения
POP-00827,41.19092,69.00944,83,Bundled population grid,2026-07,Методологический слой; проверить источник/единицу измерения
POP-00828,41.17699,69.02488,130,Bundled population grid,2026-07,Методологический слой; проверить источник/единицу измерения
POP-00829,41.17548,69.013,324,Bundled population grid,2026-07,Методологический слой; проверить источник/единицу измерения
POP-00830,41.18548,69.02904,711,Bundled population grid,2026-07,Методологический слой; проверить источник/единицу измерения
POP-00831,41.18396,69.01716,491,Bundled population grid,2026-07,Методологический слой; проверить источник/единицу измерения
POP-00832,41.07344,69.08529,221,Bundled population grid,2026-07,Методологический слой; проверить источник/единицу измерения
POP-00833,41.08342,69.10132,460,Bundled population grid,2026-07,Методологический слой; проверить источник/единицу измерения
POP-00834,41.08191,69.08946,284,Bundled population grid,2026-07,Методологический слой; проверить источник/единицу измерения
POP-00835,41.06798,69.10485,73,Bundled population grid,2026-07,Методологический слой; проверить источник/единицу измерения
POP-00836,41.06647,69.09299,233,Bundled population grid,2026-07,Методологический слой; проверить источник/единицу измерения
POP-00837,41.07645,69.10901,367,Bundled population grid,2026-07,Методологический слой; проверить источник/единицу измерения
POP-00838,41.07495,69.09715,441,Bundled population grid,2026-07,Методологический слой; проверить источник/единицу измерения
POP-00839,41.11732,69.11799,38,Bundled population grid,2026-07,Методологический слой; проверить источник/единицу измерения
POP-00840,41.10338,69.13339,25,Bundled population grid,2026-07,Методологический слой; проверить источник/единицу измерения
POP-00841,41.09735,69.08592,2162,Bundled population grid,2026-07,Методологический слой; проверить источник/единицу измерения
POP-00842,41.10734,69.10196,699,Bundled population grid,2026-07,Методологический слой; проверить источник/единицу измерения
POP-00843,41.10583,69.09009,2215,Bundled population grid,2026-07,Методологический слой; проверить источник/единицу измерения
POP-00844,41.09039,69.09362,1373,Bundled population grid,2026-07,Методологический слой; проверить источник/единицу измерения
POP-00845,41.09886,69.09779,985,Bundled population grid,2026-07,Методологический слой; проверить источник/единицу измерения
POP-00846,41.0725,69.14043,165,Bundled population grid,2026-07,Методологический слой; проверить источник/единицу измерения
POP-00847,41.06703,69.15998,190,Bundled population grid,2026-07,Методологический слой; проверить источник/единицу измерения
POP-00848,41.06553,69.14812,600,Bundled population grid,2026-07,Методологический слой; проверить источник/единицу измерения
POP-00849,41.074,69.15229,33,Bundled population grid,2026-07,Методологический слой; проверить источник/единицу измерения
POP-00850,41.06101,69.11254,385,Bundled population grid,2026-07,Методологический слой; проверить источник/единицу измерения
POP-00851,41.07099,69.12857,60,Bundled population grid,2026-07,Методологический слой; проверить источник/единицу измерения
POP-00852,41.05404,69.12023,20,Bundled population grid,2026-07,Методологический слой; проверить источник/единицу измерения
POP-00853,41.09641,69.14108,93,Bundled population grid,2026-07,Методологический слой; проверить источник/единицу измерения
POP-00854,41.10639,69.15713,178,Bundled population grid,2026-07,Методологический слой; проверить источник/единицу измерения
POP-00855,41.09095,69.16064,124,Bundled population grid,2026-07,Методологический слой; проверить источник/единицу измерения
POP-00856,41.09942,69.16482,408,Bundled population grid,2026-07,Методологический слой; проверить источник/единицу измерения
POP-00857,41.09792,69.15295,23,Bundled population grid,2026-07,Методологический слой; проверить источник/единицу измерения
POP-00858,41.08493,69.11318,96,Bundled population grid,2026-07,Методологический слой; проверить источник/единицу измерения
POP-00859,41.07796,69.12088,104,Bundled population grid,2026-07,Методологический слой; проверить источник/единицу измерения
POP-00860,41.08794,69.13691,43,Bundled population grid,2026-07,Методологический слой; проверить источник/единицу измерения
POP-00861,41.08643,69.12505,33,Bundled population grid,2026-07,Методологический слой; проверить источник/единицу измерения
POP-00862,41.06284,69.00229,985,Bundled population grid,2026-07,Методологический слой; проверить источник/единицу измерения
POP-00863,41.07283,69.0183,570,Bundled population grid,2026-07,Методологический слой; проверить источник/единицу измерения
POP-00864,41.07132,69.00644,577,Bundled population grid,2026-07,Методологический слой; проверить источник/единицу измерения
POP-00865,41.0574,69.02185,281,Bundled population grid,2026-07,Методологический слой; проверить источник/единицу измерения
POP-00866,41.05588,69.00999,61,Bundled population grid,2026-07,Методологический слой; проверить источник/единицу измерения
POP-00867,41.06587,69.026,1053,Bundled population grid,2026-07,Методологический слой; проверить источник/единицу измерения
POP-00868,41.06436,69.01414,281,Bundled population grid,2026-07,Методологический слой; проверить источник/единицу измерения
POP-00869,41.09827,69.03076,1339,Bundled population grid,2026-07,Методологический слой; проверить источник/единицу измерения
POP-00870,41.10826,69.04679,1456,Bundled population grid,2026-07,Методологический слой; проверить источник/единицу измерения
POP-00871,41.10675,69.03492,1562,Bundled population grid,2026-07,Методологический слой; проверить источник/единицу измерения
POP-00872,41.09282,69.05033,1124,Bundled population grid,2026-07,Методологический слой; проверить источник/единицу измерения
POP-00873,41.09131,69.03847,1757,Bundled population grid,2026-07,Методологический слой; проверить источник/единицу измерения
POP-00874,41.1013,69.05449,1198,Bundled population grid,2026-07,Методологический слой; проверить источник/единицу измерения
POP-00875,41.09978,69.04263,1324,Bundled population grid,2026-07,Методологический слой; проверить источник/единицу измерения
POP-00876,41.08676,69.00288,33,Bundled population grid,2026-07,Методологический слой; проверить источник/единицу измерения
POP-00877,41.09675,69.0189,420,Bundled population grid,2026-07,Методологический слой; проверить источник/единицу измерения
POP-00878,41.09523,69.00704,1003,Bundled population grid,2026-07,Методологический слой; проверить источник/единицу измерения
POP-00879,41.08131,69.02245,1301,Bundled population grid,2026-07,Методологический слой; проверить источник/единицу измерения
POP-00880,41.0798,69.01059,307,Bundled population grid,2026-07,Методологический слой; проверить источник/единицу измерения
POP-00881,41.08979,69.02661,967,Bundled population grid,2026-07,Методологический слой; проверить источник/единицу измерения
POP-00882,41.08827,69.01474,195,Bundled population grid,2026-07,Методологический слой; проверить источник/единицу измерения
POP-00883,41.06194,69.05741,83,Bundled population grid,2026-07,Методологический слой; проверить источник/единицу измерения
POP-00884,41.07193,69.07343,261,Bundled population grid,2026-07,Методологический слой; проверить источник/единицу измерения
POP-00885,41.07041,69.06157,106,Bundled population grid,2026-07,Методологический слой; проверить источник/единицу измерения
POP-00886,41.05649,69.07697,112,Bundled population grid,2026-07,Методологический слой; проверить источник/единицу измерения
POP-00887,41.05497,69.06511,496,Bundled population grid,2026-07,Методологический слой; проверить источник/единицу измерения
POP-00888,41.06496,69.08113,139,Bundled population grid,2026-07,Методологический слой; проверить источник/единицу измерения
POP-00889,41.05043,69.02955,56,Bundled population grid,2026-07,Методологический слой; проверить источник/единицу измерения
POP-00890,41.06043,69.04556,151,Bundled population grid,2026-07,Методологический слой; проверить источник/единицу измерения
POP-00891,41.05891,69.0337,188,Bundled population grid,2026-07,Методологический слой; проверить источник/единицу измерения
POP-00892,41.04347,69.03725,208,Bundled population grid,2026-07,Методологический слой; проверить источник/единицу измерения
POP-00893,41.05346,69.05326,377,Bundled population grid,2026-07,Методологический слой; проверить источник/единицу измерения
POP-00894,41.05195,69.0414,835,Bundled population grid,2026-07,Методологический слой; проверить источник/единицу измерения
POP-00895,41.08586,69.05803,448,Bundled population grid,2026-07,Методологический слой; проверить источник/единицу измерения
POP-00896,41.09584,69.07406,864,Bundled population grid,2026-07,Методологический слой; проверить источник/единицу измерения
POP-00897,41.09433,69.06219,1094,Bundled population grid,2026-07,Методологический слой; проверить источник/единицу измерения
POP-00898,41.0804,69.07759,397,Bundled population grid,2026-07,Методологический слой; проверить источник/единицу измерения
POP-00899,41.07889,69.06573,56,Bundled population grid,2026-07,Методологический слой; проверить источник/единицу измерения
POP-00900,41.08888,69.08176,1169,Bundled population grid,2026-07,Методологический слой; проверить источник/единицу измерения
POP-00901,41.08737,69.06989,49,Bundled population grid,2026-07,Методологический слой; проверить источник/единицу измерения
POP-00902,41.07435,69.03015,1205,Bundled population grid,2026-07,Методологический слой; проверить источник/единицу измерения
POP-00903,41.08434,69.04617,987,Bundled population grid,2026-07,Методологический слой; проверить источник/единицу измерения
POP-00904,41.08283,69.03431,605,Bundled population grid,2026-07,Методологический слой; проверить источник/единицу измерения
POP-00905,41.0689,69.04971,458,Bundled population grid,2026-07,Методологический слой; проверить источник/единицу измерения
POP-00906,41.06739,69.03786,1084,Bundled population grid,2026-07,Методологический слой; проверить источник/единицу измерения
POP-00907,41.07738,69.05387,395,Bundled population grid,2026-07,Методологический слой; проверить источник/единицу измерения
POP-00908,41.07587,69.04201,567,Bundled population grid,2026-07,Методологический слой; проверить источник/единицу измерения
POP-00909,41.13277,69.11447,342,Bundled population grid,2026-07,Методологический слой; проверить источник/единицу измерения
POP-00910,41.14275,69.13051,210,Bundled population grid,2026-07,Методологический слой; проверить источник/единицу измерения
POP-00911,41.14124,69.11864,182,Bundled population grid,2026-07,Методологический слой; проверить источник/единицу измерения
POP-00912,41.13578,69.13821,134,Bundled population grid,2026-07,Методологический слой; проверить источник/единицу измерения
POP-00913,41.13427,69.12634,512,Bundled population grid,2026-07,Методологический слой; проверить источник/единицу измерения
POP-00914,41.16818,69.14304,111,Bundled population grid,2026-07,Методологический слой; проверить источник/единицу измерения
POP-00915,41.17816,69.15911,1043,Bundled population grid,2026-07,Методологический слой; проверить источник/единицу измерения
POP-00916,41.17665,69.14722,190,Bundled population grid,2026-07,Методологический слой; проверить источник/единицу измерения
POP-00917,41.16271,69.16263,329,Bundled population grid,2026-07,Методологический слой; проверить источник/единицу измерения
POP-00918,41.16121,69.15075,160,Bundled population grid,2026-07,Методологический слой; проверить источник/единицу измерения
POP-00919,41.16968,69.15493,1023,Bundled population grid,2026-07,Методологический слой; проверить источник/единицу измерения
POP-00920,41.15669,69.11511,1835,Bundled population grid,2026-07,Методологический слой; проверить источник/единицу измерения
POP-00921,41.16667,69.13116,1094,Bundled population grid,2026-07,Методологический слой; проверить источник/единицу измерения
POP-00922,41.16517,69.11928,1215,Bundled population grid,2026-07,Методологический слой; проверить источник/единицу измерения
POP-00923,41.14972,69.12281,1013,Bundled population grid,2026-07,Методологический слой; проверить источник/единицу измерения
POP-00924,41.1597,69.13887,121,Bundled population grid,2026-07,Методологический слой; проверить источник/единицу измерения
POP-00925,41.1582,69.12699,289,Bundled population grid,2026-07,Методологический слой; проверить источник/единицу измерения
POP-00926,41.13181,69.16966,8260,Bundled population grid,2026-07,Методологический слой; проверить источник/единицу измерения
POP-00927,41.14029,69.17384,947,Bundled population grid,2026-07,Методологический слой; проверить источник/единицу измерения
POP-00928,41.12634,69.18923,8122,Bundled population grid,2026-07,Методологический слой; проверить источник/единицу измерения
POP-00929,41.12484,69.17735,4400,Bundled population grid,2026-07,Методологический слой; проверить источник/единицу измерения
POP-00930,41.13481,69.19341,10694,Bundled population grid,2026-07,Методологический слой; проверить источник/единицу измерения
POP-00931,41.13331,69.18154,1353,Bundled population grid,2026-07,Методологический слой; проверить источник/единицу измерения
POP-00932,41.11487,69.1613,205,Bundled population grid,2026-07,Методологический слой; проверить источник/единицу измерения
POP-00933,41.11336,69.14943,122,Bundled population grid,2026-07,Методологический слой; проверить источник/единицу измерения
POP-00934,41.12334,69.16548,460,Bundled population grid,2026-07,Методологический слой; проверить источник/единицу измерения
POP-00935,41.12184,69.15361,177,Bundled population grid,2026-07,Методологический слой; проверить источник/единицу измерения
POP-00936,41.15574,69.17033,9748,Bundled population grid,2026-07,Методологический слой; проверить источник/единицу измерения
POP-00937,41.16571,69.18639,15635,Bundled population grid,2026-07,Методологический слой; проверить источник/единицу измерения
POP-00938,41.16421,69.17451,8856,Bundled population grid,2026-07,Методологический слой; проверить источник/единицу измерения
POP-00939,41.15026,69.1899,1624,Bundled population grid,2026-07,Методологический слой; проверить источник/единицу измерения
POP-00940,41.14876,69.17802,14755,Bundled population grid,2026-07,Методологический слой; проверить источник/единицу измерения
POP-00941,41.15874,69.19409,27547,Bundled population grid,2026-07,Методологический слой; проверить источник/единицу измерения
POP-00942,41.15724,69.18221,5076,Bundled population grid,2026-07,Методологический слой; проверить источник/единицу измерения
POP-00943,41.14425,69.14239,620,Bundled population grid,2026-07,Методологический слой; проверить источник/единицу измерения
POP-00944,41.13879,69.16196,203,Bundled population grid,2026-07,Методологический слой; проверить источник/единицу измерения
POP-00945,41.13728,69.15009,582,Bundled population grid,2026-07,Методологический слой; проверить источник/единицу измерения
POP-00946,41.14726,69.16614,7968,Bundled population grid,2026-07,Методологический слой; проверить источник/единицу измерения
POP-00947,41.14576,69.15427,86,Bundled population grid,2026-07,Методологический слой; проверить источник/единицу измерения
POP-00948,41.12219,69.03137,854,Bundled population grid,2026-07,Методологический слой; проверить источник/единицу измерения
POP-00949,41.13218,69.0474,1564,Bundled population grid,2026-07,Методологический слой; проверить источник/единицу измерения
POP-00950,41.13067,69.03553,1684,Bundled population grid,2026-07,Методологический слой; проверить источник/единицу измерения
POP-00951,41.11674,69.05095,1706,Bundled population grid,2026-07,Методологический слой; проверить источник/единицу измерения
POP-00952,41.11522,69.03908,1428,Bundled population grid,2026-07,Методологический слой; проверить источник/единицу измерения
POP-00953,41.12522,69.05511,1765,Bundled population grid,2026-07,Методологический слой; проверить источник/единицу измерения
POP-00954,41.1237,69.04324,1851,Bundled population grid,2026-07,Методологический слой; проверить источник/единицу измерения
POP-00955,41.15762,69.05989,1501,Bundled population grid,2026-07,Методологический слой; проверить источник/единицу измерения
POP-00956,41.16761,69.07594,41,Bundled population grid,2026-07,Методологический слой; проверить источник/единицу измерения
POP-00957,41.16609,69.06406,643,Bundled population grid,2026-07,Методологический слой; проверить источник/единицу измерения
POP-00958,41.15216,69.07948,787,Bundled population grid,2026-07,Методологический слой; проверить источник/единицу измерения
POP-00959,41.15065,69.0676,258,Bundled population grid,2026-07,Методологический слой; проверить источник/единицу измерения
POP-00960,41.16064,69.08365,775,Bundled population grid,2026-07,Методологический слой; проверить источник/единицу измерения
POP-00961,41.15913,69.07177,385,Bundled population grid,2026-07,Методологический слой; проверить источник/единицу измерения
POP-00962,41.14611,69.03198,314,Bundled population grid,2026-07,Методологический слой; проверить источник/единицу измерения
POP-00963,41.1561,69.04802,66,Bundled population grid,2026-07,Методологический слой; проверить источник/единицу измерения
POP-00964,41.15459,69.03614,162,Bundled population grid,2026-07,Методологический слой; проверить источник/единицу измерения
POP-00965,41.14066,69.05156,293,Bundled population grid,2026-07,Методологический слой; проверить источник/единицу измерения
POP-00966,41.13914,69.03969,507,Bundled population grid,2026-07,Методологический слой; проверить источник/единицу измерения
POP-00967,41.14914,69.05573,142,Bundled population grid,2026-07,Методологический слой; проверить источник/единицу измерения
POP-00968,41.14762,69.04385,63,Bundled population grid,2026-07,Методологический слой; проверить источник/единицу измерения
POP-00969,41.12127,69.08655,699,Bundled population grid,2026-07,Методологический слой; проверить источник/единицу измерения
POP-00970,41.12975,69.09072,810,Bundled population grid,2026-07,Методологический слой; проверить источник/единицу измерения
POP-00971,41.11581,69.10612,205,Bundled population grid,2026-07,Методологический слой; проверить источник/единицу измерения
POP-00972,41.11431,69.09426,1757,Bundled population grid,2026-07,Методологический слой; проверить источник/единицу измерения
POP-00973,41.12278,69.09842,319,Bundled population grid,2026-07,Методологический слой; проверить источник/единицу измерения
POP-00974,41.10977,69.05865,1573,Bundled population grid,2026-07,Методологический слой; проверить источник/единицу измерения
POP-00975,41.11976,69.07468,1881,Bundled population grid,2026-07,Методологический слой; проверить источник/единицу измерения
POP-00976,41.11825,69.06282,1592,Bundled population grid,2026-07,Методологический слой; проверить источник/единицу измерения
POP-00977,41.10432,69.07822,2256,Bundled population grid,2026-07,Методологический слой; проверить источник/единицу измерения
POP-00978,41.10281,69.06636,1544,Bundled population grid,2026-07,Методологический слой; проверить источник/единицу измерения
POP-00979,41.1128,69.08239,1844,Bundled population grid,2026-07,Методологический слой; проверить источник/единицу измерения
POP-00980,41.11129,69.07052,1883,Bundled population grid,2026-07,Методологический слой; проверить источник/единицу измерения
POP-00981,41.14519,69.08719,1593,Bundled population grid,2026-07,Методологический слой; проверить источник/единицу измерения
POP-00982,41.15518,69.10323,1367,Bundled population grid,2026-07,Методологический слой; проверить источник/единицу измерения
POP-00983,41.15367,69.09135,420,Bundled population grid,2026-07,Методологический слой; проверить источник/единицу измерения
POP-00984,41.13823,69.09489,532,Bundled population grid,2026-07,Методологический слой; проверить источник/единицу измерения
POP-00985,41.14821,69.11094,1248,Bundled population grid,2026-07,Методологический слой; проверить источник/единицу измерения
POP-00986,41.1467,69.09906,64,Bundled population grid,2026-07,Методологический слой; проверить источник/единицу измерения
POP-00987,41.13369,69.05927,1552,Bundled population grid,2026-07,Методологический слой; проверить источник/единицу измерения
POP-00988,41.14368,69.07531,805,Bundled population grid,2026-07,Методологический слой; проверить источник/единицу измерения
POP-00989,41.14217,69.06344,757,Bundled population grid,2026-07,Методологический слой; проверить источник/единицу измерения
POP-00990,41.12824,69.07885,1382,Bundled population grid,2026-07,Методологический слой; проверить источник/единицу измерения
POP-00991,41.12673,69.06698,1565,Bundled population grid,2026-07,Методологический слой; проверить источник/единицу измерения
POP-00992,41.13672,69.08302,1200,Bundled population grid,2026-07,Методологический слой; проверить источник/единицу измерения
POP-00993,41.13521,69.07114,1248,Bundled population grid,2026-07,Методологический слой; проверить источник/единицу измерения
POP-00994,41.0307,68.75348,437,Bundled population grid,2026-07,Методологический слой; проверить источник/единицу измерения
POP-00995,41.03919,68.7576,221,Bundled population grid,2026-07,Методологический слой; проверить источник/единицу измерения
POP-00996,41.02376,68.76121,75,Bundled population grid,2026-07,Методологический слой; проверить источник/единицу измерения
POP-00997,41.03378,68.77717,91,Bundled population grid,2026-07,Методологический слой; проверить источник/единицу измерения
POP-00998,41.06618,68.78179,52,Bundled population grid,2026-07,Методологический слой; проверить источник/единицу измерения
POP-00999,41.07621,68.79776,38,Bundled population grid,2026-07,Методологический слой; проверить источник/единицу измерения
POP-01000,41.07467,68.78591,76,Bundled population grid,2026-07,Методологический слой; проверить источник/единицу измерения
POP-01001,41.06464,68.76994,309,Bundled population grid,2026-07,Методологический слой; проверить источник/единицу измерения
POP-01002,41.04767,68.76171,29,Bundled population grid,2026-07,Методологический слой; проверить источник/единицу измерения
POP-01003,41.0577,68.77767,193,Bundled population grid,2026-07,Методологический слой; проверить источник/единицу измерения
POP-01004,41.05616,68.76583,99,Bundled population grid,2026-07,Методологический слой; проверить источник/единицу измерения
POP-01005,41.02992,68.80857,266,Bundled population grid,2026-07,Методологический слой; проверить источник/единицу измерения
POP-01006,41.0384,68.81269,155,Bundled population grid,2026-07,Методологический слой; проверить источник/единицу измерения
POP-01007,41.02297,68.81629,114,Bundled population grid,2026-07,Методологический слой; проверить источник/единицу измерения
POP-01008,41.03145,68.82041,63,Bundled population grid,2026-07,Методологический слой; проверить источник/единицу измерения
POP-01009,41.01836,68.78077,549,Bundled population grid,2026-07,Методологический слой; проверить источник/единицу измерения
POP-01010,41.02838,68.79673,362,Bundled population grid,2026-07,Методологический слой; проверить источник/единицу измерения
POP-01011,41.02684,68.78489,357,Bundled population grid,2026-07,Методологический слой; проверить источник/единицу измерения
POP-01012,41.01295,68.80033,357,Bundled population grid,2026-07,Методологический слой; проверить источник/единицу измерения
POP-01013,41.01141,68.7885,76,Bundled population grid,2026-07,Методологический слой; проверить источник/единицу измерения
POP-01014,41.0199,68.79261,190,Bundled population grid,2026-07,Методологический слой; проверить источник/единицу измерения
POP-01015,41.05383,68.80909,355,Bundled population grid,2026-07,Методологический слой; проверить источник/единицу измерения
POP-01016,41.06385,68.82506,367,Bundled population grid,2026-07,Методологический слой; проверить источник/единицу измерения
POP-01017,41.06231,68.81321,22,Bundled population grid,2026-07,Методологический слой; проверить источник/единицу измерения
POP-01018,41.04842,68.82866,155,Bundled population grid,2026-07,Методологический слой; проверить источник/единицу измерения
POP-01019,41.04688,68.81682,68,Bundled population grid,2026-07,Методологический слой; проверить источник/единицу измерения
POP-01020,41.05537,68.82094,251,Bundled population grid,2026-07,Методологический слой; проверить источник/единицу измерения
POP-01021,41.04227,68.78128,144,Bundled population grid,2026-07,Методологический слой; проверить источник/единицу измерения
POP-01022,41.05229,68.79725,264,Bundled population grid,2026-07,Методологический слой; проверить источник/единицу измерения
POP-01023,41.05075,68.7854,40,Bundled population grid,2026-07,Методологический слой; проверить источник/единицу измерения
POP-01024,41.03686,68.80085,752,Bundled population grid,2026-07,Методологический слой; проверить источник/единицу измерения
POP-01025,41.03532,68.78901,382,Bundled population grid,2026-07,Методологический слой; проверить источник/единицу измерения
POP-01026,41.04535,68.80497,216,Bundled population grid,2026-07,Методологический слой; проверить источник/единицу измерения
POP-01027,41.04381,68.79313,296,Bundled population grid,2026-07,Методологический слой; проверить источник/единицу измерения
POP-01028,41.11087,68.88128,200,Bundled population grid,2026-07,Методологический слой; проверить источник/единицу измерения
POP-01029,41.10934,68.86942,833,Bundled population grid,2026-07,Методологический слой; проверить источник/единицу измерения
POP-01030,41.09543,68.88487,63,Bundled population grid,2026-07,Методологический слой; проверить источник/единицу измерения
POP-01031,41.0939,68.87301,33,Bundled population grid,2026-07,Методологический слой; проверить источник/единицу измерения
POP-01032,41.10391,68.88901,109,Bundled population grid,2026-07,Методологический слой; проверить источник/единицу измерения
POP-01033,41.10238,68.87715,511,Bundled population grid,2026-07,Методологический слой; проверить источник/единицу измерения
POP-01034,41.13632,68.8937,99,Bundled population grid,2026-07,Методологический слой; проверить источник/единицу измерения
POP-01035,41.14633,68.90971,71,Bundled population grid,2026-07,Методологический слой; проверить источник/единицу измерения
POP-01036,41.13089,68.91329,104,Bundled population grid,2026-07,Методологический слой; проверить источник/единицу измерения
POP-01037,41.12936,68.90142,180,Bundled population grid,2026-07,Методологический слой; проверить источник/единицу измерения
POP-01038,41.13785,68.90556,117,Bundled population grid,2026-07,Методологический слой; проверить источник/единицу измерения
POP-01039,41.13479,68.88183,288,Bundled population grid,2026-07,Методологический слой; проверить источник/единицу измерения
POP-01040,41.13326,68.86997,271,Bundled population grid,2026-07,Методологический слой; проверить источник/единицу измерения
POP-01041,41.11935,68.88542,46,Bundled population grid,2026-07,Методологический слой; проверить источник/единицу измерения
POP-01042,41.12783,68.88956,572,Bundled population grid,2026-07,Методологический слой; проверить источник/единицу измерения
POP-01043,41.1263,68.87769,81,Bundled population grid,2026-07,Методологический слой; проверить источник/единицу измерения
POP-01044,41.10002,68.92045,99,Bundled population grid,2026-07,Методологический слой; проверить источник/единицу измерения
POP-01045,41.11002,68.93645,468,Bundled population grid,2026-07,Методологический слой; проверить источник/единицу измерения
POP-01046,41.1085,68.92459,901,Bundled population grid,2026-07,Методологический слой; проверить источник/единицу измерения
POP-01047,41.09459,68.94002,188,Bundled population grid,2026-07,Методологический слой; проверить источник/единицу измерения
POP-01048,41.09306,68.92816,25,Bundled population grid,2026-07,Методологический слой; проверить источник/единицу измерения
POP-01049,41.10307,68.94417,127,Bundled population grid,2026-07,Методологический слой; проверить источник/единицу измерения
POP-01050,41.10154,68.93231,45,Bundled population grid,2026-07,Методологический слой; проверить источник/единицу измерения
POP-01051,41.08848,68.89259,626,Bundled population grid,2026-07,Методологический слой; проверить источник/единицу измерения
POP-01052,41.09849,68.90859,521,Bundled population grid,2026-07,Методологический слой; проверить источник/единицу измерения
POP-01053,41.09696,68.89673,182,Bundled population grid,2026-07,Методологический слой; проверить источник/единицу измерения
POP-01054,41.08305,68.91216,23,Bundled population grid,2026-07,Методологический слой; проверить источник/единицу измерения
POP-01055,41.08153,68.90031,74,Bundled population grid,2026-07,Методологический слой; проверить источник/единицу измерения
POP-01056,41.09001,68.90445,228,Bundled population grid,2026-07,Методологический слой; проверить источник/единицу измерения
POP-01057,41.12394,68.92101,336,Bundled population grid,2026-07,Методологический слой; проверить источник/единицу измерения
POP-01058,41.13394,68.93702,132,Bundled population grid,2026-07,Методологический слой; проверить источник/единицу измерения
POP-01059,41.11851,68.94059,780,Bundled population grid,2026-07,Методологический слой; проверить источник/единицу измерения
POP-01060,41.11698,68.92873,491,Bundled population grid,2026-07,Методологический слой; проверить источник/единицу измерения
POP-01061,41.12699,68.94474,891,Bundled population grid,2026-07,Методологический слой; проверить источник/единицу измерения
POP-01062,41.12546,68.93288,767,Bundled population grid,2026-07,Методологический слой; проверить источник/единицу измерения
POP-01063,41.1124,68.89314,101,Bundled population grid,2026-07,Методологический слой; проверить источник/единицу измерения
POP-01064,41.12241,68.90915,21,Bundled population grid,2026-07,Методологический слой; проверить источник/единицу измерения
POP-01065,41.10697,68.91273,324,Bundled population grid,2026-07,Методологический слой; проверить источник/единицу измерения
POP-01066,41.11545,68.91687,311,Bundled population grid,2026-07,Методологический слой; проверить источник/единицу измерения
POP-01067,41.09858,68.78642,47,Bundled population grid,2026-07,Методологический слой; проверить источник/единицу измерения
POP-01068,41.08315,68.79003,283,Bundled population grid,2026-07,Методологический слой; проверить источник/единицу измерения
POP-01069,41.09318,68.80601,81,Bundled population grid,2026-07,Методологический слой; проверить источник/единицу измерения
POP-01070,41.11863,68.81839,83,Bundled population grid,2026-07,Методологический слой; проверить источник/единицу измерения
POP-01071,41.10861,68.8024,40,Bundled population grid,2026-07,Методологический слой; проверить источник/единицу измерения
POP-01072,41.10707,68.79054,22,Bundled population grid,2026-07,Методологический слой; проверить источник/единицу измерения
POP-01073,41.11709,68.80653,61,Bundled population grid,2026-07,Методологический слой; проверить источник/единицу измерения
POP-01074,41.0893,68.83744,638,Bundled population grid,2026-07,Методологический слой; проверить источник/единицу измерения
POP-01075,41.09779,68.84157,243,Bundled population grid,2026-07,Методологический слой; проверить источник/единицу измерения
POP-01076,41.08389,68.85702,154,Bundled population grid,2026-07,Методологический слой; проверить источник/единицу измерения
POP-01077,41.08235,68.84517,68,Bundled population grid,2026-07,Методологический слой; проверить источник/единицу измерения
POP-01078,41.09084,68.8493,109,Bundled population grid,2026-07,Методологический слой; проверить источник/единицу измерения
POP-01079,41.08777,68.82559,104,Bundled population grid,2026-07,Методологический слой; проверить источник/единицу измерения
POP-01080,41.07233,68.82919,68,Bundled population grid,2026-07,Методологический слой; проверить источник/единицу измерения
POP-01081,41.0708,68.81734,51,Bundled population grid,2026-07,Методологический слой; проверить источник/единицу измерения
POP-01082,41.12324,68.85397,506,Bundled population grid,2026-07,Методологический слой; проверить источник/единицу измерения
POP-01083,41.1217,68.84211,20,Bundled population grid,2026-07,Методологический слой; проверить источник/единицу измерения
POP-01084,41.10627,68.8457,97,Bundled population grid,2026-07,Методологический слой; проверить источник/единицу измерения
POP-01085,41.11475,68.84984,164,Bundled population grid,2026-07,Методологический слой; проверить источник/единицу измерения
POP-01086,41.11168,68.82612,174,Bundled population grid,2026-07,Методологический слой; проверить источник/единицу измерения
POP-01087,41.11015,68.81426,107,Bundled population grid,2026-07,Методологический слой; проверить источник/единицу измерения
POP-01088,41.09625,68.82972,532,Bundled population grid,2026-07,Методологический слой; проверить источник/единицу измерения
POP-01089,41.10473,68.83385,673,Bundled population grid,2026-07,Методологический слой; проверить источник/единицу измерения
POP-01090,41.1032,68.82199,33,Bundled population grid,2026-07,Методологический слой; проверить источник/единицу измерения
POP-01091,41.00283,68.90635,646,Bundled population grid,2026-07,Методологический слой; проверить источник/единицу измерения
POP-01092,41.00131,68.89451,304,Bundled population grid,2026-07,Методологический слой; проверить источник/единицу измерения
POP-01093,40.9874,68.90992,488,Bundled population grid,2026-07,Методологический слой; проверить источник/единицу измерения
POP-01094,40.98587,68.89809,162,Bundled population grid,2026-07,Методологический слой; проверить источник/единицу измерения
POP-01095,40.99588,68.91406,603,Bundled population grid,2026-07,Методологический слой; проверить источник/единицу измерения
POP-01096,40.99435,68.90222,169,Bundled population grid,2026-07,Методологический слой; проверить источник/единицу измерения
POP-01097,41.02827,68.91875,646,Bundled population grid,2026-07,Методологический слой; проверить источник/единицу измерения
POP-01098,41.03828,68.93474,506,Bundled population grid,2026-07,Методологический слой; проверить источник/единицу измерения
POP-01099,41.03675,68.92289,398,Bundled population grid,2026-07,Методологический слой; проверить источник/единицу измерения
POP-01100,41.02284,68.93831,1053,Bundled population grid,2026-07,Методологический слой; проверить источник/единицу измерения
POP-01101,41.02132,68.92646,109,Bundled population grid,2026-07,Методологический слой; проверить источник/единицу измерения
POP-01102,41.03132,68.94245,856,Bundled population grid,2026-07,Методологический слой; проверить источник/единицу измерения
POP-01103,41.0298,68.9306,552,Bundled population grid,2026-07,Методологический слой; проверить источник/единицу измерения
POP-01104,41.02674,68.90691,453,Bundled population grid,2026-07,Методологический слой; проверить источник/единицу измерения
POP-01105,41.01131,68.91048,1066,Bundled population grid,2026-07,Методологический слой; проверить источник/единицу измерения
POP-01106,41.00979,68.89864,147,Bundled population grid,2026-07,Методологический слой; проверить источник/единицу измерения
POP-01107,41.01979,68.91462,73,Bundled population grid,2026-07,Методологический слой; проверить источник/единицу измерения
POP-01108,41.00198,68.96142,48,Bundled population grid,2026-07,Методологический слой; проверить источник/единицу измерения
POP-01109,40.99502,68.96912,89,Bundled population grid,2026-07,Методологический слой; проверить источник/единицу измерения
POP-01110,40.98893,68.92176,23,Bundled population grid,2026-07,Методологический слой; проверить источник/единицу измерения
POP-01111,41.01589,68.94601,858,Bundled population grid,2026-07,Методологический слой; проверить источник/единицу измерения
POP-01112,41.02589,68.962,246,Bundled population grid,2026-07,Методологический слой; проверить источник/единицу измерения
POP-01113,41.02437,68.95015,1577,Bundled population grid,2026-07,Методологический слой; проверить источник/единицу измерения
POP-01114,41.01045,68.96556,21,Bundled population grid,2026-07,Методологический слой; проверить источник/единицу измерения
POP-01115,41.01893,68.9697,448,Bundled population grid,2026-07,Методологический слой; проверить источник/единицу измерения
POP-01116,41.00436,68.91819,423,Bundled population grid,2026-07,Методологический слой; проверить источник/единицу измерения
POP-01117,41.01436,68.93417,1243,Bundled population grid,2026-07,Методологический слой; проверить источник/единицу измерения
POP-01118,40.99893,68.93774,312,Bundled population grid,2026-07,Методологический слой; проверить источник/единицу измерения
POP-01119,40.99741,68.9259,402,Bundled population grid,2026-07,Методологический слой; проверить источник/единицу измерения
POP-01120,41.00741,68.94187,367,Bundled population grid,2026-07,Методологический слой; проверить источник/единицу измерения
POP-01121,41.00588,68.93003,1190,Bundled population grid,2026-07,Методологический слой; проверить источник/единицу измерения
POP-01122,40.99211,68.82349,1087,Bundled population grid,2026-07,Методологический слой; проверить источник/единицу измерения
POP-01123,40.99058,68.81165,339,Bundled population grid,2026-07,Методологический слой; проверить источник/единицу измерения
POP-01124,40.97669,68.82708,197,Bundled population grid,2026-07,Методологический слой; проверить источник/единицу измерения
POP-01125,40.98517,68.8312,514,Bundled population grid,2026-07,Методологический слой; проверить источник/единицу измерения
POP-01126,41.01756,68.83585,1354,Bundled population grid,2026-07,Методологический слой; проверить источник/единицу измерения
POP-01127,41.02604,68.83998,127,Bundled population grid,2026-07,Методологический слой; проверить источник/единицу измерения
POP-01128,41.01061,68.84357,372,Bundled population grid,2026-07,Методологический слой; проверить источник/единицу измерения
POP-01129,41.01909,68.84769,408,Bundled population grid,2026-07,Методологический слой; проверить источник/единицу измерения
POP-01130,41.01602,68.82401,1408,Bundled population grid,2026-07,Методологический слой; проверить источник/единицу измерения
POP-01131,41.0006,68.82761,230,Bundled population grid,2026-07,Методологический слой; проверить источник/единицу измерения
POP-01132,40.99906,68.81577,53,Bundled population grid,2026-07,Методологический слой; проверить источник/единицу измерения
POP-01133,41.00908,68.83173,942,Bundled population grid,2026-07,Методологический слой; проверить источник/единицу измерения
POP-01134,40.98129,68.86258,30,Bundled population grid,2026-07,Методологический слой; проверить источник/единицу измерения
POP-01135,40.9913,68.87854,129,Bundled population grid,2026-07,Методологический слой; проверить источник/единицу измерения
POP-01136,40.98977,68.86671,679,Bundled population grid,2026-07,Методологический слой; проверить источник/единицу измерения
POP-01137,40.97587,68.88212,1142,Bundled population grid,2026-07,Методологический слой; проверить источник/единицу измерения
POP-01138,40.97434,68.87029,418,Bundled population grid,2026-07,Методологический слой; проверить источник/единицу измерения
POP-01139,40.98435,68.88625,184,Bundled population grid,2026-07,Методологический слой; проверить источник/единицу измерения
POP-01140,40.98282,68.87442,1213,Bundled population grid,2026-07,Методологический слой; проверить источник/единицу измерения
POP-01141,40.96974,68.83479,36,Bundled population grid,2026-07,Методологический слой; проверить источник/единицу измерения
POP-01142,40.97975,68.85075,458,Bundled population grid,2026-07,Методологический слой; проверить источник/единицу измерения
POP-01143,40.97822,68.83891,1648,Bundled population grid,2026-07,Методологический слой; проверить источник/единицу измерения
POP-01144,40.96433,68.85433,1884,Bundled population grid,2026-07,Методологический слой; проверить источник/единицу измерения
POP-01145,40.96279,68.8425,1240,Bundled population grid,2026-07,Методологический слой; проверить источник/единицу измерения
POP-01146,40.97281,68.85846,1676,Bundled population grid,2026-07,Методологический слой; проверить источник/единицу измерения
POP-01147,40.97127,68.84662,1504,Bundled population grid,2026-07,Методологический слой; проверить источник/единицу измерения
POP-01148,40.99978,68.88267,628,Bundled population grid,2026-07,Методологический слой; проверить источник/единицу измерения
POP-01149,40.99365,68.83532,30,Bundled population grid,2026-07,Методологический слой; проверить источник/единицу измерения
POP-01150,40.98823,68.85487,102,Bundled population grid,2026-07,Методологический слой; проверить источник/единицу измерения
POP-01151,40.9867,68.84304,519,Bundled population grid,2026-07,Методологический слой; проверить источник/единицу измерения
POP-01152,40.99518,68.84716,98,Bundled population grid,2026-07,Методологический слой; проверить источник/единицу измерения
POP-01153,41.05218,68.91932,66,Bundled population grid,2026-07,Методологический слой; проверить источник/единицу измерения
POP-01154,41.06219,68.93531,190,Bundled population grid,2026-07,Методологический слой; проверить источник/единицу измерения
POP-01155,41.06067,68.92346,737,Bundled population grid,2026-07,Методологический слой; проверить источник/единицу измерения
POP-01156,41.04676,68.93888,258,Bundled population grid,2026-07,Методологический слой; проверить источник/единицу измерения
POP-01157,41.04523,68.92703,479,Bundled population grid,2026-07,Методологический слой; проверить источник/единицу измерения
POP-01158,41.05524,68.94302,617,Bundled population grid,2026-07,Методологический слой; проверить источник/единицу измерения
POP-01159,41.08763,68.94774,684,Bundled population grid,2026-07,Методологический слой; проверить источник/единицу измерения
POP-01160,41.09763,68.96374,197,Bundled population grid,2026-07,Методологический слой; проверить источник/единицу измерения
POP-01161,41.09611,68.95188,46,Bundled population grid,2026-07,Методологический слой; проверить источник/единицу измерения
POP-01162,41.0822,68.96731,172,Bundled population grid,2026-07,Методологический слой; проверить источник/единицу измерения
POP-01163,41.08067,68.95545,423,Bundled population grid,2026-07,Методологический слой; проверить источник/единицу измерения
POP-01164,41.09068,68.97145,936,Bundled population grid,2026-07,Методологический слой; проверить источник/единицу измерения
POP-01165,41.08915,68.9596,436,Bundled population grid,2026-07,Методологический слой; проверить источник/единицу измерения
POP-01166,41.0761,68.91988,157,Bundled population grid,2026-07,Методологический слой; проверить источник/единицу измерения
POP-01167,41.08611,68.93588,220,Bundled population grid,2026-07,Методологический слой; проверить источник/единицу измерения
POP-01168,41.08458,68.92402,144,Bundled population grid,2026-07,Методологический слой; проверить источник/единицу измерения
POP-01169,41.07067,68.93945,147,Bundled population grid,2026-07,Методологический слой; проверить источник/единицу измерения
POP-01170,41.06915,68.9276,702,Bundled population grid,2026-07,Методологический слой; проверить источник/единицу измерения
POP-01171,41.07915,68.94359,833,Bundled population grid,2026-07,Методологический слой; проверить источник/единицу измерения
POP-01172,41.07763,68.93174,189,Bundled population grid,2026-07,Методологический слой; проверить источник/единицу измерения
POP-01173,41.05132,68.97443,684,Bundled population grid,2026-07,Методологический слой; проверить источник/единицу измерения
POP-01174,41.06132,68.99043,451,Bundled population grid,2026-07,Методологический слой; проверить источник/единицу измерения
POP-01175,41.0598,68.97858,35,Bundled population grid,2026-07,Методологический слой; проверить источник/единицу измерения
POP-01176,41.04588,68.99399,53,Bundled population grid,2026-07,Методологический слой; проверить источник/единицу измерения
POP-01177,41.04437,68.98214,266,Bundled population grid,2026-07,Методологический слой; проверить источник/единицу измерения
POP-01178,41.05436,68.99814,438,Bundled population grid,2026-07,Методологический слой; проверить источник/единицу измерения
POP-01179,41.05284,68.98628,658,Bundled population grid,2026-07,Методологический слой; проверить источник/единицу измерения
POP-01180,41.0498,68.96258,30,Bundled population grid,2026-07,Методологический слой; проверить источник/единицу измерения
POP-01181,41.04828,68.95073,200,Bundled population grid,2026-07,Методологический слой; проверить источник/единицу измерения
POP-01182,41.03437,68.96614,357,Bundled population grid,2026-07,Методологический слой; проверить источник/единицу измерения
POP-01183,41.03284,68.95429,134,Bundled population grid,2026-07,Методологический слой; проверить источник/единицу измерения
POP-01184,41.04284,68.97029,492,Bundled population grid,2026-07,Методологический слой; проверить источник/единицу измерения
POP-01185,41.04132,68.95844,377,Bundled population grid,2026-07,Методологический слой; проверить источник/единицу измерения
POP-01186,41.07524,68.97502,20,Bundled population grid,2026-07,Методологический слой; проверить источник/единицу измерения
POP-01187,41.08524,68.99102,79,Bundled population grid,2026-07,Методологический слой; проверить источник/единицу измерения
POP-01188,41.08372,68.97917,65,Bundled population grid,2026-07,Методологический слой; проверить источник/единицу измерения
POP-01189,41.0698,68.99458,330,Bundled population grid,2026-07,Методологический слой; проверить источник/единицу измерения
POP-01190,41.06828,68.98273,177,Bundled population grid,2026-07,Методологический слой; проверить источник/единицу измерения
POP-01191,41.07828,68.99873,468,Bundled population grid,2026-07,Методологический слой; проверить источник/единицу измерения
POP-01192,41.07372,68.96316,26,Bundled population grid,2026-07,Методологический слой; проверить источник/единицу измерения
POP-01193,41.07219,68.9513,50,Bundled population grid,2026-07,Методологический слой; проверить источник/единицу измерения
POP-01194,41.06676,68.97087,106,Bundled population grid,2026-07,Методологический слой; проверить источник/единицу измерения
POP-01195,41.04147,68.83638,903,Bundled population grid,2026-07,Методологический слой; проверить источник/единицу измерения
POP-01196,41.05149,68.85236,190,Bundled population grid,2026-07,Методологический слой; проверить источник/единицу измерения
POP-01197,41.04995,68.84051,337,Bundled population grid,2026-07,Методологический слой; проверить источник/единицу измерения
POP-01198,41.03606,68.85595,415,Bundled population grid,2026-07,Методологический слой; проверить источник/единицу измерения
POP-01199,41.03452,68.8441,1015,Bundled population grid,2026-07,Методологический слой; проверить источник/единицу измерения
POP-01200,41.04301,68.84823,681,Bundled population grid,2026-07,Методологический слой; проверить источник/единицу измерения
POP-01201,41.07694,68.86475,28,Bundled population grid,2026-07,Методологический слой; проверить источник/единицу измерения
POP-01202,41.08695,68.88073,385,Bundled population grid,2026-07,Методологический слой; проверить источник/единицу измерения
POP-01203,41.08542,68.86888,438,Bundled population grid,2026-07,Методологический слой; проверить источник/единицу измерения
POP-01204,41.07152,68.88432,20,Bundled population grid,2026-07,Методологический слой; проверить источник/единицу измерения
POP-01205,41.08,68.88845,208,Bundled population grid,2026-07,Методологический слой; проверить источник/единицу измерения
POP-01206,41.07847,68.8766,152,Bundled population grid,2026-07,Методологический слой; проверить источник/единицу измерения
POP-01207,41.06539,68.83691,169,Bundled population grid,2026-07,Методологический слой; проверить источник/единицу измерения
POP-01208,41.0754,68.85289,31,Bundled population grid,2026-07,Методологический слой; проверить источник/единицу измерения
POP-01209,41.07387,68.84104,476,Bundled population grid,2026-07,Методологический слой; проверить источник/единицу измерения
POP-01210,41.06692,68.84876,286,Bundled population grid,2026-07,Методологический слой; проверить источник/единицу измерения
POP-01211,41.04065,68.89148,395,Bundled population grid,2026-07,Методологический слой; проверить источник/единицу измерения
POP-01212,41.05066,68.90747,94,Bundled population grid,2026-07,Методологический слой; проверить источник/единицу измерения
POP-01213,41.04913,68.89562,208,Bundled population grid,2026-07,Методологический слой; проверить источник/единицу измерения
POP-01214,41.03522,68.91104,76,Bundled population grid,2026-07,Методологический слой; проверить источник/единицу измерения
POP-01215,41.0437,68.91518,648,Bundled population grid,2026-07,Методологический слой; проверить источник/единицу измерения
POP-01216,41.04218,68.90333,73,Bundled population grid,2026-07,Методологический слой; проверить источник/единицу измерения
POP-01217,41.02911,68.86366,33,Bundled population grid,2026-07,Методологический слой; проверить источник/единицу измерения
POP-01218,41.03912,68.87964,550,Bundled population grid,2026-07,Методологический слой; проверить источник/единицу измерения
POP-01219,41.03759,68.86779,1212,Bundled population grid,2026-07,Методологический слой; проверить источник/единицу измерения
POP-01220,41.03217,68.88735,66,Bundled population grid,2026-07,Методологический слой; проверить источник/единицу измерения
POP-01221,41.03064,68.87551,38,Bundled population grid,2026-07,Методологический слой; проверить источник/единицу измерения
POP-01222,41.06456,68.89204,225,Bundled population grid,2026-07,Методологический слой; проверить источник/единицу измерения
POP-01223,41.07457,68.90803,46,Bundled population grid,2026-07,Методологический слой; проверить источник/единицу измерения
POP-01224,41.07304,68.89617,28,Bundled population grid,2026-07,Методологический слой; проверить источник/единицу измерения
POP-01225,41.05914,68.9116,1121,Bundled population grid,2026-07,Методологический слой; проверить источник/единицу измерения
POP-01226,41.05761,68.89975,431,Bundled population grid,2026-07,Методологический слой; проверить источник/единицу измерения
POP-01227,41.06762,68.91574,1124,Bundled population grid,2026-07,Методологический слой; проверить источник/единицу измерения
POP-01228,41.06609,68.90389,220,Bundled population grid,2026-07,Методологический слой; проверить источник/единицу измерения
POP-01229,41.05302,68.8642,309,Bundled population grid,2026-07,Методологический слой; проверить источник/единицу измерения
POP-01230,41.06303,68.88019,423,Bundled population grid,2026-07,Методологический слой; проверить источник/единицу измерения
POP-01231,41.0476,68.88377,416,Bundled population grid,2026-07,Методологический слой; проверить источник/единицу измерения
POP-01232,41.04607,68.87192,663,Bundled population grid,2026-07,Методологический слой; проверить источник/единицу измерения
POP-01233,41.05608,68.8879,917,Bundled population grid,2026-07,Методологический слой; проверить источник/единицу измерения
POP-01234,41.05455,68.87605,729,Bundled population grid,2026-07,Методологический слой; проверить источник/единицу измерения
POP-01235,40.91648,68.6097,70,Bundled population grid,2026-07,Методологический слой; проверить источник/единицу измерения
POP-01236,41.35962,69.1483,815,Bundled population grid,2026-07,Методологический слой; проверить источник/единицу измерения
POP-01237,41.36961,69.16441,886,Bundled population grid,2026-07,Методологический слой; проверить источник/единицу измерения
POP-01238,41.3681,69.15249,874,Bundled population grid,2026-07,Методологический слой; проверить источник/единицу измерения
POP-01239,41.35415,69.16794,962,Bundled population grid,2026-07,Методологический слой; проверить источник/единицу измерения
POP-01240,41.35265,69.15602,1709,Bundled population grid,2026-07,Методологический слой; проверить источник/единицу измерения
POP-01241,41.36263,69.17214,1699,Bundled population grid,2026-07,Методологический слой; проверить источник/единицу измерения
POP-01242,41.36113,69.16022,1005,Bundled population grid,2026-07,Методологический слой; проверить источник/единицу измерения
POP-01243,41.39505,69.17701,833,Bundled population grid,2026-07,Методологический слой; проверить источник/единицу измерения
POP-01244,41.40503,69.19314,1995,Bundled population grid,2026-07,Методологический слой; проверить источник/единицу измерения
POP-01245,41.40353,69.18121,1063,Bundled population grid,2026-07,Методологический слой; проверить источник/единицу измерения
POP-01246,41.38957,69.19666,2248,Bundled population grid,2026-07,Методологический слой; проверить источник/единицу измерения
POP-01247,41.38807,69.18473,1135,Bundled population grid,2026-07,Методологический слой; проверить источник/единицу измерения
POP-01248,41.39805,69.20086,2250,Bundled population grid,2026-07,Методологический слой; проверить источник/единицу измерения
POP-01249,41.39655,69.18893,1709,Bundled population grid,2026-07,Методологический слой; проверить источник/единицу измерения
POP-01250,41.38356,69.14896,165,Bundled population grid,2026-07,Методологический слой; проверить источник/единицу измерения
POP-01251,41.39355,69.16508,137,Bundled population grid,2026-07,Методологический слой; проверить источник/единицу измерения
POP-01252,41.39204,69.15315,40,Bundled population grid,2026-07,Методологический слой; проверить источник/единицу измерения
POP-01253,41.37809,69.16861,1441,Bundled population grid,2026-07,Методологический слой; проверить источник/единицу измерения
POP-01254,41.37658,69.15669,926,Bundled population grid,2026-07,Методологический слой; проверить источник/единицу измерения
POP-01255,41.38657,69.17281,1671,Bundled population grid,2026-07,Методологический слой; проверить источник/единицу измерения
POP-01256,41.38507,69.16088,220,Bundled population grid,2026-07,Методологический слой; проверить источник/единицу измерения
POP-01257,41.35866,69.2037,2018,Bundled population grid,2026-07,Методологический слой; проверить источник/единицу измерения
POP-01258,41.36864,69.21983,2585,Bundled population grid,2026-07,Методологический слой; проверить источник/единицу измерения
POP-01259,41.36714,69.2079,2122,Bundled population grid,2026-07,Методологический слой; проверить источник/единицу измерения
POP-01260,41.35318,69.22334,1709,Bundled population grid,2026-07,Методологический слой; проверить источник/единицу измерения
POP-01261,41.35168,69.21142,1585,Bundled population grid,2026-07,Методологический слой; проверить источник/единицу измерения
POP-01262,41.36165,69.22755,2243,Bundled population grid,2026-07,Методологический слой; проверить источник/единицу измерения
POP-01263,41.36016,69.21562,1967,Bundled population grid,2026-07,Методологический слой; проверить источник/единицу измерения
POP-01264,41.34717,69.17567,2322,Bundled population grid,2026-07,Методологический слой; проверить источник/единицу измерения
POP-01265,41.35716,69.19178,2041,Bundled population grid,2026-07,Методологический слой; проверить источник/единицу измерения
POP-01266,41.35565,69.17986,1947,Bundled population grid,2026-07,Методологический слой; проверить источник/единицу измерения
POP-01267,41.3417,69.1953,2357,Bundled population grid,2026-07,Методологический слой; проверить источник/единицу измерения
POP-01268,41.3402,69.18339,2590,Bundled population grid,2026-07,Методологический слой; проверить источник/единицу измерения
POP-01269,41.35018,69.1995,2114,Bundled population grid,2026-07,Методологический слой; проверить источник/единицу измерения
POP-01270,41.34868,69.18758,2415,Bundled population grid,2026-07,Методологический слой; проверить источник/единицу измерения
POP-01271,41.3826,69.20438,1152,Bundled population grid,2026-07,Методологический слой; проверить источник/единицу измерения
POP-01272,41.39257,69.22052,1081,Bundled population grid,2026-07,Методологический слой; проверить источник/единицу измерения
POP-01273,41.39107,69.20859,1522,Bundled population grid,2026-07,Методологический слой; проверить источник/единицу измерения
POP-01274,41.37711,69.22403,2552,Bundled population grid,2026-07,Методологический слой; проверить источник/единицу измерения
POP-01275,41.37562,69.21211,2630,Bundled population grid,2026-07,Методологический слой; проверить источник/единицу измерения
POP-01276,41.38559,69.22824,2375,Bundled population grid,2026-07,Методологический слой; проверить источник/единицу измерения
POP-01277,41.38409,69.21631,1881,Bundled population grid,2026-07,Методологический слой; проверить источник/единицу измерения
POP-01278,41.37111,69.17634,1980,Bundled population grid,2026-07,Методологический слой; проверить источник/единицу измерения
POP-01279,41.38109,69.19246,912,Bundled population grid,2026-07,Методологический слой; проверить источник/единицу измерения
POP-01280,41.37959,69.18053,1362,Bundled population grid,2026-07,Методологический слой; проверить источник/единицу измерения
POP-01281,41.36564,69.19598,1699,Bundled population grid,2026-07,Методологический слой; проверить источник/единицу измерения
POP-01282,41.36413,69.18406,1678,Bundled population grid,2026-07,Методологический слой; проверить источник/единицу измерения
POP-01283,41.37412,69.20018,2094,Bundled population grid,2026-07,Методологический слой; проверить источник/единицу измерения
POP-01284,41.37261,69.18826,1266,Bundled population grid,2026-07,Методологический слой; проверить источник/единицу измерения
POP-01285,41.42948,69.26122,810,Bundled population grid,2026-07,Методологический слой; проверить источник/единицу измерения
POP-01286,41.43946,69.27738,127,Bundled population grid,2026-07,Методологический слой; проверить источник/единицу измерения
POP-01287,41.43796,69.26544,271,Bundled population grid,2026-07,Методологический слой; проверить источник/единицу измерения
POP-01288,41.42399,69.28088,466,Bundled population grid,2026-07,Методологический слой; проверить источник/единицу измерения
POP-01289,41.4225,69.26894,1124,Bundled population grid,2026-07,Методологический слой; проверить источник/единицу измерения
POP-01290,41.43247,69.2851,516,Bundled population grid,2026-07,Методологический слой; проверить источник/единицу измерения
POP-01291,41.43098,69.27316,970,Bundled population grid,2026-07,Методологический слой; проверить источник/единицу измерения
POP-01292,41.45343,69.26193,43,Bundled population grid,2026-07,Методологический слой; проверить источник/единицу измерения
POP-01293,41.44794,69.28159,65,Bundled population grid,2026-07,Методологический слой; проверить источник/единицу измерения
POP-01294,41.44644,69.26965,836,Bundled population grid,2026-07,Методологический слой; проверить источник/единицу измерения
POP-01295,41.45492,69.27387,794,Bundled population grid,2026-07,Методологический слой; проверить источник/единицу измерения
POP-01296,41.42847,69.31669,603,Bundled population grid,2026-07,Методологический слой; проверить источник/единицу измерения
POP-01297,41.43843,69.33286,1805,Bundled population grid,2026-07,Методологический слой; проверить источник/единицу измерения
POP-01298,41.43694,69.32092,527,Bundled population grid,2026-07,Методологический слой; проверить источник/единицу измерения
POP-01299,41.42297,69.33635,394,Bundled population grid,2026-07,Методологический слой; проверить источник/единицу измерения
POP-01300,41.42148,69.32441,504,Bundled population grid,2026-07,Методологический слой; проверить источник/единицу измерения
POP-01301,41.43144,69.34057,638,Bundled population grid,2026-07,Методологический слой; проверить источник/единицу измерения
POP-01302,41.42995,69.32863,1345,Bundled population grid,2026-07,Методологический слой; проверить источник/единицу измерения
POP-01303,41.41701,69.2886,50,Bundled population grid,2026-07,Методологический слой; проверить источник/единицу измерения
POP-01304,41.42698,69.30476,1008,Bundled population grid,2026-07,Методологический слой; проверить источник/единицу измерения
POP-01305,41.42549,69.29282,309,Bundled population grid,2026-07,Методологический слой; проверить источник/единицу измерения
POP-01306,41.41151,69.30825,1714,Bundled population grid,2026-07,Методологический слой; проверить источник/единицу измерения
POP-01307,41.41002,69.29632,1400,Bundled population grid,2026-07,Методологический слой; проверить источник/единицу измерения
POP-01308,41.41999,69.31247,1565,Bundled population grid,2026-07,Методологический слой; проверить источник/единицу измерения
POP-01309,41.4185,69.30054,881,Bundled population grid,2026-07,Методологический слой; проверить источник/единицу измерения
POP-01310,41.45241,69.31742,685,Bundled population grid,2026-07,Методологический слой; проверить источник/единицу измерения
POP-01311,41.46238,69.33359,80,Bundled population grid,2026-07,Методологический слой; проверить источник/единицу измерения
POP-01312,41.44691,69.33708,873,Bundled population grid,2026-07,Методологический слой; проверить источник/единицу измерения
POP-01313,41.44542,69.32514,92,Bundled population grid,2026-07,Методологический слой; проверить источник/единицу измерения
POP-01314,41.45539,69.34131,422,Bundled population grid,2026-07,Методологический слой; проверить источник/единицу измерения
POP-01315,41.44095,69.28932,45,Bundled population grid,2026-07,Методологический слой; проверить источник/единицу измерения
POP-01316,41.43545,69.30898,25,Bundled population grid,2026-07,Методологический слой; проверить источник/единицу измерения
POP-01317,41.43396,69.29704,46,Bundled population grid,2026-07,Методологический слой; проверить источник/единицу измерения
POP-01318,41.44393,69.3132,118,Bundled population grid,2026-07,Методологический слой; проверить источник/единицу измерения
POP-01319,41.44244,69.30126,58,Bundled population grid,2026-07,Методологический слой; проверить источник/единицу измерения
POP-01320,41.41899,69.17768,923,Bundled population grid,2026-07,Методологический слой; проверить источник/единицу измерения
POP-01321,41.42898,69.19381,1054,Bundled population grid,2026-07,Методологический слой; проверить источник/единицу измерения
POP-01322,41.42747,69.18188,1805,Bundled population grid,2026-07,Методологический слой; проверить источник/единицу измерения
POP-01323,41.41351,69.19734,1921,Bundled population grid,2026-07,Методологический слой; проверить источник/единицу измерения
POP-01324,41.41201,69.18541,2241,Bundled population grid,2026-07,Методологический слой; проверить источник/единицу измерения
POP-01325,41.422,69.20154,2403,Bundled population grid,2026-07,Методологический слой; проверить источник/единицу измерения
POP-01326,41.42049,69.18961,1719,Bundled population grid,2026-07,Методологический слой; проверить источник/единицу измерения
POP-01327,41.45442,69.20643,524,Bundled population grid,2026-07,Методологический слой; проверить источник/единицу измерения
POP-01328,41.4644,69.22258,856,Bundled population grid,2026-07,Методологический слой; проверить источник/единицу измерения
POP-01329,41.44894,69.2261,1544,Bundled population grid,2026-07,Методологический слой; проверить источник/единицу измерения
POP-01330,41.44744,69.21416,1266,Bundled population grid,2026-07,Методологический слой; проверить источник/единицу измерения
POP-01331,41.45742,69.23031,25,Bundled population grid,2026-07,Методологический слой; проверить источник/единицу измерения
POP-01332,41.45592,69.21837,179,Bundled population grid,2026-07,Методологический слой; проверить источник/единицу измерения
POP-01333,41.44293,69.17835,746,Bundled population grid,2026-07,Методологический слой; проверить источник/единицу измерения
POP-01334,41.45292,69.19449,494,Bundled population grid,2026-07,Методологический слой; проверить источник/единицу измерения
POP-01335,41.45142,69.18255,1274,Bundled population grid,2026-07,Методологический слой; проверить источник/единицу измерения
POP-01336,41.43746,69.19802,1841,Bundled population grid,2026-07,Методологический слой; проверить источник/единицу измерения
POP-01337,41.43595,69.18608,433,Bundled population grid,2026-07,Методологический слой; проверить источник/единицу измерения
POP-01338,41.44594,69.20222,679,Bundled population grid,2026-07,Методологический слой; проверить источник/единицу измерения
POP-01339,41.44444,69.19029,536,Bundled population grid,2026-07,Методологический слой; проверить источник/единицу измерения
POP-01340,41.41801,69.23314,451,Bundled population grid,2026-07,Методологический слой; проверить источник/единицу измерения
POP-01341,41.42799,69.24928,448,Bundled population grid,2026-07,Методологический слой; проверить источник/единицу измерения
POP-01342,41.42649,69.23735,385,Bundled population grid,2026-07,Методологический слой; проверить источник/единицу измерения
POP-01343,41.41253,69.2528,646,Bundled population grid,2026-07,Методологический слой; проверить источник/единицу измерения
POP-01344,41.41103,69.24086,815,Bundled population grid,2026-07,Методологический слой; проверить источник/единицу измерения
POP-01345,41.42101,69.25701,549,Bundled population grid,2026-07,Методологический слой; проверить источник/единицу измерения
POP-01346,41.41951,69.24507,431,Bundled population grid,2026-07,Методологический слой; проверить источник/единицу измерения
POP-01347,41.40654,69.20507,2134,Bundled population grid,2026-07,Методологический слой; проверить источник/единицу измерения
POP-01348,41.41651,69.2212,635,Bundled population grid,2026-07,Методологический слой; проверить источник/единицу измерения
POP-01349,41.41502,69.20927,1370,Bundled population grid,2026-07,Методологический слой; проверить источник/единицу измерения
POP-01350,41.40105,69.22472,1714,Bundled population grid,2026-07,Методологический слой; проверить источник/единицу измерения
POP-01351,41.39955,69.21279,2005,Bundled population grid,2026-07,Методологический слой; проверить источник/единицу измерения
POP-01352,41.40953,69.22893,1838,Bundled population grid,2026-07,Методологический слой; проверить источник/единицу измерения
POP-01353,41.40803,69.217,2365,Bundled population grid,2026-07,Методологический слой; проверить источник/единицу измерения
POP-01354,41.44196,69.23383,709,Bundled population grid,2026-07,Методологический слой; проверить источник/единицу измерения
POP-01355,41.45193,69.24999,486,Bundled population grid,2026-07,Методологический слой; проверить источник/единицу измерения
POP-01356,41.45044,69.23804,1557,Bundled population grid,2026-07,Методологический слой; проверить источник/единицу измерения
POP-01357,41.43647,69.2535,426,Bundled population grid,2026-07,Методологический слой; проверить источник/единицу измерения
POP-01358,41.43497,69.24156,22,Bundled population grid,2026-07,Методологический слой; проверить источник/единицу измерения
POP-01359,41.44495,69.25771,1727,Bundled population grid,2026-07,Методологический слой; проверить источник/единицу измерения
POP-01360,41.44345,69.24577,1393,Bundled population grid,2026-07,Методологический слой; проверить источник/единицу измерения
POP-01361,41.43048,69.20575,1979,Bundled population grid,2026-07,Методологический слой; проверить источник/единицу измерения
POP-01362,41.44046,69.22189,426,Bundled population grid,2026-07,Методологический слой; проверить источник/единицу измерения
POP-01363,41.43896,69.20996,1486,Bundled population grid,2026-07,Методологический слой; проверить источник/единицу измерения
POP-01364,41.42499,69.22541,127,Bundled population grid,2026-07,Методологический слой; проверить источник/единицу измерения
POP-01365,41.4235,69.21348,1516,Bundled population grid,2026-07,Методологический слой; проверить источник/единицу измерения
POP-01366,41.43348,69.22962,218,Bundled population grid,2026-07,Методологический слой; проверить источник/единицу измерения
POP-01367,41.43198,69.21769,1033,Bundled population grid,2026-07,Методологический слой; проверить источник/единицу измерения
POP-01368,41.32125,69.28574,1770,Bundled population grid,2026-07,Методологический слой; проверить источник/единицу измерения
POP-01369,41.33122,69.30187,1982,Bundled population grid,2026-07,Методологический слой; проверить источник/единицу измерения
POP-01370,41.32973,69.28995,1950,Bundled population grid,2026-07,Методологический слой; проверить источник/единицу измерения
POP-01371,41.31576,69.30536,1648,Bundled population grid,2026-07,Методологический слой; проверить источник/единицу измерения
POP-01372,41.31427,69.29345,1263,Bundled population grid,2026-07,Методологический слой; проверить источник/единицу измерения
POP-01373,41.32423,69.30958,1479,Bundled population grid,2026-07,Методологический слой; проверить источник/единицу измерения
POP-01374,41.32274,69.29766,1676,Bundled population grid,2026-07,Методологический слой; проверить источник/единицу измерения
POP-01375,41.35665,69.31452,1116,Bundled population grid,2026-07,Методологический слой; проверить источник/единицу измерения
POP-01376,41.36661,69.33066,1722,Bundled population grid,2026-07,Методологический слой; проверить источник/единицу измерения
POP-01377,41.36512,69.31873,1691,Bundled population grid,2026-07,Методологический слой; проверить источник/единицу измерения
POP-01378,41.35115,69.33415,1423,Bundled population grid,2026-07,Методологический слой; проверить источник/единицу измерения
POP-01379,41.34966,69.32222,1555,Bundled population grid,2026-07,Методологический слой; проверить источник/единицу измерения
POP-01380,41.35962,69.33837,1612,Bundled population grid,2026-07,Методологический слой; проверить источник/единицу измерения
POP-01381,41.35813,69.32644,1403,Bundled population grid,2026-07,Методологический слой; проверить источник/единицу измерения
POP-01382,41.34519,69.28645,1463,Bundled population grid,2026-07,Методологический слой; проверить источник/единицу измерения
POP-01383,41.35516,69.30259,1535,Bundled population grid,2026-07,Методологический слой; проверить источник/единицу измерения
POP-01384,41.35367,69.29067,2035,Bundled population grid,2026-07,Методологический слой; проверить источник/единицу измерения
POP-01385,41.3397,69.30608,1231,Bundled population grid,2026-07,Методологический слой; проверить источник/единицу измерения
POP-01386,41.33821,69.29416,2124,Bundled population grid,2026-07,Методологический слой; проверить источник/единицу измерения
POP-01387,41.34817,69.3103,709,Bundled population grid,2026-07,Методологический слой; проверить источник/единицу измерения
POP-01388,41.34668,69.29838,1706,Bundled population grid,2026-07,Методологический слой; проверить источник/единицу измерения
POP-01389,41.32022,69.34111,2228,Bundled population grid,2026-07,Методологический слой; проверить источник/единицу измерения
POP-01390,41.33018,69.35725,1861,Bundled population grid,2026-07,Методологический слой; проверить источник/единицу измерения
POP-01391,41.3287,69.34533,1881,Bundled population grid,2026-07,Методологический слой; проверить источник/единицу измерения
POP-01392,41.31472,69.36073,1367,Bundled population grid,2026-07,Методологический слой; проверить источник/единицу измерения
POP-01393,41.31323,69.34881,1588,Bundled population grid,2026-07,Методологический слой; проверить источник/единицу измерения
POP-01394,41.32319,69.36495,1205,Bundled population grid,2026-07,Методологический слой; проверить источник/единицу измерения
POP-01395,41.32171,69.35303,1803,Bundled population grid,2026-07,Методологический слой; проверить источник/единицу измерения
POP-01396,41.30877,69.31306,1020,Bundled population grid,2026-07,Методологический слой; проверить источник/единицу измерения
POP-01397,41.31874,69.3292,2299,Bundled population grid,2026-07,Методологический слой; проверить источник/единицу измерения
POP-01398,41.31725,69.31728,1737,Bundled population grid,2026-07,Методологический слой; проверить источник/единицу измерения
POP-01399,41.30327,69.33268,1321,Bundled population grid,2026-07,Методологический слой; проверить источник/единицу измерения
POP-01400,41.30179,69.32077,1289,Bundled population grid,2026-07,Методологический слой; проверить источник/единицу измерения
POP-01401,41.31175,69.3369,1782,Bundled population grid,2026-07,Методологический слой; проверить источник/единицу измерения
POP-01402,41.31026,69.32498,1659,Bundled population grid,2026-07,Методологический слой; проверить источник/единицу измерения
POP-01403,41.34416,69.34185,1276,Bundled population grid,2026-07,Методологический слой; проверить источник/единицу измерения
POP-01404,41.35412,69.358,1456,Bundled population grid,2026-07,Методологический слой; проверить источник/единицу измерения
POP-01405,41.35263,69.34607,1595,Bundled population grid,2026-07,Методологический слой; проверить источник/единицу измерения
POP-01406,41.33865,69.36147,1861,Bundled population grid,2026-07,Методологический слой; проверить источник/единицу измерения
POP-01407,41.33717,69.34955,1486,Bundled population grid,2026-07,Методологический слой; проверить источник/единицу измерения
POP-01408,41.34713,69.3657,1856,Bundled population grid,2026-07,Методологический слой; проверить источник/единицу измерения
POP-01409,41.34564,69.35377,1562,Bundled population grid,2026-07,Методологический слой; проверить источник/единицу измерения
POP-01410,41.33271,69.31379,1468,Bundled population grid,2026-07,Методологический слой; проверить источник/единицу измерения
POP-01411,41.34267,69.32993,1815,Bundled population grid,2026-07,Методологический слой; проверить источник/единицу измерения
POP-01412,41.34118,69.31801,889,Bundled population grid,2026-07,Методологический слой; проверить источник/единицу измерения
POP-01413,41.32721,69.33341,1719,Bundled population grid,2026-07,Методологический слой; проверить источник/единицу измерения
POP-01414,41.32572,69.32149,1524,Bundled population grid,2026-07,Методологический слой; проверить источник/единицу измерения
POP-01415,41.33568,69.33763,1264,Bundled population grid,2026-07,Методологический слой; проверить источник/единицу измерения
POP-01416,41.3342,69.32571,1780,Bundled population grid,2026-07,Методологический слой; проверить источник/единицу измерения
POP-01417,41.31079,69.20234,2116,Bundled population grid,2026-07,Методологический слой; проверить источник/единицу измерения
POP-01418,41.32076,69.21845,2155,Bundled population grid,2026-07,Методологический слой; проверить источник/единицу измерения
POP-01419,41.31926,69.20654,2552,Bundled population grid,2026-07,Методологический слой; проверить источник/единицу измерения
POP-01420,41.30531,69.22197,1962,Bundled population grid,2026-07,Методологический слой; проверить источник/единицу измерения
POP-01421,41.30381,69.21006,1831,Bundled population grid,2026-07,Методологический слой; проверить источник/единицу измерения
POP-01422,41.31378,69.22617,2147,Bundled population grid,2026-07,Методологический слой; проверить источник/единицу измерения
POP-01423,41.31228,69.21425,1833,Bundled population grid,2026-07,Методологический слой; проверить источник/единицу измерения
POP-01424,41.3462,69.23106,2116,Bundled population grid,2026-07,Методологический слой; проверить источник/единицу измерения
POP-01425,41.35617,69.24719,2193,Bundled population grid,2026-07,Методологический слой; проверить источник/единицу измерения
POP-01426,41.35467,69.23526,2035,Bundled population grid,2026-07,Методологический слой; проверить источник/единицу измерения
POP-01427,41.34071,69.25069,2079,Bundled population grid,2026-07,Методологический слой; проверить источник/единицу измерения
POP-01428,41.33921,69.23877,2137,Bundled population grid,2026-07,Методологический слой; проверить источник/единицу измерения
POP-01429,41.34919,69.2549,1949,Bundled population grid,2026-07,Методологический слой; проверить источник/единицу измерения
POP-01430,41.34769,69.24298,2003,Bundled population grid,2026-07,Методологический слой; проверить источник/единицу измерения
POP-01431,41.33472,69.20302,2033,Bundled population grid,2026-07,Методологический слой; проверить источник/единицу измерения
POP-01432,41.3447,69.21914,2109,Bundled population grid,2026-07,Методологический слой; проверить источник/единицу измерения
POP-01433,41.3432,69.20722,1787,Bundled population grid,2026-07,Методологический слой; проверить источник/единицу измерения
POP-01434,41.32924,69.22265,1935,Bundled population grid,2026-07,Методологический слой; проверить источник/единицу измерения
POP-01435,41.32774,69.21074,2243,Bundled population grid,2026-07,Методологический слой; проверить источник/единицу измерения
POP-01436,41.33772,69.22686,2109,Bundled population grid,2026-07,Методологический слой; проверить источник/единицу измерения
POP-01437,41.33622,69.21494,2099,Bundled population grid,2026-07,Методологический слой; проверить источник/единицу измерения
POP-01438,41.30979,69.2577,1119,Bundled population grid,2026-07,Методологический слой; проверить источник/единицу измерения
POP-01439,41.31976,69.27382,1240,Bundled population grid,2026-07,Методологический слой; проверить источник/единицу измерения
POP-01440,41.31827,69.26191,1454,Bundled population grid,2026-07,Методологический слой; проверить источник/единицу измерения
POP-01441,41.3043,69.27732,1666,Bundled population grid,2026-07,Методологический слой; проверить источник/единицу измерения
POP-01442,41.30281,69.26541,1577,Bundled population grid,2026-07,Методологический слой; проверить источник/единицу измерения
POP-01443,41.31278,69.28153,1220,Bundled population grid,2026-07,Методологический слой; проверить источник/единицу измерения
POP-01444,41.31129,69.26962,1117,Bundled population grid,2026-07,Методологический слой; проверить источник/единицу измерения
POP-01445,41.29833,69.22968,1777,Bundled population grid,2026-07,Методологический слой; проверить источник/единицу измерения
POP-01446,41.3083,69.24579,1469,Bundled population grid,2026-07,Методологический слой; проверить источник/единицу измерения
POP-01447,41.3068,69.23388,1883,Bundled population grid,2026-07,Методологический слой; проверить источник/единицу измерения
POP-01448,41.29284,69.2493,1849,Bundled population grid,2026-07,Методологический слой; проверить источник/единицу измерения
POP-01449,41.29135,69.23739,1909,Bundled population grid,2026-07,Методологический слой; проверить источник/единицу измерения
POP-01450,41.30132,69.2535,1711,Bundled population grid,2026-07,Методологический слой; проверить источник/единицу измерения
POP-01451,41.29982,69.24159,866,Bundled population grid,2026-07,Методологический слой; проверить источник/единицу измерения
POP-01452,41.33373,69.25841,1747,Bundled population grid,2026-07,Методологический слой; проверить источник/единицу измерения
POP-01453,41.3437,69.27453,1965,Bundled population grid,2026-07,Методологический слой; проверить источник/единицу измерения
POP-01454,41.3422,69.26261,1871,Bundled population grid,2026-07,Методологический слой; проверить источник/единицу измерения
POP-01455,41.32824,69.27803,1600,Bundled population grid,2026-07,Методологический слой; проверить источник/единицу измерения
POP-01456,41.32675,69.26612,1516,Bundled population grid,2026-07,Методологический слой; проверить источник/единицу измерения
POP-01457,41.33671,69.28224,1426,Bundled population grid,2026-07,Методологический слой; проверить источник/единицу измерения
POP-01458,41.33522,69.27032,1699,Bundled population grid,2026-07,Методологический слой; проверить источник/единицу измерения
POP-01459,41.32226,69.23037,1577,Bundled population grid,2026-07,Методологический слой; проверить источник/единицу измерения
POP-01460,41.33223,69.24649,1646,Bundled population grid,2026-07,Методологический слой; проверить источник/единицу измерения
POP-01461,41.33074,69.23457,2106,Bundled population grid,2026-07,Методологический слой; проверить источник/единицу измерения
POP-01462,41.31677,69.24999,1089,Bundled population grid,2026-07,Методологический слой; проверить источник/единицу измерения
POP-01463,41.31528,69.23808,1724,Bundled population grid,2026-07,Методологический слой; проверить источник/единицу измерения
POP-01464,41.32525,69.2542,1721,Bundled population grid,2026-07,Методологический слой; проверить источник/единицу измерения
POP-01465,41.32376,69.24228,1699,Bundled population grid,2026-07,Методологический слой; проверить источник/единицу измерения
POP-01466,41.38058,69.31524,2021,Bundled population grid,2026-07,Методологический слой; проверить источник/единицу измерения
POP-01467,41.39055,69.33139,1202,Bundled population grid,2026-07,Методологический слой; проверить источник/единицу измерения
POP-01468,41.38906,69.31946,1694,Bundled population grid,2026-07,Методологический слой; проверить источник/единицу измерения
POP-01469,41.37508,69.33488,1213,Bundled population grid,2026-07,Методологический слой; проверить источник/единицу измерения
POP-01470,41.3736,69.32295,1582,Bundled population grid,2026-07,Методологический слой; проверить источник/единицу измерения
POP-01471,41.38356,69.3391,942,Bundled population grid,2026-07,Методологический слой; проверить источник/единицу измерения
POP-01472,41.38207,69.32717,1722,Bundled population grid,2026-07,Методологический слой; проверить источник/единицу измерения
POP-01473,41.41598,69.34406,405,Bundled population grid,2026-07,Методологический слой; проверить источник/единицу измерения
POP-01474,41.42594,69.36023,1311,Bundled population grid,2026-07,Методологический слой; проверить источник/единицу измерения
POP-01475,41.42445,69.34829,1489,Bundled population grid,2026-07,Методологический слой; проверить источник/единицу измерения
POP-01476,41.41047,69.36371,154,Bundled population grid,2026-07,Методологический слой; проверить источник/единицу измерения
POP-01477,41.40899,69.35177,411,Bundled population grid,2026-07,Методологический слой; проверить источник/единицу измерения
POP-01478,41.41895,69.36794,757,Bundled population grid,2026-07,Методологический слой; проверить источник/единицу измерения
POP-01479,41.41746,69.356,974,Bundled population grid,2026-07,Методологический слой; проверить источник/единицу измерения
POP-01480,41.40452,69.31597,2254,Bundled population grid,2026-07,Методологический слой; проверить источник/единицу измерения
POP-01481,41.41449,69.33213,1053,Bundled population grid,2026-07,Методологический слой; проверить источник/единицу измерения
POP-01482,41.413,69.32019,1357,Bundled population grid,2026-07,Методологический слой; проверить источник/единицу измерения
POP-01483,41.39902,69.33561,1805,Bundled population grid,2026-07,Методологический слой; проверить источник/единицу измерения
POP-01484,41.39754,69.32368,1023,Bundled population grid,2026-07,Методологический слой; проверить источник/единицу измерения
POP-01485,41.4075,69.33984,676,Bundled population grid,2026-07,Методологический слой; проверить источник/единицу измерения
POP-01486,41.40601,69.3279,747,Bundled population grid,2026-07,Методологический слой; проверить источник/единицу измерения
POP-01487,41.37954,69.37067,1197,Bundled population grid,2026-07,Методологический слой; проверить источник/единицу измерения
POP-01488,41.38949,69.38683,454,Bundled population grid,2026-07,Методологический слой; проверить источник/единицу измерения
POP-01489,41.38801,69.3749,1349,Bundled population grid,2026-07,Методологический слой; проверить источник/единицу измерения
POP-01490,41.37403,69.3903,1160,Bundled population grid,2026-07,Методологический слой; проверить источник/единицу измерения
POP-01491,41.37255,69.37837,1542,Bundled population grid,2026-07,Методологический слой; проверить источник/единицу измерения
POP-01492,41.3825,69.39453,693,Bundled population grid,2026-07,Методологический слой; проверить источник/единицу измерения
POP-01493,41.38102,69.3826,1145,Bundled population grid,2026-07,Методологический слой; проверить источник/единицу измерения
POP-01494,41.3681,69.34259,1088,Bundled population grid,2026-07,Методологический слой; проверить источник/единицу измерения
POP-01495,41.37806,69.35874,1223,Bundled population grid,2026-07,Методологический слой; проверить источник/единицу измерения
POP-01496,41.37657,69.34681,1281,Bundled population grid,2026-07,Методологический слой; проверить источник/единицу измерения
POP-01497,41.36259,69.36222,1643,Bundled population grid,2026-07,Методологический слой; проверить источник/единицу измерения
POP-01498,41.36111,69.35029,2008,Bundled population grid,2026-07,Методологический слой; проверить источник/единицу измерения
POP-01499,41.37106,69.36644,1514,Bundled population grid,2026-07,Методологический слой; проверить источник/единицу измерения
POP-01500,41.36958,69.35452,1519,Bundled population grid,2026-07,Методологический слой; проверить источник/единицу измерения
POP-01501,41.40348,69.37142,755,Bundled population grid,2026-07,Методологический слой; проверить источник/единицу измерения
POP-01502,41.39797,69.39106,554,Bundled population grid,2026-07,Методологический слой; проверить источник/единицу измерения
POP-01503,41.39649,69.37913,833,Bundled population grid,2026-07,Методологический слой; проверить источник/единицу измерения
POP-01504,41.40644,69.39529,1180,Bundled population grid,2026-07,Методологический слой; проверить источник/единицу измерения
POP-01505,41.40496,69.38335,456,Bundled population grid,2026-07,Методологический слой; проверить источник/единицу измерения
POP-01506,41.39203,69.34332,1630,Bundled population grid,2026-07,Методологический слой; проверить источник/единицу измерения
POP-01507,41.402,69.35948,808,Bundled population grid,2026-07,Методологический слой; проверить источник/единицу измерения
POP-01508,41.40051,69.34755,1585,Bundled population grid,2026-07,Методологический слой; проверить источник/единицу измерения
POP-01509,41.38653,69.36296,1185,Bundled population grid,2026-07,Методологический слой; проверить источник/единицу измерения
POP-01510,41.38505,69.35103,1488,Bundled population grid,2026-07,Методологический слой; проверить источник/единицу измерения
POP-01511,41.395,69.36719,1469,Bundled population grid,2026-07,Методологический слой; проверить источник/единицу измерения
POP-01512,41.39352,69.35526,1858,Bundled population grid,2026-07,Методологический слой; проверить источник/единицу измерения
POP-01513,41.37013,69.23175,2545,Bundled population grid,2026-07,Методологический слой; проверить источник/единицу измерения
POP-01514,41.38011,69.24789,1962,Bundled population grid,2026-07,Методологический слой; проверить источник/единицу измерения
POP-01515,41.37861,69.23596,2121,Bundled population grid,2026-07,Методологический слой; проверить источник/единицу измерения
POP-01516,41.36465,69.25139,1664,Bundled population grid,2026-07,Методологический слой; проверить источник/единицу измерения
POP-01517,41.36315,69.23947,2149,Bundled population grid,2026-07,Методологический слой; проверить источник/единицу измерения
POP-01518,41.37313,69.2556,1800,Bundled population grid,2026-07,Методологический слой; проверить источник/единицу измерения
POP-01519,41.37163,69.24368,2031,Bundled population grid,2026-07,Методологический слой; проверить источник/единицу измерения
POP-01520,41.40554,69.26052,2104,Bundled population grid,2026-07,Методологический слой; проверить источник/единицу измерения
POP-01521,41.41552,69.27666,48,Bundled population grid,2026-07,Методологический слой; проверить источник/единицу измерения
POP-01522,41.41402,69.26473,1714,Bundled population grid,2026-07,Методологический слой; проверить источник/единицу измерения
POP-01523,41.40005,69.28017,1329,Bundled population grid,2026-07,Методологический слой; проверить источник/единицу измерения
POP-01524,41.39856,69.26824,1608,Bundled population grid,2026-07,Методологический слой; проверить источник/единицу измерения
POP-01525,41.40853,69.28438,1086,Bundled population grid,2026-07,Методологический слой; проверить источник/единицу измерения
POP-01526,41.40704,69.27245,1236,Bundled population grid,2026-07,Методологический слой; проверить источник/единицу измерения
POP-01527,41.39407,69.23245,1967,Bundled population grid,2026-07,Методологический слой; проверить источник/единицу измерения
POP-01528,41.40405,69.24858,807,Bundled population grid,2026-07,Методологический слой; проверить источник/единицу измерения
POP-01529,41.40255,69.23665,1434,Bundled population grid,2026-07,Методологический слой; проверить источник/единицу измерения
POP-01530,41.38859,69.25209,2271,Bundled population grid,2026-07,Методологический слой; проверить источник/единицу измерения
POP-01531,41.38709,69.24017,1876,Bundled population grid,2026-07,Методологический слой; проверить источник/единицу измерения
POP-01532,41.39706,69.25631,2073,Bundled population grid,2026-07,Методологический слой; проверить источник/единицу измерения
POP-01533,41.39557,69.24437,2400,Bundled population grid,2026-07,Методологический слой; проверить источник/единицу измерения
POP-01534,41.36913,69.28717,1578,Bundled population grid,2026-07,Методологический слой; проверить источник/единицу измерения
POP-01535,41.37909,69.30331,2220,Bundled population grid,2026-07,Методологический слой; проверить источник/единицу измерения
POP-01536,41.3776,69.29138,2132,Bundled population grid,2026-07,Методологический слой; проверить источник/единицу измерения
POP-01537,41.36363,69.30681,1425,Bundled population grid,2026-07,Методологический слой; проверить источник/единицу измерения
POP-01538,41.36214,69.29488,1697,Bundled population grid,2026-07,Методологический слой; проверить источник/единицу измерения
POP-01539,41.37211,69.31102,1686,Bundled population grid,2026-07,Методологический слой; проверить источник/единицу измерения
POP-01540,41.37062,69.2991,1625,Bundled population grid,2026-07,Методологический слой; проверить источник/единицу измерения
POP-01541,41.35766,69.25911,1838,Bundled population grid,2026-07,Методологический слой; проверить источник/единицу измерения
POP-01542,41.36764,69.27524,1800,Bundled population grid,2026-07,Методологический слой; проверить источник/единицу измерения
POP-01543,41.36614,69.26332,1727,Bundled population grid,2026-07,Методологический слой; проверить источник/единицу измерения
POP-01544,41.35217,69.27874,2119,Bundled population grid,2026-07,Методологический слой; проверить источник/единицу измерения
POP-01545,41.35068,69.26682,1960,Bundled population grid,2026-07,Методологический слой; проверить источник/единицу измерения
POP-01546,41.36065,69.28296,1727,Bundled population grid,2026-07,Методологический слой; проверить источник/единицу измерения
POP-01547,41.35916,69.27103,2043,Bundled population grid,2026-07,Методологический слой; проверить источник/единицу измерения
POP-01548,41.39307,69.28788,1321,Bundled population grid,2026-07,Методологический слой; проверить источник/единицу измерения
POP-01549,41.40303,69.30403,1975,Bundled population grid,2026-07,Методологический слой; проверить источник/единицу измерения
POP-01550,41.40154,69.2921,998,Bundled population grid,2026-07,Методологический слой; проверить источник/единицу измерения
POP-01551,41.38757,69.30753,615,Bundled population grid,2026-07,Методологический слой; проверить источник/единицу измерения
POP-01552,41.38608,69.2956,1000,Bundled population grid,2026-07,Методологический слой; проверить источник/единицу измерения
POP-01553,41.39605,69.31175,413,Bundled population grid,2026-07,Методологический слой; проверить источник/единицу измерения
POP-01554,41.39456,69.29982,1255,Bundled population grid,2026-07,Методологический слой; проверить источник/единицу измерения
POP-01555,41.3816,69.25981,2046,Bundled population grid,2026-07,Методологический слой; проверить источник/единицу измерения
POP-01556,41.39157,69.27595,666,Bundled population grid,2026-07,Методологический слой; проверить источник/единицу измерения
POP-01557,41.39008,69.26402,2129,Bundled population grid,2026-07,Методологический слой; проверить источник/единицу измерения
POP-01558,41.37611,69.27946,2023,Bundled population grid,2026-07,Методологический слой; проверить источник/единицу измерения
POP-01559,41.37462,69.26753,1628,Bundled population grid,2026-07,Методологический слой; проверить источник/единицу измерения
POP-01560,41.38459,69.28367,1598,Bundled population grid,2026-07,Методологический слой; проверить источник/единицу измерения
POP-01561,41.3831,69.27174,2121,Bundled population grid,2026-07,Методологический слой; проверить источник/единицу измерения
POP-01562,41.28815,69.02375,58,Bundled population grid,2026-07,Методологический слой; проверить источник/единицу измерения
POP-01563,41.28663,69.01185,23,Bundled population grid,2026-07,Методологический слой; проверить источник/единицу измерения
POP-01564,41.2727,69.02731,255,Bundled population grid,2026-07,Методологический слой; проверить источник/единицу измерения
POP-01565,41.27119,69.01541,533,Bundled population grid,2026-07,Методологический слой; проверить источник/единицу измерения
POP-01566,41.28119,69.03148,1816,Bundled population grid,2026-07,Методологический слой; проверить источник/единицу измерения
POP-01567,41.27967,69.01958,146,Bundled population grid,2026-07,Методологический слой; проверить источник/единицу измерения
POP-01568,41.34905,69.06488,594,Bundled population grid,2026-07,Методологический слой; проверить источник/единицу измерения
POP-01569,41.35905,69.08098,1173,Bundled population grid,2026-07,Методологический слой; проверить источник/единицу измерения
POP-01570,41.35754,69.06906,1200,Bundled population grid,2026-07,Методологический слой; проверить источник/единицу измерения
POP-01571,41.3436,69.08453,147,Bundled population grid,2026-07,Методологический слой; проверить источник/единицу измерения
POP-01572,41.34208,69.07261,666,Bundled population grid,2026-07,Методологический слой; проверить источник/единицу измерения
POP-01573,41.35208,69.08871,1078,Bundled population grid,2026-07,Методологический слой; проверить источник/единицу измерения
POP-01574,41.35057,69.07679,1297,Bundled population grid,2026-07,Методологический слой; проверить источник/единицу измерения
POP-01575,41.39449,69.10964,1860,Bundled population grid,2026-07,Методологический слой; проверить источник/единицу измерения
POP-01576,41.37753,69.10127,392,Bundled population grid,2026-07,Методологический слой; проверить источник/единицу измерения
POP-01577,41.38601,69.10545,1033,Bundled population grid,2026-07,Методологический слой; проверить источник/единицу измерения
POP-01578,41.37299,69.0655,928,Bundled population grid,2026-07,Методологический слой; проверить источник/единицу измерения
POP-01579,41.36753,69.08516,749,Bundled population grid,2026-07,Методологический слой; проверить источник/единицу измерения
POP-01580,41.36602,69.07324,639,Bundled population grid,2026-07,Методологический слой; проверить источник/единицу измерения
POP-01581,41.37602,69.08934,618,Bundled population grid,2026-07,Методологический слой; проверить источник/единицу измерения
POP-01582,41.3745,69.07742,264,Bundled population grid,2026-07,Методологический слой; проверить источник/единицу измерения
POP-01583,41.34813,69.12027,942,Bundled population grid,2026-07,Методологический слой; проверить источник/единицу измерения
POP-01584,41.35812,69.13638,1506,Bundled population grid,2026-07,Методологический слой; проверить источник/единицу измерения
POP-01585,41.35661,69.12446,1919,Bundled population grid,2026-07,Методологический слой; проверить источник/единицу измерения
POP-01586,41.34266,69.13991,704,Bundled population grid,2026-07,Методологический слой; проверить источник/единицу измерения
POP-01587,41.34115,69.128,489,Bundled population grid,2026-07,Методологический слой; проверить источник/единицу измерения
POP-01588,41.35114,69.14411,1706,Bundled population grid,2026-07,Методологический слой; проверить источник/единицу измерения
POP-01589,41.34963,69.13219,623,Bundled population grid,2026-07,Методологический слой; проверить источник/единицу измерения
POP-01590,41.33663,69.09226,408,Bundled population grid,2026-07,Методологический слой; проверить источник/единицу измерения
POP-01591,41.34662,69.10836,337,Bundled population grid,2026-07,Методологический слой; проверить источник/единицу измерения
POP-01592,41.34511,69.09644,131,Bundled population grid,2026-07,Методологический слой; проверить источник/единицу измерения
POP-01593,41.33116,69.1119,1142,Bundled population grid,2026-07,Методологический слой; проверить источник/единицу измерения
POP-01594,41.32965,69.09999,268,Bundled population grid,2026-07,Методологический слой; проверить источник/единицу измерения
POP-01595,41.33965,69.11608,1304,Bundled population grid,2026-07,Методологический слой; проверить источник/единицу измерения
POP-01596,41.33814,69.10417,805,Bundled population grid,2026-07,Методологический слой; проверить источник/единицу измерения
POP-01597,41.37206,69.12092,289,Bundled population grid,2026-07,Методологический слой; проверить источник/единицу измерения
POP-01598,41.38205,69.13703,1613,Bundled population grid,2026-07,Методологический слой; проверить источник/единицу измерения
POP-01599,41.38055,69.12511,815,Bundled population grid,2026-07,Методологический слой; проверить источник/единицу измерения
POP-01600,41.3666,69.14057,258,Bundled population grid,2026-07,Методологический слой; проверить источник/единицу измерения
POP-01601,41.36509,69.12865,1519,Bundled population grid,2026-07,Методологический слой; проверить источник/единицу измерения
POP-01602,41.37508,69.14476,1413,Bundled population grid,2026-07,Методологический слой; проверить источник/единицу измерения
POP-01603,41.37357,69.13284,785,Bundled population grid,2026-07,Методологический слой; проверить источник/единицу измерения
POP-01604,41.36056,69.09289,1312,Bundled population grid,2026-07,Методологический слой; проверить источник/единицу измерения
POP-01605,41.37055,69.109,377,Bundled population grid,2026-07,Методологический слой; проверить источник/единицу измерения
POP-01606,41.36904,69.09708,95,Bundled population grid,2026-07,Методологический слой; проверить источник/единицу измерения
POP-01607,41.3551,69.11254,1506,Bundled population grid,2026-07,Методологический слой; проверить источник/единицу измерения
POP-01608,41.35359,69.10063,499,Bundled population grid,2026-07,Методологический слой; проверить источник/единицу измерения
POP-01609,41.36358,69.11673,1896,Bundled population grid,2026-07,Методологический слой; проверить источник/единицу измерения
POP-01610,41.36207,69.10481,1776,Bundled population grid,2026-07,Методологический слой; проверить источник/единицу измерения
POP-01611,41.34754,69.05296,59,Bundled population grid,2026-07,Методологический слой; проверить источник/единицу измерения
POP-01612,41.34602,69.04105,46,Bundled population grid,2026-07,Методологический слой; проверить источник/единицу измерения
POP-01613,41.33209,69.05652,22,Bundled population grid,2026-07,Методологический слой; проверить источник/единицу измерения
POP-01614,41.33057,69.04461,107,Bundled population grid,2026-07,Методологический слой; проверить источник/единицу измерения
POP-01615,41.33905,69.04879,21,Bundled population grid,2026-07,Методологический слой; проверить источник/единицу измерения
POP-01616,41.36147,69.03749,40,Bundled population grid,2026-07,Методологический слой; проверить источник/единицу измерения
POP-01617,41.37147,69.05358,1817,Bundled population grid,2026-07,Методологический слой; проверить источник/единицу измерения
POP-01618,41.36996,69.04167,156,Bundled population grid,2026-07,Методологический слой; проверить источник/единицу измерения
POP-01619,41.35602,69.05714,637,Bundled population grid,2026-07,Методологический слой; проверить источник/единицу измерения
POP-01620,41.35451,69.04523,45,Bundled population grid,2026-07,Методологический слой; проверить источник/единицу измерения
POP-01621,41.36451,69.06132,599,Bundled population grid,2026-07,Методологический слой; проверить источник/единицу измерения
POP-01622,41.36299,69.04941,294,Bundled population grid,2026-07,Методологический слой; проверить источник/единицу измерения
POP-01623,41.35299,69.03331,154,Bundled population grid,2026-07,Методологический слой; проверить источник/единицу измерения
POP-01624,41.2409,69.08972,575,Bundled population grid,2026-07,Методологический слой; проверить источник/единицу измерения
POP-01625,41.25089,69.10579,374,Bundled population grid,2026-07,Методологический слой; проверить источник/единицу измерения
POP-01626,41.24938,69.09389,572,Bundled population grid,2026-07,Методологический слой; проверить источник/единицу измерения
POP-01627,41.23544,69.10933,261,Bundled population grid,2026-07,Методологический слой; проверить источник/единицу измерения
POP-01628,41.23393,69.09743,145,Bundled population grid,2026-07,Методологический слой; проверить источник/единицу измерения
POP-01629,41.24392,69.11351,901,Bundled population grid,2026-07,Методологический слой; проверить источник/единицу измерения
POP-01630,41.24241,69.10161,40,Bundled population grid,2026-07,Методологический слой; проверить источник/единицу измерения
POP-01631,41.27632,69.11833,712,Bundled population grid,2026-07,Методологический слой; проверить источник/единицу измерения
POP-01632,41.28631,69.13442,1483,Bundled population grid,2026-07,Методологический слой; проверить источник/единицу измерения
POP-01633,41.2848,69.12252,1109,Bundled population grid,2026-07,Методологический слой; проверить источник/единицу измерения
POP-01634,41.27086,69.13795,1565,Bundled population grid,2026-07,Методологический слой; проверить источник/единицу измерения
POP-01635,41.26935,69.12605,985,Bundled population grid,2026-07,Методологический слой; проверить источник/единицу измерения
POP-01636,41.27934,69.14214,1633,Bundled population grid,2026-07,Методологический слой; проверить источник/единицу измерения
POP-01637,41.27783,69.13023,965,Bundled population grid,2026-07,Методологический слой; проверить источник/единицу измерения
POP-01638,41.26483,69.09035,53,Bundled population grid,2026-07,Методологический слой; проверить источник/единицу измерения
POP-01639,41.27482,69.10643,1096,Bundled population grid,2026-07,Методологический слой; проверить источник/единицу измерения
POP-01640,41.27331,69.09453,154,Bundled population grid,2026-07,Методологический слой; проверить источник/единицу измерения
POP-01641,41.25937,69.10997,259,Bundled population grid,2026-07,Методологический слой; проверить источник/единицу измерения
POP-01642,41.25786,69.09807,742,Bundled population grid,2026-07,Методологический слой; проверить источник/единицу измерения
POP-01643,41.26785,69.11415,473,Bundled population grid,2026-07,Методологический слой; проверить источник/единицу измерения
POP-01644,41.26634,69.10225,215,Bundled population grid,2026-07,Методологический слой; проверить источник/единицу измерения
POP-01645,41.23996,69.14501,1362,Bundled population grid,2026-07,Методологический слой; проверить источник/единицу измерения
POP-01646,41.24994,69.16109,1646,Bundled population grid,2026-07,Методологический слой; проверить источник/единицу измерения
POP-01647,41.24843,69.1492,1987,Bundled population grid,2026-07,Методологический слой; проверить источник/единицу измерения
POP-01648,41.23449,69.16462,1390,Bundled population grid,2026-07,Методологический слой; проверить источник/единицу измерения
POP-01649,41.23298,69.15272,1135,Bundled population grid,2026-07,Методологический слой; проверить источник/единицу измерения
POP-01650,41.24296,69.1688,1496,Bundled population grid,2026-07,Методологический слой; проверить источник/единицу измерения
POP-01651,41.24146,69.15691,990,Bundled population grid,2026-07,Методологический слой; проверить источник/единицу измерения
POP-01652,41.22847,69.11704,152,Bundled population grid,2026-07,Методологический слой; проверить источник/единицу измерения
POP-01653,41.23845,69.13312,1471,Bundled population grid,2026-07,Методологический слой; проверить источник/единицу измерения
POP-01654,41.23694,69.12122,876,Bundled population grid,2026-07,Методологический слой; проверить источник/единицу измерения
POP-01655,41.223,69.13665,1089,Bundled population grid,2026-07,Методологический слой; проверить источник/единицу измерения
POP-01656,41.22149,69.12475,1091,Bundled population grid,2026-07,Методологический слой; проверить источник/единицу измерения
POP-01657,41.23148,69.14083,410,Bundled population grid,2026-07,Методологический слой; проверить источник/единицу измерения
POP-01658,41.22997,69.12893,1456,Bundled population grid,2026-07,Методологический слой; проверить источник/единицу измерения
POP-01659,41.26389,69.14567,1544,Bundled population grid,2026-07,Методологический слой; проверить источник/единицу измерения
POP-01660,41.27387,69.16176,2281,Bundled population grid,2026-07,Методологический слой; проверить источник/единицу измерения
POP-01661,41.27236,69.14985,1892,Bundled population grid,2026-07,Методологический слой; проверить источник/единицу измерения
POP-01662,41.25842,69.16528,1372,Bundled population grid,2026-07,Методологический слой; проверить источник/единицу измерения
POP-01663,41.25691,69.15338,1509,Bundled population grid,2026-07,Методологический слой; проверить источник/единицу измерения
POP-01664,41.26689,69.16947,1838,Bundled population grid,2026-07,Методологический слой; проверить источник/единицу измерения
POP-01665,41.26539,69.15757,1828,Bundled population grid,2026-07,Методологический слой; проверить источник/единицу измерения
POP-01666,41.25239,69.11769,985,Bundled population grid,2026-07,Методологический слой; проверить источник/единицу измерения
POP-01667,41.26238,69.13377,314,Bundled population grid,2026-07,Методологический слой; проверить источник/единицу измерения
POP-01668,41.26087,69.12187,696,Bundled population grid,2026-07,Методологический слой; проверить источник/единицу измерения
POP-01669,41.24693,69.1373,1086,Bundled population grid,2026-07,Методологический слой; проверить источник/единицу измерения
POP-01670,41.24542,69.1254,876,Bundled population grid,2026-07,Методологический слой; проверить источник/единицу измерения
POP-01671,41.25541,69.14148,1162,Bundled population grid,2026-07,Методологический слой; проверить источник/единицу измерения
POP-01672,41.2539,69.12958,772,Bundled population grid,2026-07,Методологический слой; проверить источник/единицу измерения
POP-01673,41.23029,69.00648,203,Bundled population grid,2026-07,Методологический слой; проверить источник/единицу измерения
POP-01674,41.24029,69.02253,241,Bundled population grid,2026-07,Методологический слой; проверить источник/единицу измерения
POP-01675,41.22485,69.02609,53,Bundled population grid,2026-07,Методологический слой; проверить источник/единицу измерения
POP-01676,41.22333,69.0142,255,Bundled population grid,2026-07,Методологический слой; проверить источник/единицу измерения
POP-01677,41.23333,69.03026,780,Bundled population grid,2026-07,Методологический слой; проверить источник/единицу измерения
POP-01678,41.26574,69.03504,68,Bundled population grid,2026-07,Методологический слой; проверить источник/единицу измерения
POP-01679,41.27574,69.05111,1028,Bundled population grid,2026-07,Методологический слой; проверить источник/единицу измерения
POP-01680,41.27422,69.03921,488,Bundled population grid,2026-07,Методологический слой; проверить источник/единицу измерения
POP-01681,41.26029,69.05466,714,Bundled population grid,2026-07,Методологический слой; проверить источник/единицу измерения
POP-01682,41.25877,69.04276,87,Bundled population grid,2026-07,Методологический слой; проверить источник/единицу измерения
POP-01683,41.26877,69.05883,749,Bundled population grid,2026-07,Методологический слой; проверить источник/единицу измерения
POP-01684,41.26725,69.04693,489,Bundled population grid,2026-07,Методологический слой; проверить источник/единицу измерения
POP-01685,41.24877,69.0267,227,Bundled population grid,2026-07,Методологический слой; проверить источник/единицу измерения
POP-01686,41.24726,69.01481,222,Bundled population grid,2026-07,Методологический слой; проверить источник/единицу измерения
POP-01687,41.22939,69.06176,385,Bundled population grid,2026-07,Методологический слой; проверить источник/единицу измерения
POP-01688,41.23938,69.07782,263,Bundled population grid,2026-07,Методологический слой; проверить источник/единицу измерения
POP-01689,41.23787,69.06593,129,Bundled population grid,2026-07,Методологический слой; проверить источник/единицу измерения
POP-01690,41.22394,69.08137,261,Bundled population grid,2026-07,Методологический слой; проверить источник/единицу измерения
POP-01691,41.22242,69.06948,1018,Bundled population grid,2026-07,Методологический слой; проверить источник/единицу измерения
POP-01692,41.23242,69.08554,377,Bundled population grid,2026-07,Методологический слой; проверить источник/единицу измерения
POP-01693,41.2309,69.07365,628,Bundled population grid,2026-07,Методологический слой; проверить источник/единицу измерения
POP-01694,41.21788,69.03381,212,Bundled population grid,2026-07,Методологический слой; проверить источник/единицу измерения
POP-01695,41.22788,69.04987,778,Bundled population grid,2026-07,Методологический слой; проверить источник/единицу измерения
POP-01696,41.22636,69.03798,1519,Bundled population grid,2026-07,Методологический слой; проверить источник/единицу измерения
POP-01697,41.21243,69.05342,141,Bundled population grid,2026-07,Методологический слой; проверить источник/единицу измерения
POP-01698,41.21092,69.04153,256,Bundled population grid,2026-07,Методологический слой; проверить источник/единицу измерения
POP-01699,41.22091,69.05759,61,Bundled population grid,2026-07,Методологический слой; проверить источник/единицу измерения
POP-01700,41.2194,69.0457,314,Bundled population grid,2026-07,Методологический слой; проверить источник/единицу измерения
POP-01701,41.25332,69.06238,33,Bundled population grid,2026-07,Методологический слой; проверить источник/единицу измерения
POP-01702,41.26331,69.07845,230,Bundled population grid,2026-07,Методологический слой; проверить источник/единицу измерения
POP-01703,41.2618,69.06656,385,Bundled population grid,2026-07,Методологический слой; проверить источник/единицу измерения
POP-01704,41.24787,69.082,448,Bundled population grid,2026-07,Методологический слой; проверить источник/единицу измерения
POP-01705,41.25635,69.08617,114,Bundled population grid,2026-07,Методологический слой; проверить источник/единицу измерения
POP-01706,41.24181,69.03442,443,Bundled population grid,2026-07,Методологический слой; проверить источник/единицу измерения
POP-01707,41.25181,69.05049,557,Bundled population grid,2026-07,Методологический слой; проверить источник/единицу измерения
POP-01708,41.25029,69.03859,175,Bundled population grid,2026-07,Методологический слой; проверить источник/единицу измерения
POP-01709,41.23636,69.05404,136,Bundled population grid,2026-07,Методологический слой; проверить источник/единицу измерения
POP-01710,41.23484,69.04215,362,Bundled population grid,2026-07,Методологический слой; проверить источник/единицу измерения
POP-01711,41.24484,69.05821,578,Bundled population grid,2026-07,Методологический слой; проверить источник/единицу измерения
POP-01712,41.24333,69.04632,260,Bundled population grid,2026-07,Методологический слой; проверить источник/единицу измерения
POP-01713,41.30026,69.11898,1347,Bundled population grid,2026-07,Методологический слой; проверить источник/единицу измерения
POP-01714,41.31024,69.13507,1808,Bundled population grid,2026-07,Методологический слой; проверить источник/единицу измерения
POP-01715,41.30874,69.12316,1795,Bundled population grid,2026-07,Методологический слой; проверить источник/единицу измерения
POP-01716,41.29479,69.13861,2127,Bundled population grid,2026-07,Методологический слой; проверить источник/единицу измерения
POP-01717,41.29328,69.1267,1866,Bundled population grid,2026-07,Методологический слой; проверить источник/единицу измерения
POP-01718,41.30327,69.14279,1878,Bundled population grid,2026-07,Методологический слой; проверить источник/единицу измерения
POP-01719,41.30176,69.13089,2218,Bundled population grid,2026-07,Методологический слой; проверить источник/единицу измерения
POP-01720,41.33569,69.14764,1395,Bundled population grid,2026-07,Методологический слой; проверить источник/единицу измерения
POP-01721,41.34567,69.16375,1924,Bundled population grid,2026-07,Методологический слой; проверить источник/единицу измерения
POP-01722,41.34417,69.15183,1195,Bundled population grid,2026-07,Методологический слой; проверить источник/единицу измерения
POP-01723,41.33022,69.16728,2191,Bundled population grid,2026-07,Методологический слой; проверить источник/единицу измерения
POP-01724,41.32871,69.15536,1840,Bundled population grid,2026-07,Методологический слой; проверить источник/единицу измерения
POP-01725,41.33869,69.17147,2069,Bundled population grid,2026-07,Методологический слой; проверить источник/единицу измерения
POP-01726,41.33719,69.15955,1759,Bundled population grid,2026-07,Методологический слой; проверить источник/единицу измерения
POP-01727,41.32419,69.11962,71,Bundled population grid,2026-07,Методологический слой; проверить источник/единицу измерения
POP-01728,41.33418,69.13572,1479,Bundled population grid,2026-07,Методологический слой; проверить источник/единицу измерения
POP-01729,41.33267,69.12381,501,Bundled population grid,2026-07,Методологический слой; проверить источник/единицу измерения
POP-01730,41.31873,69.13926,805,Bundled population grid,2026-07,Методологический слой; проверить источник/единицу измерения
POP-01731,41.31722,69.12735,347,Bundled population grid,2026-07,Методологический слой; проверить источник/единицу измерения
POP-01732,41.32721,69.14345,1337,Bundled population grid,2026-07,Методологический слой; проверить источник/единицу измерения
POP-01733,41.3257,69.13154,435,Bundled population grid,2026-07,Методологический слой; проверить источник/единицу измерения
POP-01734,41.2993,69.17433,1798,Bundled population grid,2026-07,Методологический слой; проверить источник/единицу измерения
POP-01735,41.30928,69.19043,2200,Bundled population grid,2026-07,Методологический слой; проверить источник/единицу измерения
POP-01736,41.30778,69.17852,2200,Bundled population grid,2026-07,Методологический слой; проверить источник/единицу измерения
POP-01737,41.29383,69.19395,1783,Bundled population grid,2026-07,Методологический слой; проверить источник/единицу измерения
POP-01738,41.29233,69.18204,1514,Bundled population grid,2026-07,Методологический слой; проверить источник/единицу измерения
POP-01739,41.30231,69.19815,1643,Bundled population grid,2026-07,Методологический слой; проверить источник/единицу измерения
POP-01740,41.30081,69.18624,1752,Bundled population grid,2026-07,Методологический слой; проверить источник/единицу измерения
POP-01741,41.28782,69.14632,2195,Bundled population grid,2026-07,Методологический слой; проверить источник/единицу измерения
POP-01742,41.2978,69.16242,2223,Bundled population grid,2026-07,Методологический слой; проверить источник/единицу измерения
POP-01743,41.2963,69.15051,1899,Bundled population grid,2026-07,Методологический слой; проверить источник/единицу измерения
POP-01744,41.28235,69.16595,1962,Bundled population grid,2026-07,Методологический слой; проверить источник/единицу измерения
POP-01745,41.28084,69.15404,2066,Bundled population grid,2026-07,Методологический слой; проверить источник/единицу измерения
POP-01746,41.29083,69.17014,1749,Bundled population grid,2026-07,Методологический слой; проверить источник/единицу измерения
POP-01747,41.28932,69.15823,2048,Bundled population grid,2026-07,Методологический слой; проверить источник/единицу измерения
POP-01748,41.32324,69.175,2398,Bundled population grid,2026-07,Методологический слой; проверить источник/единицу измерения
POP-01749,41.33322,69.19111,2041,Bundled population grid,2026-07,Методологический слой; проверить источник/единицу измерения
POP-01750,41.33172,69.17919,2737,Bundled population grid,2026-07,Методологический слой; проверить источник/единицу измерения
POP-01751,41.31776,69.19463,2461,Bundled population grid,2026-07,Методологический слой; проверить источник/единицу измерения
POP-01752,41.31626,69.18271,2230,Bundled population grid,2026-07,Методологический слой; проверить источник/единицу измерения
POP-01753,41.32624,69.19882,1952,Bundled population grid,2026-07,Методологический слой; проверить источник/единицу измерения
POP-01754,41.32474,69.18691,2284,Bundled population grid,2026-07,Методологический слой; проверить источник/единицу измерения
POP-01755,41.31175,69.14698,1570,Bundled population grid,2026-07,Методологический слой; проверить источник/единицу измерения
POP-01756,41.32174,69.16308,2286,Bundled population grid,2026-07,Методологический слой; проверить источник/единицу измерения
POP-01757,41.32023,69.15117,1306,Bundled population grid,2026-07,Методологический слой; проверить источник/единицу измерения
POP-01758,41.30628,69.16661,2173,Bundled population grid,2026-07,Методологический слой; проверить источник/единицу измерения
POP-01759,41.30478,69.1547,2076,Bundled population grid,2026-07,Методологический слой; проверить источник/единицу измерения
POP-01760,41.31476,69.1708,2253,Bundled population grid,2026-07,Методологический слой; проверить источник/единицу измерения
POP-01761,41.31326,69.15889,2218,Bundled population grid,2026-07,Методологический слой; проверить источник/единицу измерения
POP-01762,41.28967,69.03565,296,Bundled population grid,2026-07,Методологический слой; проверить источник/единицу измерения
POP-01763,41.29967,69.05172,28,Bundled population grid,2026-07,Методологический слой; проверить источник/единицу измерения
POP-01764,41.28422,69.05528,1580,Bundled population grid,2026-07,Методологический слой; проверить источник/единицу измерения
POP-01765,41.2827,69.04338,336,Bundled population grid,2026-07,Методологический слой; проверить источник/единицу измерения
POP-01766,41.2927,69.05945,821,Bundled population grid,2026-07,Методологический слой; проверить источник/единицу измерения
POP-01767,41.29119,69.04755,316,Bundled population grid,2026-07,Методологический слой; проверить источник/единицу измерения
POP-01768,41.32512,69.06425,20,Bundled population grid,2026-07,Методологический слой; проверить источник/единицу измерения
POP-01769,41.33511,69.08034,280,Bundled population grid,2026-07,Методологический слой; проверить источник/единицу измерения
POP-01770,41.3336,69.06843,327,Bundled population grid,2026-07,Методологический слой; проверить источник/единицу измерения
POP-01771,41.31966,69.08389,53,Bundled population grid,2026-07,Методологический слой; проверить источник/единицу измерения
POP-01772,41.31815,69.07198,159,Bundled population grid,2026-07,Методологический слой; проверить источник/единицу измерения
POP-01773,41.32814,69.08807,413,Bundled population grid,2026-07,Методологический слой; проверить источник/единицу измерения
POP-01774,41.32663,69.07616,261,Bundled population grid,2026-07,Методологический слой; проверить источник/единицу измерения
POP-01775,41.3236,69.05234,35,Bundled population grid,2026-07,Методологический слой; проверить источник/единицу измерения
POP-01776,41.32209,69.04044,21,Bundled population grid,2026-07,Методологический слой; проверить источник/единицу измерения
POP-01777,41.31663,69.06008,139,Bundled population grid,2026-07,Методологический слой; проверить источник/единицу измерения
POP-01778,41.31512,69.04817,20,Bundled population grid,2026-07,Методологический слой; проверить источник/единицу измерения
POP-01779,41.28876,69.09099,889,Bundled population grid,2026-07,Методологический слой; проверить источник/единицу измерения
POP-01780,41.29875,69.10707,1073,Bundled population grid,2026-07,Методологический слой; проверить источник/единицу измерения
POP-01781,41.29724,69.09517,1466,Bundled population grid,2026-07,Методологический слой; проверить источник/единицу измерения
POP-01782,41.2833,69.11061,765,Bundled population grid,2026-07,Методологический слой; проверить источник/единицу измерения
POP-01783,41.28179,69.09871,810,Bundled population grid,2026-07,Методологический слой; проверить источник/единицу измерения
POP-01784,41.29178,69.11479,1638,Bundled population grid,2026-07,Методологический слой; проверить источник/единицу измерения
POP-01785,41.29027,69.10289,190,Bundled population grid,2026-07,Методологический слой; проверить источник/единицу измерения
POP-01786,41.27725,69.06301,1342,Bundled population grid,2026-07,Методологический слой; проверить источник/единицу измерения
POP-01787,41.28725,69.07908,630,Bundled population grid,2026-07,Методологический слой; проверить источник/единицу измерения
POP-01788,41.28573,69.06718,1302,Bundled population grid,2026-07,Методологический слой; проверить источник/единицу измерения
POP-01789,41.2718,69.08263,1283,Bundled population grid,2026-07,Методологический слой; проверить источник/единицу измерения
POP-01790,41.27028,69.07073,623,Bundled population grid,2026-07,Методологический слой; проверить источник/единицу измерения
POP-01791,41.28028,69.08681,1162,Bundled population grid,2026-07,Методологический слой; проверить источник/единицу измерения
POP-01792,41.27876,69.07491,585,Bundled population grid,2026-07,Методологический слой; проверить источник/единицу измерения
POP-01793,41.31269,69.09162,200,Bundled population grid,2026-07,Методологический слой; проверить источник/единицу измерения
POP-01794,41.32268,69.10771,547,Bundled population grid,2026-07,Методологический слой; проверить источник/единицу измерения
POP-01795,41.32117,69.0958,152,Bundled population grid,2026-07,Методологический слой; проверить источник/единицу измерения
POP-01796,41.30723,69.11125,1772,Bundled population grid,2026-07,Методологический слой; проверить источник/единицу измерения
POP-01797,41.30572,69.09935,1268,Bundled population grid,2026-07,Методологический слой; проверить источник/единицу измерения
POP-01798,41.31571,69.11544,1327,Bundled population grid,2026-07,Методологический слой; проверить источник/единицу измерения
POP-01799,41.3142,69.10353,1524,Bundled population grid,2026-07,Методологический слой; проверить источник/единицу измерения
POP-01800,41.30118,69.06363,33,Bundled population grid,2026-07,Методологический слой; проверить источник/единицу измерения
POP-01801,41.30967,69.06781,101,Bundled population grid,2026-07,Методологический слой; проверить источник/единицу измерения
POP-01802,41.29573,69.08326,355,Bundled population grid,2026-07,Методологический слой; проверить источник/единицу измерения
POP-01803,41.29421,69.07136,45,Bundled population grid,2026-07,Методологический слой; проверить источник/единицу измерения
POP-01804,41.30421,69.08744,101,Bundled population grid,2026-07,Методологический слой; проверить источник/единицу измерения
POP-01805,41.3027,69.07553,49,Bundled population grid,2026-07,Методологический слой; проверить источник/единицу измерения
POP-01806,41.46041,69.2542,50,Bundled population grid,2026-07,Методологический слой; проверить источник/единицу измерения
POP-01807,41.45892,69.24226,48,Bundled population grid,2026-07,Методологический слой; проверить источник/единицу измерения
POP-01808,41.4674,69.24647,363,Bundled population grid,2026-07,Методологический слой; проверить источник/единицу измерения
POP-01809,41.41749,69.16574,563,Bundled population grid,2026-07,Методологический слой; проверить источник/единицу измерения
POP-01810,41.40203,69.16928,480,Bundled population grid,2026-07,Методологический слой; проверить источник/единицу измерения
POP-01811,41.41051,69.17348,1593,Bundled population grid,2026-07,Методологический слой; проверить источник/единицу измерения
POP-01812,41.40901,69.16155,705,Bundled population grid,2026-07,Методологический слой; проверить источник/единицу измерения
POP-01813,41.396,69.12157,1642,Bundled population grid,2026-07,Методологический слой; проверить источник/единицу измерения
POP-01814,41.38903,69.1293,993,Bundled population grid,2026-07,Методологический слой; проверить источник/единицу измерения
POP-01815,41.43144,69.15028,502,Bundled population grid,2026-07,Методологический слой; проверить источник/единицу измерения
POP-01816,41.44143,69.16641,354,Bundled population grid,2026-07,Методологический слой; проверить источник/единицу измерения
POP-01817,41.42597,69.16995,1473,Bundled population grid,2026-07,Методологический слой; проверить источник/единицу измерения
POP-01818,41.42447,69.15801,205,Bundled population grid,2026-07,Методологический слой; проверить источник/единицу измерения
POP-01819,41.43445,69.17415,653,Bundled population grid,2026-07,Методологический слой; проверить источник/единицу измерения
POP-01820,41.43295,69.16221,347,Bundled population grid,2026-07,Методологический слой; проверить источник/единицу измерения
POP-01821,40.60965,68.93632,63,Bundled population grid,2026-07,Методологический слой; проверить источник/единицу измерения
POP-01822,40.60422,68.95574,594,Bundled population grid,2026-07,Методологический слой; проверить источник/единицу измерения
POP-01823,40.6027,68.94397,338,Bundled population grid,2026-07,Методологический слой; проверить источник/единицу измерения
POP-01824,40.61269,68.95985,21,Bundled population grid,2026-07,Методологический слой; проверить источник/единицу измерения
POP-01825,40.61117,68.94808,421,Bundled population grid,2026-07,Методологический слой; проверить источник/единицу измерения
POP-01826,40.62658,68.94454,55,Bundled population grid,2026-07,Методологический слой; проверить источник/единицу измерения
POP-01827,40.61875,69.00692,33,Bundled population grid,2026-07,Методологический слой; проверить источник/единицу измерения
POP-01828,40.60333,69.01044,1426,Bundled population grid,2026-07,Методологический слой; проверить источник/единицу измерения
POP-01829,40.60182,68.99868,484,Bundled population grid,2026-07,Методологический слой; проверить источник/единицу измерения
POP-01830,40.6118,69.01456,22,Bundled population grid,2026-07,Методологический слой; проверить источник/единицу измерения
POP-01831,40.61028,69.00279,176,Bundled population grid,2026-07,Методологический слой; проверить источник/единицу измерения
POP-01832,40.59727,68.96339,37,Bundled population grid,2026-07,Методологический слой; проверить источник/единицу измерения
POP-01833,40.63265,68.99162,30,Bundled population grid,2026-07,Методологический слой; проверить источник/единицу измерения
POP-01834,40.62721,69.01104,101,Bundled population grid,2026-07,Методологический слой; проверить источник/единицу измерения
POP-01835,40.63568,69.01516,88,Bundled population grid,2026-07,Методологический слой; проверить источник/единицу измерения
POP-01836,40.63417,69.00339,52,Bundled population grid,2026-07,Методологический слой; проверить источник/единицу измерения
POP-01837,40.62115,68.96396,115,Bundled population grid,2026-07,Методологический слой; проверить источник/единицу измерения
POP-01838,40.62962,68.96808,491,Bundled population grid,2026-07,Методологический слой; проверить источник/единицу измерения
POP-01839,40.62267,68.97573,237,Bundled population grid,2026-07,Методологический слой; проверить источник/единицу измерения
POP-01840,40.67952,69.04757,20,Bundled population grid,2026-07,Методологический слой; проверить источник/единицу измерения
POP-01841,40.67407,69.067,23,Bundled population grid,2026-07,Методологический слой; проверить источник/единицу измерения
POP-01842,40.68103,69.05935,31,Bundled population grid,2026-07,Методологический слой; проверить источник/единицу измерения
POP-01843,40.72335,69.08003,81,Bundled population grid,2026-07,Методологический слой; проверить источник/единицу измерения
POP-01844,40.7179,69.09947,79,Bundled population grid,2026-07,Методологический слой; проверить источник/единицу измерения
POP-01845,40.7034,69.04818,352,Bundled population grid,2026-07,Методологический слой; проверить источник/единицу измерения
POP-01846,40.71338,69.0641,164,Bundled population grid,2026-07,Методологический слой; проверить источник/единицу измерения
POP-01847,40.71187,69.05232,891,Bundled population grid,2026-07,Методологический слой; проверить источник/единицу измерения
POP-01848,40.69645,69.05583,137,Bundled population grid,2026-07,Методологический слой; проверить источник/единицу измерения
POP-01849,40.70642,69.07176,114,Bundled population grid,2026-07,Методологический слой; проверить источник/единицу измерения
POP-01850,40.70491,69.05997,481,Bundled population grid,2026-07,Методологический слой; проверить источник/единицу измерения
POP-01851,40.67859,69.10235,271,Bundled population grid,2026-07,Методологический слой; проверить источник/единицу измерения
POP-01852,40.68855,69.11827,30,Bundled population grid,2026-07,Методологический слой; проверить источник/единицу измерения
POP-01853,40.68705,69.10649,23,Bundled population grid,2026-07,Методологический слой; проверить источник/единицу измерения
POP-01854,40.66015,69.08229,559,Bundled population grid,2026-07,Методологический слой; проверить источник/единицу измерения
POP-01855,40.67012,69.09821,74,Bundled population grid,2026-07,Методологический слой; проверить источник/единицу измерения
POP-01856,40.70247,69.10298,38,Bundled population grid,2026-07,Методологический слой; проверить источник/единицу измерения
POP-01857,40.71244,69.11891,1458,Bundled population grid,2026-07,Методологический слой; проверить источник/единицу измерения
POP-01858,40.71094,69.10712,957,Bundled population grid,2026-07,Методологический слой; проверить источник/единицу измерения
POP-01859,40.70548,69.12656,185,Bundled population grid,2026-07,Методологический слой; проверить источник/единицу измерения
POP-01860,40.69946,69.07941,129,Bundled population grid,2026-07,Методологический слой; проверить источник/единицу измерения
POP-01861,40.68555,69.0947,28,Bundled population grid,2026-07,Методологический слой; проверить источник/единицу измерения
POP-01862,40.68404,69.08292,210,Bundled population grid,2026-07,Методологический слой; проверить источник/единицу измерения
POP-01863,40.69401,69.09884,466,Bundled population grid,2026-07,Методологический слой; проверить источник/единицу измерения
POP-01864,40.6925,69.08705,68,Bundled population grid,2026-07,Методологический слой; проверить источник/единицу измерения
POP-01865,40.66197,68.97278,80,Bundled population grid,2026-07,Методологический слой; проверить источник/единицу измерения
POP-01866,40.67195,68.98867,21,Bundled population grid,2026-07,Методологический слой; проверить источник/единицу измерения
POP-01867,40.71278,68.99751,25,Bundled population grid,2026-07,Методологический слой; проверить источник/единицу измерения
POP-01868,40.69887,69.01283,136,Bundled population grid,2026-07,Методологический слой; проверить источник/единицу измерения
POP-01869,40.70734,69.01695,180,Bundled population grid,2026-07,Методологический слой; проверить источник/единицу измерения
POP-01870,40.69281,68.9657,154,Bundled population grid,2026-07,Методологический слой; проверить источник/единицу измерения
POP-01871,40.68737,68.98514,365,Bundled population grid,2026-07,Методологический слой; проверить источник/единицу измерения
POP-01872,40.69584,68.98926,197,Bundled population grid,2026-07,Методологический слой; проверить источник/единицу измерения
POP-01873,40.69432,68.97748,290,Bundled population grid,2026-07,Методологический слой; проверить источник/единицу измерения
POP-01874,40.69191,69.02048,174,Bundled population grid,2026-07,Методологический слой; проверить источник/единицу измерения
POP-01875,40.70189,69.0364,41,Bundled population grid,2026-07,Методологический слой; проверить источник/единицу измерения
POP-01876,40.70038,69.02461,177,Bundled population grid,2026-07,Методологический слой; проверить источник/единицу измерения
POP-01877,40.69494,69.04405,129,Bundled population grid,2026-07,Методологический слой; проверить источник/единицу измерения
POP-01878,40.69343,69.03227,215,Bundled population grid,2026-07,Методологический слой; проверить источник/единицу измерения
POP-01879,40.68042,68.9928,43,Bundled population grid,2026-07,Методологический слой; проверить источник/единицу измерения
POP-01880,40.68889,68.99692,42,Bundled population grid,2026-07,Методологический слой; проверить источник/единицу измерения
POP-01881,40.6154,69.10458,28,Bundled population grid,2026-07,Методологический слой; проверить источник/единицу измерения
POP-01882,40.57064,69.12684,40,Bundled population grid,2026-07,Методологический слой; проверить источник/единицу измерения
POP-01883,40.5806,69.14274,43,Bundled population grid,2026-07,Методологический слой; проверить источник/единицу измерения
POP-01884,40.5791,69.13098,474,Bundled population grid,2026-07,Методологический слой; проверить источник/единицу измерения
POP-01885,40.56518,69.14623,273,Bundled population grid,2026-07,Методологический слой; проверить источник/единицу измерения
POP-01886,40.57364,69.15037,250,Bundled population grid,2026-07,Методологический слой; проверить источник/единицу измерения
POP-01887,40.57214,69.13861,38,Bundled population grid,2026-07,Методологический слой; проверить источник/единицу измерения
POP-01888,40.56914,69.11508,247,Bundled population grid,2026-07,Методологический слой; проверить источник/единицу измерения
POP-01889,40.56218,69.12271,142,Bundled population grid,2026-07,Методологический слой; проверить источник/единицу измерения
POP-01890,40.58906,69.14688,170,Bundled population grid,2026-07,Методологический слой; проверить источник/единицу измерения
POP-01891,40.5776,69.11921,52,Bundled population grid,2026-07,Методологический слой; проверить источник/единицу измерения
POP-01892,40.58606,69.12335,539,Bundled population grid,2026-07,Методологический слой; проверить источник/единицу измерения
POP-01893,40.56404,69.01337,51,Bundled population grid,2026-07,Методологический слой; проверить источник/единицу измерения
POP-01894,40.59638,69.01808,601,Bundled population grid,2026-07,Методологический слой; проверить источник/единицу измерения
POP-01895,40.58489,68.99044,499,Bundled population grid,2026-07,Методологический слой; проверить источник/единицу измерения
POP-01896,40.59487,69.00632,1801,Bundled population grid,2026-07,Методологический слой; проверить источник/единицу измерения
POP-01897,40.59335,68.99456,61,Bundled population grid,2026-07,Методологический слой; проверить источник/единицу измерения
POP-01898,40.57945,69.00985,237,Bundled population grid,2026-07,Методологический слой; проверить источник/единицу измерения
POP-01899,40.57794,68.99809,40,Bundled population grid,2026-07,Методологический слой; проверить источник/единицу измерения
POP-01900,40.58792,69.01396,819,Bundled population grid,2026-07,Методологический слой; проверить источник/единицу измерения
POP-01901,40.5864,69.0022,1505,Bundled population grid,2026-07,Методологический слой; проверить источник/единицу измерения
POP-01902,40.56011,69.04452,28,Bundled population grid,2026-07,Методологический слой; проверить источник/единицу измерения
POP-01903,40.5586,69.03276,22,Bundled population grid,2026-07,Методологический слой; проверить источник/единицу измерения
POP-01904,40.55709,69.02101,1017,Bundled population grid,2026-07,Методологический слой; проверить источник/единицу измерения
POP-01905,40.55013,69.02864,317,Bundled population grid,2026-07,Методологический слой; проверить источник/единицу измерения
POP-01906,40.5725,69.01749,24,Bundled population grid,2026-07,Методологический слой; проверить источник/единицу измерения
POP-01907,40.58096,69.02161,67,Bundled population grid,2026-07,Методологический слой; проверить источник/единицу измерения
POP-01908,40.56555,69.02513,73,Bundled population grid,2026-07,Методологический слой; проверить источник/единицу измерения
POP-01909,40.66617,69.12941,199,Bundled population grid,2026-07,Методологический слой; проверить источник/единицу измерения
POP-01910,40.67613,69.14534,565,Bundled population grid,2026-07,Методологический слой; проверить источник/единицу измерения
POP-01911,40.67463,69.13356,245,Bundled population grid,2026-07,Методологический слой; проверить источник/единицу измерения
POP-01912,40.66917,69.15298,167,Bundled population grid,2026-07,Методологический слой; проверить источник/единицу измерения
POP-01913,40.66767,69.14119,122,Bundled population grid,2026-07,Методологический слой; проверить источник/единицу измерения
POP-01914,40.6547,69.10171,379,Bundled population grid,2026-07,Методологический слой; проверить источник/единицу измерения
POP-01915,40.66467,69.11763,33,Bundled population grid,2026-07,Методологический слой; проверить источник/единицу измерения
POP-01916,40.65771,69.12527,136,Bundled population grid,2026-07,Методологический слой; проверить источник/единицу измерения
POP-01917,40.6562,69.11349,266,Bundled population grid,2026-07,Методологический слой; проверить источник/единицу измерения
POP-01918,40.62986,69.15581,96,Bundled population grid,2026-07,Методологический слой; проверить источник/единицу измерения
POP-01919,40.63982,69.17174,46,Bundled population grid,2026-07,Методологический слой; проверить источник/единицу измерения
POP-01920,40.63832,69.15996,177,Bundled population grid,2026-07,Методологический слой; проверить источник/единицу измерения
POP-01921,40.62836,69.14404,253,Bundled population grid,2026-07,Методологический слой; проверить источник/единицу измерения
POP-01922,40.66221,69.16061,22,Bundled population grid,2026-07,Методологический слой; проверить источник/единицу измерения
POP-01923,40.64828,69.17588,28,Bundled population grid,2026-07,Методологический слой; проверить источник/единицу измерения
POP-01924,40.65524,69.16825,23,Bundled population grid,2026-07,Методологический слой; проверить источник/единицу измерения
POP-01925,40.63682,69.14818,395,Bundled population grid,2026-07,Методологический слой; проверить источник/единицу измерения
POP-01926,40.63532,69.13641,25,Bundled population grid,2026-07,Методологический слой; проверить источник/единицу измерения
POP-01927,40.62026,69.01868,154,Bundled population grid,2026-07,Методологический слой; проверить источник/единицу измерения
POP-01928,40.65563,69.04696,481,Bundled population grid,2026-07,Методологический слой; проверить источник/единицу измерения
POP-01929,40.64868,69.05461,50,Bundled population grid,2026-07,Методологический слой; проверить источник/единицу измерения
POP-01930,40.65865,69.07051,91,Bundled population grid,2026-07,Методологический слой; проверить источник/единицу измерения
POP-01931,40.65714,69.05874,50,Bundled population grid,2026-07,Методологический слой; проверить источник/единицу измерения
POP-01932,40.64717,69.04283,55,Bundled population grid,2026-07,Методологический слой; проверить источник/единицу измерения
POP-01933,40.64566,69.03106,30,Bundled population grid,2026-07,Методологический слой; проверить источник/единицу измерения
POP-01934,40.61784,69.06163,55,Bundled population grid,2026-07,Методологический слой; проверить источник/единицу измерения
POP-01935,40.60242,69.06515,24,Bundled population grid,2026-07,Методологический слой; проверить источник/единицу измерения
POP-01936,40.6532,69.08994,61,Bundled population grid,2026-07,Методологический слой; проверить источник/единицу измерения
POP-01937,40.65169,69.07816,30,Bundled population grid,2026-07,Методологический слой; проверить источник/единицу измерения
POP-01938,40.64624,69.09758,79,Bundled population grid,2026-07,Методологический слой; проверить источник/единицу измерения
POP-01939,40.64172,69.06225,88,Bundled population grid,2026-07,Методологический слой; проверить источник/единицу измерения
POP-01940,40.63476,69.06989,27,Bundled population grid,2026-07,Методологический слой; проверить источник/единицу измерения
POP-01941,40.85732,69.13458,32,Bundled population grid,2026-07,Методологический слой; проверить источник/единицу измерения
POP-01942,40.90266,69.17903,219,Bundled population grid,2026-07,Методологический слой; проверить источник/единицу измерения
POP-01943,40.90116,69.1672,302,Bundled population grid,2026-07,Методологический слой; проверить источник/единицу измерения
POP-01944,40.88722,69.18253,235,Bundled population grid,2026-07,Методологический слой; проверить источник/единицу измерения
POP-01945,40.88422,69.15888,43,Bundled population grid,2026-07,Методологический слой; проверить источник/единицу измерения
POP-01946,40.86631,69.20551,202,Bundled population grid,2026-07,Методологический слой; проверить источник/единицу измерения
POP-01947,40.85087,69.209,167,Bundled population grid,2026-07,Методологический слой; проверить источник/единицу измерения
POP-01948,40.85934,69.21316,714,Bundled population grid,2026-07,Методологический слой; проверить источник/единицу измерения
POP-01949,40.83942,69.1812,198,Bundled population grid,2026-07,Методологический слой; проверить источник/единицу измерения
POP-01950,40.83792,69.16938,243,Bundled population grid,2026-07,Методологический слой; проверить источник/единицу измерения
POP-01951,40.88025,69.19019,100,Bundled population grid,2026-07,Методологический слой; проверить источник/единицу измерения
POP-01952,40.89021,69.20618,167,Bundled population grid,2026-07,Методологический слой; проверить источник/единицу измерения
POP-01953,40.88872,69.19436,752,Bundled population grid,2026-07,Методологический слой; проверить источник/единицу измерения
POP-01954,40.87478,69.20967,81,Bundled population grid,2026-07,Методологический слой; проверить источник/единицу измерения
POP-01955,40.88175,69.20202,30,Bundled population grid,2026-07,Методологический слой; проверить источник/единицу измерения
POP-01956,40.93702,69.26256,813,Bundled population grid,2026-07,Методологический слой; проверить источник/единицу измерения
POP-01957,40.93553,69.25072,202,Bundled population grid,2026-07,Методологический слой; проверить источник/единицу измерения
POP-01958,40.92158,69.26603,932,Bundled population grid,2026-07,Методологический слой; проверить источник/единицу измерения
POP-01959,40.93005,69.27021,106,Bundled population grid,2026-07,Методологический слой; проверить источник/единицу измерения
POP-01960,40.92856,69.25838,114,Bundled population grid,2026-07,Методологический слой; проверить источник/единицу измерения
POP-01961,40.97237,69.29113,117,Bundled population grid,2026-07,Методологический слой; проверить источник/единицу измерения
POP-01962,40.97089,69.27928,35,Bundled population grid,2026-07,Методологический слой; проверить источник/единицу измерения
POP-01963,40.95693,69.2946,94,Bundled population grid,2026-07,Методологический слой; проверить источник/единицу измерения
POP-01964,40.95544,69.28276,699,Bundled population grid,2026-07,Методологический слой; проверить источник/единицу измерения
POP-01965,40.9654,69.29879,129,Bundled population grid,2026-07,Методологический слой; проверить источник/единицу измерения
POP-01966,40.96391,69.28694,402,Bundled population grid,2026-07,Методологический слой; проверить источник/единицу измерения
POP-01967,40.95097,69.24723,370,Bundled population grid,2026-07,Методологический слой; проверить источник/единицу измерения
POP-01968,40.94549,69.26674,268,Bundled population grid,2026-07,Методологический слой; проверить источник/единицу измерения
POP-01969,40.944,69.25489,210,Bundled population grid,2026-07,Методологический слой; проверить источник/единицу измерения
POP-01970,40.95246,69.25907,23,Bundled population grid,2026-07,Методологический слой; проверить источник/единицу измерения
POP-01971,40.93599,69.31757,20,Bundled population grid,2026-07,Методологический слой; проверить источник/единицу измерения
POP-01972,40.92055,69.32104,170,Bundled population grid,2026-07,Методологический слой; проверить источник/единицу измерения
POP-01973,40.91907,69.3092,319,Bundled population grid,2026-07,Методологический слой; проверить источник/единицу измерения
POP-01974,40.92753,69.31339,32,Bundled population grid,2026-07,Методологический слой; проверить источник/единицу измерения
POP-01975,40.91461,69.27369,218,Bundled population grid,2026-07,Методологический слой; проверить источник/единицу измерения
POP-01976,40.92456,69.28971,58,Bundled population grid,2026-07,Методологический слой; проверить источник/единицу измерения
POP-01977,40.92307,69.27787,274,Bundled population grid,2026-07,Методологический слой; проверить источник/единицу измерения
POP-01978,40.90763,69.28135,167,Bundled population grid,2026-07,Методологический слой; проверить источник/единицу измерения
POP-01979,40.91758,69.29736,68,Bundled population grid,2026-07,Методологический слой; проверить источник/единицу измерения
POP-01980,40.91609,69.28553,59,Bundled population grid,2026-07,Методологический слой; проверить источник/единицу измерения
POP-01981,40.94995,69.30226,86,Bundled population grid,2026-07,Методологический слой; проверить источник/единицу измерения
POP-01982,40.95842,69.30645,334,Bundled population grid,2026-07,Методологический слой; проверить источник/единицу измерения
POP-01983,40.94446,69.32176,56,Bundled population grid,2026-07,Методологический слой; проверить источник/единицу измерения
POP-01984,40.94297,69.30992,150,Bundled population grid,2026-07,Методологический слой; проверить источник/единицу измерения
POP-01985,40.95144,69.31411,174,Bundled population grid,2026-07,Методологический слой; проверить источник/единицу измерения
POP-01986,40.93851,69.27439,28,Bundled population grid,2026-07,Методологический слой; проверить источник/единицу измерения
POP-01987,40.94847,69.29042,1003,Bundled population grid,2026-07,Методологический слой; проверить источник/единицу измерения
POP-01988,40.94698,69.27858,58,Bundled population grid,2026-07,Методологический слой; проверить источник/единицу измерения
POP-01989,40.93153,69.28205,322,Bundled population grid,2026-07,Методологический слой; проверить источник/единицу измерения
POP-01990,40.91112,69.1832,76,Bundled population grid,2026-07,Методологический слой; проверить источник/единицу измерения
POP-01991,40.90962,69.17137,157,Bundled population grid,2026-07,Методологический слой; проверить источник/единицу измерения
POP-01992,40.91959,69.18736,22,Bundled population grid,2026-07,Методологический слой; проверить источник/единицу измерения
POP-01993,40.96043,69.19637,270,Bundled population grid,2026-07,Методологический слой; проверить источник/единицу измерения
POP-01994,40.95346,69.20404,31,Bundled population grid,2026-07,Методологический слой; проверить источник/единицу измерения
POP-01995,40.95047,69.18036,144,Bundled population grid,2026-07,Методологический слой; проверить источник/единицу измерения
POP-01996,40.94897,69.16852,881,Bundled population grid,2026-07,Методологический слой; проверить источник/единицу измерения
POP-01997,40.93503,69.18386,26,Bundled population grid,2026-07,Методологический слой; проверить источник/единицу измерения
POP-01998,40.91561,69.21869,245,Bundled population grid,2026-07,Методологический слой; проверить источник/единицу измерения
POP-01999,40.92557,69.2347,25,Bundled population grid,2026-07,Методологический слой; проверить источник/единицу измерения
POP-02000,40.92408,69.22287,327,Bundled population grid,2026-07,Методологический слой; проверить источник/единицу измерения
POP-02001,40.9186,69.24236,155,Bundled population grid,2026-07,Методологический слой; проверить источник/единицу измерения
POP-02002,40.91711,69.23053,169,Bundled population grid,2026-07,Методологический слой; проверить источник/единицу измерения
POP-02003,40.90415,69.19086,575,Bundled population grid,2026-07,Методологический слой; проверить источник/единицу измерения
POP-02004,40.91412,69.20686,284,Bundled population grid,2026-07,Методологический слой; проверить источник/единицу измерения
POP-02005,40.89868,69.21035,440,Bundled population grid,2026-07,Методологический слой; проверить источник/единицу измерения
POP-02006,40.90565,69.20269,792,Bundled population grid,2026-07,Методологический слой; проверить источник/единицу измерения
POP-02007,40.94948,69.23539,473,Bundled population grid,2026-07,Методологический слой; проверить источник/единицу измерения
POP-02008,40.93404,69.23888,28,Bundled population grid,2026-07,Методологический слой; проверить источник/единицу измерения
POP-02009,40.94251,69.24305,33,Bundled population grid,2026-07,Методологический слой; проверить источник/единицу измерения
POP-02010,40.94101,69.23122,342,Bundled population grid,2026-07,Методологический слой; проверить источник/единицу измерения
POP-02011,40.92806,69.19153,243,Bundled population grid,2026-07,Методологический слой; проверить источник/единицу измерения
POP-02012,40.93653,69.1957,311,Bundled population grid,2026-07,Методологический слой; проверить источник/единицу измерения
POP-02013,40.92258,69.21103,49,Bundled population grid,2026-07,Методологический слой; проверить источник/единицу измерения
POP-02014,40.92109,69.1992,283,Bundled population grid,2026-07,Методологический слой; проверить источник/единицу измерения
POP-02015,40.819,69.27088,23,Bundled population grid,2026-07,Методологический слой; проверить источник/единицу измерения
POP-02016,40.82895,69.28687,524,Bundled population grid,2026-07,Методологический слой; проверить источник/единицу измерения
POP-02017,40.81351,69.29034,1575,Bundled population grid,2026-07,Методологический слой; проверить источник/единицу измерения
POP-02018,40.81202,69.27852,1830,Bundled population grid,2026-07,Методологический слой; проверить источник/единицу измерения
POP-02019,40.82197,69.29451,59,Bundled population grid,2026-07,Методологический слой; проверить источник/единицу измерения
POP-02020,40.84884,69.31887,276,Bundled population grid,2026-07,Методологический слой; проверить источник/единицу измерения
POP-02021,40.84736,69.30705,243,Bundled population grid,2026-07,Методологический слой; проверить источник/единицу измерения
POP-02022,40.8573,69.32305,268,Bundled population grid,2026-07,Методологический слой; проверить источник/единицу измерения
POP-02023,40.85582,69.31123,709,Bundled population grid,2026-07,Методологический слой; проверить источник/единицу измерения
POP-02024,40.8429,69.27158,529,Bundled population grid,2026-07,Методологический слой; проверить источник/единицу измерения
POP-02025,40.85285,69.28758,190,Bundled population grid,2026-07,Методологический слой; проверить источник/единицу измерения
POP-02026,40.83741,69.29105,215,Bundled population grid,2026-07,Методологический слой; проверить источник/единицу измерения
POP-02027,40.83592,69.27923,572,Bundled population grid,2026-07,Методологический слой; проверить источник/единицу измерения
POP-02028,40.84587,69.29522,51,Bundled population grid,2026-07,Методологический слой; проверить источник/единицу измерения
POP-02029,40.84438,69.2834,797,Bundled population grid,2026-07,Методологический слой; проверить источник/единицу измерения
POP-02030,40.82791,69.34179,651,Bundled population grid,2026-07,Методологический слой; проверить источник/единицу измерения
POP-02031,40.82642,69.32997,572,Bundled population grid,2026-07,Методологический слой; проверить источник/единицу измерения
POP-02032,40.81247,69.34524,1327,Bundled population grid,2026-07,Методологический слой; проверить источник/единицу измерения
POP-02033,40.81099,69.33342,531,Bundled population grid,2026-07,Методологический слой; проверить источник/единицу измерения
POP-02034,40.82093,69.34943,1770,Bundled population grid,2026-07,Методологический слой; проверить источник/единицу измерения
POP-02035,40.81945,69.33761,1362,Bundled population grid,2026-07,Методологический слой; проверить источник/единицу измерения
POP-02036,40.80653,69.29798,139,Bundled population grid,2026-07,Методологический слой; проверить источник/единицу измерения
POP-02037,40.815,69.30215,988,Bundled population grid,2026-07,Методологический слой; проверить источник/единицу измерения
POP-02038,40.80104,69.31743,50,Bundled population grid,2026-07,Методологический слой; проверить источник/единицу измерения
POP-02039,40.8095,69.32161,287,Bundled population grid,2026-07,Методологический слой; проверить источник/единицу измерения
POP-02040,40.80802,69.30979,81,Bundled population grid,2026-07,Методологический слой; проверить источник/единицу измерения
POP-02041,40.85181,69.34252,415,Bundled population grid,2026-07,Методологический слой; проверить источник/единицу измерения
POP-02042,40.85032,69.33069,212,Bundled population grid,2026-07,Методологический слой; проверить источник/единицу измерения
POP-02043,40.84483,69.35016,1239,Bundled population grid,2026-07,Методологический слой; проверить источник/единицу измерения
POP-02044,40.84335,69.33833,579,Bundled population grid,2026-07,Методологический слой; проверить источник/единицу измерения
POP-02045,40.82346,69.30633,210,Bundled population grid,2026-07,Методологический слой; проверить источник/единицу измерения
POP-02046,40.80855,69.18818,1701,Bundled population grid,2026-07,Методологический слой; проверить источник/единицу измерения
POP-02047,40.81851,69.20416,1881,Bundled population grid,2026-07,Методологический слой; проверить источник/единицу измерения
POP-02048,40.81701,69.19234,2357,Bundled population grid,2026-07,Методологический слой; проверить источник/единицу измерения
POP-02049,40.80308,69.20764,1765,Bundled population grid,2026-07,Методологический слой; проверить источник/единицу измерения
POP-02050,40.80158,69.19583,1552,Bundled population grid,2026-07,Методологический слой; проверить источник/единицу измерения
POP-02051,40.81154,69.21181,2458,Bundled population grid,2026-07,Методологический слой; проверить источник/единицу измерения
POP-02052,40.81005,69.19999,1978,Bundled population grid,2026-07,Методологический слой; проверить источник/единицу измерения
POP-02053,40.8439,69.21665,43,Bundled population grid,2026-07,Методологический слой; проверить источник/единицу измерения
POP-02054,40.85237,69.22082,273,Bundled population grid,2026-07,Методологический слой; проверить источник/единицу измерения
POP-02055,40.83843,69.23612,400,Bundled population grid,2026-07,Методологический слой; проверить источник/единицу измерения
POP-02056,40.84689,69.24029,210,Bundled population grid,2026-07,Методологический слой; проверить источник/единицу измерения
POP-02057,40.8454,69.22847,30,Bundled population grid,2026-07,Методологический слой; проверить источник/единицу измерения
POP-02058,40.83245,69.18885,213,Bundled population grid,2026-07,Методологический слой; проверить источник/единицу измерения
POP-02059,40.82697,69.20832,1223,Bundled population grid,2026-07,Методологический слой; проверить источник/единицу измерения
POP-02060,40.82548,69.1965,1934,Bundled population grid,2026-07,Методологический слой; проверить источник/единицу измерения
POP-02061,40.83544,69.21248,48,Bundled population grid,2026-07,Методологический слой; проверить источник/единицу измерения
POP-02062,40.83394,69.20067,26,Bundled population grid,2026-07,Методологический слой; проверить источник/единицу измерения
POP-02063,40.80756,69.24308,2337,Bundled population grid,2026-07,Методологический слой; проверить источник/единицу измерения
POP-02064,40.80207,69.26254,129,Bundled population grid,2026-07,Методологический слой; проверить источник/единицу измерения
POP-02065,40.80058,69.25072,843,Bundled population grid,2026-07,Методологический слой; проверить источник/единицу измерения
POP-02066,40.81054,69.26671,1633,Bundled population grid,2026-07,Методологический слой; проверить источник/единицу измерения
POP-02067,40.80905,69.25489,1160,Bundled population grid,2026-07,Методологический слой; проверить источник/единицу измерения
POP-02068,40.79611,69.21529,650,Bundled population grid,2026-07,Методологический слой; проверить источник/единицу измерения
POP-02069,40.80606,69.23127,1046,Bundled population grid,2026-07,Методологический слой; проверить источник/единицу измерения
POP-02070,40.80457,69.21945,628,Bundled population grid,2026-07,Методологический слой; проверить источник/единицу измерения
POP-02071,40.78914,69.22294,129,Bundled population grid,2026-07,Методологический слой; проверить источник/единицу измерения
POP-02072,40.79909,69.23891,727,Bundled population grid,2026-07,Методологический слой; проверить источник/единицу измерения
POP-02073,40.7976,69.2271,126,Bundled population grid,2026-07,Методологический слой; проверить источник/единицу измерения
POP-02074,40.83145,69.24377,1016,Bundled population grid,2026-07,Методологический слой; проверить источник/единицу измерения
POP-02075,40.84141,69.25976,283,Bundled population grid,2026-07,Методологический слой; проверить источник/единицу измерения
POP-02076,40.83992,69.24794,314,Bundled population grid,2026-07,Методологический слой; проверить источник/единицу измерения
POP-02077,40.82597,69.26323,20,Bundled population grid,2026-07,Методологический слой; проверить источник/единицу измерения
POP-02078,40.83443,69.26741,988,Bundled population grid,2026-07,Методологический слой; проверить источник/единицу измерения
POP-02079,40.83294,69.25559,1023,Bundled population grid,2026-07,Методологический слой; проверить источник/единицу измерения
POP-02080,40.82,69.21597,1529,Bundled population grid,2026-07,Методологический слой; проверить источник/единицу измерения
POP-02081,40.82996,69.23195,838,Bundled population grid,2026-07,Методологический слой; проверить источник/единицу измерения
POP-02082,40.82847,69.22014,430,Bundled population grid,2026-07,Методологический слой; проверить источник/единицу измерения
POP-02083,40.81453,69.23543,178,Bundled population grid,2026-07,Методологический слой; проверить источник/единицу измерения
POP-02084,40.81303,69.22362,1686,Bundled population grid,2026-07,Методологический слой; проверить источник/единицу измерения
POP-02085,40.8215,69.22779,220,Bundled population grid,2026-07,Методологический слой; проверить источник/единицу измерения
POP-02086,40.87824,69.30012,182,Bundled population grid,2026-07,Методологический слой; проверить источник/единицу измерения
POP-02087,40.88818,69.31613,1069,Bundled population grid,2026-07,Методологический слой; проверить источник/единицу измерения
POP-02088,40.8867,69.3043,324,Bundled population grid,2026-07,Методологический слой; проверить источник/единицу измерения
POP-02089,40.8812,69.32378,367,Bundled population grid,2026-07,Методологический слой; проверить источник/единицу измерения
POP-02090,40.87972,69.31195,1083,Bundled population grid,2026-07,Методологический слой; проверить источник/единицу измерения
POP-02091,40.91357,69.32869,205,Bundled population grid,2026-07,Методологический слой; проверить источник/единицу измерения
POP-02092,40.92352,69.34471,309,Bundled population grid,2026-07,Методологический слой; проверить источник/единицу измерения
POP-02093,40.92203,69.33288,56,Bundled population grid,2026-07,Методологический слой; проверить источник/единицу измерения
POP-02094,40.90807,69.34817,1939,Bundled population grid,2026-07,Методологический слой; проверить источник/единицу измерения
POP-02095,40.90659,69.33634,1661,Bundled population grid,2026-07,Методологический слой; проверить источник/единицу измерения
POP-02096,40.91654,69.35236,109,Bundled population grid,2026-07,Методологический слой; проверить источник/единицу измерения
POP-02097,40.91505,69.34052,132,Bundled population grid,2026-07,Методологический слой; проверить источник/единицу измерения
POP-02098,40.89665,69.32031,1360,Bundled population grid,2026-07,Методологический слой; проверить источник/единицу измерения
POP-02099,40.89516,69.30848,152,Bundled population grid,2026-07,Методологический слой; проверить источник/единицу измерения
POP-02100,40.90511,69.3245,719,Bundled population grid,2026-07,Методологический слой; проверить источник/единицу измерения
POP-02101,40.90362,69.31267,159,Bundled population grid,2026-07,Методологический слой; проверить источник/единицу измерения
POP-02102,40.87719,69.35508,289,Bundled population grid,2026-07,Методологический слой; проверить источник/единицу измерения
POP-02103,40.88713,69.3711,301,Bundled population grid,2026-07,Методологический слой; проверить источник/единицу измерения
POP-02104,40.88565,69.35927,466,Bundled population grid,2026-07,Методологический слой; проверить источник/единицу измерения
POP-02105,40.87169,69.37455,38,Bundled population grid,2026-07,Методологический слой; проверить источник/единицу измерения
POP-02106,40.87021,69.36272,84,Bundled population grid,2026-07,Методологический слой; проверить источник/единицу измерения
POP-02107,40.87571,69.34325,203,Bundled population grid,2026-07,Методологический слой; проверить источник/единицу измерения
POP-02108,40.86027,69.34671,139,Bundled population grid,2026-07,Методологический слой; проверить источник/единицу измерения
POP-02109,40.85879,69.33488,397,Bundled population grid,2026-07,Методологический слой; проверить источник/единицу измерения
POP-02110,40.86873,69.35089,575,Bundled population grid,2026-07,Методологический слой; проверить источник/единицу измерения
POP-02111,40.86725,69.33906,187,Bundled population grid,2026-07,Методологический слой; проверить источник/единицу измерения
POP-02112,40.90109,69.35582,2279,Bundled population grid,2026-07,Методологический слой; проверить источник/единицу измерения
POP-02113,40.91103,69.37185,403,Bundled population grid,2026-07,Методологический слой; проверить источник/единицу измерения
POP-02114,40.90955,69.36001,1344,Bundled population grid,2026-07,Методологический слой; проверить источник/единицу измерения
POP-02115,40.89559,69.3753,81,Bundled population grid,2026-07,Методологический слой; проверить источник/единицу измерения
POP-02116,40.89411,69.36346,1828,Bundled population grid,2026-07,Методологический слой; проверить источник/единицу измерения
POP-02117,40.90405,69.37949,43,Bundled population grid,2026-07,Методологический слой; проверить источник/единицу измерения
POP-02118,40.90257,69.36765,1228,Bundled population grid,2026-07,Методологический слой; проверить источник/единицу измерения
POP-02119,40.88967,69.32796,1491,Bundled population grid,2026-07,Методологический слой; проверить источник/единицу измерения
POP-02120,40.89961,69.34398,2188,Bundled population grid,2026-07,Методологический слой; проверить источник/единицу измерения
POP-02121,40.89813,69.33215,1838,Bundled population grid,2026-07,Методологический слой; проверить источник/единицу измерения
POP-02122,40.88417,69.34744,719,Bundled population grid,2026-07,Методологический слой; проверить источник/единицу измерения
POP-02123,40.88269,69.33561,73,Bundled population grid,2026-07,Методологический слой; проверить источник/единицу измерения
POP-02124,40.89263,69.35163,2086,Bundled population grid,2026-07,Методологический слой; проверить источник/единицу измерения
POP-02125,40.89115,69.33979,2269,Bundled population grid,2026-07,Методологический слой; проверить источник/единицу измерения
POP-02126,40.8678,69.21733,658,Bundled population grid,2026-07,Методологический слой; проверить источник/единицу измерения
POP-02127,40.87627,69.2215,124,Bundled population grid,2026-07,Методологический слой; проверить источник/единицу измерения
POP-02128,40.86233,69.23681,87,Bundled population grid,2026-07,Методологический слой; проверить источник/единицу измерения
POP-02129,40.86083,69.22499,174,Bundled population grid,2026-07,Методологический слой; проверить источник/единицу измерения
POP-02130,40.87079,69.24098,119,Bundled population grid,2026-07,Методологический слой; проверить источник/единицу измерения
POP-02131,40.8693,69.22916,129,Bundled population grid,2026-07,Методологический слой; проверить источник/единицу измерения
POP-02132,40.90316,69.24585,102,Bundled population grid,2026-07,Методологический слой; проверить источник/единицу измерения
POP-02133,40.91312,69.26186,30,Bundled population grid,2026-07,Методологический слой; проверить источник/единицу измерения
POP-02134,40.91162,69.25002,91,Bundled population grid,2026-07,Методологический слой; проверить источник/единицу измерения
POP-02135,40.89768,69.26533,185,Bundled population grid,2026-07,Методологический слой; проверить источник/единицу измерения
POP-02136,40.89619,69.2535,276,Bundled population grid,2026-07,Методологический слой; проверить источник/единицу измерения
POP-02137,40.90614,69.26951,134,Bundled population grid,2026-07,Методологический слой; проверить источник/единицу измерения
POP-02138,40.89171,69.21801,349,Bundled population grid,2026-07,Методологический слой; проверить источник/единицу измерения
POP-02139,40.90017,69.22218,54,Bundled population grid,2026-07,Методологический слой; проверить источник/единицу измерения
POP-02140,40.89469,69.24167,169,Bundled population grid,2026-07,Методологический слой; проверить источник/единицу измерения
POP-02141,40.8668,69.27228,360,Bundled population grid,2026-07,Методологический слой; проверить источник/единицу измерения
POP-02142,40.87675,69.28829,197,Bundled population grid,2026-07,Методологический слой; проверить источник/единицу измерения
POP-02143,40.86977,69.29594,56,Bundled population grid,2026-07,Методологический слой; проверить источник/единицу измерения
POP-02144,40.86829,69.28411,448,Bundled population grid,2026-07,Методологический слой; проверить источник/единицу измерения
POP-02145,40.85535,69.24446,43,Bundled population grid,2026-07,Методологический слой; проверить источник/единицу измерения
POP-02146,40.86531,69.26046,1041,Bundled population grid,2026-07,Методологический слой; проверить источник/единицу измерения
POP-02147,40.86382,69.24863,33,Bundled population grid,2026-07,Методологический слой; проверить источник/единицу измерения
POP-02148,40.85833,69.26811,61,Bundled population grid,2026-07,Методологический слой; проверить источник/единицу измерения
POP-02149,40.85684,69.25628,192,Bundled population grid,2026-07,Методологический слой; проверить источник/единицу измерения
POP-02150,40.8907,69.27299,722,Bundled population grid,2026-07,Методологический слой; проверить источник/единицу измерения
POP-02151,40.90065,69.289,76,Bundled population grid,2026-07,Методологический слой; проверить источник/единицу измерения
POP-02152,40.89916,69.27717,433,Bundled population grid,2026-07,Методологический слой; проверить источник/единицу измерения
POP-02153,40.88521,69.29247,83,Bundled population grid,2026-07,Методологический слой; проверить источник/единицу измерения
POP-02154,40.88372,69.28064,266,Bundled population grid,2026-07,Методологический слой; проверить источник/единицу измерения
POP-02155,40.89368,69.29665,28,Bundled population grid,2026-07,Методологический слой; проверить источник/единицу измерения
POP-02156,40.89219,69.28482,587,Bundled population grid,2026-07,Методологический слой; проверить источник/единицу измерения
POP-02157,40.88921,69.26116,534,Bundled population grid,2026-07,Методологический слой; проверить источник/единицу измерения
POP-02158,40.88772,69.24933,178,Bundled population grid,2026-07,Методологический слой; проверить источник/единицу измерения
POP-02159,40.87377,69.26463,250,Bundled population grid,2026-07,Методологический слой; проверить источник/единицу измерения
POP-02160,40.87228,69.25281,246,Bundled population grid,2026-07,Методологический слой; проверить источник/единицу измерения
POP-02161,40.88224,69.26881,481,Bundled population grid,2026-07,Методологический слой; проверить источник/единицу измерения
POP-02162,40.88075,69.25698,76,Bundled population grid,2026-07,Методологический слой; проверить источник/единицу измерения
POP-02163,40.78685,68.95622,63,Bundled population grid,2026-07,Методологический слой; проверить источник/единицу измерения
POP-02164,40.77143,68.95976,1335,Bundled population grid,2026-07,Методологический слой; проверить источник/единицу измерения
POP-02165,40.76991,68.94797,55,Bundled population grid,2026-07,Методологический слой; проверить источник/единицу измерения
POP-02166,40.7799,68.96389,453,Bundled population grid,2026-07,Методологический слой; проверить источник/единицу измерения
POP-02167,40.81227,68.9686,550,Bundled population grid,2026-07,Методологический слой; проверить источник/единицу измерения
POP-02168,40.82074,68.97273,372,Bundled population grid,2026-07,Методологический слой; проверить источник/единицу измерения
POP-02169,40.80531,68.97627,443,Bundled population grid,2026-07,Методологический слой; проверить источник/единицу измерения
POP-02170,40.81378,68.9804,116,Bundled population grid,2026-07,Методологический слой; проверить источник/единицу измерения
POP-02171,40.81075,68.95679,59,Bundled population grid,2026-07,Методологический слой; проверить источник/единицу измерения
POP-02172,40.80227,68.95267,31,Bundled population grid,2026-07,Методологический слой; проверить источник/единицу измерения
POP-02173,40.78597,69.01109,347,Bundled population grid,2026-07,Методологический слой; проверить источник/единицу измерения
POP-02174,40.78445,68.99929,30,Bundled population grid,2026-07,Методологический слой; проверить источник/единицу измерения
POP-02175,40.77054,69.01462,185,Bundled population grid,2026-07,Методологический слой; проверить источник/единицу измерения
POP-02176,40.77901,69.01876,400,Bundled population grid,2026-07,Методологический слой; проверить источник/единицу измерения
POP-02177,40.7775,69.00696,28,Bundled population grid,2026-07,Методологический слой; проверить источник/единицу измерения
POP-02178,40.76448,68.96744,547,Bundled population grid,2026-07,Методологический слой; проверить источник/единицу измерения
POP-02179,40.77295,68.97156,903,Bundled population grid,2026-07,Методологический слой; проверить источник/единицу измерения
POP-02180,40.75904,68.9869,226,Bundled population grid,2026-07,Методологический слой; проверить источник/единицу измерения
POP-02181,40.75752,68.9751,559,Bundled population grid,2026-07,Методологический слой; проверить источник/единицу измерения
POP-02182,40.76599,68.97923,112,Bundled population grid,2026-07,Методологический слой; проверить источник/единицу измерения
POP-02183,40.80986,69.01169,1557,Bundled population grid,2026-07,Методологический слой; проверить источник/единицу измерения
POP-02184,40.80835,68.99988,73,Bundled population grid,2026-07,Методологический слой; проверить источник/единицу измерения
POP-02185,40.79444,69.01522,729,Bundled population grid,2026-07,Методологический слой; проверить источник/единицу измерения
POP-02186,40.79292,69.00342,41,Bundled population grid,2026-07,Методологический слой; проверить источник/единицу измерения
POP-02187,40.80139,69.00755,296,Bundled population grid,2026-07,Методологический слой; проверить источник/единицу измерения
POP-02188,40.78837,68.96802,304,Bundled population grid,2026-07,Методологический слой; проверить источник/единицу измерения
POP-02189,40.79836,68.98395,38,Bundled population grid,2026-07,Методологический слой; проверить источник/единицу измерения
POP-02190,40.79684,68.97214,326,Bundled population grid,2026-07,Методологический слой; проверить источник/единицу измерения
POP-02191,40.78293,68.98749,228,Bundled population grid,2026-07,Методологический слой; проверить источник/единицу измерения
POP-02192,40.78142,68.97569,269,Bundled population grid,2026-07,Методологический слой; проверить источник/единицу измерения
POP-02193,40.79141,68.99162,98,Bundled population grid,2026-07,Методологический слой; проверить источник/единицу измерения
POP-02194,40.78989,68.97982,53,Bundled population grid,2026-07,Методологический слой; проверить источник/единицу измерения
POP-02195,40.84677,69.05186,806,Bundled population grid,2026-07,Методологический слой; проверить источник/единицу измерения
POP-02196,40.85675,69.06782,141,Bundled population grid,2026-07,Методологический слой; проверить источник/единицу измерения
POP-02197,40.85524,69.056,805,Bundled population grid,2026-07,Методологический слой; проверить источник/единицу измерения
POP-02198,40.83981,69.05953,269,Bundled population grid,2026-07,Методологический слой; проверить источник/единицу измерения
POP-02199,40.88216,69.08026,76,Bundled population grid,2026-07,Методологический слой; проверить источник/единицу измерения
POP-02200,40.89214,69.09624,30,Bundled population grid,2026-07,Методологический слой; проверить источник/единицу измерения
POP-02201,40.89063,69.08441,26,Bundled population grid,2026-07,Методологический слой; проверить источник/единицу измерения
POP-02202,40.88367,69.09209,48,Bundled population grid,2026-07,Методологический слой; проверить источник/единицу измерения
POP-02203,40.87067,69.05248,1301,Bundled population grid,2026-07,Методологический слой; проверить источник/единицу измерения
POP-02204,40.88065,69.06844,1043,Bundled population grid,2026-07,Методологический слой; проверить источник/единицу измерения
POP-02205,40.87914,69.05662,1679,Bundled population grid,2026-07,Методологический слой; проверить источник/единицу измерения
POP-02206,40.86522,69.07197,233,Bundled population grid,2026-07,Методологический слой; проверить источник/единицу измерения
POP-02207,40.86371,69.06015,256,Bundled population grid,2026-07,Методологический слой; проверить источник/единицу измерения
POP-02208,40.87369,69.07612,906,Bundled population grid,2026-07,Методологический слой; проверить источник/единицу измерения
POP-02209,40.87218,69.0643,1114,Bundled population grid,2026-07,Методологический слой; проверить источник/единицу измерения
POP-02210,40.84584,69.10679,180,Bundled population grid,2026-07,Методологический слой; проверить источник/единицу измерения
POP-02211,40.84038,69.12627,688,Bundled population grid,2026-07,Методологический слой; проверить источник/единицу измерения
POP-02212,40.83888,69.11445,122,Bundled population grid,2026-07,Методологический слой; проверить источник/единицу измерения
POP-02213,40.84734,69.11861,134,Bundled population grid,2026-07,Методологический слой; проверить источник/единицу измерения
POP-02214,40.83436,69.07901,23,Bundled population grid,2026-07,Методологический слой; проверить источник/единицу измерения
POP-02215,40.84433,69.09497,739,Bundled population grid,2026-07,Методологический слой; проверить источник/единицу измерения
POP-02216,40.84283,69.08316,78,Bundled population grid,2026-07,Методологический слой; проверить источник/единицу измерения
POP-02217,40.8289,69.09849,140,Bundled population grid,2026-07,Методологический слой; проверить источник/единицу измерения
POP-02218,40.8274,69.08668,86,Bundled population grid,2026-07,Методологический слой; проверить источник/единицу измерения
POP-02219,40.83737,69.10264,101,Bundled population grid,2026-07,Методологический слой; проверить источник/единицу измерения
POP-02220,40.83587,69.09083,565,Bundled population grid,2026-07,Методологический слой; проверить источник/единицу измерения
POP-02221,40.86428,69.12691,228,Bundled population grid,2026-07,Методологический слой; проверить источник/единицу измерения
POP-02222,40.87275,69.13107,101,Bundled population grid,2026-07,Методологический слой; проверить источник/единицу измерения
POP-02223,40.85826,69.07964,43,Bundled population grid,2026-07,Методологический слой; проверить источник/единицу измерения
POP-02224,40.86673,69.08379,54,Bundled population grid,2026-07,Методологический слой; проверить источник/единицу измерения
POP-02225,40.8513,69.08731,75,Bundled population grid,2026-07,Методологический слой; проверить источник/единицу измерения
POP-02226,40.83616,68.96918,43,Bundled population grid,2026-07,Методологический слой; проверить источник/единицу измерения
POP-02227,40.84615,68.98512,20,Bundled population grid,2026-07,Методологический слой; проверить источник/единицу измерения
POP-02228,40.84464,68.97331,40,Bundled population grid,2026-07,Методологический слой; проверить источник/единицу измерения
POP-02229,40.87157,68.99753,1844,Bundled population grid,2026-07,Методологический слой; проверить источник/единицу измерения
POP-02230,40.88156,69.01348,1212,Bundled population grid,2026-07,Методологический слой; проверить источник/единицу измерения
POP-02231,40.88004,69.00166,81,Bundled population grid,2026-07,Методологический слой; проверить источник/единицу измерения
POP-02232,40.86613,69.01702,583,Bundled population grid,2026-07,Методологический слой; проверить источник/единицу измерения
POP-02233,40.86462,69.00521,53,Bundled population grid,2026-07,Методологический слой; проверить источник/единицу измерения
POP-02234,40.8746,69.02116,569,Bundled population grid,2026-07,Методологический слой; проверить источник/единицу измерения
POP-02235,40.87309,69.00934,109,Bundled population grid,2026-07,Методологический слой; проверить источник/единицу измерения
POP-02236,40.86006,68.96976,31,Bundled population grid,2026-07,Методологический слой; проверить источник/единицу измерения
POP-02237,40.87005,68.98571,190,Bundled population grid,2026-07,Методологический слой; проверить источник/единицу измерения
POP-02238,40.86854,68.97389,113,Bundled population grid,2026-07,Методологический слой; проверить источник/единицу измерения
POP-02239,40.85463,68.98925,613,Bundled population grid,2026-07,Методологический слой; проверить источник/единицу измерения
POP-02240,40.85311,68.97744,853,Bundled population grid,2026-07,Методологический слой; проверить источник/единицу измерения
POP-02241,40.8631,68.99339,347,Bundled population grid,2026-07,Методологический слой; проверить источник/единицу измерения
POP-02242,40.86158,68.98157,91,Bundled population grid,2026-07,Методологический слой; проверить источник/единицу измерения
POP-02243,40.84526,69.04005,841,Bundled population grid,2026-07,Методологический слой; проверить источник/единицу измерения
POP-02244,40.82983,69.04358,782,Bundled population grid,2026-07,Методологический слой; проверить источник/единицу измерения
POP-02245,40.8383,69.04772,1357,Bundled population grid,2026-07,Методологический слой; проверить источник/единицу измерения
POP-02246,40.83679,69.03591,390,Bundled population grid,2026-07,Методологический слой; проверить источник/единицу измерения
POP-02247,40.81833,69.01582,985,Bundled population grid,2026-07,Методологический слой; проверить источник/единицу измерения
POP-02248,40.81682,69.00401,891,Bundled population grid,2026-07,Методологический слой; проверить источник/единицу измерения
POP-02249,40.86916,69.04066,1924,Bundled population grid,2026-07,Методологический слой; проверить источник/единицу измерения
POP-02250,40.86764,69.02884,304,Bundled population grid,2026-07,Методологический слой; проверить источник/единицу измерения
POP-02251,40.85373,69.04419,1190,Bundled population grid,2026-07,Методологический слой; проверить источник/единицу измерения
POP-02252,40.8622,69.04833,603,Bundled population grid,2026-07,Методологический слой; проверить источник/единицу измерения
POP-02253,40.86069,69.03652,144,Bundled population grid,2026-07,Методологический слой; проверить источник/единицу измерения
POP-02254,40.84767,68.99693,86,Bundled population grid,2026-07,Методологический слой; проверить источник/единицу измерения
POP-02255,40.85766,69.01288,279,Bundled population grid,2026-07,Методологический слой; проверить источник/единицу измерения
POP-02256,40.85614,69.00107,1574,Bundled population grid,2026-07,Методологический слой; проверить источник/единицу измерения
POP-02257,40.84223,69.01642,152,Bundled population grid,2026-07,Методологический слой; проверить источник/единицу измерения
POP-02258,40.73878,69.07652,48,Bundled population grid,2026-07,Методологический слой; проверить источник/единицу измерения
POP-02259,40.74875,69.09245,208,Bundled population grid,2026-07,Методологический слой; проверить источник/единицу измерения
POP-02260,40.74724,69.08066,298,Bundled population grid,2026-07,Методологический слой; проверить источник/единицу измерения
POP-02261,40.73332,69.09596,157,Bundled population grid,2026-07,Методологический слой; проверить источник/единицу измерения
POP-02262,40.73182,69.08417,428,Bundled population grid,2026-07,Методологический слой; проверить источник/единицу измерения
POP-02263,40.74179,69.1001,74,Bundled population grid,2026-07,Методологический слой; проверить источник/единицу измерения
POP-02264,40.74028,69.08831,559,Bundled population grid,2026-07,Методологический слой; проверить источник/единицу измерения
POP-02265,40.77415,69.10488,674,Bundled population grid,2026-07,Методологический слой; проверить источник/единицу измерения
POP-02266,40.78412,69.12083,260,Bundled population grid,2026-07,Методологический слой; проверить источник/единицу измерения
POP-02267,40.78261,69.10903,907,Bundled population grid,2026-07,Методологический слой; проверить источник/единицу измерения
POP-02268,40.77716,69.12849,311,Bundled population grid,2026-07,Методологический слой; проверить источник/единицу измерения
POP-02269,40.77565,69.11669,385,Bundled population grid,2026-07,Методологический слой; проверить источник/единицу измерения
POP-02270,40.77264,69.09308,532,Bundled population grid,2026-07,Методологический слой; проверить источник/единицу измерения
POP-02271,40.75722,69.09659,238,Bundled population grid,2026-07,Методологический слой; проверить источник/единицу измерения
POP-02272,40.75571,69.0848,35,Bundled population grid,2026-07,Методологический слой; проверить источник/единицу измерения
POP-02273,40.73783,69.13135,84,Bundled population grid,2026-07,Методологический слой; проверить источник/единицу измерения
POP-02274,40.7478,69.14729,141,Bundled population grid,2026-07,Методологический слой; проверить источник/единицу измерения
POP-02275,40.73237,69.15079,362,Bundled population grid,2026-07,Методологический слой; проверить источник/единицу измерения
POP-02276,40.74084,69.15494,782,Bundled population grid,2026-07,Методологический слой; проверить источник/единицу измерения
POP-02277,40.73934,69.14314,160,Bundled population grid,2026-07,Методологический слой; проверить источник/единицу измерения
POP-02278,40.72636,69.10361,286,Bundled population grid,2026-07,Методологический слой; проверить источник/единицу измерения
POP-02279,40.73633,69.11955,124,Bundled population grid,2026-07,Методологический слой; проверить источник/единицу измерения
POP-02280,40.73483,69.10776,185,Bundled population grid,2026-07,Методологический слой; проверить источник/единицу измерения
POP-02281,40.72091,69.12305,66,Bundled population grid,2026-07,Методологический слой; проверить источник/единицу измерения
POP-02282,40.7194,69.11126,780,Bundled population grid,2026-07,Методологический слой; проверить источник/единицу измерения
POP-02283,40.77169,69.14794,155,Bundled population grid,2026-07,Методологический слой; проверить источник/единицу измерения
POP-02284,40.77019,69.13614,22,Bundled population grid,2026-07,Методологический слой; проверить источник/единицу измерения
POP-02285,40.75026,69.10425,476,Bundled population grid,2026-07,Методологический слой; проверить источник/единицу измерения
POP-02286,40.76022,69.12019,345,Bundled population grid,2026-07,Методологический слой; проверить источник/единицу измерения
POP-02287,40.75872,69.10839,48,Bundled population grid,2026-07,Методологический слой; проверить источник/единицу измерения
POP-02288,40.74329,69.1119,21,Bundled population grid,2026-07,Методологический слой; проверить источник/единицу измерения
POP-02289,40.75176,69.11605,544,Bundled population grid,2026-07,Методологический слой; проверить источник/единицу измерения
POP-02290,40.7282,68.99398,106,Bundled population grid,2026-07,Методологический слой; проверить источник/единицу измерения
POP-02291,40.73818,69.00989,388,Bundled population grid,2026-07,Методологический слой; проверить источник/единицу измерения
POP-02292,40.73123,69.01755,138,Bundled population grid,2026-07,Методологический слой; проверить источник/единицу измерения
POP-02293,40.72971,69.00576,28,Bundled population grid,2026-07,Методологический слой; проверить источник/единицу измерения
POP-02294,40.77205,69.02642,837,Bundled population grid,2026-07,Методологический слой; проверить источник/единицу измерения
POP-02295,40.75663,69.02995,86,Bundled population grid,2026-07,Методологический слой; проверить источник/единицу измерения
POP-02296,40.74513,69.00223,43,Bundled population grid,2026-07,Методологический слой; проверить источник/единицу измерения
POP-02297,40.75512,69.01815,23,Bundled population grid,2026-07,Методологический слой; проверить источник/единицу измерения
POP-02298,40.72034,69.05645,137,Bundled population grid,2026-07,Методологический слой; проверить источник/единицу измерения
POP-02299,40.73031,69.07238,35,Bundled population grid,2026-07,Методологический слой; проверить источник/единицу измерения
POP-02300,40.72578,69.037,367,Bundled population grid,2026-07,Методологический слой; проверить источник/единицу измерения
POP-02301,40.71036,69.04053,332,Bundled population grid,2026-07,Методологический слой; проверить источник/единицу измерения
POP-02302,40.70885,69.02874,253,Bundled population grid,2026-07,Методологический слой; проверить источник/единицу измерения
POP-02303,40.71883,69.04466,160,Bundled population grid,2026-07,Методологический слой; проверить источник/единицу измерения
POP-02304,40.75118,69.04941,89,Bundled population grid,2026-07,Методологический слой; проверить источник/единицу измерения
POP-02305,40.76116,69.06534,420,Bundled population grid,2026-07,Методологический слой; проверить источник/единицу измерения
POP-02306,40.75965,69.05354,347,Bundled population grid,2026-07,Методологический слой; проверить источник/единицу измерения
POP-02307,40.74574,69.06886,301,Bundled population grid,2026-07,Методологический слой; проверить источник/единицу измерения
POP-02308,40.74423,69.05707,114,Bundled population grid,2026-07,Методологический слой; проверить источник/единицу измерения
POP-02309,40.75269,69.0612,111,Bundled population grid,2026-07,Методологический слой; проверить источник/единицу измерения
POP-02310,40.73969,69.02169,71,Bundled population grid,2026-07,Методологический слой; проверить источник/единицу измерения
POP-02311,40.74967,69.03761,471,Bundled population grid,2026-07,Методологический слой; проверить источник/единицу измерения
POP-02312,40.74816,69.02582,949,Bundled population grid,2026-07,Методологический слой; проверить источник/единицу измерения
POP-02313,40.74121,69.03348,253,Bundled population grid,2026-07,Методологический слой; проверить источник/единицу измерения
POP-02314,40.79804,69.10552,79,Bundled population grid,2026-07,Методологический слой; проверить источник/единицу измерения
POP-02315,40.79258,69.12498,1492,Bundled population grid,2026-07,Методологический слой; проверить источник/единицу измерения
POP-02316,40.79108,69.11318,215,Bundled population grid,2026-07,Методологический слой; проверить источник/единицу измерения
POP-02317,40.80105,69.12913,417,Bundled population grid,2026-07,Методологический слой; проверить источник/единицу измерения
POP-02318,40.79955,69.11733,33,Bundled population grid,2026-07,Методологический слой; проверить источник/единицу измерения
POP-02319,40.83342,69.13393,757,Bundled population grid,2026-07,Методологический слой; проверить источник/единицу измерения
POP-02320,40.84338,69.1499,43,Bundled population grid,2026-07,Методологический слой; проверить источник/единицу измерения
POP-02321,40.84188,69.13809,294,Bundled population grid,2026-07,Методологический слой; проверить источник/единицу измерения
POP-02322,40.82645,69.14159,26,Bundled population grid,2026-07,Методологический слой; проверить источник/единицу измерения
POP-02323,40.83642,69.15756,35,Bundled population grid,2026-07,Методологический слой; проверить источник/единицу измерения
POP-02324,40.83492,69.14575,261,Bundled population grid,2026-07,Методологический слой; проверить источник/единицу измерения
POP-02325,40.82194,69.10615,326,Bundled population grid,2026-07,Методологический слой; проверить источник/единицу измерения
POP-02326,40.83191,69.12212,656,Bundled population grid,2026-07,Методологический слой; проверить источник/единицу измерения
POP-02327,40.83041,69.1103,998,Bundled population grid,2026-07,Методологический слой; проверить источник/единицу измерения
POP-02328,40.81498,69.11382,142,Bundled population grid,2026-07,Методологический слой; проверить источник/единицу измерения
POP-02329,40.82345,69.11797,55,Bundled population grid,2026-07,Методологический слой; проверить источник/единицу измерения
POP-02330,40.79709,69.1604,600,Bundled population grid,2026-07,Методологический слой; проверить источник/единицу измерения
POP-02331,40.80705,69.17637,542,Bundled population grid,2026-07,Методологический слой; проверить источник/единицу измерения
POP-02332,40.80555,69.16456,162,Bundled population grid,2026-07,Методологический слой; проверить источник/единицу измерения
POP-02333,40.79162,69.17986,23,Bundled population grid,2026-07,Методологический слой; проверить источник/единицу измерения
POP-02334,40.80008,69.18402,775,Bundled population grid,2026-07,Методологический слой; проверить источник/единицу измерения
POP-02335,40.79859,69.17221,78,Bundled population grid,2026-07,Методологический слой; проверить источник/единицу измерения
POP-02336,40.78562,69.13264,423,Bundled population grid,2026-07,Методологический слой; проверить источник/единицу измерения
POP-02337,40.79559,69.1486,942,Bundled population grid,2026-07,Методологический слой; проверить источник/единицу измерения
POP-02338,40.79409,69.13679,496,Bundled population grid,2026-07,Методологический слой; проверить источник/единицу измерения
POP-02339,40.78016,69.1521,38,Bundled population grid,2026-07,Методологический слой; проверить источник/единицу измерения
POP-02340,40.77866,69.14029,132,Bundled population grid,2026-07,Методологический слой; проверить источник/единицу измерения
POP-02341,40.82099,69.16106,740,Bundled population grid,2026-07,Методологический слой; проверить источник/единицу измерения
POP-02342,40.83095,69.17703,1554,Bundled population grid,2026-07,Методологический слой; проверить источник/единицу измерения
POP-02343,40.82945,69.16522,99,Bundled population grid,2026-07,Методологический слой; проверить источник/единицу измерения
POP-02344,40.81552,69.18053,1552,Bundled population grid,2026-07,Методологический слой; проверить источник/единицу измерения
POP-02345,40.81402,69.16872,268,Bundled population grid,2026-07,Методологический слой; проверить источник/единицу измерения
POP-02346,40.82398,69.18469,1456,Bundled population grid,2026-07,Методологический слой; проверить источник/единицу измерения
POP-02347,40.82248,69.17288,451,Bundled population grid,2026-07,Методологический слой; проверить источник/единицу измерения
POP-02348,40.81949,69.14925,440,Bundled population grid,2026-07,Методологический слой; проверить источник/единицу измерения
POP-02349,40.81798,69.13744,20,Bundled population grid,2026-07,Методологический слой; проверить источник/единицу измерения
POP-02350,40.80405,69.15275,170,Bundled population grid,2026-07,Методологический слой; проверить источник/единицу измерения
POP-02351,40.80255,69.14094,585,Bundled population grid,2026-07,Методологический слой; проверить источник/единицу измерения
POP-02352,40.81252,69.15691,726,Bundled population grid,2026-07,Методологический слой; проверить источник/единицу измерения
POP-02353,40.78748,69.02289,464,Bundled population grid,2026-07,Методологический слой; проверить источник/единицу измерения
POP-02354,40.79746,69.03883,35,Bundled population grid,2026-07,Методологический слой; проверить источник/единицу измерения
POP-02355,40.79595,69.02702,1281,Bundled population grid,2026-07,Методологический слой; проверить источник/единицу измерения
POP-02356,40.78052,69.03056,182,Bundled population grid,2026-07,Методологический слой; проверить источник/единицу измерения
POP-02357,40.7905,69.04649,249,Bundled population grid,2026-07,Методологический слой; проверить источник/единицу измерения
POP-02358,40.78899,69.03469,98,Bundled population grid,2026-07,Методологический слой; проверить источник/единицу измерения
POP-02359,40.83285,69.0672,28,Bundled population grid,2026-07,Методологический слой; проверить источник/единицу измерения
POP-02360,40.83134,69.05539,94,Bundled population grid,2026-07,Методологический слой; проверить источник/единицу измерения
POP-02361,40.81138,69.02349,167,Bundled population grid,2026-07,Методологический слой; проверить источник/единицу измерения
POP-02362,40.81985,69.02763,103,Bundled population grid,2026-07,Методологический слой; проверить источник/единицу измерения
POP-02363,40.80593,69.04297,162,Bundled population grid,2026-07,Методологический слой; проверить источник/единицу измерения
POP-02364,40.80442,69.03116,122,Bundled population grid,2026-07,Методологический слой; проверить источник/единицу измерения
POP-02365,40.78656,69.07776,398,Bundled population grid,2026-07,Методологический слой; проверить источник/единицу измерения
POP-02366,40.79654,69.09371,121,Bundled population grid,2026-07,Методологический слой; проверить источник/единицу измерения
POP-02367,40.79503,69.08191,246,Bundled population grid,2026-07,Методологический слой; проверить источник/единицу измерения
POP-02368,40.78111,69.09723,1542,Bundled population grid,2026-07,Методологический слой; проверить источник/единицу измерения
POP-02369,40.78958,69.10137,1617,Bundled population grid,2026-07,Методологический слой; проверить источник/единицу измерения
POP-02370,40.78807,69.08957,1026,Bundled population grid,2026-07,Методологический слой; проверить источник/единицу измерения
POP-02371,40.78506,69.06596,93,Bundled population grid,2026-07,Методологический слой; проверить источник/единицу измерения
POP-02372,40.78355,69.05416,347,Bundled population grid,2026-07,Методологический слой; проверить источник/единицу измерения
POP-02373,40.82044,69.09434,159,Bundled population grid,2026-07,Методологический слой; проверить источник/единицу измерения
POP-02374,40.81347,69.10201,179,Bundled population grid,2026-07,Методологический слой; проверить источник/единицу измерения
POP-02375,40.79897,69.05063,210,Bundled population grid,2026-07,Методологический слой; проверить источник/единицу измерения
POP-02376,40.80744,69.05477,534,Bundled population grid,2026-07,Методологический слой; проверить источник/единицу измерения
POP-02377,40.79352,69.0701,25,Bundled population grid,2026-07,Методологический слой; проверить источник/единицу измерения
POP-02378,40.79201,69.0583,347,Bundled population grid,2026-07,Методологический слой; проверить источник/единицу измерения
POP-02379,40.80048,69.06244,21,Bundled population grid,2026-07,Методологический слой; проверить источник/единицу измерения
POP-02380,40.61289,69.33524,50,Bundled population grid,2026-07,Методологический слой; проверить источник/единицу измерения
POP-02381,40.59746,69.33868,228,Bundled population grid,2026-07,Методологический слой; проверить источник/единицу измерения
POP-02382,40.59598,69.32691,202,Bundled population grid,2026-07,Методологический слой; проверить источник/единицу измерения
POP-02383,40.60592,69.34285,527,Bundled population grid,2026-07,Методологический слой; проверить источник/единицу измерения
POP-02384,40.60444,69.33107,400,Bundled population grid,2026-07,Методологический слой; проверить источник/единицу измерения
POP-02385,40.62684,69.32002,178,Bundled population grid,2026-07,Методологический слой; проверить источник/единицу измерения
POP-02386,40.63529,69.32418,24,Bundled population grid,2026-07,Методологический слой; проверить источник/единицу измерения
POP-02387,40.59049,69.34629,59,Bundled population grid,2026-07,Методологический слой; проверить источник/единицу измерения
POP-02388,40.59894,69.35046,104,Bundled population grid,2026-07,Методологический слой; проверить источник/единицу измерения
POP-02389,40.56668,69.15799,68,Bundled population grid,2026-07,Методологический слой; проверить источник/единицу измерения
POP-02390,40.55276,69.17324,46,Bundled population grid,2026-07,Методологический слой; проверить источник/единицу измерения
POP-02391,40.55126,69.16148,329,Bundled population grid,2026-07,Методологический слой; проверить источник/единицу измерения
POP-02392,40.55574,69.19676,162,Bundled population grid,2026-07,Методологический слой; проверить источник/единицу измерения
POP-02393,40.55425,69.185,370,Bundled population grid,2026-07,Методологический слой; проверить источник/единицу измерения
POP-02394,40.59255,69.23689,38,Bundled population grid,2026-07,Методологический слой; проверить источник/единицу измерения
POP-02395,40.60101,69.24104,30,Bundled population grid,2026-07,Методологический слой; проверить источник/единицу измерения
POP-02396,40.58708,69.25627,289,Bundled population grid,2026-07,Методологический слой; проверить источник/единицу измерения
POP-02397,40.58559,69.2445,1258,Bundled population grid,2026-07,Методологический слой; проверить источник/единицу измерения
POP-02398,40.59404,69.24866,76,Bundled population grid,2026-07,Методологический слой; проверить источник/единицу измерения
POP-02399,40.62787,69.26528,203,Bundled population grid,2026-07,Методологический слой; проверить источник/единицу измерения
POP-02400,40.62239,69.28468,40,Bundled population grid,2026-07,Методологический слой; проверить источник/единицу измерения
POP-02401,40.6209,69.2729,137,Bundled population grid,2026-07,Методологический слой; проверить источник/единицу измерения
POP-02402,40.62936,69.27706,66,Bundled population grid,2026-07,Методологический слой; проверить источник/единицу измерения
POP-02403,40.59153,69.29159,200,Bundled population grid,2026-07,Методологический слой; проверить источник/единицу измерения
POP-02404,40.59999,69.29575,408,Bundled population grid,2026-07,Методологический слой; проверить источник/единицу измерения
POP-02405,40.58011,69.26389,21,Bundled population grid,2026-07,Методологический слой; проверить источник/единицу измерения
POP-02406,40.59005,69.27982,402,Bundled population grid,2026-07,Методологический слой; проверить источник/единицу измерения
POP-02407,40.57462,69.28327,32,Bundled population grid,2026-07,Методологический слой; проверить источник/единицу измерения
POP-02408,40.57314,69.2715,52,Bundled population grid,2026-07,Методологический слой; проверить источник/единицу измерения
POP-02409,40.61542,69.2923,66,Bundled population grid,2026-07,Методологический слой; проверить источник/единицу измерения
POP-02410,40.61244,69.26874,177,Bundled population grid,2026-07,Методологический слой; проверить источник/единицу измерения
POP-02411,40.5985,69.28397,281,Bundled population grid,2026-07,Методологический слой; проверить источник/единицу измерения
POP-02412,40.60696,69.28813,102,Bundled population grid,2026-07,Методологический слой; проверить источник/единицу измерения
POP-02413,40.62739,69.19877,33,Bundled population grid,2026-07,Методологический слой; проверить источник/единицу измерения
POP-02414,40.61196,69.20225,198,Bundled population grid,2026-07,Методологический слой; проверить источник/единицу измерения
POP-02415,40.61047,69.19048,61,Bundled population grid,2026-07,Методологический слой; проверить источник/единицу измерения
POP-02416,40.61444,69.1593,30,Bundled population grid,2026-07,Методологический слой; проверить источник/единицу измерения
POP-02417,40.60051,69.17456,20,Bundled population grid,2026-07,Методологический слой; проверить источник/единицу измерения
POP-02418,40.58112,69.2092,33,Bundled population grid,2026-07,Методологический слой; проверить источник/единицу измерения
POP-02419,40.59106,69.22512,38,Bundled population grid,2026-07,Методологический слой; проверить источник/единицу измерения
POP-02420,40.605,69.20987,795,Bundled population grid,2026-07,Методологический слой; проверить источник/единицу измерения
POP-02421,40.61345,69.21402,398,Bundled population grid,2026-07,Методологический слой; проверить источник/единицу измерения
POP-02422,40.60649,69.22165,68,Bundled population grid,2026-07,Методологический слой; проверить источник/единицу измерения
POP-02423,40.6035,69.1981,243,Bundled population grid,2026-07,Методологический слой; проверить источник/единицу измерения
POP-02424,40.60201,69.18633,106,Bundled population grid,2026-07,Методологический слой; проверить источник/единицу измерения
POP-02425,40.58808,69.20158,23,Bundled population grid,2026-07,Методологический слой; проверить источник/единицу измерения
POP-02426,40.58659,69.18981,43,Bundled population grid,2026-07,Методологический слой; проверить источник/единицу измерения
POP-02427,40.59654,69.20572,200,Bundled population grid,2026-07,Методологический слой; проверить источник/единицу измерения
POP-02428,40.57907,69.31858,59,Bundled population grid,2026-07,Методологический слой; проверить источник/единицу измерения
POP-02429,40.58203,69.34212,55,Bundled population grid,2026-07,Методологический слой; проверить источник/единицу измерения
POP-02430,40.58055,69.33035,107,Bundled population grid,2026-07,Методологический слой; проверить источник/единицу измерения
POP-02431,40.57759,69.30681,380,Bundled population grid,2026-07,Методологический слой; проверить источник/единицу измерения
POP-02432,40.57862,69.25212,73,Bundled population grid,2026-07,Методологический слой; проверить источник/единицу измерения
POP-02433,40.57713,69.24035,23,Bundled population grid,2026-07,Методологический слой; проверить источник/единицу измерения
POP-02434,40.5632,69.25558,20,Bundled population grid,2026-07,Методологический слой; проверить источник/единицу измерения
POP-02435,40.57165,69.25973,110,Bundled population grid,2026-07,Методологический слой; проверить источник/единицу измерения
POP-02436,40.55724,69.20852,25,Bundled population grid,2026-07,Методологический слой; проверить источник/единицу измерения
POP-02437,40.55176,69.2279,33,Bundled population grid,2026-07,Методологический слой; проверить источник/единицу измерения
POP-02438,40.55027,69.21614,98,Bundled population grid,2026-07,Методологический слой; проверить источник/единицу измерения
POP-02439,40.77017,69.32434,271,Bundled population grid,2026-07,Методологический слой; проверить источник/единицу измерения
POP-02440,40.77863,69.32852,228,Bundled population grid,2026-07,Методологический слой; проверить источник/единицу измерения
POP-02441,40.76319,69.33197,43,Bundled population grid,2026-07,Методологический слой; проверить источник/единицу измерения
POP-02442,40.77165,69.33615,876,Bundled population grid,2026-07,Методологический слой; проверить источник/единицу измерения
POP-02443,40.80549,69.35288,236,Bundled population grid,2026-07,Методологический слой; проверить источник/единицу измерения
POP-02444,40.81543,69.36888,129,Bundled population grid,2026-07,Методологический слой; проверить источник/единицу измерения
POP-02445,40.81395,69.35706,101,Bundled population grid,2026-07,Методологический слой; проверить источник/единицу измерения
POP-02446,40.79407,69.32506,154,Bundled population grid,2026-07,Методологический слой; проверить источник/единицу измерения
POP-02447,40.80401,69.34106,491,Bundled population grid,2026-07,Методологический слой; проверить источник/единицу измерения
POP-02448,40.80253,69.32924,492,Bundled population grid,2026-07,Методологический слой; проверить источник/единицу измерения
POP-02449,40.79555,69.33688,324,Bundled population grid,2026-07,Методологический слой; проверить источник/единицу измерения
POP-02450,40.76616,69.35559,64,Bundled population grid,2026-07,Методологический слой; проверить источник/единицу измерения
POP-02451,40.75918,69.36321,23,Bundled population grid,2026-07,Методологический слой; проверить источник/единицу измерения
POP-02452,40.79448,69.39177,23,Bundled population grid,2026-07,Методологический слой; проверить источник/единицу измерения
POP-02453,40.83972,69.43637,509,Bundled population grid,2026-07,Методологический слой; проверить источник/единицу измерения
POP-02454,40.84818,69.44057,322,Bundled population grid,2026-07,Методологический слой; проверить источник/единицу измерения
POP-02455,40.83273,69.444,71,Bundled population grid,2026-07,Методологический слой; проверить источник/единицу измерения
POP-02456,40.87502,69.46501,220,Bundled population grid,2026-07,Методологический слой; проверить источник/единицу измерения
POP-02457,40.88494,69.48105,30,Bundled population grid,2026-07,Методологический слой; проверить источник/единицу измерения
POP-02458,40.8695,69.48447,162,Bundled population grid,2026-07,Методологический слой; проверить источник/единицу измерения
POP-02459,40.86803,69.47264,578,Bundled population grid,2026-07,Методологический слой; проверить источник/единицу измерения
POP-02460,40.87795,69.48868,435,Bundled population grid,2026-07,Методологический слой; проверить источник/единицу измерения
POP-02461,40.86362,69.43714,76,Bundled population grid,2026-07,Методологический слой; проверить источник/единицу измерения
POP-02462,40.8581,69.4566,129,Bundled population grid,2026-07,Методологический слой; проверить источник/единицу измерения
POP-02463,40.86656,69.46081,650,Bundled population grid,2026-07,Методологический слой; проверить источник/единицу измерения
POP-02464,40.84853,69.50734,35,Bundled population grid,2026-07,Методологический слой; проверить источник/единицу измерения
POP-02465,40.84706,69.49551,61,Bundled population grid,2026-07,Методологический слой; проверить источник/единицу измерения
POP-02466,40.83308,69.51075,192,Bundled population grid,2026-07,Методологический слой; проверить источник/единицу измерения
POP-02467,40.83162,69.49893,788,Bundled population grid,2026-07,Методологический слой; проверить источник/единицу измерения
POP-02468,40.82722,69.46345,205,Bundled population grid,2026-07,Методологический слой; проверить источник/единицу измерения
POP-02469,40.8217,69.4829,134,Bundled population grid,2026-07,Методологический слой; проверить источник/единицу измерения
POP-02470,40.83015,69.4871,367,Bundled population grid,2026-07,Методологический слой; проверить источник/единицу измерения
POP-02471,40.82868,69.47528,127,Bundled population grid,2026-07,Методологический слой; проверить источник/единицу измерения
POP-02472,40.87243,69.50814,64,Bundled population grid,2026-07,Методологический слой; проверить источник/единицу измерения
POP-02473,40.87096,69.4963,60,Bundled population grid,2026-07,Методологический слой; проверить источник/единицу измерения
POP-02474,40.85552,69.49972,524,Bundled population grid,2026-07,Методологический слой; проверить источник/единицу измерения
POP-02475,40.86397,69.50393,21,Bundled population grid,2026-07,Методологический слой; проверить источник/единицу измерения
POP-02476,40.86104,69.48026,27,Bundled population grid,2026-07,Методологический слой; проверить источник/единицу измерения
POP-02477,40.85957,69.46843,135,Bundled population grid,2026-07,Методологический слой; проверить источник/единицу измерения
POP-02478,40.8456,69.48368,32,Bundled population grid,2026-07,Методологический слой; проверить источник/единицу измерения
POP-02479,40.84413,69.47185,51,Bundled population grid,2026-07,Методологический слой; проверить источник/единицу измерения
POP-02480,40.85405,69.48789,147,Bundled population grid,2026-07,Методологический слой; проверить источник/единицу измерения
POP-02481,40.82939,69.35361,225,Bundled population grid,2026-07,Методологический слой; проверить источник/единицу измерения
POP-02482,40.82389,69.37307,608,Bundled population grid,2026-07,Методологический слой; проверить источник/единицу измерения
POP-02483,40.82241,69.36124,909,Bundled population grid,2026-07,Методологический слой; проверить источник/единицу измерения
POP-02484,40.8647,69.38219,344,Bundled population grid,2026-07,Методологический слой; проверить источник/единицу измерения
POP-02485,40.8592,69.40165,980,Bundled population grid,2026-07,Методологический слой; проверить источник/единицу измерения
POP-02486,40.85772,69.38983,197,Bundled population grid,2026-07,Методологический слой; проверить источник/единицу измерения
POP-02487,40.86618,69.39402,66,Bundled population grid,2026-07,Методологический слой; проверить источник/единицу измерения
POP-02488,40.85329,69.35435,1010,Bundled population grid,2026-07,Методологический слой; проверить источник/единицу измерения
POP-02489,40.84779,69.37381,947,Bundled population grid,2026-07,Методологический слой; проверить источник/единицу измерения
POP-02490,40.84631,69.36198,1732,Bundled population grid,2026-07,Методологический слой; проверить источник/единицу измерения
POP-02491,40.85625,69.378,71,Bundled population grid,2026-07,Методологический слой; проверить источник/единицу измерения
POP-02492,40.85477,69.36617,678,Bundled population grid,2026-07,Методологический слой; проверить источник/единицу измерения
POP-02493,40.82831,69.40853,813,Bundled population grid,2026-07,Методологический слой; проверить источник/единицу измерения
POP-02494,40.8228,69.42798,96,Bundled population grid,2026-07,Методологический слой; проверить источник/единицу измерения
POP-02495,40.82133,69.41616,162,Bundled population grid,2026-07,Методологический слой; проверить источник/единицу измерения
POP-02496,40.83126,69.43218,724,Bundled population grid,2026-07,Методологический слой; проверить источник/единицу измерения
POP-02497,40.82979,69.42035,1069,Bundled population grid,2026-07,Методологический слой; проверить источник/единицу измерения
POP-02498,40.8169,69.3807,377,Bundled population grid,2026-07,Методологический слой; проверить источник/единицу измерения
POP-02499,40.82684,69.39671,339,Bundled population grid,2026-07,Методологический слой; проверить источник/единицу измерения
POP-02500,40.82536,69.38489,289,Bundled population grid,2026-07,Методологический слой; проверить источник/единицу измерения
POP-02501,40.85221,69.40929,1002,Bundled population grid,2026-07,Методологический слой; проверить источник/единицу измерения
POP-02502,40.86215,69.42531,31,Bundled population grid,2026-07,Методологический слой; проверить источник/единицу измерения
POP-02503,40.86067,69.41348,509,Bundled population grid,2026-07,Методологический слой; проверить источник/единицу измерения
POP-02504,40.8467,69.42875,278,Bundled population grid,2026-07,Методологический слой; проверить источник/единицу измерения
POP-02505,40.85369,69.42112,253,Bundled population grid,2026-07,Методологический слой; проверить источник/единицу измерения
POP-02506,40.85074,69.39746,1497,Bundled population grid,2026-07,Методологический слой; проверить источник/единицу измерения
POP-02507,40.84926,69.38563,38,Bundled population grid,2026-07,Методологический слой; проверить источник/единицу измерения
POP-02508,40.84376,69.40509,66,Bundled population grid,2026-07,Методологический слой; проверить источник/единицу измерения
POP-02509,40.7581,69.41807,25,Bundled population grid,2026-07,Методологический слой; проверить источник/единицу измерения
POP-02510,40.82609,69.51837,451,Bundled population grid,2026-07,Методологический слой; проверить источник/единицу измерения
POP-02511,40.82902,69.54202,48,Bundled population grid,2026-07,Методологический слой; проверить источник/единицу измерения
POP-02512,40.82463,69.50655,717,Bundled population grid,2026-07,Методологический слой; проверить источник/единицу измерения
POP-02513,40.82316,69.49472,574,Bundled population grid,2026-07,Методологический слой; проверить источник/единицу измерения
POP-02514,40.81617,69.50234,177,Bundled population grid,2026-07,Методологический слой; проверить источник/единицу измерения
POP-02515,40.79958,69.56065,655,Bundled population grid,2026-07,Методологический слой; проверить источник/единицу измерения
POP-02516,40.79813,69.54882,21,Bundled population grid,2026-07,Методологический слой; проверить источник/единицу измерения
POP-02517,40.78414,69.56404,174,Bundled population grid,2026-07,Методологический слой; проверить источник/единицу измерения
POP-02518,40.79259,69.56825,357,Bundled population grid,2026-07,Методологический слой; проверить источник/единицу измерения
POP-02519,40.79113,69.55643,175,Bundled population grid,2026-07,Методологический слой; проверить источник/единицу измерения
POP-02520,40.82348,69.56146,972,Bundled population grid,2026-07,Методологический слой; проверить источник/единицу измерения
POP-02521,40.82202,69.54964,223,Bundled population grid,2026-07,Методологический слой; проверить источник/единицу измерения
POP-02522,40.80658,69.55304,1145,Bundled population grid,2026-07,Методологический слой; проверить источник/единицу измерения
POP-02523,40.81649,69.56907,68,Bundled population grid,2026-07,Методологический слой; проверить источник/единицу измерения
POP-02524,40.81503,69.55725,610,Bundled population grid,2026-07,Методологический слой; проверить источник/единицу измерения
POP-02525,40.82428,69.4398,101,Bundled population grid,2026-07,Методологический слой; проверить источник/единицу измерения
POP-02526,40.8103,69.45505,61,Bundled population grid,2026-07,Методологический слой; проверить источник/единицу измерения
POP-02527,40.81287,69.41197,20,Bundled population grid,2026-07,Методологический слой; проверить источник/единицу измерения
POP-02528,40.81177,69.46687,32,Bundled population grid,2026-07,Методологический слой; проверить источник/единицу измерения
POP-02529,40.69852,69.1342,20,Bundled population grid,2026-07,Методологический слой; проверить источник/единицу измерения
POP-02530,40.68459,69.14948,342,Bundled population grid,2026-07,Методологический слой; проверить источник/единицу измерения
POP-02531,40.68309,69.1377,56,Bundled population grid,2026-07,Методологический слой; проверить источник/единицу измерения
POP-02532,40.72541,69.15843,104,Bundled population grid,2026-07,Методологический слой; проверить источник/единицу измерения
POP-02533,40.73387,69.16258,1048,Bundled population grid,2026-07,Методологический слой; проверить источник/единицу измерения
POP-02534,40.71994,69.17787,22,Bundled population grid,2026-07,Методологический слой; проверить источник/единицу измерения
POP-02535,40.72691,69.17023,228,Bundled population grid,2026-07,Методологический слой; проверить источник/единицу измерения
POP-02536,40.71394,69.1307,41,Bundled population grid,2026-07,Методологический слой; проверить источник/единицу измерения
POP-02537,40.70698,69.13835,48,Bundled population grid,2026-07,Методологический слой; проверить источник/единицу измерения
POP-02538,40.68909,69.18484,235,Bundled population grid,2026-07,Методологический слой; проверить источник/единицу измерения
POP-02539,40.69904,69.20079,84,Bundled population grid,2026-07,Методологический слой; проверить источник/единицу измерения
POP-02540,40.69755,69.189,213,Bundled population grid,2026-07,Методологический слой; проверить источник/единицу измерения
POP-02541,40.68212,69.19248,36,Bundled population grid,2026-07,Методологический слой; проверить источник/единицу измерения
POP-02542,40.69208,69.20842,119,Bundled population grid,2026-07,Методологический слой; проверить источник/единицу измерения
POP-02543,40.69058,69.19663,306,Bundled population grid,2026-07,Методологический слой; проверить источник/единицу измерения
POP-02544,40.67763,69.15712,79,Bundled population grid,2026-07,Методологический слой; проверить источник/единицу измерения
POP-02545,40.67216,69.17654,48,Bundled population grid,2026-07,Методологический слой; проверить источник/единицу измерения
POP-02546,40.67913,69.16891,88,Bundled population grid,2026-07,Методологический слой; проверить источник/единицу измерения
POP-02547,40.72293,69.20146,21,Bundled population grid,2026-07,Методологический слой; проверить источник/единицу измерения
POP-02548,40.7075,69.20494,265,Bundled population grid,2026-07,Методологический слой; проверить источник/единицу измерения
POP-02549,40.71597,69.2091,86,Bundled population grid,2026-07,Методологический слой; проверить источник/единицу измерения
POP-02550,40.69605,69.17721,81,Bundled population grid,2026-07,Методологический слой; проверить источник/единицу измерения
POP-02551,40.75976,69.2417,326,Bundled population grid,2026-07,Методологический слой; проверить источник/единицу измерения
POP-02552,40.76972,69.25767,264,Bundled population grid,2026-07,Методологический слой; проверить источник/единицу измерения
POP-02553,40.76823,69.24586,1293,Bundled population grid,2026-07,Методологический слой; проверить источник/единицу измерения
POP-02554,40.76274,69.26531,58,Bundled population grid,2026-07,Методологический слой; проверить источник/единицу измерения
POP-02555,40.76125,69.2535,182,Bundled population grid,2026-07,Методологический слой; проверить источник/единицу измерения
POP-02556,40.80505,69.28616,1438,Bundled population grid,2026-07,Методологический слой; проверить источник/единицу измерения
POP-02557,40.80356,69.27435,884,Bundled population grid,2026-07,Методологический слой; проверить источник/единицу измерения
POP-02558,40.78961,69.28963,68,Bundled population grid,2026-07,Методологический слой; проверить источник/единицу измерения
POP-02559,40.78813,69.27782,182,Bundled population grid,2026-07,Методологический слой; проверить источник/единицу измерения
POP-02560,40.79659,69.28199,117,Bundled population grid,2026-07,Методологический слой; проверить источник/единицу измерения
POP-02561,40.79361,69.25837,23,Bundled population grid,2026-07,Методологический слой; проверить источник/единицу измерения
POP-02562,40.77669,69.25003,104,Bundled population grid,2026-07,Методологический слой; проверить источник/единицу измерения
POP-02563,40.76869,69.31253,297,Bundled population grid,2026-07,Методологический слой; проверить источник/единицу измерения
POP-02564,40.75325,69.31599,390,Bundled population grid,2026-07,Методологический слой; проверить источник/единицу измерения
POP-02565,40.75177,69.30419,58,Bundled population grid,2026-07,Методологический слой; проверить источник/единицу измерения
POP-02566,40.76171,69.32017,114,Bundled population grid,2026-07,Методологический слой; проверить источник/единицу измерения
POP-02567,40.76023,69.30836,453,Bundled population grid,2026-07,Методологический слой; проверить источник/единицу измерения
POP-02568,40.77715,69.31671,187,Bundled population grid,2026-07,Методологический слой; проверить источник/единицу измерения
POP-02569,40.78561,69.32089,393,Bundled population grid,2026-07,Методологический слой; проверить источник/единицу измерения
POP-02570,40.78412,69.30908,35,Bundled population grid,2026-07,Методологический слой; проверить источник/единицу измерения
POP-02571,40.7712,69.26948,142,Bundled population grid,2026-07,Методологический слой; проверить источник/единицу измерения
POP-02572,40.76423,69.27711,20,Bundled population grid,2026-07,Методологический слой; проверить источник/единицу измерения
POP-02573,40.77269,69.28128,48,Bundled population grid,2026-07,Методологический слой; проверить источник/единицу измерения
POP-02574,40.75926,69.17504,944,Bundled population grid,2026-07,Методологический слой; проверить источник/единицу измерения
POP-02575,40.74383,69.17853,435,Bundled population grid,2026-07,Методологический слой; проверить источник/единицу измерения
POP-02576,40.7523,69.18269,238,Bundled population grid,2026-07,Методологический слой; проверить источник/единицу измерения
POP-02577,40.7508,69.17089,243,Bundled population grid,2026-07,Методологический слой; проверить источник/единицу измерения
POP-02578,40.78465,69.18751,50,Bundled population grid,2026-07,Методологический слой; проверить источник/единицу измерения
POP-02579,40.79461,69.20348,914,Bundled population grid,2026-07,Методологический слой; проверить источник/единицу измерения
POP-02580,40.79312,69.19167,304,Bundled population grid,2026-07,Методологический слой; проверить источник/единицу измерения
POP-02581,40.77918,69.20697,727,Bundled population grid,2026-07,Методологический слой; проверить источник/единицу измерения
POP-02582,40.77769,69.19516,435,Bundled population grid,2026-07,Методологический слой; проверить источник/единицу измерения
POP-02583,40.78764,69.21113,983,Bundled population grid,2026-07,Методологический слой; проверить источник/единицу измерения
POP-02584,40.77319,69.15975,466,Bundled population grid,2026-07,Методологический слой; проверить источник/единицу измерения
POP-02585,40.78316,69.17571,291,Bundled population grid,2026-07,Методологический слой; проверить источник/единицу измерения
POP-02586,40.78166,69.1639,436,Bundled population grid,2026-07,Методологический слой; проверить источник/единицу измерения
POP-02587,40.76773,69.1792,76,Bundled population grid,2026-07,Методологический слой; проверить источник/единицу измерения
POP-02588,40.77619,69.18336,38,Bundled population grid,2026-07,Методологический слой; проверить источник/единицу измерения
POP-02589,40.77469,69.17155,579,Bundled population grid,2026-07,Методологический слой; проверить источник/единицу измерения
POP-02590,40.74832,69.21393,882,Bundled population grid,2026-07,Методологический слой; проверить источник/единицу измерения
POP-02591,40.75827,69.2299,412,Bundled population grid,2026-07,Методологический слой; проверить источник/единицу измерения
POP-02592,40.75678,69.21809,598,Bundled population grid,2026-07,Методологический слой; проверить источник/единицу измерения
POP-02593,40.74135,69.22157,179,Bundled population grid,2026-07,Методологический слой; проверить источник/единицу измерения
POP-02594,40.74981,69.22573,243,Bundled population grid,2026-07,Методологический слой; проверить источник/единицу измерения
POP-02595,40.73687,69.18618,46,Bundled population grid,2026-07,Методологический слой; проверить источник/единицу измерения
POP-02596,40.74682,69.20213,124,Bundled population grid,2026-07,Методологический слой; проверить источник/единицу измерения
POP-02597,40.74533,69.19033,455,Bundled population grid,2026-07,Методологический слой; проверить источник/единицу измерения
POP-02598,40.73139,69.20562,246,Bundled population grid,2026-07,Методологический слой; проверить источник/единицу измерения
POP-02599,40.7299,69.19382,23,Bundled population grid,2026-07,Методологический слой; проверить источник/единицу измерения
POP-02600,40.73986,69.20977,202,Bundled population grid,2026-07,Методологический слой; проверить источник/единицу измерения
POP-02601,40.73836,69.19798,416,Bundled population grid,2026-07,Методологический слой; проверить источник/единицу измерения
POP-02602,40.77221,69.21461,93,Bundled population grid,2026-07,Методологический слой; проверить источник/единицу измерения
POP-02603,40.78067,69.21877,51,Bundled population grid,2026-07,Методологический слой; проверить источник/единицу измерения
POP-02604,40.76673,69.23406,643,Bundled population grid,2026-07,Методологический слой; проверить источник/единицу измерения
POP-02605,40.7752,69.23822,71,Bundled population grid,2026-07,Методологический слой; проверить источник/единицу измерения
POP-02606,40.76076,69.18685,217,Bundled population grid,2026-07,Методологический слой; проверить источник/единицу измерения
POP-02607,40.77072,69.20281,84,Bundled population grid,2026-07,Методологический слой; проверить источник/единицу измерения
POP-02608,40.76922,69.191,76,Bundled population grid,2026-07,Методологический слой; проверить источник/единицу измерения
POP-02609,40.75529,69.20629,460,Bundled population grid,2026-07,Методологический слой; проверить источник/единицу измерения
POP-02610,40.76375,69.21045,91,Bundled population grid,2026-07,Методологический слой; проверить источник/единицу измерения
POP-02611,40.76225,69.19865,96,Bundled population grid,2026-07,Методологический слой; проверить источник/единицу измерения
POP-02612,40.64627,69.28538,369,Bundled population grid,2026-07,Методологический слой; проверить источник/единицу измерения
POP-02613,40.68158,69.31384,182,Bundled population grid,2026-07,Методологический слой; проверить источник/единицу измерения
POP-02614,40.6801,69.30205,154,Bundled population grid,2026-07,Методологический слой; проверить источник/единицу измерения
POP-02615,40.69004,69.31801,76,Bundled population grid,2026-07,Методологический слой; проверить источник/единицу измерения
POP-02616,40.68856,69.30621,147,Bundled population grid,2026-07,Методологический слой; проверить источник/единицу измерения
POP-02617,40.66867,69.2743,28,Bundled population grid,2026-07,Методологический слой; проверить источник/единицу измерения
POP-02618,40.67861,69.29026,157,Bundled population grid,2026-07,Методологический слой; проверить источник/единицу измерения
POP-02619,40.65072,69.32074,425,Bundled population grid,2026-07,Методологический слой; проверить источник/единицу измерения
POP-02620,40.66066,69.33669,23,Bundled population grid,2026-07,Методологический слой; проверить источник/единицу измерения
POP-02621,40.65918,69.3249,314,Bundled population grid,2026-07,Методологический слой; проверить источник/единицу измерения
POP-02622,40.6522,69.33252,23,Bundled population grid,2026-07,Методологический слой; проверить источник/единицу измерения
POP-02623,40.64924,69.30895,319,Bundled population grid,2026-07,Методологический слой; проверить источник/единицу измерения
POP-02624,40.64776,69.29717,476,Bundled population grid,2026-07,Методологический слой; проверить источник/единицу измерения
POP-02625,40.67312,69.30967,114,Bundled population grid,2026-07,Методологический слой; проверить источник/единицу измерения
POP-02626,40.67164,69.29788,911,Bundled population grid,2026-07,Методологический слой; проверить источник/единицу измерения
POP-02627,40.65769,69.31312,183,Bundled population grid,2026-07,Методологический слой; проверить источник/единицу измерения
POP-02628,40.65621,69.30133,149,Bundled population grid,2026-07,Методологический слой; проверить источник/единицу измерения
POP-02629,40.66467,69.3055,25,Bundled population grid,2026-07,Методологический слой; проверить источник/единицу измерения
POP-02630,40.65127,69.19944,40,Bundled population grid,2026-07,Методологический слой; проверить источник/единицу измерения
POP-02631,40.64977,69.18766,23,Bundled population grid,2026-07,Методологический слой; проверить источник/единицу измерения
POP-02632,40.63584,69.20292,30,Bundled population grid,2026-07,Методологический слой; проверить источник/единицу измерения
POP-02633,40.67665,69.2119,374,Bundled population grid,2026-07,Методологический слой; проверить источник/единицу измерения
POP-02634,40.68511,69.21606,288,Bundled population grid,2026-07,Методологический слой; проверить источник/единицу измерения
POP-02635,40.66968,69.21953,28,Bundled population grid,2026-07,Методологический слой; проверить источник/единицу измерения
POP-02636,40.67963,69.23547,572,Bundled population grid,2026-07,Методологический слой; проверить источник/единицу измерения
POP-02637,40.67814,69.22369,187,Bundled population grid,2026-07,Методологический слой; проверить источник/единицу измерения
POP-02638,40.65973,69.20359,213,Bundled population grid,2026-07,Методологический слой; проверить источник/единицу измерения
POP-02639,40.66819,69.20775,76,Bundled population grid,2026-07,Методологический слой; проверить источник/единицу измерения
POP-02640,40.65027,69.2542,20,Bundled population grid,2026-07,Методологический слой; проверить источник/единицу измерения
POP-02641,40.6433,69.26182,94,Bundled population grid,2026-07,Методологический слой; проверить источник/единицу измерения
POP-02642,40.62888,69.21055,40,Bundled population grid,2026-07,Методологический слой; проверить источник/единицу измерения
POP-02643,40.63883,69.22648,496,Bundled population grid,2026-07,Методологический слой; проверить источник/единицу измерения
POP-02644,40.63734,69.2147,881,Bundled population grid,2026-07,Методологический слой; проверить источник/единицу измерения
POP-02645,40.67266,69.2431,491,Bundled population grid,2026-07,Методологический слой; проверить источник/единицу измерения
POP-02646,40.66122,69.21538,129,Bundled population grid,2026-07,Методологический слой; проверить источник/единицу измерения
POP-02647,40.64729,69.23063,61,Bundled population grid,2026-07,Методологический слой; проверить источник/единицу измерения
POP-02648,40.6458,69.21885,1230,Bundled population grid,2026-07,Методологический слой; проверить источник/единицу измерения
POP-02649,40.71096,69.29513,111,Bundled population grid,2026-07,Методологический слой; проверить источник/единицу измерения
POP-02650,40.7209,69.3111,236,Bundled population grid,2026-07,Методологический слой; проверить источник/единицу измерения
POP-02651,40.71942,69.2993,225,Bundled population grid,2026-07,Методологический слой; проверить источник/единицу измерения
POP-02652,40.70547,69.31455,220,Bundled population grid,2026-07,Методологический слой; проверить источник/единицу измерения
POP-02653,40.71393,69.31872,296,Bundled population grid,2026-07,Методологический слой; проверить источник/единицу измерения
POP-02654,40.74078,69.34305,420,Bundled population grid,2026-07,Методологический слой; проверить источник/единицу измерения
POP-02655,40.7393,69.33125,51,Bundled population grid,2026-07,Методологический слой; проверить источник/единицу измерения
POP-02656,40.73485,69.29584,1404,Bundled population grid,2026-07,Методологический слой; проверить источник/единицу измерения
POP-02657,40.74479,69.31182,904,Bundled population grid,2026-07,Методологический слой; проверить источник/единицу измерения
POP-02658,40.72788,69.30347,317,Bundled population grid,2026-07,Методологический слой; проверить источник/единицу измерения
POP-02659,40.73782,69.31944,215,Bundled population grid,2026-07,Методологический слой; проверить источник/единицу измерения
POP-02660,40.73634,69.30764,643,Bundled population grid,2026-07,Методологический слой; проверить источник/единицу измерения
POP-02661,40.6985,69.32218,106,Bundled population grid,2026-07,Методологический слой; проверить источник/единицу измерения
POP-02662,40.70695,69.32635,162,Bundled population grid,2026-07,Методологический слой; проверить источник/единицу измерения
POP-02663,40.69998,69.33397,29,Bundled population grid,2026-07,Методологический слой; проверить источник/единицу измерения
POP-02664,40.7338,69.35067,71,Bundled population grid,2026-07,Методологический слой; проверить источник/единицу измерения
POP-02665,40.72683,69.3583,61,Bundled population grid,2026-07,Методологический слой; проверить источник/единицу измерения
POP-02666,40.73528,69.36248,21,Bundled population grid,2026-07,Методологический слой; проверить источник/единицу измерения
POP-02667,40.72239,69.3229,967,Bundled population grid,2026-07,Методологический слой; проверить источник/единицу измерения
POP-02668,40.73232,69.33887,106,Bundled population grid,2026-07,Методологический слой; проверить источник/единицу измерения
POP-02669,40.71541,69.33052,306,Bundled population grid,2026-07,Методологический слой; проверить источник/единицу измерения
POP-02670,40.72535,69.3465,139,Bundled population grid,2026-07,Методологический слой; проверить источник/единицу измерения
POP-02671,40.70054,69.21258,841,Bundled population grid,2026-07,Методологический слой; проверить источник/единицу измерения
POP-02672,40.71049,69.22853,96,Bundled population grid,2026-07,Методологический слой; проверить источник/единицу измерения
POP-02673,40.709,69.21673,600,Bundled population grid,2026-07,Методологический слой; проверить источник/единицу измерения
POP-02674,40.69506,69.232,754,Bundled population grid,2026-07,Методологический слой; проверить источник/единицу измерения
POP-02675,40.69357,69.22021,1122,Bundled population grid,2026-07,Методологический слой; проверить источник/единицу измерения
POP-02676,40.70203,69.22437,751,Bundled population grid,2026-07,Методологический слой; проверить источник/единицу измерения
POP-02677,40.73587,69.24101,1044,Bundled population grid,2026-07,Методологический слой; проверить источник/единицу измерения
POP-02678,40.74582,69.25697,20,Bundled population grid,2026-07,Методологический слой; проверить источник/единицу измерения
POP-02679,40.74433,69.24517,149,Bundled population grid,2026-07,Методологический слой; проверить источник/единицу измерения
POP-02680,40.73039,69.26044,66,Bundled population grid,2026-07,Методологический слой; проверить источник/единицу измерения
POP-02681,40.7289,69.24865,453,Bundled population grid,2026-07,Методологический слой; проверить источник/единицу измерения
POP-02682,40.73885,69.26461,38,Bundled population grid,2026-07,Методологический слой; проверить источник/единицу измерения
POP-02683,40.73736,69.25281,1064,Bundled population grid,2026-07,Методологический слой; проверить источник/единицу измерения
POP-02684,40.72443,69.21325,68,Bundled population grid,2026-07,Методологический слой; проверить источник/единицу измерения
POP-02685,40.72741,69.23685,94,Bundled population grid,2026-07,Методологический слой; проверить источник/единицу измерения
POP-02686,40.72592,69.22505,167,Bundled population grid,2026-07,Методологический слой; проверить источник/единицу измерения
POP-02687,40.70947,69.28334,253,Bundled population grid,2026-07,Методологический слой; проверить источник/единицу измерения
POP-02688,40.70799,69.27154,180,Bundled population grid,2026-07,Методологический слой; проверить источник/единицу измерения
POP-02689,40.68809,69.23963,144,Bundled population grid,2026-07,Методологический слой; проверить источник/единицу измерения
POP-02690,40.69804,69.25558,66,Bundled population grid,2026-07,Методологический слой; проверить источник/единицу измерения
POP-02691,40.69655,69.24379,433,Bundled population grid,2026-07,Методологический слой; проверить источник/единицу измерения
POP-02692,40.72342,69.26808,263,Bundled population grid,2026-07,Методологический слой; проверить источник/единицу измерения
POP-02693,40.73337,69.28404,233,Bundled population grid,2026-07,Методологический слой; проверить источник/единицу измерения
POP-02694,40.71793,69.2875,602,Bundled population grid,2026-07,Методологический слой; проверить источник/единицу измерения
POP-02695,40.71645,69.27571,674,Bundled population grid,2026-07,Методологический слой; проверить источник/единицу измерения
POP-02696,40.72639,69.29167,443,Bundled population grid,2026-07,Методологический слой; проверить источник/единицу измерения
POP-02697,40.72491,69.27987,851,Bundled population grid,2026-07,Методологический слой; проверить источник/единицу измерения
POP-02698,40.71198,69.24032,30,Bundled population grid,2026-07,Методологический слой; проверить источник/единицу измерения
POP-02699,40.70501,69.24795,33,Bundled population grid,2026-07,Методологический слой; проверить источник/единицу измерения
POP-02700,41.11382,69.72924,33,Bundled population grid,2026-07,Методологический слой; проверить источник/единицу измерения
POP-02701,41.11814,69.76491,25,Bundled population grid,2026-07,Методологический слой; проверить источник/единицу измерения
POP-02702,41.16343,69.87719,66,Bundled population grid,2026-07,Методологический слой; проверить источник/единицу измерения
POP-02703,41.19724,69.89434,31,Bundled population grid,2026-07,Методологический слой; проверить источник/единицу измерения
POP-02704,41.19135,69.77953,1449,Bundled population grid,2026-07,Методологический слой; проверить источник/единицу измерения
POP-02705,41.20125,69.79571,22,Bundled population grid,2026-07,Методологический слой; проверить источник/единицу измерения
POP-02706,41.19981,69.78381,31,Bundled population grid,2026-07,Методологический слой; проверить источник/единицу измерения
POP-02707,41.18578,69.79907,142,Bundled population grid,2026-07,Методологический слой; проверить источник/единицу измерения
POP-02708,41.18434,69.78717,232,Bundled population grid,2026-07,Методологический слой; проверить источник/единицу измерения
POP-02709,41.19279,69.79144,31,Bundled population grid,2026-07,Методологический слой; проверить источник/единицу измерения
POP-02710,41.18002,69.75145,81,Bundled population grid,2026-07,Методологический слой; проверить источник/единицу измерения
POP-02711,41.18991,69.76763,1200,Bundled population grid,2026-07,Методологический слой; проверить источник/единицу измерения
POP-02712,41.18847,69.75572,1468,Bundled population grid,2026-07,Методологический слой; проверить источник/единицу измерения
POP-02713,41.1829,69.77526,132,Bundled population grid,2026-07,Методологический слой; проверить источник/единицу измерения
POP-02714,41.18146,69.76336,33,Bundled population grid,2026-07,Методологический слой; проверить источник/единицу измерения
POP-02715,41.13649,69.78534,31,Bundled population grid,2026-07,Методологический слой; проверить источник/единицу измерения
POP-02716,41.03524,69.80119,53,Bundled population grid,2026-07,Методологический слой; проверить источник/единицу измерения
POP-02717,41.03668,69.81307,25,Bundled population grid,2026-07,Методологический слой; проверить источник/единицу измерения
POP-02718,41.07048,69.83014,76,Bundled population grid,2026-07,Методологический слой; проверить источник/единицу измерения
POP-02719,41.06346,69.83775,175,Bundled population grid,2026-07,Методологический слой; проверить источник/единицу измерения
POP-02720,41.07191,69.84202,116,Bundled population grid,2026-07,Методологический слой; проверить источник/единицу измерения
POP-02721,41.05358,69.8216,38,Bundled population grid,2026-07,Методологический слой; проверить источник/единицу измерения
POP-02722,41.06203,69.82587,99,Bundled population grid,2026-07,Методологический слой; проверить источник/единицу измерения
POP-02723,41.14379,69.91194,84,Bundled population grid,2026-07,Методологический слой; проверить источник/единицу измерения
POP-02724,41.09869,69.86674,33,Bundled population grid,2026-07,Методологический слой; проверить источник/единицу измерения
POP-02725,41.09583,69.84296,23,Bundled population grid,2026-07,Методологический слой; проверить источник/единицу измерения
POP-02726,41.36762,69.92495,24,Bundled population grid,2026-07,Методологический слой; проверить источник/единицу измерения
POP-02727,41.43816,70.11827,154,Bundled population grid,2026-07,Методологический слой; проверить источник/единицу измерения
POP-02728,41.4268,69.95512,32,Bundled population grid,2026-07,Методологический слой; проверить источник/единицу измерения
POP-02729,41.32128,70.06958,86,Bundled population grid,2026-07,Методологический слой; проверить источник/единицу измерения
POP-02730,41.35226,70.13035,43,Bundled population grid,2026-07,Методологический слой; проверить источник/единицу измерения
POP-02731,41.27429,69.74313,48,Bundled population grid,2026-07,Методологический слой; проверить источник/единицу измерения
POP-02732,41.29967,69.75596,565,Bundled population grid,2026-07,Методологический слой; проверить источник/единицу измерения
POP-02733,41.30957,69.77216,1552,Bundled population grid,2026-07,Методологический слой; проверить источник/единицу измерения
POP-02734,41.30812,69.76023,1299,Bundled population grid,2026-07,Методологический слой; проверить источник/единицу измерения
POP-02735,41.29265,69.76361,139,Bundled population grid,2026-07,Методологический слой; проверить источник/единицу измерения
POP-02736,41.30255,69.77981,484,Bundled population grid,2026-07,Методологический слой; проверить источник/единицу измерения
POP-02737,41.30111,69.76789,162,Bundled population grid,2026-07,Методологический слой; проверить источник/единицу измерения
POP-02738,41.29822,69.74403,1364,Bundled population grid,2026-07,Методологический слой; проверить источник/единицу измерения
POP-02739,41.29678,69.7321,428,Bundled population grid,2026-07,Методологический слой; проверить источник/единицу измерения
POP-02740,41.28275,69.74741,598,Bundled population grid,2026-07,Методологический слой; проверить источник/единицу измерения
POP-02741,41.2813,69.73548,30,Bundled population grid,2026-07,Методологический слой; проверить источник/единицу измерения
POP-02742,41.29121,69.75168,1767,Bundled population grid,2026-07,Методологический слой; проверить источник/единицу измерения
POP-02743,41.28976,69.73976,325,Bundled population grid,2026-07,Методологический слой; проверить источник/единицу измерения
POP-02744,41.26314,69.78227,156,Bundled population grid,2026-07,Методологический слой; проверить источник/единицу измерения
POP-02745,41.27304,69.79847,1449,Bundled population grid,2026-07,Методологический слой; проверить источник/единицу измерения
POP-02746,41.2716,69.78655,1650,Bundled population grid,2026-07,Методологический слой; проверить источник/единицу измерения
POP-02747,41.25756,69.80183,43,Bundled population grid,2026-07,Методологический слой; проверить источник/единицу измерения
POP-02748,41.25612,69.78991,803,Bundled population grid,2026-07,Методологический слой; проверить источник/единицу измерения
POP-02749,41.26458,69.79419,43,Bundled population grid,2026-07,Методологический слой; проверить источник/единицу измерения
POP-02750,41.2518,69.75415,516,Bundled population grid,2026-07,Методологический слой; проверить источник/единицу измерения
POP-02751,41.2617,69.77035,20,Bundled population grid,2026-07,Методологический слой; проверить источник/единицу измерения
POP-02752,41.24623,69.77371,1342,Bundled population grid,2026-07,Методологический слой; проверить источник/единицу измерения
POP-02753,41.24479,69.7618,894,Bundled population grid,2026-07,Методологический слой; проверить источник/единицу измерения
POP-02754,41.25468,69.77799,1354,Bundled population grid,2026-07,Методологический слой; проверить источник/единицу измерения
POP-02755,41.25324,69.76607,881,Bundled population grid,2026-07,Методологический слой; проверить источник/единицу измерения
POP-02756,41.28707,69.78318,466,Bundled population grid,2026-07,Методологический слой; проверить источник/единицу измерения
POP-02757,41.29553,69.78746,119,Bundled population grid,2026-07,Методологический слой; проверить источник/единицу измерения
POP-02758,41.28149,69.80275,403,Bundled population grid,2026-07,Методологический слой; проверить источник/единицу измерения
POP-02759,41.28006,69.79083,1529,Bundled population grid,2026-07,Методологический слой; проверить источник/единицу измерения
POP-02760,41.28851,69.79511,20,Bundled population grid,2026-07,Методологический слой; проверить источник/единицу измерения
POP-02761,41.28419,69.75933,435,Bundled population grid,2026-07,Методологический слой; проверить источник/единицу измерения
POP-02762,41.27016,69.77462,263,Bundled population grid,2026-07,Методологический слой; проверить источник/единицу измерения
POP-02763,41.26872,69.7627,33,Bundled population grid,2026-07,Методологический слой; проверить источник/единицу измерения
POP-02764,41.27862,69.7789,1426,Bundled population grid,2026-07,Методологический слой; проверить источник/единицу измерения
POP-02765,41.27717,69.76698,245,Bundled population grid,2026-07,Методологический слой; проверить источник/единицу измерения
POP-02766,41.32665,69.84805,96,Bundled population grid,2026-07,Методологический слой; проверить источник/единицу измерения
POP-02767,41.36619,69.913,30,Bundled population grid,2026-07,Методологический слой; проверить источник/единицу измерения
POP-02768,41.35916,69.92064,20,Bundled population grid,2026-07,Методологический слой; проверить источник/единицу измерения
POP-02769,41.35488,69.88481,41,Bundled population grid,2026-07,Методологический слой; проверить источник/единицу измерения
POP-02770,41.3236,69.75686,207,Bundled population grid,2026-07,Методологический слой; проверить источник/единицу измерения
POP-02771,41.31803,69.77644,364,Bundled population grid,2026-07,Методологический слой; проверить источник/единицу измерения
POP-02772,41.31658,69.76451,216,Bundled population grid,2026-07,Методологический слой; проверить источник/единицу измерения
POP-02773,41.32648,69.78073,58,Bundled population grid,2026-07,Методологический слой; проверить источник/единицу измерения
POP-02774,41.32504,69.76879,53,Bundled population grid,2026-07,Методологический слой; проверить источник/единицу измерения
POP-02775,41.32234,69.81224,451,Bundled population grid,2026-07,Методологический слой; проверить источник/единицу измерения
POP-02776,41.3308,69.81653,83,Bundled population grid,2026-07,Методологический слой; проверить источник/единицу измерения
POP-02777,41.31676,69.83182,1059,Bundled population grid,2026-07,Методологический слой; проверить источник/единицу измерения
POP-02778,41.31532,69.81989,559,Bundled population grid,2026-07,Методологический слой; проверить источник/единицу измерения
POP-02779,41.32521,69.83611,306,Bundled population grid,2026-07,Методологический слой; проверить источник/единицу измерения
POP-02780,41.32378,69.82418,276,Bundled population grid,2026-07,Методологический слой; проверить источник/единицу измерения
POP-02781,41.31101,69.78409,626,Bundled population grid,2026-07,Методологический слой; проверить источник/единицу измерения
POP-02782,41.31947,69.78838,211,Bundled population grid,2026-07,Методологический слой; проверить источник/единицу измерения
POP-02783,41.30399,69.79174,179,Bundled population grid,2026-07,Методологический слой; проверить источник/единицу измерения
POP-02784,41.31388,69.80796,608,Bundled population grid,2026-07,Методологический слой; проверить источник/единицу измерения
POP-02785,41.31245,69.79603,175,Bundled population grid,2026-07,Методологический слой; проверить источник/единицу измерения
POP-02786,41.34069,69.83276,20,Bundled population grid,2026-07,Методологический слой; проверить источник/единицу измерения
POP-02787,41.32792,69.79266,50,Bundled population grid,2026-07,Методологический слой; проверить источник/единицу измерения
POP-02788,41.24937,69.93202,48,Bundled population grid,2026-07,Методологический слой; проверить источник/единицу измерения
POP-02789,41.21528,69.78044,261,Bundled population grid,2026-07,Методологический слой; проверить источник/единицу измерения
POP-02790,41.2097,69.79999,96,Bundled population grid,2026-07,Методологический слой; проверить источник/единицу измерения
POP-02791,41.20827,69.78808,182,Bundled population grid,2026-07,Методологический слой; проверить источник/единицу измерения
POP-02792,41.21816,69.80427,99,Bundled population grid,2026-07,Методологический слой; проверить источник/единицу измерения
POP-02793,41.21672,69.79236,846,Bundled population grid,2026-07,Методологический слой; проверить источник/единицу измерения
POP-02794,41.25054,69.80947,440,Bundled population grid,2026-07,Методологический слой; проверить источник/единицу измерения
POP-02795,41.23921,69.78136,30,Bundled population grid,2026-07,Методологический слой; проверить источник/единицу измерения
POP-02796,41.24911,69.79755,1714,Bundled population grid,2026-07,Методологический слой; проверить источник/единицу измерения
POP-02797,41.24767,69.78563,1795,Bundled population grid,2026-07,Методологический слой; проверить источник/единицу измерения
POP-02798,41.24209,69.80519,233,Bundled population grid,2026-07,Методологический слой; проверить источник/единицу измерения
POP-02799,41.24065,69.79327,238,Bundled population grid,2026-07,Методологический слой; проверить источник/единицу измерения
POP-02800,41.28736,69.91774,40,Bundled population grid,2026-07,Методологический слой; проверить источник/единицу измерения
POP-02801,41.30151,69.96977,33,Bundled population grid,2026-07,Методологический слой; проверить источник/единицу измерения
POP-02802,41.27447,69.81039,1494,Bundled population grid,2026-07,Методологический слой; проверить источник/единицу измерения
POP-02803,41.28293,69.81468,207,Bundled population grid,2026-07,Методологический слой; проверить источник/единицу измерения
POP-02804,41.26746,69.81803,63,Bundled population grid,2026-07,Методологический слой; проверить источник/единицу измерения
POP-02805,41.27591,69.82232,249,Bundled population grid,2026-07,Методологический слой; проверить источник/единицу измерения
POP-02806,41.30974,69.83947,43,Bundled population grid,2026-07,Методологический слой; проверить источник/единицу измерения
POP-02807,41.31963,69.85569,111,Bundled population grid,2026-07,Методологический слой; проверить источник/единицу измерения
POP-02808,41.31819,69.84376,663,Bundled population grid,2026-07,Методологический слой; проверить источник/единицу измерения
POP-02809,41.31117,69.8514,180,Bundled population grid,2026-07,Методологический слой; проверить источник/единицу измерения
POP-02810,41.29841,69.81132,20,Bundled population grid,2026-07,Методологический слой; проверить источник/единицу измерения
POP-02811,41.30686,69.8156,38,Bundled population grid,2026-07,Методологический слой; проверить источник/единицу измерения
POP-02812,41.29282,69.83089,26,Bundled population grid,2026-07,Методологический слой; проверить источник/единицу измерения
POP-02813,41.30128,69.83518,20,Bundled population grid,2026-07,Методологический слой; проверить источник/единицу измерения
POP-02814,41.29984,69.82325,25,Bundled population grid,2026-07,Методологический слой; проверить источник/единицу измерения
POP-02815,41.30558,69.87097,23,Bundled population grid,2026-07,Методологический слой; проверить источник/единицу измерения
POP-02816,41.11157,70.10795,33,Bundled population grid,2026-07,Методологический слой; проверить источник/единицу измерения
POP-02817,41.12001,70.11227,50,Bundled population grid,2026-07,Методологический слой; проверить источник/единицу измерения
POP-02818,41.08622,70.16208,40,Bundled population grid,2026-07,Методологический слой; проверить источник/единицу измерения
POP-02819,41.09606,70.1783,21,Bundled population grid,2026-07,Методологический слой; проверить источник/единицу измерения
POP-02820,41.07918,70.16965,28,Bundled population grid,2026-07,Методологический слой; проверить источник/единицу измерения
POP-02821,41.08762,70.17397,40,Bundled population grid,2026-07,Методологический слой; проверить источник/единицу измерения
POP-02822,41.07498,70.13397,36,Bundled population grid,2026-07,Методологический слой; проверить источник/единицу измерения
POP-02823,41.08342,70.13829,73,Bundled population grid,2026-07,Методологический слой; проверить источник/единицу измерения
POP-02824,41.09186,70.1426,23,Bundled population grid,2026-07,Методологический слой; проверить источник/единицу измерения
POP-02825,41.18174,70.30068,33,Bundled population grid,2026-07,Методологический слой; проверить источник/единицу измерения
POP-02826,41.17626,70.18584,23,Bundled population grid,2026-07,Методологический слой; проверить источник/единицу измерения
POP-02827,41.16078,70.18909,22,Bundled population grid,2026-07,Методологический слой; проверить источник/единицу измерения
POP-02828,41.08329,70.2724,28,Bundled population grid,2026-07,Методологический слой; проверить источник/единицу измерения
POP-02829,41.07207,70.24428,159,Bundled population grid,2026-07,Методологический слой; проверить источник/единицу измерения
POP-02830,41.0819,70.26051,676,Bundled population grid,2026-07,Методологический слой; проверить источник/единицу измерения
POP-02831,41.08051,70.24861,856,Bundled population grid,2026-07,Методологический слой; проверить источник/единицу измерения
POP-02832,41.07485,70.26807,190,Bundled population grid,2026-07,Методологический слой; проверить источник/единицу измерения
POP-02833,41.07346,70.25617,463,Bundled population grid,2026-07,Методологический слой; проверить источник/единицу измерения
POP-02834,41.07196,70.31132,61,Bundled population grid,2026-07,Методологический слой; проверить источник/единицу измерения
POP-02835,41.04683,70.16427,33,Bundled population grid,2026-07,Методологический слой; проверить источник/единицу измерения
POP-02836,41.03135,70.16753,68,Bundled population grid,2026-07,Методологический слой; проверить источник/единицу измерения
POP-02837,41.04119,70.18373,28,Bundled population grid,2026-07,Методологический слой; проверить источник/единицу измерения
POP-02838,41.03979,70.17184,31,Bundled population grid,2026-07,Методологический слой; проверить источник/единицу измерения
POP-02839,41.07354,70.18912,81,Bundled population grid,2026-07,Методологический слой; проверить источник/единицу измерения
POP-02840,41.08337,70.20534,22,Bundled population grid,2026-07,Методологический слой; проверить источник/единицу измерения
POP-02841,41.08198,70.19345,89,Bundled population grid,2026-07,Методологический слой; проверить источник/единицу измерения
POP-02842,41.06789,70.20859,527,Bundled population grid,2026-07,Методологический слой; проверить источник/единицу измерения
POP-02843,41.0665,70.1967,101,Bundled population grid,2026-07,Методологический слой; проверить источник/единицу измерения
POP-02844,41.07633,70.21291,126,Bundled population grid,2026-07,Методологический слой; проверить источник/единицу измерения
POP-02845,41.07494,70.20102,406,Bundled population grid,2026-07,Методологический слой; проверить источник/единицу измерения
POP-02846,41.0623,70.16102,38,Bundled population grid,2026-07,Методологический слой; проверить источник/единицу измерения
POP-02847,41.07214,70.17723,25,Bundled population grid,2026-07,Методологический слой; проверить источник/единицу измерения
POP-02848,41.07074,70.16533,88,Bundled population grid,2026-07,Методологический слой; проверить источник/единицу измерения
POP-02849,41.05666,70.18048,33,Bundled population grid,2026-07,Методологический слой; проверить источник/единицу измерения
POP-02850,41.05527,70.16859,23,Bundled population grid,2026-07,Методологический слой; проверить источник/единицу измерения
POP-02851,41.0637,70.17291,21,Bundled population grid,2026-07,Методологический слой; проверить источник/единицу измерения
POP-02852,41.03694,70.21508,73,Bundled population grid,2026-07,Методологический слой; проверить источник/единицу измерения
POP-02853,41.03129,70.23453,137,Bundled population grid,2026-07,Методологический слой; проверить источник/единицу измерения
POP-02854,41.02989,70.22264,40,Bundled population grid,2026-07,Методологический слой; проверить источник/единицу измерения
POP-02855,41.02571,70.18698,175,Bundled population grid,2026-07,Методологический слой; проверить источник/единицу измерения
POP-02856,41.03415,70.1913,63,Bundled population grid,2026-07,Методологический слой; проверить источник/единицу измерения
POP-02857,41.02006,70.20643,104,Bundled population grid,2026-07,Методологический слой; проверить источник/единицу измерения
POP-02858,41.01867,70.19455,1149,Bundled population grid,2026-07,Методологический слой; проверить источник/единицу измерения
POP-02859,41.02711,70.19887,76,Bundled population grid,2026-07,Методологический слой; проверить источник/единицу измерения
POP-02860,41.06085,70.21616,56,Bundled population grid,2026-07,Методологический слой; проверить источник/единицу измерения
POP-02861,41.07068,70.23238,150,Bundled population grid,2026-07,Методологический слой; проверить источник/единицу измерения
POP-02862,41.06929,70.22048,283,Bundled population grid,2026-07,Методологический слой; проверить источник/единицу измерения
POP-02863,41.04962,70.18805,45,Bundled population grid,2026-07,Методологический слой; проверить источник/единицу измерения
POP-02864,41.05946,70.20426,127,Bundled population grid,2026-07,Методологический слой; проверить источник/единицу измерения
POP-02865,41.04398,70.20751,147,Bundled population grid,2026-07,Методологический слой; проверить источник/единицу измерения
POP-02866,41.04258,70.19562,43,Bundled population grid,2026-07,Методологический слой; проверить источник/единицу измерения
POP-02867,41.05102,70.19994,84,Bundled population grid,2026-07,Методологический слой; проверить источник/единицу измерения
POP-02868,41.13528,70.31035,31,Bundled population grid,2026-07,Методологический слой; проверить источник/единицу измерения
POP-02869,41.1057,70.32869,243,Bundled population grid,2026-07,Методологический слой; проверить источник/единицу измерения
POP-02870,41.11551,70.34495,40,Bundled population grid,2026-07,Методологический слой; проверить источник/единицу измерения
POP-02871,41.09865,70.33625,25,Bundled population grid,2026-07,Методологический слой; проверить источник/единицу измерения
POP-02872,41.10708,70.3406,205,Bundled population grid,2026-07,Методологический слой; проверить источник/единицу измерения
POP-02873,41.10431,70.31679,36,Bundled population grid,2026-07,Методологический слой; проверить источник/единицу измерения
POP-02874,41.09726,70.32435,101,Bundled population grid,2026-07,Методологический слой; проверить источник/единицу измерения
POP-02875,41.11841,70.30166,25,Bundled population grid,2026-07,Методологический слой; проверить источник/единицу измерения
POP-02876,41.11136,70.30923,73,Bundled population grid,2026-07,Методологический слой; проверить источник/единицу измерения
POP-02877,41.09041,70.19777,25,Bundled population grid,2026-07,Методологический слой; проверить источник/единицу измерения
POP-02878,41.11433,70.19885,23,Bundled population grid,2026-07,Методологический слой; проверить источник/единицу измерения
POP-02879,41.09599,70.24537,93,Bundled population grid,2026-07,Методологический слой; проверить источник/единицу измерения
POP-02880,41.10443,70.2497,38,Bundled population grid,2026-07,Методологический слой; проверить источник/единицу измерения
POP-02881,41.09033,70.26484,180,Bundled population grid,2026-07,Методологический слой; проверить источник/единицу измерения
POP-02882,41.08894,70.25294,357,Bundled population grid,2026-07,Методологический слой; проверить источник/единицу измерения
POP-02883,41.09877,70.26917,28,Bundled population grid,2026-07,Методологический слой; проверить источник/единицу измерения
POP-02884,41.09738,70.25727,30,Bundled population grid,2026-07,Методологический слой; проверить источник/единицу измерения
POP-02885,41.08477,70.21724,61,Bundled population grid,2026-07,Методологический слой; проверить источник/единицу измерения
POP-02886,41.07912,70.23671,699,Bundled population grid,2026-07,Методологический слой; проверить источник/единицу измерения
POP-02887,41.07772,70.22481,364,Bundled population grid,2026-07,Методологический слой; проверить источник/единицу измерения
POP-02888,41.08755,70.24104,117,Bundled population grid,2026-07,Методологический слой; проверить источник/единицу измерения
POP-02889,41.08616,70.22914,154,Bundled population grid,2026-07,Методологический слой; проверить источник/единицу измерения
POP-02890,41.01726,69.98172,50,Bundled population grid,2026-07,Методологический слой; проверить источник/единицу измерения
POP-02891,41.01024,69.9893,20,Bundled population grid,2026-07,Методологический слой; проверить источник/единицу измерения
POP-02892,40.99051,69.95698,91,Bundled population grid,2026-07,Методологический слой; проверить источник/единицу измерения
POP-02893,40.98909,69.94511,59,Bundled population grid,2026-07,Методологический слой; проверить источник/единицу измерения
POP-02894,41.02571,69.98601,35,Bundled population grid,2026-07,Методологический слой; проверить источник/единицу измерения
POP-02895,41.02429,69.97413,56,Bundled population grid,2026-07,Методологический слой; проверить источник/единицу измерения
POP-02896,41.07778,70.02366,79,Bundled population grid,2026-07,Методологический слой; проверить источник/единицу измерения
POP-02897,41.08623,70.02796,63,Bundled population grid,2026-07,Методологический слой; проверить источник/единицу измерения
POP-02898,41.07075,70.03125,71,Bundled population grid,2026-07,Методологический слой; проверить источник/единицу измерения
POP-02899,41.11015,70.02897,33,Bundled population grid,2026-07,Методологический слой; проверить источник/единицу измерения
POP-02900,41.09467,70.03226,104,Bundled population grid,2026-07,Методологический слой; проверить источник/единицу измерения
POP-02901,41.10311,70.03656,66,Bundled population grid,2026-07,Методологический слой; проверить источник/единицу измерения
POP-02902,41.06936,70.0864,286,Bundled population grid,2026-07,Методологический слой; проверить источник/единицу измерения
POP-02903,41.0778,70.09071,162,Bundled population grid,2026-07,Методологический слой; проверить источник/единицу измерения
POP-02904,41.10031,70.07984,38,Bundled population grid,2026-07,Методологический слой; проверить источник/единицу измерения
POP-02905,41.11016,70.09605,134,Bundled population grid,2026-07,Методологический слой; проверить источник/единицу измерения
POP-02906,41.10876,70.08415,43,Bundled population grid,2026-07,Методологический слой; проверить источник/единицу измерения
POP-02907,41.10172,70.09174,40,Bundled population grid,2026-07,Методологический слой; проверить источник/единицу измерения
POP-02908,41.09187,70.07554,30,Bundled population grid,2026-07,Методологический слой; проверить источник/единицу измерения
POP-02909,40.96948,70.04667,688,Bundled population grid,2026-07,Методологический слой; проверить источник/единицу измерения
POP-02910,40.97933,70.06283,1170,Bundled population grid,2026-07,Методологический слой; проверить источник/единицу измерения
POP-02911,40.97792,70.05096,1276,Bundled population grid,2026-07,Методологический слой; проверить источник/единицу измерения
POP-02912,40.96245,70.05424,91,Bundled population grid,2026-07,Методологический слой; проверить источник/единицу измерения
POP-02913,40.9723,70.07041,127,Bundled population grid,2026-07,Методологический слой; проверить источник/единицу измерения
POP-02914,40.97089,70.05854,734,Bundled population grid,2026-07,Методологический слой; проверить источник/единицу измерения
POP-02915,41.00465,70.07573,990,Bundled population grid,2026-07,Методологический слой; проверить источник/единицу измерения
POP-02916,41.0145,70.09191,1286,Bundled population grid,2026-07,Методологический слой; проверить источник/единицу измерения
POP-02917,41.01309,70.08003,1076,Bundled population grid,2026-07,Методологический слой; проверить источник/единицу измерения
POP-02918,40.99902,70.09519,787,Bundled population grid,2026-07,Методологический слой; проверить источник/единицу измерения
POP-02919,40.99762,70.08331,1147,Bundled population grid,2026-07,Методологический слой; проверить источник/единицу измерения
POP-02920,41.00746,70.09949,717,Bundled population grid,2026-07,Методологический слой; проверить источник/единицу измерения
POP-02921,41.00606,70.08761,1215,Bundled population grid,2026-07,Методологический слой; проверить источник/единицу измерения
POP-02922,40.99339,70.04768,1010,Bundled population grid,2026-07,Методологический слой; проверить источник/единицу измерения
POP-02923,41.00324,70.06385,674,Bundled population grid,2026-07,Методологический слой; проверить источник/единицу измерения
POP-02924,41.00183,70.05198,911,Bundled population grid,2026-07,Методологический слой; проверить источник/единицу измерения
POP-02925,40.98777,70.06713,1347,Bundled population grid,2026-07,Методологический слой; проверить источник/единицу измерения
POP-02926,40.98636,70.05526,1289,Bundled population grid,2026-07,Методологический слой; проверить источник/единицу измерения
POP-02927,40.99621,70.07143,833,Bundled population grid,2026-07,Методологический слой; проверить источник/единицу измерения
POP-02928,40.9948,70.05956,1088,Bundled population grid,2026-07,Методологический слой; проверить источник/единицу измерения
POP-02929,40.96527,70.07798,78,Bundled population grid,2026-07,Методологический слой; проверить источник/единицу измерения
POP-02930,40.95964,70.09742,36,Bundled population grid,2026-07,Методологический слой; проверить источник/единицу измерения
POP-02931,40.95824,70.08555,58,Bundled population grid,2026-07,Методологический слой; проверить источник/единицу измерения
POP-02932,40.99199,70.10276,580,Bundled population grid,2026-07,Методологический слой; проверить источник/единицу измерения
POP-02933,41.00183,70.11894,205,Bundled population grid,2026-07,Методологический слой; проверить источник/единицу измерения
POP-02934,41.00043,70.10706,40,Bundled population grid,2026-07,Методологический слой; проверить источник/единицу измерения
POP-02935,40.9948,70.12651,552,Bundled population grid,2026-07,Методологический слой; проверить источник/единицу измерения
POP-02936,40.9934,70.11464,843,Bundled population grid,2026-07,Методологический слой; проверить источник/единицу измерения
POP-02937,40.98074,70.07471,1132,Bundled population grid,2026-07,Методологический слой; проверить источник/единицу измерения
POP-02938,40.99059,70.09088,1264,Bundled population grid,2026-07,Методологический слой; проверить источник/единицу измерения
POP-02939,40.98918,70.07901,1962,Bundled population grid,2026-07,Методологический слой; проверить источник/единицу измерения
POP-02940,40.98355,70.09845,137,Bundled population grid,2026-07,Методологический слой; проверить источник/единицу измерения
POP-02941,40.98215,70.08658,602,Bundled population grid,2026-07,Методологический слой; проверить источник/единицу измерения
POP-02942,40.96944,69.97974,438,Bundled population grid,2026-07,Методологический слой; проверить источник/единицу измерения
POP-02943,40.96802,69.96787,914,Bundled population grid,2026-07,Методологический слой; проверить источник/единицу измерения
POP-02944,40.95397,69.98304,28,Bundled population grid,2026-07,Методологический слой; проверить источник/единицу измерения
POP-02945,40.95255,69.97117,93,Bundled population grid,2026-07,Методологический слой; проверить источник/единицу измерения
POP-02946,40.961,69.97546,30,Bundled population grid,2026-07,Методологический слой; проверить источник/единицу измерения
POP-02947,40.98915,70.01206,374,Bundled population grid,2026-07,Методологический слой; проверить источник/единицу измерения
POP-02948,40.98774,70.00018,89,Bundled population grid,2026-07,Методологический слой; проверить источник/единицу измерения
POP-02949,40.9976,70.01635,28,Bundled population grid,2026-07,Методологический слой; проверить источник/единицу измерения
POP-02950,40.98349,69.96457,613,Bundled population grid,2026-07,Методологический слой; проверить источник/единицу измерения
POP-02951,40.97788,69.98403,68,Bundled population grid,2026-07,Методологический слой; проверить источник/единицу измерения
POP-02952,40.97646,69.97216,628,Bundled population grid,2026-07,Методологический слой; проверить источник/единицу измерения
POP-02953,40.98632,69.98831,53,Bundled population grid,2026-07,Методологический слой; проверить источник/единицу измерения
POP-02954,40.95822,70.01864,23,Bundled population grid,2026-07,Методологический слой; проверить источник/единицу измерения
POP-02955,40.96807,70.0348,1086,Bundled population grid,2026-07,Методологический слой; проверить источник/единицу измерения
POP-02956,40.96666,70.02293,192,Bundled population grid,2026-07,Методологический слой; проверить источник/единицу измерения
POP-02957,40.9526,70.03808,572,Bundled population grid,2026-07,Методологический слой; проверить источник/единицу измерения
POP-02958,40.95119,70.02621,137,Bundled population grid,2026-07,Методологический слой; проверить источник/единицу измерения
POP-02959,40.96104,70.04237,53,Bundled population grid,2026-07,Методологический слой; проверить источник/единицу измерения
POP-02960,40.95963,70.0305,46,Bundled population grid,2026-07,Методологический слой; проверить источник/единицу измерения
POP-02961,40.9568,70.00677,73,Bundled population grid,2026-07,Методологический слой; проверить источник/единицу измерения
POP-02962,40.94134,70.01006,111,Bundled population grid,2026-07,Методологический слой; проверить источник/единицу измерения
POP-02963,40.94978,70.01435,299,Bundled population grid,2026-07,Методологический слой; проверить источник/единицу измерения
POP-02964,40.94836,70.00248,172,Bundled population grid,2026-07,Методологический слой; проверить источник/единицу измерения
POP-02965,40.98213,70.01964,826,Bundled population grid,2026-07,Методологический слой; проверить источник/единицу измерения
POP-02966,40.99198,70.03581,534,Bundled population grid,2026-07,Методологический слой; проверить источник/единицу измерения
POP-02967,40.99057,70.02393,468,Bundled population grid,2026-07,Методологический слой; проверить источник/единицу измерения
POP-02968,40.97651,70.03909,1264,Bundled population grid,2026-07,Методологический слой; проверить источник/единицу измерения
POP-02969,40.9751,70.02722,1253,Bundled population grid,2026-07,Методологический слой; проверить источник/единицу измерения
POP-02970,40.98495,70.04338,944,Bundled population grid,2026-07,Методологический слой; проверить источник/единицу измерения
POP-02971,40.98354,70.03151,1233,Bundled population grid,2026-07,Методологический слой; проверить источник/единицу измерения
POP-02972,40.97086,69.99161,109,Bundled population grid,2026-07,Методологический слой; проверить источник/единицу измерения
POP-02973,40.98071,70.00777,651,Bundled population grid,2026-07,Методологический слой; проверить источник/единицу измерения
POP-02974,40.9793,69.9959,225,Bundled population grid,2026-07,Методологический слой; проверить источник/единицу измерения
POP-02975,40.96524,70.01106,56,Bundled population grid,2026-07,Методологический слой; проверить источник/единицу измерения
POP-02976,40.96383,69.99919,33,Bundled population grid,2026-07,Методологический слой; проверить источник/единицу измерения
POP-02977,40.97369,70.01535,466,Bundled population grid,2026-07,Методологический слой; проверить источник/единицу измерения
POP-02978,40.97227,70.00348,106,Bundled population grid,2026-07,Методологический слой; проверить источник/единицу измерения
POP-02979,41.02856,70.07676,1701,Bundled population grid,2026-07,Методологический слой; проверить источник/единицу измерения
POP-02980,41.03841,70.09295,1504,Bundled population grid,2026-07,Методологический слой; проверить источник/единицу измерения
POP-02981,41.037,70.08106,1583,Bundled population grid,2026-07,Методологический слой; проверить источник/единицу измерения
POP-02982,41.02294,70.09622,1007,Bundled population grid,2026-07,Методологический слой; проверить источник/единицу измерения
POP-02983,41.02153,70.08434,1595,Bundled population grid,2026-07,Методологический слой; проверить источник/единицу измерения
POP-02984,41.03138,70.10053,745,Bundled population grid,2026-07,Методологический слой; проверить источник/единицу измерения
POP-02985,41.02997,70.08864,1547,Bundled population grid,2026-07,Методологический слой; проверить источник/единицу измерения
POP-02986,41.07217,70.11018,20,Bundled population grid,2026-07,Методологический слой; проверить источник/единицу измерения
POP-02987,41.0581,70.12534,56,Bundled population grid,2026-07,Методологический слой; проверить источник/единицу измерения
POP-02988,41.06654,70.12966,25,Bundled population grid,2026-07,Методологический слой; проверить источник/единицу измерения
POP-02989,41.06514,70.11776,28,Bundled population grid,2026-07,Методологический слой; проверить источник/единицу измерения
POP-02990,41.05248,70.07779,526,Bundled population grid,2026-07,Методологический слой; проверить источник/единицу измерения
POP-02991,41.06233,70.09398,261,Bundled population grid,2026-07,Методологический слой; проверить источник/единицу измерения
POP-02992,41.06092,70.08209,476,Bundled population grid,2026-07,Методологический слой; проверить источник/единицу измерения
POP-02993,41.04685,70.09726,742,Bundled population grid,2026-07,Методологический слой; проверить источник/единицу измерения
POP-02994,41.04544,70.08537,1301,Bundled population grid,2026-07,Методологический слой; проверить источник/единицу измерения
POP-02995,41.05389,70.08967,673,Bundled population grid,2026-07,Методологический слой; проверить источник/единицу измерения
POP-02996,41.02715,70.13187,798,Bundled population grid,2026-07,Методологический слой; проверить источник/единицу измерения
POP-02997,41.03559,70.13618,84,Bundled population grid,2026-07,Методологический слой; проверить источник/единицу измерения
POP-02998,41.02151,70.15133,557,Bundled population grid,2026-07,Методологический слой; проверить источник/единицу измерения
POP-02999,41.02011,70.13944,1093,Bundled population grid,2026-07,Методологический слой; проверить источник/единицу измерения
POP-03000,41.02995,70.15564,294,Bundled population grid,2026-07,Методологический слой; проверить источник/единицу измерения
POP-03001,41.02855,70.14375,560,Bundled population grid,2026-07,Методологический слой; проверить источник/единицу измерения
POP-03002,41.0159,70.1038,1096,Bundled population grid,2026-07,Методологический слой; проверить источник/единицу измерения
POP-03003,41.02575,70.11999,1083,Bundled population grid,2026-07,Методологический слой; проверить источник/единицу измерения
POP-03004,41.02434,70.1081,456,Bundled population grid,2026-07,Методологический слой; проверить источник/единицу измерения
POP-03005,41.01027,70.12325,286,Bundled population grid,2026-07,Методологический слой; проверить источник/единицу измерения
POP-03006,41.00887,70.11137,89,Bundled population grid,2026-07,Методологический слой; проверить источник/единицу измерения
POP-03007,41.01871,70.12756,1225,Bundled population grid,2026-07,Методологический слой; проверить источник/единицу измерения
POP-03008,41.01731,70.11568,522,Bundled population grid,2026-07,Методологический слой; проверить источник/единицу измерения
POP-03009,41.0609,70.14912,91,Bundled population grid,2026-07,Методологический слой; проверить источник/единицу измерения
POP-03010,41.04543,70.15238,51,Bundled population grid,2026-07,Методологический слой; проверить источник/единицу измерения
POP-03011,41.05387,70.1567,162,Bundled population grid,2026-07,Методологический слой; проверить источник/единицу измерения
POP-03012,41.05247,70.14481,132,Bundled population grid,2026-07,Методологический слой; проверить источник/единицу измерения
POP-03013,41.03982,70.10483,658,Bundled population grid,2026-07,Методологический слой; проверить источник/единицу измерения
POP-03014,41.04826,70.10914,172,Bundled population grid,2026-07,Методологический слой; проверить источник/единицу измерения
POP-03015,41.03419,70.1243,787,Bundled population grid,2026-07,Методологический слой; проверить источник/единицу измерения
POP-03016,41.03278,70.11241,694,Bundled population grid,2026-07,Методологический слой; проверить источник/единицу измерения
POP-03017,41.04122,70.11672,48,Bundled population grid,2026-07,Методологический слой; проверить источник/единицу измерения
POP-03018,41.01868,69.99359,122,Bundled population grid,2026-07,Методологический слой; проверить источник/единицу измерения
POP-03019,41.02854,70.00977,124,Bundled population grid,2026-07,Методологический слой; проверить источник/единицу измерения
POP-03020,41.02009,70.00547,33,Bundled population grid,2026-07,Методологический слой; проверить источник/единицу измерения
POP-03021,41.06372,70.03884,174,Bundled population grid,2026-07,Методологический слой; проверить источник/единицу измерения
POP-03022,41.04825,70.04213,208,Bundled population grid,2026-07,Методологический слой; проверить источник/единицу измерения
POP-03023,41.05669,70.04643,258,Bundled population grid,2026-07,Методологический слой; проверить источник/единицу измерения
POP-03024,41.05528,70.03454,76,Bundled population grid,2026-07,Методологический слой; проверить источник/единицу измерения
POP-03025,41.03698,70.01406,30,Bundled population grid,2026-07,Методологический слой; проверить источник/единицу измерения
POP-03026,41.03557,70.00218,23,Bundled population grid,2026-07,Методологический слой; проверить источник/единицу измерения
POP-03027,41.0173,70.0487,1033,Bundled population grid,2026-07,Методологический слой; проверить источник/единицу измерения
POP-03028,41.02716,70.06488,1630,Bundled population grid,2026-07,Методологический слой; проверить источник/единицу измерения
POP-03029,41.02575,70.05299,1168,Bundled population grid,2026-07,Методологический слой; проверить источник/единицу измерения
POP-03030,41.01168,70.06816,855,Bundled population grid,2026-07,Методологический слой; проверить источник/единицу измерения
POP-03031,41.01027,70.05628,1747,Bundled population grid,2026-07,Методологический слой; проверить источник/единицу измерения
POP-03032,41.02012,70.07246,1502,Bundled population grid,2026-07,Методологический слой; проверить источник/единицу измерения
POP-03033,41.01871,70.06058,1628,Bundled population grid,2026-07,Методологический слой; проверить источник/единицу измерения
POP-03034,41.00604,70.02064,71,Bundled population grid,2026-07,Методологический слой; проверить источник/единицу измерения
POP-03035,41.01589,70.03682,807,Bundled population grid,2026-07,Методологический слой; проверить источник/единицу измерения
POP-03036,41.01448,70.02494,89,Bundled population grid,2026-07,Методологический слой; проверить источник/единицу измерения
POP-03037,41.00042,70.0401,878,Bundled population grid,2026-07,Методологический слой; проверить источник/единицу измерения
POP-03038,40.99901,70.02822,74,Bundled population grid,2026-07,Методологический слой; проверить источник/единицу измерения
POP-03039,41.00886,70.0444,883,Bundled population grid,2026-07,Методологический слой; проверить источник/единицу измерения
POP-03040,41.00745,70.03252,1026,Bundled population grid,2026-07,Методологический слой; проверить источник/единицу измерения
POP-03041,41.04122,70.04971,488,Bundled population grid,2026-07,Методологический слой; проверить источник/единицу измерения
POP-03042,41.0356,70.06918,1387,Bundled population grid,2026-07,Методологический слой; проверить источник/единицу измерения
POP-03043,41.03419,70.05729,1373,Bundled population grid,2026-07,Методологический слой; проверить источник/единицу измерения
POP-03044,41.04404,70.07348,795,Bundled population grid,2026-07,Методологический слой; проверить источник/единицу измерения
POP-03045,41.04263,70.0616,96,Bundled population grid,2026-07,Методологический слой; проверить источник/единицу измерения
POP-03046,41.03981,70.03783,38,Bundled population grid,2026-07,Методологический слой; проверить источник/единицу измерения
POP-03047,41.02433,70.04111,774,Bundled population grid,2026-07,Методологический слой; проверить источник/единицу измерения
POP-03048,41.03278,70.04541,659,Bundled population grid,2026-07,Методологический слой; проверить источник/единицу измерения
POP-03049,41.03136,70.03353,48,Bundled population grid,2026-07,Методологический слой; проверить источник/единицу измерения
POP-03050,41.28045,70.12719,20,Bundled population grid,2026-07,Методологический слой; проверить источник/единицу измерения
POP-03051,41.36763,70.26183,20,Bundled population grid,2026-07,Методологический слой; проверить источник/единицу измерения
POP-03052,41.34942,70.17381,97,Bundled population grid,2026-07,Методологический слой; проверить источник/единицу измерения
POP-03053,41.31844,70.18035,25,Bundled population grid,2026-07,Методологический слой; проверить источник/единицу измерения
POP-03054,41.2845,70.29757,48,Bundled population grid,2026-07,Методологический слой; проверить источник/единицу измерения
POP-03055,41.2816,70.34098,41,Bundled population grid,2026-07,Методологический слой; проверить источник/единицу измерения
POP-03056,41.2704,70.31274,38,Bundled population grid,2026-07,Методологический слой; проверить источник/единицу измерения
POP-03057,41.2971,70.33776,35,Bundled population grid,2026-07,Методологический слой; проверить источник/единицу измерения
POP-03058,41.28181,70.20641,23,Bundled population grid,2026-07,Методологический слой; проверить источник/единицу измерения
POP-03059,41.17901,69.94102,28,Bundled population grid,2026-07,Методологический слой; проверить источник/единицу измерения
POP-03060,41.20997,69.93437,66,Bundled population grid,2026-07,Методологический слой; проверить источник/единицу измерения
POP-03061,41.20854,69.92246,22,Bundled population grid,2026-07,Методологический слой; проверить источник/единицу измерения
POP-03062,41.20017,69.98535,42,Bundled population grid,2026-07,Методологический слой; проверить источник/единицу измерения
POP-03063,41.23958,69.98303,176,Bundled population grid,2026-07,Методологический слой; проверить источник/единицу измерения
POP-03064,41.14534,70.12522,65,Bundled population grid,2026-07,Методологический слой; проверить источник/единицу измерения
POP-03065,41.13689,70.1209,38,Bundled population grid,2026-07,Методологический слой; проверить источник/единицу измерения
POP-03066,41.13408,70.09709,33,Bundled population grid,2026-07,Методологический слой; проверить источник/единицу измерения
POP-03067,41.1186,70.10037,387,Bundled population grid,2026-07,Методологический слой; проверить источник/единицу измерения
POP-03068,41.1172,70.08846,304,Bundled population grid,2026-07,Методологический слой; проверить источник/единицу измерения
POP-03069,41.12705,70.10468,38,Bundled population grid,2026-07,Методологический слой; проверить источник/единицу измерения
POP-03070,41.12564,70.09278,122,Bundled population grid,2026-07,Методологический слой; проверить источник/единицу измерения
POP-03071,41.15801,70.09813,23,Bundled population grid,2026-07,Методологический слой; проверить источник/единицу измерения
POP-03072,41.10873,70.01707,30,Bundled population grid,2026-07,Методологический слой; проверить источник/единицу измерения
POP-03073,41.06853,69.17184,38,Bundled population grid,2026-07,Методологический слой; проверить источник/единицу измерения
POP-03074,41.05459,69.18721,187,Bundled population grid,2026-07,Методологический слой; проверить источник/единицу измерения
POP-03075,41.05309,69.17535,48,Bundled population grid,2026-07,Методологический слой; проверить источник/единицу измерения
POP-03076,41.06306,69.19139,340,Bundled population grid,2026-07,Методологический слой; проверить источник/единицу измерения
POP-03077,41.06156,69.17953,212,Bundled population grid,2026-07,Методологический слой; проверить источник/единицу измерения
POP-03078,41.04858,69.13978,598,Bundled population grid,2026-07,Методологический слой; проверить источник/единицу измерения
POP-03079,41.05705,69.14395,577,Bundled population grid,2026-07,Методологический слой; проверить источник/единицу измерения
POP-03080,41.04311,69.15932,35,Bundled population grid,2026-07,Методологический слой; проверить источник/единицу измерения
POP-03081,41.05158,69.16349,245,Bundled population grid,2026-07,Методологический слой; проверить источник/единицу измерения
POP-03082,41.0237,69.19422,25,Bundled population grid,2026-07,Методологический слой; проверить источник/единицу измерения
POP-03083,41.03367,69.21025,104,Bundled population grid,2026-07,Методологический слой; проверить источник/единицу измерения
POP-03084,41.01822,69.21375,613,Bundled population grid,2026-07,Методологический слой; проверить источник/единицу измерения
POP-03085,41.01673,69.2019,408,Bundled population grid,2026-07,Методологический слой; проверить источник/единицу измерения
POP-03086,41.0252,69.20608,182,Bundled population grid,2026-07,Методологический слой; проверить источник/единицу измерения
POP-03087,41.0207,69.17051,30,Bundled population grid,2026-07,Методологический слой; проверить источник/единицу измерения
POP-03088,41.00676,69.18587,71,Bundled population grid,2026-07,Методологический слой; проверить источник/единицу измерения
POP-03089,41.01373,69.17819,20,Bundled population grid,2026-07,Методологический слой; проверить источник/единицу измерения
POP-03090,41.05608,69.19907,20,Bundled population grid,2026-07,Методологический слой; проверить источник/единицу измерения
POP-03091,41.04214,69.21443,144,Bundled population grid,2026-07,Методологический слой; проверить источник/единицу измерения
POP-03092,41.04064,69.20258,114,Bundled population grid,2026-07,Методологический слой; проверить источник/единицу измерения
POP-03093,41.04911,69.20675,329,Bundled population grid,2026-07,Методологический слой; проверить источник/единицу измерения
POP-03094,41.03614,69.16701,79,Bundled population grid,2026-07,Методологический слой; проверить источник/единицу измерения
POP-03095,41.03067,69.18654,61,Bundled population grid,2026-07,Методологический слой; проверить источник/единицу измерения
POP-03096,41.02917,69.17469,445,Bundled population grid,2026-07,Методологический слой; проверить источник/единицу измерения
POP-03097,41.03764,69.17886,259,Bundled population grid,2026-07,Методологический слой; проверить источник/единицу измерения
POP-03098,41.09445,69.25141,86,Bundled population grid,2026-07,Методологический слой; проверить источник/единицу измерения
POP-03099,41.08897,69.27096,129,Bundled population grid,2026-07,Методологический слой; проверить источник/единицу измерения
POP-03100,41.08748,69.25909,43,Bundled population grid,2026-07,Методологический слой; проверить источник/единицу измерения
POP-03101,41.09595,69.26328,1539,Bundled population grid,2026-07,Методологический слой; проверить источник/единицу измерения
POP-03102,41.12983,69.28005,5550,Bundled population grid,2026-07,Методологический слой; проверить источник/единицу измерения
POP-03103,41.13979,69.29613,16515,Bundled population grid,2026-07,Методологический слой; проверить источник/единицу измерения
POP-03104,41.12285,69.28773,3316,Bundled population grid,2026-07,Методологический слой; проверить источник/единицу измерения
POP-03105,41.13281,69.30381,28291,Bundled population grid,2026-07,Методологический слой; проверить источник/единицу измерения
POP-03106,41.13132,69.29193,6430,Bundled population grid,2026-07,Методологический слой; проверить источник/единицу измерения
POP-03107,41.11837,69.2521,677,Bundled population grid,2026-07,Методологический слой; проверить источник/единицу измерения
POP-03108,41.12834,69.26817,11235,Bundled population grid,2026-07,Методологический слой; проверить источник/единицу измерения
POP-03109,41.12684,69.25629,17395,Bundled population grid,2026-07,Методологический слой; проверить источник/единицу измерения
POP-03110,41.12136,69.27585,1556,Bundled population grid,2026-07,Методологический слой; проверить источник/единицу измерения
POP-03111,41.11987,69.26398,271,Bundled population grid,2026-07,Методологический слой; проверить источник/единицу измерения
POP-03112,41.10339,69.32264,263,Bundled population grid,2026-07,Методологический слой; проверить источник/единицу измерения
POP-03113,41.08794,69.32611,1668,Bundled population grid,2026-07,Методологический слой; проверить источник/единицу измерения
POP-03114,41.08645,69.31424,104,Bundled population grid,2026-07,Методологический слой; проверить источник/единицу измерения
POP-03115,41.09641,69.33031,104,Bundled population grid,2026-07,Методологический слой; проверить источник/единицу измерения
POP-03116,41.09492,69.31844,63,Bundled population grid,2026-07,Методологический слой; проверить источник/единицу измерения
POP-03117,41.08199,69.27863,704,Bundled population grid,2026-07,Методологический слой; проверить источник/единицу измерения
POP-03118,41.09046,69.28283,324,Bundled population grid,2026-07,Методологический слой; проверить источник/единицу измерения
POP-03119,41.0765,69.29818,856,Bundled population grid,2026-07,Методологический слой; проверить источник/единицу измерения
POP-03120,41.07501,69.28631,190,Bundled population grid,2026-07,Методологический слой; проверить источник/единицу измерения
POP-03121,41.11735,69.30729,1972,Bundled population grid,2026-07,Методологический слой; проверить источник/единицу измерения
POP-03122,41.12731,69.32337,478,Bundled population grid,2026-07,Методологический слой; проверить источник/единицу измерения
POP-03123,41.12582,69.31149,1286,Bundled population grid,2026-07,Методологический слой; проверить источник/единицу измерения
POP-03124,41.11186,69.32684,142,Bundled population grid,2026-07,Методологический слой; проверить источник/единицу измерения
POP-03125,41.11037,69.31496,742,Bundled population grid,2026-07,Методологический слой; проверить источник/единицу измерения
POP-03126,41.12033,69.33104,251,Bundled population grid,2026-07,Методологический слой; проверить источник/единицу измерения
POP-03127,41.11884,69.31916,359,Bundled population grid,2026-07,Методологический слой; проверить источник/единицу измерения
POP-03128,41.11587,69.29541,15978,Bundled population grid,2026-07,Методологический слой; проверить источник/единицу измерения
POP-03129,41.11438,69.28354,1354,Bundled population grid,2026-07,Методологический слой; проверить источник/единицу измерения
POP-03130,41.10888,69.30309,585,Bundled population grid,2026-07,Методологический слой; проверить источник/единицу измерения
POP-03131,41.1074,69.29121,8213,Bundled population grid,2026-07,Методологический слой; проверить источник/единицу измерения
POP-03132,41.077,69.17602,40,Bundled population grid,2026-07,Методологический слой; проверить источник/единицу измерения
POP-03133,41.11937,69.19692,13484,Bundled population grid,2026-07,Методологический слой; проверить источник/единицу измерения
POP-03134,41.12784,69.2011,9950,Bundled population grid,2026-07,Методологический слой; проверить источник/единицу измерения
POP-03135,41.11239,69.20461,135,Bundled population grid,2026-07,Методологический слой; проверить источник/единицу измерения
POP-03136,41.12236,69.22067,135,Bundled population grid,2026-07,Методологический слой; проверить источник/единицу измерения
POP-03137,41.10789,69.169,178,Bundled population grid,2026-07,Методологический слой; проверить источник/единицу измерения
POP-03138,41.11787,69.18505,6091,Bundled population grid,2026-07,Методологический слой; проверить источник/единицу измерения
POP-03139,41.11637,69.17317,106,Bundled population grid,2026-07,Методологический слой; проверить источник/единицу измерения
POP-03140,41.10242,69.18856,41,Bundled population grid,2026-07,Методологический слой; проверить источник/единицу измерения
POP-03141,41.10092,69.17669,43,Bundled population grid,2026-07,Методологический слой; проверить источник/единицу измерения
POP-03142,41.11089,69.19274,338,Bundled population grid,2026-07,Методологический слой; проверить источник/единицу измерения
POP-03143,41.10939,69.18087,215,Bundled population grid,2026-07,Методологический слой; проверить источник/единицу измерения
POP-03144,41.07751,69.24303,149,Bundled population grid,2026-07,Методологический слой; проверить источник/единицу измерения
POP-03145,41.07602,69.23116,945,Bundled population grid,2026-07,Методологический слой; проверить источник/единицу измерения
POP-03146,41.08598,69.24722,58,Bundled population grid,2026-07,Методологический слой; проверить источник/единицу измерения
POP-03147,41.08449,69.23535,38,Bundled population grid,2026-07,Методологический слой; проверить источник/единицу измерения
POP-03148,41.07153,69.19557,643,Bundled population grid,2026-07,Методологический слой; проверить источник/единицу измерения
POP-03149,41.08,69.19975,207,Bundled population grid,2026-07,Методологический слой; проверить источник/единицу измерения
POP-03150,41.07452,69.2193,190,Bundled population grid,2026-07,Методологический слой; проверить источник/единицу измерения
POP-03151,41.07303,69.20743,69,Bundled population grid,2026-07,Методологический слой; проверить источник/единицу измерения
POP-03152,41.10143,69.24372,2842,Bundled population grid,2026-07,Методологический слой; проверить источник/единицу измерения
POP-03153,41.1099,69.24791,406,Bundled population grid,2026-07,Методологический слой; проверить источник/единицу измерения
POP-03154,41.10542,69.2123,75,Bundled population grid,2026-07,Методологический слой; проверить источник/единицу измерения
POP-03155,41.08997,69.2158,23,Bundled population grid,2026-07,Методологический слой; проверить источник/единицу измерения
POP-03156,41.08847,69.20393,45,Bundled population grid,2026-07,Методологический слой; проверить источник/единицу измерения
POP-03157,41.09694,69.20811,139,Bundled population grid,2026-07,Методологический слой; проверить источник/единицу измерения
POP-03158,40.98633,69.27581,542,Bundled population grid,2026-07,Методологический слой; проверить источник/единицу измерения
POP-03159,40.99629,69.29184,762,Bundled population grid,2026-07,Методологический слой; проверить источник/единицу измерения
POP-03160,40.9948,69.27999,392,Bundled population grid,2026-07,Методологический слой; проверить источник/единицу измерения
POP-03161,40.97935,69.28347,266,Bundled population grid,2026-07,Методологический слой; проверить источник/единицу измерения
POP-03162,40.98931,69.29951,266,Bundled population grid,2026-07,Методологический слой; проверить источник/единицу измерения
POP-03163,40.98782,69.28766,291,Bundled population grid,2026-07,Методологический слой; проверить источник/единицу измерения
POP-03164,41.02169,69.30441,858,Bundled population grid,2026-07,Методологический слой; проверить источник/единицу измерения
POP-03165,41.03164,69.32046,362,Bundled population grid,2026-07,Методологический слой; проверить источник/единицу измерения
POP-03166,41.03015,69.3086,760,Bundled population grid,2026-07,Методологический слой; проверить источник/единицу измерения
POP-03167,41.01619,69.32393,524,Bundled population grid,2026-07,Методологический слой; проверить источник/единицу измерения
POP-03168,41.0147,69.31208,549,Bundled population grid,2026-07,Методологический слой; проверить источник/единицу измерения
POP-03169,41.02466,69.32813,279,Bundled population grid,2026-07,Методологический слой; проверить источник/единицу измерения
POP-03170,41.02317,69.31627,223,Bundled population grid,2026-07,Методологический слой; проверить источник/единицу измерения
POP-03171,41.0202,69.29256,157,Bundled population grid,2026-07,Методологический слой; проверить источник/единицу измерения
POP-03172,41.01871,69.2807,205,Bundled population grid,2026-07,Методологический слой; проверить источник/единицу измерения
POP-03173,41.00475,69.29603,912,Bundled population grid,2026-07,Методологический слой; проверить источник/единицу измерения
POP-03174,41.00326,69.28418,217,Bundled population grid,2026-07,Методологический слой; проверить источник/единицу измерения
POP-03175,41.01322,69.30022,479,Bundled population grid,2026-07,Методологический слой; проверить источник/единицу измерения
POP-03176,41.01173,69.28837,172,Bundled population grid,2026-07,Методологический слой; проверить источник/единицу измерения
POP-03177,40.9853,69.33087,23,Bundled population grid,2026-07,Методологический слой; проверить источник/единицу измерения
POP-03178,40.99524,69.34691,172,Bundled population grid,2026-07,Методологический слой; проверить источник/единицу измерения
POP-03179,40.99376,69.33506,63,Bundled population grid,2026-07,Методологический слой; проверить источник/единицу измерения
POP-03180,40.9798,69.35038,481,Bundled population grid,2026-07,Методологический слой; проверить источник/единицу измерения
POP-03181,40.97832,69.33853,370,Bundled population grid,2026-07,Методологический слой; проверить источник/единицу измерения
POP-03182,40.98826,69.35457,132,Bundled population grid,2026-07,Методологический слой; проверить источник/единицу измерения
POP-03183,40.98678,69.34272,430,Bundled population grid,2026-07,Методологический слой; проверить источник/единицу измерения
POP-03184,40.98381,69.31902,372,Bundled population grid,2026-07,Методологический слой; проверить источник/единицу измерения
POP-03185,40.98233,69.30717,28,Bundled population grid,2026-07,Методологический слой; проверить источник/единицу измерения
POP-03186,40.96837,69.32248,79,Bundled population grid,2026-07,Методологический слой; проверить источник/единицу измерения
POP-03187,40.97683,69.32668,281,Bundled population grid,2026-07,Методологический слой; проверить источник/единицу измерения
POP-03188,41.00921,69.3316,25,Bundled population grid,2026-07,Методологический слой; проверить источник/единицу измерения
POP-03189,41.01916,69.34765,119,Bundled population grid,2026-07,Методологический слой; проверить источник/единицу измерения
POP-03190,41.00371,69.35111,1000,Bundled population grid,2026-07,Методологический слой; проверить источник/единицу измерения
POP-03191,41.01217,69.35531,1406,Bundled population grid,2026-07,Методологический слой; проверить источник/единицу измерения
POP-03192,41.01069,69.34345,65,Bundled population grid,2026-07,Методологический слой; проверить источник/единицу измерения
POP-03193,40.99777,69.30369,1568,Bundled population grid,2026-07,Методологический слой; проверить источник/единицу измерения
POP-03194,41.00772,69.31974,167,Bundled population grid,2026-07,Методологический слой; проверить источник/единицу измерения
POP-03195,41.00624,69.30789,696,Bundled population grid,2026-07,Методологический слой; проверить источник/единицу измерения
POP-03196,40.99228,69.32321,48,Bundled population grid,2026-07,Методологический слой; проверить источник/единицу измерения
POP-03197,40.99079,69.31136,436,Bundled population grid,2026-07,Методологический слой; проверить источник/единицу измерения
POP-03198,40.99926,69.31555,261,Bundled population grid,2026-07,Методологический слой; проверить источник/единицу измерения
POP-03199,40.97587,69.19288,253,Bundled population grid,2026-07,Методологический слой; проверить источник/единицу измерения
POP-03200,40.98584,69.2089,481,Bundled population grid,2026-07,Методологический слой; проверить источник/единицу измерения
POP-03201,40.98434,69.19705,929,Bundled population grid,2026-07,Методологический слой; проверить источник/единицу измерения
POP-03202,40.9704,69.21239,76,Bundled population grid,2026-07,Методологический слой; проверить источник/единицу измерения
POP-03203,40.9689,69.20055,21,Bundled population grid,2026-07,Методологический слой; проверить источник/единицу измерения
POP-03204,40.97887,69.21657,868,Bundled population grid,2026-07,Методологический слой; проверить источник/единицу измерения
POP-03205,40.97737,69.20472,420,Bundled population grid,2026-07,Методологический слой; проверить источник/единицу измерения
POP-03206,41.01125,69.22143,686,Bundled population grid,2026-07,Методологический слой; проверить источник/единицу измерения
POP-03207,41.02121,69.23746,902,Bundled population grid,2026-07,Методологический слой; проверить источник/единицу измерения
POP-03208,41.01972,69.22561,372,Bundled population grid,2026-07,Методологический слой; проверить источник/единицу измерения
POP-03209,41.00577,69.24095,1332,Bundled population grid,2026-07,Методологический слой; проверить источник/единицу измерения
POP-03210,41.00427,69.2291,1498,Bundled population grid,2026-07,Методологический слой; проверить источник/единицу измерения
POP-03211,41.01424,69.24513,871,Bundled population grid,2026-07,Методологический слой; проверить источник/единицу измерения
POP-03212,41.01274,69.23328,1813,Bundled population grid,2026-07,Методологический слой; проверить источник/единицу измерения
POP-03213,40.99979,69.19355,529,Bundled population grid,2026-07,Методологический слой; проверить источник/единицу измерения
POP-03214,41.00975,69.20957,216,Bundled population grid,2026-07,Методологический слой; проверить источник/единицу измерения
POP-03215,41.00826,69.19772,30,Bundled population grid,2026-07,Методологический слой; проверить источник/единицу измерения
POP-03216,40.99431,69.21307,592,Bundled population grid,2026-07,Методологический слой; проверить источник/единицу измерения
POP-03217,40.99281,69.20122,788,Bundled population grid,2026-07,Методологический слой; проверить источник/единицу измерения
POP-03218,41.00278,69.21725,316,Bundled population grid,2026-07,Методологический слой; проверить источник/единицу измерения
POP-03219,41.00128,69.2054,507,Bundled population grid,2026-07,Методологический слой; проверить источник/единицу измерения
POP-03220,40.98484,69.26396,91,Bundled population grid,2026-07,Методологический слой; проверить источник/единицу измерения
POP-03221,40.98335,69.25211,111,Bundled population grid,2026-07,Методологический слой; проверить источник/единицу измерения
POP-03222,40.97189,69.22424,56,Bundled population grid,2026-07,Методологический слой; проверить источник/единицу измерения
POP-03223,40.95795,69.23957,124,Bundled population grid,2026-07,Методологический слой; проверить источник/единицу измерения
POP-03224,40.95645,69.22773,66,Bundled population grid,2026-07,Методологический слой; проверить источник/единицу измерения
POP-03225,40.99879,69.24862,106,Bundled population grid,2026-07,Методологический слой; проверить источник/единицу измерения
POP-03226,41.00875,69.26466,818,Bundled population grid,2026-07,Методологический слой; проверить источник/единицу измерения
POP-03227,40.99331,69.26814,608,Bundled population grid,2026-07,Методологический слой; проверить источник/единицу измерения
POP-03228,40.99182,69.25629,334,Bundled population grid,2026-07,Методологический слой; проверить источник/единицу измерения
POP-03229,41.00177,69.27232,815,Bundled population grid,2026-07,Методологический слой; проверить источник/единицу измерения
POP-03230,41.00028,69.26047,327,Bundled population grid,2026-07,Методологический слой; проверить источник/единицу измерения
POP-03231,40.98734,69.22074,650,Bundled population grid,2026-07,Методологический слой; проверить источник/единицу измерения
POP-03232,40.9973,69.23677,405,Bundled population grid,2026-07,Методологический слой; проверить источник/единицу измерения
POP-03233,40.99581,69.22492,84,Bundled population grid,2026-07,Методологический слой; проверить источник/единицу измерения
POP-03234,40.98186,69.24026,367,Bundled population grid,2026-07,Методологический слой; проверить источник/единицу измерения
POP-03235,40.98036,69.22841,84,Bundled population grid,2026-07,Методологический слой; проверить источник/единицу измерения
POP-03236,40.99032,69.24444,1147,Bundled population grid,2026-07,Методологический слой; проверить источник/единицу измерения
POP-03237,40.98883,69.23259,883,Bundled population grid,2026-07,Методологический слой; проверить источник/единицу измерения
POP-03238,41.0456,69.30513,71,Bundled population grid,2026-07,Методологический слой; проверить источник/единицу измерения
POP-03239,41.05555,69.32119,218,Bundled population grid,2026-07,Методологический слой; проверить источник/единицу измерения
POP-03240,41.0401,69.32466,774,Bundled population grid,2026-07,Методологический слой; проверить источник/единицу измерения
POP-03241,41.03862,69.3128,995,Bundled population grid,2026-07,Методологический слой; проверить источник/единицу измерения
POP-03242,41.08096,69.33378,1770,Bundled population grid,2026-07,Методологический слой; проверить источник/единицу измерения
POP-03243,41.09091,69.34986,127,Bundled population grid,2026-07,Методологический слой; проверить источник/единицу измерения
POP-03244,41.08942,69.33798,93,Bundled population grid,2026-07,Методологический слой; проверить источник/единицу измерения
POP-03245,41.07545,69.35332,36,Bundled population grid,2026-07,Методологический слой; проверить источник/единицу измерения
POP-03246,41.07397,69.34145,96,Bundled population grid,2026-07,Методологический слой; проверить источник/единицу измерения
POP-03247,41.08392,69.35753,1190,Bundled population grid,2026-07,Методологический слой; проверить источник/единицу измерения
POP-03248,41.08244,69.34565,671,Bundled population grid,2026-07,Методологический слой; проверить источник/единицу измерения
POP-03249,41.06952,69.30585,858,Bundled population grid,2026-07,Методологический слой; проверить источник/единицу измерения
POP-03250,41.07947,69.32191,2018,Bundled population grid,2026-07,Методологический слой; проверить источник/единицу измерения
POP-03251,41.07798,69.31004,1236,Bundled population grid,2026-07,Методологический слой; проверить источник/единицу измерения
POP-03252,41.06402,69.32539,288,Bundled population grid,2026-07,Методологический слой; проверить источник/единицу измерения
POP-03253,41.07249,69.32958,732,Bundled population grid,2026-07,Методологический слой; проверить источник/единицу измерения
POP-03254,41.071,69.31772,1058,Bundled population grid,2026-07,Методологический слой; проверить источник/единицу измерения
POP-03255,41.04455,69.36025,2347,Bundled population grid,2026-07,Методологический слой; проверить источник/единицу измерения
POP-03256,41.0545,69.37632,155,Bundled population grid,2026-07,Методологический слой; проверить источник/единицу измерения
POP-03257,41.05302,69.36445,584,Bundled population grid,2026-07,Методологический слой; проверить источник/единицу измерения
POP-03258,41.03905,69.37977,61,Bundled population grid,2026-07,Методологический слой; проверить источник/единицу измерения
POP-03259,41.03757,69.36791,1157,Bundled population grid,2026-07,Методологический слой; проверить источник/единицу измерения
POP-03260,41.04751,69.38398,370,Bundled population grid,2026-07,Методологический слой; проверить источник/единицу измерения
POP-03261,41.04603,69.37211,1200,Bundled population grid,2026-07,Методологический слой; проверить источник/единицу измерения
POP-03262,41.03312,69.33232,438,Bundled population grid,2026-07,Методологический слой; проверить источник/единицу измерения
POP-03263,41.04307,69.34838,2471,Bundled population grid,2026-07,Методологический слой; проверить источник/единицу измерения
POP-03264,41.04159,69.33652,1471,Bundled population grid,2026-07,Методологический слой; проверить источник/единицу измерения
POP-03265,41.02762,69.35185,534,Bundled population grid,2026-07,Методологический слой; проверить источник/единицу измерения
POP-03266,41.03609,69.35605,2349,Bundled population grid,2026-07,Методологический слой; проверить источник/единицу измерения
POP-03267,41.03461,69.34419,901,Bundled population grid,2026-07,Методологический слой; проверить источник/единицу измерения
POP-03268,41.06847,69.36099,367,Bundled population grid,2026-07,Методологический слой; проверить источник/единицу измерения
POP-03269,41.07842,69.37706,654,Bundled population grid,2026-07,Методологический слой; проверить источник/единицу измерения
POP-03270,41.07694,69.36519,577,Bundled population grid,2026-07,Методологический слой; проверить источник/единицу измерения
POP-03271,41.06296,69.38052,468,Bundled population grid,2026-07,Методологический слой; проверить источник/единицу измерения
POP-03272,41.07143,69.38473,86,Bundled population grid,2026-07,Методологический слой; проверить источник/единицу измерения
POP-03273,41.05704,69.33305,51,Bundled population grid,2026-07,Методологический слой; проверить источник/единицу измерения
POP-03274,41.06699,69.34912,921,Bundled population grid,2026-07,Методологический слой; проверить источник/единицу измерения
POP-03275,41.0655,69.33725,456,Bundled population grid,2026-07,Методологический слой; проверить источник/единицу измерения
POP-03276,41.05154,69.35258,2015,Bundled population grid,2026-07,Методологический слой; проверить источник/единицу измерения
POP-03277,41.05006,69.34072,600,Bundled population grid,2026-07,Методологический слой; проверить источник/единицу измерения
POP-03278,41.06,69.35679,643,Bundled population grid,2026-07,Методологический слой; проверить источник/единицу измерения
POP-03279,41.05852,69.34492,1304,Bundled population grid,2026-07,Методологический слой; проверить источник/единицу измерения
POP-03280,41.03516,69.22211,357,Bundled population grid,2026-07,Методологический слой; проверить источник/единицу измерения
POP-03281,41.04363,69.22629,76,Bundled population grid,2026-07,Методологический слой; проверить источник/единицу измерения
POP-03282,41.02968,69.24164,547,Bundled population grid,2026-07,Методологический слой; проверить источник/единицу измерения
POP-03283,41.02819,69.22979,461,Bundled population grid,2026-07,Методологический слой; проверить источник/единицу измерения
POP-03284,41.03815,69.24583,33,Bundled population grid,2026-07,Методологический слой; проверить источник/единицу измерения
POP-03285,41.03666,69.23397,25,Bundled population grid,2026-07,Методологический слой; проверить источник/единицу измерения
POP-03286,41.07054,69.25071,506,Bundled population grid,2026-07,Методологический слой; проверить источник/единицу измерения
POP-03287,41.06505,69.27025,703,Bundled population grid,2026-07,Методологический слой; проверить источник/единицу измерения
POP-03288,41.06356,69.25839,45,Bundled population grid,2026-07,Методологический слой; проверить источник/единицу измерения
POP-03289,41.07352,69.27444,955,Bundled population grid,2026-07,Методологический слой; проверить источник/единицу измерения
POP-03290,41.07203,69.26257,815,Bundled population grid,2026-07,Методологический слой; проверить источник/единицу измерения
POP-03291,41.05908,69.2228,165,Bundled population grid,2026-07,Методологический слой; проверить источник/единицу измерения
POP-03292,41.06904,69.23884,868,Bundled population grid,2026-07,Методологический слой; проверить источник/единицу измерения
POP-03293,41.06755,69.22698,1269,Bundled population grid,2026-07,Методологический слой; проверить источник/единицу измерения
POP-03294,41.06207,69.24652,162,Bundled population grid,2026-07,Методологический слой; проверить источник/единицу измерения
POP-03295,41.04411,69.29327,263,Bundled population grid,2026-07,Методологический слой; проверить источник/единицу измерения
POP-03296,41.02866,69.29675,99,Bundled population grid,2026-07,Методологический слой; проверить источник/единицу измерения
POP-03297,41.02718,69.28489,276,Bundled population grid,2026-07,Методологический слой; проверить источник/единицу измерения
POP-03298,41.03713,69.30094,246,Bundled population grid,2026-07,Методологический слой; проверить источник/единицу измерения
POP-03299,41.03266,69.26536,676,Bundled population grid,2026-07,Методологический слой; проверить источник/единицу измерения
POP-03300,41.03117,69.2535,65,Bundled population grid,2026-07,Методологический слой; проверить источник/единицу измерения
POP-03301,41.01722,69.26884,1150,Bundled population grid,2026-07,Методологический слой; проверить источник/единицу измерения
POP-03302,41.01573,69.25699,425,Bundled population grid,2026-07,Методологический слой; проверить источник/единицу измерения
POP-03303,41.02569,69.27303,438,Bundled population grid,2026-07,Методологический слой; проверить источник/единицу измерения
POP-03304,41.0242,69.26117,134,Bundled population grid,2026-07,Методологический слой; проверить источник/единицу измерения
POP-03305,41.06803,69.29398,565,Bundled population grid,2026-07,Методологический слой; проверить источник/единицу измерения
POP-03306,41.06654,69.28212,212,Bundled population grid,2026-07,Методологический слой; проверить источник/единицу измерения
POP-03307,41.05258,69.29746,203,Bundled population grid,2026-07,Методологический слой; проверить источник/единицу измерения
POP-03308,41.05956,69.28979,26,Bundled population grid,2026-07,Методологический слой; проверить источник/единицу измерения
POP-03309,41.05658,69.26606,26,Bundled population grid,2026-07,Методологический слой; проверить источник/единицу измерения
POP-03310,41.04113,69.26955,276,Bundled population grid,2026-07,Методологический слой; проверить источник/единицу измерения
POP-03311,41.03964,69.25769,665,Bundled population grid,2026-07,Методологический слой; проверить источник/единицу измерения
POP-03312,41.0496,69.27374,428,Bundled population grid,2026-07,Методологический слой; проверить источник/единицу измерения
POP-03313,41.04811,69.26187,383,Bundled population grid,2026-07,Методологический слой; проверить источник/единицу измерения
POP-03314,41.27235,69.33964,1696,Bundled population grid,2026-07,Методологический слой; проверить источник/единицу измерения
POP-03315,41.28231,69.35577,1628,Bundled population grid,2026-07,Методологический слой; проверить источник/единицу измерения
POP-03316,41.28083,69.34386,1868,Bundled population grid,2026-07,Методологический слой; проверить источник/единицу измерения
POP-03317,41.26685,69.35924,1854,Bundled population grid,2026-07,Методологический слой; проверить источник/единицу измерения
POP-03318,41.26537,69.34734,2012,Bundled population grid,2026-07,Методологический слой; проверить источник/единицу измерения
POP-03319,41.27532,69.36346,1497,Bundled population grid,2026-07,Методологический слой; проверить источник/единицу измерения
POP-03320,41.27384,69.35155,2177,Bundled population grid,2026-07,Методологический слой; проверить источник/единицу измерения
POP-03321,41.30773,69.36843,238,Bundled population grid,2026-07,Методологический слой; проверить источник/единицу измерения
POP-03322,41.31768,69.38457,188,Bundled population grid,2026-07,Методологический слой; проверить источник/единицу измерения
POP-03323,41.3162,69.37265,1260,Bundled population grid,2026-07,Методологический слой; проверить источник/единицу измерения
POP-03324,41.30222,69.38804,932,Bundled population grid,2026-07,Методологический слой; проверить источник/единицу измерения
POP-03325,41.30074,69.37612,717,Bundled population grid,2026-07,Методологический слой; проверить источник/единицу измерения
POP-03326,41.31069,69.39226,324,Bundled population grid,2026-07,Методологический слой; проверить источник/единицу измерения
POP-03327,41.30921,69.38034,372,Bundled population grid,2026-07,Методологический слой; проверить источник/единицу измерения
POP-03328,41.29629,69.34038,1337,Bundled population grid,2026-07,Методологический слой; проверить источник/единицу измерения
POP-03329,41.30624,69.35651,787,Bundled population grid,2026-07,Методологический слой; проверить источник/единицу измерения
POP-03330,41.30476,69.34459,1428,Bundled population grid,2026-07,Методологический слой; проверить источник/единицу измерения
POP-03331,41.29078,69.35999,1684,Bundled population grid,2026-07,Методологический слой; проверить источник/единицу измерения
POP-03332,41.2893,69.34807,1820,Bundled population grid,2026-07,Методологический слой; проверить источник/единицу измерения
POP-03333,41.29926,69.36421,1615,Bundled population grid,2026-07,Методологический слой; проверить источник/единицу измерения
POP-03334,41.29777,69.35229,1426,Bundled population grid,2026-07,Методологический слой; проверить источник/единицу измерения
POP-03335,41.2713,69.39497,83,Bundled population grid,2026-07,Методологический слой; проверить источник/единицу измерения
POP-03336,41.27977,69.39919,175,Bundled population grid,2026-07,Методологический слой; проверить источник/единицу измерения
POP-03337,41.26578,69.41457,48,Bundled population grid,2026-07,Методологический слой; проверить источник/единицу измерения
POP-03338,41.2643,69.40266,1522,Bundled population grid,2026-07,Методологический слой; проверить источник/единицу измерения
POP-03339,41.27278,69.40688,362,Bundled population grid,2026-07,Методологический слой; проверить источник/единицу измерения
POP-03340,41.25986,69.36693,747,Bundled population grid,2026-07,Методологический слой; проверить источник/единицу измерения
POP-03341,41.26982,69.38306,53,Bundled population grid,2026-07,Методологический слой; проверить источник/единицу измерения
POP-03342,41.26833,69.37115,888,Bundled population grid,2026-07,Методологический слой; проверить источник/единицу измерения
POP-03343,41.25436,69.38653,851,Bundled population grid,2026-07,Методологический слой; проверить источник/единицу измерения
POP-03344,41.25287,69.37462,1276,Bundled population grid,2026-07,Методологический слой; проверить источник/единицу измерения
POP-03345,41.26283,69.39075,423,Bundled population grid,2026-07,Методологический слой; проверить источник/единицу измерения
POP-03346,41.26134,69.37884,208,Bundled population grid,2026-07,Методологический слой; проверить источник/единицу измерения
POP-03347,41.29523,69.39573,1731,Bundled population grid,2026-07,Методологический слой; проверить источник/единицу измерения
POP-03348,41.30518,69.41187,800,Bundled population grid,2026-07,Методологический слой; проверить источник/единицу измерения
POP-03349,41.3037,69.39995,1130,Bundled population grid,2026-07,Методологический слой; проверить источник/единицу измерения
POP-03350,41.28972,69.41533,53,Bundled population grid,2026-07,Методологический слой; проверить источник/единицу измерения
POP-03351,41.28824,69.40342,415,Bundled population grid,2026-07,Методологический слой; проверить источник/единицу измерения
POP-03352,41.29819,69.41956,375,Bundled population grid,2026-07,Методологический слой; проверить источник/единицу измерения
POP-03353,41.29671,69.40764,511,Bundled population grid,2026-07,Методологический слой; проверить источник/единицу измерения
POP-03354,41.28379,69.36768,1782,Bundled population grid,2026-07,Методологический слой; проверить источник/единицу измерения
POP-03355,41.29375,69.38381,449,Bundled population grid,2026-07,Методологический слой; проверить источник/единицу измерения
POP-03356,41.29227,69.3719,1557,Bundled population grid,2026-07,Методологический слой; проверить источник/единицу измерения
POP-03357,41.27829,69.38728,567,Bundled population grid,2026-07,Методологический слой; проверить источник/единицу измерения
POP-03358,41.27681,69.37537,1364,Bundled population grid,2026-07,Методологический слой; проверить источник/единицу измерения
POP-03359,41.28676,69.39151,1011,Bundled population grid,2026-07,Методологический слой; проверить источник/единицу измерения
POP-03360,41.28528,69.37959,541,Bundled population grid,2026-07,Методологический слой; проверить источник/единицу измерения
POP-03361,41.34201,69.45264,416,Bundled population grid,2026-07,Методологический слой; проверить источник/единицу измерения
POP-03362,41.35196,69.46881,628,Bundled population grid,2026-07,Методологический слой; проверить источник/единицу измерения
POP-03363,41.35048,69.45688,301,Bundled population grid,2026-07,Методологический слой; проверить источник/единицу измерения
POP-03364,41.33649,69.47226,48,Bundled population grid,2026-07,Методологический слой; проверить источник/единицу измерения
POP-03365,41.33502,69.46033,808,Bundled population grid,2026-07,Методологический слой; проверить источник/единицу измерения
POP-03366,41.34496,69.47649,35,Bundled population grid,2026-07,Методологический слой; проверить источник/единицу измерения
POP-03367,41.34349,69.46457,111,Bundled population grid,2026-07,Методологический слой; проверить источник/единицу измерения
POP-03368,41.37737,69.48153,309,Bundled population grid,2026-07,Методологический слой; проверить источник/единицу измерения
POP-03369,41.38731,69.49771,41,Bundled population grid,2026-07,Методологический слой; проверить источник/единицу измерения
POP-03370,41.38584,69.48577,547,Bundled population grid,2026-07,Методологический слой; проверить источник/единицу измерения
POP-03371,41.37184,69.50115,704,Bundled population grid,2026-07,Методологический слой; проверить источник/единицу измерения
POP-03372,41.37037,69.48922,612,Bundled population grid,2026-07,Методологический слой; проверить источник/единицу измерения
POP-03373,41.38031,69.5054,251,Bundled population grid,2026-07,Методологический слой; проверить источник/единицу измерения
POP-03374,41.37884,69.49346,149,Bundled population grid,2026-07,Методологический слой; проверить источник/единицу измерения
POP-03375,41.36595,69.45342,91,Bundled population grid,2026-07,Методологический слой; проверить источник/единицу измерения
POP-03376,41.3759,69.46959,568,Bundled population grid,2026-07,Методологический слой; проверить источник/единицу измерения
POP-03377,41.37442,69.45766,116,Bundled population grid,2026-07,Методологический слой; проверить источник/единицу измерения
POP-03378,41.36043,69.47304,668,Bundled population grid,2026-07,Методологический слой; проверить источник/единицу измерения
POP-03379,41.35895,69.46111,324,Bundled population grid,2026-07,Методологический слой; проверить источник/единицу измерения
POP-03380,41.3689,69.47729,54,Bundled population grid,2026-07,Методологический слой; проверить источник/единицу измерения
POP-03381,41.36743,69.46535,38,Bundled population grid,2026-07,Методологический слой; проверить источник/единицу измерения
POP-03382,41.3409,69.50804,362,Bundled population grid,2026-07,Методологический слой; проверить источник/единицу измерения
POP-03383,41.35084,69.52421,27,Bundled population grid,2026-07,Методологический слой; проверить источник/единицу измерения
POP-03384,41.34937,69.51228,64,Bundled population grid,2026-07,Методологический слой; проверить источник/единицу измерения
POP-03385,41.33537,69.52765,980,Bundled population grid,2026-07,Методологический слой; проверить источник/единицу измерения
POP-03386,41.3339,69.51572,116,Bundled population grid,2026-07,Методологический слой; проверить источник/единицу измерения
POP-03387,41.34384,69.53189,413,Bundled population grid,2026-07,Методологический слой; проверить источник/единицу измерения
POP-03388,41.34237,69.51996,430,Bundled population grid,2026-07,Методологический слой; проверить источник/единицу измерения
POP-03389,41.32949,69.47994,550,Bundled population grid,2026-07,Методологический слой; проверить источник/единицу измерения
POP-03390,41.33943,69.49611,357,Bundled population grid,2026-07,Методологический слой; проверить источник/единицу измерения
POP-03391,41.33796,69.48418,38,Bundled population grid,2026-07,Методологический слой; проверить источник/единицу измерения
POP-03392,41.32396,69.49955,27,Bundled population grid,2026-07,Методологический слой; проверить источник/единицу измерения
POP-03393,41.32249,69.48763,1507,Bundled population grid,2026-07,Методологический слой; проверить источник/единицу измерения
POP-03394,41.33243,69.50379,25,Bundled population grid,2026-07,Методологический слой; проверить источник/единицу измерения
POP-03395,41.33096,69.49187,481,Bundled population grid,2026-07,Методологический слой; проверить источник/единицу измерения
POP-03396,41.36484,69.50884,139,Bundled population grid,2026-07,Методологический слой; проверить источник/единицу измерения
POP-03397,41.37478,69.52502,325,Bundled population grid,2026-07,Методологический слой; проверить источник/единицу измерения
POP-03398,41.37331,69.51309,189,Bundled population grid,2026-07,Методологический слой; проверить источник/единицу измерения
POP-03399,41.35931,69.52846,183,Bundled population grid,2026-07,Методологический слой; проверить источник/единицу измерения
POP-03400,41.36777,69.53271,573,Bundled population grid,2026-07,Методологический слой; проверить источник/единицу измерения
POP-03401,41.36631,69.52077,70,Bundled population grid,2026-07,Методологический слой; проверить источник/единицу измерения
POP-03402,41.35343,69.48073,59,Bundled population grid,2026-07,Методологический слой; проверить источник/единицу измерения
POP-03403,41.36337,69.49691,286,Bundled population grid,2026-07,Методологический слой; проверить источник/единицу измерения
POP-03404,41.3619,69.48498,415,Bundled population grid,2026-07,Методологический слой; проверить источник/единицу измерения
POP-03405,41.3479,69.50035,142,Bundled population grid,2026-07,Методологический слой; проверить источник/единицу измерения
POP-03406,41.34643,69.48842,25,Bundled population grid,2026-07,Методологический слой; проверить источник/единицу измерения
POP-03407,41.3549,69.49266,23,Bundled population grid,2026-07,Методологический слой; проверить источник/единицу измерения
POP-03408,41.33166,69.36917,1185,Bundled population grid,2026-07,Методологический слой; проверить источник/единицу измерения
POP-03409,41.34162,69.38532,1679,Bundled population grid,2026-07,Методологический слой; проверить источник/единицу измерения
POP-03410,41.34014,69.3734,979,Bundled population grid,2026-07,Методологический слой; проверить источник/единицу измерения
POP-03411,41.32615,69.38879,335,Bundled population grid,2026-07,Методологический слой; проверить источник/единицу измерения
POP-03412,41.32467,69.37687,1860,Bundled population grid,2026-07,Методологический слой; проверить источник/единицу измерения
POP-03413,41.33463,69.39302,854,Bundled population grid,2026-07,Методологический слой; проверить источник/единицу измерения
POP-03414,41.33315,69.3811,840,Bundled population grid,2026-07,Методологический слой; проверить источник/единицу измерения
POP-03415,41.36704,69.398,1015,Bundled population grid,2026-07,Методологический слой; проверить источник/единицу измерения
POP-03416,41.37699,69.41417,527,Bundled population grid,2026-07,Методологический слой; проверить источник/единицу измерения
POP-03417,41.37551,69.40223,99,Bundled population grid,2026-07,Методологический слой; проверить источник/единицу измерения
POP-03418,41.36152,69.41763,1202,Bundled population grid,2026-07,Методологический слой; проверить источник/единицу измерения
POP-03419,41.36004,69.4057,1061,Bundled population grid,2026-07,Методологический слой; проверить источник/единицу измерения
POP-03420,41.36999,69.42186,1851,Bundled population grid,2026-07,Методологический слой; проверить источник/единицу измерения
POP-03421,41.36852,69.40993,1200,Bundled population grid,2026-07,Методологический слой; проверить источник/единицу измерения
POP-03422,41.3556,69.36992,1828,Bundled population grid,2026-07,Методологический слой; проверить источник/единицу измерения
POP-03423,41.36556,69.38608,1501,Bundled population grid,2026-07,Методологический слой; проверить источник/единицу измерения
POP-03424,41.36407,69.37415,1788,Bundled population grid,2026-07,Методологический слой; проверить источник/единицу измерения
POP-03425,41.35009,69.38955,1509,Bundled population grid,2026-07,Методологический слой; проверить источник/единицу измерения
POP-03426,41.34861,69.37762,1071,Bundled population grid,2026-07,Методологический слой; проверить источник/единицу измерения
POP-03427,41.35856,69.39378,1025,Bundled population grid,2026-07,Методологический слой; проверить источник/единицу измерения
POP-03428,41.35708,69.38185,1623,Bundled population grid,2026-07,Методологический слой; проверить источник/единицу измерения
POP-03429,41.33059,69.42456,1117,Bundled population grid,2026-07,Методологический слой; проверить источник/единицу измерения
POP-03430,41.34054,69.44071,248,Bundled population grid,2026-07,Методологический слой; проверить источник/единицу измерения
POP-03431,41.33906,69.42879,339,Bundled population grid,2026-07,Методологический слой; проверить источник/единицу измерения
POP-03432,41.32507,69.44417,727,Bundled population grid,2026-07,Методологический слой; проверить источник/единицу измерения
POP-03433,41.3236,69.43225,40,Bundled population grid,2026-07,Методологический слой; проверить источник/единицу измерения
POP-03434,41.33354,69.44841,1418,Bundled population grid,2026-07,Методологический слой; проверить источник/единицу измерения
POP-03435,41.33207,69.43648,610,Bundled population grid,2026-07,Методологический слой; проверить источник/единицу измерения
POP-03436,41.31916,69.39649,243,Bundled population grid,2026-07,Методологический слой; проверить источник/единицу измерения
POP-03437,41.32911,69.41264,1532,Bundled population grid,2026-07,Методологический слой; проверить источник/единицу измерения
POP-03438,41.32763,69.40071,1195,Bundled population grid,2026-07,Методологический слой; проверить источник/единицу измерения
POP-03439,41.31365,69.4161,342,Bundled population grid,2026-07,Методологический слой; проверить источник/единицу измерения
POP-03440,41.31217,69.40418,286,Bundled population grid,2026-07,Методологический слой; проверить источник/единицу измерения
POP-03441,41.32212,69.42033,202,Bundled population grid,2026-07,Методологический слой; проверить источник/единицу измерения
POP-03442,41.32064,69.40841,61,Bundled population grid,2026-07,Методологический слой; проверить источник/единицу измерения
POP-03443,41.35453,69.42533,613,Bundled population grid,2026-07,Методологический слой; проверить источник/единицу измерения
POP-03444,41.36448,69.44149,815,Bundled population grid,2026-07,Методологический слой; проверить источник/единицу измерения
POP-03445,41.363,69.42956,420,Bundled population grid,2026-07,Методологический слой; проверить источник/единицу измерения
POP-03446,41.34901,69.44495,145,Bundled population grid,2026-07,Методологический слой; проверить источник/единицу измерения
POP-03447,41.34753,69.43302,1025,Bundled population grid,2026-07,Методологический слой; проверить источник/единицу измерения
POP-03448,41.35748,69.44919,577,Bundled population grid,2026-07,Методологический слой; проверить источник/единицу измерения
POP-03449,41.356,69.43726,765,Bundled population grid,2026-07,Методологический слой; проверить источник/единицу измерения
POP-03450,41.3431,69.39725,1137,Bundled population grid,2026-07,Методологический слой; проверить источник/единицу измерения
POP-03451,41.35305,69.4134,81,Bundled population grid,2026-07,Методологический слой; проверить источник/единицу измерения
POP-03452,41.35157,69.40147,997,Bundled population grid,2026-07,Методологический слой; проверить источник/единицу измерения
POP-03453,41.33759,69.41687,1132,Bundled population grid,2026-07,Методологический слой; проверить источник/единицу измерения
POP-03454,41.33611,69.40494,1299,Bundled population grid,2026-07,Методологический слой; проверить источник/единицу измерения
POP-03455,41.34606,69.4211,114,Bundled population grid,2026-07,Методологический слой; проверить источник/единицу измерения
POP-03456,41.34458,69.40917,104,Bundled population grid,2026-07,Методологический слой; проверить источник/единицу измерения
POP-03457,41.23376,69.47678,35,Bundled population grid,2026-07,Методологический слой; проверить источник/единицу измерения
POP-03458,41.2437,69.49292,48,Bundled population grid,2026-07,Методологический слой; проверить источник/единицу измерения
POP-03459,41.24223,69.48101,686,Bundled population grid,2026-07,Методологический слой; проверить источник/единицу измерения
POP-03460,41.22824,69.49636,752,Bundled population grid,2026-07,Методологический слой; проверить источник/единицу измерения
POP-03461,41.22677,69.48445,101,Bundled population grid,2026-07,Методологический слой; проверить источник/единицу измерения
POP-03462,41.2367,69.50059,1044,Bundled population grid,2026-07,Методологический слой; проверить источник/единицу измерения
POP-03463,41.23523,69.48869,549,Bundled population grid,2026-07,Методологический слой; проверить источник/единицу измерения
POP-03464,41.2691,69.50563,767,Bundled population grid,2026-07,Методологический слой; проверить источник/единицу измерения
POP-03465,41.27903,69.52178,1036,Bundled population grid,2026-07,Методологический слой; проверить источник/единицу измерения
POP-03466,41.27757,69.50987,901,Bundled population grid,2026-07,Методологический слой; проверить источник/единицу измерения
POP-03467,41.2621,69.5133,569,Bundled population grid,2026-07,Методологический слой; проверить источник/единицу измерения
POP-03468,41.27057,69.51754,744,Bundled population grid,2026-07,Методологический слой; проверить источник/единицу измерения
POP-03469,41.25769,69.47757,370,Bundled population grid,2026-07,Методологический слой; проверить источник/единицу измерения
POP-03470,41.26616,69.4818,28,Bundled population grid,2026-07,Методологический слой; проверить источник/единицу измерения
POP-03471,41.2507,69.48525,1412,Bundled population grid,2026-07,Методологический слой; проверить источник/единицу измерения
POP-03472,41.26063,69.50139,302,Bundled population grid,2026-07,Методологический слой; проверить источник/единицу измерения
POP-03473,41.25916,69.48948,101,Bundled population grid,2026-07,Методологический слой; проверить источник/единицу измерения
POP-03474,41.23264,69.53207,390,Bundled population grid,2026-07,Методологический слой; проверить источник/единицу измерения
POP-03475,41.2411,69.53631,25,Bundled population grid,2026-07,Методологический слой; проверить источник/единицу измерения
POP-03476,41.2271,69.55165,43,Bundled population grid,2026-07,Методологический слой; проверить источник/единицу измерения
POP-03477,41.22564,69.53974,41,Bundled population grid,2026-07,Методологический слой; проверить источник/единицу измерения
POP-03478,41.23557,69.55589,220,Bundled population grid,2026-07,Методологический слой; проверить источник/единицу измерения
POP-03479,41.22124,69.50403,499,Bundled population grid,2026-07,Методологический слой; проверить источник/единицу измерения
POP-03480,41.2297,69.50826,1261,Bundled population grid,2026-07,Методологический слой; проверить источник/единицу измерения
POP-03481,41.21571,69.5236,461,Bundled population grid,2026-07,Методологический слой; проверить источник/единицу измерения
POP-03482,41.21424,69.5117,321,Bundled population grid,2026-07,Методологический слой; проверить источник/единицу измерения
POP-03483,41.22417,69.52784,332,Bundled population grid,2026-07,Методологический слой; проверить источник/единицу измерения
POP-03484,41.22271,69.51593,339,Bundled population grid,2026-07,Методологический слой; проверить источник/единицу измерения
POP-03485,41.25657,69.53289,464,Bundled population grid,2026-07,Методологический слой; проверить источник/единицу измерения
POP-03486,41.2665,69.54904,402,Bundled population grid,2026-07,Методологический слой; проверить источник/единицу измерения
POP-03487,41.25103,69.55247,243,Bundled population grid,2026-07,Методологический слой; проверить источник/единицу измерения
POP-03488,41.24957,69.54056,555,Bundled population grid,2026-07,Методологический слой; проверить источник/единицу измерения
POP-03489,41.2595,69.55671,43,Bundled population grid,2026-07,Методологический слой; проверить источник/единицу измерения
POP-03490,41.25803,69.5448,972,Bundled population grid,2026-07,Методологический слой; проверить источник/единицу измерения
POP-03491,41.24517,69.50483,385,Bundled population grid,2026-07,Методологический слой; проверить источник/единицу измерения
POP-03492,41.2551,69.52098,169,Bundled population grid,2026-07,Методологический слой; проверить источник/единицу измерения
POP-03493,41.25363,69.50906,555,Bundled population grid,2026-07,Методологический слой; проверить источник/единицу измерения
POP-03494,41.23817,69.5125,1127,Bundled population grid,2026-07,Методологический слой; проверить источник/единицу измерения
POP-03495,41.2481,69.52865,223,Bundled population grid,2026-07,Методологический слой; проверить источник/единицу измерения
POP-03496,41.24664,69.51674,114,Bundled population grid,2026-07,Методологический слой; проверить источник/единицу измерения
POP-03497,41.22344,69.39346,293,Bundled population grid,2026-07,Методологический слой; проверить источник/единицу измерения
POP-03498,41.23338,69.40958,69,Bundled population grid,2026-07,Методологический слой; проверить источник/единицу измерения
POP-03499,41.23191,69.39768,23,Bundled population grid,2026-07,Методологический слой; проверить источник/единицу измерения
POP-03500,41.21792,69.41304,392,Bundled population grid,2026-07,Методологический слой; проверить источник/единицу измерения
POP-03501,41.21645,69.40114,51,Bundled population grid,2026-07,Методологический слой; проверить источник/единицу измерения
POP-03502,41.22639,69.41726,585,Bundled population grid,2026-07,Методологический слой; проверить источник/единицу измерения
POP-03503,41.22491,69.40536,810,Bundled population grid,2026-07,Методологический слой; проверить источник/единицу измерения
POP-03504,41.25879,69.42225,81,Bundled population grid,2026-07,Методологический слой; проверить источник/единицу измерения
POP-03505,41.26874,69.43839,195,Bundled population grid,2026-07,Методологический слой; проверить источник/единицу измерения
POP-03506,41.26726,69.42648,33,Bundled population grid,2026-07,Методологический слой; проверить источник/единицу измерения
POP-03507,41.25327,69.44184,1349,Bundled population grid,2026-07,Методологический слой; проверить источник/единицу измерения
POP-03508,41.2518,69.42993,1360,Bundled population grid,2026-07,Методологический слой; проверить источник/единицу измерения
POP-03509,41.26174,69.44607,914,Bundled population grid,2026-07,Методологический слой; проверить источник/единицу измерения
POP-03510,41.26027,69.43416,726,Bundled population grid,2026-07,Методологический слой; проверить источник/единицу измерения
POP-03511,41.24736,69.39421,1076,Bundled population grid,2026-07,Методологический слой; проверить источник/единицу измерения
POP-03512,41.25731,69.41034,988,Bundled population grid,2026-07,Методологический слой; проверить источник/единицу измерения
POP-03513,41.25583,69.39844,1291,Bundled population grid,2026-07,Методологический слой; проверить источник/единицу измерения
POP-03514,41.24185,69.4138,329,Bundled population grid,2026-07,Методологический слой; проверить источник/единицу измерения
POP-03515,41.24037,69.4019,595,Bundled population grid,2026-07,Методологический слой; проверить источник/единицу измерения
POP-03516,41.25032,69.41803,451,Bundled population grid,2026-07,Методологический слой; проверить источник/единицу измерения
POP-03517,41.24884,69.40612,1362,Bundled population grid,2026-07,Методологический слой; проверить источник/единицу измерения
POP-03518,41.22235,69.44874,162,Bundled population grid,2026-07,Методологический слой; проверить источник/единицу измерения
POP-03519,41.23229,69.46487,23,Bundled population grid,2026-07,Методологический слой; проверить источник/единицу измерения
POP-03520,41.23082,69.45297,919,Bundled population grid,2026-07,Методологический слой; проверить источник/единицу измерения
POP-03521,41.21683,69.46832,22,Bundled population grid,2026-07,Методологический слой; проверить источник/единицу измерения
POP-03522,41.2253,69.47255,205,Bundled population grid,2026-07,Методологический слой; проверить источник/единицу измерения
POP-03523,41.21093,69.42072,36,Bundled population grid,2026-07,Методологический слой; проверить источник/единицу измерения
POP-03524,41.2194,69.42494,41,Bundled population grid,2026-07,Методологический слой; проверить источник/единицу измерения
POP-03525,41.21241,69.43262,53,Bundled population grid,2026-07,Методологический слой; проверить источник/единицу измерения
POP-03526,41.24628,69.44952,21,Bundled population grid,2026-07,Методологический слой; проверить источник/единицу измерения
POP-03527,41.25622,69.46566,202,Bundled population grid,2026-07,Методологический слой; проверить источник/единицу измерения
POP-03528,41.25475,69.45375,129,Bundled population grid,2026-07,Методологический слой; проверить источник/единицу измерения
POP-03529,41.24076,69.4691,107,Bundled population grid,2026-07,Методологический слой; проверить источник/единицу измерения
POP-03530,41.23929,69.4572,362,Bundled population grid,2026-07,Методологический слой; проверить источник/единицу измерения
POP-03531,41.24922,69.47334,526,Bundled population grid,2026-07,Методологический слой; проверить источник/единицу измерения
POP-03532,41.23486,69.42148,258,Bundled population grid,2026-07,Методологический слой; проверить источник/единицу измерения
POP-03533,41.24481,69.43761,411,Bundled population grid,2026-07,Методологический слой; проверить источник/единицу измерения
POP-03534,41.24333,69.42571,167,Bundled population grid,2026-07,Методологический слой; проверить источник/единицу измерения
POP-03535,41.22787,69.42916,45,Bundled population grid,2026-07,Методологический слой; проверить источник/единицу измерения
POP-03536,41.23634,69.43339,45,Bundled population grid,2026-07,Методологический слой; проверить источник/единицу измерения
POP-03537,41.29303,69.50643,514,Bundled population grid,2026-07,Методологический слой; проверить источник/единицу измерения
POP-03538,41.30297,69.52259,960,Bundled population grid,2026-07,Методологический слой; проверить источник/единицу измерения
POP-03539,41.3015,69.51067,225,Bundled population grid,2026-07,Методологический слой; проверить источник/единицу измерения
POP-03540,41.2875,69.52603,740,Bundled population grid,2026-07,Методологический слой; проверить источник/единицу измерения
POP-03541,41.28603,69.51411,739,Bundled population grid,2026-07,Методологический слой; проверить источник/единицу измерения
POP-03542,41.29597,69.53027,63,Bundled population grid,2026-07,Методологический слой; проверить источник/единицу измерения
POP-03543,41.2945,69.51835,357,Bundled population grid,2026-07,Методологический слой; проверить источник/единицу измерения
POP-03544,41.32837,69.53533,567,Bundled population grid,2026-07,Методологический слой; проверить источник/единицу измерения
POP-03545,41.3383,69.5515,124,Bundled population grid,2026-07,Методологический слой; проверить источник/единицу измерения
POP-03546,41.33683,69.53957,74,Bundled population grid,2026-07,Методологический слой; проверить источник/единицу измерения
POP-03547,41.32283,69.55493,440,Bundled population grid,2026-07,Методологический слой; проверить источник/единицу измерения
POP-03548,41.32137,69.543,562,Bundled population grid,2026-07,Методологический слой; проверить источник/единицу измерения
POP-03549,41.32983,69.54725,79,Bundled population grid,2026-07,Методологический слой; проверить источник/единицу измерения
POP-03550,41.31697,69.50723,1073,Bundled population grid,2026-07,Методологический слой; проверить источник/единицу измерения
POP-03551,41.3269,69.5234,547,Bundled population grid,2026-07,Методологический слой; проверить источник/единицу измерения
POP-03552,41.32543,69.51148,91,Bundled population grid,2026-07,Методологический слой; проверить источник/единицу измерения
POP-03553,41.31143,69.52684,1656,Bundled population grid,2026-07,Методологический слой; проверить источник/единицу измерения
POP-03554,41.30997,69.51491,1712,Bundled population grid,2026-07,Методологический слой; проверить источник/единицу измерения
POP-03555,41.3199,69.53108,1458,Bundled population grid,2026-07,Методологический слой; проверить источник/единицу измерения
POP-03556,41.31843,69.51916,1646,Bundled population grid,2026-07,Методологический слой; проверить источник/единицу измерения
POP-03557,41.29189,69.56178,258,Bundled population grid,2026-07,Методологический слой; проверить источник/единицу измерения
POP-03558,41.30182,69.57795,937,Bundled population grid,2026-07,Методологический слой; проверить источник/единицу измерения
POP-03559,41.30036,69.56603,1225,Bundled population grid,2026-07,Методологический слой; проверить источник/единицу измерения
POP-03560,41.29482,69.58562,35,Bundled population grid,2026-07,Методологический слой; проверить источник/единицу измерения
POP-03561,41.29335,69.5737,266,Bundled population grid,2026-07,Методологический слой; проверить источник/единицу измерения
POP-03562,41.2805,69.5337,524,Bundled population grid,2026-07,Методологический слой; проверить источник/единицу измерения
POP-03563,41.29043,69.54986,180,Bundled population grid,2026-07,Методологический слой; проверить источник/единицу измерения
POP-03564,41.28896,69.53794,552,Bundled population grid,2026-07,Методологический слой; проверить источник/единицу измерения
POP-03565,41.27496,69.55329,263,Bundled population grid,2026-07,Методологический слой; проверить источник/единицу измерения
POP-03566,41.2735,69.54137,56,Bundled population grid,2026-07,Методологический слой; проверить источник/единицу измерения
POP-03567,41.28343,69.55753,43,Bundled population grid,2026-07,Методологический слой; проверить источник/единицу измерения
POP-03568,41.28196,69.54562,403,Bundled population grid,2026-07,Методологический слой; проверить источник/единицу измерения
POP-03569,41.31583,69.56261,784,Bundled population grid,2026-07,Методологический слой; проверить источник/единицу измерения
POP-03570,41.32575,69.57878,135,Bundled population grid,2026-07,Методологический слой; проверить источник/единицу измерения
POP-03571,41.32429,69.56686,486,Bundled population grid,2026-07,Методологический слой; проверить источник/единицу измерения
POP-03572,41.31029,69.5822,1106,Bundled population grid,2026-07,Методологический слой; проверить источник/единицу измерения
POP-03573,41.30882,69.57028,1813,Bundled population grid,2026-07,Методологический слой; проверить источник/единицу измерения
POP-03574,41.31875,69.58646,30,Bundled population grid,2026-07,Методологический слой; проверить источник/единицу измерения
POP-03575,41.31729,69.57453,380,Bundled population grid,2026-07,Методологический слой; проверить источник/единицу измерения
POP-03576,41.30443,69.53451,975,Bundled population grid,2026-07,Методологический слой; проверить источник/единицу измерения
POP-03577,41.31436,69.55068,175,Bundled population grid,2026-07,Методологический слой; проверить источник/единицу измерения
POP-03578,41.3129,69.53876,1709,Bundled population grid,2026-07,Методологический слой; проверить источник/единицу измерения
POP-03579,41.2989,69.55411,260,Bundled population grid,2026-07,Методологический слой; проверить источник/единицу измерения
POP-03580,41.29743,69.54219,818,Bundled population grid,2026-07,Методологический слой; проверить источник/единицу измерения
POP-03581,41.30736,69.55836,1684,Bundled population grid,2026-07,Методологический слой; проверить источник/единицу измерения
POP-03582,41.3059,69.54643,1263,Bundled population grid,2026-07,Методологический слой; проверить источник/единицу измерения
POP-03583,41.28272,69.42302,939,Bundled population grid,2026-07,Методологический слой; проверить источник/единицу измерения
POP-03584,41.29267,69.43916,208,Bundled population grid,2026-07,Методологический слой; проверить источник/единицу измерения
POP-03585,41.29119,69.42725,167,Bundled population grid,2026-07,Методологический слой; проверить источник/единицу измерения
POP-03586,41.2772,69.44262,707,Bundled population grid,2026-07,Методологический слой; проверить источник/единицу измерения
POP-03587,41.27573,69.43071,159,Bundled population grid,2026-07,Методологический слой; проверить источник/единицу измерения
POP-03588,41.28567,69.44685,658,Bundled population grid,2026-07,Методологический слой; проверить источник/единицу измерения
POP-03589,41.2842,69.43493,132,Bundled population grid,2026-07,Методологический слой; проверить источник/единицу измерения
POP-03590,41.31808,69.45186,691,Bundled population grid,2026-07,Методологический слой; проверить источник/единицу измерения
POP-03591,41.32802,69.46802,177,Bundled population grid,2026-07,Методологический слой; проверить источник/единицу измерения
POP-03592,41.32655,69.45609,335,Bundled population grid,2026-07,Методологический слой; проверить источник/единицу измерения
POP-03593,41.31255,69.47147,640,Bundled population grid,2026-07,Методологический слой; проверить источник/единицу измерения
POP-03594,41.31108,69.45955,220,Bundled population grid,2026-07,Методологический слой; проверить источник/единицу измерения
POP-03595,41.32102,69.4757,768,Bundled population grid,2026-07,Методологический слой; проверить источник/единицу измерения
POP-03596,41.31955,69.46378,1032,Bundled population grid,2026-07,Методологический слой; проверить источник/единицу измерения
POP-03597,41.30666,69.42379,859,Bundled population grid,2026-07,Методологический слой; проверить источник/единицу измерения
POP-03598,41.3166,69.43994,818,Bundled population grid,2026-07,Методологический слой; проверить источник/единицу измерения
POP-03599,41.31513,69.42802,833,Bundled population grid,2026-07,Методологический слой; проверить источник/единицу измерения
POP-03600,41.30114,69.44339,86,Bundled population grid,2026-07,Методологический слой; проверить источник/единицу измерения
POP-03601,41.29966,69.43148,349,Bundled population grid,2026-07,Методологический слой; проверить источник/единицу измерения
POP-03602,41.30961,69.44763,681,Bundled population grid,2026-07,Методологический слой; проверить источник/единицу измерения
POP-03603,41.30813,69.43571,747,Bundled population grid,2026-07,Методологический слой; проверить источник/единицу измерения
POP-03604,41.29009,69.4826,172,Bundled population grid,2026-07,Методологический слой; проверить источник/единицу измерения
POP-03605,41.27021,69.4503,207,Bundled population grid,2026-07,Методологический слой; проверить источник/единицу измерения
POP-03606,41.27868,69.45453,854,Bundled population grid,2026-07,Методологический слой; проверить источник/единицу измерения
POP-03607,41.26469,69.46989,25,Bundled population grid,2026-07,Методологический слой; проверить источник/единицу измерения
POP-03608,41.30556,69.47915,187,Bundled population grid,2026-07,Методологический слой; проверить источник/единицу измерения
POP-03609,41.3085,69.50299,638,Bundled population grid,2026-07,Методологический слой; проверить источник/единицу измерения
POP-03610,41.29414,69.45108,337,Bundled population grid,2026-07,Методологический слой; проверить источник/единицу измерения
POP-03611,41.30409,69.46723,1585,Bundled population grid,2026-07,Методологический слой; проверить источник/единицу измерения
POP-03612,41.30261,69.45531,567,Bundled population grid,2026-07,Методологический слой; проверить источник/единицу измерения
POP-03613,41.28862,69.47068,25,Bundled population grid,2026-07,Методологический слой; проверить источник/единицу измерения
POP-03614,41.29709,69.47491,129,Bundled population grid,2026-07,Методологический слой; проверить источник/единицу измерения
POP-03615,41.29562,69.463,293,Bundled population grid,2026-07,Методологический слой; проверить источник/единицу измерения
POP-03616,41.1921,69.1437,1785,Bundled population grid,2026-07,Методологический слой; проверить источник/единицу измерения
POP-03617,41.20208,69.15977,1882,Bundled population grid,2026-07,Методологический слой; проверить источник/единицу измерения
POP-03618,41.20058,69.14788,1663,Bundled population grid,2026-07,Методологический слой; проверить источник/единицу измерения
POP-03619,41.18663,69.16329,620,Bundled population grid,2026-07,Методологический слой; проверить источник/единицу измерения
POP-03620,41.18513,69.1514,990,Bundled population grid,2026-07,Методологический слой; проверить источник/единицу измерения
POP-03621,41.19511,69.16747,512,Bundled population grid,2026-07,Методологический слой; проверить источник/единицу измерения
POP-03622,41.19361,69.15559,1630,Bundled population grid,2026-07,Методологический слой; проверить источник/единицу измерения
POP-03623,41.22751,69.17232,2046,Bundled population grid,2026-07,Методологический слой; проверить источник/единицу измерения
POP-03624,41.23749,69.18841,1648,Bundled population grid,2026-07,Методологический слой; проверить источник/единицу измерения
POP-03625,41.23599,69.17651,1833,Bundled population grid,2026-07,Методологический слой; проверить источник/единицу измерения
POP-03626,41.22204,69.19192,1109,Bundled population grid,2026-07,Методологический слой; проверить источник/единицу измерения
POP-03627,41.22054,69.18003,1225,Bundled population grid,2026-07,Методологический слой; проверить источник/единицу измерения
POP-03628,41.23051,69.19611,1421,Bundled population grid,2026-07,Методологический слой; проверить источник/единицу измерения
POP-03629,41.22901,69.18422,1597,Bundled population grid,2026-07,Методологический слой; проверить источник/единицу измерения
POP-03630,41.21603,69.14435,491,Bundled population grid,2026-07,Методологический слой; проверить источник/единицу измерения
POP-03631,41.22601,69.16043,674,Bundled population grid,2026-07,Методологический слой; проверить источник/единицу измерения
POP-03632,41.22451,69.14854,759,Bundled population grid,2026-07,Методологический слой; проверить источник/единицу измерения
POP-03633,41.21056,69.16395,780,Bundled population grid,2026-07,Методологический слой; проверить источник/единицу измерения
POP-03634,41.20906,69.15206,1289,Bundled population grid,2026-07,Методологический слой; проверить источник/единицу измерения
POP-03635,41.21904,69.16814,701,Bundled population grid,2026-07,Методологический слой; проверить источник/единицу измерения
POP-03636,41.21753,69.15625,714,Bundled population grid,2026-07,Методологический слой; проверить источник/единицу измерения
POP-03637,41.19114,69.19895,8461,Bundled population grid,2026-07,Методологический слой; проверить источник/единицу измерения
POP-03638,41.20111,69.21503,39323,Bundled population grid,2026-07,Методологический слой; проверить источник/единицу измерения
POP-03639,41.19961,69.20314,31579,Bundled population grid,2026-07,Методологический слой; проверить источник/единицу измерения
POP-03640,41.18566,69.21853,30119,Bundled population grid,2026-07,Методологический слой; проверить источник/единицу измерения
POP-03641,41.18416,69.20665,3113,Bundled population grid,2026-07,Методологический слой; проверить источник/единицу измерения
POP-03642,41.19413,69.22273,40664,Bundled population grid,2026-07,Методологический слой; проверить источник/единицу измерения
POP-03643,41.19263,69.21084,40663,Bundled population grid,2026-07,Методологический слой; проверить источник/единицу измерения
POP-03644,41.17966,69.17099,4993,Bundled population grid,2026-07,Методологический слой; проверить источник/единицу измерения
POP-03645,41.18964,69.18706,6849,Bundled population grid,2026-07,Методологический слой; проверить источник/единицу измерения
POP-03646,41.18814,69.17518,164,Bundled population grid,2026-07,Методологический слой; проверить источник/единицу измерения
POP-03647,41.17419,69.19057,1015,Bundled population grid,2026-07,Методологический слой; проверить источник/единицу измерения
POP-03648,41.17269,69.17869,157,Bundled population grid,2026-07,Методологический слой; проверить источник/единицу измерения
POP-03649,41.18266,69.19476,6633,Bundled population grid,2026-07,Методологический слой; проверить источник/единицу измерения
POP-03650,41.18116,69.18288,76,Bundled population grid,2026-07,Методологический слой; проверить источник/единицу измерения
POP-03651,41.21506,69.19963,741,Bundled population grid,2026-07,Методологический слой; проверить источник/единицу измерения
POP-03652,41.22504,69.21571,1841,Bundled population grid,2026-07,Методологический слой; проверить источник/единицу измерения
POP-03653,41.22354,69.20382,1365,Bundled population grid,2026-07,Методологический слой; проверить источник/единицу измерения
POP-03654,41.20958,69.21922,30872,Bundled population grid,2026-07,Методологический слой; проверить источник/единицу измерения
POP-03655,41.20809,69.20733,8457,Bundled population grid,2026-07,Методологический слой; проверить источник/единицу измерения
POP-03656,41.21806,69.22341,6320,Bundled population grid,2026-07,Методологический слой; проверить источник/единицу измерения
POP-03657,41.21656,69.21152,1922,Bundled population grid,2026-07,Методологический слой; проверить источник/единицу измерения
POP-03658,41.20359,69.17166,1202,Bundled population grid,2026-07,Методологический слой; проверить источник/единицу измерения
POP-03659,41.21356,69.18773,491,Bundled population grid,2026-07,Методологический слой; проверить источник/единицу измерения
POP-03660,41.21206,69.17584,565,Bundled population grid,2026-07,Методологический слой; проверить источник/единицу измерения
POP-03661,41.19811,69.19125,7817,Bundled population grid,2026-07,Методологический слой; проверить источник/единицу измерения
POP-03662,41.19661,69.17936,69,Bundled population grid,2026-07,Методологический слой; проверить источник/единицу измерения
POP-03663,41.20659,69.19544,270,Bundled population grid,2026-07,Методологический слой; проверить источник/единицу измерения
POP-03664,41.20509,69.18355,502,Bundled population grid,2026-07,Методологический слой; проверить источник/единицу измерения
POP-03665,41.26193,69.2563,1734,Bundled population grid,2026-07,Методологический слой; проверить источник/единицу измерения
POP-03666,41.2719,69.27241,1795,Bundled population grid,2026-07,Методологический слой; проверить источник/единицу измерения
POP-03667,41.2704,69.2605,1664,Bundled population grid,2026-07,Методологический слой; проверить источник/единицу измерения
POP-03668,41.25644,69.2759,432,Bundled population grid,2026-07,Методологический слой; проверить источник/единицу измерения
POP-03669,41.25495,69.264,603,Bundled population grid,2026-07,Методологический слой; проверить источник/единицу измерения
POP-03670,41.26491,69.28011,1160,Bundled population grid,2026-07,Методологический слой; проверить источник/единицу измерения
POP-03671,41.26342,69.2682,1028,Bundled population grid,2026-07,Методологический слой; проверить источник/единицу измерения
POP-03672,41.29732,69.28503,1683,Bundled population grid,2026-07,Методологический слой; проверить источник/единицу измерения
POP-03673,41.30728,69.30115,955,Bundled population grid,2026-07,Методологический слой; проверить источник/единицу измерения
POP-03674,41.30579,69.28924,1597,Bundled population grid,2026-07,Методологический слой; проверить источник/единицу измерения
POP-03675,41.29183,69.30464,1562,Bundled population grid,2026-07,Методологический слой; проверить источник/единицу измерения
POP-03676,41.29034,69.29273,1497,Bundled population grid,2026-07,Методологический слой; проверить источник/единицу измерения
POP-03677,41.3003,69.30885,1795,Bundled population grid,2026-07,Методологический слой; проверить источник/единицу измерения
POP-03678,41.29881,69.29694,1228,Bundled population grid,2026-07,Методологический слой; проверить источник/единицу измерения
POP-03679,41.28586,69.257,1769,Bundled population grid,2026-07,Методологический слой; проверить источник/единицу измерения
POP-03680,41.29583,69.27312,1735,Bundled population grid,2026-07,Методологический слой; проверить источник/единицу измерения
POP-03681,41.29433,69.26121,2142,Bundled population grid,2026-07,Методологический слой; проверить источник/единицу измерения
POP-03682,41.28037,69.27661,1833,Bundled population grid,2026-07,Методологический слой; проверить источник/единицу измерения
POP-03683,41.27888,69.26471,1997,Bundled population grid,2026-07,Методологический слой; проверить источник/единицу измерения
POP-03684,41.28884,69.28082,1540,Bundled population grid,2026-07,Методологический слой; проверить источник/единицу измерения
POP-03685,41.28735,69.26891,1896,Bundled population grid,2026-07,Методологический слой; проверить источник/единицу измерения
POP-03686,41.26091,69.31162,1458,Bundled population grid,2026-07,Методологический слой; проверить источник/единицу измерения
POP-03687,41.27087,69.32773,1699,Bundled population grid,2026-07,Методологический слой; проверить источник/единицу измерения
POP-03688,41.26938,69.31583,1795,Bundled population grid,2026-07,Методологический слой; проверить источник/единицу измерения
POP-03689,41.25541,69.33122,1843,Bundled population grid,2026-07,Методологический слой; проверить источник/единицу измерения
POP-03690,41.25392,69.31931,1881,Bundled population grid,2026-07,Методологический слой; проверить источник/единицу измерения
POP-03691,41.26388,69.33543,1649,Bundled population grid,2026-07,Методологический слой; проверить источник/единицу измерения
POP-03692,41.2624,69.32352,2038,Bundled population grid,2026-07,Методологический слой; проверить источник/единицу измерения
POP-03693,41.24946,69.2836,1992,Bundled population grid,2026-07,Методологический слой; проверить источник/единицу измерения
POP-03694,41.25942,69.29971,692,Bundled population grid,2026-07,Методологический слой; проверить источник/единицу измерения
POP-03695,41.25793,69.28781,427,Bundled population grid,2026-07,Методологический слой; проверить источник/единицу измерения
POP-03696,41.24396,69.3032,2092,Bundled population grid,2026-07,Методологический слой; проверить источник/единицу измерения
POP-03697,41.24247,69.2913,1726,Bundled population grid,2026-07,Методологический слой; проверить источник/единицу измерения
POP-03698,41.25244,69.30741,2001,Bundled population grid,2026-07,Методологический слой; проверить источник/единицу измерения
POP-03699,41.25095,69.2955,1997,Bundled population grid,2026-07,Методологический слой; проверить источник/единицу измерения
POP-03700,41.28484,69.31234,1542,Bundled population grid,2026-07,Методологический слой; проверить источник/единицу измерения
POP-03701,41.2948,69.32846,1577,Bundled population grid,2026-07,Методологический слой; проверить источник/единицу измерения
POP-03702,41.29331,69.31655,1735,Bundled population grid,2026-07,Методологический слой; проверить источник/единицу измерения
POP-03703,41.27934,69.33195,1853,Bundled population grid,2026-07,Методологический слой; проверить источник/единицу измерения
POP-03704,41.27785,69.32004,1886,Bundled population grid,2026-07,Методологический слой; проверить источник/единицу измерения
POP-03705,41.28781,69.33616,1537,Bundled population grid,2026-07,Методологический слой; проверить источник/единицу измерения
POP-03706,41.28633,69.32425,1646,Bundled population grid,2026-07,Методологический слой; проверить источник/единицу измерения
POP-03707,41.27339,69.28431,1681,Bundled population grid,2026-07,Методологический слой; проверить источник/единицу измерения
POP-03708,41.28335,69.30043,1663,Bundled population grid,2026-07,Методологический слой; проверить источник/единицу измерения
POP-03709,41.28186,69.28852,1765,Bundled population grid,2026-07,Методологический слой; проверить источник/единицу измерения
POP-03710,41.26789,69.30392,1896,Bundled population grid,2026-07,Методологический слой; проверить источник/единицу измерения
POP-03711,41.2664,69.29201,1124,Bundled population grid,2026-07,Методологический слой; проверить источник/единицу измерения
POP-03712,41.27637,69.30813,1750,Bundled population grid,2026-07,Методологический слой; проверить источник/единицу измерения
POP-03713,41.27488,69.29622,1686,Bundled population grid,2026-07,Методологический слой; проверить источник/единицу измерения
POP-03714,41.25144,69.17299,643,Bundled population grid,2026-07,Методологический слой; проверить источник/единицу измерения
POP-03715,41.26142,69.18908,1848,Bundled population grid,2026-07,Методологический слой; проверить источник/единицу измерения
POP-03716,41.25992,69.17718,1360,Bundled population grid,2026-07,Методологический слой; проверить источник/единицу измерения
POP-03717,41.24597,69.1926,1506,Bundled population grid,2026-07,Методологический слой; проверить источник/единицу измерения
POP-03718,41.24447,69.1807,1492,Bundled population grid,2026-07,Методологический слой; проверить источник/единицу измерения
POP-03719,41.25444,69.19679,1638,Bundled population grid,2026-07,Методологический слой; проверить источник/единицу измерения
POP-03720,41.25294,69.18489,992,Bundled population grid,2026-07,Методологический слой; проверить источник/единицу измерения
POP-03721,41.28685,69.20166,1453,Bundled population grid,2026-07,Методологический слой; проверить источник/единицу измерения
POP-03722,41.29683,69.21777,2028,Bundled population grid,2026-07,Методологический слой; проверить источник/единицу измерения
POP-03723,41.29533,69.20586,1912,Bundled population grid,2026-07,Методологический слой; проверить источник/единицу измерения
POP-03724,41.28137,69.22128,1230,Bundled population grid,2026-07,Методологический слой; проверить источник/единицу измерения
POP-03725,41.27987,69.20937,924,Bundled population grid,2026-07,Методологический слой; проверить источник/единицу измерения
POP-03726,41.28985,69.22548,1606,Bundled population grid,2026-07,Методологический слой; проверить источник/единицу измерения
POP-03727,41.28835,69.21357,1367,Bundled population grid,2026-07,Методологический слой; проверить источник/единицу измерения
POP-03728,41.27537,69.17366,1364,Bundled population grid,2026-07,Методологический слой; проверить источник/единицу измерения
POP-03729,41.28535,69.18976,1608,Bundled population grid,2026-07,Методологический слой; проверить источник/единицу измерения
POP-03730,41.28385,69.17785,1357,Bundled population grid,2026-07,Методологический слой; проверить источник/единицу измерения
POP-03731,41.2699,69.19327,1848,Bundled population grid,2026-07,Методологический слой; проверить источник/единицу измерения
POP-03732,41.2684,69.18137,1502,Bundled population grid,2026-07,Методологический слой; проверить источник/единицу измерения
POP-03733,41.27837,69.19747,1402,Bundled population grid,2026-07,Методологический слой; проверить источник/единицу измерения
POP-03734,41.27687,69.18556,1327,Bundled population grid,2026-07,Методологический слой; проверить источник/единицу измерения
POP-03735,41.25046,69.2283,1499,Bundled population grid,2026-07,Методологический слой; проверить источник/единицу измерения
POP-03736,41.26043,69.2444,1514,Bundled population grid,2026-07,Методологический слой; проверить источник/единицу измерения
POP-03737,41.25894,69.23249,1539,Bundled population grid,2026-07,Методологический слой; проверить источник/единицу измерения
POP-03738,41.24498,69.2479,1704,Bundled population grid,2026-07,Методологический слой; проверить источник/единицу измерения
POP-03739,41.24348,69.236,1033,Bundled population grid,2026-07,Методологический слой; проверить источник/единицу измерения
POP-03740,41.25345,69.2521,1180,Bundled population grid,2026-07,Методологический слой; проверить источник/единицу измерения
POP-03741,41.25196,69.2402,1339,Bundled population grid,2026-07,Методологический слой; проверить источник/единицу измерения
POP-03742,41.23899,69.2003,1512,Bundled population grid,2026-07,Методологический слой; проверить источник/единицу измерения
POP-03743,41.24896,69.2164,1721,Bundled population grid,2026-07,Методологический слой; проверить источник/единицу измерения
POP-03744,41.24747,69.2045,1773,Bundled population grid,2026-07,Методологический слой; проверить источник/единицу измерения
POP-03745,41.23351,69.21991,2033,Bundled population grid,2026-07,Методологический слой; проверить источник/единицу измерения
POP-03746,41.23201,69.20801,1380,Bundled population grid,2026-07,Методологический слой; проверить источник/единицу измерения
POP-03747,41.24199,69.2241,1787,Bundled population grid,2026-07,Методологический слой; проверить источник/единицу измерения
POP-03748,41.24049,69.2122,1524,Bundled population grid,2026-07,Методологический слой; проверить источник/единицу измерения
POP-03749,41.27439,69.22899,1778,Bundled population grid,2026-07,Методологический слой; проверить источник/единицу измерения
POP-03750,41.28436,69.24509,2025,Bundled population grid,2026-07,Методологический слой; проверить источник/единицу измерения
POP-03751,41.28287,69.23319,1686,Bundled population grid,2026-07,Методологический слой; проверить источник/единицу измерения
POP-03752,41.26891,69.2486,1990,Bundled population grid,2026-07,Методологический слой; проверить источник/единицу измерения
POP-03753,41.26741,69.23669,1494,Bundled population grid,2026-07,Методологический слой; проверить источник/единицу измерения
POP-03754,41.27738,69.2528,1694,Bundled population grid,2026-07,Методологический слой; проверить источник/единицу измерения
POP-03755,41.27589,69.24089,1724,Bundled population grid,2026-07,Методологический слой; проверить источник/единицу измерения
POP-03756,41.26292,69.20098,1861,Bundled population grid,2026-07,Методологический слой; проверить источник/единицу измерения
POP-03757,41.2729,69.21708,1815,Bundled population grid,2026-07,Методологический слой; проверить источник/единицу измерения
POP-03758,41.2714,69.20518,1360,Bundled population grid,2026-07,Методологический слой; проверить источник/единицу измерения
POP-03759,41.25744,69.22059,1304,Bundled population grid,2026-07,Методологический слой; проверить источник/единицу измерения
POP-03760,41.25594,69.20869,1617,Bundled population grid,2026-07,Методологический слой; проверить источник/единицу измерения
POP-03761,41.26592,69.22479,1682,Bundled population grid,2026-07,Методологический слой; проверить источник/единицу измерения
POP-03762,41.26442,69.21289,2012,Bundled population grid,2026-07,Методологический слой; проверить источник/единицу измерения
POP-03763,41.15375,69.28076,339,Bundled population grid,2026-07,Методологический слой; проверить источник/единицу измерения
POP-03764,41.16371,69.29684,9949,Bundled population grid,2026-07,Методологический слой; проверить источник/единицу измерения
POP-03765,41.16222,69.28496,3790,Bundled population grid,2026-07,Методологический слой; проверить источник/единицу измерения
POP-03766,41.14826,69.30033,14214,Bundled population grid,2026-07,Методологический слой; проверить источник/единицу измерения
POP-03767,41.14677,69.28844,1692,Bundled population grid,2026-07,Методологический слой; проверить источник/единицу измерения
POP-03768,41.15673,69.30453,21049,Bundled population grid,2026-07,Методологический слой; проверить источник/единицу измерения
POP-03769,41.15524,69.29264,18071,Bundled population grid,2026-07,Методологический слой; проверить источник/единицу измерения
POP-03770,41.18912,69.30945,6227,Bundled population grid,2026-07,Методологический слой; проверить источник/единицу измерения
POP-03771,41.19908,69.32555,4670,Bundled population grid,2026-07,Методологический слой; проверить источник/единицу измерения
POP-03772,41.19759,69.31365,136,Bundled population grid,2026-07,Методологический слой; проверить источник/единицу измерения
POP-03773,41.18363,69.32903,40666,Bundled population grid,2026-07,Методологический слой; проверить источник/единицу измерения
POP-03774,41.18214,69.31714,17202,Bundled population grid,2026-07,Методологический слой; проверить источник/единицу измерения
POP-03775,41.1921,69.33323,33097,Bundled population grid,2026-07,Методологический слой; проверить источник/единицу измерения
POP-03776,41.19061,69.32134,21252,Bundled population grid,2026-07,Методологический слой; проверить источник/единицу измерения
POP-03777,41.17767,69.28147,7513,Bundled population grid,2026-07,Методологический слой; проверить источник/единицу измерения
POP-03778,41.18764,69.29756,21862,Bundled population grid,2026-07,Методологический слой; проверить источник/единицу измерения
POP-03779,41.17218,69.30104,19357,Bundled population grid,2026-07,Методологический слой; проверить источник/единицу измерения
POP-03780,41.17069,69.28916,21929,Bundled population grid,2026-07,Методологический слой; проверить источник/единицу измерения
POP-03781,41.18065,69.30525,11438,Bundled population grid,2026-07,Методологический слой; проверить источник/единицу измерения
POP-03782,41.17916,69.29336,15703,Bundled population grid,2026-07,Методологический слой; проверить источник/единицу измерения
POP-03783,41.15272,69.33598,1286,Bundled population grid,2026-07,Методологический слой; проверить источник/единицу измерения
POP-03784,41.16267,69.35207,539,Bundled population grid,2026-07,Методологический слой; проверить источник/единицу измерения
POP-03785,41.16119,69.34018,18521,Bundled population grid,2026-07,Методологический слой; проверить источник/единицу измерения
POP-03786,41.14722,69.35554,25,Bundled population grid,2026-07,Методологический слой; проверить источник/единицу измерения
POP-03787,41.15568,69.35975,1370,Bundled population grid,2026-07,Методологический слой; проверить источник/единицу измерения
POP-03788,41.1542,69.34786,476,Bundled population grid,2026-07,Методологический слой; проверить источник/единицу измерения
POP-03789,41.14128,69.30801,33773,Bundled population grid,2026-07,Методологический слой; проверить источник/единицу измерения
POP-03790,41.15123,69.32409,1083,Bundled population grid,2026-07,Методологический слой; проверить источник/единицу измерения
POP-03791,41.13578,69.32757,71,Bundled population grid,2026-07,Методологический слой; проверить источник/единицу измерения
POP-03792,41.13429,69.31569,19357,Bundled population grid,2026-07,Методологический слой; проверить источник/единицу измерения
POP-03793,41.14276,69.31989,11439,Bundled population grid,2026-07,Методологический слой; проверить источник/единицу измерения
POP-03794,41.17664,69.33671,11844,Bundled population grid,2026-07,Методологический слой; проверить источник/единицу измерения
POP-03795,41.1866,69.35281,413,Bundled population grid,2026-07,Методологический слой; проверить источник/единицу измерения
POP-03796,41.16966,69.34439,3249,Bundled population grid,2026-07,Методологический слой; проверить источник/единицу измерения
POP-03797,41.17961,69.36049,165,Bundled population grid,2026-07,Методологический слой; проверить источник/единицу измерения
POP-03798,41.17813,69.3486,481,Bundled population grid,2026-07,Методологический слой; проверить источник/единицу измерения
POP-03799,41.1652,69.30873,18478,Bundled population grid,2026-07,Методологический слой; проверить источник/единицу измерения
POP-03800,41.17516,69.32482,3451,Bundled population grid,2026-07,Методологический слой; проверить источник/единицу измерения
POP-03801,41.1597,69.3283,5009,Bundled population grid,2026-07,Методологический слой; проверить источник/единицу измерения
POP-03802,41.15822,69.31641,271,Bundled population grid,2026-07,Методологический слой; проверить источник/единицу измерения
POP-03803,41.16817,69.3325,26193,Bundled population grid,2026-07,Методологический слой; проверить источник/единицу измерения
POP-03804,41.16669,69.32061,6971,Bundled population grid,2026-07,Методологический слой; проверить источник/единицу измерения
POP-03805,41.14329,69.1976,1557,Bundled population grid,2026-07,Методологический слой; проверить источник/единицу измерения
POP-03806,41.15326,69.21366,880,Bundled population grid,2026-07,Методологический слой; проверить источник/единицу измерения
POP-03807,41.15176,69.20178,338,Bundled population grid,2026-07,Методологический слой; проверить источник/единицу измерения
POP-03808,41.13781,69.21717,4467,Bundled population grid,2026-07,Методологический слой; проверить источник/единицу измерения
POP-03809,41.13631,69.20529,28968,Bundled population grid,2026-07,Методологический слой; проверить источник/единицу измерения
POP-03810,41.14479,69.20947,10356,Bundled population grid,2026-07,Методологический слой; проверить источник/единицу измерения
POP-03811,41.17868,69.22623,40661,Bundled population grid,2026-07,Методологический слой; проверить источник/единицу измерения
POP-03812,41.18865,69.24231,40664,Bundled population grid,2026-07,Методологический слой; проверить источник/единицу измерения
POP-03813,41.18715,69.23042,40663,Bundled population grid,2026-07,Методологический слой; проверить источник/единицу измерения
POP-03814,41.1732,69.24581,40661,Bundled population grid,2026-07,Методологический слой; проверить источник/единицу измерения
POP-03815,41.1717,69.23392,19214,Bundled population grid,2026-07,Методологический слой; проверить источник/единицу измерения
POP-03816,41.18167,69.25,24636,Bundled population grid,2026-07,Методологический слой; проверить источник/единицу измерения
POP-03817,41.18018,69.23812,32217,Bundled population grid,2026-07,Методологический слой; проверить источник/единицу измерения
POP-03818,41.16721,69.19827,1219,Bundled population grid,2026-07,Методологический слой; проверить источник/единицу измерения
POP-03819,41.17718,69.21434,19018,Bundled population grid,2026-07,Методологический слой; проверить источник/единицу измерения
POP-03820,41.17569,69.20246,10627,Bundled population grid,2026-07,Методологический слой; проверить источник/единицу измерения
POP-03821,41.16173,69.21785,9611,Bundled population grid,2026-07,Методологический слой; проверить источник/единицу измерения
POP-03822,41.16024,69.20597,27276,Bundled population grid,2026-07,Методологический слой; проверить источник/единицу измерения
POP-03823,41.17021,69.22204,40542,Bundled population grid,2026-07,Методологический слой; проверить источник/единицу измерения
POP-03824,41.16871,69.21016,14551,Bundled population grid,2026-07,Методологический слой; проверить источник/единицу измерения
POP-03825,41.14229,69.2528,19899,Bundled population grid,2026-07,Методологический слой; проверить источник/единицу измерения
POP-03826,41.15226,69.26888,7851,Bundled population grid,2026-07,Методологический слой; проверить источник/единицу измерения
POP-03827,41.15077,69.25699,13063,Bundled population grid,2026-07,Методологический слой; проверить источник/единицу измерения
POP-03828,41.13532,69.26049,406,Bundled population grid,2026-07,Методологический слой; проверить источник/единицу измерения
POP-03829,41.14528,69.27656,68,Bundled population grid,2026-07,Методологический слой; проверить источник/единицу измерения
POP-03830,41.1408,69.24092,9678,Bundled population grid,2026-07,Методологический слой; проверить источник/единицу измерения
POP-03831,41.12535,69.24442,2640,Bundled population grid,2026-07,Методологический слой; проверить источник/единицу измерения
POP-03832,41.12386,69.23254,4873,Bundled population grid,2026-07,Методологический слой; проверить источник/единицу измерения
POP-03833,41.13382,69.24861,5144,Bundled population grid,2026-07,Методологический слой; проверить источник/единицу измерения
POP-03834,41.13233,69.23673,1692,Bundled population grid,2026-07,Методологический слой; проверить источник/единицу измерения
POP-03835,41.16622,69.2535,4670,Bundled population grid,2026-07,Методологический слой; проверить источник/единицу измерения
POP-03836,41.17469,69.25769,13401,Bundled population grid,2026-07,Методологический слой; проверить источник/единицу измерения
POP-03837,41.16073,69.27307,17733,Bundled population grid,2026-07,Методологический слой; проверить источник/единицу измерения
POP-03838,41.15924,69.26119,1151,Bundled population grid,2026-07,Методологический слой; проверить источник/единицу измерения
POP-03839,41.1692,69.27727,8392,Bundled population grid,2026-07,Методологический слой; проверить источник/единицу измерения
POP-03840,41.16771,69.26538,1692,Bundled population grid,2026-07,Методологический слой; проверить источник/единицу измерения
POP-03841,41.15476,69.22554,677,Bundled population grid,2026-07,Методологический слой; проверить источник/единицу измерения
POP-03842,41.16472,69.24162,10694,Bundled population grid,2026-07,Методологический слой; проверить источник/единицу измерения
POP-03843,41.16323,69.22973,12521,Bundled population grid,2026-07,Методологический слой; проверить источник/единицу измерения
POP-03844,41.14927,69.24511,6363,Bundled population grid,2026-07,Методологический слой; проверить источник/единицу измерения
POP-03845,41.14778,69.23323,203,Bundled population grid,2026-07,Методологический слой; проверить источник/единицу измерения
POP-03846,41.15775,69.24931,27073,Bundled population grid,2026-07,Методологический слой; проверить источник/единицу измерения
POP-03847,41.15625,69.23742,13739,Bundled population grid,2026-07,Методологический слой; проверить источник/единицу измерения
POP-03848,41.21305,69.31017,19425,Bundled population grid,2026-07,Методологический слой; проверить источник/единицу измерения
POP-03849,41.22301,69.32628,34174,Bundled population grid,2026-07,Методологический слой; проверить источник/единицу измерения
POP-03850,41.22152,69.31438,33367,Bundled population grid,2026-07,Методологический слой; проверить источник/единицу измерения
POP-03851,41.20755,69.32976,22200,Bundled population grid,2026-07,Методологический слой; проверить источник/единицу измерения
POP-03852,41.20607,69.31786,16109,Bundled population grid,2026-07,Методологический слой; проверить источник/единицу измерения
POP-03853,41.21602,69.33396,40673,Bundled population grid,2026-07,Методологический слой; проверить источник/единицу измерения
POP-03854,41.21454,69.32207,40672,Bundled population grid,2026-07,Методологический слой; проверить источник/единицу измерения
POP-03855,41.24842,69.33891,4655,Bundled population grid,2026-07,Методологический слой; проверить источник/единицу измерения
POP-03856,41.25838,69.35503,1461,Bundled population grid,2026-07,Методологический слой; проверить источник/единицу измерения
POP-03857,41.2569,69.34312,1390,Bundled population grid,2026-07,Методологический слой; проверить источник/единицу измерения
POP-03858,41.24292,69.3585,1405,Bundled population grid,2026-07,Методологический слой; проверить источник/единицу измерения
POP-03859,41.24144,69.3466,1073,Bundled population grid,2026-07,Методологический слой; проверить источник/единицу измерения
POP-03860,41.25139,69.36272,785,Bundled population grid,2026-07,Методологический слой; проверить источник/единицу измерения
POP-03861,41.24991,69.35081,1094,Bundled population grid,2026-07,Методологический слой; проверить источник/единицу измерения
POP-03862,41.23698,69.31089,1534,Bundled population grid,2026-07,Методологический слой; проверить источник/единицу измерения
POP-03863,41.24694,69.32701,1795,Bundled population grid,2026-07,Методологический слой; проверить источник/единицу измерения
POP-03864,41.24545,69.3151,1861,Bundled population grid,2026-07,Методологический слой; проверить источник/единицу измерения
POP-03865,41.23148,69.33049,1524,Bundled population grid,2026-07,Методологический слой; проверить источник/единицу измерения
POP-03866,41.22999,69.31859,2728,Bundled population grid,2026-07,Методологический слой; проверить источник/единицу измерения
POP-03867,41.23995,69.3347,1177,Bundled population grid,2026-07,Методологический слой; проверить источник/единицу измерения
POP-03868,41.23847,69.32279,1716,Bundled population grid,2026-07,Методологический слой; проверить источник/единицу измерения
POP-03869,41.212,69.36544,97,Bundled population grid,2026-07,Методологический слой; проверить источник/единицу измерения
POP-03870,41.22196,69.38156,50,Bundled population grid,2026-07,Методологический слой; проверить источник/единицу измерения
POP-03871,41.22047,69.36966,745,Bundled population grid,2026-07,Методологический слой; проверить источник/единицу измерения
POP-03872,41.20502,69.37313,30,Bundled population grid,2026-07,Методологический слой; проверить источник/единицу измерения
POP-03873,41.21497,69.38924,20,Bundled population grid,2026-07,Методологический слой; проверить источник/единицу измерения
POP-03874,41.21349,69.37734,86,Bundled population grid,2026-07,Методологический слой; проверить источник/единицу измерения
POP-03875,41.20057,69.33744,5753,Bundled population grid,2026-07,Методологический слой; проверить источник/единицу измерения
POP-03876,41.21052,69.35355,1404,Bundled population grid,2026-07,Методологический слой; проверить источник/единицу измерения
POP-03877,41.20904,69.34165,15161,Bundled population grid,2026-07,Методологический слой; проверить источник/единицу измерения
POP-03878,41.19506,69.35702,70,Bundled population grid,2026-07,Методологический слой; проверить источник/единицу измерения
POP-03879,41.19358,69.34513,11100,Bundled population grid,2026-07,Методологический слой; проверить источник/единицу измерения
POP-03880,41.20353,69.36123,43,Bundled population grid,2026-07,Методологический слой; проверить источник/единицу измерения
POP-03881,41.23593,69.36619,1834,Bundled population grid,2026-07,Методологический слой; проверить источник/единицу измерения
POP-03882,41.24588,69.38231,1755,Bundled population grid,2026-07,Методологический слой; проверить источник/единицу измерения
POP-03883,41.2444,69.37041,1503,Bundled population grid,2026-07,Методологический слой; проверить источник/единицу измерения
POP-03884,41.23043,69.38578,806,Bundled population grid,2026-07,Методологический слой; проверить источник/единицу измерения
POP-03885,41.22894,69.37387,1592,Bundled population grid,2026-07,Методологический слой; проверить источник/единицу измерения
POP-03886,41.2389,69.38999,562,Bundled population grid,2026-07,Методологический слой; проверить источник/единицу измерения
POP-03887,41.23741,69.37809,1395,Bundled population grid,2026-07,Методологический слой; проверить источник/единицу измерения
POP-03888,41.22449,69.33817,11508,Bundled population grid,2026-07,Методологический слой; проверить источник/единицу измерения
POP-03889,41.23445,69.35429,1165,Bundled population grid,2026-07,Методологический слой; проверить источник/единицу измерения
POP-03890,41.23297,69.34239,1638,Bundled population grid,2026-07,Методологический слой; проверить источник/единицу измерения
POP-03891,41.21899,69.35776,805,Bundled population grid,2026-07,Методологический слой; проверить источник/единицу измерения
POP-03892,41.21751,69.34586,22363,Bundled population grid,2026-07,Методологический слой; проверить источник/единицу измерения
POP-03893,41.22746,69.36197,884,Bundled population grid,2026-07,Методологический слой; проверить источник/единицу измерения
POP-03894,41.22598,69.35007,215,Bundled population grid,2026-07,Методологический слой; проверить источник/единицу измерения
POP-03895,41.20261,69.22692,35466,Bundled population grid,2026-07,Методологический слой; проверить источник/единицу измерения
POP-03896,41.21258,69.24301,31066,Bundled population grid,2026-07,Методологический слой; проверить источник/единицу измерения
POP-03897,41.21108,69.23111,39053,Bundled population grid,2026-07,Методологический слой; проверить источник/единицу измерения
POP-03898,41.19712,69.24651,31202,Bundled population grid,2026-07,Методологический слой; проверить источник/единицу измерения
POP-03899,41.19563,69.23461,18883,Bundled population grid,2026-07,Методологический слой; проверить источник/единицу измерения
POP-03900,41.2056,69.2507,40667,Bundled population grid,2026-07,Методологический слой; проверить источник/единицу измерения
POP-03901,41.2041,69.23881,13818,Bundled population grid,2026-07,Методологический слой; проверить источник/единицу измерения
POP-03902,41.238,69.2556,1924,Bundled population grid,2026-07,Методологический слой; проверить источник/единицу измерения
POP-03903,41.24796,69.2717,1744,Bundled population grid,2026-07,Методологический слой; проверить источник/единицу измерения
POP-03904,41.24647,69.2598,1489,Bundled population grid,2026-07,Методологический слой; проверить источник/единицу измерения
POP-03905,41.23251,69.2752,13488,Bundled population grid,2026-07,Методологический слой; проверить источник/единицу измерения
POP-03906,41.23102,69.2633,7656,Bundled population grid,2026-07,Методологический слой; проверить источник/единицу измерения
POP-03907,41.24098,69.2794,1537,Bundled population grid,2026-07,Методологический слой; проверить источник/единицу измерения
POP-03908,41.23949,69.2675,1276,Bundled population grid,2026-07,Методологический слой; проверить источник/единицу измерения
POP-03909,41.22653,69.22761,1659,Bundled population grid,2026-07,Методологический слой; проверить источник/единицу измерения
POP-03910,41.2365,69.2437,620,Bundled population grid,2026-07,Методологический слой; проверить источник/единицу измерения
POP-03911,41.23501,69.2318,1656,Bundled population grid,2026-07,Методологический слой; проверить источник/единицу измерения
POP-03912,41.22105,69.2472,34940,Bundled population grid,2026-07,Методологический слой; проверить источник/единицу измерения
POP-03913,41.21955,69.23531,23759,Bundled population grid,2026-07,Методологический слой; проверить источник/единицу измерения
POP-03914,41.22952,69.2514,1680,Bundled population grid,2026-07,Методологический слой; проверить источник/единицу измерения
POP-03915,41.22803,69.2395,3037,Bundled population grid,2026-07,Методологический слой; проверить источник/единицу измерения
POP-03916,41.2016,69.28218,10288,Bundled population grid,2026-07,Методологический слой; проверить источник/единицу измерения
POP-03917,41.21156,69.29828,25787,Bundled population grid,2026-07,Методологический слой; проверить источник/единицу измерения
POP-03918,41.21007,69.28638,14619,Bundled population grid,2026-07,Методологический слой; проверить источник/единицу измерения
POP-03919,41.19611,69.30176,2166,Bundled population grid,2026-07,Методологический слой; проверить источник/единицу измерения
POP-03920,41.19462,69.28987,12048,Bundled population grid,2026-07,Методологический слой; проверить источник/единицу измерения
POP-03921,41.20458,69.30597,744,Bundled population grid,2026-07,Методологический слой; проверить источник/единицу измерения
POP-03922,41.20309,69.29407,7851,Bundled population grid,2026-07,Методологический слой; проверить источник/единицу измерения
POP-03923,41.19014,69.2542,20373,Bundled population grid,2026-07,Методологический слой; проверить источник/единицу измерения
POP-03924,41.20011,69.27029,3519,Bundled population grid,2026-07,Методологический слой; проверить источник/единицу измерения
POP-03925,41.19862,69.2584,23283,Bundled population grid,2026-07,Методологический слой; проверить источник/единицу измерения
POP-03926,41.18465,69.27378,3723,Bundled population grid,2026-07,Методологический слой; проверить источник/единицу измерения
POP-03927,41.18316,69.26189,18274,Bundled population grid,2026-07,Методологический слой; проверить источник/единицу измерения
POP-03928,41.19313,69.27798,10559,Bundled population grid,2026-07,Методологический слой; проверить источник/единицу измерения
POP-03929,41.19164,69.26609,20440,Bundled population grid,2026-07,Методологический слой; проверить источник/единицу измерения
POP-03930,41.22553,69.28289,40672,Bundled population grid,2026-07,Методологический слой; проверить источник/единицу измерения
POP-03931,41.23549,69.29899,12771,Bundled population grid,2026-07,Методологический слой; проверить источник/единицу измерения
POP-03932,41.234,69.28709,6196,Bundled population grid,2026-07,Методологический слой; проверить источник/единицу измерения
POP-03933,41.22003,69.30248,15364,Bundled population grid,2026-07,Методологический слой; проверить источник/единицу измерения
POP-03934,41.21854,69.29058,10288,Bundled population grid,2026-07,Методологический слой; проверить источник/единицу измерения
POP-03935,41.22851,69.30669,10956,Bundled population grid,2026-07,Методологический слой; проверить источник/единицу измерения
POP-03936,41.22702,69.29479,33909,Bundled population grid,2026-07,Методологический слой; проверить источник/единицу измерения
POP-03937,41.21407,69.2549,22539,Bundled population grid,2026-07,Методологический слой; проверить источник/единицу измерения
POP-03938,41.22404,69.27099,33300,Bundled population grid,2026-07,Методологический слой; проверить источник/единицу измерения
POP-03939,41.22254,69.2591,32758,Bundled population grid,2026-07,Методологический слой; проверить источник/единицу измерения
POP-03940,41.20858,69.27449,25313,Bundled population grid,2026-07,Методологический слой; проверить источник/единицу измерения
POP-03941,41.20709,69.26259,31540,Bundled population grid,2026-07,Методологический слой; проверить источник/единицу измерения
POP-03942,41.21705,69.27869,24501,Bundled population grid,2026-07,Методологический слой; проверить источник/единицу измерения
POP-03943,41.21556,69.26679,31676,Bundled population grid,2026-07,Методологический слой; проверить источник/единицу измерения
POP-03944,41.01734,69.5248,66,Bundled population grid,2026-07,Методологический слой; проверить источник/единицу измерения
POP-03945,41.03426,69.53325,35,Bundled population grid,2026-07,Методологический слой; проверить источник/единицу измерения
POP-03946,41.02611,69.59599,101,Bundled population grid,2026-07,Методологический слой; проверить источник/единицу измерения
POP-03947,41.02465,69.58412,182,Bundled population grid,2026-07,Методологический слой; проверить источник/единицу измерения
POP-03948,41.01765,69.59176,25,Bundled population grid,2026-07,Методологический слой; проверить источник/единицу измерения
POP-03949,41.01327,69.55616,231,Bundled population grid,2026-07,Методологический слой; проверить источник/единицу измерения
POP-03950,41.00628,69.5638,195,Bundled population grid,2026-07,Методологический слой; проверить источник/единицу измерения
POP-03951,41.03311,69.58836,412,Bundled population grid,2026-07,Методологический слой; проверить источник/единицу измерения
POP-03952,41.02319,69.57226,28,Bundled population grid,2026-07,Методологический слой; проверить источник/единицу измерения
POP-03953,41.03165,69.57649,51,Bundled population grid,2026-07,Методологический слой; проверить источник/единицу измерения
POP-03954,41.08676,69.63754,109,Bundled population grid,2026-07,Методологический слой; проверить источник/единицу измерения
POP-03955,41.08121,69.65706,25,Bundled population grid,2026-07,Методологический слой; проверить источник/единицу измерения
POP-03956,41.07976,69.64518,496,Bundled population grid,2026-07,Методологический слой; проверить источник/единицу измерения
POP-03957,41.13195,69.68256,167,Bundled population grid,2026-07,Методологический слой; проверить источник/единицу измерения
POP-03958,41.12494,69.6902,35,Bundled population grid,2026-07,Методологический слой; проверить источник/единицу измерения
POP-03959,41.11068,69.63839,99,Bundled population grid,2026-07,Методологический слой; проверить источник/единицу измерения
POP-03960,41.11914,69.64264,96,Bundled population grid,2026-07,Методологический слой; проверить источник/единицу измерения
POP-03961,41.10513,69.65792,91,Bundled population grid,2026-07,Методологический слой; проверить источник/единицу измерения
POP-03962,41.10368,69.64603,94,Bundled population grid,2026-07,Методологический слой; проверить источник/единицу измерения
POP-03963,41.11214,69.65028,38,Bundled population grid,2026-07,Методологический слой; проверить источник/единицу измерения
POP-03964,41.11794,69.69783,53,Bundled population grid,2026-07,Методологический слой; проверить источник/единицу измерения
POP-03965,41.09812,69.66555,307,Bundled population grid,2026-07,Методологический слой; проверить источник/единицу измерения
POP-03966,41.10658,69.6698,88,Bundled population grid,2026-07,Методологический слой; проверить источник/единицу измерения
POP-03967,41.07656,69.55439,21,Bundled population grid,2026-07,Методологический слой; проверить источник/единицу измерения
POP-03968,41.07948,69.57814,220,Bundled population grid,2026-07,Методологический слой; проверить источник/единицу измерения
POP-03969,41.11186,69.58321,816,Bundled population grid,2026-07,Методологический слой; проверить источник/единицу измерения
POP-03970,41.12178,69.59933,63,Bundled population grid,2026-07,Методологический слой; проверить источник/единицу измерения
POP-03971,41.12032,69.58745,448,Bundled population grid,2026-07,Методологический слой; проверить источник/единицу измерения
POP-03972,41.11478,69.60698,248,Bundled population grid,2026-07,Методологический слой; проверить источник/единицу измерения
POP-03973,41.11332,69.59509,1142,Bundled population grid,2026-07,Методологический слой; проверить источник/единицу измерения
POP-03974,41.1104,69.57132,51,Bundled population grid,2026-07,Методологический слой; проверить источник/единицу измерения
POP-03975,41.07248,69.58578,395,Bundled population grid,2026-07,Методологический слой; проверить источник/единицу измерения
POP-03976,41.06694,69.6053,220,Bundled population grid,2026-07,Методологический слой; проверить источник/единицу измерения
POP-03977,41.06548,69.59342,40,Bundled population grid,2026-07,Методологический слой; проверить источник/единицу измерения
POP-03978,41.10923,69.62651,97,Bundled population grid,2026-07,Методологический слой; проверить источник/единицу измерения
POP-03979,41.10223,69.63415,23,Bundled population grid,2026-07,Методологический слой; проверить источник/единицу измерения
POP-03980,41.09786,69.5985,28,Bundled population grid,2026-07,Методологический слой; проверить источник/единицу измерения
POP-03981,40.97855,69.66125,35,Bundled population grid,2026-07,Методологический слой; проверить источник/единицу измерения
POP-03982,40.987,69.66549,76,Bundled population grid,2026-07,Методологический слой; проверить источник/единицу измерения
POP-03983,40.98145,69.68497,61,Bundled population grid,2026-07,Методологический слой; проверить источник/единицу измерения
POP-03984,40.98,69.67311,48,Bundled population grid,2026-07,Методологический слой; проверить источник/единицу измерения
POP-03985,41.01091,69.66635,23,Bundled population grid,2026-07,Методологический слой; проверить источник/единицу измерения
POP-03986,41.00536,69.68584,38,Bundled population grid,2026-07,Методологический слой; проверить источник/единицу измерения
POP-03987,40.97733,69.71631,38,Bundled population grid,2026-07,Методологический слой; проверить источник/единицу измерения
POP-03988,40.98723,69.73242,50,Bundled population grid,2026-07,Методологический слой; проверить источник/единицу измерения
POP-03989,40.96599,69.68834,46,Bundled population grid,2026-07,Методологический слой; проверить источник/единицу измерения
POP-03990,40.97589,69.70445,25,Bundled population grid,2026-07,Методологический слой; проверить источник/единицу измерения
POP-03991,40.96888,69.71206,98,Bundled population grid,2026-07,Методологический слой; проверить источник/единицу измерения
POP-03992,41.01114,69.73331,58,Bundled population grid,2026-07,Методологический слой; проверить источник/единицу измерения
POP-03993,40.9899,69.68921,36,Bundled population grid,2026-07,Методологический слой; проверить источник/единицу измерения
POP-03994,40.98289,69.69683,79,Bundled population grid,2026-07,Методологический слой; проверить источник/единицу измерения
POP-03995,40.96283,69.59772,25,Bundled population grid,2026-07,Методологический слой; проверить источник/единицу измерения
POP-03996,40.99228,69.57906,43,Bundled population grid,2026-07,Методологический слой; проверить источник/единицу измерения
POP-03997,40.9771,69.64939,48,Bundled population grid,2026-07,Методологический слой; проверить источник/единицу измерения
POP-03998,40.96574,69.62143,170,Bundled population grid,2026-07,Методологический слой; проверить источник/единицу измерения
POP-03999,40.96428,69.60958,88,Bundled population grid,2026-07,Методологический слой; проверить источник/единицу измерения
POP-04000,40.94883,69.61297,48,Bundled population grid,2026-07,Методологический слой; проверить источник/единицу измерения
POP-04001,40.95728,69.6172,25,Bundled population grid,2026-07,Методологический слой; проверить источник/единицу измерения
POP-04002,40.99255,69.646,30,Bundled population grid,2026-07,Методологический слой; проверить источник/единицу измерения
POP-04003,40.98119,69.61804,54,Bundled population grid,2026-07,Методологический слой; проверить источник/единицу измерения
POP-04004,41.03773,69.69096,30,Bundled population grid,2026-07,Методологический слой; проверить источник/единицу измерения
POP-04005,41.03072,69.69858,23,Bundled population grid,2026-07,Методологический слой; проверить источник/единицу измерения
POP-04006,41.04062,69.7147,33,Bundled population grid,2026-07,Методологический слой; проверить источник/единицу измерения
POP-04007,41.04495,69.75033,50,Bundled population grid,2026-07,Методологический слой; проверить источник/единицу измерения
POP-04008,41.01815,69.72569,54,Bundled population grid,2026-07,Методологический слой; проверить источник/единицу измерения
POP-04009,41.02804,69.74182,22,Bundled population grid,2026-07,Методологический слой; проверить источник/единицу измерения
POP-04010,41.04206,69.72658,36,Bundled population grid,2026-07,Методологический слой; проверить источник/единицу измерения
POP-04011,41.05994,69.61294,225,Bundled population grid,2026-07,Методологический слой; проверить источник/единицу измерения
POP-04012,41.05293,69.62057,25,Bundled population grid,2026-07,Методологический слой; проверить источник/единицу измерения
POP-04013,41.00801,69.64262,28,Bundled population grid,2026-07,Методологический слой; проверить источник/единицу измерения
POP-04014,41.04328,69.67146,20,Bundled population grid,2026-07,Методологический слой; проверить источник/единицу измерения
POP-04015,41.03893,69.63584,28,Bundled population grid,2026-07,Методологический слой; проверить источник/единицу измерения
POP-04016,41.04183,69.65958,40,Bundled population grid,2026-07,Методологический слой; проверить источник/единицу измерения
POP-04017,40.9305,69.33706,428,Bundled population grid,2026-07,Методологический слой; проверить источник/единицу измерения
POP-04018,40.97282,69.35803,886,Bundled population grid,2026-07,Методологический слой; проверить источник/единицу измерения
POP-04019,40.98276,69.37408,620,Bundled population grid,2026-07,Методологический слой; проверить источник/единицу измерения
POP-04020,40.98128,69.36223,58,Bundled population grid,2026-07,Методологический слой; проверить источник/единицу измерения
POP-04021,40.96731,69.37753,441,Bundled population grid,2026-07,Методологический слой; проверить источник/единицу измерения
POP-04022,40.96583,69.36568,473,Bundled population grid,2026-07,Методологический слой; проверить источник/единицу измерения
POP-04023,40.97577,69.38173,983,Bundled population grid,2026-07,Методологический слой; проверить источник/единицу измерения
POP-04024,40.9743,69.36988,1114,Bundled population grid,2026-07,Методологический слой; проверить источник/единицу измерения
POP-04025,40.96139,69.33014,30,Bundled population grid,2026-07,Методологический слой; проверить источник/единицу измерения
POP-04026,40.97133,69.34618,317,Bundled population grid,2026-07,Методологический слой; проверить источник/единицу измерения
POP-04027,40.96985,69.33433,73,Bundled population grid,2026-07,Методологический слой; проверить источник/единицу измерения
POP-04028,40.95441,69.33779,48,Bundled population grid,2026-07,Методологический слой; проверить источник/единицу измерения
POP-04029,40.94636,69.40048,71,Bundled population grid,2026-07,Методологический слой; проверить источник/единицу измерения
POP-04030,40.94488,69.38863,83,Bundled population grid,2026-07,Методологический слой; проверить источник/единицу измерения
POP-04031,40.93937,69.40812,86,Bundled population grid,2026-07,Методологический слой; проверить источник/единицу измерения
POP-04032,40.9379,69.39628,21,Bundled population grid,2026-07,Методологический слой; проверить источник/единицу измерения
POP-04033,40.925,69.35655,114,Bundled population grid,2026-07,Методологический слой; проверить источник/единицу измерения
POP-04034,40.93494,69.37259,53,Bundled population grid,2026-07,Методологический слой; проверить источник/единицу измерения
POP-04035,40.9195,69.37604,316,Bundled population grid,2026-07,Методологический слой; проверить источник/единицу измерения
POP-04036,40.91802,69.3642,152,Bundled population grid,2026-07,Методологический слой; проверить источник/единицу измерения
POP-04037,40.92796,69.38024,56,Bundled population grid,2026-07,Методологический слой; проверить источник/единицу измерения
POP-04038,40.96033,69.38518,119,Bundled population grid,2026-07,Методологический слой; проверить источник/единицу измерения
POP-04039,40.96879,69.38938,306,Bundled population grid,2026-07,Методологический слой; проверить источник/единицу измерения
POP-04040,40.95334,69.39283,131,Bundled population grid,2026-07,Методологический слой; проверить источник/единицу измерения
POP-04041,40.96181,69.39703,28,Bundled population grid,2026-07,Методологический слой; проверить источник/единицу измерения
POP-04042,40.95885,69.37333,20,Bundled population grid,2026-07,Методологический слой; проверить источник/единицу измерения
POP-04043,40.9434,69.37679,436,Bundled population grid,2026-07,Методологический слой; проверить источник/единицу измерения
POP-04044,40.94192,69.36494,96,Bundled population grid,2026-07,Методологический слой; проверить источник/единицу измерения
POP-04045,40.95187,69.38098,1010,Bundled population grid,2026-07,Методологический слой; проверить источник/единицу измерения
POP-04046,40.95039,69.36914,167,Bundled population grid,2026-07,Методологический слой; проверить источник/единицу измерения
POP-04047,41.017,69.45784,38,Bundled population grid,2026-07,Методологический слой; проверить источник/единицу измерения
POP-04048,41.01553,69.44598,48,Bundled population grid,2026-07,Методологический слой; проверить источник/единицу измерения
POP-04049,41.00155,69.46127,94,Bundled population grid,2026-07,Методологический слой; проверить источник/единицу измерения
POP-04050,41.01001,69.46549,512,Bundled population grid,2026-07,Методологический слой; проверить источник/единицу измерения
POP-04051,41.05231,69.48657,33,Bundled population grid,2026-07,Методологический слой; проверить источник/единицу измерения
POP-04052,41.05084,69.4747,30,Bundled population grid,2026-07,Методологический слой; проверить источник/единицу измерения
POP-04053,41.03098,69.44254,218,Bundled population grid,2026-07,Методологический слой; проверить источник/единицу измерения
POP-04054,41.03944,69.44675,25,Bundled population grid,2026-07,Методологический слой; проверить источник/единицу измерения
POP-04055,41.02546,69.46205,66,Bundled population grid,2026-07,Методологический слой; проверить источник/единицу измерения
POP-04056,41.02399,69.45019,157,Bundled population grid,2026-07,Методологический слой; проверить источник/единицу измерения
POP-04057,41.01588,69.51293,36,Bundled population grid,2026-07,Методологический слой; проверить источник/единицу измерения
POP-04058,40.99896,69.50449,137,Bundled population grid,2026-07,Методологический слой; проверить источник/единицу измерения
POP-04059,41.00888,69.52057,20,Bundled population grid,2026-07,Методологический слой; проверить источник/единицу измерения
POP-04060,40.99456,69.46892,331,Bundled population grid,2026-07,Методологический слой; проверить источник/единицу измерения
POP-04061,41.00448,69.48499,251,Bundled population grid,2026-07,Методологический слой; проверить источник/единицу измерения
POP-04062,41.00302,69.47313,1040,Bundled population grid,2026-07,Методологический слой; проверить источник/единицу измерения
POP-04063,40.99749,69.49263,56,Bundled population grid,2026-07,Методологический слой; проверить источник/единицу измерения
POP-04064,41.02434,69.51716,504,Bundled population grid,2026-07,Методологический слой; проверить источник/единицу измерения
POP-04065,41.02287,69.50529,25,Bundled population grid,2026-07,Методологический слой; проверить источник/единицу измерения
POP-04066,41.0328,69.52138,59,Bundled population grid,2026-07,Методологический слой; проверить источник/единицу измерения
POP-04067,41.03133,69.50951,126,Bundled population grid,2026-07,Методологический слой; проверить источник/единицу измерения
POP-04068,41.01295,69.48921,38,Bundled population grid,2026-07,Методологический слой; проверить источник/единицу измерения
POP-04069,41.01148,69.47735,451,Bundled population grid,2026-07,Методологический слой; проверить источник/единицу измерения
POP-04070,40.99673,69.35877,1071,Bundled population grid,2026-07,Методологический слой; проверить источник/единицу измерения
POP-04071,41.00667,69.37482,762,Bundled population grid,2026-07,Методологический слой; проверить источник/единицу измерения
POP-04072,41.00519,69.36297,1238,Bundled population grid,2026-07,Методологический слой; проверить источник/единицу измерения
POP-04073,40.99122,69.37828,1056,Bundled population grid,2026-07,Методологический слой; проверить источник/единицу измерения
POP-04074,40.98974,69.36642,1370,Bundled population grid,2026-07,Методологический слой; проверить источник/единицу измерения
POP-04075,40.99969,69.38248,134,Bundled population grid,2026-07,Методологический слой; проверить источник/единицу измерения
POP-04076,40.99821,69.37062,1534,Bundled population grid,2026-07,Методологический слой; проверить источник/единицу измерения
POP-04077,41.03206,69.38743,312,Bundled population grid,2026-07,Методологический слой; проверить источник/единицу измерения
POP-04078,41.04053,69.39164,45,Bundled population grid,2026-07,Методологический слой; проверить источник/единицу измерения
POP-04079,41.02655,69.40695,593,Bundled population grid,2026-07,Методологический слой; проверить источник/единицу измерения
POP-04080,41.02508,69.39509,868,Bundled population grid,2026-07,Методологический слой; проверить источник/единицу измерения
POP-04081,41.03354,69.39929,184,Bundled population grid,2026-07,Методологический слой; проверить источник/единицу измерения
POP-04082,41.02064,69.35951,1484,Bundled population grid,2026-07,Методологический слой; проверить источник/единицу измерения
POP-04083,41.03058,69.37557,605,Bundled population grid,2026-07,Методологический слой; проверить источник/единицу измерения
POP-04084,41.0291,69.36371,1618,Bundled population grid,2026-07,Методологический слой; проверить источник/единицу измерения
POP-04085,41.01513,69.37903,623,Bundled population grid,2026-07,Методологический слой; проверить источник/единицу измерения
POP-04086,41.01366,69.36717,182,Bundled population grid,2026-07,Методологический слой; проверить источник/единицу измерения
POP-04087,41.0236,69.38323,46,Bundled population grid,2026-07,Методологический слой; проверить источник/единицу измерения
POP-04088,41.02212,69.37137,501,Bundled population grid,2026-07,Методологический слой; проверить источник/единицу измерения
POP-04089,41.00559,69.42991,215,Bundled population grid,2026-07,Методологический слой; проверить источник/единицу измерения
POP-04090,41.00412,69.41805,1135,Bundled population grid,2026-07,Методологический слой; проверить источник/единицу измерения
POP-04091,40.99014,69.43335,222,Bundled population grid,2026-07,Методологический слой; проверить источник/единицу измерения
POP-04092,40.98867,69.42149,21,Bundled population grid,2026-07,Методологический слой; проверить источник/единицу измерения
POP-04093,40.9986,69.43756,521,Bundled population grid,2026-07,Методологический слой; проверить источник/единицу измерения
POP-04094,40.99713,69.4257,393,Bundled population grid,2026-07,Методологический слой; проверить источник/единицу измерения
POP-04095,40.99418,69.40199,121,Bundled population grid,2026-07,Методологический слой; проверить источник/единицу измерения
POP-04096,40.9927,69.39013,1187,Bundled population grid,2026-07,Методологический слой; проверить источник/единицу измерения
POP-04097,40.97873,69.40543,261,Bundled population grid,2026-07,Методологический слой; проверить источник/единицу измерения
POP-04098,40.98719,69.40964,38,Bundled population grid,2026-07,Методологический слой; проверить источник/единицу измерения
POP-04099,40.98572,69.39778,534,Bundled population grid,2026-07,Методологический слой; проверить источник/единицу измерения
POP-04100,41.01957,69.4146,38,Bundled population grid,2026-07,Методологический слой; проверить источник/единицу измерения
POP-04101,41.02803,69.41881,134,Bundled population grid,2026-07,Методологический слой; проверить источник/единицу измерения
POP-04102,41.01405,69.43412,23,Bundled population grid,2026-07,Методологический слой; проверить источник/единицу измерения
POP-04103,41.02252,69.43833,35,Bundled population grid,2026-07,Методологический слой; проверить источник/единицу измерения
POP-04104,41.00815,69.38668,471,Bundled population grid,2026-07,Методологический слой; проверить источник/единицу измерения
POP-04105,41.01809,69.40274,324,Bundled population grid,2026-07,Методологический слой; проверить источник/единицу измерения
POP-04106,41.00264,69.40619,782,Bundled population grid,2026-07,Методологический слой; проверить источник/единицу измерения
POP-04107,41.00116,69.39433,124,Bundled population grid,2026-07,Методологический слой; проверить источник/единицу измерения
POP-04108,41.0111,69.4104,380,Bundled population grid,2026-07,Методологический слой; проверить источник/единицу измерения
POP-04109,41.00963,69.39854,1071,Bundled population grid,2026-07,Методологический слой; проверить источник/единицу измерения
POP-04110,40.8934,69.48526,1096,Bundled population grid,2026-07,Методологический слой; проверить источник/единицу измерения
POP-04111,40.89193,69.47342,38,Bundled population grid,2026-07,Методологический слой; проверить источник/единицу измерения
POP-04112,40.90186,69.48947,696,Bundled population grid,2026-07,Методологический слой; проверить источник/единицу измерения
POP-04113,40.90039,69.47763,238,Bundled population grid,2026-07,Методологический слой; проверить источник/единицу измерения
POP-04114,40.93422,69.49447,542,Bundled population grid,2026-07,Методологический слой; проверить источник/единицу измерения
POP-04115,40.94415,69.51053,274,Bundled population grid,2026-07,Методологический слой; проверить источник/единицу измерения
POP-04116,40.94268,69.49868,22,Bundled population grid,2026-07,Методологический слой; проверить источник/единицу измерения
POP-04117,40.9287,69.51395,233,Bundled population grid,2026-07,Методологический слой; проверить источник/единицу измерения
POP-04118,40.92723,69.5021,869,Bundled population grid,2026-07,Методологический слой; проверить источник/единицу измерения
POP-04119,40.93715,69.51816,463,Bundled population grid,2026-07,Методологический слой; проверить источник/единицу измерения
POP-04120,40.93569,69.50632,134,Bundled population grid,2026-07,Методологический слой; проверить источник/единицу измерения
POP-04121,40.92283,69.46657,79,Bundled population grid,2026-07,Методологический слой; проверить источник/единицу измерения
POP-04122,40.93275,69.48262,33,Bundled population grid,2026-07,Методологический слой; проверить источник/единицу измерения
POP-04123,40.93129,69.47078,701,Bundled population grid,2026-07,Методологический слой; проверить источник/единицу измерения
POP-04124,40.92576,69.49026,508,Bundled population grid,2026-07,Методологический слой; проверить источник/единицу измерения
POP-04125,40.9243,69.47841,59,Bundled population grid,2026-07,Методологический слой; проверить источник/единицу измерения
POP-04126,40.8978,69.52078,68,Bundled population grid,2026-07,Методологический слой; проверить источник/единицу измерения
POP-04127,40.89227,69.54024,51,Bundled population grid,2026-07,Методологический слой; проверить источник/единицу измерения
POP-04128,40.90072,69.54446,422,Bundled population grid,2026-07,Методологический слой; проверить источник/единицу измерения
POP-04129,40.89926,69.53262,547,Bundled population grid,2026-07,Методологический слой; проверить источник/единицу измерения
POP-04130,40.88641,69.49289,1509,Bundled population grid,2026-07,Методологический слой; проверить источник/единицу измерения
POP-04131,40.89487,69.4971,616,Bundled population grid,2026-07,Методологический слой; проверить источник/единицу измерения
POP-04132,40.88089,69.51235,81,Bundled population grid,2026-07,Методологический слой; проверить источник/единицу измерения
POP-04133,40.87942,69.50051,43,Bundled population grid,2026-07,Методологический слой; проверить источник/единицу измерения
POP-04134,40.9217,69.52158,68,Bundled population grid,2026-07,Методологический слой; проверить источник/единицу измерения
POP-04135,40.93162,69.53764,213,Bundled population grid,2026-07,Методологический слой; проверить источник/единицу измерения
POP-04136,40.93016,69.5258,293,Bundled population grid,2026-07,Методологический слой; проверить источник/единицу измерения
POP-04137,40.91617,69.54105,69,Bundled population grid,2026-07,Методологический слой; проверить источник/единицу измерения
POP-04138,40.92463,69.54527,203,Bundled population grid,2026-07,Методологический слой; проверить источник/единицу измерения
POP-04139,40.92317,69.53342,230,Bundled population grid,2026-07,Методологический слой; проверить источник/единицу измерения
POP-04140,40.92024,69.50973,79,Bundled population grid,2026-07,Методологический слой; проверить источник/единицу измерения
POP-04141,40.91325,69.51736,30,Bundled population grid,2026-07,Методологический слой; проверить источник/единицу измерения
POP-04142,40.88861,69.38294,45,Bundled population grid,2026-07,Методологический слой; проверить источник/единицу измерения
POP-04143,40.89008,69.39477,46,Bundled population grid,2026-07,Методологический слой; проверить источник/единицу измерения
POP-04144,40.93386,69.42761,53,Bundled population grid,2026-07,Методологический слой; проверить источник/единицу измерения
POP-04145,40.93239,69.41576,307,Bundled population grid,2026-07,Методологический слой; проверить источник/единицу измерения
POP-04146,40.91694,69.4192,233,Bundled population grid,2026-07,Методологический слой; проверить источник/единицу измерения
POP-04147,40.9254,69.4234,22,Bundled population grid,2026-07,Методологический слой; проверить источник/единицу измерения
POP-04148,40.91251,69.38368,676,Bundled population grid,2026-07,Методологический слой; проверить источник/единицу измерения
POP-04149,40.92245,69.39972,319,Bundled population grid,2026-07,Методологический слой; проверить источник/единицу измерения
POP-04150,40.92097,69.38788,289,Bundled population grid,2026-07,Методологический слой; проверить источник/единицу измерения
POP-04151,40.90553,69.39133,40,Bundled population grid,2026-07,Методологический слой; проверить источник/единицу измерения
POP-04152,40.91547,69.40736,48,Bundled population grid,2026-07,Методологический слой; проверить источник/единицу измерения
POP-04153,40.91399,69.39552,137,Bundled population grid,2026-07,Методологический слой; проверить источник/единицу измерения
POP-04154,40.88752,69.43791,116,Bundled population grid,2026-07,Методологический слой; проверить источник/единицу измерения
POP-04155,40.88054,69.44554,309,Bundled population grid,2026-07,Методологический слой; проверить источник/единицу измерения
POP-04156,40.89046,69.46158,73,Bundled population grid,2026-07,Методологический слой; проверить источник/единицу измерения
POP-04157,40.88899,69.44975,679,Bundled population grid,2026-07,Методологический слой; проверить источник/единицу измерения
POP-04158,40.86913,69.41768,76,Bundled population grid,2026-07,Методологический слой; проверить источник/единицу измерения
POP-04159,40.90591,69.45816,147,Bundled population grid,2026-07,Методологический слой; проверить источник/единицу измерения
POP-04160,40.90444,69.44632,405,Bundled population grid,2026-07,Методологический слой; проверить источник/единицу измерения
POP-04161,40.9129,69.45052,68,Bundled population grid,2026-07,Методологический слой; проверить источник/единицу измерения
POP-04162,40.89304,69.41844,28,Bundled population grid,2026-07,Методологический слой; проверить источник/единицу измерения
POP-04163,40.90149,69.42264,40,Bundled population grid,2026-07,Методологический слой; проверить источник/единицу измерения
POP-04164,40.9596,69.50712,28,Bundled population grid,2026-07,Методологический слой; проверить источник/единицу измерения
POP-04165,40.99343,69.52399,71,Bundled population grid,2026-07,Методологический слой; проверить источник/единицу измерения
POP-04166,41.00335,69.54007,50,Bundled population grid,2026-07,Методологический слой; проверить источник/единицу измерения
POP-04167,41.00189,69.52821,101,Bundled population grid,2026-07,Методологический слой; проверить источник/единицу измерения
POP-04168,40.9879,69.54349,644,Bundled population grid,2026-07,Методологический слой; проверить источник/единицу измерения
POP-04169,40.99636,69.54771,53,Bundled population grid,2026-07,Методологический слой; проверить источник/единицу измерения
POP-04170,40.99489,69.53585,524,Bundled population grid,2026-07,Методологический слой; проверить источник/единицу измерения
POP-04171,40.99197,69.51213,36,Bundled population grid,2026-07,Методологический слой; проверить источник/единицу измерения
POP-04172,40.9905,69.50027,129,Bundled population grid,2026-07,Методологический слой; проверить источник/единицу измерения
POP-04173,40.96691,69.56638,106,Bundled population grid,2026-07,Методологический слой; проверить источник/единицу измерения
POP-04174,40.95,69.55793,21,Bundled population grid,2026-07,Методологический слой; проверить источник/единицу измерения
POP-04175,40.94561,69.52238,575,Bundled population grid,2026-07,Методологический слой; проверить источник/единицу измерения
POP-04176,40.95553,69.53845,23,Bundled population grid,2026-07,Методологический слой; проверить источник/единицу измерения
POP-04177,40.95407,69.5266,152,Bundled population grid,2026-07,Методологический слой; проверить источник/единицу измерения
POP-04178,40.94008,69.54186,116,Bundled population grid,2026-07,Методологический слой; проверить источник/единицу измерения
POP-04179,40.93862,69.53001,666,Bundled population grid,2026-07,Методологический слой; проверить источник/единицу измерения
POP-04180,40.94854,69.54608,38,Bundled population grid,2026-07,Методологический слой; проверить источник/единицу измерения
POP-04181,40.94707,69.53423,359,Bundled population grid,2026-07,Методологический слой; проверить источник/единицу измерения
POP-04182,40.9809,69.55112,294,Bundled population grid,2026-07,Методологический слой; проверить источник/единицу измерения
POP-04183,40.98382,69.57484,23,Bundled population grid,2026-07,Методологический слой; проверить источник/единицу измерения
POP-04184,40.97944,69.53926,177,Bundled population grid,2026-07,Методологический слой; проверить источник/единицу измерения
POP-04185,40.96253,69.53082,88,Bundled population grid,2026-07,Методологический слой; проверить источник/единицу измерения
POP-04186,40.97245,69.5469,395,Bundled population grid,2026-07,Методологический слой; проверить источник/единицу измерения
POP-04187,40.95629,69.41652,23,Bundled population grid,2026-07,Методологический слой; проверить источник/единицу измерения
POP-04188,40.94232,69.43181,94,Bundled population grid,2026-07,Методологический слой; проверить источник/единицу измерения
POP-04189,40.94085,69.41997,91,Bundled population grid,2026-07,Методологический слой; проверить источник/единицу измерения
POP-04190,40.95078,69.43602,101,Bundled population grid,2026-07,Методологический слой; проверить источник/единицу измерения
POP-04191,40.94931,69.42417,43,Bundled population grid,2026-07,Методологический слой; проверить источник/единицу измерения
POP-04192,40.98315,69.44099,175,Bundled population grid,2026-07,Методологический слой; проверить источник/единицу измерения
POP-04193,40.99309,69.45706,53,Bundled population grid,2026-07,Методологический слой; проверить источник/единицу измерения
POP-04194,40.99161,69.4452,729,Bundled population grid,2026-07,Методологический слой; проверить источник/единицу измерения
POP-04195,40.97763,69.46049,81,Bundled population grid,2026-07,Методологический слой; проверить источник/единицу измерения
POP-04196,40.98609,69.4647,20,Bundled population grid,2026-07,Методологический слой; проверить источник/единицу измерения
POP-04197,40.98462,69.45285,41,Bundled population grid,2026-07,Методологический слой; проверить источник/единицу измерения
POP-04198,40.97174,69.41308,48,Bundled population grid,2026-07,Методологический слой; проверить источник/единицу измерения
POP-04199,40.98168,69.42914,30,Bundled population grid,2026-07,Методологический слой; проверить источник/единицу измерения
POP-04200,40.9802,69.41729,463,Bundled population grid,2026-07,Методологический слой; проверить источник/единицу измерения
POP-04201,40.96623,69.43258,23,Bundled population grid,2026-07,Методологический слой; проверить источник/единицу измерения
POP-04202,40.96476,69.42073,21,Bundled population grid,2026-07,Методологический слой; проверить источник/единицу измерения
POP-04203,40.97469,69.43679,20,Bundled population grid,2026-07,Методологический слой; проверить источник/единицу измерения
POP-04204,40.94674,69.46735,565,Bundled population grid,2026-07,Методологический слой; проверить источник/единицу измерения
POP-04205,40.95519,69.47156,564,Bundled population grid,2026-07,Методологический слой; проверить источник/единицу измерения
POP-04206,40.94121,69.48684,81,Bundled population grid,2026-07,Методологический слой; проверить источник/единицу измерения
POP-04207,40.93975,69.47499,195,Bundled population grid,2026-07,Методологический слой; проверить источник/единицу измерения
POP-04208,40.93533,69.43945,499,Bundled population grid,2026-07,Методологический слой; проверить источник/единицу измерения
POP-04209,40.94379,69.44366,61,Bundled population grid,2026-07,Методологический слой; проверить источник/единицу измерения
POP-04210,40.92982,69.45893,478,Bundled population grid,2026-07,Методологический слой; проверить источник/единицу измерения
POP-04211,40.92835,69.44709,66,Bundled population grid,2026-07,Методологический слой; проверить источник/единицу измерения
POP-04212,40.93681,69.4513,714,Bundled population grid,2026-07,Методологический слой; проверить источник/единицу измерения
POP-04213,40.95372,69.45971,296,Bundled population grid,2026-07,Методологический слой; проверить источник/единицу измерения
POP-04214,40.95225,69.44786,653,Bundled population grid,2026-07,Методологический слой; проверить источник/единицу измерения
POP-04215,40.96218,69.46392,296,Bundled population grid,2026-07,Методологический слой; проверить источник/единицу измерения
POP-04216,40.96071,69.45207,51,Bundled population grid,2026-07,Методологический слой; проверить источник/единицу измерения
POP-04217,41.18478,69.53045,99,Bundled population grid,2026-07,Методологический слой; проверить источник/единицу измерения
POP-04218,41.19471,69.54659,134,Bundled population grid,2026-07,Методологический слой; проверить источник/единицу измерения
POP-04219,41.19325,69.53469,116,Bundled population grid,2026-07,Методологический слой; проверить источник/единицу измерения
POP-04220,41.17925,69.55001,51,Bundled population grid,2026-07,Методологический слой; проверить источник/единицу измерения
POP-04221,41.18625,69.54235,53,Bundled population grid,2026-07,Методологический слой; проверить источник/единицу измерения
POP-04222,41.2201,69.55931,25,Bundled population grid,2026-07,Методологический слой; проверить источник/единицу измерения
POP-04223,41.22856,69.56355,190,Bundled population grid,2026-07,Методологический слой; проверить источник/единицу измерения
POP-04224,41.2131,69.56697,51,Bundled population grid,2026-07,Методологический слой; проверить источник/единицу измерения
POP-04225,41.20871,69.53126,88,Bundled population grid,2026-07,Методологический слой; проверить источник/единицу измерения
POP-04226,41.21717,69.5355,134,Bundled population grid,2026-07,Методологический слой; проверить источник/единицу измерения
POP-04227,41.20317,69.55083,216,Bundled population grid,2026-07,Методологический слой; проверить источник/единицу измерения
POP-04228,41.20171,69.53893,258,Bundled population grid,2026-07,Методологический слой; проверить источник/единицу измерения
POP-04229,41.21164,69.55507,425,Bundled population grid,2026-07,Методологический слой; проверить источник/единицу измерения
POP-04230,41.21017,69.54317,71,Bundled population grid,2026-07,Методологический слой; проверить источник/единицу измерения
POP-04231,41.17809,69.60526,28,Bundled population grid,2026-07,Методологический слой; проверить источник/единицу измерения
POP-04232,41.17663,69.59336,56,Bundled population grid,2026-07,Методологический слой; проверить источник/единицу измерения
POP-04233,41.18655,69.6095,46,Bundled population grid,2026-07,Методологический слой; проверить источник/единицу измерения
POP-04234,41.18509,69.5976,73,Bundled population grid,2026-07,Методологический слой; проверить источник/единицу измерения
POP-04235,41.18071,69.56191,61,Bundled population grid,2026-07,Методологический слой; проверить источник/единицу измерения
POP-04236,41.16525,69.56532,131,Bundled population grid,2026-07,Методологический слой; проверить источник/единицу измерения
POP-04237,41.21047,69.61035,63,Bundled population grid,2026-07,Методологический слой; проверить источник/единицу измерения
POP-04238,41.19617,69.55849,134,Bundled population grid,2026-07,Методологический слой; проверить источник/единицу измерения
POP-04239,41.20464,69.56273,217,Bundled population grid,2026-07,Методологический слой; проверить источник/единицу измерения
POP-04240,41.19063,69.57805,89,Bundled population grid,2026-07,Методологический слой; проверить источник/единицу измерения
POP-04241,41.19763,69.57039,38,Bundled population grid,2026-07,Методологический слой; проверить источник/единицу измерения
POP-04242,41.25424,69.64352,35,Bundled population grid,2026-07,Методологический слой; проверить источник/единицу измерения
POP-04243,41.24868,69.66309,623,Bundled population grid,2026-07,Методологический слой; проверить источник/единицу измерения
POP-04244,41.24723,69.65118,48,Bundled population grid,2026-07,Методологический слой; проверить источник/единицу измерения
POP-04245,41.28954,69.67248,2021,Bundled population grid,2026-07,Методологический слой; проверить источник/единицу измерения
POP-04246,41.29945,69.68867,1488,Bundled population grid,2026-07,Методологический слой; проверить источник/единицу измерения
POP-04247,41.298,69.67675,1735,Bundled population grid,2026-07,Методологический слой; проверить источник/единицу измерения
POP-04248,41.28398,69.69206,1944,Bundled population grid,2026-07,Методологический слой; проверить источник/единицу измерения
POP-04249,41.28253,69.68014,1894,Bundled population grid,2026-07,Методологический слой; проверить источник/единицу измерения
POP-04250,41.29244,69.69633,1327,Bundled population grid,2026-07,Методологический слой; проверить источник/единицу измерения
POP-04251,41.29099,69.68441,2149,Bundled population grid,2026-07,Методологический слой; проверить источник/единицу измерения
POP-04252,41.27817,69.64438,48,Bundled population grid,2026-07,Методологический слой; проверить источник/единицу измерения
POP-04253,41.28808,69.66056,1914,Bundled population grid,2026-07,Методологический слой; проверить источник/единицу измерения
POP-04254,41.28663,69.64864,1241,Bundled population grid,2026-07,Методологический слой; проверить источник/единицу измерения
POP-04255,41.27261,69.66396,729,Bundled population grid,2026-07,Методологический слой; проверить источник/единицу измерения
POP-04256,41.27116,69.65204,20,Bundled population grid,2026-07,Методологический слой; проверить источник/единицу измерения
POP-04257,41.28107,69.66822,1874,Bundled population grid,2026-07,Методологический слой; проверить источник/единицу измерения
POP-04258,41.27962,69.6563,1010,Bundled population grid,2026-07,Методологический слой; проверить источник/единицу измерения
POP-04259,41.25303,69.69884,23,Bundled population grid,2026-07,Методологический слой; проверить источник/единицу измерения
POP-04260,41.24747,69.7184,23,Bundled population grid,2026-07,Методологический слой; проверить источник/единицу измерения
POP-04261,41.24167,69.67075,567,Bundled population grid,2026-07,Методологический слой; проверить источник/единицу измерения
POP-04262,41.25158,69.68692,522,Bundled population grid,2026-07,Методологический слой; проверить источник/единицу измерения
POP-04263,41.25013,69.67501,873,Bundled population grid,2026-07,Методологический слой; проверить источник/единицу измерения
POP-04264,41.24312,69.68266,187,Bundled population grid,2026-07,Методологический слой; проверить источник/единицу измерения
POP-04265,41.27696,69.69972,1081,Bundled population grid,2026-07,Методологический слой; проверить источник/единицу измерения
POP-04266,41.28542,69.70398,1144,Bundled population grid,2026-07,Методологический слой; проверить источник/единицу измерения
POP-04267,41.26995,69.70737,38,Bundled population grid,2026-07,Методологический слой; проверить источник/единицу измерения
POP-04268,41.27986,69.72356,202,Bundled population grid,2026-07,Методологический слой; проверить источник/единицу измерения
POP-04269,41.27841,69.71164,56,Bundled population grid,2026-07,Методологический слой; проверить источник/единицу измерения
POP-04270,41.2656,69.67161,23,Bundled population grid,2026-07,Методологический слой; проверить источник/единицу измерения
POP-04271,41.27552,69.6878,1408,Bundled population grid,2026-07,Методологический слой; проверить источник/единицу измерения
POP-04272,41.27406,69.67588,2202,Bundled population grid,2026-07,Методологический слой; проверить источник/единицу измерения
POP-04273,41.26004,69.69119,114,Bundled population grid,2026-07,Методологический слой; проверить источник/единицу измерения
POP-04274,41.25859,69.67927,307,Bundled population grid,2026-07,Методологический слой; проверить источник/единицу измерения
POP-04275,41.26705,69.68353,992,Bundled population grid,2026-07,Методологический слой; проверить источник/единицу измерения
POP-04276,41.24403,69.56013,370,Bundled population grid,2026-07,Методологический слой; проверить источник/единицу измерения
POP-04277,41.25396,69.57629,559,Bundled population grid,2026-07,Методологический слой; проверить источник/единицу измерения
POP-04278,41.25249,69.56438,357,Bundled population grid,2026-07,Методологический слой; проверить источник/единицу измерения
POP-04279,41.23703,69.5678,258,Bundled population grid,2026-07,Методологический слой; проверить источник/единицу измерения
POP-04280,41.24695,69.58396,89,Bundled population grid,2026-07,Методологический слой; проверить источник/единицу измерения
POP-04281,41.24549,69.57204,149,Bundled population grid,2026-07,Методологический слой; проверить источник/единицу измерения
POP-04282,41.28927,69.60521,81,Bundled population grid,2026-07,Методологический слой; проверить источник/единицу измерения
POP-04283,41.2738,69.60862,36,Bundled population grid,2026-07,Методологический слой; проверить источник/единицу измерения
POP-04284,41.27234,69.5967,50,Bundled population grid,2026-07,Методологический слой; проверить источник/единицу измерения
POP-04285,41.28226,69.61288,51,Bundled population grid,2026-07,Методологический слой; проверить источник/единицу измерения
POP-04286,41.28081,69.60096,35,Bundled population grid,2026-07,Методологический слой; проверить источник/единицу измерения
POP-04287,41.26796,69.56096,894,Bundled population grid,2026-07,Методологический слой; проверить источник/единицу измерения
POP-04288,41.27789,69.57712,33,Bundled population grid,2026-07,Методологический слой; проверить источник/единицу измерения
POP-04289,41.27643,69.5652,159,Bundled population grid,2026-07,Методологический слой; проверить источник/единицу измерения
POP-04290,41.26242,69.58054,661,Bundled population grid,2026-07,Методологический слой; проверить источник/единицу измерения
POP-04291,41.26096,69.56863,995,Bundled population grid,2026-07,Методологический слой; проверить источник/единицу измерения
POP-04292,41.27088,69.58479,36,Bundled population grid,2026-07,Методологический слой; проверить источник/единицу измерения
POP-04293,41.26942,69.57287,716,Bundled population grid,2026-07,Методологический слой; проверить источник/единицу измерения
POP-04294,41.24286,69.61544,26,Bundled population grid,2026-07,Методологический слой; проверить источник/единицу измерения
POP-04295,41.25278,69.63161,70,Bundled population grid,2026-07,Методологический слой; проверить источник/единицу измерения
POP-04296,41.25133,69.61969,31,Bundled population grid,2026-07,Методологический слой; проверить источник/единицу измерения
POP-04297,41.24578,69.63926,30,Bundled population grid,2026-07,Методологический слой; проверить источник/единицу измерения
POP-04298,41.24432,69.62735,31,Bundled population grid,2026-07,Методологический слой; проверить источник/единицу измерения
POP-04299,41.24141,69.60353,106,Bundled population grid,2026-07,Методологический слой; проверить источник/единицу измерения
POP-04300,41.22594,69.60694,58,Bundled population grid,2026-07,Методологический слой; проверить источник/единицу измерения
POP-04301,41.2344,69.61119,63,Bundled population grid,2026-07,Методологический слой; проверить источник/единицу измерения
POP-04302,41.2668,69.61629,375,Bundled population grid,2026-07,Методологический слой; проверить источник/единицу измерения
POP-04303,41.27671,69.63246,33,Bundled population grid,2026-07,Методологический слой; проверить источник/единицу измерения
POP-04304,41.27526,69.62054,253,Bundled population grid,2026-07,Методологический слой; проверить источник/единицу измерения
POP-04305,41.26124,69.63586,36,Bundled population grid,2026-07,Методологический слой; проверить источник/единицу измерения
POP-04306,41.25979,69.62395,81,Bundled population grid,2026-07,Методологический слой; проверить источник/единицу измерения
POP-04307,41.26971,69.64012,25,Bundled population grid,2026-07,Методологический слой; проверить источник/единицу измерения
POP-04308,41.26825,69.6282,20,Bundled population grid,2026-07,Методологический слой; проверить источник/единицу измерения
POP-04309,41.25542,69.5882,109,Bundled population grid,2026-07,Методологический слой; проверить источник/единицу измерения
POP-04310,41.26534,69.60437,150,Bundled population grid,2026-07,Методологический слой; проверить источник/единицу измерения
POP-04311,41.26388,69.59245,235,Bundled population grid,2026-07,Методологический слой; проверить источник/единицу измерения
POP-04312,41.24987,69.60778,20,Bundled population grid,2026-07,Методологический слой; проверить источник/единицу измерения
POP-04313,41.24841,69.59587,46,Bundled population grid,2026-07,Методологический слой; проверить источник/единицу измерения
POP-04314,41.25833,69.61203,68,Bundled population grid,2026-07,Методологический слой; проверить источник/единицу измерения
POP-04315,41.14597,69.66728,124,Bundled population grid,2026-07,Методологический слой; проверить источник/единицу измерения
POP-04316,41.15587,69.68343,109,Bundled population grid,2026-07,Методологический слой; проверить источник/единицу измерения
POP-04317,41.15443,69.67153,1362,Bundled population grid,2026-07,Методологический слой; проверить источник/единицу измерения
POP-04318,41.14041,69.68681,1028,Bundled population grid,2026-07,Методологический слой; проверить источник/единицу измерения
POP-04319,41.13896,69.67492,99,Bundled population grid,2026-07,Методологический слой; проверить источник/единицу измерения
POP-04320,41.14887,69.69107,119,Bundled population grid,2026-07,Методологический слой; проверить источник/единицу измерения
POP-04321,41.14742,69.67918,1390,Bundled population grid,2026-07,Методологический слой; проверить источник/единицу измерения
POP-04322,41.18125,69.6962,916,Bundled population grid,2026-07,Методологический слой; проверить источник/единицу измерения
POP-04323,41.19115,69.71237,84,Bundled population grid,2026-07,Методологический слой; проверить источник/единицу измерения
POP-04324,41.17568,69.71575,20,Bundled population grid,2026-07,Методологический слой; проверить источник/единицу измерения
POP-04325,41.17424,69.70385,124,Bundled population grid,2026-07,Методологический слой; проверить источник/единицу измерения
POP-04326,41.18414,69.72001,88,Bundled population grid,2026-07,Методологический слой; проверить источник/единицу измерения
POP-04327,41.1827,69.70811,692,Bundled population grid,2026-07,Методологический слой; проверить источник/единицу измерения
POP-04328,41.16989,69.66815,405,Bundled population grid,2026-07,Методологический слой; проверить источник/единицу измерения
POP-04329,41.1798,69.6843,1997,Bundled population grid,2026-07,Методологический слой; проверить источник/единицу измерения
POP-04330,41.17835,69.6724,1519,Bundled population grid,2026-07,Методологический слой; проверить источник/единицу измерения
POP-04331,41.16288,69.67579,1028,Bundled population grid,2026-07,Методологический слой; проверить источник/единицу измерения
POP-04332,41.17279,69.69195,157,Bundled population grid,2026-07,Методологический слой; проверить источник/единицу измерения
POP-04333,41.17134,69.68005,521,Bundled population grid,2026-07,Методологический слой; проверить источник/единицу измерения
POP-04334,41.1334,69.69445,192,Bundled population grid,2026-07,Методологический слой; проверить источник/единицу измерения
POP-04335,41.14186,69.69871,35,Bundled population grid,2026-07,Методологический слой; проверить источник/единицу измерения
POP-04336,41.13578,69.58404,86,Bundled population grid,2026-07,Методологический слой; проверить источник/единицу измерения
POP-04337,41.14424,69.58828,124,Bundled population grid,2026-07,Методологический слой; проверить источник/единицу измерения
POP-04338,41.13724,69.59593,56,Bundled population grid,2026-07,Методологический слой; проверить источник/единицу измерения
POP-04339,41.16408,69.62056,33,Bundled population grid,2026-07,Методологический слой; проверить источник/единицу измерения
POP-04340,41.17399,69.6367,22,Bundled population grid,2026-07,Методологический слой; проверить источник/единицу измерения
POP-04341,41.15971,69.58487,109,Bundled population grid,2026-07,Методологический слой; проверить источник/единицу измерения
POP-04342,41.16817,69.58911,117,Bundled population grid,2026-07,Методологический слой; проверить источник/единицу измерения
POP-04343,41.15416,69.60442,534,Bundled population grid,2026-07,Методологический слой; проверить источник/единицу измерения
POP-04344,41.1527,69.59252,53,Bundled population grid,2026-07,Методологический слой; проверить источник/единицу измерения
POP-04345,41.11769,69.63075,223,Bundled population grid,2026-07,Методологический слой; проверить источник/единицу измерения
POP-04346,41.11623,69.61887,48,Bundled population grid,2026-07,Методологический слой; проверить источник/единицу измерения
POP-04347,41.12615,69.635,99,Bundled population grid,2026-07,Методологический слой; проверить источник/единицу измерения
POP-04348,41.15853,69.6401,26,Bundled population grid,2026-07,Методологический слой; проверить источник/единицу измерения
POP-04349,41.16844,69.65625,22,Bundled population grid,2026-07,Методологический слой; проверить источник/единицу измерения
POP-04350,41.16699,69.64435,28,Bundled population grid,2026-07,Методологический слой; проверить источник/единицу измерения
POP-04351,41.15297,69.65964,165,Bundled population grid,2026-07,Методологический слой; проверить источник/единицу измерения
POP-04352,41.16143,69.66389,1243,Bundled population grid,2026-07,Методологический слой; проверить источник/единицу измерения
POP-04353,41.15998,69.652,349,Bundled population grid,2026-07,Методологический слой; проверить источник/единицу измерения
POP-04354,41.15707,69.6282,454,Bundled population grid,2026-07,Методологический слой; проверить источник/единицу измерения
POP-04355,41.15562,69.61631,898,Bundled population grid,2026-07,Методологический слой; проверить источник/единицу измерения
POP-04356,41.15007,69.63585,36,Bundled population grid,2026-07,Методологический слой; проверить источник/единицу измерения
POP-04357,41.21508,69.71325,407,Bundled population grid,2026-07,Методологический слой; проверить источник/единицу измерения
POP-04358,41.19961,69.71663,38,Bundled population grid,2026-07,Методологический слой; проверить источник/единицу измерения
POP-04359,41.19816,69.70473,21,Bundled population grid,2026-07,Методологический слой; проверить источник/единицу измерения
POP-04360,41.20807,69.7209,709,Bundled population grid,2026-07,Методологический слой; проверить источник/единицу измерения
POP-04361,41.24046,69.72605,61,Bundled population grid,2026-07,Методологический слой; проверить источник/единицу измерения
POP-04362,41.25036,69.74224,352,Bundled population grid,2026-07,Методологический слой; проверить источник/единицу измерения
POP-04363,41.24891,69.73032,45,Bundled population grid,2026-07,Методологический слой; проверить источник/единицу измерения
POP-04364,41.23489,69.74561,137,Bundled population grid,2026-07,Методологический слой; проверить источник/единицу измерения
POP-04365,41.23344,69.7337,124,Bundled population grid,2026-07,Методологический слой; проверить источник/единицу измерения
POP-04366,41.24334,69.74988,474,Bundled population grid,2026-07,Методологический слой; проверить источник/единицу измерения
POP-04367,41.2419,69.73797,78,Bundled population grid,2026-07,Методологический слой; проверить источник/единицу измерения
POP-04368,41.20394,69.75235,68,Bundled population grid,2026-07,Методологический слой; проверить источник/единицу измерения
POP-04369,41.19837,69.7719,428,Bundled population grid,2026-07,Методологический слой; проверить источник/единицу измерения
POP-04370,41.19693,69.75999,1246,Bundled population grid,2026-07,Методологический слой; проверить источник/единицу измерения
POP-04371,41.20539,69.76426,43,Bundled population grid,2026-07,Методологический слой; проверить источник/единицу измерения
POP-04372,41.2025,69.74045,47,Bundled population grid,2026-07,Методологический слой; проверить источник/единицу измерения
POP-04373,41.20106,69.72854,23,Bundled population grid,2026-07,Методологический слой; проверить источник/единицу измерения
POP-04374,41.18703,69.74382,469,Bundled population grid,2026-07,Методологический слой; проверить источник/единицу измерения
POP-04375,41.18559,69.73191,20,Bundled population grid,2026-07,Методологический слой; проверить источник/единицу измерения
POP-04376,41.19549,69.74808,1514,Bundled population grid,2026-07,Методологический слой; проверить источник/единицу измерения
POP-04377,41.19404,69.73618,35,Bundled population grid,2026-07,Методологический слой; проверить источник/единицу измерения
POP-04378,41.22787,69.75325,28,Bundled population grid,2026-07,Методологический слой; проверить источник/единицу измерения
POP-04379,41.2223,69.77281,30,Bundled population grid,2026-07,Методологический слой; проверить источник/единицу измерения
POP-04380,41.22931,69.76517,33,Bundled population grid,2026-07,Методологический слой; проверить источник/единицу измерения
POP-04381,41.21653,69.72516,729,Bundled population grid,2026-07,Методологический слой; проверить источник/единицу измерения
POP-04382,41.22643,69.74134,36,Bundled population grid,2026-07,Методологический слой; проверить источник/единицу измерения
POP-04383,41.22498,69.72943,45,Bundled population grid,2026-07,Методологический слой; проверить источник/единицу измерения
POP-04384,41.20951,69.7328,342,Bundled population grid,2026-07,Методологический слой; проверить источник/единицу измерения
POP-04385,41.21797,69.73707,116,Bundled population grid,2026-07,Методологический слой; проверить источник/единицу измерения
POP-04386,41.24022,69.65883,122,Bundled population grid,2026-07,Методологический слой; проверить источник/единицу измерения
POP-04387,41.23176,69.65457,25,Bundled population grid,2026-07,Методологический слой; проверить источник/единицу измерения
POP-04388,41.21894,69.61459,40,Bundled population grid,2026-07,Методологический слой; проверить источник/единицу измерения
POP-04389,41.2274,69.61885,38,Bundled population grid,2026-07,Методологический слой; проверить источник/единицу измерения
POP-04390,41.21193,69.62225,31,Bundled population grid,2026-07,Методологический слой; проверить источник/единицу измерения
POP-04391,41.22039,69.6265,35,Bundled population grid,2026-07,Методологический слой; проверить источник/единицу измерения
POP-04392,41.18826,69.68856,1046,Bundled population grid,2026-07,Методологический слой; проверить источник/единицу измерения
POP-04393,41.18681,69.67666,266,Bundled population grid,2026-07,Методологический слой; проверить источник/единицу измерения
POP-04394,41.19527,69.68092,35,Bundled population grid,2026-07,Методологический слой; проверить источник/единицу измерения
POP-04395,41.1769,69.6605,58,Bundled population grid,2026-07,Методологический слой; проверить источник/единицу измерения
POP-04396,41.17545,69.6486,49,Bundled population grid,2026-07,Методологический слой; проверить источник/единицу измерения
POP-04397,41.2262,69.67414,38,Bundled population grid,2026-07,Методологический слой; проверить источник/единицу измерения
POP-04398,41.22064,69.6937,20,Bundled population grid,2026-07,Методологический слой; проверить источник/единицу измерения
POP-04399,41.20082,69.66136,28,Bundled population grid,2026-07,Методологический слой; проверить источник/единицу измерения
POP-04400,41.11483,69.35059,631,Bundled population grid,2026-07,Методологический слой; проверить источник/единицу измерения
POP-04401,41.11334,69.33872,121,Bundled population grid,2026-07,Методологический слой; проверить источник/единицу измерения
POP-04402,41.09937,69.35406,924,Bundled population grid,2026-07,Методологический слой; проверить источник/единицу измерения
POP-04403,41.09789,69.34219,291,Bundled population grid,2026-07,Методологический слой; проверить источник/единицу измерения
POP-04404,41.10636,69.34639,89,Bundled population grid,2026-07,Методологический слой; проверить источник/единицу измерения
POP-04405,41.14023,69.36321,142,Bundled population grid,2026-07,Методологический слой; проверить источник/единицу измерения
POP-04406,41.15018,69.37931,889,Bundled population grid,2026-07,Методологический слой; проверить источник/единицу измерения
POP-04407,41.1487,69.36742,498,Bundled population grid,2026-07,Методологический слой; проверить источник/единицу измерения
POP-04408,41.13472,69.38277,312,Bundled population grid,2026-07,Методологический слой; проверить источник/единицу измерения
POP-04409,41.13324,69.37089,60,Bundled population grid,2026-07,Методологический слой; проверить источник/единицу измерения
POP-04410,41.14319,69.38698,1097,Bundled population grid,2026-07,Методологический слой; проверить источник/единицу измерения
POP-04411,41.14171,69.3751,681,Bundled population grid,2026-07,Методологический слой; проверить источник/единицу измерения
POP-04412,41.12879,69.33524,20,Bundled population grid,2026-07,Методологический слой; проверить источник/единицу измерения
POP-04413,41.12181,69.34292,283,Bundled population grid,2026-07,Методологический слой; проверить источник/единицу измерения
POP-04414,41.10381,69.38969,595,Bundled population grid,2026-07,Методологический слой; проверить источник/единицу измерения
POP-04415,41.11376,69.40578,236,Bundled population grid,2026-07,Методологический слой; проверить источник/единицу измерения
POP-04416,41.0983,69.40923,456,Bundled population grid,2026-07,Методологический слой; проверить источник/единицу измерения
POP-04417,41.09683,69.39735,471,Bundled population grid,2026-07,Методологический слой; проверить источник/единицу измерения
POP-04418,41.10677,69.41344,194,Bundled population grid,2026-07,Методологический слой; проверить источник/единицу измерения
POP-04419,41.10529,69.40156,887,Bundled population grid,2026-07,Методологический слой; проверить источник/единицу измерения
POP-04420,41.09239,69.36173,352,Bundled population grid,2026-07,Методологический слой; проверить источник/единицу измерения
POP-04421,41.10234,69.37781,32,Bundled population grid,2026-07,Методологический слой; проверить источник/единицу измерения
POP-04422,41.10085,69.36594,213,Bundled population grid,2026-07,Методологический слой; проверить источник/единицу измерения
POP-04423,41.0854,69.3694,193,Bundled population grid,2026-07,Методологический слой; проверить источник/единицу измерения
POP-04424,41.12774,69.39044,450,Bundled population grid,2026-07,Методологический слой; проверить источник/единицу измерения
POP-04425,41.13768,69.40654,950,Bundled population grid,2026-07,Методологический слой; проверить источник/единицу измерения
POP-04426,41.1362,69.39465,1149,Bundled population grid,2026-07,Методологический слой; проверить источник/единицу измерения
POP-04427,41.12223,69.40999,605,Bundled population grid,2026-07,Методологический слой; проверить источник/единицу измерения
POP-04428,41.13069,69.4142,1297,Bundled population grid,2026-07,Методологический слой; проверить источник/единицу измерения
POP-04429,41.12921,69.40232,898,Bundled population grid,2026-07,Методологический слой; проверить источник/единицу измерения
POP-04430,41.12626,69.37856,117,Bundled population grid,2026-07,Методологический слой; проверить источник/единицу измерения
POP-04431,41.10932,69.37014,367,Bundled population grid,2026-07,Методологический слой; проверить источник/единицу измерения
POP-04432,41.18444,69.46331,453,Bundled population grid,2026-07,Методологический слой; проверить источник/единицу измерения
POP-04433,41.18296,69.45141,1327,Bundled population grid,2026-07,Методологический слой; проверить источник/единицу измерения
POP-04434,41.16898,69.46675,131,Bundled population grid,2026-07,Методологический слой; проверить источник/единицу измерения
POP-04435,41.17744,69.47097,240,Bundled population grid,2026-07,Методологический слой; проверить источник/единицу измерения
POP-04436,41.20983,69.47599,35,Bundled population grid,2026-07,Методологический слой; проверить источник/единицу измерения
POP-04437,41.21977,69.49212,319,Bundled population grid,2026-07,Методологический слой; проверить источник/единицу измерения
POP-04438,41.2183,69.48022,127,Bundled population grid,2026-07,Методологический слой; проверить источник/единицу измерения
POP-04439,41.20431,69.49556,567,Bundled population grid,2026-07,Методологический слой; проверить источник/единицу измерения
POP-04440,41.20284,69.48366,319,Bundled population grid,2026-07,Методологический слой; проверить источник/единицу измерения
POP-04441,41.21277,69.49979,1157,Bundled population grid,2026-07,Методологический слой; проверить источник/единицу измерения
POP-04442,41.2113,69.48789,524,Bundled population grid,2026-07,Методологический слой; проверить источник/единицу измерения
POP-04443,41.1929,69.46753,112,Bundled population grid,2026-07,Методологический слой; проверить источник/единицу измерения
POP-04444,41.19143,69.45564,164,Bundled population grid,2026-07,Методологический слой; проверить источник/единицу измерения
POP-04445,41.17339,69.50243,377,Bundled population grid,2026-07,Методологический слой; проверить источник/единицу измерения
POP-04446,41.18332,69.51856,134,Bundled population grid,2026-07,Методологический слой; проверить источник/единицу измерения
POP-04447,41.18185,69.50666,64,Bundled population grid,2026-07,Методологический слой; проверить источник/единицу измерения
POP-04448,41.16785,69.52198,63,Bundled population grid,2026-07,Методологический слой; проверить источник/единицу измерения
POP-04449,41.16639,69.51009,28,Bundled population grid,2026-07,Методологический слой; проверить источник/единицу измерения
POP-04450,41.17485,69.51432,293,Bundled population grid,2026-07,Методологический слой; проверить источник/единицу измерения
POP-04451,41.17192,69.49053,289,Bundled population grid,2026-07,Методологический слой; проверить источник/единицу измерения
POP-04452,41.15646,69.49397,124,Bundled population grid,2026-07,Методологический слой; проверить источник/единицу измерения
POP-04453,41.15499,69.48208,20,Bundled population grid,2026-07,Методологический слой; проверить источник/единицу измерения
POP-04454,41.16492,69.4982,321,Bundled population grid,2026-07,Методологический слой; проверить источник/единицу измерения
POP-04455,41.20578,69.50746,559,Bundled population grid,2026-07,Методологический слой; проверить источник/единицу измерения
POP-04456,41.19178,69.52279,63,Bundled population grid,2026-07,Методологический слой; проверить источник/единицу измерения
POP-04457,41.18591,69.4752,1015,Bundled population grid,2026-07,Методологический слой; проверить источник/единицу измерения
POP-04458,41.19584,69.49133,400,Bundled population grid,2026-07,Методологический слой; проверить источник/единицу измерения
POP-04459,41.19437,69.47943,94,Bundled population grid,2026-07,Методологический слой; проверить источник/единицу измерения
POP-04460,41.17891,69.48287,86,Bundled population grid,2026-07,Методологический слой; проверить источник/единицу измерения
POP-04461,41.18738,69.4871,200,Bundled population grid,2026-07,Методологический слой; проверить источник/единицу измерения
POP-04462,41.16415,69.36396,208,Bundled population grid,2026-07,Методологический слой; проверить источник/единицу измерения
POP-04463,41.15865,69.38352,1613,Bundled population grid,2026-07,Методологический слой; проверить источник/единицу измерения
POP-04464,41.15717,69.37163,71,Bundled population grid,2026-07,Методологический слой; проверить источник/единицу измерения
POP-04465,41.19951,69.3927,30,Bundled population grid,2026-07,Методологический слой; проверить источник/единицу измерения
POP-04466,41.20946,69.40882,253,Bundled population grid,2026-07,Методологический слой; проверить источник/единицу измерения
POP-04467,41.20798,69.39692,26,Bundled population grid,2026-07,Методологический слой; проверить источник/единицу измерения
POP-04468,41.194,69.41228,693,Bundled population grid,2026-07,Методологический слой; проверить источник/единицу измерения
POP-04469,41.19252,69.40038,28,Bundled population grid,2026-07,Методологический слой; проверить источник/единицу измерения
POP-04470,41.18808,69.3647,124,Bundled population grid,2026-07,Методологический слой; проверить источник/единицу измерения
POP-04471,41.19803,69.38081,112,Bundled population grid,2026-07,Методологический слой; проверить источник/единицу измерения
POP-04472,41.19655,69.36891,445,Bundled population grid,2026-07,Методологический слой; проверить источник/единицу измерения
POP-04473,41.18257,69.38427,99,Bundled population grid,2026-07,Методологический слой; проверить источник/единицу измерения
POP-04474,41.19104,69.38849,332,Bundled population grid,2026-07,Методологический слой; проверить источник/единицу измерения
POP-04475,41.18956,69.37659,56,Bundled population grid,2026-07,Методологический слой; проверить источник/единицу измерения
POP-04476,41.15756,69.43874,413,Bundled population grid,2026-07,Методологический слой; проверить источник/единицу измерения
POP-04477,41.15609,69.42686,273,Bundled population grid,2026-07,Методологический слой; проверить источник/единицу измерения
POP-04478,41.16603,69.44297,23,Bundled population grid,2026-07,Методологический слой; проверить источник/единицу измерения
POP-04479,41.15166,69.39119,243,Bundled population grid,2026-07,Методологический слой; проверить источник/единицу измерения
POP-04480,41.1616,69.4073,33,Bundled population grid,2026-07,Методологический слой; проверить источник/единицу измерения
POP-04481,41.16013,69.39541,132,Bundled population grid,2026-07,Методологический слой; проверить источник/единицу измерения
POP-04482,41.14615,69.41075,157,Bundled population grid,2026-07,Методологический слой; проверить источник/единицу измерения
POP-04483,41.14467,69.39887,197,Bundled population grid,2026-07,Методологический слой; проверить источник/единицу измерения
POP-04484,41.15461,69.41497,71,Bundled population grid,2026-07,Методологический слой; проверить источник/единицу измерения
POP-04485,41.15314,69.40308,53,Bundled population grid,2026-07,Методологический слой; проверить источник/единицу измерения
POP-04486,41.18701,69.41995,74,Bundled population grid,2026-07,Методологический слой; проверить источник/единицу измерения
POP-04487,41.19695,69.43607,40,Bundled population grid,2026-07,Методологический слой; проверить источник/единицу измерения
POP-04488,41.19547,69.42417,94,Bundled population grid,2026-07,Методологический слой; проверить источник/единицу измерения
POP-04489,41.18149,69.43952,1266,Bundled population grid,2026-07,Методологический слой; проверить источник/единицу измерения
POP-04490,41.18001,69.42762,132,Bundled population grid,2026-07,Методологический слой; проверить источник/единицу измерения
POP-04491,41.18996,69.44374,764,Bundled population grid,2026-07,Методологический слой; проверить источник/единицу измерения
POP-04492,41.18848,69.43185,334,Bundled population grid,2026-07,Методологический слой; проверить источник/единицу измерения
POP-04493,41.18553,69.40806,86,Bundled population grid,2026-07,Методологический слой; проверить источник/единицу измерения
POP-04494,41.17706,69.40384,233,Bundled population grid,2026-07,Методологический слой; проверить источник/единицу измерения
POP-04495,41.07623,69.48736,28,Bundled population grid,2026-07,Методологический слой; проверить источник/единицу измерения
POP-04496,41.07476,69.47549,35,Bundled population grid,2026-07,Методологический слой; проверить источник/единицу измерения
POP-04497,41.06078,69.49079,28,Bundled population grid,2026-07,Методологический слой; проверить источник/единицу измерения
POP-04498,41.05931,69.47892,91,Bundled population grid,2026-07,Методологический слой; проверить источник/единицу измерения
POP-04499,41.10162,69.50003,33,Bundled population grid,2026-07,Методологический слой; проверить источник/единицу измерения
POP-04500,41.11155,69.51614,666,Bundled population grid,2026-07,Методологический слой; проверить источник/единицу измерения
POP-04501,41.11008,69.50426,279,Bundled population grid,2026-07,Методологический слой; проверить источник/единицу измерения
POP-04502,41.09462,69.50769,21,Bundled population grid,2026-07,Методологический слой; проверить источник/единицу измерения
POP-04503,41.10308,69.51191,116,Bundled population grid,2026-07,Методологический слой; проверить источник/единицу измерения
POP-04504,41.09022,69.47205,43,Bundled population grid,2026-07,Методологический слой; проверить источник/единицу измерения
POP-04505,41.09868,69.47628,50,Bundled population grid,2026-07,Методологический слой; проверить источник/единицу измерения
POP-04506,41.08469,69.49159,28,Bundled population grid,2026-07,Методологический слой; проверить источник/единицу измерения
POP-04507,41.08322,69.47971,53,Bundled population grid,2026-07,Методологический слой; проверить источник/единицу измерения
POP-04508,41.09316,69.49581,23,Bundled population grid,2026-07,Методологический слой; проверить источник/единицу измерения
POP-04509,41.09169,69.48393,20,Bundled population grid,2026-07,Методологический слой; проверить источник/единицу измерения
POP-04510,41.06517,69.52641,438,Bundled population grid,2026-07,Методологический слой; проверить источник/единицу измерения
POP-04511,41.0751,69.54251,208,Bundled population grid,2026-07,Методологический слой; проверить источник/единицу измерения
POP-04512,41.05964,69.54593,43,Bundled population grid,2026-07,Методологический слой; проверить источник/единицу измерения
POP-04513,41.05818,69.53406,314,Bundled population grid,2026-07,Методологический слой; проверить источник/единицу измерения
POP-04514,41.06664,69.53828,160,Bundled population grid,2026-07,Методологический слой; проверить источник/единицу измерения
POP-04515,41.06224,69.50266,76,Bundled population grid,2026-07,Методологический слой; проверить источник/единицу измерения
POP-04516,41.05671,69.52218,289,Bundled population grid,2026-07,Методологический слой; проверить источник/единицу измерения
POP-04517,41.09902,69.54333,126,Bundled population grid,2026-07,Методологический слой; проверить источник/единицу измерения
POP-04518,41.09202,69.55097,78,Bundled population grid,2026-07,Методологический слой; проверить источник/единицу измерения
POP-04519,41.08616,69.50346,33,Bundled population grid,2026-07,Методологический слой; проверить источник/единицу измерения
POP-04520,41.0707,69.50689,22,Bundled population grid,2026-07,Методологический слой; проверить источник/единицу измерения
POP-04521,41.05598,69.38818,598,Bundled population grid,2026-07,Методологический слой; проверить источник/единицу измерения
POP-04522,41.06592,69.40426,33,Bundled population grid,2026-07,Методологический слой; проверить источник/единицу измерения
POP-04523,41.06444,69.39239,311,Bundled population grid,2026-07,Методологический слой; проверить источник/единицу измерения
POP-04524,41.05047,69.40771,20,Bundled population grid,2026-07,Методологический слой; проверить источник/единицу измерения
POP-04525,41.05893,69.41192,31,Bundled population grid,2026-07,Методологический слой; проверить источник/единицу измерения
POP-04526,41.05746,69.40005,40,Bundled population grid,2026-07,Методологический слой; проверить источник/единицу измерения
POP-04527,41.09132,69.41689,185,Bundled population grid,2026-07,Методологический слой; проверить источник/единицу измерения
POP-04528,41.10126,69.43298,51,Bundled population grid,2026-07,Методологический слой; проверить источник/единицу измерения
POP-04529,41.09978,69.42111,276,Bundled population grid,2026-07,Методологический слой; проверить источник/единицу измерения
POP-04530,41.0858,69.43643,43,Bundled population grid,2026-07,Методологический слой; проверить источник/единицу измерения
POP-04531,41.08433,69.42455,40,Bundled population grid,2026-07,Методологический слой; проверить источник/единицу измерения
POP-04532,41.0799,69.38893,828,Bundled population grid,2026-07,Методологический слой; проверить источник/единицу измерения
POP-04533,41.08984,69.40502,342,Bundled population grid,2026-07,Методологический слой; проверить источник/единицу измерения
POP-04534,41.08836,69.39314,430,Bundled population grid,2026-07,Методологический слой; проверить источник/единицу измерения
POP-04535,41.07439,69.40847,587,Bundled population grid,2026-07,Методологический слой; проверить источник/единицу измерения
POP-04536,41.07291,69.3966,724,Bundled population grid,2026-07,Методологический слой; проверить источник/единицу измерения
POP-04537,41.08285,69.41268,476,Bundled population grid,2026-07,Методологический слой; проверить источник/единицу измерения
POP-04538,41.08137,69.40081,616,Bundled population grid,2026-07,Методологический слой; проверить источник/единицу измерения
POP-04539,41.05489,69.44331,30,Bundled population grid,2026-07,Методологический слой; проверить источник/единицу измерения
POP-04540,41.06483,69.4594,23,Bundled population grid,2026-07,Методологический слой; проверить источник/единицу измерения
POP-04541,41.06336,69.44753,729,Bundled population grid,2026-07,Методологический слой; проверить источник/единицу измерения
POP-04542,41.04348,69.41537,139,Bundled population grid,2026-07,Методологический слой; проверить источник/единицу измерения
POP-04543,41.05342,69.43144,49,Bundled population grid,2026-07,Методологический слой; проверить источник/единицу измерения
POP-04544,41.05195,69.41958,187,Bundled population grid,2026-07,Методологический слой; проверить источник/единицу измерения
POP-04545,41.03797,69.43489,38,Bundled population grid,2026-07,Методологический слой; проверить источник/единицу измерения
POP-04546,41.03649,69.42302,35,Bundled population grid,2026-07,Методологический слой; проверить источник/единицу измерения
POP-04547,41.07881,69.44409,28,Bundled population grid,2026-07,Методологический слой; проверить источник/единицу измерения
POP-04548,41.08875,69.46018,51,Bundled population grid,2026-07,Методологический слой; проверить источник/единицу измерения
POP-04549,41.08727,69.4483,50,Bundled population grid,2026-07,Методологический слой; проверить источник/единицу измерения
POP-04550,41.07329,69.46362,340,Bundled population grid,2026-07,Методологический слой; проверить источник/единицу измерения
POP-04551,41.07182,69.45174,235,Bundled population grid,2026-07,Методологический слой; проверить источник/единицу измерения
POP-04552,41.08175,69.46783,66,Bundled population grid,2026-07,Методологический слой; проверить источник/единицу измерения
POP-04553,41.08028,69.45596,91,Bundled population grid,2026-07,Методологический слой; проверить источник/единицу измерения
POP-04554,41.0674,69.41613,20,Bundled population grid,2026-07,Методологический слой; проверить источник/единицу измерения
POP-04555,41.07734,69.43221,213,Bundled population grid,2026-07,Методологический слой; проверить источник/единицу измерения
POP-04556,41.07586,69.42034,106,Bundled population grid,2026-07,Методологический слой; проверить источник/единицу измерения
POP-04557,41.06188,69.43566,218,Bundled population grid,2026-07,Методологический слой; проверить источник/единицу измерения
POP-04558,41.06041,69.42379,25,Bundled population grid,2026-07,Методологический слой; проверить источник/единицу измерения
POP-04559,41.07035,69.43987,651,Bundled population grid,2026-07,Методологический слой; проверить источник/единицу измерения
POP-04560,41.06887,69.428,86,Bundled population grid,2026-07,Методологический слой; проверить источник/единицу измерения
POP-04561,41.12554,69.50083,43,Bundled population grid,2026-07,Методологический слой; проверить источник/единицу измерения
POP-04562,41.134,69.50506,223,Bundled population grid,2026-07,Методологический слой; проверить источник/единицу измерения
POP-04563,41.12001,69.52037,144,Bundled population grid,2026-07,Методологический слой; проверить источник/единицу измерения
POP-04564,41.11854,69.50849,1071,Bundled population grid,2026-07,Методологический слой; проверить источник/единицу измерения
POP-04565,41.12701,69.51272,89,Bundled population grid,2026-07,Методологический слой; проверить источник/единицу измерения
POP-04566,41.16378,69.55343,311,Bundled population grid,2026-07,Методологический слой; проверить источник/единицу измерения
POP-04567,41.16232,69.54154,241,Bundled population grid,2026-07,Методологический слой; проверить источник/единицу измерения
POP-04568,41.14946,69.50163,129,Bundled population grid,2026-07,Методологический слой; проверить источник/единицу измерения
POP-04569,41.15939,69.51775,40,Bundled population grid,2026-07,Методологический слой; проверить источник/единицу измерения
POP-04570,41.15792,69.50586,203,Bundled population grid,2026-07,Методологический слой; проверить источник/единицу измерения
POP-04571,41.14246,69.50929,78,Bundled population grid,2026-07,Методологический слой; проверить источник/единицу измерения
POP-04572,41.15093,69.51352,43,Bundled population grid,2026-07,Методологический слой; проверить источник/единицу измерения
POP-04573,41.1244,69.55603,104,Bundled population grid,2026-07,Методологический слой; проверить источник/единицу измерения
POP-04574,41.13432,69.57215,26,Bundled population grid,2026-07,Методологический слой; проверить источник/единицу измерения
POP-04575,41.13286,69.56026,192,Bundled population grid,2026-07,Методологический слой; проверить источник/единицу измерения
POP-04576,41.11886,69.57556,410,Bundled population grid,2026-07,Методологический слой; проверить источник/единицу измерения
POP-04577,41.1174,69.56368,20,Bundled population grid,2026-07,Методологический слой; проверить источник/единицу измерения
POP-04578,41.12732,69.5798,193,Bundled population grid,2026-07,Методологический слой; проверить источник/единицу измерения
POP-04579,41.11301,69.52802,481,Bundled population grid,2026-07,Методологический слой; проверить источник/единицу измерения
POP-04580,41.12294,69.54414,28,Bundled population grid,2026-07,Методологический слой; проверить источник/единицу измерения
POP-04581,41.12147,69.53226,84,Bundled population grid,2026-07,Методологический слой; проверить источник/единицу измерения
POP-04582,41.10601,69.53568,25,Bundled population grid,2026-07,Методологический слой; проверить источник/единицу измерения
POP-04583,41.11594,69.55179,46,Bundled population grid,2026-07,Методологический слой; проверить источник/единицу измерения
POP-04584,41.11448,69.53991,109,Bundled population grid,2026-07,Методологический слой; проверить источник/единицу измерения
POP-04585,41.14832,69.55685,997,Bundled population grid,2026-07,Методологический слой; проверить источник/единицу измерения
POP-04586,41.15825,69.57298,691,Bundled population grid,2026-07,Методологический слой; проверить источник/единицу измерения
POP-04587,41.15678,69.56108,679,Bundled population grid,2026-07,Методологический слой; проверить источник/единицу измерения
POP-04588,41.14278,69.57639,89,Bundled population grid,2026-07,Методологический слой; проверить источник/единицу измерения
POP-04589,41.14132,69.5645,154,Bundled population grid,2026-07,Методологический слой; проверить источник/единицу измерения
POP-04590,41.15124,69.58063,461,Bundled population grid,2026-07,Методологический слой; проверить источник/единицу измерения
POP-04591,41.14978,69.56874,926,Bundled population grid,2026-07,Методологический слой; проверить источник/единицу измерения
POP-04592,41.14686,69.54496,44,Bundled population grid,2026-07,Методологический слой; проверить источник/единицу измерения
POP-04593,41.1314,69.54838,55,Bundled population grid,2026-07,Методологический слой; проверить источник/единицу измерения
POP-04594,41.12994,69.53649,112,Bundled population grid,2026-07,Методологический слой; проверить источник/единицу измерения
POP-04595,41.13986,69.55261,119,Bundled population grid,2026-07,Методологический слой; проверить источник/единицу измерения
POP-04596,41.1384,69.54072,81,Bundled population grid,2026-07,Методологический слой; проверить источник/единицу измерения
POP-04597,41.11524,69.41766,63,Bundled population grid,2026-07,Методологический слой; проверить источник/единицу измерения
POP-04598,41.12518,69.43375,858,Bundled population grid,2026-07,Методологический слой; проверить источник/единицу измерения
POP-04599,41.1237,69.42187,934,Bundled population grid,2026-07,Методологический слой; проверить источник/единицу измерения
POP-04600,41.10972,69.4372,256,Bundled population grid,2026-07,Методологический слой; проверить источник/единицу измерения
POP-04601,41.10825,69.42532,446,Bundled population grid,2026-07,Методологический слой; проверить источник/единицу измерения
POP-04602,41.11819,69.44142,147,Bundled population grid,2026-07,Методологический слой; проверить источник/единицу измерения
POP-04603,41.11671,69.42954,541,Bundled population grid,2026-07,Методологический слой; проверить источник/единицу измерения
POP-04604,41.15057,69.44641,965,Bundled population grid,2026-07,Методологический слой; проверить источник/единицу измерения
POP-04605,41.16051,69.46252,377,Bundled population grid,2026-07,Методологический слой; проверить источник/единицу измерения
POP-04606,41.15904,69.45063,557,Bundled population grid,2026-07,Методологический слой; проверить источник/единицу измерения
POP-04607,41.14358,69.45408,454,Bundled population grid,2026-07,Методологический слой; проверить источник/единицу измерения
POP-04608,41.15205,69.4583,600,Bundled population grid,2026-07,Методологический слой; проверить источник/единицу измерения
POP-04609,41.13916,69.41842,316,Bundled population grid,2026-07,Методологический слой; проверить источник/единицу измерения
POP-04610,41.1491,69.43452,372,Bundled population grid,2026-07,Методологический слой; проверить источник/единицу измерения
POP-04611,41.14762,69.42264,641,Bundled population grid,2026-07,Методологический слой; проверить источник/единицу измерения
POP-04612,41.13364,69.43797,1668,Bundled population grid,2026-07,Методологический слой; проверить источник/единицу измерения
POP-04613,41.13217,69.42609,593,Bundled population grid,2026-07,Методологический слой; проверить источник/единицу измерения
POP-04614,41.14211,69.44219,395,Bundled population grid,2026-07,Методологический слой; проверить источник/единицу измерения
POP-04615,41.14063,69.43031,119,Bundled population grid,2026-07,Методологический слой; проверить источник/единицу измерения
POP-04616,41.11414,69.47284,253,Bundled population grid,2026-07,Методологический слой; проверить источник/единицу измерения
POP-04617,41.12407,69.48895,646,Bundled population grid,2026-07,Методологический слой; проверить источник/единицу измерения
POP-04618,41.1226,69.47706,359,Bundled population grid,2026-07,Методологический слой; проверить источник/единицу измерения
POP-04619,41.10714,69.4805,63,Bundled population grid,2026-07,Методологический слой; проверить источник/единицу измерения
POP-04620,41.11708,69.4966,281,Bundled population grid,2026-07,Методологический слой; проверить источник/единицу измерения
POP-04621,41.11561,69.48472,335,Bundled population grid,2026-07,Методологический слой; проверить источник/единицу измерения
POP-04622,41.11267,69.46096,321,Bundled population grid,2026-07,Методологический слой; проверить источник/единицу измерения
POP-04623,41.09721,69.4644,33,Bundled population grid,2026-07,Методологический слой; проверить источник/единицу измерения
POP-04624,41.10567,69.46862,137,Bundled population grid,2026-07,Методологический слой; проверить источник/единицу измерения
POP-04625,41.1042,69.45674,55,Bundled population grid,2026-07,Методологический слой; проверить источник/единицу измерения
POP-04626,41.14799,69.48974,81,Bundled population grid,2026-07,Методологический слой; проверить источник/единицу измерения
POP-04627,41.13106,69.48129,20,Bundled population grid,2026-07,Методологический слой; проверить источник/единицу измерения
POP-04628,41.12665,69.44564,342,Bundled population grid,2026-07,Методологический слой; проверить источник/единицу измерения
POP-04629,41.13659,69.46174,40,Bundled population grid,2026-07,Методологический слой; проверить источник/единицу измерения
POP-04630,41.13512,69.44986,102,Bundled population grid,2026-07,Методологический слой; проверить источник/единицу измерения
POP-04631,41.12113,69.46518,22,Bundled population grid,2026-07,Методологический слой; проверить источник/единицу измерения
POP-04632,41.12959,69.4694,524,Bundled population grid,2026-07,Методологический слой; проверить источник/единицу измерения
POP-04633,41.12812,69.45752,129,Bundled population grid,2026-07,Методологический слой; проверить источник/единицу измерения
POP-04634,40.77687,70.09346,41,Bundled population grid,2026-07,Методологический слой; проверить источник/единицу измерения
POP-04635,40.77827,70.1053,33,Bundled population grid,2026-07,Методологический слой; проверить источник/единицу измерения
POP-04636,40.833,70.23337,20,Bundled population grid,2026-07,Методологический слой; проверить источник/единицу измерения
POP-04637,40.99027,70.35871,56,Bundled population grid,2026-07,Методологический слой; проверить источник/единицу измерения
POP-04638,41.02399,70.37608,23,Bundled population grid,2026-07,Методологический слой; проверить источник/единицу измерения
POP-04639,41.08592,70.36327,45,Bundled population grid,2026-07,Методологический слой; проверить источник/единицу измерения
POP-04640,40.97049,70.39321,58,Bundled population grid,2026-07,Методологический слой; проверить источник/единицу измерения
POP-04641,40.93011,70.11582,181,Bundled population grid,2026-07,Методологический слой; проверить источник/единицу измерения
POP-04642,40.9287,70.10395,374,Bundled population grid,2026-07,Методологический слой; проверить источник/единицу измерения
POP-04643,40.92307,70.12338,28,Bundled population grid,2026-07,Методологический слой; проверить источник/единицу измерения
POP-04644,40.92167,70.11151,319,Bundled population grid,2026-07,Методологический слой; проверить источник/единицу измерения
POP-04645,40.96526,70.14491,195,Bundled population grid,2026-07,Методологический слой; проверить источник/единицу измерения
POP-04646,40.95822,70.15247,112,Bundled population grid,2026-07,Методологический слой; проверить источник/единицу измерения
POP-04647,40.93854,70.12012,21,Bundled population grid,2026-07,Методологический слой; проверить источник/единицу измерения
POP-04648,40.93714,70.10825,20,Bundled population grid,2026-07,Методологический слой; проверить источник/единицу измерения
POP-04649,40.94558,70.11255,23,Bundled population grid,2026-07,Методологический слой; проверить источник/единицу измерения
POP-04650,40.92867,70.17084,38,Bundled population grid,2026-07,Методологический слой; проверить источник/единицу измерения
POP-04651,40.92164,70.17839,109,Bundled population grid,2026-07,Методологический слой; проверить источник/единицу измерения
POP-04652,40.9076,70.12664,25,Bundled population grid,2026-07,Методологический слой; проверить источник/единицу измерения
POP-04653,40.95258,70.1719,225,Bundled population grid,2026-07,Методологический слой; проверить источник/единицу измерения
POP-04654,40.93711,70.17515,106,Bundled population grid,2026-07,Методологический слой; проверить источник/единицу измерения
POP-04655,40.94554,70.17946,225,Bundled population grid,2026-07,Методологический слой; проверить источник/единицу измерения
POP-04656,40.92588,70.14711,21,Bundled population grid,2026-07,Методологический слой; проверить источник/единицу измерения
POP-04657,41.02424,70.24209,38,Bundled population grid,2026-07,Методологический слой; проверить источник/единицу измерения
POP-04658,41.02285,70.2302,150,Bundled population grid,2026-07,Методологический слой; проверить источник/единицу измерения
POP-04659,40.97077,70.25933,25,Bundled population grid,2026-07,Методологический слой; проверить источник/единицу измерения
POP-04660,40.97369,70.14921,71,Bundled population grid,2026-07,Методологический слой; проверить источник/единицу измерения
POP-04661,40.97229,70.13734,41,Bundled population grid,2026-07,Методологический слой; проверить источник/единицу измерения
POP-04662,41.01448,70.1589,45,Bundled population grid,2026-07,Методологический слой; проверить источник/единицу измерения
POP-04663,41.02431,70.17509,324,Bundled population grid,2026-07,Методологический слой; проверить источник/единицу измерения
POP-04664,41.02291,70.16321,322,Bundled population grid,2026-07,Методологический слой; проверить источник/единицу измерения
POP-04665,41.01727,70.18266,306,Bundled population grid,2026-07,Методологический слой; проверить источник/единицу измерения
POP-04666,41.01588,70.17078,276,Bundled population grid,2026-07,Методологический слой; проверить источник/единицу измерения
POP-04667,41.00324,70.13082,727,Bundled population grid,2026-07,Методологический слой; проверить источник/единицу измерения
POP-04668,41.01308,70.14701,40,Bundled population grid,2026-07,Методологический слой; проверить источник/единицу измерения
POP-04669,41.01167,70.13513,517,Bundled population grid,2026-07,Методологический слой; проверить источник/единицу измерения
POP-04670,41.00464,70.1427,61,Bundled population grid,2026-07,Методологический слой; проверить источник/единицу измерения
POP-04671,40.96665,70.15678,205,Bundled population grid,2026-07,Методологический слой; проверить источник/единицу измерения
POP-04672,40.96102,70.17621,71,Bundled population grid,2026-07,Методологический слой; проверить источник/единицу измерения
POP-04673,40.95962,70.16434,331,Bundled population grid,2026-07,Методологический слой; проверить источник/единицу измерения
POP-04674,41.0018,70.18591,86,Bundled population grid,2026-07,Методологический слой; проверить источник/единицу измерения
POP-04675,40.99476,70.19347,23,Bundled population grid,2026-07,Методологический слой; проверить источник/единицу измерения
POP-04676,40.999,70.16215,60,Bundled population grid,2026-07,Методологический слой; проверить источник/единицу измерения
POP-04677,40.86106,70.27002,59,Bundled population grid,2026-07,Методологический слой; проверить источник/единицу измерения
POP-04678,40.91599,70.19781,238,Bundled population grid,2026-07,Методологический слой; проверить источник/единицу измерения
POP-04679,40.90896,70.20536,152,Bundled population grid,2026-07,Методологический слой; проверить источник/единицу измерения
POP-04680,40.90331,70.22477,38,Bundled population grid,2026-07,Методологический слой; проверить источник/единицу измерения
POP-04681,40.89209,70.19674,33,Bundled population grid,2026-07,Методологический слой; проверить источник/единицу измерения
POP-04682,40.93416,70.2852,26,Bundled population grid,2026-07,Методологический слой; проверить источник/единицу измерения
POP-04683,40.93693,70.30894,73,Bundled population grid,2026-07,Методологический слой; проверить источник/единицу измерения
POP-04684,40.9636,70.33381,38,Bundled population grid,2026-07,Методологический слой; проверить источник/единицу измерения
POP-04685,40.93007,70.1827,132,Bundled population grid,2026-07,Методологический слой; проверить источник/единицу измерения
POP-04686,40.92303,70.19026,43,Bundled population grid,2026-07,Методологический слой; проверить источник/единицу измерения
POP-04687,40.91739,70.20967,21,Bundled population grid,2026-07,Методологический слой; проверить источник/единицу измерения
POP-04688,40.91174,70.22909,22,Bundled population grid,2026-07,Методологический слой; проверить источник/единицу измерения
POP-04689,40.91035,70.21722,347,Bundled population grid,2026-07,Методологический слой; проверить источник/единицу измерения
POP-04690,41.01324,70.6278,120,Bundled population grid,2026-07,Методологический слой; проверить источник/единицу измерения
POP-04691,41.00617,70.63531,56,Bundled population grid,2026-07,Методологический слой; проверить источник/единицу измерения
POP-04692,41.00482,70.62342,28,Bundled population grid,2026-07,Методологический слой; проверить источник/единицу измерения
POP-04693,40.97654,70.65346,52,Bundled population grid,2026-07,Методологический слой; проверить источник/единицу измерения
POP-04694,40.96813,70.64908,36,Bundled population grid,2026-07,Методологический слой; проверить источник/единицу измерения
POP-04695,40.9991,70.64282,195,Bundled population grid,2026-07,Методологический слой; проверить источник/единицу измерения
POP-04696,40.99775,70.63093,360,Bundled population grid,2026-07,Методологический слой; проверить источник/единицу измерения
POP-04697,40.98361,70.64595,483,Bundled population grid,2026-07,Методологический слой; проверить источник/единицу измерения
POP-04698,40.99068,70.63844,200,Bundled population grid,2026-07,Методологический слой; проверить источник/единицу измерения
POP-04699,40.99098,70.57148,23,Bundled population grid,2026-07,Методологический слой; проверить источник/единицу измерения
POP-04700,40.8641,70.6397,423,Bundled population grid,2026-07,Методологический слой; проверить источник/единицу измерения
POP-04701,40.9146,70.66595,60,Bundled population grid,2026-07,Методологический слой; проверить источник/единицу измерения
POP-04702,40.85703,70.64719,241,Bundled population grid,2026-07,Методологический слой; проверить источник/единицу измерения
POP-04703,40.85131,70.66654,726,Bundled population grid,2026-07,Методологический слой; проверить источник/единицу измерения
POP-04704,40.85838,70.65905,113,Bundled population grid,2026-07,Методологический слой; проверить источник/единицу измерения
POP-04705,40.88632,70.69592,60,Bundled population grid,2026-07,Методологический слой; проверить источник/единицу измерения
POP-04706,40.92873,70.65095,107,Bundled population grid,2026-07,Методологический слой; проверить источник/единицу измерения
POP-04707,40.92166,70.65845,51,Bundled population grid,2026-07,Методологический слой; проверить источник/единицу измерения
POP-04708,40.9624,70.66847,44,Bundled population grid,2026-07,Методологический слой; проверить источник/единицу измерения
POP-04709,40.96106,70.65658,52,Bundled population grid,2026-07,Методологический слой; проверить источник/единицу измерения
POP-04710,40.95533,70.67597,23,Bundled population grid,2026-07,Методологический слой; проверить источник/единицу измерения
POP-04711,40.90887,70.68532,37,Bundled population grid,2026-07,Методологический слой; проверить источник/единицу измерения
POP-04712,40.94826,70.68347,96,Bundled population grid,2026-07,Методологический слой; проверить источник/единицу измерения
POP-04713,40.96407,70.61342,27,Bundled population grid,2026-07,Методологический слой; проверить источник/единицу измерения
POP-04714,40.95701,70.62093,41,Bundled population grid,2026-07,Методологический слой; проверить источник/единицу измерения
POP-04715,40.94994,70.62844,73,Bundled population grid,2026-07,Методологический слой; проверить источник/единицу измерения
POP-04716,40.9358,70.64345,152,Bundled population grid,2026-07,Методологический слой; проверить источник/единицу измерения
POP-04717,40.94287,70.63594,141,Bundled population grid,2026-07,Методологический слой; проверить источник/единицу измерения
POP-04718,40.70838,69.5928,33,Bundled population grid,2026-07,Методологический слой; проверить источник/единицу измерения
POP-04719,40.78587,69.64257,20,Bundled population grid,2026-07,Методологический слой; проверить источник/единицу измерения
POP-04720,40.76921,69.70081,22,Bundled population grid,2026-07,Методологический слой; проверить источник/единицу измерения
POP-04721,40.77715,69.57165,63,Bundled population grid,2026-07,Методологический слой; проверить источник/единицу измерения
POP-04722,40.7856,69.57586,162,Bundled population grid,2026-07,Методологический слой; проверить источник/единицу измерения
POP-04723,40.77015,69.57925,53,Bundled population grid,2026-07,Методологический слой; проверить источник/единицу измерения
POP-04724,40.7786,69.58347,116,Bundled population grid,2026-07,Методологический слой; проверить источник/единицу измерения
POP-04725,40.74917,69.60205,50,Bundled population grid,2026-07,Методологический слой; проверить источник/единицу измерения
POP-04726,40.73926,69.58603,21,Bundled population grid,2026-07,Методологический слой; проверить источник/единицу измерения
POP-04727,40.72382,69.58941,154,Bundled population grid,2026-07,Методологический слой; проверить источник/единицу измерения
POP-04728,40.73227,69.59362,135,Bundled population grid,2026-07,Методологический слой; проверить источник/единицу измерения
POP-04729,40.76316,69.58685,41,Bundled population grid,2026-07,Методологический слой; проверить источник/единицу измерения
POP-04730,40.75616,69.59445,78,Bundled population grid,2026-07,Методологический слой; проверить источник/единицу измерения
POP-04731,40.63143,69.67622,41,Bundled population grid,2026-07,Методологический слой; проверить источник/единицу измерения
POP-04732,40.67509,69.70913,30,Bundled population grid,2026-07,Методологический слой; проверить источник/единицу измерения
POP-04733,40.71174,69.74966,175,Bundled population grid,2026-07,Методологический слой; проверить источник/единицу измерения
POP-04734,40.69053,69.70578,149,Bundled population grid,2026-07,Методологический слой; проверить источник/единицу измерения
POP-04735,40.72431,69.72269,124,Bundled population grid,2026-07,Методологический слой; проверить источник/единицу измерения
POP-04736,40.70284,69.61219,46,Bundled population grid,2026-07,Методологический слой; проверить источник/единицу измерения
POP-04737,40.71683,69.59701,236,Bundled population grid,2026-07,Методологический слой; проверить источник/единицу измерения
POP-04738,40.72528,69.60122,68,Bundled population grid,2026-07,Методологический слой; проверить источник/единицу измерения
POP-04739,40.71129,69.61641,56,Bundled population grid,2026-07,Методологический слой; проверить источник/единицу измерения
POP-04740,40.70983,69.6046,445,Bundled population grid,2026-07,Методологический слой; проверить источник/единицу измерения
POP-04741,40.70429,69.624,63,Bundled population grid,2026-07,Методологический слой; проверить источник/единицу измерения
POP-04742,40.92951,69.71455,172,Bundled population grid,2026-07,Методологический слой; проверить источник/единицу измерения
POP-04743,40.93941,69.73064,76,Bundled population grid,2026-07,Методологический слой; проверить источник/единицу измерения
POP-04744,40.93796,69.71879,1448,Bundled population grid,2026-07,Методологический слой; проверить источник/единицу измерения
POP-04745,40.92395,69.734,83,Bundled population grid,2026-07,Методологический слой; проверить источник/единицу измерения
POP-04746,40.92251,69.72215,26,Bundled population grid,2026-07,Методологический слой; проверить источник/единицу измерения
POP-04747,40.93096,69.7264,283,Bundled population grid,2026-07,Методологический слой; проверить источник/единицу измерения
POP-04748,40.96476,69.74339,23,Bundled population grid,2026-07,Методологический слой; проверить источник/единицу измерения
POP-04749,40.97465,69.75951,30,Bundled population grid,2026-07,Методологический слой; проверить источник/единицу измерения
POP-04750,40.94786,69.73489,81,Bundled population grid,2026-07,Методологический слой; проверить источник/единицу измерения
POP-04751,40.94642,69.72304,602,Bundled population grid,2026-07,Методологический слой; проверить источник/единицу измерения
POP-04752,40.95631,69.73914,33,Bundled population grid,2026-07,Методологический слой; проверить источник/единицу измерения
POP-04753,40.95487,69.72728,48,Bundled population grid,2026-07,Методологический слой; проверить источник/единицу измерения
POP-04754,40.93672,69.77382,23,Bundled population grid,2026-07,Методологический слой; проверить источник/единицу измерения
POP-04755,40.9227,69.78902,64,Bundled population grid,2026-07,Методологический слой; проверить источник/единицу измерения
POP-04756,40.92126,69.77716,20,Bundled population grid,2026-07,Методологический слой; проверить источник/единицу измерения
POP-04757,40.93115,69.79327,40,Bundled population grid,2026-07,Методологический слой; проверить источник/единицу измерения
POP-04758,40.92971,69.78142,23,Bundled population grid,2026-07,Методологический слой; проверить источник/единицу измерения
POP-04759,40.91694,69.74161,471,Bundled population grid,2026-07,Методологический слой; проверить источник/единицу измерения
POP-04760,40.91137,69.76106,1129,Bundled population grid,2026-07,Методологический слой; проверить источник/единицу измерения
POP-04761,40.90993,69.74921,762,Bundled population grid,2026-07,Методологический слой; проверить источник/единицу измерения
POP-04762,40.91982,69.76531,155,Bundled population grid,2026-07,Методологический слой; проверить источник/единицу измерения
POP-04763,40.91838,69.75346,397,Bundled population grid,2026-07,Методологический слой; проверить источник/единицу измерения
POP-04764,40.96063,69.77472,22,Bundled population grid,2026-07,Методологический слой; проверить источник/единицу измерения
POP-04765,40.95074,69.75861,28,Bundled population grid,2026-07,Методологический слой; проверить источник/единицу измерения
POP-04766,40.94373,69.76621,28,Bundled population grid,2026-07,Методологический слой; проверить источник/единицу измерения
POP-04767,40.99042,69.89004,32,Bundled population grid,2026-07,Методологический слой; проверить источник/единицу измерения
POP-04768,40.98867,69.74428,114,Bundled population grid,2026-07,Методологический слой; проверить источник/единицу измерения
POP-04769,41.02679,69.79693,23,Bundled population grid,2026-07,Методологический слой; проверить источник/единицу измерения
POP-04770,40.97609,69.77137,22,Bundled population grid,2026-07,Методологический слой; проверить источник/единицу измерения
POP-04771,41.01133,69.80027,23,Bundled population grid,2026-07,Методологический слой; проверить источник/единицу измерения
POP-04772,41.01978,69.80454,33,Bundled population grid,2026-07,Методологический слой; проверить источник/единицу измерения
POP-04773,41.00989,69.7884,23,Bundled population grid,2026-07,Методологический слой; проверить источник/единицу измерения
POP-04774,40.8905,69.85069,808,Bundled population grid,2026-07,Методологический слой; проверить источник/единицу измерения
POP-04775,40.90037,69.8668,205,Bundled population grid,2026-07,Методологический слой; проверить источник/единицу измерения
POP-04776,40.89895,69.85495,552,Bundled population grid,2026-07,Методологический слой; проверить источник/единицу измерения
POP-04777,40.88491,69.87012,28,Bundled population grid,2026-07,Методологический слой; проверить источник/единицу измерения
POP-04778,40.88349,69.85827,466,Bundled population grid,2026-07,Методологический слой; проверить источник/единицу измерения
POP-04779,40.89336,69.87438,911,Bundled population grid,2026-07,Методологический слой; проверить источник/единицу измерения
POP-04780,40.89193,69.86253,891,Bundled population grid,2026-07,Методологический слой; проверить источник/единицу измерения
POP-04781,40.93558,69.89572,137,Bundled population grid,2026-07,Методологический слой; проверить источник/единицу измерения
POP-04782,40.93415,69.88386,43,Bundled population grid,2026-07,Методологический слой; проверить источник/единицу измерения
POP-04783,40.92012,69.89904,188,Bundled population grid,2026-07,Методологический слой; проверить источник/единицу измерения
POP-04784,40.91441,69.85162,38,Bundled population grid,2026-07,Методологический слой; проверить источник/единицу измерения
POP-04785,40.92428,69.86774,53,Bundled population grid,2026-07,Методологический слой; проверить источник/единицу измерения
POP-04786,40.92285,69.85588,390,Bundled population grid,2026-07,Методологический слой; проверить источник/единицу измерения
POP-04787,40.88919,69.90567,64,Bundled population grid,2026-07,Методологический слой; проверить источник/единицу измерения
POP-04788,40.89906,69.92179,149,Bundled population grid,2026-07,Методологический слой; проверить источник/единицу измерения
POP-04789,40.89764,69.90994,352,Bundled population grid,2026-07,Методологический слой; проверить источник/единицу измерения
POP-04790,40.88777,69.89382,198,Bundled population grid,2026-07,Методологический слой; проверить источник/единицу измерения
POP-04791,40.88634,69.88197,63,Bundled population grid,2026-07,Методологический слой; проверить источник/единицу измерения
POP-04792,40.87231,69.89713,585,Bundled population grid,2026-07,Методологический слой; проверить источник/единицу измерения
POP-04793,40.87088,69.88529,390,Bundled population grid,2026-07,Методологический слой; проверить источник/единицу измерения
POP-04794,40.87932,69.88955,245,Bundled population grid,2026-07,Методологический слой; проверить источник/единицу измерения
POP-04795,40.9131,69.90663,48,Bundled population grid,2026-07,Методологический слой; проверить источник/единицу измерения
POP-04796,40.92296,69.92275,132,Bundled population grid,2026-07,Методологический слой; проверить источник/единицу измерения
POP-04797,40.92154,69.9109,365,Bundled population grid,2026-07,Методологический слой; проверить источник/единицу измерения
POP-04798,40.9075,69.92606,1073,Bundled population grid,2026-07,Методологический слой; проверить источник/единицу измерения
POP-04799,40.90608,69.91421,106,Bundled population grid,2026-07,Методологический слой; проверить источник/единицу измерения
POP-04800,40.91594,69.93034,780,Bundled population grid,2026-07,Методологический слой; проверить источник/единицу измерения
POP-04801,40.91452,69.91848,134,Bundled population grid,2026-07,Методологический слой; проверить источник/единицу измерения
POP-04802,40.9018,69.87865,390,Bundled population grid,2026-07,Методологический слой; проверить источник/единицу измерения
POP-04803,40.89621,69.89809,957,Bundled population grid,2026-07,Методологический слой; проверить источник/единицу измерения
POP-04804,40.89479,69.88624,987,Bundled population grid,2026-07,Методологический слой; проверить источник/единицу измерения
POP-04805,40.90323,69.8905,124,Bundled population grid,2026-07,Методологический слой; проверить источник/единицу измерения
POP-04806,40.88046,69.76776,28,Bundled population grid,2026-07,Методологический слой; проверить источник/единицу измерения
POP-04807,40.89035,69.78385,33,Bundled population grid,2026-07,Методологический слой; проверить источник/единицу измерения
POP-04808,40.87489,69.7872,506,Bundled population grid,2026-07,Методологический слой; проверить источник/единицу измерения
POP-04809,40.87345,69.77535,408,Bundled population grid,2026-07,Методологический слой; проверить источник/единицу измерения
POP-04810,40.91569,69.79661,1240,Bundled population grid,2026-07,Методологический слой; проверить источник/единицу измерения
POP-04811,40.92557,69.81272,980,Bundled population grid,2026-07,Методологический слой; проверить источник/единицу измерения
POP-04812,40.92413,69.80087,479,Bundled population grid,2026-07,Методологический слой; проверить источник/единицу измерения
POP-04813,40.91011,69.81606,823,Bundled population grid,2026-07,Методологический слой; проверить источник/единицу измерения
POP-04814,40.90868,69.80421,878,Bundled population grid,2026-07,Методологический слой; проверить источник/единицу измерения
POP-04815,40.91856,69.82032,686,Bundled population grid,2026-07,Методологический слой; проверить источник/единицу измерения
POP-04816,40.91712,69.80847,499,Bundled population grid,2026-07,Методологический слой; проверить источник/единицу измерения
POP-04817,40.90437,69.76866,871,Bundled population grid,2026-07,Методологический слой; проверить источник/единицу измерения
POP-04818,40.91425,69.78476,1210,Bundled population grid,2026-07,Методологический слой; проверить источник/единицу измерения
POP-04819,40.91281,69.77291,1127,Bundled population grid,2026-07,Методологический слой; проверить источник/единицу измерения
POP-04820,40.89879,69.78811,377,Bundled population grid,2026-07,Методологический слой; проверить источник/единицу измерения
POP-04821,40.90724,69.79236,977,Bundled population grid,2026-07,Методологический слой; проверить источник/единицу измерения
POP-04822,40.9058,69.78051,304,Bundled population grid,2026-07,Методологический слой; проверить источник/единицу измерения
POP-04823,40.87919,69.82273,182,Bundled population grid,2026-07,Методологический слой; проверить источник/единицу измерения
POP-04824,40.88764,69.82699,46,Bundled population grid,2026-07,Методологический слой; проверить источник/единицу измерения
POP-04825,40.88206,69.84643,172,Bundled population grid,2026-07,Методологический слой; проверить источник/единицу измерения
POP-04826,40.86788,69.79479,36,Bundled population grid,2026-07,Методологический слой; проверить источник/единицу измерения
POP-04827,40.87776,69.81089,1170,Bundled population grid,2026-07,Методологический слой; проверить источник/единицу измерения
POP-04828,40.87632,69.79904,410,Bundled population grid,2026-07,Методологический слой; проверить источник/единицу измерения
POP-04829,40.87075,69.81848,405,Bundled population grid,2026-07,Методологический слой; проверить источник/единицу измерения
POP-04830,40.86931,69.80663,23,Bundled population grid,2026-07,Методологический слой; проверить источник/единицу измерения
POP-04831,40.91297,69.83977,124,Bundled population grid,2026-07,Методологический слой; проверить источник/единицу измерения
POP-04832,40.91154,69.82791,879,Bundled population grid,2026-07,Методологический слой; проверить источник/единицу измерения
POP-04833,40.89751,69.8431,121,Bundled population grid,2026-07,Методологический слой; проверить источник/единицу измерения
POP-04834,40.90596,69.84736,33,Bundled population grid,2026-07,Методологический слой; проверить источник/единицу измерения
POP-04835,40.90166,69.81181,296,Bundled population grid,2026-07,Методологический слой; проверить источник/единицу измерения
POP-04836,40.90023,69.79996,565,Bundled population grid,2026-07,Методологический слой; проверить источник/единицу измерения
POP-04837,40.88621,69.81514,630,Bundled population grid,2026-07,Методологический слой; проверить источник/единицу измерения
POP-04838,40.88477,69.8033,843,Bundled population grid,2026-07,Методологический слой; проверить источник/единицу измерения
POP-04839,40.89322,69.80755,112,Bundled population grid,2026-07,Методологический слой; проверить источник/единицу измерения
POP-04840,40.94402,69.89999,486,Bundled population grid,2026-07,Методологический слой; проверить источник/единицу измерения
POP-04841,40.9426,69.88813,30,Bundled population grid,2026-07,Методологический слой; проверить источник/единицу измерения
POP-04842,40.95247,69.90427,127,Bundled population grid,2026-07,Методологический слой; проверить источник/единицу измерения
POP-04843,40.95104,69.8924,25,Bundled population grid,2026-07,Методологический слой; проверить источник/единицу измерения
POP-04844,40.9778,69.91709,36,Bundled population grid,2026-07,Методологический слой; проверить источник/единицу измерения
POP-04845,40.95816,69.95172,192,Bundled population grid,2026-07,Методологический слой; проверить источник/единицу измерения
POP-04846,40.95674,69.93986,99,Bundled population grid,2026-07,Методологический слой; проверить источник/единицу измерения
POP-04847,40.94269,69.95503,88,Bundled population grid,2026-07,Методологический слой; проверить источник/единицу измерения
POP-04848,40.94127,69.94317,71,Bundled population grid,2026-07,Методологический слой; проверить источник/единицу измерения
POP-04849,40.94545,69.91186,88,Bundled population grid,2026-07,Методологический слой; проверить источник/единицу измерения
POP-04850,40.93141,69.92703,382,Bundled population grid,2026-07,Методологический слой; проверить источник/единицу измерения
POP-04851,40.92998,69.91517,99,Bundled population grid,2026-07,Методологический слой; проверить источник/единицу измерения
POP-04852,40.9722,69.93655,38,Bundled population grid,2026-07,Методологический слой; проверить источник/единицу измерения
POP-04853,40.98207,69.9527,99,Bundled population grid,2026-07,Методологический слой; проверить источник/единицу измерения
POP-04854,40.98065,69.94083,20,Bundled population grid,2026-07,Методологический слой; проверить источник/единицу измерения
POP-04855,40.9666,69.956,357,Bundled population grid,2026-07,Методологический слой; проверить источник/единицу измерения
POP-04856,40.96518,69.94414,370,Bundled population grid,2026-07,Методологический слой; проверить источник/единицу измерения
POP-04857,40.97504,69.96029,463,Bundled population grid,2026-07,Методологический слой; проверить источник/единицу измерения
POP-04858,40.97362,69.94842,71,Bundled population grid,2026-07,Методологический слой; проверить источник/единицу измерения
POP-04859,40.96091,69.90854,119,Bundled population grid,2026-07,Методологический слой; проверить источник/единицу измерения
POP-04860,40.96936,69.91282,76,Bundled population grid,2026-07,Методологический слой; проверить источник/единицу измерения
POP-04861,40.95389,69.91613,607,Bundled population grid,2026-07,Методологический слой; проверить источник/единицу измерения
POP-04862,40.96234,69.92041,124,Bundled population grid,2026-07,Методологический слой; проверить источник/единицу измерения
POP-04863,40.93402,69.81698,265,Bundled population grid,2026-07,Методологический слой; проверить источник/единицу измерения
POP-04864,40.93258,69.80513,41,Bundled population grid,2026-07,Методологический слой; проверить источник/единицу измерения
POP-04865,40.94246,69.82124,114,Bundled population grid,2026-07,Методологический слой; проверить источник/единицу измерения
POP-04866,40.94103,69.80939,225,Bundled population grid,2026-07,Методологический слой; проверить источник/единицу измерения
POP-04867,40.98327,69.83069,33,Bundled population grid,2026-07,Методологический слой; проверить источник/единицу измерения
POP-04868,40.96781,69.83403,127,Bundled population grid,2026-07,Методологический слой; проверить источник/единицу измерения
POP-04869,40.97625,69.8383,30,Bundled population grid,2026-07,Методологический слой; проверить источник/единицу измерения
POP-04870,40.95792,69.81791,23,Bundled population grid,2026-07,Методологический слой; проверить источник/единицу измерения
POP-04871,40.95649,69.80604,48,Bundled population grid,2026-07,Методологический слой; проверить источник/единицу измерения
POP-04872,40.93272,69.87201,38,Bundled population grid,2026-07,Методологический слой; проверить источник/единицу измерения
POP-04873,40.9313,69.86015,326,Bundled population grid,2026-07,Методологический слой; проверить источник/единицу измерения
POP-04874,40.93974,69.86441,137,Bundled population grid,2026-07,Методологический слой; проверить источник/единицу измерения
POP-04875,40.927,69.82458,428,Bundled population grid,2026-07,Методологический слой; проверить источник/единицу измерения
POP-04876,40.93545,69.82884,61,Bundled population grid,2026-07,Методологический слой; проверить источник/единицу измерения
POP-04877,40.92142,69.84403,83,Bundled population grid,2026-07,Методологический слой; проверить источник/единицу измерения
POP-04878,40.91999,69.83217,152,Bundled population grid,2026-07,Методологический слой; проверить источник/единицу измерения
POP-04879,40.92987,69.84829,71,Bundled population grid,2026-07,Методологический слой; проверить источник/единицу измерения
POP-04880,40.95091,69.8255,86,Bundled population grid,2026-07,Методологический слой; проверить источник/единицу измерения
POP-04881,40.96079,69.84163,73,Bundled population grid,2026-07,Методологический слой; проверить источник/единицу измерения
POP-04882,40.95936,69.82977,28,Bundled population grid,2026-07,Методологический слой; проверить источник/единицу измерения
POP-04883,40.84999,69.51917,134,Bundled population grid,2026-07,Методологический слой; проверить источник/единицу измерения
POP-04884,40.85991,69.53522,879,Bundled population grid,2026-07,Методологический слой; проверить источник/единицу измерения
POP-04885,40.85845,69.52338,739,Bundled population grid,2026-07,Методологический слой; проверить источник/единицу измерения
POP-04886,40.84446,69.53862,33,Bundled population grid,2026-07,Методологический слой; проверить источник/единицу измерения
POP-04887,40.843,69.52679,46,Bundled population grid,2026-07,Методологический слой; проверить источник/единицу измерения
POP-04888,40.85292,69.54283,1157,Bundled population grid,2026-07,Методологический слой; проверить источник/единицу измерения
POP-04889,40.85145,69.531,787,Bundled population grid,2026-07,Методологический слой; проверить источник/единицу измерения
POP-04890,40.89519,69.56392,190,Bundled population grid,2026-07,Методологический слой; проверить источник/единицу измерения
POP-04891,40.89373,69.55208,94,Bundled population grid,2026-07,Методологический слой; проверить источник/единицу измерения
POP-04892,40.87974,69.56732,655,Bundled population grid,2026-07,Методологический слой; проверить источник/единицу измерения
POP-04893,40.87828,69.55548,140,Bundled population grid,2026-07,Методологический слой; проверить источник/единицу измерения
POP-04894,40.88819,69.57154,1139,Bundled population grid,2026-07,Методологический слой; проверить источник/единицу измерения
POP-04895,40.88673,69.5597,56,Bundled population grid,2026-07,Методологический слой; проверить источник/единицу измерения
POP-04896,40.86836,69.53943,48,Bundled population grid,2026-07,Методологический слой; проверить источник/единицу измерения
POP-04897,40.87682,69.54365,183,Bundled population grid,2026-07,Методологический слой; проверить источник/единицу измерения
POP-04898,40.87536,69.53181,63,Bundled population grid,2026-07,Методологический слой; проверить источник/единицу измерения
POP-04899,40.84884,69.57411,972,Bundled population grid,2026-07,Методологический слой; проверить источник/единицу измерения
POP-04900,40.85875,69.59017,1653,Bundled population grid,2026-07,Методологический слой; проверить источник/единицу измерения
POP-04901,40.85729,69.57833,1461,Bundled population grid,2026-07,Методологический слой; проверить источник/единицу измерения
POP-04902,40.8433,69.59356,1441,Bundled population grid,2026-07,Методологический слой; проверить источник/единицу измерения
POP-04903,40.84185,69.58173,1071,Bundled population grid,2026-07,Методологический слой; проверить источник/единицу измерения
POP-04904,40.85175,69.59778,1111,Bundled population grid,2026-07,Методологический слой; проверить источник/единицу измерения
POP-04905,40.8503,69.58595,1507,Bundled population grid,2026-07,Методологический слой; проверить источник/единицу измерения
POP-04906,40.84738,69.56228,899,Bundled population grid,2026-07,Методологический слой; проверить источник/единицу измерения
POP-04907,40.84592,69.55045,455,Bundled population grid,2026-07,Методологический слой; проверить источник/единицу измерения
POP-04908,40.83194,69.56568,697,Bundled population grid,2026-07,Методологический слой; проверить источник/единицу измерения
POP-04909,40.83048,69.55385,701,Bundled population grid,2026-07,Методологический слой; проверить источник/единицу измерения
POP-04910,40.84039,69.5699,1076,Bundled population grid,2026-07,Методологический слой; проверить источник/единицу измерения
POP-04911,40.83893,69.55807,1770,Bundled population grid,2026-07,Методологический слой; проверить источник/единицу измерения
POP-04912,40.87274,69.57494,1250,Bundled population grid,2026-07,Методологический слой; проверить источник/единицу измерения
POP-04913,40.88265,69.591,494,Bundled population grid,2026-07,Методологический слой; проверить источник/единицу измерения
POP-04914,40.8812,69.57916,993,Bundled population grid,2026-07,Методологический слой; проверить источник/единицу измерения
POP-04915,40.8672,69.59439,2002,Bundled population grid,2026-07,Методологический слой; проверить источник/единицу измерения
POP-04916,40.86575,69.58255,2264,Bundled population grid,2026-07,Методологический слой; проверить источник/единицу измерения
POP-04917,40.87566,69.59861,1524,Bundled population grid,2026-07,Методологический слой; проверить источник/единицу измерения
POP-04918,40.8742,69.58677,1051,Bundled population grid,2026-07,Методологический слой; проверить источник/единицу измерения
POP-04919,40.86137,69.54705,592,Bundled population grid,2026-07,Методологический слой; проверить источник/единицу измерения
POP-04920,40.87128,69.5631,387,Bundled population grid,2026-07,Методологический слой; проверить источник/единицу измерения
POP-04921,40.86982,69.55127,269,Bundled population grid,2026-07,Методологический слой; проверить источник/единицу измерения
POP-04922,40.85584,69.5665,129,Bundled population grid,2026-07,Методологический слой; проверить источник/единицу измерения
POP-04923,40.85438,69.55467,790,Bundled population grid,2026-07,Методологический слой; проверить источник/единицу измерения
POP-04924,40.86429,69.57072,1319,Bundled population grid,2026-07,Методологический слой; проверить источник/единицу измерения
POP-04925,40.86283,69.55888,833,Bundled population grid,2026-07,Методологический слой; проверить источник/единицу измерения
POP-04926,40.91938,69.63159,840,Bundled population grid,2026-07,Методологический слой; проверить источник/единицу измерения
POP-04927,40.92928,69.64768,661,Bundled population grid,2026-07,Методологический слой; проверить источник/единицу измерения
POP-04928,40.92783,69.63583,28,Bundled population grid,2026-07,Методологический слой; проверить источник/единицу измерения
POP-04929,40.91383,69.65106,1053,Bundled population grid,2026-07,Методологический слой; проверить источник/единицу измерения
POP-04930,40.91237,69.63921,1385,Bundled population grid,2026-07,Методологический слой; проверить источник/единицу измерения
POP-04931,40.92228,69.65529,603,Bundled population grid,2026-07,Методологический слой; проверить источник/единицу измерения
POP-04932,40.92083,69.64344,833,Bundled population grid,2026-07,Методологический слой; проверить источник/единицу измерения
POP-04933,40.94764,69.668,32,Bundled population grid,2026-07,Методологический слой; проверить источник/единицу измерения
POP-04934,40.95754,69.6841,178,Bundled population grid,2026-07,Методологический слой; проверить источник/единицу измерения
POP-04935,40.95174,69.63668,45,Bundled population grid,2026-07,Методологический слой; проверить источник/единицу измерения
POP-04936,40.93773,69.65191,271,Bundled population grid,2026-07,Методологический слой; проверить источник/единицу измерения
POP-04937,40.93628,69.64006,53,Bundled population grid,2026-07,Методологический слой; проверить источник/единицу измерения
POP-04938,40.94619,69.65615,28,Bundled population grid,2026-07,Методологический слой; проверить источник/единицу измерения
POP-04939,40.94473,69.64429,26,Bundled population grid,2026-07,Методологический слой; проверить источник/единицу измерения
POP-04940,40.91817,69.6866,22,Bundled population grid,2026-07,Методологический слой; проверить источник/единицу измерения
POP-04941,40.92807,69.70269,86,Bundled population grid,2026-07,Методологический слой; проверить источник/единицу измерения
POP-04942,40.91117,69.69421,20,Bundled population grid,2026-07,Методологический слой; проверить источник/единицу измерения
POP-04943,40.92106,69.7103,56,Bundled population grid,2026-07,Методологический слой; проверить источник/единицу измерения
POP-04944,40.90682,69.65867,990,Bundled population grid,2026-07,Методологический слой; проверить источник/единицу измерения
POP-04945,40.91672,69.67475,76,Bundled population grid,2026-07,Методологический слой; проверить источник/единицу измерения
POP-04946,40.91528,69.6629,360,Bundled population grid,2026-07,Методологический слой; проверить источник/единицу измерения
POP-04947,40.90127,69.67812,164,Bundled population grid,2026-07,Методологический слой; проверить источник/единицу измерения
POP-04948,40.89982,69.66628,699,Bundled population grid,2026-07,Методологический слой; проверить источник/единицу измерения
POP-04949,40.90827,69.67052,460,Bundled population grid,2026-07,Методологический слой; проверить источник/единицу измерения
POP-04950,40.94208,69.68747,28,Bundled population grid,2026-07,Методологический слой; проверить источник/единицу измерения
POP-04951,40.93652,69.70694,445,Bundled population grid,2026-07,Методологический слой; проверить источник/единицу измерения
POP-04952,40.93073,69.65953,180,Bundled population grid,2026-07,Методологический слой; проверить источник/единицу измерения
POP-04953,40.94063,69.67562,28,Bundled population grid,2026-07,Методологический слой; проверить источник/единицу измерения
POP-04954,40.92373,69.66714,33,Bundled population grid,2026-07,Методологический слой; проверить источник/единицу измерения
POP-04955,40.93363,69.68323,33,Bundled population grid,2026-07,Методологический слой; проверить источник/единицу измерения
POP-04956,40.91909,69.56474,119,Bundled population grid,2026-07,Методологический слой; проверить источник/единицу измерения
POP-04957,40.91763,69.5529,43,Bundled population grid,2026-07,Методологический слой; проверить источник/единицу измерения
POP-04958,40.90218,69.5563,38,Bundled population grid,2026-07,Методологический слой; проверить источник/единицу измерения
POP-04959,40.94446,69.57741,104,Bundled population grid,2026-07,Методологический слой; проверить источник/единицу измерения
POP-04960,40.93892,69.59689,27,Bundled population grid,2026-07,Методологический слой; проверить источник/единицу измерения
POP-04961,40.93746,69.58504,160,Bundled population grid,2026-07,Методологический слой; проверить источник/единицу измерения
POP-04962,40.94737,69.60112,20,Bundled population grid,2026-07,Методологический слой; проверить источник/единицу измерения
POP-04963,40.94592,69.58926,76,Bundled population grid,2026-07,Методологический слой; проверить источник/единицу измерения
POP-04964,40.93308,69.54949,415,Bundled population grid,2026-07,Методологический слой; проверить источник/единицу измерения
POP-04965,40.943,69.56556,23,Bundled population grid,2026-07,Методологический слой; проверить источник/единицу измерения
POP-04966,40.92755,69.56896,1402,Bundled population grid,2026-07,Методологический слой; проверить источник/единицу измерения
POP-04967,40.92609,69.55712,1102,Bundled population grid,2026-07,Методологический слой; проверить источник/единицу измерения
POP-04968,40.936,69.57319,526,Bundled population grid,2026-07,Методологический слой; проверить источник/единицу измерения
POP-04969,40.93454,69.56134,524,Bundled population grid,2026-07,Методологический слой; проверить источник/единицу измерения
POP-04970,40.90801,69.60367,36,Bundled population grid,2026-07,Методологический слой; проверить источник/единицу измерения
POP-04971,40.91792,69.61975,974,Bundled population grid,2026-07,Методологический слой; проверить источник/единицу измерения
POP-04972,40.91647,69.6079,340,Bundled population grid,2026-07,Методологический слой; проверить источник/единицу измерения
POP-04973,40.90247,69.62313,1311,Bundled population grid,2026-07,Методологический слой; проверить источник/единицу измерения
POP-04974,40.90102,69.61129,347,Bundled population grid,2026-07,Методологический слой; проверить источник/единицу измерения
POP-04975,40.91092,69.62736,1785,Bundled population grid,2026-07,Методологический слой; проверить источник/единицу измерения
POP-04976,40.90947,69.61552,995,Bundled population grid,2026-07,Методологический слой; проверить источник/единицу измерения
POP-04977,40.89665,69.57576,344,Bundled population grid,2026-07,Методологический слой; проверить источник/единицу измерения
POP-04978,40.9051,69.57998,157,Bundled population grid,2026-07,Методологический слой; проверить источник/единицу измерения
POP-04979,40.89111,69.59522,297,Bundled population grid,2026-07,Методологический слой; проверить источник/единицу измерения
POP-04980,40.88965,69.58338,250,Bundled population grid,2026-07,Методологический слой; проверить источник/единицу измерения
POP-04981,40.89956,69.59945,162,Bundled population grid,2026-07,Методологический слой; проверить источник/единицу измерения
POP-04982,40.8981,69.5876,203,Bundled population grid,2026-07,Методологический слой; проверить источник/единицу измерения
POP-04983,40.93192,69.60451,1412,Bundled population grid,2026-07,Методологический слой; проверить источник/единицу измерения
POP-04984,40.94037,69.60874,169,Bundled population grid,2026-07,Методологический слой; проверить источник/единицу измерения
POP-04985,40.92638,69.62398,63,Bundled population grid,2026-07,Методологический слой; проверить источник/единицу измерения
POP-04986,40.92492,69.61213,74,Bundled population grid,2026-07,Методологический слой; проверить источник/единицу измерения
POP-04987,40.93483,69.62821,134,Bundled population grid,2026-07,Методологический слой; проверить источник/единицу измерения
POP-04988,40.93338,69.61636,727,Bundled population grid,2026-07,Методологический слой; проверить источник/единицу измерения
POP-04989,40.92055,69.57659,152,Bundled population grid,2026-07,Методологический слой; проверить источник/единицу измерения
POP-04990,40.93046,69.59266,126,Bundled population grid,2026-07,Методологический слой; проверить источник/единицу измерения
POP-04991,40.92901,69.58081,342,Bundled population grid,2026-07,Методологический слой; проверить источник/единицу измерения
POP-04992,40.91501,69.59605,71,Bundled population grid,2026-07,Методологический слой; проверить источник/единицу измерения
POP-04993,40.92347,69.60028,154,Bundled population grid,2026-07,Методологический слой; проверить источник/единицу измерения
POP-04994,40.92201,69.58843,266,Bundled population grid,2026-07,Методологический слой; проверить источник/единицу измерения
POP-04995,40.81122,69.65524,33,Bundled population grid,2026-07,Методологический слой; проверить источник/единицу измерения
POP-04996,40.82111,69.6713,28,Bundled population grid,2026-07,Методологический слой; проверить источник/единицу измерения
POP-04997,40.80566,69.67467,20,Bundled population grid,2026-07,Методологический слой; проверить источник/единицу измерения
POP-04998,40.84646,69.684,38,Bundled population grid,2026-07,Методологический слой; проверить источник/единицу измерения
POP-04999,40.85636,69.70007,774,Bundled population grid,2026-07,Методологический слой; проверить источник/единицу измерения
POP-05000,40.85491,69.68823,284,Bundled population grid,2026-07,Методологический слой; проверить источник/единицу измерения
POP-05001,40.84935,69.70767,56,Bundled population grid,2026-07,Методологический слой; проверить источник/единицу измерения
POP-05002,40.84791,69.69583,25,Bundled population grid,2026-07,Методологический слой; проверить источник/единицу измерения
POP-05003,40.82956,69.67553,20,Bundled population grid,2026-07,Методологический слой; проверить источник/единицу измерения
POP-05004,40.79311,69.70168,51,Bundled population grid,2026-07,Методологический слой; проверить источник/единицу измерения
POP-05005,40.79166,69.68986,48,Bundled population grid,2026-07,Методологический слой; проверить источник/единицу измерения
POP-05006,40.80155,69.70592,20,Bundled population grid,2026-07,Методологический слой; проверить источник/единицу измерения
POP-05007,40.80011,69.69409,58,Bundled population grid,2026-07,Методологический слой; проверить источник/единицу измерения
POP-05008,40.84379,69.7271,254,Bundled population grid,2026-07,Методологический слой; проверить источник/единицу измерения
POP-05009,40.84235,69.71527,30,Bundled population grid,2026-07,Методологический слой; проверить источник/единицу измерения
POP-05010,40.8269,69.71862,25,Bundled population grid,2026-07,Методологический слой; проверить источник/единицу измерения
POP-05011,40.83534,69.72286,23,Bundled population grid,2026-07,Методологический слой; проверить источник/единицу измерения
POP-05012,40.81095,69.58851,28,Bundled population grid,2026-07,Методологический слой; проверить источник/единицу измерения
POP-05013,40.83631,69.60117,856,Bundled population grid,2026-07,Методологический слой; проверить источник/единицу измерения
POP-05014,40.84621,69.61722,1825,Bundled population grid,2026-07,Методологический слой; проверить источник/единицу измерения
POP-05015,40.84476,69.60539,729,Bundled population grid,2026-07,Методологический слой; проверить источник/единицу измерения
POP-05016,40.83076,69.62061,1160,Bundled population grid,2026-07,Методологический слой; проверить источник/единицу измерения
POP-05017,40.82931,69.60878,1068,Bundled population grid,2026-07,Методологический слой; проверить источник/единицу измерения
POP-05018,40.83921,69.62483,770,Bundled population grid,2026-07,Методологический слой; проверить источник/единицу измерения
POP-05019,40.83776,69.613,1197,Bundled population grid,2026-07,Методологический слой; проверить источник/единицу измерения
POP-05020,40.82494,69.57329,104,Bundled population grid,2026-07,Методологический слой; проверить источник/единицу измерения
POP-05021,40.83485,69.58934,694,Bundled population grid,2026-07,Методологический слой; проверить источник/единицу измерения
POP-05022,40.83339,69.57751,1359,Bundled population grid,2026-07,Методологический слой; проверить источник/единицу измерения
POP-05023,40.8264,69.58512,28,Bundled population grid,2026-07,Методологический слой; проверить источник/единицу измерения
POP-05024,40.79987,69.62737,46,Bundled population grid,2026-07,Методологический слой; проверить источник/единицу измерения
POP-05025,40.80977,69.64342,23,Bundled population grid,2026-07,Методологический слой; проверить источник/единицу измерения
POP-05026,40.80832,69.63159,53,Bundled population grid,2026-07,Методологический слой; проверить источник/единицу измерения
POP-05027,40.79432,69.64679,38,Bundled population grid,2026-07,Методологический слой; проверить источник/единицу измерения
POP-05028,40.80277,69.65102,81,Bundled population grid,2026-07,Методологический слой; проверить источник/единицу измерения
POP-05029,40.80132,69.63919,25,Bundled population grid,2026-07,Методологический слой; проверить источник/единицу измерения
POP-05030,40.82376,69.62821,350,Bundled population grid,2026-07,Методологический слой; проверить источник/единицу измерения
POP-05031,40.81677,69.63581,63,Bundled population grid,2026-07,Методологический слой; проверить источник/единицу измерения
POP-05032,40.82522,69.64004,60,Bundled population grid,2026-07,Методологический слой; проверить источник/единицу измерения
POP-05033,40.82231,69.61638,466,Bundled population grid,2026-07,Методологический слой; проверить источник/единицу измерения
POP-05034,40.82086,69.60455,94,Bundled population grid,2026-07,Методологический слой; проверить источник/единицу измерения
POP-05035,40.81531,69.62399,98,Bundled population grid,2026-07,Методологический слой; проверить источник/единицу измерения
POP-05036,40.81386,69.61216,56,Bundled population grid,2026-07,Методологический слой; проверить источник/единицу измерения
POP-05037,40.87036,69.68486,484,Bundled population grid,2026-07,Методологический слой; проверить источник/единицу измерения
POP-05038,40.88026,69.70094,38,Bundled population grid,2026-07,Методологический слой; проверить источник/единицу измерения
POP-05039,40.87881,69.6891,43,Bundled population grid,2026-07,Методологический слой; проверить источник/единицу измерения
POP-05040,40.86481,69.70431,276,Bundled population grid,2026-07,Методологический слой; проверить источник/единицу измерения
POP-05041,40.86336,69.69247,319,Bundled population grid,2026-07,Методологический слой; проверить источник/единицу измерения
POP-05042,40.87325,69.70855,362,Bundled population grid,2026-07,Методологический слой; проверить источник/единицу измерения
POP-05043,40.87181,69.6967,663,Bundled population grid,2026-07,Методологический слой; проверить источник/единицу измерения
POP-05044,40.90561,69.71367,451,Bundled population grid,2026-07,Методологический слой; проверить источник/единицу измерения
POP-05045,40.9155,69.72976,703,Bundled population grid,2026-07,Методологический слой; проверить источник/единицу измерения
POP-05046,40.91406,69.71791,26,Bundled population grid,2026-07,Методологический слой; проверить источник/единицу измерения
POP-05047,40.90004,69.73312,463,Bundled population grid,2026-07,Методологический слой; проверить источник/единицу измерения
POP-05048,40.8986,69.72127,172,Bundled population grid,2026-07,Методологический слой; проверить источник/единицу измерения
POP-05049,40.90849,69.73736,2094,Bundled population grid,2026-07,Методологический слой; проверить источник/единицу измерения
POP-05050,40.90705,69.72551,1623,Bundled population grid,2026-07,Методологический слой; проверить источник/единицу измерения
POP-05051,40.89427,69.68573,770,Bundled population grid,2026-07,Методологический слой; проверить источник/единицу измерения
POP-05052,40.90416,69.70182,258,Bundled population grid,2026-07,Методологический слой; проверить источник/единицу измерения
POP-05053,40.90272,69.68997,894,Bundled population grid,2026-07,Методологический слой; проверить источник/единицу измерения
POP-05054,40.88871,69.70518,20,Bundled population grid,2026-07,Методологический слой; проверить источник/единицу измерения
POP-05055,40.89716,69.70942,180,Bundled population grid,2026-07,Методологический слой; проверить источник/единицу измерения
POP-05056,40.89571,69.69758,521,Bundled population grid,2026-07,Методологический слой; проверить источник/единицу измерения
POP-05057,40.86913,69.73983,175,Bundled population grid,2026-07,Методологический слой; проверить источник/единицу измерения
POP-05058,40.87902,69.75592,813,Bundled population grid,2026-07,Методологический слой; проверить источник/единицу измерения
POP-05059,40.87758,69.74407,1083,Bundled population grid,2026-07,Методологический слой; проверить источник/единицу измерения
POP-05060,40.87057,69.75167,595,Bundled population grid,2026-07,Методологический слой; проверить источник/единицу измерения
POP-05061,40.8578,69.71191,218,Bundled population grid,2026-07,Методологический слой; проверить источник/единицу измерения
POP-05062,40.86769,69.72799,23,Bundled population grid,2026-07,Методологический слой; проверить источник/единицу измерения
POP-05063,40.86625,69.71615,159,Bundled population grid,2026-07,Методологический слой; проверить источник/единицу измерения
POP-05064,40.8508,69.71951,117,Bundled population grid,2026-07,Методологический слой; проверить источник/единицу измерения
POP-05065,40.90293,69.75681,170,Bundled population grid,2026-07,Методологический слой; проверить источник/единицу измерения
POP-05066,40.90149,69.74496,109,Bundled population grid,2026-07,Методологический слой; проверить источник/единицу измерения
POP-05067,40.88747,69.76016,30,Bundled population grid,2026-07,Методологический слой; проверить источник/единицу измерения
POP-05068,40.8817,69.71279,20,Bundled population grid,2026-07,Методологический слой; проверить источник/единицу измерения
POP-05069,40.8916,69.72887,23,Bundled population grid,2026-07,Методологический слой; проверить источник/единицу измерения
POP-05070,40.87614,69.73223,362,Bundled population grid,2026-07,Методологический слой; проверить источник/единицу измерения
POP-05071,40.8747,69.72039,23,Bundled population grid,2026-07,Методологический слой; проверить источник/единицу измерения
POP-05072,40.86021,69.602,1271,Bundled population grid,2026-07,Методологический слой; проверить источник/единицу измерения
POP-05073,40.87011,69.61806,395,Bundled population grid,2026-07,Методологический слой; проверить источник/единицу измерения
POP-05074,40.86866,69.60623,1220,Bundled population grid,2026-07,Методологический слой; проверить источник/единицу измерения
POP-05075,40.85466,69.62145,2069,Bundled population grid,2026-07,Методологический слой; проверить источник/единицу измерения
POP-05076,40.85321,69.60961,974,Bundled population grid,2026-07,Методологический слой; проверить источник/единицу измерения
POP-05077,40.86311,69.62567,1418,Bundled population grid,2026-07,Методологический слой; проверить источник/единицу измерения
POP-05078,40.86166,69.61384,1474,Bundled population grid,2026-07,Методологический слой; проверить источник/единицу измерения
POP-05079,40.89547,69.63075,296,Bundled population grid,2026-07,Методологический слой; проверить источник/единицу измерения
POP-05080,40.90537,69.64682,1355,Bundled population grid,2026-07,Методологический слой; проверить источник/единицу измерения
POP-05081,40.90392,69.63498,2296,Bundled population grid,2026-07,Методологический слой; проверить источник/единицу измерения
POP-05082,40.88992,69.6502,648,Bundled population grid,2026-07,Методологический слой; проверить источник/единицу измерения
POP-05083,40.88847,69.63836,106,Bundled population grid,2026-07,Методологический слой; проверить источник/единицу измерения
POP-05084,40.89837,69.65443,1297,Bundled population grid,2026-07,Методологический слой; проверить источник/единицу измерения
POP-05085,40.89692,69.64259,2048,Bundled population grid,2026-07,Методологический слой; проверить источник/единицу измерения
POP-05086,40.88411,69.60284,537,Bundled population grid,2026-07,Методологический слой; проверить источник/единицу измерения
POP-05087,40.89256,69.60706,35,Bundled population grid,2026-07,Методологический слой; проверить источник/единицу измерения
POP-05088,40.87857,69.62229,694,Bundled population grid,2026-07,Методологический слой; проверить источник/единицу измерения
POP-05089,40.87711,69.61045,367,Bundled population grid,2026-07,Методологический слой; проверить источник/единицу измерения
POP-05090,40.88702,69.62652,28,Bundled population grid,2026-07,Методологический слой; проверить источник/единицу измерения
POP-05091,40.85902,69.65695,54,Bundled population grid,2026-07,Методологический слой; проверить источник/единицу измерения
POP-05092,40.86892,69.67303,1010,Bundled population grid,2026-07,Методологический слой; проверить источник/единицу измерения
POP-05093,40.86747,69.66119,25,Bundled population grid,2026-07,Методологический слой; проверить источник/единицу измерения
POP-05094,40.85346,69.6764,430,Bundled population grid,2026-07,Методологический слой; проверить источник/единицу измерения
POP-05095,40.85202,69.66456,127,Bundled population grid,2026-07,Методологический слой; проверить источник/единицу измерения
POP-05096,40.86191,69.68063,1623,Bundled population grid,2026-07,Методологический слой; проверить источник/единицу измерения
POP-05097,40.86047,69.66879,628,Bundled population grid,2026-07,Методологический слой; проверить источник/единицу измерения
POP-05098,40.84766,69.62906,752,Bundled population grid,2026-07,Методологический слой; проверить источник/единицу измерения
POP-05099,40.85757,69.64512,534,Bundled population grid,2026-07,Методологический слой; проверить источник/единицу измерения
POP-05100,40.85612,69.63328,1276,Bundled population grid,2026-07,Методологический слой; проверить источник/единицу измерения
POP-05101,40.85057,69.65272,20,Bundled population grid,2026-07,Методологический слой; проверить источник/единицу измерения
POP-05102,40.88292,69.65781,89,Bundled population grid,2026-07,Методологический слой; проверить источник/единицу измерения
POP-05103,40.89282,69.67389,86,Bundled population grid,2026-07,Методологический слой; проверить источник/единицу измерения
POP-05104,40.89137,69.66204,992,Bundled population grid,2026-07,Методологический слой; проверить источник/единицу измерения
POP-05105,40.87737,69.67726,826,Bundled population grid,2026-07,Методологический слой; проверить источник/единицу измерения
POP-05106,40.87592,69.66542,121,Bundled population grid,2026-07,Методологический слой; проверить источник/единицу измерения
POP-05107,40.88582,69.6815,38,Bundled population grid,2026-07,Методологический слой; проверить источник/единицу измерения
POP-05108,40.88437,69.66965,71,Bundled population grid,2026-07,Методологический слой; проверить источник/единицу измерения
POP-05109,40.87157,69.6299,934,Bundled population grid,2026-07,Методологический слой; проверить источник/единицу измерения
POP-05110,40.88147,69.64597,48,Bundled population grid,2026-07,Методологический слой; проверить источник/единицу измерения
POP-05111,40.88002,69.63413,26,Bundled population grid,2026-07,Методологический слой; проверить источник/единицу измерения
POP-05112,40.86457,69.63751,167,Bundled population grid,2026-07,Методологический слой; проверить источник/единицу измерения
POP-05113,40.87302,69.64174,557,Bundled population grid,2026-07,Методологический слой; проверить источник/единицу измерения
POP-05114,40.75993,69.9515,374,Bundled population grid,2026-07,Методологический слой; проверить источник/единицу измерения
POP-05115,40.68929,69.76057,65,Bundled population grid,2026-07,Методологический слой; проверить источник/единицу измерения
POP-05116,40.69073,69.77238,229,Bundled population grid,2026-07,Методологический слой; проверить источник/единицу измерения
POP-05117,40.878,69.94453,23,Bundled population grid,2026-07,Методологический слой; проверить источник/единицу измерения
POP-05118,40.86529,69.90471,218,Bundled population grid,2026-07,Методологический слой; проверить источник/единицу измерения
POP-05119,40.87516,69.92083,46,Bundled population grid,2026-07,Методологический слой; проверить источник/единицу измерения
POP-05120,40.87373,69.90898,22,Bundled population grid,2026-07,Методологический слой; проверить источник/единицу измерения
POP-05121,40.85827,69.91229,33,Bundled population grid,2026-07,Методологический слой; проверить источник/единицу измерения
POP-05122,40.86814,69.92841,74,Bundled population grid,2026-07,Методологический слой; проверить источник/единицу измерения
POP-05123,40.86671,69.91656,190,Bundled population grid,2026-07,Методологический слой; проверить источник/единицу измерения
POP-05124,40.83864,69.94685,192,Bundled population grid,2026-07,Методологический слой; проверить источник/единицу измерения
POP-05125,40.83162,69.95442,162,Bundled population grid,2026-07,Методологический слой; проверить источник/единицу измерения
POP-05126,40.86679,69.98337,38,Bundled population grid,2026-07,Методологический слой; проверить источник/единицу измерения
POP-05127,40.85268,69.93171,71,Bundled population grid,2026-07,Методологический слой; проверить источник/единицу измерения
POP-05128,40.86112,69.93598,326,Bundled population grid,2026-07,Методологический слой; проверить источник/единицу измерения
POP-05129,40.84708,69.95113,20,Bundled population grid,2026-07,Методологический слой; проверить источник/единицу измерения
POP-05130,40.84566,69.93928,99,Bundled population grid,2026-07,Методологический слой; проверить источник/единицу измерения
POP-05131,40.8541,69.94355,360,Bundled population grid,2026-07,Методологический слой; проверить источник/единицу измерения
POP-05132,40.91182,70.02849,20,Bundled population grid,2026-07,Методологический слой; проверить источник/единицу измерения
POP-05133,40.94557,70.04565,104,Bundled population grid,2026-07,Методологический слой; проверить источник/единицу измерения
POP-05134,40.95401,70.04995,299,Bundled population grid,2026-07,Методологический слой; проверить источник/единицу измерения
POP-05135,40.93995,70.06509,402,Bundled population grid,2026-07,Методологический слой; проверить источник/единицу измерения
POP-05136,40.94698,70.05752,306,Bundled population grid,2026-07,Методологический слой; проверить источник/единицу измерения
POP-05137,40.93431,70.01763,380,Bundled population grid,2026-07,Методологический слой; проверить источник/единицу измерения
POP-05138,40.94416,70.03379,912,Bundled population grid,2026-07,Методологический слой; проверить источник/единицу измерения
POP-05139,40.94275,70.02192,785,Bundled population grid,2026-07,Методологический слой; проверить источник/единицу измерения
POP-05140,40.93572,70.0295,200,Bundled population grid,2026-07,Методологический слой; проверить источник/единицу измерения
POP-05141,40.9062,70.04792,32,Bundled population grid,2026-07,Методологический слой; проверить источник/единицу измерения
POP-05142,40.93292,70.07266,327,Bundled population grid,2026-07,Методологический слой; проверить источник/единицу измерения
POP-05143,40.94136,70.07695,192,Bundled population grid,2026-07,Методологический слой; проверить источник/единицу измерения
POP-05144,40.9273,70.09209,31,Bundled population grid,2026-07,Методологический слой; проверить источник/единицу измерения
POP-05145,40.92589,70.08023,205,Bundled population grid,2026-07,Методологический слой; проверить источник/единицу измерения
POP-05146,40.93433,70.08452,121,Bundled population grid,2026-07,Методологический слой; проверить источник/единицу измерения
POP-05147,40.91605,70.06407,23,Bundled population grid,2026-07,Методологический слой; проверить источник/единицу измерения
POP-05148,40.90048,69.93364,30,Bundled population grid,2026-07,Методологический слой; проверить источник/единицу измерения
POP-05149,40.91034,69.94977,1319,Bundled population grid,2026-07,Методологический слой; проверить источник/единицу измерения
POP-05150,40.90892,69.93792,519,Bundled population grid,2026-07,Методологический слой; проверить источник/единицу измерения
POP-05151,40.90332,69.95735,147,Bundled population grid,2026-07,Методологический слой; проверить источник/единицу измерения
POP-05152,40.9019,69.9455,131,Bundled population grid,2026-07,Методологический слой; проверить источник/единицу измерения
POP-05153,40.93567,69.96261,656,Bundled population grid,2026-07,Методологический слой; проверить источник/единицу измерения
POP-05154,40.94553,69.97875,208,Bundled population grid,2026-07,Методологический слой; проверить источник/единицу измерения
POP-05155,40.94411,69.96689,303,Bundled population grid,2026-07,Методологический слой; проверить источник/единицу измерения
POP-05156,40.93006,69.98205,509,Bundled population grid,2026-07,Методологический слой; проверить источник/единицу измерения
POP-05157,40.93851,69.98633,129,Bundled population grid,2026-07,Методологический слой; проверить источник/единицу измерения
POP-05158,40.93425,69.95075,241,Bundled population grid,2026-07,Методологический слой; проверить источник/единицу измерения
POP-05159,40.93283,69.93889,22,Bundled population grid,2026-07,Методологический слой; проверить источник/единицу измерения
POP-05160,40.91879,69.95405,122,Bundled population grid,2026-07,Методологический слой; проверить источник/единицу измерения
POP-05161,40.91737,69.94219,149,Bundled population grid,2026-07,Методологический слой; проверить источник/единицу измерения
POP-05162,40.92723,69.95833,21,Bundled population grid,2026-07,Методологический слой; проверить источник/единицу измерения
POP-05163,40.92304,69.98963,336,Bundled population grid,2026-07,Методологический слой; проверить источник/единицу измерения
POP-05164,40.9329,70.00577,423,Bundled population grid,2026-07,Методологический слой; проверить источник/единицу измерения
POP-05165,40.93148,69.99391,512,Bundled population grid,2026-07,Методологический слой; проверить источник/единицу измерения
POP-05166,40.92587,70.01335,33,Bundled population grid,2026-07,Методологический слой; проверить источник/единицу измерения
POP-05167,40.92445,70.00149,261,Bundled population grid,2026-07,Методологический слой; проверить источник/единицу измерения
POP-05168,40.91176,69.96163,924,Bundled population grid,2026-07,Методологический слой; проверить источник/единицу измерения
POP-05169,40.92162,69.97777,469,Bundled population grid,2026-07,Методологический слой; проверить источник/единицу измерения
POP-05170,40.9202,69.96591,217,Bundled population grid,2026-07,Методологический слой; проверить источник/единицу измерения
POP-05171,40.91318,69.97349,420,Bundled population grid,2026-07,Методологический слой; проверить источник/единицу измерения
POP-05172,40.812,70.05571,140,Bundled population grid,2026-07,Методологический слой; проверить источник/единицу измерения
POP-05173,40.82606,70.0406,23,Bundled population grid,2026-07,Методологический слой; проверить источник/единицу измерения
POP-05174,40.82044,70.06,25,Bundled population grid,2026-07,Методологический слой; проверить источник/единицу измерения
POP-05175,40.81903,70.04815,104,Bundled population grid,2026-07,Методологический слой; проверить источник/единицу измерения
POP-05176,40.80357,70.11817,46,Bundled population grid,2026-07,Методологический слой; проверить источник/единицу измерения
POP-05177,40.8345,70.11166,48,Bundled population grid,2026-07,Методологический слой; проверить источник/единицу измерения
POP-05178,40.80638,70.0751,41,Bundled population grid,2026-07,Методологический слой; проверить источник/единицу измерения
POP-05179,40.8007,69.96101,56,Bundled population grid,2026-07,Методологический слой; проверить источник/единицу измерения
POP-05180,40.81616,69.95772,101,Bundled population grid,2026-07,Методологический слой; проверить источник/единицу измерения
POP-05181,40.8246,69.96199,241,Bundled population grid,2026-07,Методологический слой; проверить источник/единицу измерения
POP-05182,40.81055,69.97712,177,Bundled population grid,2026-07,Методологический слой; проверить источник/единицу измерения
POP-05183,40.81757,69.96956,142,Bundled population grid,2026-07,Методологический слой; проверить источник/единицу измерения
POP-05184,40.79934,70.01592,33,Bundled population grid,2026-07,Методологический слой; проверить источник/единицу измерения
POP-05185,40.78529,70.03103,68,Bundled population grid,2026-07,Методологический слой; проверить источник/единицу измерения
POP-05186,40.79372,70.03531,23,Bundled population grid,2026-07,Методологический слой; проверить источник/единицу измерения
POP-05187,40.79231,70.02347,43,Bundled population grid,2026-07,Методологический слой; проверить источник/единицу измерения
POP-05188,40.80353,69.98468,36,Bundled population grid,2026-07,Методологический слой; проверить источник/единицу измерения
POP-05189,40.81338,70.0008,27,Bundled population grid,2026-07,Методологический слой; проверить источник/единицу измерения
POP-05190,40.81197,69.98896,178,Bundled population grid,2026-07,Методологический слой; проверить источник/единицу измерения
POP-05191,40.80636,70.00836,86,Bundled population grid,2026-07,Методологический слой; проверить источник/единицу измерения
POP-05192,40.80495,69.99652,367,Bundled population grid,2026-07,Методологический слой; проверить источник/единицу измерения
POP-05193,40.9062,70.11478,230,Bundled population grid,2026-07,Методологический слой; проверить источник/единицу измерения
POP-05194,40.88933,70.10618,43,Bundled population grid,2026-07,Методологический слой; проверить источник/единицу измерения
POP-05195,40.89917,70.12233,25,Bundled population grid,2026-07,Методологический слой; проверить источник/единицу измерения
POP-05196,40.8823,70.11374,73,Bundled population grid,2026-07,Методологический слой; проверить источник/единицу измерения
POP-05197,40.85977,69.99094,127,Bundled population grid,2026-07,Методологический слой; проверить источник/единицу измерения
POP-05198,40.85416,70.01035,38,Bundled population grid,2026-07,Методологический слой; проверить источник/единицу измерения
POP-05199,40.86962,70.00707,40,Bundled population grid,2026-07,Методологический слой; проверить источник/единицу измерения
POP-05200,40.87665,69.9995,20,Bundled population grid,2026-07,Методологический слой; проверить источник/единицу измерения
POP-05201,40.84855,70.02976,48,Bundled population grid,2026-07,Методологический слой; проверить источник/единицу измерения
POP-05202,40.83308,70.03304,96,Bundled population grid,2026-07,Методологический слой; проверить источник/единицу измерения
POP-05203,40.84152,70.03732,21,Bundled population grid,2026-07,Методологический слой; проверить источник/единицу измерения
POP-05204,40.8626,70.01463,63,Bundled population grid,2026-07,Методологический слой; проверить источник/единицу измерения
POP-05205,40.87103,70.01892,28,Bundled population grid,2026-07,Методологический слой; проверить источник/единицу измерения
POP-05206,40.85698,70.03404,78,Bundled population grid,2026-07,Методологический слой; проверить источник/единицу измерения
POP-05207,40.86401,70.02648,59,Bundled population grid,2026-07,Методологический слой; проверить источник/единицу измерения
POP-05208,40.76365,69.72022,20,Bundled population grid,2026-07,Методологический слой; проверить источник/единицу измерения
POP-05209,40.80588,69.7414,33,Bundled population grid,2026-07,Методологический слой; проверить источник/единицу измерения
POP-05210,40.79187,69.75658,43,Bundled population grid,2026-07,Методологический слой; проверить источник/единицу измерения
POP-05211,40.79887,69.74899,134,Bundled population grid,2026-07,Методологический слой; проверить источник/единицу измерения
POP-05212,40.7861,69.70928,28,Bundled population grid,2026-07,Методологический слой; проверить источник/единицу измерения
POP-05213,40.77085,69.77933,25,Bundled population grid,2026-07,Методологический слой; проверить источник/единицу измерения
POP-05214,40.77786,69.77174,23,Bundled population grid,2026-07,Методологический слой; проверить источник/единицу измерения
POP-05215,40.84127,69.83698,33,Bundled population grid,2026-07,Методологический слой; проверить источник/единицу измерения
POP-05216,40.83425,69.84456,759,Bundled population grid,2026-07,Методологический слой; проверить источник/единицу измерения
POP-05217,40.83282,69.83272,66,Bundled population grid,2026-07,Методологический слой; проверить источник/единицу измерения
POP-05218,40.87647,69.86586,60,Bundled population grid,2026-07,Методологический слой; проверить источник/единицу измерения
POP-05219,40.8188,69.84789,276,Bundled population grid,2026-07,Методологический слой; проверить источник/единицу измерения
POP-05220,40.82724,69.85214,595,Bundled population grid,2026-07,Методологический слой; проверить источник/единицу измерения
POP-05221,40.81178,69.85546,50,Bundled population grid,2026-07,Методологический слой; проверить источник/единицу измерения
POP-05222,40.82023,69.85972,20,Bundled population grid,2026-07,Методологический слой; проверить источник/единицу измерения
POP-05223,40.8427,69.84882,122,Bundled population grid,2026-07,Методологический слой; проверить источник/единицу измерения
POP-05224,40.83568,69.8564,108,Bundled population grid,2026-07,Методологический слой; проверить источник/единицу измерения
POP-05225,40.82978,69.74229,84,Bundled population grid,2026-07,Методологический слой; проверить источник/единицу измерения
POP-05226,40.81433,69.74564,20,Bundled population grid,2026-07,Методологический слой; проверить источник/единицу измерения
POP-05227,40.84811,69.76261,35,Bundled population grid,2026-07,Методологический слой; проверить источник/единицу измерения
POP-05228,40.84667,69.75078,68,Bundled population grid,2026-07,Методологический слой; проверить источник/единицу измерения
POP-05229,40.82295,69.81664,25,Bundled population grid,2026-07,Методологический слой; проверить источник/единицу измерения
POP-05230,40.81864,69.78114,56,Bundled population grid,2026-07,Методологический слой; проверить источник/единицу измерения
POP-05231,40.84254,69.78204,99,Bundled population grid,2026-07,Методологический слой; проверить источник/единицу измерения
POP-05232,40.8411,69.7702,116,Bundled population grid,2026-07,Методологический слой; проверить источник/единицу измерения
POP-05233,40.82709,69.78538,446,Bundled population grid,2026-07,Методологический слой; проверить источник/единицу измерения
POP-05234,40.83553,69.78963,116,Bundled population grid,2026-07,Методологический слой; проверить источник/единицу измерения
POP-05235,40.8341,69.77779,339,Bundled population grid,2026-07,Методологический слой; проверить источник/единицу измерения
POP-05236,40.71621,69.85173,41,Bundled population grid,2026-07,Методологический слой; проверить источник/единицу измерения
POP-05237,40.76685,69.87725,122,Bundled population grid,2026-07,Методологический слой; проверить источник/единицу измерения
POP-05238,40.75282,69.89238,65,Bundled population grid,2026-07,Методологический слой; проверить источник/единицу измерения
POP-05239,40.75983,69.88481,66,Bundled population grid,2026-07,Методологический слой; проверить источник/единицу измерения
POP-05240,40.71632,69.91837,184,Bundled population grid,2026-07,Методологический слой; проверить источник/единицу измерения
POP-05241,40.75566,69.91603,81,Bundled population grid,2026-07,Методологический слой; проверить источник/единицу измерения
POP-05242,40.73879,69.90751,141,Bundled population grid,2026-07,Методологический слой; проверить источник/единицу измерения
POP-05243,40.74723,69.91177,107,Bundled population grid,2026-07,Методологический слой; проверить источник/единицу измерения
POP-05244,40.74438,69.88812,20,Bundled population grid,2026-07,Методологический слой; проверить источник/единицу измерения
POP-05245,40.73736,69.89569,51,Bundled population grid,2026-07,Методологический слой; проверить источник/единицу измерения
POP-05246,40.73594,69.88387,30,Bundled population grid,2026-07,Методологический слой; проверить источник/единицу измерения
POP-05247,40.71318,69.76147,377,Bundled population grid,2026-07,Методологический слой; проверить источник/единицу измерения
POP-05248,40.70761,69.78085,279,Bundled population grid,2026-07,Методологический слой; проверить источник/единицу измерения
POP-05249,40.71606,69.78509,215,Bundled population grid,2026-07,Методологический слой; проверить источник/единицу измерения
POP-05250,40.74839,69.79024,160,Bundled population grid,2026-07,Методологический слой; проверить источник/единицу измерения
POP-05251,40.75126,69.81388,109,Bundled population grid,2026-07,Методологический слой; проверить источник/единицу измерения
POP-05252,40.71192,69.81629,215,Bundled population grid,2026-07,Методологический слой; проверить источник/единицу измерения
POP-05253,40.72036,69.82053,94,Bundled population grid,2026-07,Методологический слой; проверить источник/единицу измерения
POP-05254,40.70491,69.82386,22,Bundled population grid,2026-07,Методологический слой; проверить источник/единицу измерения
POP-05255,40.71048,69.80448,64,Bundled population grid,2026-07,Методологический слой; проверить источник/единицу измерения
POP-05256,40.73581,69.81721,35,Bundled population grid,2026-07,Методологический слой; проверить источник/единицу измерения
POP-05257,40.74568,69.83327,31,Bundled population grid,2026-07,Методологический слой; проверить источник/единицу измерения
POP-05258,40.74425,69.82145,53,Bundled population grid,2026-07,Методологический слой; проверить источник/единицу измерения
POP-05259,40.73724,69.82903,149,Bundled population grid,2026-07,Методологический слой; проверить источник/единицу измерения
POP-05260,40.71892,69.80872,79,Bundled population grid,2026-07,Методологический слой; проверить источник/единицу измерения
POP-05261,40.72736,69.81296,22,Bundled population grid,2026-07,Методологический слой; проверить источник/единицу измерения
POP-05262,40.7823,69.87393,33,Bundled population grid,2026-07,Методологический слой; проверить источник/единицу измерения
POP-05263,40.79074,69.87819,33,Bundled population grid,2026-07,Методологический слой; проверить источник/единицу измерения
POP-05264,40.81047,69.91038,215,Bundled population grid,2026-07,Методологический слой; проверить источник/единицу измерения
POP-05265,40.8062,69.87487,40,Bundled population grid,2026-07,Методологический слой; проверить источник/единицу измерения
POP-05266,40.79918,69.88245,51,Bundled population grid,2026-07,Методологический слой; проверить источник/единицу измерения
POP-05267,40.79084,69.94491,23,Bundled population grid,2026-07,Методологический слой; проверить источник/единицу измерения
POP-05268,40.7824,69.94065,261,Bundled population grid,2026-07,Методологический слой; проверить источник/единицу измерения
POP-05269,40.77814,69.90516,179,Bundled population grid,2026-07,Методологический слой; проверить источник/единицу измерения
POP-05270,40.81474,69.94588,251,Bundled population grid,2026-07,Методологический слой; проверить источник/единицу измерения
POP-05271,40.79786,69.93735,38,Bundled population grid,2026-07,Методологический слой; проверить источник/единицу измерения
POP-05272,40.80772,69.95345,134,Bundled population grid,2026-07,Методологический слой; проверить источник/единицу измерения
POP-05273,40.78658,69.90942,43,Bundled population grid,2026-07,Методологический слой; проверить источник/единицу измерения
POP-05274,40.79502,69.91368,31,Bundled population grid,2026-07,Методологический слой; проверить источник/единицу измерения
POP-05275,40.78216,69.80722,25,Bundled population grid,2026-07,Методологический слой; проверить источник/единицу измерения
POP-05276,40.76671,69.81055,58,Bundled population grid,2026-07,Методологический слой; проверить источник/единицу измерения
POP-05277,40.76528,69.79873,31,Bundled population grid,2026-07,Методологический слой; проверить источник/единицу измерения
POP-05278,40.77372,69.80297,73,Bundled population grid,2026-07,Методологический слой; проверить источник/единицу измерения
POP-05279,40.78087,69.8621,73,Bundled population grid,2026-07,Методологический слой; проверить источник/единицу измерения
POP-05280,40.7597,69.81813,261,Bundled population grid,2026-07,Методологический слой; проверить источник/единицу измерения
POP-05281,40.75269,69.8257,126,Bundled population grid,2026-07,Методологический слой; проверить источник/единицу измерения
POP-05282,40.76113,69.82995,74,Bundled population grid,2026-07,Методологический слой; проверить источник/единицу измерения
POP-05283,40.80477,69.86304,58,Bundled population grid,2026-07,Методологический слой; проверить источник/единицу измерения
POP-05284,40.79204,69.8233,28,Bundled population grid,2026-07,Методологический слой; проверить источник/единицу измерения
POP-05285,40.78646,69.8427,51,Bundled population grid,2026-07,Методологический слой; проверить источник/единицу измерения
POP-05286,40.82781,68.60023,1039,Bundled population grid,2026-07,Методологический слой; проверить источник/единицу измерения
POP-05287,40.8124,68.60387,232,Bundled population grid,2026-07,Методологический слой; проверить источник/единицу измерения
POP-05288,40.82088,68.60795,1252,Bundled population grid,2026-07,Методологический слой; проверить источник/единицу измерения
POP-05289,40.78158,68.61115,878,Bundled population grid,2026-07,Методологический слой; проверить источник/единицу измерения
POP-05290,40.79161,68.62701,39,Bundled population grid,2026-07,Методологический слой; проверить источник/единицу измерения
POP-05291,40.7762,68.63064,95,Bundled population grid,2026-07,Методологический слой; проверить источник/единицу измерения
POP-05292,40.78468,68.63472,1413,Bundled population grid,2026-07,Методологический слой; проверить источник/единицу измерения
POP-05293,40.78313,68.62293,585,Bundled population grid,2026-07,Методологический слой; проверить источник/единицу измерения
POP-05294,40.76461,68.603,40,Bundled population grid,2026-07,Методологический слой; проверить источник/единицу измерения
POP-05295,40.77309,68.60707,30,Bundled population grid,2026-07,Методологический слой; проверить источник/единицу измерения
POP-05296,40.81395,68.61566,119,Bundled population grid,2026-07,Методологический слой; проверить источник/единицу измерения
POP-05297,40.80858,68.63517,110,Bundled population grid,2026-07,Методологический слой; проверить источник/единицу измерения
POP-05298,40.85254,68.66738,1651,Bundled population grid,2026-07,Методологический слой; проверить источник/единицу измерения
POP-05299,40.86257,68.68328,122,Bundled population grid,2026-07,Методологический слой; проверить источник/единицу измерения
POP-05300,40.86102,68.67147,1682,Bundled population grid,2026-07,Методологический слой; проверить источник/единицу измерения
POP-05301,40.84561,68.6751,570,Bundled population grid,2026-07,Методологический слой; проверить источник/единицу измерения
POP-05302,40.85409,68.67919,140,Bundled population grid,2026-07,Методологический слой; проверить источник/единицу измерения
POP-05303,40.89805,68.71146,59,Bundled population grid,2026-07,Методологический слой; проверить источник/единицу измерения
POP-05304,40.8965,68.69965,40,Bundled population grid,2026-07,Методологический слой; проверить источник/единицу измерения
POP-05305,40.88263,68.71508,58,Bundled population grid,2026-07,Методологический слой; проверить источник/единицу измерения
POP-05306,40.88108,68.70327,396,Bundled population grid,2026-07,Методологический слой; проверить источник/единицу измерения
POP-05307,40.89111,68.71917,101,Bundled population grid,2026-07,Методологический слой; проверить источник/единицу измерения
POP-05308,40.87644,68.66784,862,Bundled population grid,2026-07,Методологический слой; проверить источник/единицу измерения
POP-05309,40.88492,68.67193,433,Bundled population grid,2026-07,Методологический слой; проверить источник/единицу измерения
POP-05310,40.87105,68.68737,176,Bundled population grid,2026-07,Методологический слой; проверить источник/единицу измерения
POP-05311,40.86951,68.67556,205,Bundled population grid,2026-07,Методологический слой; проверить источник/единицу измерения
POP-05312,40.86182,68.73821,33,Bundled population grid,2026-07,Методологический слой; проверить источник/единицу измерения
POP-05313,40.86027,68.7264,89,Bundled population grid,2026-07,Методологический слой; проверить источник/единицу измерения
POP-05314,40.84486,68.73001,70,Bundled population grid,2026-07,Методологический слой; проверить источник/единицу измерения
POP-05315,40.83483,68.71412,61,Bundled population grid,2026-07,Методологический слой; проверить источник/единицу измерения
POP-05316,40.83329,68.70232,61,Bundled population grid,2026-07,Методологический слой; проверить источник/единицу измерения
POP-05317,40.88417,68.72689,39,Bundled population grid,2026-07,Методологический слой; проверить источник/единицу измерения
POP-05318,40.8703,68.74231,48,Bundled population grid,2026-07,Методологический слой; проверить источник/единицу измерения
POP-05319,40.86876,68.7305,37,Bundled population grid,2026-07,Методологический слой; проверить источник/единицу измерения
POP-05320,40.87724,68.7346,23,Bundled population grid,2026-07,Методологический слой; проверить источник/единицу измерения
POP-05321,40.8726,68.69917,472,Bundled population grid,2026-07,Методологический слой; проверить источник/единицу измерения
POP-05322,40.85718,68.70279,58,Bundled population grid,2026-07,Методологический слой; проверить источник/единицу измерения
POP-05323,40.86567,68.70689,277,Bundled population grid,2026-07,Методологический слой; проверить источник/единицу измерения
POP-05324,40.8517,68.60066,37,Bundled population grid,2026-07,Методологический слой; проверить источник/единицу измерения
POP-05325,40.83629,68.60431,591,Bundled population grid,2026-07,Методологический слой; проверить источник/единицу измерения
POP-05326,40.87178,68.63243,174,Bundled population grid,2026-07,Методологический слой; проверить источник/единицу измерения
POP-05327,40.87023,68.62062,195,Bundled population grid,2026-07,Методологический слой; проверить источник/единицу измерения
POP-05328,40.87871,68.62471,155,Bundled population grid,2026-07,Методологический слой; проверить источник/единицу измерения
POP-05329,40.8756,68.6011,387,Bundled population grid,2026-07,Методологический слой; проверить источник/единицу измерения
POP-05330,40.84095,68.6397,603,Bundled population grid,2026-07,Методологический слой; проверить источник/единицу измерения
POP-05331,40.85099,68.65558,2044,Bundled population grid,2026-07,Методологический слой; проверить источник/единицу измерения
POP-05332,40.84944,68.64378,1060,Bundled population grid,2026-07,Методологический слой; проверить источник/единицу измерения
POP-05333,40.83558,68.65921,2029,Bundled population grid,2026-07,Методологический слой; проверить источник/единицу измерения
POP-05334,40.83402,68.64741,1335,Bundled population grid,2026-07,Методологический слой; проверить источник/единицу измерения
POP-05335,40.84406,68.6633,1797,Bundled population grid,2026-07,Методологический слой; проверить источник/единицу измерения
POP-05336,40.84251,68.6515,2118,Bundled population grid,2026-07,Методологический слой; проверить источник/единицу измерения
POP-05337,40.82936,68.61202,24,Bundled population grid,2026-07,Методологический слой; проверить источник/единицу измерения
POP-05338,40.8394,68.6279,433,Bundled population grid,2026-07,Методологический слой; проверить источник/единицу измерения
POP-05339,40.83785,68.6161,204,Bundled population grid,2026-07,Методологический слой; проверить источник/единицу измерения
POP-05340,40.82244,68.61974,110,Bundled population grid,2026-07,Методологический слой; проверить источник/единицу измерения
POP-05341,40.83247,68.63562,67,Bundled population grid,2026-07,Методологический слой; проверить источник/единицу измерения
POP-05342,40.83092,68.62382,42,Bundled population grid,2026-07,Методологический слой; проверить источник/единицу измерения
POP-05343,40.86485,68.64015,875,Bundled population grid,2026-07,Методологический слой; проверить источник/единицу измерения
POP-05344,40.87489,68.65604,134,Bundled population grid,2026-07,Методологический слой; проверить источник/единицу измерения
POP-05345,40.87334,68.64423,149,Bundled population grid,2026-07,Методологический слой; проверить источник/единицу измерения
POP-05346,40.85947,68.65967,1365,Bundled population grid,2026-07,Методологический слой; проверить источник/единицу измерения
POP-05347,40.85792,68.64787,874,Bundled population grid,2026-07,Методологический слой; проверить источник/единицу измерения
POP-05348,40.86796,68.66376,2057,Bundled population grid,2026-07,Методологический слой; проверить источник/единицу измерения
POP-05349,40.8664,68.65195,441,Bundled population grid,2026-07,Методологический слой; проверить источник/единицу измерения
POP-05350,40.84633,68.62018,97,Bundled population grid,2026-07,Методологический слой; проверить источник/единицу измерения
POP-05351,40.74465,68.69272,652,Bundled population grid,2026-07,Методологический слой; проверить источник/единицу измерения
POP-05352,40.74774,68.71629,37,Bundled population grid,2026-07,Методологический слой; проверить источник/единицу измерения
POP-05353,40.78011,68.72086,536,Bundled population grid,2026-07,Методологический слой; проверить источник/единицу измерения
POP-05354,40.79013,68.73674,73,Bundled population grid,2026-07,Методологический слой; проверить источник/единицу измерения
POP-05355,40.78859,68.72495,488,Bundled population grid,2026-07,Методологический слой; проверить источник/единицу измерения
POP-05356,40.77471,68.74034,329,Bundled population grid,2026-07,Методологический слой; проверить источник/единицу измерения
POP-05357,40.78319,68.74444,481,Bundled population grid,2026-07,Методологический слой; проверить источник/единицу измерения
POP-05358,40.78165,68.73265,1222,Bundled population grid,2026-07,Методологический слой; проверить источник/единицу измерения
POP-05359,40.76854,68.69319,1060,Bundled population grid,2026-07,Методологический слой; проверить источник/единицу измерения
POP-05360,40.77702,68.69728,73,Bundled population grid,2026-07,Методологический слой; проверить источник/единицу измерения
POP-05361,40.76315,68.71268,21,Bundled population grid,2026-07,Методологический слой; проверить источник/единицу измерения
POP-05362,40.76161,68.70089,372,Bundled population grid,2026-07,Методологический слой; проверить источник/единицу измерения
POP-05363,40.77163,68.71677,40,Bundled population grid,2026-07,Методологический слой; проверить источник/единицу измерения
POP-05364,40.77008,68.70498,466,Bundled population grid,2026-07,Методологический слой; проверить источник/единицу измерения
POP-05365,40.7539,68.76343,673,Bundled population grid,2026-07,Методологический слой; проверить источник/единицу измерения
POP-05366,40.73849,68.76702,722,Bundled population grid,2026-07,Методологический слой; проверить источник/единицу измерения
POP-05367,40.73695,68.75524,89,Bundled population grid,2026-07,Методологический слой; проверить источник/единицу измерения
POP-05368,40.74697,68.77112,828,Bundled population grid,2026-07,Методологический слой; проверить источник/единицу измерения
POP-05369,40.74543,68.75933,162,Bundled population grid,2026-07,Методологический слой; проверить источник/единицу измерения
POP-05370,40.73233,68.71989,250,Bundled population grid,2026-07,Методологический слой; проверить источник/единицу измерения
POP-05371,40.74235,68.73576,822,Bundled population grid,2026-07,Методологический слой; проверить источник/единицу измерения
POP-05372,40.7408,68.72398,457,Bundled population grid,2026-07,Методологический слой; проверить источник/единицу измерения
POP-05373,40.73541,68.74346,89,Bundled population grid,2026-07,Методологический слой; проверить источник/единицу измерения
POP-05374,40.73387,68.73168,898,Bundled population grid,2026-07,Методологический слой; проверить источник/единицу измерения
POP-05375,40.7778,68.76392,73,Bundled population grid,2026-07,Методологический слой; проверить источник/единицу измерения
POP-05376,40.76238,68.76752,1365,Bundled population grid,2026-07,Методологический слой; проверить источник/единицу измерения
POP-05377,40.76084,68.75573,393,Bundled population grid,2026-07,Методологический слой; проверить источник/единицу измерения
POP-05378,40.77086,68.77162,308,Bundled population grid,2026-07,Методологический слой; проверить источник/единицу измерения
POP-05379,40.76932,68.75983,421,Bundled population grid,2026-07,Методологический слой; проверить источник/единицу измерения
POP-05380,40.74928,68.72807,39,Bundled population grid,2026-07,Методологический слой; проверить источник/единицу измерения
POP-05381,40.72842,68.62975,1221,Bundled population grid,2026-07,Методологический слой; проверить источник/единицу измерения
POP-05382,40.72687,68.61798,281,Bundled population grid,2026-07,Методологический слой; проверить источник/единицу измерения
POP-05383,40.73535,68.62205,48,Bundled population grid,2026-07,Методологический слой; проверить источник/единицу измерения
POP-05384,40.77775,68.64243,1213,Bundled population grid,2026-07,Методологический слой; проверить источник/единицу измерения
POP-05385,40.76234,68.64606,30,Bundled population grid,2026-07,Методологический слой; проверить источник/единицу измерения
POP-05386,40.76772,68.62657,64,Bundled population grid,2026-07,Методологический слой; проверить источник/единицу измерения
POP-05387,40.75231,68.6302,948,Bundled population grid,2026-07,Методологический слой; проверить источник/единицу измерения
POP-05388,40.76079,68.63427,494,Bundled population grid,2026-07,Методологический слой; проверить источник/единицу измерения
POP-05389,40.75924,68.62249,822,Bundled population grid,2026-07,Методологический слой; проверить источник/единицу измерения
POP-05390,40.73307,68.66508,1591,Bundled population grid,2026-07,Методологический слой; проверить источник/единицу измерения
POP-05391,40.74155,68.66916,100,Bundled population grid,2026-07,Методологический слой; проверить источник/единицу измерения
POP-05392,40.72769,68.68456,984,Bundled population grid,2026-07,Методологический слой; проверить источник/единицу измерения
POP-05393,40.72614,68.67278,1124,Bundled population grid,2026-07,Методологический слой; проверить источник/единицу измерения
POP-05394,40.73617,68.68864,1012,Bundled population grid,2026-07,Методологический слой; проверить источник/единицу измерения
POP-05395,40.73462,68.67686,399,Bundled population grid,2026-07,Методологический слой; проверить источник/единицу измерения
POP-05396,40.72149,68.63745,1782,Bundled population grid,2026-07,Методологический слой; проверить источник/единицу измерения
POP-05397,40.72997,68.64153,326,Bundled population grid,2026-07,Методологический слой; проверить источник/единицу измерения
POP-05398,40.71457,68.64515,1310,Bundled population grid,2026-07,Методологический слой; проверить источник/единицу измерения
POP-05399,40.72459,68.661,421,Bundled population grid,2026-07,Методологический слой; проверить источник/единицу измерения
POP-05400,40.72304,68.64923,115,Bundled population grid,2026-07,Методологический слой; проверить источник/единицу измерения
POP-05401,40.76699,68.68141,1304,Bundled population grid,2026-07,Методологический слой; проверить источник/единицу измерения
POP-05402,40.75158,68.68503,664,Bundled population grid,2026-07,Методологический слой; проверить источник/единицу измерения
POP-05403,40.76006,68.68911,208,Bundled population grid,2026-07,Методологический слой; проверить источник/единицу измерения
POP-05404,40.75851,68.67732,658,Bundled population grid,2026-07,Методологический слой; проверить источник/единицу измерения
POP-05405,40.74538,68.6379,48,Bundled population grid,2026-07,Методологический слой; проверить источник/единицу измерения
POP-05406,40.75541,68.65376,326,Bundled population grid,2026-07,Методологический слой; проверить источник/единицу измерения
POP-05407,40.75386,68.64198,122,Bundled population grid,2026-07,Методологический слой; проверить источник/единицу измерения
POP-05408,40.74693,68.64968,692,Bundled population grid,2026-07,Методологический слой; проверить источник/единицу измерения
POP-05409,40.81402,68.73723,433,Bundled population grid,2026-07,Методологический слой; проверить источник/единицу измерения
POP-05410,40.81248,68.72543,213,Bundled population grid,2026-07,Методологический слой; проверить источник/единицу измерения
POP-05411,40.80709,68.74493,216,Bundled population grid,2026-07,Методологический слой; проверить источник/единицу измерения
POP-05412,40.84794,68.75362,52,Bundled population grid,2026-07,Методологический слой; проверить источник/единицу измерения
POP-05413,40.8279,68.72182,37,Bundled population grid,2026-07,Методологический слой; проверить источник/единицу измерения
POP-05414,40.8225,68.74132,192,Bundled population grid,2026-07,Методологический слой; проверить источник/единицу измерения
POP-05415,40.79783,68.79571,76,Bundled population grid,2026-07,Методологический слой; проверить источник/единицу измерения
POP-05416,40.79167,68.74853,43,Bundled population grid,2026-07,Методологический слой; проверить источник/единицу измерения
POP-05417,40.79475,68.77212,100,Bundled population grid,2026-07,Методологический слой; проверить источник/единицу измерения
POP-05418,40.83714,68.79263,194,Bundled population grid,2026-07,Методологический слой; проверить источник/единицу измерения
POP-05419,40.8302,68.80033,53,Bundled population grid,2026-07,Методологический слой; проверить источник/единицу измерения
POP-05420,40.81557,68.74903,1527,Bundled population grid,2026-07,Методологический слой; проверить источник/единицу измерения
POP-05421,40.80863,68.75673,240,Bundled population grid,2026-07,Методологический слой; проверить источник/единицу измерения
POP-05422,40.81711,68.76082,597,Bundled population grid,2026-07,Методологический слой; проверить источник/единицу измерения
POP-05423,40.79316,68.6388,859,Bundled population grid,2026-07,Методологический слой; проверить источник/единицу измерения
POP-05424,40.80165,68.64288,147,Bundled population grid,2026-07,Методологический слой; проверить источник/единицу измерения
POP-05425,40.78623,68.64651,1005,Bundled population grid,2026-07,Методологический слой; проверить источник/единицу измерения
POP-05426,40.79627,68.66238,537,Bundled population grid,2026-07,Методологический слой; проверить источник/единицу измерения
POP-05427,40.79472,68.65059,914,Bundled population grid,2026-07,Методологический слой; проверить источник/единицу измерения
POP-05428,40.82864,68.66692,1879,Bundled population grid,2026-07,Методологический слой; проверить источник/единицу измерения
POP-05429,40.83713,68.67101,1517,Bundled population grid,2026-07,Методологический слой; проверить источник/единицу измерения
POP-05430,40.82326,68.68643,1247,Bundled population grid,2026-07,Методологический слой; проверить источник/единицу измерения
POP-05431,40.82171,68.67463,1843,Bundled population grid,2026-07,Методологический слой; проверить источник/единицу измерения
POP-05432,40.83019,68.67872,883,Bundled population grid,2026-07,Методологический слой; проверить источник/единицу измерения
POP-05433,40.82709,68.65513,926,Bundled population grid,2026-07,Методологический слой; проверить источник/единицу измерения
POP-05434,40.81168,68.65875,39,Bundled population grid,2026-07,Методологический слой; проверить источник/единицу измерения
POP-05435,40.81013,68.64696,335,Bundled population grid,2026-07,Методологический слой; проверить источник/единицу измерения
POP-05436,40.82016,68.66284,1216,Bundled population grid,2026-07,Методологический слой; проверить источник/единицу измерения
POP-05437,40.79243,68.69367,207,Bundled population grid,2026-07,Методологический слой; проверить источник/единицу измерения
POP-05438,40.7855,68.70137,250,Bundled population grid,2026-07,Методологический слой; проверить источник/единицу измерения
POP-05439,40.79088,68.68187,311,Bundled population grid,2026-07,Методологический слой; проверить источник/единицу измерения
POP-05440,40.78934,68.67008,868,Bundled population grid,2026-07,Методологический слой; проверить источник/единицу измерения
POP-05441,40.77547,68.68549,597,Bundled population grid,2026-07,Методологический слой; проверить источник/единицу измерения
POP-05442,40.77392,68.67371,390,Bundled population grid,2026-07,Методологический слой; проверить источник/единицу измерения
POP-05443,40.78395,68.68958,149,Bundled population grid,2026-07,Методологический слой; проверить источник/единицу измерения
POP-05444,40.7824,68.67779,22,Bundled population grid,2026-07,Методологический слой; проверить источник/единицу измерения
POP-05445,40.81633,68.69414,621,Bundled population grid,2026-07,Методологический слой; проверить источник/единицу измерения
POP-05446,40.82481,68.69823,83,Bundled population grid,2026-07,Методологический слой; проверить источник/единицу измерения
POP-05447,40.81094,68.71364,344,Bundled population grid,2026-07,Методологический слой; проверить источник/единицу измерения
POP-05448,40.81942,68.71773,36,Bundled population grid,2026-07,Методологический слой; проверить источник/единицу измерения
POP-05449,40.81478,68.68234,1972,Bundled population grid,2026-07,Методологический слой; проверить источник/единицу измерения
POP-05450,40.81323,68.67055,847,Bundled population grid,2026-07,Методологический слой; проверить источник/единицу измерения
POP-05451,40.79782,68.67417,1249,Bundled population grid,2026-07,Методологический слой; проверить источник/единицу измерения
POP-05452,40.8063,68.67825,396,Bundled population grid,2026-07,Методологический слой; проверить источник/единицу измерения
POP-05453,40.74072,68.60257,24,Bundled population grid,2026-07,Методологический слой; проверить источник/единицу измерения
POP-05454,40.57438,68.78703,92,Bundled population grid,2026-07,Методологический слой; проверить источник/единицу измерения
POP-05455,40.57284,68.77528,828,Bundled population grid,2026-07,Методологический слой; проверить источник/единицу измерения
POP-05456,40.55744,68.77886,211,Bundled population grid,2026-07,Методологический слой; проверить источник/единицу измерения
POP-05457,40.55283,68.74362,631,Bundled population grid,2026-07,Методологический слой; проверить источник/единицу измерения
POP-05458,40.56284,68.75945,167,Bundled population grid,2026-07,Методологический слой; проверить источник/единицу измерения
POP-05459,40.5613,68.7477,271,Bundled population grid,2026-07,Методологический слой; проверить источник/единицу измерения
POP-05460,40.5559,68.76711,472,Bundled population grid,2026-07,Методологический слой; проверить источник/единицу измерения
POP-05461,40.55436,68.75537,1490,Bundled population grid,2026-07,Методологический слой; проверить источник/единицу измерения
POP-05462,40.55204,68.79827,134,Bundled population grid,2026-07,Методологический слой; проверить источник/единицу измерения
POP-05463,40.5505,68.78653,128,Bundled population grid,2026-07,Методологический слой; проверить источник/единицу измерения
POP-05464,40.59204,68.86165,52,Bundled population grid,2026-07,Методологический слой; проверить источник/единицу измерения
POP-05465,40.62896,68.90158,591,Bundled population grid,2026-07,Методологический слой; проверить источник/единицу измерения
POP-05466,40.63743,68.90569,36,Bundled population grid,2026-07,Методологический слой; проверить источник/единицу измерения
POP-05467,40.62286,68.85452,229,Bundled population grid,2026-07,Методологический слой; проверить источник/единицу измерения
POP-05468,40.61744,68.87395,615,Bundled population grid,2026-07,Методологический слой; проверить источник/единицу измерения
POP-05469,40.62591,68.87805,610,Bundled population grid,2026-07,Методологический слой; проверить источник/единицу измерения
POP-05470,40.62439,68.86629,42,Bundled population grid,2026-07,Методологический слой; проверить источник/единицу измерения
POP-05471,40.59814,68.90869,80,Bundled population grid,2026-07,Методологический слой; проверить источник/единицу измерения
POP-05472,40.59271,68.9281,213,Bundled population grid,2026-07,Методологический слой; проверить источник/единицу измерения
POP-05473,40.59119,68.91634,207,Bundled population grid,2026-07,Методологический слой; проверить источник/единицу измерения
POP-05474,40.62202,68.90924,2260,Bundled population grid,2026-07,Методологический слой; проверить источник/единицу измерения
POP-05475,40.63049,68.91335,192,Bundled population grid,2026-07,Методологический слой; проверить источник/единицу измерения
POP-05476,40.61507,68.9169,74,Bundled population grid,2026-07,Методологический слой; проверить источник/единицу измерения
POP-05477,40.62354,68.92101,329,Bundled population grid,2026-07,Методологический слой; проверить источник/единицу измерения
POP-05478,40.62049,68.89748,1934,Bundled population grid,2026-07,Методологический слой; проверить источник/единицу измерения
POP-05479,40.61897,68.88571,165,Bundled population grid,2026-07,Методологический слой; проверить источник/единицу измерения
POP-05480,40.60508,68.90103,323,Bundled population grid,2026-07,Методологический слой; проверить источник/единицу измерения
POP-05481,40.61355,68.90514,1514,Bundled population grid,2026-07,Методологический слой; проверить источник/единицу измерения
POP-05482,40.61203,68.89337,24,Bundled population grid,2026-07,Методологический слой; проверить источник/единицу измерения
POP-05483,40.62367,68.79981,146,Bundled population grid,2026-07,Методологический слой; проверить источник/единицу измерения
POP-05484,40.61827,68.81924,551,Bundled population grid,2026-07,Методологический слой; проверить источник/единицу измерения
POP-05485,40.61673,68.80748,98,Bundled population grid,2026-07,Методологический слой; проверить источник/единицу измерения
POP-05486,40.62674,68.82333,1237,Bundled population grid,2026-07,Методологический слой; проверить источник/единицу измерения
POP-05487,40.62521,68.81157,1145,Bundled population grid,2026-07,Методологический слой; проверить источник/единицу измерения
POP-05488,40.62214,68.78805,210,Bundled population grid,2026-07,Методологический слой; проверить источник/единицу измерения
POP-05489,40.59051,68.84989,192,Bundled population grid,2026-07,Методологический слой; проверить источник/единицу измерения
POP-05490,40.61133,68.8269,390,Bundled population grid,2026-07,Методологический слой; проверить источник/единицу измерения
POP-05491,40.62133,68.84276,584,Bundled population grid,2026-07,Методологический слой; проверить источник/единицу измерения
POP-05492,40.6198,68.831,954,Bundled population grid,2026-07,Методологический слой; проверить источник/единицу измерения
POP-05493,40.60439,68.83457,414,Bundled population grid,2026-07,Методологический слой; проверить источник/единицу измерения
POP-05494,40.61439,68.85043,141,Bundled population grid,2026-07,Методологический слой; проверить источник/единицу измерения
POP-05495,40.6098,68.81514,618,Bundled population grid,2026-07,Методологический слой; проверить источник/единицу измерения
POP-05496,40.60286,68.82281,457,Bundled population grid,2026-07,Методологический слой; проверить источник/единицу измерения
POP-05497,40.56037,68.92343,1167,Bundled population grid,2026-07,Методологический слой; проверить источник/единицу измерения
POP-05498,40.55885,68.91168,155,Bundled population grid,2026-07,Методологический слой; проверить источник/единицу измерения
POP-05499,40.59575,68.95162,292,Bundled population grid,2026-07,Методологический слой; проверить источник/единицу измерения
POP-05500,40.57882,68.9434,31,Bundled population grid,2026-07,Методологический слой; проверить источник/единицу измерения
POP-05501,40.58729,68.94751,34,Bundled population grid,2026-07,Методологический слой; проверить источник/единицу измерения
POP-05502,40.58425,68.924,615,Bundled population grid,2026-07,Методологический слой; проверить источник/единицу измерения
POP-05503,40.56884,68.92754,192,Bundled population grid,2026-07,Методологический слой; проверить источник/единицу измерения
POP-05504,40.56731,68.91578,372,Bundled population grid,2026-07,Методологический слой; проверить источник/единицу измерения
POP-05505,40.5773,68.93165,548,Bundled population grid,2026-07,Методологический слой; проверить источник/единицу измерения
POP-05506,40.5595,68.9781,27,Bundled population grid,2026-07,Методологический слой; проверить источник/единицу измерения
POP-05507,40.55798,68.96634,698,Bundled population grid,2026-07,Методологический слой; проверить источник/единицу измерения
POP-05508,40.55255,68.98574,28,Bundled population grid,2026-07,Методологический слой; проверить источник/единицу измерения
POP-05509,40.55103,68.97399,82,Bundled population grid,2026-07,Методологический слой; проверить источник/единицу измерения
POP-05510,40.57643,68.98633,258,Bundled population grid,2026-07,Методологический слой; проверить источник/единицу измерения
POP-05511,40.57188,68.95105,64,Bundled population grid,2026-07,Методологический слой; проверить источник/единицу измерения
POP-05512,40.57036,68.9393,269,Bundled population grid,2026-07,Методологический слой; проверить источник/единицу измерения
POP-05513,40.55646,68.95459,298,Bundled population grid,2026-07,Методологический слой; проверить источник/единицу измерения
POP-05514,40.56493,68.9587,253,Bundled population grid,2026-07,Методологический слой; проверить источник/единицу измерения
POP-05515,40.56579,68.90403,290,Bundled population grid,2026-07,Методологический слой; проверить источник/единицу измерения
POP-05516,40.55428,68.87643,30,Bundled population grid,2026-07,Методологический слой; проверить источник/единицу измерения
POP-05517,40.55359,68.68897,158,Bundled population grid,2026-07,Методологический слой; проверить источник/единицу измерения
POP-05518,40.55204,68.67723,728,Bundled population grid,2026-07,Методологический слой; проверить источник/единицу измерения
POP-05519,40.5505,68.66549,37,Bundled population grid,2026-07,Методологический слой; проверить источник/единицу измерения
POP-05520,40.69611,68.74656,707,Bundled population grid,2026-07,Методологический слой; проверить источник/единицу измерения
POP-05521,40.70613,68.76243,43,Bundled population grid,2026-07,Методологический слой; проверить источник/единицу измерения
POP-05522,40.68917,68.75425,695,Bundled population grid,2026-07,Методологический слой; проверить источник/единицу измерения
POP-05523,40.69919,68.77011,149,Bundled population grid,2026-07,Методологический слой; проверить источник/единицу измерения
POP-05524,40.69765,68.75834,496,Bundled population grid,2026-07,Методологический слой; проверить источник/единицу измерения
POP-05525,40.73155,68.77471,1393,Bundled population grid,2026-07,Методологический слой; проверить источник/единицу измерения
POP-05526,40.74003,68.7788,42,Bundled population grid,2026-07,Методологический слой; проверить источник/единицу измерения
POP-05527,40.72461,68.78239,326,Bundled population grid,2026-07,Методологический слой; проверить источник/единицу измерения
POP-05528,40.73463,68.79827,40,Bundled population grid,2026-07,Методологический слой; проверить источник/единицу измерения
POP-05529,40.73001,68.76293,670,Bundled population grid,2026-07,Методологический слой; проверить источник/единицу измерения
POP-05530,40.7146,68.76652,646,Bundled population grid,2026-07,Методологический слой; проверить источник/единицу измерения
POP-05531,40.72308,68.77061,1511,Bundled population grid,2026-07,Методологический слой; проверить источник/единицу измерения
POP-05532,40.72154,68.75883,323,Bundled population grid,2026-07,Методологический слой; проверить источник/единицу измерения
POP-05533,40.69532,68.80135,1212,Bundled population grid,2026-07,Методологический слой; проверить источник/единицу измерения
POP-05534,40.70533,68.81722,1539,Bundled population grid,2026-07,Методологический слой; проверить источник/единицу измерения
POP-05535,40.7038,68.80544,542,Bundled population grid,2026-07,Методологический слой; проверить источник/единицу измерения
POP-05536,40.68992,68.8208,195,Bundled population grid,2026-07,Методологический слой; проверить источник/единицу измерения
POP-05537,40.68838,68.80902,52,Bundled population grid,2026-07,Методологический слой; проверить источник/единицу измерения
POP-05538,40.69839,68.8249,752,Bundled population grid,2026-07,Методологический слой; проверить источник/единицу измерения
POP-05539,40.69686,68.81312,1521,Bundled population grid,2026-07,Методологический слой; проверить источник/единицу измерения
POP-05540,40.68378,68.7737,259,Bundled population grid,2026-07,Методологический слой; проверить источник/единицу измерения
POP-05541,40.69379,68.78957,231,Bundled population grid,2026-07,Методологический слой; проверить источник/единицу измерения
POP-05542,40.69225,68.7778,390,Bundled population grid,2026-07,Методологический слой; проверить источник/единицу измерения
POP-05543,40.67838,68.79315,85,Bundled population grid,2026-07,Методологический слой; проверить источник/единицу измерения
POP-05544,40.68685,68.79725,485,Bundled population grid,2026-07,Методологический слой; проверить источник/единицу измерения
POP-05545,40.68531,68.78548,801,Bundled population grid,2026-07,Методологический слой; проверить источник/единицу измерения
POP-05546,40.71921,68.80186,30,Bundled population grid,2026-07,Методологический слой; проверить источник/единицу измерения
POP-05547,40.72922,68.81774,884,Bundled population grid,2026-07,Методологический слой; проверить источник/единицу измерения
POP-05548,40.72769,68.80596,27,Bundled population grid,2026-07,Методологический слой; проверить источник/единицу измерения
POP-05549,40.71227,68.80954,25,Bundled population grid,2026-07,Методологический слой; проверить источник/единицу измерения
POP-05550,40.72074,68.81364,21,Bundled population grid,2026-07,Методологический слой; проверить источник/единицу измерения
POP-05551,40.70766,68.77421,290,Bundled population grid,2026-07,Методологический слой; проверить источник/единицу измерения
POP-05552,40.71768,68.79008,274,Bundled population grid,2026-07,Методологический слой; проверить источник/единицу измерения
POP-05553,40.71614,68.7783,375,Bundled population grid,2026-07,Методологический слой; проверить источник/единицу измерения
POP-05554,40.70226,68.79367,420,Bundled population grid,2026-07,Методологический слой; проверить источник/единицу измерения
POP-05555,40.70073,68.78189,585,Bundled population grid,2026-07,Методологический слой; проверить источник/единицу измерения
POP-05556,40.71074,68.79776,231,Bundled population grid,2026-07,Методологический слой; проверить источник/единицу измерения
POP-05557,40.7092,68.78598,710,Bundled population grid,2026-07,Методологический слой; проверить источник/единицу измерения
POP-05558,40.79618,68.90546,584,Bundled population grid,2026-07,Методологический слой; проверить источник/единицу измерения
POP-05559,40.80466,68.90958,276,Bundled population grid,2026-07,Методологический слой; проверить источник/единицу измерения
POP-05560,40.80313,68.89778,81,Bundled population grid,2026-07,Методологический слой; проверить источник/единицу измерения
POP-05561,40.80008,68.87418,347,Bundled population grid,2026-07,Методологический слой; проверить источник/единицу измерения
POP-05562,40.78313,68.86596,162,Bundled population grid,2026-07,Методологический слой; проверить источник/единицу измерения
POP-05563,40.77534,68.9285,393,Bundled population grid,2026-07,Методологический слой; проверить источник/единицу измерения
POP-05564,40.77381,68.9167,162,Bundled population grid,2026-07,Методологический слой; проверить источник/единицу измерения
POP-05565,40.75992,68.93205,88,Bundled population grid,2026-07,Методологический слой; проверить источник/единицу измерения
POP-05566,40.76686,68.92438,26,Bundled population grid,2026-07,Методологический слой; проверить источник/единицу измерения
POP-05567,40.7484,68.90435,132,Bundled population grid,2026-07,Методологический слой; проверить источник/единицу измерения
POP-05568,40.74687,68.89256,58,Bundled population grid,2026-07,Методологический слой; проверить источник/единицу измерения
POP-05569,40.78923,68.91314,25,Bundled population grid,2026-07,Методологический слой; проверить источник/единицу измерения
POP-05570,40.78229,68.92082,71,Bundled population grid,2026-07,Методологический слой; проверить источник/единицу измерения
POP-05571,40.78771,68.90135,86,Bundled population grid,2026-07,Методологический слой; проверить источник/единицу измерения
POP-05572,40.75544,68.77521,892,Bundled population grid,2026-07,Методологический слой; проверить источник/единицу измерения
POP-05573,40.76546,68.7911,21,Bundled population grid,2026-07,Методологический слой; проверить источник/единицу измерения
POP-05574,40.76392,68.77931,207,Bundled population grid,2026-07,Методологический слой; проверить источник/единицу измерения
POP-05575,40.79936,68.80751,47,Bundled population grid,2026-07,Методологический слой; проверить источник/единицу измерения
POP-05576,40.78548,68.82289,496,Bundled population grid,2026-07,Методологический слой; проверить источник/единицу измерения
POP-05577,40.78935,68.79161,88,Bundled population grid,2026-07,Методологический слой; проверить источник/единицу измерения
POP-05578,40.78781,68.77981,119,Bundled population grid,2026-07,Методологический слой; проверить источник/единицу измерения
POP-05579,40.7724,68.78341,116,Bundled population grid,2026-07,Методологический слой; проверить источник/единицу измерения
POP-05580,40.78087,68.78751,223,Bundled population grid,2026-07,Методологический слой; проверить источник/единицу измерения
POP-05581,40.7431,68.80237,57,Bundled population grid,2026-07,Методологический слой; проверить источник/единицу измерения
POP-05582,40.73769,68.82184,1338,Bundled population grid,2026-07,Методологический слой; проверить источник/единицу измерения
POP-05583,40.73616,68.81006,1115,Bundled population grid,2026-07,Методологический слой; проверить источник/единицу измерения
POP-05584,40.74617,68.82594,241,Bundled population grid,2026-07,Методологический слой; проверить источник/единицу измерения
POP-05585,40.74463,68.81416,225,Bundled population grid,2026-07,Методологический слой; проверить источник/единицу измерения
POP-05586,40.77853,68.83057,1450,Bundled population grid,2026-07,Методологический слой; проверить источник/единицу измерения
POP-05587,40.78701,68.83468,453,Bundled population grid,2026-07,Методологический слой; проверить источник/единицу измерения
POP-05588,40.78007,68.84237,201,Bundled population grid,2026-07,Методологический слой; проверить источник/единицу измерения
POP-05589,40.777,68.81878,88,Bundled population grid,2026-07,Методологический слой; проверить источник/единицу измерения
POP-05590,40.65827,68.8827,70,Bundled population grid,2026-07,Методологический слой; проверить источник/единицу измерения
POP-05591,40.65285,68.90214,232,Bundled population grid,2026-07,Методологический слой; проверить источник/единицу измерения
POP-05592,40.65132,68.89037,158,Bundled population grid,2026-07,Методологический слой; проверить источник/единицу измерения
POP-05593,40.66132,68.90625,64,Bundled population grid,2026-07,Методологический слой; проверить источник/единицу измерения
POP-05594,40.65979,68.89447,695,Bundled population grid,2026-07,Методологический слой; проверить источник/единицу измерения
POP-05595,40.69367,68.91091,36,Bundled population grid,2026-07,Методологический слой; проверить источник/единицу измерения
POP-05596,40.68825,68.93036,204,Bundled population grid,2026-07,Методологический слой; проверить источник/единицу измерения
POP-05597,40.68672,68.91858,253,Bundled population grid,2026-07,Методологический слой; проверить источник/единицу измерения
POP-05598,40.69519,68.92269,828,Bundled population grid,2026-07,Методологический слой; проверить источник/единицу измерения
POP-05599,40.65741,68.93745,22,Bundled population grid,2026-07,Методологический слой; проверить источник/единицу измерения
POP-05600,40.65198,68.95688,161,Bundled population grid,2026-07,Методологический слой; проверить источник/единицу измерения
POP-05601,40.66045,68.961,433,Bundled population grid,2026-07,Методологический слой; проверить источник/единицу измерения
POP-05602,40.65893,68.94923,110,Bundled population grid,2026-07,Методологический слой; проверить источник/единицу измерения
POP-05603,40.63895,68.91746,25,Bundled population grid,2026-07,Методологический слой; проверить источник/единицу измерения
POP-05604,40.6813,68.93802,94,Bundled population grid,2026-07,Методологический слой; проверить источник/единицу измерения
POP-05605,40.67435,68.94568,24,Bundled population grid,2026-07,Методологический слой; проверить источник/единицу измерения
POP-05606,40.68434,68.96158,86,Bundled population grid,2026-07,Методологический слой; проверить источник/единицу измерения
POP-05607,40.66436,68.92979,21,Bundled population grid,2026-07,Методологический слой; проверить источник/единицу измерения
POP-05608,40.65062,68.82385,46,Bundled population grid,2026-07,Методологический слой; проверить источник/единицу измерения
POP-05609,40.68298,68.82847,198,Bundled population grid,2026-07,Методологический слой; проверить источник/единицу измерения
POP-05610,40.69298,68.84435,780,Bundled population grid,2026-07,Методологический слой; проверить источник/единицу измерения
POP-05611,40.69145,68.83257,107,Bundled population grid,2026-07,Методологический слой; проверить источник/единицу измерения
POP-05612,40.68144,68.8167,76,Bundled population grid,2026-07,Методологический слой; проверить источник/единицу измерения
POP-05613,40.67991,68.80493,128,Bundled population grid,2026-07,Методологический слой; проверить источник/единицу измерения
POP-05614,40.66603,68.82028,119,Bundled population grid,2026-07,Методологический слой; проверить источник/единицу измерения
POP-05615,40.6745,68.82438,637,Bundled population grid,2026-07,Методологический слой; проверить источник/единицу измерения
POP-05616,40.67297,68.8126,137,Bundled population grid,2026-07,Методологический слой; проверить источник/единицу измерения
POP-05617,40.64674,68.85506,576,Bundled population grid,2026-07,Методологический слой; проверить источник/единицу измерения
POP-05618,40.65674,68.87093,30,Bundled population grid,2026-07,Методологический слой; проверить источник/единицу измерения
POP-05619,40.65521,68.85916,156,Bundled population grid,2026-07,Методологический слой; проверить источник/единицу измерения
POP-05620,40.62827,68.8351,36,Bundled population grid,2026-07,Методологический слой; проверить источник/единицу измерения
POP-05621,40.63827,68.85096,268,Bundled population grid,2026-07,Методологический слой; проверить источник/единицу измерения
POP-05622,40.66368,68.86326,58,Bundled population grid,2026-07,Методологический слой; проверить источник/единицу измерения
POP-05623,40.65909,68.82795,42,Bundled population grid,2026-07,Методологический слой; проверить источник/единицу измерения
POP-05624,40.66756,68.83205,146,Bundled population grid,2026-07,Методологический слой; проверить источник/единицу измерения
POP-05625,40.65368,68.84739,448,Bundled population grid,2026-07,Методологический слой; проверить источник/единицу измерения
POP-05626,40.71756,68.91147,49,Bundled population grid,2026-07,Методологический слой; проверить источник/единицу измерения
POP-05627,40.71213,68.93092,58,Bundled population grid,2026-07,Методологический слой; проверить источник/единицу измерения
POP-05628,40.71061,68.91914,30,Bundled population grid,2026-07,Методологический слой; проверить источник/единицу измерения
POP-05629,40.76296,68.95564,460,Bundled population grid,2026-07,Методологический слой; проверить источник/единицу измерения
POP-05630,40.76144,68.94385,507,Bundled population grid,2026-07,Методологический слой; проверить источник/единицу измерения
POP-05631,40.75601,68.96331,205,Bundled population grid,2026-07,Методологический слой; проверить источник/единицу измерения
POP-05632,40.75449,68.95152,43,Bundled population grid,2026-07,Методологический слой; проверить источник/единицу измерения
POP-05633,40.75144,68.92793,44,Bundled population grid,2026-07,Методологический слой; проверить источник/единицу измерения
POP-05634,40.74992,68.91614,1208,Bundled population grid,2026-07,Методологический слой; проверить источник/единицу измерения
POP-05635,40.74297,68.92382,28,Bundled population grid,2026-07,Методологический слой; проверить источник/единицу измерения
POP-05636,40.72668,68.98219,658,Bundled population grid,2026-07,Методологический слой; проверить источник/единицу измерения
POP-05637,40.71973,68.98985,531,Bundled population grid,2026-07,Методологический слой; проверить источник/единицу измерения
POP-05638,40.71821,68.97806,53,Bundled population grid,2026-07,Методологический слой; проверить источник/единицу измерения
POP-05639,40.71518,68.95449,49,Bundled population grid,2026-07,Методологический слой; проверить источник/единицу измерения
POP-05640,40.69824,68.94625,58,Bundled population grid,2026-07,Методологический слой; проверить источник/единицу измерения
POP-05641,40.74058,68.96686,112,Bundled population grid,2026-07,Методологический слой; проверить источник/единицу измерения
POP-05642,40.75057,68.98277,129,Bundled population grid,2026-07,Методологический слой; проверить источник/единицу измерения
POP-05643,40.74905,68.97098,263,Bundled population grid,2026-07,Методологический слой; проверить источник/единицу измерения
POP-05644,40.73515,68.98631,380,Bundled population grid,2026-07,Методологический слой; проверить источник/единицу измерения
POP-05645,40.73363,68.97452,106,Bundled population grid,2026-07,Методологический слой; проверить источник/единицу измерения
POP-05646,40.74362,68.99044,76,Bundled population grid,2026-07,Методологический слой; проверить источник/единицу измерения
POP-05647,40.7421,68.97865,1028,Bundled population grid,2026-07,Методологический слой; проверить источник/единицу измерения
POP-05648,40.72907,68.93916,451,Bundled population grid,2026-07,Методологический слой; проверить источник/единицу измерения
POP-05649,40.73755,68.94328,174,Bundled population grid,2026-07,Методологический слой; проверить источник/единицу измерения
POP-05650,40.72364,68.95861,87,Bundled population grid,2026-07,Методологический слой; проверить источник/единицу измерения
POP-05651,40.72213,68.94682,334,Bundled population grid,2026-07,Методологический слой; проверить источник/единицу измерения
POP-05652,40.7306,68.95094,554,Bundled population grid,2026-07,Методологический слой; проверить источник/единицу измерения
POP-05653,40.70686,68.829,1194,Bundled population grid,2026-07,Методологический слой; проверить источник/единицу измерения
POP-05654,40.71687,68.84488,780,Bundled population grid,2026-07,Методологический слой; проверить источник/единицу измерения
POP-05655,40.70145,68.84845,1923,Bundled population grid,2026-07,Методологический слой; проверить источник/единицу измерения
POP-05656,40.69992,68.83668,2132,Bundled population grid,2026-07,Методологический слой; проверить источник/единицу измерения
POP-05657,40.70993,68.85256,1646,Bundled population grid,2026-07,Методологический слой; проверить источник/единицу измерения
POP-05658,40.70839,68.84078,2397,Bundled population grid,2026-07,Методологический слой; проверить источник/единицу измерения
POP-05659,40.73075,68.82952,70,Bundled population grid,2026-07,Методологический слой; проверить источник/единицу измерения
POP-05660,40.73923,68.83363,281,Bundled population grid,2026-07,Методологический слой; проверить источник/единицу измерения
POP-05661,40.72534,68.84899,94,Bundled population grid,2026-07,Методологический слой; проверить источник/единицу измерения
POP-05662,40.69451,68.85613,73,Bundled population grid,2026-07,Методологический слой; проверить источник/единицу измерения
POP-05663,40.70298,68.86023,750,Bundled population grid,2026-07,Методологический слой; проверить источник/единицу измерения
POP-05664,40.7184,68.85666,1645,Bundled population grid,2026-07,Методологический слой; проверить источник/единицу измерения
POP-05665,40.72687,68.86077,31,Bundled population grid,2026-07,Методологический слой; проверить источник/единицу измерения
POP-05666,40.71145,68.86434,396,Bundled population grid,2026-07,Методологический слой; проверить источник/единицу измерения
POP-05667,40.71993,68.86845,149,Bundled population grid,2026-07,Методологический слой; проверить источник/единицу измерения
POP-05668,40.62441,68.62391,1180,Bundled population grid,2026-07,Методологический слой; проверить источник/единицу измерения
POP-05669,40.63133,68.61622,784,Bundled population grid,2026-07,Методологический слой; проверить источник/единицу измерения
POP-05670,40.6853,68.66416,30,Bundled population grid,2026-07,Методологический слой; проверить источник/единицу измерения
POP-05671,40.69533,68.68001,165,Bundled population grid,2026-07,Методологический слой; проверить источник/единицу измерения
POP-05672,40.69378,68.66824,347,Bundled population grid,2026-07,Методологический слой; проверить источник/единицу измерения
POP-05673,40.67992,68.68362,58,Bundled population grid,2026-07,Методологический слой; проверить источник/единицу измерения
POP-05674,40.67837,68.67186,353,Bundled population grid,2026-07,Методологический слой; проверить источник/единицу измерения
POP-05675,40.72076,68.69225,1559,Bundled population grid,2026-07,Методологический слой; проверить источник/единицу измерения
POP-05676,40.73078,68.70811,908,Bundled population grid,2026-07,Методологический слой; проверить источник/единицу измерения
POP-05677,40.72924,68.69634,378,Bundled population grid,2026-07,Методологический слой; проверить источник/единицу измерения
POP-05678,40.71537,68.71172,1344,Bundled population grid,2026-07,Методологический слой; проверить источник/единицу измерения
POP-05679,40.71383,68.69995,1541,Bundled population grid,2026-07,Методологический слой; проверить источник/единицу измерения
POP-05680,40.72385,68.71581,156,Bundled population grid,2026-07,Методологический слой; проверить источник/единицу измерения
POP-05681,40.7223,68.70403,76,Bundled population grid,2026-07,Методологический слой; проверить источник/единицу измерения
POP-05682,40.71921,68.68048,73,Bundled population grid,2026-07,Методологический слой; проверить источник/единицу измерения
POP-05683,40.71766,68.6687,82,Bundled population grid,2026-07,Методологический слой; проверить источник/единицу измерения
POP-05684,40.7038,68.68409,975,Bundled population grid,2026-07,Методологический слой; проверить источник/единицу измерения
POP-05685,40.70226,68.67232,594,Bundled population grid,2026-07,Методологический слой; проверить источник/единицу измерения
POP-05686,40.71228,68.68817,1968,Bundled population grid,2026-07,Методологический слой; проверить источник/единицу измерения
POP-05687,40.71073,68.6764,284,Bundled population grid,2026-07,Методологический слой; проверить источник/единицу измерения
POP-05688,40.69457,68.73479,106,Bundled population grid,2026-07,Методологический слой; проверить источник/единицу измерения
POP-05689,40.67762,68.72662,31,Bundled population grid,2026-07,Методологический слой; проверить источник/единицу измерения
POP-05690,40.68763,68.74248,167,Bundled population grid,2026-07,Методологический слой; проверить источник/единицу измерения
POP-05691,40.68301,68.70716,57,Bundled population grid,2026-07,Методологический слой; проверить источник/единицу измерения
POP-05692,40.67453,68.70308,49,Bundled population grid,2026-07,Методологический слой; проверить источник/единицу измерения
POP-05693,40.70844,68.71941,578,Bundled population grid,2026-07,Методологический слой; проверить источник/единицу измерения
POP-05694,40.71846,68.73528,232,Bundled population grid,2026-07,Методологический слой; проверить источник/единицу измерения
POP-05695,40.71691,68.7235,941,Bundled population grid,2026-07,Методологический слой; проверить источник/единицу измерения
POP-05696,40.70305,68.73888,34,Bundled population grid,2026-07,Методологический слой; проверить источник/единицу измерения
POP-05697,40.71152,68.74297,478,Bundled population grid,2026-07,Методологический слой; проверить источник/единицу измерения
POP-05698,40.70998,68.73119,1262,Bundled population grid,2026-07,Методологический слой; проверить источник/единицу измерения
POP-05699,40.70689,68.70764,274,Bundled population grid,2026-07,Методологический слой; проверить источник/единицу измерения
POP-05700,40.70535,68.69586,1472,Bundled population grid,2026-07,Методологический слой; проверить источник/единицу измерения
POP-05701,40.69148,68.71125,347,Bundled population grid,2026-07,Методологический слой; проверить источник/единицу измерения
POP-05702,40.69842,68.70356,707,Bundled population grid,2026-07,Методологический слой; проверить источник/единицу измерения
POP-05703,40.71994,68.62568,1590,Bundled population grid,2026-07,Методологический слой; проверить источник/единицу измерения
POP-05704,40.70453,68.62931,701,Bundled population grid,2026-07,Методологический слой; проверить источник/единицу измерения
POP-05705,40.71301,68.63338,1675,Bundled population grid,2026-07,Методологический слой; проверить источник/единицу измерения
POP-05706,40.71146,68.62161,369,Bundled population grid,2026-07,Методологический слой; проверить источник/единицу измерения
POP-05707,40.66834,68.65601,52,Bundled population grid,2026-07,Методологический слой; проверить источник/единицу измерения
POP-05708,40.67682,68.66009,360,Bundled population grid,2026-07,Методологический слой; проверить источник/единицу измерения
POP-05709,40.70764,68.65285,76,Bundled population grid,2026-07,Методологический слой; проверить источник/единицу измерения
POP-05710,40.70609,68.64108,1148,Bundled population grid,2026-07,Методологический слой; проверить источник/единицу измерения
POP-05711,40.70071,68.66055,259,Bundled population grid,2026-07,Методологический слой; проверить источник/единицу измерения
POP-05712,40.57747,68.68944,73,Bundled population grid,2026-07,Методологический слой; проверить источник/единицу измерения
POP-05713,40.58748,68.70526,21,Bundled population grid,2026-07,Методологический слой; проверить источник/единицу измерения
POP-05714,40.6129,68.71749,393,Bundled population grid,2026-07,Методологический слой; проверить источник/единицу измерения
POP-05715,40.62292,68.73333,936,Bundled population grid,2026-07,Методологический слой; проверить источник/единицу измерения
POP-05716,40.62138,68.72157,79,Bundled population grid,2026-07,Методологический слой; проверить источник/единицу измерения
POP-05717,40.60751,68.73693,926,Bundled population grid,2026-07,Методологический слой; проверить источник/единицу измерения
POP-05718,40.60597,68.72517,1959,Bundled population grid,2026-07,Методологический слой; проверить источник/единицу измерения
POP-05719,40.61445,68.72925,603,Bundled population grid,2026-07,Методологический слой; проверить источник/единицу измерения
POP-05720,40.59596,68.70934,546,Bundled population grid,2026-07,Методологический слой; проверить источник/единицу измерения
POP-05721,40.60443,68.71342,695,Bundled population grid,2026-07,Методологический слой; проверить источник/единицу измерения
POP-05722,40.60289,68.70166,100,Bundled population grid,2026-07,Методологический слой; проверить источник/единицу измерения
POP-05723,40.5767,68.74411,515,Bundled population grid,2026-07,Методологический слой; проверить источник/единицу измерения
POP-05724,40.58517,68.74819,475,Bundled population grid,2026-07,Методологический слой; проверить источник/единицу измерения
POP-05725,40.57131,68.76353,165,Bundled population grid,2026-07,Методологический слой; проверить источник/единицу измерения
POP-05726,40.57978,68.76761,27,Bundled population grid,2026-07,Методологический слой; проверить источник/единицу измерения
POP-05727,40.57516,68.73236,174,Bundled population grid,2026-07,Методологический слой; проверить источник/единицу измерения
POP-05728,40.56823,68.74003,433,Bundled population grid,2026-07,Методологический слой; проверить источник/единицу измерения
POP-05729,40.60058,68.7446,341,Bundled population grid,2026-07,Методологический слой; проверить источник/единицу измерения
POP-05730,40.60905,68.74868,134,Bundled population grid,2026-07,Методологический слой; проверить источник/единицу измерения
POP-05731,40.60212,68.75636,119,Bundled population grid,2026-07,Методологический слой; проверить источник/единицу измерения
POP-05732,40.59904,68.73285,1353,Bundled population grid,2026-07,Методологический слой; проверить источник/единицу измерения
POP-05733,40.5975,68.72109,341,Bundled population grid,2026-07,Методологический слой; проверить источник/единицу измерения
POP-05734,40.58363,68.73644,1502,Bundled population grid,2026-07,Методологический слой; проверить источник/единицу измерения
POP-05735,40.58209,68.72469,25,Bundled population grid,2026-07,Методологический слой; проверить источник/единицу измерения
POP-05736,40.59211,68.74052,1416,Bundled population grid,2026-07,Методологический слой; проверить источник/единицу измерения
POP-05737,40.59057,68.72877,448,Bundled population grid,2026-07,Методологический слой; проверить источник/единицу измерения
POP-05738,40.57665,68.62302,53,Bundled population grid,2026-07,Методологический слой; проверить источник/единицу измерения
POP-05739,40.56973,68.63071,89,Bundled population grid,2026-07,Методологический слой; проверить источник/единицу измерения
POP-05740,40.61211,68.65104,21,Bundled population grid,2026-07,Методологический слой; проверить источник/единицу измерения
POP-05741,40.5659,68.66188,1609,Bundled population grid,2026-07,Методологический слой; проверить источник/единицу измерения
POP-05742,40.57592,68.67769,750,Bundled population grid,2026-07,Методологический слой; проверить источник/единицу измерения
POP-05743,40.57437,68.66594,338,Bundled population grid,2026-07,Методологический слой; проверить источник/единицу измерения
POP-05744,40.56052,68.6813,286,Bundled population grid,2026-07,Методологический слой; проверить источник/единицу измерения
POP-05745,40.55897,68.66955,25,Bundled population grid,2026-07,Методологический слой; проверить источник/единицу измерения
POP-05746,40.56899,68.68537,1039,Bundled population grid,2026-07,Методологический слой; проверить источник/единицу измерения
POP-05747,40.56745,68.67362,97,Bundled population grid,2026-07,Методологический слой; проверить источник/единицу измерения
POP-05748,40.56435,68.65013,277,Bundled population grid,2026-07,Методологический слой; проверить источник/единицу измерения
POP-05749,40.55742,68.65781,118,Bundled population grid,2026-07,Методологический слой; проверить источник/единицу измерения
POP-05750,40.58978,68.66233,632,Bundled population grid,2026-07,Методологический слой; проверить источник/единицу измерения
POP-05751,40.58285,68.67001,124,Bundled population grid,2026-07,Методологический слой; проверить источник/единицу измерения
POP-05752,40.58823,68.65058,1124,Bundled population grid,2026-07,Методологический слой; проверить источник/единицу измерения
POP-05753,40.57283,68.6542,1188,Bundled population grid,2026-07,Методологический слой; проверить источник/единицу измерения
POP-05754,40.5813,68.65826,140,Bundled population grid,2026-07,Методологический слой; проверить источник/единицу измерения
POP-05755,40.63678,68.71797,688,Bundled population grid,2026-07,Методологический слой; проверить источник/единицу измерения
POP-05756,40.6468,68.73382,64,Bundled population grid,2026-07,Методологический слой; проверить источник/единицу измерения
POP-05757,40.64526,68.72205,299,Bundled population grid,2026-07,Методологический слой; проверить источник/единицу измерения
POP-05758,40.63139,68.73741,597,Bundled population grid,2026-07,Методологический слой; проверить источник/единицу измерения
POP-05759,40.62985,68.72565,542,Bundled population grid,2026-07,Методологический слой; проверить источник/единицу измерения
POP-05760,40.63833,68.72973,420,Bundled population grid,2026-07,Методологический слой; проверить источник/единицу измерения
POP-05761,40.66683,68.76552,211,Bundled population grid,2026-07,Методологический слой; проверить источник/единицу измерения
POP-05762,40.6753,68.76961,122,Bundled population grid,2026-07,Методологический слой; проверить источник/единицу измерения
POP-05763,40.66067,68.71845,268,Bundled population grid,2026-07,Методологический слой; проверить источник/единицу измерения
POP-05764,40.67068,68.7343,73,Bundled population grid,2026-07,Методологический слой; проверить источник/единицу измерения
POP-05765,40.66914,68.72254,164,Bundled population grid,2026-07,Методологический слой; проверить источник/единицу измерения
POP-05766,40.65528,68.7379,1234,Bundled population grid,2026-07,Методологический слой; проверить источник/единицу измерения
POP-05767,40.65373,68.72614,884,Bundled population grid,2026-07,Методологический слой; проверить источник/единицу измерения
POP-05768,40.66375,68.74199,387,Bundled population grid,2026-07,Методологический слой; проверить источник/единицу измерения
POP-05769,40.66221,68.73022,1895,Bundled population grid,2026-07,Методологический слой; проверить источник/единицу измерения
POP-05770,40.64448,68.77679,682,Bundled population grid,2026-07,Методологический слой; проверить источник/единицу измерения
POP-05771,40.63061,68.79214,640,Bundled population grid,2026-07,Методологический слой; проверить источник/единицу измерения
POP-05772,40.62907,68.78037,411,Bundled population grid,2026-07,Методологический слой; проверить источник/единицу измерения
POP-05773,40.62446,68.74509,238,Bundled population grid,2026-07,Методологический слой; проверить источник/единицу измерения
POP-05774,40.62754,68.76861,88,Bundled population grid,2026-07,Методологический слой; проверить источник/единицу измерения
POP-05775,40.65989,68.7732,792,Bundled population grid,2026-07,Методологический слой; проверить источник/единицу измерения
POP-05776,40.66837,68.77729,445,Bundled population grid,2026-07,Методологический слой; проверить источник/единицу измерения
POP-05777,40.64834,68.74558,97,Bundled population grid,2026-07,Методологический слой; проверить источник/единицу измерения
POP-05778,40.64295,68.76502,55,Bundled population grid,2026-07,Методологический слой; проверить источник/единицу измерения
POP-05779,40.65142,68.76911,414,Bundled population grid,2026-07,Методологический слой; проверить источник/единицу измерения
POP-05780,40.62596,68.63566,705,Bundled population grid,2026-07,Методологический слой; проверить источник/единицу измерения
POP-05781,40.62058,68.6551,259,Bundled population grid,2026-07,Методологический слой; проверить источник/единицу измерения
POP-05782,40.61903,68.64335,681,Bundled population grid,2026-07,Методологический слой; проверить источник/единицу измерения
POP-05783,40.62751,68.64742,654,Bundled population grid,2026-07,Методологический слой; проверить источник/единицу измерения
POP-05784,40.67144,68.67955,326,Bundled population grid,2026-07,Методологический слой; проверить источник/единицу измерения
POP-05785,40.66989,68.66778,1319,Bundled population grid,2026-07,Методологический слой; проверить источник/единицу измерения
POP-05786,40.66451,68.68724,25,Bundled population grid,2026-07,Методологический слой; проверить источник/единицу измерения
POP-05787,40.64446,68.65556,311,Bundled population grid,2026-07,Методологический слой; проверить источник/единицу измерения
POP-05788,40.62522,68.69038,24,Bundled population grid,2026-07,Методологический слой; проверить источник/единицу измерения
POP-05789,40.63524,68.70621,1477,Bundled population grid,2026-07,Методологический слой; проверить источник/единицу измерения
POP-05790,40.61984,68.70981,311,Bundled population grid,2026-07,Методологический слой; проверить источник/единицу измерения
POP-05791,40.62831,68.71389,771,Bundled population grid,2026-07,Методологический слой; проверить источник/единицу измерения
POP-05792,40.62677,68.70213,177,Bundled population grid,2026-07,Методологический слой; проверить источник/единицу измерения
POP-05793,40.61365,68.66279,542,Bundled population grid,2026-07,Методологический слой; проверить источник/единицу измерения
POP-05794,40.62213,68.66686,557,Bundled population grid,2026-07,Методологический слой; проверить источник/единицу измерения
POP-05795,40.6152,68.67454,825,Bundled population grid,2026-07,Методологический слой; проверить источник/единицу измерения
POP-05796,40.6491,68.69084,39,Bundled population grid,2026-07,Методологический слой; проверить источник/единицу измерения
POP-05797,40.65912,68.70669,107,Bundled population grid,2026-07,Методологический слой; проверить источник/единицу измерения
POP-05798,40.65758,68.69492,42,Bundled population grid,2026-07,Методологический слой; проверить источник/единицу измерения
POP-05799,40.64372,68.71029,1362,Bundled population grid,2026-07,Методологический слой; проверить источник/единицу измерения
POP-05800,40.64217,68.69853,131,Bundled population grid,2026-07,Методологический слой; проверить источник/единицу измерения
POP-05801,40.65219,68.71437,457,Bundled population grid,2026-07,Методологический слой; проверить источник/единицу измерения
POP-05802,40.65065,68.70261,1350,Bundled population grid,2026-07,Методологический слой; проверить источник/единицу измерения
POP-05803,40.63753,68.66325,1206,Bundled population grid,2026-07,Методологический слой; проверить источник/единицу измерения
POP-05804,40.64601,68.66732,683,Bundled population grid,2026-07,Методологический слой; проверить источник/единицу измерения
POP-05805,40.63215,68.68269,454,Bundled population grid,2026-07,Методологический слой; проверить источник/единицу измерения
POP-05806,40.63061,68.67093,216,Bundled population grid,2026-07,Методологический слой; проверить источник/единицу измерения
POP-05807,40.63908,68.67501,1219,Bundled population grid,2026-07,Методологический слой; проверить источник/единицу измерения
POP-05808,40.55617,69.07567,40,Bundled population grid,2026-07,Методологический слой; проверить источник/единицу измерения
POP-05809,41.50567,69.95042,142,Bundled population grid,2026-07,Методологический слой; проверить источник/единицу измерения
POP-05810,41.50425,69.93845,41,Bundled population grid,2026-07,Методологический слой; проверить источник/единицу измерения
POP-05811,41.51413,69.95474,25,Bundled population grid,2026-07,Методологический слой; проверить источник/единицу измерения
POP-05812,41.5127,69.94277,25,Bundled population grid,2026-07,Методологический слой; проверить источник/единицу измерения
POP-05813,41.53523,69.93177,68,Bundled population grid,2026-07,Методологический слой; проверить источник/единицу измерения
POP-05814,41.5282,69.93943,170,Bundled population grid,2026-07,Методологический слой; проверить источник/единицу измерения
POP-05815,41.53665,69.94375,78,Bundled population grid,2026-07,Методологический слой; проверить источник/единицу измерения
POP-05816,41.50994,69.98635,96,Bundled population grid,2026-07,Методологический слой; проверить источник/единицу измерения
POP-05817,41.51981,70.00265,48,Bundled population grid,2026-07,Методологический слой; проверить источник/единицу измерения
POP-05818,41.5184,69.99068,23,Bundled population grid,2026-07,Методологический слой; проверить источник/единицу измерения
POP-05819,41.50852,69.97437,48,Bundled population grid,2026-07,Методологический слой; проверить источник/единицу измерения
POP-05820,41.49303,69.9777,58,Bundled population grid,2026-07,Методологический слой; проверить источник/единицу измерения
POP-05821,41.50148,69.98203,96,Bundled population grid,2026-07,Методологический слой; проверить источник/единицу измерения
POP-05822,41.50006,69.97005,124,Bundled population grid,2026-07,Методологический слой; проверить источник/единицу измерения
POP-05823,41.59029,70.06131,136,Bundled population grid,2026-07,Методологический слой; проверить источник/единицу измерения
POP-05824,41.61566,70.07434,221,Bundled population grid,2026-07,Методологический слой; проверить источник/единицу измерения
POP-05825,41.62411,70.07869,159,Bundled population grid,2026-07,Методологический слой; проверить источник/единицу измерения
POP-05826,41.61003,70.09399,752,Bundled population grid,2026-07,Методологический слой; проверить источник/единицу измерения
POP-05827,41.60861,70.08199,215,Bundled population grid,2026-07,Методологический слой; проверить источник/единицу измерения
POP-05828,41.61848,70.09834,124,Bundled population grid,2026-07,Методологический слой; проверить источник/единицу измерения
POP-05829,41.61707,70.08634,1292,Bundled population grid,2026-07,Методологический слой; проверить источник/единицу измерения
POP-05830,41.60438,70.046,281,Bundled population grid,2026-07,Методологический слой; проверить источник/единицу измерения
POP-05831,41.61283,70.05034,468,Bundled population grid,2026-07,Методологический слой; проверить источник/единицу измерения
POP-05832,41.59875,70.06565,56,Bundled population grid,2026-07,Методологический слой; проверить источник/единицу измерения
POP-05833,41.59733,70.05365,286,Bundled population grid,2026-07,Методологический слой; проверить источник/единицу измерения
POP-05834,41.57903,70.1006,35,Bundled population grid,2026-07,Методологический слой; проверить источник/единицу измерения
POP-05835,41.58889,70.11694,101,Bundled population grid,2026-07,Методологический слой; проверить источник/единицу измерения
POP-05836,41.58748,70.10495,547,Bundled population grid,2026-07,Методологический слой; проверить источник/единицу измерения
POP-05837,41.57198,70.10824,91,Bundled population grid,2026-07,Методологический слой; проверить источник/единицу измерения
POP-05838,41.58044,70.11259,117,Bundled population grid,2026-07,Методологический слой; проверить источник/единицу измерения
POP-05839,41.56775,70.07227,60,Bundled population grid,2026-07,Методологический слой; проверить источник/единицу измерения
POP-05840,41.57762,70.0886,578,Bundled population grid,2026-07,Методологический слой; проверить источник/единицу измерения
POP-05841,41.57621,70.07661,630,Bundled population grid,2026-07,Методологический слой; проверить источник/единицу измерения
POP-05842,41.57057,70.09625,38,Bundled population grid,2026-07,Методологический слой; проверить источник/единицу измерения
POP-05843,41.56916,70.08426,76,Bundled population grid,2026-07,Методологический слой; проверить источник/единицу измерения
POP-05844,41.60298,70.10164,884,Bundled population grid,2026-07,Методологический слой; проверить источник/единицу измерения
POP-05845,41.61284,70.11799,20,Bundled population grid,2026-07,Методологический слой; проверить источник/единицу измерения
POP-05846,41.61144,70.10599,157,Bundled population grid,2026-07,Методологический слой; проверить источник/единицу измерения
POP-05847,41.59594,70.10929,251,Bundled population grid,2026-07,Методологический слой; проверить источник/единицу измерения
POP-05848,41.5917,70.0733,129,Bundled population grid,2026-07,Методологический слой; проверить источник/единицу измерения
POP-05849,41.60157,70.08965,66,Bundled population grid,2026-07,Методологический слой; проверить источник/единицу измерения
POP-05850,41.58607,70.09295,184,Bundled population grid,2026-07,Методологический слой; проверить источник/единицу измерения
POP-05851,41.58466,70.08096,76,Bundled population grid,2026-07,Методологический слой; проверить источник/единицу измерения
POP-05852,41.59453,70.0973,525,Bundled population grid,2026-07,Методологический слой; проверить источник/единицу измерения
POP-05853,41.61562,70.00668,48,Bundled population grid,2026-07,Методологический слой; проверить источник/единицу измерения
POP-05854,41.6142,69.99468,43,Bundled population grid,2026-07,Методологический слой; проверить источник/единицу измерения
POP-05855,41.60858,70.01434,383,Bundled population grid,2026-07,Методологический слой; проверить источник/единицу измерения
POP-05856,41.60716,70.00235,263,Bundled population grid,2026-07,Методологический слой; проверить источник/единицу измерения
POP-05857,41.56913,70.01666,817,Bundled population grid,2026-07,Методологический слой; проверить источник/единицу измерения
POP-05858,41.57901,70.03298,33,Bundled population grid,2026-07,Методологический слой; проверить источник/единицу измерения
POP-05859,41.57759,70.02099,724,Bundled population grid,2026-07,Методологический слой; проверить источник/единицу измерения
POP-05860,41.56209,70.02431,165,Bundled population grid,2026-07,Методологический слой; проверить источник/единицу измерения
POP-05861,41.57055,70.02865,25,Bundled population grid,2026-07,Методологический слой; проверить источник/единицу измерения
POP-05862,41.56771,70.00467,150,Bundled population grid,2026-07,Методологический слой; проверить источник/единицу измерения
POP-05863,41.55222,70.00799,43,Bundled population grid,2026-07,Методологический слой; проверить источник/единицу измерения
POP-05864,41.56068,70.01232,759,Bundled population grid,2026-07,Методологический слой; проверить источник/единицу измерения
POP-05865,41.60296,70.034,253,Bundled population grid,2026-07,Методологический слой; проверить источник/единицу измерения
POP-05866,41.60154,70.022,537,Bundled population grid,2026-07,Методологический слой; проверить источник/единицу измерения
POP-05867,41.58605,70.02533,167,Bundled population grid,2026-07,Методологический слой; проверить источник/единицу измерения
POP-05868,41.59592,70.04166,89,Bundled population grid,2026-07,Методологический слой; проверить источник/единицу измерения
POP-05869,41.5945,70.02966,369,Bundled population grid,2026-07,Методологический слой; проверить источник/единицу измерения
POP-05870,41.57617,70.009,51,Bundled population grid,2026-07,Методологический слой; проверить источник/единицу измерения
POP-05871,41.50014,70.1051,63,Bundled population grid,2026-07,Методологический слой; проверить источник/единицу измерения
POP-05872,41.49309,70.11274,63,Bundled population grid,2026-07,Методологический слой; проверить источник/единицу измерения
POP-05873,41.4705,69.98868,38,Bundled population grid,2026-07,Методологический слой; проверить источник/единицу измерения
POP-05874,41.48463,70.04089,25,Bundled population grid,2026-07,Методологический слой; проверить источник/единицу измерения
POP-05875,41.53113,70.09851,23,Bundled population grid,2026-07,Методологический слой; проверить источник/единицу измерения
POP-05876,41.56494,70.11589,53,Bundled population grid,2026-07,Методологический слой; проверить источник/единицу измерения
POP-05877,41.55649,70.11154,131,Bundled population grid,2026-07,Методологический слой; проверить источник/единицу измерения
POP-05878,41.52123,70.01463,172,Bundled population grid,2026-07,Методологический слой; проверить источник/единицу измерения
POP-05879,41.53111,70.03095,433,Bundled population grid,2026-07,Методологический слой; проверить источник/единицу измерения
POP-05880,41.52969,70.01896,225,Bundled population grid,2026-07,Методологический слой; проверить источник/единицу измерения
POP-05881,41.5593,70.06793,30,Bundled population grid,2026-07,Методологический слой; проверить источник/единицу измерения
POP-05882,41.54518,70.01564,125,Bundled population grid,2026-07,Методологический слой; проверить источник/единицу измерения
POP-05883,41.55506,70.03196,63,Bundled population grid,2026-07,Методологический слой; проверить источник/единицу измерения
POP-05884,41.55364,70.01998,1299,Bundled population grid,2026-07,Методологический слой; проверить источник/единицу измерения
POP-05885,41.53956,70.03528,212,Bundled population grid,2026-07,Методологический слой; проверить источник/единицу измерения
POP-05886,41.53814,70.0233,459,Bundled population grid,2026-07,Методологический слой; проверить источник/единицу измерения
POP-05887,41.54802,70.03962,53,Bundled population grid,2026-07,Методологический слой; проверить источник/единицу измерения
POP-05888,41.5466,70.02763,1053,Bundled population grid,2026-07,Методологический слой; проверить источник/единицу измерения
POP-05889,41.55226,70.07558,78,Bundled population grid,2026-07,Методологический слой; проверить источник/единицу измерения
POP-05890,41.758,70.13636,33,Bundled population grid,2026-07,Методологический слой; проверить источник/единицу измерения
POP-05891,41.79183,70.15383,55,Bundled population grid,2026-07,Методологический слой; проверить источник/единицу измерения
POP-05892,41.77632,70.15713,23,Bundled population grid,2026-07,Методологический слой; проверить источник/единицу измерения
POP-05893,41.76502,70.19653,152,Bundled population grid,2026-07,Методологический слой; проверить источник/единицу измерения
POP-05894,41.74531,70.16372,46,Bundled population grid,2026-07,Методологический слой; проверить источник/единицу измерения
POP-05895,41.75376,70.16809,28,Bundled population grid,2026-07,Методологический слой; проверить источник/единицу измерения
POP-05896,41.77348,70.2009,281,Bundled population grid,2026-07,Методологический слой; проверить источник/единицу измерения
POP-05897,41.78333,70.21732,108,Bundled population grid,2026-07,Методологический слой; проверить источник/единицу измерения
POP-05898,41.78193,70.20528,41,Bundled population grid,2026-07,Методологический слой; проверить источник/единицу измерения
POP-05899,41.76362,70.18449,20,Bundled population grid,2026-07,Методологический слой; проверить источник/единицу измерения
POP-05900,41.77208,70.18887,56,Bundled population grid,2026-07,Методологический слой; проверить источник/единицу измерения
POP-05901,41.81994,70.25894,86,Bundled population grid,2026-07,Методологический слой; проверить источник/единицу измерения
POP-05902,41.84808,70.29621,286,Bundled population grid,2026-07,Методологический слой; проверить источник/единицу измерения
POP-05903,41.74794,70.32341,30,Bundled population grid,2026-07,Методологический слой; проверить источник/единицу измерения
POP-05904,41.74088,70.33105,38,Bundled population grid,2026-07,Методологический слой; проверить источник/единицу измерения
POP-05905,41.74932,70.33545,36,Bundled population grid,2026-07,Методологический слой; проверить источник/единицу измерения
POP-05906,41.72965,70.3026,43,Bundled population grid,2026-07,Методологический слой; проверить источник/единицу измерения
POP-05907,41.70864,70.18998,28,Bundled population grid,2026-07,Методологический слой; проверить источник/единицу измерения
POP-05908,41.77882,70.38476,53,Bundled population grid,2026-07,Методологический слой; проверить источник/единицу измерения
POP-05909,41.77329,70.33659,38,Bundled population grid,2026-07,Методологический слой; проверить источник/единицу измерения
POP-05910,41.80303,70.25016,231,Bundled population grid,2026-07,Методологический слой; проверить источник/единицу измерения
POP-05911,41.80443,70.26221,30,Bundled population grid,2026-07,Методологический слой; проверить источник/единицу измерения
POP-05912,41.79178,70.2217,182,Bundled population grid,2026-07,Методологический слой; проверить источник/единицу измерения
POP-05913,41.79458,70.24578,228,Bundled population grid,2026-07,Методологический слой; проверить источник/единицу измерения
POP-05914,41.7917,70.28956,51,Bundled population grid,2026-07,Методологический слой; проверить источник/единицу измерения
POP-05915,41.67895,69.93765,162,Bundled population grid,2026-07,Методологический слой; проверить источник/единицу измерения
POP-05916,41.68742,69.94198,157,Bundled population grid,2026-07,Методологический слой; проверить источник/единицу измерения
POP-05917,41.67334,69.95733,1172,Bundled population grid,2026-07,Методологический слой; проверить источник/единицу измерения
POP-05918,41.67192,69.94532,1289,Bundled population grid,2026-07,Методологический слой; проверить источник/единицу измерения
POP-05919,41.6818,69.96167,119,Bundled population grid,2026-07,Методологический слой; проверить источник/единицу измерения
POP-05920,41.68038,69.94965,537,Bundled population grid,2026-07,Методологический слой; проверить источник/единицу измерения
POP-05921,41.70291,69.93863,190,Bundled population grid,2026-07,Методологический слой; проверить источник/единицу измерения
POP-05922,41.71138,69.94296,28,Bundled population grid,2026-07,Методологический слой; проверить источник/единицу измерения
POP-05923,41.69588,69.94631,53,Bundled population grid,2026-07,Методологический слой; проверить источник/единицу измерения
POP-05924,41.68749,70.00971,58,Bundled population grid,2026-07,Методологический слой; проверить источник/единицу измерения
POP-05925,41.68607,69.9977,46,Bundled population grid,2026-07,Методологический слой; проверить источник/единицу измерения
POP-05926,41.66631,69.96501,342,Bundled population grid,2026-07,Методологический слой; проверить источник/единицу измерения
POP-05927,41.69595,70.01406,147,Bundled population grid,2026-07,Методологический слой; проверить источник/единицу измерения
POP-05928,41.69453,70.00204,84,Bundled population grid,2026-07,Методологический слой; проверить источник/единицу измерения
POP-05929,41.70299,70.00638,53,Bundled population grid,2026-07,Методологический слой; проверить источник/единицу измерения
POP-05930,41.69027,69.966,23,Bundled population grid,2026-07,Методологический слой; проверить источник/единицу измерения
POP-05931,41.69169,69.97801,23,Bundled population grid,2026-07,Методологический слой; проверить источник/единицу измерения
POP-05932,41.74532,70.09591,28,Bundled population grid,2026-07,Методологический слой; проверить источник/единицу измерения
POP-05933,41.76224,70.10463,28,Bundled population grid,2026-07,Методологический слой; проверить источник/единицу измерения
POP-05934,41.76083,70.0926,23,Bundled population grid,2026-07,Методологический слой; проверить источник/единицу измерения
POP-05935,41.63821,70.13106,54,Bundled population grid,2026-07,Методологический слой; проверить источник/единицу измерения
POP-05936,41.63961,70.14306,46,Bundled population grid,2026-07,Методологический слой; проверить источник/единицу измерения
POP-05937,41.63958,70.00769,20,Bundled population grid,2026-07,Методологический слой; проверить источник/единицу измерения
POP-05938,41.67483,70.03706,179,Bundled population grid,2026-07,Методологический слой; проверить источник/единицу измерения
POP-05939,41.67341,70.02505,26,Bundled population grid,2026-07,Методологический слой; проверить источник/единицу измерения
POP-05940,41.66637,70.03272,26,Bundled population grid,2026-07,Методологический слой; проверить источник/единицу измерения
POP-05941,41.62833,70.04702,88,Bundled population grid,2026-07,Методологический слой; проверить источник/единицу измерения
POP-05942,41.6227,70.06668,31,Bundled population grid,2026-07,Методологический слой; проверить источник/единицу измерения
POP-05943,41.62129,70.05468,55,Bundled population grid,2026-07,Методологический слой; проверить источник/единицу измерения
POP-05944,41.62691,70.03502,51,Bundled population grid,2026-07,Методологический слой; проверить источник/единицу измерения
POP-05945,41.61142,70.03834,223,Bundled population grid,2026-07,Методологический слой; проверить источник/единицу измерения
POP-05946,41.61,70.02634,445,Bundled population grid,2026-07,Методологический слой; проверить источник/единицу измерения
POP-05947,41.61987,70.04268,757,Bundled population grid,2026-07,Методологический слой; проверить источник/единицу измерения
POP-05948,41.61846,70.03068,87,Bundled population grid,2026-07,Методологический слой; проверить источник/единицу измерения
POP-05949,41.66074,70.05239,650,Bundled population grid,2026-07,Методологический слой; проверить источник/единицу измерения
POP-05950,41.70726,70.1102,167,Bundled population grid,2026-07,Методологический слой; проверить источник/единицу измерения
POP-05951,41.7439,70.15169,104,Bundled population grid,2026-07,Методологический слой; проверить источник/единицу измерения
POP-05952,41.72699,70.14296,31,Bundled population grid,2026-07,Методологический слой; проверить источник/единицу измерения
POP-05953,41.73545,70.14733,35,Bundled population grid,2026-07,Методологический слой; проверить источник/единицу измерения
POP-05954,41.71572,70.11455,223,Bundled population grid,2026-07,Методологический слой; проверить источник/единицу измерения
POP-05955,41.7312,70.17904,60,Bundled population grid,2026-07,Методологический слой; проверить источник/единицу измерения
POP-05956,41.70303,70.1419,20,Bundled population grid,2026-07,Методологический слой; проверить источник/единицу измерения
POP-05957,41.68891,70.02173,61,Bundled population grid,2026-07,Методологический слой; проверить источник/единицу измерения
POP-05958,41.68329,70.04141,593,Bundled population grid,2026-07,Методологический слой; проверить источник/единицу измерения
POP-05959,41.68187,70.0294,25,Bundled population grid,2026-07,Методологический слой; проверить источник/единицу измерения
POP-05960,41.69174,70.04576,385,Bundled population grid,2026-07,Методологический слой; проверить источник/единицу измерения
POP-05961,41.71853,70.07082,38,Bundled population grid,2026-07,Методологический слой; проверить источник/единицу измерения
POP-05962,41.68753,70.07745,73,Bundled population grid,2026-07,Методологический слой; проверить источник/единицу измерения
POP-05963,41.6974,70.09382,562,Bundled population grid,2026-07,Методологический слой; проверить источник/единицу измерения
POP-05964,41.69599,70.0818,375,Bundled population grid,2026-07,Методологический слой; проверить источник/единицу измерения
POP-05965,41.68894,70.08947,293,Bundled population grid,2026-07,Методологический слой; проверить источник/единицу измерения
POP-05966,41.68612,70.06544,76,Bundled population grid,2026-07,Методологический слой; проверить источник/единицу измерения
POP-05967,41.6847,70.05342,567,Bundled population grid,2026-07,Методологический слой; проверить источник/единицу измерения
POP-05968,41.6692,70.05674,74,Bundled population grid,2026-07,Методологический слой; проверить источник/единицу измерения
POP-05969,41.71149,70.07849,54,Bundled population grid,2026-07,Методологический слой; проверить источник/единицу измерения
POP-05970,41.70585,70.09818,178,Bundled population grid,2026-07,Методологический слой; проверить источник/единицу измерения
POP-05971,41.70444,70.08616,53,Bundled population grid,2026-07,Методологический слой; проверить источник/единицу измерения
POP-05972,41.71431,70.10253,787,Bundled population grid,2026-07,Методологический слой; проверить источник/единицу измерения
POP-05973,41.7129,70.09051,63,Bundled population grid,2026-07,Методологический слой; проверить источник/единицу измерения
POP-05974,41.69457,70.06979,742,Bundled population grid,2026-07,Методологический слой; проверить источник/единицу измерения
POP-05975,41.69316,70.05777,1273,Bundled population grid,2026-07,Методологический слой; проверить источник/единицу измерения
POP-05976,41.70303,70.07414,147,Bundled population grid,2026-07,Методологический слой; проверить источник/единицу измерения
POP-05977,41.70162,70.06212,170,Bundled population grid,2026-07,Методологический слой; проверить источник/единицу измерения
POP-05978,41.46067,70.17483,35,Bundled population grid,2026-07,Методологический слой; проверить источник/единицу измерения
POP-05979,41.41139,70.16072,64,Bundled population grid,2026-07,Методологический слой; проверить источник/единицу измерения
POP-05980,41.44798,70.20205,23,Bundled population grid,2026-07,Методологический слой; проверить источник/единицу измерения
POP-05981,41.51701,70.18133,27,Bundled population grid,2026-07,Методологический слой; проверить источник/единицу измерения
POP-05982,41.47471,70.22708,27,Bundled population grid,2026-07,Методологический слой; проверить источник/единицу измерения
POP-05983,41.46347,70.19878,20,Bundled population grid,2026-07,Методологический слой; проверить источник/единицу измерения
POP-05984,41.40985,70.28362,56,Bundled population grid,2026-07,Методологический слой; проверить источник/единицу измерения
POP-05985,41.38024,70.30206,20,Bundled population grid,2026-07,Методологический слой; проверить источник/единицу измерения
POP-05986,41.38868,70.30642,33,Bundled population grid,2026-07,Методологический слой; проверить источник/единицу измерения
POP-05987,41.37329,70.24227,41,Bundled population grid,2026-07,Методологический слой; проверить источник/единицу измерения
POP-05988,41.39584,70.23141,22,Bundled population grid,2026-07,Методологический слой; проверить источник/единицу измерения
POP-05989,41.44362,70.30107,41,Bundled population grid,2026-07,Методологический слой; проверить источник/единицу измерения
POP-05990,41.46051,70.3098,20,Bundled population grid,2026-07,Методологический слой; проверить источник/единицу измерения
POP-05991,41.43795,70.32065,25,Bundled population grid,2026-07,Методологический слой; проверить источник/единицу измерения
POP-05992,41.44232,70.22163,38,Bundled population grid,2026-07,Методологический слой; проверить источник/единицу измерения
POP-05993,41.42683,70.22489,28,Bundled population grid,2026-07,Методологический слой; проверить источник/единицу измерения
POP-05994,41.46061,70.24232,23,Bundled population grid,2026-07,Методологический слой; проверить источник/единицу измерения
POP-05995,41.45921,70.23034,33,Bundled population grid,2026-07,Методологический слой; проверить источник/единицу измерения
POP-05996,41.70279,70.34518,38,Bundled population grid,2026-07,Методологический слой; проверить источник/единицу измерения
POP-05997,41.74623,70.44701,63,Bundled population grid,2026-07,Методологический слой; проверить источник/единицу измерения
POP-05998,41.76175,70.44379,48,Bundled population grid,2026-07,Методологический слой; проверить источник/единицу измерения
POP-05999,41.75468,70.45142,33,Bundled population grid,2026-07,Методологический слой; проверить источник/единицу измерения
POP-06000,41.76312,70.45583,41,Bundled population grid,2026-07,Методологический слой; проверить источник/единицу измерения
POP-06001,41.77313,70.40444,30,Bundled population grid,2026-07,Методологический слой; проверить источник/единицу измерения
POP-06002,41.75762,70.40767,20,Bundled population grid,2026-07,Методологический слой; проверить источник/единицу измерения
POP-06003,41.76054,70.36391,26,Bundled population grid,2026-07,Методологический слой; проверить источник/единицу измерения
POP-06004,41.75486,70.38359,45,Bundled population grid,2026-07,Методологический слой; проверить источник/единицу измерения
POP-06005,41.75348,70.37155,28,Bundled population grid,2026-07,Методологический слой; проверить источник/единицу измерения
POP-06006,41.72521,70.40209,28,Bundled population grid,2026-07,Методологический слой; проверить источник/единицу измерения
POP-06007,41.74917,70.40326,45,Bundled population grid,2026-07,Методологический слой; проверить источник/единицу измерения
POP-06008,41.72364,70.45785,20,Bundled population grid,2026-07,Методологический слой; проверить источник/единицу измерения
POP-06009,41.70676,70.44904,25,Bundled population grid,2026-07,Методологический слой; проверить источник/единицу измерения
POP-06010,41.71657,70.46548,31,Bundled population grid,2026-07,Методологический слой; проверить источник/единицу измерения
POP-06011,41.7152,70.45344,20,Bundled population grid,2026-07,Методологический слой; проверить источник/единицу измерения
POP-06012,41.61425,70.13,38,Bundled population grid,2026-07,Методологический слой; проверить источник/единицу измерения
POP-06013,41.57761,70.15622,60,Bundled population grid,2026-07,Методологический слой; проверить источник/единицу измерения
POP-06014,41.57056,70.16386,28,Bundled population grid,2026-07,Методологический слой; проверить источник/единицу измерения
POP-06015,41.66771,70.24789,20,Bundled population grid,2026-07,Методологический слой; проверить источник/единицу измерения
POP-06016,41.65072,70.30685,48,Bundled population grid,2026-07,Методологический слой; проверить источник/единицу измерения
POP-06017,41.67328,70.29596,43,Bundled population grid,2026-07,Методологический слой; проверить источник/единицу измерения
POP-06018,41.63112,70.20638,45,Bundled population grid,2026-07,Методологический слой; проверить источник/единицу измерения
POP-06019,41.66213,70.19983,25,Bundled population grid,2026-07,Методологический слой; проверить источник/единицу измерения
POP-06020,41.43992,69.3448,1319,Bundled population grid,2026-07,Методологический слой; проверить источник/единицу измерения
POP-06021,41.44988,69.36097,641,Bundled population grid,2026-07,Методологический слой; проверить источник/единицу измерения
POP-06022,41.44839,69.34903,843,Bundled population grid,2026-07,Методологический слой; проверить источник/единицу измерения
POP-06023,41.43441,69.36446,1132,Bundled population grid,2026-07,Методологический слой; проверить источник/единицу измерения
POP-06024,41.43293,69.35252,1706,Bundled population grid,2026-07,Методологический слой; проверить источник/единицу измерения
POP-06025,41.44289,69.36869,489,Bundled population grid,2026-07,Методологический слой; проверить источник/единицу измерения
POP-06026,41.4414,69.35674,1969,Bundled population grid,2026-07,Методологический слой; проверить источник/единицу измерения
POP-06027,41.4698,69.39333,561,Bundled population grid,2026-07,Методологический слой; проверить источник/единицу измерения
POP-06028,41.46832,69.38138,482,Bundled population grid,2026-07,Методологический слой; проверить источник/единицу измерения
POP-06029,41.46386,69.34554,366,Bundled population grid,2026-07,Методологический слой; проверить источник/единицу измерения
POP-06030,41.47382,69.36172,2043,Bundled population grid,2026-07,Методологический слой; проверить источник/единицу измерения
POP-06031,41.47234,69.34977,1018,Bundled population grid,2026-07,Методологический слой; проверить источник/единицу измерения
POP-06032,41.45836,69.3652,1292,Bundled population grid,2026-07,Методологический слой; проверить источник/единицу измерения
POP-06033,41.45687,69.35326,740,Bundled population grid,2026-07,Методологический слой; проверить источник/единицу измерения
POP-06034,41.46683,69.36944,1357,Bundled population grid,2026-07,Методологический слой; проверить источник/единицу измерения
POP-06035,41.46535,69.35749,1684,Bundled population grid,2026-07,Методологический слой; проверить источник/единицу измерения
POP-06036,41.43886,69.40029,631,Bundled population grid,2026-07,Методологический слой; проверить источник/единицу измерения
POP-06037,41.44881,69.41647,121,Bundled population grid,2026-07,Методологический слой; проверить источник/единицу измерения
POP-06038,41.44733,69.40452,494,Bundled population grid,2026-07,Методологический слой; проверить источник/единицу измерения
POP-06039,41.43334,69.41994,195,Bundled population grid,2026-07,Методологический слой; проверить источник/единицу измерения
POP-06040,41.43187,69.40799,30,Bundled population grid,2026-07,Методологический слой; проверить источник/единицу измерения
POP-06041,41.44182,69.42417,263,Bundled population grid,2026-07,Методологический слой; проверить источник/единицу измерения
POP-06042,41.44034,69.41223,198,Bundled population grid,2026-07,Методологический слой; проверить источник/единицу измерения
POP-06043,41.42742,69.37217,724,Bundled population grid,2026-07,Методологический слой; проверить источник/единицу измерения
POP-06044,41.43738,69.38834,359,Bundled population grid,2026-07,Методологический слой; проверить источник/единицу измерения
POP-06045,41.4359,69.3764,626,Bundled population grid,2026-07,Методологический слой; проверить источник/единицу измерения
POP-06046,41.42191,69.39182,86,Bundled population grid,2026-07,Методологический слой; проверить источник/единицу измерения
POP-06047,41.43038,69.39605,595,Bundled population grid,2026-07,Методологический слой; проверить источник/единицу измерения
POP-06048,41.4289,69.38411,324,Bundled population grid,2026-07,Методологический слой; проверить источник/единицу измерения
POP-06049,41.4628,69.40105,366,Bundled population grid,2026-07,Методологический слой; проверить источник/единицу измерения
POP-06050,41.47128,69.40528,507,Bundled population grid,2026-07,Методологический слой; проверить источник/единицу измерения
POP-06051,41.45729,69.42071,143,Bundled population grid,2026-07,Методологический слой; проверить источник/единицу измерения
POP-06052,41.45581,69.40876,303,Bundled population grid,2026-07,Методологический слой; проверить источник/единицу измерения
POP-06053,41.46576,69.42495,442,Bundled population grid,2026-07,Методологический слой; проверить источник/единицу измерения
POP-06054,41.46428,69.413,26,Bundled population grid,2026-07,Методологический слой; проверить источник/единицу измерения
POP-06055,41.45136,69.37292,68,Bundled population grid,2026-07,Методологический слой; проверить источник/единицу измерения
POP-06056,41.46132,69.3891,636,Bundled population grid,2026-07,Методологический слой; проверить источник/единицу измерения
POP-06057,41.45984,69.37715,759,Bundled population grid,2026-07,Методологический слой; проверить источник/единицу измерения
POP-06058,41.44585,69.39258,884,Bundled population grid,2026-07,Методологический слой; проверить источник/единицу измерения
POP-06059,41.44437,69.38063,420,Bundled population grid,2026-07,Методологический слой; проверить источник/единицу измерения
POP-06060,41.45433,69.39681,1124,Bundled population grid,2026-07,Методологический слой; проверить источник/единицу измерения
POP-06061,41.45285,69.38486,180,Bundled population grid,2026-07,Методологический слой; проверить источник/единицу измерения
POP-06062,41.50961,69.45812,35,Bundled population grid,2026-07,Методологический слой; проверить источник/единицу измерения
POP-06063,41.51109,69.47008,76,Bundled population grid,2026-07,Методологический слой; проверить источник/единицу измерения
POP-06064,41.55346,69.49135,904,Bundled population grid,2026-07,Методологический слой; проверить источник/единицу измерения
POP-06065,41.54645,69.49906,48,Bundled population grid,2026-07,Методологический слой; проверить источник/единицу измерения
POP-06066,41.5085,69.51368,142,Bundled population grid,2026-07,Методологический слой; проверить источник/единицу измерения
POP-06067,41.5015,69.52138,35,Bundled population grid,2026-07,Методологический слой; проверить источник/единицу измерения
POP-06068,41.49708,69.4855,53,Bundled population grid,2026-07,Методологический слой; проверить источник/единицу измерения
POP-06069,41.49008,69.49321,26,Bundled population grid,2026-07,Методологический слой; проверить источник/единицу измерения
POP-06070,41.49856,69.49746,40,Bundled population grid,2026-07,Методологический слой; проверить источник/единицу измерения
POP-06071,41.52691,69.53416,152,Bundled population grid,2026-07,Методологический слой; проверить источник/единицу измерения
POP-06072,41.52913,69.42302,432,Bundled population grid,2026-07,Методологический слой; проверить источник/единицу измерения
POP-06073,41.52765,69.41106,601,Bundled population grid,2026-07,Методологический слой; проверить источник/единицу измерения
POP-06074,41.49818,69.42996,25,Bundled population grid,2026-07,Методологический слой; проверить источник/единицу измерения
POP-06075,41.50814,69.44616,22,Bundled population grid,2026-07,Методологический слой; проверить источник/единицу измерения
POP-06076,41.50666,69.43421,97,Bundled population grid,2026-07,Методологический слой; проверить источник/единицу измерения
POP-06077,41.49119,69.43767,23,Bundled population grid,2026-07,Методологический слой; проверить источник/единицу измерения
POP-06078,41.50114,69.45388,20,Bundled population grid,2026-07,Методологический слой; проверить источник/единицу измерения
POP-06079,41.49966,69.44192,33,Bundled population grid,2026-07,Методологический слой; проверить источник/единицу измерения
POP-06080,41.49671,69.418,40,Bundled population grid,2026-07,Методологический слой; проверить источник/единицу измерения
POP-06081,41.52509,69.45466,96,Bundled population grid,2026-07,Методологический слой; проверить источник/единицу измерения
POP-06082,41.52065,69.41877,274,Bundled population grid,2026-07,Методологический слой; проверить источник/единицу измерения
POP-06083,41.51917,69.40681,342,Bundled population grid,2026-07,Методологический слой; проверить источник/единицу измерения
POP-06084,41.50518,69.42225,30,Bundled population grid,2026-07,Методологический слой; проверить источник/единицу измерения
POP-06085,41.40131,69.48232,390,Bundled population grid,2026-07,Методологический слой; проверить источник/единицу измерения
POP-06086,41.41125,69.49851,415,Bundled population grid,2026-07,Методологический слой; проверить источник/единицу измерения
POP-06087,41.40978,69.48657,729,Bundled population grid,2026-07,Методологический слой; проверить источник/единицу измерения
POP-06088,41.39578,69.50195,223,Bundled population grid,2026-07,Методологический слой; проверить источник/единицу измерения
POP-06089,41.39431,69.49001,483,Bundled population grid,2026-07,Методологический слой; проверить источник/единицу измерения
POP-06090,41.40425,69.5062,1163,Bundled population grid,2026-07,Методологический слой; проверить источник/единицу измерения
POP-06091,41.40278,69.49426,967,Bundled population grid,2026-07,Методологический слой; проверить источник/единицу измерения
POP-06092,41.43666,69.51125,453,Bundled population grid,2026-07,Методологический слой; проверить источник/единицу измерения
POP-06093,41.4466,69.52746,1519,Bundled population grid,2026-07,Методологический слой; проверить источник/единицу измерения
POP-06094,41.44513,69.51551,38,Bundled population grid,2026-07,Методологический слой; проверить источник/единицу измерения
POP-06095,41.43113,69.5309,666,Bundled population grid,2026-07,Методологический слой; проверить источник/единицу измерения
POP-06096,41.42966,69.51895,504,Bundled population grid,2026-07,Методологический слой; проверить источник/единицу измерения
POP-06097,41.4396,69.53515,1240,Bundled population grid,2026-07,Методологический слой; проверить источник/единицу измерения
POP-06098,41.43813,69.5232,428,Bundled population grid,2026-07,Методологический слой; проверить источник/единицу измерения
POP-06099,41.42525,69.48312,96,Bundled population grid,2026-07,Методологический слой; проверить источник/единицу измерения
POP-06100,41.43519,69.49931,537,Bundled population grid,2026-07,Методологический слой; проверить источник/единицу измерения
POP-06101,41.43372,69.48736,625,Bundled population grid,2026-07,Методологический слой; проверить источник/единицу измерения
POP-06102,41.41972,69.50276,752,Bundled population grid,2026-07,Методологический слой; проверить источник/единицу измерения
POP-06103,41.41825,69.49081,532,Bundled population grid,2026-07,Методологический слой; проверить источник/единицу измерения
POP-06104,41.42819,69.507,408,Bundled population grid,2026-07,Методологический слой; проверить источник/единицу измерения
POP-06105,41.42672,69.49506,93,Bundled population grid,2026-07,Методологический слой; проверить источник/единицу измерения
POP-06106,41.40018,69.53777,254,Bundled population grid,2026-07,Методологический слой; проверить источник/единицу измерения
POP-06107,41.41012,69.55397,151,Bundled population grid,2026-07,Методологический слой; проверить источник/единицу измерения
POP-06108,41.40865,69.54203,109,Bundled population grid,2026-07,Методологический слой; проверить источник/единицу измерения
POP-06109,41.39464,69.5574,740,Bundled population grid,2026-07,Методологический слой; проверить источник/единицу измерения
POP-06110,41.39318,69.54546,384,Bundled population grid,2026-07,Методологический слой; проверить источник/единицу измерения
POP-06111,41.40311,69.56165,973,Bundled population grid,2026-07,Методологический слой; проверить источник/единицу измерения
POP-06112,41.40165,69.54971,235,Bundled population grid,2026-07,Методологический слой; проверить источник/единицу измерения
POP-06113,41.38878,69.50964,31,Bundled population grid,2026-07,Методологический слой; проверить источник/единицу измерения
POP-06114,41.39872,69.52583,202,Bundled population grid,2026-07,Методологический слой; проверить источник/единицу измерения
POP-06115,41.39725,69.51389,89,Bundled population grid,2026-07,Методологический слой; проверить источник/единицу измерения
POP-06116,41.38324,69.52927,25,Bundled population grid,2026-07,Методологический слой; проверить источник/единицу измерения
POP-06117,41.38178,69.51733,33,Bundled population grid,2026-07,Методологический слой; проверить источник/единицу измерения
POP-06118,41.39171,69.53352,182,Bundled population grid,2026-07,Методологический слой; проверить источник/единицу измерения
POP-06119,41.39025,69.52158,58,Bundled population grid,2026-07,Методологический слой; проверить источник/единицу измерения
POP-06120,41.42412,69.53859,712,Bundled population grid,2026-07,Методологический слой; проверить источник/единицу измерения
POP-06121,41.43406,69.55479,805,Bundled population grid,2026-07,Методологический слой; проверить источник/единицу измерения
POP-06122,41.43259,69.54284,1415,Bundled population grid,2026-07,Методологический слой; проверить источник/единицу измерения
POP-06123,41.41859,69.55822,84,Bundled population grid,2026-07,Методологический слой; проверить источник/единицу измерения
POP-06124,41.41712,69.54628,873,Bundled population grid,2026-07,Методологический слой; проверить источник/единицу измерения
POP-06125,41.42705,69.56248,102,Bundled population grid,2026-07,Методологический слой; проверить источник/единицу измерения
POP-06126,41.42559,69.55053,430,Bundled population grid,2026-07,Методологический слой; проверить источник/единицу измерения
POP-06127,41.41272,69.51045,1813,Bundled population grid,2026-07,Методологический слой; проверить источник/единицу измерения
POP-06128,41.42266,69.52664,1283,Bundled population grid,2026-07,Методологический слой; проверить источник/единицу измерения
POP-06129,41.42119,69.5147,836,Bundled population grid,2026-07,Методологический слой; проверить источник/единицу измерения
POP-06130,41.40719,69.53008,704,Bundled population grid,2026-07,Методологический слой; проверить источник/единицу измерения
POP-06131,41.40572,69.51814,1220,Bundled population grid,2026-07,Методологический слой; проверить источник/единицу измерения
POP-06132,41.41565,69.53434,413,Bundled population grid,2026-07,Методологический слой; проверить источник/единицу измерения
POP-06133,41.41419,69.52239,1544,Bundled population grid,2026-07,Методологический слой; проверить источник/единицу измерения
POP-06134,41.39098,69.39876,1259,Bundled population grid,2026-07,Методологический слой; проверить источник/единицу измерения
POP-06135,41.40093,69.41493,415,Bundled population grid,2026-07,Методологический слой; проверить источник/единицу измерения
POP-06136,41.39945,69.403,309,Bundled population grid,2026-07,Методологический слой; проверить источник/единицу измерения
POP-06137,41.38546,69.4184,235,Bundled population grid,2026-07,Методологический слой; проверить источник/единицу измерения
POP-06138,41.38398,69.40647,712,Bundled population grid,2026-07,Методологический слой; проверить источник/единицу измерения
POP-06139,41.39393,69.42263,620,Bundled population grid,2026-07,Методологический слой; проверить источник/единицу измерения
POP-06140,41.39246,69.4107,258,Bundled population grid,2026-07,Методологический слой; проверить источник/единицу измерения
POP-06141,41.42635,69.42764,238,Bundled population grid,2026-07,Методологический слой; проверить источник/единицу измерения
POP-06142,41.4363,69.44383,301,Bundled population grid,2026-07,Методологический слой; проверить источник/единицу измерения
POP-06143,41.43482,69.43188,848,Bundled population grid,2026-07,Методологический слой; проверить источник/единицу измерения
POP-06144,41.42083,69.44729,94,Bundled population grid,2026-07,Методологический слой; проверить источник/единицу измерения
POP-06145,41.41935,69.43535,993,Bundled population grid,2026-07,Методологический слой; проверить источник/единицу измерения
POP-06146,41.4293,69.45153,139,Bundled population grid,2026-07,Методологический слой; проверить источник/единицу измерения
POP-06147,41.41492,69.39952,678,Bundled population grid,2026-07,Методологический слой; проверить источник/единицу измерения
POP-06148,41.42487,69.4157,33,Bundled population grid,2026-07,Методологический слой; проверить источник/единицу измерения
POP-06149,41.42339,69.40376,28,Bundled population grid,2026-07,Методологический слой; проверить источник/единицу измерения
POP-06150,41.4094,69.41917,666,Bundled population grid,2026-07,Методологический слой; проверить источник/единицу измерения
POP-06151,41.40792,69.40723,802,Bundled population grid,2026-07,Методологический слой; проверить источник/единицу измерения
POP-06152,41.41788,69.4234,1200,Bundled population grid,2026-07,Методологический слой; проверить источник/единицу измерения
POP-06153,41.4164,69.41146,608,Bundled population grid,2026-07,Методологический слой; проверить источник/единицу измерения
POP-06154,41.38989,69.4542,1068,Bundled population grid,2026-07,Методологический слой; проверить источник/единицу измерения
POP-06155,41.39984,69.47038,765,Bundled population grid,2026-07,Методологический слой; проверить источник/единицу измерения
POP-06156,41.39836,69.45844,1263,Bundled population grid,2026-07,Методологический слой; проверить источник/единицу измерения
POP-06157,41.38437,69.47383,894,Bundled population grid,2026-07,Методологический слой; проверить источник/единицу измерения
POP-06158,41.38289,69.4619,1405,Bundled population grid,2026-07,Методологический слой; проверить источник/единицу измерения
POP-06159,41.39284,69.47808,416,Bundled population grid,2026-07,Методологический слой; проверить источник/единицу измерения
POP-06160,41.39136,69.46614,2060,Bundled population grid,2026-07,Методологический слой; проверить источник/единицу измерения
POP-06161,41.37847,69.4261,1122,Bundled population grid,2026-07,Методологический слой; проверить источник/единицу измерения
POP-06162,41.38842,69.44227,251,Bundled population grid,2026-07,Методологический слой; проверить источник/единицу измерения
POP-06163,41.38694,69.43033,785,Bundled population grid,2026-07,Методологический слой; проверить источник/единицу измерения
POP-06164,41.37295,69.44573,265,Bundled population grid,2026-07,Методологический слой; проверить источник/единицу измерения
POP-06165,41.37147,69.4338,841,Bundled population grid,2026-07,Методологический слой; проверить источник/единицу измерения
POP-06166,41.38142,69.44997,722,Bundled population grid,2026-07,Методологический слой; проверить источник/единицу измерения
POP-06167,41.37994,69.43803,491,Bundled population grid,2026-07,Методологический слой; проверить источник/единицу измерения
POP-06168,41.41383,69.45499,377,Bundled population grid,2026-07,Методологический слой; проверить источник/единицу измерения
POP-06169,41.42378,69.47117,223,Bundled population grid,2026-07,Методологический слой; проверить источник/единицу измерения
POP-06170,41.4223,69.45923,466,Bundled population grid,2026-07,Методологический слой; проверить источник/единицу измерения
POP-06171,41.40831,69.47463,116,Bundled population grid,2026-07,Методологический слой; проверить источник/единицу измерения
POP-06172,41.40683,69.46269,1084,Bundled population grid,2026-07,Методологический слой; проверить источник/единицу измерения
POP-06173,41.41678,69.47887,412,Bundled population grid,2026-07,Методологический слой; проверить источник/единицу измерения
POP-06174,41.41531,69.46693,299,Bundled population grid,2026-07,Методологический слой; проверить источник/единицу измерения
POP-06175,41.40241,69.42687,534,Bundled population grid,2026-07,Методологический слой; проверить источник/единицу измерения
POP-06176,41.41236,69.44305,53,Bundled population grid,2026-07,Методологический слой; проверить источник/единицу измерения
POP-06177,41.41088,69.43111,998,Bundled population grid,2026-07,Методологический слой; проверить источник/единицу измерения
POP-06178,41.39689,69.44651,732,Bundled population grid,2026-07,Методологический слой; проверить источник/единицу измерения
POP-06179,41.39541,69.43457,602,Bundled population grid,2026-07,Методологический слой; проверить источник/единицу измерения
POP-06180,41.40536,69.45075,643,Bundled population grid,2026-07,Методологический слой; проверить источник/единицу измерения
POP-06181,41.40388,69.43881,919,Bundled population grid,2026-07,Методологический слой; проверить источник/единицу измерения
POP-06182,41.46061,69.51206,168,Bundled population grid,2026-07,Методологический слой; проверить источник/единицу измерения
POP-06183,41.45507,69.53171,1327,Bundled population grid,2026-07,Методологический слой; проверить источник/единицу измерения
POP-06184,41.4536,69.51976,306,Bundled population grid,2026-07,Методологический слой; проверить источник/единицу измерения
POP-06185,41.46354,69.53597,20,Bundled population grid,2026-07,Методологический слой; проверить источник/единицу измерения
POP-06186,41.46207,69.52401,87,Bundled population grid,2026-07,Методологический слой; проверить источник/единицу измерения
POP-06187,41.5059,69.55726,20,Bundled population grid,2026-07,Методологический слой; проверить источник/единицу измерения
POP-06188,41.49042,69.5607,278,Bundled population grid,2026-07,Методологический слой; проверить источник/единицу измерения
POP-06189,41.49889,69.56496,154,Bundled population grid,2026-07,Методологический слой; проверить источник/единицу измерения
POP-06190,41.49743,69.553,38,Bundled population grid,2026-07,Методологический слой; проверить источник/единицу измерения
POP-06191,41.47755,69.52057,256,Bundled population grid,2026-07,Методологический слой; проверить источник/единицу измерения
POP-06192,41.45947,69.56757,904,Bundled population grid,2026-07,Методологический слой; проверить источник/единицу измерения
POP-06193,41.4694,69.58379,1197,Bundled population grid,2026-07,Методологический слой; проверить источник/единицу измерения
POP-06194,41.46794,69.57183,965,Bundled population grid,2026-07,Методологический слой; проверить источник/единицу измерения
POP-06195,41.45392,69.58721,860,Bundled population grid,2026-07,Методологический слой; проверить источник/единицу измерения
POP-06196,41.45246,69.57526,1312,Bundled population grid,2026-07,Методологический слой; проверить источник/единицу измерения
POP-06197,41.46239,69.59148,1213,Bundled population grid,2026-07,Методологический слой; проверить источник/единицу измерения
POP-06198,41.46093,69.57952,1572,Bundled population grid,2026-07,Методологический слой; проверить источник/единицу измерения
POP-06199,41.44807,69.53941,1395,Bundled population grid,2026-07,Методологический слой; проверить источник/единицу измерения
POP-06200,41.458,69.55561,1030,Bundled population grid,2026-07,Методологический слой; проверить источник/единицу измерения
POP-06201,41.45654,69.54366,1170,Bundled population grid,2026-07,Методологический слой; проверить источник/единицу измерения
POP-06202,41.44253,69.55905,1446,Bundled population grid,2026-07,Методологический слой; проверить источник/единицу измерения
POP-06203,41.44106,69.5471,1618,Bundled population grid,2026-07,Методологический слой; проверить источник/единицу измерения
POP-06204,41.451,69.56331,1488,Bundled population grid,2026-07,Методологический слой; проверить источник/единицу измерения
POP-06205,41.44953,69.55136,1124,Bundled population grid,2026-07,Методологический слой; проверить источник/единицу измерения
POP-06206,41.48341,69.5684,370,Bundled population grid,2026-07,Методологический слой; проверить источник/единицу измерения
POP-06207,41.49335,69.58462,1048,Bundled population grid,2026-07,Методологический слой; проверить источник/единицу измерения
POP-06208,41.49188,69.57266,1218,Bundled population grid,2026-07,Методологический слой; проверить источник/единицу измерения
POP-06209,41.47787,69.58805,1167,Bundled population grid,2026-07,Методологический слой; проверить источник/единицу измерения
POP-06210,41.47641,69.57609,1292,Bundled population grid,2026-07,Методологический слой; проверить источник/единицу измерения
POP-06211,41.48634,69.59232,1686,Bundled population grid,2026-07,Методологический слой; проверить источник/единицу измерения
POP-06212,41.48488,69.58036,1309,Bundled population grid,2026-07,Методологический слой; проверить источник/единицу измерения
POP-06213,41.46647,69.55987,395,Bundled population grid,2026-07,Методологический слой; проверить источник/единицу измерения
POP-06214,41.46501,69.54792,403,Bundled population grid,2026-07,Методологический слой; проверить источник/единицу измерения
POP-06215,41.47494,69.56414,648,Bundled population grid,2026-07,Методологический слой; проверить источник/единицу измерения
POP-06216,41.47348,69.55218,154,Bundled population grid,2026-07,Методологический слой; проверить источник/единицу измерения
POP-06217,41.45029,69.42841,200,Bundled population grid,2026-07,Методологический слой; проверить источник/единицу измерения
POP-06218,41.46024,69.4446,638,Bundled population grid,2026-07,Методологический слой; проверить источник/единицу измерения
POP-06219,41.45877,69.43265,1108,Bundled population grid,2026-07,Методологический слой; проверить источник/единицу измерения
POP-06220,41.44477,69.44807,1058,Bundled population grid,2026-07,Методологический слой; проверить источник/единицу измерения
POP-06221,41.4433,69.43612,1114,Bundled population grid,2026-07,Методологический слой; проверить источник/единицу измерения
POP-06222,41.45324,69.45231,324,Bundled population grid,2026-07,Методологический слой; проверить источник/единицу измерения
POP-06223,41.45177,69.44036,372,Bundled population grid,2026-07,Методологический слой; проверить источник/единицу измерения
POP-06224,41.48566,69.45734,36,Bundled population grid,2026-07,Методологический слой; проверить источник/единицу измерения
POP-06225,41.49561,69.47354,30,Bundled population grid,2026-07,Методологический слой; проверить источник/единицу измерения
POP-06226,41.49414,69.46159,89,Bundled population grid,2026-07,Методологический слой; проверить источник/единицу измерения
POP-06227,41.48014,69.477,65,Bundled population grid,2026-07,Методологический слой; проверить источник/единицу измерения
POP-06228,41.47866,69.46505,773,Bundled population grid,2026-07,Методологический слой; проверить источник/единицу измерения
POP-06229,41.48861,69.48125,387,Bundled population grid,2026-07,Методологический слой; проверить источник/единицу измерения
POP-06230,41.48714,69.46929,51,Bundled population grid,2026-07,Методологический слой; проверить источник/единицу измерения
POP-06231,41.46872,69.44885,58,Bundled population grid,2026-07,Методологический слой; проверить источник/единицу измерения
POP-06232,41.46724,69.4369,382,Bundled population grid,2026-07,Методологический слой; проверить источник/единицу измерения
POP-06233,41.44919,69.48391,573,Bundled population grid,2026-07,Методологический слой; проверить источник/единицу измерения
POP-06234,41.45914,69.50011,468,Bundled population grid,2026-07,Методологический слой; проверить источник/единицу измерения
POP-06235,41.45767,69.48816,89,Bundled population grid,2026-07,Методологический слой; проверить источник/единицу измерения
POP-06236,41.44366,69.50356,164,Bundled population grid,2026-07,Методологический слой; проверить источник/единицу измерения
POP-06237,41.44219,69.49161,263,Bundled population grid,2026-07,Методологический слой; проверить источник/единицу измерения
POP-06238,41.45213,69.50781,580,Bundled population grid,2026-07,Методологический слой; проверить источник/единицу измерения
POP-06239,41.45066,69.49586,618,Bundled population grid,2026-07,Методологический слой; проверить источник/единицу измерения
POP-06240,41.43777,69.45577,142,Bundled population grid,2026-07,Методологический слой; проверить источник/единицу измерения
POP-06241,41.44772,69.47196,716,Bundled population grid,2026-07,Методологический слой; проверить источник/единицу измерения
POP-06242,41.44625,69.46001,152,Bundled population grid,2026-07,Методологический слой; проверить источник/единицу измерения
POP-06243,41.43225,69.47542,443,Bundled population grid,2026-07,Методологический слой; проверить источник/единицу измерения
POP-06244,41.43078,69.46347,945,Bundled population grid,2026-07,Методологический слой; проверить источник/единицу измерения
POP-06245,41.44072,69.47966,678,Bundled population grid,2026-07,Методологический слой; проверить источник/единицу измерения
POP-06246,41.43925,69.46772,643,Bundled population grid,2026-07,Методологический слой; проверить источник/единицу измерения
POP-06247,41.47314,69.48471,177,Bundled population grid,2026-07,Методологический слой; проверить источник/единицу измерения
POP-06248,41.48308,69.50091,213,Bundled population grid,2026-07,Методологический слой; проверить источник/единицу измерения
POP-06249,41.48161,69.48896,241,Bundled population grid,2026-07,Методологический слой; проверить источник/единицу измерения
POP-06250,41.46761,69.50436,101,Bundled population grid,2026-07,Методологический слой; проверить источник/единицу измерения
POP-06251,41.47608,69.50861,35,Bundled population grid,2026-07,Методологический слой; проверить источник/единицу измерения
POP-06252,41.47461,69.49666,192,Bundled population grid,2026-07,Методологический слой; проверить источник/единицу измерения
POP-06253,41.46172,69.45655,636,Bundled population grid,2026-07,Методологический слой; проверить источник/единицу измерения
POP-06254,41.47167,69.47275,266,Bundled population grid,2026-07,Методологический слой; проверить источник/единицу измерения
POP-06255,41.47019,69.4608,342,Bundled population grid,2026-07,Методологический слой; проверить источник/единицу измерения
POP-06256,41.45619,69.47621,559,Bundled population grid,2026-07,Методологический слой; проверить источник/единицу измерения
POP-06257,41.45472,69.46426,550,Bundled population grid,2026-07,Методологический слой; проверить источник/единицу измерения
POP-06258,41.46467,69.48046,711,Bundled population grid,2026-07,Методологический слой; проверить источник/единицу измерения
POP-06259,41.46319,69.4685,1273,Bundled population grid,2026-07,Методологический слой; проверить источник/единицу измерения
POP-06260,41.65741,69.75758,81,Bundled population grid,2026-07,Методологический слой; проверить источник/единицу измерения
POP-06261,41.64192,69.76097,92,Bundled population grid,2026-07,Методологический слой; проверить источник/единицу измерения
POP-06262,41.65039,69.76527,169,Bundled population grid,2026-07,Методологический слой; проверить источник/единицу измерения
POP-06263,41.63056,69.73268,30,Bundled population grid,2026-07,Методологический слой; проверить источник/единицу измерения
POP-06264,41.66443,69.74988,64,Bundled population grid,2026-07,Методологический слой; проверить источник/единицу измерения
POP-06265,41.55198,69.47938,93,Bundled population grid,2026-07,Методологический слой; проверить источник/единицу измерения
POP-06266,41.57299,69.45623,31,Bundled population grid,2026-07,Методологический слой; проверить источник/единицу измерения
POP-06267,41.44041,69.73747,70,Bundled population grid,2026-07,Методологический слой; проверить источник/единицу измерения
POP-06268,41.44887,69.74176,46,Bundled population grid,2026-07,Методологический слой; проверить источник/единицу измерения
POP-06269,41.4307,69.78867,25,Bundled population grid,2026-07,Методологический слой; проверить источник/единицу измерения
POP-06270,41.4532,69.77763,35,Bundled population grid,2026-07,Методологический слой; проверить источник/единицу измерения
POP-06271,41.43772,69.78101,76,Bundled population grid,2026-07,Методологический слой; проверить источник/единицу измерения
POP-06272,41.50126,69.84698,28,Bundled population grid,2026-07,Методологический слой; проверить источник/единицу измерения
POP-06273,41.50413,69.87092,20,Bundled population grid,2026-07,Методологический слой; проверить источник/единицу измерения
POP-06274,41.53654,69.87619,91,Bundled population grid,2026-07,Методологический слой; проверить источник/единицу измерения
POP-06275,41.54643,69.89248,27,Bundled population grid,2026-07,Методологический слой; проверить источник/единицу измерения
POP-06276,41.52951,69.88385,58,Bundled population grid,2026-07,Методологический слой; проверить источник/единицу измерения
POP-06277,41.53511,69.86421,147,Bundled population grid,2026-07,Методологический слой; проверить источник/единицу измерения
POP-06278,41.53367,69.85223,22,Bundled population grid,2026-07,Методологический слой; проверить источник/единицу измерения
POP-06279,41.51962,69.86757,125,Bundled population grid,2026-07,Методологический слой; проверить источник/единицу измерения
POP-06280,41.5338,69.91979,58,Bundled population grid,2026-07,Методологический слой; проверить источник/единицу измерения
POP-06281,41.52248,69.89152,31,Bundled population grid,2026-07,Методологический слой; проверить источник/единицу измерения
POP-06282,41.5209,69.812,20,Bundled population grid,2026-07,Методологический слой; проверить источник/единицу измерения
POP-06283,41.52504,69.78038,51,Bundled population grid,2026-07,Методологический слой; проверить источник/единицу измерения
POP-06284,41.51802,69.78805,76,Bundled population grid,2026-07,Методологический слой; проверить источник/единицу измерения
POP-06285,41.48849,69.80677,298,Bundled population grid,2026-07,Методологический слой; проверить источник/единицу измерения
POP-06286,41.48147,69.81444,41,Bundled population grid,2026-07,Методологический слой; проверить источник/единицу измерения
POP-06287,41.52378,69.83595,20,Bundled population grid,2026-07,Методологический слой; проверить источник/единицу измерения
POP-06288,41.50829,69.83931,20,Bundled population grid,2026-07,Методологический слой; проверить источник/единицу измерения
POP-06289,41.50685,69.82734,23,Bundled population grid,2026-07,Методологический слой; проверить источник/единицу измерения
POP-06290,41.51675,69.84362,20,Bundled population grid,2026-07,Методологический слой; проверить источник/единицу измерения
POP-06291,41.511,69.79573,145,Bundled population grid,2026-07,Методологический слой; проверить источник/единицу измерения
POP-06292,41.49695,69.81107,549,Bundled population grid,2026-07,Методологический слой; проверить источник/единицу измерения
POP-06293,41.49551,69.7991,58,Bundled population grid,2026-07,Методологический слой; проверить источник/единицу измерения
POP-06294,41.50398,69.8034,478,Bundled population grid,2026-07,Методологический слой; проверить источник/единицу измерения
POP-06295,41.40133,69.87477,21,Bundled population grid,2026-07,Методологический слой; проверить источник/единицу измерения
POP-06296,41.38025,69.89771,31,Bundled population grid,2026-07,Методологический слой; проверить источник/единицу измерения
POP-06297,41.37322,69.90536,41,Bundled population grid,2026-07,Методологический слой; проверить источник/единицу измерения
POP-06298,41.42396,69.9312,23,Bundled population grid,2026-07,Методологический слой; проверить источник/единицу измерения
POP-06299,41.40419,69.89868,40,Bundled population grid,2026-07,Методологический слой; проверить источник/единицу измерения
POP-06300,41.41264,69.90298,28,Bundled population grid,2026-07,Методологический слой; проверить источник/единицу измерения
POP-06301,41.4181,69.81595,33,Bundled population grid,2026-07,Методологический слой; проверить источник/единицу измерения
POP-06302,41.39846,69.85087,23,Bundled population grid,2026-07,Методологический слой; проверить источник/единицу измерения
POP-06303,41.40405,69.83127,30,Bundled population grid,2026-07,Методологический слой; проверить источник/единицу измерения
POP-06304,41.48733,69.92982,20,Bundled population grid,2026-07,Методологический слой; проверить источник/единицу измерения
POP-06305,41.4803,69.93747,28,Bundled population grid,2026-07,Методологический слой; проверить источник/единицу измерения
POP-06306,41.48876,69.94179,45,Bundled population grid,2026-07,Методологический слой; проверить источник/единицу измерения
POP-06307,41.45359,69.98003,28,Bundled population grid,2026-07,Методологический слой; проверить источник/единицу измерения
POP-06308,41.47754,69.98103,23,Bundled population grid,2026-07,Методологический слой; проверить источник/единицу измерения
POP-06309,41.46624,69.95277,26,Bundled population grid,2026-07,Методологический слой; проверить источник/единицу измерения
POP-06310,41.45194,69.83314,149,Bundled population grid,2026-07,Методологический слой; проверить источник/единицу измерения
POP-06311,41.44491,69.8408,99,Bundled population grid,2026-07,Методологический слой; проверить источник/единицу измерения
POP-06312,41.47445,69.82211,352,Bundled population grid,2026-07,Методологический слой; проверить источник/единицу измерения
POP-06313,41.4604,69.83744,235,Bundled population grid,2026-07,Методологический слой; проверить источник/единицу измерения
POP-06314,41.45896,69.82547,48,Bundled population grid,2026-07,Методологический слой; проверить источник/единицу измерения
POP-06315,41.46742,69.82977,471,Bundled population grid,2026-07,Методологический слой; проверить источник/единицу измерения
POP-06316,41.43932,69.86041,122,Bundled population grid,2026-07,Методологический слой; проверить источник/единицу измерения
POP-06317,41.43789,69.84846,119,Bundled population grid,2026-07,Методологический слой; проверить источник/единицу измерения
POP-06318,41.46756,69.89725,25,Bundled population grid,2026-07,Методологический слой; проверить источник/единицу измерения
POP-06319,41.45337,69.8451,382,Bundled population grid,2026-07,Методологический слой; проверить источник/единицу измерения
POP-06320,41.46183,69.8494,21,Bundled population grid,2026-07,Методологический слой; проверить источник/единицу измерения
POP-06321,41.44635,69.85276,372,Bundled population grid,2026-07,Методологический слой; проверить источник/единицу измерения
POP-06322,41.45481,69.85706,27,Bundled population grid,2026-07,Методологический слой; проверить источник/единицу измерения
POP-06323,41.3523,69.53614,46,Bundled population grid,2026-07,Методологический слой; проверить источник/единицу измерения
POP-06324,41.36224,69.55232,706,Bundled population grid,2026-07,Методологический слой; проверить источник/единицу измерения
POP-06325,41.34677,69.55575,1089,Bundled population grid,2026-07,Методологический слой; проверить источник/единицу измерения
POP-06326,41.3453,69.54382,785,Bundled population grid,2026-07,Методологический слой; проверить источник/единицу измерения
POP-06327,41.35523,69.56,1071,Bundled population grid,2026-07,Методологический слой; проверить источник/единицу измерения
POP-06328,41.35377,69.54807,1116,Bundled population grid,2026-07,Методологический слой; проверить источник/единицу измерения
POP-06329,41.38764,69.56508,31,Bundled population grid,2026-07,Методологический слой; проверить источник/единицу измерения
POP-06330,41.39757,69.58128,55,Bundled population grid,2026-07,Методологический слой; проверить источник/единицу измерения
POP-06331,41.39611,69.56934,479,Bundled population grid,2026-07,Методологический слой; проверить источник/единицу измерения
POP-06332,41.38063,69.57277,180,Bundled population grid,2026-07,Методологический слой; проверить источник/единицу измерения
POP-06333,41.39056,69.58896,78,Bundled population grid,2026-07,Методологический слой; проверить источник/единицу измерения
POP-06334,41.3891,69.57702,51,Bundled population grid,2026-07,Методологический слой; проверить источник/единицу измерения
POP-06335,41.37624,69.53696,557,Bundled population grid,2026-07,Методологический слой; проверить источник/единицу измерения
POP-06336,41.38471,69.54121,58,Bundled population grid,2026-07,Методологический слой; проверить источник/единицу измерения
POP-06337,41.37917,69.56083,428,Bundled population grid,2026-07,Методологический слой; проверить источник/единицу измерения
POP-06338,41.35115,69.59155,25,Bundled population grid,2026-07,Методологический слой; проверить источник/единицу измерения
POP-06339,41.36108,69.60774,23,Bundled population grid,2026-07,Методологический слой; проверить источник/единицу измерения
POP-06340,41.34561,69.61115,84,Bundled population grid,2026-07,Методологический слой; проверить источник/единицу измерения
POP-06341,41.35407,69.61541,372,Bundled population grid,2026-07,Методологический слой; проверить источник/единицу измерения
POP-06342,41.33976,69.56343,20,Bundled population grid,2026-07,Методологический слой; проверить источник/единицу измерения
POP-06343,41.34969,69.57962,443,Bundled population grid,2026-07,Методологический слой; проверить источник/единицу измерения
POP-06344,41.34823,69.56768,1114,Bundled population grid,2026-07,Методологический слой; проверить источник/единицу измерения
POP-06345,41.33276,69.57111,38,Bundled population grid,2026-07,Методологический слой; проверить источник/единицу измерения
POP-06346,41.34269,69.58729,25,Bundled population grid,2026-07,Методологический слой; проверить источник/единицу измерения
POP-06347,41.34123,69.57536,530,Bundled population grid,2026-07,Методологический слой; проверить источник/единицу измерения
POP-06348,41.38502,69.60858,308,Bundled population grid,2026-07,Методологический слой; проверить источник/единицу измерения
POP-06349,41.36954,69.612,32,Bundled population grid,2026-07,Методологический слой; проверить источник/единицу измерения
POP-06350,41.37801,69.61626,25,Bundled population grid,2026-07,Методологический слой; проверить источник/единицу измерения
POP-06351,41.37655,69.60432,81,Bundled population grid,2026-07,Методологический слой; проверить источник/единицу измерения
POP-06352,41.3637,69.56426,170,Bundled population grid,2026-07,Методологический слой; проверить источник/единицу измерения
POP-06353,41.41624,69.66916,152,Bundled population grid,2026-07,Методологический слой; проверить источник/единицу измерения
POP-06354,41.45711,69.67858,26,Bundled population grid,2026-07,Методологический слой; проверить источник/единицу измерения
POP-06355,41.46001,69.7025,30,Bundled population grid,2026-07,Методологический слой; проверить источник/единицу измерения
POP-06356,41.44574,69.6504,22,Bundled population grid,2026-07,Методологический слой; проверить источник/единицу измерения
POP-06357,41.43873,69.65808,61,Bundled population grid,2026-07,Методологический слой; проверить источник/единицу измерения
POP-06358,41.42059,69.70501,127,Bundled population grid,2026-07,Методологический слой; проверить источник/единицу измерения
POP-06359,41.41357,69.71268,40,Bundled population grid,2026-07,Методологический слой; проверить источник/единицу измерения
POP-06360,41.42204,69.71696,38,Bundled population grid,2026-07,Методологический слой; проверить источник/единицу измерения
POP-06361,41.40922,69.67683,79,Bundled population grid,2026-07,Методологический слой; проверить источник/единицу измерения
POP-06362,41.41914,69.69306,134,Bundled population grid,2026-07,Методологический слой; проверить источник/единицу измерения
POP-06363,41.41769,69.68111,349,Bundled population grid,2026-07,Методологический слой; проверить источник/единицу измерения
POP-06364,41.41212,69.70073,104,Bundled population grid,2026-07,Методологический слой; проверить источник/единицу измерения
POP-06365,41.44598,69.71785,28,Bundled population grid,2026-07,Методологический слой; проверить источник/единицу измерения
POP-06366,41.43317,69.67771,33,Bundled population grid,2026-07,Методологический слой; проверить источник/единицу измерения
POP-06367,41.43462,69.68966,30,Bundled population grid,2026-07,Методологический слой; проверить источник/единицу измерения
POP-06368,41.41158,69.56591,1119,Bundled population grid,2026-07,Методологический слой; проверить источник/единицу измерения
POP-06369,41.42151,69.58212,1170,Bundled population grid,2026-07,Методологический слой; проверить источник/единицу измерения
POP-06370,41.42005,69.57017,499,Bundled population grid,2026-07,Методологический слой; проверить источник/единицу измерения
POP-06371,41.40458,69.5736,1187,Bundled population grid,2026-07,Методологический слой; проверить источник/единицу измерения
POP-06372,41.41304,69.57786,886,Bundled population grid,2026-07,Методологический слой; проверить источник/единицу измерения
POP-06373,41.44692,69.5949,423,Bundled population grid,2026-07,Методологический слой; проверить источник/единицу измерения
POP-06374,41.45684,69.61112,1673,Bundled population grid,2026-07,Методологический слой; проверить источник/единицу измерения
POP-06375,41.45538,69.59917,251,Bundled population grid,2026-07,Методологический слой; проверить источник/единицу измерения
POP-06376,41.43991,69.60259,643,Bundled population grid,2026-07,Методологический слой; проверить источник/единицу измерения
POP-06377,41.44838,69.60685,1542,Bundled population grid,2026-07,Методологический слой; проверить источник/единицу измерения
POP-06378,41.43552,69.56674,957,Bundled population grid,2026-07,Методологический слой; проверить источник/единицу измерения
POP-06379,41.44545,69.58295,243,Bundled population grid,2026-07,Методологический слой; проверить источник/единицу измерения
POP-06380,41.44399,69.571,1357,Bundled population grid,2026-07,Методологический слой; проверить источник/единицу измерения
POP-06381,41.42998,69.58638,838,Bundled population grid,2026-07,Методологический слой; проверить источник/единицу измерения
POP-06382,41.42852,69.57443,288,Bundled population grid,2026-07,Методологический слой; проверить источник/единицу измерения
POP-06383,41.43845,69.59064,168,Bundled population grid,2026-07,Методологический слой; проверить источник/единицу измерения
POP-06384,41.43699,69.57869,898,Bundled population grid,2026-07,Методологический слой; проверить источник/единицу измерения
POP-06385,41.40486,69.641,20,Bundled population grid,2026-07,Методологический слой; проверить источник/единицу измерения
POP-06386,41.39903,69.59322,61,Bundled population grid,2026-07,Методологический слой; проверить источник/единицу измерения
POP-06387,41.4075,69.59748,69,Bundled population grid,2026-07,Методологический слой; проверить источник/единицу измерения
POP-06388,41.39202,69.6009,486,Bundled population grid,2026-07,Методологический слой; проверить источник/единицу измерения
POP-06389,41.43436,69.62222,283,Bundled population grid,2026-07,Методологический слой; проверить источник/единицу измерения
POP-06390,41.44428,69.63844,150,Bundled population grid,2026-07,Методологический слой; проверить источник/единицу измерения
POP-06391,41.44282,69.62649,782,Bundled population grid,2026-07,Методологический слой; проверить источник/единицу измерения
POP-06392,41.43727,69.64613,25,Bundled population grid,2026-07,Методологический слой; проверить источник/единицу измерения
POP-06393,41.42297,69.59406,504,Bundled population grid,2026-07,Методологический слой; проверить источник/единицу измерения
POP-06394,41.4329,69.61027,160,Bundled population grid,2026-07,Методологический слой; проверить источник/единицу измерения
POP-06395,41.43144,69.59832,1081,Bundled population grid,2026-07,Методологический слой; проверить источник/единицу измерения
POP-06396,41.42589,69.61796,59,Bundled population grid,2026-07,Методологический слой; проверить источник/единицу измерения
POP-06397,41.42443,69.60601,476,Bundled population grid,2026-07,Методологический слой; проверить источник/единицу измерения
POP-06398,41.31347,69.67335,1243,Bundled population grid,2026-07,Методологический слой; проверить источник/единицу измерения
POP-06399,41.32338,69.68955,28,Bundled population grid,2026-07,Методологический слой; проверить источник/единицу измерения
POP-06400,41.32193,69.67762,144,Bundled population grid,2026-07,Методологический слой; проверить источник/единицу измерения
POP-06401,41.30791,69.69294,605,Bundled population grid,2026-07,Методологический слой; проверить источник/единицу измерения
POP-06402,41.30646,69.68101,1646,Bundled population grid,2026-07,Методологический слой; проверить источник/единицу измерения
POP-06403,41.31637,69.69721,43,Bundled population grid,2026-07,Методологический слой; проверить источник/единицу измерения
POP-06404,41.31492,69.68528,309,Bundled population grid,2026-07,Методологический слой; проверить источник/единицу измерения
POP-06405,41.34877,69.70236,22,Bundled population grid,2026-07,Методологический слой; проверить источник/единицу измерения
POP-06406,41.35868,69.71857,56,Bundled population grid,2026-07,Методологический слой; проверить источник/единицу измерения
POP-06407,41.34176,69.71002,86,Bundled population grid,2026-07,Методологический слой; проверить источник/единицу измерения
POP-06408,41.33741,69.67422,41,Bundled population grid,2026-07,Методологический слой; проверить источник/единицу измерения
POP-06409,41.33184,69.69382,83,Bundled population grid,2026-07,Методологический слой; проверить источник/единицу измерения
POP-06410,41.30668,69.74831,995,Bundled population grid,2026-07,Методологический слой; проверить источник/единицу измерения
POP-06411,41.30524,69.73638,547,Bundled population grid,2026-07,Методологический слой; проверить источник/единицу измерения
POP-06412,41.31514,69.75258,597,Bundled population grid,2026-07,Методологический слой; проверить источник/единицу измерения
POP-06413,41.3137,69.74065,286,Bundled population grid,2026-07,Методологический слой; проверить источник/единицу измерения
POP-06414,41.3009,69.7006,1532,Bundled population grid,2026-07,Методологический слой; проверить источник/единицу измерения
POP-06415,41.30936,69.70487,61,Bundled population grid,2026-07,Методологический слой; проверить источник/единицу измерения
POP-06416,41.29533,69.72018,185,Bundled population grid,2026-07,Методологический слой; проверить источник/единицу измерения
POP-06417,41.29388,69.70825,255,Bundled population grid,2026-07,Методологический слой; проверить источник/единицу измерения
POP-06418,41.30379,69.72445,535,Bundled population grid,2026-07,Методологический слой; проверить источник/единицу измерения
POP-06419,41.33474,69.71768,48,Bundled population grid,2026-07,Методологический слой; проверить источник/единицу измерения
POP-06420,41.30328,69.58987,859,Bundled population grid,2026-07,Методологический слой; проверить источник/единицу измерения
POP-06421,41.3132,69.60605,643,Bundled population grid,2026-07,Методологический слой; проверить источник/единицу измерения
POP-06422,41.31175,69.59413,762,Bundled population grid,2026-07,Методологический слой; проверить источник/единицу измерения
POP-06423,41.29773,69.60947,1271,Bundled population grid,2026-07,Методологический слой; проверить источник/единицу измерения
POP-06424,41.29628,69.59754,1663,Bundled population grid,2026-07,Методологический слой; проверить источник/единицу измерения
POP-06425,41.3062,69.61372,858,Bundled population grid,2026-07,Методологический слой; проверить источник/единицу измерения
POP-06426,41.30474,69.6018,1623,Bundled population grid,2026-07,Методологический слой; проверить источник/единицу измерения
POP-06427,41.34852,69.63502,241,Bundled population grid,2026-07,Методологический слой; проверить источник/единицу измерения
POP-06428,41.33305,69.63843,48,Bundled population grid,2026-07,Методологический слой; проверить источник/единицу измерения
POP-06429,41.33159,69.6265,23,Bundled population grid,2026-07,Методологический слой; проверить источник/единицу измерения
POP-06430,41.34151,69.64269,35,Bundled population grid,2026-07,Методологический слой; проверить источник/единицу измерения
POP-06431,41.32722,69.59071,33,Bundled population grid,2026-07,Методологический слой; проверить источник/единицу измерения
POP-06432,41.32167,69.61031,20,Bundled population grid,2026-07,Методологический слой; проверить источник/единицу измерения
POP-06433,41.32021,69.59838,30,Bundled population grid,2026-07,Методологический слой; проверить источник/единицу измерения
POP-06434,41.3021,69.64524,1103,Bundled population grid,2026-07,Методологический слой; проверить источник/единицу измерения
POP-06435,41.31202,69.66142,889,Bundled population grid,2026-07,Методологический слой; проверить источник/единицу измерения
POP-06436,41.31056,69.6495,1218,Bundled population grid,2026-07,Методологический слой; проверить источник/единицу измерения
POP-06437,41.29655,69.66482,1618,Bundled population grid,2026-07,Методологический слой; проверить источник/единицу измерения
POP-06438,41.29509,69.6529,1861,Bundled population grid,2026-07,Методологический слой; проверить источник/единицу измерения
POP-06439,41.30501,69.66909,878,Bundled population grid,2026-07,Методологический слой; проверить источник/единицу измерения
POP-06440,41.30356,69.65716,1150,Bundled population grid,2026-07,Методологический слой; проверить источник/единицу измерения
POP-06441,41.29073,69.61713,43,Bundled population grid,2026-07,Методологический слой; проверить источник/единицу измерения
POP-06442,41.30065,69.63331,562,Bundled population grid,2026-07,Методологический слой; проверить источник/единицу измерения
POP-06443,41.29919,69.62139,28,Bundled population grid,2026-07,Методологический слой; проверить источник/единицу измерения
POP-06444,41.28518,69.63672,65,Bundled population grid,2026-07,Методологический слой; проверить источник/единицу измерения
POP-06445,41.28372,69.6248,33,Bundled population grid,2026-07,Методологический слой; проверить источник/единицу измерения
POP-06446,41.29364,69.64098,1294,Bundled population grid,2026-07,Методологический слой; проверить источник/единицу измерения
POP-06447,41.29218,69.62905,33,Bundled population grid,2026-07,Методологический слой; проверить источник/единицу измерения
POP-06448,41.32604,69.64609,38,Bundled population grid,2026-07,Методологический слой; проверить источник/единицу измерения
POP-06449,41.33595,69.66229,71,Bundled population grid,2026-07,Методологический слой; проверить источник/единицу измерения
POP-06450,41.3345,69.65036,109,Bundled population grid,2026-07,Методологический слой; проверить источник/единицу измерения
POP-06451,41.32048,69.66569,66,Bundled population grid,2026-07,Методологический слой; проверить источник/единицу измерения
POP-06452,41.31903,69.65376,306,Bundled population grid,2026-07,Методологический слой; проверить источник/единицу измерения
POP-06453,41.32749,69.65802,103,Bundled population grid,2026-07,Методологический слой; проверить источник/единицу измерения
POP-06454,41.31466,69.61798,932,Bundled population grid,2026-07,Методологический слой; проверить источник/единицу измерения
POP-06455,41.32458,69.63417,43,Bundled population grid,2026-07,Методологический слой; проверить источник/единицу измерения
POP-06456,41.32313,69.62224,25,Bundled population grid,2026-07,Методологический слой; проверить источник/единицу измерения
POP-06457,41.30911,69.63757,1200,Bundled population grid,2026-07,Методологический слой; проверить источник/единицу измерения
POP-06458,41.30765,69.62565,990,Bundled population grid,2026-07,Методологический слой; проверить источник/единицу измерения
POP-06459,41.31757,69.64183,130,Bundled population grid,2026-07,Методологический слой; проверить источник/единицу измерения
POP-06460,41.31612,69.62991,463,Bundled population grid,2026-07,Методологический слой; проверить источник/единицу измерения
POP-06461,41.408,69.7323,30,Bundled population grid,2026-07,Методологический слой; проверить источник/единицу измерения
POP-06462,41.40099,69.73996,33,Bundled population grid,2026-07,Методологический слой; проверить источник/единицу измерения
POP-06463,41.39108,69.72374,192,Bundled population grid,2026-07,Методологический слой; проверить источник/единицу измерения
POP-06464,41.38963,69.71179,268,Bundled population grid,2026-07,Методологический слой; проверить источник/единицу измерения
POP-06465,41.37147,69.75867,31,Bundled population grid,2026-07,Методологический слой; проверить источник/единицу измерения
POP-06466,41.36446,69.76633,28,Bundled population grid,2026-07,Методологический слой; проверить источник/единицу измерения
POP-06467,41.36012,69.73051,20,Bundled population grid,2026-07,Методологический слой; проверить источник/единицу измерения
POP-06468,41.35311,69.73817,78,Bundled population grid,2026-07,Методологический слой; проверить источник/единицу измерения
POP-06469,41.39541,69.75957,35,Bundled population grid,2026-07,Методологический слой; проверить источник/единицу измерения
POP-06470,41.40388,69.76386,32,Bundled population grid,2026-07,Методологический слой; проверить источник/единицу измерения
POP-06471,41.3983,69.78347,31,Bundled population grid,2026-07,Методологический слой; проверить источник/единицу измерения
POP-06472,41.38406,69.7314,35,Bundled population grid,2026-07,Методологический слой; проверить источник/единицу измерения
POP-06473,41.36254,69.61967,383,Bundled population grid,2026-07,Методологический слой; проверить источник/единицу измерения
POP-06474,41.371,69.62394,45,Bundled population grid,2026-07,Методологический слой; проверить источник/единицу измерения
POP-06475,41.35698,69.63928,443,Bundled population grid,2026-07,Методологический слой; проверить источник/единицу измерения
POP-06476,41.35553,69.62735,476,Bundled population grid,2026-07,Методологический слой; проверить источник/единицу измерения
POP-06477,41.36545,69.64355,74,Bundled population grid,2026-07,Методологический слой; проверить источник/единицу измерения
POP-06478,41.36399,69.63161,810,Bundled population grid,2026-07,Методологический слой; проверить источник/единицу измерения
POP-06479,41.39785,69.64867,30,Bundled population grid,2026-07,Методологический слой; проверить источник/единицу измерения
POP-06480,41.40777,69.66489,185,Bundled population grid,2026-07,Методологический слой; проверить источник/единицу измерения
POP-06481,41.40632,69.65294,139,Bundled population grid,2026-07,Методологический слой; проверить источник/единицу измерения
POP-06482,41.39229,69.66829,64,Bundled population grid,2026-07,Методологический слой; проверить источник/единицу измерения
POP-06483,41.38647,69.62052,54,Bundled population grid,2026-07,Методологический слой; проверить источник/единицу измерения
POP-06484,41.38092,69.64014,28,Bundled population grid,2026-07,Методологический слой; проверить источник/единицу измерения
POP-06485,41.38793,69.63246,51,Bundled population grid,2026-07,Методологический слой; проверить источник/единицу измерения
POP-06486,41.37126,69.6913,68,Bundled population grid,2026-07,Методологический слой; проверить источник/единицу измерения
POP-06487,41.35433,69.68276,28,Bundled population grid,2026-07,Методологический слой; проверить источник/единицу измерения
POP-06488,41.36424,69.69897,23,Bundled population grid,2026-07,Методологический слой; проверить источник/единицу измерения
POP-06489,41.35989,69.66315,40,Bundled population grid,2026-07,Методологический слой; проверить источник/единицу измерения
POP-06490,41.34442,69.66656,41,Bundled population grid,2026-07,Методологический слой; проверить источник/единицу измерения
POP-06491,41.34296,69.65462,55,Bundled population grid,2026-07,Методологический слой; проверить источник/единицу измерения
POP-06492,41.35143,69.65889,79,Bundled population grid,2026-07,Методологический слой; проверить источник/единицу измерения
POP-06493,41.3952,69.69218,23,Bundled population grid,2026-07,Методологический слой; проверить источник/единицу измерения
POP-06494,41.39375,69.68023,22,Bundled population grid,2026-07,Методологический слой; проверить источник/единицу измерения
POP-06495,41.37972,69.69557,145,Bundled population grid,2026-07,Методологический слой; проверить источник/единицу измерения
POP-06496,41.37827,69.68363,574,Bundled population grid,2026-07,Методологический слой; проверить источник/единицу измерения
POP-06497,41.38818,69.69985,198,Bundled population grid,2026-07,Методологический слой; проверить источник/единицу измерения
POP-06498,41.37391,69.64781,58,Bundled population grid,2026-07,Методологический слой; проверить источник/единицу измерения
POP-06499,41.38238,69.65208,36,Bundled population grid,2026-07,Методологический слой; проверить источник/единицу измерения
POP-06500,41.36835,69.66742,20,Bundled population grid,2026-07,Методологический слой; проверить источник/единицу измерения
POP-06501,41.37682,69.67169,25,Bundled population grid,2026-07,Методологический слой; проверить источник/единицу измерения
POP-06502,41.37537,69.65975,61,Bundled population grid,2026-07,Методологический слой; проверить источник/единицу измерения
POP-06503,41.59959,69.73948,357,Bundled population grid,2026-07,Методологический слой; проверить источник/единицу измерения
POP-06504,41.6095,69.75576,709,Bundled population grid,2026-07,Методологический слой; проверить источник/единицу измерения
POP-06505,41.60805,69.74377,972,Bundled population grid,2026-07,Методологический слой; проверить источник/единицу измерения
POP-06506,41.59401,69.75915,150,Bundled population grid,2026-07,Методологический слой; проверить источник/единицу измерения
POP-06507,41.60248,69.76345,769,Bundled population grid,2026-07,Методологический слой; проверить источник/единицу измерения
POP-06508,41.6349,69.76867,372,Bundled population grid,2026-07,Методологический слой; проверить источник/единицу измерения
POP-06509,41.64337,69.77297,87,Bundled population grid,2026-07,Методологический слой; проверить источник/единицу измерения
POP-06510,41.62932,69.78835,172,Bundled population grid,2026-07,Методологический слой; проверить источник/единицу измерения
POP-06511,41.62788,69.77636,73,Bundled population grid,2026-07,Методологический слой; проверить источник/единицу измерения
POP-06512,41.62354,69.74038,134,Bundled population grid,2026-07,Методологический слой; проверить источник/единицу измерения
POP-06513,41.61797,69.76006,808,Bundled population grid,2026-07,Методологический слой; проверить источник/единицу измерения
POP-06514,41.61652,69.74807,81,Bundled population grid,2026-07,Методологический слой; проверить источник/единицу измерения
POP-06515,41.62643,69.76436,430,Bundled population grid,2026-07,Методологический слой; проверить источник/единицу измерения
POP-06516,41.60825,69.81141,41,Bundled population grid,2026-07,Методологический слой; проверить источник/единицу измерения
POP-06517,41.59276,69.81479,628,Bundled population grid,2026-07,Методологический слой; проверить источник/единицу измерения
POP-06518,41.59132,69.8028,754,Bundled population grid,2026-07,Методологический слой; проверить источник/единицу измерения
POP-06519,41.59978,69.80711,132,Bundled population grid,2026-07,Методологический слой; проверить источник/единицу измерения
POP-06520,41.58699,69.76684,585,Bundled population grid,2026-07,Методологический слой; проверить источник/единицу измерения
POP-06521,41.5969,69.78313,271,Bundled population grid,2026-07,Методологический слой; проверить источник/единицу измерения
POP-06522,41.59546,69.77114,28,Bundled population grid,2026-07,Методологический слой; проверить источник/единицу измерения
POP-06523,41.57997,69.77453,184,Bundled population grid,2026-07,Методологический слой; проверить источник/единицу измерения
POP-06524,41.58988,69.79081,127,Bundled population grid,2026-07,Методологический слой; проверить источник/единицу измерения
POP-06525,41.6223,69.79604,30,Bundled population grid,2026-07,Методологический слой; проверить источник/единицу измерения
POP-06526,41.61527,69.80373,33,Bundled population grid,2026-07,Методологический слой; проверить источник/единицу измерения
POP-06527,41.61094,69.76775,1621,Bundled population grid,2026-07,Методологический слой; проверить источник/единицу измерения
POP-06528,41.62085,69.78405,192,Bundled population grid,2026-07,Методологический слой; проверить источник/единицу измерения
POP-06529,41.61941,69.77205,635,Bundled population grid,2026-07,Методологический слой; проверить источник/единицу измерения
POP-06530,41.60392,69.77544,925,Bundled population grid,2026-07,Методологический слой; проверить источник/единицу измерения
POP-06531,41.61239,69.77974,298,Bundled population grid,2026-07,Методологический слой; проверить источник/единицу измерения
POP-06532,41.66763,69.9093,22,Bundled population grid,2026-07,Методологический слой; проверить источник/единицу измерения
POP-06533,41.67753,69.92564,61,Bundled population grid,2026-07,Методологический слой; проверить источник/единицу измерения
POP-06534,41.65631,69.88097,46,Bundled population grid,2026-07,Методологический слой; проверить источник/единицу измерения
POP-06535,41.69445,69.9343,137,Bundled population grid,2026-07,Методологический слой; проверить источник/единицу измерения
POP-06536,41.66174,69.79358,25,Bundled population grid,2026-07,Методологический слой; проверить источник/единицу измерения
POP-06537,41.64625,69.79696,99,Bundled population grid,2026-07,Методологический слой; проверить источник/единицу измерения
POP-06538,41.65472,69.80127,23,Bundled population grid,2026-07,Методологический слой; проверить источник/единицу измерения
POP-06539,41.56335,69.90111,31,Bundled population grid,2026-07,Методологический слой; проверить источник/единицу измерения
POP-06540,41.60566,69.92271,28,Bundled population grid,2026-07,Методологический слой; проверить источник/единицу измерения
POP-06541,41.60423,69.91071,43,Bundled population grid,2026-07,Методологический слой; проверить источник/единицу измерения
POP-06542,41.58444,69.8781,35,Bundled population grid,2026-07,Методологический слой; проверить источник/единицу измерения
POP-06543,41.57884,69.89776,43,Bundled population grid,2026-07,Методологический слой; проверить источник/единицу измерения
POP-06544,41.57741,69.88577,64,Bundled population grid,2026-07,Методологический слой; проверить источник/единицу измерения
POP-06545,41.54226,69.92411,27,Bundled population grid,2026-07,Методологический слой; проверить источник/единицу измерения
POP-06546,41.54083,69.91213,23,Bundled population grid,2026-07,Методологический слой; проверить источник/единицу измерения
POP-06547,41.57181,69.90543,25,Bundled population grid,2026-07,Методологический слой; проверить источник/единицу измерения
POP-06548,41.5589,69.79757,25,Bundled population grid,2026-07,Методологический слой; проверить источник/единицу измерения
POP-06549,41.58573,69.82247,41,Bundled population grid,2026-07,Методологический слой; проверить источник/единицу измерения
POP-06550,41.59563,69.83877,179,Bundled population grid,2026-07,Методологический слой; проверить источник/единицу измерения
POP-06551,41.58014,69.84213,31,Bundled population grid,2026-07,Методологический слой; проверить источник/единицу измерения
POP-06552,41.5886,69.84644,154,Bundled population grid,2026-07,Методологический слой; проверить источник/единицу измерения
POP-06553,41.58717,69.83446,97,Bundled population grid,2026-07,Методологический слой; проверить источник/единицу измерения
POP-06554,41.57439,69.79419,1435,Bundled population grid,2026-07,Методологический слой; проверить источник/единицу измерения
POP-06555,41.58429,69.81048,365,Bundled population grid,2026-07,Методологический слой; проверить источник/единицу измерения
POP-06556,41.58285,69.7985,762,Bundled population grid,2026-07,Методологический слой; проверить источник/единицу измерения
POP-06557,41.5688,69.81386,25,Bundled population grid,2026-07,Методологический слой; проверить источник/единицу измерения
POP-06558,41.56736,69.80188,329,Bundled population grid,2026-07,Методологический слой; проверить источник/единицу измерения
POP-06559,41.57727,69.81816,403,Bundled population grid,2026-07,Методологический слой; проверить источник/единицу измерения
POP-06560,41.57583,69.80618,648,Bundled population grid,2026-07,Методологический слой; проверить источник/единицу измерения
POP-06561,41.54916,69.84887,116,Bundled population grid,2026-07,Методологический слой; проверить источник/единицу измерения
POP-06562,41.54357,69.86852,178,Bundled population grid,2026-07,Методологический слой; проверить источник/единицу измерения
POP-06563,41.54214,69.85654,306,Bundled population grid,2026-07,Методологический слой; проверить источник/единицу измерения
POP-06564,41.54773,69.83689,88,Bundled population grid,2026-07,Методологический слой; проверить источник/единицу измерения
POP-06565,41.5407,69.84456,76,Bundled population grid,2026-07,Методологический слой; проверить источник/единицу измерения
POP-06566,41.56178,69.82154,38,Bundled population grid,2026-07,Методологический слой; проверить источник/единицу измерения
POP-06567,41.57024,69.82584,38,Bundled population grid,2026-07,Методологический слой; проверить источник/единицу измерения
POP-06568,41.61972,69.90736,132,Bundled population grid,2026-07,Методологический слой; проверить источник/единицу измерения
POP-06569,41.62961,69.92368,681,Bundled population grid,2026-07,Методологический слой; проверить источник/единицу измерения
POP-06570,41.61412,69.92703,35,Bundled population grid,2026-07,Методологический слой; проверить источник/единицу измерения
POP-06571,41.61269,69.91504,213,Bundled population grid,2026-07,Методологический слой; проверить источник/единицу измерения
POP-06572,41.62258,69.93136,574,Bundled population grid,2026-07,Методологический слой; проверить источник/единицу измерения
POP-06573,41.62115,69.91936,119,Bundled population grid,2026-07,Методологический слой; проверить источник/единицу измерения
POP-06574,41.66488,69.953,1040,Bundled population grid,2026-07,Методологический слой; проверить источник/единицу измерения
POP-06575,41.66346,69.94099,137,Bundled population grid,2026-07,Методологический слой; проверить источник/единицу измерения
POP-06576,41.64939,69.95634,218,Bundled population grid,2026-07,Методологический слой; проверить источник/единицу измерения
POP-06577,41.64796,69.94434,1043,Bundled population grid,2026-07,Методологический слой; проверить источник/единицу измерения
POP-06578,41.65785,69.96067,121,Bundled population grid,2026-07,Методологический слой; проверить источник/единицу измерения
POP-06579,41.65642,69.94867,620,Bundled population grid,2026-07,Методологический слой; проверить источник/единицу измерения
POP-06580,41.63807,69.92801,517,Bundled population grid,2026-07,Методологический слой; проверить источник/единицу измерения
POP-06581,41.64653,69.93234,258,Bundled population grid,2026-07,Методологический слой; проверить источник/единицу измерения
POP-06582,41.62828,69.97935,28,Bundled population grid,2026-07,Методологический слой; проверить источник/единицу измерения
POP-06583,41.62685,69.96735,233,Bundled population grid,2026-07,Методологический слой; проверить источник/единицу измерения
POP-06584,41.61697,69.95103,139,Bundled population grid,2026-07,Методологический слой; проверить источник/единицу измерения
POP-06585,41.60147,69.95437,35,Bundled population grid,2026-07,Методологический слой; проверить источник/единицу измерения
POP-06586,41.60993,69.95869,122,Bundled population grid,2026-07,Методологический слой; проверить источник/единицу измерения
POP-06587,41.64235,69.96401,147,Bundled population grid,2026-07,Методологический слой; проверить источник/единицу измерения
POP-06588,41.63104,69.93568,1798,Bundled population grid,2026-07,Методологический слой; проверить источник/единицу измерения
POP-06589,41.64093,69.95201,990,Bundled population grid,2026-07,Методологический слой; проверить источник/единицу измерения
POP-06590,41.6395,69.94001,1296,Bundled population grid,2026-07,Методологический слой; проверить источник/единицу измерения
POP-06591,41.62543,69.95535,304,Bundled population grid,2026-07,Методологический слой; проверить источник/единицу измерения
POP-06592,41.624,69.94335,635,Bundled population grid,2026-07,Методологический слой; проверить источник/единицу измерения
POP-06593,41.63389,69.95968,433,Bundled population grid,2026-07,Методологический слой; проверить источник/единицу измерения
POP-06594,41.63246,69.94768,1215,Bundled population grid,2026-07,Методологический слой; проверить источник/единицу измерения
POP-06595,41.60409,69.84308,104,Bundled population grid,2026-07,Методологический слой; проверить источник/единицу измерения
POP-06596,41.64785,69.87665,119,Bundled population grid,2026-07,Методологический слой; проверить источник/единицу измерения
POP-06597,41.6421,69.82865,38,Bundled population grid,2026-07,Методологический слой; проверить источник/единицу измерения
POP-06598,41.6084,69.87905,312,Bundled population grid,2026-07,Методологический слой; проверить источник/единицу измерения
POP-06599,41.61829,69.89537,169,Bundled population grid,2026-07,Методологический слой; проверить источник/единицу измерения
POP-06600,41.61686,69.88337,360,Bundled population grid,2026-07,Методологический слой; проверить источник/единицу измерения
POP-06601,41.6028,69.89872,78,Bundled population grid,2026-07,Методологический слой; проверить источник/единицу измерения
POP-06602,41.60137,69.88673,826,Bundled population grid,2026-07,Методологический слой; проверить источник/единицу измерения
POP-06603,41.61126,69.90304,197,Bundled population grid,2026-07,Методологический слой; проверить источник/единицу измерения
POP-06604,41.60983,69.89105,195,Bundled population grid,2026-07,Методологический слой; проверить источник/единицу измерения
POP-06605,41.59707,69.85076,28,Bundled population grid,2026-07,Методологический слой; проверить источник/единицу измерения
POP-06606,41.60696,69.86706,322,Bundled population grid,2026-07,Методологический слой; проверить источник/единицу измерения
POP-06607,41.60553,69.85507,448,Bundled population grid,2026-07,Методологический слой; проверить источник/единицу измерения
POP-06608,41.59147,69.87042,230,Bundled population grid,2026-07,Методологический слой; проверить источник/единицу измерения
POP-06609,41.59004,69.85843,79,Bundled population grid,2026-07,Методологический слой; проверить источник/единицу измерения
POP-06610,41.59994,69.87474,1040,Bundled population grid,2026-07,Методологический слой; проверить источник/единицу измерения
POP-06611,41.5985,69.86275,327,Bundled population grid,2026-07,Методологический слой; проверить источник/единицу измерения
POP-06612,41.64082,69.88433,78,Bundled population grid,2026-07,Методологический слой; проверить источник/единицу измерения
POP-06613,41.63378,69.89201,89,Bundled population grid,2026-07,Методологический слой; проверить источник/единицу измерения
POP-06614,41.63092,69.86801,20,Bundled population grid,2026-07,Методологический слой; проверить источник/единицу измерения
POP-06615,41.61543,69.87138,286,Bundled population grid,2026-07,Методологический слой; проверить источник/единицу измерения
POP-06616,41.61399,69.85938,130,Bundled population grid,2026-07,Методологический слой; проверить источник/единицу измерения
POP-06617,41.51991,69.54186,55,Bundled population grid,2026-07,Методологический слой; проверить источник/единицу измерения
POP-06618,41.52984,69.55809,38,Bundled population grid,2026-07,Методологический слой; проверить источник/единицу измерения
POP-06619,41.52838,69.54612,20,Bundled population grid,2026-07,Методологический слой; проверить источник/единицу измерения
POP-06620,41.51437,69.56153,114,Bundled population grid,2026-07,Методологический слой; проверить источник/единицу измерения
POP-06621,41.52284,69.56579,126,Bundled population grid,2026-07,Методологический слой; проверить источник/единицу измерения
POP-06622,41.51876,69.59742,185,Bundled population grid,2026-07,Методологический слой; проверить источник/единицу измерения
POP-06623,41.52868,69.61366,193,Bundled population grid,2026-07,Методологический слой; проверить источник/единицу измерения
POP-06624,41.52723,69.60169,182,Bundled population grid,2026-07,Методологический слой; проверить источник/единицу измерения
POP-06625,41.51321,69.61709,552,Bundled population grid,2026-07,Методологический слой; проверить источник/единицу измерения
POP-06626,41.51175,69.60512,294,Bundled population grid,2026-07,Методологический слой; проверить источник/единицу измерения
POP-06627,41.52167,69.62136,124,Bundled population grid,2026-07,Методологический слой; проверить источник/единицу измерения
POP-06628,41.50736,69.56923,266,Bundled population grid,2026-07,Методологический слой; проверить источник/единицу измерения
POP-06629,41.51583,69.57349,69,Bundled population grid,2026-07,Методологический слой; проверить источник/единицу измерения
POP-06630,41.50182,69.58889,797,Bundled population grid,2026-07,Методологический слой; проверить источник/единицу измерения
POP-06631,41.50035,69.57693,441,Bundled population grid,2026-07,Методологический слой; проверить источник/единицу измерения
POP-06632,41.51029,69.59316,106,Bundled population grid,2026-07,Методологический слой; проверить источник/единицу измерения
POP-06633,41.50882,69.58119,299,Bundled population grid,2026-07,Методологический слой; проверить источник/единицу измерения
POP-06634,41.55264,69.61451,81,Bundled population grid,2026-07,Методологический слой; проверить источник/единицу измерения
POP-06635,41.54562,69.62221,38,Bundled population grid,2026-07,Методологический слой; проверить источник/единицу измерения
POP-06636,41.53131,69.57006,211,Bundled population grid,2026-07,Методологический слой; проверить источник/единицу измерения
POP-06637,41.52576,69.58973,245,Bundled population grid,2026-07,Методологический слой; проверить источник/единицу измерения
POP-06638,41.5243,69.57776,175,Bundled population grid,2026-07,Методологический слой; проверить источник/единицу измерения
POP-06639,41.58387,69.67526,58,Bundled population grid,2026-07,Методологический слой; проверить источник/единицу измерения
POP-06640,41.59234,69.67955,33,Bundled population grid,2026-07,Методологический слой; проверить источник/единицу измерения
POP-06641,41.59814,69.72749,757,Bundled population grid,2026-07,Методологический слой; проверить источник/единицу измерения
POP-06642,41.59669,69.7155,820,Bundled population grid,2026-07,Методологический слой; проверить источник/единицу измерения
POP-06643,41.59112,69.73518,21,Bundled population grid,2026-07,Методологический слой; проверить источник/единицу измерения
POP-06644,41.58967,69.7232,27,Bundled population grid,2026-07,Методологический слой; проверить источник/единицу измерения
POP-06645,41.56984,69.69065,73,Bundled population grid,2026-07,Методологический слой; проверить источник/единицу измерения
POP-06646,41.61218,69.7121,319,Bundled population grid,2026-07,Методологический слой; проверить источник/единицу измерения
POP-06647,41.62209,69.72839,380,Bundled population grid,2026-07,Методологический слой; проверить источник/единицу измерения
POP-06648,41.62065,69.71639,74,Bundled population grid,2026-07,Методологический слой; проверить источник/единицу измерения
POP-06649,41.60661,69.73178,1073,Bundled population grid,2026-07,Методологический слой; проверить источник/единицу измерения
POP-06650,41.60516,69.7198,1043,Bundled population grid,2026-07,Методологический слой; проверить источник/единицу измерения
POP-06651,41.61507,69.73608,995,Bundled population grid,2026-07,Методологический слой; проверить источник/единицу измерения
POP-06652,41.61363,69.72409,1091,Bundled population grid,2026-07,Методологический слой; проверить источник/единицу измерения
POP-06653,41.60081,69.68384,33,Bundled population grid,2026-07,Методологический слой; проверить источник/единицу измерения
POP-06654,41.59524,69.70352,109,Bundled population grid,2026-07,Методологический слой; проверить источник/единицу измерения
POP-06655,41.59379,69.69153,61,Bundled population grid,2026-07,Методологический слой; проверить источник/единицу измерения
POP-06656,41.60371,69.70781,137,Bundled population grid,2026-07,Методологический слой; проверить источник/единицу измерения
POP-06657,41.57249,69.64702,114,Bundled population grid,2026-07,Методологический слой; проверить источник/единицу измерения
POP-06658,41.56111,69.61879,66,Bundled population grid,2026-07,Методологический слой; проверить источник/единицу измерения
POP-06659,41.55965,69.60681,23,Bundled population grid,2026-07,Методологический слой; проверить источник/единицу измерения
POP-06660,41.56812,69.61109,23,Bundled population grid,2026-07,Методологический слой; проверить источник/единицу измерения
POP-06661,41.47549,69.6991,31,Bundled population grid,2026-07,Методологический слой; проверить источник/единицу измерения
POP-06662,41.51637,69.70855,304,Bundled population grid,2026-07,Методологический слой; проверить источник/единицу измерения
POP-06663,41.52484,69.71283,55,Bundled population grid,2026-07,Методологический слой; проверить источник/единицу измерения
POP-06664,41.5108,69.7282,31,Bundled population grid,2026-07,Методологический слой; проверить источник/единицу измерения
POP-06665,41.50935,69.71623,212,Bundled population grid,2026-07,Методологический слой; проверить источник/единицу измерения
POP-06666,41.51782,69.72052,122,Bundled population grid,2026-07,Методологический слой; проверить источник/единицу измерения
POP-06667,41.505,69.68033,56,Bundled population grid,2026-07,Методологический слой; проверить источник/единицу измерения
POP-06668,41.51492,69.69658,136,Bundled population grid,2026-07,Методологический слой; проверить источник/единицу измерения
POP-06669,41.51347,69.68461,218,Bundled population grid,2026-07,Методологический слой; проверить источник/единицу измерения
POP-06670,41.49799,69.68801,33,Bundled population grid,2026-07,Методологический слой; проверить источник/единицу измерения
POP-06671,41.48975,69.75124,30,Bundled population grid,2026-07,Методологический слой; проверить источник/единицу измерения
POP-06672,41.47694,69.71106,46,Bundled population grid,2026-07,Методологический слой; проверить источник/единицу измерения
POP-06673,41.47086,69.59574,1314,Bundled population grid,2026-07,Методологический слой; проверить источник/единицу измерения
POP-06674,41.47933,69.60001,752,Bundled population grid,2026-07,Методологический слой; проверить источник/единицу измерения
POP-06675,41.46531,69.61539,1084,Bundled population grid,2026-07,Методологический слой; проверить источник/единицу измерения
POP-06676,41.46385,69.60343,696,Bundled population grid,2026-07,Методологический слой; проверить источник/единицу измерения
POP-06677,41.47378,69.61966,197,Bundled population grid,2026-07,Методологический слой; проверить источник/единицу измерения
POP-06678,41.47232,69.6077,160,Bundled population grid,2026-07,Методологический слой; проверить источник/единицу измерения
POP-06679,41.50619,69.62478,1152,Bundled population grid,2026-07,Методологический слой; проверить источник/единицу измерения
POP-06680,41.51612,69.64102,886,Bundled population grid,2026-07,Методологический слой; проверить источник/единицу измерения
POP-06681,41.51466,69.62905,843,Bundled population grid,2026-07,Методологический слой; проверить источник/единицу измерения
POP-06682,41.50064,69.64443,246,Bundled population grid,2026-07,Методологический слой; проверить источник/единицу измерения
POP-06683,41.49918,69.63247,465,Bundled population grid,2026-07,Методологический слой; проверить источник/единицу измерения
POP-06684,41.50911,69.64871,469,Bundled population grid,2026-07,Методологический слой; проверить источник/единицу измерения
POP-06685,41.50765,69.63674,759,Bundled population grid,2026-07,Методологический слой; проверить источник/единицу измерения
POP-06686,41.49481,69.59658,1398,Bundled population grid,2026-07,Методологический слой; проверить источник/единицу измерения
POP-06687,41.50474,69.61281,889,Bundled population grid,2026-07,Методологический слой; проверить источник/единицу измерения
POP-06688,41.50328,69.60085,582,Bundled population grid,2026-07,Методологический слой; проверить источник/единицу измерения
POP-06689,41.48926,69.61624,324,Bundled population grid,2026-07,Методологический слой; проверить источник/единицу измерения
POP-06690,41.4878,69.60428,1094,Bundled population grid,2026-07,Методологический слой; проверить источник/единицу измерения
POP-06691,41.49773,69.62051,747,Bundled population grid,2026-07,Методологический слой; проверить источник/единицу измерения
POP-06692,41.49627,69.60854,1314,Bundled population grid,2026-07,Методологический слой; проверить источник/единицу измерения
POP-06693,41.46968,69.65126,357,Bundled population grid,2026-07,Методологический слой; проверить источник/единицу измерения
POP-06694,41.4796,69.66749,255,Bundled population grid,2026-07,Методологический слой; проверить источник/единицу измерения
POP-06695,41.47815,69.65553,859,Bundled population grid,2026-07,Методологический слой; проверить источник/единицу измерения
POP-06696,41.47259,69.67518,180,Bundled population grid,2026-07,Методологический слой; проверить источник/единицу измерения
POP-06697,41.46823,69.6393,116,Bundled population grid,2026-07,Методологический слой; проверить источник/единицу измерения
POP-06698,41.46677,69.62734,30,Bundled population grid,2026-07,Методологический слой; проверить источник/единицу измерения
POP-06699,41.45275,69.64271,221,Bundled population grid,2026-07,Методологический слой; проверить источник/единицу измерения
POP-06700,41.45129,69.63076,668,Bundled population grid,2026-07,Методологический слой; проверить источник/единицу измерения
POP-06701,41.46121,69.64699,155,Bundled population grid,2026-07,Методологический слой; проверить источник/единицу измерения
POP-06702,41.45976,69.63503,534,Bundled population grid,2026-07,Методологический слой; проверить источник/единицу измерения
POP-06703,41.49363,69.65212,139,Bundled population grid,2026-07,Методологический слой; проверить источник/единицу измерения
POP-06704,41.50355,69.66836,192,Bundled population grid,2026-07,Методологический слой; проверить источник/единицу измерения
POP-06705,41.5021,69.6564,514,Bundled population grid,2026-07,Методологический слой; проверить источник/единицу измерения
POP-06706,41.48662,69.65981,309,Bundled population grid,2026-07,Методологический слой; проверить источник/единицу измерения
POP-06707,41.49654,69.67605,137,Bundled population grid,2026-07,Методологический слой; проверить источник/единицу измерения
POP-06708,41.49508,69.66409,889,Bundled population grid,2026-07,Методологический слой; проверить источник/единицу измерения
POP-06709,41.48225,69.62393,1164,Bundled population grid,2026-07,Методологический слой; проверить источник/единицу измерения
POP-06710,41.49217,69.64016,175,Bundled population grid,2026-07,Методологический слой; проверить источник/единицу измерения
POP-06711,41.49072,69.6282,658,Bundled population grid,2026-07,Методологический слой; проверить источник/единицу измерения
POP-06712,41.47669,69.64357,408,Bundled population grid,2026-07,Методологический слой; проверить источник/единицу измерения
POP-06713,41.47524,69.63161,1592,Bundled population grid,2026-07,Методологический слой; проверить источник/единицу измерения
POP-06714,41.48516,69.64785,228,Bundled population grid,2026-07,Методологический слой; проверить источник/единицу измерения
POP-06715,41.4837,69.63589,1681,Bundled population grid,2026-07,Методологический слой; проверить источник/единицу измерения
POP-06716,41.54032,69.70944,125,Bundled population grid,2026-07,Методологический слой; проверить источник/единицу измерения
POP-06717,41.55023,69.7257,658,Bundled population grid,2026-07,Методологический слой; проверить источник/единицу измерения
POP-06718,41.54879,69.71372,93,Bundled population grid,2026-07,Методологический слой; проверить источник/единицу измерения
POP-06719,41.5333,69.71712,51,Bundled population grid,2026-07,Методологический слой; проверить источник/единицу измерения
POP-06720,41.54177,69.72141,352,Bundled population grid,2026-07,Методологический слой; проверить источник/единицу измерения
POP-06721,41.57563,69.73858,474,Bundled population grid,2026-07,Методологический слой; проверить источник/единицу измерения
POP-06722,41.58555,69.75486,40,Bundled population grid,2026-07,Методологический слой; проверить источник/единицу измерения
POP-06723,41.5841,69.74287,56,Bundled population grid,2026-07,Методологический слой; проверить источник/единицу измерения
POP-06724,41.57006,69.75825,1220,Bundled population grid,2026-07,Методологический слой; проверить источник/единицу измерения
POP-06725,41.56861,69.74626,165,Bundled population grid,2026-07,Методологический слой; проверить источник/единицу измерения
POP-06726,41.57852,69.76254,352,Bundled population grid,2026-07,Методологический слой; проверить источник/единицу измерения
POP-06727,41.57708,69.75056,245,Bundled population grid,2026-07,Методологический слой; проверить источник/единицу измерения
POP-06728,41.56427,69.71032,947,Bundled population grid,2026-07,Методологический слой; проверить источник/единицу измерения
POP-06729,41.57419,69.72659,253,Bundled population grid,2026-07,Методологический слой; проверить источник/единицу измерения
POP-06730,41.57274,69.71461,48,Bundled population grid,2026-07,Методологический слой; проверить источник/единицу измерения
POP-06731,41.5587,69.72999,200,Bundled population grid,2026-07,Методологический слой; проверить источник/единицу измерения
POP-06732,41.55725,69.71801,360,Bundled population grid,2026-07,Методологический слой; проверить источник/единицу измерения
POP-06733,41.56717,69.73428,671,Bundled population grid,2026-07,Методологический слой; проверить источник/единицу измерения
POP-06734,41.56572,69.7223,1015,Bundled population grid,2026-07,Методологический слой; проверить источник/единицу измерения
POP-06735,41.54755,69.76932,339,Bundled population grid,2026-07,Методологический слой; проверить источник/единицу измерения
POP-06736,41.53207,69.7727,46,Bundled population grid,2026-07,Методологический слой; проверить источник/единицу измерения
POP-06737,41.54053,69.777,20,Bundled population grid,2026-07,Методологический слой; проверить источник/единицу измерения
POP-06738,41.56304,69.76593,1691,Bundled population grid,2026-07,Методологический слой; проверить источник/единицу измерения
POP-06739,41.57295,69.78221,927,Bundled population grid,2026-07,Методологический слой; проверить источник/единицу измерения
POP-06740,41.5715,69.77023,1048,Bundled population grid,2026-07,Методологический слой; проверить источник/единицу измерения
POP-06741,41.55746,69.78559,443,Bundled population grid,2026-07,Методологический слой; проверить источник/единицу измерения
POP-06742,41.55602,69.77361,1631,Bundled population grid,2026-07,Методологический слой; проверить источник/единицу измерения
POP-06743,41.56592,69.78989,1144,Bundled population grid,2026-07,Методологический слой; проверить источник/единицу измерения
POP-06744,41.56448,69.77791,1668,Bundled population grid,2026-07,Методологический слой; проверить источник/единицу измерения
POP-06745,41.55168,69.73768,456,Bundled population grid,2026-07,Методологический слой; проверить источник/единицу измерения
POP-06746,41.56159,69.75395,357,Bundled population grid,2026-07,Методологический слой; проверить источник/единицу измерения
POP-06747,41.56015,69.74197,36,Bundled population grid,2026-07,Методологический слой; проверить источник/единицу измерения
POP-06748,41.54611,69.75734,131,Bundled population grid,2026-07,Методологический слой; проверить источник/единицу измерения
POP-06749,41.55457,69.76163,1332,Bundled population grid,2026-07,Методологический слой; проверить источник/единицу измерения
POP-06750,41.55313,69.74966,894,Bundled population grid,2026-07,Методологический слой; проверить источник/единицу измерения
POP-06751,41.53014,69.62563,124,Bundled population grid,2026-07,Методологический слой; проверить источник/единицу измерения
POP-06752,41.54007,69.64188,278,Bundled population grid,2026-07,Методологический слой; проверить источник/единицу измерения
POP-06753,41.53861,69.62991,246,Bundled population grid,2026-07,Методологический слой; проверить источник/единицу измерения
POP-06754,41.52459,69.6453,901,Bundled population grid,2026-07,Методологический слой; проверить источник/единицу измерения
POP-06755,41.52313,69.63333,889,Bundled population grid,2026-07,Методологический слой; проверить источник/единицу измерения
POP-06756,41.53306,69.64957,1043,Bundled population grid,2026-07,Методологический слой; проверить источник/единицу измерения
POP-06757,41.5316,69.6376,1517,Bundled population grid,2026-07,Методологический слой; проверить источник/единицу измерения
POP-06758,41.56548,69.65472,124,Bundled population grid,2026-07,Методологический слой; проверить источник/единицу измерения
POP-06759,41.57395,69.659,180,Bundled population grid,2026-07,Методологический слой; проверить источник/единицу измерения
POP-06760,41.55992,69.67439,266,Bundled population grid,2026-07,Методологический слой; проверить источник/единицу измерения
POP-06761,41.55846,69.66241,293,Bundled population grid,2026-07,Методологический слой; проверить источник/единицу измерения
POP-06762,41.56838,69.67867,49,Bundled population grid,2026-07,Методологический слой; проверить источник/единицу измерения
POP-06763,41.56693,69.66669,131,Bundled population grid,2026-07,Методологический слой; проверить источник/единицу измерения
POP-06764,41.55409,69.62649,104,Bundled population grid,2026-07,Методологический слой; проверить источник/единицу измерения
POP-06765,41.54854,69.64616,71,Bundled population grid,2026-07,Методологический слой; проверить источник/единицу измерения
POP-06766,41.52895,69.68121,284,Bundled population grid,2026-07,Методологический слой; проверить источник/единицу измерения
POP-06767,41.53887,69.69746,238,Bundled population grid,2026-07,Методологический слой; проверить источник/единицу измерения
POP-06768,41.53742,69.68549,154,Bundled population grid,2026-07,Методологический слой; проверить источник/единицу измерения
POP-06769,41.52339,69.70086,79,Bundled population grid,2026-07,Методологический слой; проверить источник/единицу измерения
POP-06770,41.52194,69.68889,526,Bundled population grid,2026-07,Методологический слой; проверить источник/единицу измерения
POP-06771,41.53185,69.70515,200,Bundled population grid,2026-07,Методологический слой; проверить источник/единицу измерения
POP-06772,41.5304,69.69318,464,Bundled population grid,2026-07,Методологический слой; проверить источник/единицу измерения
POP-06773,41.51758,69.65299,253,Bundled population grid,2026-07,Методологический слой; проверить источник/единицу измерения
POP-06774,41.5275,69.66923,362,Bundled population grid,2026-07,Методологический слой; проверить источник/единицу измерения
POP-06775,41.52604,69.65726,673,Bundled population grid,2026-07,Методологический слой; проверить источник/единицу измерения
POP-06776,41.51202,69.67264,287,Bundled population grid,2026-07,Методологический слой; проверить источник/единицу измерения
POP-06777,41.51056,69.66068,194,Bundled population grid,2026-07,Методологический слой; проверить источник/единицу измерения
POP-06778,41.52048,69.67692,236,Bundled population grid,2026-07,Методологический слой; проверить источник/единицу измерения
POP-06779,41.51903,69.66495,496,Bundled population grid,2026-07,Методологический слой; проверить источник/единицу измерения
POP-06780,41.5529,69.68208,1699,Bundled population grid,2026-07,Методологический слой; проверить источник/единицу измерения
POP-06781,41.56282,69.69834,641,Bundled population grid,2026-07,Методологический слой; проверить источник/единицу измерения
POP-06782,41.56137,69.68637,108,Bundled population grid,2026-07,Методологический слой; проверить источник/единицу измерения
POP-06783,41.54734,69.70175,428,Bundled population grid,2026-07,Методологический слой; проверить источник/единицу измерения
POP-06784,41.54589,69.68977,1228,Bundled population grid,2026-07,Методологический слой; проверить источник/единицу измерения
POP-06785,41.5558,69.70604,894,Bundled population grid,2026-07,Методологический слой; проверить источник/единицу измерения
POP-06786,41.55435,69.69406,881,Bundled population grid,2026-07,Методологический слой; проверить источник/единицу измерения
POP-06787,41.54153,69.65385,165,Bundled population grid,2026-07,Методологический слой; проверить источник/единицу измерения
POP-06788,41.55145,69.67011,1028,Bundled population grid,2026-07,Методологический слой; проверить источник/единицу измерения
POP-06789,41.54999,69.65813,354,Bundled population grid,2026-07,Методологический слой; проверить источник/единицу измерения
POP-06790,41.53597,69.67352,532,Bundled population grid,2026-07,Методологический слой; проверить источник/единицу измерения
POP-06791,41.53451,69.66154,711,Bundled population grid,2026-07,Методологический слой; проверить источник/единицу измерения
POP-06792,41.54443,69.6778,1983,Bundled population grid,2026-07,Методологический слой; проверить источник/единицу измерения
POP-06793,41.54298,69.66582,812,Bundled population grid,2026-07,Методологический слой; проверить источник/единицу измерения
POP-06794,41.9947,70.32718,30,Bundled population grid,2026-07,Методологический слой; проверить источник/единицу измерения
POP-06795,41.86777,70.32912,260,Bundled population grid,2026-07,Методологический слой; проверить источник/единицу измерения
POP-06796,41.87622,70.33352,395,Bundled population grid,2026-07,Методологический слой; проверить источник/единицу измерения
POP-06797,41.91141,70.36321,96,Bundled population grid,2026-07,Методологический слой; проверить источник/единицу измерения
POP-06798,41.91003,70.35114,28,Bundled population grid,2026-07,Методологический слой; проверить источник/единицу измерения
POP-06799,41.96366,70.3337,69,Bundled population grid,2026-07,Методологический слой; проверить источник/единицу измерения
POP-06800,41.93677,70.37644,117,Bundled population grid,2026-07,Методологический слой; проверить источник/единицу измерения
POP-06801,41.94184,70.56083,61,Bundled population grid,2026-07,Методологический слой; проверить источник/единицу измерения
POP-06802,41.91623,70.61553,20,Bundled population grid,2026-07,Методологический слой; проверить источник/единицу измерения
POP-06803,41.93176,70.61235,23,Bundled population grid,2026-07,Методологический слой; проверить источник/единицу измерения
POP-06804,41.93476,70.56847,20,Bundled population grid,2026-07,Методологический слой; проверить источник/единицу измерения
POP-06805,41.99221,70.6556,35,Bundled population grid,2026-07,Методологический слой; проверить источник/единицу измерения
POP-06806,41.99115,70.5754,31,Bundled population grid,2026-07,Методологический слой; проверить источник/единицу измерения
POP-06807,41.99795,70.63587,28,Bundled population grid,2026-07,Методологический слой; проверить источник/единицу измерения
POP-06808,41.86693,70.60094,20,Bundled population grid,2026-07,Методологический слой; проверить источник/единицу измерения
POP-06809,41.92467,70.61998,22,Bundled population grid,2026-07,Методологический слой; проверить источник/единицу измерения
POP-06810,41.94864,70.62124,21,Bundled population grid,2026-07,Методологический слой; проверить источник/единицу измерения
POP-06811,41.82967,70.34328,41,Bundled population grid,2026-07,Методологический слой; проверить источник/единицу измерения
POP-06812,41.90122,70.48272,58,Bundled population grid,2026-07,Методологический слой; проверить источник/единицу измерения
POP-06813,41.89589,70.36646,45,Bundled population grid,2026-07,Методологический слой; проверить источник/единицу измерения
POP-06814,41.93108,70.39618,22,Bundled population grid,2026-07,Методологический слой; проверить источник/единицу измерения
POP-06815,41.92401,70.40383,38,Bundled population grid,2026-07,Методологический слой; проверить источник/единицу измерения
POP-06816,41.91986,70.36762,294,Bundled population grid,2026-07,Методологический слой; проверить источник/единицу измерения
POP-06817,41.9297,70.3841,124,Bundled population grid,2026-07,Методологический слой; проверить источник/единицу измерения
POP-06818,41.92832,70.37203,663,Bundled population grid,2026-07,Методологический слой; проверить источник/единицу измерения
POP-06819,41.8859,70.41796,43,Bundled population grid,2026-07,Методологический слой; проверить источник/единицу измерения
POP-06820,41.91694,70.41149,25,Bundled population grid,2026-07,Методологический слой; проверить источник/единицу измерения
POP-06821,41.84187,70.5197,89,Bundled population grid,2026-07,Методологический слой; проверить источник/единицу измерения
POP-06822,41.81653,70.50643,21,Bundled population grid,2026-07,Методологический слой; проверить источник/единицу измерения
POP-06823,41.79572,70.39356,38,Bundled population grid,2026-07,Методологический слой; проверить источник/единицу измерения
POP-06824,41.78865,70.4012,35,Bundled population grid,2026-07,Методологический слой; проверить источник/единицу измерения
POP-06825,41.82519,70.44294,59,Bundled population grid,2026-07,Методологический слой; проверить источник/единицу измерения
POP-06826,41.77864,70.45261,35,Bundled population grid,2026-07,Методологический слой; проверить источник/единицу измерения
POP-06827,41.76882,70.43616,33,Bundled population grid,2026-07,Методологический слой; проверить источник/единицу измерения
POP-06828,41.76744,70.42411,21,Bundled population grid,2026-07,Методологический слой; проверить источник/единицу измерения
POP-06829,41.80398,70.46585,28,Bundled population grid,2026-07,Методологический слой; проверить источник/единицу измерения
POP-06830,41.8026,70.4538,30,Bundled population grid,2026-07,Методологический слой; проверить источник/единицу измерения
POP-06831,41.84894,70.51207,53,Bundled population grid,2026-07,Методологический слой; проверить источник/единицу измерения
POP-06832,41.85441,70.56031,53,Bundled population grid,2026-07,Методологический слой; проверить источник/единицу измерения
POP-06833,41.84641,70.42002,41,Bundled population grid,2026-07,Методологический слой; проверить источник/единицу измерения
POP-06834,41.87038,70.4212,73,Bundled population grid,2026-07,Методологический слой; проверить источник/единицу измерения
POP-06835,41.83639,70.47147,63,Bundled population grid,2026-07,Методологический слой; проверить источник/единицу измерения
POP-06836,41.85761,70.44855,43,Bundled population grid,2026-07,Методологический слой; проверить источник/единицу измерения
POP-06837,41.85898,70.46061,43,Bundled population grid,2026-07,Методологический слой; проверить источник/единицу измерения
POP-06838,42.07529,70.68812,32,Bundled population grid,2026-07,Методологический слой; проверить источник/единицу измерения
POP-06839,42.0682,70.69577,38,Bundled population grid,2026-07,Методологический слой; проверить источник/единицу измерения
POP-06840,42.04152,70.67026,27,Bundled population grid,2026-07,Методологический слой; проверить источник/единицу измерения
POP-06841,42.02328,70.64924,36,Bundled population grid,2026-07,Методологический слой; проверить источник/единицу измерения
POP-06842,42.02192,70.63714,20,Bundled population grid,2026-07,Методологический слой; проверить источник/единицу измерения
POP-06843,42.04996,70.67473,30,Bundled population grid,2026-07,Методологический слой; проверить источник/единицу измерения
POP-06844,42.04725,70.65051,34,Bundled population grid,2026-07,Методологический слой; проверить источник/единицу измерения
POP-06845,42.09927,70.68942,85,Bundled population grid,2026-07,Методологический слой; проверить источник/единицу измерения
POP-06846,42.08948,70.67284,44,Bundled population grid,2026-07,Методологический слой; проверить источник/единицу измерения
POP-06847,42.09792,70.6773,92,Bundled population grid,2026-07,Методологический слой; проверить источник/единицу измерения
POP-06848,42.00593,70.35576,87,Bundled population grid,2026-07,Методологический слой; проверить источник/единицу измерения
POP-06849,42.01008,70.39203,30,Bundled population grid,2026-07,Методологический слой; проверить источник/единицу измерения
POP-06850,42.07042,70.5033,152,Bundled population grid,2026-07,Методологический слой; проверить источник/единицу измерения
POP-06851,42.04389,70.40972,30,Bundled population grid,2026-07,Методологический слой; проверить источник/единицу измерения
POP-06852,42.06787,70.4109,30,Bundled population grid,2026-07,Методологический слой; проверить источник/единицу измерения
POP-06853,41.96445,70.54999,30,Bundled population grid,2026-07,Методологический слой; проверить источник/единицу измерения
POP-06854,41.95327,70.52138,25,Bundled population grid,2026-07,Методологический слой; проверить источник/единицу измерения
POP-06855,42.00007,70.44363,20,Bundled population grid,2026-07,Методологический слой; проверить источник/единицу измерения
POP-06856,41.94229,70.42475,30,Bundled population grid,2026-07,Методологический слой; проверить источник/единицу измерения
POP-06857,41.97884,70.46661,33,Bundled population grid,2026-07,Методологический слой; проверить источник/единицу измерения
POP-06858,42.03364,70.5295,38,Bundled population grid,2026-07,Методологический слой; проверить источник/единицу измерения
POP-06859,42.01675,70.52062,61,Bundled population grid,2026-07,Методологический слой; проверить источник/единицу измерения
POP-06860,42.0252,70.52506,76,Bundled population grid,2026-07,Методологический слой; проверить источник/единицу измерения
POP-06861,42.01264,70.48433,243,Bundled population grid,2026-07,Методологический слой; проверить источник/единицу измерения
POP-06862,42.02109,70.48877,20,Bundled population grid,2026-07,Методологический слой; проверить источник/единицу измерения
POP-06863,42.00144,70.45572,20,Bundled population grid,2026-07,Методологический слой; проверить источник/единицу измерения
POP-06864,41.80589,70.00274,75,Bundled population grid,2026-07,Методологический слой; проверить источник/единицу измерения
POP-06865,41.70995,69.93094,21,Bundled population grid,2026-07,Методологический слой; проверить источник/единицу измерения
