grid_id,latitude,longitude,population_value,source,reference_date,verification_status
POP-00751,41.22696,69.10515,912,Bundled population grid,2026-07,Методологический слой; проверить источник/единицу измерения
POP-00753,41.21151,69.10869,1028,Bundled population grid,2026-07,Методологический слой; проверить источник/единицу измерения
POP-00755,41.21999,69.11286,261,Bundled population grid,2026-07,Методологический слой; проверить источник/единицу измерения
POP-00756,41.21848,69.10097,863,Bundled population grid,2026-07,Методологический слой; проверить источник/единицу измерения
POP-00762,41.18061,69.11575,1393,Bundled population grid,2026-07,Методологический слой; проверить источник/единицу измерения
POP-00763,41.1906,69.13181,1129,Bundled population grid,2026-07,Методологический слой; проверить источник/единицу измерения
POP-00764,41.18909,69.11993,1638,Bundled population grid,2026-07,Методологический слой; проверить источник/единицу измерения
POP-00767,41.18363,69.13952,1380,Bundled population grid,2026-07,Методологический слой; проверить источник/единицу измерения
POP-00768,41.18212,69.12764,760,Bundled population grid,2026-07,Методологический слой; проверить источник/единицу измерения
POP-00775,41.20454,69.1164,989,Bundled population grid,2026-07,Методологический слой; проверить источник/единицу измерения
POP-00776,41.21452,69.13246,702,Bundled population grid,2026-07,Методологический слой; проверить источник/единицу измерения
POP-00777,41.21302,69.12057,691,Bundled population grid,2026-07,Методологический слой; проверить источник/единицу измерения
POP-00778,41.19907,69.13599,1438,Bundled population grid,2026-07,Методологический слой; проверить источник/единицу измерения
POP-00779,41.19757,69.12411,1104,Bundled population grid,2026-07,Методологический слой; проверить источник/единицу измерения
POP-00780,41.20755,69.14017,620,Bundled population grid,2026-07,Методологический слой; проверить источник/единицу измерения
POP-00781,41.20605,69.12828,1246,Bundled population grid,2026-07,Методологический слой; проверить источник/единицу измерения
POP-00782,41.20303,69.10451,1142,Bundled population grid,2026-07,Методологический слой; проверить источник/единицу измерения
POP-00784,41.18758,69.10804,1033,Bundled population grid,2026-07,Методологический слой; проверить источник/единицу измерения
POP-00786,41.19606,69.11222,1084,Bundled population grid,2026-07,Методологический слой; проверить источник/единицу измерения
POP-00787,41.19455,69.10033,218,Bundled population grid,2026-07,Методологический слой; проверить источник/единицу измерения
POP-01236,41.35962,69.1483,815,Bundled population grid,2026-07,Методологический слой; проверить источник/единицу измерения
POP-01237,41.36961,69.16441,886,Bundled population grid,2026-07,Методологический слой; проверить источник/единицу измерения
POP-01238,41.3681,69.15249,874,Bundled population grid,2026-07,Методологический слой; проверить источник/единицу измерения
POP-01239,41.35415,69.16794,962,Bundled population grid,2026-07,Методологический слой; проверить источник/единицу измерения
POP-01240,41.35265,69.15602,1709,Bundled population grid,2026-07,Методологический слой; проверить источник/единицу измерения
POP-01241,41.36263,69.17214,1699,Bundled population grid,2026-07,Методологический слой; проверить источник/единицу измерения
POP-01242,41.36113,69.16022,1005,Bundled population grid,2026-07,Методологический слой; проверить источник/единицу измерения
POP-01243,41.39505,69.17701,833,Bundled population grid,2026-07,Методологический слой; проверить источник/единицу измерения
POP-01244,41.40503,69.19314,1995,Bundled population grid,2026-07,Методологический слой; проверить источник/единицу измерения
POP-01245,41.40353,69.18121,1063,Bundled population grid,2026-07,Методологический слой; проверить источник/единицу измерения
POP-01246,41.38957,69.19666,2248,Bundled population grid,2026-07,Методологический слой; проверить источник/единицу измерения
POP-01247,41.38807,69.18473,1135,Bundled population grid,2026-07,Методологический слой; проверить источник/единицу измерения
POP-01248,41.39805,69.20086,2250,Bundled population grid,2026-07,Методологический слой; проверить источник/единицу измерения
POP-01249,41.39655,69.18893,1709,Bundled population grid,2026-07,Методологический слой; проверить источник/единицу измерения
POP-01250,41.38356,69.14896,165,Bundled population grid,2026-07,Методологический слой; проверить источник/единицу измерения
POP-01251,41.39355,69.16508,137,Bundled population grid,2026-07,Методологический слой; проверить источник/единицу измерения
POP-01252,41.39204,69.15315,40,Bundled population grid,2026-07,Методологический слой; проверить источник/единицу измерения
POP-01253,41.37809,69.16861,1441,Bundled population grid,2026-07,Методологический слой; проверить источник/единицу измерения
POP-01254,41.37658,69.15669,926,Bundled population grid,2026-07,Методологический слой; проверить источник/единицу измерения
POP-01255,41.38657,69.17281,1671,Bundled population grid,2026-07,Методологический слой; проверить источник/единицу измерения
POP-01256,41.38507,69.16088,220,Bundled population grid,2026-07,Методологический слой; проверить источник/единицу измерения
POP-01257,41.35866,69.2037,2018,Bundled population grid,2026-07,Методологический слой; проверить источник/единицу измерения
POP-01258,41.36864,69.21983,2585,Bundled population grid,2026-07,Методологический слой; проверить источник/единицу измерения
POP-01259,41.36714,69.2079,2122,Bundled population grid,2026-07,Методологический слой; проверить источник/единицу измерения
POP-01260,41.35318,69.22334,1709,Bundled population grid,2026-07,Методологический слой; проверить источник/единицу измерения
POP-01261,41.35168,69.21142,1585,Bundled population grid,2026-07,Методологический слой; проверить источник/единицу измерения
POP-01262,41.36165,69.22755,2243,Bundled population grid,2026-07,Методологический слой; проверить источник/единицу измерения
POP-01263,41.36016,69.21562,1967,Bundled population grid,2026-07,Методологический слой; проверить источник/единицу измерения
POP-01264,41.34717,69.17567,2322,Bundled population grid,2026-07,Методологический слой; проверить источник/единицу измерения
POP-01265,41.35716,69.19178,2041,Bundled population grid,2026-07,Методологический слой; проверить источник/единицу измерения
POP-01266,41.35565,69.17986,1947,Bundled population grid,2026-07,Методологический слой; проверить источник/единицу измерения
POP-01267,41.3417,69.1953,2357,Bundled population grid,2026-07,Методологический слой; проверить источник/единицу измерения
POP-01268,41.3402,69.18339,2590,Bundled population grid,2026-07,Методологический слой; проверить источник/единицу измерения
POP-01269,41.35018,69.1995,2114,Bundled population grid,2026-07,Методологический слой; проверить источник/единицу измерения
POP-01270,41.34868,69.18758,2415,Bundled population grid,2026-07,Методологический слой; проверить источник/единицу измерения
POP-01271,41.3826,69.20438,1152,Bundled population grid,2026-07,Методологический слой; проверить источник/единицу измерения
POP-01272,41.39257,69.22052,1081,Bundled population grid,2026-07,Методологический слой; проверить источник/единицу измерения
POP-01273,41.39107,69.20859,1522,Bundled population grid,2026-07,Методологический слой; проверить источник/единицу измерения
POP-01274,41.37711,69.22403,2552,Bundled population grid,2026-07,Методологический слой; проверить источник/единицу измерения
POP-01275,41.37562,69.21211,2630,Bundled population grid,2026-07,Методологический слой; проверить источник/единицу измерения
POP-01276,41.38559,69.22824,2375,Bundled population grid,2026-07,Методологический слой; проверить источник/единицу измерения
POP-01277,41.38409,69.21631,1881,Bundled population grid,2026-07,Методологический слой; проверить источник/единицу измерения
POP-01278,41.37111,69.17634,1980,Bundled population grid,2026-07,Методологический слой; проверить источник/единицу измерения
POP-01279,41.38109,69.19246,912,Bundled population grid,2026-07,Методологический слой; проверить источник/единицу измерения
POP-01280,41.37959,69.18053,1362,Bundled population grid,2026-07,Методологический слой; проверить источник/единицу измерения
POP-01281,41.36564,69.19598,1699,Bundled population grid,2026-07,Методологический слой; проверить источник/единицу измерения
POP-01282,41.36413,69.18406,1678,Bundled population grid,2026-07,Методологический слой; проверить источник/единицу измерения
POP-01283,41.37412,69.20018,2094,Bundled population grid,2026-07,Методологический слой; проверить источник/единицу измерения
POP-01284,41.37261,69.18826,1266,Bundled population grid,2026-07,Методологический слой; проверить источник/единицу измерения
POP-01285,41.42948,69.26122,810,Bundled population grid,2026-07,Методологический слой; проверить источник/единицу измерения
POP-01286,41.43946,69.27738,127,Bundled population grid,2026-07,Методологический слой; проверить источник/единицу измерения
POP-01287,41.43796,69.26544,271,Bundled population grid,2026-07,Методологический слой; проверить источник/единицу измерения
POP-01288,41.42399,69.28088,466,Bundled population grid,2026-07,Методологический слой; проверить источник/единицу измерения
POP-01289,41.4225,69.26894,1124,Bundled population grid,2026-07,Методологический слой; проверить источник/единицу измерения
POP-01290,41.43247,69.2851,516,Bundled population grid,2026-07,Методологический слой; проверить источник/единицу измерения
POP-01291,41.43098,69.27316,970,Bundled population grid,2026-07,Методологический слой; проверить источник/единицу измерения
POP-01293,41.44794,69.28159,65,Bundled population grid,2026-07,Методологический слой; проверить источник/единицу измерения
POP-01294,41.44644,69.26965,836,Bundled population grid,2026-07,Методологический слой; проверить источник/единицу измерения
POP-01296,41.42847,69.31669,603,Bundled population grid,2026-07,Методологический слой; проверить источник/единицу измерения
POP-01297,41.43843,69.33286,1805,Bundled population grid,2026-07,Методологический слой; проверить источник/единицу измерения
POP-01298,41.43694,69.32092,527,Bundled population grid,2026-07,Методологический слой; проверить источник/единицу измерения
POP-01299,41.42297,69.33635,394,Bundled population grid,2026-07,Методологический слой; проверить источник/единицу измерения
POP-01300,41.42148,69.32441,504,Bundled population grid,2026-07,Методологический слой; проверить источник/единицу измерения
POP-01301,41.43144,69.34057,638,Bundled population grid,2026-07,Методологический слой; проверить источник/единицу измерения
POP-01302,41.42995,69.32863,1345,Bundled population grid,2026-07,Методологический слой; проверить источник/единицу измерения
POP-01303,41.41701,69.2886,50,Bundled population grid,2026-07,Методологический слой; проверить источник/единицу измерения
POP-01304,41.42698,69.30476,1008,Bundled population grid,2026-07,Методологический слой; проверить источник/единицу измерения
POP-01305,41.42549,69.29282,309,Bundled population grid,2026-07,Методологический слой; проверить источник/единицу измерения
POP-01306,41.41151,69.30825,1714,Bundled population grid,2026-07,Методологический слой; проверить источник/единицу измерения
POP-01307,41.41002,69.29632,1400,Bundled population grid,2026-07,Методологический слой; проверить источник/единицу измерения
POP-01308,41.41999,69.31247,1565,Bundled population grid,2026-07,Методологический слой; проверить источник/единицу измерения
POP-01309,41.4185,69.30054,881,Bundled population grid,2026-07,Методологический слой; проверить источник/единицу измерения
POP-01312,41.44691,69.33708,873,Bundled population grid,2026-07,Методологический слой; проверить источник/единицу измерения
POP-01313,41.44542,69.32514,92,Bundled population grid,2026-07,Методологический слой; проверить источник/единицу измерения
POP-01315,41.44095,69.28932,45,Bundled population grid,2026-07,Методологический слой; проверить источник/единицу измерения
POP-01316,41.43545,69.30898,25,Bundled population grid,2026-07,Методологический слой; проверить источник/единицу измерения
POP-01317,41.43396,69.29704,46,Bundled population grid,2026-07,Методологический слой; проверить источник/единицу измерения
POP-01318,41.44393,69.3132,118,Bundled population grid,2026-07,Методологический слой; проверить источник/единицу измерения
POP-01319,41.44244,69.30126,58,Bundled population grid,2026-07,Методологический слой; проверить источник/единицу измерения
POP-01320,41.41899,69.17768,923,Bundled population grid,2026-07,Методологический слой; проверить источник/единицу измерения
POP-01321,41.42898,69.19381,1054,Bundled population grid,2026-07,Методологический слой; проверить источник/единицу измерения
POP-01322,41.42747,69.18188,1805,Bundled population grid,2026-07,Методологический слой; проверить источник/единицу измерения
POP-01323,41.41351,69.19734,1921,Bundled population grid,2026-07,Методологический слой; проверить источник/единицу измерения
POP-01324,41.41201,69.18541,2241,Bundled population grid,2026-07,Методологический слой; проверить источник/единицу измерения
POP-01325,41.422,69.20154,2403,Bundled population grid,2026-07,Методологический слой; проверить источник/единицу измерения
POP-01326,41.42049,69.18961,1719,Bundled population grid,2026-07,Методологический слой; проверить источник/единицу измерения
POP-01329,41.44894,69.2261,1544,Bundled population grid,2026-07,Методологический слой; проверить источник/единицу измерения
POP-01330,41.44744,69.21416,1266,Bundled population grid,2026-07,Методологический слой; проверить источник/единицу измерения
POP-01333,41.44293,69.17835,746,Bundled population grid,2026-07,Методологический слой; проверить источник/единицу измерения
POP-01336,41.43746,69.19802,1841,Bundled population grid,2026-07,Методологический слой; проверить источник/единицу измерения
POP-01337,41.43595,69.18608,433,Bundled population grid,2026-07,Методологический слой; проверить источник/единицу измерения
POP-01338,41.44594,69.20222,679,Bundled population grid,2026-07,Методологический слой; проверить источник/единицу измерения
POP-01339,41.44444,69.19029,536,Bundled population grid,2026-07,Методологический слой; проверить источник/единицу измерения
POP-01340,41.41801,69.23314,451,Bundled population grid,2026-07,Методологический слой; проверить источник/единицу измерения
POP-01341,41.42799,69.24928,448,Bundled population grid,2026-07,Методологический слой; проверить источник/единицу измерения
POP-01342,41.42649,69.23735,385,Bundled population grid,2026-07,Методологический слой; проверить источник/единицу измерения
POP-01343,41.41253,69.2528,646,Bundled population grid,2026-07,Методологический слой; проверить источник/единицу измерения
POP-01344,41.41103,69.24086,815,Bundled population grid,2026-07,Методологический слой; проверить источник/единицу измерения
POP-01345,41.42101,69.25701,549,Bundled population grid,2026-07,Методологический слой; проверить источник/единицу измерения
POP-01346,41.41951,69.24507,431,Bundled population grid,2026-07,Методологический слой; проверить источник/единицу измерения
POP-01347,41.40654,69.20507,2134,Bundled population grid,2026-07,Методологический слой; проверить источник/единицу измерения
POP-01348,41.41651,69.2212,635,Bundled population grid,2026-07,Методологический слой; проверить источник/единицу измерения
POP-01349,41.41502,69.20927,1370,Bundled population grid,2026-07,Методологический слой; проверить источник/единицу измерения
POP-01350,41.40105,69.22472,1714,Bundled population grid,2026-07,Методологический слой; проверить источник/единицу измерения
POP-01351,41.39955,69.21279,2005,Bundled population grid,2026-07,Методологический слой; проверить источник/единицу измерения
POP-01352,41.40953,69.22893,1838,Bundled population grid,2026-07,Методологический слой; проверить источник/единицу измерения
POP-01353,41.40803,69.217,2365,Bundled population grid,2026-07,Методологический слой; проверить источник/единицу измерения
POP-01354,41.44196,69.23383,709,Bundled population grid,2026-07,Методологический слой; проверить источник/единицу измерения
POP-01357,41.43647,69.2535,426,Bundled population grid,2026-07,Методологический слой; проверить источник/единицу измерения
POP-01358,41.43497,69.24156,22,Bundled population grid,2026-07,Методологический слой; проверить источник/единицу измерения
POP-01359,41.44495,69.25771,1727,Bundled population grid,2026-07,Методологический слой; проверить источник/единицу измерения
POP-01360,41.44345,69.24577,1393,Bundled population grid,2026-07,Методологический слой; проверить источник/единицу измерения
POP-01361,41.43048,69.20575,1979,Bundled population grid,2026-07,Методологический слой; проверить источник/единицу измерения
POP-01362,41.44046,69.22189,426,Bundled population grid,2026-07,Методологический слой; проверить источник/единицу измерения
POP-01363,41.43896,69.20996,1486,Bundled population grid,2026-07,Методологический слой; проверить источник/единицу измерения
POP-01364,41.42499,69.22541,127,Bundled population grid,2026-07,Методологический слой; проверить источник/единицу измерения
POP-01365,41.4235,69.21348,1516,Bundled population grid,2026-07,Методологический слой; проверить источник/единицу измерения
POP-01366,41.43348,69.22962,218,Bundled population grid,2026-07,Методологический слой; проверить источник/единицу измерения
POP-01367,41.43198,69.21769,1033,Bundled population grid,2026-07,Методологический слой; проверить источник/единицу измерения
POP-01368,41.32125,69.28574,1770,Bundled population grid,2026-07,Методологический слой; проверить источник/единицу измерения
POP-01369,41.33122,69.30187,1982,Bundled population grid,2026-07,Методологический слой; проверить источник/единицу измерения
POP-01370,41.32973,69.28995,1950,Bundled population grid,2026-07,Методологический слой; проверить источник/единицу измерения
POP-01371,41.31576,69.30536,1648,Bundled population grid,2026-07,Методологический слой; проверить источник/единицу измерения
POP-01372,41.31427,69.29345,1263,Bundled population grid,2026-07,Методологический слой; проверить источник/единицу измерения
POP-01373,41.32423,69.30958,1479,Bundled population grid,2026-07,Методологический слой; проверить источник/единицу измерения
POP-01374,41.32274,69.29766,1676,Bundled population grid,2026-07,Методологический слой; проверить источник/единицу измерения
POP-01375,41.35665,69.31452,1116,Bundled population grid,2026-07,Методологический слой; проверить источник/единицу измерения
POP-01376,41.36661,69.33066,1722,Bundled population grid,2026-07,Методологический слой; проверить источник/единицу измерения
POP-01377,41.36512,69.31873,1691,Bundled population grid,2026-07,Методологический слой; проверить источник/единицу измерения
POP-01378,41.35115,69.33415,1423,Bundled population grid,2026-07,Методологический слой; проверить источник/единицу измерения
POP-01379,41.34966,69.32222,1555,Bundled population grid,2026-07,Методологический слой; проверить источник/единицу измерения
POP-01380,41.35962,69.33837,1612,Bundled population grid,2026-07,Методологический слой; проверить источник/единицу измерения
POP-01381,41.35813,69.32644,1403,Bundled population grid,2026-07,Методологический слой; проверить источник/единицу измерения
POP-01382,41.34519,69.28645,1463,Bundled population grid,2026-07,Методологический слой; проверить источник/единицу измерения
POP-01383,41.35516,69.30259,1535,Bundled population grid,2026-07,Методологический слой; проверить источник/единицу измерения
POP-01384,41.35367,69.29067,2035,Bundled population grid,2026-07,Методологический слой; проверить источник/единицу измерения
POP-01385,41.3397,69.30608,1231,Bundled population grid,2026-07,Методологический слой; проверить источник/единицу измерения
POP-01386,41.33821,69.29416,2124,Bundled population grid,2026-07,Методологический слой; проверить источник/единицу измерения
POP-01387,41.34817,69.3103,709,Bundled population grid,2026-07,Методологический слой; проверить источник/единицу измерения
POP-01388,41.34668,69.29838,1706,Bundled population grid,2026-07,Методологический слой; проверить источник/единицу измерения
POP-01389,41.32022,69.34111,2228,Bundled population grid,2026-07,Методологический слой; проверить источник/единицу измерения
POP-01390,41.33018,69.35725,1861,Bundled population grid,2026-07,Методологический слой; проверить источник/единицу измерения
POP-01391,41.3287,69.34533,1881,Bundled population grid,2026-07,Методологический слой; проверить источник/единицу измерения
POP-01392,41.31472,69.36073,1367,Bundled population grid,2026-07,Методологический слой; проверить источник/единицу измерения
POP-01393,41.31323,69.34881,1588,Bundled population grid,2026-07,Методологический слой; проверить источник/единицу измерения
POP-01394,41.32319,69.36495,1205,Bundled population grid,2026-07,Методологический слой; проверить источник/единицу измерения
POP-01395,41.32171,69.35303,1803,Bundled population grid,2026-07,Методологический слой; проверить источник/единицу измерения
POP-01396,41.30877,69.31306,1020,Bundled population grid,2026-07,Методологический слой; проверить источник/единицу измерения
POP-01397,41.31874,69.3292,2299,Bundled population grid,2026-07,Методологический слой; проверить источник/единицу измерения
POP-01398,41.31725,69.31728,1737,Bundled population grid,2026-07,Методологический слой; проверить источник/единицу измерения
POP-01399,41.30327,69.33268,1321,Bundled population grid,2026-07,Методологический слой; проверить источник/единицу измерения
POP-01400,41.30179,69.32077,1289,Bundled population grid,2026-07,Методологический слой; проверить источник/единицу измерения
POP-01401,41.31175,69.3369,1782,Bundled population grid,2026-07,Методологический слой; проверить источник/единицу измерения
POP-01402,41.31026,69.32498,1659,Bundled population grid,2026-07,Методологический слой; проверить источник/единицу измерения
POP-01403,41.34416,69.34185,1276,Bundled population grid,2026-07,Методологический слой; проверить источник/единицу измерения
POP-01404,41.35412,69.358,1456,Bundled population grid,2026-07,Методологический слой; проверить источник/единицу измерения
POP-01405,41.35263,69.34607,1595,Bundled population grid,2026-07,Методологический слой; проверить источник/единицу измерения
POP-01406,41.33865,69.36147,1861,Bundled population grid,2026-07,Методологический слой; проверить источник/единицу измерения
POP-01407,41.33717,69.34955,1486,Bundled population grid,2026-07,Методологический слой; проверить источник/единицу измерения
POP-01408,41.34713,69.3657,1856,Bundled population grid,2026-07,Методологический слой; проверить источник/единицу измерения
POP-01409,41.34564,69.35377,1562,Bundled population grid,2026-07,Методологический слой; проверить источник/единицу измерения
POP-01410,41.33271,69.31379,1468,Bundled population grid,2026-07,Методологический слой; проверить источник/единицу измерения
POP-01411,41.34267,69.32993,1815,Bundled population grid,2026-07,Методологический слой; проверить источник/единицу измерения
POP-01412,41.34118,69.31801,889,Bundled population grid,2026-07,Методологический слой; проверить источник/единицу измерения
POP-01413,41.32721,69.33341,1719,Bundled population grid,2026-07,Методологический слой; проверить источник/единицу измерения
POP-01414,41.32572,69.32149,1524,Bundled population grid,2026-07,Методологический слой; проверить источник/единицу измерения
POP-01415,41.33568,69.33763,1264,Bundled population grid,2026-07,Методологический слой; проверить источник/единицу измерения
POP-01416,41.3342,69.32571,1780,Bundled population grid,2026-07,Методологический слой; проверить источник/единицу измерения
POP-01417,41.31079,69.20234,2116,Bundled population grid,2026-07,Методологический слой; проверить источник/единицу измерения
POP-01418,41.32076,69.21845,2155,Bundled population grid,2026-07,Методологический слой; проверить источник/единицу измерения
POP-01419,41.31926,69.20654,2552,Bundled population grid,2026-07,Методологический слой; проверить источник/единицу измерения
POP-01420,41.30531,69.22197,1962,Bundled population grid,2026-07,Методологический слой; проверить источник/единицу измерения
POP-01421,41.30381,69.21006,1831,Bundled population grid,2026-07,Методологический слой; проверить источник/единицу измерения
POP-01422,41.31378,69.22617,2147,Bundled population grid,2026-07,Методологический слой; проверить источник/единицу измерения
POP-01423,41.31228,69.21425,1833,Bundled population grid,2026-07,Методологический слой; проверить источник/единицу измерения
POP-01424,41.3462,69.23106,2116,Bundled population grid,2026-07,Методологический слой; проверить источник/единицу измерения
POP-01425,41.35617,69.24719,2193,Bundled population grid,2026-07,Методологический слой; проверить источник/единицу измерения
POP-01426,41.35467,69.23526,2035,Bundled population grid,2026-07,Методологический слой; проверить источник/единицу измерения
POP-01427,41.34071,69.25069,2079,Bundled population grid,2026-07,Методологический слой; проверить источник/единицу измерения
POP-01428,41.33921,69.23877,2137,Bundled population grid,2026-07,Методологический слой; проверить источник/единицу измерения
POP-01429,41.34919,69.2549,1949,Bundled population grid,2026-07,Методологический слой; проверить источник/единицу измерения
POP-01430,41.34769,69.24298,2003,Bundled population grid,2026-07,Методологический слой; проверить источник/единицу измерения
POP-01431,41.33472,69.20302,2033,Bundled population grid,2026-07,Методологический слой; проверить источник/единицу измерения
POP-01432,41.3447,69.21914,2109,Bundled population grid,2026-07,Методологический слой; проверить источник/единицу измерения
POP-01433,41.3432,69.20722,1787,Bundled population grid,2026-07,Методологический слой; проверить источник/единицу измерения
POP-01434,41.32924,69.22265,1935,Bundled population grid,2026-07,Методологический слой; проверить источник/единицу измерения
POP-01435,41.32774,69.21074,2243,Bundled population grid,2026-07,Методологический слой; проверить источник/единицу измерения
POP-01436,41.33772,69.22686,2109,Bundled population grid,2026-07,Методологический слой; проверить источник/единицу измерения
POP-01437,41.33622,69.21494,2099,Bundled population grid,2026-07,Методологический слой; проверить источник/единицу измерения
POP-01438,41.30979,69.2577,1119,Bundled population grid,2026-07,Методологический слой; проверить источник/единицу измерения
POP-01439,41.31976,69.27382,1240,Bundled population grid,2026-07,Методологический слой; проверить источник/единицу измерения
POP-01440,41.31827,69.26191,1454,Bundled population grid,2026-07,Методологический слой; проверить источник/единицу измерения
POP-01441,41.3043,69.27732,1666,Bundled population grid,2026-07,Методологический слой; проверить источник/единицу измерения
POP-01442,41.30281,69.26541,1577,Bundled population grid,2026-07,Методологический слой; проверить источник/единицу измерения
POP-01443,41.31278,69.28153,1220,Bundled population grid,2026-07,Методологический слой; проверить источник/единицу измерения
POP-01444,41.31129,69.26962,1117,Bundled population grid,2026-07,Методологический слой; проверить источник/единицу измерения
POP-01445,41.29833,69.22968,1777,Bundled population grid,2026-07,Методологический слой; проверить источник/единицу измерения
POP-01446,41.3083,69.24579,1469,Bundled population grid,2026-07,Методологический слой; проверить источник/единицу измерения
POP-01447,41.3068,69.23388,1883,Bundled population grid,2026-07,Методологический слой; проверить источник/единицу измерения
POP-01448,41.29284,69.2493,1849,Bundled population grid,2026-07,Методологический слой; проверить источник/единицу измерения
POP-01449,41.29135,69.23739,1909,Bundled population grid,2026-07,Методологический слой; проверить источник/единицу измерения
POP-01450,41.30132,69.2535,1711,Bundled population grid,2026-07,Методологический слой; проверить источник/единицу измерения
POP-01451,41.29982,69.24159,866,Bundled population grid,2026-07,Методологический слой; проверить источник/единицу измерения
POP-01452,41.33373,69.25841,1747,Bundled population grid,2026-07,Методологический слой; проверить источник/единицу измерения
POP-01453,41.3437,69.27453,1965,Bundled population grid,2026-07,Методологический слой; проверить источник/единицу измерения
POP-01454,41.3422,69.26261,1871,Bundled population grid,2026-07,Методологический слой; проверить источник/единицу измерения
POP-01455,41.32824,69.27803,1600,Bundled population grid,2026-07,Методологический слой; проверить источник/единицу измерения
POP-01456,41.32675,69.26612,1516,Bundled population grid,2026-07,Методологический слой; проверить источник/единицу измерения
POP-01457,41.33671,69.28224,1426,Bundled population grid,2026-07,Методологический слой; проверить источник/единицу измерения
POP-01458,41.33522,69.27032,1699,Bundled population grid,2026-07,Методологический слой; проверить источник/единицу измерения
POP-01459,41.32226,69.23037,1577,Bundled population grid,2026-07,Методологический слой; проверить источник/единицу измерения
POP-01460,41.33223,69.24649,1646,Bundled population grid,2026-07,Методологический слой; проверить источник/единицу измерения
POP-01461,41.33074,69.23457,2106,Bundled population grid,2026-07,Методологический слой; проверить источник/единицу измерения
POP-01462,41.31677,69.24999,1089,Bundled population grid,2026-07,Методологический слой; проверить источник/единицу измерения
POP-01463,41.31528,69.23808,1724,Bundled population grid,2026-07,Методологический слой; проверить источник/единицу измерения
POP-01464,41.32525,69.2542,1721,Bundled population grid,2026-07,Методологический слой; проверить источник/единицу измерения
POP-01465,41.32376,69.24228,1699,Bundled population grid,2026-07,Методологический слой; проверить источник/единицу измерения
POP-01466,41.38058,69.31524,2021,Bundled population grid,2026-07,Методологический слой; проверить источник/единицу измерения
POP-01467,41.39055,69.33139,1202,Bundled population grid,2026-07,Методологический слой; проверить источник/единицу измерения
POP-01468,41.38906,69.31946,1694,Bundled population grid,2026-07,Методологический слой; проверить источник/единицу измерения
POP-01469,41.37508,69.33488,1213,Bundled population grid,2026-07,Методологический слой; проверить источник/единицу измерения
POP-01470,41.3736,69.32295,1582,Bundled population grid,2026-07,Методологический слой; проверить источник/единицу измерения
POP-01471,41.38356,69.3391,942,Bundled population grid,2026-07,Методологический слой; проверить источник/единицу измерения
POP-01472,41.38207,69.32717,1722,Bundled population grid,2026-07,Методологический слой; проверить источник/единицу измерения
POP-01473,41.41598,69.34406,405,Bundled population grid,2026-07,Методологический слой; проверить источник/единицу измерения
POP-01474,41.42594,69.36023,1311,Bundled population grid,2026-07,Методологический слой; проверить источник/единицу измерения
POP-01475,41.42445,69.34829,1489,Bundled population grid,2026-07,Методологический слой; проверить источник/единицу измерения
POP-01476,41.41047,69.36371,154,Bundled population grid,2026-07,Методологический слой; проверить источник/единицу измерения
POP-01477,41.40899,69.35177,411,Bundled population grid,2026-07,Методологический слой; проверить источник/единицу измерения
POP-01478,41.41895,69.36794,757,Bundled population grid,2026-07,Методологический слой; проверить источник/единицу измерения
POP-01479,41.41746,69.356,974,Bundled population grid,2026-07,Методологический слой; проверить источник/единицу измерения
POP-01480,41.40452,69.31597,2254,Bundled population grid,2026-07,Методологический слой; проверить источник/единицу измерения
POP-01481,41.41449,69.33213,1053,Bundled population grid,2026-07,Методологический слой; проверить источник/единицу измерения
POP-01482,41.413,69.32019,1357,Bundled population grid,2026-07,Методологический слой; проверить источник/единицу измерения
POP-01483,41.39902,69.33561,1805,Bundled population grid,2026-07,Методологический слой; проверить источник/единицу измерения
POP-01484,41.39754,69.32368,1023,Bundled population grid,2026-07,Методологический слой; проверить источник/единицу измерения
POP-01485,41.4075,69.33984,676,Bundled population grid,2026-07,Методологический слой; проверить источник/единицу измерения
POP-01486,41.40601,69.3279,747,Bundled population grid,2026-07,Методологический слой; проверить источник/единицу измерения
POP-01487,41.37954,69.37067,1197,Bundled population grid,2026-07,Методологический слой; проверить источник/единицу измерения
POP-01488,41.38949,69.38683,454,Bundled population grid,2026-07,Методологический слой; проверить источник/единицу измерения
POP-01489,41.38801,69.3749,1349,Bundled population grid,2026-07,Методологический слой; проверить источник/единицу измерения
POP-01490,41.37403,69.3903,1160,Bundled population grid,2026-07,Методологический слой; проверить источник/единицу измерения
POP-01491,41.37255,69.37837,1542,Bundled population grid,2026-07,Методологический слой; проверить источник/единицу измерения
POP-01492,41.3825,69.39453,693,Bundled population grid,2026-07,Методологический слой; проверить источник/единицу измерения
POP-01493,41.38102,69.3826,1145,Bundled population grid,2026-07,Методологический слой; проверить источник/единицу измерения
POP-01494,41.3681,69.34259,1088,Bundled population grid,2026-07,Методологический слой; проверить источник/единицу измерения
POP-01495,41.37806,69.35874,1223,Bundled population grid,2026-07,Методологический слой; проверить источник/единицу измерения
POP-01496,41.37657,69.34681,1281,Bundled population grid,2026-07,Методологический слой; проверить источник/единицу измерения
POP-01497,41.36259,69.36222,1643,Bundled population grid,2026-07,Методологический слой; проверить источник/единицу измерения
POP-01498,41.36111,69.35029,2008,Bundled population grid,2026-07,Методологический слой; проверить источник/единицу измерения
POP-01499,41.37106,69.36644,1514,Bundled population grid,2026-07,Методологический слой; проверить источник/единицу измерения
POP-01500,41.36958,69.35452,1519,Bundled population grid,2026-07,Методологический слой; проверить источник/единицу измерения
POP-01501,41.40348,69.37142,755,Bundled population grid,2026-07,Методологический слой; проверить источник/единицу измерения
POP-01502,41.39797,69.39106,554,Bundled population grid,2026-07,Методологический слой; проверить источник/единицу измерения
POP-01503,41.39649,69.37913,833,Bundled population grid,2026-07,Методологический слой; проверить источник/единицу измерения
POP-01504,41.40644,69.39529,1180,Bundled population grid,2026-07,Методологический слой; проверить источник/единицу измерения
POP-01505,41.40496,69.38335,456,Bundled population grid,2026-07,Методологический слой; проверить источник/единицу измерения
POP-01506,41.39203,69.34332,1630,Bundled population grid,2026-07,Методологический слой; проверить источник/единицу измерения
POP-01507,41.402,69.35948,808,Bundled population grid,2026-07,Методологический слой; проверить источник/единицу измерения
POP-01508,41.40051,69.34755,1585,Bundled population grid,2026-07,Методологический слой; проверить источник/единицу измерения
POP-01509,41.38653,69.36296,1185,Bundled population grid,2026-07,Методологический слой; проверить источник/единицу измерения
POP-01510,41.38505,69.35103,1488,Bundled population grid,2026-07,Методологический слой; проверить источник/единицу измерения
POP-01511,41.395,69.36719,1469,Bundled population grid,2026-07,Методологический слой; проверить источник/единицу измерения
POP-01512,41.39352,69.35526,1858,Bundled population grid,2026-07,Методологический слой; проверить источник/единицу измерения
POP-01513,41.37013,69.23175,2545,Bundled population grid,2026-07,Методологический слой; проверить источник/единицу измерения
POP-01514,41.38011,69.24789,1962,Bundled population grid,2026-07,Методологический слой; проверить источник/единицу измерения
POP-01515,41.37861,69.23596,2121,Bundled population grid,2026-07,Методологический слой; проверить источник/единицу измерения
POP-01516,41.36465,69.25139,1664,Bundled population grid,2026-07,Методологический слой; проверить источник/единицу измерения
POP-01517,41.36315,69.23947,2149,Bundled population grid,2026-07,Методологический слой; проверить источник/единицу измерения
POP-01518,41.37313,69.2556,1800,Bundled population grid,2026-07,Методологический слой; проверить источник/единицу измерения
POP-01519,41.37163,69.24368,2031,Bundled population grid,2026-07,Методологический слой; проверить источник/единицу измерения
POP-01520,41.40554,69.26052,2104,Bundled population grid,2026-07,Методологический слой; проверить источник/единицу измерения
POP-01521,41.41552,69.27666,48,Bundled population grid,2026-07,Методологический слой; проверить источник/единицу измерения
POP-01522,41.41402,69.26473,1714,Bundled population grid,2026-07,Методологический слой; проверить источник/единицу измерения
POP-01523,41.40005,69.28017,1329,Bundled population grid,2026-07,Методологический слой; проверить источник/единицу измерения
POP-01524,41.39856,69.26824,1608,Bundled population grid,2026-07,Методологический слой; проверить источник/единицу измерения
POP-01525,41.40853,69.28438,1086,Bundled population grid,2026-07,Методологический слой; проверить источник/единицу измерения
POP-01526,41.40704,69.27245,1236,Bundled population grid,2026-07,Методологический слой; проверить источник/единицу измерения
POP-01527,41.39407,69.23245,1967,Bundled population grid,2026-07,Методологический слой; проверить источник/единицу измерения
POP-01528,41.40405,69.24858,807,Bundled population grid,2026-07,Методологический слой; проверить источник/единицу измерения
POP-01529,41.40255,69.23665,1434,Bundled population grid,2026-07,Методологический слой; проверить источник/единицу измерения
POP-01530,41.38859,69.25209,2271,Bundled population grid,2026-07,Методологический слой; проверить источник/единицу измерения
POP-01531,41.38709,69.24017,1876,Bundled population grid,2026-07,Методологический слой; проверить источник/единицу измерения
POP-01532,41.39706,69.25631,2073,Bundled population grid,2026-07,Методологический слой; проверить источник/единицу измерения
POP-01533,41.39557,69.24437,2400,Bundled population grid,2026-07,Методологический слой; проверить источник/единицу измерения
POP-01534,41.36913,69.28717,1578,Bundled population grid,2026-07,Методологический слой; проверить источник/единицу измерения
POP-01535,41.37909,69.30331,2220,Bundled population grid,2026-07,Методологический слой; проверить источник/единицу измерения
POP-01536,41.3776,69.29138,2132,Bundled population grid,2026-07,Методологический слой; проверить источник/единицу измерения
POP-01537,41.36363,69.30681,1425,Bundled population grid,2026-07,Методологический слой; проверить источник/единицу измерения
POP-01538,41.36214,69.29488,1697,Bundled population grid,2026-07,Методологический слой; проверить источник/единицу измерения
POP-01539,41.37211,69.31102,1686,Bundled population grid,2026-07,Методологический слой; проверить источник/единицу измерения
POP-01540,41.37062,69.2991,1625,Bundled population grid,2026-07,Методологический слой; проверить источник/единицу измерения
POP-01541,41.35766,69.25911,1838,Bundled population grid,2026-07,Методологический слой; проверить источник/единицу измерения
POP-01542,41.36764,69.27524,1800,Bundled population grid,2026-07,Методологический слой; проверить источник/единицу измерения
POP-01543,41.36614,69.26332,1727,Bundled population grid,2026-07,Методологический слой; проверить источник/единицу измерения
POP-01544,41.35217,69.27874,2119,Bundled population grid,2026-07,Методологический слой; проверить источник/единицу измерения
POP-01545,41.35068,69.26682,1960,Bundled population grid,2026-07,Методологический слой; проверить источник/единицу измерения
POP-01546,41.36065,69.28296,1727,Bundled population grid,2026-07,Методологический слой; проверить источник/единицу измерения
POP-01547,41.35916,69.27103,2043,Bundled population grid,2026-07,Методологический слой; проверить источник/единицу измерения
POP-01548,41.39307,69.28788,1321,Bundled population grid,2026-07,Методологический слой; проверить источник/единицу измерения
POP-01549,41.40303,69.30403,1975,Bundled population grid,2026-07,Методологический слой; проверить источник/единицу измерения
POP-01550,41.40154,69.2921,998,Bundled population grid,2026-07,Методологический слой; проверить источник/единицу измерения
POP-01551,41.38757,69.30753,615,Bundled population grid,2026-07,Методологический слой; проверить источник/единицу измерения
POP-01552,41.38608,69.2956,1000,Bundled population grid,2026-07,Методологический слой; проверить источник/единицу измерения
POP-01553,41.39605,69.31175,413,Bundled population grid,2026-07,Методологический слой; проверить источник/единицу измерения
POP-01554,41.39456,69.29982,1255,Bundled population grid,2026-07,Методологический слой; проверить источник/единицу измерения
POP-01555,41.3816,69.25981,2046,Bundled population grid,2026-07,Методологический слой; проверить источник/единицу измерения
POP-01556,41.39157,69.27595,666,Bundled population grid,2026-07,Методологический слой; проверить источник/единицу измерения
POP-01557,41.39008,69.26402,2129,Bundled population grid,2026-07,Методологический слой; проверить источник/единицу измерения
POP-01558,41.37611,69.27946,2023,Bundled population grid,2026-07,Методологический слой; проверить источник/единицу измерения
POP-01559,41.37462,69.26753,1628,Bundled population grid,2026-07,Методологический слой; проверить источник/единицу измерения
POP-01560,41.38459,69.28367,1598,Bundled population grid,2026-07,Методологический слой; проверить источник/единицу измерения
POP-01561,41.3831,69.27174,2121,Bundled population grid,2026-07,Методологический слой; проверить источник/единицу измерения
POP-01575,41.39449,69.10964,1860,Bundled population grid,2026-07,Методологический слой; проверить источник/единицу измерения
POP-01576,41.37753,69.10127,392,Bundled population grid,2026-07,Методологический слой; проверить источник/единицу измерения
POP-01577,41.38601,69.10545,1033,Bundled population grid,2026-07,Методологический слой; проверить источник/единицу измерения
POP-01583,41.34813,69.12027,942,Bundled population grid,2026-07,Методологический слой; проверить источник/единицу измерения
POP-01584,41.35812,69.13638,1506,Bundled population grid,2026-07,Методологический слой; проверить источник/единицу измерения
POP-01585,41.35661,69.12446,1919,Bundled population grid,2026-07,Методологический слой; проверить источник/единицу измерения
POP-01586,41.34266,69.13991,704,Bundled population grid,2026-07,Методологический слой; проверить источник/единицу измерения
POP-01587,41.34115,69.128,489,Bundled population grid,2026-07,Методологический слой; проверить источник/единицу измерения
POP-01588,41.35114,69.14411,1706,Bundled population grid,2026-07,Методологический слой; проверить источник/единицу измерения
POP-01589,41.34963,69.13219,623,Bundled population grid,2026-07,Методологический слой; проверить источник/единицу измерения
POP-01591,41.34662,69.10836,337,Bundled population grid,2026-07,Методологический слой; проверить источник/единицу измерения
POP-01593,41.33116,69.1119,1142,Bundled population grid,2026-07,Методологический слой; проверить источник/единицу измерения
POP-01595,41.33965,69.11608,1304,Bundled population grid,2026-07,Методологический слой; проверить источник/единицу измерения
POP-01596,41.33814,69.10417,805,Bundled population grid,2026-07,Методологический слой; проверить источник/единицу измерения
POP-01597,41.37206,69.12092,289,Bundled population grid,2026-07,Методологический слой; проверить источник/единицу измерения
POP-01598,41.38205,69.13703,1613,Bundled population grid,2026-07,Методологический слой; проверить источник/единицу измерения
POP-01599,41.38055,69.12511,815,Bundled population grid,2026-07,Методологический слой; проверить источник/единицу измерения
POP-01600,41.3666,69.14057,258,Bundled population grid,2026-07,Методологический слой; проверить источник/единицу измерения
POP-01601,41.36509,69.12865,1519,Bundled population grid,2026-07,Методологический слой; проверить источник/единицу измерения
POP-01602,41.37508,69.14476,1413,Bundled population grid,2026-07,Методологический слой; проверить источник/единицу измерения
POP-01603,41.37357,69.13284,785,Bundled population grid,2026-07,Методологический слой; проверить источник/единицу измерения
POP-01605,41.37055,69.109,377,Bundled population grid,2026-07,Методологический слой; проверить источник/единицу измерения
POP-01607,41.3551,69.11254,1506,Bundled population grid,2026-07,Методологический слой; проверить источник/единицу измерения
POP-01608,41.35359,69.10063,499,Bundled population grid,2026-07,Методологический слой; проверить источник/единицу измерения
POP-01609,41.36358,69.11673,1896,Bundled population grid,2026-07,Методологический слой; проверить источник/единицу измерения
POP-01610,41.36207,69.10481,1776,Bundled population grid,2026-07,Методологический слой; проверить источник/единицу измерения
POP-01625,41.25089,69.10579,374,Bundled population grid,2026-07,Методологический слой; проверить источник/единицу измерения
POP-01627,41.23544,69.10933,261,Bundled population grid,2026-07,Методологический слой; проверить источник/единицу измерения
POP-01629,41.24392,69.11351,901,Bundled population grid,2026-07,Методологический слой; проверить источник/единицу измерения
POP-01630,41.24241,69.10161,40,Bundled population grid,2026-07,Методологический слой; проверить источник/единицу измерения
POP-01631,41.27632,69.11833,712,Bundled population grid,2026-07,Методологический слой; проверить источник/единицу измерения
POP-01632,41.28631,69.13442,1483,Bundled population grid,2026-07,Методологический слой; проверить источник/единицу измерения
POP-01633,41.2848,69.12252,1109,Bundled population grid,2026-07,Методологический слой; проверить источник/единицу измерения
POP-01634,41.27086,69.13795,1565,Bundled population grid,2026-07,Методологический слой; проверить источник/единицу измерения
POP-01635,41.26935,69.12605,985,Bundled population grid,2026-07,Методологический слой; проверить источник/единицу измерения
POP-01636,41.27934,69.14214,1633,Bundled population grid,2026-07,Методологический слой; проверить источник/единицу измерения
POP-01637,41.27783,69.13023,965,Bundled population grid,2026-07,Методологический слой; проверить источник/единицу измерения
POP-01639,41.27482,69.10643,1096,Bundled population grid,2026-07,Методологический слой; проверить источник/единицу измерения
POP-01641,41.25937,69.10997,259,Bundled population grid,2026-07,Методологический слой; проверить источник/единицу измерения
POP-01643,41.26785,69.11415,473,Bundled population grid,2026-07,Методологический слой; проверить источник/единицу измерения
POP-01644,41.26634,69.10225,215,Bundled population grid,2026-07,Методологический слой; проверить источник/единицу измерения
POP-01645,41.23996,69.14501,1362,Bundled population grid,2026-07,Методологический слой; проверить источник/единицу измерения
POP-01646,41.24994,69.16109,1646,Bundled population grid,2026-07,Методологический слой; проверить источник/единицу измерения
POP-01647,41.24843,69.1492,1987,Bundled population grid,2026-07,Методологический слой; проверить источник/единицу измерения
POP-01648,41.23449,69.16462,1390,Bundled population grid,2026-07,Методологический слой; проверить источник/единицу измерения
POP-01649,41.23298,69.15272,1135,Bundled population grid,2026-07,Методологический слой; проверить источник/единицу измерения
POP-01650,41.24296,69.1688,1496,Bundled population grid,2026-07,Методологический слой; проверить источник/единицу измерения
POP-01651,41.24146,69.15691,990,Bundled population grid,2026-07,Методологический слой; проверить источник/единицу измерения
POP-01652,41.22847,69.11704,152,Bundled population grid,2026-07,Методологический слой; проверить источник/единицу измерения
POP-01653,41.23845,69.13312,1471,Bundled population grid,2026-07,Методологический слой; проверить источник/единицу измерения
POP-01654,41.23694,69.12122,876,Bundled population grid,2026-07,Методологический слой; проверить источник/единицу измерения
POP-01655,41.223,69.13665,1089,Bundled population grid,2026-07,Методологический слой; проверить источник/единицу измерения
POP-01656,41.22149,69.12475,1091,Bundled population grid,2026-07,Методологический слой; проверить источник/единицу измерения
POP-01657,41.23148,69.14083,410,Bundled population grid,2026-07,Методологический слой; проверить источник/единицу измерения
POP-01658,41.22997,69.12893,1456,Bundled population grid,2026-07,Методологический слой; проверить источник/единицу измерения
POP-01659,41.26389,69.14567,1544,Bundled population grid,2026-07,Методологический слой; проверить источник/единицу измерения
POP-01660,41.27387,69.16176,2281,Bundled population grid,2026-07,Методологический слой; проверить источник/единицу измерения
POP-01661,41.27236,69.14985,1892,Bundled population grid,2026-07,Методологический слой; проверить источник/единицу измерения
POP-01662,41.25842,69.16528,1372,Bundled population grid,2026-07,Методологический слой; проверить источник/единицу измерения
POP-01663,41.25691,69.15338,1509,Bundled population grid,2026-07,Методологический слой; проверить источник/единицу измерения
POP-01664,41.26689,69.16947,1838,Bundled population grid,2026-07,Методологический слой; проверить источник/единицу измерения
POP-01665,41.26539,69.15757,1828,Bundled population grid,2026-07,Методологический слой; проверить источник/единицу измерения
POP-01666,41.25239,69.11769,985,Bundled population grid,2026-07,Методологический слой; проверить источник/единицу измерения
POP-01667,41.26238,69.13377,314,Bundled population grid,2026-07,Методологический слой; проверить источник/единицу измерения
POP-01668,41.26087,69.12187,696,Bundled population grid,2026-07,Методологический слой; проверить источник/единицу измерения
POP-01669,41.24693,69.1373,1086,Bundled population grid,2026-07,Методологический слой; проверить источник/единицу измерения
POP-01670,41.24542,69.1254,876,Bundled population grid,2026-07,Методологический слой; проверить источник/единицу измерения
POP-01671,41.25541,69.14148,1162,Bundled population grid,2026-07,Методологический слой; проверить источник/единицу измерения
POP-01672,41.2539,69.12958,772,Bundled population grid,2026-07,Методологический слой; проверить источник/единицу измерения
POP-01713,41.30026,69.11898,1347,Bundled population grid,2026-07,Методологический слой; проверить источник/единицу измерения
POP-01714,41.31024,69.13507,1808,Bundled population grid,2026-07,Методологический слой; проверить источник/единицу измерения
POP-01715,41.30874,69.12316,1795,Bundled population grid,2026-07,Методологический слой; проверить источник/единицу измерения
POP-01716,41.29479,69.13861,2127,Bundled population grid,2026-07,Методологический слой; проверить источник/единицу измерения
POP-01717,41.29328,69.1267,1866,Bundled population grid,2026-07,Методологический слой; проверить источник/единицу измерения
POP-01718,41.30327,69.14279,1878,Bundled population grid,2026-07,Методологический слой; проверить источник/единицу измерения
POP-01719,41.30176,69.13089,2218,Bundled population grid,2026-07,Методологический слой; проверить источник/единицу измерения
POP-01720,41.33569,69.14764,1395,Bundled population grid,2026-07,Методологический слой; проверить источник/единицу измерения
POP-01721,41.34567,69.16375,1924,Bundled population grid,2026-07,Методологический слой; проверить источник/единицу измерения
POP-01722,41.34417,69.15183,1195,Bundled population grid,2026-07,Методологический слой; проверить источник/единицу измерения
POP-01723,41.33022,69.16728,2191,Bundled population grid,2026-07,Методологический слой; проверить источник/единицу измерения
POP-01724,41.32871,69.15536,1840,Bundled population grid,2026-07,Методологический слой; проверить источник/единицу измерения
POP-01725,41.33869,69.17147,2069,Bundled population grid,2026-07,Методологический слой; проверить источник/единицу измерения
POP-01726,41.33719,69.15955,1759,Bundled population grid,2026-07,Методологический слой; проверить источник/единицу измерения
POP-01727,41.32419,69.11962,71,Bundled population grid,2026-07,Методологический слой; проверить источник/единицу измерения
POP-01728,41.33418,69.13572,1479,Bundled population grid,2026-07,Методологический слой; проверить источник/единицу измерения
POP-01729,41.33267,69.12381,501,Bundled population grid,2026-07,Методологический слой; проверить источник/единицу измерения
POP-01730,41.31873,69.13926,805,Bundled population grid,2026-07,Методологический слой; проверить источник/единицу измерения
POP-01731,41.31722,69.12735,347,Bundled population grid,2026-07,Методологический слой; проверить источник/единицу измерения
POP-01732,41.32721,69.14345,1337,Bundled population grid,2026-07,Методологический слой; проверить источник/единицу измерения
POP-01733,41.3257,69.13154,435,Bundled population grid,2026-07,Методологический слой; проверить источник/единицу измерения
POP-01734,41.2993,69.17433,1798,Bundled population grid,2026-07,Методологический слой; проверить источник/единицу измерения
POP-01735,41.30928,69.19043,2200,Bundled population grid,2026-07,Методологический слой; проверить источник/единицу измерения
POP-01736,41.30778,69.17852,2200,Bundled population grid,2026-07,Методологический слой; проверить источник/единицу измерения
POP-01737,41.29383,69.19395,1783,Bundled population grid,2026-07,Методологический слой; проверить источник/единицу измерения
POP-01738,41.29233,69.18204,1514,Bundled population grid,2026-07,Методологический слой; проверить источник/единицу измерения
POP-01739,41.30231,69.19815,1643,Bundled population grid,2026-07,Методологический слой; проверить источник/единицу измерения
POP-01740,41.30081,69.18624,1752,Bundled population grid,2026-07,Методологический слой; проверить источник/единицу измерения
POP-01741,41.28782,69.14632,2195,Bundled population grid,2026-07,Методологический слой; проверить источник/единицу измерения
POP-01742,41.2978,69.16242,2223,Bundled population grid,2026-07,Методологический слой; проверить источник/единицу измерения
POP-01743,41.2963,69.15051,1899,Bundled population grid,2026-07,Методологический слой; проверить источник/единицу измерения
POP-01744,41.28235,69.16595,1962,Bundled population grid,2026-07,Методологический слой; проверить источник/единицу измерения
POP-01745,41.28084,69.15404,2066,Bundled population grid,2026-07,Методологический слой; проверить источник/единицу измерения
POP-01746,41.29083,69.17014,1749,Bundled population grid,2026-07,Методологический слой; проверить источник/единицу измерения
POP-01747,41.28932,69.15823,2048,Bundled population grid,2026-07,Методологический слой; проверить источник/единицу измерения
POP-01748,41.32324,69.175,2398,Bundled population grid,2026-07,Методологический слой; проверить источник/единицу измерения
POP-01749,41.33322,69.19111,2041,Bundled population grid,2026-07,Методологический слой; проверить источник/единицу измерения
POP-01750,41.33172,69.17919,2737,Bundled population grid,2026-07,Методологический слой; проверить источник/единицу измерения
POP-01751,41.31776,69.19463,2461,Bundled population grid,2026-07,Методологический слой; проверить источник/единицу измерения
POP-01752,41.31626,69.18271,2230,Bundled population grid,2026-07,Методологический слой; проверить источник/единицу измерения
POP-01753,41.32624,69.19882,1952,Bundled population grid,2026-07,Методологический слой; проверить источник/единицу измерения
POP-01754,41.32474,69.18691,2284,Bundled population grid,2026-07,Методологический слой; проверить источник/единицу измерения
POP-01755,41.31175,69.14698,1570,Bundled population grid,2026-07,Методологический слой; проверить источник/единицу измерения
POP-01756,41.32174,69.16308,2286,Bundled population grid,2026-07,Методологический слой; проверить источник/единицу измерения
POP-01757,41.32023,69.15117,1306,Bundled population grid,2026-07,Методологический слой; проверить источник/единицу измерения
POP-01758,41.30628,69.16661,2173,Bundled population grid,2026-07,Методологический слой; проверить источник/единицу измерения
POP-01759,41.30478,69.1547,2076,Bundled population grid,2026-07,Методологический слой; проверить источник/единицу измерения
POP-01760,41.31476,69.1708,2253,Bundled population grid,2026-07,Методологический слой; проверить источник/единицу измерения
POP-01761,41.31326,69.15889,2218,Bundled population grid,2026-07,Методологический слой; проверить источник/единицу измерения
POP-01780,41.29875,69.10707,1073,Bundled population grid,2026-07,Методологический слой; проверить источник/единицу измерения
POP-01782,41.2833,69.11061,765,Bundled population grid,2026-07,Методологический слой; проверить источник/единицу измерения
POP-01784,41.29178,69.11479,1638,Bundled population grid,2026-07,Методологический слой; проверить источник/единицу измерения
POP-01785,41.29027,69.10289,190,Bundled population grid,2026-07,Методологический слой; проверить источник/единицу измерения
POP-01794,41.32268,69.10771,547,Bundled population grid,2026-07,Методологический слой; проверить источник/единицу измерения
POP-01796,41.30723,69.11125,1772,Bundled population grid,2026-07,Методологический слой; проверить источник/единицу измерения
POP-01798,41.31571,69.11544,1327,Bundled population grid,2026-07,Методологический слой; проверить источник/единицу измерения
POP-01799,41.3142,69.10353,1524,Bundled population grid,2026-07,Методологический слой; проверить источник/единицу измерения
POP-01809,41.41749,69.16574,563,Bundled population grid,2026-07,Методологический слой; проверить источник/единицу измерения
POP-01810,41.40203,69.16928,480,Bundled population grid,2026-07,Методологический слой; проверить источник/единицу измерения
POP-01811,41.41051,69.17348,1593,Bundled population grid,2026-07,Методологический слой; проверить источник/единицу измерения
POP-01812,41.40901,69.16155,705,Bundled population grid,2026-07,Методологический слой; проверить источник/единицу измерения
POP-01813,41.396,69.12157,1642,Bundled population grid,2026-07,Методологический слой; проверить источник/единицу измерения
POP-01814,41.38903,69.1293,993,Bundled population grid,2026-07,Методологический слой; проверить источник/единицу измерения
POP-01815,41.43144,69.15028,502,Bundled population grid,2026-07,Методологический слой; проверить источник/единицу измерения
POP-01816,41.44143,69.16641,354,Bundled population grid,2026-07,Методологический слой; проверить источник/единицу измерения
POP-01817,41.42597,69.16995,1473,Bundled population grid,2026-07,Методологический слой; проверить источник/единицу измерения
POP-01818,41.42447,69.15801,205,Bundled population grid,2026-07,Методологический слой; проверить источник/единицу измерения
POP-01819,41.43445,69.17415,653,Bundled population grid,2026-07,Методологический слой; проверить источник/единицу измерения
POP-01820,41.43295,69.16221,347,Bundled population grid,2026-07,Методологический слой; проверить источник/единицу измерения
POP-03314,41.27235,69.33964,1696,Bundled population grid,2026-07,Методологический слой; проверить источник/единицу измерения
POP-03315,41.28231,69.35577,1628,Bundled population grid,2026-07,Методологический слой; проверить источник/единицу измерения
POP-03316,41.28083,69.34386,1868,Bundled population grid,2026-07,Методологический слой; проверить источник/единицу измерения
POP-03317,41.26685,69.35924,1854,Bundled population grid,2026-07,Методологический слой; проверить источник/единицу измерения
POP-03318,41.26537,69.34734,2012,Bundled population grid,2026-07,Методологический слой; проверить источник/единицу измерения
POP-03319,41.27532,69.36346,1497,Bundled population grid,2026-07,Методологический слой; проверить источник/единицу измерения
POP-03320,41.27384,69.35155,2177,Bundled population grid,2026-07,Методологический слой; проверить источник/единицу измерения
POP-03321,41.30773,69.36843,238,Bundled population grid,2026-07,Методологический слой; проверить источник/единицу измерения
POP-03322,41.31768,69.38457,188,Bundled population grid,2026-07,Методологический слой; проверить источник/единицу измерения
POP-03323,41.3162,69.37265,1260,Bundled population grid,2026-07,Методологический слой; проверить источник/единицу измерения
POP-03324,41.30222,69.38804,932,Bundled population grid,2026-07,Методологический слой; проверить источник/единицу измерения
POP-03325,41.30074,69.37612,717,Bundled population grid,2026-07,Методологический слой; проверить источник/единицу измерения
POP-03326,41.31069,69.39226,324,Bundled population grid,2026-07,Методологический слой; проверить источник/единицу измерения
POP-03327,41.30921,69.38034,372,Bundled population grid,2026-07,Методологический слой; проверить источник/единицу измерения
POP-03328,41.29629,69.34038,1337,Bundled population grid,2026-07,Методологический слой; проверить источник/единицу измерения
POP-03329,41.30624,69.35651,787,Bundled population grid,2026-07,Методологический слой; проверить источник/единицу измерения
POP-03330,41.30476,69.34459,1428,Bundled population grid,2026-07,Методологический слой; проверить источник/единицу измерения
POP-03331,41.29078,69.35999,1684,Bundled population grid,2026-07,Методологический слой; проверить источник/единицу измерения
POP-03332,41.2893,69.34807,1820,Bundled population grid,2026-07,Методологический слой; проверить источник/единицу измерения
POP-03333,41.29926,69.36421,1615,Bundled population grid,2026-07,Методологический слой; проверить источник/единицу измерения
POP-03334,41.29777,69.35229,1426,Bundled population grid,2026-07,Методологический слой; проверить источник/единицу измерения
POP-03335,41.2713,69.39497,83,Bundled population grid,2026-07,Методологический слой; проверить источник/единицу измерения
POP-03336,41.27977,69.39919,175,Bundled population grid,2026-07,Методологический слой; проверить источник/единицу измерения
POP-03337,41.26578,69.41457,48,Bundled population grid,2026-07,Методологический слой; проверить источник/единицу измерения
POP-03338,41.2643,69.40266,1522,Bundled population grid,2026-07,Методологический слой; проверить источник/единицу измерения
POP-03339,41.27278,69.40688,362,Bundled population grid,2026-07,Методологический слой; проверить источник/единицу измерения
POP-03340,41.25986,69.36693,747,Bundled population grid,2026-07,Методологический слой; проверить источник/единицу измерения
POP-03341,41.26982,69.38306,53,Bundled population grid,2026-07,Методологический слой; проверить источник/единицу измерения
POP-03342,41.26833,69.37115,888,Bundled population grid,2026-07,Методологический слой; проверить источник/единицу измерения
POP-03343,41.25436,69.38653,851,Bundled population grid,2026-07,Методологический слой; проверить источник/единицу измерения
POP-03344,41.25287,69.37462,1276,Bundled population grid,2026-07,Методологический слой; проверить источник/единицу измерения
POP-03345,41.26283,69.39075,423,Bundled population grid,2026-07,Методологический слой; проверить источник/единицу измерения
POP-03346,41.26134,69.37884,208,Bundled population grid,2026-07,Методологический слой; проверить источник/единицу измерения
POP-03347,41.29523,69.39573,1731,Bundled population grid,2026-07,Методологический слой; проверить источник/единицу измерения
POP-03348,41.30518,69.41187,800,Bundled population grid,2026-07,Методологический слой; проверить источник/единицу измерения
POP-03349,41.3037,69.39995,1130,Bundled population grid,2026-07,Методологический слой; проверить источник/единицу измерения
POP-03350,41.28972,69.41533,53,Bundled population grid,2026-07,Методологический слой; проверить источник/единицу измерения
POP-03351,41.28824,69.40342,415,Bundled population grid,2026-07,Методологический слой; проверить источник/единицу измерения
POP-03352,41.29819,69.41956,375,Bundled population grid,2026-07,Методологический слой; проверить источник/единицу измерения
POP-03353,41.29671,69.40764,511,Bundled population grid,2026-07,Методологический слой; проверить источник/единицу измерения
POP-03354,41.28379,69.36768,1782,Bundled population grid,2026-07,Методологический слой; проверить источник/единицу измерения
POP-03355,41.29375,69.38381,449,Bundled population grid,2026-07,Методологический слой; проверить источник/единицу измерения
POP-03356,41.29227,69.3719,1557,Bundled population grid,2026-07,Методологический слой; проверить источник/единицу измерения
POP-03357,41.27829,69.38728,567,Bundled population grid,2026-07,Методологический слой; проверить источник/единицу измерения
POP-03358,41.27681,69.37537,1364,Bundled population grid,2026-07,Методологический слой; проверить источник/единицу измерения
POP-03359,41.28676,69.39151,1011,Bundled population grid,2026-07,Методологический слой; проверить источник/единицу измерения
POP-03360,41.28528,69.37959,541,Bundled population grid,2026-07,Методологический слой; проверить источник/единицу измерения
POP-03361,41.34201,69.45264,416,Bundled population grid,2026-07,Методологический слой; проверить источник/единицу измерения
POP-03362,41.35196,69.46881,628,Bundled population grid,2026-07,Методологический слой; проверить источник/единицу измерения
POP-03363,41.35048,69.45688,301,Bundled population grid,2026-07,Методологический слой; проверить источник/единицу измерения
POP-03364,41.33649,69.47226,48,Bundled population grid,2026-07,Методологический слой; проверить источник/единицу измерения
POP-03365,41.33502,69.46033,808,Bundled population grid,2026-07,Методологический слой; проверить источник/единицу измерения
POP-03366,41.34496,69.47649,35,Bundled population grid,2026-07,Методологический слой; проверить источник/единицу измерения
POP-03367,41.34349,69.46457,111,Bundled population grid,2026-07,Методологический слой; проверить источник/единицу измерения
POP-03375,41.36595,69.45342,91,Bundled population grid,2026-07,Методологический слой; проверить источник/единицу измерения
POP-03376,41.3759,69.46959,568,Bundled population grid,2026-07,Методологический слой; проверить источник/единицу измерения
POP-03377,41.37442,69.45766,116,Bundled population grid,2026-07,Методологический слой; проверить источник/единицу измерения
POP-03378,41.36043,69.47304,668,Bundled population grid,2026-07,Методологический слой; проверить источник/единицу измерения
POP-03379,41.35895,69.46111,324,Bundled population grid,2026-07,Методологический слой; проверить источник/единицу измерения
POP-03380,41.3689,69.47729,54,Bundled population grid,2026-07,Методологический слой; проверить источник/единицу измерения
POP-03381,41.36743,69.46535,38,Bundled population grid,2026-07,Методологический слой; проверить источник/единицу измерения
POP-03389,41.32949,69.47994,550,Bundled population grid,2026-07,Методологический слой; проверить источник/единицу измерения
POP-03408,41.33166,69.36917,1185,Bundled population grid,2026-07,Методологический слой; проверить источник/единицу измерения
POP-03409,41.34162,69.38532,1679,Bundled population grid,2026-07,Методологический слой; проверить источник/единицу измерения
POP-03410,41.34014,69.3734,979,Bundled population grid,2026-07,Методологический слой; проверить источник/единицу измерения
POP-03411,41.32615,69.38879,335,Bundled population grid,2026-07,Методологический слой; проверить источник/единицу измерения
POP-03412,41.32467,69.37687,1860,Bundled population grid,2026-07,Методологический слой; проверить источник/единицу измерения
POP-03413,41.33463,69.39302,854,Bundled population grid,2026-07,Методологический слой; проверить источник/единицу измерения
POP-03414,41.33315,69.3811,840,Bundled population grid,2026-07,Методологический слой; проверить источник/единицу измерения
POP-03415,41.36704,69.398,1015,Bundled population grid,2026-07,Методологический слой; проверить источник/единицу измерения
POP-03416,41.37699,69.41417,527,Bundled population grid,2026-07,Методологический слой; проверить источник/единицу измерения
POP-03417,41.37551,69.40223,99,Bundled population grid,2026-07,Методологический слой; проверить источник/единицу измерения
POP-03418,41.36152,69.41763,1202,Bundled population grid,2026-07,Методологический слой; проверить источник/единицу измерения
POP-03419,41.36004,69.4057,1061,Bundled population grid,2026-07,Методологический слой; проверить источник/единицу измерения
POP-03420,41.36999,69.42186,1851,Bundled population grid,2026-07,Методологический слой; проверить источник/единицу измерения
POP-03421,41.36852,69.40993,1200,Bundled population grid,2026-07,Методологический слой; проверить источник/единицу измерения
POP-03422,41.3556,69.36992,1828,Bundled population grid,2026-07,Методологический слой; проверить источник/единицу измерения
POP-03423,41.36556,69.38608,1501,Bundled population grid,2026-07,Методологический слой; проверить источник/единицу измерения
POP-03424,41.36407,69.37415,1788,Bundled population grid,2026-07,Методологический слой; проверить источник/единицу измерения
POP-03425,41.35009,69.38955,1509,Bundled population grid,2026-07,Методологический слой; проверить источник/единицу измерения
POP-03426,41.34861,69.37762,1071,Bundled population grid,2026-07,Методологический слой; проверить источник/единицу измерения
POP-03427,41.35856,69.39378,1025,Bundled population grid,2026-07,Методологический слой; проверить источник/единицу измерения
POP-03428,41.35708,69.38185,1623,Bundled population grid,2026-07,Методологический слой; проверить источник/единицу измерения
POP-03429,41.33059,69.42456,1117,Bundled population grid,2026-07,Методологический слой; проверить источник/единицу измерения
POP-03430,41.34054,69.44071,248,Bundled population grid,2026-07,Методологический слой; проверить источник/единицу измерения
POP-03431,41.33906,69.42879,339,Bundled population grid,2026-07,Методологический слой; проверить источник/единицу измерения
POP-03432,41.32507,69.44417,727,Bundled population grid,2026-07,Методологический слой; проверить источник/единицу измерения
POP-03433,41.3236,69.43225,40,Bundled population grid,2026-07,Методологический слой; проверить источник/единицу измерения
POP-03434,41.33354,69.44841,1418,Bundled population grid,2026-07,Методологический слой; проверить источник/единицу измерения
POP-03435,41.33207,69.43648,610,Bundled population grid,2026-07,Методологический слой; проверить источник/единицу измерения
POP-03436,41.31916,69.39649,243,Bundled population grid,2026-07,Методологический слой; проверить источник/единицу измерения
POP-03437,41.32911,69.41264,1532,Bundled population grid,2026-07,Методологический слой; проверить источник/единицу измерения
POP-03438,41.32763,69.40071,1195,Bundled population grid,2026-07,Методологический слой; проверить источник/единицу измерения
POP-03439,41.31365,69.4161,342,Bundled population grid,2026-07,Методологический слой; проверить источник/единицу измерения
POP-03440,41.31217,69.40418,286,Bundled population grid,2026-07,Методологический слой; проверить источник/единицу измерения
POP-03441,41.32212,69.42033,202,Bundled population grid,2026-07,Методологический слой; проверить источник/единицу измерения
POP-03442,41.32064,69.40841,61,Bundled population grid,2026-07,Методологический слой; проверить источник/единицу измерения
POP-03443,41.35453,69.42533,613,Bundled population grid,2026-07,Методологический слой; проверить источник/единицу измерения
POP-03444,41.36448,69.44149,815,Bundled population grid,2026-07,Методологический слой; проверить источник/единицу измерения
POP-03445,41.363,69.42956,420,Bundled population grid,2026-07,Методологический слой; проверить источник/единицу измерения
POP-03446,41.34901,69.44495,145,Bundled population grid,2026-07,Методологический слой; проверить источник/единицу измерения
POP-03447,41.34753,69.43302,1025,Bundled population grid,2026-07,Методологический слой; проверить источник/единицу измерения
POP-03448,41.35748,69.44919,577,Bundled population grid,2026-07,Методологический слой; проверить источник/единицу измерения
POP-03449,41.356,69.43726,765,Bundled population grid,2026-07,Методологический слой; проверить источник/единицу измерения
POP-03450,41.3431,69.39725,1137,Bundled population grid,2026-07,Методологический слой; проверить источник/единицу измерения
POP-03451,41.35305,69.4134,81,Bundled population grid,2026-07,Методологический слой; проверить источник/единицу измерения
POP-03452,41.35157,69.40147,997,Bundled population grid,2026-07,Методологический слой; проверить источник/единицу измерения
POP-03453,41.33759,69.41687,1132,Bundled population grid,2026-07,Методологический слой; проверить источник/единицу измерения
POP-03454,41.33611,69.40494,1299,Bundled population grid,2026-07,Методологический слой; проверить источник/единицу измерения
POP-03455,41.34606,69.4211,114,Bundled population grid,2026-07,Методологический слой; проверить источник/единицу измерения
POP-03456,41.34458,69.40917,104,Bundled population grid,2026-07,Методологический слой; проверить источник/единицу измерения
POP-03457,41.23376,69.47678,35,Bundled population grid,2026-07,Методологический слой; проверить источник/единицу измерения
POP-03469,41.25769,69.47757,370,Bundled population grid,2026-07,Методологический слой; проверить источник/единицу измерения
POP-03497,41.22344,69.39346,293,Bundled population grid,2026-07,Методологический слой; проверить источник/единицу измерения
POP-03498,41.23338,69.40958,69,Bundled population grid,2026-07,Методологический слой; проверить источник/единицу измерения
POP-03499,41.23191,69.39768,23,Bundled population grid,2026-07,Методологический слой; проверить источник/единицу измерения
POP-03500,41.21792,69.41304,392,Bundled population grid,2026-07,Методологический слой; проверить источник/единицу измерения
POP-03501,41.21645,69.40114,51,Bundled population grid,2026-07,Методологический слой; проверить источник/единицу измерения
POP-03502,41.22639,69.41726,585,Bundled population grid,2026-07,Методологический слой; проверить источник/единицу измерения
POP-03503,41.22491,69.40536,810,Bundled population grid,2026-07,Методологический слой; проверить источник/единицу измерения
POP-03504,41.25879,69.42225,81,Bundled population grid,2026-07,Методологический слой; проверить источник/единицу измерения
POP-03505,41.26874,69.43839,195,Bundled population grid,2026-07,Методологический слой; проверить источник/единицу измерения
POP-03506,41.26726,69.42648,33,Bundled population grid,2026-07,Методологический слой; проверить источник/единицу измерения
POP-03507,41.25327,69.44184,1349,Bundled population grid,2026-07,Методологический слой; проверить источник/единицу измерения
POP-03508,41.2518,69.42993,1360,Bundled population grid,2026-07,Методологический слой; проверить источник/единицу измерения
POP-03509,41.26174,69.44607,914,Bundled population grid,2026-07,Методологический слой; проверить источник/единицу измерения
POP-03510,41.26027,69.43416,726,Bundled population grid,2026-07,Методологический слой; проверить источник/единицу измерения
POP-03511,41.24736,69.39421,1076,Bundled population grid,2026-07,Методологический слой; проверить источник/единицу измерения
POP-03512,41.25731,69.41034,988,Bundled population grid,2026-07,Методологический слой; проверить источник/единицу измерения
POP-03513,41.25583,69.39844,1291,Bundled population grid,2026-07,Методологический слой; проверить источник/единицу измерения
POP-03514,41.24185,69.4138,329,Bundled population grid,2026-07,Методологический слой; проверить источник/единицу измерения
POP-03515,41.24037,69.4019,595,Bundled population grid,2026-07,Методологический слой; проверить источник/единицу измерения
POP-03516,41.25032,69.41803,451,Bundled population grid,2026-07,Методологический слой; проверить источник/единицу измерения
POP-03517,41.24884,69.40612,1362,Bundled population grid,2026-07,Методологический слой; проверить источник/единицу измерения
POP-03518,41.22235,69.44874,162,Bundled population grid,2026-07,Методологический слой; проверить источник/единицу измерения
POP-03519,41.23229,69.46487,23,Bundled population grid,2026-07,Методологический слой; проверить источник/единицу измерения
POP-03520,41.23082,69.45297,919,Bundled population grid,2026-07,Методологический слой; проверить источник/единицу измерения
POP-03521,41.21683,69.46832,22,Bundled population grid,2026-07,Методологический слой; проверить источник/единицу измерения
POP-03522,41.2253,69.47255,205,Bundled population grid,2026-07,Методологический слой; проверить источник/единицу измерения
POP-03523,41.21093,69.42072,36,Bundled population grid,2026-07,Методологический слой; проверить источник/единицу измерения
POP-03524,41.2194,69.42494,41,Bundled population grid,2026-07,Методологический слой; проверить источник/единицу измерения
POP-03525,41.21241,69.43262,53,Bundled population grid,2026-07,Методологический слой; проверить источник/единицу измерения
POP-03526,41.24628,69.44952,21,Bundled population grid,2026-07,Методологический слой; проверить источник/единицу измерения
POP-03527,41.25622,69.46566,202,Bundled population grid,2026-07,Методологический слой; проверить источник/единицу измерения
POP-03528,41.25475,69.45375,129,Bundled population grid,2026-07,Методологический слой; проверить источник/единицу измерения
POP-03529,41.24076,69.4691,107,Bundled population grid,2026-07,Методологический слой; проверить источник/единицу измерения
POP-03530,41.23929,69.4572,362,Bundled population grid,2026-07,Методологический слой; проверить источник/единицу измерения
POP-03531,41.24922,69.47334,526,Bundled population grid,2026-07,Методологический слой; проверить источник/единицу измерения
POP-03532,41.23486,69.42148,258,Bundled population grid,2026-07,Методологический слой; проверить источник/единицу измерения
POP-03533,41.24481,69.43761,411,Bundled population grid,2026-07,Методологический слой; проверить источник/единицу измерения
POP-03534,41.24333,69.42571,167,Bundled population grid,2026-07,Методологический слой; проверить источник/единицу измерения
POP-03535,41.22787,69.42916,45,Bundled population grid,2026-07,Методологический слой; проверить источник/единицу измерения
POP-03536,41.23634,69.43339,45,Bundled population grid,2026-07,Методологический слой; проверить источник/единицу измерения
POP-03583,41.28272,69.42302,939,Bundled population grid,2026-07,Методологический слой; проверить источник/единицу измерения
POP-03584,41.29267,69.43916,208,Bundled population grid,2026-07,Методологический слой; проверить источник/единицу измерения
POP-03585,41.29119,69.42725,167,Bundled population grid,2026-07,Методологический слой; проверить источник/единицу измерения
POP-03586,41.2772,69.44262,707,Bundled population grid,2026-07,Методологический слой; проверить источник/единицу измерения
POP-03587,41.27573,69.43071,159,Bundled population grid,2026-07,Методологический слой; проверить источник/единицу измерения
POP-03588,41.28567,69.44685,658,Bundled population grid,2026-07,Методологический слой; проверить источник/единицу измерения
POP-03589,41.2842,69.43493,132,Bundled population grid,2026-07,Методологический слой; проверить источник/единицу измерения
POP-03590,41.31808,69.45186,691,Bundled population grid,2026-07,Методологический слой; проверить источник/единицу измерения
POP-03591,41.32802,69.46802,177,Bundled population grid,2026-07,Методологический слой; проверить источник/единицу измерения
POP-03592,41.32655,69.45609,335,Bundled population grid,2026-07,Методологический слой; проверить источник/единицу измерения
POP-03593,41.31255,69.47147,640,Bundled population grid,2026-07,Методологический слой; проверить источник/единицу измерения
POP-03594,41.31108,69.45955,220,Bundled population grid,2026-07,Методологический слой; проверить источник/единицу измерения
POP-03595,41.32102,69.4757,768,Bundled population grid,2026-07,Методологический слой; проверить источник/единицу измерения
POP-03596,41.31955,69.46378,1032,Bundled population grid,2026-07,Методологический слой; проверить источник/единицу измерения
POP-03597,41.30666,69.42379,859,Bundled population grid,2026-07,Методологический слой; проверить источник/единицу измерения
POP-03598,41.3166,69.43994,818,Bundled population grid,2026-07,Методологический слой; проверить источник/единицу измерения
POP-03599,41.31513,69.42802,833,Bundled population grid,2026-07,Методологический слой; проверить источник/единицу измерения
POP-03600,41.30114,69.44339,86,Bundled population grid,2026-07,Методологический слой; проверить источник/единицу измерения
POP-03601,41.29966,69.43148,349,Bundled population grid,2026-07,Методологический слой; проверить источник/единицу измерения
POP-03602,41.30961,69.44763,681,Bundled population grid,2026-07,Методологический слой; проверить источник/единицу измерения
POP-03603,41.30813,69.43571,747,Bundled population grid,2026-07,Методологический слой; проверить источник/единицу измерения
POP-03605,41.27021,69.4503,207,Bundled population grid,2026-07,Методологический слой; проверить источник/единицу измерения
POP-03606,41.27868,69.45453,854,Bundled population grid,2026-07,Методологический слой; проверить источник/единицу измерения
POP-03607,41.26469,69.46989,25,Bundled population grid,2026-07,Методологический слой; проверить источник/единицу измерения
POP-03608,41.30556,69.47915,187,Bundled population grid,2026-07,Методологический слой; проверить источник/единицу измерения
POP-03610,41.29414,69.45108,337,Bundled population grid,2026-07,Методологический слой; проверить источник/единицу измерения
POP-03611,41.30409,69.46723,1585,Bundled population grid,2026-07,Методологический слой; проверить источник/единицу измерения
POP-03612,41.30261,69.45531,567,Bundled population grid,2026-07,Методологический слой; проверить источник/единицу измерения
POP-03613,41.28862,69.47068,25,Bundled population grid,2026-07,Методологический слой; проверить источник/единицу измерения
POP-03614,41.29709,69.47491,129,Bundled population grid,2026-07,Методологический слой; проверить источник/единицу измерения
POP-03615,41.29562,69.463,293,Bundled population grid,2026-07,Методологический слой; проверить источник/единицу измерения
POP-03616,41.1921,69.1437,1785,Bundled population grid,2026-07,Методологический слой; проверить источник/единицу измерения
POP-03617,41.20208,69.15977,1882,Bundled population grid,2026-07,Методологический слой; проверить источник/единицу измерения
POP-03618,41.20058,69.14788,1663,Bundled population grid,2026-07,Методологический слой; проверить источник/единицу измерения
POP-03619,41.18663,69.16329,620,Bundled population grid,2026-07,Методологический слой; проверить источник/единицу измерения
POP-03620,41.18513,69.1514,990,Bundled population grid,2026-07,Методологический слой; проверить источник/единицу измерения
POP-03621,41.19511,69.16747,512,Bundled population grid,2026-07,Методологический слой; проверить источник/единицу измерения
POP-03622,41.19361,69.15559,1630,Bundled population grid,2026-07,Методологический слой; проверить источник/единицу измерения
POP-03623,41.22751,69.17232,2046,Bundled population grid,2026-07,Методологический слой; проверить источник/единицу измерения
POP-03624,41.23749,69.18841,1648,Bundled population grid,2026-07,Методологический слой; проверить источник/единицу измерения
POP-03625,41.23599,69.17651,1833,Bundled population grid,2026-07,Методологический слой; проверить источник/единицу измерения
POP-03626,41.22204,69.19192,1109,Bundled population grid,2026-07,Методологический слой; проверить источник/единицу измерения
POP-03627,41.22054,69.18003,1225,Bundled population grid,2026-07,Методологический слой; проверить источник/единицу измерения
POP-03628,41.23051,69.19611,1421,Bundled population grid,2026-07,Методологический слой; проверить источник/единицу измерения
POP-03629,41.22901,69.18422,1597,Bundled population grid,2026-07,Методологический слой; проверить источник/единицу измерения
POP-03630,41.21603,69.14435,491,Bundled population grid,2026-07,Методологический слой; проверить источник/единицу измерения
POP-03631,41.22601,69.16043,674,Bundled population grid,2026-07,Методологический слой; проверить источник/единицу измерения
POP-03632,41.22451,69.14854,759,Bundled population grid,2026-07,Методологический слой; проверить источник/единицу измерения
POP-03633,41.21056,69.16395,780,Bundled population grid,2026-07,Методологический слой; проверить источник/единицу измерения
POP-03634,41.20906,69.15206,1289,Bundled population grid,2026-07,Методологический слой; проверить источник/единицу измерения
POP-03635,41.21904,69.16814,701,Bundled population grid,2026-07,Методологический слой; проверить источник/единицу измерения
POP-03636,41.21753,69.15625,714,Bundled population grid,2026-07,Методологический слой; проверить источник/единицу измерения
POP-03637,41.19114,69.19895,8461,Bundled population grid,2026-07,Методологический слой; проверить источник/единицу измерения
POP-03638,41.20111,69.21503,39323,Bundled population grid,2026-07,Методологический слой; проверить источник/единицу измерения
POP-03639,41.19961,69.20314,31579,Bundled population grid,2026-07,Методологический слой; проверить источник/единицу измерения
POP-03640,41.18566,69.21853,30119,Bundled population grid,2026-07,Методологический слой; проверить источник/единицу измерения
POP-03641,41.18416,69.20665,3113,Bundled population grid,2026-07,Методологический слой; проверить источник/единицу измерения
POP-03642,41.19413,69.22273,40664,Bundled population grid,2026-07,Методологический слой; проверить источник/единицу измерения
POP-03643,41.19263,69.21084,40663,Bundled population grid,2026-07,Методологический слой; проверить источник/единицу измерения
POP-03645,41.18964,69.18706,6849,Bundled population grid,2026-07,Методологический слой; проверить источник/единицу измерения
POP-03646,41.18814,69.17518,164,Bundled population grid,2026-07,Методологический слой; проверить источник/единицу измерения
POP-03649,41.18266,69.19476,6633,Bundled population grid,2026-07,Методологический слой; проверить источник/единицу измерения
POP-03650,41.18116,69.18288,76,Bundled population grid,2026-07,Методологический слой; проверить источник/единицу измерения
POP-03651,41.21506,69.19963,741,Bundled population grid,2026-07,Методологический слой; проверить источник/единицу измерения
POP-03652,41.22504,69.21571,1841,Bundled population grid,2026-07,Методологический слой; проверить источник/единицу измерения
POP-03653,41.22354,69.20382,1365,Bundled population grid,2026-07,Методологический слой; проверить источник/единицу измерения
POP-03654,41.20958,69.21922,30872,Bundled population grid,2026-07,Методологический слой; проверить источник/единицу измерения
POP-03655,41.20809,69.20733,8457,Bundled population grid,2026-07,Методологический слой; проверить источник/единицу измерения
POP-03656,41.21806,69.22341,6320,Bundled population grid,2026-07,Методологический слой; проверить источник/единицу измерения
POP-03657,41.21656,69.21152,1922,Bundled population grid,2026-07,Методологический слой; проверить источник/единицу измерения
POP-03658,41.20359,69.17166,1202,Bundled population grid,2026-07,Методологический слой; проверить источник/единицу измерения
POP-03659,41.21356,69.18773,491,Bundled population grid,2026-07,Методологический слой; проверить источник/единицу измерения
POP-03660,41.21206,69.17584,565,Bundled population grid,2026-07,Методологический слой; проверить источник/единицу измерения
POP-03661,41.19811,69.19125,7817,Bundled population grid,2026-07,Методологический слой; проверить источник/единицу измерения
POP-03662,41.19661,69.17936,69,Bundled population grid,2026-07,Методологический слой; проверить источник/единицу измерения
POP-03663,41.20659,69.19544,270,Bundled population grid,2026-07,Методологический слой; проверить источник/единицу измерения
POP-03664,41.20509,69.18355,502,Bundled population grid,2026-07,Методологический слой; проверить источник/единицу измерения
POP-03665,41.26193,69.2563,1734,Bundled population grid,2026-07,Методологический слой; проверить источник/единицу измерения
POP-03666,41.2719,69.27241,1795,Bundled population grid,2026-07,Методологический слой; проверить источник/единицу измерения
POP-03667,41.2704,69.2605,1664,Bundled population grid,2026-07,Методологический слой; проверить источник/единицу измерения
POP-03668,41.25644,69.2759,432,Bundled population grid,2026-07,Методологический слой; проверить источник/единицу измерения
POP-03669,41.25495,69.264,603,Bundled population grid,2026-07,Методологический слой; проверить источник/единицу измерения
POP-03670,41.26491,69.28011,1160,Bundled population grid,2026-07,Методологический слой; проверить источник/единицу измерения
POP-03671,41.26342,69.2682,1028,Bundled population grid,2026-07,Методологический слой; проверить источник/единицу измерения
POP-03672,41.29732,69.28503,1683,Bundled population grid,2026-07,Методологический слой; проверить источник/единицу измерения
POP-03673,41.30728,69.30115,955,Bundled population grid,2026-07,Методологический слой; проверить источник/единицу измерения
POP-03674,41.30579,69.28924,1597,Bundled population grid,2026-07,Методологический слой; проверить источник/единицу измерения
POP-03675,41.29183,69.30464,1562,Bundled population grid,2026-07,Методологический слой; проверить источник/единицу измерения
POP-03676,41.29034,69.29273,1497,Bundled population grid,2026-07,Методологический слой; проверить источник/единицу измерения
POP-03677,41.3003,69.30885,1795,Bundled population grid,2026-07,Методологический слой; проверить источник/единицу измерения
POP-03678,41.29881,69.29694,1228,Bundled population grid,2026-07,Методологический слой; проверить источник/единицу измерения
POP-03679,41.28586,69.257,1769,Bundled population grid,2026-07,Методологический слой; проверить источник/единицу измерения
POP-03680,41.29583,69.27312,1735,Bundled population grid,2026-07,Методологический слой; проверить источник/единицу измерения
POP-03681,41.29433,69.26121,2142,Bundled population grid,2026-07,Методологический слой; проверить источник/единицу измерения
POP-03682,41.28037,69.27661,1833,Bundled population grid,2026-07,Методологический слой; проверить источник/единицу измерения
POP-03683,41.27888,69.26471,1997,Bundled population grid,2026-07,Методологический слой; проверить источник/единицу измерения
POP-03684,41.28884,69.28082,1540,Bundled population grid,2026-07,Методологический слой; проверить источник/единицу измерения
POP-03685,41.28735,69.26891,1896,Bundled population grid,2026-07,Методологический слой; проверить источник/единицу измерения
POP-03686,41.26091,69.31162,1458,Bundled population grid,2026-07,Методологический слой; проверить источник/единицу измерения
POP-03687,41.27087,69.32773,1699,Bundled population grid,2026-07,Методологический слой; проверить источник/единицу измерения
POP-03688,41.26938,69.31583,1795,Bundled population grid,2026-07,Методологический слой; проверить источник/единицу измерения
POP-03689,41.25541,69.33122,1843,Bundled population grid,2026-07,Методологический слой; проверить источник/единицу измерения
POP-03690,41.25392,69.31931,1881,Bundled population grid,2026-07,Методологический слой; проверить источник/единицу измерения
POP-03691,41.26388,69.33543,1649,Bundled population grid,2026-07,Методологический слой; проверить источник/единицу измерения
POP-03692,41.2624,69.32352,2038,Bundled population grid,2026-07,Методологический слой; проверить источник/единицу измерения
POP-03693,41.24946,69.2836,1992,Bundled population grid,2026-07,Методологический слой; проверить источник/единицу измерения
POP-03694,41.25942,69.29971,692,Bundled population grid,2026-07,Методологический слой; проверить источник/единицу измерения
POP-03695,41.25793,69.28781,427,Bundled population grid,2026-07,Методологический слой; проверить источник/единицу измерения
POP-03696,41.24396,69.3032,2092,Bundled population grid,2026-07,Методологический слой; проверить источник/единицу измерения
POP-03697,41.24247,69.2913,1726,Bundled population grid,2026-07,Методологический слой; проверить источник/единицу измерения
POP-03698,41.25244,69.30741,2001,Bundled population grid,2026-07,Методологический слой; проверить источник/единицу измерения
POP-03699,41.25095,69.2955,1997,Bundled population grid,2026-07,Методологический слой; проверить источник/единицу измерения
POP-03700,41.28484,69.31234,1542,Bundled population grid,2026-07,Методологический слой; проверить источник/единицу измерения
POP-03701,41.2948,69.32846,1577,Bundled population grid,2026-07,Методологический слой; проверить источник/единицу измерения
POP-03702,41.29331,69.31655,1735,Bundled population grid,2026-07,Методологический слой; проверить источник/единицу измерения
POP-03703,41.27934,69.33195,1853,Bundled population grid,2026-07,Методологический слой; проверить источник/единицу измерения
POP-03704,41.27785,69.32004,1886,Bundled population grid,2026-07,Методологический слой; проверить источник/единицу измерения
POP-03705,41.28781,69.33616,1537,Bundled population grid,2026-07,Методологический слой; проверить источник/единицу измерения
POP-03706,41.28633,69.32425,1646,Bundled population grid,2026-07,Методологический слой; проверить источник/единицу измерения
POP-03707,41.27339,69.28431,1681,Bundled population grid,2026-07,Методологический слой; проверить источник/единицу измерения
POP-03708,41.28335,69.30043,1663,Bundled population grid,2026-07,Методологический слой; проверить источник/единицу измерения
POP-03709,41.28186,69.28852,1765,Bundled population grid,2026-07,Методологический слой; проверить источник/единицу измерения
POP-03710,41.26789,69.30392,1896,Bundled population grid,2026-07,Методологический слой; проверить источник/единицу измерения
POP-03711,41.2664,69.29201,1124,Bundled population grid,2026-07,Методологический слой; проверить источник/единицу измерения
POP-03712,41.27637,69.30813,1750,Bundled population grid,2026-07,Методологический слой; проверить источник/единицу измерения
POP-03713,41.27488,69.29622,1686,Bundled population grid,2026-07,Методологический слой; проверить источник/единицу измерения
POP-03714,41.25144,69.17299,643,Bundled population grid,2026-07,Методологический слой; проверить источник/единицу измерения
POP-03715,41.26142,69.18908,1848,Bundled population grid,2026-07,Методологический слой; проверить источник/единицу измерения
POP-03716,41.25992,69.17718,1360,Bundled population grid,2026-07,Методологический слой; проверить источник/единицу измерения
POP-03717,41.24597,69.1926,1506,Bundled population grid,2026-07,Методологический слой; проверить источник/единицу измерения
POP-03718,41.24447,69.1807,1492,Bundled population grid,2026-07,Методологический слой; проверить источник/единицу измерения
POP-03719,41.25444,69.19679,1638,Bundled population grid,2026-07,Методологический слой; проверить источник/единицу измерения
POP-03720,41.25294,69.18489,992,Bundled population grid,2026-07,Методологический слой; проверить источник/единицу измерения
POP-03721,41.28685,69.20166,1453,Bundled population grid,2026-07,Методологический слой; проверить источник/единицу измерения
POP-03722,41.29683,69.21777,2028,Bundled population grid,2026-07,Методологический слой; проверить источник/единицу измерения
POP-03723,41.29533,69.20586,1912,Bundled population grid,2026-07,Методологический слой; проверить источник/единицу измерения
POP-03724,41.28137,69.22128,1230,Bundled population grid,2026-07,Методологический слой; проверить источник/единицу измерения
POP-03725,41.27987,69.20937,924,Bundled population grid,2026-07,Методологический слой; проверить источник/единицу измерения
POP-03726,41.28985,69.22548,1606,Bundled population grid,2026-07,Методологический слой; проверить источник/единицу измерения
POP-03727,41.28835,69.21357,1367,Bundled population grid,2026-07,Методологический слой; проверить источник/единицу измерения
POP-03728,41.27537,69.17366,1364,Bundled population grid,2026-07,Методологический слой; проверить источник/единицу измерения
POP-03729,41.28535,69.18976,1608,Bundled population grid,2026-07,Методологический слой; проверить источник/единицу измерения
POP-03730,41.28385,69.17785,1357,Bundled population grid,2026-07,Методологический слой; проверить источник/единицу измерения
POP-03731,41.2699,69.19327,1848,Bundled population grid,2026-07,Методологический слой; проверить источник/единицу измерения
POP-03732,41.2684,69.18137,1502,Bundled population grid,2026-07,Методологический слой; проверить источник/единицу измерения
POP-03733,41.27837,69.19747,1402,Bundled population grid,2026-07,Методологический слой; проверить источник/единицу измерения
POP-03734,41.27687,69.18556,1327,Bundled population grid,2026-07,Методологический слой; проверить источник/единицу измерения
POP-03735,41.25046,69.2283,1499,Bundled population grid,2026-07,Методологический слой; проверить источник/единицу измерения
POP-03736,41.26043,69.2444,1514,Bundled population grid,2026-07,Методологический слой; проверить источник/единицу измерения
POP-03737,41.25894,69.23249,1539,Bundled population grid,2026-07,Методологический слой; проверить источник/единицу измерения
POP-03738,41.24498,69.2479,1704,Bundled population grid,2026-07,Методологический слой; проверить источник/единицу измерения
POP-03739,41.24348,69.236,1033,Bundled population grid,2026-07,Методологический слой; проверить источник/единицу измерения
POP-03740,41.25345,69.2521,1180,Bundled population grid,2026-07,Методологический слой; проверить источник/единицу измерения
POP-03741,41.25196,69.2402,1339,Bundled population grid,2026-07,Методологический слой; проверить источник/единицу измерения
POP-03742,41.23899,69.2003,1512,Bundled population grid,2026-07,Методологический слой; проверить источник/единицу измерения
POP-03743,41.24896,69.2164,1721,Bundled population grid,2026-07,Методологический слой; проверить источник/единицу измерения
POP-03744,41.24747,69.2045,1773,Bundled population grid,2026-07,Методологический слой; проверить источник/единицу измерения
POP-03745,41.23351,69.21991,2033,Bundled population grid,2026-07,Методологический слой; проверить источник/единицу измерения
POP-03746,41.23201,69.20801,1380,Bundled population grid,2026-07,Методологический слой; проверить источник/единицу измерения
POP-03747,41.24199,69.2241,1787,Bundled population grid,2026-07,Методологический слой; проверить источник/единицу измерения
POP-03748,41.24049,69.2122,1524,Bundled population grid,2026-07,Методологический слой; проверить источник/единицу измерения
POP-03749,41.27439,69.22899,1778,Bundled population grid,2026-07,Методологический слой; проверить источник/единицу измерения
POP-03750,41.28436,69.24509,2025,Bundled population grid,2026-07,Методологический слой; проверить источник/единицу измерения
POP-03751,41.28287,69.23319,1686,Bundled population grid,2026-07,Методологический слой; проверить источник/единицу измерения
POP-03752,41.26891,69.2486,1990,Bundled population grid,2026-07,Методологический слой; проверить источник/единицу измерения
POP-03753,41.26741,69.23669,1494,Bundled population grid,2026-07,Методологический слой; проверить источник/единицу измерения
POP-03754,41.27738,69.2528,1694,Bundled population grid,2026-07,Методологический слой; проверить источник/единицу измерения
POP-03755,41.27589,69.24089,1724,Bundled population grid,2026-07,Методологический слой; проверить источник/единицу измерения
POP-03756,41.26292,69.20098,1861,Bundled population grid,2026-07,Методологический слой; проверить источник/единицу измерения
POP-03757,41.2729,69.21708,1815,Bundled population grid,2026-07,Методологический слой; проверить источник/единицу измерения
POP-03758,41.2714,69.20518,1360,Bundled population grid,2026-07,Методологический слой; проверить источник/единицу измерения
POP-03759,41.25744,69.22059,1304,Bundled population grid,2026-07,Методологический слой; проверить источник/единицу измерения
POP-03760,41.25594,69.20869,1617,Bundled population grid,2026-07,Методологический слой; проверить источник/единицу измерения
POP-03761,41.26592,69.22479,1682,Bundled population grid,2026-07,Методологический слой; проверить источник/единицу измерения
POP-03762,41.26442,69.21289,2012,Bundled population grid,2026-07,Методологический слой; проверить источник/единицу измерения
POP-03770,41.18912,69.30945,6227,Bundled population grid,2026-07,Методологический слой; проверить источник/единицу измерения
POP-03771,41.19908,69.32555,4670,Bundled population grid,2026-07,Методологический слой; проверить источник/единицу измерения
POP-03772,41.19759,69.31365,136,Bundled population grid,2026-07,Методологический слой; проверить источник/единицу измерения
POP-03773,41.18363,69.32903,40666,Bundled population grid,2026-07,Методологический слой; проверить источник/единицу измерения
POP-03774,41.18214,69.31714,17202,Bundled population grid,2026-07,Методологический слой; проверить источник/единицу измерения
POP-03775,41.1921,69.33323,33097,Bundled population grid,2026-07,Методологический слой; проверить источник/единицу измерения
POP-03776,41.19061,69.32134,21252,Bundled population grid,2026-07,Методологический слой; проверить источник/единицу измерения
POP-03778,41.18764,69.29756,21862,Bundled population grid,2026-07,Методологический слой; проверить источник/единицу измерения
POP-03781,41.18065,69.30525,11438,Bundled population grid,2026-07,Методологический слой; проверить источник/единицу измерения
POP-03795,41.1866,69.35281,413,Bundled population grid,2026-07,Методологический слой; проверить источник/единицу измерения
POP-03812,41.18865,69.24231,40664,Bundled population grid,2026-07,Методологический слой; проверить источник/единицу измерения
POP-03813,41.18715,69.23042,40663,Bundled population grid,2026-07,Методологический слой; проверить источник/единицу измерения
POP-03816,41.18167,69.25,24636,Bundled population grid,2026-07,Методологический слой; проверить источник/единицу измерения
POP-03817,41.18018,69.23812,32217,Bundled population grid,2026-07,Методологический слой; проверить источник/единицу измерения
POP-03848,41.21305,69.31017,19425,Bundled population grid,2026-07,Методологический слой; проверить источник/единицу измерения
POP-03849,41.22301,69.32628,34174,Bundled population grid,2026-07,Методологический слой; проверить источник/единицу измерения
POP-03850,41.22152,69.31438,33367,Bundled population grid,2026-07,Методологический слой; проверить источник/единицу измерения
POP-03851,41.20755,69.32976,22200,Bundled population grid,2026-07,Методологический слой; проверить источник/единицу измерения
POP-03852,41.20607,69.31786,16109,Bundled population grid,2026-07,Методологический слой; проверить источник/единицу измерения
POP-03853,41.21602,69.33396,40673,Bundled population grid,2026-07,Методологический слой; проверить источник/единицу измерения
POP-03854,41.21454,69.32207,40672,Bundled population grid,2026-07,Методологический слой; проверить источник/единицу измерения
POP-03855,41.24842,69.33891,4655,Bundled population grid,2026-07,Методологический слой; проверить источник/единицу измерения
POP-03856,41.25838,69.35503,1461,Bundled population grid,2026-07,Методологический слой; проверить источник/единицу измерения
POP-03857,41.2569,69.34312,1390,Bundled population grid,2026-07,Методологический слой; проверить источник/единицу измерения
POP-03858,41.24292,69.3585,1405,Bundled population grid,2026-07,Методологический слой; проверить источник/единицу измерения
POP-03859,41.24144,69.3466,1073,Bundled population grid,2026-07,Методологический слой; проверить источник/единицу измерения
POP-03860,41.25139,69.36272,785,Bundled population grid,2026-07,Методологический слой; проверить источник/единицу измерения
POP-03861,41.24991,69.35081,1094,Bundled population grid,2026-07,Методологический слой; проверить источник/единицу измерения
POP-03862,41.23698,69.31089,1534,Bundled population grid,2026-07,Методологический слой; проверить источник/единицу измерения
POP-03863,41.24694,69.32701,1795,Bundled population grid,2026-07,Методологический слой; проверить источник/единицу измерения
POP-03864,41.24545,69.3151,1861,Bundled population grid,2026-07,Методологический слой; проверить источник/единицу измерения
POP-03865,41.23148,69.33049,1524,Bundled population grid,2026-07,Методологический слой; проверить источник/единицу измерения
POP-03866,41.22999,69.31859,2728,Bundled population grid,2026-07,Методологический слой; проверить источник/единицу измерения
POP-03867,41.23995,69.3347,1177,Bundled population grid,2026-07,Методологический слой; проверить источник/единицу измерения
POP-03868,41.23847,69.32279,1716,Bundled population grid,2026-07,Методологический слой; проверить источник/единицу измерения
POP-03869,41.212,69.36544,97,Bundled population grid,2026-07,Методологический слой; проверить источник/единицу измерения
POP-03870,41.22196,69.38156,50,Bundled population grid,2026-07,Методологический слой; проверить источник/единицу измерения
POP-03871,41.22047,69.36966,745,Bundled population grid,2026-07,Методологический слой; проверить источник/единицу измерения
POP-03872,41.20502,69.37313,30,Bundled population grid,2026-07,Методологический слой; проверить источник/единицу измерения
POP-03873,41.21497,69.38924,20,Bundled population grid,2026-07,Методологический слой; проверить источник/единицу измерения
POP-03874,41.21349,69.37734,86,Bundled population grid,2026-07,Методологический слой; проверить источник/единицу измерения
POP-03875,41.20057,69.33744,5753,Bundled population grid,2026-07,Методологический слой; проверить источник/единицу измерения
POP-03876,41.21052,69.35355,1404,Bundled population grid,2026-07,Методологический слой; проверить источник/единицу измерения
POP-03877,41.20904,69.34165,15161,Bundled population grid,2026-07,Методологический слой; проверить источник/единицу измерения
POP-03878,41.19506,69.35702,70,Bundled population grid,2026-07,Методологический слой; проверить источник/единицу измерения
POP-03879,41.19358,69.34513,11100,Bundled population grid,2026-07,Методологический слой; проверить источник/единицу измерения
POP-03880,41.20353,69.36123,43,Bundled population grid,2026-07,Методологический слой; проверить источник/единицу измерения
POP-03881,41.23593,69.36619,1834,Bundled population grid,2026-07,Методологический слой; проверить источник/единицу измерения
POP-03882,41.24588,69.38231,1755,Bundled population grid,2026-07,Методологический слой; проверить источник/единицу измерения
POP-03883,41.2444,69.37041,1503,Bundled population grid,2026-07,Методологический слой; проверить источник/единицу измерения
POP-03884,41.23043,69.38578,806,Bundled population grid,2026-07,Методологический слой; проверить источник/единицу измерения
POP-03885,41.22894,69.37387,1592,Bundled population grid,2026-07,Методологический слой; проверить источник/единицу измерения
POP-03886,41.2389,69.38999,562,Bundled population grid,2026-07,Методологический слой; проверить источник/единицу измерения
POP-03887,41.23741,69.37809,1395,Bundled population grid,2026-07,Методологический слой; проверить источник/единицу измерения
POP-03888,41.22449,69.33817,11508,Bundled population grid,2026-07,Методологический слой; проверить источник/единицу измерения
POP-03889,41.23445,69.35429,1165,Bundled population grid,2026-07,Методологический слой; проверить источник/единицу измерения
POP-03890,41.23297,69.34239,1638,Bundled population grid,2026-07,Методологический слой; проверить источник/единицу измерения
POP-03891,41.21899,69.35776,805,Bundled population grid,2026-07,Методологический слой; проверить источник/единицу измерения
POP-03892,41.21751,69.34586,22363,Bundled population grid,2026-07,Методологический слой; проверить источник/единицу измерения
POP-03893,41.22746,69.36197,884,Bundled population grid,2026-07,Методологический слой; проверить источник/единицу измерения
POP-03894,41.22598,69.35007,215,Bundled population grid,2026-07,Методологический слой; проверить источник/единицу измерения
POP-03895,41.20261,69.22692,35466,Bundled population grid,2026-07,Методологический слой; проверить источник/единицу измерения
POP-03896,41.21258,69.24301,31066,Bundled population grid,2026-07,Методологический слой; проверить источник/единицу измерения
POP-03897,41.21108,69.23111,39053,Bundled population grid,2026-07,Методологический слой; проверить источник/единицу измерения
POP-03898,41.19712,69.24651,31202,Bundled population grid,2026-07,Методологический слой; проверить источник/единицу измерения
POP-03899,41.19563,69.23461,18883,Bundled population grid,2026-07,Методологический слой; проверить источник/единицу измерения
POP-03900,41.2056,69.2507,40667,Bundled population grid,2026-07,Методологический слой; проверить источник/единицу измерения
POP-03901,41.2041,69.23881,13818,Bundled population grid,2026-07,Методологический слой; проверить источник/единицу измерения
POP-03902,41.238,69.2556,1924,Bundled population grid,2026-07,Методологический слой; проверить источник/единицу измерения
POP-03903,41.24796,69.2717,1744,Bundled population grid,2026-07,Методологический слой; проверить источник/единицу измерения
POP-03904,41.24647,69.2598,1489,Bundled population grid,2026-07,Методологический слой; проверить источник/единицу измерения
POP-03905,41.23251,69.2752,13488,Bundled population grid,2026-07,Методологический слой; проверить источник/единицу измерения
POP-03906,41.23102,69.2633,7656,Bundled population grid,2026-07,Методологический слой; проверить источник/единицу измерения
POP-03907,41.24098,69.2794,1537,Bundled population grid,2026-07,Методологический слой; проверить источник/единицу измерения
POP-03908,41.23949,69.2675,1276,Bundled population grid,2026-07,Методологический слой; проверить источник/единицу измерения
POP-03909,41.22653,69.22761,1659,Bundled population grid,2026-07,Методологический слой; проверить источник/единицу измерения
POP-03910,41.2365,69.2437,620,Bundled population grid,2026-07,Методологический слой; проверить источник/единицу измерения
POP-03911,41.23501,69.2318,1656,Bundled population grid,2026-07,Методологический слой; проверить источник/единицу измерения
POP-03912,41.22105,69.2472,34940,Bundled population grid,2026-07,Методологический слой; проверить источник/единицу измерения
POP-03913,41.21955,69.23531,23759,Bundled population grid,2026-07,Методологический слой; проверить источник/единицу измерения
POP-03914,41.22952,69.2514,1680,Bundled population grid,2026-07,Методологический слой; проверить источник/единицу измерения
POP-03915,41.22803,69.2395,3037,Bundled population grid,2026-07,Методологический слой; проверить источник/единицу измерения
POP-03916,41.2016,69.28218,10288,Bundled population grid,2026-07,Методологический слой; проверить источник/единицу измерения
POP-03917,41.21156,69.29828,25787,Bundled population grid,2026-07,Методологический слой; проверить источник/единицу измерения
POP-03918,41.21007,69.28638,14619,Bundled population grid,2026-07,Методологический слой; проверить источник/единицу измерения
POP-03919,41.19611,69.30176,2166,Bundled population grid,2026-07,Методологический слой; проверить источник/единицу измерения
POP-03920,41.19462,69.28987,12048,Bundled population grid,2026-07,Методологический слой; проверить источник/единицу измерения
POP-03921,41.20458,69.30597,744,Bundled population grid,2026-07,Методологический слой; проверить источник/единицу измерения
POP-03922,41.20309,69.29407,7851,Bundled population grid,2026-07,Методологический слой; проверить источник/единицу измерения
POP-03923,41.19014,69.2542,20373,Bundled population grid,2026-07,Методологический слой; проверить источник/единицу измерения
POP-03924,41.20011,69.27029,3519,Bundled population grid,2026-07,Методологический слой; проверить источник/единицу измерения
POP-03925,41.19862,69.2584,23283,Bundled population grid,2026-07,Методологический слой; проверить источник/единицу измерения
POP-03926,41.18465,69.27378,3723,Bundled population grid,2026-07,Методологический слой; проверить источник/единицу измерения
POP-03927,41.18316,69.26189,18274,Bundled population grid,2026-07,Методологический слой; проверить источник/единицу измерения
POP-03928,41.19313,69.27798,10559,Bundled population grid,2026-07,Методологический слой; проверить источник/единицу измерения
POP-03929,41.19164,69.26609,20440,Bundled population grid,2026-07,Методологический слой; проверить источник/единицу измерения
POP-03930,41.22553,69.28289,40672,Bundled population grid,2026-07,Методологический слой; проверить источник/единицу измерения
POP-03931,41.23549,69.29899,12771,Bundled population grid,2026-07,Методологический слой; проверить источник/единицу измерения
POP-03932,41.234,69.28709,6196,Bundled population grid,2026-07,Методологический слой; проверить источник/единицу измерения
POP-03933,41.22003,69.30248,15364,Bundled population grid,2026-07,Методологический слой; проверить источник/единицу измерения
POP-03934,41.21854,69.29058,10288,Bundled population grid,2026-07,Методологический слой; проверить источник/единицу измерения
POP-03935,41.22851,69.30669,10956,Bundled population grid,2026-07,Методологический слой; проверить источник/единицу измерения
POP-03936,41.22702,69.29479,33909,Bundled population grid,2026-07,Методологический слой; проверить источник/единицу измерения
POP-03937,41.21407,69.2549,22539,Bundled population grid,2026-07,Методологический слой; проверить источник/единицу измерения
POP-03938,41.22404,69.27099,33300,Bundled population grid,2026-07,Методологический слой; проверить источник/единицу измерения
POP-03939,41.22254,69.2591,32758,Bundled population grid,2026-07,Методологический слой; проверить источник/единицу измерения
POP-03940,41.20858,69.27449,25313,Bundled population grid,2026-07,Методологический слой; проверить источник/единицу измерения
POP-03941,41.20709,69.26259,31540,Bundled population grid,2026-07,Методологический слой; проверить источник/единицу измерения
POP-03942,41.21705,69.27869,24501,Bundled population grid,2026-07,Методологический слой; проверить источник/единицу измерения
POP-03943,41.21556,69.26679,31676,Bundled population grid,2026-07,Методологический слой; проверить источник/единицу измерения
POP-04432,41.18444,69.46331,453,Bundled population grid,2026-07,Методологический слой; проверить источник/единицу измерения
POP-04433,41.18296,69.45141,1327,Bundled population grid,2026-07,Методологический слой; проверить источник/единицу измерения
POP-04436,41.20983,69.47599,35,Bundled population grid,2026-07,Методологический слой; проверить источник/единицу измерения
POP-04443,41.1929,69.46753,112,Bundled population grid,2026-07,Методологический слой; проверить источник/единицу измерения
POP-04444,41.19143,69.45564,164,Bundled population grid,2026-07,Методологический слой; проверить источник/единицу измерения
POP-04457,41.18591,69.4752,1015,Bundled population grid,2026-07,Методологический слой; проверить источник/единицу измерения
POP-04459,41.19437,69.47943,94,Bundled population grid,2026-07,Методологический слой; проверить источник/единицу измерения
POP-04465,41.19951,69.3927,30,Bundled population grid,2026-07,Методологический слой; проверить источник/единицу измерения
POP-04466,41.20946,69.40882,253,Bundled population grid,2026-07,Методологический слой; проверить источник/единицу измерения
POP-04467,41.20798,69.39692,26,Bundled population grid,2026-07,Методологический слой; проверить источник/единицу измерения
POP-04468,41.194,69.41228,693,Bundled population grid,2026-07,Методологический слой; проверить источник/единицу измерения
POP-04469,41.19252,69.40038,28,Bundled population grid,2026-07,Методологический слой; проверить источник/единицу измерения
POP-04470,41.18808,69.3647,124,Bundled population grid,2026-07,Методологический слой; проверить источник/единицу измерения
POP-04471,41.19803,69.38081,112,Bundled population grid,2026-07,Методологический слой; проверить источник/единицу измерения
POP-04472,41.19655,69.36891,445,Bundled population grid,2026-07,Методологический слой; проверить источник/единицу измерения
POP-04473,41.18257,69.38427,99,Bundled population grid,2026-07,Методологический слой; проверить источник/единицу измерения
POP-04474,41.19104,69.38849,332,Bundled population grid,2026-07,Методологический слой; проверить источник/единицу измерения
POP-04475,41.18956,69.37659,56,Bundled population grid,2026-07,Методологический слой; проверить источник/единицу измерения
POP-04486,41.18701,69.41995,74,Bundled population grid,2026-07,Методологический слой; проверить источник/единицу измерения
POP-04487,41.19695,69.43607,40,Bundled population grid,2026-07,Методологический слой; проверить источник/единицу измерения
POP-04488,41.19547,69.42417,94,Bundled population grid,2026-07,Методологический слой; проверить источник/единицу измерения
POP-04489,41.18149,69.43952,1266,Bundled population grid,2026-07,Методологический слой; проверить источник/единицу измерения
POP-04490,41.18001,69.42762,132,Bundled population grid,2026-07,Методологический слой; проверить источник/единицу измерения
POP-04491,41.18996,69.44374,764,Bundled population grid,2026-07,Методологический слой; проверить источник/единицу измерения
POP-04492,41.18848,69.43185,334,Bundled population grid,2026-07,Методологический слой; проверить источник/единицу измерения
POP-04493,41.18553,69.40806,86,Bundled population grid,2026-07,Методологический слой; проверить источник/единицу измерения
POP-06020,41.43992,69.3448,1319,Bundled population grid,2026-07,Методологический слой; проверить источник/единицу измерения
POP-06021,41.44988,69.36097,641,Bundled population grid,2026-07,Методологический слой; проверить источник/единицу измерения
POP-06022,41.44839,69.34903,843,Bundled population grid,2026-07,Методологический слой; проверить источник/единицу измерения
POP-06023,41.43441,69.36446,1132,Bundled population grid,2026-07,Методологический слой; проверить источник/единицу измерения
POP-06024,41.43293,69.35252,1706,Bundled population grid,2026-07,Методологический слой; проверить источник/единицу измерения
POP-06025,41.44289,69.36869,489,Bundled population grid,2026-07,Методологический слой; проверить источник/единицу измерения
POP-06026,41.4414,69.35674,1969,Bundled population grid,2026-07,Методологический слой; проверить источник/единицу измерения
POP-06036,41.43886,69.40029,631,Bundled population grid,2026-07,Методологический слой; проверить источник/единицу измерения
POP-06037,41.44881,69.41647,121,Bundled population grid,2026-07,Методологический слой; проверить источник/единицу измерения
POP-06038,41.44733,69.40452,494,Bundled population grid,2026-07,Методологический слой; проверить источник/единицу измерения
POP-06039,41.43334,69.41994,195,Bundled population grid,2026-07,Методологический слой; проверить источник/единицу измерения
POP-06040,41.43187,69.40799,30,Bundled population grid,2026-07,Методологический слой; проверить источник/единицу измерения
POP-06041,41.44182,69.42417,263,Bundled population grid,2026-07,Методологический слой; проверить источник/единицу измерения
POP-06042,41.44034,69.41223,198,Bundled population grid,2026-07,Методологический слой; проверить источник/единицу измерения
POP-06043,41.42742,69.37217,724,Bundled population grid,2026-07,Методологический слой; проверить источник/единицу измерения
POP-06044,41.43738,69.38834,359,Bundled population grid,2026-07,Методологический слой; проверить источник/единицу измерения
POP-06045,41.4359,69.3764,626,Bundled population grid,2026-07,Методологический слой; проверить источник/единицу измерения
POP-06046,41.42191,69.39182,86,Bundled population grid,2026-07,Методологический слой; проверить источник/единицу измерения
POP-06047,41.43038,69.39605,595,Bundled population grid,2026-07,Методологический слой; проверить источник/единицу измерения
POP-06048,41.4289,69.38411,324,Bundled population grid,2026-07,Методологический слой; проверить источник/единицу измерения
POP-06058,41.44585,69.39258,884,Bundled population grid,2026-07,Методологический слой; проверить источник/единицу измерения
POP-06059,41.44437,69.38063,420,Bundled population grid,2026-07,Методологический слой; проверить источник/единицу измерения
POP-06134,41.39098,69.39876,1259,Bundled population grid,2026-07,Методологический слой; проверить источник/единицу измерения
POP-06135,41.40093,69.41493,415,Bundled population grid,2026-07,Методологический слой; проверить источник/единицу измерения
POP-06136,41.39945,69.403,309,Bundled population grid,2026-07,Методологический слой; проверить источник/единицу измерения
POP-06137,41.38546,69.4184,235,Bundled population grid,2026-07,Методологический слой; проверить источник/единицу измерения
POP-06138,41.38398,69.40647,712,Bundled population grid,2026-07,Методологический слой; проверить источник/единицу измерения
POP-06139,41.39393,69.42263,620,Bundled population grid,2026-07,Методологический слой; проверить источник/единицу измерения
POP-06140,41.39246,69.4107,258,Bundled population grid,2026-07,Методологический слой; проверить источник/единицу измерения
POP-06141,41.42635,69.42764,238,Bundled population grid,2026-07,Методологический слой; проверить источник/единицу измерения
POP-06142,41.4363,69.44383,301,Bundled population grid,2026-07,Методологический слой; проверить источник/единицу измерения
POP-06143,41.43482,69.43188,848,Bundled population grid,2026-07,Методологический слой; проверить источник/единицу измерения
POP-06144,41.42083,69.44729,94,Bundled population grid,2026-07,Методологический слой; проверить источник/единицу измерения
POP-06145,41.41935,69.43535,993,Bundled population grid,2026-07,Методологический слой; проверить источник/единицу измерения
POP-06146,41.4293,69.45153,139,Bundled population grid,2026-07,Методологический слой; проверить источник/единицу измерения
POP-06147,41.41492,69.39952,678,Bundled population grid,2026-07,Методологический слой; проверить источник/единицу измерения
POP-06148,41.42487,69.4157,33,Bundled population grid,2026-07,Методологический слой; проверить источник/единицу измерения
POP-06149,41.42339,69.40376,28,Bundled population grid,2026-07,Методологический слой; проверить источник/единицу измерения
POP-06150,41.4094,69.41917,666,Bundled population grid,2026-07,Методологический слой; проверить источник/единицу измерения
POP-06151,41.40792,69.40723,802,Bundled population grid,2026-07,Методологический слой; проверить источник/единицу измерения
POP-06152,41.41788,69.4234,1200,Bundled population grid,2026-07,Методологический слой; проверить источник/единицу измерения
POP-06153,41.4164,69.41146,608,Bundled population grid,2026-07,Методологический слой; проверить источник/единицу измерения
POP-06154,41.38989,69.4542,1068,Bundled population grid,2026-07,Методологический слой; проверить источник/единицу измерения
POP-06155,41.39984,69.47038,765,Bundled population grid,2026-07,Методологический слой; проверить источник/единицу измерения
POP-06156,41.39836,69.45844,1263,Bundled population grid,2026-07,Методологический слой; проверить источник/единицу измерения
POP-06157,41.38437,69.47383,894,Bundled population grid,2026-07,Методологический слой; проверить источник/единицу измерения
POP-06158,41.38289,69.4619,1405,Bundled population grid,2026-07,Методологический слой; проверить источник/единицу измерения
POP-06159,41.39284,69.47808,416,Bundled population grid,2026-07,Методологический слой; проверить источник/единицу измерения
POP-06160,41.39136,69.46614,2060,Bundled population grid,2026-07,Методологический слой; проверить источник/единицу измерения
POP-06161,41.37847,69.4261,1122,Bundled population grid,2026-07,Методологический слой; проверить источник/единицу измерения
POP-06162,41.38842,69.44227,251,Bundled population grid,2026-07,Методологический слой; проверить источник/единицу измерения
POP-06163,41.38694,69.43033,785,Bundled population grid,2026-07,Методологический слой; проверить источник/единицу измерения
POP-06164,41.37295,69.44573,265,Bundled population grid,2026-07,Методологический слой; проверить источник/единицу измерения
POP-06165,41.37147,69.4338,841,Bundled population grid,2026-07,Методологический слой; проверить источник/единицу измерения
POP-06166,41.38142,69.44997,722,Bundled population grid,2026-07,Методологический слой; проверить источник/единицу измерения
POP-06167,41.37994,69.43803,491,Bundled population grid,2026-07,Методологический слой; проверить источник/единицу измерения
POP-06168,41.41383,69.45499,377,Bundled population grid,2026-07,Методологический слой; проверить источник/единицу измерения
POP-06169,41.42378,69.47117,223,Bundled population grid,2026-07,Методологический слой; проверить источник/единицу измерения
POP-06170,41.4223,69.45923,466,Bundled population grid,2026-07,Методологический слой; проверить источник/единицу измерения
POP-06171,41.40831,69.47463,116,Bundled population grid,2026-07,Методологический слой; проверить источник/единицу измерения
POP-06172,41.40683,69.46269,1084,Bundled population grid,2026-07,Методологический слой; проверить источник/единицу измерения
POP-06173,41.41678,69.47887,412,Bundled population grid,2026-07,Методологический слой; проверить источник/единицу измерения
POP-06174,41.41531,69.46693,299,Bundled population grid,2026-07,Методологический слой; проверить источник/единицу измерения
POP-06175,41.40241,69.42687,534,Bundled population grid,2026-07,Методологический слой; проверить источник/единицу измерения
POP-06176,41.41236,69.44305,53,Bundled population grid,2026-07,Методологический слой; проверить источник/единицу измерения
POP-06177,41.41088,69.43111,998,Bundled population grid,2026-07,Методологический слой; проверить источник/единицу измерения
POP-06178,41.39689,69.44651,732,Bundled population grid,2026-07,Методологический слой; проверить источник/единицу измерения
POP-06179,41.39541,69.43457,602,Bundled population grid,2026-07,Методологический слой; проверить источник/единицу измерения
POP-06180,41.40536,69.45075,643,Bundled population grid,2026-07,Методологический слой; проверить источник/единицу измерения
POP-06181,41.40388,69.43881,919,Bundled population grid,2026-07,Методологический слой; проверить источник/единицу измерения
POP-06220,41.44477,69.44807,1058,Bundled population grid,2026-07,Методологический слой; проверить источник/единицу измерения
POP-06221,41.4433,69.43612,1114,Bundled population grid,2026-07,Методологический слой; проверить источник/единицу измерения
POP-06240,41.43777,69.45577,142,Bundled population grid,2026-07,Методологический слой; проверить источник/единицу измерения
POP-06241,41.44772,69.47196,716,Bundled population grid,2026-07,Методологический слой; проверить источник/единицу измерения
POP-06242,41.44625,69.46001,152,Bundled population grid,2026-07,Методологический слой; проверить источник/единицу измерения
POP-06243,41.43225,69.47542,443,Bundled population grid,2026-07,Методологический слой; проверить источник/единицу измерения
POP-06244,41.43078,69.46347,945,Bundled population grid,2026-07,Методологический слой; проверить источник/единицу измерения
POP-06245,41.44072,69.47966,678,Bundled population grid,2026-07,Методологический слой; проверить источник/единицу измерения
POP-06246,41.43925,69.46772,643,Bundled population grid,2026-07,Методологический слой; проверить источник/единицу измерения
