issue_id,issue_type,duplicate_group_id,object_id_1,object_id_2,distance_m,details,status
QI-ad17c84eaf49,Неполная карточка бизнес-центра,,BC-75e17f93c6aa,,,"class, rent_usd_sqm_month, address, website",Открыто
QI-b4e12442eb3e,Неполная карточка бизнес-центра,,BC-9513135e0816,,,"class, rent_usd_sqm_month, address, website",Открыто
QI-b23673a1d7c1,Неполная карточка бизнес-центра,,BC-b8920b33d63d,,,"class, rent_usd_sqm_month, address, website",Открыто
QI-32e8f7510349,Неполная карточка бизнес-центра,,BC-e04ea13f8775,,,"class, rent_usd_sqm_month, address, website",Открыто
QI-ae18629df83a,Неполная карточка бизнес-центра,,BC-015230cd153e,,,"class, rent_usd_sqm_month, address, website",Открыто
QI-aac67da8a407,Неполная карточка бизнес-центра,,BC-f0e32c5edadf,,,"class, rent_usd_sqm_month, address, website",Открыто
QI-7b46dffcaf0f,Неполная карточка бизнес-центра,,BC-72096128f739,,,"class, rent_usd_sqm_month, address, website",Открыто
QI-18edb18c0fad,Неполная карточка бизнес-центра,,BC-00244b1566dc,,,"class, rent_usd_sqm_month, address, website",Открыто
QI-dadf731b3e5f,Неполная карточка бизнес-центра,,BC-99a106dce3c3,,,"class, rent_usd_sqm_month, address, website",Открыто
QI-96ade3a1e283,Неполная карточка бизнес-центра,,BC-933bb1927193,,,"class, rent_usd_sqm_month, address, website",Открыто
QI-018290a1180d,Неполная карточка бизнес-центра,,BC-9ab7bfe220cd,,,"class, rent_usd_sqm_month, address, website",Открыто
QI-0c2085ea4831,Неполная карточка бизнес-центра,,BC-dcd1dffa2deb,,,"class, rent_usd_sqm_month, address, website",Открыто
QI-6b244490ff17,Неполная карточка бизнес-центра,,BC-b3b4ae7db51e,,,"class, rent_usd_sqm_month, address, website",Открыто
QI-55f810f2ce78,Неполная карточка бизнес-центра,,BC-54dd18808faa,,,"class, rent_usd_sqm_month, address, website",Открыто
QI-6a00e4f35634,Неполная карточка бизнес-центра,,BC-ab375ddbbb27,,,"class, rent_usd_sqm_month, address, website",Открыто
QI-3cd2f5e137e5,Неполная карточка бизнес-центра,,BC-c163fd1fa598,,,"class, rent_usd_sqm_month, address, website",Открыто
QI-f6cb257c4bcc,Неполная карточка бизнес-центра,,BC-f1fa83bd7153,,,"address, website",Открыто
QI-9cf63908543e,Неполная карточка бизнес-центра,,BC-a5b4d6d46e11,,,"class, rent_usd_sqm_month, address, website",Открыто
QI-ae0ede1b40d7,Неполная карточка бизнес-центра,,BC-cb4e2a8bae68,,,"class, rent_usd_sqm_month, address, website",Открыто
QI-987f65970ae3,Неполная карточка бизнес-центра,,BC-821ba5cac5f1,,,"class, rent_usd_sqm_month, address, website",Открыто
QI-103b3d394314,Неполная карточка бизнес-центра,,BC-77f16dd30b38,,,"class, rent_usd_sqm_month, address, website",Открыто
QI-8815b15d4d7b,Неполная карточка бизнес-центра,,BC-170199af1fd1,,,"class, rent_usd_sqm_month, address, website",Открыто
QI-ec8a307a40c3,Неполная карточка бизнес-центра,,BC-199f7aaa72b3,,,"address, website",Открыто
QI-9b6c807b1d10,Неполная карточка бизнес-центра,,BC-a8b2e0250529,,,"class, rent_usd_sqm_month, address, website",Открыто
QI-9bc53f09590a,Неполная карточка бизнес-центра,,BC-74fbf60c0089,,,"address, website",Открыто
QI-693951914f2a,Неполная карточка бизнес-центра,,BC-d8b8e7c7b1e3,,,"address, website",Открыто
QI-311a9112c6ae,Неполная карточка бизнес-центра,,BC-3f8239b95b05,,,"class, rent_usd_sqm_month, address, website",Открыто
QI-5e589198ff8f,Неполная карточка бизнес-центра,,BC-954deb124506,,,"class, rent_usd_sqm_month, address, website",Открыто
QI-2fb919684b12,Неполная карточка бизнес-центра,,BC-7af581c54a73,,,"class, rent_usd_sqm_month, address, website",Открыто
QI-94acc2de1d83,Неполная карточка бизнес-центра,,BC-4943fec51b8f,,,"class, rent_usd_sqm_month, address, website",Открыто
QI-04a05eadaa1d,Неполная карточка бизнес-центра,,BC-d80a02310a65,,,"class, rent_usd_sqm_month, address, website",Открыто
QI-a3659ab95b9d,Неполная карточка бизнес-центра,,BC-87f9042d2746,,,"class, rent_usd_sqm_month, address, website",Открыто
QI-d9a42ccac247,Неполная карточка бизнес-центра,,BC-9dc52f1aea6b,,,"class, rent_usd_sqm_month, address, website",Открыто
QI-79cabf679031,Неполная карточка бизнес-центра,,BC-339e42546788,,,"class, rent_usd_sqm_month, address, website",Открыто
QI-79093163ccbf,Неполная карточка бизнес-центра,,BC-085f3a727820,,,"class, rent_usd_sqm_month, address, website",Открыто
QI-efbc678f8eb1,Неполная карточка бизнес-центра,,BC-1293c67c6d00,,,"class, rent_usd_sqm_month, address, website",Открыто
QI-b221aa149b8f,Неполная карточка бизнес-центра,,BC-9c3506ca7399,,,"class, rent_usd_sqm_month, address, website",Открыто
QI-8121d734f427,Неполная карточка бизнес-центра,,BC-3d36a8444d52,,,"class, rent_usd_sqm_month, address, website",Открыто
QI-e2675ebdc204,Неполная карточка бизнес-центра,,BC-1579e1253d93,,,"class, rent_usd_sqm_month, address, website",Открыто
QI-3433d1822ee3,Неполная карточка бизнес-центра,,BC-c96fdc4c861f,,,"class, rent_usd_sqm_month, address, website",Открыто
QI-431132d381ff,Неполная карточка бизнес-центра,,BC-f5032addcc87,,,"class, rent_usd_sqm_month, address, website",Открыто
QI-4fe93a8b1196,Неполная карточка бизнес-центра,,BC-cf96c34629d1,,,"class, rent_usd_sqm_month, address, website",Открыто
QI-b8b82614b23d,Неполная карточка бизнес-центра,,BC-51b393ab9423,,,"class, rent_usd_sqm_month, address, website",Открыто
QI-2f258d9334d9,Неполная карточка бизнес-центра,,BC-eafe8b7910a0,,,"class, rent_usd_sqm_month, address, website",Открыто
QI-61d31a59d2f8,Неполная карточка бизнес-центра,,BC-4c70fbbe86dc,,,"class, rent_usd_sqm_month, address, website",Открыто
QI-5b3dc27f25cd,Неполная карточка бизнес-центра,,BC-82f0eb0b80b7,,,"address, website",Открыто
QI-134c393ffb6c,Неполная карточка бизнес-центра,,BC-dce6b02a4089,,,"class, rent_usd_sqm_month, address, website",Открыто
QI-1b04053854e5,Неполная карточка бизнес-центра,,BC-70b360f74812,,,"class, rent_usd_sqm_month, address, website",Открыто
QI-94912046a055,Неполная карточка бизнес-центра,,BC-0a6e031a360b,,,"class, rent_usd_sqm_month, address, website",Открыто
QI-f3dab3890c20,Неполная карточка бизнес-центра,,BC-08be49c5c8e3,,,"class, rent_usd_sqm_month, address, website",Открыто
QI-e9c04c27ccb7,Неполная карточка бизнес-центра,,BC-53aab9567230,,,"class, rent_usd_sqm_month, address, website",Открыто
QI-fa1c249ecda4,Неполная карточка бизнес-центра,,BC-9f9672b4fe60,,,"address, website",Открыто
QI-7238810aec4c,Неполная карточка бизнес-центра,,BC-3b93431cc952,,,"class, rent_usd_sqm_month, address, website",Открыто
QI-ce2d20ddd4c0,Неполная карточка бизнес-центра,,BC-cabccc170bf9,,,"class, rent_usd_sqm_month, address, website",Открыто
QI-d698676d5b49,Неполная карточка бизнес-центра,,BC-b9ff2ce274de,,,"class, rent_usd_sqm_month, address, website",Открыто
QI-30d31ae8c5c4,Неполная карточка бизнес-центра,,BC-f6cb9aad942e,,,"class, rent_usd_sqm_month, address, website",Открыто
QI-f735ecc28e10,Неполная карточка бизнес-центра,,BC-efb71fadc5e0,,,"class, rent_usd_sqm_month, address, website",Открыто
QI-48cae1c45fe6,Неполная карточка бизнес-центра,,BC-53b29a00a3ec,,,"class, rent_usd_sqm_month, address, website",Открыто
QI-b1acce3d287b,Неполная карточка бизнес-центра,,BC-4528ea2ff3cc,,,"class, rent_usd_sqm_month, address, website",Открыто
QI-a843107792fa,Неполная карточка бизнес-центра,,BC-bf3339a79721,,,"class, rent_usd_sqm_month, address, website",Открыто
QI-0715b8066fae,Неполная карточка бизнес-центра,,BC-f4a7b568f29a,,,"class, rent_usd_sqm_month, address, website",Открыто
QI-f90d231f3dfd,Неполная карточка бизнес-центра,,BC-a20fad7ff28f,,,"class, rent_usd_sqm_month, address, website",Открыто
QI-f95aa53b7e24,Неполная карточка бизнес-центра,,BC-d3d1ff9ecf57,,,"class, rent_usd_sqm_month, address, website",Открыто
QI-9416005c31a9,Неполная карточка бизнес-центра,,BC-4836497d960e,,,"class, rent_usd_sqm_month, address, website",Открыто
QI-f814a325d4e3,Неполная карточка бизнес-центра,,BC-a0fa981944f8,,,"address, website",Открыто
QI-a380a60cf1b9,Неполная карточка бизнес-центра,,BC-c83fa2980e90,,,"class, rent_usd_sqm_month, address, website",Открыто
QI-7d79077056bd,Неполная карточка бизнес-центра,,BC-893d56ad4cb8,,,"class, rent_usd_sqm_month, address, website",Открыто
QI-6048092d0fbd,Неполная карточка бизнес-центра,,BC-d8bb66fb35e9,,,"address, website",Открыто
QI-f1579aef4cbd,Неполная карточка бизнес-центра,,BC-de9ed54aab39,,,"class, rent_usd_sqm_month, address, website",Открыто
QI-8c42f7b5d1ab,Неполная карточка бизнес-центра,,BC-80b3e2b5273d,,,"class, rent_usd_sqm_month, address, website",Открыто
QI-39fd5e1a531c,Неполная карточка бизнес-центра,,BC-4b040def5719,,,"class, rent_usd_sqm_month, address, website",Открыто
QI-cdfe4ee0b4ca,Неполная карточка бизнес-центра,,BC-05e20a5c705d,,,"address, website",Открыто
QI-a894913f4450,Неполная карточка бизнес-центра,,BC-621e244b21e5,,,"class, rent_usd_sqm_month, address, website",Открыто
QI-524e0dc8533d,Неполная карточка бизнес-центра,,BC-fde382e94a47,,,"class, rent_usd_sqm_month, address, website",Открыто
QI-4b750ee9168b,Неполная карточка бизнес-центра,,BC-c6fe1ef2fe46,,,"address, website",Открыто
QI-a6a9a9dc2939,Неполная карточка бизнес-центра,,BC-ca1a492b3ddb,,,"class, rent_usd_sqm_month, address, website",Открыто
QI-3fc52c3d2f7e,Неполная карточка бизнес-центра,,BC-1e67f82ae88b,,,"class, rent_usd_sqm_month, address, website",Открыто
QI-32afe6590cbd,Неполная карточка бизнес-центра,,BC-6d423899ca23,,,"class, rent_usd_sqm_month, address, website",Открыто
QI-650d67a91076,Неполная карточка бизнес-центра,,BC-16bef9e7ee96,,,"class, rent_usd_sqm_month, address, website",Открыто
QI-2d5c7f2d8e5b,Неполная карточка бизнес-центра,,BC-8633f220b935,,,"address, website",Открыто
QI-7dd0cda39614,Неполная карточка бизнес-центра,,BC-7d5998228cc1,,,"class, rent_usd_sqm_month, address, website",Открыто
QI-ae02f5f4c56a,Неполная карточка бизнес-центра,,BC-29dd293894cb,,,"address, website",Открыто
QI-312981dc32d5,Неполная карточка бизнес-центра,,BC-e539d6e2ed0c,,,"class, rent_usd_sqm_month, address, website",Открыто
QI-ee56d5543132,Неполная карточка бизнес-центра,,BC-f53f5c4e3c7d,,,"class, rent_usd_sqm_month, address, website",Открыто
QI-72d637f5b53b,Неполная карточка бизнес-центра,,BC-8519691743f2,,,"class, rent_usd_sqm_month, address, website",Открыто
QI-3231a2b11b99,Неполная карточка бизнес-центра,,BC-b49478e5481c,,,"class, rent_usd_sqm_month, address, website",Открыто
QI-27d365f1f461,Неполная карточка бизнес-центра,,BC-7ad5c93b16bd,,,"class, rent_usd_sqm_month, address, website",Открыто
QI-48141edfcdc7,Неполная карточка бизнес-центра,,BC-1af8f896f19d,,,"class, rent_usd_sqm_month, address, website",Открыто
QI-73405ef6abe6,Неполная карточка бизнес-центра,,BC-d9759cbce46d,,,"class, rent_usd_sqm_month, address, website",Открыто
QI-4f20d77311df,Неполная карточка бизнес-центра,,BC-3989ac323dd9,,,"class, rent_usd_sqm_month, address, website",Открыто
QI-215e9d50f692,Неполная карточка бизнес-центра,,BC-980fe3df6202,,,"address, website",Открыто
QI-23a879344155,Неполная карточка бизнес-центра,,BC-ec8e8863246a,,,"class, rent_usd_sqm_month, address, website",Открыто
QI-81e9fa01d92e,Неполная карточка бизнес-центра,,BC-185d7ead26ee,,,"class, rent_usd_sqm_month, address, website",Открыто
QI-6fe3996a9df2,Неполная карточка бизнес-центра,,BC-b1a595b4396a,,,"address, website",Открыто
QI-2d02f9759cce,Неполная карточка бизнес-центра,,BC-a4538981a8f7,,,"address, website",Открыто
QI-52d84e80feb9,Неполная карточка бизнес-центра,,BC-60466f1020d2,,,"class, rent_usd_sqm_month, address, website",Открыто
QI-c07582454ccb,Неполная карточка бизнес-центра,,BC-7df7518602cf,,,"address, website",Открыто
QI-da3b11a99733,Неполная карточка бизнес-центра,,BC-6063bb21085b,,,"class, rent_usd_sqm_month, address, website",Открыто
QI-6b6ad90c902f,Неполная карточка бизнес-центра,,BC-04ad9d615f76,,,"class, rent_usd_sqm_month, address, website",Открыто
QI-60c41d9ed88b,Неполная карточка бизнес-центра,,BC-7ccfbdebc4e0,,,"class, rent_usd_sqm_month, address, website",Открыто
QI-1a0574d3e1ad,Неполная карточка бизнес-центра,,BC-ac8d8a92d2ad,,,"class, rent_usd_sqm_month, address, website",Открыто
QI-4fb5612d05b9,Неполная карточка бизнес-центра,,BC-59b31e3ab96a,,,"class, rent_usd_sqm_month, address, website",Открыто
QI-7bc80fb38002,Неполная карточка бизнес-центра,,BC-f68980818665,,,"class, rent_usd_sqm_month, address, website",Открыто
QI-9e69ca78b2be,Неполная карточка бизнес-центра,,BC-e02abdc23721,,,"class, rent_usd_sqm_month, address, website",Открыто
QI-8f94a5cf01ba,Неполная карточка бизнес-центра,,BC-a27df72e7856,,,"class, rent_usd_sqm_month, address, website",Открыто
QI-5962331a0be3,Неполная карточка бизнес-центра,,BC-6b34a39498d7,,,"class, rent_usd_sqm_month, address, website",Открыто
QI-9428a4c80726,Неполная карточка бизнес-центра,,BC-c9a9815e3507,,,"class, rent_usd_sqm_month, address, website",Открыто
QI-029c49af7fdf,Неполная карточка бизнес-центра,,BC-3acf452dee22,,,"class, rent_usd_sqm_month, address, website",Открыто
QI-c99d1d150dea,Неполная карточка бизнес-центра,,BC-891e3525914c,,,"class, rent_usd_sqm_month, address, website",Открыто
QI-d42f89e99b55,Неполная карточка бизнес-центра,,BC-74adfc95fcd8,,,"class, rent_usd_sqm_month, address, website",Открыто
QI-d9d1ad2c5636,Неполная карточка бизнес-центра,,BC-0f66a24048bf,,,"class, rent_usd_sqm_month, address, website",Открыто
QI-e45cf56dfae2,Неполная карточка бизнес-центра,,BC-edb2bcf76272,,,"class, rent_usd_sqm_month, address, website",Открыто
QI-313a917e7d4f,Неполная карточка бизнес-центра,,BC-df8cf7615442,,,"class, rent_usd_sqm_month, address, website",Открыто
QI-f02758bba751,Неполная карточка бизнес-центра,,BC-569e91ebeb18,,,"class, rent_usd_sqm_month, address, website",Открыто
QI-5c4b66ff9639,Неполная карточка бизнес-центра,,BC-31c8c8986bbe,,,"class, rent_usd_sqm_month, address, website",Открыто
QI-ff34d769c2f4,Неполная карточка бизнес-центра,,BC-f410da32f7fb,,,"class, rent_usd_sqm_month, address, website",Открыто
QI-44b7a9308d8d,Неполная карточка бизнес-центра,,BC-bf4bedc10d91,,,"class, rent_usd_sqm_month, address, website",Открыто
QI-f477c4e95af2,Неполная карточка бизнес-центра,,BC-ffefb05a70db,,,"class, rent_usd_sqm_month, address, website",Открыто
QI-b928a42c16ad,Неполная карточка бизнес-центра,,BC-b9df42c720f5,,,"class, rent_usd_sqm_month, address, website",Открыто
QI-a740a2c1b309,Неполная карточка бизнес-центра,,BC-552240c0d802,,,"class, rent_usd_sqm_month, address, website",Открыто
QI-077fa70c6074,Неполная карточка бизнес-центра,,BC-c915e6fc798a,,,"class, rent_usd_sqm_month, address, website",Открыто
QI-0e63e34be27f,Неполная карточка бизнес-центра,,BC-6722c331ece2,,,"class, rent_usd_sqm_month, address, website",Открыто
QI-86b713b6f972,Неполная карточка бизнес-центра,,BC-77f09d2bf07e,,,"class, rent_usd_sqm_month, address, website",Открыто
QI-4dda7a8b4362,Неполная карточка бизнес-центра,,BC-c006dac8a39a,,,"class, rent_usd_sqm_month, address, website",Открыто
QI-0feec29dc0de,Неполная карточка бизнес-центра,,BC-f859a28a32d9,,,"class, rent_usd_sqm_month, address, website",Открыто
QI-3b28bde3ef49,Неполная карточка бизнес-центра,,BC-fc061fef3995,,,"class, rent_usd_sqm_month, address, website",Открыто
QI-757f53fb1c21,Неполная карточка бизнес-центра,,BC-cf94f511c8e4,,,"class, rent_usd_sqm_month, address, website",Открыто
QI-7dbeda876f5b,Неполная карточка бизнес-центра,,BC-c7f0c07560b9,,,"class, rent_usd_sqm_month, address, website",Открыто
QI-88e99dfd2d4d,Неполная карточка бизнес-центра,,BC-9dfae0fe4e96,,,"class, rent_usd_sqm_month, address, website",Открыто
QI-c676302ed4bf,Неполная карточка бизнес-центра,,BC-7225351dceb8,,,"class, rent_usd_sqm_month, address, website",Открыто
QI-dfb2b28e664d,Неполная карточка бизнес-центра,,BC-48ae0f6cdf1d,,,"class, rent_usd_sqm_month, address, website",Открыто
QI-f2efdc587aa2,Неполная карточка бизнес-центра,,BC-8eedc895d6d6,,,"class, rent_usd_sqm_month, address, website",Открыто
QI-c31812f87fe2,Неполная карточка бизнес-центра,,BC-89ed28550f97,,,"class, rent_usd_sqm_month, address, website",Открыто
QI-c4d14b881170,Неполная карточка бизнес-центра,,BC-1a1fc76e6650,,,"class, rent_usd_sqm_month, address, website",Открыто
QI-8545cda4d640,Неполная карточка бизнес-центра,,BC-abea3a677c19,,,"class, rent_usd_sqm_month, address, website",Открыто
QI-f7e6bfc159a7,Неполная карточка бизнес-центра,,BC-ab641c887f5e,,,"class, rent_usd_sqm_month, address, website",Открыто
QI-b1d57e2f3bbf,Неполная карточка бизнес-центра,,BC-41030ad8d886,,,"class, rent_usd_sqm_month, address, website",Открыто
QI-270d8e8897ed,Неполная карточка бизнес-центра,,BC-219a613b2454,,,"class, rent_usd_sqm_month, address, website",Открыто
QI-520225551d84,Неполная карточка бизнес-центра,,BC-fd060a57dc60,,,"class, rent_usd_sqm_month, address, website",Открыто
QI-47325adbe615,Неполная карточка бизнес-центра,,BC-bec82c0b8b79,,,"class, rent_usd_sqm_month, address, website",Открыто
QI-91b034f00833,Неполная карточка бизнес-центра,,BC-dabd4e003aee,,,"class, rent_usd_sqm_month, address, website",Открыто
QI-766d8b0b00a9,Неполная карточка бизнес-центра,,BC-87e51df7b02d,,,"class, rent_usd_sqm_month, address, website",Открыто
QI-99019d470980,Неполная карточка бизнес-центра,,BC-327420d8b627,,,"class, rent_usd_sqm_month, address, website",Открыто
QI-7a8e90e68008,Неполная карточка бизнес-центра,,BC-08015e00cade,,,"class, rent_usd_sqm_month, address, website",Открыто
QI-0fc79a1813e1,Неполная карточка бизнес-центра,,BC-befb6b780311,,,"class, rent_usd_sqm_month, address, website",Открыто
QI-0f618e430bec,Неполная карточка бизнес-центра,,BC-54942b565540,,,"class, rent_usd_sqm_month, address, website",Открыто
QI-6abbe0b13018,Неполная карточка бизнес-центра,,BC-69bbf458dcbe,,,"class, rent_usd_sqm_month, address, website",Открыто
QI-d5c2ac226acc,Неполная карточка бизнес-центра,,BC-003709a361b9,,,"class, rent_usd_sqm_month, address, website",Открыто
QI-3690bcacba77,Без названия и адреса,,PHARM-dbb6bfb99099,,,Идентифицировать аптеку по карте/полевой проверке,Открыто
QI-e11fecb10aef,Без названия и адреса,,PHARM-62fe5c748d09,,,Идентифицировать аптеку по карте/полевой проверке,Открыто
QI-ee26864e85bc,Без названия и адреса,,PHARM-eb5f41ed107b,,,Идентифицировать аптеку по карте/полевой проверке,Открыто
QI-d4f620fccfd5,Без названия и адреса,,PHARM-4691830a3427,,,Идентифицировать аптеку по карте/полевой проверке,Открыто
QI-6a7cbd7638e1,Без названия и адреса,,PHARM-b7ab99972c80,,,Идентифицировать аптеку по карте/полевой проверке,Открыто
QI-2221e744b705,Без названия и адреса,,PHARM-be60b6ac9f7b,,,Идентифицировать аптеку по карте/полевой проверке,Открыто
QI-3df5c9353523,Без названия и адреса,,PHARM-229fcd6df18a,,,Идентифицировать аптеку по карте/полевой проверке,Открыто
QI-41a07f17ed01,Без названия и адреса,,PHARM-0cfd842ed751,,,Идентифицировать аптеку по карте/полевой проверке,Открыто
QI-b572f7a60114,Без названия и адреса,,PHARM-34e35564393f,,,Идентифицировать аптеку по карте/полевой проверке,Открыто
QI-9c69ec50883c,Без названия и адреса,,PHARM-88cfb5a80cf3,,,Идентифицировать аптеку по карте/полевой проверке,Открыто
QI-4f9a50a200b2,Без названия и адреса,,PHARM-d9839ae5c982,,,Идентифицировать аптеку по карте/полевой проверке,Открыто
QI-719a9ce5e9ae,Без названия и адреса,,PHARM-1414b00c94c0,,,Идентифицировать аптеку по карте/полевой проверке,Открыто
QI-fde16c728c3d,Без названия и адреса,,PHARM-c8e57c9103a8,,,Идентифицировать аптеку по карте/полевой проверке,Открыто
QI-a4181eab5659,Без названия и адреса,,PHARM-ff11d93ef0e3,,,Идентифицировать аптеку по карте/полевой проверке,Открыто
QI-7d7284a2a222,Без названия и адреса,,PHARM-befde9ea7b35,,,Идентифицировать аптеку по карте/полевой проверке,Открыто
QI-2c3126ebe3cd,Без названия и адреса,,PHARM-540249eb8551,,,Идентифицировать аптеку по карте/полевой проверке,Открыто
QI-a6022d3ea6aa,Без названия и адреса,,PHARM-a1e18d6490eb,,,Идентифицировать аптеку по карте/полевой проверке,Открыто
QI-8e01dd88859a,Без названия и адреса,,PHARM-43ed03b6bae0,,,Идентифицировать аптеку по карте/полевой проверке,Открыто
QI-6faa132e6f0c,Без названия и адреса,,PHARM-68adb2fc5a0a,,,Идентифицировать аптеку по карте/полевой проверке,Открыто
QI-cbd4fcda8f08,Без названия и адреса,,PHARM-b0daf01095db,,,Идентифицировать аптеку по карте/полевой проверке,Открыто
QI-a66df9317a17,Без названия и адреса,,PHARM-aaed7167368b,,,Идентифицировать аптеку по карте/полевой проверке,Открыто
QI-842bb041957c,Без названия и адреса,,PHARM-2d7fd34af51d,,,Идентифицировать аптеку по карте/полевой проверке,Открыто
QI-b1b517ebc7ad,Без названия и адреса,,PHARM-fc0a70a91455,,,Идентифицировать аптеку по карте/полевой проверке,Открыто
QI-0f4dd53b8870,Без названия и адреса,,PHARM-7e6bd4238800,,,Идентифицировать аптеку по карте/полевой проверке,Открыто
QI-92aa2da61c38,Без названия и адреса,,PHARM-8f3df1ab8ed3,,,Идентифицировать аптеку по карте/полевой проверке,Открыто
QI-0106924ecfa9,Без названия и адреса,,PHARM-00c7d09b74fa,,,Идентифицировать аптеку по карте/полевой проверке,Открыто
QI-7da955232643,Без названия и адреса,,PHARM-3e5d1ce917d5,,,Идентифицировать аптеку по карте/полевой проверке,Открыто
QI-50a7dcd418c9,Без названия и адреса,,PHARM-7c1912f49ddb,,,Идентифицировать аптеку по карте/полевой проверке,Открыто
QI-a0d3787576d5,Без названия и адреса,,PHARM-17208a966da8,,,Идентифицировать аптеку по карте/полевой проверке,Открыто
QI-b6904e26fb79,Без названия и адреса,,PHARM-02f477a1482a,,,Идентифицировать аптеку по карте/полевой проверке,Открыто
QI-f8085ee57f01,Без названия и адреса,,PHARM-102a319f8b02,,,Идентифицировать аптеку по карте/полевой проверке,Открыто
QI-d5fee55fa2b6,Без названия и адреса,,PHARM-76939ce4221d,,,Идентифицировать аптеку по карте/полевой проверке,Открыто
QI-17351c8fc107,Без названия и адреса,,PHARM-70930e3fc2ff,,,Идентифицировать аптеку по карте/полевой проверке,Открыто
QI-eeab10f48d19,Без названия и адреса,,PHARM-6670db213b1a,,,Идентифицировать аптеку по карте/полевой проверке,Открыто
QI-2ba829be10b2,Без названия и адреса,,PHARM-b2a06007a8f3,,,Идентифицировать аптеку по карте/полевой проверке,Открыто
QI-eedf87158e7f,Без названия и адреса,,PHARM-43840b0c126e,,,Идентифицировать аптеку по карте/полевой проверке,Открыто
QI-1917c5229c02,Без названия и адреса,,PHARM-bd3c0b839d2a,,,Идентифицировать аптеку по карте/полевой проверке,Открыто
QI-6f3bf0450745,Без названия и адреса,,PHARM-dcb768cd9218,,,Идентифицировать аптеку по карте/полевой проверке,Открыто
QI-feff82bb8b12,Без названия и адреса,,PHARM-c4dccc56a4c4,,,Идентифицировать аптеку по карте/полевой проверке,Открыто
QI-da1ba11e44d1,Без названия и адреса,,PHARM-cf65301b1811,,,Идентифицировать аптеку по карте/полевой проверке,Открыто
QI-43f3e35684de,Без названия и адреса,,PHARM-8fb11c57187b,,,Идентифицировать аптеку по карте/полевой проверке,Открыто
QI-667331fe94ca,Без названия и адреса,,PHARM-46af58cd9ac6,,,Идентифицировать аптеку по карте/полевой проверке,Открыто
QI-5a1c4f53904b,Без названия и адреса,,PHARM-d51565ddcc83,,,Идентифицировать аптеку по карте/полевой проверке,Открыто
QI-29a2a696efc2,Без названия и адреса,,PHARM-d4f5db0b3a93,,,Идентифицировать аптеку по карте/полевой проверке,Открыто
QI-f6ec140a2ff3,Без названия и адреса,,PHARM-fd712a045528,,,Идентифицировать аптеку по карте/полевой проверке,Открыто
QI-61e2be3cbb52,Без названия и адреса,,PHARM-2467090feb4c,,,Идентифицировать аптеку по карте/полевой проверке,Открыто
QI-2c3c5966bb26,Без названия и адреса,,PHARM-b6a9a264a9dc,,,Идентифицировать аптеку по карте/полевой проверке,Открыто
QI-ca7501645ee4,Без названия и адреса,,PHARM-268174dea3d8,,,Идентифицировать аптеку по карте/полевой проверке,Открыто
QI-81437719ff14,Без названия и адреса,,PHARM-ce3d228fac6b,,,Идентифицировать аптеку по карте/полевой проверке,Открыто
QI-5a24447ee07a,Без названия и адреса,,PHARM-20b06ba753f1,,,Идентифицировать аптеку по карте/полевой проверке,Открыто
QI-8248b737abd1,Без названия и адреса,,PHARM-66a7d1b787ff,,,Идентифицировать аптеку по карте/полевой проверке,Открыто
QI-48e7a5b22642,Без названия и адреса,,PHARM-c6bbb88fb34a,,,Идентифицировать аптеку по карте/полевой проверке,Открыто
QI-6ac7de9ba83b,Без названия и адреса,,PHARM-088211579cd1,,,Идентифицировать аптеку по карте/полевой проверке,Открыто
QI-604b04054eda,Без названия и адреса,,PHARM-253da50843b2,,,Идентифицировать аптеку по карте/полевой проверке,Открыто
QI-2b2fa54aded7,Без названия и адреса,,PHARM-08f5dc760906,,,Идентифицировать аптеку по карте/полевой проверке,Открыто
QI-1b9542a6ff43,Без названия и адреса,,PHARM-e48e4065172a,,,Идентифицировать аптеку по карте/полевой проверке,Открыто
QI-789e91b0b965,Без названия и адреса,,PHARM-c311cfff8975,,,Идентифицировать аптеку по карте/полевой проверке,Открыто
QI-a12969e92734,Без названия и адреса,,PHARM-4803f0d963b9,,,Идентифицировать аптеку по карте/полевой проверке,Открыто
QI-d88d51e51d96,Без названия и адреса,,PHARM-5fc06669bd73,,,Идентифицировать аптеку по карте/полевой проверке,Открыто
QI-ab0b503a2a4c,Без названия и адреса,,PHARM-b25a8f9ae5ec,,,Идентифицировать аптеку по карте/полевой проверке,Открыто
QI-63ec2eb2acbd,Без названия и адреса,,PHARM-a1802c20efa8,,,Идентифицировать аптеку по карте/полевой проверке,Открыто
QI-899b4b61b9dc,Без названия и адреса,,PHARM-f690ad75e5d3,,,Идентифицировать аптеку по карте/полевой проверке,Открыто
QI-4df212869bfc,Без названия и адреса,,PHARM-68fcd567865b,,,Идентифицировать аптеку по карте/полевой проверке,Открыто
QI-3a4bc82017bf,Без названия и адреса,,PHARM-7f6a9028c9a8,,,Идентифицировать аптеку по карте/полевой проверке,Открыто
QI-e889b74e8114,Без названия и адреса,,PHARM-a83627b69ec1,,,Идентифицировать аптеку по карте/полевой проверке,Открыто
QI-2eddde91582b,Без названия и адреса,,PHARM-9897745b72a3,,,Идентифицировать аптеку по карте/полевой проверке,Открыто
QI-2964cdee9729,Без названия и адреса,,PHARM-8cf9153ec676,,,Идентифицировать аптеку по карте/полевой проверке,Открыто
QI-73ee00963ea6,Без названия и адреса,,PHARM-307999b1deeb,,,Идентифицировать аптеку по карте/полевой проверке,Открыто
QI-6dbdf64a9ca4,Без названия и адреса,,PHARM-350e2537dfb5,,,Идентифицировать аптеку по карте/полевой проверке,Открыто
QI-1157679ede26,Без названия и адреса,,PHARM-d75c0badd832,,,Идентифицировать аптеку по карте/полевой проверке,Открыто
QI-192f7a820ec8,Без названия и адреса,,PHARM-166da3b4f749,,,Идентифицировать аптеку по карте/полевой проверке,Открыто
QI-bc38a5b8dae2,Без названия и адреса,,PHARM-70e90aab2467,,,Идентифицировать аптеку по карте/полевой проверке,Открыто
QI-505596a6f8ec,Без названия и адреса,,PHARM-73d3111cd000,,,Идентифицировать аптеку по карте/полевой проверке,Открыто
QI-4661d71bf9c0,Без названия и адреса,,PHARM-b222b2142aa6,,,Идентифицировать аптеку по карте/полевой проверке,Открыто
QI-211155efd8c1,Без названия и адреса,,PHARM-eee625fc7fc4,,,Идентифицировать аптеку по карте/полевой проверке,Открыто
QI-e95a8afcf305,Без названия и адреса,,PHARM-c5723292eb72,,,Идентифицировать аптеку по карте/полевой проверке,Открыто
QI-3fbd711fba23,Без названия и адреса,,PHARM-c89555498901,,,Идентифицировать аптеку по карте/полевой проверке,Открыто
QI-2abfa96cb968,Без названия и адреса,,PHARM-28605d3df24e,,,Идентифицировать аптеку по карте/полевой проверке,Открыто
QI-26643aa5b3d7,Без названия и адреса,,PHARM-32e7264eab22,,,Идентифицировать аптеку по карте/полевой проверке,Открыто
QI-4b2a27fb9263,Без названия и адреса,,PHARM-9c8faf0dc49f,,,Идентифицировать аптеку по карте/полевой проверке,Открыто
QI-7be86ec6d50c,Без названия и адреса,,PHARM-8761598de1ed,,,Идентифицировать аптеку по карте/полевой проверке,Открыто
QI-aa49ebac4a77,Без названия и адреса,,PHARM-9cb299107b6b,,,Идентифицировать аптеку по карте/полевой проверке,Открыто
QI-6a4cf6ca2bc2,Без названия и адреса,,PHARM-9857ddd8a81a,,,Идентифицировать аптеку по карте/полевой проверке,Открыто
QI-79d839f72dec,Без названия и адреса,,PHARM-eaff4a2537e3,,,Идентифицировать аптеку по карте/полевой проверке,Открыто
QI-6efd3c7f8919,Без названия и адреса,,PHARM-ee6c7830dbf3,,,Идентифицировать аптеку по карте/полевой проверке,Открыто
QI-ed9c7f8d2edb,Без названия и адреса,,PHARM-1f6894ba5f9e,,,Идентифицировать аптеку по карте/полевой проверке,Открыто
QI-8a1f941a3d30,Без названия и адреса,,PHARM-e2112b94c7fd,,,Идентифицировать аптеку по карте/полевой проверке,Открыто
QI-07546f8afce8,Без названия и адреса,,PHARM-f37b9d09c649,,,Идентифицировать аптеку по карте/полевой проверке,Открыто
QI-aed8710f502c,Без названия и адреса,,PHARM-37c748842303,,,Идентифицировать аптеку по карте/полевой проверке,Открыто
QI-4ad93d8a0c3c,Без названия и адреса,,PHARM-198a1689f204,,,Идентифицировать аптеку по карте/полевой проверке,Открыто
QI-465978d86818,Без названия и адреса,,PHARM-e3ab33c42272,,,Идентифицировать аптеку по карте/полевой проверке,Открыто
QI-eb62fb45dc9e,Без названия и адреса,,PHARM-f1553d22c3c4,,,Идентифицировать аптеку по карте/полевой проверке,Открыто
QI-60e1d37297b2,Без названия и адреса,,PHARM-a3afe9aaaaeb,,,Идентифицировать аптеку по карте/полевой проверке,Открыто
QI-9b90812cddd6,Без названия и адреса,,PHARM-c18733df10ac,,,Идентифицировать аптеку по карте/полевой проверке,Открыто
QI-ab6cc21cb0f0,Без названия и адреса,,PHARM-13857d9e877a,,,Идентифицировать аптеку по карте/полевой проверке,Открыто
QI-5bd83348ec64,Без названия и адреса,,PHARM-df247fe499bf,,,Идентифицировать аптеку по карте/полевой проверке,Открыто
QI-8e103ab05ed0,Без названия и адреса,,PHARM-e2c0b9f6af72,,,Идентифицировать аптеку по карте/полевой проверке,Открыто
QI-fcbe6ef3128f,Без названия и адреса,,PHARM-bf8849d78725,,,Идентифицировать аптеку по карте/полевой проверке,Открыто
QI-c72cdd62b24c,Без названия и адреса,,PHARM-dd02d079ed1d,,,Идентифицировать аптеку по карте/полевой проверке,Открыто
QI-ab49866ff9f4,Без названия и адреса,,PHARM-5e09077a37f6,,,Идентифицировать аптеку по карте/полевой проверке,Открыто
QI-ccc5cbb8a499,Без названия и адреса,,PHARM-aebabef6f114,,,Идентифицировать аптеку по карте/полевой проверке,Открыто
QI-3787e36e7755,Без названия и адреса,,PHARM-93011611db72,,,Идентифицировать аптеку по карте/полевой проверке,Открыто
QI-c56e3f8e92f4,Без названия и адреса,,PHARM-963265e6ec15,,,Идентифицировать аптеку по карте/полевой проверке,Открыто
QI-93b60b11da29,Без названия и адреса,,PHARM-ecb752e2c17e,,,Идентифицировать аптеку по карте/полевой проверке,Открыто
QI-c5d2dcfe880c,Без названия и адреса,,PHARM-384824bf108f,,,Идентифицировать аптеку по карте/полевой проверке,Открыто
QI-4e1619702376,Без названия и адреса,,PHARM-e8bd2c75f988,,,Идентифицировать аптеку по карте/полевой проверке,Открыто
QI-26a97a779ceb,Без названия и адреса,,PHARM-9d60a11de8e9,,,Идентифицировать аптеку по карте/полевой проверке,Открыто
QI-8d42f365599b,Без названия и адреса,,PHARM-43fb1b7be202,,,Идентифицировать аптеку по карте/полевой проверке,Открыто
QI-7c29897338d3,Без названия и адреса,,PHARM-d15384498432,,,Идентифицировать аптеку по карте/полевой проверке,Открыто
QI-59332d967787,Без названия и адреса,,PHARM-371e4fb5746f,,,Идентифицировать аптеку по карте/полевой проверке,Открыто
QI-c417f1c78a7d,Без названия и адреса,,PHARM-953252b87818,,,Идентифицировать аптеку по карте/полевой проверке,Открыто
QI-756d5396c596,Без названия и адреса,,PHARM-f9d6e418ac56,,,Идентифицировать аптеку по карте/полевой проверке,Открыто
QI-bfadf579933c,Без названия и адреса,,PHARM-cbe448c79403,,,Идентифицировать аптеку по карте/полевой проверке,Открыто
QI-2eb9d786c482,Без названия и адреса,,PHARM-6f249f1effe1,,,Идентифицировать аптеку по карте/полевой проверке,Открыто
QI-6df5d8678460,Без названия и адреса,,PHARM-e9946eed17f0,,,Идентифицировать аптеку по карте/полевой проверке,Открыто
QI-bbd630b8f8f0,Без названия и адреса,,PHARM-bb597dd22699,,,Идентифицировать аптеку по карте/полевой проверке,Открыто
QI-ad76f7fe849b,Без названия и адреса,,PHARM-39ec88fcab59,,,Идентифицировать аптеку по карте/полевой проверке,Открыто
QI-955cdb1ef469,Без названия и адреса,,PHARM-e58f9773f58c,,,Идентифицировать аптеку по карте/полевой проверке,Открыто
QI-7f2f006840a3,Без названия и адреса,,PHARM-c2801e1d6c4a,,,Идентифицировать аптеку по карте/полевой проверке,Открыто
QI-4ed64d392a4a,Без названия и адреса,,PHARM-98e4283b3e8b,,,Идентифицировать аптеку по карте/полевой проверке,Открыто
QI-c65629a740ad,Без названия и адреса,,PHARM-a53b93b801bb,,,Идентифицировать аптеку по карте/полевой проверке,Открыто
QI-844bbe8908fd,Без названия и адреса,,PHARM-4964275dbe64,,,Идентифицировать аптеку по карте/полевой проверке,Открыто
QI-ad1cb88c3612,Без названия и адреса,,PHARM-628345e0b1ca,,,Идентифицировать аптеку по карте/полевой проверке,Открыто
QI-66c8d30eb7ff,Без названия и адреса,,PHARM-97354804e958,,,Идентифицировать аптеку по карте/полевой проверке,Открыто
QI-32c6dda2b2d9,Без названия и адреса,,PHARM-2068d21ce4f2,,,Идентифицировать аптеку по карте/полевой проверке,Открыто
QI-1d1354b5bda7,Без названия и адреса,,PHARM-a064947fb48d,,,Идентифицировать аптеку по карте/полевой проверке,Открыто
QI-45f3b5f9e536,Без названия и адреса,,PHARM-df6b7a7773e8,,,Идентифицировать аптеку по карте/полевой проверке,Открыто
QI-f5590e008111,Без названия и адреса,,PHARM-b27792903e0a,,,Идентифицировать аптеку по карте/полевой проверке,Открыто
QI-70c679b854c7,Без названия и адреса,,PHARM-cd208cd42dce,,,Идентифицировать аптеку по карте/полевой проверке,Открыто
QI-3b605eb4db18,Без названия и адреса,,PHARM-92006edcfb29,,,Идентифицировать аптеку по карте/полевой проверке,Открыто
QI-719e24f5f3db,Без названия и адреса,,PHARM-26da517810dd,,,Идентифицировать аптеку по карте/полевой проверке,Открыто
QI-6599317ed4f6,Без названия и адреса,,PHARM-4b843208faa4,,,Идентифицировать аптеку по карте/полевой проверке,Открыто
QI-28ef08ec2c4c,Без названия и адреса,,PHARM-7c3d47e89373,,,Идентифицировать аптеку по карте/полевой проверке,Открыто
QI-f446bbc4ba7e,Без названия и адреса,,PHARM-8937d09354c6,,,Идентифицировать аптеку по карте/полевой проверке,Открыто
QI-b1cd46cef923,Без названия и адреса,,PHARM-922b9b7eeb7c,,,Идентифицировать аптеку по карте/полевой проверке,Открыто
QI-a87013ff33db,Без названия и адреса,,PHARM-2caceea6e185,,,Идентифицировать аптеку по карте/полевой проверке,Открыто
QI-ffe2b3d7fc49,Без названия и адреса,,PHARM-c087916ad878,,,Идентифицировать аптеку по карте/полевой проверке,Открыто
QI-704fa8b254d9,Без названия и адреса,,PHARM-822738570999,,,Идентифицировать аптеку по карте/полевой проверке,Открыто
QI-d492941506f9,Без названия и адреса,,PHARM-0b0e7994d528,,,Идентифицировать аптеку по карте/полевой проверке,Открыто
QI-8468725697ed,Без названия и адреса,,PHARM-cb2434d2caad,,,Идентифицировать аптеку по карте/полевой проверке,Открыто
QI-f2d728a78cb3,Без названия и адреса,,PHARM-497d09f57b78,,,Идентифицировать аптеку по карте/полевой проверке,Открыто
QI-079b2942288b,Без названия и адреса,,PHARM-f206cc44ff61,,,Идентифицировать аптеку по карте/полевой проверке,Открыто
QI-2f06e090724b,Без названия и адреса,,PHARM-8660a1d644da,,,Идентифицировать аптеку по карте/полевой проверке,Открыто
QI-853dcf5f56b9,Без названия и адреса,,PHARM-aa69ff529960,,,Идентифицировать аптеку по карте/полевой проверке,Открыто
QI-f9d3d8521f24,Без названия и адреса,,PHARM-16917667aed7,,,Идентифицировать аптеку по карте/полевой проверке,Открыто
QI-a8a1bbd55f86,Без названия и адреса,,PHARM-ca9019d67fbf,,,Идентифицировать аптеку по карте/полевой проверке,Открыто
QI-570a875ced3f,Без названия и адреса,,PHARM-8c200a922b65,,,Идентифицировать аптеку по карте/полевой проверке,Открыто
QI-f1bffaae41ab,Без названия и адреса,,PHARM-8ee82819774e,,,Идентифицировать аптеку по карте/полевой проверке,Открыто
QI-9192ace5ee3a,Без названия и адреса,,PHARM-e5feaeea1b59,,,Идентифицировать аптеку по карте/полевой проверке,Открыто
QI-75d5396c22f8,Без названия и адреса,,PHARM-75f50f3e1f7e,,,Идентифицировать аптеку по карте/полевой проверке,Открыто
QI-985c8b89c098,Без названия и адреса,,PHARM-079f78e80327,,,Идентифицировать аптеку по карте/полевой проверке,Открыто
QI-38b1df69f417,Без названия и адреса,,PHARM-5ccd306f03f3,,,Идентифицировать аптеку по карте/полевой проверке,Открыто
QI-f5551a275c09,Без названия и адреса,,PHARM-186083a286e9,,,Идентифицировать аптеку по карте/полевой проверке,Открыто
QI-a25d6f13bef3,Без названия и адреса,,PHARM-901e12bf68c8,,,Идентифицировать аптеку по карте/полевой проверке,Открыто
QI-9be1df8b424d,Без названия и адреса,,PHARM-200b8729bc2c,,,Идентифицировать аптеку по карте/полевой проверке,Открыто
QI-b6e1f0cde28d,Без названия и адреса,,PHARM-d75394a30e72,,,Идентифицировать аптеку по карте/полевой проверке,Открыто
QI-7e1535af56a0,Без названия и адреса,,PHARM-2850a847553b,,,Идентифицировать аптеку по карте/полевой проверке,Открыто
QI-33ae6caeafe2,Без названия и адреса,,PHARM-221abacb6ca1,,,Идентифицировать аптеку по карте/полевой проверке,Открыто
QI-bb57a5a40bce,Без названия и адреса,,PHARM-81192fe7509f,,,Идентифицировать аптеку по карте/полевой проверке,Открыто
QI-0f0920a42719,Без названия и адреса,,PHARM-8099f0f6b9ed,,,Идентифицировать аптеку по карте/полевой проверке,Открыто
QI-efe06a634496,Без названия и адреса,,PHARM-650bb1a7eb71,,,Идентифицировать аптеку по карте/полевой проверке,Открыто
QI-f2212f99faca,Без названия и адреса,,PHARM-7fb9e3833ed3,,,Идентифицировать аптеку по карте/полевой проверке,Открыто
QI-c78e0f4a932d,Без названия и адреса,,PHARM-b436439c500a,,,Идентифицировать аптеку по карте/полевой проверке,Открыто
QI-1c5ef74b6a5a,Без названия и адреса,,PHARM-e8dd0dbe764a,,,Идентифицировать аптеку по карте/полевой проверке,Открыто
QI-2a97912e4ea6,Без названия и адреса,,PHARM-35a0f3453bc4,,,Идентифицировать аптеку по карте/полевой проверке,Открыто
QI-de09ef06a450,Без названия и адреса,,PHARM-137e79c52fd0,,,Идентифицировать аптеку по карте/полевой проверке,Открыто
QI-60ca330f3da1,Без названия и адреса,,PHARM-856001300cfd,,,Идентифицировать аптеку по карте/полевой проверке,Открыто
QI-5971ca8038a2,Без названия и адреса,,PHARM-8b925292e355,,,Идентифицировать аптеку по карте/полевой проверке,Открыто
QI-90eb13959657,Без названия и адреса,,PHARM-b1937f258f41,,,Идентифицировать аптеку по карте/полевой проверке,Открыто
QI-5ecf9f113f19,Без названия и адреса,,PHARM-26842480462f,,,Идентифицировать аптеку по карте/полевой проверке,Открыто
QI-3c10130b4da9,Без названия и адреса,,PHARM-d32f988a8540,,,Идентифицировать аптеку по карте/полевой проверке,Открыто
QI-05cf0a031fed,Без названия и адреса,,PHARM-f87f7961b555,,,Идентифицировать аптеку по карте/полевой проверке,Открыто
QI-effb12c052dc,Без названия и адреса,,PHARM-494742f7603c,,,Идентифицировать аптеку по карте/полевой проверке,Открыто
QI-9945c25c19ab,Без названия и адреса,,PHARM-053fdf02033b,,,Идентифицировать аптеку по карте/полевой проверке,Открыто
QI-1e86a3fcc530,Без названия и адреса,,PHARM-02cdd7a38655,,,Идентифицировать аптеку по карте/полевой проверке,Открыто
QI-2ae418051daf,Без названия и адреса,,PHARM-ce6e82fde163,,,Идентифицировать аптеку по карте/полевой проверке,Открыто
QI-cca1891c4f1e,Без названия и адреса,,PHARM-bdcf07b8977b,,,Идентифицировать аптеку по карте/полевой проверке,Открыто
QI-a57f9e4d9098,Без названия и адреса,,PHARM-8d6d419804a8,,,Идентифицировать аптеку по карте/полевой проверке,Открыто
QI-5725c2c15291,Без названия и адреса,,PHARM-6c6289e5635a,,,Идентифицировать аптеку по карте/полевой проверке,Открыто
QI-e9334885bb9b,Без названия и адреса,,PHARM-d93ec9c16263,,,Идентифицировать аптеку по карте/полевой проверке,Открыто
QI-3aa8b5f01b91,Без названия и адреса,,PHARM-d2b7e970ed7c,,,Идентифицировать аптеку по карте/полевой проверке,Открыто
QI-79fba4d293fc,Без названия и адреса,,PHARM-03c1c698e2ad,,,Идентифицировать аптеку по карте/полевой проверке,Открыто
QI-323d1d58fc68,Без названия и адреса,,PHARM-3af7ad88acee,,,Идентифицировать аптеку по карте/полевой проверке,Открыто
QI-659ef0101b3b,Без названия и адреса,,PHARM-054daed9dc98,,,Идентифицировать аптеку по карте/полевой проверке,Открыто
QI-f41468ba8278,Без названия и адреса,,PHARM-b81f05dac0fb,,,Идентифицировать аптеку по карте/полевой проверке,Открыто
QI-0ae1c517c143,Без названия и адреса,,PHARM-69bc1b3ec401,,,Идентифицировать аптеку по карте/полевой проверке,Открыто
QI-61a5fa0a8540,Без названия и адреса,,PHARM-d64b7de8523b,,,Идентифицировать аптеку по карте/полевой проверке,Открыто
QI-01406968a914,Без названия и адреса,,PHARM-b5b782f1f4d7,,,Идентифицировать аптеку по карте/полевой проверке,Открыто
QI-81f2c049f15a,Без названия и адреса,,PHARM-3fa641f784a0,,,Идентифицировать аптеку по карте/полевой проверке,Открыто
QI-ff9dd7e0cc32,Без названия и адреса,,PHARM-566f667c43f2,,,Идентифицировать аптеку по карте/полевой проверке,Открыто
QI-a0263aa05381,Без названия и адреса,,PHARM-193aa05b16cf,,,Идентифицировать аптеку по карте/полевой проверке,Открыто
QI-795059e6471a,Без названия и адреса,,PHARM-bb08c9a45506,,,Идентифицировать аптеку по карте/полевой проверке,Открыто
QI-6d69e457e2b2,Без названия и адреса,,PHARM-8c770651f5a1,,,Идентифицировать аптеку по карте/полевой проверке,Открыто
QI-b03157e4aa02,Без названия и адреса,,PHARM-c97dff14da7c,,,Идентифицировать аптеку по карте/полевой проверке,Открыто
QI-3c89770e02b7,Без названия и адреса,,PHARM-e991ed4d0551,,,Идентифицировать аптеку по карте/полевой проверке,Открыто
QI-7a820b99e18a,Без названия и адреса,,PHARM-3c48b244d685,,,Идентифицировать аптеку по карте/полевой проверке,Открыто
QI-88b1d91c0dfd,Без названия и адреса,,PHARM-35ca9f4c7057,,,Идентифицировать аптеку по карте/полевой проверке,Открыто
QI-99b5c6606df9,Без названия и адреса,,PHARM-11b0d5eb372c,,,Идентифицировать аптеку по карте/полевой проверке,Открыто
QI-85367396a89a,Без названия и адреса,,PHARM-2eb58bda9155,,,Идентифицировать аптеку по карте/полевой проверке,Открыто
QI-d98e920ca355,Без названия и адреса,,PHARM-0cb58a39c677,,,Идентифицировать аптеку по карте/полевой проверке,Открыто
QI-7ec8bf85231b,Без названия и адреса,,PHARM-9aa97917902b,,,Идентифицировать аптеку по карте/полевой проверке,Открыто
QI-a59459f3dc33,Без названия и адреса,,PHARM-1bf105e524e4,,,Идентифицировать аптеку по карте/полевой проверке,Открыто
QI-5023187637a2,Без названия и адреса,,PHARM-1b991e7f24ba,,,Идентифицировать аптеку по карте/полевой проверке,Открыто
QI-e2ca05661c21,Без названия и адреса,,PHARM-00c55e81fcf6,,,Идентифицировать аптеку по карте/полевой проверке,Открыто
QI-085b9ad95604,Без названия и адреса,,PHARM-24f4e98a024f,,,Идентифицировать аптеку по карте/полевой проверке,Открыто
QI-735257ff7f58,Без названия и адреса,,PHARM-6987af6a866e,,,Идентифицировать аптеку по карте/полевой проверке,Открыто
QI-5a06dfd6f71c,Без названия и адреса,,PHARM-4a03fa0e85cd,,,Идентифицировать аптеку по карте/полевой проверке,Открыто
QI-6eb1c9ac0e27,Без названия и адреса,,PHARM-e7f4d3556057,,,Идентифицировать аптеку по карте/полевой проверке,Открыто
QI-6119579eb813,Без названия и адреса,,PHARM-4adf2c6b4420,,,Идентифицировать аптеку по карте/полевой проверке,Открыто
QI-679a73932c71,Без названия и адреса,,PHARM-df37733c6e83,,,Идентифицировать аптеку по карте/полевой проверке,Открыто
QI-d7d4d428258c,Без названия и адреса,,PHARM-cfe7cbd97261,,,Идентифицировать аптеку по карте/полевой проверке,Открыто
QI-993ae08a195c,Без названия и адреса,,PHARM-87d0353a9f74,,,Идентифицировать аптеку по карте/полевой проверке,Открыто
QI-678f44cf62e7,Без названия и адреса,,PHARM-c6b6f9400bbd,,,Идентифицировать аптеку по карте/полевой проверке,Открыто
QI-4806def09cc3,Без названия и адреса,,PHARM-0576bc54b16f,,,Идентифицировать аптеку по карте/полевой проверке,Открыто
QI-f11e6d41baef,Без названия и адреса,,PHARM-57f1644d7ae2,,,Идентифицировать аптеку по карте/полевой проверке,Открыто
QI-9e75a8fcfb66,Без названия и адреса,,PHARM-b6c9e5006db4,,,Идентифицировать аптеку по карте/полевой проверке,Открыто
QI-c82fe3704979,Без названия и адреса,,PHARM-e196388988a0,,,Идентифицировать аптеку по карте/полевой проверке,Открыто
QI-88d26d0d8880,Без названия и адреса,,PHARM-311514b39bfa,,,Идентифицировать аптеку по карте/полевой проверке,Открыто
QI-801b2e94ff60,Без названия и адреса,,PHARM-41302dab1a87,,,Идентифицировать аптеку по карте/полевой проверке,Открыто
QI-36e8dd102054,Без названия и адреса,,PHARM-c49afc1e4c53,,,Идентифицировать аптеку по карте/полевой проверке,Открыто
QI-bedbf207a845,Без названия и адреса,,PHARM-e20868b2c208,,,Идентифицировать аптеку по карте/полевой проверке,Открыто
QI-ae5bc0375735,Без названия и адреса,,PHARM-fb5a44a66037,,,Идентифицировать аптеку по карте/полевой проверке,Открыто
QI-a1057f2e9732,Без названия и адреса,,PHARM-dff4fd63dfbb,,,Идентифицировать аптеку по карте/полевой проверке,Открыто
QI-3d4914bd117d,Без названия и адреса,,PHARM-8a6e8d5a9f0c,,,Идентифицировать аптеку по карте/полевой проверке,Открыто
QI-2d0af79ca2b6,Без названия и адреса,,PHARM-0c59b90a8ce8,,,Идентифицировать аптеку по карте/полевой проверке,Открыто
QI-ef1e8f651ac5,Без названия и адреса,,PHARM-82ffba120a5b,,,Идентифицировать аптеку по карте/полевой проверке,Открыто
QI-7cdbb0ee522a,Без названия и адреса,,PHARM-0c46bf824c2b,,,Идентифицировать аптеку по карте/полевой проверке,Открыто
QI-9b6a6a8da7ce,Без названия и адреса,,PHARM-4f506d463851,,,Идентифицировать аптеку по карте/полевой проверке,Открыто
QI-b7cb1b4a5b8c,Без названия и адреса,,PHARM-f6ba2a411768,,,Идентифицировать аптеку по карте/полевой проверке,Открыто
QI-c4ae0e6637a7,Без названия и адреса,,PHARM-883e69ba8c41,,,Идентифицировать аптеку по карте/полевой проверке,Открыто
QI-6acbd35543e4,Без названия и адреса,,PHARM-c764e4128acc,,,Идентифицировать аптеку по карте/полевой проверке,Открыто
QI-d5ab933afb67,Без названия и адреса,,PHARM-0ce4e7efad68,,,Идентифицировать аптеку по карте/полевой проверке,Открыто
QI-194e94f5c40f,Без названия и адреса,,PHARM-09048e058dbb,,,Идентифицировать аптеку по карте/полевой проверке,Открыто
QI-49f467277f03,Без названия и адреса,,PHARM-cd1b5a816071,,,Идентифицировать аптеку по карте/полевой проверке,Открыто
QI-ee2663cf739a,Без названия и адреса,,PHARM-760bf6c27148,,,Идентифицировать аптеку по карте/полевой проверке,Открыто
QI-3e70330abf85,Без названия и адреса,,PHARM-f3613ea7b050,,,Идентифицировать аптеку по карте/полевой проверке,Открыто
QI-14c051084a5f,Без названия и адреса,,PHARM-35577057f789,,,Идентифицировать аптеку по карте/полевой проверке,Открыто
QI-266ec8dc4c51,Без названия и адреса,,PHARM-580bda2ff9b3,,,Идентифицировать аптеку по карте/полевой проверке,Открыто
QI-d689808723c8,Без названия и адреса,,PHARM-19fb5946afde,,,Идентифицировать аптеку по карте/полевой проверке,Открыто
QI-c25bf0c10377,Без названия и адреса,,PHARM-f7ef8040d894,,,Идентифицировать аптеку по карте/полевой проверке,Открыто
QI-6bc78982c729,Без названия и адреса,,PHARM-59326ab0891b,,,Идентифицировать аптеку по карте/полевой проверке,Открыто
QI-d237947616e4,Без названия и адреса,,PHARM-7b83dbf0bc30,,,Идентифицировать аптеку по карте/полевой проверке,Открыто
QI-408c9dc6ab4a,Без названия и адреса,,PHARM-f55da0144ac5,,,Идентифицировать аптеку по карте/полевой проверке,Открыто
QI-35948be590da,Без названия и адреса,,PHARM-c6efd0fcea9a,,,Идентифицировать аптеку по карте/полевой проверке,Открыто
QI-ff83696cb10b,Без названия и адреса,,PHARM-e2fbce2ba683,,,Идентифицировать аптеку по карте/полевой проверке,Открыто
QI-936c1abcea51,Без названия и адреса,,PHARM-dff4699843d3,,,Идентифицировать аптеку по карте/полевой проверке,Открыто
QI-0327ddbb4c77,Без названия и адреса,,PHARM-fa92f442ca69,,,Идентифицировать аптеку по карте/полевой проверке,Открыто
QI-872917b22922,Без названия и адреса,,PHARM-e4ccdba8fa91,,,Идентифицировать аптеку по карте/полевой проверке,Открыто
QI-359f237b73ed,Без названия и адреса,,PHARM-a53c8e68143f,,,Идентифицировать аптеку по карте/полевой проверке,Открыто
QI-70a1f02e0e5e,Без названия и адреса,,PHARM-ff26100c009e,,,Идентифицировать аптеку по карте/полевой проверке,Открыто
QI-704ba93d6dec,Без названия и адреса,,PHARM-c85dbea66c18,,,Идентифицировать аптеку по карте/полевой проверке,Открыто
QI-575777968e49,Без названия и адреса,,PHARM-c5c1334acc06,,,Идентифицировать аптеку по карте/полевой проверке,Открыто
QI-e71591ce9e74,Без названия и адреса,,PHARM-ae3156fa33ea,,,Идентифицировать аптеку по карте/полевой проверке,Открыто
QI-a20f7bfed8aa,Без названия и адреса,,PHARM-da2056050b33,,,Идентифицировать аптеку по карте/полевой проверке,Открыто
QI-f87a2513b08d,Без названия и адреса,,PHARM-97d7bb4eb6cd,,,Идентифицировать аптеку по карте/полевой проверке,Открыто
QI-39cdc8361d75,Без названия и адреса,,PHARM-9237ecc178ae,,,Идентифицировать аптеку по карте/полевой проверке,Открыто
QI-c15e001d7005,Без названия и адреса,,PHARM-e646d5a9736e,,,Идентифицировать аптеку по карте/полевой проверке,Открыто
QI-2166b6169683,Без названия и адреса,,PHARM-86ac42f45a52,,,Идентифицировать аптеку по карте/полевой проверке,Открыто
QI-ad9458e58fef,Без названия и адреса,,PHARM-7fe1b33477f8,,,Идентифицировать аптеку по карте/полевой проверке,Открыто
QI-50f24a34556c,Без названия и адреса,,PHARM-f2313f558bf6,,,Идентифицировать аптеку по карте/полевой проверке,Открыто
QI-ec36e443ca0a,Без названия и адреса,,PHARM-6451ed270923,,,Идентифицировать аптеку по карте/полевой проверке,Открыто
QI-e2f2dd660cc1,Без названия и адреса,,PHARM-1402aa023754,,,Идентифицировать аптеку по карте/полевой проверке,Открыто
QI-f6908cd8a286,Без названия и адреса,,PHARM-c6acb554a2b5,,,Идентифицировать аптеку по карте/полевой проверке,Открыто
QI-7763d62ee993,Без названия и адреса,,PHARM-0a4ebcfe568b,,,Идентифицировать аптеку по карте/полевой проверке,Открыто
QI-de81d03fdbfa,Без названия и адреса,,PHARM-834c49fb5e9a,,,Идентифицировать аптеку по карте/полевой проверке,Открыто
QI-c4850f8295dc,Без названия и адреса,,PHARM-398084fe8881,,,Идентифицировать аптеку по карте/полевой проверке,Открыто
QI-29018944ca7f,Без названия и адреса,,PHARM-ed466a402db2,,,Идентифицировать аптеку по карте/полевой проверке,Открыто
QI-86e9782019f1,Без названия и адреса,,PHARM-99647f5c39f0,,,Идентифицировать аптеку по карте/полевой проверке,Открыто
QI-68734000c1ba,Без названия и адреса,,PHARM-cf65fb15cfa5,,,Идентифицировать аптеку по карте/полевой проверке,Открыто
QI-c6b102814dc2,Без названия и адреса,,PHARM-280c88e9b67d,,,Идентифицировать аптеку по карте/полевой проверке,Открыто
QI-1c5062a6ca6b,Без названия и адреса,,PHARM-7cdc45a6fd7a,,,Идентифицировать аптеку по карте/полевой проверке,Открыто
QI-b0fca3c0741c,Без названия и адреса,,PHARM-4a5b95fdd997,,,Идентифицировать аптеку по карте/полевой проверке,Открыто
QI-6ccf6b1149fb,Без названия и адреса,,PHARM-68c5e5eb3a67,,,Идентифицировать аптеку по карте/полевой проверке,Открыто
QI-88e1c84f8b55,Без названия и адреса,,PHARM-e801e39579ba,,,Идентифицировать аптеку по карте/полевой проверке,Открыто
QI-f07bd264816e,Без названия и адреса,,PHARM-796ab290c36c,,,Идентифицировать аптеку по карте/полевой проверке,Открыто
QI-3c52fa4a2943,Без названия и адреса,,PHARM-bb74d44494d0,,,Идентифицировать аптеку по карте/полевой проверке,Открыто
QI-263362802101,Без названия и адреса,,PHARM-990407d3de8a,,,Идентифицировать аптеку по карте/полевой проверке,Открыто
QI-6cbce81fea42,Без названия и адреса,,PHARM-d7850fce3025,,,Идентифицировать аптеку по карте/полевой проверке,Открыто
QI-a03f3a9b65aa,Без названия и адреса,,PHARM-b17333bae539,,,Идентифицировать аптеку по карте/полевой проверке,Открыто
QI-2c41f6e380b4,Без названия и адреса,,PHARM-86352da68d3c,,,Идентифицировать аптеку по карте/полевой проверке,Открыто
QI-cac0e30c4488,Без названия и адреса,,PHARM-3f11f89fd70d,,,Идентифицировать аптеку по карте/полевой проверке,Открыто
QI-4b2e6ffd4a9b,Без названия и адреса,,PHARM-784b1ddf5ec4,,,Идентифицировать аптеку по карте/полевой проверке,Открыто
QI-7ef1a6606178,Без названия и адреса,,PHARM-229033a1562b,,,Идентифицировать аптеку по карте/полевой проверке,Открыто
QI-7e56e99c2f74,Без названия и адреса,,PHARM-3c9eb6634f8d,,,Идентифицировать аптеку по карте/полевой проверке,Открыто
QI-728638e406d0,Без названия и адреса,,PHARM-8e7b3cb7ab46,,,Идентифицировать аптеку по карте/полевой проверке,Открыто
QI-a38a635124b2,Без названия и адреса,,PHARM-b35340d37fe8,,,Идентифицировать аптеку по карте/полевой проверке,Открыто
QI-656e3b4b635c,Без названия и адреса,,PHARM-b2800143777f,,,Идентифицировать аптеку по карте/полевой проверке,Открыто
QI-e690a8d6fe5f,Без названия и адреса,,PHARM-50cdf1b3bf59,,,Идентифицировать аптеку по карте/полевой проверке,Открыто
QI-723f47dfe412,Без названия и адреса,,PHARM-9e735db0d817,,,Идентифицировать аптеку по карте/полевой проверке,Открыто
QI-efbcca639ecb,Без названия и адреса,,PHARM-afe2cc92d492,,,Идентифицировать аптеку по карте/полевой проверке,Открыто
QI-319375bc5f9c,Без названия и адреса,,PHARM-17c82dca1387,,,Идентифицировать аптеку по карте/полевой проверке,Открыто
QI-5b588c710e39,Без названия и адреса,,PHARM-e7692b8a44e5,,,Идентифицировать аптеку по карте/полевой проверке,Открыто
QI-2b02d58d217c,Без названия и адреса,,PHARM-4be0ff66574b,,,Идентифицировать аптеку по карте/полевой проверке,Открыто
QI-2778f19bbf39,Без названия и адреса,,PHARM-c73bd78669f6,,,Идентифицировать аптеку по карте/полевой проверке,Открыто
QI-7c3cb9471e95,Без названия и адреса,,PHARM-893a942e09a8,,,Идентифицировать аптеку по карте/полевой проверке,Открыто
QI-ae8547ad236f,Без названия и адреса,,PHARM-0ca7ba0d44a4,,,Идентифицировать аптеку по карте/полевой проверке,Открыто
QI-49b9bafe5594,Без названия и адреса,,PHARM-e7f6d928d940,,,Идентифицировать аптеку по карте/полевой проверке,Открыто
QI-062125a99961,Без названия и адреса,,PHARM-559aab86115b,,,Идентифицировать аптеку по карте/полевой проверке,Открыто
QI-3621ddbf5831,Без названия и адреса,,PHARM-687ae118bf15,,,Идентифицировать аптеку по карте/полевой проверке,Открыто
QI-32231c5f68ba,Без названия и адреса,,PHARM-07189c41c546,,,Идентифицировать аптеку по карте/полевой проверке,Открыто
QI-d794720287ea,Без названия и адреса,,PHARM-518abd154d1c,,,Идентифицировать аптеку по карте/полевой проверке,Открыто
QI-0f632bdbdbc7,Без названия и адреса,,PHARM-15f0a3d94e14,,,Идентифицировать аптеку по карте/полевой проверке,Открыто
QI-46c7710627ad,Без названия и адреса,,PHARM-26cf924ba43b,,,Идентифицировать аптеку по карте/полевой проверке,Открыто
QI-13ac0be826a4,Без названия и адреса,,PHARM-b96f876a8dd6,,,Идентифицировать аптеку по карте/полевой проверке,Открыто
QI-125c885dff7e,Без названия и адреса,,PHARM-5193d16817c5,,,Идентифицировать аптеку по карте/полевой проверке,Открыто
QI-aea6d05a2b9e,Без названия и адреса,,PHARM-726f468b2f7c,,,Идентифицировать аптеку по карте/полевой проверке,Открыто
QI-f57543b76451,Без названия и адреса,,PHARM-83f7052d2fc2,,,Идентифицировать аптеку по карте/полевой проверке,Открыто
QI-e58dde21171d,Без названия и адреса,,PHARM-9e447df06522,,,Идентифицировать аптеку по карте/полевой проверке,Открыто
QI-3466770a1439,Без названия и адреса,,PHARM-5ac9b0b6e141,,,Идентифицировать аптеку по карте/полевой проверке,Открыто
QI-ff57e8f789c9,Без названия и адреса,,PHARM-dc53075aa55b,,,Идентифицировать аптеку по карте/полевой проверке,Открыто
QI-24b979d1593e,Без названия и адреса,,PHARM-daa996d9abd0,,,Идентифицировать аптеку по карте/полевой проверке,Открыто
QI-644a4b63f652,Без названия и адреса,,PHARM-06adcfe1941d,,,Идентифицировать аптеку по карте/полевой проверке,Открыто
QI-107757178c39,Без названия и адреса,,PHARM-27f3fed7da9f,,,Идентифицировать аптеку по карте/полевой проверке,Открыто
QI-4b5159ed96bd,Без названия и адреса,,PHARM-8a04b96400ad,,,Идентифицировать аптеку по карте/полевой проверке,Открыто
QI-5405b5d3c8d5,Без названия и адреса,,PHARM-e1511e613ae9,,,Идентифицировать аптеку по карте/полевой проверке,Открыто
QI-bd8468ba2ba5,Без названия и адреса,,PHARM-2ea80d36ec4e,,,Идентифицировать аптеку по карте/полевой проверке,Открыто
QI-78963bfc1da0,Без названия и адреса,,PHARM-3ca636e09082,,,Идентифицировать аптеку по карте/полевой проверке,Открыто
QI-521f5ca49257,Без названия и адреса,,PHARM-b0ae717ee07a,,,Идентифицировать аптеку по карте/полевой проверке,Открыто
QI-38d42d1855e7,Без названия и адреса,,PHARM-717d6c777676,,,Идентифицировать аптеку по карте/полевой проверке,Открыто
QI-8378cfbd04dc,Без названия и адреса,,PHARM-5e6f6e1de2ce,,,Идентифицировать аптеку по карте/полевой проверке,Открыто
QI-64d020404ca0,Без названия и адреса,,PHARM-6d2b0166bc69,,,Идентифицировать аптеку по карте/полевой проверке,Открыто
QI-81ac01896cc2,Без названия и адреса,,PHARM-bb6b2399cf99,,,Идентифицировать аптеку по карте/полевой проверке,Открыто
QI-db306b8985e6,Без названия и адреса,,PHARM-2c4cbb225ca4,,,Идентифицировать аптеку по карте/полевой проверке,Открыто
QI-57ed5460bd22,Без названия и адреса,,PHARM-51561f28581d,,,Идентифицировать аптеку по карте/полевой проверке,Открыто
QI-22b5d751b472,Без названия и адреса,,PHARM-77b55d6b898f,,,Идентифицировать аптеку по карте/полевой проверке,Открыто
QI-66a163be2fff,Без названия и адреса,,PHARM-2c578973af5e,,,Идентифицировать аптеку по карте/полевой проверке,Открыто
QI-b1064115619c,Без названия и адреса,,PHARM-9ad056bef0b6,,,Идентифицировать аптеку по карте/полевой проверке,Открыто
QI-d607b83706ae,Без названия и адреса,,PHARM-30b282ae73c2,,,Идентифицировать аптеку по карте/полевой проверке,Открыто
QI-3baeeab4a8a0,Без названия и адреса,,PHARM-6368990756e0,,,Идентифицировать аптеку по карте/полевой проверке,Открыто
QI-c05a9ea64ad2,Без названия и адреса,,PHARM-886087a8cb67,,,Идентифицировать аптеку по карте/полевой проверке,Открыто
QI-8e71b6a0ca3e,Без названия и адреса,,PHARM-90530b39370d,,,Идентифицировать аптеку по карте/полевой проверке,Открыто
QI-eacf0b15889b,Без названия и адреса,,PHARM-22c19f20f985,,,Идентифицировать аптеку по карте/полевой проверке,Открыто
QI-2dd71d73ebe7,Без названия и адреса,,PHARM-7d43b5b240ed,,,Идентифицировать аптеку по карте/полевой проверке,Открыто
QI-cf21f983e2ee,Без названия и адреса,,PHARM-c5937b5e91d9,,,Идентифицировать аптеку по карте/полевой проверке,Открыто
QI-27bb30421369,Без названия и адреса,,PHARM-c704a5c0e705,,,Идентифицировать аптеку по карте/полевой проверке,Открыто
QI-cab4df3e3a8c,Без названия и адреса,,PHARM-6992e961f986,,,Идентифицировать аптеку по карте/полевой проверке,Открыто
QI-6908ebf90309,Без названия и адреса,,PHARM-1b6d88fad67a,,,Идентифицировать аптеку по карте/полевой проверке,Открыто
QI-692100596a2e,Без названия и адреса,,PHARM-7131d4d4f97d,,,Идентифицировать аптеку по карте/полевой проверке,Открыто
QI-45a499bcf438,Без названия и адреса,,PHARM-2775520ba4fa,,,Идентифицировать аптеку по карте/полевой проверке,Открыто
QI-b2f1f77ea6b7,Без названия и адреса,,PHARM-6434e254ee20,,,Идентифицировать аптеку по карте/полевой проверке,Открыто
QI-0ffe5c047c62,Без названия и адреса,,PHARM-1ec92e29eb3a,,,Идентифицировать аптеку по карте/полевой проверке,Открыто
QI-fbf430103386,Без названия и адреса,,PHARM-275597e3b3e3,,,Идентифицировать аптеку по карте/полевой проверке,Открыто
QI-e1de7881a545,Без названия и адреса,,PHARM-55c17233bfff,,,Идентифицировать аптеку по карте/полевой проверке,Открыто
QI-014befc4244d,Без названия и адреса,,PHARM-7a7a2bc898af,,,Идентифицировать аптеку по карте/полевой проверке,Открыто
QI-672e3c79740d,Без названия и адреса,,PHARM-28185c875131,,,Идентифицировать аптеку по карте/полевой проверке,Открыто
QI-a768eb9479df,Без названия и адреса,,PHARM-d7a36b415143,,,Идентифицировать аптеку по карте/полевой проверке,Открыто
QI-2357d10dfafa,Без названия и адреса,,PHARM-f31661a55dc8,,,Идентифицировать аптеку по карте/полевой проверке,Открыто
QI-7675bf498754,Без названия и адреса,,PHARM-8822a3b17fe2,,,Идентифицировать аптеку по карте/полевой проверке,Открыто
QI-157e06f62bd6,Без названия и адреса,,PHARM-a33af811fb61,,,Идентифицировать аптеку по карте/полевой проверке,Открыто
QI-102bdf6c5505,Без названия и адреса,,PHARM-2d936301d2c0,,,Идентифицировать аптеку по карте/полевой проверке,Открыто
QI-8d782988c25a,Без названия и адреса,,PHARM-4e44c41e83e0,,,Идентифицировать аптеку по карте/полевой проверке,Открыто
QI-4151b9305db6,Без названия и адреса,,PHARM-e594bd5dfb14,,,Идентифицировать аптеку по карте/полевой проверке,Открыто
QI-ff3015b98956,Без названия и адреса,,PHARM-db06ce18c0c5,,,Идентифицировать аптеку по карте/полевой проверке,Открыто
QI-9abbcf283e84,Без названия и адреса,,PHARM-a18cded83112,,,Идентифицировать аптеку по карте/полевой проверке,Открыто
QI-614255ba5d4b,Без названия и адреса,,PHARM-5a08eb666213,,,Идентифицировать аптеку по карте/полевой проверке,Открыто
QI-e3aef5d5b3fb,Без названия и адреса,,PHARM-066e5e3719c3,,,Идентифицировать аптеку по карте/полевой проверке,Открыто
QI-6c471226365b,Без названия и адреса,,PHARM-dd7c5e49657f,,,Идентифицировать аптеку по карте/полевой проверке,Открыто
QI-4810d00e30a6,Без названия и адреса,,PHARM-ed241cada6a6,,,Идентифицировать аптеку по карте/полевой проверке,Открыто
QI-fd174b2c6582,Без названия и адреса,,PHARM-2d8a73ae0e26,,,Идентифицировать аптеку по карте/полевой проверке,Открыто
QI-2390c7be67d4,Без названия и адреса,,PHARM-98170be30892,,,Идентифицировать аптеку по карте/полевой проверке,Открыто
QI-2a562523a9aa,Без названия и адреса,,PHARM-0056d8db56eb,,,Идентифицировать аптеку по карте/полевой проверке,Открыто
QI-b3e55046dfcb,Без названия и адреса,,PHARM-1fb79db2d992,,,Идентифицировать аптеку по карте/полевой проверке,Открыто
QI-7ed4b57391d4,Без названия и адреса,,PHARM-1c38ea5573dd,,,Идентифицировать аптеку по карте/полевой проверке,Открыто
QI-7a03d225947c,Без названия и адреса,,PHARM-a130bb7a3200,,,Идентифицировать аптеку по карте/полевой проверке,Открыто
QI-e4057d4dd90f,Без названия и адреса,,PHARM-21dc572ad43b,,,Идентифицировать аптеку по карте/полевой проверке,Открыто
QI-058302494316,Без названия и адреса,,PHARM-81baf65d30b7,,,Идентифицировать аптеку по карте/полевой проверке,Открыто
QI-87ce026bc242,Без названия и адреса,,PHARM-ed8064c5fad7,,,Идентифицировать аптеку по карте/полевой проверке,Открыто
QI-5b1b1c947c3b,Без названия и адреса,,PHARM-4af4caa33198,,,Идентифицировать аптеку по карте/полевой проверке,Открыто
QI-4d521bfb0217,Без названия и адреса,,PHARM-8e5e8054f83c,,,Идентифицировать аптеку по карте/полевой проверке,Открыто
QI-e65430f8aec8,Без названия и адреса,,PHARM-113b98a66b28,,,Идентифицировать аптеку по карте/полевой проверке,Открыто
QI-0d1b8e2d7db8,Без названия и адреса,,PHARM-526c491759f5,,,Идентифицировать аптеку по карте/полевой проверке,Открыто
QI-6177b8f7d755,Без названия и адреса,,PHARM-6c540de65e1a,,,Идентифицировать аптеку по карте/полевой проверке,Открыто
QI-755de76888c1,Без названия и адреса,,PHARM-80222dd327ba,,,Идентифицировать аптеку по карте/полевой проверке,Открыто
QI-e611741f3d01,Без названия и адреса,,PHARM-e35314245299,,,Идентифицировать аптеку по карте/полевой проверке,Открыто
QI-d33788367f67,Без названия и адреса,,PHARM-e81d9f6bcac2,,,Идентифицировать аптеку по карте/полевой проверке,Открыто
QI-9dbdf7ae028d,Без названия и адреса,,PHARM-c9bac4453e93,,,Идентифицировать аптеку по карте/полевой проверке,Открыто
QI-c702350213a6,Без названия и адреса,,PHARM-e3bf2f714276,,,Идентифицировать аптеку по карте/полевой проверке,Открыто
QI-460a8649a1a3,Без названия и адреса,,PHARM-ff0870592d9a,,,Идентифицировать аптеку по карте/полевой проверке,Открыто
QI-002c8f3713e6,Без названия и адреса,,PHARM-ddcbdc1f04ca,,,Идентифицировать аптеку по карте/полевой проверке,Открыто
QI-6832b1fc88e8,Без названия и адреса,,PHARM-523bde3dc89a,,,Идентифицировать аптеку по карте/полевой проверке,Открыто
QI-09ab0cfb4856,Без названия и адреса,,PHARM-d37761cb7351,,,Идентифицировать аптеку по карте/полевой проверке,Открыто
QI-c51f2e52d381,Без названия и адреса,,PHARM-a82e7d197a56,,,Идентифицировать аптеку по карте/полевой проверке,Открыто
QI-95fe84fc2e20,Без названия и адреса,,PHARM-2bb321cb9362,,,Идентифицировать аптеку по карте/полевой проверке,Открыто
QI-847b187ba185,Без названия и адреса,,PHARM-851bd2656c1f,,,Идентифицировать аптеку по карте/полевой проверке,Открыто
QI-84f0d61caa07,Без названия и адреса,,PHARM-1f7604c55a5a,,,Идентифицировать аптеку по карте/полевой проверке,Открыто
QI-22fed23586fa,Без названия и адреса,,PHARM-39ed35ea0db8,,,Идентифицировать аптеку по карте/полевой проверке,Открыто
QI-3315ad4f8474,Без названия и адреса,,PHARM-74b2075c504d,,,Идентифицировать аптеку по карте/полевой проверке,Открыто
QI-6411fc91ee45,Без названия и адреса,,PHARM-f0829e191d96,,,Идентифицировать аптеку по карте/полевой проверке,Открыто
QI-b992af885363,Без названия и адреса,,PHARM-3750ed405dda,,,Идентифицировать аптеку по карте/полевой проверке,Открыто
QI-077e23c8767a,Без названия и адреса,,PHARM-42cf148d0787,,,Идентифицировать аптеку по карте/полевой проверке,Открыто
QI-cbbaefd8d4ce,Без названия и адреса,,PHARM-a0491de354ea,,,Идентифицировать аптеку по карте/полевой проверке,Открыто
QI-c87e5f3f5a10,Без названия и адреса,,PHARM-aa2826398036,,,Идентифицировать аптеку по карте/полевой проверке,Открыто
QI-6b287b25e82d,Без названия и адреса,,PHARM-d57ea6b6e38d,,,Идентифицировать аптеку по карте/полевой проверке,Открыто
QI-f72c4f964f4f,Без названия и адреса,,PHARM-8c46652a4643,,,Идентифицировать аптеку по карте/полевой проверке,Открыто
QI-811a1cab6b17,Без названия и адреса,,PHARM-8beac46bde28,,,Идентифицировать аптеку по карте/полевой проверке,Открыто
QI-a01e59b87d13,Без названия и адреса,,PHARM-4eeb14713397,,,Идентифицировать аптеку по карте/полевой проверке,Открыто
QI-4a876c32805f,Без названия и адреса,,PHARM-b54be7f1caf6,,,Идентифицировать аптеку по карте/полевой проверке,Открыто
QI-ea70ef1c79cf,Без названия и адреса,,PHARM-9841527cdb2f,,,Идентифицировать аптеку по карте/полевой проверке,Открыто
QI-1eaffcf8d56c,Без названия и адреса,,PHARM-5ea5ebf70de7,,,Идентифицировать аптеку по карте/полевой проверке,Открыто
QI-f7d2356aac61,Без названия и адреса,,PHARM-8add3f6b1ca0,,,Идентифицировать аптеку по карте/полевой проверке,Открыто
QI-6b8cf55f3b8e,Без названия и адреса,,PHARM-6fd157ae71e0,,,Идентифицировать аптеку по карте/полевой проверке,Открыто
QI-d346f61708b4,Без названия и адреса,,PHARM-6be82729c769,,,Идентифицировать аптеку по карте/полевой проверке,Открыто
QI-74bc1cc98ee5,Без названия и адреса,,PHARM-bff1ed013243,,,Идентифицировать аптеку по карте/полевой проверке,Открыто
QI-29b3a581b829,Без названия и адреса,,PHARM-e685764d8280,,,Идентифицировать аптеку по карте/полевой проверке,Открыто
QI-7794837d105b,Без названия и адреса,,PHARM-06e1e09118d8,,,Идентифицировать аптеку по карте/полевой проверке,Открыто
QI-6014b988a51e,Без названия и адреса,,PHARM-5dfd3b62b28a,,,Идентифицировать аптеку по карте/полевой проверке,Открыто
QI-60845909eba7,Без названия и адреса,,PHARM-41786c649811,,,Идентифицировать аптеку по карте/полевой проверке,Открыто
QI-eaaeea15caf6,Без названия и адреса,,PHARM-e87b2d81a124,,,Идентифицировать аптеку по карте/полевой проверке,Открыто
QI-a2e38557d4da,Без названия и адреса,,PHARM-266fca1762f7,,,Идентифицировать аптеку по карте/полевой проверке,Открыто
QI-2a2ff1497472,Без названия и адреса,,PHARM-d5bb0e97f71f,,,Идентифицировать аптеку по карте/полевой проверке,Открыто
QI-2dafc559fe1a,Без названия и адреса,,PHARM-b301d3c84aa0,,,Идентифицировать аптеку по карте/полевой проверке,Открыто
QI-c1b6565bdb61,Без названия и адреса,,PHARM-e1553213b232,,,Идентифицировать аптеку по карте/полевой проверке,Открыто
QI-f300f0b4ccba,Без названия и адреса,,PHARM-03256f3b9648,,,Идентифицировать аптеку по карте/полевой проверке,Открыто
QI-9885b6db73b4,Без названия и адреса,,PHARM-7d1606ce1805,,,Идентифицировать аптеку по карте/полевой проверке,Открыто
QI-bcd13577f622,Без названия и адреса,,PHARM-d4ca06b4489d,,,Идентифицировать аптеку по карте/полевой проверке,Открыто
QI-647cda632100,Без названия и адреса,,PHARM-3e8623c92a45,,,Идентифицировать аптеку по карте/полевой проверке,Открыто
QI-33b29fe70ef3,Без названия и адреса,,PHARM-852e348b608f,,,Идентифицировать аптеку по карте/полевой проверке,Открыто
QI-f4f5f80377ff,Без названия и адреса,,PHARM-76bb08a0a703,,,Идентифицировать аптеку по карте/полевой проверке,Открыто
QI-3dd71b132a2c,Без названия и адреса,,PHARM-69df1cee9317,,,Идентифицировать аптеку по карте/полевой проверке,Открыто
QI-595d41248d55,Без названия и адреса,,PHARM-f71d7e445eaf,,,Идентифицировать аптеку по карте/полевой проверке,Открыто
QI-c9ac2586625a,Без названия и адреса,,PHARM-5b0d4dc9eefc,,,Идентифицировать аптеку по карте/полевой проверке,Открыто
QI-fc2e0ce33e63,Без названия и адреса,,PHARM-8c8d4e850a06,,,Идентифицировать аптеку по карте/полевой проверке,Открыто
QI-f6355f1184e2,Без названия и адреса,,PHARM-47fc783480c0,,,Идентифицировать аптеку по карте/полевой проверке,Открыто
QI-6a8eb9c43d5d,Без названия и адреса,,PHARM-b8b94fbec668,,,Идентифицировать аптеку по карте/полевой проверке,Открыто
QI-caf96689f8fc,Без названия и адреса,,PHARM-38d56564d38e,,,Идентифицировать аптеку по карте/полевой проверке,Открыто
QI-15a2c11914ee,Без названия и адреса,,PHARM-2192aac6f9f6,,,Идентифицировать аптеку по карте/полевой проверке,Открыто
QI-93c8f370f42a,Без названия и адреса,,PHARM-2f800bb949b7,,,Идентифицировать аптеку по карте/полевой проверке,Открыто
QI-70e63438e3d9,Без названия и адреса,,PHARM-1d220b83f9af,,,Идентифицировать аптеку по карте/полевой проверке,Открыто
QI-fa7c6e81c81c,Без названия и адреса,,PHARM-e139ebc7f2fd,,,Идентифицировать аптеку по карте/полевой проверке,Открыто
QI-c747f04cff81,Без названия и адреса,,PHARM-ff0661c8faf5,,,Идентифицировать аптеку по карте/полевой проверке,Открыто
QI-f184a1eaeab2,Без названия и адреса,,PHARM-b40320dedc57,,,Идентифицировать аптеку по карте/полевой проверке,Открыто
QI-fb7309f397c9,Без названия и адреса,,PHARM-03c4e0de51d3,,,Идентифицировать аптеку по карте/полевой проверке,Открыто
QI-bf70eefe7b8a,Без названия и адреса,,PHARM-1d9be0d16170,,,Идентифицировать аптеку по карте/полевой проверке,Открыто
QI-ecd68f5c8a4b,Без названия и адреса,,PHARM-7e067810fcf2,,,Идентифицировать аптеку по карте/полевой проверке,Открыто
QI-ed0cdee681da,Без названия и адреса,,PHARM-8503cf742bcc,,,Идентифицировать аптеку по карте/полевой проверке,Открыто
QI-ab8c26457799,Без названия и адреса,,PHARM-cf45613bb29e,,,Идентифицировать аптеку по карте/полевой проверке,Открыто
QI-b9c05d54ea65,Без названия и адреса,,PHARM-e43581a5ed75,,,Идентифицировать аптеку по карте/полевой проверке,Открыто
QI-2829cd80a92f,Без названия и адреса,,PHARM-9de83c8d37cf,,,Идентифицировать аптеку по карте/полевой проверке,Открыто
QI-fa787d38f870,Без названия и адреса,,PHARM-b1847ac9bdee,,,Идентифицировать аптеку по карте/полевой проверке,Открыто
QI-c6ef62c1ee29,Без названия и адреса,,PHARM-4415351c93c5,,,Идентифицировать аптеку по карте/полевой проверке,Открыто
QI-4ce1b483eadb,Без названия и адреса,,PHARM-95f5c80d0d52,,,Идентифицировать аптеку по карте/полевой проверке,Открыто
QI-2ecdc13c93c1,Без названия и адреса,,PHARM-593bc54616b5,,,Идентифицировать аптеку по карте/полевой проверке,Открыто
QI-6bfa542727da,Без названия и адреса,,PHARM-d45b75cd671d,,,Идентифицировать аптеку по карте/полевой проверке,Открыто
QI-dde6586fa602,Без названия и адреса,,PHARM-9847407fe255,,,Идентифицировать аптеку по карте/полевой проверке,Открыто
QI-36204e3df558,Без названия и адреса,,PHARM-afa87e1687ee,,,Идентифицировать аптеку по карте/полевой проверке,Открыто
QI-cccd65798269,Без названия и адреса,,PHARM-a075107033d1,,,Идентифицировать аптеку по карте/полевой проверке,Открыто
QI-095e9cb0ccb7,Без названия и адреса,,PHARM-926f6d6e42d5,,,Идентифицировать аптеку по карте/полевой проверке,Открыто
QI-5d7bccd2faa5,Без названия и адреса,,PHARM-92093eb9243f,,,Идентифицировать аптеку по карте/полевой проверке,Открыто
QI-ae54342580bb,Без названия и адреса,,PHARM-5c0e36661ea9,,,Идентифицировать аптеку по карте/полевой проверке,Открыто
QI-90db069dbd6b,Без названия и адреса,,PHARM-32873a244041,,,Идентифицировать аптеку по карте/полевой проверке,Открыто
QI-70a3f275f31d,Без названия и адреса,,PHARM-2c04e86d0f14,,,Идентифицировать аптеку по карте/полевой проверке,Открыто
QI-9231d5674be4,Без названия и адреса,,PHARM-97cbf5c19d08,,,Идентифицировать аптеку по карте/полевой проверке,Открыто
QI-f9ac1234bc8e,Без названия и адреса,,PHARM-0a772c1cca52,,,Идентифицировать аптеку по карте/полевой проверке,Открыто
QI-51c77412346d,Без названия и адреса,,PHARM-77d64a8a6311,,,Идентифицировать аптеку по карте/полевой проверке,Открыто
QI-31966c9c7348,Без названия и адреса,,PHARM-f390fdd564a9,,,Идентифицировать аптеку по карте/полевой проверке,Открыто
QI-eecd06e9d453,Без названия и адреса,,PHARM-03feb7befb56,,,Идентифицировать аптеку по карте/полевой проверке,Открыто
QI-a934bd4c4a57,Без названия и адреса,,PHARM-fd51dc571644,,,Идентифицировать аптеку по карте/полевой проверке,Открыто
QI-150c53f3b91c,Без названия и адреса,,PHARM-310a8a4c5aca,,,Идентифицировать аптеку по карте/полевой проверке,Открыто
QI-c3db5fe23152,Без названия и адреса,,PHARM-af0b1e4d31a3,,,Идентифицировать аптеку по карте/полевой проверке,Открыто
QI-f064d8bca89d,Без названия и адреса,,PHARM-7fa7e0c34300,,,Идентифицировать аптеку по карте/полевой проверке,Открыто
QI-5d7a6c0eb131,Без названия и адреса,,PHARM-e03e20e720df,,,Идентифицировать аптеку по карте/полевой проверке,Открыто
QI-7aeb7c640f09,Без названия и адреса,,PHARM-70a591809000,,,Идентифицировать аптеку по карте/полевой проверке,Открыто
QI-52dd808f6054,Без названия и адреса,,PHARM-715b27e2c260,,,Идентифицировать аптеку по карте/полевой проверке,Открыто
QI-e94b4162b243,Без названия и адреса,,PHARM-afd011184282,,,Идентифицировать аптеку по карте/полевой проверке,Открыто
QI-a9513c295ed4,Без названия и адреса,,PHARM-74e62f5c735f,,,Идентифицировать аптеку по карте/полевой проверке,Открыто
QI-a13aaa43fe35,Без названия и адреса,,PHARM-cb1bffa19fae,,,Идентифицировать аптеку по карте/полевой проверке,Открыто
QI-925caecf9e69,Без названия и адреса,,PHARM-c031baec2e1c,,,Идентифицировать аптеку по карте/полевой проверке,Открыто
QI-da8036b2ecdf,Без названия и адреса,,PHARM-526af9f07eec,,,Идентифицировать аптеку по карте/полевой проверке,Открыто
QI-29c649a91906,Без названия и адреса,,PHARM-d61d30a6fe8d,,,Идентифицировать аптеку по карте/полевой проверке,Открыто
QI-964cb2aeefc2,Без названия и адреса,,PHARM-f898435d525a,,,Идентифицировать аптеку по карте/полевой проверке,Открыто
QI-20f025478c11,Без названия и адреса,,PHARM-0bc4329abdd8,,,Идентифицировать аптеку по карте/полевой проверке,Открыто
QI-98cdb9428683,Без названия и адреса,,PHARM-a16407206c3d,,,Идентифицировать аптеку по карте/полевой проверке,Открыто
QI-a04b393dc365,Без названия и адреса,,PHARM-13c7631c138c,,,Идентифицировать аптеку по карте/полевой проверке,Открыто
QI-214f6f0ebfe7,Без названия и адреса,,PHARM-b6ffab921405,,,Идентифицировать аптеку по карте/полевой проверке,Открыто
QI-4a46cf17a365,Без названия и адреса,,PHARM-c504128041bb,,,Идентифицировать аптеку по карте/полевой проверке,Открыто
QI-961190d19d22,Без названия и адреса,,PHARM-1195b3f9989c,,,Идентифицировать аптеку по карте/полевой проверке,Открыто
QI-52971a0c7d16,Без названия и адреса,,PHARM-1a82a97a77c9,,,Идентифицировать аптеку по карте/полевой проверке,Открыто
QI-ea2082e21a39,Без названия и адреса,,PHARM-9c1543c69d20,,,Идентифицировать аптеку по карте/полевой проверке,Открыто
QI-f50749084cca,Без названия и адреса,,PHARM-ad523dd8953d,,,Идентифицировать аптеку по карте/полевой проверке,Открыто
QI-e407a3afeed4,Без названия и адреса,,PHARM-24528b8c6984,,,Идентифицировать аптеку по карте/полевой проверке,Открыто
QI-4bc924cc9532,Без названия и адреса,,PHARM-a8198b78c33c,,,Идентифицировать аптеку по карте/полевой проверке,Открыто
QI-78c31a554dcb,Без названия и адреса,,PHARM-046adac42545,,,Идентифицировать аптеку по карте/полевой проверке,Открыто
QI-fe4c4d5540ba,Без названия и адреса,,PHARM-0c2b53882a20,,,Идентифицировать аптеку по карте/полевой проверке,Открыто
QI-f86dea0fe884,Без названия и адреса,,PHARM-41100668b30e,,,Идентифицировать аптеку по карте/полевой проверке,Открыто
QI-513863dadffb,Без названия и адреса,,PHARM-31198132fd8c,,,Идентифицировать аптеку по карте/полевой проверке,Открыто
QI-92aa861f1fbb,Без названия и адреса,,PHARM-8d4aaca49d67,,,Идентифицировать аптеку по карте/полевой проверке,Открыто
QI-c3767c09ea87,Без названия и адреса,,PHARM-85876273c0ff,,,Идентифицировать аптеку по карте/полевой проверке,Открыто
QI-2d55d90b7d6d,Без названия и адреса,,PHARM-6dc5ce3636b7,,,Идентифицировать аптеку по карте/полевой проверке,Открыто
QI-686165692499,Без названия и адреса,,PHARM-e4e48b77fab0,,,Идентифицировать аптеку по карте/полевой проверке,Открыто
QI-b84316cb7858,Без названия и адреса,,PHARM-bfaaa88566a0,,,Идентифицировать аптеку по карте/полевой проверке,Открыто
QI-79c6c24ff579,Без названия и адреса,,PHARM-0252b55c5c68,,,Идентифицировать аптеку по карте/полевой проверке,Открыто
QI-6be04c5d58c4,Без названия и адреса,,PHARM-49d8d50b065a,,,Идентифицировать аптеку по карте/полевой проверке,Открыто
QI-a952e8b8cb77,Без названия и адреса,,PHARM-a60910ab8b67,,,Идентифицировать аптеку по карте/полевой проверке,Открыто
QI-6c0d5f6755f9,Без названия и адреса,,PHARM-3fe1a0b05ac2,,,Идентифицировать аптеку по карте/полевой проверке,Открыто
QI-cbdd8a822fb8,Без названия и адреса,,PHARM-0a3eb7b6677c,,,Идентифицировать аптеку по карте/полевой проверке,Открыто
QI-de7fdbe8e531,Без названия и адреса,,PHARM-05babf56fa3a,,,Идентифицировать аптеку по карте/полевой проверке,Открыто
QI-7b1701123705,Без названия и адреса,,PHARM-61a14c5beb4a,,,Идентифицировать аптеку по карте/полевой проверке,Открыто
QI-1712900f7dd8,Без названия и адреса,,PHARM-1670c98d1e1e,,,Идентифицировать аптеку по карте/полевой проверке,Открыто
QI-f47d88705055,Без названия и адреса,,PHARM-152bb1d852be,,,Идентифицировать аптеку по карте/полевой проверке,Открыто
QI-2845cbb42108,Без названия и адреса,,PHARM-bf0c237859d1,,,Идентифицировать аптеку по карте/полевой проверке,Открыто
QI-0fdbdd74382d,Без названия и адреса,,PHARM-2b4e137240ad,,,Идентифицировать аптеку по карте/полевой проверке,Открыто
QI-6a7bca7fb12a,Без названия и адреса,,PHARM-51f48b947565,,,Идентифицировать аптеку по карте/полевой проверке,Открыто
QI-9592c31bf43f,Без названия и адреса,,PHARM-4075d36124b6,,,Идентифицировать аптеку по карте/полевой проверке,Открыто
QI-eaf4150b3491,Без названия и адреса,,PHARM-a1b815e9edfa,,,Идентифицировать аптеку по карте/полевой проверке,Открыто
QI-4c20ac0e5f27,Без названия и адреса,,PHARM-af920b576b50,,,Идентифицировать аптеку по карте/полевой проверке,Открыто
QI-79494f225704,Без названия и адреса,,PHARM-4521b1c58fcf,,,Идентифицировать аптеку по карте/полевой проверке,Открыто
QI-f7f3797760d9,Без названия и адреса,,PHARM-599b204d9163,,,Идентифицировать аптеку по карте/полевой проверке,Открыто
QI-113e7cb91814,Без названия и адреса,,PHARM-230060d3c987,,,Идентифицировать аптеку по карте/полевой проверке,Открыто
QI-5445b4c8bd20,Без названия и адреса,,PHARM-42e1117ffa95,,,Идентифицировать аптеку по карте/полевой проверке,Открыто
QI-cebd2d9c8f02,Без названия и адреса,,PHARM-4c19aa1cf893,,,Идентифицировать аптеку по карте/полевой проверке,Открыто
QI-e72d30ad733f,Без названия и адреса,,PHARM-c877c66cacb7,,,Идентифицировать аптеку по карте/полевой проверке,Открыто
QI-537bcf6c3f29,Без названия и адреса,,PHARM-0bfdcb274f03,,,Идентифицировать аптеку по карте/полевой проверке,Открыто
QI-489fbbc601b9,Без названия и адреса,,PHARM-0921d415101f,,,Идентифицировать аптеку по карте/полевой проверке,Открыто
QI-d923e8dc44ec,Без названия и адреса,,PHARM-c5598891a021,,,Идентифицировать аптеку по карте/полевой проверке,Открыто
QI-3b32a207ea00,Без названия и адреса,,PHARM-f3ee0ec1450c,,,Идентифицировать аптеку по карте/полевой проверке,Открыто
QI-2c1e3d5032c7,Без названия и адреса,,PHARM-bfad4170c84c,,,Идентифицировать аптеку по карте/полевой проверке,Открыто
QI-940031449423,Без названия и адреса,,PHARM-0f06411e48fa,,,Идентифицировать аптеку по карте/полевой проверке,Открыто
QI-ee31b95817d2,Без названия и адреса,,PHARM-4a3f400996ae,,,Идентифицировать аптеку по карте/полевой проверке,Открыто
QI-cb09fa4f8b66,Без названия и адреса,,PHARM-22308b403792,,,Идентифицировать аптеку по карте/полевой проверке,Открыто
QI-d86e2a0d2e39,Без названия и адреса,,PHARM-d8b3d6c50ab8,,,Идентифицировать аптеку по карте/полевой проверке,Открыто
QI-94285245879a,Без названия и адреса,,PHARM-d3438e2796f2,,,Идентифицировать аптеку по карте/полевой проверке,Открыто
QI-68d139efa5fc,Без названия и адреса,,PHARM-627dee58eeb1,,,Идентифицировать аптеку по карте/полевой проверке,Открыто
QI-3a17c181427d,Без названия и адреса,,PHARM-388fd3e6a486,,,Идентифицировать аптеку по карте/полевой проверке,Открыто
QI-197bfab06a81,Без названия и адреса,,PHARM-869e05ac985f,,,Идентифицировать аптеку по карте/полевой проверке,Открыто
QI-2b3b98f31a24,Без названия и адреса,,PHARM-3b7d475e8090,,,Идентифицировать аптеку по карте/полевой проверке,Открыто
QI-813f87952be8,Без названия и адреса,,PHARM-a0431b2215e5,,,Идентифицировать аптеку по карте/полевой проверке,Открыто
QI-0ecbe6103b94,Без названия и адреса,,PHARM-0b2b0b9b90dc,,,Идентифицировать аптеку по карте/полевой проверке,Открыто
QI-5fee9a5d3c4a,Без названия и адреса,,PHARM-111a484f058f,,,Идентифицировать аптеку по карте/полевой проверке,Открыто
QI-9116494a4801,Без названия и адреса,,PHARM-a7890d4b1cf0,,,Идентифицировать аптеку по карте/полевой проверке,Открыто
QI-cb429a7358cf,Без названия и адреса,,PHARM-d46ed7100795,,,Идентифицировать аптеку по карте/полевой проверке,Открыто
QI-a42118f3949f,Без названия и адреса,,PHARM-89794f312562,,,Идентифицировать аптеку по карте/полевой проверке,Открыто
QI-2ce5775b0726,Без названия и адреса,,PHARM-6dbb84ecdb24,,,Идентифицировать аптеку по карте/полевой проверке,Открыто
QI-ff56f5526aec,Без названия и адреса,,PHARM-db81fb06383c,,,Идентифицировать аптеку по карте/полевой проверке,Открыто
QI-0369626d9da0,Без названия и адреса,,PHARM-aa3fab717ed4,,,Идентифицировать аптеку по карте/полевой проверке,Открыто
QI-55ea7ddedf36,Без названия и адреса,,PHARM-b2bbade7156f,,,Идентифицировать аптеку по карте/полевой проверке,Открыто
QI-832f94a54dfb,Без названия и адреса,,PHARM-0628281f78cf,,,Идентифицировать аптеку по карте/полевой проверке,Открыто
QI-32582c6ab4b1,Без названия и адреса,,PHARM-3fc36f61f68e,,,Идентифицировать аптеку по карте/полевой проверке,Открыто
QI-0785b88d7a68,Без названия и адреса,,PHARM-a311bc7261e9,,,Идентифицировать аптеку по карте/полевой проверке,Открыто
QI-bf8432c8224d,Без названия и адреса,,PHARM-b8652b89d172,,,Идентифицировать аптеку по карте/полевой проверке,Открыто
QI-8ef5fa6dbb6c,Без названия и адреса,,PHARM-56de7823e09c,,,Идентифицировать аптеку по карте/полевой проверке,Открыто
QI-9beee2225cad,Без названия и адреса,,PHARM-32fa6211da1e,,,Идентифицировать аптеку по карте/полевой проверке,Открыто
QI-16f1c104cdfc,Без названия и адреса,,PHARM-0841ca7a9538,,,Идентифицировать аптеку по карте/полевой проверке,Открыто
QI-b51cba0e457d,Без названия и адреса,,PHARM-fc7fd8fa7c69,,,Идентифицировать аптеку по карте/полевой проверке,Открыто
QI-a4b89427893b,Без названия и адреса,,PHARM-e52343354b1e,,,Идентифицировать аптеку по карте/полевой проверке,Открыто
QI-0876f0ef7df8,Без названия и адреса,,PHARM-9aae8f3e9837,,,Идентифицировать аптеку по карте/полевой проверке,Открыто
QI-5cd121604cf6,Без названия и адреса,,PHARM-0a4b92959d0a,,,Идентифицировать аптеку по карте/полевой проверке,Открыто
QI-3eb1270c6b91,Без названия и адреса,,PHARM-f83c2d450b49,,,Идентифицировать аптеку по карте/полевой проверке,Открыто
QI-ce4b7aff5cb2,Без названия и адреса,,PHARM-1fc2f35c3573,,,Идентифицировать аптеку по карте/полевой проверке,Открыто
QI-54d79b2a7a75,Без названия и адреса,,PHARM-cc7b994445db,,,Идентифицировать аптеку по карте/полевой проверке,Открыто
QI-c0e43e8830ad,Без названия и адреса,,PHARM-5c3835ceed32,,,Идентифицировать аптеку по карте/полевой проверке,Открыто
QI-3e5c922451cb,Без названия и адреса,,PHARM-ef0d459c4fb4,,,Идентифицировать аптеку по карте/полевой проверке,Открыто
QI-4710500400cc,Без названия и адреса,,PHARM-c7d9336208ba,,,Идентифицировать аптеку по карте/полевой проверке,Открыто
QI-f9d57d7e4d27,Без названия и адреса,,PHARM-0498443f10f3,,,Идентифицировать аптеку по карте/полевой проверке,Открыто
QI-fb9ddbd5086e,Без названия и адреса,,PHARM-d90736168147,,,Идентифицировать аптеку по карте/полевой проверке,Открыто
QI-0e43b3a390b2,Без названия и адреса,,PHARM-fc36364f41a6,,,Идентифицировать аптеку по карте/полевой проверке,Открыто
QI-c6f47ff924ab,Без названия и адреса,,PHARM-235d313d0c54,,,Идентифицировать аптеку по карте/полевой проверке,Открыто
QI-398820916135,Без названия и адреса,,PHARM-19f8827ecd30,,,Идентифицировать аптеку по карте/полевой проверке,Открыто
QI-44382858ef75,Без названия и адреса,,PHARM-9e34b1c710ee,,,Идентифицировать аптеку по карте/полевой проверке,Открыто
QI-42910259ed0b,Без названия и адреса,,PHARM-f7fd8e453e2a,,,Идентифицировать аптеку по карте/полевой проверке,Открыто
QI-c5e61a1692aa,Без названия и адреса,,PHARM-ad41554edbea,,,Идентифицировать аптеку по карте/полевой проверке,Открыто
QI-c07644544138,Без названия и адреса,,PHARM-e2c43c5f47bf,,,Идентифицировать аптеку по карте/полевой проверке,Открыто
QI-140d4f2d3895,Без названия и адреса,,PHARM-65b0dce6868c,,,Идентифицировать аптеку по карте/полевой проверке,Открыто
QI-a6d79195c691,Без названия и адреса,,PHARM-6ac97a4b5a81,,,Идентифицировать аптеку по карте/полевой проверке,Открыто
QI-134ac4d569eb,Без названия и адреса,,PHARM-f267b07204a5,,,Идентифицировать аптеку по карте/полевой проверке,Открыто
QI-14e4de93bd48,Без названия и адреса,,PHARM-dec4a3954b41,,,Идентифицировать аптеку по карте/полевой проверке,Открыто
QI-38c9459aee7e,Без названия и адреса,,PHARM-eb9b3a4fa596,,,Идентифицировать аптеку по карте/полевой проверке,Открыто
QI-60429bc2a644,Без названия и адреса,,PHARM-d43e08f74efb,,,Идентифицировать аптеку по карте/полевой проверке,Открыто
QI-2e60dd390e14,Без названия и адреса,,PHARM-4dc1d47680f5,,,Идентифицировать аптеку по карте/полевой проверке,Открыто
QI-c178a77ad1b9,Без названия и адреса,,PHARM-d0fa6f66fddb,,,Идентифицировать аптеку по карте/полевой проверке,Открыто
QI-b030866c8f9e,Без названия и адреса,,PHARM-a38753b39940,,,Идентифицировать аптеку по карте/полевой проверке,Открыто
QI-c2e77198ca27,Без названия и адреса,,PHARM-c9cc4918ebff,,,Идентифицировать аптеку по карте/полевой проверке,Открыто
QI-1e47d137a68f,Без названия и адреса,,PHARM-a94413079ec6,,,Идентифицировать аптеку по карте/полевой проверке,Открыто
QI-3c5c7ce757f7,Без названия и адреса,,PHARM-d797025877bf,,,Идентифицировать аптеку по карте/полевой проверке,Открыто
QI-7d1294cef0f9,Без названия и адреса,,PHARM-10731a227124,,,Идентифицировать аптеку по карте/полевой проверке,Открыто
QI-a28debe95166,Без названия и адреса,,PHARM-aab3e38a8bc2,,,Идентифицировать аптеку по карте/полевой проверке,Открыто
QI-6ac9691d6a94,Без названия и адреса,,PHARM-6448ba5e4ed4,,,Идентифицировать аптеку по карте/полевой проверке,Открыто
QI-32eaf53a2477,Без названия и адреса,,PHARM-9c671a21780d,,,Идентифицировать аптеку по карте/полевой проверке,Открыто
QI-82841705b020,Без названия и адреса,,PHARM-7c15b9e973ea,,,Идентифицировать аптеку по карте/полевой проверке,Открыто
QI-ecb40e62dd3b,Без названия и адреса,,PHARM-34e91de2756d,,,Идентифицировать аптеку по карте/полевой проверке,Открыто
QI-bb439bd31445,Без названия и адреса,,PHARM-8034c8ce939c,,,Идентифицировать аптеку по карте/полевой проверке,Открыто
QI-ffe79309aabb,Без названия и адреса,,PHARM-a8111f748b4a,,,Идентифицировать аптеку по карте/полевой проверке,Открыто
QI-42e9c996ba2b,Без названия и адреса,,PHARM-fa26fdbcce8f,,,Идентифицировать аптеку по карте/полевой проверке,Открыто
QI-f117604eae2d,Без названия и адреса,,PHARM-fdb6cfd4796b,,,Идентифицировать аптеку по карте/полевой проверке,Открыто
QI-23559845e91d,Без названия и адреса,,PHARM-cc005561b2c0,,,Идентифицировать аптеку по карте/полевой проверке,Открыто
QI-ef381fc224b2,Без названия и адреса,,PHARM-1db6e0c2d389,,,Идентифицировать аптеку по карте/полевой проверке,Открыто
QI-4f940d809657,Без названия и адреса,,PHARM-5f07befc8698,,,Идентифицировать аптеку по карте/полевой проверке,Открыто
QI-ffef287cd549,Без названия и адреса,,PHARM-b663de784ba0,,,Идентифицировать аптеку по карте/полевой проверке,Открыто
QI-e8134dca602c,Без названия и адреса,,PHARM-8dfed095fb1f,,,Идентифицировать аптеку по карте/полевой проверке,Открыто
QI-32f71b37959b,Без названия и адреса,,PHARM-925158d0e8e6,,,Идентифицировать аптеку по карте/полевой проверке,Открыто
QI-9bb797d2eb36,Без названия и адреса,,PHARM-8e6a12455dfa,,,Идентифицировать аптеку по карте/полевой проверке,Открыто
QI-c6abbef0fd15,Без названия и адреса,,PHARM-7844c2f3c1e9,,,Идентифицировать аптеку по карте/полевой проверке,Открыто
QI-35651d3fa6b2,Без названия и адреса,,PHARM-75f5b07c8b55,,,Идентифицировать аптеку по карте/полевой проверке,Открыто
QI-c07073dc4c18,Без названия и адреса,,PHARM-ddf87733c1a5,,,Идентифицировать аптеку по карте/полевой проверке,Открыто
QI-8e77e824ed3c,Без названия и адреса,,PHARM-39193007c9e2,,,Идентифицировать аптеку по карте/полевой проверке,Открыто
QI-27c268f8caad,Без названия и адреса,,PHARM-a55d4b6c9fe2,,,Идентифицировать аптеку по карте/полевой проверке,Открыто
QI-c0f672d11525,Без названия и адреса,,PHARM-44c3939c4795,,,Идентифицировать аптеку по карте/полевой проверке,Открыто
QI-dbd5bc7c0722,Без названия и адреса,,PHARM-031b1e7b928f,,,Идентифицировать аптеку по карте/полевой проверке,Открыто
QI-1be2b876b15f,Без названия и адреса,,PHARM-72855414b110,,,Идентифицировать аптеку по карте/полевой проверке,Открыто
QI-b622f0aef75e,Без названия и адреса,,PHARM-e0020548b22e,,,Идентифицировать аптеку по карте/полевой проверке,Открыто
QI-bc5de3718460,Без названия и адреса,,PHARM-c5bc9b09bab1,,,Идентифицировать аптеку по карте/полевой проверке,Открыто
QI-0f0015e82f78,Без названия и адреса,,PHARM-64e62ddc6c07,,,Идентифицировать аптеку по карте/полевой проверке,Открыто
QI-07ce5b76b870,Без названия и адреса,,PHARM-9ff6470c9f31,,,Идентифицировать аптеку по карте/полевой проверке,Открыто
QI-3a34f7871a60,Без названия и адреса,,PHARM-26743ba53373,,,Идентифицировать аптеку по карте/полевой проверке,Открыто
QI-1659ee27b2e4,Без названия и адреса,,PHARM-6f6f4e5215ff,,,Идентифицировать аптеку по карте/полевой проверке,Открыто
QI-82366ba23d73,Без названия и адреса,,PHARM-2a820a03eb8c,,,Идентифицировать аптеку по карте/полевой проверке,Открыто
QI-0e0494cc10f1,Без названия и адреса,,PHARM-20a2baa27c47,,,Идентифицировать аптеку по карте/полевой проверке,Открыто
QI-faa7b454fcaa,Без названия и адреса,,PHARM-c7ce5df27335,,,Идентифицировать аптеку по карте/полевой проверке,Открыто
QI-97cd08ed999f,Без названия и адреса,,PHARM-07574bf0c085,,,Идентифицировать аптеку по карте/полевой проверке,Открыто
QI-aa306902da49,Без названия и адреса,,PHARM-2120c61c762e,,,Идентифицировать аптеку по карте/полевой проверке,Открыто
QI-c9e15e4495c5,Без названия и адреса,,PHARM-a9ac15266f70,,,Идентифицировать аптеку по карте/полевой проверке,Открыто
QI-fdce53d13957,Без названия и адреса,,PHARM-4fd922b099ee,,,Идентифицировать аптеку по карте/полевой проверке,Открыто
QI-0788a956c049,Без названия и адреса,,PHARM-e212af880fb7,,,Идентифицировать аптеку по карте/полевой проверке,Открыто
QI-f00b02e8fce7,Без названия и адреса,,PHARM-8803c75f0ff3,,,Идентифицировать аптеку по карте/полевой проверке,Открыто
QI-1958842a0755,Без названия и адреса,,PHARM-86e81f95fb8f,,,Идентифицировать аптеку по карте/полевой проверке,Открыто
QI-3d4ac98ca06b,Без названия и адреса,,PHARM-4a086243dd4a,,,Идентифицировать аптеку по карте/полевой проверке,Открыто
QI-aa60aa463db4,Без названия и адреса,,PHARM-69741dfcf9ee,,,Идентифицировать аптеку по карте/полевой проверке,Открыто
QI-f86f44517c6b,Без названия и адреса,,PHARM-b9bbb904b56d,,,Идентифицировать аптеку по карте/полевой проверке,Открыто
QI-b5b52289adc4,Без названия и адреса,,PHARM-477e4f696fac,,,Идентифицировать аптеку по карте/полевой проверке,Открыто
QI-1d2bd9aad2b6,Без названия и адреса,,PHARM-c066ef7e65e6,,,Идентифицировать аптеку по карте/полевой проверке,Открыто
QI-0dfac6a59058,Без названия и адреса,,PHARM-81a574113fd1,,,Идентифицировать аптеку по карте/полевой проверке,Открыто
QI-76a4f30d284b,Без названия и адреса,,PHARM-e17f7ee42625,,,Идентифицировать аптеку по карте/полевой проверке,Открыто
QI-0f5731eb3881,Без названия и адреса,,PHARM-98e9cf58cf8a,,,Идентифицировать аптеку по карте/полевой проверке,Открыто
QI-5845778eb762,Без названия и адреса,,PHARM-b9d15c8cb589,,,Идентифицировать аптеку по карте/полевой проверке,Открыто
QI-3e676f813fa4,Без названия и адреса,,PHARM-4f55447a642f,,,Идентифицировать аптеку по карте/полевой проверке,Открыто
QI-900f1a6badc1,Без названия и адреса,,PHARM-507378337856,,,Идентифицировать аптеку по карте/полевой проверке,Открыто
QI-2bde5e21d5d4,Без названия и адреса,,PHARM-a8f4b733439e,,,Идентифицировать аптеку по карте/полевой проверке,Открыто
QI-33ceefc34101,Без названия и адреса,,PHARM-81efb62994e2,,,Идентифицировать аптеку по карте/полевой проверке,Открыто
QI-402568c492e7,Без названия и адреса,,PHARM-91b8bdc9e125,,,Идентифицировать аптеку по карте/полевой проверке,Открыто
QI-d734e1819d7e,Без названия и адреса,,PHARM-ebc82809307a,,,Идентифицировать аптеку по карте/полевой проверке,Открыто
QI-512dca548c14,Без названия и адреса,,PHARM-e1731102c210,,,Идентифицировать аптеку по карте/полевой проверке,Открыто
QI-e3a491eca0d1,Без названия и адреса,,PHARM-2cad2246afd6,,,Идентифицировать аптеку по карте/полевой проверке,Открыто
QI-40a335dcd3ba,Без названия и адреса,,PHARM-5746aaeb4ff3,,,Идентифицировать аптеку по карте/полевой проверке,Открыто
QI-f4ca242760eb,Без названия и адреса,,PHARM-c00274065d63,,,Идентифицировать аптеку по карте/полевой проверке,Открыто
QI-b172e994cded,Без названия и адреса,,PHARM-758a3d12d67d,,,Идентифицировать аптеку по карте/полевой проверке,Открыто
QI-dff51f6c83e0,Без названия и адреса,,PHARM-a6fb3aa5e514,,,Идентифицировать аптеку по карте/полевой проверке,Открыто
QI-ffa8e0f7bed1,Без названия и адреса,,PHARM-f81804d2526d,,,Идентифицировать аптеку по карте/полевой проверке,Открыто
QI-cc1e480e4c3c,Без названия и адреса,,PHARM-88461cbf3cac,,,Идентифицировать аптеку по карте/полевой проверке,Открыто
QI-b9499eb8432c,Без названия и адреса,,PHARM-7dea4c5b68eb,,,Идентифицировать аптеку по карте/полевой проверке,Открыто
QI-b346bf681b4b,Без названия и адреса,,PHARM-f0d48c078d5c,,,Идентифицировать аптеку по карте/полевой проверке,Открыто
QI-d7f61c0d8aae,Без названия и адреса,,PHARM-ee0c118e35ae,,,Идентифицировать аптеку по карте/полевой проверке,Открыто
QI-fc510479a8bb,Без названия и адреса,,PHARM-dbbc1caafd84,,,Идентифицировать аптеку по карте/полевой проверке,Открыто
QI-8a90287b54a3,Без названия и адреса,,PHARM-7411569e1d0a,,,Идентифицировать аптеку по карте/полевой проверке,Открыто
QI-39a85c420147,Без названия и адреса,,PHARM-b1bd53ef23a1,,,Идентифицировать аптеку по карте/полевой проверке,Открыто
QI-f8b65d6b9d6c,Без названия и адреса,,PHARM-b5aec7cb67f1,,,Идентифицировать аптеку по карте/полевой проверке,Открыто
QI-6d9653bc42ad,Без названия и адреса,,PHARM-76cf0b19e45f,,,Идентифицировать аптеку по карте/полевой проверке,Открыто
QI-3c6192eedc7b,Без названия и адреса,,PHARM-38f255977997,,,Идентифицировать аптеку по карте/полевой проверке,Открыто
QI-c5f3d5424687,Без названия и адреса,,PHARM-026759e6b264,,,Идентифицировать аптеку по карте/полевой проверке,Открыто
QI-42ced90d289e,Без названия и адреса,,PHARM-110a6262bd9a,,,Идентифицировать аптеку по карте/полевой проверке,Открыто
QI-b2be3b436bae,Без названия и адреса,,PHARM-6f6f794173da,,,Идентифицировать аптеку по карте/полевой проверке,Открыто
QI-07bd4413b5e4,Без названия и адреса,,PHARM-b3b3f6066c9d,,,Идентифицировать аптеку по карте/полевой проверке,Открыто
QI-81d3fe08fb7e,Без названия и адреса,,PHARM-60904a1c61dc,,,Идентифицировать аптеку по карте/полевой проверке,Открыто
QI-95e03cf6468a,Без названия и адреса,,PHARM-4c10a2ac26ca,,,Идентифицировать аптеку по карте/полевой проверке,Открыто
QI-c7545bdf7e78,Без названия и адреса,,PHARM-eafd0ddb9407,,,Идентифицировать аптеку по карте/полевой проверке,Открыто
QI-e482451bdca9,Без названия и адреса,,PHARM-93fe441fa718,,,Идентифицировать аптеку по карте/полевой проверке,Открыто
QI-837c9e5152bf,Без названия и адреса,,PHARM-84c884857368,,,Идентифицировать аптеку по карте/полевой проверке,Открыто
QI-888cb3988dbe,Без названия и адреса,,PHARM-7de6d7c369fc,,,Идентифицировать аптеку по карте/полевой проверке,Открыто
QI-265b459d8e4c,Без названия и адреса,,PHARM-1b1b92c9f90a,,,Идентифицировать аптеку по карте/полевой проверке,Открыто
QI-3a2e1b01687b,Без названия и адреса,,PHARM-35cccf010d4a,,,Идентифицировать аптеку по карте/полевой проверке,Открыто
QI-6c092c2e1a00,Без названия и адреса,,PHARM-041c020d5403,,,Идентифицировать аптеку по карте/полевой проверке,Открыто
QI-af225fd38c51,Без названия и адреса,,PHARM-735d30aa99dc,,,Идентифицировать аптеку по карте/полевой проверке,Открыто
QI-a558e66ba20f,Без названия и адреса,,PHARM-134ed2eeeefa,,,Идентифицировать аптеку по карте/полевой проверке,Открыто
QI-67a3901c8d24,Без названия и адреса,,PHARM-366f6d814abb,,,Идентифицировать аптеку по карте/полевой проверке,Открыто
QI-9d1f7344ec9d,Без названия и адреса,,PHARM-0b3b98be356e,,,Идентифицировать аптеку по карте/полевой проверке,Открыто
QI-5d46ad512d03,Без названия и адреса,,PHARM-7d67bfdd480d,,,Идентифицировать аптеку по карте/полевой проверке,Открыто
QI-d61269c8fd7c,Без названия и адреса,,PHARM-c4e7d8238b2e,,,Идентифицировать аптеку по карте/полевой проверке,Открыто
QI-7bc33b439e9f,Без названия и адреса,,PHARM-32650de02837,,,Идентифицировать аптеку по карте/полевой проверке,Открыто
QI-6eae2a3f3056,Без названия и адреса,,PHARM-a6ddf1871e92,,,Идентифицировать аптеку по карте/полевой проверке,Открыто
QI-5b803600e826,Без названия и адреса,,PHARM-363b1d8ea748,,,Идентифицировать аптеку по карте/полевой проверке,Открыто
QI-dd0406e529ae,Без названия и адреса,,PHARM-4146243c9577,,,Идентифицировать аптеку по карте/полевой проверке,Открыто
QI-dd9c6379560a,Без названия и адреса,,PHARM-9c992049101e,,,Идентифицировать аптеку по карте/полевой проверке,Открыто
QI-14960e72d895,Без названия и адреса,,PHARM-b4aa5ac8ded7,,,Идентифицировать аптеку по карте/полевой проверке,Открыто
QI-73787bb0580b,Без названия и адреса,,PHARM-a5c5c570787c,,,Идентифицировать аптеку по карте/полевой проверке,Открыто
QI-629caa524d97,Без названия и адреса,,PHARM-fa727dcb7984,,,Идентифицировать аптеку по карте/полевой проверке,Открыто
QI-c258ba42374d,Без названия и адреса,,PHARM-295db4466b82,,,Идентифицировать аптеку по карте/полевой проверке,Открыто
QI-0df8e8ca18c1,Без названия и адреса,,PHARM-10d4985f9a76,,,Идентифицировать аптеку по карте/полевой проверке,Открыто
QI-8c9d3ba9ad58,Без названия и адреса,,PHARM-44f590e1fdd1,,,Идентифицировать аптеку по карте/полевой проверке,Открыто
QI-276722c22ddc,Без названия и адреса,,PHARM-d86c08202aca,,,Идентифицировать аптеку по карте/полевой проверке,Открыто
QI-9ac736afaeb8,Без названия и адреса,,PHARM-34e9a3fd36ef,,,Идентифицировать аптеку по карте/полевой проверке,Открыто
QI-917002fc202c,Без названия и адреса,,PHARM-4e94fc728aa1,,,Идентифицировать аптеку по карте/полевой проверке,Открыто
QI-d6a7eb522024,Без названия и адреса,,PHARM-2a910328631e,,,Идентифицировать аптеку по карте/полевой проверке,Открыто
QI-336c1a7b1d4f,Без названия и адреса,,PHARM-c0221bcaddd4,,,Идентифицировать аптеку по карте/полевой проверке,Открыто
QI-1037b163ad72,Без названия и адреса,,PHARM-de4f64f2a2c8,,,Идентифицировать аптеку по карте/полевой проверке,Открыто
QI-fa8ccee7a6d0,Без названия и адреса,,PHARM-7a70af760647,,,Идентифицировать аптеку по карте/полевой проверке,Открыто
QI-d66c8420d7b5,Без названия и адреса,,PHARM-c8b400a99170,,,Идентифицировать аптеку по карте/полевой проверке,Открыто
QI-6a2f135327e4,Без названия и адреса,,PHARM-9e2b4a6c1a9e,,,Идентифицировать аптеку по карте/полевой проверке,Открыто
QI-17d1d3bb87ab,Без названия и адреса,,PHARM-08cb2b55f058,,,Идентифицировать аптеку по карте/полевой проверке,Открыто
QI-834b22a48a5b,Без названия и адреса,,PHARM-6a10ac65fd75,,,Идентифицировать аптеку по карте/полевой проверке,Открыто
QI-324dbd0a6b7e,Без названия и адреса,,PHARM-01191e295744,,,Идентифицировать аптеку по карте/полевой проверке,Открыто
QI-be24da6c5265,Без названия и адреса,,PHARM-37e505692180,,,Идентифицировать аптеку по карте/полевой проверке,Открыто
QI-6639627382d0,Без названия и адреса,,PHARM-51b3dae7510b,,,Идентифицировать аптеку по карте/полевой проверке,Открыто
QI-f2dcd0afaab0,Без названия и адреса,,PHARM-87fb77ef2a95,,,Идентифицировать аптеку по карте/полевой проверке,Открыто
QI-0417feca5cd8,Без названия и адреса,,PHARM-d9bc275b084b,,,Идентифицировать аптеку по карте/полевой проверке,Открыто
QI-ca5c52e9612a,Без названия и адреса,,PHARM-84f61d82dfd0,,,Идентифицировать аптеку по карте/полевой проверке,Открыто
QI-aa6d47a7c185,Без названия и адреса,,PHARM-ea8d1d24fd19,,,Идентифицировать аптеку по карте/полевой проверке,Открыто
QI-ccc56ff66542,Без названия и адреса,,PHARM-12e01cbd2756,,,Идентифицировать аптеку по карте/полевой проверке,Открыто
QI-83b4d20b4e36,Без названия и адреса,,PHARM-0507ea8c0996,,,Идентифицировать аптеку по карте/полевой проверке,Открыто
QI-cb49d5091077,Без названия и адреса,,PHARM-ca62c45a3b42,,,Идентифицировать аптеку по карте/полевой проверке,Открыто
QI-6f5942b50c17,Без названия и адреса,,PHARM-bf0979f56165,,,Идентифицировать аптеку по карте/полевой проверке,Открыто
QI-acc0b0051e32,Без названия и адреса,,PHARM-e0cd00b81ead,,,Идентифицировать аптеку по карте/полевой проверке,Открыто
QI-a440a1cc5615,Без названия и адреса,,PHARM-486efd0080d1,,,Идентифицировать аптеку по карте/полевой проверке,Открыто
QI-fe118efd5f0b,Без названия и адреса,,PHARM-82473608b0db,,,Идентифицировать аптеку по карте/полевой проверке,Открыто
QI-0179e00af626,Без названия и адреса,,PHARM-39ea49197932,,,Идентифицировать аптеку по карте/полевой проверке,Открыто
QI-5230f05f9b87,Без названия и адреса,,PHARM-ec7069f3e2c2,,,Идентифицировать аптеку по карте/полевой проверке,Открыто
QI-ceea9ad3a9dc,Без названия и адреса,,PHARM-a2c30066e926,,,Идентифицировать аптеку по карте/полевой проверке,Открыто
QI-874cd4caf503,Без названия и адреса,,PHARM-c9c172eb34ba,,,Идентифицировать аптеку по карте/полевой проверке,Открыто
QI-87507c07b5c5,Без названия и адреса,,PHARM-426dda3a55d8,,,Идентифицировать аптеку по карте/полевой проверке,Открыто
QI-18037e948905,Без названия и адреса,,PHARM-b2d517120a69,,,Идентифицировать аптеку по карте/полевой проверке,Открыто
QI-d36199bc2470,Без названия и адреса,,PHARM-d70c441704d5,,,Идентифицировать аптеку по карте/полевой проверке,Открыто
QI-fbc95c416c6d,Без названия и адреса,,PHARM-52b6eac5cac5,,,Идентифицировать аптеку по карте/полевой проверке,Открыто
QI-5c0d2e5f04a6,Без названия и адреса,,PHARM-10af5f5e7d21,,,Идентифицировать аптеку по карте/полевой проверке,Открыто
QI-804956ef085f,Без названия и адреса,,PHARM-977473d9c61c,,,Идентифицировать аптеку по карте/полевой проверке,Открыто
QI-845a61d656a1,Без названия и адреса,,PHARM-4dd0f3a9bc25,,,Идентифицировать аптеку по карте/полевой проверке,Открыто
QI-d79c277439c5,Без названия и адреса,,PHARM-2d3a43d9584a,,,Идентифицировать аптеку по карте/полевой проверке,Открыто
QI-00d5c3d2b6af,Без названия и адреса,,PHARM-6b173a660fcb,,,Идентифицировать аптеку по карте/полевой проверке,Открыто
QI-b648704912c6,Без названия и адреса,,PHARM-ab6c0107568a,,,Идентифицировать аптеку по карте/полевой проверке,Открыто
QI-99cb7a9ee79c,Без названия и адреса,,PHARM-fd73aef46a15,,,Идентифицировать аптеку по карте/полевой проверке,Открыто
QI-f71cc4dcb63b,Без названия и адреса,,PHARM-3af152270ef4,,,Идентифицировать аптеку по карте/полевой проверке,Открыто
QI-0d1d95b9469c,Без названия и адреса,,PHARM-1078ff4b46fc,,,Идентифицировать аптеку по карте/полевой проверке,Открыто
QI-e1782456929d,Без названия и адреса,,PHARM-14bd9f315a5b,,,Идентифицировать аптеку по карте/полевой проверке,Открыто
QI-6ac04bc59107,Без названия и адреса,,PHARM-0dc2636eb4b4,,,Идентифицировать аптеку по карте/полевой проверке,Открыто
QI-aa2d6138e0c3,Без названия и адреса,,PHARM-e984278784bc,,,Идентифицировать аптеку по карте/полевой проверке,Открыто
QI-7b217cb4f9bd,Без названия и адреса,,PHARM-8a8b3cb52376,,,Идентифицировать аптеку по карте/полевой проверке,Открыто
QI-b394541d00c8,Без названия и адреса,,PHARM-5733c01fc0a9,,,Идентифицировать аптеку по карте/полевой проверке,Открыто
QI-0fb8eb983f43,Без названия и адреса,,PHARM-c7092e986987,,,Идентифицировать аптеку по карте/полевой проверке,Открыто
QI-7ee87bfc0dee,Без названия и адреса,,PHARM-649a815dd258,,,Идентифицировать аптеку по карте/полевой проверке,Открыто
QI-ff2bd21f2b38,Без названия и адреса,,PHARM-1c940c9f1eaa,,,Идентифицировать аптеку по карте/полевой проверке,Открыто
QI-9449053f40bd,Без названия и адреса,,PHARM-ccce12b98091,,,Идентифицировать аптеку по карте/полевой проверке,Открыто
QI-879a7501af1d,Без названия и адреса,,PHARM-15a106c859a2,,,Идентифицировать аптеку по карте/полевой проверке,Открыто
QI-d2aa5b36e2ac,Без названия и адреса,,PHARM-dbd6786e85c4,,,Идентифицировать аптеку по карте/полевой проверке,Открыто
QI-a95ad74c0dc4,Без названия и адреса,,PHARM-fd93a1985493,,,Идентифицировать аптеку по карте/полевой проверке,Открыто
QI-7efd6f2b4ae9,Без названия и адреса,,PHARM-f2eac936d5ab,,,Идентифицировать аптеку по карте/полевой проверке,Открыто
QI-2503835e1658,Без названия и адреса,,PHARM-43838a83ce48,,,Идентифицировать аптеку по карте/полевой проверке,Открыто
QI-0b51f89d748c,Без названия и адреса,,PHARM-bf89c07b102c,,,Идентифицировать аптеку по карте/полевой проверке,Открыто
QI-99e2f55f81ce,Без названия и адреса,,PHARM-0b081c461c6d,,,Идентифицировать аптеку по карте/полевой проверке,Открыто
QI-acbeb8e05bf4,Без названия и адреса,,PHARM-132f96724c82,,,Идентифицировать аптеку по карте/полевой проверке,Открыто
QI-83226742af97,Без названия и адреса,,PHARM-722d9d038f65,,,Идентифицировать аптеку по карте/полевой проверке,Открыто
QI-ca7629c101ff,Без названия и адреса,,PHARM-51a6644119ae,,,Идентифицировать аптеку по карте/полевой проверке,Открыто
QI-b3b732c2f735,Без названия и адреса,,PHARM-80cd77cf11dc,,,Идентифицировать аптеку по карте/полевой проверке,Открыто
QI-9fa934751d22,Без названия и адреса,,PHARM-7400fda799d3,,,Идентифицировать аптеку по карте/полевой проверке,Открыто
QI-111a29ac9581,Без названия и адреса,,PHARM-ab5bc20d2cba,,,Идентифицировать аптеку по карте/полевой проверке,Открыто
QI-b1cf7b7ad64c,Без названия и адреса,,PHARM-4e3e4d3e48ab,,,Идентифицировать аптеку по карте/полевой проверке,Открыто
QI-3e8dd656ccb5,Без названия и адреса,,PHARM-07f16a74d4a4,,,Идентифицировать аптеку по карте/полевой проверке,Открыто
QI-511de10dd516,Без названия и адреса,,PHARM-a5a00492a78b,,,Идентифицировать аптеку по карте/полевой проверке,Открыто
QI-2413717211d7,Без названия и адреса,,PHARM-bc75e283290c,,,Идентифицировать аптеку по карте/полевой проверке,Открыто
QI-aa17da491367,Без названия и адреса,,PHARM-cf6b11a9f673,,,Идентифицировать аптеку по карте/полевой проверке,Открыто
QI-6d5aa150d392,Без названия и адреса,,PHARM-e069778c25c6,,,Идентифицировать аптеку по карте/полевой проверке,Открыто
QI-2523950ed897,Без названия и адреса,,PHARM-7556fe96bcf4,,,Идентифицировать аптеку по карте/полевой проверке,Открыто
QI-0e7d1cd70293,Без названия и адреса,,PHARM-ee6fc38bbaae,,,Идентифицировать аптеку по карте/полевой проверке,Открыто
QI-9da3c0f71949,Без названия и адреса,,PHARM-f4e3cba7a95a,,,Идентифицировать аптеку по карте/полевой проверке,Открыто
QI-b24441cabdac,Без названия и адреса,,PHARM-b86211bbeeae,,,Идентифицировать аптеку по карте/полевой проверке,Открыто
QI-9f285d18c49a,Без названия и адреса,,PHARM-42e7a1f4acf8,,,Идентифицировать аптеку по карте/полевой проверке,Открыто
QI-0c1c9e0075c9,Без названия и адреса,,PHARM-e534e03e7ea5,,,Идентифицировать аптеку по карте/полевой проверке,Открыто
QI-b605a6eedb54,Без названия и адреса,,PHARM-7fc720db199f,,,Идентифицировать аптеку по карте/полевой проверке,Открыто
QI-fe7061f67585,Без названия и адреса,,PHARM-9262cbf1d532,,,Идентифицировать аптеку по карте/полевой проверке,Открыто
QI-a2e3f26e68d6,Без названия и адреса,,PHARM-ab26b2928837,,,Идентифицировать аптеку по карте/полевой проверке,Открыто
QI-0b46d844ea7f,Без названия и адреса,,PHARM-8c9e5d55fc98,,,Идентифицировать аптеку по карте/полевой проверке,Открыто
QI-34c0c21b2ed9,Без названия и адреса,,PHARM-96a92dac876b,,,Идентифицировать аптеку по карте/полевой проверке,Открыто
QI-d79cb5629c12,Без названия и адреса,,PHARM-a79527fb3a63,,,Идентифицировать аптеку по карте/полевой проверке,Открыто
QI-bb4b6e35d239,Без названия и адреса,,PHARM-9ddab1e2d121,,,Идентифицировать аптеку по карте/полевой проверке,Открыто
QI-3dde4df40728,Без названия и адреса,,PHARM-28047c7cd0ad,,,Идентифицировать аптеку по карте/полевой проверке,Открыто
QI-3c9007b4a2aa,Без названия и адреса,,PHARM-73009b869da2,,,Идентифицировать аптеку по карте/полевой проверке,Открыто
QI-ac900fac2f30,Без названия и адреса,,PHARM-93f91ade5400,,,Идентифицировать аптеку по карте/полевой проверке,Открыто
QI-16708701dc75,Без названия и адреса,,PHARM-03cdecc0deda,,,Идентифицировать аптеку по карте/полевой проверке,Открыто
QI-b471fd998b3d,Без названия и адреса,,PHARM-9a9677548b1b,,,Идентифицировать аптеку по карте/полевой проверке,Открыто
QI-05f540813d36,Без названия и адреса,,PHARM-22b4fbac77a1,,,Идентифицировать аптеку по карте/полевой проверке,Открыто
QI-8e7d02d41103,Без названия и адреса,,PHARM-31627e93675c,,,Идентифицировать аптеку по карте/полевой проверке,Открыто
QI-3fca1c96faeb,Без названия и адреса,,PHARM-18663452d635,,,Идентифицировать аптеку по карте/полевой проверке,Открыто
QI-a107a1508dce,Без названия и адреса,,PHARM-b9a29568a196,,,Идентифицировать аптеку по карте/полевой проверке,Открыто
QI-0ba2f8f1ade7,Без названия и адреса,,PHARM-858f6bc6bec1,,,Идентифицировать аптеку по карте/полевой проверке,Открыто
QI-2abae701f7d4,Без названия и адреса,,PHARM-e9783d05ffef,,,Идентифицировать аптеку по карте/полевой проверке,Открыто
QI-ae3c45f6bd15,Без названия и адреса,,PHARM-93db59536853,,,Идентифицировать аптеку по карте/полевой проверке,Открыто
QI-578cda8fae16,Без названия и адреса,,PHARM-21ad0bb1dc94,,,Идентифицировать аптеку по карте/полевой проверке,Открыто
QI-5185a3383b79,Без названия и адреса,,PHARM-5dfdd4a81b89,,,Идентифицировать аптеку по карте/полевой проверке,Открыто
QI-877efd7b7ae9,Без названия и адреса,,PHARM-854fc8c9e6da,,,Идентифицировать аптеку по карте/полевой проверке,Открыто
QI-9c55d65dfe65,Без названия и адреса,,PHARM-b89e4c4ef222,,,Идентифицировать аптеку по карте/полевой проверке,Открыто
QI-5c0f0f730d68,Без названия и адреса,,PHARM-3377b8dd404b,,,Идентифицировать аптеку по карте/полевой проверке,Открыто
QI-ea9cbf28ce93,Без названия и адреса,,PHARM-3cfc81e8f5e3,,,Идентифицировать аптеку по карте/полевой проверке,Открыто
QI-aed778bfb4dd,Без названия и адреса,,PHARM-71b8185a03ce,,,Идентифицировать аптеку по карте/полевой проверке,Открыто
QI-ef67b3451581,Без названия и адреса,,PHARM-1c31a23117b2,,,Идентифицировать аптеку по карте/полевой проверке,Открыто
QI-2b339f3cdb55,Без названия и адреса,,PHARM-16db25108d29,,,Идентифицировать аптеку по карте/полевой проверке,Открыто
QI-c77199159307,Без названия и адреса,,PHARM-9e21c28af15d,,,Идентифицировать аптеку по карте/полевой проверке,Открыто
QI-7d0b1d962de1,Без названия и адреса,,PHARM-705e7af01262,,,Идентифицировать аптеку по карте/полевой проверке,Открыто
QI-b07d8b7389bb,Без названия и адреса,,PHARM-6bf9a6141850,,,Идентифицировать аптеку по карте/полевой проверке,Открыто
QI-f3504f4c2274,Без названия и адреса,,PHARM-050abf9942db,,,Идентифицировать аптеку по карте/полевой проверке,Открыто
QI-8a06238d1bac,Без названия и адреса,,PHARM-0c408589b555,,,Идентифицировать аптеку по карте/полевой проверке,Открыто
QI-7edb25f99053,Без названия и адреса,,PHARM-640628e43c33,,,Идентифицировать аптеку по карте/полевой проверке,Открыто
QI-a479d0fe119f,Без названия и адреса,,PHARM-3e968ac1bdb2,,,Идентифицировать аптеку по карте/полевой проверке,Открыто
QI-3f8e7929e3dd,Без названия и адреса,,PHARM-6c61243700d4,,,Идентифицировать аптеку по карте/полевой проверке,Открыто
QI-7580138efe5e,Без названия и адреса,,PHARM-cdc0ca4aceec,,,Идентифицировать аптеку по карте/полевой проверке,Открыто
QI-aa167def96a9,Без названия и адреса,,PHARM-49d62148037c,,,Идентифицировать аптеку по карте/полевой проверке,Открыто
QI-1eee0b4be2ba,Без названия и адреса,,PHARM-2a8a5980635e,,,Идентифицировать аптеку по карте/полевой проверке,Открыто
QI-83ff2709e111,Без названия и адреса,,PHARM-ee5a48099057,,,Идентифицировать аптеку по карте/полевой проверке,Открыто
QI-57632cded107,Без названия и адреса,,PHARM-d879dc4b6ff4,,,Идентифицировать аптеку по карте/полевой проверке,Открыто
QI-0bbefc050ed6,Без названия и адреса,,PHARM-41cfa7109682,,,Идентифицировать аптеку по карте/полевой проверке,Открыто
QI-27f6f24f6074,Без названия и адреса,,PHARM-1823be2a78f3,,,Идентифицировать аптеку по карте/полевой проверке,Открыто
QI-ad09c5dbb66d,Без названия и адреса,,PHARM-40faf4ad3b95,,,Идентифицировать аптеку по карте/полевой проверке,Открыто
QI-b9d1a6831df3,Без названия и адреса,,PHARM-860e672687c5,,,Идентифицировать аптеку по карте/полевой проверке,Открыто
QI-ee89efb7719a,Без названия и адреса,,PHARM-82a7094825f6,,,Идентифицировать аптеку по карте/полевой проверке,Открыто
QI-5b555c9276ba,Без названия и адреса,,PHARM-d455de2e90d8,,,Идентифицировать аптеку по карте/полевой проверке,Открыто
QI-01dc2190e24a,Без названия и адреса,,PHARM-8c1a6872eef6,,,Идентифицировать аптеку по карте/полевой проверке,Открыто
QI-3baa5ef00ed0,Без названия и адреса,,PHARM-9bee84a22268,,,Идентифицировать аптеку по карте/полевой проверке,Открыто
QI-8bc7cc106885,Без названия и адреса,,PHARM-e8dbd5ab056a,,,Идентифицировать аптеку по карте/полевой проверке,Открыто
QI-ba02c16015fd,Без названия и адреса,,PHARM-e69cac1daa48,,,Идентифицировать аптеку по карте/полевой проверке,Открыто
QI-0efd63fa9b5d,Без названия и адреса,,PHARM-a0c660feb3c5,,,Идентифицировать аптеку по карте/полевой проверке,Открыто
QI-27ab9e840887,Без названия и адреса,,PHARM-57f87d9816e0,,,Идентифицировать аптеку по карте/полевой проверке,Открыто
QI-674f6af4ec9c,Без названия и адреса,,PHARM-a59d53d748a0,,,Идентифицировать аптеку по карте/полевой проверке,Открыто
QI-2cb76cf55053,Без названия и адреса,,PHARM-ceb112c42bb8,,,Идентифицировать аптеку по карте/полевой проверке,Открыто
QI-76e1aa61f73c,Без названия и адреса,,PHARM-52ca72ad7e90,,,Идентифицировать аптеку по карте/полевой проверке,Открыто
QI-d676dd53f3ef,Без названия и адреса,,PHARM-8540ce7e7fa8,,,Идентифицировать аптеку по карте/полевой проверке,Открыто
QI-e79d6ca0be70,Без названия и адреса,,PHARM-3e4a116fcf0b,,,Идентифицировать аптеку по карте/полевой проверке,Открыто
QI-9073e47b3a35,Без названия и адреса,,PHARM-6d58e939e129,,,Идентифицировать аптеку по карте/полевой проверке,Открыто
QI-20a31e0187ae,Без названия и адреса,,PHARM-fd6df1473c81,,,Идентифицировать аптеку по карте/полевой проверке,Открыто
QI-2dc1ecf5a58a,Без названия и адреса,,PHARM-e639ad7392c6,,,Идентифицировать аптеку по карте/полевой проверке,Открыто
QI-1efb6cfc1f6b,Без названия и адреса,,PHARM-5e0430d97f72,,,Идентифицировать аптеку по карте/полевой проверке,Открыто
QI-333d8244da33,Без названия и адреса,,PHARM-d9c9eebf90f6,,,Идентифицировать аптеку по карте/полевой проверке,Открыто
QI-7ef93ea391f2,Без названия и адреса,,PHARM-fadc3514fede,,,Идентифицировать аптеку по карте/полевой проверке,Открыто
QI-2823da2785f5,Без названия и адреса,,PHARM-4050dcb1b416,,,Идентифицировать аптеку по карте/полевой проверке,Открыто
QI-99b75384e510,Без названия и адреса,,PHARM-886c37b0bc2c,,,Идентифицировать аптеку по карте/полевой проверке,Открыто
QI-c945abf60b3d,Без названия и адреса,,PHARM-157a337deec9,,,Идентифицировать аптеку по карте/полевой проверке,Открыто
QI-bbd6dae6e5cd,Без названия и адреса,,PHARM-fc612879a82f,,,Идентифицировать аптеку по карте/полевой проверке,Открыто
QI-1215982903d2,Без названия и адреса,,PHARM-ac89a9f41fc9,,,Идентифицировать аптеку по карте/полевой проверке,Открыто
QI-070cab9a5947,Без названия и адреса,,PHARM-920edc5d8093,,,Идентифицировать аптеку по карте/полевой проверке,Открыто
QI-50c44e9831fd,Без названия и адреса,,PHARM-aa8f2161c823,,,Идентифицировать аптеку по карте/полевой проверке,Открыто
QI-15fc82ce5db2,Без названия и адреса,,PHARM-c1f3587b0e65,,,Идентифицировать аптеку по карте/полевой проверке,Открыто
QI-d65daff1b3a9,Без названия и адреса,,PHARM-1a901afe18ad,,,Идентифицировать аптеку по карте/полевой проверке,Открыто
QI-c5c1142adac0,Без названия и адреса,,PHARM-5e5571cb1d47,,,Идентифицировать аптеку по карте/полевой проверке,Открыто
QI-3940e38819d5,Без названия и адреса,,PHARM-1234a2aaab5a,,,Идентифицировать аптеку по карте/полевой проверке,Открыто
QI-d7531e86fa85,Без названия и адреса,,PHARM-59193349158f,,,Идентифицировать аптеку по карте/полевой проверке,Открыто
QI-0d2b9f96a7f6,Без названия и адреса,,PHARM-6ef8b3026d58,,,Идентифицировать аптеку по карте/полевой проверке,Открыто
QI-cce1dfa90ab2,Без названия и адреса,,PHARM-73eecea6ba5d,,,Идентифицировать аптеку по карте/полевой проверке,Открыто
QI-ab9c99669c6f,Без названия и адреса,,PHARM-9882479d082f,,,Идентифицировать аптеку по карте/полевой проверке,Открыто
QI-8d26891e1bcc,Без названия и адреса,,PHARM-fdc033cd6dfe,,,Идентифицировать аптеку по карте/полевой проверке,Открыто
QI-8897b74bd7b8,Без названия и адреса,,PHARM-73b0657b1c4f,,,Идентифицировать аптеку по карте/полевой проверке,Открыто
QI-5ad47bd96811,Без названия и адреса,,PHARM-abeb9fc28097,,,Идентифицировать аптеку по карте/полевой проверке,Открыто
QI-f9a8251ec141,Без названия и адреса,,PHARM-1386b6292abf,,,Идентифицировать аптеку по карте/полевой проверке,Открыто
QI-d587486e18c9,Без названия и адреса,,PHARM-586613f06abb,,,Идентифицировать аптеку по карте/полевой проверке,Открыто
QI-d3a85ddacc7f,Без названия и адреса,,PHARM-6b3f4ecfb0cc,,,Идентифицировать аптеку по карте/полевой проверке,Открыто
QI-55030d478f1d,Без названия и адреса,,PHARM-6d508732bfd8,,,Идентифицировать аптеку по карте/полевой проверке,Открыто
QI-f85ca9959783,Без названия и адреса,,PHARM-2a0dc1cf3fee,,,Идентифицировать аптеку по карте/полевой проверке,Открыто
QI-cb022f583eeb,Без названия и адреса,,PHARM-558edeccac43,,,Идентифицировать аптеку по карте/полевой проверке,Открыто
QI-253a5a0f91e1,Без названия и адреса,,PHARM-ab4110466e95,,,Идентифицировать аптеку по карте/полевой проверке,Открыто
QI-f6f20da2b7f5,Без названия и адреса,,PHARM-570a2700494a,,,Идентифицировать аптеку по карте/полевой проверке,Открыто
QI-7df57d2fe687,Без названия и адреса,,PHARM-0fb2d528223f,,,Идентифицировать аптеку по карте/полевой проверке,Открыто
QI-b807bfd3e49a,Без названия и адреса,,PHARM-14cd4f699314,,,Идентифицировать аптеку по карте/полевой проверке,Открыто
QI-1210f8c727bb,Без названия и адреса,,PHARM-f1c0b5198f63,,,Идентифицировать аптеку по карте/полевой проверке,Открыто
QI-43f56b538bc2,Без названия и адреса,,PHARM-3041430f364a,,,Идентифицировать аптеку по карте/полевой проверке,Открыто
QI-2a3bbb054333,Без названия и адреса,,PHARM-9fcea8e858b2,,,Идентифицировать аптеку по карте/полевой проверке,Открыто
QI-ba2d25948c2e,Без названия и адреса,,PHARM-87c1fd36b993,,,Идентифицировать аптеку по карте/полевой проверке,Открыто
QI-b800d0b2a61c,Без названия и адреса,,PHARM-e3c885aaaa54,,,Идентифицировать аптеку по карте/полевой проверке,Открыто
QI-310d481fe61c,Без названия и адреса,,PHARM-4c08d5fe857c,,,Идентифицировать аптеку по карте/полевой проверке,Открыто
QI-49c49214b53f,Без названия и адреса,,PHARM-c0da36dcc1a5,,,Идентифицировать аптеку по карте/полевой проверке,Открыто
QI-92c3c76df16d,Без названия и адреса,,PHARM-ce73d68fe5a7,,,Идентифицировать аптеку по карте/полевой проверке,Открыто
QI-90a16c6cba7e,Без названия и адреса,,PHARM-51e6c838960d,,,Идентифицировать аптеку по карте/полевой проверке,Открыто
QI-8201b25ec52a,Без названия и адреса,,PHARM-31c3efcd6fcd,,,Идентифицировать аптеку по карте/полевой проверке,Открыто
QI-26f7384f3bfd,Без названия и адреса,,PHARM-faa87fe8212e,,,Идентифицировать аптеку по карте/полевой проверке,Открыто
QI-6918a502ffbc,Без названия и адреса,,PHARM-11e4f66c88d4,,,Идентифицировать аптеку по карте/полевой проверке,Открыто
QI-25aaa1240a10,Без названия и адреса,,PHARM-cf5a672d40b0,,,Идентифицировать аптеку по карте/полевой проверке,Открыто
QI-00dc3b266932,Без названия и адреса,,PHARM-602c63bfb959,,,Идентифицировать аптеку по карте/полевой проверке,Открыто
QI-d4b3c4c93c46,Без названия и адреса,,PHARM-3d59d9245844,,,Идентифицировать аптеку по карте/полевой проверке,Открыто
QI-6d2c9f96f74d,Без названия и адреса,,PHARM-549e3f91693a,,,Идентифицировать аптеку по карте/полевой проверке,Открыто
QI-b1f31d930eb8,Без названия и адреса,,PHARM-534c01d6c039,,,Идентифицировать аптеку по карте/полевой проверке,Открыто
QI-c7a7b2a5d6a8,Без названия и адреса,,PHARM-37d8b122f301,,,Идентифицировать аптеку по карте/полевой проверке,Открыто
QI-99163f273c5e,Без названия и адреса,,PHARM-d18a7ea0c0fc,,,Идентифицировать аптеку по карте/полевой проверке,Открыто
QI-8925d490cfc4,Без названия и адреса,,PHARM-8251a02d2e2d,,,Идентифицировать аптеку по карте/полевой проверке,Открыто
QI-c88d0cbae6da,Без названия и адреса,,PHARM-bbe62e1f0d72,,,Идентифицировать аптеку по карте/полевой проверке,Открыто
QI-46419e5a9b4f,Без названия и адреса,,PHARM-22e385c61694,,,Идентифицировать аптеку по карте/полевой проверке,Открыто
QI-89e8994b5273,Без названия и адреса,,PHARM-96def7d59a58,,,Идентифицировать аптеку по карте/полевой проверке,Открыто
QI-7b7611e9c790,Без названия и адреса,,PHARM-bac8af28f0fb,,,Идентифицировать аптеку по карте/полевой проверке,Открыто
QI-a91d66acdfcf,Без названия и адреса,,PHARM-1ae88f831809,,,Идентифицировать аптеку по карте/полевой проверке,Открыто
QI-54df61d4886b,Без названия и адреса,,PHARM-6e6db490ca85,,,Идентифицировать аптеку по карте/полевой проверке,Открыто
QI-8186af8ed12d,Без названия и адреса,,PHARM-849b194e1552,,,Идентифицировать аптеку по карте/полевой проверке,Открыто
QI-9b34823dbbb3,Без названия и адреса,,PHARM-623822586607,,,Идентифицировать аптеку по карте/полевой проверке,Открыто
QI-58d3d24bd51e,Без названия и адреса,,PHARM-d72181862083,,,Идентифицировать аптеку по карте/полевой проверке,Открыто
QI-a56b9c3794cb,Без названия и адреса,,PHARM-d5f0065aa344,,,Идентифицировать аптеку по карте/полевой проверке,Открыто
QI-ae11a13abf06,Без названия и адреса,,PHARM-d6be689511c8,,,Идентифицировать аптеку по карте/полевой проверке,Открыто
QI-c46f19e4bab0,Без названия и адреса,,PHARM-beeb09eabbfa,,,Идентифицировать аптеку по карте/полевой проверке,Открыто
QI-031e9d2521fa,Без названия и адреса,,PHARM-044df2d44a32,,,Идентифицировать аптеку по карте/полевой проверке,Открыто
QI-a5fe97493822,Без названия и адреса,,PHARM-ddc9915dfcf9,,,Идентифицировать аптеку по карте/полевой проверке,Открыто
QI-1e71cad8da4e,Без названия и адреса,,PHARM-74e14e95fe9d,,,Идентифицировать аптеку по карте/полевой проверке,Открыто
QI-78aadcab4760,Без названия и адреса,,PHARM-38ce7e670fad,,,Идентифицировать аптеку по карте/полевой проверке,Открыто
QI-3949777718c4,Без названия и адреса,,PHARM-06520a415670,,,Идентифицировать аптеку по карте/полевой проверке,Открыто
QI-f72062c784c0,Без названия и адреса,,PHARM-7ef406182751,,,Идентифицировать аптеку по карте/полевой проверке,Открыто
QI-077d8231a3bb,Без названия и адреса,,PHARM-2c8c8756a8ee,,,Идентифицировать аптеку по карте/полевой проверке,Открыто
QI-9c9e678b36d2,Без названия и адреса,,PHARM-c4f5493c5d9f,,,Идентифицировать аптеку по карте/полевой проверке,Открыто
QI-d1352fe68226,Без названия и адреса,,PHARM-2b9f8bedecce,,,Идентифицировать аптеку по карте/полевой проверке,Открыто
QI-cfef01ad0fa7,Без названия и адреса,,PHARM-e26cad4ecb7b,,,Идентифицировать аптеку по карте/полевой проверке,Открыто
QI-d8b5bdc67047,Без названия и адреса,,PHARM-b834c8be4b21,,,Идентифицировать аптеку по карте/полевой проверке,Открыто
QI-c3384349ba8a,Без названия и адреса,,PHARM-3f98b9cf1cd0,,,Идентифицировать аптеку по карте/полевой проверке,Открыто
QI-604199ff2e1e,Без названия и адреса,,PHARM-60d80dfae2b0,,,Идентифицировать аптеку по карте/полевой проверке,Открыто
QI-ca196f21659f,Без названия и адреса,,PHARM-28e957471293,,,Идентифицировать аптеку по карте/полевой проверке,Открыто
QI-e113bca6fdfa,Без названия и адреса,,PHARM-659dccbad296,,,Идентифицировать аптеку по карте/полевой проверке,Открыто
QI-10e056da03eb,Без названия и адреса,,PHARM-5d1c177f358e,,,Идентифицировать аптеку по карте/полевой проверке,Открыто
QI-01962e3feb6f,Без названия и адреса,,PHARM-27acdea3a77d,,,Идентифицировать аптеку по карте/полевой проверке,Открыто
QI-65278edf66e3,Без названия и адреса,,PHARM-d5c4de27c514,,,Идентифицировать аптеку по карте/полевой проверке,Открыто
QI-ebcf55066b9b,Без названия и адреса,,PHARM-ea8b59dc1580,,,Идентифицировать аптеку по карте/полевой проверке,Открыто
QI-30d7ebacbd8f,Без названия и адреса,,PHARM-b274df878f2f,,,Идентифицировать аптеку по карте/полевой проверке,Открыто
QI-e2969b1402a7,Без названия и адреса,,PHARM-30df3d29b594,,,Идентифицировать аптеку по карте/полевой проверке,Открыто
QI-8f59e6aa3809,Без названия и адреса,,PHARM-a84de93f236b,,,Идентифицировать аптеку по карте/полевой проверке,Открыто
QI-46b884ce8d6a,Без названия и адреса,,PHARM-39fc8dad84e0,,,Идентифицировать аптеку по карте/полевой проверке,Открыто
QI-a82cf39fc422,Без названия и адреса,,PHARM-8bf154051bd5,,,Идентифицировать аптеку по карте/полевой проверке,Открыто
QI-7ad0c0467ad0,Без названия и адреса,,PHARM-6035fc2db9e5,,,Идентифицировать аптеку по карте/полевой проверке,Открыто
QI-b139f8b2eabd,Без названия и адреса,,PHARM-3bed07889b27,,,Идентифицировать аптеку по карте/полевой проверке,Открыто
QI-6f1e8c2d4baa,Без названия и адреса,,PHARM-a8a4fe2100c6,,,Идентифицировать аптеку по карте/полевой проверке,Открыто
QI-f9388816d314,Без названия и адреса,,PHARM-c09eb1d944b5,,,Идентифицировать аптеку по карте/полевой проверке,Открыто
QI-703b8553cc94,Без названия и адреса,,PHARM-ef1a4f44e214,,,Идентифицировать аптеку по карте/полевой проверке,Открыто
QI-eb51b456f433,Без названия и адреса,,PHARM-da23c94bd953,,,Идентифицировать аптеку по карте/полевой проверке,Открыто
QI-6d3ad175b49b,Без названия и адреса,,PHARM-c51f2931dd92,,,Идентифицировать аптеку по карте/полевой проверке,Открыто
QI-cc4529ea3c34,Без названия и адреса,,PHARM-eaaf8da04191,,,Идентифицировать аптеку по карте/полевой проверке,Открыто
QI-dcfa689681c7,Без названия и адреса,,PHARM-5185be3bb7cf,,,Идентифицировать аптеку по карте/полевой проверке,Открыто
QI-442a38352aba,Без названия и адреса,,PHARM-087d26d7a611,,,Идентифицировать аптеку по карте/полевой проверке,Открыто
QI-443b5143c1e7,Без названия и адреса,,PHARM-49f689b5341e,,,Идентифицировать аптеку по карте/полевой проверке,Открыто
QI-930f753ee111,Без названия и адреса,,PHARM-8bdac1a54ca5,,,Идентифицировать аптеку по карте/полевой проверке,Открыто
QI-2d16dc0c8a09,Без названия и адреса,,PHARM-28fd0065e367,,,Идентифицировать аптеку по карте/полевой проверке,Открыто
QI-f08018893514,Без названия и адреса,,PHARM-d82a139993d7,,,Идентифицировать аптеку по карте/полевой проверке,Открыто
QI-428fb1cbe88a,Без названия и адреса,,PHARM-c0fef1f7b425,,,Идентифицировать аптеку по карте/полевой проверке,Открыто
QI-d99974ec377d,Без названия и адреса,,PHARM-1118ff2dfab2,,,Идентифицировать аптеку по карте/полевой проверке,Открыто
QI-f7ff7bf1dc92,Без названия и адреса,,PHARM-07c477d5343b,,,Идентифицировать аптеку по карте/полевой проверке,Открыто
QI-d6d0881117bc,Без названия и адреса,,PHARM-70fc10e679b9,,,Идентифицировать аптеку по карте/полевой проверке,Открыто
QI-4c2ec9260bdc,Без названия и адреса,,PHARM-4668c19f7b51,,,Идентифицировать аптеку по карте/полевой проверке,Открыто
QI-1942fc93137f,Без названия и адреса,,PHARM-0b4460fbb3ae,,,Идентифицировать аптеку по карте/полевой проверке,Открыто
QI-a3f03b74bd08,Без названия и адреса,,PHARM-6ad7969fcf64,,,Идентифицировать аптеку по карте/полевой проверке,Открыто
QI-15a5ca31a55e,Без названия и адреса,,PHARM-d4b142179dc4,,,Идентифицировать аптеку по карте/полевой проверке,Открыто
QI-29e2a297a53e,Без названия и адреса,,PHARM-bb8895e45749,,,Идентифицировать аптеку по карте/полевой проверке,Открыто
QI-8715ac6a6304,Без названия и адреса,,PHARM-bf5eeb720c4f,,,Идентифицировать аптеку по карте/полевой проверке,Открыто
QI-d545cb7661b7,Без названия и адреса,,PHARM-ff555b32a0ec,,,Идентифицировать аптеку по карте/полевой проверке,Открыто
QI-f9b109ed4848,Без названия и адреса,,PHARM-9b688e6d365d,,,Идентифицировать аптеку по карте/полевой проверке,Открыто
QI-0bb8d9a23785,Без названия и адреса,,PHARM-7d09ff3a0604,,,Идентифицировать аптеку по карте/полевой проверке,Открыто
QI-8a21f65a1524,Без названия и адреса,,PHARM-a55daa4603ec,,,Идентифицировать аптеку по карте/полевой проверке,Открыто
QI-1ed0b3a66a2e,Без названия и адреса,,PHARM-7d28f0fa2915,,,Идентифицировать аптеку по карте/полевой проверке,Открыто
QI-2d50dc388c2e,Без названия и адреса,,PHARM-103276834ade,,,Идентифицировать аптеку по карте/полевой проверке,Открыто
QI-fa853114451c,Без названия и адреса,,PHARM-76e3865fb76b,,,Идентифицировать аптеку по карте/полевой проверке,Открыто
QI-ded8d05417ec,Без названия и адреса,,PHARM-93d5dfe3fd21,,,Идентифицировать аптеку по карте/полевой проверке,Открыто
QI-c1ec6f159f76,Без названия и адреса,,PHARM-d4d054ddbb8d,,,Идентифицировать аптеку по карте/полевой проверке,Открыто
QI-88acf96ad736,Без названия и адреса,,PHARM-67ab685752e8,,,Идентифицировать аптеку по карте/полевой проверке,Открыто
QI-e59013cba2d9,Без названия и адреса,,PHARM-64e96fca100e,,,Идентифицировать аптеку по карте/полевой проверке,Открыто
QI-d8f923e9fd75,Без названия и адреса,,PHARM-05b5438fb5d9,,,Идентифицировать аптеку по карте/полевой проверке,Открыто
QI-08ff81f0ab2b,Без названия и адреса,,PHARM-81aa84899e29,,,Идентифицировать аптеку по карте/полевой проверке,Открыто
QI-f42d5b96b464,Без названия и адреса,,PHARM-f67993027968,,,Идентифицировать аптеку по карте/полевой проверке,Открыто
QI-e9ace46a7940,Без названия и адреса,,PHARM-5ffc9514c4e0,,,Идентифицировать аптеку по карте/полевой проверке,Открыто
QI-a04476e4a6a3,Без названия и адреса,,PHARM-433dc753f982,,,Идентифицировать аптеку по карте/полевой проверке,Открыто
QI-c7b391509802,Без названия и адреса,,PHARM-feee50e81f23,,,Идентифицировать аптеку по карте/полевой проверке,Открыто
QI-477dfbdb9f18,Без названия и адреса,,PHARM-105632cf5692,,,Идентифицировать аптеку по карте/полевой проверке,Открыто
QI-9e32d4bcc73d,Без названия и адреса,,PHARM-30e91c4faa74,,,Идентифицировать аптеку по карте/полевой проверке,Открыто
QI-e03470913d5e,Без названия и адреса,,PHARM-fe07bbf17eab,,,Идентифицировать аптеку по карте/полевой проверке,Открыто
QI-f2aad10bb576,Без названия и адреса,,PHARM-d82c9f55e768,,,Идентифицировать аптеку по карте/полевой проверке,Открыто
QI-97234710d6be,Без названия и адреса,,PHARM-7efd75c06f61,,,Идентифицировать аптеку по карте/полевой проверке,Открыто
QI-ad3e634dac66,Без названия и адреса,,PHARM-592ea11e29eb,,,Идентифицировать аптеку по карте/полевой проверке,Открыто
QI-adad552e2c0e,Без названия и адреса,,PHARM-bc135847ee84,,,Идентифицировать аптеку по карте/полевой проверке,Открыто
QI-6772fafdcf64,Без названия и адреса,,PHARM-f867b010e9d0,,,Идентифицировать аптеку по карте/полевой проверке,Открыто
QI-36e67a069a69,Без названия и адреса,,PHARM-07aeac1992f3,,,Идентифицировать аптеку по карте/полевой проверке,Открыто
QI-a804c9f2a48b,Без названия и адреса,,PHARM-80cb7452f7d9,,,Идентифицировать аптеку по карте/полевой проверке,Открыто
QI-348b13e65139,Без названия и адреса,,PHARM-2736ae7d667f,,,Идентифицировать аптеку по карте/полевой проверке,Открыто
QI-f4174bfb8526,Без названия и адреса,,PHARM-aeafa71ac677,,,Идентифицировать аптеку по карте/полевой проверке,Открыто
QI-20ae0d31cfc9,Без названия и адреса,,PHARM-712c2c48cce4,,,Идентифицировать аптеку по карте/полевой проверке,Открыто
QI-3423b1f7f1ed,Без названия и адреса,,PHARM-bd9f8b7e7c85,,,Идентифицировать аптеку по карте/полевой проверке,Открыто
QI-85cad7a08a6e,Без названия и адреса,,PHARM-b6731f57612e,,,Идентифицировать аптеку по карте/полевой проверке,Открыто
QI-4614c9bc2831,Без названия и адреса,,PHARM-1dea2117f21a,,,Идентифицировать аптеку по карте/полевой проверке,Открыто
QI-b81784a05398,Без названия и адреса,,PHARM-fda4c7860efe,,,Идентифицировать аптеку по карте/полевой проверке,Открыто
QI-c56cf2a565a6,Без названия и адреса,,PHARM-d8c9c891507f,,,Идентифицировать аптеку по карте/полевой проверке,Открыто
QI-55824d89904b,Без названия и адреса,,PHARM-d62bd5390765,,,Идентифицировать аптеку по карте/полевой проверке,Открыто
QI-970551aa963b,Без названия и адреса,,PHARM-d0a7c3a3ca66,,,Идентифицировать аптеку по карте/полевой проверке,Открыто
QI-5892c01fe852,Без названия и адреса,,PHARM-0319de43dd9e,,,Идентифицировать аптеку по карте/полевой проверке,Открыто
QI-5988174e312b,Без названия и адреса,,PHARM-dae73f6c2d97,,,Идентифицировать аптеку по карте/полевой проверке,Открыто
QI-5345014d9a69,Без названия и адреса,,PHARM-de9207bc7865,,,Идентифицировать аптеку по карте/полевой проверке,Открыто
QI-faa5b571305c,Без названия и адреса,,PHARM-e1984a9773e2,,,Идентифицировать аптеку по карте/полевой проверке,Открыто
QI-c9856ae3e6d0,Без названия и адреса,,PHARM-22d5d6ff1004,,,Идентифицировать аптеку по карте/полевой проверке,Открыто
QI-a90982b64ff3,Без названия и адреса,,PHARM-32ea94e7a384,,,Идентифицировать аптеку по карте/полевой проверке,Открыто
QI-c472cc62e456,Без названия и адреса,,PHARM-298b7abf5151,,,Идентифицировать аптеку по карте/полевой проверке,Открыто
QI-091db7c3c5c1,Без названия и адреса,,PHARM-4a1bc40bc558,,,Идентифицировать аптеку по карте/полевой проверке,Открыто
QI-c416ff1f6a24,Без названия и адреса,,PHARM-abfc2d6db441,,,Идентифицировать аптеку по карте/полевой проверке,Открыто
QI-2fb59836d920,Без названия и адреса,,PHARM-6820153f82f3,,,Идентифицировать аптеку по карте/полевой проверке,Открыто
QI-43dab578a55a,Без названия и адреса,,PHARM-41e42b6df14c,,,Идентифицировать аптеку по карте/полевой проверке,Открыто
QI-39ec7e27aabe,Без названия и адреса,,PHARM-a54ae3f97f82,,,Идентифицировать аптеку по карте/полевой проверке,Открыто
QI-7ec8fcffe465,Без названия и адреса,,PHARM-eee98cab54d9,,,Идентифицировать аптеку по карте/полевой проверке,Открыто
QI-9881bfeb5210,Без названия и адреса,,PHARM-becc138af861,,,Идентифицировать аптеку по карте/полевой проверке,Открыто
QI-63db561657ee,Без названия и адреса,,PHARM-b13abf14ffa9,,,Идентифицировать аптеку по карте/полевой проверке,Открыто
QI-7faeefcd6bc2,Без названия и адреса,,PHARM-0834edead292,,,Идентифицировать аптеку по карте/полевой проверке,Открыто
QI-1cae285a1a50,Без названия и адреса,,PHARM-e1606067d07f,,,Идентифицировать аптеку по карте/полевой проверке,Открыто
QI-0fad32cf20c5,Без названия и адреса,,PHARM-652a21adfd8c,,,Идентифицировать аптеку по карте/полевой проверке,Открыто
QI-0ace76b3a6eb,Без названия и адреса,,PHARM-60a5d5eafc35,,,Идентифицировать аптеку по карте/полевой проверке,Открыто
QI-bc9892802390,Без названия и адреса,,PHARM-d2f2208ce234,,,Идентифицировать аптеку по карте/полевой проверке,Открыто
QI-c48a1be51ea3,Без названия и адреса,,PHARM-93dfd5963eff,,,Идентифицировать аптеку по карте/полевой проверке,Открыто
QI-9cf2fcd4af53,Без названия и адреса,,PHARM-cc283ed6409c,,,Идентифицировать аптеку по карте/полевой проверке,Открыто
QI-827bb743965a,Без названия и адреса,,PHARM-7bff3b6ab380,,,Идентифицировать аптеку по карте/полевой проверке,Открыто
QI-403428fe11c3,Без названия и адреса,,PHARM-f948aaccee16,,,Идентифицировать аптеку по карте/полевой проверке,Открыто
QI-eee094fa1376,Без названия и адреса,,PHARM-1869dac0fdcb,,,Идентифицировать аптеку по карте/полевой проверке,Открыто
QI-72fb8c1a1933,Без названия и адреса,,PHARM-8da75eccb998,,,Идентифицировать аптеку по карте/полевой проверке,Открыто
QI-14d7a8548611,Без названия и адреса,,PHARM-bbdb4f7eb824,,,Идентифицировать аптеку по карте/полевой проверке,Открыто
QI-b2e6d642a973,Без названия и адреса,,PHARM-20c6bb199f83,,,Идентифицировать аптеку по карте/полевой проверке,Открыто
QI-77328a62c475,Без названия и адреса,,PHARM-f3e0116f6040,,,Идентифицировать аптеку по карте/полевой проверке,Открыто
QI-7ee2a1e943f2,Без названия и адреса,,PHARM-036039420417,,,Идентифицировать аптеку по карте/полевой проверке,Открыто
QI-746711403323,Без названия и адреса,,PHARM-5d16ef1ada9d,,,Идентифицировать аптеку по карте/полевой проверке,Открыто
QI-114b92c4d064,Без названия и адреса,,PHARM-694bbbc0e2e4,,,Идентифицировать аптеку по карте/полевой проверке,Открыто
QI-02788dc42b46,Без названия и адреса,,PHARM-509ab6dece2d,,,Идентифицировать аптеку по карте/полевой проверке,Открыто
QI-d78c71d792b6,Без названия и адреса,,PHARM-7d5a80f0cfe5,,,Идентифицировать аптеку по карте/полевой проверке,Открыто
QI-bb4b16d95015,Без названия и адреса,,PHARM-83bb22db7175,,,Идентифицировать аптеку по карте/полевой проверке,Открыто
QI-e67f0702cf97,Без названия и адреса,,PHARM-2a431455da47,,,Идентифицировать аптеку по карте/полевой проверке,Открыто
QI-5636023f5c33,Без названия и адреса,,PHARM-aeb32a505b2a,,,Идентифицировать аптеку по карте/полевой проверке,Открыто
QI-7299ebc76555,Без названия и адреса,,PHARM-79763c40614f,,,Идентифицировать аптеку по карте/полевой проверке,Открыто
QI-31fe8c0dd65b,Без названия и адреса,,PHARM-0750d35c9b2c,,,Идентифицировать аптеку по карте/полевой проверке,Открыто
QI-72345423f95a,Без названия и адреса,,PHARM-017457a8398d,,,Идентифицировать аптеку по карте/полевой проверке,Открыто
QI-13e621927588,Без названия и адреса,,PHARM-a35aa6a5c8ab,,,Идентифицировать аптеку по карте/полевой проверке,Открыто
QI-732f876e8fe3,Без названия и адреса,,PHARM-32b404ebc69b,,,Идентифицировать аптеку по карте/полевой проверке,Открыто
QI-31a86344bef0,Без названия и адреса,,PHARM-1e3d83e7fa26,,,Идентифицировать аптеку по карте/полевой проверке,Открыто
QI-66d8cd11b08d,Без названия и адреса,,PHARM-82c83cdff3d7,,,Идентифицировать аптеку по карте/полевой проверке,Открыто
QI-58ccbe218d99,Без названия и адреса,,PHARM-ae25189001a5,,,Идентифицировать аптеку по карте/полевой проверке,Открыто
QI-411fcb139e74,Без названия и адреса,,PHARM-e99c5a60a7bc,,,Идентифицировать аптеку по карте/полевой проверке,Открыто
QI-4104025cdfda,Без названия и адреса,,PHARM-e10fa9679cdb,,,Идентифицировать аптеку по карте/полевой проверке,Открыто
QI-e7827ea2ebb9,Без названия и адреса,,PHARM-7baceafc3d85,,,Идентифицировать аптеку по карте/полевой проверке,Открыто
QI-4f2bcfbd7187,Без названия и адреса,,PHARM-8709542be568,,,Идентифицировать аптеку по карте/полевой проверке,Открыто
QI-16b4bd0752f4,Без названия и адреса,,PHARM-37d3e879a09e,,,Идентифицировать аптеку по карте/полевой проверке,Открыто
QI-1260a262a4b4,Без названия и адреса,,PHARM-403b9e6e1111,,,Идентифицировать аптеку по карте/полевой проверке,Открыто
QI-d09a7c7044eb,Без названия и адреса,,PHARM-4c96a271bb1b,,,Идентифицировать аптеку по карте/полевой проверке,Открыто
QI-e1295bdd7568,Без названия и адреса,,PHARM-37a4bd748c47,,,Идентифицировать аптеку по карте/полевой проверке,Открыто
QI-ab287b5175c1,Без названия и адреса,,PHARM-ecd7007bf94f,,,Идентифицировать аптеку по карте/полевой проверке,Открыто
QI-b2e4b81cb2aa,Без названия и адреса,,PHARM-dfc253dd7f7a,,,Идентифицировать аптеку по карте/полевой проверке,Открыто
QI-99c9d85e5fba,Без названия и адреса,,PHARM-c96cba2031cc,,,Идентифицировать аптеку по карте/полевой проверке,Открыто
QI-93a13f5f01b8,Без названия и адреса,,PHARM-a94f84811fe1,,,Идентифицировать аптеку по карте/полевой проверке,Открыто
QI-cdd557ad54b9,Без названия и адреса,,PHARM-17f5744f65b3,,,Идентифицировать аптеку по карте/полевой проверке,Открыто
QI-c448b1b3e4b8,Без названия и адреса,,PHARM-4af04ad2229e,,,Идентифицировать аптеку по карте/полевой проверке,Открыто
QI-8dbb622c3c95,Без названия и адреса,,PHARM-9408b01b2d81,,,Идентифицировать аптеку по карте/полевой проверке,Открыто
QI-0beb0f6aa98b,Без названия и адреса,,PHARM-1db6ed99bfe2,,,Идентифицировать аптеку по карте/полевой проверке,Открыто
QI-8389431997d3,Без названия и адреса,,PHARM-c02a984630ee,,,Идентифицировать аптеку по карте/полевой проверке,Открыто
QI-f5c3ee6f250d,Без названия и адреса,,PHARM-e96400efdd46,,,Идентифицировать аптеку по карте/полевой проверке,Открыто
QI-b1301c04755b,Без названия и адреса,,PHARM-779299c09305,,,Идентифицировать аптеку по карте/полевой проверке,Открыто
QI-fc401cf81791,Без названия и адреса,,PHARM-ba2116fac50f,,,Идентифицировать аптеку по карте/полевой проверке,Открыто
QI-95351d4f32ad,Без названия и адреса,,PHARM-80c446a13f48,,,Идентифицировать аптеку по карте/полевой проверке,Открыто
QI-3f6a41ff81ab,Возможный дубликат по названию,DUP-NAME-0001,MED-cf26024e118d,MED-0d1a14112fbe,148.1,стоматология,Требует проверки
QI-bb91a160348c,Возможный дубликат по названию,DUP-NAME-0001,MED-cf26024e118d,MED-6d676d1b3f49,244.9,стоматология,Требует проверки
QI-57996cded516,Возможный дубликат по названию,DUP-NAME-0001,MED-0d1a14112fbe,MED-6d676d1b3f49,101.7,стоматология,Требует проверки
QI-5e14ababa538,Возможный дубликат по названию,DUP-NAME-0002,MED-6085d143f746,MED-1daf4c8b718b,95.1,bravo pharma,Требует проверки
QI-96f48ec73a40,Возможный дубликат по названию,DUP-NAME-0003,MED-ed2271f86edc,MED-d260ab549fe1,169.8,ведомственная поликлиника нак хаво йулари,Требует проверки
QI-e256e33a7e17,Возможный дубликат по названию,DUP-NAME-0004,MED-7b4d7b7fdbb1,MED-b7f086b1ca5a,42.9,saif optima,Требует проверки
QI-5a8892c21800,Возможный дубликат по названию,DUP-NAME-0005,MED-ee3b18029c67,MED-f11862e56c49,193.3,стоматологическая поликлиника,Требует проверки
QI-1b1f639dc47f,Возможный дубликат по названию,DUP-NAME-0006,MED-6469be7d3052,MED-f0044977aaf0,3.3,medik as,Требует проверки
QI-f13f2063213a,Возможный дубликат по названию,DUP-NAME-0007,MED-6944e4a6808f,MED-6d08eb179177,64.4,medion,Требует проверки
QI-c32ffb76855b,Возможный дубликат по названию,DUP-NAME-0008,MED-d45828bb8481,MED-a490354a49f7,1.7,глазная областная поликлиника,Требует проверки
QI-713d23094a76,Возможный дубликат по названию,DUP-NAME-0009,MED-3df4a85f0e05,MED-d0b631e5c148,20.4,кўксарой,Требует проверки
QI-540ece02515e,Возможный дубликат по названию,DUP-NAME-0010,MED-586557211d49,MED-74724fff2f7f,213.6,global med system,Требует проверки
QI-5f9849ab9ff7,Возможный дубликат по названию,DUP-NAME-0011,MED-a35f7cca95de,MED-4cc18cf75355,17.7,nora medical,Требует проверки
QI-a26b6822a5e5,Возможный дубликат по названию,DUP-NAME-0011,MED-a35f7cca95de,MED-33f7d9e03731,210.1,nora medical,Требует проверки
QI-1fbb27528802,Возможный дубликат по названию,DUP-NAME-0011,MED-4cc18cf75355,MED-33f7d9e03731,192.9,nora medical,Требует проверки
QI-61e9741e28fe,Возможный дубликат по названию,DUP-NAME-0012,MED-7d00d4334909,MED-959abbb2195c,188.5,avisa med service,Требует проверки
QI-46b77f5d61a1,Возможный дубликат по названию,DUP-NAME-0013,MED-822bce2e675c,MED-f8b4965009a1,137.5,juramed,Требует проверки
QI-b41bd18878fc,Возможный дубликат по названию,DUP-NAME-0014,MED-c86a9e63c15a,MED-d54ffd3cd577,70.4,специальная инфекционная больница covid 19,Требует проверки
QI-234a90c38b83,Возможный дубликат по названию,DUP-NAME-0015,MED-98d4c5e8db6e,MED-f51b8cf98a9d,51.8,labnet,Требует проверки
QI-60485d8deebb,Возможный дубликат по названию,DUP-NAME-0016,MED-0e761a009785,MED-87246c4f96fb,58.5,medilux medical,Требует проверки
QI-b6a4142c3169,Возможный дубликат по названию,DUP-NAME-0017,MED-366aef277497,MED-7de3969933e4,92.6,doctor d,Требует проверки
QI-e20cc1626fe0,Возможный дубликат по названию,DUP-NAME-0017,MED-366aef277497,MED-fc58eaec39c8,198.5,doctor d,Требует проверки
QI-2d0fa0f1aec0,Возможный дубликат по названию,DUP-NAME-0017,MED-7de3969933e4,MED-fc58eaec39c8,107.2,doctor d,Требует проверки
QI-ca3552066797,Возможный дубликат по названию,DUP-NAME-0018,MED-819ca88e9198,MED-17882c0ccaa9,81.7,туберкулёзный диспансер,Требует проверки
QI-f5ce382886b6,Возможный дубликат по названию,DUP-NAME-0019,MED-0f7cf6565f7b,MED-c0b472ae0be1,169.1,центральный госпиталь мвд,Требует проверки
QI-4a33b9effd58,Возможный дубликат по названию,DUP-NAME-0020,MED-d290189111aa,MED-2d7967e090a7,14.9,стоматология без названия в источнике,Требует проверки
QI-894e764872fd,Возможный дубликат по названию,DUP-NAME-0020,MED-49b6802aab01,MED-66df19299453,120.5,стоматология без названия в источнике,Требует проверки
QI-ff43f5b26c67,Возможный дубликат по названию,DUP-NAME-0020,MED-7520a4d08f5a,MED-4ac9f69a1fd3,155.0,стоматология без названия в источнике,Требует проверки
QI-cbb735314f6a,Возможный дубликат по названию,DUP-NAME-0021,MED-ff5f5783513a,MED-1fa1eaf64e98,0.0,поликлиника без названия,Требует проверки
QI-6fb5c9775cfe,Разные объекты с одинаковыми координатами,DUP-COORD-0022,BC-54dd18808faa,BC-edb2bcf76272,0,Econor / MAXAM,Требует проверки
QI-87a606f44c65,Разные объекты с одинаковыми координатами,DUP-COORD-0023,BC-ab375ddbbb27,BC-df8cf7615442,0,Falcom / REGENT,Требует проверки
QI-77e289d8c0b7,Разные объекты с одинаковыми координатами,DUP-COORD-0024,BC-621e244b21e5,BC-ffefb05a70db,0,Status / G BUILD,Требует проверки
QI-e4bfd52ace25,Разные объекты с одинаковыми координатами,DUP-COORD-0025,BC-fde382e94a47,BC-552240c0d802,0,Vega business center / SK MEDIA,Требует проверки
QI-f870ba6b5432,Разные объекты с одинаковыми координатами,DUP-COORD-0026,BC-185d7ead26ee,BC-f859a28a32d9,0,Korea Uzbekistan Business Association / AMIR,Требует проверки
QI-4ce19bb518a3,Разные объекты с одинаковыми координатами,DUP-COORD-0027,BC-7ccfbdebc4e0,BC-fc061fef3995,0,UzOman tower / DIM TOWER,Требует проверки
QI-52659d291f98,Разные объекты с одинаковыми координатами,DUP-COORD-0028,MED-24a722a18e94,PHARM-310a8a4c5aca,0,Az-Med Clinic / Аптека без названия #0458,Требует проверки
QI-c54b24fda0a1,Разные объекты с одинаковыми координатами,DUP-COORD-0029,MED-b88e1e1cdd9f,MED-4124b4d21a82,0,Emu Oq tepa filial / Smart Doctor,Требует проверки
QI-f2e896793020,Разные объекты с одинаковыми координатами,DUP-COORD-0030,MED-e5b28d9ce0b7,MED-e639476f83ac,0,Medion Aesthetic & SPA / Medion Dental Care,Требует проверки
QI-5ae86c48990a,Разные объекты с одинаковыми координатами,DUP-COORD-0031,MED-d7b2d24ddbe3,PHARM-a064947fb48d,0,Irodamed / Аптека без названия #0126,Требует проверки
QI-46ee2c87d520,Разные объекты с одинаковыми координатами,DUP-COORD-0032,MED-980dd2f69b85,PHARM-9c1543c69d20,0,Max-Farm Clinic / Аптека без названия #0478,Требует проверки
QI-f07b55b44b48,Разные объекты с одинаковыми координатами,DUP-COORD-0033,MED-c20fb6220007,PHARM-5746aaeb4ff3,0,Семейная поликлиника №33 / Аптека без названия #0632,Требует проверки
QI-9c6d2bf81b3c,Разные объекты с одинаковыми координатами,DUP-COORD-0034,MED-4ede93d79f2f,PHARM-a60910ab8b67,0,Семейная поликлиника №58 / Аптека без названия #0493,Требует проверки
QI-ec87c6450843,Разные объекты с одинаковыми координатами,DUP-COORD-0035,PHARM-b7ab99972c80,PHARM-d72181862083,0,Аптека без названия #0005 / Аптека без названия #0873,Требует проверки
QI-a293cbba6526,Разные объекты с одинаковыми координатами,DUP-COORD-0036,PHARM-e3ab33c42272,PHARM-652a21adfd8c,0,Аптека без названия #0091 / Аптека без названия #0979,Требует проверки
QI-7941ed2f4dbd,Разные объекты с одинаковыми координатами,DUP-COORD-0037,PHARM-e5feaeea1b59,PHARM-5ccd306f03f3,0,Аптека без названия #0149 / Аптека без названия #0152,Требует проверки
QI-adaf09a779c0,Разные объекты с одинаковыми координатами,DUP-COORD-0038,PHARM-8099f0f6b9ed,PHARM-ea8d1d24fd19,0,Аптека без названия #0160 / Аптека без названия #0694,Требует проверки
QI-077d294e0395,Разные объекты с одинаковыми координатами,DUP-COORD-0039,PHARM-650bb1a7eb71,PHARM-81a574113fd1,0,Аптека без названия #0161 / Аптека без названия #0620,Требует проверки
QI-357fd906b8d5,Разные объекты с одинаковыми координатами,DUP-COORD-0039,PHARM-650bb1a7eb71,PHARM-98e9cf58cf8a,0,Аптека без названия #0161 / Аптека без названия #0622,Требует проверки
QI-cb9ee5b1d5be,Разные объекты с одинаковыми координатами,DUP-COORD-0039,PHARM-81a574113fd1,PHARM-98e9cf58cf8a,0,Аптека без названия #0620 / Аптека без названия #0622,Требует проверки
QI-3c41ef91b76b,Разные объекты с одинаковыми координатами,DUP-COORD-0040,PHARM-69bc1b3ec401,PHARM-e212af880fb7,0,Аптека без названия #0186 / Аптека без названия #0612,Требует проверки
QI-1505378a0077,Разные объекты с одинаковыми координатами,DUP-COORD-0041,PHARM-f3613ea7b050,PHARM-26cf924ba43b,0,Аптека без названия #0236 / Аптека без названия #0303,Требует проверки
QI-30c22af3a594,Разные объекты с одинаковыми координатами,DUP-COORD-0042,PHARM-b0ae717ee07a,PHARM-2d936301d2c0,0,Аптека без названия #0318 / Аптека без названия #0350,Требует проверки
QI-a0d61216bcdc,Разные объекты с одинаковыми координатами,DUP-COORD-0043,PHARM-1b6d88fad67a,PHARM-7a7a2bc898af,0,Аптека без названия #0337 / Аптека без названия #0344,Требует проверки
QI-4cde59017777,Разные объекты с одинаковыми координатами,DUP-COORD-0044,PHARM-6be82729c769,PHARM-69df1cee9317,0,Аптека без названия #0402 / Аптека без названия #0419,Требует проверки
QI-203384e329f5,Разные объекты с одинаковыми координатами,DUP-COORD-0045,PHARM-24528b8c6984,PHARM-a8198b78c33c,0,Аптека без названия #0480 / Аптека без названия #0481,Требует проверки
QI-495cf1b6cd98,Разные объекты с одинаковыми координатами,DUP-COORD-0046,PHARM-3fc36f61f68e,PHARM-0a4b92959d0a,0,Аптека без названия #0537 / Аптека без названия #0546,Требует проверки
QI-2eb8e935e64c,Разные объекты с одинаковыми координатами,DUP-COORD-0047,PHARM-b8652b89d172,PHARM-9aae8f3e9837,0,Аптека без названия #0539 / Аптека без названия #0545,Требует проверки
QI-bb20cdba0e10,Разные объекты с одинаковыми координатами,DUP-COORD-0048,PHARM-5f07befc8698,PHARM-7844c2f3c1e9,0,Аптека без названия #0586 / Аптека без названия #0591,Требует проверки
QI-d11799f05685,Разные объекты с одинаковыми координатами,DUP-COORD-0049,PHARM-c066ef7e65e6,PHARM-e17f7ee42625,0,Аптека без названия #0619 / Аптека без названия #0621,Требует проверки
QI-0a60c575a5a4,Разные объекты с одинаковыми координатами,DUP-COORD-0050,PHARM-ee0c118e35ae,PHARM-dbbc1caafd84,0,Аптека без названия #0640 / Аптека без названия #0641,Требует проверки
QI-a133c2777198,Разные объекты с одинаковыми координатами,DUP-COORD-0051,PHARM-cf6b11a9f673,PHARM-7556fe96bcf4,0,Аптека без названия #0745 / Аптека без названия #0747,Требует проверки
QI-817e01c0d30c,Разные объекты с одинаковыми координатами,DUP-COORD-0052,PHARM-d879dc4b6ff4,PHARM-41cfa7109682,0,Аптека без названия #0793 / Аптека без названия #0794,Требует проверки
QI-8734ce7e5989,Разные объекты с одинаковыми координатами,DUP-COORD-0053,PHARM-d82a139993d7,PHARM-c0fef1f7b425,0,Аптека без названия #0914 / Аптека без названия #0915,Требует проверки
QI-0212ddb21189,Разные объекты с одинаковыми координатами,DUP-COORD-0055,MAH-0a2b3e03610e,MAH-46f6f57c78ed,0,JARBULOK / KHONDAMIR,Требует проверки
QI-a3414c9f0052,Разные объекты с одинаковыми координатами,DUP-COORD-0056,MAH-13d7e7dbbe6a,MAH-c2cf89619d43,0,BILLUR / ADOLAT,Требует проверки
QI-f59a19be1ffb,"Невалидные координаты 0,0",,MAH-85e594b5d965,,,Запись перенесена в очередь геокодирования,Открыто
QI-f83e2b9e1afe,"Невалидные координаты 0,0",,MAH-60bf8971458b,,,Запись перенесена в очередь геокодирования,Открыто
QI-98e3e1e66faf,"Невалидные координаты 0,0",,MAH-f12498bd160a,,,Запись перенесена в очередь геокодирования,Открыто
QI-87c608cd4226,"Невалидные координаты 0,0",,MAH-d631ab382b25,,,Запись перенесена в очередь геокодирования,Открыто
QI-48447ef6bede,"Невалидные координаты 0,0",,MAH-c89d72613ec6,,,Запись перенесена в очередь геокодирования,Открыто
QI-675f18ebacb4,"Невалидные координаты 0,0",,MAH-298ae8f2a748,,,Запись перенесена в очередь геокодирования,Открыто
QI-35440dae40d6,"Невалидные координаты 0,0",,MAH-1f764d02a9d9,,,Запись перенесена в очередь геокодирования,Открыто
QI-27854c0f1357,"Невалидные координаты 0,0",,MAH-5ede756d7a02,,,Запись перенесена в очередь геокодирования,Открыто
QI-37e85f027701,"Невалидные координаты 0,0",,MAH-643d40fa5f51,,,Запись перенесена в очередь геокодирования,Открыто
QI-db64abfcacf6,"Невалидные координаты 0,0",,MAH-ad984093bca6,,,Запись перенесена в очередь геокодирования,Открыто
QI-25e5175ebf31,"Невалидные координаты 0,0",,MAH-3acc413fb416,,,Запись перенесена в очередь геокодирования,Открыто
QI-3eec49b8bd66,"Невалидные координаты 0,0",,MAH-bd1fde563f25,,,Запись перенесена в очередь геокодирования,Открыто
QI-85ae0dbf1f16,"Невалидные координаты 0,0",,MAH-ce93a9fd5be1,,,Запись перенесена в очередь геокодирования,Открыто
QI-ace5460fd43b,"Невалидные координаты 0,0",,MAH-959a33252265,,,Запись перенесена в очередь геокодирования,Открыто
QI-277dc14db256,"Невалидные координаты 0,0",,MAH-dbd9f3a128df,,,Запись перенесена в очередь геокодирования,Открыто
QI-a79f15e5cd56,"Невалидные координаты 0,0",,MAH-3e04d011a344,,,Запись перенесена в очередь геокодирования,Открыто
QI-0ac48f872eaa,"Невалидные координаты 0,0",,MAH-798f6bab6f95,,,Запись перенесена в очередь геокодирования,Открыто
QI-61e062b92265,"Невалидные координаты 0,0",,MAH-bc9ef7338bfc,,,Запись перенесена в очередь геокодирования,Открыто
QI-e4ba501a2c77,"Невалидные координаты 0,0",,MAH-31058655fb69,,,Запись перенесена в очередь геокодирования,Открыто
QI-bf07c71755bc,"Невалидные координаты 0,0",,MAH-54ea0277c38a,,,Запись перенесена в очередь геокодирования,Открыто
QI-73891b497327,"Невалидные координаты 0,0",,MAH-3f896ac7cc4d,,,Запись перенесена в очередь геокодирования,Открыто
QI-38d3a2685d55,"Невалидные координаты 0,0",,MAH-3a775e7bd14e,,,Запись перенесена в очередь геокодирования,Открыто
QI-e513f49aac1d,"Невалидные координаты 0,0",,MAH-7b0961c7970d,,,Запись перенесена в очередь геокодирования,Открыто
QI-ea77a588efaa,"Невалидные координаты 0,0",,MAH-893f6a805781,,,Запись перенесена в очередь геокодирования,Открыто
QI-22fd2fb1c605,"Невалидные координаты 0,0",,MAH-e6536721c027,,,Запись перенесена в очередь геокодирования,Открыто
QI-ac0d29335720,"Невалидные координаты 0,0",,MAH-25de861b4ac7,,,Запись перенесена в очередь геокодирования,Открыто
QI-c3d9fc296003,F&B: кухня не классифицирована,,FNB-5298fb4ca3c2,,,Заполнить cuisine_primary и cuisine_tags после проверки меню,Открыто
QI-300901ba2a05,F&B: кухня не классифицирована,,FNB-c664603e2482,,,Заполнить cuisine_primary и cuisine_tags после проверки меню,Открыто
QI-36a0b55a7cde,F&B: кухня не классифицирована,,FNB-b82bee47699b,,,Заполнить cuisine_primary и cuisine_tags после проверки меню,Открыто
QI-d879f758bc23,F&B: кухня не классифицирована,,FNB-0047a75c8915,,,Заполнить cuisine_primary и cuisine_tags после проверки меню,Открыто
QI-dd66e33bac50,F&B: кухня не классифицирована,,FNB-4384ddcc0e3f,,,Заполнить cuisine_primary и cuisine_tags после проверки меню,Открыто
QI-bf2e45600732,F&B: кухня не классифицирована,,FNB-b2e8661b1001,,,Заполнить cuisine_primary и cuisine_tags после проверки меню,Открыто
QI-de621fd6c72a,F&B: кухня не классифицирована,,FNB-0b295f87074c,,,Заполнить cuisine_primary и cuisine_tags после проверки меню,Открыто
QI-c535e9ae6551,F&B: кухня не классифицирована,,FNB-5cb67cd2b4fe,,,Заполнить cuisine_primary и cuisine_tags после проверки меню,Открыто
QI-10a1271b6e10,F&B: кухня не классифицирована,,FNB-2160439fa71d,,,Заполнить cuisine_primary и cuisine_tags после проверки меню,Открыто
QI-4f94e814a476,F&B: кухня не классифицирована,,FNB-6e85bfed2066,,,Заполнить cuisine_primary и cuisine_tags после проверки меню,Открыто
QI-f8b1a49136b8,F&B: кухня не классифицирована,,FNB-6046579f6011,,,Заполнить cuisine_primary и cuisine_tags после проверки меню,Открыто
QI-04a25cec12a4,F&B: кухня не классифицирована,,FNB-484d0d56f17f,,,Заполнить cuisine_primary и cuisine_tags после проверки меню,Открыто
QI-3fc284d65362,F&B: конфликт ссылки источника,,FNB-e84842c74e8f,,,"Предоставленная Yandex URL совпадала с Bamonti by Olivo; URL удалена, требуется повторный поиск",Открыто
