queue_id,canonical_name,main_category,subcategory,research_section,district,address,latitude,longitude,notes,primary_source,source_url,coordinate_status,verification_status,priority,data_collected_at
RQ-1abef9bbcbc3,Tashkent City Mall,Торговля и рынки,mega-mall / ТРЦ,shopping (ТРЦ и торговые центры) (12 объектов найдено),"Shaykhantahur (Шайхантахурский р-н), within Tashkent City business complex",,,,"Opened 2024; largest and most modern mall in Tashkent, 250+ brands (Zara, Adidas, Bershka, Boss, Calvin Klein, Nike, etc.), 4 floors, cinema, panoramic elevators, at Batyr Zakirov St. 7",tcmall.uz,https://tcmall.uz/ru,Нет координат — геокодировать минимум по двум источникам,Веб-исследование; требуется координатная и ручная проверка,Высокий,2026-07-19
RQ-deef637efa3d,Compass (Compass Mall),Торговля и рынки,ТРЦ / mega-mall,shopping (ТРЦ и торговые центры) (12 объектов найдено),"Bektemir district, Katta Halqa Yoli (Great Ring Road) 17",,,,"Second-largest mall in Tashkent by area (~35,000 sqm), 160+ stores, 5-screen multiplex cinema",compassmall.uz,https://compassmall.uz/cinema/,Нет координат — геокодировать минимум по двум источникам,Веб-исследование; требуется координатная и ручная проверка,Высокий,2026-07-19
RQ-08b8770791a5,Riviera (Riviera Mall / Riviera FEC),Торговля и рынки,ТРЦ (fashion + entertainment center),shopping (ТРЦ и торговые центры) (12 объектов найдено),Nodiry St. 4,,,,"Three-level mall with Tommy Hilfiger, Karl Lagerfeld, Calvin Klein, Lacoste, Swarovski, Skechers, restaurants and a cinema",weproject.media,https://weproject.media/articles/detail/shoping-v-tashkente-luchshie-torgovye-tsentry-v-stolitse-uzbekistana/,Нет координат — геокодировать минимум по двум источникам,Веб-исследование; требуется координатная и ручная проверка,Высокий,2026-07-19
RQ-e47926d4a99a,Next (Next Mall / ТРК NEXT),Торговля и рынки,ТРЦ / family mall,shopping (ТРЦ и торговые центры) (12 объектов найдено),"Yakkasaray district, Babur St. 6",,,,"Known for adjoining 'Ice City' indoor winter theme park with a 1,800 sqm ice rink and Uzbekistan's only indoor ski slope",TripAdvisor,https://www.tripadvisor.com/Attraction_Review-g293968-d6510837-Reviews-Shopping_Mall_Next-Tashkent_Tashkent_Province.html,Нет координат — геокодировать минимум по двум источникам,Веб-исследование; требуется координатная и ручная проверка,Высокий,2026-07-19
RQ-21a291e3ef5d,Poytaxt,Торговля и рынки,ТРЦ (early-format mall),shopping (ТРЦ и торговые центры) (12 объектов найдено),,,,,Described as the very first shopping and entertainment center built in Tashkent; large selection of women's/men's clothing stores and a food court,weproject.media,https://weproject.media/articles/detail/shoping-v-tashkente-luchshie-torgovye-tsentry-v-stolitse-uzbekistana/,Нет координат — геокодировать минимум по двум источникам,Веб-исследование; требуется координатная и ручная проверка,Высокий,2026-07-19
RQ-c83d31bdd988,Mega Planet,Торговля и рынки,ТРЦ (older-format mall),shopping (ТРЦ и торговые центры) (12 объектов найдено),"Yunusabad district, Ahmad Donish St., Yunusabad-11 block, 2B",,,,"One of the first modern shopping centers in Tashkent; 23 women's and 14 men's clothing stores, watches/jewelry/perfume vendors, bowling, cinema",GoldenPages,https://www.goldenpages.uz/en/company/?Id=67064,Нет координат — геокодировать минимум по двум источникам,Веб-исследование; требуется координатная и ручная проверка,Высокий,2026-07-19
RQ-81f0c214c4d7,Vega Centre,Торговля и рынки,ТРЦ,shopping (ТРЦ и торговые центры) (12 объектов найдено),"Yakkasaray district, Shota Rustaveli St. 150",,,,"Clothing, footwear, accessories, textiles, cosmetics/perfume, furniture; entertainment zone with cinema and children's play rooms",turizm.ru,https://www.turizm.ru/uzbekistan/tashkent/dosttype_magazini/shopping_centers/,Нет координат — геокодировать минимум по двум источникам,Веб-исследование; требуется координатная и ручная проверка,Высокий,2026-07-19
RQ-7c444dd63ea9,Samarqand Darvoza (Mall),Торговля и рынки,ТРЦ,shopping (ТРЦ и торговые центры) (12 объектов найдено),"Shaykhontokhur district (old city), Kora-Tash St. 5a",,,,"Located near the old city; budget-friendly stores, supermarket, cafe and a children's entertainment zone",TripAdvisor,https://www.tripadvisor.com/Attraction_Review-g293968-d7179048-Reviews-Mall_Samarkand_Darvoza-Tashkent_Tashkent_Province.html,Нет координат — геокодировать минимум по двум источникам,Веб-исследование; требуется координатная и ручная проверка,Высокий,2026-07-19
RQ-4030d4067899,Alfraganus,Торговля и рынки,ТРЦ / торгово-развлекательный комплекс,shopping (ТРЦ и торговые центры) (12 объектов найдено),Kushkuprik St. 30,,,,Shopping and entertainment complex listed among Tashkent's significant malls,uzum.uz,https://uzum.uz/media/torgovyye-tsentry-v-tashkente/,Нет координат — геокодировать минимум по двум источникам,Веб-исследование; требуется координатная и ручная проверка,Высокий,2026-07-19
RQ-80959ce35927,Parus,Торговля и рынки,ТРЦ,shopping (ТРЦ и торговые центры) (12 объектов найдено),Katartal St. 60A/1,,,,Large mall with well-known brand stores; 4.5 rating from 581 reviews on Yandex Maps,Yandex Maps,https://yandex.ru/maps/org/parus/180116660862/,Нет координат — геокодировать минимум по двум источникам,Веб-исследование; требуется координатная и ручная проверка,Высокий,2026-07-19
RQ-4dad0902a4ee,Atlas,Торговля и рынки,ТРЦ (brand with multiple locations),shopping (ТРЦ и торговые центры) (12 объектов найдено),"Katartal St. 28 and Yunusabad residential area, 119",,,,"Appears as a mall brand with at least two separate locations in Tashkent, both highly rated (5.0, thousands of ratings) on Yandex Maps",Yandex Maps,https://yandex.com/maps/org/atlas/216539620855/,Нет координат — геокодировать минимум по двум источникам,Веб-исследование; требуется координатная и ручная проверка,Высокий,2026-07-19
RQ-5e340f581e1c,Anhor Park Mall,Торговля и рынки,"ТРЦ (park-adjacent, family/entertainment focus)",shopping (ТРЦ и торговые центры) (12 объектов найдено),"Labzak St. 12/1, next to Anhor Park",,,,"Houses children's stores, a kids' beauty salon, food court, trampoline zone, Drive Cinema, and Axelon Karting Club (described as Central Asia's largest go-karting club)",afisha.uz,https://www.afisha.uz/ru/places/anhor-park-mall,Нет координат — геокодировать минимум по двум источникам,Веб-исследование; требуется координатная и ручная проверка,Высокий,2026-07-19
RQ-ab32e640a05b,Hyatt Regency Tashkent,Гостиницы и туризм,"international chain, 5-star",Гостиницы и апарт-отели (hotels) (36 объектов найдено),"downtown, Navoi Street",,,,"4 restaurants/bars, pool and spa, rated 4.6/873 reviews on Expedia",expedia.com,https://www.expedia.com/Tashkent-Hotels-Hyatt-Regency-Tashkent.h16453631.Hotel-Information,Нет координат — геокодировать минимум по двум источникам,Веб-исследование; требуется координатная и ручная проверка,Высокий,2026-07-19
RQ-2489ffbbf315,Hilton Tashkent City,Гостиницы и туризм,"international chain, 5-star",Гостиницы и апарт-отели (hotels) (36 объектов найдено),near Tashkent airport (approx. 4 miles),,,,"Opened 2019, indoor pool, spa, rooftop terrace and Pan Asian restaurant, user rating 9.2/10",hilton.com,https://www.hilton.com/en/hotels/tastchi-hilton-tashkent-city/,Нет координат — геокодировать минимум по двум источникам,Веб-исследование; требуется координатная и ручная проверка,Высокий,2026-07-19
RQ-a172f8382618,"Radisson Blu Hotel, Tashkent",Гостиницы и туризм,"international chain, business hotel",Гостиницы и апарт-отели (hotels) (36 объектов найдено),business district (near Tashkent City),,,,"Rated 4.5/5 (1,012 reviews); undergoing renovation until May 2026 per booking listings",radissonhotels.com,https://www.radissonhotels.com/en-us/hotels/radisson-tashkent,Нет координат — геокодировать минимум по двум источникам,Веб-исследование; требуется координатная и ручная проверка,Высокий,2026-07-19
RQ-72b0e8fb15a6,InterContinental Tashkent,Гостиницы и туризм,"IHG luxury chain, 5-star",Гостиницы и апарт-отели (hotels) (36 объектов найдено),,,,,"Part of IHG's InterContinental brand, listed among Tashkent's top luxury hotels",ihg.com,https://www.ihg.com/intercontinental/hotels/us/en/tashkent/tasat/hoteldetail,Нет координат — геокодировать минимум по двум источникам,Веб-исследование; требуется координатная и ручная проверка,Высокий,2026-07-19
RQ-6605a7ff9875,JW Marriott Hotel Tashkent,Гостиницы и туризм,"Marriott luxury chain, 5-star",Гостиницы и апарт-отели (hotels) (36 объектов найдено),Tashkent City Mall complex,,,,287 premium rooms; opened its doors in the Tashkent City Mall complex in late 2025,spot.uz,https://www.spot.uz/ru/2025/07/28/marriott/,Нет координат — геокодировать минимум по двум источникам,Веб-исследование; требуется координатная и ручная проверка,Высокий,2026-07-19
RQ-d233d747dd01,Swissôtel Tashkent,Гостиницы и туризм,"international chain, 5-star luxury",Гостиницы и апарт-отели (hotels) (36 объектов найдено),,,,,Listed among Tashkent's top luxury hotels on Tripadvisor,TripAdvisor,https://www.tripadvisor.com/Hotels-g293968-zfc5-Tashkent_Tashkent_Province-Hotels.html,Нет координат — геокодировать минимум по двум источникам,Веб-исследование; требуется координатная и ручная проверка,Высокий,2026-07-19
RQ-2d74a3b8bc41,Ramada Plaza by Wyndham Tashkent,Гостиницы и туризм,"Wyndham chain, 5-star",Гостиницы и апарт-отели (hotels) (36 объектов найдено),,,,,"Listed among Tashkent's top luxury hotels; Wyndham group also operates a separate 4-star Wyndham Tashkent Hotel and a Ramada by Wyndham Tashkent (~1.4km to city center, rated 7.9)",TripAdvisor,https://www.tripadvisor.com/Hotels-g293968-zfc5-Tashkent_Tashkent_Province-Hotels.html,Нет координат — геокодировать минимум по двум источникам,Веб-исследование; требуется координатная и ручная проверка,Высокий,2026-07-19
RQ-efba88101d37,Wyndham Tashkent Hotel,Гостиницы и туризм,"Wyndham chain, 4-star",Гостиницы и апарт-отели (hotels) (36 объектов найдено),near Museum of Amir Timur,,,,"8-minute walk from Amir Timur Museum, 2.3km from Ashkhabad Park, indoor swimming pool",webtashkent.com,https://www.webtashkent.com/en/,Нет координат — геокодировать минимум по двум источникам,Веб-исследование; требуется координатная и ручная проверка,Высокий,2026-07-19
RQ-b8e1d90ee319,Lotte City Hotel Tashkent Palace,Гостиницы и туризм,"Lotte chain, 4-star",Гостиницы и апарт-отели (hotels) (36 объектов найдено),~2km from city center,,,,"Rated 9.0 Excellent (3,209 ratings), prices from $202",TripAdvisor,https://www.tripadvisor.com/Hotels-g293968-zfc4-Tashkent_Tashkent_Province-Hotels.html,Нет координат — геокодировать минимум по двум источникам,Веб-исследование; требуется координатная и ручная проверка,Высокий,2026-07-19
RQ-62ad0e437df5,Mir Luxe Plaza,Гостиницы и туризм,4-star hotel,Гостиницы и апарт-отели (hotels) (36 объектов найдено),,,,,Listed among Tashkent's notable 4-star hotels,TripAdvisor,https://www.tripadvisor.com/Hotels-g293968-zfc4-Tashkent_Tashkent_Province-Hotels.html,Нет координат — геокодировать минимум по двум источникам,Веб-исследование; требуется координатная и ручная проверка,Высокий,2026-07-19
RQ-750760c599f9,Hotel Uzbekistan,Гостиницы и туризм,landmark 4-star hotel,Гостиницы и апарт-отели (hotels) (36 объектов найдено),city center,,,,"Iconic Soviet-era landmark hotel of Tashkent, still operating and listed among city's 4-star hotels",TripAdvisor,https://www.tripadvisor.com/Hotels-g293968-zfc4-Tashkent_Tashkent_Province-Hotels.html,Нет координат — геокодировать минимум по двум источникам,Веб-исследование; требуется координатная и ручная проверка,Высокий,2026-07-19
RQ-8f034e734922,Crowne Plaza Tashkent,Гостиницы и туризм,"IHG chain, 4-star",Гостиницы и апарт-отели (hotels) (36 объектов найдено),,,,,Listed among Tashkent's 4-star hotels,TripAdvisor,https://www.tripadvisor.com/Hotels-g293968-zfc4-Tashkent_Tashkent_Province-Hotels.html,Нет координат — геокодировать минимум по двум источникам,Веб-исследование; требуется координатная и ручная проверка,Высокий,2026-07-19
RQ-e98d4d3d3ca3,Europe Hotel Tashkent,Гостиницы и туризм,boutique hotel,Гостиницы и апарт-отели (hotels) (36 объектов найдено),,,,,"Described by travelers as posh, new, stylish and modern with spa area, pool and sauna",TripAdvisor,https://www.tripadvisor.com/ShowTopic-g293968-i9363-k14942949-Recommendations_for_Tashkent_Hotels_Guesthouses-Tashkent_Tashkent_Province.html,Нет координат — геокодировать минимум по двум источникам,Веб-исследование; требуется координатная и ручная проверка,Высокий,2026-07-19
RQ-7c46420a55ec,Home Boutique Hotel,Гостиницы и туризм,boutique hotel,Гостиницы и апарт-отели (hotels) (36 объектов найдено),,,,,"Recommended by travelers for good location, clean and comfortable rooms at decent value",TripAdvisor,https://www.tripadvisor.com/ShowTopic-g293968-i9363-k14942949-Recommendations_for_Tashkent_Hotels_Guesthouses-Tashkent_Tashkent_Province.html,Нет координат — геокодировать минимум по двум источникам,Веб-исследование; требуется координатная и ручная проверка,Высокий,2026-07-19
RQ-96835650977d,Grand Mir Hotel,Гостиницы и туризм,4-star hotel,Гостиницы и апарт-отели (hotels) (36 объектов найдено),near Oybek metro station,,,,"136 air-conditioned rooms, seasonal outdoor pool, fitness studio, Asian Veranda restaurant",webtashkent.com,https://www.webtashkent.com/en/property/grand-mir-hotel.html,Нет координат — геокодировать минимум по двум источникам,Веб-исследование; требуется координатная и ручная проверка,Высокий,2026-07-19
RQ-4ce550a71b17,Shodlik Palace,Гостиницы и туризм,4-star hotel,Гостиницы и апарт-отели (hotels) (36 объектов найдено),business/cultural core of the city,,,,"9-storey, 107 rooms, managed by Italian company Domina Hotels and Resorts, 2 restaurants (Russian/Italian/local cuisine)",tourstouzbekistan.com,https://www.tourstouzbekistan.com/en/hotels/taschkent/shodlik-palace.html,Нет координат — геокодировать минимум по двум источникам,Веб-исследование; требуется координатная и ручная проверка,Высокий,2026-07-19
RQ-5cfac97c52b6,Miran International Hotel,Гостиницы и туризм,5-star luxury hotel,Гостиницы и апарт-отели (hotels) (36 объектов найдено),city center,,,,"Built in 2012, 140 rooms, long-standing 5-star property in central Tashkent",tourstouzbekistan.com,https://www.tourstouzbekistan.com/en/hotels/tashkent/miran-international.html,Нет координат — геокодировать минимум по двум источникам,Веб-исследование; требуется координатная и ручная проверка,Высокий,2026-07-19
RQ-214d7e614d53,Comfortuz Hotel,Гостиницы и туризм,apart-hotel,Гостиницы и апарт-отели (hotels) (36 объектов найдено),"Yunusabad, 7th quarter (massiv)",,,,Apart-hotel property in Yunusabad district directory listings,Sprav.uz,https://sprav.uz/gostinicy/yunusabadskii-raion,Нет координат — геокодировать минимум по двум источникам,Веб-исследование; требуется координатная и ручная проверка,Высокий,2026-07-19
RQ-75b6242d4a36,AziaWay Apart-Hotel,Гостиницы и туризм,apart-hotel,Гостиницы и апарт-отели (hotels) (36 объектов найдено),"Yunusabad, Kiyot massif",,,,Apart-hotel property in Yunusabad district,Sprav.uz,https://sprav.uz/gostinicy/yunusabadskii-raion,Нет координат — геокодировать минимум по двум источникам,Веб-исследование; требуется координатная и ручная проверка,Высокий,2026-07-19
RQ-25af0de69c94,Istaravshan Apart Hotel,Гостиницы и туризм,apart-hotel,Гостиницы и апарт-отели (hotels) (36 объектов найдено),~3km from city center,,,,"Offers terrace, 24-hour front desk, free Wi-Fi",101hotels.com,https://101hotels.com/uzbekistan/tashkent/apart,Нет координат — геокодировать минимум по двум источникам,Веб-исследование; требуется координатная и ручная проверка,Высокий,2026-07-19
RQ-1eafe99c9317,IGMAR Apart Hotel,Гостиницы и туризм,apart-hotel,Гостиницы и апарт-отели (hotels) (36 объектов найдено),Chilanzar-16,,,,"Located at Chilanzar-16, 8a, about 2.0km from city center",101hotels.com,https://101hotels.com/uzbekistan/tashkent/apart,Нет координат — геокодировать минимум по двум источникам,Веб-исследование; требуется координатная и ручная проверка,Высокий,2026-07-19
RQ-79d66ef6734f,Monday Royal Apart Hotel,Гостиницы и туризм,apart-hotel,Гостиницы и апарт-отели (hotels) (36 объектов найдено),,,,,Listed from $76/night on Kayak's Tashkent hotel listings,kayak.com,https://www.kayak.com/Tashkent-Hotels-Royal-Residence-Tashkent.2662246.ksp,Нет координат — геокодировать минимум по двум источникам,Веб-исследование; требуется координатная и ручная проверка,Высокий,2026-07-19
RQ-451019e46ed1,Royal Residence Tashkent,Гостиницы и туризм,hotel,Гостиницы и апарт-отели (hotels) (36 объектов найдено),,,,,Featured in Kayak's Tashkent hotel deals listing,kayak.com,https://www.kayak.com/Tashkent-Hotels-Royal-Residence-Tashkent.2662246.ksp,Нет координат — геокодировать минимум по двум источникам,Веб-исследование; требуется координатная и ручная проверка,Высокий,2026-07-19
RQ-dcc040591d70,Stylo Residences & Suites Apart Hotel,Гостиницы и туризм,apart-hotel,Гостиницы и апарт-отели (hotels) (36 объектов найдено),~2km from city center,,,,Apartment-style suites near local attractions and amenities,TripAdvisor,https://www.tripadvisor.com/Hotels-g293968-c3-zff28-Tashkent_Tashkent_Province-Hotels.html,Нет координат — геокодировать минимум по двум источникам,Веб-исследование; требуется координатная и ручная проверка,Высокий,2026-07-19
RQ-236efc3c4334,Osiyo Palace,Гостиницы и туризм,3-star hotel,Гостиницы и апарт-отели (hotels) (36 объектов найдено),city center,,,,"From 500,000 UZS/night, described as offering ""Eastern hospitality"" in central Tashkent",2GIS,https://2gis.uz/tashkent/search/%D0%9E%D1%82%D0%B5%D0%BB%D0%B8%20%D0%A2%D0%B0%D1%88%D0%BA%D0%B5%D0%BD%D1%82%D0%B0,Нет координат — геокодировать минимум по двум источникам,Веб-исследование; требуется координатная и ручная проверка,Высокий,2026-07-19
RQ-6389fc5a2b00,Jules Verne Hostel,Гостиницы и туризм,hostel,Гостиницы и апарт-отели (hotels) (36 объектов найдено),,,,,"Popular budget hostel with breakfast, noted in Tashkent hostel roundups",TripAdvisor,https://www.tripadvisor.com/Hotels-g293968-c3-zff26-Tashkent_Tashkent_Province-Hotels.html,Нет координат — геокодировать минимум по двум источникам,Веб-исследование; требуется координатная и ручная проверка,Высокий,2026-07-19
RQ-1586b96d3f09,Great Trip Hostel,Гостиницы и туризм,hostel,Гостиницы и апарт-отели (hotels) (36 объектов найдено),,,,,Popular budget hostel with breakfast,TripAdvisor,https://www.tripadvisor.com/Hotels-g293968-c3-zff26-Tashkent_Tashkent_Province-Hotels.html,Нет координат — геокодировать минимум по двум источникам,Веб-исследование; требуется координатная и ручная проверка,Высокий,2026-07-19
RQ-a3369228d370,Safarov's Family Hostel,Гостиницы и туризм,hostel/family guest house,Гостиницы и апарт-отели (hotels) (36 объектов найдено),,,,,"Family-run hostel, part of Tashkent's hostel scene",TripAdvisor,https://www.tripadvisor.com/Hotels-g293968-c3-zff26-Tashkent_Tashkent_Province-Hotels.html,Нет координат — геокодировать минимум по двум источникам,Веб-исследование; требуется координатная и ручная проверка,Высокий,2026-07-19
RQ-475095f6ef78,Topchan Hostel,Гостиницы и туризм,hostel,Гостиницы и апарт-отели (hotels) (36 объектов найдено),,,,,Well-known Tashkent budget hostel,TripAdvisor,https://www.tripadvisor.com/Hotels-g293968-c3-zff26-Tashkent_Tashkent_Province-Hotels.html,Нет координат — геокодировать минимум по двум источникам,Веб-исследование; требуется координатная и ручная проверка,Высокий,2026-07-19
RQ-813c8229be94,Diyora Hostel,Гостиницы и туризм,hostel,Гостиницы и апарт-отели (hotels) (36 объектов найдено),,,,,Budget hostel in Tashkent,TripAdvisor,https://www.tripadvisor.com/Hotels-g293968-c3-zff26-Tashkent_Tashkent_Province-Hotels.html,Нет координат — геокодировать минимум по двум источникам,Веб-исследование; требуется координатная и ручная проверка,Высокий,2026-07-19
RQ-57f528f877cf,ibis Tashkent Index,Гостиницы и туризм,Accor budget/midscale chain,Гостиницы и апарт-отели (hotels) (36 объектов найдено),,,,,"First ibis-branded hotel in Tashkent, opening ~May 2026 - ""new standard of affordable comfort""",spot.uz,https://www.spot.uz/ru/2026/05/13/ibis/,Нет координат — геокодировать минимум по двум источникам,Веб-исследование; требуется координатная и ручная проверка,Высокий,2026-07-19
RQ-197d3ba0fd28,Grand Zamin Hotel,Гостиницы и туризм,newly opened hotel,Гостиницы и апарт-отели (hotels) (36 объектов найдено),,,,,Opened October 2025,new-hotels-guide.com,https://new-hotels-guide.com/tashkent/,Нет координат — геокодировать минимум по двум источникам,Веб-исследование; требуется координатная и ручная проверка,Высокий,2026-07-19
RQ-099a6c1a4cf9,Marmaris Saray Hotel,Гостиницы и туризм,newly opened hotel,Гостиницы и апарт-отели (hotels) (36 объектов найдено),,,,,Opened June 2025,new-hotels-guide.com,https://new-hotels-guide.com/tashkent/,Нет координат — геокодировать минимум по двум источникам,Веб-исследование; требуется координатная и ручная проверка,Высокий,2026-07-19
RQ-07912eb889c7,LakeSide Hotel by EDEN Group,Гостиницы и туризм,newly opened hotel,Гостиницы и апарт-отели (hotels) (36 объектов найдено),,,,,"Opened June 2025, part of EDEN Group hospitality portfolio",new-hotels-guide.com,https://new-hotels-guide.com/tashkent/,Нет координат — геокодировать минимум по двум источникам,Веб-исследование; требуется координатная и ручная проверка,Высокий,2026-07-19
RQ-a4d8aaf46a61,Eco Boutique Hotel,Гостиницы и туризм,"boutique hotel, newly opened",Гостиницы и апарт-отели (hotels) (36 объектов найдено),,,,,Opened February 2026,new-hotels-guide.com,https://new-hotels-guide.com/tashkent/,Нет координат — геокодировать минимум по двум источникам,Веб-исследование; требуется координатная и ручная проверка,Высокий,2026-07-19
RQ-730020eea505,Mirabod-area hotels cluster (Мирабадский район),Гостиницы и туризм,district hotel cluster,Гостиницы и апарт-отели (hotels) (36 объектов найдено),Mirabad district,,,,"101hotels.com maintains a dedicated district listing page for Mirabad-district hotels, confirming a concentration of properties there",101hotels.com,https://101hotels.com/uzbekistan/tashkent/district/mirabadsky_rayon,Нет координат — геокодировать минимум по двум источникам,Веб-исследование; требуется координатная и ручная проверка,Высокий,2026-07-19
RQ-39332c87a749,Korzinka (chain),Торговля и рынки,Korzinka.uz — leading local supermarket chain,supermarkets (28 объектов найдено),Citywide (HQ Mirzo-Ulugbek district),,,,"Uzbekistan's pioneering modern retailer, opened first store in 1996; sources give 91-250+ stores nationwide depending on count date/format (Korzinka Oybek format alone ~91-131 branches per 2GIS); operates Korzinka Go delivery app.",korzinka.uz,https://korzinka.uz/en,Нет координат — геокодировать минимум по двум источникам,Веб-исследование; требуется координатная и ручная проверка,Высокий,2026-07-19
RQ-d22c85af7a84,Korzinka — Chingiz Aitmatov St. 71a,Торговля и рынки,Korzinka branch,supermarkets (28 объектов найдено),Yunusabad district,,,,Open daily 08:00-24:00,2GIS,https://2gis.uz/tashkent/firm/70000001084431662,Нет координат — геокодировать минимум по двум источникам,Веб-исследование; требуется координатная и ручная проверка,Высокий,2026-07-19
RQ-cae2060e3bfc,Korzinka — Sarykulskaya St. 14,Торговля и рынки,Korzinka branch,supermarkets (28 объектов найдено),Mirabad district,,,,Residential-complex location,2GIS,https://2gis.uz/tashkent/firm/70000001037129533,Нет координат — геокодировать минимум по двум источникам,Веб-исследование; требуется координатная и ручная проверка,Высокий,2026-07-19
RQ-b826ed2d07b1,"Korzinka — Zargarlik, Uchtepa 26th quarter 9a",Торговля и рынки,Korzinka branch,supermarkets (28 объектов найдено),Uchtepa district,,,,Open daily 08:00-24:00,2GIS,https://2gis.uz/tashkent/firm/70000001068898960,Нет координат — геокодировать минимум по двум источникам,Веб-исследование; требуется координатная и ручная проверка,Высокий,2026-07-19
RQ-513ff6b0bc4d,"Korzinka — Riezii, Oltintepa 7",Торговля и рынки,Korzinka branch,supermarkets (28 объектов найдено),Yashnabad district,,,,Branch listing,2GIS,https://2gis.uz/tashkent/firm/70000001037129998,Нет координат — геокодировать минимум по двум источникам,Веб-исследование; требуется координатная и ручная проверка,Высокий,2026-07-19
RQ-a3217d319bdd,Korzinka — Bobur St. 6,Торговля и рынки,Korzinka branch,supermarkets (28 объектов найдено),Tashkent (Bobur St.),,,,First-floor store location,Yandex Maps,https://yandex.uz/maps/org/korzinka_uz/31892975033/,Нет координат — геокодировать минимум по двум источникам,Веб-исследование; требуется координатная и ручная проверка,Высокий,2026-07-19
RQ-8f46d313c16f,Korzinka Go,Торговля и рынки,Korzinka express/delivery format,supermarkets (28 объектов найдено),Citywide,,,,Mobile-app-driven express/online-order format of Korzinka,pc.uz,https://pc.uz/company/126548-korzinka-go,Нет координат — геокодировать минимум по двум источникам,Веб-исследование; требуется координатная и ручная проверка,Высокий,2026-07-19
RQ-4782500b7beb,"Havas (Havas Food, chain)",Торговля и рынки,Havas holding — neighborhood discounter chain,supermarkets (28 объектов найдено),"Citywide, HQ area Sergeli district (office)",,,,Founded 2018; grew to 314 stores in Tashkent & region by March 2024 and 342 nationwide by 2025 — officially recognized as Uzbekistan's largest retail chain; format is 'discounter near home' (у дома),havasfood.uz,https://havasfood.uz/en/,Нет координат — геокодировать минимум по двум источникам,Веб-исследование; требуется координатная и ручная проверка,Высокий,2026-07-19
RQ-c3d021266232,Havas — Farkhad St. 13,Торговля и рынки,Havas branch,supermarkets (28 объектов найдено),Tashkent (Farkhad St.),,,,Branch listing,Yandex Maps,https://yandex.com/maps/org/havas_supermarket/41299102692/,Нет координат — геокодировать минимум по двум источникам,Веб-исследование; требуется координатная и ручная проверка,Высокий,2026-07-19
RQ-2ac91d091e25,Havas — Keles Yuli St.,Торговля и рынки,Havas branch,supermarkets (28 объектов найдено),Almazar district,,,,Branch listing,Yandex Maps,https://yandex.com/maps/org/havas/199504687041/,Нет координат — геокодировать минимум по двум источникам,Веб-исследование; требуется координатная и ручная проверка,Высокий,2026-07-19
RQ-1edc4d546d73,"Havas — Katta Khirmontepa St. (Chilanzar-25, 20A)",Торговля и рынки,Havas branch,supermarkets (28 объектов найдено),Uchtepa district,,,,Branch listing,GoldenPages,https://www.goldenpages.uz/en/company/?Id=91984,Нет координат — геокодировать минимум по двум источникам,Веб-исследование; требуется координатная и ручная проверка,Высокий,2026-07-19
RQ-f3278b494454,Havas — Iftikhor St. 84,Торговля и рынки,Havas branch,supermarkets (28 объектов найдено),Yunusabad district,,,,Branch listing,GoldenPages,https://www.goldenpages.uz/en/company/?Id=91993,Нет координат — геокодировать минимум по двум источникам,Веб-исследование; требуется координатная и ручная проверка,Высокий,2026-07-19
RQ-3c09181f30ad,"Havas — Chilanzar-23, Lutfi St. 56",Торговля и рынки,Havas branch,supermarkets (28 объектов найдено),Uchtepa district,,,,Branch listing,GoldenPages,https://www.goldenpages.uz/en/company/?Id=99724,Нет координат — геокодировать минимум по двум источникам,Веб-исследование; требуется координатная и ручная проверка,Высокий,2026-07-19
RQ-599c2ccbb3fa,"Havas — Chilanzar-18, Al-Khorezmi St. 3A",Торговля и рынки,Havas branch,supermarkets (28 объектов найдено),Chilanzar district,,,,Branch listing,GoldenPages,https://www.goldenpages.uz/en/company/?Id=92028,Нет координат — геокодировать минимум по двум источникам,Веб-исследование; требуется координатная и ручная проверка,Высокий,2026-07-19
RQ-938a066a08c9,Makro (chain),Торговля и рынки,Makro — largest food retailer by store count,supermarkets (28 объектов найдено),"Citywide, HQ Tashkent",,,,"Founded 2010-12-11; 108 stores across 25 urban areas nationwide (supermarket/hypermarket/express formats, 33 round-the-clock branches); ~20% market share in Tashkent; first in Uzbekistan with self-checkout (2020) and EV chargers (2020).",en.wikipedia.org,https://en.wikipedia.org/wiki/Makro_(Uzbekistan),Нет координат — геокодировать минимум по двум источникам,Веб-исследование; требуется координатная и ручная проверка,Высокий,2026-07-19
RQ-81d7fcaafc57,Makro — Chilanzar Shopping Center,Торговля и рынки,Makro anchor-store branch,supermarkets (28 объектов найдено),Chilanzar district,,,,First-floor anchor supermarket in a mall with ice rink/cinema/food court,en.wikipedia.org,https://en.wikipedia.org/wiki/Makro_(Uzbekistan),Нет координат — геокодировать минимум по двум источникам,Веб-исследование; требуется координатная и ручная проверка,Высокий,2026-07-19
RQ-b4b22fbdad6e,Makro — Riviera FEC,Торговля и рынки,Makro anchor-store branch,supermarkets (28 объектов найдено),Tashkent (Riviera FEC mall),,,,Supermarket inside Riviera family entertainment center,en.wikipedia.org,https://en.wikipedia.org/wiki/Makro_(Uzbekistan),Нет координат — геокодировать минимум по двум источникам,Веб-исследование; требуется координатная и ручная проверка,Высокий,2026-07-19
RQ-dca53256de9b,Makro Express,Торговля и рынки,Makro small-format 24/7 express stores,supermarkets (28 объектов найдено),Citywide,,,,New small-format express variant of Makro identified in a Tashkent field survey of chains,en.wikipedia.org,https://en.wikipedia.org/wiki/Tashkent_supermarket_chains_of_uzbekistan_produce_department_ranking,Нет координат — геокодировать минимум по двум источникам,Веб-исследование; требуется координатная и ручная проверка,Высокий,2026-07-19
RQ-f6929dc573e1,Green Apple Market,Торговля и рынки,Green Apple Market — supermarket chain,supermarkets (28 объектов найдено),Yashnabad district (Baykurgan St. 1) / also Abdurauf Fitrat St. location,,,,Wide range of food and household goods with home delivery,GoldenPages,https://www.goldenpages.uz/en/company/?Id=77590,Нет координат — геокодировать минимум по двум источникам,Веб-исследование; требуется координатная и ручная проверка,Высокий,2026-07-19
RQ-bb50e3493560,Baraka Market,Торговля и рынки,Baraka Market — neighborhood-format retail chain,supermarkets (28 объектов найдено),Tashkent (Asaka St. 35),,,,Consumer-goods retail network in neighborhood-store format,Yandex Maps,https://yandex.com/maps/org/baraka_market/189625915293/,Нет координат — геокодировать минимум по двум источникам,Веб-исследование; требуется координатная и ручная проверка,Высокий,2026-07-19
RQ-a119b9d1832f,Magnum — Integro Mall hypermarket,Торговля и рынки,"Magnum Cash & Carry (Kazakh chain), first Uzbekistan hypermarket",supermarkets (28 объектов найдено),"Tashkent (Bunyodkor Ave. 52, Integro multifunctional center, Block B)",,,,"Opened Dec 11, 2021; >5,000 sqm sales floor, 20,000+ SKUs, own bakery/tandoor; company then planned further hyper/supermarket openings in 2022-2023",gazeta.uz,https://www.gazeta.uz/ru/2021/12/14/magnum/,Нет координат — геокодировать минимум по двум источникам,Веб-исследование; требуется координатная и ручная проверка,Высокий,2026-07-19
RQ-d04995e42fc3,Carrefour — Karatash St. (first Uzbekistan store),Торговля и рынки,"Carrefour, operated under franchise by Majid Al Futtaim (UAE)",supermarkets (28 объектов найдено),Tashkent (Karatash St.),,,,"First international supermarket brand to enter Uzbekistan, opened end of December 2020; features food court, tandoor, sushi bar, bakery, MyClub loyalty app",east-fruit.com,https://east-fruit.com/en/news/first-carrefour-store-opened-in-uzbekistan-what-does-this-mean-for-the-market/,Нет координат — геокодировать минимум по двум источникам,Веб-исследование; требуется координатная и ручная проверка,Высокий,2026-07-19
RQ-4fc4cec96e09,Carrefour — Samarkand Darvoza mall,Торговля и рынки,Carrefour branch,supermarkets (28 объектов найдено),Tashkent (Samarqand Darvoza mall),,,,One of the follow-up stores opened March-April 2021,tashkenttimes.uz,https://tashkenttimes.uz/business/6200-carrefour-to-open-supermarkets-at-samarkand-darvoza-and-compass-malls,Нет координат — геокодировать минимум по двум источникам,Веб-исследование; требуется координатная и ручная проверка,Высокий,2026-07-19
RQ-421101d709a7,Carrefour — Compass mall,Торговля и рынки,Carrefour branch,supermarkets (28 объектов найдено),Tashkent (Compass mall),,,,One of the follow-up stores opened March-April 2021,tashkenttimes.uz,https://tashkenttimes.uz/business/6200-carrefour-to-open-supermarkets-at-samarkand-darvoza-and-compass-malls,Нет координат — геокодировать минимум по двум источникам,Веб-исследование; требуется координатная и ручная проверка,Высокий,2026-07-19
RQ-05071ce11e54,Asia.uz Supermarket,Торговля и рынки,Asia.uz — local supermarket chain,supermarkets (28 объектов найдено),Yunusabad district (Bogishamol St. 90) / also Badamzar location,,,,Local chain with multiple listed branches (Nukus St. location also found),GoldenPages,https://www.goldenpages.uz/en/company/?Id=101300,Нет координат — геокодировать минимум по двум источникам,Веб-исследование; требуется координатная и ручная проверка,Высокий,2026-07-19
RQ-ca535fabca7f,Galmart — Tashkent City Mall,Торговля и рынки,"Galmart (Kazakh premium family-supermarket chain), first store outside Kazakhstan",supermarkets (28 объектов найдено),"Tashkent (Botyr Zakirov St. 7, Tashkent City Mall)",,,,"Technical opening Aug 25, 2024; ~6,000 sqm premium-segment store, chain's 11th location overall and 1st outside Kazakhstan, operating since 2011 in Kazakhstan",spot.uz,https://www.spot.uz/ru/2024/08/28/galmart-opening/,Нет координат — геокодировать минимум по двум источникам,Веб-исследование; требуется координатная и ручная проверка,Высокий,2026-07-19
RQ-b8dbdcfde961,Tegen,Торговля и рынки,Tegen — grocery/sausage-products retail chain,supermarkets (28 объектов найдено),"Mirzo-Ulugbek district (Karasu 1st massif, HQ)",,,,Founded 1997; 27 branches per 2GIS; own sausage/deli production (104 product varieties) sold through its store network,2GIS,https://2gis.uz/tashkent/branches/70000001036467640,Нет координат — геокодировать минимум по двум источникам,Веб-исследование; требуется координатная и ручная проверка,Высокий,2026-07-19
RQ-24261592395f,Galmart / Magnum / Korzinka / Havas / Makro directory listing,Торговля и рынки,Aggregator confirming multiple chains,supermarkets (28 объектов найдено),Citywide,,,,GoldenPages directory rubric lists dozens of individually catalogued supermarket entries across Tashkent used to cross-check branch names above,GoldenPages,https://www.goldenpages.uz/en/rubrics/?Id=1581,Нет координат — геокодировать минимум по двум источникам,Веб-исследование; требуется координатная и ручная проверка,Высокий,2026-07-19
RQ-558ce8ef812f,Texnomart,Торговля и рынки,electronics/household appliances chain,Стрит-ритейл (street_retail) (38 объектов найдено),citywide chain,,,,"Founded 2008 in Tashkent; ~23 stores across Tashkent, Samarkand, Andijan, Fergana, Namangan",texnomart.uz,https://texnomart.uz/ru/,Нет координат — геокодировать минимум по двум источникам,Веб-исследование; требуется координатная и ручная проверка,Высокий,2026-07-19
RQ-a6db0793f292,Mediapark,Торговля и рынки,electronics/household appliances chain,Стрит-ритейл (street_retail) (38 объектов найдено),citywide chain,,,,"One of the leading appliance/electronics retailers in Uzbekistan; 32 physical stores nationwide, many in Tashkent",mediapark.uz,https://mediapark.uz/ourshops,Нет координат — геокодировать минимум по двум источникам,Веб-исследование; требуется координатная и ручная проверка,Высокий,2026-07-19
RQ-8e0da32950d9,Korzinka,Торговля и рынки,supermarket chain,Стрит-ритейл (street_retail) (38 объектов найдено),"multiple (Yunusabad, Shaykhantahur, Mirzo-Ulugbek, etc.)",,,,"Constantly expanding neighborhood supermarket chain, markets itself as convenient shopping near home; dozens of Tashkent branches",korzinka.uz,https://korzinka.uz/en/stores,Нет координат — геокодировать минимум по двум источникам,Веб-исследование; требуется координатная и ручная проверка,Высокий,2026-07-19
RQ-7bed1f1c2b27,Makro,Торговля и рынки,supermarket chain,Стрит-ритейл (street_retail) (38 объектов найдено),citywide chain,,,,"108 stores across 25 Uzbek cities; largest food retailer in the country by store count, ~20% Tashkent market share",en.wikipedia.org,https://en.wikipedia.org/wiki/Makro_(Uzbekistan),Нет координат — геокодировать минимум по двум источникам,Веб-исследование; требуется координатная и ручная проверка,Высокий,2026-07-19
RQ-bf9a8b0ed4b4,Havas,Торговля и рынки,discount supermarket / 'home store' chain,Стрит-ритейл (street_retail) (38 объектов найдено),"mostly residential massifs (e.g. Dustlik-2, Yangikhayot)",,,,"Opened March 2019; 60 stores in Tashkent city and region, self-service, minimal-range 'store near home' format",GoldenPages,https://www.goldenpages.uz/en/rubrics/?Id=106717,Нет координат — геокодировать минимум по двум источникам,Веб-исследование; требуется координатная и ручная проверка,Высокий,2026-07-19
RQ-a9ee91676a8f,Diamant,Торговля и рынки,jewelry store,Стрит-ритейл (street_retail) (38 объектов найдено),,,,,Jewelry retailer offering a large assortment across price segments,diamant.uz,https://diamant.uz/,Нет координат — геокодировать минимум по двум источникам,Веб-исследование; требуется координатная и ручная проверка,Высокий,2026-07-19
RQ-6a40a8b320fb,Fonon.uz,Торговля и рынки,jewelry store,Стрит-ритейл (street_retail) (38 объектов найдено),,,,,Gold and precious-jewelry retailer with certified quality and delivery,fonon.uz,https://fonon.uz/en,Нет координат — геокодировать минимум по двум источникам,Веб-исследование; требуется координатная и ручная проверка,Высокий,2026-07-19
RQ-a54bee93883b,Big Ben,Торговля и рынки,jewelry showroom,Стрит-ритейл (street_retail) (38 объектов найдено),,,,,Showroom where customers can compare and try on jewelry models,bigben.uz,https://bigben.uz/category/yuvelirnye-izdeliya,Нет координат — геокодировать минимум по двум источникам,Веб-исследование; требуется координатная и ручная проверка,Высокий,2026-07-19
RQ-af2ae47508c7,"Gold Centre ""Aliev Zargari""",Торговля и рынки,specialized jewelry mall,Стрит-ритейл (street_retail) (38 объектов найдено),,,,,"Described as the first profiled jewelry center in the CIS, housing 40+ jewelry stores under one roof",Sprav.uz,https://sprav.uz/yuvelirnye-magaziny,Нет координат — геокодировать минимум по двум источникам,Веб-исследование; требуется координатная и ручная проверка,Высокий,2026-07-19
RQ-d10a8b688563,Anori,Торговля и рынки,jewelry & watch store,Стрит-ритейл (street_retail) (38 объектов найдено),Uzbekiston Ovozi street,,,,Jewelry and watch shop at Uzbekiston Ovozi St. 6,Sprav.uz,https://sprav.uz/yuvelirnye-magaziny,Нет координат — геокодировать минимум по двум источникам,Веб-исследование; требуется координатная и ручная проверка,Высокий,2026-07-19
RQ-c81f77cd2306,Topar.uz,Торговля и рынки,bookstore chain,Стрит-ритейл (street_retail) (38 объектов найдено),central Tashkent,,,,"Chain of book shops in central Tashkent, official partner of Russian publishers",topar.uz,https://topar.uz/,Нет координат — геокодировать минимум по двум источникам,Веб-исследование; требуется координатная и ручная проверка,Высокий,2026-07-19
RQ-62ed00bf95d5,Город книг (Gorod Knig),Торговля и рынки,bookstore,Стрит-ритейл (street_retail) (38 объектов найдено),,,,,Large book retailer operating online and with offline sales points,gorodknig.uz,https://gorodknig.uz/,Нет координат — геокодировать минимум по двум источникам,Веб-исследование; требуется координатная и ручная проверка,Высокий,2026-07-19
RQ-fa4f9914fd2b,Китоб олами (Kitob Olami),Торговля и рынки,bookstore,Стрит-ритейл (street_retail) (38 объектов найдено),,,,,Reported as the largest bookstore opened in Central Asia,podrobno.uz,https://podrobno.uz/cat/obchestvo/v-tashkente-otkrylsya-krupneyshiy-v-tsentralnoy-azii-knizhnyy-magazin-/,Нет координат — геокодировать минимум по двум источникам,Веб-исследование; требуется координатная и ручная проверка,Высокий,2026-07-19
RQ-f1e830ba4f0d,DI SPORT,Торговля и рынки,sporting goods chain,Стрит-ритейл (street_retail) (38 объектов найдено),"Yakkasaray (Shota Rustaveli St.), also Tashkent City Mall, Amir Temur Ave.",,,,Multi-branch sports chain with stores on Shota Rustaveli 53 and Amir Temur Ave. 60 (near Abdulla Qodiriy metro),GoldenPages,https://www.goldenpages.uz/en/rubrics/?Id=107185,Нет координат — геокодировать минимум по двум источникам,Веб-исследование; требуется координатная и ручная проверка,Высокий,2026-07-19
RQ-0f88bb7032d4,RiderShop (Rider.uz),Торговля и рынки,outdoor/sports goods chain,Стрит-ритейл (street_retail) (38 объектов найдено),,,,,"First and largest RiderShop-outdoor store opened in Tashkent in 2010; cycling, ski, mountaineering gear",rider.uz,https://rider.uz/ru/,Нет координат — геокодировать минимум по двум источникам,Веб-исследование; требуется координатная и ручная проверка,Высокий,2026-07-19
RQ-e86422fe5e8b,Sportway,Торговля и рынки,sports clothing & goods store,Стрит-ритейл (street_retail) (38 объектов найдено),,,,,"Wide assortment of sports clothing, shoes, bags, accessories and nutrition",sportway.uz,https://sportway.uz/,Нет координат — геокодировать минимум по двум источникам,Веб-исследование; требуется координатная и ручная проверка,Высокий,2026-07-19
RQ-70241c6ec6d8,Cake Lab,Торговля и рынки,confectionery café chain,Стрит-ритейл (street_retail) (38 объектов найдено),,,,,"Confectionery dating back to 2012, grew from a hobby into a major dessert-café business",cakelab.uz,https://cakelab.uz/en,Нет координат — геокодировать минимум по двум источникам,Веб-исследование; требуется координатная и ручная проверка,Высокий,2026-07-19
RQ-c825f154062e,Safia,Торговля и рынки,confectionery house chain,Стрит-ритейл (street_retail) (38 объектов найдено),multiple districts,,,,Confectionery house with numerous branches across Tashkent and other regions,safiabakery.uz,https://safiabakery.uz/ru/locations,Нет координат — геокодировать минимум по двум источникам,Веб-исследование; требуется координатная и ручная проверка,Высокий,2026-07-19
RQ-920b2e2dc973,Merenga,Торговля и рынки,confectionery,Стрит-ритейл (street_retail) (38 объектов найдено),,,,,Confectionery offering desserts from various countries made with natural ingredients,merenga.uz,https://merenga.uz/,Нет координат — геокодировать минимум по двум источникам,Веб-исследование; требуется координатная и ручная проверка,Высокий,2026-07-19
RQ-a774283207c9,KIMMY LAB,Торговля и рынки,beauty salon chain,Стрит-ритейл (street_retail) (38 объектов найдено),,,,,"Beauty salon chain offering lash extensions, manicure/pedicure, brow architecture, hair styling",kimmylab.uz,https://kimmylab.uz/,Нет координат — геокодировать минимум по двум источникам,Веб-исследование; требуется координатная и ручная проверка,Высокий,2026-07-19
RQ-5df45eba8274,Express Beauty,Торговля и рынки,beauty salon chain,Стрит-ритейл (street_retail) (38 объектов найдено),,,,,"Described as the first beauty-salon chain in Tashkent, offering full-service hair, makeup, nails, lashes",salon.uz,https://salon.uz/beauty/,Нет координат — геокодировать минимум по двум источникам,Веб-исследование; требуется координатная и ручная проверка,Высокий,2026-07-19
RQ-c4b9525b0822,Mir Ochkoff (oprava.uz),Торговля и рынки,optics/eyewear chain,Стрит-ритейл (street_retail) (38 объектов найдено),central Tashkent,,,,"Optics salon chain, first branch opened 2006 at Kh. Olimjon Sq. 2B, 3 more branches opened 2007-2019 in city center",oprava.uz,https://oprava.uz/,Нет координат — геокодировать минимум по двум источникам,Веб-исследование; требуется координатная и ручная проверка,Высокий,2026-07-19
RQ-2cdf9c5e66d1,Vision Care,Торговля и рынки,optics salon chain,Стрит-ритейл (street_retail) (38 объектов найдено),central Tashkent,,,,Elite optics salons in central Tashkent offering global eyewear brands,visioncare.uz,https://visioncare.uz/,Нет координат — геокодировать минимум по двум источникам,Веб-исследование; требуется координатная и ручная проверка,Высокий,2026-07-19
RQ-ea84fed96623,Optimist,Торговля и рынки,optics chain,Стрит-ритейл (street_retail) (38 объектов найдено),,,,,"Optics salon chain with glasses, lenses, delivery across Uzbekistan",instagram.com,https://www.instagram.com/optimistoptics/,Нет координат — геокодировать минимум по двум источникам,Веб-исследование; требуется координатная и ручная проверка,Высокий,2026-07-19
RQ-dcaa8d914d92,Bliss,Торговля и рынки,optics salon,Стрит-ритейл (street_retail) (38 объектов найдено),,,,,Optics salon offering vision diagnostics and made-to-order eyewear,bliss-optika.uz,https://bliss-optika.uz/,Нет координат — геокодировать минимум по двум источникам,Веб-исследование; требуется координатная и ручная проверка,Высокий,2026-07-19
RQ-b1428823264e,Я родился (Ya Rodilsya),Торговля и рынки,children's goods store chain,Стрит-ритейл (street_retail) (38 объектов найдено),,,,,"Described as the first children's-store chain in Tashkent, selling nutrition, toys, bikes, strollers",yarodilsya.uz,https://yarodilsya.uz/,Нет координат — геокодировать минимум по двум источникам,Веб-исследование; требуется координатная и ручная проверка,Высокий,2026-07-19
RQ-bd757a5ee2e3,Chicco Baby,Торговля и рынки,baby goods store,Стрит-ритейл (street_retail) (38 объектов найдено),Chilanzar (Bunyodkor prospect),,,,"Located on Bunyodkor Prospect in Chilanzar district, near Sultan Ahmet restaurant",chiccobaby.uz,https://chiccobaby.uz/,Нет координат — геокодировать минимум по двум источникам,Веб-исследование; требуется координатная и ручная проверка,Высокий,2026-07-19
RQ-c2a6016b6591,Kidsland,Торговля и рынки,toy store,Стрит-ритейл (street_retail) (38 объектов найдено),,,,,Toy retailer offering a wide range of products for children of all ages,kidsland.uz,https://kidsland.uz,Нет координат — геокодировать минимум по двум источникам,Веб-исследование; требуется координатная и ручная проверка,Высокий,2026-07-19
RQ-58806196cd8f,Golden Toys,Торговля и рынки,toy & children's goods store,Стрит-ритейл (street_retail) (38 объектов найдено),,,,,Online and retail toy/children's goods store,goldentoys.uz,https://goldentoys.uz/,Нет координат — геокодировать минимум по двум источникам,Веб-исследование; требуется координатная и ручная проверка,Высокий,2026-07-19
RQ-78c623666b82,Kanstik,Торговля и рынки,stationery chain,Стрит-ритейл (street_retail) (38 объектов найдено),citywide chain,,,,Described as the largest stationery-store chain in Uzbekistan,kanstik.uz,https://kanstik.uz/,Нет координат — геокодировать минимум по двум источникам,Веб-исследование; требуется координатная и ручная проверка,Высокий,2026-07-19
RQ-2e8ba560678a,Centrum,Торговля и рынки,stationery store,Стрит-ритейл (street_retail) (38 объектов найдено),,,,,"School, office and craft stationery retailer with citywide delivery",centrum.gl.uz,https://centrum.gl.uz/,Нет координат — геокодировать минимум по двум источникам,Веб-исследование; требуется координатная и ручная проверка,Высокий,2026-07-19
RQ-163c3bc3a0b0,KLASS (kanstovari.uz),Торговля и рынки,stationery chain,Стрит-ритейл (street_retail) (38 объектов найдено),Mirzo-Ulugbek (Karasu),,,,"Stationery chain with multiple branches; one location at Karasu-1, house 13 AB, Mirzo-Ulugbek district",kanstovari.uz,https://kanstovari.uz/,Нет координат — геокодировать минимум по двум источникам,Веб-исследование; требуется координатная и ручная проверка,Высокий,2026-07-19
RQ-14ab378f9436,Marker Market,Торговля и рынки,stationery/household goods store,Стрит-ритейл (street_retail) (38 объектов найдено),,,,,Stationery and household-goods retailer founded in 1995,markermarket.uz,https://markermarket.uz/,Нет координат — геокодировать минимум по двум источникам,Веб-исследование; требуется координатная и ручная проверка,Высокий,2026-07-19
RQ-3e1b5b9ad36f,LC Waikiki,Торговля и рынки,international clothing chain (Turkish brand),Стрит-ритейл (street_retail) (38 объектов найдено),"multiple (Chig'atoy, Mirzo-Ulugbek/Riviera area, etc.)",,,,"Multiple Tashkent branches incl. Park Magic City (Babur St. 174/5), TC Atlas Chimgan, TC Chig'atoy, TC Riviera",be-in.ru,https://www.be-in.ru/network/5581-lc-waikiki-address/tashkent/,Нет координат — геокодировать минимум по двум источникам,Веб-исследование; требуется координатная и ручная проверка,Высокий,2026-07-19
RQ-5fd3c7d8b8a0,Elpa,Торговля и рынки,clothing boutique,Стрит-ритейл (street_retail) (38 объектов найдено),Yakkasaray (Shota Rustaveli St. 45),,,,"Street-level clothing boutique on Shota Rustaveli St., open daily 10:00-20:00",2GIS,https://2gis.uz/tashkent/firm/70000001075784334,Нет координат — геокодировать минимум по двум источникам,Веб-исследование; требуется координатная и ручная проверка,Высокий,2026-07-19
RQ-49aa1963c9d6,Kanishka,Торговля и рынки,leather & fur goods store,Стрит-ритейл (street_retail) (38 объектов найдено),Shota Rustaveli street,,,,Specialized leather- and fur-goods shop on Shota Rustaveli St.,Yandex Maps,https://yandex.ru/maps/org/kanishka/65621970218/,Нет координат — геокодировать минимум по двум источникам,Веб-исследование; требуется координатная и ручная проверка,Высокий,2026-07-19
RQ-681bd0e6a5ad,NCS,Торговля и рынки,men's clothing brand,Стрит-ритейл (street_retail) (38 объектов найдено),,,,,Marketed as 'European quality in your wardrobe' men's clothing brand present in Tashkent,be-in.ru,https://www.be-in.ru/network/tashkent/,Нет координат — геокодировать минимум по двум источникам,Веб-исследование; требуется координатная и ручная проверка,Высокий,2026-07-19
RQ-2bb7d8d18643,Baby&Co,Торговля и рынки,children's clothing brand,Стрит-ритейл (street_retail) (38 объектов найдено),,,,,Natural/organic children's clothing brand described as made 'with the soul of Uzbekistan',be-in.ru,https://www.be-in.ru/network/tashkent/,Нет координат — геокодировать минимум по двум источникам,Веб-исследование; требуется координатная и ручная проверка,Высокий,2026-07-19
RQ-1b7c18127c77,Чорсу базар (Chorsu Bazaar),Торговля и рынки,"traditional covered/open bazaar, food+spices+crafts",markets (16 объектов найдено),"Старый город / Шайхантаурский-Алмазарский район (Old City, near Khast-Imam / Chorsu metro)",,,,"One of the oldest and largest bazaars in Central Asia (site used for over 2000 years); iconic Soviet-built blue dome with meat/dairy on ground floor and spices/dried fruit/tourist goods above; famous food-stall rows selling somsa, khanum, shashlik. Open daily ~7:00-18:00.",ru.wikipedia.org,"https://ru.wikipedia.org/wiki/Чорсу_(базар,_Ташкент)",Нет координат — геокодировать минимум по двум источникам,Веб-исследование; требуется координатная и ручная проверка,Высокий,2026-07-19
RQ-6d5933d02937,Алайский базар (Alay / Oloy Bazaar),Торговля и рынки,traditional retail bazaar,markets (16 объектов найдено),"City center, near Amir Temur Square / Abdulla Qodiriy metro station",,,,"Roughly 150 years old, dating to the Russian-built part of the city; known for fresh produce, dried fruit, imported goods and a gold-trading row. Modern covered halls added over time. Open daily ~8:00-20:00.",centralasia-travel.com,https://www.centralasia-travel.com/ru/countries/uzbekistan/places/bazaars/alay_bazaar,Нет координат — геокодировать минимум по двум источникам,Веб-исследование; требуется координатная и ручная проверка,Высокий,2026-07-19
RQ-381172e7456c,Мирабадский (Госпитальный) базар,Торговля и рынки,district food/retail bazaar,markets (16 объектов найдено),Мирабадский район (Mirabad district),,,,"Also called ""Gospitalny"" (Hospital) bazaar because a 19th-century military hospital once stood on the site; a major everyday produce/goods market for central Tashkent.",uz.sputniknews.ru,https://uz.sputniknews.ru/20231118/top-5-bazarov-tashkenta-41080719.html,Нет координат — геокодировать минимум по двум источникам,Веб-исследование; требуется координатная и ручная проверка,Высокий,2026-07-19
RQ-6caba6051d52,Куйлюк базар (Kuylyuk Bazaar),Торговля и рынки,large mixed market (food + clothing + construction sectors),markets (16 объектов найдено),"Бектемирский район, на пересечении Бектемирского шоссе и Большой кольцевой дороги (Bektemir district, Bektemir highway / Tashkent Ring Road junction)",,,,"One of the largest and busiest markets in the capital, built in Soviet times and greatly expanded since; combines a wholesale/retail food market with separate clothing and construction-materials sections.",2GIS,https://2gis.uz/tashkent/firm/70000001038051332,Нет координат — геокодировать минимум по двум источникам,Веб-исследование; требуется координатная и ручная проверка,Высокий,2026-07-19
RQ-0e57024d2649,Абу Сохий (Abu Sakhiy Market),Торговля и рынки,large wholesale market,markets (16 объектов найдено),"Чиланзарский район, проспект Бунёдкор, 156А (Chilanzar district)",,,,"One of the largest wholesale markets in the capital, reported to cover 60+ acres with roughly 3,000 trading points; sells produce, meat, dairy, spices and prepared national food.",2GIS,https://2gis.uz/tashkent/firm/70000001038443805,Нет координат — геокодировать минимум по двум источникам,Веб-исследование; требуется координатная и ручная проверка,Высокий,2026-07-19
RQ-ed02999d8327,Ипподромный рынок (Hippodrome Market),Торговля и рынки,wholesale/retail clothing & textile market,markets (16 объектов найдено),near the Tashkent Hippodrome,,,,Described by shoppers as the largest clothing/textile wholesale-retail market in Uzbekistan.,irecommend.ru,https://irecommend.ru/content/samyi-bolshoi-veshchevoi-rynok-uzbekistana-chto-ya-zdes-pokupayu,Нет координат — геокодировать минимум по двум источникам,Веб-исследование; требуется координатная и ручная проверка,Высокий,2026-07-19
RQ-bd2a6e23b5e9,Фархадский базар (Farkhad Bazaar),Торговля и рынки,produce market,markets (16 объектов найдено),"Учтепинский район, улицы Лутфи и Фархадская (Uchtepa district)",,,,"Opened in 1971; long considered the cheapest produce/food market in Tashkent for fruit, vegetables and berries. The new SCOPUS Mall (hybrid auto-service + retail complex) opened nearby in Uchtepa in April 2026.",spot.uz,https://www.spot.uz/ru/2026/04/09/scopus-mall/,Нет координат — геокодировать минимум по двум источникам,Веб-исследование; требуется координатная и ручная проверка,Высокий,2026-07-19
RQ-d21d2fa78a27,Урикзар / Караван базар (Urikzar / Karavan Bazaar),Торговля и рынки,large multi-sector wholesale market,markets (16 объектов найдено),not specified in sources,,,,"Historically known as the cheapest food market in Tashkent; organized into construction, food, machinery/electronics, and carpet/clothing sectors — large enough that shoppers describe needing a full day to cover just the food sector.",Google Maps,https://www.google.com/search?q=%D0%9A%D1%83%D0%B9%D0%BB%D1%8E%D0%BA+%D0%B1%D0%B0%D0%B7%D0%B0%D1%80+%D0%90%D0%B1%D1%83+%D0%A1%D0%BE%D1%85%D0%B8%D0%B9+%D0%98%D0%BF%D0%BF%D0%BE%D0%B4%D1%80%D0%BE%D0%BC%D0%BD%D1%8B%D0%B9+%D1%80%D1%8B%D0%BD%D0%BE%D0%BA+%D0%A4%D0%B0%D1%80%D1%85%D0%B0%D0%B4%D1%81%D0%BA%D0%B8%D0%B9+%D0%A3%D1%80%D0%B8%D0%BA%D0%B7%D0%BE%D1%80+%D0%A2%D0%B0%D1%88%D0%BA%D0%B5%D0%BD%D1%82+%D1%80%D0%B0%D0%B9%D0%BE%D0%BD,Нет координат — геокодировать минимум по двум источникам,Веб-исследование; требуется координатная и ручная проверка,Высокий,2026-07-19
RQ-fee98341cb51,"Янгиабад / Тезиковка (Yangiabad Flea Market / ""Tezikovka"")",Торговля и рынки,flea market / antiques market,markets (16 объектов найдено),"Янгиабадский массив (Yangiobod), between Kuylyuk and Rissovy bazaars",,,,"Reputed to be the largest flea market in the post-Soviet space; sections for antiques/Soviet memorabilia, new goods, food, and live animals/birds (incl. a dog section). Open weekends only (Sat-Sun), closed Mondays. Covers roughly 2 sq km by some accounts.",daryo.uz,https://daryo.uz/en/category/uzbekistan/tmgdwcaoci0g/,Нет координат — геокодировать минимум по двум источникам,Веб-исследование; требуется координатная и ручная проверка,Высокий,2026-07-19
RQ-4333584e975d,Аския дехкон бозори (Askiya Dehqon Bozori),Торговля и рынки,farmers'/produce market,markets (16 объектов найдено),"Яккасарайский район, ул. Шота Руставели, 52А (Yakkasaray district, near Saodat shopping center)",,,,"Existing open-air farmers market slated for a major $150M redevelopment into a modern 'eco-bazaar' complex with an attached shopping center and four-star hotel, per late-2024 city planning coverage.",gazeta.uz,https://www.gazeta.uz/ru/2024/11/19/askiya/,Нет координат — геокодировать минимум по двум источникам,Веб-исследование; требуется координатная и ручная проверка,Высокий,2026-07-19
RQ-2aad26eaf31c,Паркентский рынок (Parkent Bazaar),Торговля и рынки,district produce market,markets (16 объектов найдено),"Юнусабадский район, ул. Паркентская (Yunusabad district)",,,,"Fresh-produce neighborhood market in one of Tashkent's most densely populated districts; sells seasonal fruit/vegetables, meat, dairy and cheeses from local producers.",2GIS,https://2gis.uz/tashkent/search/%D0%9F%D0%B0%D1%80%D0%BA%D0%B5%D0%BD%D1%82%D1%81%D0%BA%D0%B0%D1%8F%20%D1%80%D1%8B%D0%BD%D0%BE%D0%BA,Нет координат — геокодировать минимум по двум источникам,Веб-исследование; требуется координатная и ручная проверка,Высокий,2026-07-19
RQ-8a696d65ba2b,Юнусабадский рынок (Yunusabad Bazaar),Торговля и рынки,district bazaar,markets (16 объектов найдено),Юнусабадский район (Yunusabad district),,,,"District market reported to be undergoing reconstruction investment, with plans for a modern multi-level trading complex.",uzum.uz,https://uzum.uz/media/rynki-tashkenta/,Нет координат — геокодировать минимум по двум источникам,Веб-исследование; требуется координатная и ручная проверка,Высокий,2026-07-19
RQ-0dbf95845fae,Сергели дехкон бозори (Sergeli Dehqon Bozori),Торговля и рынки,farmers'/produce market,markets (16 объектов найдено),"Сергелийский район, ул. Янги Сергели, 6 (Sergeli district)",,,,District farmers' market in southern Tashkent; a separate Sergeli car-parts/vehicle market ('Сергели машины базар') is also listed in local directories for the same district.,Yandex Maps,https://yandex.com/maps/org/sergeli_dekhkon_bozori/94911643110/,Нет координат — геокодировать минимум по двум источникам,Веб-исследование; требуется координатная и ручная проверка,Высокий,2026-07-19
RQ-5f6c8d448d33,Ширин дехкон бозори (Shirin Dehqon Bozori),Торговля и рынки,farmers'/produce market,markets (16 объектов найдено),Мирзо-Улугбекский район (Mirzo-Ulugbek district),,,,"Agricultural/farmers' market serving the Mirzo-Ulugbek district, operating roughly 8:00-20:00 per directory listings.",YellowPages,https://www.yellowpages.uz/en/rubric/markets/tashkent,Нет координат — геокодировать минимум по двум источникам,Веб-исследование; требуется координатная и ручная проверка,Высокий,2026-07-19
RQ-88a75c44746a,Tashkent INDEX (Индекс базар),Торговля и рынки,multi-profile wholesale/retail trade & production complex,markets (16 объектов найдено),not specified in source (self-described as a large multi-profile market),,,,"Described on its own site as a 72-hectare multi-profile market/industrial-commercial park with 3,000+ retail units and about 130 production facilities — larger and more industrial in character than a classic open-air bazaar.",indexbozor.uz,https://indexbozor.uz/,Нет координат — геокодировать минимум по двум источникам,Веб-исследование; требуется координатная и ручная проверка,Высокий,2026-07-19
RQ-44d6aeb9df50,Бек Топи (Bek To'pi Trade Complex),Торговля и рынки,"trade complex, name found in directory listings",markets (16 объектов найдено),not specified in sources found,,,,"Surfaced alongside Askiya/Aviasozlar Dehkon Bozori in Yellow Pages Uzbekistan's Tashkent markets rubric; included here only as a name lead — details not independently corroborated in this research pass, should be verified before seeding.",YellowPages,https://www.yellowpages.uz/en/rubric/markets/tashkent,Нет координат — геокодировать минимум по двум источникам,Веб-исследование; требуется координатная и ручная проверка,Высокий,2026-07-19
RQ-98592bac9f5a,Caravan (Караван),F&B,"Uzbek national cuisine, standalone, live music",restaurants (27 объектов найдено),,,,,Billed as the first Uzbek national-cuisine restaurant opened in Tashkent (20+ years old); Uzbek-style decor with Gijduvan ceramic tile; located near the Israeli Embassy on ul. Makhmuda Tarabi 22; cited as ranking among top-10 CIS restaurants.,advantour.com,https://www.advantour.com/rus/uzbekistan/tashkent/restaurants/caravan-main.htm,Нет координат — геокодировать минимум по двум источникам,Веб-исследование; требуется координатная и ручная проверка,Средний,2026-07-19
RQ-aeb945d32059,Afsona (Афсона),F&B,"Modern Uzbek cuisine, 2+ branches",restaurants (27 объектов найдено),,,,,"Modern take on Uzbek cuisine (plov, samsa, manty, dolma) in a contemporary space with tandoor-style decor; branches at ul. Tarasa Shevchenko 30 and ul. Bilimdon 18; TripAdvisor rating 4.3, listed in top-12 Tashkent restaurants.",advantour.com,https://www.advantour.com/rus/uzbekistan/tashkent/restaurants/afsona.htm,Нет координат — геокодировать минимум по двум источникам,Веб-исследование; требуется координатная и ручная проверка,Средний,2026-07-19
RQ-797241313a79,Besh Qozon (Beshqozon) Central Asian Plov Center,F&B,"Plov-center chain, Uzbek cuisine",restaurants (27 объектов найдено),Yunusabad,,,,"Main branch sits at the foot of the Tashkent TV Tower (ul. Iftihor 1); cooks roughly 10 tons of plov daily in giant open-air kazans, serving up to 1,000 people per pot; additional branches confirmed on Sergeli, Yangi Sergeli, Aklan and Glinka streets; a major tourist draw.",centralasia-travel.com,https://www.centralasia-travel.com/ru/countries/uzbekistan/places/tashkent/plov_center,Нет координат — геокодировать минимум по двум источникам,Веб-исследование; требуется координатная и ручная проверка,Средний,2026-07-19
RQ-199fe8b09fb2,Sette Restaurant & Bar,F&B,Hotel restaurant - Italian (Hyatt Regency Tashkent),restaurants (27 объектов найдено),,,,,Rooftop-style dining on the 7th floor of Hyatt Regency Tashkent; indoor dining room plus outdoor terrace with city views; wood-fired-oven pizzas and pastas.,hyattrestaurants.com,https://www.hyattrestaurants.com/en/tashkent/restaurant/sette-restaurant-bar,Нет координат — геокодировать минимум по двум источникам,Веб-исследование; требуется координатная и ручная проверка,Средний,2026-07-19
RQ-d5232732e6f0,Khiva Restaurant,F&B,Hotel restaurant - Khorezm/Uzbek cuisine (Hyatt Regency Tashkent),restaurants (27 объектов найдено),,,,,High-end dining at Hyatt Regency Tashkent; signature feature is a char-grilled Kazan/Tandir oven producing fresh bread and traditional plov.,hyatt.com,https://www.hyatt.com/hyatt-regency/en-US/tasrt-hyatt-regency-tashkent/dining,Нет координат — геокодировать минимум по двум источникам,Веб-исследование; требуется координатная и ручная проверка,Средний,2026-07-19
RQ-7bdc95a973c8,Affresco,F&B,Italian restaurant,restaurants (27 объектов найдено),,,,,"Frequently cited as among the best Italian restaurants in Tashkent; wide range of pizzas, pastas and wines; described as doubling as a gallery-like space with notable interior art; address given as Matbuotchilar St. 9.",wanderlog.com,https://wanderlog.com/list/geoCategory/52712/best-italian-restaurants-in-tashkent,Нет координат — геокодировать минимум по двум источникам,Веб-исследование; требуется координатная и ручная проверка,Средний,2026-07-19
RQ-1c096dea53c8,Syrovarnya (Сыроварня),F&B,Italian restaurant chain (Tashkent outpost of a Russian chain),restaurants (27 объектов найдено),,,,,Tashkent branch of the popular Russian 'Syrovarnya' Italian-restaurant chain; industrial-chic hall with high ceilings; the only Tashkent restaurant with an on-site full-cycle cheese-production facility visible to diners; address given as Shakhrisabz St. 31B.,wanderlog.com,https://wanderlog.com/list/geoCategory/52712/best-italian-restaurants-in-tashkent,Нет координат — геокодировать минимум по двум источникам,Веб-исследование; требуется координатная и ручная проверка,Средний,2026-07-19
RQ-bf82555e973f,Gruzinskiy Dvorik (Georgian Yard),F&B,Georgian cuisine,restaurants (27 объектов найдено),,,,,"Well-known Georgian-cuisine restaurant in Tashkent, noted for a warm, hospitable atmosphere and authentic Georgian dishes.",tourcentralasia.com,https://tourcentralasia.com/uzbekistan/best-restaurants-in-tashkent-uzbekistan/,Нет координат — геокодировать минимум по двум источникам,Веб-исследование; требуется координатная и ручная проверка,Средний,2026-07-19
RQ-21295d312f8c,Navat,F&B,Central Asian chain (also present in Almaty and Bishkek),restaurants (27 объектов найдено),,,,,Regional Central Asian restaurant chain offering modern twists on traditional Central Asian dishes; part of a multi-city network beyond Tashkent.,tourcentralasia.com,https://tourcentralasia.com/uzbekistan/best-restaurants-in-tashkent-uzbekistan/,Нет координат — геокодировать минимум по двум источникам,Веб-исследование; требуется координатная и ручная проверка,Средний,2026-07-19
RQ-9e4df253935c,Hilton Tashkent City restaurant,F&B,Hotel restaurant - Pan-Asian / Uzbek-European,restaurants (27 объектов найдено),,,,,"Hotel dining venue at Hilton Tashkent City; one outlet reported on the 21st floor with pan-Asian cuisine and skyline views, another on the ground floor serving Uzbek & European fare overlooking the Congress Center terrace.",hilton.com,https://www.hilton.com/en/hotels/tastchi-hilton-tashkent-city/dining/,Нет координат — геокодировать минимум по двум источникам,Веб-исследование; требуется координатная и ручная проверка,Средний,2026-07-19
RQ-3fa60cc1f2c1,SmokeLab,F&B,Restaurant/lounge,restaurants (27 объектов найдено),,,,,"Described in map-review aggregation as a restaurant known for its music, interior and premium atmosphere for evening dining.",Yandex Maps,https://yandex.com/maps/10335/tashkent/category/restaurant/184106394/filter/best_rating/,Нет координат — геокодировать минимум по двум источникам,Веб-исследование; требуется координатная и ручная проверка,Средний,2026-07-19
RQ-bc8939faf551,Cake Lab,F&B,Restaurant / breakfast spot,restaurants (27 объектов найдено),,,,,Surfaced among Tashkent's higher-rated dining venues; noted for a large breakfast selection.,Yandex Maps,https://yandex.com/maps/10335/tashkent/category/restaurant/184106394/filter/best_rating/,Нет координат — геокодировать минимум по двум источникам,Веб-исследование; требуется координатная и ручная проверка,Средний,2026-07-19
RQ-84b8b2cef788,Bon! (BON!),F&B,French-style coffeehouse & patisserie chain,restaurants (27 объектов найдено),,,,,"Chain of coffeehouse/confectionery venues; sources indicate around 21 branches across Tashkent, including a location on Prospekt Beruni 12.",2GIS,https://2gis.uz/tashkent/firm/70000001044930229,Нет координат — геокодировать минимум по двум источникам,Веб-исследование; требуется координатная и ручная проверка,Средний,2026-07-19
RQ-53644b5c8e2e,Black Bear Coffee (Blackbear Kofi),F&B,Local coffee chain,restaurants (27 объектов найдено),,,,,"Tashkent-based coffee-shop network offering espresso, coffee drinks and pastries across multiple locations.",foodcost.uz,https://foodcost.uz/reviews/set-kofeen-black-bear-coffee-uzbekistan-tashkent/,Нет координат — геокодировать минимум по двум источникам,Веб-исследование; требуется координатная и ручная проверка,Средний,2026-07-19
RQ-730399633b06,Safia Cafe & Bakery,F&B,Cafe/bakery chain,restaurants (27 объектов найдено),,,,,"Widely recommended local chain known for fresh pastries, cakes and cookies in a bright, cozy setting.",tourcentralasia.com,https://tourcentralasia.com/uzbekistan/best-restaurants-in-tashkent-uzbekistan/,Нет координат — геокодировать минимум по двум источникам,Веб-исследование; требуется координатная и ручная проверка,Средний,2026-07-19
RQ-c84b469ed557,Costa Coffee,F&B,International coffee chain (UK),restaurants (27 объектов найдено),,,,,International chain that entered the Tashkent market with a central-city branch near Ecopark; reported plans for at least three Tashkent/Uzbekistan locations.,afisha.uz,https://www.afisha.uz/ru/restaurants/2023/07/14/costa-coffee,Нет координат — геокодировать минимум по двум источникам,Веб-исследование; требуется координатная и ручная проверка,Средний,2026-07-19
RQ-2258fb384875,Minor Somsa (Минор Сомса),F&B,Somsa cafe chain,restaurants (27 объектов найдено),Mirzo-Ulugbek,,,,Local cafe chain specializing in somsa (baked savory pastries); a branch is located on ul. Mirzo Ulugbeka 69.,YellowPages,https://www.yellowpages.uz/en/rubric/restaurants/tashkent/mirzo-ulugbek,Нет координат — геокодировать минимум по двум источникам,Веб-исследование; требуется координатная и ручная проверка,Средний,2026-07-19
RQ-5e8ac246c6a0,GŌSHT,F&B,Burger & grill restaurant,restaurants (27 объектов найдено),Mirabad,,,,"Trendy gourmet burger-and-grill restaurant in Mirabad district; known for its 'Meat Dukka' burger; modern, cozy ambiance.",wanderlog.com,https://wanderlog.com/list/geoCategory/38433/best-fast-food-restaurants-in-tashkent,Нет координат — геокодировать минимум по двум источникам,Веб-исследование; требуется координатная и ручная проверка,Средний,2026-07-19
RQ-cbd9737d8a31,Les Ailes - Oybek,F&B,Fast-food cafe chain,restaurants (27 объектов найдено),,,,,"Popular fast-food cafe outlet known for chicken nuggets, fries, salads, burgers, hot dogs and lavash at affordable prices.",wanderlog.com,https://wanderlog.com/list/geoCategory/38433/best-fast-food-restaurants-in-tashkent,Нет координат — геокодировать минимум по двум источникам,Веб-исследование; требуется координатная и ручная проверка,Средний,2026-07-19
RQ-1d7340fabac6,KFC,F&B,International fast-food chain (US),restaurants (27 объектов найдено),,,,,"Multiple Tashkent locations confirmed, including a 24-hour outlet on Istiqbol St. 17 (near Compass Mall/Compass Cinema) and one on Beruniy St. 41.",Yandex Maps,https://yandex.com/maps/org/kfc/154270047854/,Нет координат — геокодировать минимум по двум источникам,Веб-исследование; требуется координатная и ручная проверка,Средний,2026-07-19
RQ-d80f2d966d60,EVOS,F&B,Fast-food chain,restaurants (27 объектов найдено),,,,,Regional fast-food chain reported to have around 41 locations in Tashkent and 59 across Uzbekistan.,GoldenPages,https://www.goldenpages.uz/en/rubrics/?Id=3742,Нет координат — геокодировать минимум по двум источникам,Веб-исследование; требуется координатная и ручная проверка,Средний,2026-07-19
RQ-d6d1a9ea482e,Wendy's,F&B,International fast-food chain (US),restaurants (27 объектов найдено),Tashkent City,,,,Opened as a gastronomic tenant of the new Tashkent City Mall (Botyr Zakirov St. 7) alongside other international QSR brands.,gazeta.uz,https://www.gazeta.uz/ru/2024/03/04/tashkent-city-mall/,Нет координат — геокодировать минимум по двум источникам,Веб-исследование; требуется координатная и ручная проверка,Средний,2026-07-19
RQ-93f95d520eb9,Papa John's,F&B,International pizza chain (US),restaurants (27 объектов найдено),Tashkent City,,,,Confirmed gastronomic tenant of Tashkent City Mall.,gazeta.uz,https://www.gazeta.uz/ru/2024/03/04/tashkent-city-mall/,Нет координат — геокодировать минимум по двум источникам,Веб-исследование; требуется координатная и ручная проверка,Средний,2026-07-19
RQ-0c4f6af2fe56,Hardee's,F&B,International fast-food chain (US),restaurants (27 объектов найдено),Tashkent City,,,,Confirmed gastronomic tenant of Tashkent City Mall.,gazeta.uz,https://www.gazeta.uz/ru/2024/03/04/tashkent-city-mall/,Нет координат — геокодировать минимум по двум источникам,Веб-исследование; требуется координатная и ручная проверка,Средний,2026-07-19
RQ-1f622bca7c42,Pizza Hut,F&B,International pizza chain (US),restaurants (27 объектов найдено),Tashkent City,,,,Confirmed gastronomic tenant of Tashkent City Mall.,gazeta.uz,https://www.gazeta.uz/ru/2024/03/04/tashkent-city-mall/,Нет координат — геокодировать минимум по двум источникам,Веб-исследование; требуется координатная и ручная проверка,Средний,2026-07-19
RQ-c2bcd4caf829,Golden River,F&B,Restaurant (European/national cuisine),restaurants (27 объектов найдено),Yunusabad,,,,"Named restaurant located on ul. Niyozbek yuli 2 in Yunusabad district, surfaced via directory-style search of the district's dining venues.",GoldenPages,https://www.goldenpages.uz/en/rubrics/?Id=3473,Нет координат — геокодировать минимум по двум источникам,Веб-исследование; требуется координатная и ручная проверка,Средний,2026-07-19
RQ-27507b80c077,Brasserie,F&B,Restaurant,restaurants (27 объектов найдено),,,,,"Restaurant listed on 2GIS at Prospekt Amira Temura 107a, near Amir Temur Square, a central dining/hospitality corridor.",2GIS,https://2gis.uz/tashkent/firm/70000001037878249,Нет координат — геокодировать минимум по двум источникам,Веб-исследование; требуется координатная и ручная проверка,Средний,2026-07-19
RQ-130a7a90970b,Bon!,F&B,chain (French-style café/patisserie),Кафе и кофейни (cafes) (20 объектов найдено),"citywide — branches incl. Mirzo-Ulugbek, Shaykhantahur",,,,"Large chain, ~30 branches across Tashkent; coffee, tea, smoothies, juices, desserts.",2GIS,https://2gis.uz/tashkent/branches/70000001036339557,Нет координат — геокодировать минимум по двум источникам,Веб-исследование; требуется координатная и ручная проверка,Средний,2026-07-19
RQ-1c314fd0b785,Coffee Boom,F&B,"chain (regional, also present in Kazakhstan)",Кафе и кофейни (cafes) (20 объектов найдено),Mirabad / city center,,,,"Branches on Taras Shevchenko 21a and Mirabad 9a; hot/cold coffee, breakfasts, 60+ dessert types.",2GIS,https://2gis.uz/tashkent/firm/70000001049186178,Нет координат — геокодировать минимум по двум источникам,Веб-исследование; требуется координатная и ручная проверка,Средний,2026-07-19
RQ-3bbd23c350e0,ЧайКоф (ChayKof),F&B,chain,Кафе и кофейни (cafes) (20 объектов найдено),"Mirabad, Yakkasaray areas",,,,"4 branches (Saida Baraka 16B, Kari Niyazi 61, Shota Rustaveli 22, Buyuk Ipak Yuli 24); breakfasts, tea and coffee menu.",myday.uz,https://myday.uz/eda/restorani-i-kafe/noviy-filial-seti-kofeen-chaykof-na-c,Нет координат — геокодировать минимум по двум источникам,Веб-исследование; требуется координатная и ручная проверка,Средний,2026-07-19
RQ-8771491b95ba,Tim's Coffee & Roastery,F&B,chain / coffee roastery,Кафе и кофейни (cafes) (20 объектов найдено),"Mirabad, Yakkasaray, Mirzo-Ulugbek",,,,"3+ branches; roasts its own beans, offers pour-over, chemex, French press, siphon and batch brew.",2GIS,https://2gis.uz/tashkent/firm/70000001036722997,Нет координат — геокодировать минимум по двум источникам,Веб-исследование; требуется координатная и ручная проверка,Средний,2026-07-19
RQ-599a188dfb47,Beanberry,F&B,coffee shop / boutique,Кафе и кофейни (cafes) (20 объектов найдено),Mirzo-Ulugbek district (Makhatmy Gandi St. 14),,,,"Coffee boutique with beans/accessories on ground floor; hot and iced coffee, tea.",2GIS,https://2gis.uz/tashkent/firm/70000001046538505,Нет координат — геокодировать минимум по двум источникам,Веб-исследование; требуется координатная и ручная проверка,Средний,2026-07-19
RQ-6b914cb75309,Paul,F&B,"chain (international French bakery-café, est. 1889)",Кафе и кофейни (cafes) (20 объектов найдено),"Yunusabad district (Amira Temura Ave. 60, main branch)",,,,International French bakery-café brand; 3 branches in Tashkent.,2GIS,https://2gis.uz/tashkent/firm/70000001038176252,Нет координат — геокодировать минимум по двум источникам,Веб-исследование; требуется координатная и ручная проверка,Средний,2026-07-19
RQ-93151bc3619a,B&B Coffee House (Beans & Brews),F&B,chain,Кафе и кофейни (cafes) (20 объектов найдено),"Yakkasaray, Mirzo-Ulugbek, Mirabad",,,,"8 branches citywide; often cited as one of the best coffee houses in Tashkent; alt-milk drinks, breakfasts.",2GIS,https://2gis.uz/tashkent/branches/70000001036591390,Нет координат — геокодировать минимум по двум источникам,Веб-исследование; требуется координатная и ручная проверка,Средний,2026-07-19
RQ-568e111c60f3,Columbina Coffee Boutique,F&B,independent boutique café,Кафе и кофейни (cafes) (20 объектов найдено),Mirabad district (Mirabad St. 27/6),,,,Offers 100+ Colombian coffee blends and a wide tea selection.,TripAdvisor,https://www.tripadvisor.com/Restaurant_Review-g293968-d15710581-Reviews-Columbina_Coffee_Boutique-Tashkent_Tashkent_Province.html,Нет координат — геокодировать минимум по двум источникам,Веб-исследование; требуется координатная и ручная проверка,Средний,2026-07-19
RQ-35f44d79884f,Breadly,F&B,chain (bakery-café),Кафе и кофейни (cafes) (20 объектов найдено),"Mirzo-Ulugbek, Yakkasaray",,,,5-6 branches; first café in Tashkent to sell freshly baked bread/croissants; large breakfast menu.,2GIS,https://2gis.uz/tashkent/firm/70000001039979374,Нет координат — геокодировать минимум по двум источникам,Веб-исследование; требуется координатная и ручная проверка,Средний,2026-07-19
RQ-ae011afe2316,Rodena Coffee & Bakery,F&B,chain (coffee & bakery),Кафе и кофейни (cafes) (20 объектов найдено),Yashnobad district (Aviasozlar St. 65),,,,"5 branches; rated 4.7/5, 2GIS-listed ""Лучшая кофейня 2025""; large menu incl. sushi/pizza/desserts.",TripAdvisor,https://www.tripadvisor.com/Restaurant_Review-g293968-d19098534-Reviews-Rodena_Coffee_Bakery-Tashkent_Tashkent_Province.html,Нет координат — геокодировать минимум по двум источникам,Веб-исследование; требуется координатная и ручная проверка,Средний,2026-07-19
RQ-5f56bd80d911,Qahva,F&B,chain (24/7 coffee point),Кафе и кофейни (cafes) (20 объектов найдено),city center (Taras Shevchenko St. 36a),,,,"~5 branches; 2GIS-listed ""Лучшая кофейня 2026""; positions itself as coffee available round the clock.",2GIS,https://2gis.uz/tashkent/search/Qahva%2C%20%D1%82%D0%BE%D1%87%D0%BA%D0%B0%20%D0%BA%D0%BE%D1%84%D0%B5,Нет координат — геокодировать минимум по двум источникам,Веб-исследование; требуется координатная и ручная проверка,Средний,2026-07-19
RQ-a49b700a449e,Pie Republic,F&B,independent café/patisserie,Кафе и кофейни (cafes) (20 объектов найдено),Mirzo-Ulugbek district,,,,"Known for sweet/savory pies (le Medovic), vegan coffee options, breakfast quiches.",TripAdvisor,https://www.tripadvisor.com/Restaurant_Review-g293968-d10643480-Reviews-Pie_Republic-Tashkent_Tashkent_Province.html,Нет координат — геокодировать минимум по двум источникам,Веб-исследование; требуется координатная и ручная проверка,Средний,2026-07-19
RQ-4cd03c9208ff,Socials Cafe (Shevchenko),F&B,independent café,Кафе и кофейни (cafes) (20 объектов найдено),Mirabad district (Taras Shevchenko St. 36A/38),,,,Trendy all-day café on Tashkent's fashionable Taras Shevchenko street; breakfasts and desserts.,tastingtashkent.wixsite.com,https://tastingtashkent.wixsite.com/mysite/post/socials-cafe,Нет координат — геокодировать минимум по двум источникам,Веб-исследование; требуется координатная и ручная проверка,Средний,2026-07-19
RQ-05076ba1c77d,Coffeelab,F&B,specialty coffee lab / brew bar,Кафе и кофейни (cafes) (20 объектов найдено),city center + Chilanzar district (2 locations),,,,"Uses beans from top foreign roasters (US, Thailand); espresso classics plus alternative brew methods, rare cold-brew towers.",Yandex Maps,https://openkitchen.eda.yandex/article/places/guides/espresso-tur-8-kofeen-v-tashkente,Нет координат — геокодировать минимум по двум источникам,Веб-исследование; требуется координатная и ручная проверка,Средний,2026-07-19
RQ-c85a957f94d8,Moona Cafe,F&B,fashion coffee shop (in multi-brand retail space),Кафе и кофейни (cafes) (20 объектов найдено),Furqat Street 2A,,,,Coffee shop attached to a multi-brand fashion space; described as a stylish capuccino/espresso spot.,Yandex Maps,https://yandex.com/maps/org/moona_cafe/144217339539/,Нет координат — геокодировать минимум по двум источникам,Веб-исследование; требуется координатная и ручная проверка,Средний,2026-07-19
RQ-9f7abf9fdb87,Caffelito Coffee,F&B,coffee shop,Кафе и кофейни (cafes) (20 объектов найдено),Chilanzar district (16th quarter),,,,Neighborhood coffee point in Chilanzar mass housing area.,Yandex Maps,https://yandex.ru/maps/org/caffelito_coffee/114252705723/,Нет координат — геокодировать минимум по двум источникам,Веб-исследование; требуется координатная и ручная проверка,Средний,2026-07-19
RQ-aca160a303b4,TheChoyxona,F&B,modern-style traditional teahouse (chaikhana),Кафе и кофейни (cafes) (20 объектов найдено),not specified in source,,,,"Modern take on a traditional Uzbek teahouse; tea, traditional drinks, Uzbek and European dishes.",weproject.media,https://weproject.media/articles/detail/chaykhana-v-tashkente-7-mest-gde-vy-smozhete-prochuvstvovat-uzbekskiy-kolorit/,Нет координат — геокодировать минимум по двум источникам,Веб-исследование; требуется координатная и ручная проверка,Средний,2026-07-19
RQ-f7ac69bf4a1e,Halva Teahouse,F&B,Eastern-style teahouse (chaikhana),Кафе и кофейни (cafes) (20 объектов найдено),not specified in source,,,,Upscale Eastern-style teahouse with spacious climate-controlled terrace.,weproject.media,https://weproject.media/articles/detail/chaykhana-v-tashkente-7-mest-gde-vy-smozhete-prochuvstvovat-uzbekskiy-kolorit/,Нет координат — геокодировать минимум по двум источникам,Веб-исследование; требуется координатная и ручная проверка,Средний,2026-07-19
RQ-61b784650e8b,Shavi Coffee Roasters,F&B,"specialty coffee roaster (Georgian brand, Tbilisi-origin)",Кафе и кофейни (cafes) (20 объектов найдено),Bukhara Street 26,,,,Tbilisi-based specialty roaster's Tashkent branch; known for batch brew and laptop-friendly space.,2GIS,https://2gis.uz/tashkent/firm/70000001112713831,Нет координат — геокодировать минимум по двум источникам,Веб-исследование; требуется координатная и ручная проверка,Средний,2026-07-19
RQ-a90643d51bb1,Cafe Dosan,F&B,Korean-style coffee shop,Кафе и кофейни (cafes) (20 объектов найдено),Yakub Kolas St. (main) + Mirzo-Ulugbek district (Dosan 2),,,,Korean coffee shop concept with 2 locations in Tashkent.,meganstarr.com,https://www.meganstarr.com/tashkent-cafes-coffee-shops/,Нет координат — геокодировать минимум по двум источникам,Веб-исследование; требуется координатная и ручная проверка,Средний,2026-07-19
RQ-6766f2d532d1,KFC,F&B,International chicken QSR chain,Фастфуд и QSR (fast_food) (24 объектов найдено),"Multiple — e.g. Shaykhontohur (Tashkent City Mall, Batyra Zakirova St 7), Mirzo-Ulugbek (Buyuk Ipak Yuli 105v), Mirabad (Tarasa Shevchenko St 21/2)",,,,Market leader of fast food in Uzbekistan per industry commentary; sources cite 20-28 branches across Tashkent,2GIS,https://2gis.uz/tashkent/branches/70000001036389367,Нет координат — геокодировать минимум по двум источникам,Веб-исследование; требуется координатная и ручная проверка,Средний,2026-07-19
RQ-2ec995ce7976,Evos,F&B,Local fast-food/lavash cafe chain,Фастфуд и QSR (fast_food) (24 объектов найдено),"Citywide — branches in Chilanzar (8th & 10th quarters), Yunusabad (14th quarter), Sergeli (Yangi Sergeli St), Mirzo-Ulugbek (Amir Temur Ave), etc.",,,,One of the 'big three' of Uzbek fast food (with KFC and Loook); primarily profits from lavash sales; sources cite 41-60 branches in Tashkent (59-60 nationwide),2GIS,https://2gis.uz/tashkent/branches/70000001036389370,Нет координат — геокодировать минимум по двум источникам,Веб-исследование; требуется координатная и ручная проверка,Средний,2026-07-19
RQ-ab49fedcdff8,Loook,F&B,Local burger chain,Фастфуд и QSR (fast_food) (24 объектов найдено),"Yunusabad (13th quarter, 1a) and other locations incl. Buyuk Ipak Yuli, Farobi St",,,,"Local burger-chain market leader alongside KFC and Evos; classic burger ~8,800 som; ~5+ branches in Tashkent",2GIS,https://2gis.uz/tashkent/firm/70000001037238756,Нет координат — геокодировать минимум по двум источникам,Веб-исследование; требуется координатная и ручная проверка,Средний,2026-07-19
RQ-4f8bdb22c30a,Burger King,F&B,International burger QSR chain,Фастфуд и QSR (fast_food) (24 объектов найдено),"Mirzo-Ulugbek area — Beruni Avenue 41 (Alpomish Ice Palace, near Beruni metro / Student's Town)",,,,"First Burger King in Uzbekistan opened Dec 16, 2025 with a public ceremony attended by the US ambassador; operator plans 3 Tashkent locations total (Tashkent City Mall, Seoul Mun, Beruni/Alpomish) plus regional expansion",gazeta.uz,https://www.gazeta.uz/en/2025/12/17/burger-king-uzbekistan/,Нет координат — геокодировать минимум по двум источникам,Веб-исследование; требуется координатная и ручная проверка,Средний,2026-07-19
RQ-42683a0b4b7a,Papa John's,F&B,International pizzeria chain,Фастфуд и QSR (fast_food) (24 объектов найдено),"Multiple — Mirabad St 39, Chilanzar 3rd quarter 63a, Mirzo-Ulugbek (Buyuk Ipak Yuli 123), Niyozbek Yuli 12, Kushbegi microdistrict",,,,"Reported ~21 branches across Tashkent, including mall locations (TRK Alfraganus, Riviera Mall)",2GIS,https://2gis.uz/tashkent/branches/70000001082474421,Нет координат — геокодировать минимум по двум источникам,Веб-исследование; требуется координатная и ручная проверка,Средний,2026-07-19
RQ-cebbaf38b7ef,Domino's Pizza,F&B,International pizzeria chain,Фастфуд и QSR (fast_food) (24 объектов найдено),"Shaykhontohur (Labzak residential area, 9a)",,,,Reported ~8 branches in Tashkent; some locations operate 24 hours,2GIS,https://2gis.uz/tashkent/firm/70000001087816862,Нет координат — геокодировать минимум по двум источникам,Веб-исследование; требуется координатная и ручная проверка,Средний,2026-07-19
RQ-9f7b734fa36b,Mom's Touch,F&B,South Korean burger & fried-chicken chain (entering market),Фастфуд и QSR (fast_food) (24 объектов найдено),,,,,"Franchise MoU signed Sept 2025 with local partner One Food (Zafar Khodjaev) to open first Tashkent outlet and up to 60 restaurants nationwide; opening was targeted for late 2025 — treat as newly-entering rather than long-established, confirm operating status before seeding",gazeta.uz,https://www.gazeta.uz/ru/2025/09/03/moms-touch/,Нет координат — геокодировать минимум по двум источникам,Веб-исследование; требуется координатная и ручная проверка,Средний,2026-07-19
RQ-c3d0019e21f6,Shef Burger,F&B,Local burger chain,Фастфуд и QSR (fast_food) (24 объектов найдено),"Multiple — Amir Temur Ave 70, Shota Rustaveli 13a, Koratash 5a, Temur Malik St 3, Uzbekiston Ovozi St 21",,,,"Burgers made from 100% marbled beef; several branches across the city, listed on Wolt and Tripadvisor",TripAdvisor,https://www.tripadvisor.com/Restaurant_Review-g293968-d25563322-Reviews-Shef_Burger-Tashkent_Tashkent_Province.html,Нет координат — геокодировать минимум по двум источникам,Веб-исследование; требуется координатная и ручная проверка,Средний,2026-07-19
RQ-0eaff6d3e193,Feed Up,F&B,Local fast-food chain,Фастфуд и QSR (fast_food) (24 объектов найдено),,,,,"Operating since 2010; known for lavash, burgers and combo meals; active on Wolt delivery",wolt.com,https://wolt.com/en/uzb/tashkent/uzb-top-brands-carousel-feed-up,Нет координат — геокодировать минимум по двум источникам,Веб-исследование; требуется координатная и ручная проверка,Средний,2026-07-19
RQ-f11a069896f5,GO'SHT (Gōsht),F&B,Restaurant holding with fast-food/burger concepts,Фастфуд и QSR (fast_food) (24 объектов найдено),"Mirabad (ul. Mirabad 21/1, Niyozbek Yuli 31), Shahrisabz St 5a",,,,"Gōsht Group restaurant holding ('Главные по мясу'); includes premium restaurant plus fast-food projects offering burgers, pizza, steaks; ~11 branches",2GIS,https://2gis.uz/tashkent/firm/70000001036824728,Нет координат — геокодировать минимум по двум источникам,Веб-исследование; требуется координатная и ручная проверка,Средний,2026-07-19
RQ-a78d4d423dab,Wendy's,F&B,International burger QSR chain,Фастфуд и QSR (fast_food) (24 объектов найдено),"Shaykhontohur (Tashkent City Mall, Batyra Zakirova St 7); earlier location in Compass shopping center",,,,First Wendy's in Tashkent opened June 2019,gazeta.uz,https://www.gazeta.uz/ru/2019/06/19/wendys/,Нет координат — геокодировать минимум по двум источникам,Веб-исследование; требуется координатная и ручная проверка,Средний,2026-07-19
RQ-1d20cfae987f,Cinnabon,F&B,International bakery/dessert QSR chain,Фастфуд и QSR (fast_food) (24 объектов найдено),Tashkent City Mall food court,,,,Opened as part of Tashkent City Mall food court lineup alongside Subway and Wendy's,anons.uz,https://anons.uz/ru/news/lokatsiya-pervikh-restoranov-subway-cinnabon-v-tashkente,Нет координат — геокодировать минимум по двум источникам,Веб-исследование; требуется координатная и ручная проверка,Средний,2026-07-19
RQ-fe4ac9f605c8,Subway,F&B,International sandwich QSR chain,Фастфуд и QSR (fast_food) (24 объектов найдено),Tashkent City Mall food court,,,,First Subway location in Tashkent announced together with Cinnabon's,anons.uz,https://anons.uz/ru/news/lokatsiya-pervikh-restoranov-subway-cinnabon-v-tashkente,Нет координат — геокодировать минимум по двум источникам,Веб-исследование; требуется координатная и ручная проверка,Средний,2026-07-19
RQ-6dd1219baa24,Max Way,F&B,Local fast-food chain (Uzbek brand),Фастфуд и QSR (fast_food) (24 объектов найдено),Multiple — e.g. Shota Rustaveli St 9B,,,,"Founded 2005 in Tashkent; halal burgers, lavash, hot dogs, sandwiches, doners; ~15-20 branches, several on Wolt (Risoviy, Universam, Minor, Aviasozlar locations)",2GIS,https://2gis.uz/tashkent/firm/70000001049189620,Нет координат — геокодировать минимум по двум источникам,Веб-исследование; требуется координатная и ручная проверка,Средний,2026-07-19
RQ-a86f86b4cc6c,BURGER & Co.,F&B,Local fast-food cafe chain,Фастфуд и QSR (fast_food) (24 объектов найдено),"Yakkasaray (Shota Rustaveli St 28, Konstitutsiya mahalla)",,,,"Serves burgers, wraps, hot dogs, fries, salads, pita, halal dishes; average check ~65,000 som; open 07:30–03:00",2GIS,https://2gis.uz/tashkent/firm/70000001109526435,Нет координат — геокодировать минимум по двум источникам,Веб-исследование; требуется координатная и ручная проверка,Средний,2026-07-19
RQ-d2c6f023ca7e,City Burger,F&B,Local fast-food point,Фастфуд и QSR (fast_food) (24 объектов найдено),"Yunusabad (19th quarter, 2B)",,,,Listed as a fast-food establishment ('пункт быстрого питания') on 2GIS,2GIS,https://2gis.uz/tashkent/firm/70000001097834818,Нет координат — геокодировать минимум по двум источникам,Веб-исследование; требуется координатная и ручная проверка,Средний,2026-07-19
RQ-6bc09942111c,Burger Embassy,F&B,Local burger fast-food venue,Фастфуд и QSR (fast_food) (24 объектов найдено),Mirabad (Yakub Kolas St),,,,Listed in Golden Pages Tashkent business directory,GoldenPages,https://www.goldenpages.uz/en/company/?Id=90155,Нет координат — геокодировать минимум по двум источникам,Веб-исследование; требуется координатная и ручная проверка,Средний,2026-07-19
RQ-760edea1620d,Lavash №1,F&B,Local fast-food cafe (lavash/shawarma),Фастфуд и QSR (fast_food) (24 объектов найдено),Chilanzar (16th quarter/block),,,,"Average check reported at 20,000–28,000 som",Yandex Maps,https://yandex.ru/maps/102394/chilanzar/category/restaurant/,Нет координат — геокодировать минимум по двум источникам,Веб-исследование; требуется координатная и ручная проверка,Средний,2026-07-19
RQ-4694682d2979,Hardee's,F&B,International burger QSR chain,Фастфуд и QSR (fast_food) (24 объектов найдено),"Shaykhontohur (Tashkent City Mall, Batyra Zakirova St 7)",,,,"Global chain also present in Kazakhstan; a Tashkent City Mall location is listed on 2GIS (avg. check ~75,000 som); one industry summary cites two-three Tashkent locations",2GIS,https://2gis.uz/tashkent/search/%D0%A4%D0%B0%D1%81%D1%82%20%D1%84%D1%83%D0%B4%20%D1%82%D0%B0%D1%88%D0%BA%D0%B5%D0%BD%D1%82%20%D1%81%D0%B8%D1%82%D0%B8%20%D0%BC%D0%BE%D0%BB,Нет координат — геокодировать минимум по двум источникам,Веб-исследование; требуется координатная и ручная проверка,Средний,2026-07-19
RQ-7e4f0bf23999,RONI Pizza Napoletana,F&B,Pizza QSR,Фастфуд и QSR (fast_food) (24 объектов найдено),Tashkent City area,,,,Listed among top fast-food outlets in the Tashkent City district directory,wheree.com,https://www.wheree.com/Fast_Food-c423-g2210491-Tashkent_City,Нет координат — геокодировать минимум по двум источникам,Веб-исследование; требуется координатная и ручная проверка,Средний,2026-07-19
RQ-bf2d00cce485,Yapona Mama,F&B,Pan-Asian fusion fast-food chain,Фастфуд и QSR (fast_food) (24 объектов найдено),Tashkent City area / citywide,,,,Listed among top fast-food stores in Tashkent City directory and available on Wolt delivery,wheree.com,https://www.wheree.com/Fast_Food-c423-g2210491-Tashkent_City,Нет координат — геокодировать минимум по двум источникам,Веб-исследование; требуется координатная и ручная проверка,Средний,2026-07-19
RQ-871e6e7eb9d1,Street 77,F&B,Local fast-food cafe (burgers & pizza),Фастфуд и QSR (fast_food) (24 объектов найдено),,,,,"Fast-food cafe known for burgers and pizza, listed as a delivery brand on Wolt Tashkent",wolt.com,https://wolt.com/en/uzb/tashkent/brands,Нет координат — геокодировать минимум по двум источникам,Веб-исследование; требуется координатная и ручная проверка,Средний,2026-07-19
RQ-244a0750ff20,WOK,F&B,Asian-cuisine fast-food chain,Фастфуд и QSR (fast_food) (24 объектов найдено),,,,,"Modern fast-food chain specializing in Asian cuisine (noodles/rice), listed as a Wolt Tashkent brand",wolt.com,https://wolt.com/en/uzb/tashkent/brands,Нет координат — геокодировать минимум по двум источникам,Веб-исследование; требуется координатная и ручная проверка,Средний,2026-07-19
RQ-8e32ace00fdf,MoscowPizza,F&B,Pizza fast-food chain,Фастфуд и QSR (fast_food) (24 объектов найдено),,,,,Pizza delivery brand listed on Wolt Tashkent,wolt.com,https://wolt.com/en/uzb/tashkent/brands,Нет координат — геокодировать минимум по двум источникам,Веб-исследование; требуется координатная и ручная проверка,Средний,2026-07-19
RQ-0b0d1128225d,Национальный парк имени Алишера Навои (Milliy Bog'),Парки и общественные пространства,national park,Парки и зелёные зоны (parks) (26 объектов найдено),Мирабадский район / центр,,,,"Largest/oldest major park, ~65 ha with a 9 ha lake and canal system, built on the site of the former Komsomol Lake; bicycle paths and statues of national figures.",myday.uz,https://myday.uz/parki/11-parkov-tashkenta-gde-poproshatysya-s-letom,Нет координат — геокодировать минимум по двум источникам,Веб-исследование; требуется координатная и ручная проверка,Средний,2026-07-19
RQ-5e2b7c7aeee9,"Ташкентский ботанический сад (Botanical Garden, named after F.N. Rusanov)",Парки и общественные пространства,botanical garden,Парки и зелёные зоны (parks) (26 объектов найдено),"Юнусабадский район (граница с Мирзо-Улугбекским), ул. Богишамол 232В",,,,"Over 4,500-6,000 species/varieties of plants incl. 68+ Red Book species and relict ginkgo/metasequoia trees; run under the Academy of Sciences Institute of Botany.",Sprav.uz,https://sprav.uz/article/320-botanicheskij-sad-v-tashkente,Нет координат — геокодировать минимум по двум источникам,Веб-исследование; требуется координатная и ручная проверка,Средний,2026-07-19
RQ-be9ff6c1997c,Японский сад (Japanese Garden),Парки и общественные пространства,themed garden,Парки и зелёные зоны (parks) (26 объектов найдено),Юнусабадский район (near TV tower / Tashkentland),,,,"Gazebos, tea house, artificial lake and wooden bridges; sakura trees bloom in spring.",myday.uz,https://myday.uz/parki/11-parkov-tashkenta-gde-poproshatysya-s-letom,Нет координат — геокодировать минимум по двум источникам,Веб-исследование; требуется координатная и ручная проверка,Средний,2026-07-19
RQ-c95b32f65bb3,River Park,Парки и общественные пространства,linear park / promenade,Парки и зелёные зоны (parks) (26 объектов найдено),"Алмазарский район, вдоль канала Даммаши",,,,"Opened May 2020; bike paths, miniature replicas of world landmarks (Big Ben, Eiffel Tower, Golden Gate Bridge, Triumphal Arch), illuminated bridge at night.",afisha.uz,https://www.afisha.uz/ru/gorod/2020/09/04/river-park,Нет координат — геокодировать минимум по двум источникам,Веб-исследование; требуется координатная и ручная проверка,Средний,2026-07-19
RQ-fdaf912b9526,Парк культуры и отдыха имени Абдуллы Кадыри,Парки и общественные пространства,amusement/culture park,Парки и зелёные зоны (parks) (26 объектов найдено),"Чиланзарский район, пр-т Дружбы Народов",,,,"~17 ha, western Tashkent; open amphitheater seating ~3,000, numerous small rides/attractions.",myday.uz,https://myday.uz/parki/11-parkov-tashkenta-gde-poproshatysya-s-letom,Нет координат — геокодировать минимум по двум источникам,Веб-исследование; требуется координатная и ручная проверка,Средний,2026-07-19
RQ-870ad8694b64,Парк культуры и отдыха имени Мирзо Улугбека,Парки и общественные пространства,culture/amusement park,Парки и зелёные зоны (parks) (26 объектов найдено),"Чиланзарский район, пр-т Дружбы Народов 21",,,,"Oldest park in Tashkent (opened 1934); decorative lake with boats/catamarans, children's rides, lakeside cafe.",Sprav.uz,https://sprav.uz/article/317-parki-tashkenta,Нет координат — геокодировать минимум по двум источникам,Веб-исследование; требуется координатная и ручная проверка,Средний,2026-07-19
RQ-3321b457ad67,Парк культуры и отдыха имени Гафура Гуляма,Парки и общественные пространства,culture park,Парки и зелёные зоны (parks) (26 объектов найдено),"Чиланзар, 4-й квартал",,,,"Second-largest park in Tashkent, ~23 ha, with oaks, pines and plane trees.",central-asia.guide,https://central-asia.guide/uzbekistan/destinations-uz/tashkent/tashkent-parks/,Нет координат — геокодировать минимум по двум источникам,Веб-исследование; требуется координатная и ручная проверка,Средний,2026-07-19
RQ-f1a6000f48ab,Парк Дружбы (бывший парк Бабура / Сиэтл / им. Кирова),Парки и общественные пространства,park with lake,Парки и зелёные зоны (parks) (26 объектов найдено),центр Ташкента,,,,"Founded 1932 on site of former governor-general's stables; renamed multiple times (Kirov→Seattle→Babur→Friendship Park); reopened after major reconstruction Oct 2021; lake, bridges, kids' rides, roller-skating rink.",gazeta.uz,https://www.gazeta.uz/ru/2021/10/21/park/,Нет координат — геокодировать минимум по двум источникам,Веб-исследование; требуется координатная и ручная проверка,Средний,2026-07-19
RQ-8e03096dfb05,Центральный экопарк имени З.М. Бабура (Central Ecopark named after Babur),Парки и общественные пространства,ecopark,Парки и зелёные зоны (parks) (26 объектов найдено),Мирзо-Улугбекский район,,,,"A separate, newer ecopark (opened June 2017) distinct from the older 'Babur/Friendship' park in the city center.",gazeta.uz,https://www.gazeta.uz/ru/2017/06/10/babur-central-park/,Нет координат — геокодировать минимум по двум источникам,Веб-исследование; требуется координатная и ручная проверка,Средний,2026-07-19
RQ-e98e16b725d1,Парк «Янги Узбекистон» (New Uzbekistan Park),Парки и общественные пространства,national/monument park,Парки и зелёные зоны (parks) (26 объектов найдено),Мирзо-Улугбекский район,,,,"Largest park in Tashkent at 104 ha; opened 31 Aug 2021 for 30th independence anniversary; 60m Independence Stele topped by the Khumo bird, musical fountain, 5,000-seat amphitheater, 8,000+ trees planned to reach 450,000 plants.",ru.wikipedia.org,https://ru.wikipedia.org/wiki/%D0%9D%D0%BE%D0%B2%D1%8B%D0%B9_%D0%A3%D0%B7%D0%B1%D0%B5%D0%BA%D0%B8%D1%81%D1%82%D0%B0%D0%BD_(%D0%BF%D0%B0%D1%80%D0%BA),Нет координат — геокодировать минимум по двум источникам,Веб-исследование; требуется координатная и ручная проверка,Средний,2026-07-19
RQ-b15e0d6e9596,Tashkent City Park,Парки и общественные пространства,city park,Парки и зелёные зоны (parks) (26 объектов найдено),"центр, международный деловой центр Tashkent City",,,,"Opened Oct 13, 2019; largest recreational park territory in Uzbekistan per some sources; 15 ha artificial lake, 200m musical fountain, planetarium, Uzbekistan's first 7D cinema, wax museum.",en.wikipedia.org,https://en.wikipedia.org/wiki/Tashkent_City_Park,Нет координат — геокодировать минимум по двум источникам,Веб-исследование; требуется координатная и ручная проверка,Средний,2026-07-19
RQ-509fed8a77af,Ашхабад Парк (Ashgabat Park),Парки и общественные пространства,friendship/themed park,Парки и зелёные зоны (parks) (26 объектов найдено),"Яшнабадский район (Ташсельмаш), квартал Чулпон",,,,Built April 2018 to mark Uzbekistan-Turkmenistan friendship; occupies ~12 ha.,dolorestravel.com,https://dolorestravel.com/en/guide/ashhabad,Нет координат — геокодировать минимум по двум источникам,Веб-исследование; требуется координатная и ручная проверка,Средний,2026-07-19
RQ-ac667e5ff934,Сеул Парк (Seoul Park),Парки и общественные пространства,themed garden,Парки и зелёные зоны (parks) (26 объектов найдено),Ташкент (exact district not specified in sources),,,,"Gift from South Korea to Uzbekistan built in traditional Korean style with artificial ponds, bridges, flower beds and national buildings.",central-asia.guide,https://central-asia.guide/uzbekistan/destinations-uz/tashkent/tashkent-parks/,Нет координат — геокодировать минимум по двум источникам,Веб-исследование; требуется координатная и ручная проверка,Средний,2026-07-19
RQ-1c4943546da2,Tashkent Ecopark,Парки и общественные пространства,sports/ecopark,Парки и зелёные зоны (parks) (26 объектов найдено),"Мирабадский район, ул. Шахрисабзская (sources vary between Mirabad and Mirzo-Ulugbek)",,,,"Focus on nature and wellness; facilities for tennis, badminton, volleyball, football, table tennis.",uzbekistan.travel,https://uzbekistan.travel/en/o/tashkent-ecopark/,Нет координат — геокодировать минимум по двум источникам,Веб-исследование; требуется координатная и ручная проверка,Средний,2026-07-19
RQ-c65db3b4d116,Ташкентленд (Tashkentland),Парки и общественные пространства,amusement park (chain-style theme park),Парки и зелёные зоны (parks) (26 объектов найдено),"Юнусабадский район, near TV tower / NEC Uzexpocentre",,,,"Opened 1997, first modern-generation amusement park in Uzbekistan; seasonal (late March–October); rides include Boomerang roller coaster, Sky Flyer, Wave; free entry, paid rides (~20,000 so'm adult).",Sprav.uz,https://sprav.uz/publication/328-park-tashkentlend-v-tashkente,Нет координат — геокодировать минимум по двум источникам,Веб-исследование; требуется координатная и ручная проверка,Средний,2026-07-19
RQ-f2480b850c24,Sky Park Tashkent,Парки и общественные пространства,indoor theme park (chain),Парки и зелёные зоны (parks) (26 объектов найдено),"центр, Tashkent City Mall (4th floor)",,,,Technical opening Feb 2024 inside Tashkent City Mall; 8th park of an international chain that began in Kyrgyzstan in 2008.,gazeta.uz,https://www.gazeta.uz/ru/2024/04/04/sky-park-tashkent/,Нет координат — геокодировать минимум по двум источникам,Веб-исследование; требуется координатная и ручная проверка,Средний,2026-07-19
RQ-a4bb18ad751f,Парк Победы «Галаба» (Victory Park),Парки и общественные пространства,memorial park,Парки и зелёные зоны (parks) (26 объектов найдено),Алмазарский район,,,,"Opened 9 May 2020 for the 75th anniversary of WWII victory; thematic zones (horrors of war, home front, grief, victory/gratitude).",ru.wikipedia.org,https://ru.wikipedia.org/wiki/%D0%9F%D0%B0%D1%80%D0%BA_%D0%9F%D0%BE%D0%B1%D0%B5%D0%B4%D1%8B_(%D0%A2%D0%B0%D1%88%D0%BA%D0%B5%D0%BD%D1%82),Нет координат — геокодировать минимум по двум источникам,Веб-исследование; требуется координатная и ручная проверка,Средний,2026-07-19
RQ-81744073beba,Сквер имени Амира Темура (Amir Temur Square),Парки и общественные пространства,square/small park (сквер),Парки и зелёные зоны (parks) (26 объектов найдено),центр Ташкента,,,,"Built late 19th century, bronze equestrian monument to Amir Temur installed 31 Aug 1994; globally reconstructed in 2009 into an open plaza with fountains and lawns.",tourister.ru,https://www.tourister.ru/world/asia/uzbekistan/city/tashkent/parks/35491,Нет координат — геокодировать минимум по двум источникам,Веб-исследование; требуется координатная и ручная проверка,Средний,2026-07-19
RQ-aabbda1b0ba7,Площадь Мустакиллик (Mustaqillik/Independence Square),Парки и общественные пространства,square/park ensemble,Парки и зелёные зоны (parks) (26 объектов найдено),центр Ташкента,,,,"Central Independence Square described as the heart/pride of Uzbekistan, combined with adjoining park grounds.",centralasia.club,https://centralasia.club/uzbekistan/tashkent/ploshhadi-skvery-i-pamyatniki,Нет координат — геокодировать минимум по двум источникам,Веб-исследование; требуется координатная и ручная проверка,Средний,2026-07-19
RQ-dccfdb852cf0,Площадь / Сад Дружбы народов (Friendship of Peoples Square/Monument),Парки и общественные пространства,monument square/garden,Парки и зелёные зоны (parks) (26 объектов найдено),центр Ташкента,,,,"Monument to the Shamakhmudov family (adopted 16 orphans of different nationalities during WWII); unveiled 26 May 1982, dismantled 2008, restored to original site 9 May 2018.",ru.wikipedia.org,"https://ru.wikipedia.org/wiki/%D0%94%D1%80%D1%83%D0%B6%D0%B1%D0%B0_%D0%BD%D0%B0%D1%80%D0%BE%D0%B4%D0%BE%D0%B2_(%D0%BC%D0%BE%D0%BD%D1%83%D0%BC%D0%B5%D0%BD%D1%82,_%D0%A2%D0%B0%D1%88%D0%BA%D0%B5%D0%BD%D1%82)",Нет координат — геокодировать минимум по двум источникам,Веб-исследование; требуется координатная и ручная проверка,Средний,2026-07-19
RQ-2a489e4ed18c,Парк Янги Сергели,Парки и общественные пространства,district park,Парки и зелёные зоны (parks) (26 объектов найдено),Сергелийский район,,,,Listed among Tashkent's culture-and-recreation parks catalog.,top.uz,https://top.uz/section/parki-kultury-i-otdykha,Нет координат — геокодировать минимум по двум источникам,Веб-исследование; требуется координатная и ручная проверка,Средний,2026-07-19
RQ-360de88329e0,Парк имени Фурката,Парки и общественные пространства,district park,Парки и зелёные зоны (parks) (26 объектов найдено),Ташкент,,,,Named after the classical Uzbek poet Furqat; listed in Tashkent parks catalog.,top.uz,https://top.uz/section/parki-kultury-i-otdykha,Нет координат — геокодировать минимум по двум источникам,Веб-исследование; требуется координатная и ручная проверка,Средний,2026-07-19
RQ-bbf7c4366721,Парк имени Мирзо Улугбека (район),Парки и общественные пространства,district-named park,Парки и зелёные зоны (parks) (26 объектов найдено),Мирзо-Улугбекский район,,,,District park distinct from the Chilanzar 'Ulugbek' culture park referenced in search results.,top.uz,https://top.uz/section/parki-kultury-i-otdykha,Нет координат — геокодировать минимум по двум источникам,Веб-исследование; требуется координатная и ручная проверка,Средний,2026-07-19
RQ-0998510126ee,Dream Park,Парки и общественные пространства,amusement park (private),Парки и зелёные зоны (parks) (26 объектов найдено),Ташкент,,,,Commercial amusement/entertainment park operating in Tashkent with its own dedicated site.,dreampark.uz,https://dreampark.uz/,Нет координат — геокодировать минимум по двум источникам,Веб-исследование; требуется координатная и ручная проверка,Средний,2026-07-19
RQ-eaf07a1e46f9,Парк Победы / другие тематические скверы (Yellow Pages 'parks' rubric listings),Парки и общественные пространства,directory rubric,Парки и зелёные зоны (parks) (26 объектов найдено),citywide,,,,Yellow Pages Uzbekistan maintains a dedicated 'parks' business rubric for Tashkent listing multiple park entities with addresses/phones.,YellowPages,https://www.yellowpages.uz/en/rubric/parks/tashkent,Нет координат — геокодировать минимум по двум источникам,Веб-исследование; требуется координатная и ручная проверка,Средний,2026-07-19
RQ-3cb57bb994b3,Golden Pages 'Парки культуры и отдыха' rubric (Tashkent/Uzbekistan),Парки и общественные пространства,directory rubric,Парки и зелёные зоны (parks) (26 объектов найдено),citywide,,,,"Golden Pages business directory lists 19+ culture-and-recreation park entities for Tashkent/Uzbekistan with contact info, confirming a substantial number of formally registered park venues beyond the famous few.",GoldenPages,https://www.goldenpages.uz/en/rubrics/?Id=1439,Нет координат — геокодировать минимум по двум источникам,Веб-исследование; требуется координатная и ручная проверка,Средний,2026-07-19
RQ-568f47a3fd39,Dream Park (Парк культуры и отдыха им. Гафура Гуляма),"Развлечения, спорт и культура",large public amusement park,Детские площадки (playgrounds) (20 объектов найдено),"Чиланзарский район (Chilanzar), ул. Бунёдкор шох 21",,,,Second-largest park in Tashkent; 41 attractions plus 3 newer children's playgrounds for younger kids,aviasales.uz,https://www.aviasales.uz/yolovchi/article/kuda-pojti-s-detmi-v-tashkente,Нет координат — геокодировать минимум по двум источникам,Веб-исследование; требуется координатная и ручная проверка,Средний,2026-07-19
RQ-38d8abce4d23,Ташкентленд (Tashkentland),"Развлечения, спорт и культура",theme/amusement park,Детские площадки (playgrounds) (20 объектов найдено),near Uzexpocentre / TV tower,,,,"Opened 1997; free entry, pay-per-ride (adult ticket ~20,000 sum, child 10,000 sum)",tourister.ru,https://www.tourister.ru/world/asia/uzbekistan/city/tashkent/parks_ent/24107,Нет координат — геокодировать минимум по двум источникам,Веб-исследование; требуется координатная и ручная проверка,Средний,2026-07-19
RQ-a5287b664faa,Anhor Park (набережная канала Анхор),"Развлечения, спорт и культура",riverside public park with playground,Детские площадки (playgrounds) (20 объектов найдено),"central Tashkent, Anhor canal embankment",,,,"Open outdoor playground plus small petting/zoo corner; free entry, open 10:00-22:00",aviasales.uz,https://www.aviasales.uz/yolovchi/article/kuda-pojti-s-detmi-v-tashkente,Нет координат — геокодировать минимум по двум источникам,Веб-исследование; требуется координатная и ручная проверка,Средний,2026-07-19
RQ-67ae71036b15,Magic City,"Развлечения, спорт и культура",theme park / amusement park,Детские площадки (playgrounds) (20 объектов найдено),"ул. Бабура 174/2, near Druzhba Narodov metro",,,,"35+ attractions, kids' zone 'Pixel', largest aquarium in Asia on-site, nightly fountain/laser show",magiccity.uz,https://magiccity.uz/,Нет координат — геокодировать минимум по двум источникам,Веб-исследование; требуется координатная и ручная проверка,Средний,2026-07-19
RQ-feaf98326f11,Hello Park Tashkent,"Развлечения, спорт и культура","commercial interactive/multimedia indoor playground (chain, also in Mega Tepliy Stan location)",Детские площадки (playgrounds) (20 объектов найдено),"Chilanzar district, Bunyodkor Avenue 21",,,,"Interactive multimedia play area: motion-reactive projections, glowing laser fish, foam-cube wall games; open daily 10:00-22:00",hello-park.com,https://hello-park.com/tashkent/main,Нет координат — геокодировать минимум по двум источникам,Веб-исследование; требуется координатная и ручная проверка,Средний,2026-07-19
RQ-de91e777750e,Furqat Recreation Park,"Развлечения, спорт и культура",public recreation park,Детские площадки (playgrounds) (20 объектов найдено),Tashkent,,,,"Outdoor pool with slide, kids' rides, sports facilities, winter ice rink, and playgrounds",tourcentralasia.com,https://tourcentralasia.com/uzbekistan/top-things-to-do-in-tashkent-for-kids-and-families/,Нет координат — геокодировать минимум по двум источникам,Веб-исследование; требуется координатная и ручная проверка,Средний,2026-07-19
RQ-592970603459,Anhor Lokomotiv Park,"Развлечения, спорт и культура",amusement park,Детские площадки (playgrounds) (20 объектов найдено),"Shaykhantaur district, Labzak St. 12/1",,,,"8-hectare park; 72m Ferris wheel 'Star of Anhor', climbing wall, zipline rope course, toddler trampoline zone, dedicated paid 'Children's Playground' (3-12 y.o., 6,000 sum/30min)",Sprav.uz,https://sprav.uz/article/325-park-anhor-lokomotiv-v-tashkente,Нет координат — геокодировать минимум по двум источникам,Веб-исследование; требуется координатная и ручная проверка,Средний,2026-07-19
RQ-aefe1ed42d03,Navoi Park (Alisher Navoi Park),"Развлечения, спорт и культура",public park with playgrounds,Детские площадки (playgrounds) (20 объектов найдено),central Tashkent,,,,"Spacious playgrounds, lake boat rides, puppet shows, small kids' amusement area",tourcentralasia.com,https://tourcentralasia.com/uzbekistan/top-things-to-do-in-tashkent-for-kids-and-families/,Нет координат — геокодировать минимум по двум источникам,Веб-исследование; требуется координатная и ручная проверка,Средний,2026-07-19
RQ-2dedb2b60ef4,Luna Park,"Развлечения, спорт и культура",large indoor commercial playground,Детские площадки (playgrounds) (20 объектов найдено),inside Riveria Mall,,,,Large indoor children's play complex within a shopping mall,wanderlog.com,https://wanderlog.com/list/geoCategory/138740/best-things-to-do-with-kids-in-tashkent,Нет координат — геокодировать минимум по двум источникам,Веб-исследование; требуется координатная и ручная проверка,Средний,2026-07-19
RQ-c64066996dd4,Joy Park,"Развлечения, спорт и культура",commercial indoor play center chain (9 branches),Детские площадки (playgrounds) (20 объектов найдено),main location Bunyodkor Ave 52; branch at Khanabadtepa Ave 57,,,,Advertised as the largest children's playground in the country with the largest maze,2GIS,https://2gis.uz/tashkent/branches/70000001067353346,Нет координат — геокодировать минимум по двум источникам,Веб-исследование; требуется координатная и ручная проверка,Средний,2026-07-19
RQ-47f7a8234240,Rocket Park,"Развлечения, спорт и культура",commercial indoor play zone chain (2 branches),Детские площадки (playgrounds) (20 объектов найдено),"Yangi Sergeli St. 11; Scopus Mall, Malaya Koltsevaya Doroga 25 (3rd floor)",,,,Mall-based children's play zone,2GIS,https://2gis.uz/tashkent/branches/70000001112410666,Нет координат — геокодировать минимум по двум источникам,Веб-исследование; требуется координатная и ручная проверка,Средний,2026-07-19
RQ-e6a1ed88b079,Pentazone Amazon,"Развлечения, спорт и культура",commercial children's entertainment center chain (7 branches),Детские площадки (playgrounds) (20 объектов найдено),"Yunusabad, 8th quarter, 40a (one branch)",,,,"Rated 4.9/5 (12 reviews) on 2GIS; multiple mall branches (also 'Pentazone Aladdin' at Samarqand Darvoza mall, Korotash St. 5a)",2GIS,https://2gis.uz/tashkent/firm/70000001075023555,Нет координат — геокодировать минимум по двум источникам,Веб-исследование; требуется координатная и ручная проверка,Средний,2026-07-19
RQ-5ab74fbe74e6,Play Arena,"Развлечения, спорт и культура",commercial children's entertainment complex (multi-location),Детские площадки (playgrounds) (20 объектов найдено),"TRC Golden Life, Mirza Tursunzade St. 14; also Samarqand Darvoza mall (4th/5th floors)",,,,"Mall-based play complex, rated 5/5 on 2GIS",sdmall.uz,https://sdmall.uz/entertainment/play-arena,Нет координат — геокодировать минимум по двум источникам,Веб-исследование; требуется координатная и ручная проверка,Средний,2026-07-19
RQ-6c6571bf0104,Kinders Park,"Развлечения, спорт и культура",commercial indoor play hall chain,Детские площадки (playgrounds) (20 объектов найдено),multiple Tashkent branches,,,,Marketed as the country's largest children's play hall with the largest maze,2GIS,https://2gis.uz/tashkent/branches/70000001097171146,Нет координат — геокодировать минимум по двум источникам,Веб-исследование; требуется координатная и ручная проверка,Средний,2026-07-19
RQ-eee6d1a018bb,Kids Profi,"Развлечения, спорт и культура",commercial playground,Детские площадки (playgrounds) (20 объектов найдено),Parkent Street,,,,Listed as a детская площадка on Yandex Maps,Yandex Maps,https://yandex.com/maps/org/kids_profi/61082405935/,Нет координат — геокодировать минимум по двум источникам,Веб-исследование; требуется координатная и ручная проверка,Средний,2026-07-19
RQ-d0d1ae2121b7,Городок (Gorodok),"Развлечения, спорт и культура",commercial indoor play center,Детские площадки (playgrounds) (20 объектов найдено),"Chilanzar district, Bunyodkor Ave",,,,"Slides, swings, tunnels, adventure houses, ball pools; open 10:00-22:00",myday.uz,http://myday.uz/detyam/igrovie-zoni/detskaya-ploshadka-gorodok,Нет координат — геокодировать минимум по двум источникам,Веб-исследование; требуется координатная и ручная проверка,Средний,2026-07-19
RQ-a7657a5b61a2,Orange Park,"Развлечения, спорт и культура",large indoor amusement park,Детские площадки (playgrounds) (20 объектов найдено),Tashkent,,,,"Described as the largest indoor amusement park in Tashkent, with 60+ attractions",myday.uz,http://myday.uz/igrovaya-zona/orange-park,Нет координат — геокодировать минимум по двум источникам,Веб-исследование; требуется координатная и ручная проверка,Средний,2026-07-19
RQ-e884938f5af7,Национальный сеульский парк (Seoul National Park),"Развлечения, спорт и культура",public themed park with playground,Детские площадки (playgrounds) (20 объектов найдено),"central Tashkent, near Alisher Navoi Park",,,,"Korean-themed park; includes closed/indoor children's playground, singing fountain, year-round ice rink",2GIS,https://2gis.uz/tashkent/firm/70000001067871608,Нет координат — геокодировать минимум по двум источникам,Веб-исследование; требуется координатная и ручная проверка,Средний,2026-07-19
RQ-2995ec555ef2,"Скейт-парк, сквер «Голубые купола» (Blue Domes skate park)","Развлечения, спорт и культура","public skate park (adjacent youth recreation facility, not classic playground)",Детские площадки (playgrounds) (20 объектов найдено),central Tashkent,,,,"Rebuilt/expanded in 2026 from 600 to 1,300 sqm and from 5 to 13 ride elements after community advocacy",gazeta.uz,https://www.gazeta.uz/ru/2026/05/20/skate-park-tashkent/,Нет координат — геокодировать минимум по двум источникам,Веб-исследование; требуется координатная и ручная проверка,Средний,2026-07-19
RQ-af3bdf695b32,Сеульский городок (Seoul Riverside residential complex playgrounds),"Развлечения, спорт и культура","residential-complex children's playgrounds (developer-built, not standalone public venue)",Детские площадки (playgrounds) (20 объектов найдено),"Yakkasaray district, Bakhodir St. / Bobur St., on Burjar canal embankment",,,,"7-building residential complex whose amenities include closed children's playgrounds, ice rink, singing fountain",podrobno.uz,https://podrobno.uz/cat/obchestvo/seulskiy-gorodok-u-rechki-privlekatelnye-investitsii-v-vashe-budushchee/,Нет координат — геокодировать минимум по двум источникам,Веб-исследование; требуется координатная и ручная проверка,Средний,2026-07-19
RQ-dcdbd189b89b,Mega Planet,"Развлечения, спорт и культура",shopping & entertainment center (TRC),Развлечения и досуг (entertainment) (41 объектов найдено),,,,,"One of Tashkent's earliest TRCs; hosts The Bowler bowling club (8 lanes, Qubica AMF equipment) plus cinema halls, cafes/restaurants.",weproject.media,https://weproject.media/articles/detail/shoping-v-tashkente-luchshie-torgovye-tsentry-v-stolitse-uzbekistana/,Нет координат — геокодировать минимум по двум источникам,Веб-исследование; требуется координатная и ручная проверка,Средний,2026-07-19
RQ-a05d27d39a30,The Bowler (Mega Planet branch),"Развлечения, спорт и культура",bowling club chain,Развлечения и досуг (entertainment) (41 объектов найдено),,,,,"8-lane bowling club inside Mega Planet TRC, American Qubica AMF Worldwide equipment.",nightout.ru,https://nightout.ru/tash/the-bowler-trts-mega-planet,Нет координат — геокодировать минимум по двум источникам,Веб-исследование; требуется координатная и ручная проверка,Средний,2026-07-19
RQ-33238a50af62,The Bowler (Samarkand Darvoza branch),"Развлечения, спорт и культура",bowling club chain,Развлечения и досуг (entertainment) (41 объектов найдено),Shaykhontokhur,,,,"12-lane bowling club on the 4th floor of Samarkand Darvoza mall, opened April 2014; bar-cafe for 60 people, hosts events.",qubicaamf.ru,https://qubicaamf.ru/novosti/sobytiya-industrii/novyj-bouling-klub-v-trc-samarkand-darvoza/,Нет координат — геокодировать минимум по двум источникам,Веб-исследование; требуется координатная и ручная проверка,Средний,2026-07-19
RQ-cddb055f96d8,Tashkent City Mall,"Развлечения, спорт и культура",shopping & entertainment complex,Развлечения и досуг (entertainment) (41 объектов найдено),near Pakhtakor metro,,,,"Houses Cinematica multiplex (incl. IMAX) and VIP Cinema, plus Sky Park trampoline/family entertainment zone (5,000 sq.m, 4th floor).",tcmall.uz,https://tcmall.uz/ru/cinema,Нет координат — геокодировать минимум по двум источникам,Веб-исследование; требуется координатная и ручная проверка,Средний,2026-07-19
RQ-d51a07d75f14,Samarkand Darvoza,"Развлечения, спорт и культура",shopping & entertainment center (TRC),Развлечения и досуг (entertainment) (41 объектов найдено),"Shaykhontokhur, Karatash St. 5A",,,,"One of Tashkent's largest malls; cinema, The Bowler bowling club, two-level kids' game center, puppet theater, 5,000-space parking.",afisha.uz,https://www.afisha.uz/ru/shops/2014/03/28/otkryitie-samarkand-darvoza,Нет координат — геокодировать минимум по двум источникам,Веб-исследование; требуется координатная и ручная проверка,Средний,2026-07-19
RQ-45919607afa0,Parus,"Развлечения, спорт и культура",family entertainment center,Развлечения и досуг (entertainment) (41 объектов найдено),,,,,Six-floor entertainment/shopping building described as a family entertainment center.,weproject.media,https://weproject.media/articles/detail/shoping-v-tashkente-luchshie-torgovye-tsentry-v-stolitse-uzbekistana/,Нет координат — геокодировать минимум по двум источникам,Веб-исследование; требуется координатная и ручная проверка,Средний,2026-07-19
RQ-dd22dd4d9a95,Vega Centre,"Развлечения, спорт и культура",shopping center with entertainment zone,Развлечения и досуг (entertainment) (41 объектов найдено),,,,,Has an entertainment zone with a cinema and children's game rooms.,weproject.media,https://weproject.media/articles/detail/shoping-v-tashkente-luchshie-torgovye-tsentry-v-stolitse-uzbekistana/,Нет координат — геокодировать минимум по двум источникам,Веб-исследование; требуется координатная и ручная проверка,Средний,2026-07-19
RQ-8a2ff4480aea,JOY Bowling Club,"Развлечения, спорт и культура",bowling club,Развлечения и досуг (entertainment) (41 объектов найдено),"Mirabad, Aybek St. 24",,,,"16-lane bowling club near Aybek metro station, with adjoining restaurant/cafe.",TripAdvisor,https://www.tripadvisor.com/Attraction_Review-g293968-d10910955-Reviews-JOY_Bowling_Club-Tashkent_Tashkent_Province.html,Нет координат — геокодировать минимум по двум источникам,Веб-исследование; требуется координатная и ручная проверка,Средний,2026-07-19
RQ-d97d75dc7c29,Bowling Elit,"Развлечения, спорт и культура",bowling club,Развлечения и досуг (entertainment) (41 объектов найдено),"Shaykhontokhur, Karatash St. 5A",,,,Listed as a separate bowling operator in the Shaykhontokhur district business directory (same street as Samarkand Darvoza).,GoldenPages,https://www.goldenpages.uz/en/rubrics/?Id=2985,Нет координат — геокодировать минимум по двум источникам,Веб-исследование; требуется координатная и ручная проверка,Средний,2026-07-19
RQ-0ca4d52ec8b9,Cinematica,"Развлечения, спорт и культура",cinema chain,Развлечения и досуг (entertainment) (41 объектов найдено),,,,,"Tashkent's largest multiplex chain (14 halls at its Tashkent City Mall flagship); operates Uzbekistan's first IMAX hall (330 seats, 21m screen). Also has a branch near Anhor Park (""Karting Center"" building, Labzak St.).",cinematica.uz,https://cinematica.uz/imax/repertory,Нет координат — геокодировать минимум по двум источникам,Веб-исследование; требуется координатная и ручная проверка,Средний,2026-07-19
RQ-41a0fe7e79a9,VIP Cinema,"Развлечения, спорт и культура",cinema,Развлечения и досуг (entertainment) (41 объектов найдено),near Pakhtakor metro,,,,Cinema on the 4th floor of Tashkent City Mall.,2GIS,https://2gis.uz/tashkent/firm/70000001096959290,Нет координат — геокодировать минимум по двум источникам,Веб-исследование; требуется координатная и ручная проверка,Средний,2026-07-19
RQ-62ea58e3916f,"Дворец кино им. Алишера Навои (Cinema Palace / ""Panorama"")","Развлечения, спорт и культура",historic cinema,Развлечения и досуг (entertainment) (41 объектов найдено),"city center, Alisher Navoi Ave. 15",,,,"Built 1958-1964, seismically resistant landmark building; 11 halls seating from 20 to 1,890; listed historic-cultural monument since 1978, renamed after Navoi in 1991.",yep.uz,https://yep.uz/ru/2021/04/panoramnyj-ili-dvorec-kino-imeni-alishera-navoi/,Нет координат — геокодировать минимум по двум источникам,Веб-исследование; требуется координатная и ручная проверка,Средний,2026-07-19
RQ-5fa48a696024,CinemaPlex,"Развлечения, спорт и культура",cinema,Развлечения и досуг (entertainment) (41 объектов найдено),"Almazar, Nurafshon bypass St. 7A (Chigatoy mall, 3rd floor)",,,,"4-hall cinema (standard, VIP x2, comfort), seating 39-72 per hall.",cinemaplex.uz,https://cinemaplex.uz/cinema?facility=cinemaplex,Нет координат — геокодировать минимум по двум источникам,Веб-исследование; требуется координатная и ручная проверка,Средний,2026-07-19
RQ-6460e0adc0ad,Magic City,"Развлечения, спорт и культура",amusement/theme park,Развлечения и досуг (entertainment) (41 объектов найдено),"Chilanzar, Bobur St. 174",,,,"Central Asia's largest such complex; 35+ rides (carousels, trampolines, mirror maze, VR zone, catamarans, haunted room, shooting range), shopping and food court, open daily 10:00-22:00.",aviasales.uz,https://www.aviasales.uz/yolovchi/article/magic-city-tashkent,Нет координат — геокодировать минимум по двум источникам,Веб-исследование; требуется координатная и ручная проверка,Средний,2026-07-19
RQ-5eead81772ef,Magic Aquarium,"Развлечения, спорт и культура",oceanarium,Развлечения и досуг (entertainment) (41 объектов найдено),"Chilanzar, Bobur St. 175/3 (within Magic City)",,,,"Uzbekistan's first oceanarium, opened 2022; 20-meter underwater shark/ray tunnel, 3.8m pool depth, 100+ species.",gazeta.uz,https://www.gazeta.uz/ru/2022/03/20/magic-city/,Нет координат — геокодировать минимум по двум источникам,Веб-исследование; требуется координатная и ручная проверка,Средний,2026-07-19
RQ-029421af634f,Magic Cinema,"Развлечения, спорт и культура",cinema,Развлечения и досуг (entertainment) (41 объектов найдено),Chilanzar (within Magic City),,,,Cinema operated as part of the Magic City complex.,cinema.magiccity.uz,https://cinema.magiccity.uz/seances,Нет координат — геокодировать минимум по двум источникам,Веб-исследование; требуется координатная и ручная проверка,Средний,2026-07-19
RQ-be613abe5437,Atlantis Aquapark,"Развлечения, спорт и культура",water park,Развлечения и досуг (entertainment) (41 объектов найдено),"Sergeli, Shokirariq St. 18",,,,"Family water park with pools, high-speed slides, karaoke zone, lounge bar; open 11:00-23:00.",visit.tashkent.uz,https://visit.tashkent.uz/en/more/kid/241,Нет координат — геокодировать минимум по двум источникам,Веб-исследование; требуется координатная и ручная проверка,Средний,2026-07-19
RQ-618c095357c2,Limpopo Aquapark,"Развлечения, спорт и культура",water park,Развлечения и досуг (entertainment) (41 объектов найдено),"Mirzo-Ulugbek, Karasu massif",,,,Water park located in the Karasu residential massif of Mirzo-Ulugbek district.,afisha.uz,https://www.afisha.uz/ru/children/2025/05/29/water-parks-2025,Нет координат — геокодировать минимум по двум источникам,Веб-исследование; требуется координатная и ручная проверка,Средний,2026-07-19
RQ-e27810155d51,Riviera (Riviera Mall),"Развлечения, спорт и культура",shopping & entertainment center (TRC),Развлечения и досуг (entertainment) (41 объектов найдено),"Almazar, Nurafshon bypass St.",,,,"Opened 2020; 40,370 sq.m, 7-screen cinema, ice rink, Luna Park kids' playground, 1,300 sq.m riverside summer terrace.",GoldenPages,https://www.goldenpages.uz/en/company/?Id=97313,Нет координат — геокодировать минимум по двум источникам,Веб-исследование; требуется координатная и ручная проверка,Средний,2026-07-19
RQ-47837625b0da,Riviera Cinema,"Развлечения, спорт и культура",cinema,Развлечения и досуг (entertainment) (41 объектов найдено),Almazar (within Riviera Mall),,,,7-screen cinema operating inside Riviera Mall.,2GIS,https://2gis.uz/tashkent/firm/70000001051325444,Нет координат — геокодировать минимум по двум источникам,Веб-исследование; требуется координатная и ручная проверка,Средний,2026-07-19
RQ-21112d7933c4,Sky Park,"Развлечения, спорт и культура",trampoline/family entertainment park,Развлечения и досуг (entertainment) (41 объектов найдено),"near Pakhtakor metro (Tashkent City Mall, 4th floor)",,,,"5,000 sq.m indoor park with trampolines, climbing wall, zip line and creative activity zones.",skyparktashkent.uz,https://skyparktashkent.uz/,Нет координат — геокодировать минимум по двум источникам,Веб-исследование; требуется координатная и ручная проверка,Средний,2026-07-19
RQ-99d8a973c330,WARPOINT Tashkent,"Развлечения, спорт и культура",VR club (chain),Развлечения и досуг (entertainment) (41 объектов найдено),Afrosiyob St. 12B,,,,Branch of the WARPOINT VR-park network offering team VR battles as an alternative to laser tag/paintball.,tashkent.warpoint.com,https://tashkent.warpoint.com/,Нет координат — геокодировать минимум по двум источникам,Веб-исследование; требуется координатная и ручная проверка,Средний,2026-07-19
RQ-f603fa9e27e4,Anhor Park entertainment zone,"Развлечения, спорт и культура",park with rides / karting center,Развлечения и досуг (entertainment) (41 объектов найдено),"Shaykhontokhur, Labzak St. 12/1",,,,"Public park with bike paths, roller coaster, trampolines, Ferris wheel and a karting track/center (also houses a Cinematica branch).",2GIS,https://2gis.uz/tashkent/search/%D0%90%D0%BD%D1%85%D0%BE%D1%80%20%D0%BB%D0%B0%D0%B7%D0%B5%D1%80%D1%82%D0%B0%D0%B3,Нет координат — геокодировать минимум по двум источникам,Веб-исследование; требуется координатная и ручная проверка,Средний,2026-07-19
RQ-722a34283ada,"Лазертаг ""Ловушка"" (Laser Tag Lovushka)","Развлечения, спорт и культура",laser tag club,Развлечения и досуг (entertainment) (41 объектов найдено),,,,,Laser tag facility that also hosts private events.,facebook.com,https://www.facebook.com/lasertaglovushka/,Нет координат — геокодировать минимум по двум источникам,Веб-исследование; требуется координатная и ручная проверка,Средний,2026-07-19
RQ-85ed461d38fe,Cherdak Quest,"Развлечения, спорт и культура",quest room / escape room company,Развлечения и досуг (entertainment) (41 объектов найдено),,,,,Atmospheric and horror-themed escape rooms.,cherdak-quest.uz,https://cherdak-quest.uz/,Нет координат — геокодировать минимум по двум источникам,Веб-исследование; требуется координатная и ручная проверка,Средний,2026-07-19
RQ-a27c52e42611,Quest House,"Развлечения, спорт и культура",quest room / escape room company,Развлечения и досуг (entertainment) (41 объектов найдено),,,,,"Multiple escape rooms including a children's quest ""Podzemelye"" for ages 6-10.",questhouse.uz,https://questhouse.uz/,Нет координат — геокодировать минимум по двум источникам,Веб-исследование; требуется координатная и ручная проверка,Средний,2026-07-19
RQ-3fd49d93f8d1,Questzone.uz,"Развлечения, спорт и культура",quest room / escape room company,Развлечения и досуг (entertainment) (41 объектов найдено),,,,,Offers multiple horror-themed quests with actor/performance elements.,questzone.uz,https://questzone.uz/,Нет координат — геокодировать минимум по двум источникам,Веб-исследование; требуется координатная и ручная проверка,Средний,2026-07-19
RQ-64751c00b82c,Мир Квестов (World of Quests),"Развлечения, спорт и культура",quest room / escape room company,Развлечения и досуг (entertainment) (41 объектов найдено),,,,,Horror-themed escape rooms.,mir-kvestov.uz,https://mir-kvestov.uz/,Нет координат — геокодировать минимум по двум источникам,Веб-исследование; требуется координатная и ручная проверка,Средний,2026-07-19
RQ-0b47bbe2c45a,Ловушка Квест-центр (Trap Quest Center),"Развлечения, спорт и культура",quest room company,Развлечения и досуг (entertainment) (41 объектов найдено),Chilanzar,,,,Escape-room center located in Chilanzar district.,myday.uz,http://myday.uz/igrovaya-zona/10-kvestrumov-tashkenta,Нет координат — геокодировать минимум по двум источникам,Веб-исследование; требуется координатная и ручная проверка,Средний,2026-07-19
RQ-3500ef60cfd9,Mari Wanna,"Развлечения, спорт и культура",nightlife bar/club,Развлечения и досуг (entertainment) (41 объектов найдено),,,,,"Bar with themed parties and DJ line-ups; open late (weekdays 20:00-3:00, weekends 22:00-7:00).",weproject.media,https://weproject.media/articles/detail/nochnoy-tashkente-kuda-idti-v-stolitse-kogda-vse-spyat/,Нет координат — геокодировать минимум по двум источникам,Веб-исследование; требуется координатная и ручная проверка,Средний,2026-07-19
RQ-cfd29d5b5e28,OneMore,"Развлечения, спорт и культура",nightlife bar,Развлечения и досуг (entertainment) (41 объектов найдено),,,,,"Night bar with promotions/giveaways, open nightly 21:00-6:00.",weproject.media,https://weproject.media/articles/detail/nochnoy-tashkente-kuda-idti-v-stolitse-kogda-vse-spyat/,Нет координат — геокодировать минимум по двум источникам,Веб-исследование; требуется координатная и ручная проверка,Средний,2026-07-19
RQ-ae779895fcdc,CMI,"Развлечения, спорт и культура",nightclub,Развлечения и досуг (entertainment) (41 объектов найдено),,,,,"Youth-oriented club with food, large bar, weekend dance parties and karaoke.",weproject.media,https://weproject.media/articles/detail/nochnoy-tashkente-kuda-idti-v-stolitse-kogda-vse-spyat/,Нет координат — геокодировать минимум по двум источникам,Веб-исследование; требуется координатная и ручная проверка,Средний,2026-07-19
RQ-0e014041423c,Baxus,"Развлечения, спорт и культура",nightclub,Развлечения и досуг (entertainment) (41 объектов найдено),,,,,Listed among Tashkent's well-known nightclubs.,orexca.com,https://www.orexca.com/rus/uzbekistan/tashkent/nightlife.htm,Нет координат — геокодировать минимум по двум источникам,Веб-исследование; требуется координатная и ручная проверка,Средний,2026-07-19
RQ-af416d3344fb,Shambala,"Развлечения, спорт и культура",nightclub,Развлечения и досуг (entertainment) (41 объектов найдено),,,,,Listed among Tashkent's well-known nightclubs.,orexca.com,https://www.orexca.com/rus/uzbekistan/tashkent/nightlife.htm,Нет координат — геокодировать минимум по двум источникам,Веб-исследование; требуется координатная и ручная проверка,Средний,2026-07-19
RQ-d3bce57038d9,Men's,"Развлечения, спорт и культура",nightclub,Развлечения и досуг (entertainment) (41 объектов найдено),,,,,Listed among Tashkent's well-known nightclubs.,orexca.com,https://www.orexca.com/rus/uzbekistan/tashkent/nightlife.htm,Нет координат — геокодировать минимум по двум источникам,Веб-исследование; требуется координатная и ручная проверка,Средний,2026-07-19
RQ-c7f31fafa5de,Iceberg,"Развлечения, спорт и культура",nightclub,Развлечения и досуг (entertainment) (41 объектов найдено),,,,,Listed among Tashkent's well-known nightclubs.,orexca.com,https://www.orexca.com/rus/uzbekistan/tashkent/nightlife.htm,Нет координат — геокодировать минимум по двум источникам,Веб-исследование; требуется координатная и ручная проверка,Средний,2026-07-19
RQ-24e6448410f5,B Franklin,"Развлечения, спорт и культура",nightclub,Развлечения и досуг (entertainment) (41 объектов найдено),,,,,Listed among Tashkent's well-known nightclubs.,orexca.com,https://www.orexca.com/rus/uzbekistan/tashkent/nightlife.htm,Нет координат — геокодировать минимум по двум источникам,Веб-исследование; требуется координатная и ручная проверка,Средний,2026-07-19
RQ-9c3ab950bdd7,De Amor,"Развлечения, спорт и культура",nightclub,Развлечения и досуг (entertainment) (41 объектов найдено),,,,,Listed among Tashkent's well-known nightclubs.,orexca.com,https://www.orexca.com/rus/uzbekistan/tashkent/nightlife.htm,Нет координат — геокодировать минимум по двум источникам,Веб-исследование; требуется координатная и ручная проверка,Средний,2026-07-19
RQ-2d2ea3bb3e93,Luxor,"Развлечения, спорт и культура",nightclub,Развлечения и досуг (entertainment) (41 объектов найдено),,,,,Listed among Tashkent's well-known nightclubs.,orexca.com,https://www.orexca.com/rus/uzbekistan/tashkent/nightlife.htm,Нет координат — геокодировать минимум по двум источникам,Веб-исследование; требуется координатная и ручная проверка,Средний,2026-07-19
RQ-c4eb99712256,Crystal,"Развлечения, спорт и культура",nightclub,Развлечения и досуг (entertainment) (41 объектов найдено),,,,,Listed among Tashkent's well-known nightclubs.,orexca.com,https://www.orexca.com/rus/uzbekistan/tashkent/nightlife.htm,Нет координат — геокодировать минимум по двум источникам,Веб-исследование; требуется координатная и ручная проверка,Средний,2026-07-19
RQ-223647274b60,Time,"Развлечения, спорт и культура",nightclub,Развлечения и досуг (entertainment) (41 объектов найдено),,,,,Listed among Tashkent's well-known nightclubs.,orexca.com,https://www.orexca.com/rus/uzbekistan/tashkent/nightlife.htm,Нет координат — геокодировать минимум по двум источникам,Веб-исследование; требуется координатная и ручная проверка,Средний,2026-07-19
RQ-82fc320435fc,Chekhov Sport Club,"Развлечения, спорт и культура",Fitness chain (flagship club),sports (27 объектов найдено),Mirabad,,,,"Largest fitness chain in Uzbekistan — 11 branches across Tashkent, Samarkand and Bukhara serving 20,000+ clients; flagship at Fidokor St 40/1 has a 19x9m pool, Technogym equipment, saunas and a medical office.",chekhov.uz,https://chekhov.uz/,Нет координат — геокодировать минимум по двум источникам,Веб-исследование; требуется координатная и ручная проверка,Средний,2026-07-19
RQ-ce9baa19ca49,Chekhov Yulduz Sport Club,"Развлечения, спорт и культура",Chekhov Sport Club branch,sports (27 объектов найдено),Mirzo-Ulugbek (Amira Temura ave 60),,,,Branch of the Chekhov fitness chain.,2GIS,https://2gis.uz/tashkent/branches/70000001036447830,Нет координат — геокодировать минимум по двум источникам,Веб-исследование; требуется координатная и ручная проверка,Средний,2026-07-19
RQ-5ba0789f5a34,Chekhov Light,"Развлечения, спорт и культура",Chekhov Sport Club branch,sports (27 объектов найдено),Tarasa Shevchenko St 28a,,,,Branch of the Chekhov fitness chain.,2GIS,https://2gis.uz/tashkent/firm/70000001036776206,Нет координат — геокодировать минимум по двум источникам,Веб-исследование; требуется координатная и ручная проверка,Средний,2026-07-19
RQ-5d6de0adf0ae,BeFit Pro,"Развлечения, спорт и культура","BeFit chain, premium/business segment",sports (27 объектов найдено),"Beshagach 10B (Chilanzar/Shaykhantahur border, opposite Humo Arena)",,,,"Largest complex in the BeFit network: pool, sauna, climbing wall, CrossFit zone, and a fight zone with an octagon and boxing bags.",befit.uz,https://befit.uz/pro/,Нет координат — геокодировать минимум по двум источникам,Веб-исследование; требуется координатная и ручная проверка,Средний,2026-07-19
RQ-8a76ac117cc2,BeFit Sky,"Развлечения, спорт и культура",BeFit chain branch,sports (27 объектов найдено),"Shaykhantahur (Tashkent City Mall, Batyra Zakirova St 7, rooftop)",,,,"Rooftop premium fitness complex with 2 padel courts, pool and climbing wall.",2GIS,https://2gis.uz/tashkent/firm/70000001084203017,Нет координат — геокодировать минимум по двум источникам,Веб-исследование; требуется координатная и ручная проверка,Средний,2026-07-19
RQ-e099122703b3,UFC GYM Uzbekistan,"Развлечения, спорт и культура",International fitness chain,sports (27 объектов найдено),"Shaykhantahur (Tashkent City, Ukchi St 3)",,,,"First international fitness chain brand established in Uzbekistan; open daily 07:00–23:00, offers boxing/martial arts, yoga, pilates, cycling.",ufcgym.uz,https://ufcgym.uz/,Нет координат — геокодировать минимум по двум источникам,Веб-исследование; требуется координатная и ручная проверка,Средний,2026-07-19
RQ-6b4b8f252f7e,Ozone Fitness Centre (Ozone FC),"Развлечения, спорт и культура",Fitness chain,sports (27 объектов найдено),"Mirzo-Ulugbek (Mustaqillik ave 88A, Darhan Business Centre)",,,,Network of fitness centers located in the heart of Tashkent; second branch on Nukus St in Mirabad district.,GoldenPages,https://www.goldenpages.uz/en/company/?Id=77971,Нет координат — геокодировать минимум по двум источникам,Веб-исследование; требуется координатная и ручная проверка,Средний,2026-07-19
RQ-84d5f71f4150,LemonFit,"Развлечения, спорт и культура",Independent fitness club,sports (27 объектов найдено),Yunusabad (Yangi Yunusabad St 7A),,,,"Operates 24/7; offers Power Fitness and Pilates group classes, massage, sauna and hammam.",bbhouseuz.com,https://bbhouseuz.com/gym-clubs/,Нет координат — геокодировать минимум по двум источникам,Веб-исследование; требуется координатная и ручная проверка,Средний,2026-07-19
RQ-2a905ece7075,Savage Sports Club,"Развлечения, спорт и культура",Independent fitness/CrossFit club,sports (27 объектов найдено),Yunusabad,,,,Modern club focused on intensive CrossFit training sessions for men and women.,bbhouseuz.com,https://bbhouseuz.com/gym-clubs/,Нет координат — геокодировать минимум по двум источникам,Веб-исследование; требуется координатная и ручная проверка,Средний,2026-07-19
RQ-44118b098873,ReForma,"Развлечения, спорт и культура",Women-only fitness club,sports (27 объектов найдено),,,,,"Offers manual therapy, stretching, and yoga-in-hammocks subscriptions for women.",bbhouseuz.com,https://bbhouseuz.com/gym-clubs/,Нет координат — геокодировать минимум по двум источникам,Веб-исследование; требуется координатная и ручная проверка,Средний,2026-07-19
RQ-f7f57cb03c1f,VOLNA,"Развлечения, спорт и культура",Independent fitness club,sports (27 объектов найдено),,,,,All activity directions available to members under a single unified subscription.,bbhouseuz.com,https://bbhouseuz.com/gym-clubs/,Нет координат — геокодировать минимум по двум источникам,Веб-исследование; требуется координатная и ручная проверка,Средний,2026-07-19
RQ-9ae18f8bfe5f,Humo Arena (Humo Ice Dome),"Развлечения, спорт и культура",Multipurpose ice/sports arena,sports (27 объектов найдено),Chilanzar (intersection of Afrasiyab and Beshagach streets),,,,"Biggest hockey arena in Central Asia, 12,500 seats, opened 2019; also hosts basketball, volleyball, futsal, boxing, figure skating; hosted 27 matches including the final of the 2024 FIFA Futsal World Cup.",en.wikipedia.org,https://en.wikipedia.org/wiki/Humo_Arena,Нет координат — геокодировать минимум по двум источникам,Веб-исследование; требуется координатная и ручная проверка,Средний,2026-07-19
RQ-d98fd0349c80,Pakhtakor Central Stadium,"Развлечения, спорт и культура",National football stadium,sports (27 объектов найдено),Mirabad,,,,"Iconic stadium opened in 1956, 35,000-seat capacity, largest stadium in Uzbekistan.",uzathletics.uz,https://uzathletics.uz/stadion-pahtakor,Нет координат — геокодировать минимум по двум источникам,Веб-исследование; требуется координатная и ручная проверка,Средний,2026-07-19
RQ-29973d4addf2,Milliy (National) Stadium,"Развлечения, спорт и культура",National football stadium (formerly Bunyodkor Stadium),sports (27 объектов найдено),Mirzo-Ulugbek,,,,"Opened 2012 as Bunyodkor Stadium, renamed Milliy in 2018; ~33,834–34,000 capacity; home of the Uzbekistan national football team and FC Bunyodkor.",ru.wikipedia.org,https://ru.wikipedia.org/wiki/Национальный_стадион_(Ташкент),Нет координат — геокодировать минимум по двум источникам,Веб-исследование; требуется координатная и ручная проверка,Средний,2026-07-19
RQ-a827a9c59f48,Lokomotiv Stadium,"Развлечения, спорт и культура",Football stadium,sports (27 объектов найдено),Tashkent,,,,"8,000-seat capacity, opened May 2012, home ground of FC Lokomotiv Tashkent.",ru.wikipedia.org,"https://ru.wikipedia.org/wiki/Локомотив_(стадион,_Ташкент)",Нет координат — геокодировать минимум по двум источникам,Веб-исследование; требуется координатная и ручная проверка,Средний,2026-07-19
RQ-c5e4958eba5a,Yunusabad Sports Complex,"Развлечения, спорт и культура",Municipal multi-sport complex,sports (27 объектов найдено),Yunusabad (Iftihor St 1A/1),,,,"One of the largest sports/leisure facilities in Uzbekistan; houses the country's first Olympic-standard 50m pool (10 lanes, 500-seat capacity), plus tennis courts, mini-football fields and gyms.",yunsc.uz,https://yunsc.uz/,Нет координат — геокодировать минимум по двум источникам,Веб-исследование; требуется координатная и ручная проверка,Средний,2026-07-19
RQ-9de340bd0b39,Golden Valley Sports Complex,"Развлечения, спорт и культура",Sports/hotel complex with pools,sports (27 объектов найдено),Chinabad St 61A,,,,"Three pools (men's, women's, general) plus the adjoining Aqualand water-entertainment complex.",weproject.media,https://weproject.media/articles/detail/gde-poplavat-v-tashkente-7-basseynov-dlya-sporta-i-otdykha/,Нет координат — геокодировать минимум по двум источникам,Веб-исследование; требуется координатная и ручная проверка,Средний,2026-07-19
RQ-b6f3355e079e,Ipakchi Sport Park,"Развлечения, спорт и культура",Sports complex,sports (27 объектов найдено),Ipakchi St 15,,,,"Complex combining tennis courts, a swimming pool and saunas.",afisha.uz,https://www.afisha.uz/ru/gorod/2025/11/01/tennis,Нет координат — геокодировать минимум по двум источникам,Веб-исследование; требуется координатная и ручная проверка,Средний,2026-07-19
RQ-e6eb56a4cac5,"Yoshlik Sports Complex (formerly ""Start"")","Развлечения, спорт и культура",Municipal sports complex,sports (27 объектов найдено),Mirzo-Ulugbek (Okkurgon St 16),,,,"Tennis courts, a summer pool and a gym.",afisha.uz,https://www.afisha.uz/ru/gorod/2025/11/01/tennis,Нет координат — геокодировать минимум по двум источникам,Веб-исследование; требуется координатная и ручная проверка,Средний,2026-07-19
RQ-cfb0bef6d25f,Avengers Tennis Team,"Развлечения, спорт и культура",Tennis school/chain,sports (27 объектов найдено),Multiple branches citywide,,,,Tennis coaching school operating several branches across Tashkent.,afisha.uz,https://www.afisha.uz/ru/gorod/2025/11/01/tennis,Нет координат — геокодировать минимум по двум источникам,Веб-исследование; требуется координатная и ручная проверка,Средний,2026-07-19
RQ-d2ed13473e60,Tashgormas Tennis Courts,"Развлечения, спорт и культура",Tennis facility,sports (27 объектов найдено),"Yunusabad (2-y kvartal, 11v/1)",,,,Dedicated tennis court facility.,afisha.uz,https://www.afisha.uz/ru/gorod/2025/11/01/tennis,Нет координат — геокодировать минимум по двум источникам,Веб-исследование; требуется координатная и ручная проверка,Средний,2026-07-19
RQ-9e0b0584d6be,7Padel,"Развлечения, спорт и культура",Padel club chain,sports (27 объектов найдено),3 branches across the city,,,,One of the padel chains driving Tashkent's fast-growing padel scene.,afisha.uz,https://www.afisha.uz/ru/gorod/2025/11/01/tennis,Нет координат — геокодировать минимум по двум источникам,Веб-исследование; требуется координатная и ручная проверка,Средний,2026-07-19
RQ-83d5f8002e16,Padel One,"Развлечения, спорт и культура",Padel club,sports (27 объектов найдено),,,,,Premium padel courts with individual and group training.,padelone.uz,https://padelone.uz/,Нет координат — геокодировать минимум по двум источникам,Веб-исследование; требуется координатная и ручная проверка,Средний,2026-07-19
RQ-f7e0b09c1626,Padel Uz,"Развлечения, спорт и культура",Padel club,sports (27 объектов найдено),Iftihor St 1,,,,Padel courts bookable online.,padel.uz,https://padel.uz/,Нет координат — геокодировать минимум по двум источникам,Веб-исследование; требуется координатная и ручная проверка,Средний,2026-07-19
RQ-9cd6be42bc9c,Padel Uz Humo Arena,"Развлечения, спорт и культура",Padel club (inside Humo Arena complex),sports (27 объектов найдено),Chilanzar,,,,Padel courts operating 06:00–00:00 inside the Humo Arena complex.,Yandex Maps,https://yandex.com/maps/org/padel_uz_humo_arena/219133729703/,Нет координат — геокодировать минимум по двум источникам,Веб-исследование; требуется координатная и ручная проверка,Средний,2026-07-19
RQ-5d41a05e71cf,Magic Galaxy,"Развлечения, спорт и культура",Health/wellness complex with aqua zone,sports (27 объектов найдено),,,,,"Aqua zone with a 20x10m pool, 1.5m deep, water temperature 25–30°C.",weproject.media,https://weproject.media/articles/detail/gde-poplavat-v-tashkente-7-basseynov-dlya-sporta-i-otdykha/,Нет координат — геокодировать минимум по двум источникам,Веб-исследование; требуется координатная и ручная проверка,Средний,2026-07-19
RQ-c04b2c3d34a2,Lacus Pool,"Развлечения, спорт и культура",Swimming pool,sports (27 объектов найдено),,,,,"Pool positioned for women and children, described as spacious with clear water.",weproject.media,https://weproject.media/articles/detail/gde-poplavat-v-tashkente-7-basseynov-dlya-sporta-i-otdykha/,Нет координат — геокодировать минимум по двум источникам,Веб-исследование; требуется координатная и ручная проверка,Средний,2026-07-19
RQ-7feb241018e6,Nordik International University,Образование,"private university, Finnish education model",Образование (education) (36 объектов найдено),,,,,Founded 2022; described as the only private university in Uzbekistan built on the Finnish education model.,weproject.media,https://weproject.media/articles/detail/10-prestizhnykh-mezhdunarodnykh-universitetov-v-tashkente/,Нет координат — геокодировать минимум по двум источникам,Веб-исследование; требуется координатная и ручная проверка,Средний,2026-07-19
RQ-8cbe477ea920,Alfraganus University,Образование,private university,Образование (education) (36 объектов найдено),,,,,Founded 2022 in Tashkent.,weproject.media,https://weproject.media/articles/detail/10-prestizhnykh-mezhdunarodnykh-universitetov-v-tashkente/,Нет координат — геокодировать минимум по двум источникам,Веб-исследование; требуется координатная и ручная проверка,Средний,2026-07-19
RQ-67056fe0b427,Oxus University,Образование,private university,Образование (education) (36 объектов найдено),,,,,Private university aiming to provide high-quality educational opportunities.,weproject.media,https://weproject.media/articles/detail/10-prestizhnykh-mezhdunarodnykh-universitetov-v-tashkente/,Нет координат — геокодировать минимум по двум источникам,Веб-исследование; требуется координатная и ручная проверка,Средний,2026-07-19
RQ-5af7dc86e4ef,Stars International University,Образование,private/international university,Образование (education) (36 объектов найдено),,,,,Described as a distinctive international university in the capital.,weproject.media,https://weproject.media/articles/detail/10-prestizhnykh-mezhdunarodnykh-universitetov-v-tashkente/,Нет координат — геокодировать минимум по двум источникам,Веб-исследование; требуется координатная и ручная проверка,Средний,2026-07-19
RQ-24b345072ce5,Amity University Tashkent,Образование,"branch campus, Amity Education Group (India)",Образование (education) (36 объектов найдено),Shaykhontokhur district,,,,Founded 2019; branch campus of Amity University; located on Labzak Street 70.,amity.uz,https://amity.uz/en/site/contact,Нет координат — геокодировать минимум по двум источникам,Веб-исследование; требуется координатная и ручная проверка,Средний,2026-07-19
RQ-599174ddeed3,Webster University in Tashkent,Образование,"branch campus, Webster University (USA)",Образование (education) (36 объектов найдено),Shaykhontokhur district,,,,"American-style university branch; located on Alisher Navoi Avenue 13, 4-building complex.",GoldenPages,https://www.goldenpages.uz/en/company/?Id=93966,Нет координат — геокодировать минимум по двум источникам,Веб-исследование; требуется координатная и ручная проверка,Средний,2026-07-19
RQ-0a0e68f1a183,Kimyo International University,Образование,private university,Образование (education) (36 объектов найдено),,,,,Specializes in engineering and related technical fields.,weproject.media,https://weproject.media/articles/detail/10-prestizhnykh-mezhdunarodnykh-universitetov-v-tashkente/,Нет координат — геокодировать минимум по двум источникам,Веб-исследование; требуется координатная и ручная проверка,Средний,2026-07-19
RQ-e459bc35e5f4,Amerika Teknoloji Universiteti (American Technologies University),Образование,"private university, ASU/Cintana partnership",Образование (education) (36 объектов найдено),,,,,Created in partnership with Arizona State University (ASU) and Cintana Education for US-standard education.,tezinfo.uz,https://tezinfo.uz/education/private-universities,Нет координат — геокодировать минимум по двум источникам,Веб-исследование; требуется координатная и ручная проверка,Средний,2026-07-19
RQ-5f595e37aa70,Inha University in Tashkent,Образование,"branch campus, Inha University (South Korea)",Образование (education) (36 объектов найдено),Mirzo Ulugbek district,,,,Located at Ziyolilar Street 9; South Korean branch campus with its own Wikipedia entry.,en.wikipedia.org,https://en.wikipedia.org/wiki/Inha_University_in_Tashkent,Нет координат — геокодировать минимум по двум источникам,Веб-исследование; требуется координатная и ручная проверка,Средний,2026-07-19
RQ-e2b82f3cd8cb,Westminster International University in Tashkent (WIUT),Образование,"branch campus, University of Westminster (UK)",Образование (education) (36 объектов найдено),Mirabad district,,,,"Located at Istiqbol Street 12, postal code 100047; UK university partnership.",wiut.uz,https://www.wiut.uz/contact-us,Нет координат — геокодировать минимум по двум источникам,Веб-исследование; требуется координатная и ручная проверка,Средний,2026-07-19
RQ-957e57f73245,Tashkent State University of Economics,Образование,state university,Образование (education) (36 объектов найдено),,,,,Address given as Islama Karimova Street 49.,ucheba.ru,https://www.ucheba.ru/for-abiturients/vuz/tashkent/gosudarstvennye,Нет координат — геокодировать минимум по двум источникам,Веб-исследование; требуется координатная и ручная проверка,Средний,2026-07-19
RQ-37a58a77099e,Tashkent State Transport University,Образование,state university,Образование (education) (36 объектов найдено),,,,,One of the major state technical/transport universities.,ucheba.ru,https://www.ucheba.ru/for-abiturients/vuz/tashkent/gosudarstvennye,Нет координат — геокодировать минимум по двум источникам,Веб-исследование; требуется координатная и ручная проверка,Средний,2026-07-19
RQ-ec3d2f843417,Tashkent University of Information Technologies named after Al-Khorezmi (TUIT),Образование,state university,Образование (education) (36 объектов найдено),,,,,Named state IT university.,ucheba.ru,https://www.ucheba.ru/for-abiturients/vuz/tashkent/gosudarstvennye,Нет координат — геокодировать минимум по двум источникам,Веб-исследование; требуется координатная и ручная проверка,Средний,2026-07-19
RQ-2e4bba3db8df,Tashkent State Technical University named after Islam Karimov (TashSTU),Образование,state university,Образование (education) (36 объектов найдено),,,,,Described as one of the largest technical universities in Central Asia.,ucheba.ru,https://www.ucheba.ru/for-abiturients/vuz/tashkent/gosudarstvennye,Нет координат — геокодировать минимум по двум источникам,Веб-исследование; требуется координатная и ручная проверка,Средний,2026-07-19
RQ-59c7d73b40f9,Tashkent International University of Financial Management and Technology,Образование,private university,Образование (education) (36 объектов найдено),,,,,Listed among private higher-education institutions in Tashkent.,2GIS,https://2gis.uz/tashkent/search/%D0%A3%D0%BD%D0%B8%D0%B2%D0%B5%D1%80%D1%81%D0%B8%D1%82%D0%B5%D1%82%D1%8B%20%D1%87%D0%B0%D1%81%D1%82%D0%BD%D1%8B%D0%B5,Нет координат — геокодировать минимум по двум источникам,Веб-исследование; требуется координатная и ручная проверка,Средний,2026-07-19
RQ-80565bca741a,Tashkent International Pedagogical University,Образование,private university,Образование (education) (36 объектов найдено),,,,,Listed among private higher-education institutions in Tashkent.,2GIS,https://2gis.uz/tashkent/search/%D0%A3%D0%BD%D0%B8%D0%B2%D0%B5%D1%80%D1%81%D0%B8%D1%82%D0%B5%D1%82%D1%8B%20%D1%87%D0%B0%D1%81%D1%82%D0%BD%D1%8B%D0%B5,Нет координат — геокодировать минимум по двум источникам,Веб-исследование; требуется координатная и ручная проверка,Средний,2026-07-19
RQ-656d7eb95f9e,British University of Management (Tashkent),Образование,private university,Образование (education) (36 объектов найдено),,,,,Listed among private higher-education institutions in Tashkent.,2GIS,https://2gis.uz/tashkent/search/%D0%A3%D0%BD%D0%B8%D0%B2%D0%B5%D1%80%D1%81%D0%B8%D1%82%D0%B5%D1%82%D1%8B%20%D1%87%D0%B0%D1%81%D1%82%D0%BD%D1%8B%D0%B5,Нет координат — геокодировать минимум по двум источникам,Веб-исследование; требуется координатная и ручная проверка,Средний,2026-07-19
RQ-90b405597c22,Tashkent University of Humanities,Образование,private university,Образование (education) (36 объектов найдено),,,,,Listed among private higher-education institutions in Tashkent.,2GIS,https://2gis.uz/tashkent/search/%D0%A3%D0%BD%D0%B8%D0%B2%D0%B5%D1%80%D1%81%D0%B8%D1%82%D0%B5%D1%82%D1%8B%20%D1%87%D0%B0%D1%81%D1%82%D0%BD%D1%8B%D0%B5,Нет координат — геокодировать минимум по двум источникам,Веб-исследование; требуется координатная и ручная проверка,Средний,2026-07-19
RQ-9bc590d08dcb,Ellipse International School,Образование,"private international school, Cambridge curriculum",Образование (education) (36 объектов найдено),,,,,"Grades 1-11, Cambridge/national curriculum tracks; located at Karasarayskaya St 334; 16,000 m² campus with 500-bed dormitory.",beekids.uz,https://beekids.uz/en/institution/ellipse-international-school/main,Нет координат — геокодировать минимум по двум источникам,Веб-исследование; требуется координатная и ручная проверка,Средний,2026-07-19
RQ-ef6283a586a0,Invento the Uzbek International School,Образование,"private international school, IB World School",Образование (education) (36 объектов найдено),,,,,"Fully accredited for all IB programmes (PYP, MYP, DP).",weproject.media,https://weproject.media/articles/detail/10-krutykh-chastnykh-shkol-v-tashkente-s-izucheniem-yazykov-sektsiyami-i-razvitoy-infrastrukturoy/,Нет координат — геокодировать минимум по двум источникам,Веб-исследование; требуется координатная и ручная проверка,Средний,2026-07-19
RQ-cb21dcc032ec,Lumos School,Образование,"private school, Arabic/English/Math focus",Образование (education) (36 объектов найдено),,,,,"Operating since 2018 with emphasis on Arabic, English and mathematics.",weproject.media,https://weproject.media/articles/detail/10-krutykh-chastnykh-shkol-v-tashkente-s-izucheniem-yazykov-sektsiyami-i-razvitoy-infrastrukturoy/,Нет координат — геокодировать минимум по двум источникам,Веб-исследование; требуется координатная и ручная проверка,Средний,2026-07-19
RQ-130459a9246d,Tashkent International School (TIS),Образование,international school,Образование (education) (36 объектов найдено),,,,,Long-established international school; has its own dedicated Early Learning Center.,tashschool.org,https://www.tashschool.org/,Нет координат — геокодировать минимум по двум источникам,Веб-исследование; требуется координатная и ручная проверка,Средний,2026-07-19
RQ-3b7396bfe10a,Smart School,Образование,private/international school,Образование (education) (36 объектов найдено),,,,,Listed among top schools in Tashkent.,edarabia.com,https://www.edarabia.com/schools/tashkent/,Нет координат — геокодировать минимум по двум источникам,Веб-исследование; требуется координатная и ручная проверка,Средний,2026-07-19
RQ-dbbf2cfa15a6,CIS International School Tashkent,Образование,international school,Образование (education) (36 объектов найдено),,,,,"Listed among top schools in Tashkent (also referenced as ""CIC School"" in some Russian-language sources — naming needs verification).",edarabia.com,https://www.edarabia.com/schools/tashkent/,Нет координат — геокодировать минимум по двум источникам,Веб-исследование; требуется координатная и ручная проверка,Средний,2026-07-19
RQ-f2a17701bc33,Paramount International School,Образование,international school,Образование (education) (36 объектов найдено),,,,,Listed among top schools in Tashkent.,edarabia.com,https://www.edarabia.com/schools/tashkent/,Нет координат — геокодировать минимум по двум источникам,Веб-исследование; требуется координатная и ручная проверка,Средний,2026-07-19
RQ-f61c6d7db272,Maple Bear (Tashkent),Образование,"franchise, Canadian curriculum",Образование (education) (36 объектов найдено),,,,,Canadian-curriculum school franchise operating in Tashkent.,edarabia.com,https://www.edarabia.com/schools/tashkent/,Нет координат — геокодировать минимум по двум источникам,Веб-исследование; требуется координатная и ручная проверка,Средний,2026-07-19
RQ-1ff9021d81bf,The British School of Tashkent (BST),Образование,"international school, Nord Anglia Education",Образование (education) (36 объектов найдено),Mirzo Ulugbek district,,,,Founded 2010; member of Nord Anglia Education global family; ~650 students from 40+ nationalities across two campuses; new purpose-built campus opening 2026.,nordangliaeducation.com,https://www.nordangliaeducation.com/bst-tashkent,Нет координат — геокодировать минимум по двум источникам,Веб-исследование; требуется координатная и ручная проверка,Средний,2026-07-19
RQ-e626a18c4acf,Canadian School of Tashkent,Образование,"international school, Nova Scotia curriculum",Образование (education) (36 объектов найдено),,,,,"First Canadian school in Tashkent, licensed by Nova Scotia to deliver its curriculum for grades 10-12.",international-schools-database.com,https://www.international-schools-database.com/in/tashkent/top-schools-in-tashkent,Нет координат — геокодировать минимум по двум источникам,Веб-исследование; требуется координатная и ручная проверка,Средний,2026-07-19
RQ-0ceeea90d99c,International Talent Academy,Образование,private international school,Образование (education) (36 объектов найдено),,,,,"Full-cycle educational institution combining soft/hard skills, international programme, and 11+ extracurricular activity areas.",international-schools-database.com,https://www.international-schools-database.com/in/tashkent/top-schools-in-tashkent,Нет координат — геокодировать минимум по двум источникам,Веб-исследование; требуется координатная и ручная проверка,Средний,2026-07-19
RQ-0fc4267d6a23,Tashkent Ulugbek International School,Образование,international school,Образование (education) (36 объектов найдено),Yakkasaray district,,,,Serves ages ~6-17/18 on a campus in Yakkasaray District.,international-schools-database.com,https://www.international-schools-database.com/in/tashkent/top-schools-in-tashkent,Нет координат — геокодировать минимум по двум источникам,Веб-исследование; требуется координатная и ручная проверка,Средний,2026-07-19
RQ-0021032c9cf4,Milestone International School,Образование,private school,Образование (education) (36 объектов найдено),,,,,Listed as a private school in Tashkent business directory.,GoldenPages,https://www.goldenpages.uz/en/company/?Id=109659,Нет координат — геокодировать минимум по двум источникам,Веб-исследование; требуется координатная и ручная проверка,Средний,2026-07-19
RQ-7cd5d9384cd2,Miracle Baby,Образование,private kindergarten,Образование (education) (36 объектов найдено),,,,,Noted for individualized approach and experienced staff; among top-10 popular private kindergartens.,top-school.uz,https://top-school.uz/portal-top-school-uz-predstavlyaet-vashemu-vnimaniju-podborku-iz-10-samyh-populyarnyh-chastnyh-detskih-sadikov-tashkenta-dannyj-material-nosit-informacionnyj-harakter-osnovan-na-svedeniyah-o-chastnyh/,Нет координат — геокодировать минимум по двум источникам,Веб-исследование; требуется координатная и ручная проверка,Средний,2026-07-19
RQ-6801d8b34f49,Zazu King,Образование,private kindergarten complex,Образование (education) (36 объектов найдено),,,,,Full complex with 5-meal daily nutrition and a summer pool.,top-school.uz,https://top-school.uz/portal-top-school-uz-predstavlyaet-vashemu-vnimaniju-podborku-iz-10-samyh-populyarnyh-chastnyh-detskih-sadikov-tashkenta-dannyj-material-nosit-informacionnyj-harakter-osnovan-na-svedeniyah-o-chastnyh/,Нет координат — геокодировать минимум по двум источникам,Веб-исследование; требуется координатная и ручная проверка,Средний,2026-07-19
RQ-c809ba7733ba,Cambridge Junior,Образование,"private kindergarten, Russian-British",Образование (education) (36 объектов найдено),,,,,Full-day (8:00-20:00) kindergarten teaching in English and Russian.,top-school.uz,https://top-school.uz/portal-top-school-uz-predstavlyaet-vashemu-vnimaniju-podborku-iz-10-samyh-populyarnyh-chastnyh-detskih-sadikov-tashkenta-dannyj-material-nosit-informacionnyj-harakter-osnovan-na-svedeniyah-o-chastnyh/,Нет координат — геокодировать минимум по двум источникам,Веб-исследование; требуется координатная и ручная проверка,Средний,2026-07-19
RQ-139fa814a2ed,Aist,Образование,private kindergarten,Образование (education) (36 объектов найдено),,,,,"Ages 3-7; English and French language, football, chess, dance/music studios.",top-school.uz,https://top-school.uz/portal-top-school-uz-predstavlyaet-vashemu-vnimaniju-podborku-iz-10-samyh-populyarnyh-chastnyh-detskih-sadikov-tashkenta-dannyj-material-nosit-informacionnyj-harakter-osnovan-na-svedeniyah-o-chastnyh/,Нет координат — геокодировать минимум по двум источникам,Веб-исследование; требуется координатная и ручная проверка,Средний,2026-07-19
RQ-4603e7a69f35,Angel Baby,Образование,private kindergarten,Образование (education) (36 объектов найдено),,,,,"Ages 1.5-7, open 6 days/week with 5-meal daily nutrition plan.",top-school.uz,https://top-school.uz/portal-top-school-uz-predstavlyaet-vashemu-vnimaniju-podborku-iz-10-samyh-populyarnyh-chastnyh-detskih-sadikov-tashkenta-dannyj-material-nosit-informacionnyj-harakter-osnovan-na-svedeniyah-o-chastnyh/,Нет координат — геокодировать минимум по двум источникам,Веб-исследование; требуется координатная и ручная проверка,Средний,2026-07-19
RQ-3de518ccaf06,U-Tower,Жилая недвижимость,ЖК бизнес-класса,Жилые комплексы (residential) (8 объектов найдено),Бешагачский массив,,,,"Крупный жилой комплекс, 35 филиалов/корпусов по данным 2GIS",2GIS,https://2gis.uz/tashkent/search/Жилые%20комплексы,Нет координат — геокодировать минимум по двум источникам,Веб-исследование; требуется координатная и ручная проверка,Высокий,2026-07-19
RQ-fdec2acc78b5,Park,Жилая недвижимость,ЖК,Жилые комплексы (residential) (8 объектов найдено),"Чиланзар, 2-й квартал",,,,Жилой комплекс в Чиланзарском районе,2GIS,https://2gis.uz/tashkent/search/Жилые%20комплексы,Нет координат — геокодировать минимум по двум источникам,Веб-исследование; требуется координатная и ручная проверка,Высокий,2026-07-19
RQ-b042a0224cb6,Jomiy,Жилая недвижимость,ЖК,Жилые комплексы (residential) (8 объектов найдено),ул. Шимолий Олмазор,,,,Жилой комплекс,2GIS,https://2gis.uz/tashkent/search/Жилые%20комплексы,Нет координат — геокодировать минимум по двум источникам,Веб-исследование; требуется координатная и ручная проверка,Высокий,2026-07-19
RQ-b9c7d11311bd,Botanika Saroyi,Жилая недвижимость,ЖК,Жилые комплексы (residential) (8 объектов найдено),,,,,"Жилой комплекс, упоминается в списках новостроек",2GIS,https://2gis.uz/tashkent/search/Жилые%20комплексы,Нет координат — геокодировать минимум по двум источникам,Веб-исследование; требуется координатная и ручная проверка,Высокий,2026-07-19
RQ-67ef0af71a88,Istanbul City,Жилая недвижимость,ЖК,Жилые комплексы (residential) (8 объектов найдено),,,,,"Жилой комплекс, упоминается в списках новостроек",tashkent.etagi.com,https://tashkent.etagi.com/en-us/zastr/spisok-jk/,Нет координат — геокодировать минимум по двум источникам,Веб-исследование; требуется координатная и ручная проверка,Высокий,2026-07-19
RQ-d075fecff5ea,Modera Towers,Жилая недвижимость,"ЖК бизнес-класса, башни",Жилые комплексы (residential) (8 объектов найдено),,,,,Жилой комплекс,tashkent.etagi.com,https://tashkent.etagi.com/en-us/zastr/spisok-jk/,Нет координат — геокодировать минимум по двум источникам,Веб-исследование; требуется координатная и ручная проверка,Высокий,2026-07-19
RQ-ebf24d043541,Dream House,Жилая недвижимость,ЖК,Жилые комплексы (residential) (8 объектов найдено),,,,,Жилой комплекс,tashkent.etagi.com,https://tashkent.etagi.com/en-us/zastr/spisok-jk/,Нет координат — геокодировать минимум по двум источникам,Веб-исследование; требуется координатная и ручная проверка,Высокий,2026-07-19
RQ-8ac6cddbd2a8,High Town City,Жилая недвижимость,ЖК,Жилые комплексы (residential) (8 объектов найдено),,,,,Жилой комплекс,tashkent.etagi.com,https://tashkent.etagi.com/en-us/zastr/spisok-jk/,Нет координат — геокодировать минимум по двум источникам,Веб-исследование; требуется координатная и ручная проверка,Высокий,2026-07-19
RQ-2ae5a802109c,Многоэтажные паркинги (программа 2024 г.),Парки и общественные пространства,многоэтажная платная стоянка,Паркинги (parking) (3 объектов найдено),Точные адреса не найдены в этом заходе,,,,"По данным СМИ, минимум 4 многоэтажные стоянки построены/строятся в Ташкенте начиная с 2024 г. в рамках городской программы платных парковок",gazeta.uz,https://www.gazeta.uz/ru/2024/10/17/paid-parking/,Нет координат — геокодировать минимум по двум источникам,Веб-исследование; требуется координатная и ручная проверка,Средний,2026-07-19
RQ-d08be7a3692a,Придорожные платные зоны (11 улиц),Парки и общественные пространства,"уличная платная парковка, 5 тарифных зон",Паркинги (parking) (3 объектов найдено),"Братислава, Мирабад, Авлиё-Ота, Тарас Шевченко, Шахрисабз, Садик Азимов, Истикбол, сквер Амира Темура, Узбекистон Овози, Махатма Ганди, Хамид Алимжан",,,,Оплата через приложение Poytaxt Parking; тарифы 5 000–12 000 сум/час по цветовым зонам (красная/оранжевая/зелёная/голубая/фиолетовая),Sprav.uz,https://sprav.uz/article/368-platnye-parkovki-v-tashkente,Нет координат — геокодировать минимум по двум источникам,Веб-исследование; требуется координатная и ручная проверка,Средний,2026-07-19
RQ-0e0de96d3062,Парковки у станций метро (радиус 200 м),Парки и общественные пространства,платная приметрополитеновская парковка,Паркинги (parking) (3 объектов найдено),вблизи всех станций метро,,,,"Городская политика — платные стоянки размещаются в радиусе 200 м от станций метро, у базаров, торговых и деловых центров",autostrada.uz,https://www.autostrada.uz/platnye-parkovki-v-tashkente/,Нет координат — геокодировать минимум по двум источникам,Веб-исследование; требуется координатная и ручная проверка,Средний,2026-07-19
RQ-054c8adb2098,Orient Logistics Center (OLC),Промышленность и логистика,"таможенный склад класса А, контейнерный терминал",Склады (warehouses) (4 объектов найдено),"грузовой двор ж/д станции «Ташкент-Товарная», центр Ташкента",,,,"Совместный проект АО «Uztemirjulcontainer» и SIA «SV Gulbis»; включает площадки для негабаритных грузов, стоянку для грузовиков, склады классов А и B, таможенный пост",olc.uz,https://olc.uz/,Нет координат — геокодировать минимум по двум источникам,Веб-исследование; требуется координатная и ручная проверка,Средний,2026-07-19
RQ-358e8bbc02cf,"Orient Logistics — склад класса А, Зангиатинский район",Промышленность и логистика,складской комплекс класса А,Склады (warehouses) (4 объектов найдено),Зангиатинский район (пригород Ташкента),,,,"Новый склад класса А, запущенный Orient Logistics рядом со столицей",logisticsorient.uz,https://logisticsorient.uz/en/,Нет координат — геокодировать минимум по двум источникам,Веб-исследование; требуется координатная и ручная проверка,Средний,2026-07-19
RQ-2ef33673e7b3,Международный центр логистики (UCC),Промышленность и логистика,логистический центр,Склады (warehouses) (4 объектов найдено),,,,,"Крупный логистический хаб, упоминается как «Международный центр логистики»",ucc.uz,https://ucc.uz/,Нет координат — геокодировать минимум по двум источникам,Веб-исследование; требуется координатная и ручная проверка,Средний,2026-07-19
RQ-d27707b0f470,Hazar Logistik,Промышленность и логистика,полносервисная логистическая компания/склад,Склады (warehouses) (4 объектов найдено),,,,,Логистический оператор с полным циклом услуг в Узбекистане,hazarlogistik.uz,https://hazarlogistik.uz/en,Нет координат — геокодировать минимум по двум источникам,Веб-исследование; требуется координатная и ручная проверка,Средний,2026-07-19
RQ-3d643349d5e3,Государственный Академический Большой Театр им. Алишера Навои,"Развлечения, спорт и культура",оперный театр,Культура (culture) (16 объектов найдено),центр города,,,,"Главная оперная сцена Узбекистана, построен в 1947 г. по проекту архитектора Алексея Щусева, одна из крупнейших и старейших сцен Центральной Азии",otpusk.uz,https://otpusk.uz/ru/uzbekistan/sights/tashkent-museums-and-theaters,Нет координат — геокодировать минимум по двум источникам,Веб-исследование; требуется координатная и ручная проверка,Средний,2026-07-19
RQ-725b5982a3f7,Узбекский национальный академический драматический театр,"Развлечения, спорт и культура",драматический театр,Культура (culture) (16 объектов найдено),,,,,Один из 10 театров Ташкента,otpusk.uz,https://otpusk.uz/ru/uzbekistan/sights/tashkent-museums-and-theaters,Нет координат — геокодировать минимум по двум источникам,Веб-исследование; требуется координатная и ручная проверка,Средний,2026-07-19
RQ-d3bf6d484231,Театр имени Аброра Хидоятова,"Развлечения, спорт и культура",драматический театр,Культура (culture) (16 объектов найдено),,,,,Узбекский драматический театр,otpusk.uz,https://otpusk.uz/ru/uzbekistan/sights/tashkent-museums-and-theaters,Нет координат — геокодировать минимум по двум источникам,Веб-исследование; требуется координатная и ручная проверка,Средний,2026-07-19
RQ-e5cee8bf238c,Театр оперетты,"Развлечения, спорт и культура",театр оперетты,Культура (culture) (16 объектов найдено),,,,,Один из театров Ташкента,otpusk.uz,https://otpusk.uz/ru/uzbekistan/sights/tashkent-museums-and-theaters,Нет координат — геокодировать минимум по двум источникам,Веб-исследование; требуется координатная и ручная проверка,Средний,2026-07-19
RQ-e898202b50b2,Узбекский государственный музыкальный театр им. Мукими,"Развлечения, спорт и культура",музыкальный театр,Культура (culture) (16 объектов найдено),,,,,Один из театров Ташкента,otpusk.uz,https://otpusk.uz/ru/uzbekistan/sights/tashkent-museums-and-theaters,Нет координат — геокодировать минимум по двум источникам,Веб-исследование; требуется координатная и ручная проверка,Средний,2026-07-19
RQ-f74849b06af2,Молодёжный театр Узбекистана,"Развлечения, спорт и культура",драматический театр,Культура (culture) (16 объектов найдено),,,,,Один из театров Ташкента,otpusk.uz,https://otpusk.uz/ru/uzbekistan/sights/tashkent-museums-and-theaters,Нет координат — геокодировать минимум по двум источникам,Веб-исследование; требуется координатная и ручная проверка,Средний,2026-07-19
RQ-a471c3b4c9f5,Театр танца «Офарин»,"Развлечения, спорт и культура",театр танца,Культура (culture) (16 объектов найдено),,,,,Один из театров Ташкента,otpusk.uz,https://otpusk.uz/ru/uzbekistan/sights/tashkent-museums-and-theaters,Нет координат — геокодировать минимум по двум источникам,Веб-исследование; требуется координатная и ручная проверка,Средний,2026-07-19
RQ-8a5affa812cd,Театр юного зрителя,"Развлечения, спорт и культура",ТЮЗ,Культура (culture) (16 объектов найдено),,,,,Один из театров Ташкента,otpusk.uz,https://otpusk.uz/ru/uzbekistan/sights/tashkent-museums-and-theaters,Нет координат — геокодировать минимум по двум источникам,Веб-исследование; требуется координатная и ручная проверка,Средний,2026-07-19
RQ-e963a338f8c3,Республиканский театр кукол,"Развлечения, спорт и культура",кукольный театр,Культура (culture) (16 объектов найдено),,,,,Один из театров Ташкента,otpusk.uz,https://otpusk.uz/ru/uzbekistan/sights/tashkent-museums-and-theaters,Нет координат — геокодировать минимум по двум источникам,Веб-исследование; требуется координатная и ручная проверка,Средний,2026-07-19
RQ-f3abff18f8b6,Государственный художественный музей,"Развлечения, спорт и культура",художественный музей,Культура (culture) (16 объектов найдено),,,,,"Самый посещаемый музей города, богатейшая коллекция произведений искусства в стране",guruturizma.ru,https://guruturizma.ru/17-luchshix-muzeej-tashkenta/,Нет координат — геокодировать минимум по двум источникам,Веб-исследование; требуется координатная и ручная проверка,Средний,2026-07-19
RQ-026c774ece30,Государственный музей истории Узбекистана,"Развлечения, спорт и культура",исторический музей,Культура (culture) (16 объектов найдено),,,,,"Коллекция из 250 тыс. предметов, охватывающая все этапы культурного наследия",guruturizma.ru,https://guruturizma.ru/17-luchshix-muzeej-tashkenta/,Нет координат — геокодировать минимум по двум источникам,Веб-исследование; требуется координатная и ручная проверка,Средний,2026-07-19
RQ-15c764742b7b,Музей истории Тимуридов,"Развлечения, спорт и культура",исторический музей,Культура (culture) (16 объектов найдено),,,,,"Открыт 18 октября 1996 г., посвящён эпохе Тимуридов (14-16 вв.)",guruturizma.ru,https://guruturizma.ru/17-luchshix-muzeej-tashkenta/,Нет координат — геокодировать минимум по двум источникам,Веб-исследование; требуется координатная и ручная проверка,Средний,2026-07-19
RQ-e12919b7007a,Музей прикладного искусства Узбекистана,"Развлечения, спорт и культура",музей декоративно-прикладного искусства,Культура (culture) (16 объектов найдено),бывший дворец российского дипломата Половцева,,,,Знакомит с ремесленными традициями коренных жителей,advantour.com,https://www.advantour.com/uzbekistan/museums/tashkent-museums.htm,Нет координат — геокодировать минимум по двум источникам,Веб-исследование; требуется координатная и ручная проверка,Средний,2026-07-19
RQ-3f06e39f6df4,Железнодорожный музей,"Развлечения, спорт и культура",технический музей,Культура (culture) (16 объектов найдено),,,,,Один из дополнительных музеев города,guruturizma.ru,https://guruturizma.ru/17-luchshix-muzeej-tashkenta/,Нет координат — геокодировать минимум по двум источникам,Веб-исследование; требуется координатная и ручная проверка,Средний,2026-07-19
RQ-a168bb121e94,Ташкентский политехнический музей,"Развлечения, спорт и культура",технический музей,Культура (culture) (16 объектов найдено),,,,,Хранит образцы автомобилей и историю связи,guruturizma.ru,https://guruturizma.ru/17-luchshix-muzeej-tashkenta/,Нет координат — геокодировать минимум по двум источникам,Веб-исследование; требуется координатная и ручная проверка,Средний,2026-07-19
RQ-38259901b6c2,"Дома-музеи (Абдулла Кадыри, Айбек, Гафур Гулям, Тамара Ханум, Анна Ахматова и др.)","Развлечения, спорт и культура",мемориальные дома-музеи,Культура (culture) (16 объектов найдено),разные районы,,,,Ряд мемориальных домов-музеев деятелей культуры,guruturizma.ru,https://guruturizma.ru/17-luchshix-muzeej-tashkenta/,Нет координат — геокодировать минимум по двум источникам,Веб-исследование; требуется координатная и ручная проверка,Средний,2026-07-19
RQ-33b1c6fff357,Железнодорожный вокзал «Ташкент» (Центральный / Северный),Транспорт и парковки,главный ж/д вокзал,Транспортные узлы (transport_hubs) (5 объектов найдено),,,,,Один из главных транспортных узлов города,tashkent-hotels.com,https://www.tashkent-hotels.com/rus/tashkent/sights/tashkent-vokzal.htm,Нет координат — геокодировать минимум по двум источникам,Веб-исследование; требуется координатная и ручная проверка,Средний,2026-07-19
RQ-2103dc03ff1d,Вокзал «Ташкент-Южный»,Транспорт и парковки,ж/д вокзал,Транспортные узлы (transport_hubs) (5 объектов найдено),,,,,"Станция «Жанубий» с выходом к вокзалу «Южный», куда прибывают скоростные поезда «Афросиаб»",podrobno.uz,https://podrobno.uz/cat/obchestvo/tashkent-staryy-i-novyy-eksperty-predlozhili-kak-razvivat-stolichnoe-metro-na-fone-rasshireniya-goro/,Нет координат — геокодировать минимум по двум источникам,Веб-исследование; требуется координатная и ручная проверка,Средний,2026-07-19
RQ-4ae53005c0c8,Автовокзал «Ташкент»,Транспорт и парковки,центральный автовокзал,Транспортные узлы (transport_hubs) (5 объектов найдено),,,,,"Открыт после реконструкции в 2019 г.; на 2025 г. обслуживает 18 местных, 10 международных и 51 региональный маршрут",tourister.ru,https://www.tourister.ru/world/asia/uzbekistan/city/tashkent/busstations/45886,Нет координат — геокодировать минимум по двум источникам,Веб-исследование; требуется координатная и ручная проверка,Средний,2026-07-19
RQ-cab7f438dd1a,Ташкентское метро (5 линий),Транспорт и парковки,сеть метрополитена,Транспортные узлы (transport_hubs) (5 объектов найдено),весь город,,,,"Старейшее метро в Центральной Азии, открыто в 1977 г.; текущая сеть — 5 линий с пересадочными узлами",tashtrans.uz,https://tashtrans.uz/sxema-linij-tashkentskogo-metropolitena/,Нет координат — геокодировать минимум по двум источникам,Веб-исследование; требуется координатная и ручная проверка,Средний,2026-07-19
RQ-4d03551d7bdb,Конечные станции метро с интегрированными автобусными/такси узлами,Транспорт и парковки,мультимодальный пересадочный узел,Транспортные узлы (transport_hubs) (5 объектов найдено),конечные станции всех линий,,,,"На конечных станциях метро организованы конечные автобусные остановки, автостанции междугородних маршрутов, парковки для личного транспорта и такси",sputnik8.com,https://www.sputnik8.com/ru/tashkent/pages/transport-v-tashkente-kak-polzovatsya-metro-avtobusami-i-taksi,Нет координат — геокодировать минимум по двум источникам,Веб-исследование; требуется координатная и ручная проверка,Средний,2026-07-19
RQ-288fb60cc440,Ташкентская телебашня,Гостиницы и туризм,смотровая башня,Туризм (tourism) (8 объектов найдено),,,,,"Одно из самых высоких сооружений Центральной Азии (375 м), смотровая площадка и вращающийся ресторан",advantour.com,https://www.advantour.com/rus/uzbekistan/tashkent/attractions.htm,Нет координат — геокодировать минимум по двум источникам,Веб-исследование; требуется координатная и ручная проверка,Высокий,2026-07-19
RQ-f3fcbbedc89d,Мечеть Минор,Гостиницы и туризм,мечеть,Туризм (tourism) (8 объектов найдено),,,,,"Одна из самых новых и крупных мечетей Ташкента, открыта в 2014 г.",advantour.com,https://www.advantour.com/rus/uzbekistan/tashkent/attractions.htm,Нет координат — геокодировать минимум по двум источникам,Веб-исследование; требуется координатная и ручная проверка,Высокий,2026-07-19
RQ-b8e7e8329047,Комплекс Хаст-Имам,Гостиницы и туризм,"религиозно-исторический комплекс (мечети, медресе, мавзолей)",Туризм (tourism) (8 объектов найдено),,,,,"Включает две мечети, два медресе и мавзолей; медресе Баркаха — единственный памятник Ташкента в списке Всемирного наследия ЮНЕСКО",advantour.com,https://www.advantour.com/rus/uzbekistan/tashkent/attractions.htm,Нет координат — геокодировать минимум по двум источникам,Веб-исследование; требуется координатная и ручная проверка,Высокий,2026-07-19
RQ-aebc0d561005,Национальный парк им. Алишера Навои,Гостиницы и туризм,городской парк-достопримечательность,Туризм (tourism) (8 объектов найдено),центр города,,,,"Зелёная зона с аллеями, цветочными клумбами, искусственными водоёмами, памятниками и велодорожками",blog.global-guide.org,https://blog.global-guide.org/chto-posmotret-v-tashkente-top-30-dostoprimechatelnostej,Нет координат — геокодировать минимум по двум источникам,Веб-исследование; требуется координатная и ручная проверка,Высокий,2026-07-19
RQ-6b8c7304ce75,Государственный музей прикладного искусства,Гостиницы и туризм,музей-дворец,Туризм (tourism) (8 объектов найдено),бывший дворец дипломата Половцева,,,,Как туристический объект также фигурирует в общих подборках достопримечательностей,blog.global-guide.org,https://blog.global-guide.org/chto-posmotret-v-tashkente-top-30-dostoprimechatelnostej,Нет координат — геокодировать минимум по двум источникам,Веб-исследование; требуется координатная и ручная проверка,Высокий,2026-07-19
RQ-2f83f161caaf,Ташкентское метро (как достопримечательность),Гостиницы и туризм,архитектурная достопримечательность,Туризм (tourism) (8 объектов найдено),весь город,,,,"Открыто в 1977 г., станции декорированы в национальной стилистике, отделаны мрамором и гранитом; часто фигурирует в туристических подборках отдельно от чисто транспортной функции",advantour.com,https://www.advantour.com/rus/uzbekistan/tashkent/attractions.htm,Нет координат — геокодировать минимум по двум источникам,Веб-исследование; требуется координатная и ручная проверка,Высокий,2026-07-19
RQ-c618e33e2ef1,Базар Чорсу,Гостиницы и туризм,исторический рынок/достопримечательность,Туризм (tourism) (8 объектов найдено),старый город,,,,Также фигурирует как туристический объект (не только рынок),advantour.com,https://www.advantour.com/rus/uzbekistan/tashkent/attractions.htm,Нет координат — геокодировать минимум по двум источникам,Веб-исследование; требуется координатная и ручная проверка,Высокий,2026-07-19
RQ-1087fb5b83b8,Центр плова (Besh Qozon),Гостиницы и туризм,кулинарная достопримечательность,Туризм (tourism) (8 объектов найдено),,,,,Упоминается вместе с базаром Чорсу как знаковый туристический объект,advantour.com,https://www.advantour.com/rus/uzbekistan/tashkent/attractions.htm,Нет координат — геокодировать минимум по двум источникам,Веб-исследование; требуется координатная и ручная проверка,Высокий,2026-07-19
RQ-f59a19be1ffb,TARAKKIYOT,Административное деление и государство,Махаллинский комитет,Исправление исходного массива: отсутствует валидная координата,Olmazor,"100069, Tashkent, Almazar district, Karasarayskaya Street, 333",,,"В исходном файле координата была 0,0. Геокодировать адрес минимум по двум источникам.",GoldenPages,https://www.goldenpages.uz/en/company/?Id=43517,Нет валидных координат,Требуется геокодирование и ручная проверка,Высокий,2026-07-19
RQ-f83e2b9e1afe,ACHAOBOD,Административное деление и государство,Махаллинский комитет,Исправление исходного массива: отсутствует валидная координата,Olmazor,"100002, Tashkent, Almazar district, Sagban Street, 227",,,"В исходном файле координата была 0,0. Геокодировать адрес минимум по двум источникам.",GoldenPages,https://www.goldenpages.uz/en/company/?Id=43518,Нет валидных координат,Требуется геокодирование и ручная проверка,Высокий,2026-07-19
RQ-98e3e1e66faf,BARATHUJA,Административное деление и государство,Махаллинский комитет,Исправление исходного массива: отсутствует валидная координата,Mirabad,"100080, Tashkent, Mirabad district, 1st Kuylyuk Ota pass., 46A",,,"В исходном файле координата была 0,0. Геокодировать адрес минимум по двум источникам.",GoldenPages,https://www.goldenpages.uz/en/company/?Id=43520,Нет валидных координат,Требуется геокодирование и ручная проверка,Высокий,2026-07-19
RQ-87c608cd4226,INOKOBOD,Административное деление и государство,Махаллинский комитет,Исправление исходного массива: отсутствует валидная координата,Mirabad,"100105, Tashkent, Mirabad district, 8th March Street, 57",,,"В исходном файле координата была 0,0. Геокодировать адрес минимум по двум источникам.",GoldenPages,https://www.goldenpages.uz/en/company/?Id=43523,Нет валидных координат,Требуется геокодирование и ручная проверка,Высокий,2026-07-19
RQ-48447ef6bede,BEKOBOD,Административное деление и государство,Махаллинский комитет,Исправление исходного массива: отсутствует валидная координата,Uchtepa,"100132, Tashkent, Uchtepa district, Mekhmondust Street, 26",,,"В исходном файле координата была 0,0. Геокодировать адрес минимум по двум источникам.",GoldenPages,https://www.goldenpages.uz/en/company/?Id=43524,Нет валидных координат,Требуется геокодирование и ручная проверка,Высокий,2026-07-19
RQ-675f18ebacb4,BELTEPA,Административное деление и государство,Махаллинский комитет,Исправление исходного массива: отсутствует валидная координата,Shaykhantakhur,"100174, Tashkent, Shaykhontokhur district, Farobi Street, 9",,,"В исходном файле координата была 0,0. Геокодировать адрес минимум по двум источникам.",GoldenPages,https://www.goldenpages.uz/en/company/?Id=43526,Нет валидных координат,Требуется геокодирование и ручная проверка,Высокий,2026-07-19
RQ-35440dae40d6,ORZU,Административное деление и государство,Махаллинский комитет,Исправление исходного массива: отсутствует валидная координата,Olmazor,"100174, Tashkent, Almazar district, Beruni square, 2",,,"В исходном файле координата была 0,0. Геокодировать адрес минимум по двум источникам.",GoldenPages,https://www.goldenpages.uz/en/company/?Id=43527,Нет валидных координат,Требуется геокодирование и ручная проверка,Высокий,2026-07-19
RQ-27854c0f1357,BESHKAPA,Административное деление и государство,Махаллинский комитет,Исправление исходного массива: отсутствует валидная координата,Mirzo-Ulugbek,"100142, Tashkent, Mirzo Ulugbek district, Kaltatoy Street, Ahmad Yugnaki block of flats, 10A",,,"В исходном файле координата была 0,0. Геокодировать адрес минимум по двум источникам.",GoldenPages,https://www.goldenpages.uz/en/company/?Id=43531,Нет валидных координат,Требуется геокодирование и ручная проверка,Высокий,2026-07-19
RQ-37e85f027701,BILIMDON,Административное деление и государство,Махаллинский комитет,Исправление исходного массива: отсутствует валидная координата,Mirabad,"100080, Tashkent, Mirabad district, Yangi Kuylyuk Street, 1B",,,"В исходном файле координата была 0,0. Геокодировать адрес минимум по двум источникам.",GoldenPages,https://www.goldenpages.uz/en/company/?Id=43532,Нет валидных координат,Требуется геокодирование и ручная проверка,Высокий,2026-07-19
RQ-db64abfcacf6,BIRODARLIK,Административное деление и государство,Махаллинский комитет,Исправление исходного массива: отсутствует валидная координата,Mirabad,"100167, Tashkent, Mirabad district, Dashnabad Street, 8A",,,"В исходном файле координата была 0,0. Геокодировать адрес минимум по двум источникам.",GoldenPages,https://www.goldenpages.uz/en/company/?Id=43533,Нет валидных координат,Требуется геокодирование и ручная проверка,Высокий,2026-07-19
RQ-25e5175ebf31,BOBUR,Административное деление и государство,Махаллинский комитет,Исправление исходного массива: отсутствует валидная координата,Yakkasaray,"100022, Tashkent, Yakkasaray district, Babur Street, 71B",,,"В исходном файле координата была 0,0. Геокодировать адрес минимум по двум источникам.",GoldenPages,https://www.goldenpages.uz/en/company/?Id=43534,Нет валидных координат,Требуется геокодирование и ручная проверка,Высокий,2026-07-19
RQ-3eec49b8bd66,LOLAZOR,Административное деление и государство,Махаллинский комитет,Исправление исходного массива: отсутствует валидная координата,Mirabad,"100015, Tashkent, Mirabad district, Mirabad Street, 27/7",,,"В исходном файле координата была 0,0. Геокодировать адрес минимум по двум источникам.",GoldenPages,https://www.goldenpages.uz/en/company/?Id=43536,Нет валидных координат,Требуется геокодирование и ручная проверка,Высокий,2026-07-19
RQ-85ae0dbf1f16,BOGKUCHA,Административное деление и государство,Махаллинский комитет,Исправление исходного массива: отсутствует валидная координата,Shaykhantakhur,"100020, Tashkent, Shaykhontokhur district, Bogkucha block of flats, Beruni avenue, 2A",,,"В исходном файле координата была 0,0. Геокодировать адрес минимум по двум источникам.",GoldenPages,https://www.goldenpages.uz/en/company/?Id=43537,Нет валидных координат,Требуется геокодирование и ручная проверка,Высокий,2026-07-19
RQ-ace5460fd43b,BOG'OBOD,Административное деление и государство,Махаллинский комитет,Исправление исходного массива: отсутствует валидная координата,Uchtepa,"100173, Tashkent, Uchtepa district, Chilanzar-15 block, 28A",,,"В исходном файле координата была 0,0. Геокодировать адрес минимум по двум источникам.",GoldenPages,https://www.goldenpages.uz/en/company/?Id=43538,Нет валидных координат,Требуется геокодирование и ручная проверка,Высокий,2026-07-19
RQ-277dc14db256,OLMACHI,Административное деление и государство,Махаллинский комитет,Исправление исходного массива: отсутствует валидная координата,Mirzo-Ulugbek,"100077, Tashkent, Mirzo Ulugbek district, Mukhammad Yusuf Street, 42",,,"В исходном файле координата была 0,0. Геокодировать адрес минимум по двум источникам.",GoldenPages,https://www.goldenpages.uz/en/company/?Id=43541,Нет валидных координат,Требуется геокодирование и ручная проверка,Высокий,2026-07-19
RQ-a79f15e5cd56,BURIJAR,Административное деление и государство,Махаллинский комитет,Исправление исходного массива: отсутствует валидная координата,Chilanzar,"100156, Tashkent, Chilanzar district, Chilanzar-20A block, Eski Katartal Street, 1",,,"В исходном файле координата была 0,0. Геокодировать адрес минимум по двум источникам.",GoldenPages,https://www.goldenpages.uz/en/company/?Id=43542,Нет валидных координат,Требуется геокодирование и ручная проверка,Высокий,2026-07-19
RQ-0ac48f872eaa,BEKTUPI,Административное деление и государство,Махаллинский комитет,Исправление исходного массива: отсутствует валидная координата,Chilanzar,"100208, Tashkent, Chilanzar district, Kavunchi Street, Al-Khorezmi-1 block of flats, 1",,,"В исходном файле координата была 0,0. Геокодировать адрес минимум по двум источникам.",GoldenPages,https://www.goldenpages.uz/en/company/?Id=43543,Нет валидных координат,Требуется геокодирование и ручная проверка,Высокий,2026-07-19
RQ-61e062b92265,MANNON UYGUR,Административное деление и государство,Махаллинский комитет,Исправление исходного массива: отсутствует валидная координата,Shaykhantakhur,"100042, Tashkent, Shaykhontokhur district, Nurfayz Street, 57",,,"В исходном файле координата была 0,0. Геокодировать адрес минимум по двум источникам.",GoldenPages,https://www.goldenpages.uz/en/company/?Id=43623,Нет валидных координат,Требуется геокодирование и ручная проверка,Высокий,2026-07-19
RQ-e4ba501a2c77,ALMAZOR,Административное деление и государство,Махаллинский комитет,Исправление исходного массива: отсутствует валидная координата,,,,,"В исходном файле координата была 0,0. Геокодировать адрес минимум по двум источникам.",GoldenPages,https://www.goldenpages.uz/en/company/?Id=54875,Нет валидных координат,Требуется геокодирование и ручная проверка,Высокий,2026-07-19
RQ-bf07c71755bc,UKCHI,Административное деление и государство,Махаллинский комитет,Исправление исходного массива: отсутствует валидная координата,,,,,"В исходном файле координата была 0,0. Геокодировать адрес минимум по двум источникам.",GoldenPages,https://www.goldenpages.uz/en/company/?Id=54887,Нет валидных координат,Требуется геокодирование и ручная проверка,Высокий,2026-07-19
RQ-73891b497327,YANGI KHAYOT,Административное деление и государство,Махаллинский комитет,Исправление исходного массива: отсутствует валидная координата,,,,,"В исходном файле координата была 0,0. Геокодировать адрес минимум по двум источникам.",GoldenPages,https://www.goldenpages.uz/en/company/?Id=110443,Нет валидных координат,Требуется геокодирование и ручная проверка,Высокий,2026-07-19
RQ-38d3a2685d55,YIK OTA,Административное деление и государство,Махаллинский комитет,Исправление исходного массива: отсутствует валидная координата,,,,,"В исходном файле координата была 0,0. Геокодировать адрес минимум по двум источникам.",GoldenPages,https://www.goldenpages.uz/en/company/?Id=118432,Нет валидных координат,Требуется геокодирование и ручная проверка,Высокий,2026-07-19
RQ-e513f49aac1d,JALOIR,Административное деление и государство,Махаллинский комитет,Исправление исходного массива: отсутствует валидная координата,,,,,"В исходном файле координата была 0,0. Геокодировать адрес минимум по двум источникам.",GoldenPages,https://www.goldenpages.uz/en/company/?Id=118433,Нет валидных координат,Требуется геокодирование и ручная проверка,Высокий,2026-07-19
RQ-ea77a588efaa,FAYZLI,Административное деление и государство,Махаллинский комитет,Исправление исходного массива: отсутствует валидная координата,,,,,"В исходном файле координата была 0,0. Геокодировать адрес минимум по двум источникам.",GoldenPages,https://www.goldenpages.uz/en/company/?Id=118434,Нет валидных координат,Требуется геокодирование и ручная проверка,Высокий,2026-07-19
RQ-22fd2fb1c605,OYDIN,Административное деление и государство,Махаллинский комитет,Исправление исходного массива: отсутствует валидная координата,,,,,"В исходном файле координата была 0,0. Геокодировать адрес минимум по двум источникам.",GoldenPages,https://www.goldenpages.uz/en/company/?Id=118435,Нет валидных координат,Требуется геокодирование и ручная проверка,Высокий,2026-07-19
RQ-ac0d29335720,GULBOG,Административное деление и государство,Махаллинский комитет,Исправление исходного массива: отсутствует валидная координата,,,,,"В исходном файле координата была 0,0. Геокодировать адрес минимум по двум источникам.",GoldenPages,https://www.goldenpages.uz/en/company/?Id=120785,Нет валидных координат,Требуется геокодирование и ручная проверка,Высокий,2026-07-19
RQ-FNB-5298fb4ca3c2,Maurice,F&B,Ресторан,F&B — кухня и алкоголь,Mirabad,"ул. Мирабад, 12",41.297819,69.267785,"Проверить актуальность, точный адрес/вход, основную кухню, cuisine tags и наличие алкоголя. Алкоголь подтверждать только официальным меню, звонком, владельцем или выездом. Кухня пока не классифицирована.",Yandex,https://yandex.uz/maps/org/maurice/168253529726/,Точка одного источника; требуется перекрёстная проверка,Онлайн-источники; требуется ручная проверка,Средний,2026-07-19
RQ-FNB-86783b130c62,TKH Restaurant,F&B,Ресторан,F&B — кухня и алкоголь,Mirabad,"ул. Мирабад, 64А",41.291922,69.270622,"Проверить актуальность, точный адрес/вход, основную кухню, cuisine tags и наличие алкоголя. Алкоголь подтверждать только официальным меню, звонком, владельцем или выездом.",Google,https://www.google.com/maps/place/TKH+Restaurant,Источники совпадают в пределах 20 м,Онлайн-источники; требуется ручная проверка,Средний,2026-07-19
RQ-FNB-3f773a497ea1,Сорренто,F&B,Ресторан,F&B — кухня и алкоголь,Mirabad,"ул. Мирабад, 64А",41.291977,69.270745,"Проверить актуальность, точный адрес/вход, основную кухню, cuisine tags и наличие алкоголя. Алкоголь подтверждать только официальным меню, звонком, владельцем или выездом.",Google,https://www.google.com/maps/place/Сорренто,Источники совпадают в пределах 20 м,Онлайн-источники; требуется ручная проверка,Средний,2026-07-19
RQ-FNB-82370901142d,Istanbul Restaurant,F&B,Ресторан,F&B — кухня и алкоголь,Mirabad,"ул. Мирабад, 35",41.293931,69.270888,"Проверить актуальность, точный адрес/вход, основную кухню, cuisine tags и наличие алкоголя. Алкоголь подтверждать только официальным меню, звонком, владельцем или выездом.",Yandex,https://yandex.uz/maps/org/5177751444/,Точка одного источника; требуется перекрёстная проверка,Онлайн-источники; требуется ручная проверка,Средний,2026-07-19
RQ-FNB-c664603e2482,Bamonti by Olivo,F&B,Ресторан,F&B — кухня и алкоголь,Mirabad,"ул. Мирабад, 39Б",41.291623,69.273088,"Проверить актуальность, точный адрес/вход, основную кухню, cuisine tags и наличие алкоголя. Алкоголь подтверждать только официальным меню, звонком, владельцем или выездом. Кухня пока не классифицирована.",Google,https://www.google.com/maps/place/Bamonti+by+Olivo,Источники совпадают в пределах 20 м,Онлайн-источники; требуется ручная проверка,Средний,2026-07-19
RQ-FNB-b82bee47699b,Stylo Restaurant & Lounge,F&B,Ресторан,F&B — кухня и алкоголь,Mirabad,"1-й проезд Катта Мирабад, 16/5",41.290298,69.272581,"Проверить актуальность, точный адрес/вход, основную кухню, cuisine tags и наличие алкоголя. Алкоголь подтверждать только официальным меню, звонком, владельцем или выездом. Кухня пока не классифицирована.",Google,https://www.google.com/maps/place/Stylo+Restaurant+%26+Lounge,Источники совпадают в пределах 20 м,Онлайн-источники; требуется ручная проверка,Средний,2026-07-19
RQ-FNB-fe9507dc2374,Yalpiz,F&B,Ресторан,F&B — кухня и алкоголь,Mirabad,"ул. Мирабад, 1/1",41.302113,69.266892,"Проверить актуальность, точный адрес/вход, основную кухню, cuisine tags и наличие алкоголя. Алкоголь подтверждать только официальным меню, звонком, владельцем или выездом.",Yandex,https://yandex.uz/maps/org/yalpiz/32603585869/,Точка одного источника; требуется перекрёстная проверка,Онлайн-источники; требуется ручная проверка,Высокий,2026-07-19
RQ-FNB-e84842c74e8f,Diyar,F&B,Ресторан,F&B — кухня и алкоголь,Mirabad,"ул. Фидокор, 42",41.294879,69.270951,"Проверить актуальность, точный адрес/вход, основную кухню, cuisine tags и наличие алкоголя. Алкоголь подтверждать только официальным меню, звонком, владельцем или выездом. Исправить ссылку Yandex: исходная ссылка в предоставленном файле вела на другую организацию.",Yandex,,Одна предоставленная Yandex-точка; URL источника конфликтовал и удалён,Онлайн-источники; требуется ручная проверка,Высокий,2026-07-19
RQ-FNB-0047a75c8915,Ди Гави,F&B,Ресторан,F&B — кухня и алкоголь,Mirabad,"ул. Шахрисабз, 16А",41.298941,69.274535,"Проверить актуальность, точный адрес/вход, основную кухню, cuisine tags и наличие алкоголя. Алкоголь подтверждать только официальным меню, звонком, владельцем или выездом. Кухня пока не классифицирована.",Yandex,https://yandex.uz/maps/org/149263143937/,Точка одного источника; требуется перекрёстная проверка,Онлайн-источники; требуется ручная проверка,Средний,2026-07-19
RQ-FNB-4384ddcc0e3f,Kaif Experience,F&B,Ресторан,F&B — кухня и алкоголь,Mirabad,"ул. Тараса Шевченко, 40",41.296263,69.281506,"Проверить актуальность, точный адрес/вход, основную кухню, cuisine tags и наличие алкоголя. Алкоголь подтверждать только официальным меню, звонком, владельцем или выездом. Кухня пока не классифицирована.",Google,https://www.google.com/maps/place/Kaif,Источники совпадают в пределах 20 м,Онлайн-источники; требуется ручная проверка,Средний,2026-07-19
RQ-FNB-96d2533db479,Afsona Shevchenko,F&B,Ресторан,F&B — кухня и алкоголь,Mirabad,"ул. Тараса Шевченко, 28",41.299712,69.277442,"Проверить актуальность, точный адрес/вход, основную кухню, cuisine tags и наличие алкоголя. Алкоголь подтверждать только официальным меню, звонком, владельцем или выездом.",Google,https://www.google.com/maps/place/Afsona+Shevchenko,Источники совпадают в пределах 50 м,Онлайн-источники; требуется ручная проверка,Высокий,2026-07-19
RQ-FNB-10d5b5b49c74,TomYumBar,F&B,Ресторан,F&B — кухня и алкоголь,Mirabad,"ул. Тараса Шевченко, 21А",41.297087,69.281697,"Проверить актуальность, точный адрес/вход, основную кухню, cuisine tags и наличие алкоголя. Алкоголь подтверждать только официальным меню, звонком, владельцем или выездом.",Yandex,https://yandex.uz/maps/org/156594463011/,Точка одного источника; требуется перекрёстная проверка,Онлайн-источники; требуется ручная проверка,Средний,2026-07-19
RQ-FNB-3916b539be35,Tanuki,F&B,Ресторан,F&B — кухня и алкоголь,Mirabad,"ул. Тараса Шевченко, 21А",41.297035,69.281659,"Проверить актуальность, точный адрес/вход, основную кухню, cuisine tags и наличие алкоголя. Алкоголь подтверждать только официальным меню, звонком, владельцем или выездом.",Google,https://www.google.com/maps/place/Tanuki,Точка одного источника; требуется перекрёстная проверка,Онлайн-источники; требуется ручная проверка,Средний,2026-07-19
RQ-FNB-b2e8661b1001,Южанин,F&B,Ресторан,F&B — кухня и алкоголь,Mirabad,"ул. Туркистан, 12А",41.291732,69.283516,"Проверить актуальность, точный адрес/вход, основную кухню, cuisine tags и наличие алкоголя. Алкоголь подтверждать только официальным меню, звонком, владельцем или выездом. Кухня пока не классифицирована.",Yandex,https://yandex.uz/maps/org/230179686033/,Точка одного источника; требуется перекрёстная проверка,Онлайн-источники; требуется ручная проверка,Средний,2026-07-19
RQ-FNB-0b295f87074c,Юнга,F&B,Ресторан,F&B — кухня и алкоголь,Mirabad,"ул. Туркистан, 12А",41.291634,69.283742,"Проверить актуальность, точный адрес/вход, основную кухню, cuisine tags и наличие алкоголя. Алкоголь подтверждать только официальным меню, звонком, владельцем или выездом. Кухня пока не классифицирована.",Yandex,https://yandex.uz/maps/org/223037159306/,Точка одного источника; требуется перекрёстная проверка,Онлайн-источники; требуется ручная проверка,Средний,2026-07-19
RQ-FNB-b70fcd710742,Koryoin by Miso,F&B,Ресторан,F&B — кухня и алкоголь,Mirabad,"ул. Туркистан, 12А",41.291792,69.284517,"Проверить актуальность, точный адрес/вход, основную кухню, cuisine tags и наличие алкоголя. Алкоголь подтверждать только официальным меню, звонком, владельцем или выездом.",Yandex,https://yandex.uz/maps/org/99885781654/,Точка одного источника; требуется перекрёстная проверка,Онлайн-источники; требуется ручная проверка,Средний,2026-07-19
RQ-FNB-1e0e31781df5,A-Ristorante,F&B,Ресторан,F&B — кухня и алкоголь,Mirabad,"ул. Туркистан, 7A",41.295549,69.292755,"Проверить актуальность, точный адрес/вход, основную кухню, cuisine tags и наличие алкоголя. Алкоголь подтверждать только официальным меню, звонком, владельцем или выездом.",Google,https://www.google.com/maps/place/A-RISTORANTE,Источники совпадают в пределах 20 м,Онлайн-источники; требуется ручная проверка,Средний,2026-07-19
RQ-FNB-021ce8cdede1,Yemali,F&B,Ресторан,F&B — кухня и алкоголь,Mirabad,"ул. Кушкуприк, 24",41.289245,69.291492,"Проверить актуальность, точный адрес/вход, основную кухню, cuisine tags и наличие алкоголя. Алкоголь подтверждать только официальным меню, звонком, владельцем или выездом.",Google,https://www.google.com/maps/place/Yemali,Точка одного источника; требуется перекрёстная проверка,Онлайн-источники; требуется ручная проверка,Средний,2026-07-19
RQ-FNB-c0516c1e5081,Manana,F&B,Ресторан,F&B — кухня и алкоголь,Mirabad,"просп. Амира Темура, 22/5",41.299642,69.282396,"Проверить актуальность, точный адрес/вход, основную кухню, cuisine tags и наличие алкоголя. Алкоголь подтверждать только официальным меню, звонком, владельцем или выездом.",Google,https://www.google.com/maps/place/Manana,Источники совпадают в пределах 20 м,Онлайн-источники; требуется ручная проверка,Средний,2026-07-19
RQ-FNB-0aee2ab0b5d6,Тяньцзинь,F&B,Ресторан,F&B — кухня и алкоголь,Mirabad,"просп. Амира Темура, 30",41.296142,69.286022,"Проверить актуальность, точный адрес/вход, основную кухню, cuisine tags и наличие алкоголя. Алкоголь подтверждать только официальным меню, звонком, владельцем или выездом.",Yandex,https://yandex.uz/maps/org/231088156958/,Точка одного источника; требуется перекрёстная проверка,Онлайн-источники; требуется ручная проверка,Средний,2026-07-19
RQ-FNB-5cb67cd2b4fe,Basilic,F&B,Ресторан,F&B — кухня и алкоголь,Mirabad,"просп. Амира Темура, 19",41.303924,69.278692,"Проверить актуальность, точный адрес/вход, основную кухню, cuisine tags и наличие алкоголя. Алкоголь подтверждать только официальным меню, звонком, владельцем или выездом. Кухня пока не классифицирована.",Yandex,https://yandex.uz/maps/org/239666312927/,Точка одного источника; требуется перекрёстная проверка,Онлайн-источники; требуется ручная проверка,Средний,2026-07-19
RQ-FNB-5a29ac07ed03,Номдор,F&B,Ресторан,F&B — кухня и алкоголь,Mirabad,"ул. Шахрисабз, 21A/1",41.304401,69.280873,"Проверить актуальность, точный адрес/вход, основную кухню, cuisine tags и наличие алкоголя. Алкоголь подтверждать только официальным меню, звонком, владельцем или выездом.",Yandex,https://yandex.uz/maps/org/62850972402/,Точка одного источника; требуется перекрёстная проверка,Онлайн-источники; требуется ручная проверка,Средний,2026-07-19
RQ-FNB-584e493536a9,Gōsht West,F&B,Ресторан,F&B — кухня и алкоголь,Mirabad,"ул. Шахрисабз, 5А",41.305487,69.283292,"Проверить актуальность, точный адрес/вход, основную кухню, cuisine tags и наличие алкоголя. Алкоголь подтверждать только официальным меню, звонком, владельцем или выездом.",Yandex,https://yandex.uz/maps/org/89385993414/,Точка одного источника; требуется перекрёстная проверка,Онлайн-источники; требуется ручная проверка,Средний,2026-07-19
RQ-FNB-adb0967f834d,FoodMall Tashkent,F&B,Ресторан,F&B — кухня и алкоголь,Mirabad,"Шахрисабзский проезд, 6",41.304196,69.283156,"Проверить актуальность, точный адрес/вход, основную кухню, cuisine tags и наличие алкоголя. Алкоголь подтверждать только официальным меню, звонком, владельцем или выездом.",Yandex,,Точка одного источника; требуется перекрёстная проверка,Онлайн-источники; требуется ручная проверка,Средний,2026-07-19
RQ-FNB-2160439fa71d,Ресторан GRADO,F&B,Ресторан,F&B — кухня и алкоголь,Mirabad,"ул. Афросиаб, 35",41.301262,69.271815,"Проверить актуальность, точный адрес/вход, основную кухню, cuisine tags и наличие алкоголя. Алкоголь подтверждать только официальным меню, звонком, владельцем или выездом. Кухня пока не классифицирована.",Google,https://www.google.com/maps/place/GRADO,Точка одного источника; требуется перекрёстная проверка,Онлайн-источники; требуется ручная проверка,Средний,2026-07-19
RQ-FNB-f3860895dc16,成都饭店 Cheng Du,F&B,Ресторан,F&B — кухня и алкоголь,Mirabad,"Mirabad Drive 2, 15",41.292689,69.268987,"Проверить актуальность, точный адрес/вход, основную кухню, cuisine tags и наличие алкоголя. Алкоголь подтверждать только официальным меню, звонком, владельцем или выездом.",Google,https://www.google.com/maps/place/Cheng+Du,Точка одного источника; требуется перекрёстная проверка,Онлайн-источники; требуется ручная проверка,Средний,2026-07-19
RQ-FNB-86fca386b039,The Mayfair Pub,F&B,Ресторан,F&B — кухня и алкоголь,Mirabad,"ул. Темирйулчилар, 150",41.279595,69.275992,"Проверить актуальность, точный адрес/вход, основную кухню, cuisine tags и наличие алкоголя. Алкоголь подтверждать только официальным меню, звонком, владельцем или выездом.",Google,https://www.google.com/maps/place/The+Mayfair+Pub,Источники совпадают в пределах 20 м,Онлайн-источники; требуется ручная проверка,Средний,2026-07-19
RQ-FNB-6e85bfed2066,Бурбон,F&B,Ресторан,F&B — кухня и алкоголь,Mirabad,"ул. Таллимаржон, 135",41.273362,69.296928,"Проверить актуальность, точный адрес/вход, основную кухню, cuisine tags и наличие алкоголя. Алкоголь подтверждать только официальным меню, звонком, владельцем или выездом. Кухня пока не классифицирована.",Google,https://www.google.com/maps/place/Bourbon+Restaurant,Источники совпадают в пределах 20 м,Онлайн-источники; требуется ручная проверка,Средний,2026-07-19
RQ-FNB-6046579f6011,Fabis,F&B,Ресторан,F&B — кухня и алкоголь,Mirabad,"ул. Таллимаржон, 15Б",41.273953,69.298946,"Проверить актуальность, точный адрес/вход, основную кухню, cuisine tags и наличие алкоголя. Алкоголь подтверждать только официальным меню, звонком, владельцем или выездом. Кухня пока не классифицирована.",Google,https://www.google.com/maps/place/Fabis,Источники совпадают в пределах 20 м,Онлайн-источники; требуется ручная проверка,Средний,2026-07-19
RQ-FNB-484d0d56f17f,Rasputin,F&B,Ресторан,F&B — кухня и алкоголь,Mirabad,"ул. Таллимаржон, 135/6",41.27407,69.300289,"Проверить актуальность, точный адрес/вход, основную кухню, cuisine tags и наличие алкоголя. Алкоголь подтверждать только официальным меню, звонком, владельцем или выездом. Кухня пока не классифицирована.",Google,https://www.google.com/maps/place/Rasputin+Restaurant,Источники совпадают в пределах 20 м,Онлайн-источники; требуется ручная проверка,Средний,2026-07-19
RQ-FNB-5982ec6cc4dd,Turka Saray,F&B,Ресторан,F&B — кухня и алкоголь,Mirabad,"ул. Нукус, 83А",41.286343,69.270765,"Проверить актуальность, точный адрес/вход, основную кухню, cuisine tags и наличие алкоголя. Алкоголь подтверждать только официальным меню, звонком, владельцем или выездом.",Yandex,,Точка одного источника; требуется перекрёстная проверка,Онлайн-источники; требуется ручная проверка,Средний,2026-07-19
RQ-FNB-562ef0c182ab,Osteria Mario,F&B,Ресторан,F&B — кухня и алкоголь,Mirabad,Istikbol Street (875J+V75),41.309688,69.280688,"Проверить актуальность, точный адрес/вход, основную кухню, cuisine tags и наличие алкоголя. Алкоголь подтверждать только официальным меню, звонком, владельцем или выездом.",Google,https://www.google.com/maps/place/Osteria+Mario,Точка одного источника; требуется перекрёстная проверка,Онлайн-источники; требуется ручная проверка,Высокий,2026-07-19
RQ-FNB-1ef1fd2d68f2,Master Coffee,F&B,Кафе / кофейня,F&B — кухня и алкоголь,Mirabad,"27/7, ul. Mirabad",41.296572,69.270422,"Проверить актуальность, точный адрес/вход, основную кухню, cuisine tags и наличие алкоголя. Алкоголь подтверждать только официальным меню, звонком, владельцем или выездом.",Google,https://www.google.com/maps/place/Master+Coffee,Источники совпадают в пределах 50 м,Онлайн-источники; требуется ручная проверка,Средний,2026-07-19
RQ-FNB-d4a6b6fd4ae5,Coffee Nation,F&B,Кафе / кофейня,F&B — кухня и алкоголь,Mirabad,Afrosiab 14/1,41.299079,69.270684,"Проверить актуальность, точный адрес/вход, основную кухню, cuisine tags и наличие алкоголя. Алкоголь подтверждать только официальным меню, звонком, владельцем или выездом.",Google,https://www.google.com/maps/place/Coffee+Nation,Источники совпадают в пределах 20 м,Онлайн-источники; требуется ручная проверка,Средний,2026-07-19
RQ-FNB-e0f3f898da3e,Bon!,F&B,Кафе / кофейня,F&B — кухня и алкоголь,Mirabad,ul. Fidokor 40,41.295035,69.271603,"Проверить актуальность, точный адрес/вход, основную кухню, cuisine tags и наличие алкоголя. Алкоголь подтверждать только официальным меню, звонком, владельцем или выездом.",Yandex,https://yandex.uz/maps/org/bon_/62047701008/,Источники совпадают в пределах 20 м,Онлайн-источники; требуется ручная проверка,Средний,2026-07-19
RQ-FNB-1998dc377dea,Shavi Coffee Roasters,F&B,Кафе / кофейня,F&B — кухня и алкоголь,Mirabad,Buxoro ko'chasi 26 / Buyuk Turon 41,41.310534,69.269945,"Проверить актуальность, точный адрес/вход, основную кухню, cuisine tags и наличие алкоголя. Алкоголь подтверждать только официальным меню, звонком, владельцем или выездом.",Google,https://www.google.com/maps/place/Shavi+Coffee+Roasters,Расхождение источников 50–100 м; нужна проверка,Онлайн-источники; требуется ручная проверка,Средний,2026-07-19
RQ-FNB-931c0b86c2af,Socials,F&B,Кафе / кофейня,F&B — кухня и алкоголь,Mirabad,Taras Shevchenko ko'chasi 36a,41.297424,69.280131,"Проверить актуальность, точный адрес/вход, основную кухню, cuisine tags и наличие алкоголя. Алкоголь подтверждать только официальным меню, звонком, владельцем или выездом.",Dgis,https://2gis.uz/tashkent/search/Socials%20Taras%20Shevchenko,Точка одного источника; требуется перекрёстная проверка,Онлайн-источники; требуется ручная проверка,Средний,2026-07-19
RQ-FNB-fc45a5d1e7c8,Patriki,F&B,Кафе / кофейня,F&B — кухня и алкоголь,Mirabad,Taras Shevchenko ko'chasi 8,41.304967,69.274467,"Проверить актуальность, точный адрес/вход, основную кухню, cuisine tags и наличие алкоголя. Алкоголь подтверждать только официальным меню, звонком, владельцем или выездом.",Dgis,https://2gis.uz/tashkent/search/Patriki%20Taras%20Shevchenko,Точка одного источника; требуется перекрёстная проверка,Онлайн-источники; требуется ручная проверка,Средний,2026-07-19
RQ-FNB-a300a016f151,B&B Coffee House,F&B,Кафе / кофейня,F&B — кухня и алкоголь,Mirabad,Fidokor 21/2,41.294797,69.271708,"Проверить актуальность, точный адрес/вход, основную кухню, cuisine tags и наличие алкоголя. Алкоголь подтверждать только официальным меню, звонком, владельцем или выездом.",Dgis,https://2gis.uz/tashkent/search/B%26B%20Coffee%20House%20Fidokor,Точка одного источника; требуется перекрёстная проверка,Онлайн-источники; требуется ручная проверка,Средний,2026-07-19
RQ-FNB-2065e39aae22,Costa Coffee,F&B,Кафе / кофейня,F&B — кухня и алкоголь,Mirabad,Taras Shevchenko ko'chasi 21/2,41.297825,69.280362,"Проверить актуальность, точный адрес/вход, основную кухню, cuisine tags и наличие алкоголя. Алкоголь подтверждать только официальным меню, звонком, владельцем или выездом.",Dgis,https://2gis.uz/tashkent/search/Costa%20Coffee%20Taras%20Shevchenko,Точка одного источника; требуется перекрёстная проверка,Онлайн-источники; требуется ручная проверка,Средний,2026-07-19
RQ-FNB-ea0696067700,Organic food,F&B,Кафе / кофейня,F&B — кухня и алкоголь,Mirabad,Yakub Kolas ko'chasi 4,41.304385,69.269318,"Проверить актуальность, точный адрес/вход, основную кухню, cuisine tags и наличие алкоголя. Алкоголь подтверждать только официальным меню, звонком, владельцем или выездом.",Dgis,https://2gis.uz/tashkent/search/Organic%20food%20Yakub%20Kolas,Точка одного источника; требуется перекрёстная проверка,Онлайн-источники; требуется ручная проверка,Средний,2026-07-19
RQ-FNB-3fe23f9acee0,Rassvet,F&B,Кафе / кофейня,F&B — кухня и алкоголь,Mirabad,Chimkentskaya 17 / Taras Shevchenko 30a,41.305528,69.272786,"Проверить актуальность, точный адрес/вход, основную кухню, cuisine tags и наличие алкоголя. Алкоголь подтверждать только официальным меню, звонком, владельцем или выездом.",Dgis,https://2gis.uz/tashkent/search/Rassvet%20Taras%20Shevchenko,Точка одного источника; требуется перекрёстная проверка,Онлайн-источники; требуется ручная проверка,Средний,2026-07-19
