mahalla_id,official_unique_code,mahalla_name_uz_latin,mahalla_name_uz_cyrillic,mahalla_name_ru,mahalla_name_en,official_full_name,short_name_uz_latin,alternative_spellings,former_names,mahalla_type,district_name_uz_latin,district_id,district_SOATO_code,mahalla_SOATO_code,TIN_STIR,official_registration_number,date_created,date_renamed,date_merged,date_boundary_changed,legal_document_number,legal_document_date,legal_document_url,mahalla_office_address,mahalla_center_latitude,mahalla_center_longitude,area_ha,official_boundary_available,geometry_available_in_this_file,geometry_source,geometry_download_url,geometry_api_url,geometry_coordinate_reference_system,geometry_date,boundary_status,source_authority,source_url,confidence,reference_date,last_verified_date,notes
UZ-TAS-MFY-515,NULL,Olimlar mahallasi,Олимлар маҳалласи,Олимлар махалля,NULL,Olimlar mahallasi,Olimlar,NULL,NULL,Mahalla fuqarolar yig'ini (MFY),Mirzo Ulug'bek,UZ-TAS-MIRZO-ULUGBEK,1726269,NULL,NULL,NULL,NULL,NULL,NULL,2023-11-24/2024-10-23 (range; exact date per district NOT ESTABLISHED),NOT ESTABLISHED,NULL,https://e-qaror.gov.uz (Tashkent City Kengash decisions; individual act not located),NULL,NULL,NULL,26.75,YES,NO,"Tashkent City Hokimiyat, Dept. of Digital Development, via Open Data Tashkent; republished on Esri CAC GeoPortal",https://hub.arcgis.com/api/v3/datasets/c51c854bad2d48f1beaad40272f8d483_0/downloads/data?format=geojson&spatialRefId=4326,https://services8.arcgis.com/GyR85gR88mMqIY4t/arcgis/rest/services/Tashkent_Mahallas/FeatureServer/0,stored EPSG:102100/3857; served as EPSG:4326 on request,2024-10 (adopted); 2025-07 (republication snapshot),OFFICIAL,Toshkent shahar hokimligi - Raqamli rivojlantirish boshqarmasi,https://services8.arcgis.com/GyR85gR88mMqIY4t/arcgis/rest/services/Tashkent_Mahallas/FeatureServer/0,A,2024-10-23,2026-09-18,NULL
UZ-TAS-MFY-516,NULL,Ahillik mahallasi,Аҳиллик маҳалласи,Ахиллик махалля,NULL,Ahillik mahallasi,Ahillik,NULL,NULL,Mahalla fuqarolar yig'ini (MFY),Mirzo Ulug'bek,UZ-TAS-MIRZO-ULUGBEK,1726269,NULL,NULL,NULL,NULL,NULL,NULL,2023-11-24/2024-10-23 (range; exact date per district NOT ESTABLISHED),NOT ESTABLISHED,NULL,https://e-qaror.gov.uz (Tashkent City Kengash decisions; individual act not located),NULL,NULL,NULL,18.91,YES,NO,"Tashkent City Hokimiyat, Dept. of Digital Development, via Open Data Tashkent; republished on Esri CAC GeoPortal",https://hub.arcgis.com/api/v3/datasets/c51c854bad2d48f1beaad40272f8d483_0/downloads/data?format=geojson&spatialRefId=4326,https://services8.arcgis.com/GyR85gR88mMqIY4t/arcgis/rest/services/Tashkent_Mahallas/FeatureServer/0,stored EPSG:102100/3857; served as EPSG:4326 on request,2024-10 (adopted); 2025-07 (republication snapshot),OFFICIAL,Toshkent shahar hokimligi - Raqamli rivojlantirish boshqarmasi,https://services8.arcgis.com/GyR85gR88mMqIY4t/arcgis/rest/services/Tashkent_Mahallas/FeatureServer/0,A,2024-10-23,2026-09-18,NULL
UZ-TAS-MFY-517,NULL,Asaka mahallasi,Асака маҳалласи,Асака махалля,NULL,Asaka mahallasi,Asaka,NULL,NULL,Mahalla fuqarolar yig'ini (MFY),Mirzo Ulug'bek,UZ-TAS-MIRZO-ULUGBEK,1726269,NULL,NULL,NULL,NULL,NULL,NULL,2023-11-24/2024-10-23 (range; exact date per district NOT ESTABLISHED),NOT ESTABLISHED,NULL,https://e-qaror.gov.uz (Tashkent City Kengash decisions; individual act not located),NULL,NULL,NULL,65.27,YES,NO,"Tashkent City Hokimiyat, Dept. of Digital Development, via Open Data Tashkent; republished on Esri CAC GeoPortal",https://hub.arcgis.com/api/v3/datasets/c51c854bad2d48f1beaad40272f8d483_0/downloads/data?format=geojson&spatialRefId=4326,https://services8.arcgis.com/GyR85gR88mMqIY4t/arcgis/rest/services/Tashkent_Mahallas/FeatureServer/0,stored EPSG:102100/3857; served as EPSG:4326 on request,2024-10 (adopted); 2025-07 (republication snapshot),OFFICIAL,Toshkent shahar hokimligi - Raqamli rivojlantirish boshqarmasi,https://services8.arcgis.com/GyR85gR88mMqIY4t/arcgis/rest/services/Tashkent_Mahallas/FeatureServer/0,A,2024-10-23,2026-09-18,NULL
UZ-TAS-MFY-518,NULL,Mirzakalon Ismoiliy mahallasi,Мирзакалон Исмоилий маҳалласи,Мирзакалон Исмоилий махалля,NULL,Mirzakalon Ismoiliy mahallasi,Mirzakalon Ismoiliy,NULL,NULL,Mahalla fuqarolar yig'ini (MFY),Mirzo Ulug'bek,UZ-TAS-MIRZO-ULUGBEK,1726269,NULL,NULL,NULL,NULL,NULL,NULL,2023-11-24/2024-10-23 (range; exact date per district NOT ESTABLISHED),NOT ESTABLISHED,NULL,https://e-qaror.gov.uz (Tashkent City Kengash decisions; individual act not located),NULL,NULL,NULL,41.51,YES,NO,"Tashkent City Hokimiyat, Dept. of Digital Development, via Open Data Tashkent; republished on Esri CAC GeoPortal",https://hub.arcgis.com/api/v3/datasets/c51c854bad2d48f1beaad40272f8d483_0/downloads/data?format=geojson&spatialRefId=4326,https://services8.arcgis.com/GyR85gR88mMqIY4t/arcgis/rest/services/Tashkent_Mahallas/FeatureServer/0,stored EPSG:102100/3857; served as EPSG:4326 on request,2024-10 (adopted); 2025-07 (republication snapshot),OFFICIAL,Toshkent shahar hokimligi - Raqamli rivojlantirish boshqarmasi,https://services8.arcgis.com/GyR85gR88mMqIY4t/arcgis/rest/services/Tashkent_Mahallas/FeatureServer/0,A,2024-10-23,2026-09-18,NULL
UZ-TAS-MFY-519,NULL,Oqqo'rg'on mahallasi,Оққўрғон маҳалласи,Оккургон махалля,NULL,Oqqo'rg'on mahallasi,Oqqo'rg'on,NULL,NULL,Mahalla fuqarolar yig'ini (MFY),Mirzo Ulug'bek,UZ-TAS-MIRZO-ULUGBEK,1726269,NULL,NULL,NULL,NULL,NULL,NULL,2023-11-24/2024-10-23 (range; exact date per district NOT ESTABLISHED),NOT ESTABLISHED,NULL,https://e-qaror.gov.uz (Tashkent City Kengash decisions; individual act not located),NULL,NULL,NULL,38.38,YES,NO,"Tashkent City Hokimiyat, Dept. of Digital Development, via Open Data Tashkent; republished on Esri CAC GeoPortal",https://hub.arcgis.com/api/v3/datasets/c51c854bad2d48f1beaad40272f8d483_0/downloads/data?format=geojson&spatialRefId=4326,https://services8.arcgis.com/GyR85gR88mMqIY4t/arcgis/rest/services/Tashkent_Mahallas/FeatureServer/0,stored EPSG:102100/3857; served as EPSG:4326 on request,2024-10 (adopted); 2025-07 (republication snapshot),OFFICIAL,Toshkent shahar hokimligi - Raqamli rivojlantirish boshqarmasi,https://services8.arcgis.com/GyR85gR88mMqIY4t/arcgis/rest/services/Tashkent_Mahallas/FeatureServer/0,A,2024-10-23,2026-09-18,NULL
UZ-TAS-MFY-520,NULL,Buyuk ipak yo'li mahallasi,Буюк ипак йўли маҳалласи,Буюк ипак йули махалля,NULL,Buyuk ipak yo'li mahallasi,Buyuk ipak yo'li,NULL,NULL,Mahalla fuqarolar yig'ini (MFY),Mirzo Ulug'bek,UZ-TAS-MIRZO-ULUGBEK,1726269,NULL,NULL,NULL,NULL,NULL,NULL,2023-11-24/2024-10-23 (range; exact date per district NOT ESTABLISHED),NOT ESTABLISHED,NULL,https://e-qaror.gov.uz (Tashkent City Kengash decisions; individual act not located),NULL,NULL,NULL,36.46,YES,NO,"Tashkent City Hokimiyat, Dept. of Digital Development, via Open Data Tashkent; republished on Esri CAC GeoPortal",https://hub.arcgis.com/api/v3/datasets/c51c854bad2d48f1beaad40272f8d483_0/downloads/data?format=geojson&spatialRefId=4326,https://services8.arcgis.com/GyR85gR88mMqIY4t/arcgis/rest/services/Tashkent_Mahallas/FeatureServer/0,stored EPSG:102100/3857; served as EPSG:4326 on request,2024-10 (adopted); 2025-07 (republication snapshot),OFFICIAL,Toshkent shahar hokimligi - Raqamli rivojlantirish boshqarmasi,https://services8.arcgis.com/GyR85gR88mMqIY4t/arcgis/rest/services/Tashkent_Mahallas/FeatureServer/0,A,2024-10-23,2026-09-18,NULL
UZ-TAS-MFY-521,NULL,Ulug'bek mahallasi,Улуғбек маҳалласи,Улугбек махалля,NULL,Ulug'bek mahallasi,Ulug'bek,NULL,NULL,Mahalla fuqarolar yig'ini (MFY),Mirzo Ulug'bek,UZ-TAS-MIRZO-ULUGBEK,1726269,NULL,NULL,NULL,NULL,NULL,NULL,2023-11-24/2024-10-23 (range; exact date per district NOT ESTABLISHED),NOT ESTABLISHED,NULL,https://e-qaror.gov.uz (Tashkent City Kengash decisions; individual act not located),NULL,NULL,NULL,385.87,YES,NO,"Tashkent City Hokimiyat, Dept. of Digital Development, via Open Data Tashkent; republished on Esri CAC GeoPortal",https://hub.arcgis.com/api/v3/datasets/c51c854bad2d48f1beaad40272f8d483_0/downloads/data?format=geojson&spatialRefId=4326,https://services8.arcgis.com/GyR85gR88mMqIY4t/arcgis/rest/services/Tashkent_Mahallas/FeatureServer/0,stored EPSG:102100/3857; served as EPSG:4326 on request,2024-10 (adopted); 2025-07 (republication snapshot),OFFICIAL,Toshkent shahar hokimligi - Raqamli rivojlantirish boshqarmasi,https://services8.arcgis.com/GyR85gR88mMqIY4t/arcgis/rest/services/Tashkent_Mahallas/FeatureServer/0,A,2024-10-23,2026-09-18,NULL
UZ-TAS-MFY-522,NULL,Oydin mahallasi,Ойдин маҳалласи,Ойдин махалля,NULL,Oydin mahallasi,Oydin,NULL,NULL,Mahalla fuqarolar yig'ini (MFY),Mirzo Ulug'bek,UZ-TAS-MIRZO-ULUGBEK,1726269,NULL,NULL,NULL,NULL,NULL,NULL,2023-11-24/2024-10-23 (range; exact date per district NOT ESTABLISHED),NOT ESTABLISHED,NULL,https://e-qaror.gov.uz (Tashkent City Kengash decisions; individual act not located),NULL,NULL,NULL,68.66,YES,NO,"Tashkent City Hokimiyat, Dept. of Digital Development, via Open Data Tashkent; republished on Esri CAC GeoPortal",https://hub.arcgis.com/api/v3/datasets/c51c854bad2d48f1beaad40272f8d483_0/downloads/data?format=geojson&spatialRefId=4326,https://services8.arcgis.com/GyR85gR88mMqIY4t/arcgis/rest/services/Tashkent_Mahallas/FeatureServer/0,stored EPSG:102100/3857; served as EPSG:4326 on request,2024-10 (adopted); 2025-07 (republication snapshot),OFFICIAL,Toshkent shahar hokimligi - Raqamli rivojlantirish boshqarmasi,https://services8.arcgis.com/GyR85gR88mMqIY4t/arcgis/rest/services/Tashkent_Mahallas/FeatureServer/0,A,2024-10-23,2026-09-18,NULL
UZ-TAS-MFY-523,NULL,Yangi Avayxon mahallasi,Янги Авайхон маҳалласи,Янги Авайхон махалля,NULL,Yangi Avayxon mahallasi,Yangi Avayxon,NULL,NULL,Mahalla fuqarolar yig'ini (MFY),Mirzo Ulug'bek,UZ-TAS-MIRZO-ULUGBEK,1726269,NULL,NULL,NULL,NULL,NULL,NULL,2023-11-24/2024-10-23 (range; exact date per district NOT ESTABLISHED),NOT ESTABLISHED,NULL,https://e-qaror.gov.uz (Tashkent City Kengash decisions; individual act not located),NULL,NULL,NULL,21.1,YES,NO,"Tashkent City Hokimiyat, Dept. of Digital Development, via Open Data Tashkent; republished on Esri CAC GeoPortal",https://hub.arcgis.com/api/v3/datasets/c51c854bad2d48f1beaad40272f8d483_0/downloads/data?format=geojson&spatialRefId=4326,https://services8.arcgis.com/GyR85gR88mMqIY4t/arcgis/rest/services/Tashkent_Mahallas/FeatureServer/0,stored EPSG:102100/3857; served as EPSG:4326 on request,2024-10 (adopted); 2025-07 (republication snapshot),OFFICIAL,Toshkent shahar hokimligi - Raqamli rivojlantirish boshqarmasi,https://services8.arcgis.com/GyR85gR88mMqIY4t/arcgis/rest/services/Tashkent_Mahallas/FeatureServer/0,A,2024-10-23,2026-09-18,NULL
UZ-TAS-MFY-524,NULL,Bog'imaydon mahallasi,Боғимайдон маҳалласи,Богимайдон махалля,NULL,Bog'imaydon mahallasi,Bog'imaydon,NULL,NULL,Mahalla fuqarolar yig'ini (MFY),Mirzo Ulug'bek,UZ-TAS-MIRZO-ULUGBEK,1726269,NULL,NULL,NULL,NULL,NULL,NULL,2023-11-24/2024-10-23 (range; exact date per district NOT ESTABLISHED),NOT ESTABLISHED,NULL,https://e-qaror.gov.uz (Tashkent City Kengash decisions; individual act not located),NULL,NULL,NULL,24.13,YES,NO,"Tashkent City Hokimiyat, Dept. of Digital Development, via Open Data Tashkent; republished on Esri CAC GeoPortal",https://hub.arcgis.com/api/v3/datasets/c51c854bad2d48f1beaad40272f8d483_0/downloads/data?format=geojson&spatialRefId=4326,https://services8.arcgis.com/GyR85gR88mMqIY4t/arcgis/rest/services/Tashkent_Mahallas/FeatureServer/0,stored EPSG:102100/3857; served as EPSG:4326 on request,2024-10 (adopted); 2025-07 (republication snapshot),OFFICIAL,Toshkent shahar hokimligi - Raqamli rivojlantirish boshqarmasi,https://services8.arcgis.com/GyR85gR88mMqIY4t/arcgis/rest/services/Tashkent_Mahallas/FeatureServer/0,A,2024-10-23,2026-09-18,NULL
UZ-TAS-MFY-525,NULL,Oqibat mahallasi,Оқибат маҳалласи,Окибат махалля,NULL,Oqibat mahallasi,Oqibat,NULL,NULL,Mahalla fuqarolar yig'ini (MFY),Mirzo Ulug'bek,UZ-TAS-MIRZO-ULUGBEK,1726269,NULL,NULL,NULL,NULL,NULL,NULL,2023-11-24/2024-10-23 (range; exact date per district NOT ESTABLISHED),NOT ESTABLISHED,NULL,https://e-qaror.gov.uz (Tashkent City Kengash decisions; individual act not located),NULL,NULL,NULL,17.22,YES,NO,"Tashkent City Hokimiyat, Dept. of Digital Development, via Open Data Tashkent; republished on Esri CAC GeoPortal",https://hub.arcgis.com/api/v3/datasets/c51c854bad2d48f1beaad40272f8d483_0/downloads/data?format=geojson&spatialRefId=4326,https://services8.arcgis.com/GyR85gR88mMqIY4t/arcgis/rest/services/Tashkent_Mahallas/FeatureServer/0,stored EPSG:102100/3857; served as EPSG:4326 on request,2024-10 (adopted); 2025-07 (republication snapshot),OFFICIAL,Toshkent shahar hokimligi - Raqamli rivojlantirish boshqarmasi,https://services8.arcgis.com/GyR85gR88mMqIY4t/arcgis/rest/services/Tashkent_Mahallas/FeatureServer/0,A,2024-10-23,2026-09-18,NULL
UZ-TAS-MFY-526,NULL,Darxon mahallasi,Дархон маҳалласи,Дархон махалля,NULL,Darxon mahallasi,Darxon,NULL,NULL,Mahalla fuqarolar yig'ini (MFY),Mirzo Ulug'bek,UZ-TAS-MIRZO-ULUGBEK,1726269,NULL,NULL,NULL,NULL,NULL,NULL,2023-11-24/2024-10-23 (range; exact date per district NOT ESTABLISHED),NOT ESTABLISHED,NULL,https://e-qaror.gov.uz (Tashkent City Kengash decisions; individual act not located),NULL,NULL,NULL,102.69,YES,NO,"Tashkent City Hokimiyat, Dept. of Digital Development, via Open Data Tashkent; republished on Esri CAC GeoPortal",https://hub.arcgis.com/api/v3/datasets/c51c854bad2d48f1beaad40272f8d483_0/downloads/data?format=geojson&spatialRefId=4326,https://services8.arcgis.com/GyR85gR88mMqIY4t/arcgis/rest/services/Tashkent_Mahallas/FeatureServer/0,stored EPSG:102100/3857; served as EPSG:4326 on request,2024-10 (adopted); 2025-07 (republication snapshot),OFFICIAL,Toshkent shahar hokimligi - Raqamli rivojlantirish boshqarmasi,https://services8.arcgis.com/GyR85gR88mMqIY4t/arcgis/rest/services/Tashkent_Mahallas/FeatureServer/0,A,2024-10-23,2026-09-18,NULL
UZ-TAS-MFY-527,NULL,Bo'z mahallasi,Бўз маҳалласи,Буз махалля,NULL,Bo'z mahallasi,Bo'z,NULL,NULL,Mahalla fuqarolar yig'ini (MFY),Mirzo Ulug'bek,UZ-TAS-MIRZO-ULUGBEK,1726269,NULL,NULL,NULL,NULL,NULL,NULL,2023-11-24/2024-10-23 (range; exact date per district NOT ESTABLISHED),NOT ESTABLISHED,NULL,https://e-qaror.gov.uz (Tashkent City Kengash decisions; individual act not located),NULL,NULL,NULL,42.45,YES,NO,"Tashkent City Hokimiyat, Dept. of Digital Development, via Open Data Tashkent; republished on Esri CAC GeoPortal",https://hub.arcgis.com/api/v3/datasets/c51c854bad2d48f1beaad40272f8d483_0/downloads/data?format=geojson&spatialRefId=4326,https://services8.arcgis.com/GyR85gR88mMqIY4t/arcgis/rest/services/Tashkent_Mahallas/FeatureServer/0,stored EPSG:102100/3857; served as EPSG:4326 on request,2024-10 (adopted); 2025-07 (republication snapshot),OFFICIAL,Toshkent shahar hokimligi - Raqamli rivojlantirish boshqarmasi,https://services8.arcgis.com/GyR85gR88mMqIY4t/arcgis/rest/services/Tashkent_Mahallas/FeatureServer/0,A,2024-10-23,2026-09-18,NULL
UZ-TAS-MFY-528,NULL,Shahrisabz mahallasi,Шаҳрисабз маҳалласи,Шахрисабз махалля,NULL,Shahrisabz mahallasi,Shahrisabz,NULL,NULL,Mahalla fuqarolar yig'ini (MFY),Mirzo Ulug'bek,UZ-TAS-MIRZO-ULUGBEK,1726269,NULL,NULL,NULL,NULL,NULL,NULL,2023-11-24/2024-10-23 (range; exact date per district NOT ESTABLISHED),NOT ESTABLISHED,NULL,https://e-qaror.gov.uz (Tashkent City Kengash decisions; individual act not located),NULL,NULL,NULL,26.19,YES,NO,"Tashkent City Hokimiyat, Dept. of Digital Development, via Open Data Tashkent; republished on Esri CAC GeoPortal",https://hub.arcgis.com/api/v3/datasets/c51c854bad2d48f1beaad40272f8d483_0/downloads/data?format=geojson&spatialRefId=4326,https://services8.arcgis.com/GyR85gR88mMqIY4t/arcgis/rest/services/Tashkent_Mahallas/FeatureServer/0,stored EPSG:102100/3857; served as EPSG:4326 on request,2024-10 (adopted); 2025-07 (republication snapshot),OFFICIAL,Toshkent shahar hokimligi - Raqamli rivojlantirish boshqarmasi,https://services8.arcgis.com/GyR85gR88mMqIY4t/arcgis/rest/services/Tashkent_Mahallas/FeatureServer/0,A,2024-10-23,2026-09-18,NULL
UZ-TAS-MFY-529,NULL,Habib Abdullayev mahallasi,Ҳабиб Абдуллаев маҳалласи,Хабиб Абдуллаев махалля,NULL,Habib Abdullayev mahallasi,Habib Abdullayev,NULL,NULL,Mahalla fuqarolar yig'ini (MFY),Mirzo Ulug'bek,UZ-TAS-MIRZO-ULUGBEK,1726269,NULL,NULL,NULL,NULL,NULL,NULL,2023-11-24/2024-10-23 (range; exact date per district NOT ESTABLISHED),NOT ESTABLISHED,NULL,https://e-qaror.gov.uz (Tashkent City Kengash decisions; individual act not located),NULL,NULL,NULL,22.99,YES,NO,"Tashkent City Hokimiyat, Dept. of Digital Development, via Open Data Tashkent; republished on Esri CAC GeoPortal",https://hub.arcgis.com/api/v3/datasets/c51c854bad2d48f1beaad40272f8d483_0/downloads/data?format=geojson&spatialRefId=4326,https://services8.arcgis.com/GyR85gR88mMqIY4t/arcgis/rest/services/Tashkent_Mahallas/FeatureServer/0,stored EPSG:102100/3857; served as EPSG:4326 on request,2024-10 (adopted); 2025-07 (republication snapshot),OFFICIAL,Toshkent shahar hokimligi - Raqamli rivojlantirish boshqarmasi,https://services8.arcgis.com/GyR85gR88mMqIY4t/arcgis/rest/services/Tashkent_Mahallas/FeatureServer/0,A,2024-10-23,2026-09-18,NULL
UZ-TAS-MFY-530,NULL,Katta Qorasuv mahallasi,Катта Қорасув маҳалласи,Катта Корасув махалля,NULL,Katta Qorasuv mahallasi,Katta Qorasuv,NULL,NULL,Mahalla fuqarolar yig'ini (MFY),Mirzo Ulug'bek,UZ-TAS-MIRZO-ULUGBEK,1726269,NULL,NULL,NULL,NULL,NULL,NULL,2023-11-24/2024-10-23 (range; exact date per district NOT ESTABLISHED),NOT ESTABLISHED,NULL,https://e-qaror.gov.uz (Tashkent City Kengash decisions; individual act not located),NULL,NULL,NULL,62.27,YES,NO,"Tashkent City Hokimiyat, Dept. of Digital Development, via Open Data Tashkent; republished on Esri CAC GeoPortal",https://hub.arcgis.com/api/v3/datasets/c51c854bad2d48f1beaad40272f8d483_0/downloads/data?format=geojson&spatialRefId=4326,https://services8.arcgis.com/GyR85gR88mMqIY4t/arcgis/rest/services/Tashkent_Mahallas/FeatureServer/0,stored EPSG:102100/3857; served as EPSG:4326 on request,2024-10 (adopted); 2025-07 (republication snapshot),OFFICIAL,Toshkent shahar hokimligi - Raqamli rivojlantirish boshqarmasi,https://services8.arcgis.com/GyR85gR88mMqIY4t/arcgis/rest/services/Tashkent_Mahallas/FeatureServer/0,A,2024-10-23,2026-09-18,NULL
UZ-TAS-MFY-531,NULL,Shalola mahallasi,Шалола маҳалласи,Шалола махалля,NULL,Shalola mahallasi,Shalola,NULL,NULL,Mahalla fuqarolar yig'ini (MFY),Mirzo Ulug'bek,UZ-TAS-MIRZO-ULUGBEK,1726269,NULL,NULL,NULL,NULL,NULL,NULL,2023-11-24/2024-10-23 (range; exact date per district NOT ESTABLISHED),NOT ESTABLISHED,NULL,https://e-qaror.gov.uz (Tashkent City Kengash decisions; individual act not located),NULL,NULL,NULL,39.64,YES,NO,"Tashkent City Hokimiyat, Dept. of Digital Development, via Open Data Tashkent; republished on Esri CAC GeoPortal",https://hub.arcgis.com/api/v3/datasets/c51c854bad2d48f1beaad40272f8d483_0/downloads/data?format=geojson&spatialRefId=4326,https://services8.arcgis.com/GyR85gR88mMqIY4t/arcgis/rest/services/Tashkent_Mahallas/FeatureServer/0,stored EPSG:102100/3857; served as EPSG:4326 on request,2024-10 (adopted); 2025-07 (republication snapshot),OFFICIAL,Toshkent shahar hokimligi - Raqamli rivojlantirish boshqarmasi,https://services8.arcgis.com/GyR85gR88mMqIY4t/arcgis/rest/services/Tashkent_Mahallas/FeatureServer/0,A,2024-10-23,2026-09-18,NULL
UZ-TAS-MFY-532,NULL,Lashkarbegi mahallasi,Лашкарбеги маҳалласи,Лашкарбеги махалля,NULL,Lashkarbegi mahallasi,Lashkarbegi,NULL,NULL,Mahalla fuqarolar yig'ini (MFY),Mirzo Ulug'bek,UZ-TAS-MIRZO-ULUGBEK,1726269,NULL,NULL,NULL,NULL,NULL,NULL,2023-11-24/2024-10-23 (range; exact date per district NOT ESTABLISHED),NOT ESTABLISHED,NULL,https://e-qaror.gov.uz (Tashkent City Kengash decisions; individual act not located),NULL,NULL,NULL,23.16,YES,NO,"Tashkent City Hokimiyat, Dept. of Digital Development, via Open Data Tashkent; republished on Esri CAC GeoPortal",https://hub.arcgis.com/api/v3/datasets/c51c854bad2d48f1beaad40272f8d483_0/downloads/data?format=geojson&spatialRefId=4326,https://services8.arcgis.com/GyR85gR88mMqIY4t/arcgis/rest/services/Tashkent_Mahallas/FeatureServer/0,stored EPSG:102100/3857; served as EPSG:4326 on request,2024-10 (adopted); 2025-07 (republication snapshot),OFFICIAL,Toshkent shahar hokimligi - Raqamli rivojlantirish boshqarmasi,https://services8.arcgis.com/GyR85gR88mMqIY4t/arcgis/rest/services/Tashkent_Mahallas/FeatureServer/0,A,2024-10-23,2026-09-18,NULL
UZ-TAS-MFY-533,NULL,Gulsanam mahallasi,Гулсанам маҳалласи,Гулсанам махалля,NULL,Gulsanam mahallasi,Gulsanam,NULL,NULL,Mahalla fuqarolar yig'ini (MFY),Mirzo Ulug'bek,UZ-TAS-MIRZO-ULUGBEK,1726269,NULL,NULL,NULL,NULL,NULL,NULL,2023-11-24/2024-10-23 (range; exact date per district NOT ESTABLISHED),NOT ESTABLISHED,NULL,https://e-qaror.gov.uz (Tashkent City Kengash decisions; individual act not located),NULL,NULL,NULL,24.85,YES,NO,"Tashkent City Hokimiyat, Dept. of Digital Development, via Open Data Tashkent; republished on Esri CAC GeoPortal",https://hub.arcgis.com/api/v3/datasets/c51c854bad2d48f1beaad40272f8d483_0/downloads/data?format=geojson&spatialRefId=4326,https://services8.arcgis.com/GyR85gR88mMqIY4t/arcgis/rest/services/Tashkent_Mahallas/FeatureServer/0,stored EPSG:102100/3857; served as EPSG:4326 on request,2024-10 (adopted); 2025-07 (republication snapshot),OFFICIAL,Toshkent shahar hokimligi - Raqamli rivojlantirish boshqarmasi,https://services8.arcgis.com/GyR85gR88mMqIY4t/arcgis/rest/services/Tashkent_Mahallas/FeatureServer/0,A,2024-10-23,2026-09-18,NULL
UZ-TAS-MFY-534,NULL,Sultoniya mahallasi,Султония маҳалласи,Султония махалля,NULL,Sultoniya mahallasi,Sultoniya,NULL,NULL,Mahalla fuqarolar yig'ini (MFY),Mirzo Ulug'bek,UZ-TAS-MIRZO-ULUGBEK,1726269,NULL,NULL,NULL,NULL,NULL,NULL,2023-11-24/2024-10-23 (range; exact date per district NOT ESTABLISHED),NOT ESTABLISHED,NULL,https://e-qaror.gov.uz (Tashkent City Kengash decisions; individual act not located),NULL,NULL,NULL,30.54,YES,NO,"Tashkent City Hokimiyat, Dept. of Digital Development, via Open Data Tashkent; republished on Esri CAC GeoPortal",https://hub.arcgis.com/api/v3/datasets/c51c854bad2d48f1beaad40272f8d483_0/downloads/data?format=geojson&spatialRefId=4326,https://services8.arcgis.com/GyR85gR88mMqIY4t/arcgis/rest/services/Tashkent_Mahallas/FeatureServer/0,stored EPSG:102100/3857; served as EPSG:4326 on request,2024-10 (adopted); 2025-07 (republication snapshot),OFFICIAL,Toshkent shahar hokimligi - Raqamli rivojlantirish boshqarmasi,https://services8.arcgis.com/GyR85gR88mMqIY4t/arcgis/rest/services/Tashkent_Mahallas/FeatureServer/0,A,2024-10-23,2026-09-18,NULL
UZ-TAS-MFY-535,NULL,Chimyon mahallasi,Чимён маҳалласи,Чимён махалля,NULL,Chimyon mahallasi,Chimyon,NULL,NULL,Mahalla fuqarolar yig'ini (MFY),Mirzo Ulug'bek,UZ-TAS-MIRZO-ULUGBEK,1726269,NULL,NULL,NULL,NULL,NULL,NULL,2023-11-24/2024-10-23 (range; exact date per district NOT ESTABLISHED),NOT ESTABLISHED,NULL,https://e-qaror.gov.uz (Tashkent City Kengash decisions; individual act not located),NULL,NULL,NULL,21.9,YES,NO,"Tashkent City Hokimiyat, Dept. of Digital Development, via Open Data Tashkent; republished on Esri CAC GeoPortal",https://hub.arcgis.com/api/v3/datasets/c51c854bad2d48f1beaad40272f8d483_0/downloads/data?format=geojson&spatialRefId=4326,https://services8.arcgis.com/GyR85gR88mMqIY4t/arcgis/rest/services/Tashkent_Mahallas/FeatureServer/0,stored EPSG:102100/3857; served as EPSG:4326 on request,2024-10 (adopted); 2025-07 (republication snapshot),OFFICIAL,Toshkent shahar hokimligi - Raqamli rivojlantirish boshqarmasi,https://services8.arcgis.com/GyR85gR88mMqIY4t/arcgis/rest/services/Tashkent_Mahallas/FeatureServer/0,A,2024-10-23,2026-09-18,NULL
UZ-TAS-MFY-536,NULL,Shukur Burhonov mahallasi,Шукур Бурҳонов маҳалласи,Шукур Бурхонов махалля,NULL,Shukur Burhonov mahallasi,Shukur Burhonov,NULL,NULL,Mahalla fuqarolar yig'ini (MFY),Mirzo Ulug'bek,UZ-TAS-MIRZO-ULUGBEK,1726269,NULL,NULL,NULL,NULL,NULL,NULL,2023-11-24/2024-10-23 (range; exact date per district NOT ESTABLISHED),NOT ESTABLISHED,NULL,https://e-qaror.gov.uz (Tashkent City Kengash decisions; individual act not located),NULL,NULL,NULL,80.55,YES,NO,"Tashkent City Hokimiyat, Dept. of Digital Development, via Open Data Tashkent; republished on Esri CAC GeoPortal",https://hub.arcgis.com/api/v3/datasets/c51c854bad2d48f1beaad40272f8d483_0/downloads/data?format=geojson&spatialRefId=4326,https://services8.arcgis.com/GyR85gR88mMqIY4t/arcgis/rest/services/Tashkent_Mahallas/FeatureServer/0,stored EPSG:102100/3857; served as EPSG:4326 on request,2024-10 (adopted); 2025-07 (republication snapshot),OFFICIAL,Toshkent shahar hokimligi - Raqamli rivojlantirish boshqarmasi,https://services8.arcgis.com/GyR85gR88mMqIY4t/arcgis/rest/services/Tashkent_Mahallas/FeatureServer/0,A,2024-10-23,2026-09-18,NULL
UZ-TAS-MFY-537,NULL,Ijodkor mahallasi,Ижодкор маҳалласи,Ижодкор махалля,NULL,Ijodkor mahallasi,Ijodkor,NULL,NULL,Mahalla fuqarolar yig'ini (MFY),Mirzo Ulug'bek,UZ-TAS-MIRZO-ULUGBEK,1726269,NULL,NULL,NULL,NULL,NULL,NULL,2023-11-24/2024-10-23 (range; exact date per district NOT ESTABLISHED),NOT ESTABLISHED,NULL,https://e-qaror.gov.uz (Tashkent City Kengash decisions; individual act not located),NULL,NULL,NULL,140.97,YES,NO,"Tashkent City Hokimiyat, Dept. of Digital Development, via Open Data Tashkent; republished on Esri CAC GeoPortal",https://hub.arcgis.com/api/v3/datasets/c51c854bad2d48f1beaad40272f8d483_0/downloads/data?format=geojson&spatialRefId=4326,https://services8.arcgis.com/GyR85gR88mMqIY4t/arcgis/rest/services/Tashkent_Mahallas/FeatureServer/0,stored EPSG:102100/3857; served as EPSG:4326 on request,2024-10 (adopted); 2025-07 (republication snapshot),OFFICIAL,Toshkent shahar hokimligi - Raqamli rivojlantirish boshqarmasi,https://services8.arcgis.com/GyR85gR88mMqIY4t/arcgis/rest/services/Tashkent_Mahallas/FeatureServer/0,A,2024-10-23,2026-09-18,NULL
UZ-TAS-MFY-538,NULL,Oliyhimmat mahallasi,Олийҳиммат маҳалласи,Олийхиммат махалля,NULL,Oliyhimmat mahallasi,Oliyhimmat,NULL,NULL,Mahalla fuqarolar yig'ini (MFY),Mirzo Ulug'bek,UZ-TAS-MIRZO-ULUGBEK,1726269,NULL,NULL,NULL,NULL,NULL,NULL,2023-11-24/2024-10-23 (range; exact date per district NOT ESTABLISHED),NOT ESTABLISHED,NULL,https://e-qaror.gov.uz (Tashkent City Kengash decisions; individual act not located),NULL,NULL,NULL,125.9,YES,NO,"Tashkent City Hokimiyat, Dept. of Digital Development, via Open Data Tashkent; republished on Esri CAC GeoPortal",https://hub.arcgis.com/api/v3/datasets/c51c854bad2d48f1beaad40272f8d483_0/downloads/data?format=geojson&spatialRefId=4326,https://services8.arcgis.com/GyR85gR88mMqIY4t/arcgis/rest/services/Tashkent_Mahallas/FeatureServer/0,stored EPSG:102100/3857; served as EPSG:4326 on request,2024-10 (adopted); 2025-07 (republication snapshot),OFFICIAL,Toshkent shahar hokimligi - Raqamli rivojlantirish boshqarmasi,https://services8.arcgis.com/GyR85gR88mMqIY4t/arcgis/rest/services/Tashkent_Mahallas/FeatureServer/0,A,2024-10-23,2026-09-18,NULL
UZ-TAS-MFY-539,NULL,Sho'rtepa mahallasi,Шўртепа маҳалласи,Шуртепа махалля,NULL,Sho'rtepa mahallasi,Sho'rtepa,NULL,NULL,Mahalla fuqarolar yig'ini (MFY),Mirzo Ulug'bek,UZ-TAS-MIRZO-ULUGBEK,1726269,NULL,NULL,NULL,NULL,NULL,NULL,2023-11-24/2024-10-23 (range; exact date per district NOT ESTABLISHED),NOT ESTABLISHED,NULL,https://e-qaror.gov.uz (Tashkent City Kengash decisions; individual act not located),NULL,NULL,NULL,49.6,YES,NO,"Tashkent City Hokimiyat, Dept. of Digital Development, via Open Data Tashkent; republished on Esri CAC GeoPortal",https://hub.arcgis.com/api/v3/datasets/c51c854bad2d48f1beaad40272f8d483_0/downloads/data?format=geojson&spatialRefId=4326,https://services8.arcgis.com/GyR85gR88mMqIY4t/arcgis/rest/services/Tashkent_Mahallas/FeatureServer/0,stored EPSG:102100/3857; served as EPSG:4326 on request,2024-10 (adopted); 2025-07 (republication snapshot),OFFICIAL,Toshkent shahar hokimligi - Raqamli rivojlantirish boshqarmasi,https://services8.arcgis.com/GyR85gR88mMqIY4t/arcgis/rest/services/Tashkent_Mahallas/FeatureServer/0,A,2024-10-23,2026-09-18,NULL
UZ-TAS-MFY-540,NULL,Mustaqillik mahallasi,Мустақиллик маҳалласи,Мустакиллик махалля,NULL,Mustaqillik mahallasi,Mustaqillik,NULL,NULL,Mahalla fuqarolar yig'ini (MFY),Mirzo Ulug'bek,UZ-TAS-MIRZO-ULUGBEK,1726269,NULL,NULL,NULL,NULL,NULL,NULL,2023-11-24/2024-10-23 (range; exact date per district NOT ESTABLISHED),NOT ESTABLISHED,NULL,https://e-qaror.gov.uz (Tashkent City Kengash decisions; individual act not located),NULL,NULL,NULL,32.72,YES,NO,"Tashkent City Hokimiyat, Dept. of Digital Development, via Open Data Tashkent; republished on Esri CAC GeoPortal",https://hub.arcgis.com/api/v3/datasets/c51c854bad2d48f1beaad40272f8d483_0/downloads/data?format=geojson&spatialRefId=4326,https://services8.arcgis.com/GyR85gR88mMqIY4t/arcgis/rest/services/Tashkent_Mahallas/FeatureServer/0,stored EPSG:102100/3857; served as EPSG:4326 on request,2024-10 (adopted); 2025-07 (republication snapshot),OFFICIAL,Toshkent shahar hokimligi - Raqamli rivojlantirish boshqarmasi,https://services8.arcgis.com/GyR85gR88mMqIY4t/arcgis/rest/services/Tashkent_Mahallas/FeatureServer/0,A,2024-10-23,2026-09-18,NULL
UZ-TAS-MFY-541,NULL,Jasorat mahallasi,Жасорат маҳалласи,Джасорат махалля,NULL,Jasorat mahallasi,Jasorat,NULL,NULL,Mahalla fuqarolar yig'ini (MFY),Mirzo Ulug'bek,UZ-TAS-MIRZO-ULUGBEK,1726269,NULL,NULL,NULL,NULL,NULL,NULL,2023-11-24/2024-10-23 (range; exact date per district NOT ESTABLISHED),NOT ESTABLISHED,NULL,https://e-qaror.gov.uz (Tashkent City Kengash decisions; individual act not located),NULL,NULL,NULL,108.88,YES,NO,"Tashkent City Hokimiyat, Dept. of Digital Development, via Open Data Tashkent; republished on Esri CAC GeoPortal",https://hub.arcgis.com/api/v3/datasets/c51c854bad2d48f1beaad40272f8d483_0/downloads/data?format=geojson&spatialRefId=4326,https://services8.arcgis.com/GyR85gR88mMqIY4t/arcgis/rest/services/Tashkent_Mahallas/FeatureServer/0,stored EPSG:102100/3857; served as EPSG:4326 on request,2024-10 (adopted); 2025-07 (republication snapshot),OFFICIAL,Toshkent shahar hokimligi - Raqamli rivojlantirish boshqarmasi,https://services8.arcgis.com/GyR85gR88mMqIY4t/arcgis/rest/services/Tashkent_Mahallas/FeatureServer/0,A,2024-10-23,2026-09-18,NULL
UZ-TAS-MFY-542,NULL,Traktorsozlar mahallasi,Тракторсозлар маҳалласи,Тракторсозлар махалля,NULL,Traktorsozlar mahallasi,Traktorsozlar,NULL,NULL,Mahalla fuqarolar yig'ini (MFY),Mirzo Ulug'bek,UZ-TAS-MIRZO-ULUGBEK,1726269,NULL,NULL,NULL,NULL,NULL,NULL,2023-11-24/2024-10-23 (range; exact date per district NOT ESTABLISHED),NOT ESTABLISHED,NULL,https://e-qaror.gov.uz (Tashkent City Kengash decisions; individual act not located),NULL,NULL,NULL,20.88,YES,NO,"Tashkent City Hokimiyat, Dept. of Digital Development, via Open Data Tashkent; republished on Esri CAC GeoPortal",https://hub.arcgis.com/api/v3/datasets/c51c854bad2d48f1beaad40272f8d483_0/downloads/data?format=geojson&spatialRefId=4326,https://services8.arcgis.com/GyR85gR88mMqIY4t/arcgis/rest/services/Tashkent_Mahallas/FeatureServer/0,stored EPSG:102100/3857; served as EPSG:4326 on request,2024-10 (adopted); 2025-07 (republication snapshot),OFFICIAL,Toshkent shahar hokimligi - Raqamli rivojlantirish boshqarmasi,https://services8.arcgis.com/GyR85gR88mMqIY4t/arcgis/rest/services/Tashkent_Mahallas/FeatureServer/0,A,2024-10-23,2026-09-18,NULL
UZ-TAS-MFY-543,NULL,Olmachi mahallasi,Олмачи маҳалласи,Олмачи махалля,NULL,Olmachi mahallasi,Olmachi,NULL,NULL,Mahalla fuqarolar yig'ini (MFY),Mirzo Ulug'bek,UZ-TAS-MIRZO-ULUGBEK,1726269,NULL,NULL,NULL,NULL,NULL,NULL,2023-11-24/2024-10-23 (range; exact date per district NOT ESTABLISHED),NOT ESTABLISHED,NULL,https://e-qaror.gov.uz (Tashkent City Kengash decisions; individual act not located),NULL,NULL,NULL,74.09,YES,NO,"Tashkent City Hokimiyat, Dept. of Digital Development, via Open Data Tashkent; republished on Esri CAC GeoPortal",https://hub.arcgis.com/api/v3/datasets/c51c854bad2d48f1beaad40272f8d483_0/downloads/data?format=geojson&spatialRefId=4326,https://services8.arcgis.com/GyR85gR88mMqIY4t/arcgis/rest/services/Tashkent_Mahallas/FeatureServer/0,stored EPSG:102100/3857; served as EPSG:4326 on request,2024-10 (adopted); 2025-07 (republication snapshot),OFFICIAL,Toshkent shahar hokimligi - Raqamli rivojlantirish boshqarmasi,https://services8.arcgis.com/GyR85gR88mMqIY4t/arcgis/rest/services/Tashkent_Mahallas/FeatureServer/0,A,2024-10-23,2026-09-18,NULL
UZ-TAS-MFY-544,NULL,Al-Forobiy mahallasi,Ал-Форобий маҳалласи,Ал-Форобий махалля,NULL,Al-Forobiy mahallasi,Al-Forobiy,NULL,NULL,Mahalla fuqarolar yig'ini (MFY),Mirzo Ulug'bek,UZ-TAS-MIRZO-ULUGBEK,1726269,NULL,NULL,NULL,NULL,NULL,NULL,2023-11-24/2024-10-23 (range; exact date per district NOT ESTABLISHED),NOT ESTABLISHED,NULL,https://e-qaror.gov.uz (Tashkent City Kengash decisions; individual act not located),NULL,NULL,NULL,27.77,YES,NO,"Tashkent City Hokimiyat, Dept. of Digital Development, via Open Data Tashkent; republished on Esri CAC GeoPortal",https://hub.arcgis.com/api/v3/datasets/c51c854bad2d48f1beaad40272f8d483_0/downloads/data?format=geojson&spatialRefId=4326,https://services8.arcgis.com/GyR85gR88mMqIY4t/arcgis/rest/services/Tashkent_Mahallas/FeatureServer/0,stored EPSG:102100/3857; served as EPSG:4326 on request,2024-10 (adopted); 2025-07 (republication snapshot),OFFICIAL,Toshkent shahar hokimligi - Raqamli rivojlantirish boshqarmasi,https://services8.arcgis.com/GyR85gR88mMqIY4t/arcgis/rest/services/Tashkent_Mahallas/FeatureServer/0,A,2024-10-23,2026-09-18,NULL
UZ-TAS-MFY-545,NULL,Yalang'och mahallasi,Яланғоч маҳалласи,Ялангоч махалля,NULL,Yalang'och mahallasi,Yalang'och,NULL,NULL,Mahalla fuqarolar yig'ini (MFY),Mirzo Ulug'bek,UZ-TAS-MIRZO-ULUGBEK,1726269,NULL,NULL,NULL,NULL,NULL,NULL,2023-11-24/2024-10-23 (range; exact date per district NOT ESTABLISHED),NOT ESTABLISHED,NULL,https://e-qaror.gov.uz (Tashkent City Kengash decisions; individual act not located),NULL,NULL,NULL,176.23,YES,NO,"Tashkent City Hokimiyat, Dept. of Digital Development, via Open Data Tashkent; republished on Esri CAC GeoPortal",https://hub.arcgis.com/api/v3/datasets/c51c854bad2d48f1beaad40272f8d483_0/downloads/data?format=geojson&spatialRefId=4326,https://services8.arcgis.com/GyR85gR88mMqIY4t/arcgis/rest/services/Tashkent_Mahallas/FeatureServer/0,stored EPSG:102100/3857; served as EPSG:4326 on request,2024-10 (adopted); 2025-07 (republication snapshot),OFFICIAL,Toshkent shahar hokimligi - Raqamli rivojlantirish boshqarmasi,https://services8.arcgis.com/GyR85gR88mMqIY4t/arcgis/rest/services/Tashkent_Mahallas/FeatureServer/0,A,2024-10-23,2026-09-18,NULL
UZ-TAS-MFY-546,NULL,Navnihol mahallasi,Навниҳол маҳалласи,Навнихол махалля,NULL,Navnihol mahallasi,Navnihol,NULL,NULL,Mahalla fuqarolar yig'ini (MFY),Mirzo Ulug'bek,UZ-TAS-MIRZO-ULUGBEK,1726269,NULL,NULL,NULL,NULL,NULL,NULL,2023-11-24/2024-10-23 (range; exact date per district NOT ESTABLISHED),NOT ESTABLISHED,NULL,https://e-qaror.gov.uz (Tashkent City Kengash decisions; individual act not located),NULL,NULL,NULL,97.05,YES,NO,"Tashkent City Hokimiyat, Dept. of Digital Development, via Open Data Tashkent; republished on Esri CAC GeoPortal",https://hub.arcgis.com/api/v3/datasets/c51c854bad2d48f1beaad40272f8d483_0/downloads/data?format=geojson&spatialRefId=4326,https://services8.arcgis.com/GyR85gR88mMqIY4t/arcgis/rest/services/Tashkent_Mahallas/FeatureServer/0,stored EPSG:102100/3857; served as EPSG:4326 on request,2024-10 (adopted); 2025-07 (republication snapshot),OFFICIAL,Toshkent shahar hokimligi - Raqamli rivojlantirish boshqarmasi,https://services8.arcgis.com/GyR85gR88mMqIY4t/arcgis/rest/services/Tashkent_Mahallas/FeatureServer/0,A,2024-10-23,2026-09-18,NULL
UZ-TAS-MFY-547,NULL,Shahriobod mahallasi,Шаҳриобод маҳалласи,Шахриобод махалля,NULL,Shahriobod mahallasi,Shahriobod,NULL,NULL,Mahalla fuqarolar yig'ini (MFY),Mirzo Ulug'bek,UZ-TAS-MIRZO-ULUGBEK,1726269,NULL,NULL,NULL,NULL,NULL,NULL,2023-11-24/2024-10-23 (range; exact date per district NOT ESTABLISHED),NOT ESTABLISHED,NULL,https://e-qaror.gov.uz (Tashkent City Kengash decisions; individual act not located),NULL,NULL,NULL,61.14,YES,NO,"Tashkent City Hokimiyat, Dept. of Digital Development, via Open Data Tashkent; republished on Esri CAC GeoPortal",https://hub.arcgis.com/api/v3/datasets/c51c854bad2d48f1beaad40272f8d483_0/downloads/data?format=geojson&spatialRefId=4326,https://services8.arcgis.com/GyR85gR88mMqIY4t/arcgis/rest/services/Tashkent_Mahallas/FeatureServer/0,stored EPSG:102100/3857; served as EPSG:4326 on request,2024-10 (adopted); 2025-07 (republication snapshot),OFFICIAL,Toshkent shahar hokimligi - Raqamli rivojlantirish boshqarmasi,https://services8.arcgis.com/GyR85gR88mMqIY4t/arcgis/rest/services/Tashkent_Mahallas/FeatureServer/0,A,2024-10-23,2026-09-18,NULL
UZ-TAS-MFY-548,NULL,Sarbon mahallasi,Сарбон маҳалласи,Сарбон махалля,NULL,Sarbon mahallasi,Sarbon,NULL,NULL,Mahalla fuqarolar yig'ini (MFY),Mirzo Ulug'bek,UZ-TAS-MIRZO-ULUGBEK,1726269,NULL,NULL,NULL,NULL,NULL,NULL,2023-11-24/2024-10-23 (range; exact date per district NOT ESTABLISHED),NOT ESTABLISHED,NULL,https://e-qaror.gov.uz (Tashkent City Kengash decisions; individual act not located),NULL,NULL,NULL,69.46,YES,NO,"Tashkent City Hokimiyat, Dept. of Digital Development, via Open Data Tashkent; republished on Esri CAC GeoPortal",https://hub.arcgis.com/api/v3/datasets/c51c854bad2d48f1beaad40272f8d483_0/downloads/data?format=geojson&spatialRefId=4326,https://services8.arcgis.com/GyR85gR88mMqIY4t/arcgis/rest/services/Tashkent_Mahallas/FeatureServer/0,stored EPSG:102100/3857; served as EPSG:4326 on request,2024-10 (adopted); 2025-07 (republication snapshot),OFFICIAL,Toshkent shahar hokimligi - Raqamli rivojlantirish boshqarmasi,https://services8.arcgis.com/GyR85gR88mMqIY4t/arcgis/rest/services/Tashkent_Mahallas/FeatureServer/0,A,2024-10-23,2026-09-18,NULL
UZ-TAS-MFY-549,NULL,Bahor mahallasi,Баҳор маҳалласи,Бахор махалля,NULL,Bahor mahallasi,Bahor,NULL,NULL,Mahalla fuqarolar yig'ini (MFY),Mirzo Ulug'bek,UZ-TAS-MIRZO-ULUGBEK,1726269,NULL,NULL,NULL,NULL,NULL,NULL,2023-11-24/2024-10-23 (range; exact date per district NOT ESTABLISHED),NOT ESTABLISHED,NULL,https://e-qaror.gov.uz (Tashkent City Kengash decisions; individual act not located),NULL,NULL,NULL,120.4,YES,NO,"Tashkent City Hokimiyat, Dept. of Digital Development, via Open Data Tashkent; republished on Esri CAC GeoPortal",https://hub.arcgis.com/api/v3/datasets/c51c854bad2d48f1beaad40272f8d483_0/downloads/data?format=geojson&spatialRefId=4326,https://services8.arcgis.com/GyR85gR88mMqIY4t/arcgis/rest/services/Tashkent_Mahallas/FeatureServer/0,stored EPSG:102100/3857; served as EPSG:4326 on request,2024-10 (adopted); 2025-07 (republication snapshot),OFFICIAL,Toshkent shahar hokimligi - Raqamli rivojlantirish boshqarmasi,https://services8.arcgis.com/GyR85gR88mMqIY4t/arcgis/rest/services/Tashkent_Mahallas/FeatureServer/0,A,2024-10-23,2026-09-18,NULL
UZ-TAS-MFY-550,NULL,Hamid Olimjon mahallasi,Ҳамид Олимжон маҳалласи,Хамид Олимжон махалля,NULL,Hamid Olimjon mahallasi,Hamid Olimjon,NULL,NULL,Mahalla fuqarolar yig'ini (MFY),Mirzo Ulug'bek,UZ-TAS-MIRZO-ULUGBEK,1726269,NULL,NULL,NULL,NULL,NULL,NULL,2023-11-24/2024-10-23 (range; exact date per district NOT ESTABLISHED),NOT ESTABLISHED,NULL,https://e-qaror.gov.uz (Tashkent City Kengash decisions; individual act not located),NULL,NULL,NULL,39.4,YES,NO,"Tashkent City Hokimiyat, Dept. of Digital Development, via Open Data Tashkent; republished on Esri CAC GeoPortal",https://hub.arcgis.com/api/v3/datasets/c51c854bad2d48f1beaad40272f8d483_0/downloads/data?format=geojson&spatialRefId=4326,https://services8.arcgis.com/GyR85gR88mMqIY4t/arcgis/rest/services/Tashkent_Mahallas/FeatureServer/0,stored EPSG:102100/3857; served as EPSG:4326 on request,2024-10 (adopted); 2025-07 (republication snapshot),OFFICIAL,Toshkent shahar hokimligi - Raqamli rivojlantirish boshqarmasi,https://services8.arcgis.com/GyR85gR88mMqIY4t/arcgis/rest/services/Tashkent_Mahallas/FeatureServer/0,A,2024-10-23,2026-09-18,NULL
UZ-TAS-MFY-551,NULL,Katta Yalang'ochota mahallasi,Катта Яланғочота маҳалласи,Катта Ялангочота махалля,NULL,Katta Yalang'ochota mahallasi,Katta Yalang'ochota,NULL,NULL,Mahalla fuqarolar yig'ini (MFY),Mirzo Ulug'bek,UZ-TAS-MIRZO-ULUGBEK,1726269,NULL,NULL,NULL,NULL,NULL,NULL,2023-11-24/2024-10-23 (range; exact date per district NOT ESTABLISHED),NOT ESTABLISHED,NULL,https://e-qaror.gov.uz (Tashkent City Kengash decisions; individual act not located),NULL,NULL,NULL,51.01,YES,NO,"Tashkent City Hokimiyat, Dept. of Digital Development, via Open Data Tashkent; republished on Esri CAC GeoPortal",https://hub.arcgis.com/api/v3/datasets/c51c854bad2d48f1beaad40272f8d483_0/downloads/data?format=geojson&spatialRefId=4326,https://services8.arcgis.com/GyR85gR88mMqIY4t/arcgis/rest/services/Tashkent_Mahallas/FeatureServer/0,stored EPSG:102100/3857; served as EPSG:4326 on request,2024-10 (adopted); 2025-07 (republication snapshot),OFFICIAL,Toshkent shahar hokimligi - Raqamli rivojlantirish boshqarmasi,https://services8.arcgis.com/GyR85gR88mMqIY4t/arcgis/rest/services/Tashkent_Mahallas/FeatureServer/0,A,2024-10-23,2026-09-18,NULL
UZ-TAS-MFY-552,NULL,Azamat mahallasi,Азамат маҳалласи,Азамат махалля,NULL,Azamat mahallasi,Azamat,NULL,NULL,Mahalla fuqarolar yig'ini (MFY),Mirzo Ulug'bek,UZ-TAS-MIRZO-ULUGBEK,1726269,NULL,NULL,NULL,NULL,NULL,NULL,2023-11-24/2024-10-23 (range; exact date per district NOT ESTABLISHED),NOT ESTABLISHED,NULL,https://e-qaror.gov.uz (Tashkent City Kengash decisions; individual act not located),NULL,NULL,NULL,36.15,YES,NO,"Tashkent City Hokimiyat, Dept. of Digital Development, via Open Data Tashkent; republished on Esri CAC GeoPortal",https://hub.arcgis.com/api/v3/datasets/c51c854bad2d48f1beaad40272f8d483_0/downloads/data?format=geojson&spatialRefId=4326,https://services8.arcgis.com/GyR85gR88mMqIY4t/arcgis/rest/services/Tashkent_Mahallas/FeatureServer/0,stored EPSG:102100/3857; served as EPSG:4326 on request,2024-10 (adopted); 2025-07 (republication snapshot),OFFICIAL,Toshkent shahar hokimligi - Raqamli rivojlantirish boshqarmasi,https://services8.arcgis.com/GyR85gR88mMqIY4t/arcgis/rest/services/Tashkent_Mahallas/FeatureServer/0,A,2024-10-23,2026-09-18,NULL
UZ-TAS-MFY-553,NULL,Geofizika mahallasi,Геофизика маҳалласи,Геофизика махалля,NULL,Geofizika mahallasi,Geofizika,NULL,NULL,Mahalla fuqarolar yig'ini (MFY),Mirzo Ulug'bek,UZ-TAS-MIRZO-ULUGBEK,1726269,NULL,NULL,NULL,NULL,NULL,NULL,2023-11-24/2024-10-23 (range; exact date per district NOT ESTABLISHED),NOT ESTABLISHED,NULL,https://e-qaror.gov.uz (Tashkent City Kengash decisions; individual act not located),NULL,NULL,NULL,97.12,YES,NO,"Tashkent City Hokimiyat, Dept. of Digital Development, via Open Data Tashkent; republished on Esri CAC GeoPortal",https://hub.arcgis.com/api/v3/datasets/c51c854bad2d48f1beaad40272f8d483_0/downloads/data?format=geojson&spatialRefId=4326,https://services8.arcgis.com/GyR85gR88mMqIY4t/arcgis/rest/services/Tashkent_Mahallas/FeatureServer/0,stored EPSG:102100/3857; served as EPSG:4326 on request,2024-10 (adopted); 2025-07 (republication snapshot),OFFICIAL,Toshkent shahar hokimligi - Raqamli rivojlantirish boshqarmasi,https://services8.arcgis.com/GyR85gR88mMqIY4t/arcgis/rest/services/Tashkent_Mahallas/FeatureServer/0,A,2024-10-23,2026-09-18,NULL
UZ-TAS-MFY-554,NULL,Oltintepa mahallasi,Олтинтепа маҳалласи,Олтинтепа махалля,NULL,Oltintepa mahallasi,Oltintepa,NULL,NULL,Mahalla fuqarolar yig'ini (MFY),Mirzo Ulug'bek,UZ-TAS-MIRZO-ULUGBEK,1726269,NULL,NULL,NULL,NULL,NULL,NULL,2023-11-24/2024-10-23 (range; exact date per district NOT ESTABLISHED),NOT ESTABLISHED,NULL,https://e-qaror.gov.uz (Tashkent City Kengash decisions; individual act not located),NULL,NULL,NULL,94.86,YES,NO,"Tashkent City Hokimiyat, Dept. of Digital Development, via Open Data Tashkent; republished on Esri CAC GeoPortal",https://hub.arcgis.com/api/v3/datasets/c51c854bad2d48f1beaad40272f8d483_0/downloads/data?format=geojson&spatialRefId=4326,https://services8.arcgis.com/GyR85gR88mMqIY4t/arcgis/rest/services/Tashkent_Mahallas/FeatureServer/0,stored EPSG:102100/3857; served as EPSG:4326 on request,2024-10 (adopted); 2025-07 (republication snapshot),OFFICIAL,Toshkent shahar hokimligi - Raqamli rivojlantirish boshqarmasi,https://services8.arcgis.com/GyR85gR88mMqIY4t/arcgis/rest/services/Tashkent_Mahallas/FeatureServer/0,A,2024-10-23,2026-09-18,NULL
UZ-TAS-MFY-555,NULL,Feruza mahallasi,Феруза маҳалласи,Феруза махалля,NULL,Feruza mahallasi,Feruza,NULL,NULL,Mahalla fuqarolar yig'ini (MFY),Mirzo Ulug'bek,UZ-TAS-MIRZO-ULUGBEK,1726269,NULL,NULL,NULL,NULL,NULL,NULL,2023-11-24/2024-10-23 (range; exact date per district NOT ESTABLISHED),NOT ESTABLISHED,NULL,https://e-qaror.gov.uz (Tashkent City Kengash decisions; individual act not located),NULL,NULL,NULL,20.32,YES,NO,"Tashkent City Hokimiyat, Dept. of Digital Development, via Open Data Tashkent; republished on Esri CAC GeoPortal",https://hub.arcgis.com/api/v3/datasets/c51c854bad2d48f1beaad40272f8d483_0/downloads/data?format=geojson&spatialRefId=4326,https://services8.arcgis.com/GyR85gR88mMqIY4t/arcgis/rest/services/Tashkent_Mahallas/FeatureServer/0,stored EPSG:102100/3857; served as EPSG:4326 on request,2024-10 (adopted); 2025-07 (republication snapshot),OFFICIAL,Toshkent shahar hokimligi - Raqamli rivojlantirish boshqarmasi,https://services8.arcgis.com/GyR85gR88mMqIY4t/arcgis/rest/services/Tashkent_Mahallas/FeatureServer/0,A,2024-10-23,2026-09-18,NULL
UZ-TAS-MFY-556,NULL,Turon mahallasi,Турон маҳалласи,Турон махалля,NULL,Turon mahallasi,Turon,NULL,NULL,Mahalla fuqarolar yig'ini (MFY),Mirzo Ulug'bek,UZ-TAS-MIRZO-ULUGBEK,1726269,NULL,NULL,NULL,NULL,NULL,NULL,2023-11-24/2024-10-23 (range; exact date per district NOT ESTABLISHED),NOT ESTABLISHED,NULL,https://e-qaror.gov.uz (Tashkent City Kengash decisions; individual act not located),NULL,NULL,NULL,25.46,YES,NO,"Tashkent City Hokimiyat, Dept. of Digital Development, via Open Data Tashkent; republished on Esri CAC GeoPortal",https://hub.arcgis.com/api/v3/datasets/c51c854bad2d48f1beaad40272f8d483_0/downloads/data?format=geojson&spatialRefId=4326,https://services8.arcgis.com/GyR85gR88mMqIY4t/arcgis/rest/services/Tashkent_Mahallas/FeatureServer/0,stored EPSG:102100/3857; served as EPSG:4326 on request,2024-10 (adopted); 2025-07 (republication snapshot),OFFICIAL,Toshkent shahar hokimligi - Raqamli rivojlantirish boshqarmasi,https://services8.arcgis.com/GyR85gR88mMqIY4t/arcgis/rest/services/Tashkent_Mahallas/FeatureServer/0,A,2024-10-23,2026-09-18,NULL
UZ-TAS-MFY-557,NULL,Geologlar mahallasi,Геологлар маҳалласи,Геологлар махалля,NULL,Geologlar mahallasi,Geologlar,NULL,NULL,Mahalla fuqarolar yig'ini (MFY),Mirzo Ulug'bek,UZ-TAS-MIRZO-ULUGBEK,1726269,NULL,NULL,NULL,NULL,NULL,NULL,2023-11-24/2024-10-23 (range; exact date per district NOT ESTABLISHED),NOT ESTABLISHED,NULL,https://e-qaror.gov.uz (Tashkent City Kengash decisions; individual act not located),NULL,NULL,NULL,55.1,YES,NO,"Tashkent City Hokimiyat, Dept. of Digital Development, via Open Data Tashkent; republished on Esri CAC GeoPortal",https://hub.arcgis.com/api/v3/datasets/c51c854bad2d48f1beaad40272f8d483_0/downloads/data?format=geojson&spatialRefId=4326,https://services8.arcgis.com/GyR85gR88mMqIY4t/arcgis/rest/services/Tashkent_Mahallas/FeatureServer/0,stored EPSG:102100/3857; served as EPSG:4326 on request,2024-10 (adopted); 2025-07 (republication snapshot),OFFICIAL,Toshkent shahar hokimligi - Raqamli rivojlantirish boshqarmasi,https://services8.arcgis.com/GyR85gR88mMqIY4t/arcgis/rest/services/Tashkent_Mahallas/FeatureServer/0,A,2024-10-23,2026-09-18,NULL
UZ-TAS-MFY-558,NULL,Yangi Kamolot mahallasi,Янги Камолот маҳалласи,Янги Камолот махалля,NULL,Yangi Kamolot mahallasi,Yangi Kamolot,NULL,NULL,Mahalla fuqarolar yig'ini (MFY),Mirzo Ulug'bek,UZ-TAS-MIRZO-ULUGBEK,1726269,NULL,NULL,NULL,NULL,NULL,NULL,2023-11-24/2024-10-23 (range; exact date per district NOT ESTABLISHED),NOT ESTABLISHED,NULL,https://e-qaror.gov.uz (Tashkent City Kengash decisions; individual act not located),NULL,NULL,NULL,26.61,YES,NO,"Tashkent City Hokimiyat, Dept. of Digital Development, via Open Data Tashkent; republished on Esri CAC GeoPortal",https://hub.arcgis.com/api/v3/datasets/c51c854bad2d48f1beaad40272f8d483_0/downloads/data?format=geojson&spatialRefId=4326,https://services8.arcgis.com/GyR85gR88mMqIY4t/arcgis/rest/services/Tashkent_Mahallas/FeatureServer/0,stored EPSG:102100/3857; served as EPSG:4326 on request,2024-10 (adopted); 2025-07 (republication snapshot),OFFICIAL,Toshkent shahar hokimligi - Raqamli rivojlantirish boshqarmasi,https://services8.arcgis.com/GyR85gR88mMqIY4t/arcgis/rest/services/Tashkent_Mahallas/FeatureServer/0,A,2024-10-23,2026-09-18,NULL
UZ-TAS-MFY-559,NULL,Ahmad Yugnakiy mahallasi,Аҳмад Югнакий маҳалласи,Ахмад Югнакий махалля,NULL,Ahmad Yugnakiy mahallasi,Ahmad Yugnakiy,NULL,NULL,Mahalla fuqarolar yig'ini (MFY),Mirzo Ulug'bek,UZ-TAS-MIRZO-ULUGBEK,1726269,NULL,NULL,NULL,NULL,NULL,NULL,2023-11-24/2024-10-23 (range; exact date per district NOT ESTABLISHED),NOT ESTABLISHED,NULL,https://e-qaror.gov.uz (Tashkent City Kengash decisions; individual act not located),NULL,NULL,NULL,23.89,YES,NO,"Tashkent City Hokimiyat, Dept. of Digital Development, via Open Data Tashkent; republished on Esri CAC GeoPortal",https://hub.arcgis.com/api/v3/datasets/c51c854bad2d48f1beaad40272f8d483_0/downloads/data?format=geojson&spatialRefId=4326,https://services8.arcgis.com/GyR85gR88mMqIY4t/arcgis/rest/services/Tashkent_Mahallas/FeatureServer/0,stored EPSG:102100/3857; served as EPSG:4326 on request,2024-10 (adopted); 2025-07 (republication snapshot),OFFICIAL,Toshkent shahar hokimligi - Raqamli rivojlantirish boshqarmasi,https://services8.arcgis.com/GyR85gR88mMqIY4t/arcgis/rest/services/Tashkent_Mahallas/FeatureServer/0,A,2024-10-23,2026-09-18,NULL
UZ-TAS-MFY-560,NULL,Uyg'onish mahallasi,Уйғониш маҳалласи,Уйгониш махалля,NULL,Uyg'onish mahallasi,Uyg'onish,NULL,NULL,Mahalla fuqarolar yig'ini (MFY),Mirzo Ulug'bek,UZ-TAS-MIRZO-ULUGBEK,1726269,NULL,NULL,NULL,NULL,NULL,NULL,2023-11-24/2024-10-23 (range; exact date per district NOT ESTABLISHED),NOT ESTABLISHED,NULL,https://e-qaror.gov.uz (Tashkent City Kengash decisions; individual act not located),NULL,NULL,NULL,29.82,YES,NO,"Tashkent City Hokimiyat, Dept. of Digital Development, via Open Data Tashkent; republished on Esri CAC GeoPortal",https://hub.arcgis.com/api/v3/datasets/c51c854bad2d48f1beaad40272f8d483_0/downloads/data?format=geojson&spatialRefId=4326,https://services8.arcgis.com/GyR85gR88mMqIY4t/arcgis/rest/services/Tashkent_Mahallas/FeatureServer/0,stored EPSG:102100/3857; served as EPSG:4326 on request,2024-10 (adopted); 2025-07 (republication snapshot),OFFICIAL,Toshkent shahar hokimligi - Raqamli rivojlantirish boshqarmasi,https://services8.arcgis.com/GyR85gR88mMqIY4t/arcgis/rest/services/Tashkent_Mahallas/FeatureServer/0,A,2024-10-23,2026-09-18,NULL
UZ-TAS-MFY-561,NULL,Gulzorobod mahallasi,Гулзоробод маҳалласи,Гулзоробод махалля,NULL,Gulzorobod mahallasi,Gulzorobod,NULL,NULL,Mahalla fuqarolar yig'ini (MFY),Mirzo Ulug'bek,UZ-TAS-MIRZO-ULUGBEK,1726269,NULL,NULL,NULL,NULL,NULL,NULL,2023-11-24/2024-10-23 (range; exact date per district NOT ESTABLISHED),NOT ESTABLISHED,NULL,https://e-qaror.gov.uz (Tashkent City Kengash decisions; individual act not located),NULL,NULL,NULL,71.16,YES,NO,"Tashkent City Hokimiyat, Dept. of Digital Development, via Open Data Tashkent; republished on Esri CAC GeoPortal",https://hub.arcgis.com/api/v3/datasets/c51c854bad2d48f1beaad40272f8d483_0/downloads/data?format=geojson&spatialRefId=4326,https://services8.arcgis.com/GyR85gR88mMqIY4t/arcgis/rest/services/Tashkent_Mahallas/FeatureServer/0,stored EPSG:102100/3857; served as EPSG:4326 on request,2024-10 (adopted); 2025-07 (republication snapshot),OFFICIAL,Toshkent shahar hokimligi - Raqamli rivojlantirish boshqarmasi,https://services8.arcgis.com/GyR85gR88mMqIY4t/arcgis/rest/services/Tashkent_Mahallas/FeatureServer/0,A,2024-10-23,2026-09-18,NULL
UZ-TAS-MFY-562,NULL,Munavvarqori mahallasi,Мунавварқори маҳалласи,Мунавваркори махалля,NULL,Munavvarqori mahallasi,Munavvarqori,NULL,NULL,Mahalla fuqarolar yig'ini (MFY),Mirzo Ulug'bek,UZ-TAS-MIRZO-ULUGBEK,1726269,NULL,NULL,NULL,NULL,NULL,NULL,2023-11-24/2024-10-23 (range; exact date per district NOT ESTABLISHED),NOT ESTABLISHED,NULL,https://e-qaror.gov.uz (Tashkent City Kengash decisions; individual act not located),NULL,NULL,NULL,78.82,YES,NO,"Tashkent City Hokimiyat, Dept. of Digital Development, via Open Data Tashkent; republished on Esri CAC GeoPortal",https://hub.arcgis.com/api/v3/datasets/c51c854bad2d48f1beaad40272f8d483_0/downloads/data?format=geojson&spatialRefId=4326,https://services8.arcgis.com/GyR85gR88mMqIY4t/arcgis/rest/services/Tashkent_Mahallas/FeatureServer/0,stored EPSG:102100/3857; served as EPSG:4326 on request,2024-10 (adopted); 2025-07 (republication snapshot),OFFICIAL,Toshkent shahar hokimligi - Raqamli rivojlantirish boshqarmasi,https://services8.arcgis.com/GyR85gR88mMqIY4t/arcgis/rest/services/Tashkent_Mahallas/FeatureServer/0,A,2024-10-23,2026-09-18,NULL
UZ-TAS-MFY-563,NULL,Yuzrabot mahallasi,Юзработ маҳалласи,Юзработ махалля,NULL,Yuzrabot mahallasi,Yuzrabot,NULL,NULL,Mahalla fuqarolar yig'ini (MFY),Mirzo Ulug'bek,UZ-TAS-MIRZO-ULUGBEK,1726269,NULL,NULL,NULL,NULL,NULL,NULL,2023-11-24/2024-10-23 (range; exact date per district NOT ESTABLISHED),NOT ESTABLISHED,NULL,https://e-qaror.gov.uz (Tashkent City Kengash decisions; individual act not located),NULL,NULL,NULL,36.13,YES,NO,"Tashkent City Hokimiyat, Dept. of Digital Development, via Open Data Tashkent; republished on Esri CAC GeoPortal",https://hub.arcgis.com/api/v3/datasets/c51c854bad2d48f1beaad40272f8d483_0/downloads/data?format=geojson&spatialRefId=4326,https://services8.arcgis.com/GyR85gR88mMqIY4t/arcgis/rest/services/Tashkent_Mahallas/FeatureServer/0,stored EPSG:102100/3857; served as EPSG:4326 on request,2024-10 (adopted); 2025-07 (republication snapshot),OFFICIAL,Toshkent shahar hokimligi - Raqamli rivojlantirish boshqarmasi,https://services8.arcgis.com/GyR85gR88mMqIY4t/arcgis/rest/services/Tashkent_Mahallas/FeatureServer/0,A,2024-10-23,2026-09-18,NULL
UZ-TAS-MFY-564,NULL,Nur mahallasi,Нур маҳалласи,Нур махалля,NULL,Nur mahallasi,Nur,NULL,NULL,Mahalla fuqarolar yig'ini (MFY),Mirzo Ulug'bek,UZ-TAS-MIRZO-ULUGBEK,1726269,NULL,NULL,NULL,NULL,NULL,NULL,2023-11-24/2024-10-23 (range; exact date per district NOT ESTABLISHED),NOT ESTABLISHED,NULL,https://e-qaror.gov.uz (Tashkent City Kengash decisions; individual act not located),NULL,NULL,NULL,47.04,YES,NO,"Tashkent City Hokimiyat, Dept. of Digital Development, via Open Data Tashkent; republished on Esri CAC GeoPortal",https://hub.arcgis.com/api/v3/datasets/c51c854bad2d48f1beaad40272f8d483_0/downloads/data?format=geojson&spatialRefId=4326,https://services8.arcgis.com/GyR85gR88mMqIY4t/arcgis/rest/services/Tashkent_Mahallas/FeatureServer/0,stored EPSG:102100/3857; served as EPSG:4326 on request,2024-10 (adopted); 2025-07 (republication snapshot),OFFICIAL,Toshkent shahar hokimligi - Raqamli rivojlantirish boshqarmasi,https://services8.arcgis.com/GyR85gR88mMqIY4t/arcgis/rest/services/Tashkent_Mahallas/FeatureServer/0,A,2024-10-23,2026-09-18,NULL
UZ-TAS-MFY-565,NULL,Minglola mahallasi,Минглола маҳалласи,Минглола махалля,NULL,Minglola mahallasi,Minglola,NULL,NULL,Mahalla fuqarolar yig'ini (MFY),Mirzo Ulug'bek,UZ-TAS-MIRZO-ULUGBEK,1726269,NULL,NULL,NULL,NULL,NULL,NULL,2023-11-24/2024-10-23 (range; exact date per district NOT ESTABLISHED),NOT ESTABLISHED,NULL,https://e-qaror.gov.uz (Tashkent City Kengash decisions; individual act not located),NULL,NULL,NULL,16.45,YES,NO,"Tashkent City Hokimiyat, Dept. of Digital Development, via Open Data Tashkent; republished on Esri CAC GeoPortal",https://hub.arcgis.com/api/v3/datasets/c51c854bad2d48f1beaad40272f8d483_0/downloads/data?format=geojson&spatialRefId=4326,https://services8.arcgis.com/GyR85gR88mMqIY4t/arcgis/rest/services/Tashkent_Mahallas/FeatureServer/0,stored EPSG:102100/3857; served as EPSG:4326 on request,2024-10 (adopted); 2025-07 (republication snapshot),OFFICIAL,Toshkent shahar hokimligi - Raqamli rivojlantirish boshqarmasi,https://services8.arcgis.com/GyR85gR88mMqIY4t/arcgis/rest/services/Tashkent_Mahallas/FeatureServer/0,A,2024-10-23,2026-09-18,NULL
UZ-TAS-MFY-566,NULL,Temuriylar mahallasi,Темурийлар маҳалласи,Темурийлар махалля,NULL,Temuriylar mahallasi,Temuriylar,NULL,NULL,Mahalla fuqarolar yig'ini (MFY),Mirzo Ulug'bek,UZ-TAS-MIRZO-ULUGBEK,1726269,NULL,NULL,NULL,NULL,NULL,NULL,2023-11-24/2024-10-23 (range; exact date per district NOT ESTABLISHED),NOT ESTABLISHED,NULL,https://e-qaror.gov.uz (Tashkent City Kengash decisions; individual act not located),NULL,NULL,NULL,147.97,YES,NO,"Tashkent City Hokimiyat, Dept. of Digital Development, via Open Data Tashkent; republished on Esri CAC GeoPortal",https://hub.arcgis.com/api/v3/datasets/c51c854bad2d48f1beaad40272f8d483_0/downloads/data?format=geojson&spatialRefId=4326,https://services8.arcgis.com/GyR85gR88mMqIY4t/arcgis/rest/services/Tashkent_Mahallas/FeatureServer/0,stored EPSG:102100/3857; served as EPSG:4326 on request,2024-10 (adopted); 2025-07 (republication snapshot),OFFICIAL,Toshkent shahar hokimligi - Raqamli rivojlantirish boshqarmasi,https://services8.arcgis.com/GyR85gR88mMqIY4t/arcgis/rest/services/Tashkent_Mahallas/FeatureServer/0,A,2024-10-23,2026-09-18,NULL
UZ-TAS-MFY-567,NULL,Alisherobod mahallasi,Алишеробод маҳалласи,Алишеробод махалля,NULL,Alisherobod mahallasi,Alisherobod,NULL,NULL,Mahalla fuqarolar yig'ini (MFY),Mirzo Ulug'bek,UZ-TAS-MIRZO-ULUGBEK,1726269,NULL,NULL,NULL,NULL,NULL,NULL,2023-11-24/2024-10-23 (range; exact date per district NOT ESTABLISHED),NOT ESTABLISHED,NULL,https://e-qaror.gov.uz (Tashkent City Kengash decisions; individual act not located),NULL,NULL,NULL,250.44,YES,NO,"Tashkent City Hokimiyat, Dept. of Digital Development, via Open Data Tashkent; republished on Esri CAC GeoPortal",https://hub.arcgis.com/api/v3/datasets/c51c854bad2d48f1beaad40272f8d483_0/downloads/data?format=geojson&spatialRefId=4326,https://services8.arcgis.com/GyR85gR88mMqIY4t/arcgis/rest/services/Tashkent_Mahallas/FeatureServer/0,stored EPSG:102100/3857; served as EPSG:4326 on request,2024-10 (adopted); 2025-07 (republication snapshot),OFFICIAL,Toshkent shahar hokimligi - Raqamli rivojlantirish boshqarmasi,https://services8.arcgis.com/GyR85gR88mMqIY4t/arcgis/rest/services/Tashkent_Mahallas/FeatureServer/0,A,2024-10-23,2026-09-18,NULL
UZ-TAS-MFY-568,NULL,Sayram mahallasi,Сайрам маҳалласи,Сайрам махалля,NULL,Sayram mahallasi,Sayram,NULL,NULL,Mahalla fuqarolar yig'ini (MFY),Mirzo Ulug'bek,UZ-TAS-MIRZO-ULUGBEK,1726269,NULL,NULL,NULL,NULL,NULL,NULL,2023-11-24/2024-10-23 (range; exact date per district NOT ESTABLISHED),NOT ESTABLISHED,NULL,https://e-qaror.gov.uz (Tashkent City Kengash decisions; individual act not located),NULL,NULL,NULL,117.14,YES,NO,"Tashkent City Hokimiyat, Dept. of Digital Development, via Open Data Tashkent; republished on Esri CAC GeoPortal",https://hub.arcgis.com/api/v3/datasets/c51c854bad2d48f1beaad40272f8d483_0/downloads/data?format=geojson&spatialRefId=4326,https://services8.arcgis.com/GyR85gR88mMqIY4t/arcgis/rest/services/Tashkent_Mahallas/FeatureServer/0,stored EPSG:102100/3857; served as EPSG:4326 on request,2024-10 (adopted); 2025-07 (republication snapshot),OFFICIAL,Toshkent shahar hokimligi - Raqamli rivojlantirish boshqarmasi,https://services8.arcgis.com/GyR85gR88mMqIY4t/arcgis/rest/services/Tashkent_Mahallas/FeatureServer/0,A,2024-10-23,2026-09-18,NULL
UZ-TAS-MFY-569,NULL,Elobod mahallasi,Элобод маҳалласи,Элобод махалля,NULL,Elobod mahallasi,Elobod,NULL,NULL,Mahalla fuqarolar yig'ini (MFY),Mirzo Ulug'bek,UZ-TAS-MIRZO-ULUGBEK,1726269,NULL,NULL,NULL,NULL,NULL,NULL,2023-11-24/2024-10-23 (range; exact date per district NOT ESTABLISHED),NOT ESTABLISHED,NULL,https://e-qaror.gov.uz (Tashkent City Kengash decisions; individual act not located),NULL,NULL,NULL,34.73,YES,NO,"Tashkent City Hokimiyat, Dept. of Digital Development, via Open Data Tashkent; republished on Esri CAC GeoPortal",https://hub.arcgis.com/api/v3/datasets/c51c854bad2d48f1beaad40272f8d483_0/downloads/data?format=geojson&spatialRefId=4326,https://services8.arcgis.com/GyR85gR88mMqIY4t/arcgis/rest/services/Tashkent_Mahallas/FeatureServer/0,stored EPSG:102100/3857; served as EPSG:4326 on request,2024-10 (adopted); 2025-07 (republication snapshot),OFFICIAL,Toshkent shahar hokimligi - Raqamli rivojlantirish boshqarmasi,https://services8.arcgis.com/GyR85gR88mMqIY4t/arcgis/rest/services/Tashkent_Mahallas/FeatureServer/0,A,2024-10-23,2026-09-18,NULL
UZ-TAS-MFY-570,NULL,Yangi Olmachi mahallasi,Янги Олмачи маҳалласи,Янги Олмачи махалля,NULL,Yangi Olmachi mahallasi,Yangi Olmachi,NULL,NULL,Mahalla fuqarolar yig'ini (MFY),Mirzo Ulug'bek,UZ-TAS-MIRZO-ULUGBEK,1726269,NULL,NULL,NULL,NULL,NULL,NULL,2023-11-24/2024-10-23 (range; exact date per district NOT ESTABLISHED),NOT ESTABLISHED,NULL,https://e-qaror.gov.uz (Tashkent City Kengash decisions; individual act not located),NULL,NULL,NULL,57.06,YES,NO,"Tashkent City Hokimiyat, Dept. of Digital Development, via Open Data Tashkent; republished on Esri CAC GeoPortal",https://hub.arcgis.com/api/v3/datasets/c51c854bad2d48f1beaad40272f8d483_0/downloads/data?format=geojson&spatialRefId=4326,https://services8.arcgis.com/GyR85gR88mMqIY4t/arcgis/rest/services/Tashkent_Mahallas/FeatureServer/0,stored EPSG:102100/3857; served as EPSG:4326 on request,2024-10 (adopted); 2025-07 (republication snapshot),OFFICIAL,Toshkent shahar hokimligi - Raqamli rivojlantirish boshqarmasi,https://services8.arcgis.com/GyR85gR88mMqIY4t/arcgis/rest/services/Tashkent_Mahallas/FeatureServer/0,A,2024-10-23,2026-09-18,NULL
UZ-TAS-MFY-571,NULL,Avayxon mahallasi,Авайхон маҳалласи,Авайхон махалля,NULL,Avayxon mahallasi,Avayxon,NULL,NULL,Mahalla fuqarolar yig'ini (MFY),Mirzo Ulug'bek,UZ-TAS-MIRZO-ULUGBEK,1726269,NULL,NULL,NULL,NULL,NULL,NULL,2023-11-24/2024-10-23 (range; exact date per district NOT ESTABLISHED),NOT ESTABLISHED,NULL,https://e-qaror.gov.uz (Tashkent City Kengash decisions; individual act not located),NULL,NULL,NULL,93.63,YES,NO,"Tashkent City Hokimiyat, Dept. of Digital Development, via Open Data Tashkent; republished on Esri CAC GeoPortal",https://hub.arcgis.com/api/v3/datasets/c51c854bad2d48f1beaad40272f8d483_0/downloads/data?format=geojson&spatialRefId=4326,https://services8.arcgis.com/GyR85gR88mMqIY4t/arcgis/rest/services/Tashkent_Mahallas/FeatureServer/0,stored EPSG:102100/3857; served as EPSG:4326 on request,2024-10 (adopted); 2025-07 (republication snapshot),OFFICIAL,Toshkent shahar hokimligi - Raqamli rivojlantirish boshqarmasi,https://services8.arcgis.com/GyR85gR88mMqIY4t/arcgis/rest/services/Tashkent_Mahallas/FeatureServer/0,A,2024-10-23,2026-09-18,NULL
UZ-TAS-MFY-572,NULL,Nodirabegim mahallasi,Нодирабегим маҳалласи,Нодирабегим махалля,NULL,Nodirabegim mahallasi,Nodirabegim,NULL,NULL,Mahalla fuqarolar yig'ini (MFY),Mirzo Ulug'bek,UZ-TAS-MIRZO-ULUGBEK,1726269,NULL,NULL,NULL,NULL,NULL,NULL,2023-11-24/2024-10-23 (range; exact date per district NOT ESTABLISHED),NOT ESTABLISHED,NULL,https://e-qaror.gov.uz (Tashkent City Kengash decisions; individual act not located),NULL,NULL,NULL,80.59,YES,NO,"Tashkent City Hokimiyat, Dept. of Digital Development, via Open Data Tashkent; republished on Esri CAC GeoPortal",https://hub.arcgis.com/api/v3/datasets/c51c854bad2d48f1beaad40272f8d483_0/downloads/data?format=geojson&spatialRefId=4326,https://services8.arcgis.com/GyR85gR88mMqIY4t/arcgis/rest/services/Tashkent_Mahallas/FeatureServer/0,stored EPSG:102100/3857; served as EPSG:4326 on request,2024-10 (adopted); 2025-07 (republication snapshot),OFFICIAL,Toshkent shahar hokimligi - Raqamli rivojlantirish boshqarmasi,https://services8.arcgis.com/GyR85gR88mMqIY4t/arcgis/rest/services/Tashkent_Mahallas/FeatureServer/0,A,2024-10-23,2026-09-18,NULL
UZ-TAS-MFY-573,NULL,Alpomish mahallasi,Алпомиш маҳалласи,Алпомиш махалля,NULL,Alpomish mahallasi,Alpomish,NULL,NULL,Mahalla fuqarolar yig'ini (MFY),Mirzo Ulug'bek,UZ-TAS-MIRZO-ULUGBEK,1726269,NULL,NULL,NULL,NULL,NULL,NULL,2023-11-24/2024-10-23 (range; exact date per district NOT ESTABLISHED),NOT ESTABLISHED,NULL,https://e-qaror.gov.uz (Tashkent City Kengash decisions; individual act not located),NULL,NULL,NULL,138.52,YES,NO,"Tashkent City Hokimiyat, Dept. of Digital Development, via Open Data Tashkent; republished on Esri CAC GeoPortal",https://hub.arcgis.com/api/v3/datasets/c51c854bad2d48f1beaad40272f8d483_0/downloads/data?format=geojson&spatialRefId=4326,https://services8.arcgis.com/GyR85gR88mMqIY4t/arcgis/rest/services/Tashkent_Mahallas/FeatureServer/0,stored EPSG:102100/3857; served as EPSG:4326 on request,2024-10 (adopted); 2025-07 (republication snapshot),OFFICIAL,Toshkent shahar hokimligi - Raqamli rivojlantirish boshqarmasi,https://services8.arcgis.com/GyR85gR88mMqIY4t/arcgis/rest/services/Tashkent_Mahallas/FeatureServer/0,A,2024-10-23,2026-09-18,NULL
UZ-TAS-MFY-574,NULL,Ko'hna Mevazor mahallasi,Кўҳна Мевазор маҳалласи,Кухна Мевазор махалля,NULL,Ko'hna Mevazor mahallasi,Ko'hna Mevazor,NULL,NULL,Mahalla fuqarolar yig'ini (MFY),Mirzo Ulug'bek,UZ-TAS-MIRZO-ULUGBEK,1726269,NULL,NULL,NULL,NULL,NULL,NULL,2023-11-24/2024-10-23 (range; exact date per district NOT ESTABLISHED),NOT ESTABLISHED,NULL,https://e-qaror.gov.uz (Tashkent City Kengash decisions; individual act not located),NULL,NULL,NULL,104.7,YES,NO,"Tashkent City Hokimiyat, Dept. of Digital Development, via Open Data Tashkent; republished on Esri CAC GeoPortal",https://hub.arcgis.com/api/v3/datasets/c51c854bad2d48f1beaad40272f8d483_0/downloads/data?format=geojson&spatialRefId=4326,https://services8.arcgis.com/GyR85gR88mMqIY4t/arcgis/rest/services/Tashkent_Mahallas/FeatureServer/0,stored EPSG:102100/3857; served as EPSG:4326 on request,2024-10 (adopted); 2025-07 (republication snapshot),OFFICIAL,Toshkent shahar hokimligi - Raqamli rivojlantirish boshqarmasi,https://services8.arcgis.com/GyR85gR88mMqIY4t/arcgis/rest/services/Tashkent_Mahallas/FeatureServer/0,A,2024-10-23,2026-09-18,NULL
UZ-TAS-MFY-575,NULL,Podshobog' mahallasi,Подшобоғ маҳалласи,Подшобог махалля,NULL,Podshobog' mahallasi,Podshobog',NULL,NULL,Mahalla fuqarolar yig'ini (MFY),Mirzo Ulug'bek,UZ-TAS-MIRZO-ULUGBEK,1726269,NULL,NULL,NULL,NULL,NULL,NULL,2023-11-24/2024-10-23 (range; exact date per district NOT ESTABLISHED),NOT ESTABLISHED,NULL,https://e-qaror.gov.uz (Tashkent City Kengash decisions; individual act not located),NULL,NULL,NULL,98.16,YES,NO,"Tashkent City Hokimiyat, Dept. of Digital Development, via Open Data Tashkent; republished on Esri CAC GeoPortal",https://hub.arcgis.com/api/v3/datasets/c51c854bad2d48f1beaad40272f8d483_0/downloads/data?format=geojson&spatialRefId=4326,https://services8.arcgis.com/GyR85gR88mMqIY4t/arcgis/rest/services/Tashkent_Mahallas/FeatureServer/0,stored EPSG:102100/3857; served as EPSG:4326 on request,2024-10 (adopted); 2025-07 (republication snapshot),OFFICIAL,Toshkent shahar hokimligi - Raqamli rivojlantirish boshqarmasi,https://services8.arcgis.com/GyR85gR88mMqIY4t/arcgis/rest/services/Tashkent_Mahallas/FeatureServer/0,A,2024-10-23,2026-09-18,NULL
UZ-TAS-MFY-576,NULL,Humoyun mahallasi,Ҳумоюн маҳалласи,Хумоюн махалля,NULL,Humoyun mahallasi,Humoyun,NULL,NULL,Mahalla fuqarolar yig'ini (MFY),Mirzo Ulug'bek,UZ-TAS-MIRZO-ULUGBEK,1726269,NULL,NULL,NULL,NULL,NULL,NULL,2023-11-24/2024-10-23 (range; exact date per district NOT ESTABLISHED),NOT ESTABLISHED,NULL,https://e-qaror.gov.uz (Tashkent City Kengash decisions; individual act not located),NULL,NULL,NULL,43.57,YES,NO,"Tashkent City Hokimiyat, Dept. of Digital Development, via Open Data Tashkent; republished on Esri CAC GeoPortal",https://hub.arcgis.com/api/v3/datasets/c51c854bad2d48f1beaad40272f8d483_0/downloads/data?format=geojson&spatialRefId=4326,https://services8.arcgis.com/GyR85gR88mMqIY4t/arcgis/rest/services/Tashkent_Mahallas/FeatureServer/0,stored EPSG:102100/3857; served as EPSG:4326 on request,2024-10 (adopted); 2025-07 (republication snapshot),OFFICIAL,Toshkent shahar hokimligi - Raqamli rivojlantirish boshqarmasi,https://services8.arcgis.com/GyR85gR88mMqIY4t/arcgis/rest/services/Tashkent_Mahallas/FeatureServer/0,A,2024-10-23,2026-09-18,NULL
UZ-TAS-MFY-577,NULL,Iqtidor mahallasi,Иқтидор маҳалласи,Иктидор махалля,NULL,Iqtidor mahallasi,Iqtidor,NULL,NULL,Mahalla fuqarolar yig'ini (MFY),Mirzo Ulug'bek,UZ-TAS-MIRZO-ULUGBEK,1726269,NULL,NULL,NULL,NULL,NULL,NULL,2023-11-24/2024-10-23 (range; exact date per district NOT ESTABLISHED),NOT ESTABLISHED,NULL,https://e-qaror.gov.uz (Tashkent City Kengash decisions; individual act not located),NULL,NULL,NULL,336.21,YES,NO,"Tashkent City Hokimiyat, Dept. of Digital Development, via Open Data Tashkent; republished on Esri CAC GeoPortal",https://hub.arcgis.com/api/v3/datasets/c51c854bad2d48f1beaad40272f8d483_0/downloads/data?format=geojson&spatialRefId=4326,https://services8.arcgis.com/GyR85gR88mMqIY4t/arcgis/rest/services/Tashkent_Mahallas/FeatureServer/0,stored EPSG:102100/3857; served as EPSG:4326 on request,2024-10 (adopted); 2025-07 (republication snapshot),OFFICIAL,Toshkent shahar hokimligi - Raqamli rivojlantirish boshqarmasi,https://services8.arcgis.com/GyR85gR88mMqIY4t/arcgis/rest/services/Tashkent_Mahallas/FeatureServer/0,A,2024-10-23,2026-09-18,NULL
UZ-TAS-MFY-578,NULL,Katta Oltintepa mahallasi,Катта Олтинтепа маҳалласи,Катта Олтинтепа махалля,NULL,Katta Oltintepa mahallasi,Katta Oltintepa,NULL,NULL,Mahalla fuqarolar yig'ini (MFY),Mirzo Ulug'bek,UZ-TAS-MIRZO-ULUGBEK,1726269,NULL,NULL,NULL,NULL,NULL,NULL,2023-11-24/2024-10-23 (range; exact date per district NOT ESTABLISHED),NOT ESTABLISHED,NULL,https://e-qaror.gov.uz (Tashkent City Kengash decisions; individual act not located),NULL,NULL,NULL,75.49,YES,NO,"Tashkent City Hokimiyat, Dept. of Digital Development, via Open Data Tashkent; republished on Esri CAC GeoPortal",https://hub.arcgis.com/api/v3/datasets/c51c854bad2d48f1beaad40272f8d483_0/downloads/data?format=geojson&spatialRefId=4326,https://services8.arcgis.com/GyR85gR88mMqIY4t/arcgis/rest/services/Tashkent_Mahallas/FeatureServer/0,stored EPSG:102100/3857; served as EPSG:4326 on request,2024-10 (adopted); 2025-07 (republication snapshot),OFFICIAL,Toshkent shahar hokimligi - Raqamli rivojlantirish boshqarmasi,https://services8.arcgis.com/GyR85gR88mMqIY4t/arcgis/rest/services/Tashkent_Mahallas/FeatureServer/0,A,2024-10-23,2026-09-18,NULL
UZ-TAS-MFY-579,NULL,Kamolot mahallasi,Камолот маҳалласи,Камолот махалля,NULL,Kamolot mahallasi,Kamolot,NULL,NULL,Mahalla fuqarolar yig'ini (MFY),Mirzo Ulug'bek,UZ-TAS-MIRZO-ULUGBEK,1726269,NULL,NULL,NULL,NULL,NULL,NULL,2023-11-24/2024-10-23 (range; exact date per district NOT ESTABLISHED),NOT ESTABLISHED,NULL,https://e-qaror.gov.uz (Tashkent City Kengash decisions; individual act not located),NULL,NULL,NULL,29.48,YES,NO,"Tashkent City Hokimiyat, Dept. of Digital Development, via Open Data Tashkent; republished on Esri CAC GeoPortal",https://hub.arcgis.com/api/v3/datasets/c51c854bad2d48f1beaad40272f8d483_0/downloads/data?format=geojson&spatialRefId=4326,https://services8.arcgis.com/GyR85gR88mMqIY4t/arcgis/rest/services/Tashkent_Mahallas/FeatureServer/0,stored EPSG:102100/3857; served as EPSG:4326 on request,2024-10 (adopted); 2025-07 (republication snapshot),OFFICIAL,Toshkent shahar hokimligi - Raqamli rivojlantirish boshqarmasi,https://services8.arcgis.com/GyR85gR88mMqIY4t/arcgis/rest/services/Tashkent_Mahallas/FeatureServer/0,A,2024-10-23,2026-09-18,NULL
UZ-TAS-MFY-580,NULL,Beshkapa mahallasi,Бешкапа маҳалласи,Бешкапа махалля,NULL,Beshkapa mahallasi,Beshkapa,NULL,NULL,Mahalla fuqarolar yig'ini (MFY),Mirzo Ulug'bek,UZ-TAS-MIRZO-ULUGBEK,1726269,NULL,NULL,NULL,NULL,NULL,NULL,2023-11-24/2024-10-23 (range; exact date per district NOT ESTABLISHED),NOT ESTABLISHED,NULL,https://e-qaror.gov.uz (Tashkent City Kengash decisions; individual act not located),NULL,NULL,NULL,228.79,YES,NO,"Tashkent City Hokimiyat, Dept. of Digital Development, via Open Data Tashkent; republished on Esri CAC GeoPortal",https://hub.arcgis.com/api/v3/datasets/c51c854bad2d48f1beaad40272f8d483_0/downloads/data?format=geojson&spatialRefId=4326,https://services8.arcgis.com/GyR85gR88mMqIY4t/arcgis/rest/services/Tashkent_Mahallas/FeatureServer/0,stored EPSG:102100/3857; served as EPSG:4326 on request,2024-10 (adopted); 2025-07 (republication snapshot),OFFICIAL,Toshkent shahar hokimligi - Raqamli rivojlantirish boshqarmasi,https://services8.arcgis.com/GyR85gR88mMqIY4t/arcgis/rest/services/Tashkent_Mahallas/FeatureServer/0,A,2024-10-23,2026-09-18,NULL
UZ-TAS-MFY-581,NULL,Zakovat mahallasi,Заковат маҳалласи,Заковат махалля,NULL,Zakovat mahallasi,Zakovat,NULL,NULL,Mahalla fuqarolar yig'ini (MFY),Mirzo Ulug'bek,UZ-TAS-MIRZO-ULUGBEK,1726269,NULL,NULL,NULL,NULL,NULL,NULL,2023-11-24/2024-10-23 (range; exact date per district NOT ESTABLISHED),NOT ESTABLISHED,NULL,https://e-qaror.gov.uz (Tashkent City Kengash decisions; individual act not located),NULL,NULL,NULL,249.21,YES,NO,"Tashkent City Hokimiyat, Dept. of Digital Development, via Open Data Tashkent; republished on Esri CAC GeoPortal",https://hub.arcgis.com/api/v3/datasets/c51c854bad2d48f1beaad40272f8d483_0/downloads/data?format=geojson&spatialRefId=4326,https://services8.arcgis.com/GyR85gR88mMqIY4t/arcgis/rest/services/Tashkent_Mahallas/FeatureServer/0,stored EPSG:102100/3857; served as EPSG:4326 on request,2024-10 (adopted); 2025-07 (republication snapshot),OFFICIAL,Toshkent shahar hokimligi - Raqamli rivojlantirish boshqarmasi,https://services8.arcgis.com/GyR85gR88mMqIY4t/arcgis/rest/services/Tashkent_Mahallas/FeatureServer/0,A,2024-10-23,2026-09-18,NULL
UZ-TAS-MFY-582,NULL,Alisher Navoiy mahallasi,Алишер Навоий маҳалласи,Алишер Навоий махалля,NULL,Alisher Navoiy mahallasi,Alisher Navoiy,NULL,NULL,Mahalla fuqarolar yig'ini (MFY),Mirzo Ulug'bek,UZ-TAS-MIRZO-ULUGBEK,1726269,NULL,NULL,NULL,NULL,NULL,NULL,2023-11-24/2024-10-23 (range; exact date per district NOT ESTABLISHED),NOT ESTABLISHED,NULL,https://e-qaror.gov.uz (Tashkent City Kengash decisions; individual act not located),NULL,NULL,NULL,56.89,YES,NO,"Tashkent City Hokimiyat, Dept. of Digital Development, via Open Data Tashkent; republished on Esri CAC GeoPortal",https://hub.arcgis.com/api/v3/datasets/c51c854bad2d48f1beaad40272f8d483_0/downloads/data?format=geojson&spatialRefId=4326,https://services8.arcgis.com/GyR85gR88mMqIY4t/arcgis/rest/services/Tashkent_Mahallas/FeatureServer/0,stored EPSG:102100/3857; served as EPSG:4326 on request,2024-10 (adopted); 2025-07 (republication snapshot),OFFICIAL,Toshkent shahar hokimligi - Raqamli rivojlantirish boshqarmasi,https://services8.arcgis.com/GyR85gR88mMqIY4t/arcgis/rest/services/Tashkent_Mahallas/FeatureServer/0,A,2024-10-23,2026-09-18,NULL
UZ-TAS-MFY-583,NULL,Chingeldi mahallasi,Чингелди маҳалласи,Чингелди махалля,NULL,Chingeldi mahallasi,Chingeldi,NULL,NULL,Mahalla fuqarolar yig'ini (MFY),Mirzo Ulug'bek,UZ-TAS-MIRZO-ULUGBEK,1726269,NULL,NULL,NULL,NULL,NULL,NULL,2023-11-24/2024-10-23 (range; exact date per district NOT ESTABLISHED),NOT ESTABLISHED,NULL,https://e-qaror.gov.uz (Tashkent City Kengash decisions; individual act not located),NULL,NULL,NULL,414.16,YES,NO,"Tashkent City Hokimiyat, Dept. of Digital Development, via Open Data Tashkent; republished on Esri CAC GeoPortal",https://hub.arcgis.com/api/v3/datasets/c51c854bad2d48f1beaad40272f8d483_0/downloads/data?format=geojson&spatialRefId=4326,https://services8.arcgis.com/GyR85gR88mMqIY4t/arcgis/rest/services/Tashkent_Mahallas/FeatureServer/0,stored EPSG:102100/3857; served as EPSG:4326 on request,2024-10 (adopted); 2025-07 (republication snapshot),OFFICIAL,Toshkent shahar hokimligi - Raqamli rivojlantirish boshqarmasi,https://services8.arcgis.com/GyR85gR88mMqIY4t/arcgis/rest/services/Tashkent_Mahallas/FeatureServer/0,A,2024-10-23,2026-09-18,NULL
UZ-TAS-MFY-584,NULL,Pastkiyuz mahallasi,Пасткиюз маҳалласи,Пасткиюз махалля,NULL,Pastkiyuz mahallasi,Pastkiyuz,NULL,NULL,Mahalla fuqarolar yig'ini (MFY),Mirzo Ulug'bek,UZ-TAS-MIRZO-ULUGBEK,1726269,NULL,NULL,NULL,NULL,NULL,NULL,2023-11-24/2024-10-23 (range; exact date per district NOT ESTABLISHED),NOT ESTABLISHED,NULL,https://e-qaror.gov.uz (Tashkent City Kengash decisions; individual act not located),NULL,NULL,NULL,307,YES,NO,"Tashkent City Hokimiyat, Dept. of Digital Development, via Open Data Tashkent; republished on Esri CAC GeoPortal",https://hub.arcgis.com/api/v3/datasets/c51c854bad2d48f1beaad40272f8d483_0/downloads/data?format=geojson&spatialRefId=4326,https://services8.arcgis.com/GyR85gR88mMqIY4t/arcgis/rest/services/Tashkent_Mahallas/FeatureServer/0,stored EPSG:102100/3857; served as EPSG:4326 on request,2024-10 (adopted); 2025-07 (republication snapshot),OFFICIAL,Toshkent shahar hokimligi - Raqamli rivojlantirish boshqarmasi,https://services8.arcgis.com/GyR85gR88mMqIY4t/arcgis/rest/services/Tashkent_Mahallas/FeatureServer/0,A,2024-10-23,2026-09-18,NULL
UZ-TAS-MFY-111,NULL,Jo'rabek mahallasi,Жўрабек маҳалласи,Журабек махалля,NULL,Jo'rabek mahallasi,Jo'rabek,NULL,NULL,Mahalla fuqarolar yig'ini (MFY),Yashnobod,UZ-TAS-YASHNOBOD,1726290,NULL,NULL,NULL,NULL,NULL,NULL,2023-11-24/2024-10-23 (range; exact date per district NOT ESTABLISHED),NOT ESTABLISHED,NULL,https://e-qaror.gov.uz (Tashkent City Kengash decisions; individual act not located),NULL,NULL,NULL,108.29,YES,NO,"Tashkent City Hokimiyat, Dept. of Digital Development, via Open Data Tashkent; republished on Esri CAC GeoPortal",https://hub.arcgis.com/api/v3/datasets/c51c854bad2d48f1beaad40272f8d483_0/downloads/data?format=geojson&spatialRefId=4326,https://services8.arcgis.com/GyR85gR88mMqIY4t/arcgis/rest/services/Tashkent_Mahallas/FeatureServer/0,stored EPSG:102100/3857; served as EPSG:4326 on request,2024-10 (adopted); 2025-07 (republication snapshot),OFFICIAL,Toshkent shahar hokimligi - Raqamli rivojlantirish boshqarmasi,https://services8.arcgis.com/GyR85gR88mMqIY4t/arcgis/rest/services/Tashkent_Mahallas/FeatureServer/0,A,2024-10-23,2026-09-18,NULL
UZ-TAS-MFY-112,NULL,Alimkent mahallasi,Алимкент маҳалласи,Алимкент махалля,NULL,Alimkent mahallasi,Alimkent,NULL,NULL,Mahalla fuqarolar yig'ini (MFY),Yashnobod,UZ-TAS-YASHNOBOD,1726290,NULL,NULL,NULL,NULL,NULL,NULL,2023-11-24/2024-10-23 (range; exact date per district NOT ESTABLISHED),NOT ESTABLISHED,NULL,https://e-qaror.gov.uz (Tashkent City Kengash decisions; individual act not located),NULL,NULL,NULL,31.45,YES,NO,"Tashkent City Hokimiyat, Dept. of Digital Development, via Open Data Tashkent; republished on Esri CAC GeoPortal",https://hub.arcgis.com/api/v3/datasets/c51c854bad2d48f1beaad40272f8d483_0/downloads/data?format=geojson&spatialRefId=4326,https://services8.arcgis.com/GyR85gR88mMqIY4t/arcgis/rest/services/Tashkent_Mahallas/FeatureServer/0,stored EPSG:102100/3857; served as EPSG:4326 on request,2024-10 (adopted); 2025-07 (republication snapshot),OFFICIAL,Toshkent shahar hokimligi - Raqamli rivojlantirish boshqarmasi,https://services8.arcgis.com/GyR85gR88mMqIY4t/arcgis/rest/services/Tashkent_Mahallas/FeatureServer/0,A,2024-10-23,2026-09-18,NULL
UZ-TAS-MFY-113,NULL,Uysozlar mahallasi,Уйсозлар маҳалласи,Уйсозлар махалля,NULL,Uysozlar mahallasi,Uysozlar,NULL,NULL,Mahalla fuqarolar yig'ini (MFY),Yashnobod,UZ-TAS-YASHNOBOD,1726290,NULL,NULL,NULL,NULL,NULL,NULL,2023-11-24/2024-10-23 (range; exact date per district NOT ESTABLISHED),NOT ESTABLISHED,NULL,https://e-qaror.gov.uz (Tashkent City Kengash decisions; individual act not located),NULL,NULL,NULL,48.66,YES,NO,"Tashkent City Hokimiyat, Dept. of Digital Development, via Open Data Tashkent; republished on Esri CAC GeoPortal",https://hub.arcgis.com/api/v3/datasets/c51c854bad2d48f1beaad40272f8d483_0/downloads/data?format=geojson&spatialRefId=4326,https://services8.arcgis.com/GyR85gR88mMqIY4t/arcgis/rest/services/Tashkent_Mahallas/FeatureServer/0,stored EPSG:102100/3857; served as EPSG:4326 on request,2024-10 (adopted); 2025-07 (republication snapshot),OFFICIAL,Toshkent shahar hokimligi - Raqamli rivojlantirish boshqarmasi,https://services8.arcgis.com/GyR85gR88mMqIY4t/arcgis/rest/services/Tashkent_Mahallas/FeatureServer/0,A,2024-10-23,2026-09-18,NULL
UZ-TAS-MFY-114,NULL,Go'zal mahallasi,Гўзал маҳалласи,Гузал махалля,NULL,Go'zal mahallasi,Go'zal,NULL,NULL,Mahalla fuqarolar yig'ini (MFY),Yashnobod,UZ-TAS-YASHNOBOD,1726290,NULL,NULL,NULL,NULL,NULL,NULL,2023-11-24/2024-10-23 (range; exact date per district NOT ESTABLISHED),NOT ESTABLISHED,NULL,https://e-qaror.gov.uz (Tashkent City Kengash decisions; individual act not located),NULL,NULL,NULL,134.18,YES,NO,"Tashkent City Hokimiyat, Dept. of Digital Development, via Open Data Tashkent; republished on Esri CAC GeoPortal",https://hub.arcgis.com/api/v3/datasets/c51c854bad2d48f1beaad40272f8d483_0/downloads/data?format=geojson&spatialRefId=4326,https://services8.arcgis.com/GyR85gR88mMqIY4t/arcgis/rest/services/Tashkent_Mahallas/FeatureServer/0,stored EPSG:102100/3857; served as EPSG:4326 on request,2024-10 (adopted); 2025-07 (republication snapshot),OFFICIAL,Toshkent shahar hokimligi - Raqamli rivojlantirish boshqarmasi,https://services8.arcgis.com/GyR85gR88mMqIY4t/arcgis/rest/services/Tashkent_Mahallas/FeatureServer/0,A,2024-10-23,2026-09-18,NULL
UZ-TAS-MFY-115,NULL,Aviasozlar mahallasi,Авиасозлар маҳалласи,Авиасозлар махалля,NULL,Aviasozlar mahallasi,Aviasozlar,NULL,NULL,Mahalla fuqarolar yig'ini (MFY),Yashnobod,UZ-TAS-YASHNOBOD,1726290,NULL,NULL,NULL,NULL,NULL,NULL,2023-11-24/2024-10-23 (range; exact date per district NOT ESTABLISHED),NOT ESTABLISHED,NULL,https://e-qaror.gov.uz (Tashkent City Kengash decisions; individual act not located),NULL,NULL,NULL,19.47,YES,NO,"Tashkent City Hokimiyat, Dept. of Digital Development, via Open Data Tashkent; republished on Esri CAC GeoPortal",https://hub.arcgis.com/api/v3/datasets/c51c854bad2d48f1beaad40272f8d483_0/downloads/data?format=geojson&spatialRefId=4326,https://services8.arcgis.com/GyR85gR88mMqIY4t/arcgis/rest/services/Tashkent_Mahallas/FeatureServer/0,stored EPSG:102100/3857; served as EPSG:4326 on request,2024-10 (adopted); 2025-07 (republication snapshot),OFFICIAL,Toshkent shahar hokimligi - Raqamli rivojlantirish boshqarmasi,https://services8.arcgis.com/GyR85gR88mMqIY4t/arcgis/rest/services/Tashkent_Mahallas/FeatureServer/0,A,2024-10-23,2026-09-18,NULL
UZ-TAS-MFY-116,NULL,Maxmur mahallasi,Махмур маҳалласи,Махмур махалля,NULL,Maxmur mahallasi,Maxmur,NULL,NULL,Mahalla fuqarolar yig'ini (MFY),Yashnobod,UZ-TAS-YASHNOBOD,1726290,NULL,NULL,NULL,NULL,NULL,NULL,2023-11-24/2024-10-23 (range; exact date per district NOT ESTABLISHED),NOT ESTABLISHED,NULL,https://e-qaror.gov.uz (Tashkent City Kengash decisions; individual act not located),NULL,NULL,NULL,38.49,YES,NO,"Tashkent City Hokimiyat, Dept. of Digital Development, via Open Data Tashkent; republished on Esri CAC GeoPortal",https://hub.arcgis.com/api/v3/datasets/c51c854bad2d48f1beaad40272f8d483_0/downloads/data?format=geojson&spatialRefId=4326,https://services8.arcgis.com/GyR85gR88mMqIY4t/arcgis/rest/services/Tashkent_Mahallas/FeatureServer/0,stored EPSG:102100/3857; served as EPSG:4326 on request,2024-10 (adopted); 2025-07 (republication snapshot),OFFICIAL,Toshkent shahar hokimligi - Raqamli rivojlantirish boshqarmasi,https://services8.arcgis.com/GyR85gR88mMqIY4t/arcgis/rest/services/Tashkent_Mahallas/FeatureServer/0,A,2024-10-23,2026-09-18,NULL
UZ-TAS-MFY-117,NULL,Mohinur mahallasi,Моҳинур маҳалласи,Мохинур махалля,NULL,Mohinur mahallasi,Mohinur,NULL,NULL,Mahalla fuqarolar yig'ini (MFY),Yashnobod,UZ-TAS-YASHNOBOD,1726290,NULL,NULL,NULL,NULL,NULL,NULL,2023-11-24/2024-10-23 (range; exact date per district NOT ESTABLISHED),NOT ESTABLISHED,NULL,https://e-qaror.gov.uz (Tashkent City Kengash decisions; individual act not located),NULL,NULL,NULL,14.12,YES,NO,"Tashkent City Hokimiyat, Dept. of Digital Development, via Open Data Tashkent; republished on Esri CAC GeoPortal",https://hub.arcgis.com/api/v3/datasets/c51c854bad2d48f1beaad40272f8d483_0/downloads/data?format=geojson&spatialRefId=4326,https://services8.arcgis.com/GyR85gR88mMqIY4t/arcgis/rest/services/Tashkent_Mahallas/FeatureServer/0,stored EPSG:102100/3857; served as EPSG:4326 on request,2024-10 (adopted); 2025-07 (republication snapshot),OFFICIAL,Toshkent shahar hokimligi - Raqamli rivojlantirish boshqarmasi,https://services8.arcgis.com/GyR85gR88mMqIY4t/arcgis/rest/services/Tashkent_Mahallas/FeatureServer/0,A,2024-10-23,2026-09-18,NULL
UZ-TAS-MFY-118,NULL,Nodira mahallasi,Нодира маҳалласи,Нодира махалля,NULL,Nodira mahallasi,Nodira,NULL,NULL,Mahalla fuqarolar yig'ini (MFY),Yashnobod,UZ-TAS-YASHNOBOD,1726290,NULL,NULL,NULL,NULL,NULL,NULL,2023-11-24/2024-10-23 (range; exact date per district NOT ESTABLISHED),NOT ESTABLISHED,NULL,https://e-qaror.gov.uz (Tashkent City Kengash decisions; individual act not located),NULL,NULL,NULL,26,YES,NO,"Tashkent City Hokimiyat, Dept. of Digital Development, via Open Data Tashkent; republished on Esri CAC GeoPortal",https://hub.arcgis.com/api/v3/datasets/c51c854bad2d48f1beaad40272f8d483_0/downloads/data?format=geojson&spatialRefId=4326,https://services8.arcgis.com/GyR85gR88mMqIY4t/arcgis/rest/services/Tashkent_Mahallas/FeatureServer/0,stored EPSG:102100/3857; served as EPSG:4326 on request,2024-10 (adopted); 2025-07 (republication snapshot),OFFICIAL,Toshkent shahar hokimligi - Raqamli rivojlantirish boshqarmasi,https://services8.arcgis.com/GyR85gR88mMqIY4t/arcgis/rest/services/Tashkent_Mahallas/FeatureServer/0,A,2024-10-23,2026-09-18,NULL
UZ-TAS-MFY-119,NULL,O'qchi-Olmazor mahallasi,Ўқчи-Олмазор маҳалласи,Укчи-Олмазор махалля,NULL,O'qchi-Olmazor mahallasi,O'qchi-Olmazor,NULL,NULL,Mahalla fuqarolar yig'ini (MFY),Yashnobod,UZ-TAS-YASHNOBOD,1726290,NULL,NULL,NULL,NULL,NULL,NULL,2023-11-24/2024-10-23 (range; exact date per district NOT ESTABLISHED),NOT ESTABLISHED,NULL,https://e-qaror.gov.uz (Tashkent City Kengash decisions; individual act not located),NULL,NULL,NULL,7.81,YES,NO,"Tashkent City Hokimiyat, Dept. of Digital Development, via Open Data Tashkent; republished on Esri CAC GeoPortal",https://hub.arcgis.com/api/v3/datasets/c51c854bad2d48f1beaad40272f8d483_0/downloads/data?format=geojson&spatialRefId=4326,https://services8.arcgis.com/GyR85gR88mMqIY4t/arcgis/rest/services/Tashkent_Mahallas/FeatureServer/0,stored EPSG:102100/3857; served as EPSG:4326 on request,2024-10 (adopted); 2025-07 (republication snapshot),OFFICIAL,Toshkent shahar hokimligi - Raqamli rivojlantirish boshqarmasi,https://services8.arcgis.com/GyR85gR88mMqIY4t/arcgis/rest/services/Tashkent_Mahallas/FeatureServer/0,A,2024-10-23,2026-09-18,NULL
UZ-TAS-MFY-120,NULL,Iltifot mahallasi,Илтифот маҳалласи,Илтифот махалля,NULL,Iltifot mahallasi,Iltifot,NULL,NULL,Mahalla fuqarolar yig'ini (MFY),Yashnobod,UZ-TAS-YASHNOBOD,1726290,NULL,NULL,NULL,NULL,NULL,NULL,2023-11-24/2024-10-23 (range; exact date per district NOT ESTABLISHED),NOT ESTABLISHED,NULL,https://e-qaror.gov.uz (Tashkent City Kengash decisions; individual act not located),NULL,NULL,NULL,31.18,YES,NO,"Tashkent City Hokimiyat, Dept. of Digital Development, via Open Data Tashkent; republished on Esri CAC GeoPortal",https://hub.arcgis.com/api/v3/datasets/c51c854bad2d48f1beaad40272f8d483_0/downloads/data?format=geojson&spatialRefId=4326,https://services8.arcgis.com/GyR85gR88mMqIY4t/arcgis/rest/services/Tashkent_Mahallas/FeatureServer/0,stored EPSG:102100/3857; served as EPSG:4326 on request,2024-10 (adopted); 2025-07 (republication snapshot),OFFICIAL,Toshkent shahar hokimligi - Raqamli rivojlantirish boshqarmasi,https://services8.arcgis.com/GyR85gR88mMqIY4t/arcgis/rest/services/Tashkent_Mahallas/FeatureServer/0,A,2024-10-23,2026-09-18,NULL
UZ-TAS-MFY-121,NULL,Shohimardon mahallasi,Шоҳимардон маҳалласи,Шохимардон махалля,NULL,Shohimardon mahallasi,Shohimardon,NULL,NULL,Mahalla fuqarolar yig'ini (MFY),Yashnobod,UZ-TAS-YASHNOBOD,1726290,NULL,NULL,NULL,NULL,NULL,NULL,2023-11-24/2024-10-23 (range; exact date per district NOT ESTABLISHED),NOT ESTABLISHED,NULL,https://e-qaror.gov.uz (Tashkent City Kengash decisions; individual act not located),NULL,NULL,NULL,28.37,YES,NO,"Tashkent City Hokimiyat, Dept. of Digital Development, via Open Data Tashkent; republished on Esri CAC GeoPortal",https://hub.arcgis.com/api/v3/datasets/c51c854bad2d48f1beaad40272f8d483_0/downloads/data?format=geojson&spatialRefId=4326,https://services8.arcgis.com/GyR85gR88mMqIY4t/arcgis/rest/services/Tashkent_Mahallas/FeatureServer/0,stored EPSG:102100/3857; served as EPSG:4326 on request,2024-10 (adopted); 2025-07 (republication snapshot),OFFICIAL,Toshkent shahar hokimligi - Raqamli rivojlantirish boshqarmasi,https://services8.arcgis.com/GyR85gR88mMqIY4t/arcgis/rest/services/Tashkent_Mahallas/FeatureServer/0,A,2024-10-23,2026-09-18,NULL
UZ-TAS-MFY-122,NULL,Barkamol mahallasi,Баркамол маҳалласи,Баркамол махалля,NULL,Barkamol mahallasi,Barkamol,NULL,NULL,Mahalla fuqarolar yig'ini (MFY),Yashnobod,UZ-TAS-YASHNOBOD,1726290,NULL,NULL,NULL,NULL,NULL,NULL,2023-11-24/2024-10-23 (range; exact date per district NOT ESTABLISHED),NOT ESTABLISHED,NULL,https://e-qaror.gov.uz (Tashkent City Kengash decisions; individual act not located),NULL,NULL,NULL,17.67,YES,NO,"Tashkent City Hokimiyat, Dept. of Digital Development, via Open Data Tashkent; republished on Esri CAC GeoPortal",https://hub.arcgis.com/api/v3/datasets/c51c854bad2d48f1beaad40272f8d483_0/downloads/data?format=geojson&spatialRefId=4326,https://services8.arcgis.com/GyR85gR88mMqIY4t/arcgis/rest/services/Tashkent_Mahallas/FeatureServer/0,stored EPSG:102100/3857; served as EPSG:4326 on request,2024-10 (adopted); 2025-07 (republication snapshot),OFFICIAL,Toshkent shahar hokimligi - Raqamli rivojlantirish boshqarmasi,https://services8.arcgis.com/GyR85gR88mMqIY4t/arcgis/rest/services/Tashkent_Mahallas/FeatureServer/0,A,2024-10-23,2026-09-18,NULL
UZ-TAS-MFY-123,NULL,Donishmand mahallasi,Донишманд маҳалласи,Донишманд махалля,NULL,Donishmand mahallasi,Donishmand,NULL,NULL,Mahalla fuqarolar yig'ini (MFY),Yashnobod,UZ-TAS-YASHNOBOD,1726290,NULL,NULL,NULL,NULL,NULL,NULL,2023-11-24/2024-10-23 (range; exact date per district NOT ESTABLISHED),NOT ESTABLISHED,NULL,https://e-qaror.gov.uz (Tashkent City Kengash decisions; individual act not located),NULL,NULL,NULL,34.96,YES,NO,"Tashkent City Hokimiyat, Dept. of Digital Development, via Open Data Tashkent; republished on Esri CAC GeoPortal",https://hub.arcgis.com/api/v3/datasets/c51c854bad2d48f1beaad40272f8d483_0/downloads/data?format=geojson&spatialRefId=4326,https://services8.arcgis.com/GyR85gR88mMqIY4t/arcgis/rest/services/Tashkent_Mahallas/FeatureServer/0,stored EPSG:102100/3857; served as EPSG:4326 on request,2024-10 (adopted); 2025-07 (republication snapshot),OFFICIAL,Toshkent shahar hokimligi - Raqamli rivojlantirish boshqarmasi,https://services8.arcgis.com/GyR85gR88mMqIY4t/arcgis/rest/services/Tashkent_Mahallas/FeatureServer/0,A,2024-10-23,2026-09-18,NULL
UZ-TAS-MFY-124,NULL,Oydinko'l mahallasi,Ойдинкўл маҳалласи,Ойдинкул махалля,NULL,Oydinko'l mahallasi,Oydinko'l,NULL,NULL,Mahalla fuqarolar yig'ini (MFY),Yashnobod,UZ-TAS-YASHNOBOD,1726290,NULL,NULL,NULL,NULL,NULL,NULL,2023-11-24/2024-10-23 (range; exact date per district NOT ESTABLISHED),NOT ESTABLISHED,NULL,https://e-qaror.gov.uz (Tashkent City Kengash decisions; individual act not located),NULL,NULL,NULL,15.33,YES,NO,"Tashkent City Hokimiyat, Dept. of Digital Development, via Open Data Tashkent; republished on Esri CAC GeoPortal",https://hub.arcgis.com/api/v3/datasets/c51c854bad2d48f1beaad40272f8d483_0/downloads/data?format=geojson&spatialRefId=4326,https://services8.arcgis.com/GyR85gR88mMqIY4t/arcgis/rest/services/Tashkent_Mahallas/FeatureServer/0,stored EPSG:102100/3857; served as EPSG:4326 on request,2024-10 (adopted); 2025-07 (republication snapshot),OFFICIAL,Toshkent shahar hokimligi - Raqamli rivojlantirish boshqarmasi,https://services8.arcgis.com/GyR85gR88mMqIY4t/arcgis/rest/services/Tashkent_Mahallas/FeatureServer/0,A,2024-10-23,2026-09-18,NULL
UZ-TAS-MFY-125,NULL,Uchchinor mahallasi,Уччинор маҳалласи,Уччинор махалля,NULL,Uchchinor mahallasi,Uchchinor,NULL,NULL,Mahalla fuqarolar yig'ini (MFY),Yashnobod,UZ-TAS-YASHNOBOD,1726290,NULL,NULL,NULL,NULL,NULL,NULL,2023-11-24/2024-10-23 (range; exact date per district NOT ESTABLISHED),NOT ESTABLISHED,NULL,https://e-qaror.gov.uz (Tashkent City Kengash decisions; individual act not located),NULL,NULL,NULL,128.51,YES,NO,"Tashkent City Hokimiyat, Dept. of Digital Development, via Open Data Tashkent; republished on Esri CAC GeoPortal",https://hub.arcgis.com/api/v3/datasets/c51c854bad2d48f1beaad40272f8d483_0/downloads/data?format=geojson&spatialRefId=4326,https://services8.arcgis.com/GyR85gR88mMqIY4t/arcgis/rest/services/Tashkent_Mahallas/FeatureServer/0,stored EPSG:102100/3857; served as EPSG:4326 on request,2024-10 (adopted); 2025-07 (republication snapshot),OFFICIAL,Toshkent shahar hokimligi - Raqamli rivojlantirish boshqarmasi,https://services8.arcgis.com/GyR85gR88mMqIY4t/arcgis/rest/services/Tashkent_Mahallas/FeatureServer/0,A,2024-10-23,2026-09-18,NULL
UZ-TAS-MFY-126,NULL,Hilol mahallasi,Ҳилол маҳалласи,Хилол махалля,NULL,Hilol mahallasi,Hilol,NULL,NULL,Mahalla fuqarolar yig'ini (MFY),Yashnobod,UZ-TAS-YASHNOBOD,1726290,NULL,NULL,NULL,NULL,NULL,NULL,2023-11-24/2024-10-23 (range; exact date per district NOT ESTABLISHED),NOT ESTABLISHED,NULL,https://e-qaror.gov.uz (Tashkent City Kengash decisions; individual act not located),NULL,NULL,NULL,80.6,YES,NO,"Tashkent City Hokimiyat, Dept. of Digital Development, via Open Data Tashkent; republished on Esri CAC GeoPortal",https://hub.arcgis.com/api/v3/datasets/c51c854bad2d48f1beaad40272f8d483_0/downloads/data?format=geojson&spatialRefId=4326,https://services8.arcgis.com/GyR85gR88mMqIY4t/arcgis/rest/services/Tashkent_Mahallas/FeatureServer/0,stored EPSG:102100/3857; served as EPSG:4326 on request,2024-10 (adopted); 2025-07 (republication snapshot),OFFICIAL,Toshkent shahar hokimligi - Raqamli rivojlantirish boshqarmasi,https://services8.arcgis.com/GyR85gR88mMqIY4t/arcgis/rest/services/Tashkent_Mahallas/FeatureServer/0,A,2024-10-23,2026-09-18,NULL
UZ-TAS-MFY-127,NULL,Tovkentepa mahallasi,Товкентепа маҳалласи,Товкентепа махалля,NULL,Tovkentepa mahallasi,Tovkentepa,NULL,NULL,Mahalla fuqarolar yig'ini (MFY),Yashnobod,UZ-TAS-YASHNOBOD,1726290,NULL,NULL,NULL,NULL,NULL,NULL,2023-11-24/2024-10-23 (range; exact date per district NOT ESTABLISHED),NOT ESTABLISHED,NULL,https://e-qaror.gov.uz (Tashkent City Kengash decisions; individual act not located),NULL,NULL,NULL,141.88,YES,NO,"Tashkent City Hokimiyat, Dept. of Digital Development, via Open Data Tashkent; republished on Esri CAC GeoPortal",https://hub.arcgis.com/api/v3/datasets/c51c854bad2d48f1beaad40272f8d483_0/downloads/data?format=geojson&spatialRefId=4326,https://services8.arcgis.com/GyR85gR88mMqIY4t/arcgis/rest/services/Tashkent_Mahallas/FeatureServer/0,stored EPSG:102100/3857; served as EPSG:4326 on request,2024-10 (adopted); 2025-07 (republication snapshot),OFFICIAL,Toshkent shahar hokimligi - Raqamli rivojlantirish boshqarmasi,https://services8.arcgis.com/GyR85gR88mMqIY4t/arcgis/rest/services/Tashkent_Mahallas/FeatureServer/0,A,2024-10-23,2026-09-18,NULL
UZ-TAS-MFY-128,NULL,Mumtoz mahallasi,Мумтоз маҳалласи,Мумтоз махалля,NULL,Mumtoz mahallasi,Mumtoz,NULL,NULL,Mahalla fuqarolar yig'ini (MFY),Yashnobod,UZ-TAS-YASHNOBOD,1726290,NULL,NULL,NULL,NULL,NULL,NULL,2023-11-24/2024-10-23 (range; exact date per district NOT ESTABLISHED),NOT ESTABLISHED,NULL,https://e-qaror.gov.uz (Tashkent City Kengash decisions; individual act not located),NULL,NULL,NULL,70.51,YES,NO,"Tashkent City Hokimiyat, Dept. of Digital Development, via Open Data Tashkent; republished on Esri CAC GeoPortal",https://hub.arcgis.com/api/v3/datasets/c51c854bad2d48f1beaad40272f8d483_0/downloads/data?format=geojson&spatialRefId=4326,https://services8.arcgis.com/GyR85gR88mMqIY4t/arcgis/rest/services/Tashkent_Mahallas/FeatureServer/0,stored EPSG:102100/3857; served as EPSG:4326 on request,2024-10 (adopted); 2025-07 (republication snapshot),OFFICIAL,Toshkent shahar hokimligi - Raqamli rivojlantirish boshqarmasi,https://services8.arcgis.com/GyR85gR88mMqIY4t/arcgis/rest/services/Tashkent_Mahallas/FeatureServer/0,A,2024-10-23,2026-09-18,NULL
UZ-TAS-MFY-129,NULL,Muxtor Ashrafiy mahallasi,Мухтор Ашрафий маҳалласи,Мухтор Ашрафий махалля,NULL,Muxtor Ashrafiy mahallasi,Muxtor Ashrafiy,NULL,NULL,Mahalla fuqarolar yig'ini (MFY),Yashnobod,UZ-TAS-YASHNOBOD,1726290,NULL,NULL,NULL,NULL,NULL,NULL,2023-11-24/2024-10-23 (range; exact date per district NOT ESTABLISHED),NOT ESTABLISHED,NULL,https://e-qaror.gov.uz (Tashkent City Kengash decisions; individual act not located),NULL,NULL,NULL,67.94,YES,NO,"Tashkent City Hokimiyat, Dept. of Digital Development, via Open Data Tashkent; republished on Esri CAC GeoPortal",https://hub.arcgis.com/api/v3/datasets/c51c854bad2d48f1beaad40272f8d483_0/downloads/data?format=geojson&spatialRefId=4326,https://services8.arcgis.com/GyR85gR88mMqIY4t/arcgis/rest/services/Tashkent_Mahallas/FeatureServer/0,stored EPSG:102100/3857; served as EPSG:4326 on request,2024-10 (adopted); 2025-07 (republication snapshot),OFFICIAL,Toshkent shahar hokimligi - Raqamli rivojlantirish boshqarmasi,https://services8.arcgis.com/GyR85gR88mMqIY4t/arcgis/rest/services/Tashkent_Mahallas/FeatureServer/0,A,2024-10-23,2026-09-18,NULL
UZ-TAS-MFY-130,NULL,Mohirlar mahallasi,Моҳирлар маҳалласи,Мохирлар махалля,NULL,Mohirlar mahallasi,Mohirlar,NULL,NULL,Mahalla fuqarolar yig'ini (MFY),Yashnobod,UZ-TAS-YASHNOBOD,1726290,NULL,NULL,NULL,NULL,NULL,NULL,2023-11-24/2024-10-23 (range; exact date per district NOT ESTABLISHED),NOT ESTABLISHED,NULL,https://e-qaror.gov.uz (Tashkent City Kengash decisions; individual act not located),NULL,NULL,NULL,122.7,YES,NO,"Tashkent City Hokimiyat, Dept. of Digital Development, via Open Data Tashkent; republished on Esri CAC GeoPortal",https://hub.arcgis.com/api/v3/datasets/c51c854bad2d48f1beaad40272f8d483_0/downloads/data?format=geojson&spatialRefId=4326,https://services8.arcgis.com/GyR85gR88mMqIY4t/arcgis/rest/services/Tashkent_Mahallas/FeatureServer/0,stored EPSG:102100/3857; served as EPSG:4326 on request,2024-10 (adopted); 2025-07 (republication snapshot),OFFICIAL,Toshkent shahar hokimligi - Raqamli rivojlantirish boshqarmasi,https://services8.arcgis.com/GyR85gR88mMqIY4t/arcgis/rest/services/Tashkent_Mahallas/FeatureServer/0,A,2024-10-23,2026-09-18,NULL
UZ-TAS-MFY-131,NULL,Jarboshi mahallasi,Жарбоши маҳалласи,Джарбоши махалля,NULL,Jarboshi mahallasi,Jarboshi,NULL,NULL,Mahalla fuqarolar yig'ini (MFY),Yashnobod,UZ-TAS-YASHNOBOD,1726290,NULL,NULL,NULL,NULL,NULL,NULL,2023-11-24/2024-10-23 (range; exact date per district NOT ESTABLISHED),NOT ESTABLISHED,NULL,https://e-qaror.gov.uz (Tashkent City Kengash decisions; individual act not located),NULL,NULL,NULL,279.16,YES,NO,"Tashkent City Hokimiyat, Dept. of Digital Development, via Open Data Tashkent; republished on Esri CAC GeoPortal",https://hub.arcgis.com/api/v3/datasets/c51c854bad2d48f1beaad40272f8d483_0/downloads/data?format=geojson&spatialRefId=4326,https://services8.arcgis.com/GyR85gR88mMqIY4t/arcgis/rest/services/Tashkent_Mahallas/FeatureServer/0,stored EPSG:102100/3857; served as EPSG:4326 on request,2024-10 (adopted); 2025-07 (republication snapshot),OFFICIAL,Toshkent shahar hokimligi - Raqamli rivojlantirish boshqarmasi,https://services8.arcgis.com/GyR85gR88mMqIY4t/arcgis/rest/services/Tashkent_Mahallas/FeatureServer/0,A,2024-10-23,2026-09-18,NULL
UZ-TAS-MFY-132,NULL,Tashisti mahallasi,Ташисти маҳалласи,Ташисти махалля,NULL,Tashisti mahallasi,Tashisti,NULL,NULL,Mahalla fuqarolar yig'ini (MFY),Yashnobod,UZ-TAS-YASHNOBOD,1726290,NULL,NULL,NULL,NULL,NULL,NULL,2023-11-24/2024-10-23 (range; exact date per district NOT ESTABLISHED),NOT ESTABLISHED,NULL,https://e-qaror.gov.uz (Tashkent City Kengash decisions; individual act not located),NULL,NULL,NULL,135.86,YES,NO,"Tashkent City Hokimiyat, Dept. of Digital Development, via Open Data Tashkent; republished on Esri CAC GeoPortal",https://hub.arcgis.com/api/v3/datasets/c51c854bad2d48f1beaad40272f8d483_0/downloads/data?format=geojson&spatialRefId=4326,https://services8.arcgis.com/GyR85gR88mMqIY4t/arcgis/rest/services/Tashkent_Mahallas/FeatureServer/0,stored EPSG:102100/3857; served as EPSG:4326 on request,2024-10 (adopted); 2025-07 (republication snapshot),OFFICIAL,Toshkent shahar hokimligi - Raqamli rivojlantirish boshqarmasi,https://services8.arcgis.com/GyR85gR88mMqIY4t/arcgis/rest/services/Tashkent_Mahallas/FeatureServer/0,A,2024-10-23,2026-09-18,NULL
UZ-TAS-MFY-133,NULL,Yashnobod mahallasi,Яшнобод маҳалласи,Яшнобод махалля,NULL,Yashnobod mahallasi,Yashnobod,NULL,NULL,Mahalla fuqarolar yig'ini (MFY),Yashnobod,UZ-TAS-YASHNOBOD,1726290,NULL,NULL,NULL,NULL,NULL,NULL,2023-11-24/2024-10-23 (range; exact date per district NOT ESTABLISHED),NOT ESTABLISHED,NULL,https://e-qaror.gov.uz (Tashkent City Kengash decisions; individual act not located),NULL,NULL,NULL,56.85,YES,NO,"Tashkent City Hokimiyat, Dept. of Digital Development, via Open Data Tashkent; republished on Esri CAC GeoPortal",https://hub.arcgis.com/api/v3/datasets/c51c854bad2d48f1beaad40272f8d483_0/downloads/data?format=geojson&spatialRefId=4326,https://services8.arcgis.com/GyR85gR88mMqIY4t/arcgis/rest/services/Tashkent_Mahallas/FeatureServer/0,stored EPSG:102100/3857; served as EPSG:4326 on request,2024-10 (adopted); 2025-07 (republication snapshot),OFFICIAL,Toshkent shahar hokimligi - Raqamli rivojlantirish boshqarmasi,https://services8.arcgis.com/GyR85gR88mMqIY4t/arcgis/rest/services/Tashkent_Mahallas/FeatureServer/0,A,2024-10-23,2026-09-18,NULL
UZ-TAS-MFY-134,NULL,Navro'zobod mahallasi,Наврўзобод маҳалласи,Наврузобод махалля,NULL,Navro'zobod mahallasi,Navro'zobod,NULL,NULL,Mahalla fuqarolar yig'ini (MFY),Yashnobod,UZ-TAS-YASHNOBOD,1726290,NULL,NULL,NULL,NULL,NULL,NULL,2023-11-24/2024-10-23 (range; exact date per district NOT ESTABLISHED),NOT ESTABLISHED,NULL,https://e-qaror.gov.uz (Tashkent City Kengash decisions; individual act not located),NULL,NULL,NULL,30.83,YES,NO,"Tashkent City Hokimiyat, Dept. of Digital Development, via Open Data Tashkent; republished on Esri CAC GeoPortal",https://hub.arcgis.com/api/v3/datasets/c51c854bad2d48f1beaad40272f8d483_0/downloads/data?format=geojson&spatialRefId=4326,https://services8.arcgis.com/GyR85gR88mMqIY4t/arcgis/rest/services/Tashkent_Mahallas/FeatureServer/0,stored EPSG:102100/3857; served as EPSG:4326 on request,2024-10 (adopted); 2025-07 (republication snapshot),OFFICIAL,Toshkent shahar hokimligi - Raqamli rivojlantirish boshqarmasi,https://services8.arcgis.com/GyR85gR88mMqIY4t/arcgis/rest/services/Tashkent_Mahallas/FeatureServer/0,A,2024-10-23,2026-09-18,NULL
UZ-TAS-MFY-135,NULL,Fazogir mahallasi,Фазогир маҳалласи,Фазогир махалля,NULL,Fazogir mahallasi,Fazogir,NULL,NULL,Mahalla fuqarolar yig'ini (MFY),Yashnobod,UZ-TAS-YASHNOBOD,1726290,NULL,NULL,NULL,NULL,NULL,NULL,2023-11-24/2024-10-23 (range; exact date per district NOT ESTABLISHED),NOT ESTABLISHED,NULL,https://e-qaror.gov.uz (Tashkent City Kengash decisions; individual act not located),NULL,NULL,NULL,28,YES,NO,"Tashkent City Hokimiyat, Dept. of Digital Development, via Open Data Tashkent; republished on Esri CAC GeoPortal",https://hub.arcgis.com/api/v3/datasets/c51c854bad2d48f1beaad40272f8d483_0/downloads/data?format=geojson&spatialRefId=4326,https://services8.arcgis.com/GyR85gR88mMqIY4t/arcgis/rest/services/Tashkent_Mahallas/FeatureServer/0,stored EPSG:102100/3857; served as EPSG:4326 on request,2024-10 (adopted); 2025-07 (republication snapshot),OFFICIAL,Toshkent shahar hokimligi - Raqamli rivojlantirish boshqarmasi,https://services8.arcgis.com/GyR85gR88mMqIY4t/arcgis/rest/services/Tashkent_Mahallas/FeatureServer/0,A,2024-10-23,2026-09-18,NULL
UZ-TAS-MFY-136,NULL,Beshariq mahallasi,Бешариқ маҳалласи,Бешарик махалля,NULL,Beshariq mahallasi,Beshariq,NULL,NULL,Mahalla fuqarolar yig'ini (MFY),Yashnobod,UZ-TAS-YASHNOBOD,1726290,NULL,NULL,NULL,NULL,NULL,NULL,2023-11-24/2024-10-23 (range; exact date per district NOT ESTABLISHED),NOT ESTABLISHED,NULL,https://e-qaror.gov.uz (Tashkent City Kengash decisions; individual act not located),NULL,NULL,NULL,19.07,YES,NO,"Tashkent City Hokimiyat, Dept. of Digital Development, via Open Data Tashkent; republished on Esri CAC GeoPortal",https://hub.arcgis.com/api/v3/datasets/c51c854bad2d48f1beaad40272f8d483_0/downloads/data?format=geojson&spatialRefId=4326,https://services8.arcgis.com/GyR85gR88mMqIY4t/arcgis/rest/services/Tashkent_Mahallas/FeatureServer/0,stored EPSG:102100/3857; served as EPSG:4326 on request,2024-10 (adopted); 2025-07 (republication snapshot),OFFICIAL,Toshkent shahar hokimligi - Raqamli rivojlantirish boshqarmasi,https://services8.arcgis.com/GyR85gR88mMqIY4t/arcgis/rest/services/Tashkent_Mahallas/FeatureServer/0,A,2024-10-23,2026-09-18,NULL
UZ-TAS-MFY-137,NULL,Shirinobod mahallasi,Ширинобод маҳалласи,Ширинобод махалля,NULL,Shirinobod mahallasi,Shirinobod,NULL,NULL,Mahalla fuqarolar yig'ini (MFY),Yashnobod,UZ-TAS-YASHNOBOD,1726290,NULL,NULL,NULL,NULL,NULL,NULL,2023-11-24/2024-10-23 (range; exact date per district NOT ESTABLISHED),NOT ESTABLISHED,NULL,https://e-qaror.gov.uz (Tashkent City Kengash decisions; individual act not located),NULL,NULL,NULL,72.41,YES,NO,"Tashkent City Hokimiyat, Dept. of Digital Development, via Open Data Tashkent; republished on Esri CAC GeoPortal",https://hub.arcgis.com/api/v3/datasets/c51c854bad2d48f1beaad40272f8d483_0/downloads/data?format=geojson&spatialRefId=4326,https://services8.arcgis.com/GyR85gR88mMqIY4t/arcgis/rest/services/Tashkent_Mahallas/FeatureServer/0,stored EPSG:102100/3857; served as EPSG:4326 on request,2024-10 (adopted); 2025-07 (republication snapshot),OFFICIAL,Toshkent shahar hokimligi - Raqamli rivojlantirish boshqarmasi,https://services8.arcgis.com/GyR85gR88mMqIY4t/arcgis/rest/services/Tashkent_Mahallas/FeatureServer/0,A,2024-10-23,2026-09-18,NULL
UZ-TAS-MFY-138,NULL,Qalqon mahallasi,Қалқон маҳалласи,Калкон махалля,NULL,Qalqon mahallasi,Qalqon,NULL,NULL,Mahalla fuqarolar yig'ini (MFY),Yashnobod,UZ-TAS-YASHNOBOD,1726290,NULL,NULL,NULL,NULL,NULL,NULL,2023-11-24/2024-10-23 (range; exact date per district NOT ESTABLISHED),NOT ESTABLISHED,NULL,https://e-qaror.gov.uz (Tashkent City Kengash decisions; individual act not located),NULL,NULL,NULL,32.02,YES,NO,"Tashkent City Hokimiyat, Dept. of Digital Development, via Open Data Tashkent; republished on Esri CAC GeoPortal",https://hub.arcgis.com/api/v3/datasets/c51c854bad2d48f1beaad40272f8d483_0/downloads/data?format=geojson&spatialRefId=4326,https://services8.arcgis.com/GyR85gR88mMqIY4t/arcgis/rest/services/Tashkent_Mahallas/FeatureServer/0,stored EPSG:102100/3857; served as EPSG:4326 on request,2024-10 (adopted); 2025-07 (republication snapshot),OFFICIAL,Toshkent shahar hokimligi - Raqamli rivojlantirish boshqarmasi,https://services8.arcgis.com/GyR85gR88mMqIY4t/arcgis/rest/services/Tashkent_Mahallas/FeatureServer/0,A,2024-10-23,2026-09-18,NULL
UZ-TAS-MFY-139,NULL,Vatandosh mahallasi,Ватандош маҳалласи,Ватандош махалля,NULL,Vatandosh mahallasi,Vatandosh,NULL,NULL,Mahalla fuqarolar yig'ini (MFY),Yashnobod,UZ-TAS-YASHNOBOD,1726290,NULL,NULL,NULL,NULL,NULL,NULL,2023-11-24/2024-10-23 (range; exact date per district NOT ESTABLISHED),NOT ESTABLISHED,NULL,https://e-qaror.gov.uz (Tashkent City Kengash decisions; individual act not located),NULL,NULL,NULL,16.38,YES,NO,"Tashkent City Hokimiyat, Dept. of Digital Development, via Open Data Tashkent; republished on Esri CAC GeoPortal",https://hub.arcgis.com/api/v3/datasets/c51c854bad2d48f1beaad40272f8d483_0/downloads/data?format=geojson&spatialRefId=4326,https://services8.arcgis.com/GyR85gR88mMqIY4t/arcgis/rest/services/Tashkent_Mahallas/FeatureServer/0,stored EPSG:102100/3857; served as EPSG:4326 on request,2024-10 (adopted); 2025-07 (republication snapshot),OFFICIAL,Toshkent shahar hokimligi - Raqamli rivojlantirish boshqarmasi,https://services8.arcgis.com/GyR85gR88mMqIY4t/arcgis/rest/services/Tashkent_Mahallas/FeatureServer/0,A,2024-10-23,2026-09-18,NULL
UZ-TAS-MFY-140,NULL,Bog'bon mahallasi,Боғбон маҳалласи,Богбон махалля,NULL,Bog'bon mahallasi,Bog'bon,NULL,NULL,Mahalla fuqarolar yig'ini (MFY),Yashnobod,UZ-TAS-YASHNOBOD,1726290,NULL,NULL,NULL,NULL,NULL,NULL,2023-11-24/2024-10-23 (range; exact date per district NOT ESTABLISHED),NOT ESTABLISHED,NULL,https://e-qaror.gov.uz (Tashkent City Kengash decisions; individual act not located),NULL,NULL,NULL,268.61,YES,NO,"Tashkent City Hokimiyat, Dept. of Digital Development, via Open Data Tashkent; republished on Esri CAC GeoPortal",https://hub.arcgis.com/api/v3/datasets/c51c854bad2d48f1beaad40272f8d483_0/downloads/data?format=geojson&spatialRefId=4326,https://services8.arcgis.com/GyR85gR88mMqIY4t/arcgis/rest/services/Tashkent_Mahallas/FeatureServer/0,stored EPSG:102100/3857; served as EPSG:4326 on request,2024-10 (adopted); 2025-07 (republication snapshot),OFFICIAL,Toshkent shahar hokimligi - Raqamli rivojlantirish boshqarmasi,https://services8.arcgis.com/GyR85gR88mMqIY4t/arcgis/rest/services/Tashkent_Mahallas/FeatureServer/0,A,2024-10-23,2026-09-18,NULL
UZ-TAS-MFY-141,NULL,Katta Qo'yliq mahallasi,Катта Қўйлиқ маҳалласи,Катта Куйлик махалля,NULL,Katta Qo'yliq mahallasi,Katta Qo'yliq,NULL,NULL,Mahalla fuqarolar yig'ini (MFY),Yashnobod,UZ-TAS-YASHNOBOD,1726290,NULL,NULL,NULL,NULL,NULL,NULL,2023-11-24/2024-10-23 (range; exact date per district NOT ESTABLISHED),NOT ESTABLISHED,NULL,https://e-qaror.gov.uz (Tashkent City Kengash decisions; individual act not located),NULL,NULL,NULL,48.33,YES,NO,"Tashkent City Hokimiyat, Dept. of Digital Development, via Open Data Tashkent; republished on Esri CAC GeoPortal",https://hub.arcgis.com/api/v3/datasets/c51c854bad2d48f1beaad40272f8d483_0/downloads/data?format=geojson&spatialRefId=4326,https://services8.arcgis.com/GyR85gR88mMqIY4t/arcgis/rest/services/Tashkent_Mahallas/FeatureServer/0,stored EPSG:102100/3857; served as EPSG:4326 on request,2024-10 (adopted); 2025-07 (republication snapshot),OFFICIAL,Toshkent shahar hokimligi - Raqamli rivojlantirish boshqarmasi,https://services8.arcgis.com/GyR85gR88mMqIY4t/arcgis/rest/services/Tashkent_Mahallas/FeatureServer/0,A,2024-10-23,2026-09-18,NULL
UZ-TAS-MFY-142,NULL,Yosh avlod mahallasi,Ёш авлод маҳалласи,Ёш авлод махалля,NULL,Yosh avlod mahallasi,Yosh avlod,NULL,NULL,Mahalla fuqarolar yig'ini (MFY),Yashnobod,UZ-TAS-YASHNOBOD,1726290,NULL,NULL,NULL,NULL,NULL,NULL,2023-11-24/2024-10-23 (range; exact date per district NOT ESTABLISHED),NOT ESTABLISHED,NULL,https://e-qaror.gov.uz (Tashkent City Kengash decisions; individual act not located),NULL,NULL,NULL,137.33,YES,NO,"Tashkent City Hokimiyat, Dept. of Digital Development, via Open Data Tashkent; republished on Esri CAC GeoPortal",https://hub.arcgis.com/api/v3/datasets/c51c854bad2d48f1beaad40272f8d483_0/downloads/data?format=geojson&spatialRefId=4326,https://services8.arcgis.com/GyR85gR88mMqIY4t/arcgis/rest/services/Tashkent_Mahallas/FeatureServer/0,stored EPSG:102100/3857; served as EPSG:4326 on request,2024-10 (adopted); 2025-07 (republication snapshot),OFFICIAL,Toshkent shahar hokimligi - Raqamli rivojlantirish boshqarmasi,https://services8.arcgis.com/GyR85gR88mMqIY4t/arcgis/rest/services/Tashkent_Mahallas/FeatureServer/0,A,2024-10-23,2026-09-18,NULL
UZ-TAS-MFY-143,NULL,Yangiqo'rg'on mahallasi,Янгиқўрғон маҳалласи,Янгикургон махалля,NULL,Yangiqo'rg'on mahallasi,Yangiqo'rg'on,NULL,NULL,Mahalla fuqarolar yig'ini (MFY),Yashnobod,UZ-TAS-YASHNOBOD,1726290,NULL,NULL,NULL,NULL,NULL,NULL,2023-11-24/2024-10-23 (range; exact date per district NOT ESTABLISHED),NOT ESTABLISHED,NULL,https://e-qaror.gov.uz (Tashkent City Kengash decisions; individual act not located),NULL,NULL,NULL,117.86,YES,NO,"Tashkent City Hokimiyat, Dept. of Digital Development, via Open Data Tashkent; republished on Esri CAC GeoPortal",https://hub.arcgis.com/api/v3/datasets/c51c854bad2d48f1beaad40272f8d483_0/downloads/data?format=geojson&spatialRefId=4326,https://services8.arcgis.com/GyR85gR88mMqIY4t/arcgis/rest/services/Tashkent_Mahallas/FeatureServer/0,stored EPSG:102100/3857; served as EPSG:4326 on request,2024-10 (adopted); 2025-07 (republication snapshot),OFFICIAL,Toshkent shahar hokimligi - Raqamli rivojlantirish boshqarmasi,https://services8.arcgis.com/GyR85gR88mMqIY4t/arcgis/rest/services/Tashkent_Mahallas/FeatureServer/0,A,2024-10-23,2026-09-18,NULL
UZ-TAS-MFY-144,NULL,Amir Temur mahallasi,Амир Темур маҳалласи,Амир Темур махалля,NULL,Amir Temur mahallasi,Amir Temur,NULL,NULL,Mahalla fuqarolar yig'ini (MFY),Yashnobod,UZ-TAS-YASHNOBOD,1726290,NULL,NULL,NULL,NULL,NULL,NULL,2023-11-24/2024-10-23 (range; exact date per district NOT ESTABLISHED),NOT ESTABLISHED,NULL,https://e-qaror.gov.uz (Tashkent City Kengash decisions; individual act not located),NULL,NULL,NULL,151.33,YES,NO,"Tashkent City Hokimiyat, Dept. of Digital Development, via Open Data Tashkent; republished on Esri CAC GeoPortal",https://hub.arcgis.com/api/v3/datasets/c51c854bad2d48f1beaad40272f8d483_0/downloads/data?format=geojson&spatialRefId=4326,https://services8.arcgis.com/GyR85gR88mMqIY4t/arcgis/rest/services/Tashkent_Mahallas/FeatureServer/0,stored EPSG:102100/3857; served as EPSG:4326 on request,2024-10 (adopted); 2025-07 (republication snapshot),OFFICIAL,Toshkent shahar hokimligi - Raqamli rivojlantirish boshqarmasi,https://services8.arcgis.com/GyR85gR88mMqIY4t/arcgis/rest/services/Tashkent_Mahallas/FeatureServer/0,A,2024-10-23,2026-09-18,NULL
UZ-TAS-MFY-145,NULL,Qo'yliqobod mahallasi,Қўйлиқобод маҳалласи,Куйликобод махалля,NULL,Qo'yliqobod mahallasi,Qo'yliqobod,NULL,NULL,Mahalla fuqarolar yig'ini (MFY),Yashnobod,UZ-TAS-YASHNOBOD,1726290,NULL,NULL,NULL,NULL,NULL,NULL,2023-11-24/2024-10-23 (range; exact date per district NOT ESTABLISHED),NOT ESTABLISHED,NULL,https://e-qaror.gov.uz (Tashkent City Kengash decisions; individual act not located),NULL,NULL,NULL,59.03,YES,NO,"Tashkent City Hokimiyat, Dept. of Digital Development, via Open Data Tashkent; republished on Esri CAC GeoPortal",https://hub.arcgis.com/api/v3/datasets/c51c854bad2d48f1beaad40272f8d483_0/downloads/data?format=geojson&spatialRefId=4326,https://services8.arcgis.com/GyR85gR88mMqIY4t/arcgis/rest/services/Tashkent_Mahallas/FeatureServer/0,stored EPSG:102100/3857; served as EPSG:4326 on request,2024-10 (adopted); 2025-07 (republication snapshot),OFFICIAL,Toshkent shahar hokimligi - Raqamli rivojlantirish boshqarmasi,https://services8.arcgis.com/GyR85gR88mMqIY4t/arcgis/rest/services/Tashkent_Mahallas/FeatureServer/0,A,2024-10-23,2026-09-18,NULL
UZ-TAS-MFY-146,NULL,To'ytepa mahallasi,Тўйтепа маҳалласи,Туйтепа махалля,NULL,To'ytepa mahallasi,To'ytepa,NULL,NULL,Mahalla fuqarolar yig'ini (MFY),Yashnobod,UZ-TAS-YASHNOBOD,1726290,NULL,NULL,NULL,NULL,NULL,NULL,2023-11-24/2024-10-23 (range; exact date per district NOT ESTABLISHED),NOT ESTABLISHED,NULL,https://e-qaror.gov.uz (Tashkent City Kengash decisions; individual act not located),NULL,NULL,NULL,73.87,YES,NO,"Tashkent City Hokimiyat, Dept. of Digital Development, via Open Data Tashkent; republished on Esri CAC GeoPortal",https://hub.arcgis.com/api/v3/datasets/c51c854bad2d48f1beaad40272f8d483_0/downloads/data?format=geojson&spatialRefId=4326,https://services8.arcgis.com/GyR85gR88mMqIY4t/arcgis/rest/services/Tashkent_Mahallas/FeatureServer/0,stored EPSG:102100/3857; served as EPSG:4326 on request,2024-10 (adopted); 2025-07 (republication snapshot),OFFICIAL,Toshkent shahar hokimligi - Raqamli rivojlantirish boshqarmasi,https://services8.arcgis.com/GyR85gR88mMqIY4t/arcgis/rest/services/Tashkent_Mahallas/FeatureServer/0,A,2024-10-23,2026-09-18,NULL
UZ-TAS-MFY-147,NULL,Yangi davr mahallasi,Янги давр маҳалласи,Янги давр махалля,NULL,Yangi davr mahallasi,Yangi davr,NULL,NULL,Mahalla fuqarolar yig'ini (MFY),Yashnobod,UZ-TAS-YASHNOBOD,1726290,NULL,NULL,NULL,NULL,NULL,NULL,2023-11-24/2024-10-23 (range; exact date per district NOT ESTABLISHED),NOT ESTABLISHED,NULL,https://e-qaror.gov.uz (Tashkent City Kengash decisions; individual act not located),NULL,NULL,NULL,179.33,YES,NO,"Tashkent City Hokimiyat, Dept. of Digital Development, via Open Data Tashkent; republished on Esri CAC GeoPortal",https://hub.arcgis.com/api/v3/datasets/c51c854bad2d48f1beaad40272f8d483_0/downloads/data?format=geojson&spatialRefId=4326,https://services8.arcgis.com/GyR85gR88mMqIY4t/arcgis/rest/services/Tashkent_Mahallas/FeatureServer/0,stored EPSG:102100/3857; served as EPSG:4326 on request,2024-10 (adopted); 2025-07 (republication snapshot),OFFICIAL,Toshkent shahar hokimligi - Raqamli rivojlantirish boshqarmasi,https://services8.arcgis.com/GyR85gR88mMqIY4t/arcgis/rest/services/Tashkent_Mahallas/FeatureServer/0,A,2024-10-23,2026-09-18,NULL
UZ-TAS-MFY-148,NULL,Bunyodkor mahallasi,Бунёдкор маҳалласи,Бунёдкор махалля,NULL,Bunyodkor mahallasi,Bunyodkor,NULL,NULL,Mahalla fuqarolar yig'ini (MFY),Yashnobod,UZ-TAS-YASHNOBOD,1726290,NULL,NULL,NULL,NULL,NULL,NULL,2023-11-24/2024-10-23 (range; exact date per district NOT ESTABLISHED),NOT ESTABLISHED,NULL,https://e-qaror.gov.uz (Tashkent City Kengash decisions; individual act not located),NULL,NULL,NULL,76.58,YES,NO,"Tashkent City Hokimiyat, Dept. of Digital Development, via Open Data Tashkent; republished on Esri CAC GeoPortal",https://hub.arcgis.com/api/v3/datasets/c51c854bad2d48f1beaad40272f8d483_0/downloads/data?format=geojson&spatialRefId=4326,https://services8.arcgis.com/GyR85gR88mMqIY4t/arcgis/rest/services/Tashkent_Mahallas/FeatureServer/0,stored EPSG:102100/3857; served as EPSG:4326 on request,2024-10 (adopted); 2025-07 (republication snapshot),OFFICIAL,Toshkent shahar hokimligi - Raqamli rivojlantirish boshqarmasi,https://services8.arcgis.com/GyR85gR88mMqIY4t/arcgis/rest/services/Tashkent_Mahallas/FeatureServer/0,A,2024-10-23,2026-09-18,NULL
UZ-TAS-MFY-149,NULL,Fidoyilar mahallasi,Фидойилар маҳалласи,Фидойилар махалля,NULL,Fidoyilar mahallasi,Fidoyilar,NULL,NULL,Mahalla fuqarolar yig'ini (MFY),Yashnobod,UZ-TAS-YASHNOBOD,1726290,NULL,NULL,NULL,NULL,NULL,NULL,2023-11-24/2024-10-23 (range; exact date per district NOT ESTABLISHED),NOT ESTABLISHED,NULL,https://e-qaror.gov.uz (Tashkent City Kengash decisions; individual act not located),NULL,NULL,NULL,243.77,YES,NO,"Tashkent City Hokimiyat, Dept. of Digital Development, via Open Data Tashkent; republished on Esri CAC GeoPortal",https://hub.arcgis.com/api/v3/datasets/c51c854bad2d48f1beaad40272f8d483_0/downloads/data?format=geojson&spatialRefId=4326,https://services8.arcgis.com/GyR85gR88mMqIY4t/arcgis/rest/services/Tashkent_Mahallas/FeatureServer/0,stored EPSG:102100/3857; served as EPSG:4326 on request,2024-10 (adopted); 2025-07 (republication snapshot),OFFICIAL,Toshkent shahar hokimligi - Raqamli rivojlantirish boshqarmasi,https://services8.arcgis.com/GyR85gR88mMqIY4t/arcgis/rest/services/Tashkent_Mahallas/FeatureServer/0,A,2024-10-23,2026-09-18,NULL
UZ-TAS-MFY-150,NULL,Cho'lpon mahallasi,Чўлпон маҳалласи,Чулпон махалля,NULL,Cho'lpon mahallasi,Cho'lpon,NULL,NULL,Mahalla fuqarolar yig'ini (MFY),Yashnobod,UZ-TAS-YASHNOBOD,1726290,NULL,NULL,NULL,NULL,NULL,NULL,2023-11-24/2024-10-23 (range; exact date per district NOT ESTABLISHED),NOT ESTABLISHED,NULL,https://e-qaror.gov.uz (Tashkent City Kengash decisions; individual act not located),NULL,NULL,NULL,155.92,YES,NO,"Tashkent City Hokimiyat, Dept. of Digital Development, via Open Data Tashkent; republished on Esri CAC GeoPortal",https://hub.arcgis.com/api/v3/datasets/c51c854bad2d48f1beaad40272f8d483_0/downloads/data?format=geojson&spatialRefId=4326,https://services8.arcgis.com/GyR85gR88mMqIY4t/arcgis/rest/services/Tashkent_Mahallas/FeatureServer/0,stored EPSG:102100/3857; served as EPSG:4326 on request,2024-10 (adopted); 2025-07 (republication snapshot),OFFICIAL,Toshkent shahar hokimligi - Raqamli rivojlantirish boshqarmasi,https://services8.arcgis.com/GyR85gR88mMqIY4t/arcgis/rest/services/Tashkent_Mahallas/FeatureServer/0,A,2024-10-23,2026-09-18,NULL
UZ-TAS-MFY-151,NULL,Olmos mahallasi,Олмос маҳалласи,Олмос махалля,NULL,Olmos mahallasi,Olmos,NULL,NULL,Mahalla fuqarolar yig'ini (MFY),Yashnobod,UZ-TAS-YASHNOBOD,1726290,NULL,NULL,NULL,NULL,NULL,NULL,2023-11-24/2024-10-23 (range; exact date per district NOT ESTABLISHED),NOT ESTABLISHED,NULL,https://e-qaror.gov.uz (Tashkent City Kengash decisions; individual act not located),NULL,NULL,NULL,188.25,YES,NO,"Tashkent City Hokimiyat, Dept. of Digital Development, via Open Data Tashkent; republished on Esri CAC GeoPortal",https://hub.arcgis.com/api/v3/datasets/c51c854bad2d48f1beaad40272f8d483_0/downloads/data?format=geojson&spatialRefId=4326,https://services8.arcgis.com/GyR85gR88mMqIY4t/arcgis/rest/services/Tashkent_Mahallas/FeatureServer/0,stored EPSG:102100/3857; served as EPSG:4326 on request,2024-10 (adopted); 2025-07 (republication snapshot),OFFICIAL,Toshkent shahar hokimligi - Raqamli rivojlantirish boshqarmasi,https://services8.arcgis.com/GyR85gR88mMqIY4t/arcgis/rest/services/Tashkent_Mahallas/FeatureServer/0,A,2024-10-23,2026-09-18,NULL
UZ-TAS-MFY-152,NULL,Birlashgan mahallasi,Бирлашган маҳалласи,Бирлашган махалля,NULL,Birlashgan mahallasi,Birlashgan,NULL,NULL,Mahalla fuqarolar yig'ini (MFY),Yashnobod,UZ-TAS-YASHNOBOD,1726290,NULL,NULL,NULL,NULL,NULL,NULL,2023-11-24/2024-10-23 (range; exact date per district NOT ESTABLISHED),NOT ESTABLISHED,NULL,https://e-qaror.gov.uz (Tashkent City Kengash decisions; individual act not located),NULL,NULL,NULL,54.48,YES,NO,"Tashkent City Hokimiyat, Dept. of Digital Development, via Open Data Tashkent; republished on Esri CAC GeoPortal",https://hub.arcgis.com/api/v3/datasets/c51c854bad2d48f1beaad40272f8d483_0/downloads/data?format=geojson&spatialRefId=4326,https://services8.arcgis.com/GyR85gR88mMqIY4t/arcgis/rest/services/Tashkent_Mahallas/FeatureServer/0,stored EPSG:102100/3857; served as EPSG:4326 on request,2024-10 (adopted); 2025-07 (republication snapshot),OFFICIAL,Toshkent shahar hokimligi - Raqamli rivojlantirish boshqarmasi,https://services8.arcgis.com/GyR85gR88mMqIY4t/arcgis/rest/services/Tashkent_Mahallas/FeatureServer/0,A,2024-10-23,2026-09-18,NULL
UZ-TAS-MFY-153,NULL,Ma'rifat mahallasi,Маърифат маҳалласи,Маърифат махалля,NULL,Ma'rifat mahallasi,Ma'rifat,NULL,NULL,Mahalla fuqarolar yig'ini (MFY),Yashnobod,UZ-TAS-YASHNOBOD,1726290,NULL,NULL,NULL,NULL,NULL,NULL,2023-11-24/2024-10-23 (range; exact date per district NOT ESTABLISHED),NOT ESTABLISHED,NULL,https://e-qaror.gov.uz (Tashkent City Kengash decisions; individual act not located),NULL,NULL,NULL,168.4,YES,NO,"Tashkent City Hokimiyat, Dept. of Digital Development, via Open Data Tashkent; republished on Esri CAC GeoPortal",https://hub.arcgis.com/api/v3/datasets/c51c854bad2d48f1beaad40272f8d483_0/downloads/data?format=geojson&spatialRefId=4326,https://services8.arcgis.com/GyR85gR88mMqIY4t/arcgis/rest/services/Tashkent_Mahallas/FeatureServer/0,stored EPSG:102100/3857; served as EPSG:4326 on request,2024-10 (adopted); 2025-07 (republication snapshot),OFFICIAL,Toshkent shahar hokimligi - Raqamli rivojlantirish boshqarmasi,https://services8.arcgis.com/GyR85gR88mMqIY4t/arcgis/rest/services/Tashkent_Mahallas/FeatureServer/0,A,2024-10-23,2026-09-18,NULL
UZ-TAS-MFY-154,NULL,Qadriyat mahallasi,Қадрият маҳалласи,Кадрият махалля,NULL,Qadriyat mahallasi,Qadriyat,NULL,NULL,Mahalla fuqarolar yig'ini (MFY),Yashnobod,UZ-TAS-YASHNOBOD,1726290,NULL,NULL,NULL,NULL,NULL,NULL,2023-11-24/2024-10-23 (range; exact date per district NOT ESTABLISHED),NOT ESTABLISHED,NULL,https://e-qaror.gov.uz (Tashkent City Kengash decisions; individual act not located),NULL,NULL,NULL,62.18,YES,NO,"Tashkent City Hokimiyat, Dept. of Digital Development, via Open Data Tashkent; republished on Esri CAC GeoPortal",https://hub.arcgis.com/api/v3/datasets/c51c854bad2d48f1beaad40272f8d483_0/downloads/data?format=geojson&spatialRefId=4326,https://services8.arcgis.com/GyR85gR88mMqIY4t/arcgis/rest/services/Tashkent_Mahallas/FeatureServer/0,stored EPSG:102100/3857; served as EPSG:4326 on request,2024-10 (adopted); 2025-07 (republication snapshot),OFFICIAL,Toshkent shahar hokimligi - Raqamli rivojlantirish boshqarmasi,https://services8.arcgis.com/GyR85gR88mMqIY4t/arcgis/rest/services/Tashkent_Mahallas/FeatureServer/0,A,2024-10-23,2026-09-18,NULL
UZ-TAS-MFY-155,NULL,Jarqo'rg'on mahallasi,Жарқўрғон маҳалласи,Жаркургон махалля,NULL,Jarqo'rg'on mahallasi,Jarqo'rg'on,NULL,NULL,Mahalla fuqarolar yig'ini (MFY),Yashnobod,UZ-TAS-YASHNOBOD,1726290,NULL,NULL,NULL,NULL,NULL,NULL,2023-11-24/2024-10-23 (range; exact date per district NOT ESTABLISHED),NOT ESTABLISHED,NULL,https://e-qaror.gov.uz (Tashkent City Kengash decisions; individual act not located),NULL,NULL,NULL,87.01,YES,NO,"Tashkent City Hokimiyat, Dept. of Digital Development, via Open Data Tashkent; republished on Esri CAC GeoPortal",https://hub.arcgis.com/api/v3/datasets/c51c854bad2d48f1beaad40272f8d483_0/downloads/data?format=geojson&spatialRefId=4326,https://services8.arcgis.com/GyR85gR88mMqIY4t/arcgis/rest/services/Tashkent_Mahallas/FeatureServer/0,stored EPSG:102100/3857; served as EPSG:4326 on request,2024-10 (adopted); 2025-07 (republication snapshot),OFFICIAL,Toshkent shahar hokimligi - Raqamli rivojlantirish boshqarmasi,https://services8.arcgis.com/GyR85gR88mMqIY4t/arcgis/rest/services/Tashkent_Mahallas/FeatureServer/0,A,2024-10-23,2026-09-18,NULL
UZ-TAS-MFY-156,NULL,Boyqo'rg'on mahallasi,Бойқўрғон маҳалласи,Бойкургон махалля,NULL,Boyqo'rg'on mahallasi,Boyqo'rg'on,NULL,NULL,Mahalla fuqarolar yig'ini (MFY),Yashnobod,UZ-TAS-YASHNOBOD,1726290,NULL,NULL,NULL,NULL,NULL,NULL,2023-11-24/2024-10-23 (range; exact date per district NOT ESTABLISHED),NOT ESTABLISHED,NULL,https://e-qaror.gov.uz (Tashkent City Kengash decisions; individual act not located),NULL,NULL,NULL,87.82,YES,NO,"Tashkent City Hokimiyat, Dept. of Digital Development, via Open Data Tashkent; republished on Esri CAC GeoPortal",https://hub.arcgis.com/api/v3/datasets/c51c854bad2d48f1beaad40272f8d483_0/downloads/data?format=geojson&spatialRefId=4326,https://services8.arcgis.com/GyR85gR88mMqIY4t/arcgis/rest/services/Tashkent_Mahallas/FeatureServer/0,stored EPSG:102100/3857; served as EPSG:4326 on request,2024-10 (adopted); 2025-07 (republication snapshot),OFFICIAL,Toshkent shahar hokimligi - Raqamli rivojlantirish boshqarmasi,https://services8.arcgis.com/GyR85gR88mMqIY4t/arcgis/rest/services/Tashkent_Mahallas/FeatureServer/0,A,2024-10-23,2026-09-18,NULL
UZ-TAS-MFY-157,NULL,Behizor mahallasi,Беҳизор маҳалласи,Бехизор махалля,NULL,Behizor mahallasi,Behizor,NULL,NULL,Mahalla fuqarolar yig'ini (MFY),Yashnobod,UZ-TAS-YASHNOBOD,1726290,NULL,NULL,NULL,NULL,NULL,NULL,2023-11-24/2024-10-23 (range; exact date per district NOT ESTABLISHED),NOT ESTABLISHED,NULL,https://e-qaror.gov.uz (Tashkent City Kengash decisions; individual act not located),NULL,NULL,NULL,35.98,YES,NO,"Tashkent City Hokimiyat, Dept. of Digital Development, via Open Data Tashkent; republished on Esri CAC GeoPortal",https://hub.arcgis.com/api/v3/datasets/c51c854bad2d48f1beaad40272f8d483_0/downloads/data?format=geojson&spatialRefId=4326,https://services8.arcgis.com/GyR85gR88mMqIY4t/arcgis/rest/services/Tashkent_Mahallas/FeatureServer/0,stored EPSG:102100/3857; served as EPSG:4326 on request,2024-10 (adopted); 2025-07 (republication snapshot),OFFICIAL,Toshkent shahar hokimligi - Raqamli rivojlantirish boshqarmasi,https://services8.arcgis.com/GyR85gR88mMqIY4t/arcgis/rest/services/Tashkent_Mahallas/FeatureServer/0,A,2024-10-23,2026-09-18,NULL
UZ-TAS-MFY-158,NULL,Istiqlol mahallasi,Истиқлол маҳалласи,Истиклол махалля,NULL,Istiqlol mahallasi,Istiqlol,NULL,NULL,Mahalla fuqarolar yig'ini (MFY),Yashnobod,UZ-TAS-YASHNOBOD,1726290,NULL,NULL,NULL,NULL,NULL,NULL,2023-11-24/2024-10-23 (range; exact date per district NOT ESTABLISHED),NOT ESTABLISHED,NULL,https://e-qaror.gov.uz (Tashkent City Kengash decisions; individual act not located),NULL,NULL,NULL,16.71,YES,NO,"Tashkent City Hokimiyat, Dept. of Digital Development, via Open Data Tashkent; republished on Esri CAC GeoPortal",https://hub.arcgis.com/api/v3/datasets/c51c854bad2d48f1beaad40272f8d483_0/downloads/data?format=geojson&spatialRefId=4326,https://services8.arcgis.com/GyR85gR88mMqIY4t/arcgis/rest/services/Tashkent_Mahallas/FeatureServer/0,stored EPSG:102100/3857; served as EPSG:4326 on request,2024-10 (adopted); 2025-07 (republication snapshot),OFFICIAL,Toshkent shahar hokimligi - Raqamli rivojlantirish boshqarmasi,https://services8.arcgis.com/GyR85gR88mMqIY4t/arcgis/rest/services/Tashkent_Mahallas/FeatureServer/0,A,2024-10-23,2026-09-18,NULL
UZ-TAS-MFY-159,NULL,Semurg' mahallasi,Семурғ маҳалласи,Семург махалля,NULL,Semurg' mahallasi,Semurg',NULL,NULL,Mahalla fuqarolar yig'ini (MFY),Yashnobod,UZ-TAS-YASHNOBOD,1726290,NULL,NULL,NULL,NULL,NULL,NULL,2023-11-24/2024-10-23 (range; exact date per district NOT ESTABLISHED),NOT ESTABLISHED,NULL,https://e-qaror.gov.uz (Tashkent City Kengash decisions; individual act not located),NULL,NULL,NULL,18.36,YES,NO,"Tashkent City Hokimiyat, Dept. of Digital Development, via Open Data Tashkent; republished on Esri CAC GeoPortal",https://hub.arcgis.com/api/v3/datasets/c51c854bad2d48f1beaad40272f8d483_0/downloads/data?format=geojson&spatialRefId=4326,https://services8.arcgis.com/GyR85gR88mMqIY4t/arcgis/rest/services/Tashkent_Mahallas/FeatureServer/0,stored EPSG:102100/3857; served as EPSG:4326 on request,2024-10 (adopted); 2025-07 (republication snapshot),OFFICIAL,Toshkent shahar hokimligi - Raqamli rivojlantirish boshqarmasi,https://services8.arcgis.com/GyR85gR88mMqIY4t/arcgis/rest/services/Tashkent_Mahallas/FeatureServer/0,A,2024-10-23,2026-09-18,NULL
UZ-TAS-MFY-160,NULL,Katta Yangiobod mahallasi,Катта Янгиобод маҳалласи,Катта Янгиобод махалля,NULL,Katta Yangiobod mahallasi,Katta Yangiobod,NULL,NULL,Mahalla fuqarolar yig'ini (MFY),Yashnobod,UZ-TAS-YASHNOBOD,1726290,NULL,NULL,NULL,NULL,NULL,NULL,2023-11-24/2024-10-23 (range; exact date per district NOT ESTABLISHED),NOT ESTABLISHED,NULL,https://e-qaror.gov.uz (Tashkent City Kengash decisions; individual act not located),NULL,NULL,NULL,43.15,YES,NO,"Tashkent City Hokimiyat, Dept. of Digital Development, via Open Data Tashkent; republished on Esri CAC GeoPortal",https://hub.arcgis.com/api/v3/datasets/c51c854bad2d48f1beaad40272f8d483_0/downloads/data?format=geojson&spatialRefId=4326,https://services8.arcgis.com/GyR85gR88mMqIY4t/arcgis/rest/services/Tashkent_Mahallas/FeatureServer/0,stored EPSG:102100/3857; served as EPSG:4326 on request,2024-10 (adopted); 2025-07 (republication snapshot),OFFICIAL,Toshkent shahar hokimligi - Raqamli rivojlantirish boshqarmasi,https://services8.arcgis.com/GyR85gR88mMqIY4t/arcgis/rest/services/Tashkent_Mahallas/FeatureServer/0,A,2024-10-23,2026-09-18,NULL
UZ-TAS-MFY-161,NULL,Al-Buxoriy mahallasi,Ал-Бухорий маҳалласи,Ал-Бухорий махалля,NULL,Al-Buxoriy mahallasi,Al-Buxoriy,NULL,NULL,Mahalla fuqarolar yig'ini (MFY),Yashnobod,UZ-TAS-YASHNOBOD,1726290,NULL,NULL,NULL,NULL,NULL,NULL,2023-11-24/2024-10-23 (range; exact date per district NOT ESTABLISHED),NOT ESTABLISHED,NULL,https://e-qaror.gov.uz (Tashkent City Kengash decisions; individual act not located),NULL,NULL,NULL,24.45,YES,NO,"Tashkent City Hokimiyat, Dept. of Digital Development, via Open Data Tashkent; republished on Esri CAC GeoPortal",https://hub.arcgis.com/api/v3/datasets/c51c854bad2d48f1beaad40272f8d483_0/downloads/data?format=geojson&spatialRefId=4326,https://services8.arcgis.com/GyR85gR88mMqIY4t/arcgis/rest/services/Tashkent_Mahallas/FeatureServer/0,stored EPSG:102100/3857; served as EPSG:4326 on request,2024-10 (adopted); 2025-07 (republication snapshot),OFFICIAL,Toshkent shahar hokimligi - Raqamli rivojlantirish boshqarmasi,https://services8.arcgis.com/GyR85gR88mMqIY4t/arcgis/rest/services/Tashkent_Mahallas/FeatureServer/0,A,2024-10-23,2026-09-18,NULL
UZ-TAS-MFY-162,NULL,Dilbog' mahallasi,Дилбоғ маҳалласи,Дилбог махалля,NULL,Dilbog' mahallasi,Dilbog',NULL,NULL,Mahalla fuqarolar yig'ini (MFY),Yashnobod,UZ-TAS-YASHNOBOD,1726290,NULL,NULL,NULL,NULL,NULL,NULL,2023-11-24/2024-10-23 (range; exact date per district NOT ESTABLISHED),NOT ESTABLISHED,NULL,https://e-qaror.gov.uz (Tashkent City Kengash decisions; individual act not located),NULL,NULL,NULL,27.87,YES,NO,"Tashkent City Hokimiyat, Dept. of Digital Development, via Open Data Tashkent; republished on Esri CAC GeoPortal",https://hub.arcgis.com/api/v3/datasets/c51c854bad2d48f1beaad40272f8d483_0/downloads/data?format=geojson&spatialRefId=4326,https://services8.arcgis.com/GyR85gR88mMqIY4t/arcgis/rest/services/Tashkent_Mahallas/FeatureServer/0,stored EPSG:102100/3857; served as EPSG:4326 on request,2024-10 (adopted); 2025-07 (republication snapshot),OFFICIAL,Toshkent shahar hokimligi - Raqamli rivojlantirish boshqarmasi,https://services8.arcgis.com/GyR85gR88mMqIY4t/arcgis/rest/services/Tashkent_Mahallas/FeatureServer/0,A,2024-10-23,2026-09-18,NULL
UZ-TAS-MFY-163,NULL,Asalobod mahallasi,Асалобод маҳалласи,Асалобод махалля,NULL,Asalobod mahallasi,Asalobod,NULL,NULL,Mahalla fuqarolar yig'ini (MFY),Yashnobod,UZ-TAS-YASHNOBOD,1726290,NULL,NULL,NULL,NULL,NULL,NULL,2023-11-24/2024-10-23 (range; exact date per district NOT ESTABLISHED),NOT ESTABLISHED,NULL,https://e-qaror.gov.uz (Tashkent City Kengash decisions; individual act not located),NULL,NULL,NULL,41.23,YES,NO,"Tashkent City Hokimiyat, Dept. of Digital Development, via Open Data Tashkent; republished on Esri CAC GeoPortal",https://hub.arcgis.com/api/v3/datasets/c51c854bad2d48f1beaad40272f8d483_0/downloads/data?format=geojson&spatialRefId=4326,https://services8.arcgis.com/GyR85gR88mMqIY4t/arcgis/rest/services/Tashkent_Mahallas/FeatureServer/0,stored EPSG:102100/3857; served as EPSG:4326 on request,2024-10 (adopted); 2025-07 (republication snapshot),OFFICIAL,Toshkent shahar hokimligi - Raqamli rivojlantirish boshqarmasi,https://services8.arcgis.com/GyR85gR88mMqIY4t/arcgis/rest/services/Tashkent_Mahallas/FeatureServer/0,A,2024-10-23,2026-09-18,NULL
UZ-TAS-MFY-164,NULL,Tuzel mahallasi,Тузел маҳалласи,Тузел махалля,NULL,Tuzel mahallasi,Tuzel,NULL,NULL,Mahalla fuqarolar yig'ini (MFY),Yashnobod,UZ-TAS-YASHNOBOD,1726290,NULL,NULL,NULL,NULL,NULL,NULL,2023-11-24/2024-10-23 (range; exact date per district NOT ESTABLISHED),NOT ESTABLISHED,NULL,https://e-qaror.gov.uz (Tashkent City Kengash decisions; individual act not located),NULL,NULL,NULL,45.54,YES,NO,"Tashkent City Hokimiyat, Dept. of Digital Development, via Open Data Tashkent; republished on Esri CAC GeoPortal",https://hub.arcgis.com/api/v3/datasets/c51c854bad2d48f1beaad40272f8d483_0/downloads/data?format=geojson&spatialRefId=4326,https://services8.arcgis.com/GyR85gR88mMqIY4t/arcgis/rest/services/Tashkent_Mahallas/FeatureServer/0,stored EPSG:102100/3857; served as EPSG:4326 on request,2024-10 (adopted); 2025-07 (republication snapshot),OFFICIAL,Toshkent shahar hokimligi - Raqamli rivojlantirish boshqarmasi,https://services8.arcgis.com/GyR85gR88mMqIY4t/arcgis/rest/services/Tashkent_Mahallas/FeatureServer/0,A,2024-10-23,2026-09-18,NULL
UZ-TAS-MFY-165,NULL,Tong mahallasi,Тонг маҳалласи,Тонг махалля,NULL,Tong mahallasi,Tong,NULL,NULL,Mahalla fuqarolar yig'ini (MFY),Yashnobod,UZ-TAS-YASHNOBOD,1726290,NULL,NULL,NULL,NULL,NULL,NULL,2023-11-24/2024-10-23 (range; exact date per district NOT ESTABLISHED),NOT ESTABLISHED,NULL,https://e-qaror.gov.uz (Tashkent City Kengash decisions; individual act not located),NULL,NULL,NULL,20.7,YES,NO,"Tashkent City Hokimiyat, Dept. of Digital Development, via Open Data Tashkent; republished on Esri CAC GeoPortal",https://hub.arcgis.com/api/v3/datasets/c51c854bad2d48f1beaad40272f8d483_0/downloads/data?format=geojson&spatialRefId=4326,https://services8.arcgis.com/GyR85gR88mMqIY4t/arcgis/rest/services/Tashkent_Mahallas/FeatureServer/0,stored EPSG:102100/3857; served as EPSG:4326 on request,2024-10 (adopted); 2025-07 (republication snapshot),OFFICIAL,Toshkent shahar hokimligi - Raqamli rivojlantirish boshqarmasi,https://services8.arcgis.com/GyR85gR88mMqIY4t/arcgis/rest/services/Tashkent_Mahallas/FeatureServer/0,A,2024-10-23,2026-09-18,NULL
UZ-TAS-MFY-166,NULL,Boysun mahallasi,Бойсун маҳалласи,Бойсун махалля,NULL,Boysun mahallasi,Boysun,NULL,NULL,Mahalla fuqarolar yig'ini (MFY),Yashnobod,UZ-TAS-YASHNOBOD,1726290,NULL,NULL,NULL,NULL,NULL,NULL,2023-11-24/2024-10-23 (range; exact date per district NOT ESTABLISHED),NOT ESTABLISHED,NULL,https://e-qaror.gov.uz (Tashkent City Kengash decisions; individual act not located),NULL,NULL,NULL,43.38,YES,NO,"Tashkent City Hokimiyat, Dept. of Digital Development, via Open Data Tashkent; republished on Esri CAC GeoPortal",https://hub.arcgis.com/api/v3/datasets/c51c854bad2d48f1beaad40272f8d483_0/downloads/data?format=geojson&spatialRefId=4326,https://services8.arcgis.com/GyR85gR88mMqIY4t/arcgis/rest/services/Tashkent_Mahallas/FeatureServer/0,stored EPSG:102100/3857; served as EPSG:4326 on request,2024-10 (adopted); 2025-07 (republication snapshot),OFFICIAL,Toshkent shahar hokimligi - Raqamli rivojlantirish boshqarmasi,https://services8.arcgis.com/GyR85gR88mMqIY4t/arcgis/rest/services/Tashkent_Mahallas/FeatureServer/0,A,2024-10-23,2026-09-18,NULL
UZ-TAS-MFY-167,NULL,Parvoz mahallasi,Парвоз маҳалласи,Парвоз махалля,NULL,Parvoz mahallasi,Parvoz,NULL,NULL,Mahalla fuqarolar yig'ini (MFY),Yashnobod,UZ-TAS-YASHNOBOD,1726290,NULL,NULL,NULL,NULL,NULL,NULL,2023-11-24/2024-10-23 (range; exact date per district NOT ESTABLISHED),NOT ESTABLISHED,NULL,https://e-qaror.gov.uz (Tashkent City Kengash decisions; individual act not located),NULL,NULL,NULL,41.71,YES,NO,"Tashkent City Hokimiyat, Dept. of Digital Development, via Open Data Tashkent; republished on Esri CAC GeoPortal",https://hub.arcgis.com/api/v3/datasets/c51c854bad2d48f1beaad40272f8d483_0/downloads/data?format=geojson&spatialRefId=4326,https://services8.arcgis.com/GyR85gR88mMqIY4t/arcgis/rest/services/Tashkent_Mahallas/FeatureServer/0,stored EPSG:102100/3857; served as EPSG:4326 on request,2024-10 (adopted); 2025-07 (republication snapshot),OFFICIAL,Toshkent shahar hokimligi - Raqamli rivojlantirish boshqarmasi,https://services8.arcgis.com/GyR85gR88mMqIY4t/arcgis/rest/services/Tashkent_Mahallas/FeatureServer/0,A,2024-10-23,2026-09-18,NULL
UZ-TAS-MFY-168,NULL,Yanginur mahallasi,Янгинур маҳалласи,Янгинур махалля,NULL,Yanginur mahallasi,Yanginur,NULL,NULL,Mahalla fuqarolar yig'ini (MFY),Yashnobod,UZ-TAS-YASHNOBOD,1726290,NULL,NULL,NULL,NULL,NULL,NULL,2023-11-24/2024-10-23 (range; exact date per district NOT ESTABLISHED),NOT ESTABLISHED,NULL,https://e-qaror.gov.uz (Tashkent City Kengash decisions; individual act not located),NULL,NULL,NULL,20.62,YES,NO,"Tashkent City Hokimiyat, Dept. of Digital Development, via Open Data Tashkent; republished on Esri CAC GeoPortal",https://hub.arcgis.com/api/v3/datasets/c51c854bad2d48f1beaad40272f8d483_0/downloads/data?format=geojson&spatialRefId=4326,https://services8.arcgis.com/GyR85gR88mMqIY4t/arcgis/rest/services/Tashkent_Mahallas/FeatureServer/0,stored EPSG:102100/3857; served as EPSG:4326 on request,2024-10 (adopted); 2025-07 (republication snapshot),OFFICIAL,Toshkent shahar hokimligi - Raqamli rivojlantirish boshqarmasi,https://services8.arcgis.com/GyR85gR88mMqIY4t/arcgis/rest/services/Tashkent_Mahallas/FeatureServer/0,A,2024-10-23,2026-09-18,NULL
UZ-TAS-MFY-169,NULL,Tarnovboshi mahallasi,Тарновбоши маҳалласи,Тарновбоши махалля,NULL,Tarnovboshi mahallasi,Tarnovboshi,NULL,NULL,Mahalla fuqarolar yig'ini (MFY),Yashnobod,UZ-TAS-YASHNOBOD,1726290,NULL,NULL,NULL,NULL,NULL,NULL,2023-11-24/2024-10-23 (range; exact date per district NOT ESTABLISHED),NOT ESTABLISHED,NULL,https://e-qaror.gov.uz (Tashkent City Kengash decisions; individual act not located),NULL,NULL,NULL,49.45,YES,NO,"Tashkent City Hokimiyat, Dept. of Digital Development, via Open Data Tashkent; republished on Esri CAC GeoPortal",https://hub.arcgis.com/api/v3/datasets/c51c854bad2d48f1beaad40272f8d483_0/downloads/data?format=geojson&spatialRefId=4326,https://services8.arcgis.com/GyR85gR88mMqIY4t/arcgis/rest/services/Tashkent_Mahallas/FeatureServer/0,stored EPSG:102100/3857; served as EPSG:4326 on request,2024-10 (adopted); 2025-07 (republication snapshot),OFFICIAL,Toshkent shahar hokimligi - Raqamli rivojlantirish boshqarmasi,https://services8.arcgis.com/GyR85gR88mMqIY4t/arcgis/rest/services/Tashkent_Mahallas/FeatureServer/0,A,2024-10-23,2026-09-18,NULL
UZ-TAS-MFY-170,NULL,Mashinasozlar mahallasi,Машинасозлар маҳалласи,Машинасозлар махалля,NULL,Mashinasozlar mahallasi,Mashinasozlar,NULL,NULL,Mahalla fuqarolar yig'ini (MFY),Yashnobod,UZ-TAS-YASHNOBOD,1726290,NULL,NULL,NULL,NULL,NULL,NULL,2023-11-24/2024-10-23 (range; exact date per district NOT ESTABLISHED),NOT ESTABLISHED,NULL,https://e-qaror.gov.uz (Tashkent City Kengash decisions; individual act not located),NULL,NULL,NULL,82.74,YES,NO,"Tashkent City Hokimiyat, Dept. of Digital Development, via Open Data Tashkent; republished on Esri CAC GeoPortal",https://hub.arcgis.com/api/v3/datasets/c51c854bad2d48f1beaad40272f8d483_0/downloads/data?format=geojson&spatialRefId=4326,https://services8.arcgis.com/GyR85gR88mMqIY4t/arcgis/rest/services/Tashkent_Mahallas/FeatureServer/0,stored EPSG:102100/3857; served as EPSG:4326 on request,2024-10 (adopted); 2025-07 (republication snapshot),OFFICIAL,Toshkent shahar hokimligi - Raqamli rivojlantirish boshqarmasi,https://services8.arcgis.com/GyR85gR88mMqIY4t/arcgis/rest/services/Tashkent_Mahallas/FeatureServer/0,A,2024-10-23,2026-09-18,NULL
UZ-TAS-MFY-171,NULL,O'rtamasjid mahallasi,Ўртамасжид маҳалласи,Уртамасжид махалля,NULL,O'rtamasjid mahallasi,O'rtamasjid,NULL,NULL,Mahalla fuqarolar yig'ini (MFY),Yashnobod,UZ-TAS-YASHNOBOD,1726290,NULL,NULL,NULL,NULL,NULL,NULL,2023-11-24/2024-10-23 (range; exact date per district NOT ESTABLISHED),NOT ESTABLISHED,NULL,https://e-qaror.gov.uz (Tashkent City Kengash decisions; individual act not located),NULL,NULL,NULL,126.27,YES,NO,"Tashkent City Hokimiyat, Dept. of Digital Development, via Open Data Tashkent; republished on Esri CAC GeoPortal",https://hub.arcgis.com/api/v3/datasets/c51c854bad2d48f1beaad40272f8d483_0/downloads/data?format=geojson&spatialRefId=4326,https://services8.arcgis.com/GyR85gR88mMqIY4t/arcgis/rest/services/Tashkent_Mahallas/FeatureServer/0,stored EPSG:102100/3857; served as EPSG:4326 on request,2024-10 (adopted); 2025-07 (republication snapshot),OFFICIAL,Toshkent shahar hokimligi - Raqamli rivojlantirish boshqarmasi,https://services8.arcgis.com/GyR85gR88mMqIY4t/arcgis/rest/services/Tashkent_Mahallas/FeatureServer/0,A,2024-10-23,2026-09-18,NULL
UZ-TAS-MFY-172,NULL,Ahmad Yassaviy mahallasi,Аҳмад Яссавий маҳалласи,Ахмад Яссавий махалля,NULL,Ahmad Yassaviy mahallasi,Ahmad Yassaviy,NULL,NULL,Mahalla fuqarolar yig'ini (MFY),Yashnobod,UZ-TAS-YASHNOBOD,1726290,NULL,NULL,NULL,NULL,NULL,NULL,2023-11-24/2024-10-23 (range; exact date per district NOT ESTABLISHED),NOT ESTABLISHED,NULL,https://e-qaror.gov.uz (Tashkent City Kengash decisions; individual act not located),NULL,NULL,NULL,103.44,YES,NO,"Tashkent City Hokimiyat, Dept. of Digital Development, via Open Data Tashkent; republished on Esri CAC GeoPortal",https://hub.arcgis.com/api/v3/datasets/c51c854bad2d48f1beaad40272f8d483_0/downloads/data?format=geojson&spatialRefId=4326,https://services8.arcgis.com/GyR85gR88mMqIY4t/arcgis/rest/services/Tashkent_Mahallas/FeatureServer/0,stored EPSG:102100/3857; served as EPSG:4326 on request,2024-10 (adopted); 2025-07 (republication snapshot),OFFICIAL,Toshkent shahar hokimligi - Raqamli rivojlantirish boshqarmasi,https://services8.arcgis.com/GyR85gR88mMqIY4t/arcgis/rest/services/Tashkent_Mahallas/FeatureServer/0,A,2024-10-23,2026-09-18,NULL
UZ-TAS-MFY-173,NULL,Xosiyatli mahallasi,Хосиятли маҳалласи,Хосиятли махалля,NULL,Xosiyatli mahallasi,Xosiyatli,NULL,NULL,Mahalla fuqarolar yig'ini (MFY),Yashnobod,UZ-TAS-YASHNOBOD,1726290,NULL,NULL,NULL,NULL,NULL,NULL,2023-11-24/2024-10-23 (range; exact date per district NOT ESTABLISHED),NOT ESTABLISHED,NULL,https://e-qaror.gov.uz (Tashkent City Kengash decisions; individual act not located),NULL,NULL,NULL,55.82,YES,NO,"Tashkent City Hokimiyat, Dept. of Digital Development, via Open Data Tashkent; republished on Esri CAC GeoPortal",https://hub.arcgis.com/api/v3/datasets/c51c854bad2d48f1beaad40272f8d483_0/downloads/data?format=geojson&spatialRefId=4326,https://services8.arcgis.com/GyR85gR88mMqIY4t/arcgis/rest/services/Tashkent_Mahallas/FeatureServer/0,stored EPSG:102100/3857; served as EPSG:4326 on request,2024-10 (adopted); 2025-07 (republication snapshot),OFFICIAL,Toshkent shahar hokimligi - Raqamli rivojlantirish boshqarmasi,https://services8.arcgis.com/GyR85gR88mMqIY4t/arcgis/rest/services/Tashkent_Mahallas/FeatureServer/0,A,2024-10-23,2026-09-18,NULL
UZ-TAS-MFY-174,NULL,Beshbola mahallasi,Бешбола маҳалласи,Бешбола махалля,NULL,Beshbola mahallasi,Beshbola,NULL,NULL,Mahalla fuqarolar yig'ini (MFY),Yashnobod,UZ-TAS-YASHNOBOD,1726290,NULL,NULL,NULL,NULL,NULL,NULL,2023-11-24/2024-10-23 (range; exact date per district NOT ESTABLISHED),NOT ESTABLISHED,NULL,https://e-qaror.gov.uz (Tashkent City Kengash decisions; individual act not located),NULL,NULL,NULL,41.54,YES,NO,"Tashkent City Hokimiyat, Dept. of Digital Development, via Open Data Tashkent; republished on Esri CAC GeoPortal",https://hub.arcgis.com/api/v3/datasets/c51c854bad2d48f1beaad40272f8d483_0/downloads/data?format=geojson&spatialRefId=4326,https://services8.arcgis.com/GyR85gR88mMqIY4t/arcgis/rest/services/Tashkent_Mahallas/FeatureServer/0,stored EPSG:102100/3857; served as EPSG:4326 on request,2024-10 (adopted); 2025-07 (republication snapshot),OFFICIAL,Toshkent shahar hokimligi - Raqamli rivojlantirish boshqarmasi,https://services8.arcgis.com/GyR85gR88mMqIY4t/arcgis/rest/services/Tashkent_Mahallas/FeatureServer/0,A,2024-10-23,2026-09-18,NULL
UZ-TAS-MFY-175,NULL,Arg'in mahallasi,Арғин маҳалласи,Аргин махалля,NULL,Arg'in mahallasi,Arg'in,NULL,NULL,Mahalla fuqarolar yig'ini (MFY),Yashnobod,UZ-TAS-YASHNOBOD,1726290,NULL,NULL,NULL,NULL,NULL,NULL,2023-11-24/2024-10-23 (range; exact date per district NOT ESTABLISHED),NOT ESTABLISHED,NULL,https://e-qaror.gov.uz (Tashkent City Kengash decisions; individual act not located),NULL,NULL,NULL,235.15,YES,NO,"Tashkent City Hokimiyat, Dept. of Digital Development, via Open Data Tashkent; republished on Esri CAC GeoPortal",https://hub.arcgis.com/api/v3/datasets/c51c854bad2d48f1beaad40272f8d483_0/downloads/data?format=geojson&spatialRefId=4326,https://services8.arcgis.com/GyR85gR88mMqIY4t/arcgis/rest/services/Tashkent_Mahallas/FeatureServer/0,stored EPSG:102100/3857; served as EPSG:4326 on request,2024-10 (adopted); 2025-07 (republication snapshot),OFFICIAL,Toshkent shahar hokimligi - Raqamli rivojlantirish boshqarmasi,https://services8.arcgis.com/GyR85gR88mMqIY4t/arcgis/rest/services/Tashkent_Mahallas/FeatureServer/0,A,2024-10-23,2026-09-18,NULL
UZ-TAS-MFY-176,NULL,Do'stobod mahallasi,Дўстобод маҳалласи,Дустобод махалля,NULL,Do'stobod mahallasi,Do'stobod,NULL,NULL,Mahalla fuqarolar yig'ini (MFY),Yashnobod,UZ-TAS-YASHNOBOD,1726290,NULL,NULL,NULL,NULL,NULL,NULL,2023-11-24/2024-10-23 (range; exact date per district NOT ESTABLISHED),NOT ESTABLISHED,NULL,https://e-qaror.gov.uz (Tashkent City Kengash decisions; individual act not located),NULL,NULL,NULL,94.37,YES,NO,"Tashkent City Hokimiyat, Dept. of Digital Development, via Open Data Tashkent; republished on Esri CAC GeoPortal",https://hub.arcgis.com/api/v3/datasets/c51c854bad2d48f1beaad40272f8d483_0/downloads/data?format=geojson&spatialRefId=4326,https://services8.arcgis.com/GyR85gR88mMqIY4t/arcgis/rest/services/Tashkent_Mahallas/FeatureServer/0,stored EPSG:102100/3857; served as EPSG:4326 on request,2024-10 (adopted); 2025-07 (republication snapshot),OFFICIAL,Toshkent shahar hokimligi - Raqamli rivojlantirish boshqarmasi,https://services8.arcgis.com/GyR85gR88mMqIY4t/arcgis/rest/services/Tashkent_Mahallas/FeatureServer/0,A,2024-10-23,2026-09-18,NULL
UZ-TAS-MFY-177,NULL,Shohsanam mahallasi,Шоҳсанам маҳалласи,Шохсанам махалля,NULL,Shohsanam mahallasi,Shohsanam,NULL,NULL,Mahalla fuqarolar yig'ini (MFY),Yashnobod,UZ-TAS-YASHNOBOD,1726290,NULL,NULL,NULL,NULL,NULL,NULL,2023-11-24/2024-10-23 (range; exact date per district NOT ESTABLISHED),NOT ESTABLISHED,NULL,https://e-qaror.gov.uz (Tashkent City Kengash decisions; individual act not located),NULL,NULL,NULL,30.11,YES,NO,"Tashkent City Hokimiyat, Dept. of Digital Development, via Open Data Tashkent; republished on Esri CAC GeoPortal",https://hub.arcgis.com/api/v3/datasets/c51c854bad2d48f1beaad40272f8d483_0/downloads/data?format=geojson&spatialRefId=4326,https://services8.arcgis.com/GyR85gR88mMqIY4t/arcgis/rest/services/Tashkent_Mahallas/FeatureServer/0,stored EPSG:102100/3857; served as EPSG:4326 on request,2024-10 (adopted); 2025-07 (republication snapshot),OFFICIAL,Toshkent shahar hokimligi - Raqamli rivojlantirish boshqarmasi,https://services8.arcgis.com/GyR85gR88mMqIY4t/arcgis/rest/services/Tashkent_Mahallas/FeatureServer/0,A,2024-10-23,2026-09-18,NULL
UZ-TAS-MFY-254,NULL,Shahriston mahallasi,Шаҳристон маҳалласи,Шахристон махалля,NULL,Shahriston mahallasi,Shahriston,NULL,NULL,Mahalla fuqarolar yig'ini (MFY),Yunusobod,UZ-TAS-YUNUSOBOD,1726266,NULL,NULL,NULL,NULL,NULL,NULL,2024-10-23,NOT ESTABLISHED,2024-10-23,https://e-qaror.gov.uz (Tashkent City Kengash decisions; individual act not located),NULL,NULL,NULL,50.24,YES,NO,"Tashkent City Hokimiyat, Dept. of Digital Development, via Open Data Tashkent; republished on Esri CAC GeoPortal",https://hub.arcgis.com/api/v3/datasets/c51c854bad2d48f1beaad40272f8d483_0/downloads/data?format=geojson&spatialRefId=4326,https://services8.arcgis.com/GyR85gR88mMqIY4t/arcgis/rest/services/Tashkent_Mahallas/FeatureServer/0,stored EPSG:102100/3857; served as EPSG:4326 on request,2024-10 (adopted); 2025-07 (republication snapshot),OFFICIAL,Toshkent shahar hokimligi - Raqamli rivojlantirish boshqarmasi,https://services8.arcgis.com/GyR85gR88mMqIY4t/arcgis/rest/services/Tashkent_Mahallas/FeatureServer/0,A,2024-10-23,2026-09-18,Decision number NOT ESTABLISHED
UZ-TAS-MFY-255,NULL,Sevinch mahallasi,Севинч маҳалласи,Севинч махалля,NULL,Sevinch mahallasi,Sevinch,NULL,NULL,Mahalla fuqarolar yig'ini (MFY),Yunusobod,UZ-TAS-YUNUSOBOD,1726266,NULL,NULL,NULL,NULL,NULL,NULL,2024-10-23,NOT ESTABLISHED,2024-10-23,https://e-qaror.gov.uz (Tashkent City Kengash decisions; individual act not located),NULL,NULL,NULL,32.28,YES,NO,"Tashkent City Hokimiyat, Dept. of Digital Development, via Open Data Tashkent; republished on Esri CAC GeoPortal",https://hub.arcgis.com/api/v3/datasets/c51c854bad2d48f1beaad40272f8d483_0/downloads/data?format=geojson&spatialRefId=4326,https://services8.arcgis.com/GyR85gR88mMqIY4t/arcgis/rest/services/Tashkent_Mahallas/FeatureServer/0,stored EPSG:102100/3857; served as EPSG:4326 on request,2024-10 (adopted); 2025-07 (republication snapshot),OFFICIAL,Toshkent shahar hokimligi - Raqamli rivojlantirish boshqarmasi,https://services8.arcgis.com/GyR85gR88mMqIY4t/arcgis/rest/services/Tashkent_Mahallas/FeatureServer/0,A,2024-10-23,2026-09-18,Decision number NOT ESTABLISHED
UZ-TAS-MFY-256,NULL,Yunusota mahallasi,Юнусота маҳалласи,Юнусота махалля,NULL,Yunusota mahallasi,Yunusota,NULL,NULL,Mahalla fuqarolar yig'ini (MFY),Yunusobod,UZ-TAS-YUNUSOBOD,1726266,NULL,NULL,NULL,NULL,NULL,NULL,2024-10-23,NOT ESTABLISHED,2024-10-23,https://e-qaror.gov.uz (Tashkent City Kengash decisions; individual act not located),NULL,NULL,NULL,27.41,YES,NO,"Tashkent City Hokimiyat, Dept. of Digital Development, via Open Data Tashkent; republished on Esri CAC GeoPortal",https://hub.arcgis.com/api/v3/datasets/c51c854bad2d48f1beaad40272f8d483_0/downloads/data?format=geojson&spatialRefId=4326,https://services8.arcgis.com/GyR85gR88mMqIY4t/arcgis/rest/services/Tashkent_Mahallas/FeatureServer/0,stored EPSG:102100/3857; served as EPSG:4326 on request,2024-10 (adopted); 2025-07 (republication snapshot),OFFICIAL,Toshkent shahar hokimligi - Raqamli rivojlantirish boshqarmasi,https://services8.arcgis.com/GyR85gR88mMqIY4t/arcgis/rest/services/Tashkent_Mahallas/FeatureServer/0,A,2024-10-23,2026-09-18,Decision number NOT ESTABLISHED
UZ-TAS-MFY-257,NULL,Ahmad Donish mahallasi,Аҳмад Дониш маҳалласи,Ахмад Дониш махалля,NULL,Ahmad Donish mahallasi,Ahmad Donish,NULL,NULL,Mahalla fuqarolar yig'ini (MFY),Yunusobod,UZ-TAS-YUNUSOBOD,1726266,NULL,NULL,NULL,NULL,NULL,NULL,2024-10-23,NOT ESTABLISHED,2024-10-23,https://e-qaror.gov.uz (Tashkent City Kengash decisions; individual act not located),NULL,NULL,NULL,18.39,YES,NO,"Tashkent City Hokimiyat, Dept. of Digital Development, via Open Data Tashkent; republished on Esri CAC GeoPortal",https://hub.arcgis.com/api/v3/datasets/c51c854bad2d48f1beaad40272f8d483_0/downloads/data?format=geojson&spatialRefId=4326,https://services8.arcgis.com/GyR85gR88mMqIY4t/arcgis/rest/services/Tashkent_Mahallas/FeatureServer/0,stored EPSG:102100/3857; served as EPSG:4326 on request,2024-10 (adopted); 2025-07 (republication snapshot),OFFICIAL,Toshkent shahar hokimligi - Raqamli rivojlantirish boshqarmasi,https://services8.arcgis.com/GyR85gR88mMqIY4t/arcgis/rest/services/Tashkent_Mahallas/FeatureServer/0,A,2024-10-23,2026-09-18,Decision number NOT ESTABLISHED
UZ-TAS-MFY-258,NULL,Obod mahallasi,Обод маҳалласи,Обод махалля,NULL,Obod mahallasi,Obod,NULL,NULL,Mahalla fuqarolar yig'ini (MFY),Yunusobod,UZ-TAS-YUNUSOBOD,1726266,NULL,NULL,NULL,NULL,NULL,NULL,2024-10-23,NOT ESTABLISHED,2024-10-23,https://e-qaror.gov.uz (Tashkent City Kengash decisions; individual act not located),NULL,NULL,NULL,122.61,YES,NO,"Tashkent City Hokimiyat, Dept. of Digital Development, via Open Data Tashkent; republished on Esri CAC GeoPortal",https://hub.arcgis.com/api/v3/datasets/c51c854bad2d48f1beaad40272f8d483_0/downloads/data?format=geojson&spatialRefId=4326,https://services8.arcgis.com/GyR85gR88mMqIY4t/arcgis/rest/services/Tashkent_Mahallas/FeatureServer/0,stored EPSG:102100/3857; served as EPSG:4326 on request,2024-10 (adopted); 2025-07 (republication snapshot),OFFICIAL,Toshkent shahar hokimligi - Raqamli rivojlantirish boshqarmasi,https://services8.arcgis.com/GyR85gR88mMqIY4t/arcgis/rest/services/Tashkent_Mahallas/FeatureServer/0,A,2024-10-23,2026-09-18,Decision number NOT ESTABLISHED
UZ-TAS-MFY-259,NULL,Xiyobontepa mahallasi,Хиёбонтепа маҳалласи,Хиёбонтепа махалля,NULL,Xiyobontepa mahallasi,Xiyobontepa,NULL,NULL,Mahalla fuqarolar yig'ini (MFY),Yunusobod,UZ-TAS-YUNUSOBOD,1726266,NULL,NULL,NULL,NULL,NULL,NULL,2024-10-23,NOT ESTABLISHED,2024-10-23,https://e-qaror.gov.uz (Tashkent City Kengash decisions; individual act not located),NULL,NULL,NULL,46.71,YES,NO,"Tashkent City Hokimiyat, Dept. of Digital Development, via Open Data Tashkent; republished on Esri CAC GeoPortal",https://hub.arcgis.com/api/v3/datasets/c51c854bad2d48f1beaad40272f8d483_0/downloads/data?format=geojson&spatialRefId=4326,https://services8.arcgis.com/GyR85gR88mMqIY4t/arcgis/rest/services/Tashkent_Mahallas/FeatureServer/0,stored EPSG:102100/3857; served as EPSG:4326 on request,2024-10 (adopted); 2025-07 (republication snapshot),OFFICIAL,Toshkent shahar hokimligi - Raqamli rivojlantirish boshqarmasi,https://services8.arcgis.com/GyR85gR88mMqIY4t/arcgis/rest/services/Tashkent_Mahallas/FeatureServer/0,A,2024-10-23,2026-09-18,Decision number NOT ESTABLISHED
UZ-TAS-MFY-260,NULL,Shoshtepa mahallasi,Шоштепа маҳалласи,Шоштепа махалля,NULL,Shoshtepa mahallasi,Shoshtepa,NULL,NULL,Mahalla fuqarolar yig'ini (MFY),Yunusobod,UZ-TAS-YUNUSOBOD,1726266,NULL,NULL,NULL,NULL,NULL,NULL,2024-10-23,NOT ESTABLISHED,2024-10-23,https://e-qaror.gov.uz (Tashkent City Kengash decisions; individual act not located),NULL,NULL,NULL,24.51,YES,NO,"Tashkent City Hokimiyat, Dept. of Digital Development, via Open Data Tashkent; republished on Esri CAC GeoPortal",https://hub.arcgis.com/api/v3/datasets/c51c854bad2d48f1beaad40272f8d483_0/downloads/data?format=geojson&spatialRefId=4326,https://services8.arcgis.com/GyR85gR88mMqIY4t/arcgis/rest/services/Tashkent_Mahallas/FeatureServer/0,stored EPSG:102100/3857; served as EPSG:4326 on request,2024-10 (adopted); 2025-07 (republication snapshot),OFFICIAL,Toshkent shahar hokimligi - Raqamli rivojlantirish boshqarmasi,https://services8.arcgis.com/GyR85gR88mMqIY4t/arcgis/rest/services/Tashkent_Mahallas/FeatureServer/0,A,2024-10-23,2026-09-18,Decision number NOT ESTABLISHED
UZ-TAS-MFY-261,NULL,Usta Shirin mahallasi,Уста Ширин маҳалласи,Уста Ширин махалля,NULL,Usta Shirin mahallasi,Usta Shirin,NULL,NULL,Mahalla fuqarolar yig'ini (MFY),Yunusobod,UZ-TAS-YUNUSOBOD,1726266,NULL,NULL,NULL,NULL,NULL,NULL,2024-10-23,NOT ESTABLISHED,2024-10-23,https://e-qaror.gov.uz (Tashkent City Kengash decisions; individual act not located),NULL,NULL,NULL,31.55,YES,NO,"Tashkent City Hokimiyat, Dept. of Digital Development, via Open Data Tashkent; republished on Esri CAC GeoPortal",https://hub.arcgis.com/api/v3/datasets/c51c854bad2d48f1beaad40272f8d483_0/downloads/data?format=geojson&spatialRefId=4326,https://services8.arcgis.com/GyR85gR88mMqIY4t/arcgis/rest/services/Tashkent_Mahallas/FeatureServer/0,stored EPSG:102100/3857; served as EPSG:4326 on request,2024-10 (adopted); 2025-07 (republication snapshot),OFFICIAL,Toshkent shahar hokimligi - Raqamli rivojlantirish boshqarmasi,https://services8.arcgis.com/GyR85gR88mMqIY4t/arcgis/rest/services/Tashkent_Mahallas/FeatureServer/0,A,2024-10-23,2026-09-18,Decision number NOT ESTABLISHED
UZ-TAS-MFY-262,NULL,Oqtepa mahallasi,Оқтепа маҳалласи,Октепа махалля,NULL,Oqtepa mahallasi,Oqtepa,NULL,NULL,Mahalla fuqarolar yig'ini (MFY),Yunusobod,UZ-TAS-YUNUSOBOD,1726266,NULL,NULL,NULL,NULL,NULL,NULL,2024-10-23,NOT ESTABLISHED,2024-10-23,https://e-qaror.gov.uz (Tashkent City Kengash decisions; individual act not located),NULL,NULL,NULL,158.15,YES,NO,"Tashkent City Hokimiyat, Dept. of Digital Development, via Open Data Tashkent; republished on Esri CAC GeoPortal",https://hub.arcgis.com/api/v3/datasets/c51c854bad2d48f1beaad40272f8d483_0/downloads/data?format=geojson&spatialRefId=4326,https://services8.arcgis.com/GyR85gR88mMqIY4t/arcgis/rest/services/Tashkent_Mahallas/FeatureServer/0,stored EPSG:102100/3857; served as EPSG:4326 on request,2024-10 (adopted); 2025-07 (republication snapshot),OFFICIAL,Toshkent shahar hokimligi - Raqamli rivojlantirish boshqarmasi,https://services8.arcgis.com/GyR85gR88mMqIY4t/arcgis/rest/services/Tashkent_Mahallas/FeatureServer/0,A,2024-10-23,2026-09-18,Decision number NOT ESTABLISHED
UZ-TAS-MFY-263,NULL,Beg'ubor mahallasi,Беғубор маҳалласи,Бегубор махалля,NULL,Beg'ubor mahallasi,Beg'ubor,NULL,NULL,Mahalla fuqarolar yig'ini (MFY),Yunusobod,UZ-TAS-YUNUSOBOD,1726266,NULL,NULL,NULL,NULL,NULL,NULL,2024-10-23,NOT ESTABLISHED,2024-10-23,https://e-qaror.gov.uz (Tashkent City Kengash decisions; individual act not located),NULL,NULL,NULL,21.98,YES,NO,"Tashkent City Hokimiyat, Dept. of Digital Development, via Open Data Tashkent; republished on Esri CAC GeoPortal",https://hub.arcgis.com/api/v3/datasets/c51c854bad2d48f1beaad40272f8d483_0/downloads/data?format=geojson&spatialRefId=4326,https://services8.arcgis.com/GyR85gR88mMqIY4t/arcgis/rest/services/Tashkent_Mahallas/FeatureServer/0,stored EPSG:102100/3857; served as EPSG:4326 on request,2024-10 (adopted); 2025-07 (republication snapshot),OFFICIAL,Toshkent shahar hokimligi - Raqamli rivojlantirish boshqarmasi,https://services8.arcgis.com/GyR85gR88mMqIY4t/arcgis/rest/services/Tashkent_Mahallas/FeatureServer/0,A,2024-10-23,2026-09-18,Decision number NOT ESTABLISHED
UZ-TAS-MFY-264,NULL,Hamkorobod mahallasi,Ҳамкоробод маҳалласи,Хамкоробод махалля,NULL,Hamkorobod mahallasi,Hamkorobod,NULL,NULL,Mahalla fuqarolar yig'ini (MFY),Yunusobod,UZ-TAS-YUNUSOBOD,1726266,NULL,NULL,NULL,NULL,NULL,NULL,2024-10-23,NOT ESTABLISHED,2024-10-23,https://e-qaror.gov.uz (Tashkent City Kengash decisions; individual act not located),NULL,NULL,NULL,130.81,YES,NO,"Tashkent City Hokimiyat, Dept. of Digital Development, via Open Data Tashkent; republished on Esri CAC GeoPortal",https://hub.arcgis.com/api/v3/datasets/c51c854bad2d48f1beaad40272f8d483_0/downloads/data?format=geojson&spatialRefId=4326,https://services8.arcgis.com/GyR85gR88mMqIY4t/arcgis/rest/services/Tashkent_Mahallas/FeatureServer/0,stored EPSG:102100/3857; served as EPSG:4326 on request,2024-10 (adopted); 2025-07 (republication snapshot),OFFICIAL,Toshkent shahar hokimligi - Raqamli rivojlantirish boshqarmasi,https://services8.arcgis.com/GyR85gR88mMqIY4t/arcgis/rest/services/Tashkent_Mahallas/FeatureServer/0,A,2024-10-23,2026-09-18,Decision number NOT ESTABLISHED
UZ-TAS-MFY-265,NULL,Bog'ishamol mahallasi,Боғишамол маҳалласи,Богишамол махалля,NULL,Bog'ishamol mahallasi,Bog'ishamol,NULL,NULL,Mahalla fuqarolar yig'ini (MFY),Yunusobod,UZ-TAS-YUNUSOBOD,1726266,NULL,NULL,NULL,NULL,NULL,NULL,2024-10-23,NOT ESTABLISHED,2024-10-23,https://e-qaror.gov.uz (Tashkent City Kengash decisions; individual act not located),NULL,NULL,NULL,34.9,YES,NO,"Tashkent City Hokimiyat, Dept. of Digital Development, via Open Data Tashkent; republished on Esri CAC GeoPortal",https://hub.arcgis.com/api/v3/datasets/c51c854bad2d48f1beaad40272f8d483_0/downloads/data?format=geojson&spatialRefId=4326,https://services8.arcgis.com/GyR85gR88mMqIY4t/arcgis/rest/services/Tashkent_Mahallas/FeatureServer/0,stored EPSG:102100/3857; served as EPSG:4326 on request,2024-10 (adopted); 2025-07 (republication snapshot),OFFICIAL,Toshkent shahar hokimligi - Raqamli rivojlantirish boshqarmasi,https://services8.arcgis.com/GyR85gR88mMqIY4t/arcgis/rest/services/Tashkent_Mahallas/FeatureServer/0,A,2024-10-23,2026-09-18,Decision number NOT ESTABLISHED
UZ-TAS-MFY-266,NULL,Mingchinor mahallasi,Мингчинор маҳалласи,Мингчинор махалля,NULL,Mingchinor mahallasi,Mingchinor,NULL,NULL,Mahalla fuqarolar yig'ini (MFY),Yunusobod,UZ-TAS-YUNUSOBOD,1726266,NULL,NULL,NULL,NULL,NULL,NULL,2024-10-23,NOT ESTABLISHED,2024-10-23,https://e-qaror.gov.uz (Tashkent City Kengash decisions; individual act not located),NULL,NULL,NULL,20.07,YES,NO,"Tashkent City Hokimiyat, Dept. of Digital Development, via Open Data Tashkent; republished on Esri CAC GeoPortal",https://hub.arcgis.com/api/v3/datasets/c51c854bad2d48f1beaad40272f8d483_0/downloads/data?format=geojson&spatialRefId=4326,https://services8.arcgis.com/GyR85gR88mMqIY4t/arcgis/rest/services/Tashkent_Mahallas/FeatureServer/0,stored EPSG:102100/3857; served as EPSG:4326 on request,2024-10 (adopted); 2025-07 (republication snapshot),OFFICIAL,Toshkent shahar hokimligi - Raqamli rivojlantirish boshqarmasi,https://services8.arcgis.com/GyR85gR88mMqIY4t/arcgis/rest/services/Tashkent_Mahallas/FeatureServer/0,A,2024-10-23,2026-09-18,Decision number NOT ESTABLISHED
UZ-TAS-MFY-267,NULL,Billur mahallasi,Биллур маҳалласи,Биллур махалля,NULL,Billur mahallasi,Billur,NULL,NULL,Mahalla fuqarolar yig'ini (MFY),Yunusobod,UZ-TAS-YUNUSOBOD,1726266,NULL,NULL,NULL,NULL,NULL,NULL,2024-10-23,NOT ESTABLISHED,2024-10-23,https://e-qaror.gov.uz (Tashkent City Kengash decisions; individual act not located),NULL,NULL,NULL,56.01,YES,NO,"Tashkent City Hokimiyat, Dept. of Digital Development, via Open Data Tashkent; republished on Esri CAC GeoPortal",https://hub.arcgis.com/api/v3/datasets/c51c854bad2d48f1beaad40272f8d483_0/downloads/data?format=geojson&spatialRefId=4326,https://services8.arcgis.com/GyR85gR88mMqIY4t/arcgis/rest/services/Tashkent_Mahallas/FeatureServer/0,stored EPSG:102100/3857; served as EPSG:4326 on request,2024-10 (adopted); 2025-07 (republication snapshot),OFFICIAL,Toshkent shahar hokimligi - Raqamli rivojlantirish boshqarmasi,https://services8.arcgis.com/GyR85gR88mMqIY4t/arcgis/rest/services/Tashkent_Mahallas/FeatureServer/0,A,2024-10-23,2026-09-18,Decision number NOT ESTABLISHED
UZ-TAS-MFY-268,NULL,Minor mahallasi,Минор маҳалласи,Минор махалля,NULL,Minor mahallasi,Minor,NULL,NULL,Mahalla fuqarolar yig'ini (MFY),Yunusobod,UZ-TAS-YUNUSOBOD,1726266,NULL,NULL,NULL,NULL,NULL,NULL,2024-10-23,NOT ESTABLISHED,2024-10-23,https://e-qaror.gov.uz (Tashkent City Kengash decisions; individual act not located),NULL,NULL,NULL,155.74,YES,NO,"Tashkent City Hokimiyat, Dept. of Digital Development, via Open Data Tashkent; republished on Esri CAC GeoPortal",https://hub.arcgis.com/api/v3/datasets/c51c854bad2d48f1beaad40272f8d483_0/downloads/data?format=geojson&spatialRefId=4326,https://services8.arcgis.com/GyR85gR88mMqIY4t/arcgis/rest/services/Tashkent_Mahallas/FeatureServer/0,stored EPSG:102100/3857; served as EPSG:4326 on request,2024-10 (adopted); 2025-07 (republication snapshot),OFFICIAL,Toshkent shahar hokimligi - Raqamli rivojlantirish boshqarmasi,https://services8.arcgis.com/GyR85gR88mMqIY4t/arcgis/rest/services/Tashkent_Mahallas/FeatureServer/0,A,2024-10-23,2026-09-18,Decision number NOT ESTABLISHED
UZ-TAS-MFY-269,NULL,Nurmakon mahallasi,Нурмакон маҳалласи,Нурмакон махалля,NULL,Nurmakon mahallasi,Nurmakon,NULL,NULL,Mahalla fuqarolar yig'ini (MFY),Yunusobod,UZ-TAS-YUNUSOBOD,1726266,NULL,NULL,NULL,NULL,NULL,NULL,2024-10-23,NOT ESTABLISHED,2024-10-23,https://e-qaror.gov.uz (Tashkent City Kengash decisions; individual act not located),NULL,NULL,NULL,19.04,YES,NO,"Tashkent City Hokimiyat, Dept. of Digital Development, via Open Data Tashkent; republished on Esri CAC GeoPortal",https://hub.arcgis.com/api/v3/datasets/c51c854bad2d48f1beaad40272f8d483_0/downloads/data?format=geojson&spatialRefId=4326,https://services8.arcgis.com/GyR85gR88mMqIY4t/arcgis/rest/services/Tashkent_Mahallas/FeatureServer/0,stored EPSG:102100/3857; served as EPSG:4326 on request,2024-10 (adopted); 2025-07 (republication snapshot),OFFICIAL,Toshkent shahar hokimligi - Raqamli rivojlantirish boshqarmasi,https://services8.arcgis.com/GyR85gR88mMqIY4t/arcgis/rest/services/Tashkent_Mahallas/FeatureServer/0,A,2024-10-23,2026-09-18,Decision number NOT ESTABLISHED
UZ-TAS-MFY-270,NULL,Husniobod mahallasi,Ҳусниобод маҳалласи,Хусниобод махалля,NULL,Husniobod mahallasi,Husniobod,NULL,NULL,Mahalla fuqarolar yig'ini (MFY),Yunusobod,UZ-TAS-YUNUSOBOD,1726266,NULL,NULL,NULL,NULL,NULL,NULL,2024-10-23,NOT ESTABLISHED,2024-10-23,https://e-qaror.gov.uz (Tashkent City Kengash decisions; individual act not located),NULL,NULL,NULL,38.71,YES,NO,"Tashkent City Hokimiyat, Dept. of Digital Development, via Open Data Tashkent; republished on Esri CAC GeoPortal",https://hub.arcgis.com/api/v3/datasets/c51c854bad2d48f1beaad40272f8d483_0/downloads/data?format=geojson&spatialRefId=4326,https://services8.arcgis.com/GyR85gR88mMqIY4t/arcgis/rest/services/Tashkent_Mahallas/FeatureServer/0,stored EPSG:102100/3857; served as EPSG:4326 on request,2024-10 (adopted); 2025-07 (republication snapshot),OFFICIAL,Toshkent shahar hokimligi - Raqamli rivojlantirish boshqarmasi,https://services8.arcgis.com/GyR85gR88mMqIY4t/arcgis/rest/services/Tashkent_Mahallas/FeatureServer/0,A,2024-10-23,2026-09-18,Decision number NOT ESTABLISHED
UZ-TAS-MFY-271,NULL,Bog'ieram mahallasi,Боғиэрам маҳалласи,Богиэрам махалля,NULL,Bog'ieram mahallasi,Bog'ieram,NULL,NULL,Mahalla fuqarolar yig'ini (MFY),Yunusobod,UZ-TAS-YUNUSOBOD,1726266,NULL,NULL,NULL,NULL,NULL,NULL,2024-10-23,NOT ESTABLISHED,2024-10-23,https://e-qaror.gov.uz (Tashkent City Kengash decisions; individual act not located),NULL,NULL,NULL,21.28,YES,NO,"Tashkent City Hokimiyat, Dept. of Digital Development, via Open Data Tashkent; republished on Esri CAC GeoPortal",https://hub.arcgis.com/api/v3/datasets/c51c854bad2d48f1beaad40272f8d483_0/downloads/data?format=geojson&spatialRefId=4326,https://services8.arcgis.com/GyR85gR88mMqIY4t/arcgis/rest/services/Tashkent_Mahallas/FeatureServer/0,stored EPSG:102100/3857; served as EPSG:4326 on request,2024-10 (adopted); 2025-07 (republication snapshot),OFFICIAL,Toshkent shahar hokimligi - Raqamli rivojlantirish boshqarmasi,https://services8.arcgis.com/GyR85gR88mMqIY4t/arcgis/rest/services/Tashkent_Mahallas/FeatureServer/0,A,2024-10-23,2026-09-18,Decision number NOT ESTABLISHED
UZ-TAS-MFY-272,NULL,Uvaysiy mahallasi,Увайсий маҳалласи,Увайсий махалля,NULL,Uvaysiy mahallasi,Uvaysiy,NULL,NULL,Mahalla fuqarolar yig'ini (MFY),Yunusobod,UZ-TAS-YUNUSOBOD,1726266,NULL,NULL,NULL,NULL,NULL,NULL,2024-10-23,NOT ESTABLISHED,2024-10-23,https://e-qaror.gov.uz (Tashkent City Kengash decisions; individual act not located),NULL,NULL,NULL,34.03,YES,NO,"Tashkent City Hokimiyat, Dept. of Digital Development, via Open Data Tashkent; republished on Esri CAC GeoPortal",https://hub.arcgis.com/api/v3/datasets/c51c854bad2d48f1beaad40272f8d483_0/downloads/data?format=geojson&spatialRefId=4326,https://services8.arcgis.com/GyR85gR88mMqIY4t/arcgis/rest/services/Tashkent_Mahallas/FeatureServer/0,stored EPSG:102100/3857; served as EPSG:4326 on request,2024-10 (adopted); 2025-07 (republication snapshot),OFFICIAL,Toshkent shahar hokimligi - Raqamli rivojlantirish boshqarmasi,https://services8.arcgis.com/GyR85gR88mMqIY4t/arcgis/rest/services/Tashkent_Mahallas/FeatureServer/0,A,2024-10-23,2026-09-18,Decision number NOT ESTABLISHED
UZ-TAS-MFY-273,NULL,Qadrdon mahallasi,Қадрдон маҳалласи,Кадрдон махалля,NULL,Qadrdon mahallasi,Qadrdon,NULL,NULL,Mahalla fuqarolar yig'ini (MFY),Yunusobod,UZ-TAS-YUNUSOBOD,1726266,NULL,NULL,NULL,NULL,NULL,NULL,2024-10-23,NOT ESTABLISHED,2024-10-23,https://e-qaror.gov.uz (Tashkent City Kengash decisions; individual act not located),NULL,NULL,NULL,78.76,YES,NO,"Tashkent City Hokimiyat, Dept. of Digital Development, via Open Data Tashkent; republished on Esri CAC GeoPortal",https://hub.arcgis.com/api/v3/datasets/c51c854bad2d48f1beaad40272f8d483_0/downloads/data?format=geojson&spatialRefId=4326,https://services8.arcgis.com/GyR85gR88mMqIY4t/arcgis/rest/services/Tashkent_Mahallas/FeatureServer/0,stored EPSG:102100/3857; served as EPSG:4326 on request,2024-10 (adopted); 2025-07 (republication snapshot),OFFICIAL,Toshkent shahar hokimligi - Raqamli rivojlantirish boshqarmasi,https://services8.arcgis.com/GyR85gR88mMqIY4t/arcgis/rest/services/Tashkent_Mahallas/FeatureServer/0,A,2024-10-23,2026-09-18,Decision number NOT ESTABLISHED
UZ-TAS-MFY-274,NULL,Kulolqo'rg'on mahallasi,Кулолқўрғон маҳалласи,Кулолкургон махалля,NULL,Kulolqo'rg'on mahallasi,Kulolqo'rg'on,NULL,NULL,Mahalla fuqarolar yig'ini (MFY),Yunusobod,UZ-TAS-YUNUSOBOD,1726266,NULL,NULL,NULL,NULL,NULL,NULL,2024-10-23,NOT ESTABLISHED,2024-10-23,https://e-qaror.gov.uz (Tashkent City Kengash decisions; individual act not located),NULL,NULL,NULL,43.65,YES,NO,"Tashkent City Hokimiyat, Dept. of Digital Development, via Open Data Tashkent; republished on Esri CAC GeoPortal",https://hub.arcgis.com/api/v3/datasets/c51c854bad2d48f1beaad40272f8d483_0/downloads/data?format=geojson&spatialRefId=4326,https://services8.arcgis.com/GyR85gR88mMqIY4t/arcgis/rest/services/Tashkent_Mahallas/FeatureServer/0,stored EPSG:102100/3857; served as EPSG:4326 on request,2024-10 (adopted); 2025-07 (republication snapshot),OFFICIAL,Toshkent shahar hokimligi - Raqamli rivojlantirish boshqarmasi,https://services8.arcgis.com/GyR85gR88mMqIY4t/arcgis/rest/services/Tashkent_Mahallas/FeatureServer/0,A,2024-10-23,2026-09-18,Decision number NOT ESTABLISHED
UZ-TAS-MFY-275,NULL,Turkiston mahallasi,Туркистон маҳалласи,Туркистон махалля,NULL,Turkiston mahallasi,Turkiston,NULL,NULL,Mahalla fuqarolar yig'ini (MFY),Yunusobod,UZ-TAS-YUNUSOBOD,1726266,NULL,NULL,NULL,NULL,NULL,NULL,2024-10-23,NOT ESTABLISHED,2024-10-23,https://e-qaror.gov.uz (Tashkent City Kengash decisions; individual act not located),NULL,NULL,NULL,100.45,YES,NO,"Tashkent City Hokimiyat, Dept. of Digital Development, via Open Data Tashkent; republished on Esri CAC GeoPortal",https://hub.arcgis.com/api/v3/datasets/c51c854bad2d48f1beaad40272f8d483_0/downloads/data?format=geojson&spatialRefId=4326,https://services8.arcgis.com/GyR85gR88mMqIY4t/arcgis/rest/services/Tashkent_Mahallas/FeatureServer/0,stored EPSG:102100/3857; served as EPSG:4326 on request,2024-10 (adopted); 2025-07 (republication snapshot),OFFICIAL,Toshkent shahar hokimligi - Raqamli rivojlantirish boshqarmasi,https://services8.arcgis.com/GyR85gR88mMqIY4t/arcgis/rest/services/Tashkent_Mahallas/FeatureServer/0,A,2024-10-23,2026-09-18,Decision number NOT ESTABLISHED
UZ-TAS-MFY-276,NULL,Registon mahallasi,Регистон маҳалласи,Регистон махалля,NULL,Registon mahallasi,Registon,NULL,NULL,Mahalla fuqarolar yig'ini (MFY),Yunusobod,UZ-TAS-YUNUSOBOD,1726266,NULL,NULL,NULL,NULL,NULL,NULL,2024-10-23,NOT ESTABLISHED,2024-10-23,https://e-qaror.gov.uz (Tashkent City Kengash decisions; individual act not located),NULL,NULL,NULL,51.44,YES,NO,"Tashkent City Hokimiyat, Dept. of Digital Development, via Open Data Tashkent; republished on Esri CAC GeoPortal",https://hub.arcgis.com/api/v3/datasets/c51c854bad2d48f1beaad40272f8d483_0/downloads/data?format=geojson&spatialRefId=4326,https://services8.arcgis.com/GyR85gR88mMqIY4t/arcgis/rest/services/Tashkent_Mahallas/FeatureServer/0,stored EPSG:102100/3857; served as EPSG:4326 on request,2024-10 (adopted); 2025-07 (republication snapshot),OFFICIAL,Toshkent shahar hokimligi - Raqamli rivojlantirish boshqarmasi,https://services8.arcgis.com/GyR85gR88mMqIY4t/arcgis/rest/services/Tashkent_Mahallas/FeatureServer/0,A,2024-10-23,2026-09-18,Decision number NOT ESTABLISHED
UZ-TAS-MFY-277,NULL,Shayx Shibliy mahallasi,Шайх Шиблий маҳалласи,Шайх Шивлий махалля,NULL,Shayx Shibliy mahallasi,Shayx Shibliy,NULL,NULL,Mahalla fuqarolar yig'ini (MFY),Yunusobod,UZ-TAS-YUNUSOBOD,1726266,NULL,NULL,NULL,NULL,NULL,NULL,2024-10-23,NOT ESTABLISHED,2024-10-23,https://e-qaror.gov.uz (Tashkent City Kengash decisions; individual act not located),NULL,NULL,NULL,49.35,YES,NO,"Tashkent City Hokimiyat, Dept. of Digital Development, via Open Data Tashkent; republished on Esri CAC GeoPortal",https://hub.arcgis.com/api/v3/datasets/c51c854bad2d48f1beaad40272f8d483_0/downloads/data?format=geojson&spatialRefId=4326,https://services8.arcgis.com/GyR85gR88mMqIY4t/arcgis/rest/services/Tashkent_Mahallas/FeatureServer/0,stored EPSG:102100/3857; served as EPSG:4326 on request,2024-10 (adopted); 2025-07 (republication snapshot),OFFICIAL,Toshkent shahar hokimligi - Raqamli rivojlantirish boshqarmasi,https://services8.arcgis.com/GyR85gR88mMqIY4t/arcgis/rest/services/Tashkent_Mahallas/FeatureServer/0,A,2024-10-23,2026-09-18,Decision number NOT ESTABLISHED
UZ-TAS-MFY-278,NULL,Muruvvat mahallasi,Мурувват маҳалласи,Мурувват махалля,NULL,Muruvvat mahallasi,Muruvvat,NULL,NULL,Mahalla fuqarolar yig'ini (MFY),Yunusobod,UZ-TAS-YUNUSOBOD,1726266,NULL,NULL,NULL,NULL,NULL,NULL,2024-10-23,NOT ESTABLISHED,2024-10-23,https://e-qaror.gov.uz (Tashkent City Kengash decisions; individual act not located),NULL,NULL,NULL,16.61,YES,NO,"Tashkent City Hokimiyat, Dept. of Digital Development, via Open Data Tashkent; republished on Esri CAC GeoPortal",https://hub.arcgis.com/api/v3/datasets/c51c854bad2d48f1beaad40272f8d483_0/downloads/data?format=geojson&spatialRefId=4326,https://services8.arcgis.com/GyR85gR88mMqIY4t/arcgis/rest/services/Tashkent_Mahallas/FeatureServer/0,stored EPSG:102100/3857; served as EPSG:4326 on request,2024-10 (adopted); 2025-07 (republication snapshot),OFFICIAL,Toshkent shahar hokimligi - Raqamli rivojlantirish boshqarmasi,https://services8.arcgis.com/GyR85gR88mMqIY4t/arcgis/rest/services/Tashkent_Mahallas/FeatureServer/0,A,2024-10-23,2026-09-18,Decision number NOT ESTABLISHED
UZ-TAS-MFY-279,NULL,Qo'shchinor mahallasi,Қўшчинор маҳалласи,Кушчинор махалля,NULL,Qo'shchinor mahallasi,Qo'shchinor,NULL,NULL,Mahalla fuqarolar yig'ini (MFY),Yunusobod,UZ-TAS-YUNUSOBOD,1726266,NULL,NULL,NULL,NULL,NULL,NULL,2024-10-23,NOT ESTABLISHED,2024-10-23,https://e-qaror.gov.uz (Tashkent City Kengash decisions; individual act not located),NULL,NULL,NULL,17.38,YES,NO,"Tashkent City Hokimiyat, Dept. of Digital Development, via Open Data Tashkent; republished on Esri CAC GeoPortal",https://hub.arcgis.com/api/v3/datasets/c51c854bad2d48f1beaad40272f8d483_0/downloads/data?format=geojson&spatialRefId=4326,https://services8.arcgis.com/GyR85gR88mMqIY4t/arcgis/rest/services/Tashkent_Mahallas/FeatureServer/0,stored EPSG:102100/3857; served as EPSG:4326 on request,2024-10 (adopted); 2025-07 (republication snapshot),OFFICIAL,Toshkent shahar hokimligi - Raqamli rivojlantirish boshqarmasi,https://services8.arcgis.com/GyR85gR88mMqIY4t/arcgis/rest/services/Tashkent_Mahallas/FeatureServer/0,A,2024-10-23,2026-09-18,Decision number NOT ESTABLISHED
UZ-TAS-MFY-280,NULL,Yangibog' mahallasi,Янгибоғ маҳалласи,Янгибог махалля,NULL,Yangibog' mahallasi,Yangibog',NULL,NULL,Mahalla fuqarolar yig'ini (MFY),Yunusobod,UZ-TAS-YUNUSOBOD,1726266,NULL,NULL,NULL,NULL,NULL,NULL,2024-10-23,NOT ESTABLISHED,2024-10-23,https://e-qaror.gov.uz (Tashkent City Kengash decisions; individual act not located),NULL,NULL,NULL,30.07,YES,NO,"Tashkent City Hokimiyat, Dept. of Digital Development, via Open Data Tashkent; republished on Esri CAC GeoPortal",https://hub.arcgis.com/api/v3/datasets/c51c854bad2d48f1beaad40272f8d483_0/downloads/data?format=geojson&spatialRefId=4326,https://services8.arcgis.com/GyR85gR88mMqIY4t/arcgis/rest/services/Tashkent_Mahallas/FeatureServer/0,stored EPSG:102100/3857; served as EPSG:4326 on request,2024-10 (adopted); 2025-07 (republication snapshot),OFFICIAL,Toshkent shahar hokimligi - Raqamli rivojlantirish boshqarmasi,https://services8.arcgis.com/GyR85gR88mMqIY4t/arcgis/rest/services/Tashkent_Mahallas/FeatureServer/0,A,2024-10-23,2026-09-18,Decision number NOT ESTABLISHED
UZ-TAS-MFY-281,NULL,O'zbekiston mustaqilligi mahallasi,Ўзбекистон мустақиллиги маҳалласи,Узбекистон мустакиллиги махалля,NULL,O'zbekiston mustaqilligi mahallasi,O'zbekiston mustaqilligi,NULL,NULL,Mahalla fuqarolar yig'ini (MFY),Yunusobod,UZ-TAS-YUNUSOBOD,1726266,NULL,NULL,NULL,NULL,NULL,NULL,2024-10-23,NOT ESTABLISHED,2024-10-23,https://e-qaror.gov.uz (Tashkent City Kengash decisions; individual act not located),NULL,NULL,NULL,11.73,YES,NO,"Tashkent City Hokimiyat, Dept. of Digital Development, via Open Data Tashkent; republished on Esri CAC GeoPortal",https://hub.arcgis.com/api/v3/datasets/c51c854bad2d48f1beaad40272f8d483_0/downloads/data?format=geojson&spatialRefId=4326,https://services8.arcgis.com/GyR85gR88mMqIY4t/arcgis/rest/services/Tashkent_Mahallas/FeatureServer/0,stored EPSG:102100/3857; served as EPSG:4326 on request,2024-10 (adopted); 2025-07 (republication snapshot),OFFICIAL,Toshkent shahar hokimligi - Raqamli rivojlantirish boshqarmasi,https://services8.arcgis.com/GyR85gR88mMqIY4t/arcgis/rest/services/Tashkent_Mahallas/FeatureServer/0,A,2024-10-23,2026-09-18,Decision number NOT ESTABLISHED
UZ-TAS-MFY-282,NULL,Sobirobod mahallasi,Собиробод маҳалласи,Собиробод махалля,NULL,Sobirobod mahallasi,Sobirobod,NULL,NULL,Mahalla fuqarolar yig'ini (MFY),Yunusobod,UZ-TAS-YUNUSOBOD,1726266,NULL,NULL,NULL,NULL,NULL,NULL,2024-10-23,NOT ESTABLISHED,2024-10-23,https://e-qaror.gov.uz (Tashkent City Kengash decisions; individual act not located),NULL,NULL,NULL,44.9,YES,NO,"Tashkent City Hokimiyat, Dept. of Digital Development, via Open Data Tashkent; republished on Esri CAC GeoPortal",https://hub.arcgis.com/api/v3/datasets/c51c854bad2d48f1beaad40272f8d483_0/downloads/data?format=geojson&spatialRefId=4326,https://services8.arcgis.com/GyR85gR88mMqIY4t/arcgis/rest/services/Tashkent_Mahallas/FeatureServer/0,stored EPSG:102100/3857; served as EPSG:4326 on request,2024-10 (adopted); 2025-07 (republication snapshot),OFFICIAL,Toshkent shahar hokimligi - Raqamli rivojlantirish boshqarmasi,https://services8.arcgis.com/GyR85gR88mMqIY4t/arcgis/rest/services/Tashkent_Mahallas/FeatureServer/0,A,2024-10-23,2026-09-18,Decision number NOT ESTABLISHED
UZ-TAS-MFY-283,NULL,Hasanboy mahallasi,Ҳасанбой маҳалласи,Хасанбой махалля,NULL,Hasanboy mahallasi,Hasanboy,NULL,NULL,Mahalla fuqarolar yig'ini (MFY),Yunusobod,UZ-TAS-YUNUSOBOD,1726266,NULL,NULL,NULL,NULL,NULL,NULL,2024-10-23,NOT ESTABLISHED,2024-10-23,https://e-qaror.gov.uz (Tashkent City Kengash decisions; individual act not located),NULL,NULL,NULL,163.84,YES,NO,"Tashkent City Hokimiyat, Dept. of Digital Development, via Open Data Tashkent; republished on Esri CAC GeoPortal",https://hub.arcgis.com/api/v3/datasets/c51c854bad2d48f1beaad40272f8d483_0/downloads/data?format=geojson&spatialRefId=4326,https://services8.arcgis.com/GyR85gR88mMqIY4t/arcgis/rest/services/Tashkent_Mahallas/FeatureServer/0,stored EPSG:102100/3857; served as EPSG:4326 on request,2024-10 (adopted); 2025-07 (republication snapshot),OFFICIAL,Toshkent shahar hokimligi - Raqamli rivojlantirish boshqarmasi,https://services8.arcgis.com/GyR85gR88mMqIY4t/arcgis/rest/services/Tashkent_Mahallas/FeatureServer/0,A,2024-10-23,2026-09-18,Decision number NOT ESTABLISHED
UZ-TAS-MFY-284,NULL,Matonat mahallasi,Матонат маҳалласи,Матонат махалля,NULL,Matonat mahallasi,Matonat,NULL,NULL,Mahalla fuqarolar yig'ini (MFY),Yunusobod,UZ-TAS-YUNUSOBOD,1726266,NULL,NULL,NULL,NULL,NULL,NULL,2024-10-23,NOT ESTABLISHED,2024-10-23,https://e-qaror.gov.uz (Tashkent City Kengash decisions; individual act not located),NULL,NULL,NULL,74.26,YES,NO,"Tashkent City Hokimiyat, Dept. of Digital Development, via Open Data Tashkent; republished on Esri CAC GeoPortal",https://hub.arcgis.com/api/v3/datasets/c51c854bad2d48f1beaad40272f8d483_0/downloads/data?format=geojson&spatialRefId=4326,https://services8.arcgis.com/GyR85gR88mMqIY4t/arcgis/rest/services/Tashkent_Mahallas/FeatureServer/0,stored EPSG:102100/3857; served as EPSG:4326 on request,2024-10 (adopted); 2025-07 (republication snapshot),OFFICIAL,Toshkent shahar hokimligi - Raqamli rivojlantirish boshqarmasi,https://services8.arcgis.com/GyR85gR88mMqIY4t/arcgis/rest/services/Tashkent_Mahallas/FeatureServer/0,A,2024-10-23,2026-09-18,Decision number NOT ESTABLISHED
UZ-TAS-MFY-285,NULL,Mehnatobod mahallasi,Меҳнатобод маҳалласи,Мехнатобод махалля,NULL,Mehnatobod mahallasi,Mehnatobod,NULL,NULL,Mahalla fuqarolar yig'ini (MFY),Yunusobod,UZ-TAS-YUNUSOBOD,1726266,NULL,NULL,NULL,NULL,NULL,NULL,2024-10-23,NOT ESTABLISHED,2024-10-23,https://e-qaror.gov.uz (Tashkent City Kengash decisions; individual act not located),NULL,NULL,NULL,24.01,YES,NO,"Tashkent City Hokimiyat, Dept. of Digital Development, via Open Data Tashkent; republished on Esri CAC GeoPortal",https://hub.arcgis.com/api/v3/datasets/c51c854bad2d48f1beaad40272f8d483_0/downloads/data?format=geojson&spatialRefId=4326,https://services8.arcgis.com/GyR85gR88mMqIY4t/arcgis/rest/services/Tashkent_Mahallas/FeatureServer/0,stored EPSG:102100/3857; served as EPSG:4326 on request,2024-10 (adopted); 2025-07 (republication snapshot),OFFICIAL,Toshkent shahar hokimligi - Raqamli rivojlantirish boshqarmasi,https://services8.arcgis.com/GyR85gR88mMqIY4t/arcgis/rest/services/Tashkent_Mahallas/FeatureServer/0,A,2024-10-23,2026-09-18,Decision number NOT ESTABLISHED
UZ-TAS-MFY-286,NULL,Yangiariq mahallasi,Янгиариқ маҳалласи,Янгиарик махалля,NULL,Yangiariq mahallasi,Yangiariq,NULL,NULL,Mahalla fuqarolar yig'ini (MFY),Yunusobod,UZ-TAS-YUNUSOBOD,1726266,NULL,NULL,NULL,NULL,NULL,NULL,2024-10-23,NOT ESTABLISHED,2024-10-23,https://e-qaror.gov.uz (Tashkent City Kengash decisions; individual act not located),NULL,NULL,NULL,51.19,YES,NO,"Tashkent City Hokimiyat, Dept. of Digital Development, via Open Data Tashkent; republished on Esri CAC GeoPortal",https://hub.arcgis.com/api/v3/datasets/c51c854bad2d48f1beaad40272f8d483_0/downloads/data?format=geojson&spatialRefId=4326,https://services8.arcgis.com/GyR85gR88mMqIY4t/arcgis/rest/services/Tashkent_Mahallas/FeatureServer/0,stored EPSG:102100/3857; served as EPSG:4326 on request,2024-10 (adopted); 2025-07 (republication snapshot),OFFICIAL,Toshkent shahar hokimligi - Raqamli rivojlantirish boshqarmasi,https://services8.arcgis.com/GyR85gR88mMqIY4t/arcgis/rest/services/Tashkent_Mahallas/FeatureServer/0,A,2024-10-23,2026-09-18,Decision number NOT ESTABLISHED
UZ-TAS-MFY-287,NULL,Jomiy mahallasi,Жомий маҳалласи,Жомий махалля,NULL,Jomiy mahallasi,Jomiy,NULL,NULL,Mahalla fuqarolar yig'ini (MFY),Yunusobod,UZ-TAS-YUNUSOBOD,1726266,NULL,NULL,NULL,NULL,NULL,NULL,2024-10-23,NOT ESTABLISHED,2024-10-23,https://e-qaror.gov.uz (Tashkent City Kengash decisions; individual act not located),NULL,NULL,NULL,44.26,YES,NO,"Tashkent City Hokimiyat, Dept. of Digital Development, via Open Data Tashkent; republished on Esri CAC GeoPortal",https://hub.arcgis.com/api/v3/datasets/c51c854bad2d48f1beaad40272f8d483_0/downloads/data?format=geojson&spatialRefId=4326,https://services8.arcgis.com/GyR85gR88mMqIY4t/arcgis/rest/services/Tashkent_Mahallas/FeatureServer/0,stored EPSG:102100/3857; served as EPSG:4326 on request,2024-10 (adopted); 2025-07 (republication snapshot),OFFICIAL,Toshkent shahar hokimligi - Raqamli rivojlantirish boshqarmasi,https://services8.arcgis.com/GyR85gR88mMqIY4t/arcgis/rest/services/Tashkent_Mahallas/FeatureServer/0,A,2024-10-23,2026-09-18,Decision number NOT ESTABLISHED
UZ-TAS-MFY-288,NULL,Turkqo'rg'on mahallasi,Туркқўрғон маҳалласи,Турккургон махалля,NULL,Turkqo'rg'on mahallasi,Turkqo'rg'on,NULL,NULL,Mahalla fuqarolar yig'ini (MFY),Yunusobod,UZ-TAS-YUNUSOBOD,1726266,NULL,NULL,NULL,NULL,NULL,NULL,2024-10-23,NOT ESTABLISHED,2024-10-23,https://e-qaror.gov.uz (Tashkent City Kengash decisions; individual act not located),NULL,NULL,NULL,28.78,YES,NO,"Tashkent City Hokimiyat, Dept. of Digital Development, via Open Data Tashkent; republished on Esri CAC GeoPortal",https://hub.arcgis.com/api/v3/datasets/c51c854bad2d48f1beaad40272f8d483_0/downloads/data?format=geojson&spatialRefId=4326,https://services8.arcgis.com/GyR85gR88mMqIY4t/arcgis/rest/services/Tashkent_Mahallas/FeatureServer/0,stored EPSG:102100/3857; served as EPSG:4326 on request,2024-10 (adopted); 2025-07 (republication snapshot),OFFICIAL,Toshkent shahar hokimligi - Raqamli rivojlantirish boshqarmasi,https://services8.arcgis.com/GyR85gR88mMqIY4t/arcgis/rest/services/Tashkent_Mahallas/FeatureServer/0,A,2024-10-23,2026-09-18,Decision number NOT ESTABLISHED
UZ-TAS-MFY-289,NULL,Astrobod mahallasi,Астробод маҳалласи,Астробод махалля,NULL,Astrobod mahallasi,Astrobod,NULL,NULL,Mahalla fuqarolar yig'ini (MFY),Yunusobod,UZ-TAS-YUNUSOBOD,1726266,NULL,NULL,NULL,NULL,NULL,NULL,2024-10-23,NOT ESTABLISHED,2024-10-23,https://e-qaror.gov.uz (Tashkent City Kengash decisions; individual act not located),NULL,NULL,NULL,39.39,YES,NO,"Tashkent City Hokimiyat, Dept. of Digital Development, via Open Data Tashkent; republished on Esri CAC GeoPortal",https://hub.arcgis.com/api/v3/datasets/c51c854bad2d48f1beaad40272f8d483_0/downloads/data?format=geojson&spatialRefId=4326,https://services8.arcgis.com/GyR85gR88mMqIY4t/arcgis/rest/services/Tashkent_Mahallas/FeatureServer/0,stored EPSG:102100/3857; served as EPSG:4326 on request,2024-10 (adopted); 2025-07 (republication snapshot),OFFICIAL,Toshkent shahar hokimligi - Raqamli rivojlantirish boshqarmasi,https://services8.arcgis.com/GyR85gR88mMqIY4t/arcgis/rest/services/Tashkent_Mahallas/FeatureServer/0,A,2024-10-23,2026-09-18,Decision number NOT ESTABLISHED
UZ-TAS-MFY-290,NULL,Bobodehqon mahallasi,Бободеҳқон маҳалласи,Бободехкон махалля,NULL,Bobodehqon mahallasi,Bobodehqon,NULL,NULL,Mahalla fuqarolar yig'ini (MFY),Yunusobod,UZ-TAS-YUNUSOBOD,1726266,NULL,NULL,NULL,NULL,NULL,NULL,2024-10-23,NOT ESTABLISHED,2024-10-23,https://e-qaror.gov.uz (Tashkent City Kengash decisions; individual act not located),NULL,NULL,NULL,114.75,YES,NO,"Tashkent City Hokimiyat, Dept. of Digital Development, via Open Data Tashkent; republished on Esri CAC GeoPortal",https://hub.arcgis.com/api/v3/datasets/c51c854bad2d48f1beaad40272f8d483_0/downloads/data?format=geojson&spatialRefId=4326,https://services8.arcgis.com/GyR85gR88mMqIY4t/arcgis/rest/services/Tashkent_Mahallas/FeatureServer/0,stored EPSG:102100/3857; served as EPSG:4326 on request,2024-10 (adopted); 2025-07 (republication snapshot),OFFICIAL,Toshkent shahar hokimligi - Raqamli rivojlantirish boshqarmasi,https://services8.arcgis.com/GyR85gR88mMqIY4t/arcgis/rest/services/Tashkent_Mahallas/FeatureServer/0,A,2024-10-23,2026-09-18,Decision number NOT ESTABLISHED
UZ-TAS-MFY-291,NULL,Ahilobod mahallasi,Аҳилобод маҳалласи,Ахилобод махалля,NULL,Ahilobod mahallasi,Ahilobod,NULL,NULL,Mahalla fuqarolar yig'ini (MFY),Yunusobod,UZ-TAS-YUNUSOBOD,1726266,NULL,NULL,NULL,NULL,NULL,NULL,2024-10-23,NOT ESTABLISHED,2024-10-23,https://e-qaror.gov.uz (Tashkent City Kengash decisions; individual act not located),NULL,NULL,NULL,33.44,YES,NO,"Tashkent City Hokimiyat, Dept. of Digital Development, via Open Data Tashkent; republished on Esri CAC GeoPortal",https://hub.arcgis.com/api/v3/datasets/c51c854bad2d48f1beaad40272f8d483_0/downloads/data?format=geojson&spatialRefId=4326,https://services8.arcgis.com/GyR85gR88mMqIY4t/arcgis/rest/services/Tashkent_Mahallas/FeatureServer/0,stored EPSG:102100/3857; served as EPSG:4326 on request,2024-10 (adopted); 2025-07 (republication snapshot),OFFICIAL,Toshkent shahar hokimligi - Raqamli rivojlantirish boshqarmasi,https://services8.arcgis.com/GyR85gR88mMqIY4t/arcgis/rest/services/Tashkent_Mahallas/FeatureServer/0,A,2024-10-23,2026-09-18,Decision number NOT ESTABLISHED
UZ-TAS-MFY-292,NULL,Buyuk Turon mahallasi,Буюк Турон маҳалласи,Буюк Турон махалля,NULL,Buyuk Turon mahallasi,Buyuk Turon,NULL,NULL,Mahalla fuqarolar yig'ini (MFY),Yunusobod,UZ-TAS-YUNUSOBOD,1726266,NULL,NULL,NULL,NULL,NULL,NULL,2024-10-23,NOT ESTABLISHED,2024-10-23,https://e-qaror.gov.uz (Tashkent City Kengash decisions; individual act not located),NULL,NULL,NULL,91.37,YES,NO,"Tashkent City Hokimiyat, Dept. of Digital Development, via Open Data Tashkent; republished on Esri CAC GeoPortal",https://hub.arcgis.com/api/v3/datasets/c51c854bad2d48f1beaad40272f8d483_0/downloads/data?format=geojson&spatialRefId=4326,https://services8.arcgis.com/GyR85gR88mMqIY4t/arcgis/rest/services/Tashkent_Mahallas/FeatureServer/0,stored EPSG:102100/3857; served as EPSG:4326 on request,2024-10 (adopted); 2025-07 (republication snapshot),OFFICIAL,Toshkent shahar hokimligi - Raqamli rivojlantirish boshqarmasi,https://services8.arcgis.com/GyR85gR88mMqIY4t/arcgis/rest/services/Tashkent_Mahallas/FeatureServer/0,A,2024-10-23,2026-09-18,Decision number NOT ESTABLISHED
UZ-TAS-MFY-293,NULL,G'ayratiy mahallasi,Ғайратий маҳалласи,Гайратий махалля,NULL,G'ayratiy mahallasi,G'ayratiy,NULL,NULL,Mahalla fuqarolar yig'ini (MFY),Yunusobod,UZ-TAS-YUNUSOBOD,1726266,NULL,NULL,NULL,NULL,NULL,NULL,2024-10-23,NOT ESTABLISHED,2024-10-23,https://e-qaror.gov.uz (Tashkent City Kengash decisions; individual act not located),NULL,NULL,NULL,33.78,YES,NO,"Tashkent City Hokimiyat, Dept. of Digital Development, via Open Data Tashkent; republished on Esri CAC GeoPortal",https://hub.arcgis.com/api/v3/datasets/c51c854bad2d48f1beaad40272f8d483_0/downloads/data?format=geojson&spatialRefId=4326,https://services8.arcgis.com/GyR85gR88mMqIY4t/arcgis/rest/services/Tashkent_Mahallas/FeatureServer/0,stored EPSG:102100/3857; served as EPSG:4326 on request,2024-10 (adopted); 2025-07 (republication snapshot),OFFICIAL,Toshkent shahar hokimligi - Raqamli rivojlantirish boshqarmasi,https://services8.arcgis.com/GyR85gR88mMqIY4t/arcgis/rest/services/Tashkent_Mahallas/FeatureServer/0,A,2024-10-23,2026-09-18,Decision number NOT ESTABLISHED
UZ-TAS-MFY-294,NULL,Adolat mahallasi,Адолат маҳалласи,Адолат махалля,NULL,Adolat mahallasi,Adolat,NULL,NULL,Mahalla fuqarolar yig'ini (MFY),Yunusobod,UZ-TAS-YUNUSOBOD,1726266,NULL,NULL,NULL,NULL,NULL,NULL,2024-10-23,NOT ESTABLISHED,2024-10-23,https://e-qaror.gov.uz (Tashkent City Kengash decisions; individual act not located),NULL,NULL,NULL,42.86,YES,NO,"Tashkent City Hokimiyat, Dept. of Digital Development, via Open Data Tashkent; republished on Esri CAC GeoPortal",https://hub.arcgis.com/api/v3/datasets/c51c854bad2d48f1beaad40272f8d483_0/downloads/data?format=geojson&spatialRefId=4326,https://services8.arcgis.com/GyR85gR88mMqIY4t/arcgis/rest/services/Tashkent_Mahallas/FeatureServer/0,stored EPSG:102100/3857; served as EPSG:4326 on request,2024-10 (adopted); 2025-07 (republication snapshot),OFFICIAL,Toshkent shahar hokimligi - Raqamli rivojlantirish boshqarmasi,https://services8.arcgis.com/GyR85gR88mMqIY4t/arcgis/rest/services/Tashkent_Mahallas/FeatureServer/0,A,2024-10-23,2026-09-18,Decision number NOT ESTABLISHED
UZ-TAS-MFY-296,NULL,Halqabog' mahallasi,Ҳалқабоғ маҳалласи,Халкабог махалля,NULL,Halqabog' mahallasi,Halqabog',NULL,NULL,Mahalla fuqarolar yig'ini (MFY),Yunusobod,UZ-TAS-YUNUSOBOD,1726266,NULL,NULL,NULL,NULL,NULL,NULL,2024-10-23,NOT ESTABLISHED,2024-10-23,https://e-qaror.gov.uz (Tashkent City Kengash decisions; individual act not located),NULL,NULL,NULL,18.02,YES,NO,"Tashkent City Hokimiyat, Dept. of Digital Development, via Open Data Tashkent; republished on Esri CAC GeoPortal",https://hub.arcgis.com/api/v3/datasets/c51c854bad2d48f1beaad40272f8d483_0/downloads/data?format=geojson&spatialRefId=4326,https://services8.arcgis.com/GyR85gR88mMqIY4t/arcgis/rest/services/Tashkent_Mahallas/FeatureServer/0,stored EPSG:102100/3857; served as EPSG:4326 on request,2024-10 (adopted); 2025-07 (republication snapshot),OFFICIAL,Toshkent shahar hokimligi - Raqamli rivojlantirish boshqarmasi,https://services8.arcgis.com/GyR85gR88mMqIY4t/arcgis/rest/services/Tashkent_Mahallas/FeatureServer/0,A,2024-10-23,2026-09-18,Decision number NOT ESTABLISHED
UZ-TAS-MFY-297,NULL,Akbarobod mahallasi,Акбаробод маҳалласи,Акбаробод махалля,NULL,Akbarobod mahallasi,Akbarobod,NULL,NULL,Mahalla fuqarolar yig'ini (MFY),Yunusobod,UZ-TAS-YUNUSOBOD,1726266,NULL,NULL,NULL,NULL,NULL,NULL,2024-10-23,NOT ESTABLISHED,2024-10-23,https://e-qaror.gov.uz (Tashkent City Kengash decisions; individual act not located),NULL,NULL,NULL,27.49,YES,NO,"Tashkent City Hokimiyat, Dept. of Digital Development, via Open Data Tashkent; republished on Esri CAC GeoPortal",https://hub.arcgis.com/api/v3/datasets/c51c854bad2d48f1beaad40272f8d483_0/downloads/data?format=geojson&spatialRefId=4326,https://services8.arcgis.com/GyR85gR88mMqIY4t/arcgis/rest/services/Tashkent_Mahallas/FeatureServer/0,stored EPSG:102100/3857; served as EPSG:4326 on request,2024-10 (adopted); 2025-07 (republication snapshot),OFFICIAL,Toshkent shahar hokimligi - Raqamli rivojlantirish boshqarmasi,https://services8.arcgis.com/GyR85gR88mMqIY4t/arcgis/rest/services/Tashkent_Mahallas/FeatureServer/0,A,2024-10-23,2026-09-18,Decision number NOT ESTABLISHED
UZ-TAS-MFY-298,NULL,Yunusobod mahallasi,Юнусобод маҳалласи,Юнусобод махалля,NULL,Yunusobod mahallasi,Yunusobod,NULL,NULL,Mahalla fuqarolar yig'ini (MFY),Yunusobod,UZ-TAS-YUNUSOBOD,1726266,NULL,NULL,NULL,NULL,NULL,NULL,2024-10-23,NOT ESTABLISHED,2024-10-23,https://e-qaror.gov.uz (Tashkent City Kengash decisions; individual act not located),NULL,NULL,NULL,98.95,YES,NO,"Tashkent City Hokimiyat, Dept. of Digital Development, via Open Data Tashkent; republished on Esri CAC GeoPortal",https://hub.arcgis.com/api/v3/datasets/c51c854bad2d48f1beaad40272f8d483_0/downloads/data?format=geojson&spatialRefId=4326,https://services8.arcgis.com/GyR85gR88mMqIY4t/arcgis/rest/services/Tashkent_Mahallas/FeatureServer/0,stored EPSG:102100/3857; served as EPSG:4326 on request,2024-10 (adopted); 2025-07 (republication snapshot),OFFICIAL,Toshkent shahar hokimligi - Raqamli rivojlantirish boshqarmasi,https://services8.arcgis.com/GyR85gR88mMqIY4t/arcgis/rest/services/Tashkent_Mahallas/FeatureServer/0,A,2024-10-23,2026-09-18,Decision number NOT ESTABLISHED
UZ-TAS-MFY-299,NULL,Yurtobod mahallasi,Юртобод маҳалласи,Юртобод махалля,NULL,Yurtobod mahallasi,Yurtobod,NULL,NULL,Mahalla fuqarolar yig'ini (MFY),Yunusobod,UZ-TAS-YUNUSOBOD,1726266,NULL,NULL,NULL,NULL,NULL,NULL,2024-10-23,NOT ESTABLISHED,2024-10-23,https://e-qaror.gov.uz (Tashkent City Kengash decisions; individual act not located),NULL,NULL,NULL,16.92,YES,NO,"Tashkent City Hokimiyat, Dept. of Digital Development, via Open Data Tashkent; republished on Esri CAC GeoPortal",https://hub.arcgis.com/api/v3/datasets/c51c854bad2d48f1beaad40272f8d483_0/downloads/data?format=geojson&spatialRefId=4326,https://services8.arcgis.com/GyR85gR88mMqIY4t/arcgis/rest/services/Tashkent_Mahallas/FeatureServer/0,stored EPSG:102100/3857; served as EPSG:4326 on request,2024-10 (adopted); 2025-07 (republication snapshot),OFFICIAL,Toshkent shahar hokimligi - Raqamli rivojlantirish boshqarmasi,https://services8.arcgis.com/GyR85gR88mMqIY4t/arcgis/rest/services/Tashkent_Mahallas/FeatureServer/0,A,2024-10-23,2026-09-18,Decision number NOT ESTABLISHED
UZ-TAS-MFY-300,NULL,Yo'layriq mahallasi,Йўлайриқ маҳалласи,Йулайрик махалля,NULL,Yo'layriq mahallasi,Yo'layriq,NULL,NULL,Mahalla fuqarolar yig'ini (MFY),Yunusobod,UZ-TAS-YUNUSOBOD,1726266,NULL,NULL,NULL,NULL,NULL,NULL,2024-10-23,NOT ESTABLISHED,2024-10-23,https://e-qaror.gov.uz (Tashkent City Kengash decisions; individual act not located),NULL,NULL,NULL,48.77,YES,NO,"Tashkent City Hokimiyat, Dept. of Digital Development, via Open Data Tashkent; republished on Esri CAC GeoPortal",https://hub.arcgis.com/api/v3/datasets/c51c854bad2d48f1beaad40272f8d483_0/downloads/data?format=geojson&spatialRefId=4326,https://services8.arcgis.com/GyR85gR88mMqIY4t/arcgis/rest/services/Tashkent_Mahallas/FeatureServer/0,stored EPSG:102100/3857; served as EPSG:4326 on request,2024-10 (adopted); 2025-07 (republication snapshot),OFFICIAL,Toshkent shahar hokimligi - Raqamli rivojlantirish boshqarmasi,https://services8.arcgis.com/GyR85gR88mMqIY4t/arcgis/rest/services/Tashkent_Mahallas/FeatureServer/0,A,2024-10-23,2026-09-18,Decision number NOT ESTABLISHED
UZ-TAS-MFY-301,NULL,Uchqahramon mahallasi,Учқаҳрамон маҳалласи,Учкахрамон махалля,NULL,Uchqahramon mahallasi,Uchqahramon,NULL,NULL,Mahalla fuqarolar yig'ini (MFY),Yunusobod,UZ-TAS-YUNUSOBOD,1726266,NULL,NULL,NULL,NULL,NULL,NULL,2024-10-23,NOT ESTABLISHED,2024-10-23,https://e-qaror.gov.uz (Tashkent City Kengash decisions; individual act not located),NULL,NULL,NULL,31.31,YES,NO,"Tashkent City Hokimiyat, Dept. of Digital Development, via Open Data Tashkent; republished on Esri CAC GeoPortal",https://hub.arcgis.com/api/v3/datasets/c51c854bad2d48f1beaad40272f8d483_0/downloads/data?format=geojson&spatialRefId=4326,https://services8.arcgis.com/GyR85gR88mMqIY4t/arcgis/rest/services/Tashkent_Mahallas/FeatureServer/0,stored EPSG:102100/3857; served as EPSG:4326 on request,2024-10 (adopted); 2025-07 (republication snapshot),OFFICIAL,Toshkent shahar hokimligi - Raqamli rivojlantirish boshqarmasi,https://services8.arcgis.com/GyR85gR88mMqIY4t/arcgis/rest/services/Tashkent_Mahallas/FeatureServer/0,A,2024-10-23,2026-09-18,Decision number NOT ESTABLISHED
UZ-TAS-MFY-302,NULL,Tiklanish mahallasi,Тикланиш маҳалласи,Тикланиш махалля,NULL,Tiklanish mahallasi,Tiklanish,NULL,NULL,Mahalla fuqarolar yig'ini (MFY),Yunusobod,UZ-TAS-YUNUSOBOD,1726266,NULL,NULL,NULL,NULL,NULL,NULL,2024-10-23,NOT ESTABLISHED,2024-10-23,https://e-qaror.gov.uz (Tashkent City Kengash decisions; individual act not located),NULL,NULL,NULL,185.08,YES,NO,"Tashkent City Hokimiyat, Dept. of Digital Development, via Open Data Tashkent; republished on Esri CAC GeoPortal",https://hub.arcgis.com/api/v3/datasets/c51c854bad2d48f1beaad40272f8d483_0/downloads/data?format=geojson&spatialRefId=4326,https://services8.arcgis.com/GyR85gR88mMqIY4t/arcgis/rest/services/Tashkent_Mahallas/FeatureServer/0,stored EPSG:102100/3857; served as EPSG:4326 on request,2024-10 (adopted); 2025-07 (republication snapshot),OFFICIAL,Toshkent shahar hokimligi - Raqamli rivojlantirish boshqarmasi,https://services8.arcgis.com/GyR85gR88mMqIY4t/arcgis/rest/services/Tashkent_Mahallas/FeatureServer/0,A,2024-10-23,2026-09-18,Decision number NOT ESTABLISHED
UZ-TAS-MFY-303,NULL,Islomobod mahallasi,Исломобод маҳалласи,Исломобод махалля,NULL,Islomobod mahallasi,Islomobod,NULL,NULL,Mahalla fuqarolar yig'ini (MFY),Yunusobod,UZ-TAS-YUNUSOBOD,1726266,NULL,NULL,NULL,NULL,NULL,NULL,2024-10-23,NOT ESTABLISHED,2024-10-23,https://e-qaror.gov.uz (Tashkent City Kengash decisions; individual act not located),NULL,NULL,NULL,116.68,YES,NO,"Tashkent City Hokimiyat, Dept. of Digital Development, via Open Data Tashkent; republished on Esri CAC GeoPortal",https://hub.arcgis.com/api/v3/datasets/c51c854bad2d48f1beaad40272f8d483_0/downloads/data?format=geojson&spatialRefId=4326,https://services8.arcgis.com/GyR85gR88mMqIY4t/arcgis/rest/services/Tashkent_Mahallas/FeatureServer/0,stored EPSG:102100/3857; served as EPSG:4326 on request,2024-10 (adopted); 2025-07 (republication snapshot),OFFICIAL,Toshkent shahar hokimligi - Raqamli rivojlantirish boshqarmasi,https://services8.arcgis.com/GyR85gR88mMqIY4t/arcgis/rest/services/Tashkent_Mahallas/FeatureServer/0,A,2024-10-23,2026-09-18,Decision number NOT ESTABLISHED
UZ-TAS-MFY-304,NULL,Katta Hasanboy mahallasi,Катта Ҳасанбой маҳалласи,Катта Хасанбой махалля,NULL,Katta Hasanboy mahallasi,Katta Hasanboy,NULL,NULL,Mahalla fuqarolar yig'ini (MFY),Yunusobod,UZ-TAS-YUNUSOBOD,1726266,NULL,NULL,NULL,NULL,NULL,NULL,2024-10-23,NOT ESTABLISHED,2024-10-23,https://e-qaror.gov.uz (Tashkent City Kengash decisions; individual act not located),NULL,NULL,NULL,166.32,YES,NO,"Tashkent City Hokimiyat, Dept. of Digital Development, via Open Data Tashkent; republished on Esri CAC GeoPortal",https://hub.arcgis.com/api/v3/datasets/c51c854bad2d48f1beaad40272f8d483_0/downloads/data?format=geojson&spatialRefId=4326,https://services8.arcgis.com/GyR85gR88mMqIY4t/arcgis/rest/services/Tashkent_Mahallas/FeatureServer/0,stored EPSG:102100/3857; served as EPSG:4326 on request,2024-10 (adopted); 2025-07 (republication snapshot),OFFICIAL,Toshkent shahar hokimligi - Raqamli rivojlantirish boshqarmasi,https://services8.arcgis.com/GyR85gR88mMqIY4t/arcgis/rest/services/Tashkent_Mahallas/FeatureServer/0,A,2024-10-23,2026-09-18,Decision number NOT ESTABLISHED
UZ-TAS-MFY-305,NULL,Anorzor mahallasi,Анорзор маҳалласи,Анорзор махалля,NULL,Anorzor mahallasi,Anorzor,NULL,NULL,Mahalla fuqarolar yig'ini (MFY),Yunusobod,UZ-TAS-YUNUSOBOD,1726266,NULL,NULL,NULL,NULL,NULL,NULL,2024-10-23,NOT ESTABLISHED,2024-10-23,https://e-qaror.gov.uz (Tashkent City Kengash decisions; individual act not located),NULL,NULL,NULL,42.59,YES,NO,"Tashkent City Hokimiyat, Dept. of Digital Development, via Open Data Tashkent; republished on Esri CAC GeoPortal",https://hub.arcgis.com/api/v3/datasets/c51c854bad2d48f1beaad40272f8d483_0/downloads/data?format=geojson&spatialRefId=4326,https://services8.arcgis.com/GyR85gR88mMqIY4t/arcgis/rest/services/Tashkent_Mahallas/FeatureServer/0,stored EPSG:102100/3857; served as EPSG:4326 on request,2024-10 (adopted); 2025-07 (republication snapshot),OFFICIAL,Toshkent shahar hokimligi - Raqamli rivojlantirish boshqarmasi,https://services8.arcgis.com/GyR85gR88mMqIY4t/arcgis/rest/services/Tashkent_Mahallas/FeatureServer/0,A,2024-10-23,2026-09-18,Decision number NOT ESTABLISHED
UZ-TAS-MFY-306,NULL,Otchopar-2 mahallasi,Отчопар-2 маҳалласи,Отчопар-2 махалля,NULL,Otchopar-2 mahallasi,Otchopar-2,NULL,NULL,Mahalla fuqarolar yig'ini (MFY),Yunusobod,UZ-TAS-YUNUSOBOD,1726266,NULL,NULL,NULL,NULL,NULL,NULL,2024-10-23,NOT ESTABLISHED,2024-10-23,https://e-qaror.gov.uz (Tashkent City Kengash decisions; individual act not located),NULL,NULL,NULL,167.43,YES,NO,"Tashkent City Hokimiyat, Dept. of Digital Development, via Open Data Tashkent; republished on Esri CAC GeoPortal",https://hub.arcgis.com/api/v3/datasets/c51c854bad2d48f1beaad40272f8d483_0/downloads/data?format=geojson&spatialRefId=4326,https://services8.arcgis.com/GyR85gR88mMqIY4t/arcgis/rest/services/Tashkent_Mahallas/FeatureServer/0,stored EPSG:102100/3857; served as EPSG:4326 on request,2024-10 (adopted); 2025-07 (republication snapshot),OFFICIAL,Toshkent shahar hokimligi - Raqamli rivojlantirish boshqarmasi,https://services8.arcgis.com/GyR85gR88mMqIY4t/arcgis/rest/services/Tashkent_Mahallas/FeatureServer/0,A,2024-10-23,2026-09-18,Decision number NOT ESTABLISHED
UZ-TAS-MFY-307,NULL,Sharq haqiqati mahallasi,Шарқ ҳақиқати маҳалласи,Шарк хакикати махалля,NULL,Sharq haqiqati mahallasi,Sharq haqiqati,NULL,NULL,Mahalla fuqarolar yig'ini (MFY),Yunusobod,UZ-TAS-YUNUSOBOD,1726266,NULL,NULL,NULL,NULL,NULL,NULL,2024-10-23,NOT ESTABLISHED,2024-10-23,https://e-qaror.gov.uz (Tashkent City Kengash decisions; individual act not located),NULL,NULL,NULL,131.02,YES,NO,"Tashkent City Hokimiyat, Dept. of Digital Development, via Open Data Tashkent; republished on Esri CAC GeoPortal",https://hub.arcgis.com/api/v3/datasets/c51c854bad2d48f1beaad40272f8d483_0/downloads/data?format=geojson&spatialRefId=4326,https://services8.arcgis.com/GyR85gR88mMqIY4t/arcgis/rest/services/Tashkent_Mahallas/FeatureServer/0,stored EPSG:102100/3857; served as EPSG:4326 on request,2024-10 (adopted); 2025-07 (republication snapshot),OFFICIAL,Toshkent shahar hokimligi - Raqamli rivojlantirish boshqarmasi,https://services8.arcgis.com/GyR85gR88mMqIY4t/arcgis/rest/services/Tashkent_Mahallas/FeatureServer/0,A,2024-10-23,2026-09-18,Decision number NOT ESTABLISHED
UZ-TAS-MFY-308,NULL,Posira mahallasi,Посира маҳалласи,Посира махалля,NULL,Posira mahallasi,Posira,NULL,NULL,Mahalla fuqarolar yig'ini (MFY),Yunusobod,UZ-TAS-YUNUSOBOD,1726266,NULL,NULL,NULL,NULL,NULL,NULL,2024-10-23,NOT ESTABLISHED,2024-10-23,https://e-qaror.gov.uz (Tashkent City Kengash decisions; individual act not located),NULL,NULL,NULL,72.73,YES,NO,"Tashkent City Hokimiyat, Dept. of Digital Development, via Open Data Tashkent; republished on Esri CAC GeoPortal",https://hub.arcgis.com/api/v3/datasets/c51c854bad2d48f1beaad40272f8d483_0/downloads/data?format=geojson&spatialRefId=4326,https://services8.arcgis.com/GyR85gR88mMqIY4t/arcgis/rest/services/Tashkent_Mahallas/FeatureServer/0,stored EPSG:102100/3857; served as EPSG:4326 on request,2024-10 (adopted); 2025-07 (republication snapshot),OFFICIAL,Toshkent shahar hokimligi - Raqamli rivojlantirish boshqarmasi,https://services8.arcgis.com/GyR85gR88mMqIY4t/arcgis/rest/services/Tashkent_Mahallas/FeatureServer/0,A,2024-10-23,2026-09-18,Decision number NOT ESTABLISHED
UZ-TAS-MFY-309,NULL,Otchopar-1 mahallasi,Отчопар-1 маҳалласи,Отчопар-1 махалля,NULL,Otchopar-1 mahallasi,Otchopar-1,NULL,NULL,Mahalla fuqarolar yig'ini (MFY),Yunusobod,UZ-TAS-YUNUSOBOD,1726266,NULL,NULL,NULL,NULL,NULL,NULL,2024-10-23,NOT ESTABLISHED,2024-10-23,https://e-qaror.gov.uz (Tashkent City Kengash decisions; individual act not located),NULL,NULL,NULL,89.1,YES,NO,"Tashkent City Hokimiyat, Dept. of Digital Development, via Open Data Tashkent; republished on Esri CAC GeoPortal",https://hub.arcgis.com/api/v3/datasets/c51c854bad2d48f1beaad40272f8d483_0/downloads/data?format=geojson&spatialRefId=4326,https://services8.arcgis.com/GyR85gR88mMqIY4t/arcgis/rest/services/Tashkent_Mahallas/FeatureServer/0,stored EPSG:102100/3857; served as EPSG:4326 on request,2024-10 (adopted); 2025-07 (republication snapshot),OFFICIAL,Toshkent shahar hokimligi - Raqamli rivojlantirish boshqarmasi,https://services8.arcgis.com/GyR85gR88mMqIY4t/arcgis/rest/services/Tashkent_Mahallas/FeatureServer/0,A,2024-10-23,2026-09-18,Decision number NOT ESTABLISHED
UZ-TAS-MFY-310,NULL,Iftixor mahallasi,Ифтихор маҳалласи,Ифтихор махалля,NULL,Iftixor mahallasi,Iftixor,NULL,NULL,Mahalla fuqarolar yig'ini (MFY),Yunusobod,UZ-TAS-YUNUSOBOD,1726266,NULL,NULL,NULL,NULL,NULL,NULL,2024-10-23,NOT ESTABLISHED,2024-10-23,https://e-qaror.gov.uz (Tashkent City Kengash decisions; individual act not located),NULL,NULL,NULL,41.34,YES,NO,"Tashkent City Hokimiyat, Dept. of Digital Development, via Open Data Tashkent; republished on Esri CAC GeoPortal",https://hub.arcgis.com/api/v3/datasets/c51c854bad2d48f1beaad40272f8d483_0/downloads/data?format=geojson&spatialRefId=4326,https://services8.arcgis.com/GyR85gR88mMqIY4t/arcgis/rest/services/Tashkent_Mahallas/FeatureServer/0,stored EPSG:102100/3857; served as EPSG:4326 on request,2024-10 (adopted); 2025-07 (republication snapshot),OFFICIAL,Toshkent shahar hokimligi - Raqamli rivojlantirish boshqarmasi,https://services8.arcgis.com/GyR85gR88mMqIY4t/arcgis/rest/services/Tashkent_Mahallas/FeatureServer/0,A,2024-10-23,2026-09-18,Decision number NOT ESTABLISHED
UZ-TAS-MFY-311,NULL,Yangitarnov mahallasi,Янгитарнов маҳалласи,Янгитарнов махалля,NULL,Yangitarnov mahallasi,Yangitarnov,NULL,NULL,Mahalla fuqarolar yig'ini (MFY),Yunusobod,UZ-TAS-YUNUSOBOD,1726266,NULL,NULL,NULL,NULL,NULL,NULL,2024-10-23,NOT ESTABLISHED,2024-10-23,https://e-qaror.gov.uz (Tashkent City Kengash decisions; individual act not located),NULL,NULL,NULL,57.1,YES,NO,"Tashkent City Hokimiyat, Dept. of Digital Development, via Open Data Tashkent; republished on Esri CAC GeoPortal",https://hub.arcgis.com/api/v3/datasets/c51c854bad2d48f1beaad40272f8d483_0/downloads/data?format=geojson&spatialRefId=4326,https://services8.arcgis.com/GyR85gR88mMqIY4t/arcgis/rest/services/Tashkent_Mahallas/FeatureServer/0,stored EPSG:102100/3857; served as EPSG:4326 on request,2024-10 (adopted); 2025-07 (republication snapshot),OFFICIAL,Toshkent shahar hokimligi - Raqamli rivojlantirish boshqarmasi,https://services8.arcgis.com/GyR85gR88mMqIY4t/arcgis/rest/services/Tashkent_Mahallas/FeatureServer/0,A,2024-10-23,2026-09-18,Decision number NOT ESTABLISHED
UZ-TAS-MFY-312,NULL,Bog'ibo'ston mahallasi,Боғибўстон маҳалласи,Богибустон махалля,NULL,Bog'ibo'ston mahallasi,Bog'ibo'ston,NULL,NULL,Mahalla fuqarolar yig'ini (MFY),Yunusobod,UZ-TAS-YUNUSOBOD,1726266,NULL,NULL,NULL,NULL,NULL,NULL,2024-10-23,NOT ESTABLISHED,2024-10-23,https://e-qaror.gov.uz (Tashkent City Kengash decisions; individual act not located),NULL,NULL,NULL,151.19,YES,NO,"Tashkent City Hokimiyat, Dept. of Digital Development, via Open Data Tashkent; republished on Esri CAC GeoPortal",https://hub.arcgis.com/api/v3/datasets/c51c854bad2d48f1beaad40272f8d483_0/downloads/data?format=geojson&spatialRefId=4326,https://services8.arcgis.com/GyR85gR88mMqIY4t/arcgis/rest/services/Tashkent_Mahallas/FeatureServer/0,stored EPSG:102100/3857; served as EPSG:4326 on request,2024-10 (adopted); 2025-07 (republication snapshot),OFFICIAL,Toshkent shahar hokimligi - Raqamli rivojlantirish boshqarmasi,https://services8.arcgis.com/GyR85gR88mMqIY4t/arcgis/rest/services/Tashkent_Mahallas/FeatureServer/0,A,2024-10-23,2026-09-18,Decision number NOT ESTABLISHED
UZ-TAS-MFY-313,NULL,Bodomzor mahallasi,Бодомзор маҳалласи,Бодомзор махалля,NULL,Bodomzor mahallasi,Bodomzor,NULL,NULL,Mahalla fuqarolar yig'ini (MFY),Yunusobod,UZ-TAS-YUNUSOBOD,1726266,NULL,NULL,NULL,NULL,NULL,NULL,2024-10-23,NOT ESTABLISHED,2024-10-23,https://e-qaror.gov.uz (Tashkent City Kengash decisions; individual act not located),NULL,NULL,NULL,27.8,YES,NO,"Tashkent City Hokimiyat, Dept. of Digital Development, via Open Data Tashkent; republished on Esri CAC GeoPortal",https://hub.arcgis.com/api/v3/datasets/c51c854bad2d48f1beaad40272f8d483_0/downloads/data?format=geojson&spatialRefId=4326,https://services8.arcgis.com/GyR85gR88mMqIY4t/arcgis/rest/services/Tashkent_Mahallas/FeatureServer/0,stored EPSG:102100/3857; served as EPSG:4326 on request,2024-10 (adopted); 2025-07 (republication snapshot),OFFICIAL,Toshkent shahar hokimligi - Raqamli rivojlantirish boshqarmasi,https://services8.arcgis.com/GyR85gR88mMqIY4t/arcgis/rest/services/Tashkent_Mahallas/FeatureServer/0,A,2024-10-23,2026-09-18,Decision number NOT ESTABLISHED
UZ-TAS-MFY-314,NULL,Bo'zsuv mahallasi,Бўзсув маҳалласи,Бузсув махалля,NULL,Bo'zsuv mahallasi,Bo'zsuv,NULL,NULL,Mahalla fuqarolar yig'ini (MFY),Yunusobod,UZ-TAS-YUNUSOBOD,1726266,NULL,NULL,NULL,NULL,NULL,NULL,2024-10-23,NOT ESTABLISHED,2024-10-23,https://e-qaror.gov.uz (Tashkent City Kengash decisions; individual act not located),NULL,NULL,NULL,48.53,YES,NO,"Tashkent City Hokimiyat, Dept. of Digital Development, via Open Data Tashkent; republished on Esri CAC GeoPortal",https://hub.arcgis.com/api/v3/datasets/c51c854bad2d48f1beaad40272f8d483_0/downloads/data?format=geojson&spatialRefId=4326,https://services8.arcgis.com/GyR85gR88mMqIY4t/arcgis/rest/services/Tashkent_Mahallas/FeatureServer/0,stored EPSG:102100/3857; served as EPSG:4326 on request,2024-10 (adopted); 2025-07 (republication snapshot),OFFICIAL,Toshkent shahar hokimligi - Raqamli rivojlantirish boshqarmasi,https://services8.arcgis.com/GyR85gR88mMqIY4t/arcgis/rest/services/Tashkent_Mahallas/FeatureServer/0,A,2024-10-23,2026-09-18,Decision number NOT ESTABLISHED
UZ-TAS-MFY-315,NULL,Firdavsiy mahallasi,Фирдавсий маҳалласи,Фирдавсий махалля,NULL,Firdavsiy mahallasi,Firdavsiy,NULL,NULL,Mahalla fuqarolar yig'ini (MFY),Yunusobod,UZ-TAS-YUNUSOBOD,1726266,NULL,NULL,NULL,NULL,NULL,NULL,2024-10-23,NOT ESTABLISHED,2024-10-23,https://e-qaror.gov.uz (Tashkent City Kengash decisions; individual act not located),NULL,NULL,NULL,51.08,YES,NO,"Tashkent City Hokimiyat, Dept. of Digital Development, via Open Data Tashkent; republished on Esri CAC GeoPortal",https://hub.arcgis.com/api/v3/datasets/c51c854bad2d48f1beaad40272f8d483_0/downloads/data?format=geojson&spatialRefId=4326,https://services8.arcgis.com/GyR85gR88mMqIY4t/arcgis/rest/services/Tashkent_Mahallas/FeatureServer/0,stored EPSG:102100/3857; served as EPSG:4326 on request,2024-10 (adopted); 2025-07 (republication snapshot),OFFICIAL,Toshkent shahar hokimligi - Raqamli rivojlantirish boshqarmasi,https://services8.arcgis.com/GyR85gR88mMqIY4t/arcgis/rest/services/Tashkent_Mahallas/FeatureServer/0,A,2024-10-23,2026-09-18,Decision number NOT ESTABLISHED
UZ-TAS-MFY-316,NULL,Mirzo Ulug'bek mahallasi,Мирзо Улуғбек маҳалласи,Мирзо Улугбек махалля,NULL,Mirzo Ulug'bek mahallasi,Mirzo Ulug'bek,NULL,NULL,Mahalla fuqarolar yig'ini (MFY),Yunusobod,UZ-TAS-YUNUSOBOD,1726266,NULL,NULL,NULL,NULL,NULL,NULL,2024-10-23,NOT ESTABLISHED,2024-10-23,https://e-qaror.gov.uz (Tashkent City Kengash decisions; individual act not located),NULL,NULL,NULL,86.71,YES,NO,"Tashkent City Hokimiyat, Dept. of Digital Development, via Open Data Tashkent; republished on Esri CAC GeoPortal",https://hub.arcgis.com/api/v3/datasets/c51c854bad2d48f1beaad40272f8d483_0/downloads/data?format=geojson&spatialRefId=4326,https://services8.arcgis.com/GyR85gR88mMqIY4t/arcgis/rest/services/Tashkent_Mahallas/FeatureServer/0,stored EPSG:102100/3857; served as EPSG:4326 on request,2024-10 (adopted); 2025-07 (republication snapshot),OFFICIAL,Toshkent shahar hokimligi - Raqamli rivojlantirish boshqarmasi,https://services8.arcgis.com/GyR85gR88mMqIY4t/arcgis/rest/services/Tashkent_Mahallas/FeatureServer/0,A,2024-10-23,2026-09-18,Decision number NOT ESTABLISHED
UZ-TAS-MFY-317,NULL,Qashqar mahallasi,Қашқар маҳалласи,Кашкар махалля,NULL,Qashqar mahallasi,Qashqar,NULL,NULL,Mahalla fuqarolar yig'ini (MFY),Yunusobod,UZ-TAS-YUNUSOBOD,1726266,NULL,NULL,NULL,NULL,NULL,NULL,2024-10-23,NOT ESTABLISHED,2024-10-23,https://e-qaror.gov.uz (Tashkent City Kengash decisions; individual act not located),NULL,NULL,NULL,172.72,YES,NO,"Tashkent City Hokimiyat, Dept. of Digital Development, via Open Data Tashkent; republished on Esri CAC GeoPortal",https://hub.arcgis.com/api/v3/datasets/c51c854bad2d48f1beaad40272f8d483_0/downloads/data?format=geojson&spatialRefId=4326,https://services8.arcgis.com/GyR85gR88mMqIY4t/arcgis/rest/services/Tashkent_Mahallas/FeatureServer/0,stored EPSG:102100/3857; served as EPSG:4326 on request,2024-10 (adopted); 2025-07 (republication snapshot),OFFICIAL,Toshkent shahar hokimligi - Raqamli rivojlantirish boshqarmasi,https://services8.arcgis.com/GyR85gR88mMqIY4t/arcgis/rest/services/Tashkent_Mahallas/FeatureServer/0,A,2024-10-23,2026-09-18,Decision number NOT ESTABLISHED
UZ-TAS-MFY-29515557,NULL,Barhayot mahallasi,Барҳаёт маҳалласи,Бархаёт махалля,NULL,Barhayot mahallasi,Barhayot,NULL,NULL,Mahalla fuqarolar yig'ini (MFY),Yunusobod,UZ-TAS-YUNUSOBOD,1726266,NULL,NULL,NULL,NULL,NULL,NULL,2024-10-23,NOT ESTABLISHED,2024-10-23,https://e-qaror.gov.uz (Tashkent City Kengash decisions; individual act not located),NULL,NULL,NULL,26.89,YES,NO,"Tashkent City Hokimiyat, Dept. of Digital Development, via Open Data Tashkent; republished on Esri CAC GeoPortal",https://hub.arcgis.com/api/v3/datasets/c51c854bad2d48f1beaad40272f8d483_0/downloads/data?format=geojson&spatialRefId=4326,https://services8.arcgis.com/GyR85gR88mMqIY4t/arcgis/rest/services/Tashkent_Mahallas/FeatureServer/0,stored EPSG:102100/3857; served as EPSG:4326 on request,2024-10 (adopted); 2025-07 (republication snapshot),OFFICIAL,Toshkent shahar hokimligi - Raqamli rivojlantirish boshqarmasi,https://services8.arcgis.com/GyR85gR88mMqIY4t/arcgis/rest/services/Tashkent_Mahallas/FeatureServer/0,A,2024-10-23,2026-09-18,non-sequential internal id - record added to the layer after the initial load; Decision number NOT ESTABLISHED
UZ-TAS-MFY-1,NULL,Shon-shuhrat mahallasi,Шон-шуҳрат маҳалласи,Шон-шухрат махалля,NULL,Shon-shuhrat mahallasi,Shon-shuhrat,NULL,NULL,Mahalla fuqarolar yig'ini (MFY),Olmazor,UZ-TAS-OLMAZOR,1726280,NULL,NULL,NULL,NULL,NULL,NULL,2023-11-24/2024-10-23 (range; exact date per district NOT ESTABLISHED),NOT ESTABLISHED,NULL,https://e-qaror.gov.uz (Tashkent City Kengash decisions; individual act not located),NULL,NULL,NULL,16.3,YES,NO,"Tashkent City Hokimiyat, Dept. of Digital Development, via Open Data Tashkent; republished on Esri CAC GeoPortal",https://hub.arcgis.com/api/v3/datasets/c51c854bad2d48f1beaad40272f8d483_0/downloads/data?format=geojson&spatialRefId=4326,https://services8.arcgis.com/GyR85gR88mMqIY4t/arcgis/rest/services/Tashkent_Mahallas/FeatureServer/0,stored EPSG:102100/3857; served as EPSG:4326 on request,2024-10 (adopted); 2025-07 (republication snapshot),OFFICIAL,Toshkent shahar hokimligi - Raqamli rivojlantirish boshqarmasi,https://services8.arcgis.com/GyR85gR88mMqIY4t/arcgis/rest/services/Tashkent_Mahallas/FeatureServer/0,A,2024-10-23,2026-09-18,NULL
UZ-TAS-MFY-2,NULL,Tabassum mahallasi,Табассум маҳалласи,Табассум махалля,NULL,Tabassum mahallasi,Tabassum,NULL,NULL,Mahalla fuqarolar yig'ini (MFY),Olmazor,UZ-TAS-OLMAZOR,1726280,NULL,NULL,NULL,NULL,NULL,NULL,2023-11-24/2024-10-23 (range; exact date per district NOT ESTABLISHED),NOT ESTABLISHED,NULL,https://e-qaror.gov.uz (Tashkent City Kengash decisions; individual act not located),NULL,NULL,NULL,20.13,YES,NO,"Tashkent City Hokimiyat, Dept. of Digital Development, via Open Data Tashkent; republished on Esri CAC GeoPortal",https://hub.arcgis.com/api/v3/datasets/c51c854bad2d48f1beaad40272f8d483_0/downloads/data?format=geojson&spatialRefId=4326,https://services8.arcgis.com/GyR85gR88mMqIY4t/arcgis/rest/services/Tashkent_Mahallas/FeatureServer/0,stored EPSG:102100/3857; served as EPSG:4326 on request,2024-10 (adopted); 2025-07 (republication snapshot),OFFICIAL,Toshkent shahar hokimligi - Raqamli rivojlantirish boshqarmasi,https://services8.arcgis.com/GyR85gR88mMqIY4t/arcgis/rest/services/Tashkent_Mahallas/FeatureServer/0,A,2024-10-23,2026-09-18,NULL
UZ-TAS-MFY-3,NULL,Namuna mahallasi,Намуна маҳалласи,Намуна махалля,NULL,Namuna mahallasi,Namuna,NULL,NULL,Mahalla fuqarolar yig'ini (MFY),Olmazor,UZ-TAS-OLMAZOR,1726280,NULL,NULL,NULL,NULL,NULL,NULL,2023-11-24/2024-10-23 (range; exact date per district NOT ESTABLISHED),NOT ESTABLISHED,NULL,https://e-qaror.gov.uz (Tashkent City Kengash decisions; individual act not located),NULL,NULL,NULL,23.96,YES,NO,"Tashkent City Hokimiyat, Dept. of Digital Development, via Open Data Tashkent; republished on Esri CAC GeoPortal",https://hub.arcgis.com/api/v3/datasets/c51c854bad2d48f1beaad40272f8d483_0/downloads/data?format=geojson&spatialRefId=4326,https://services8.arcgis.com/GyR85gR88mMqIY4t/arcgis/rest/services/Tashkent_Mahallas/FeatureServer/0,stored EPSG:102100/3857; served as EPSG:4326 on request,2024-10 (adopted); 2025-07 (republication snapshot),OFFICIAL,Toshkent shahar hokimligi - Raqamli rivojlantirish boshqarmasi,https://services8.arcgis.com/GyR85gR88mMqIY4t/arcgis/rest/services/Tashkent_Mahallas/FeatureServer/0,A,2024-10-23,2026-09-18,NULL
UZ-TAS-MFY-4,NULL,Tepaguzar mahallasi,Тепагузар маҳалласи,Тепагузар махалля,NULL,Tepaguzar mahallasi,Tepaguzar,NULL,NULL,Mahalla fuqarolar yig'ini (MFY),Olmazor,UZ-TAS-OLMAZOR,1726280,NULL,NULL,NULL,NULL,NULL,NULL,2023-11-24/2024-10-23 (range; exact date per district NOT ESTABLISHED),NOT ESTABLISHED,NULL,https://e-qaror.gov.uz (Tashkent City Kengash decisions; individual act not located),NULL,NULL,NULL,25.55,YES,NO,"Tashkent City Hokimiyat, Dept. of Digital Development, via Open Data Tashkent; republished on Esri CAC GeoPortal",https://hub.arcgis.com/api/v3/datasets/c51c854bad2d48f1beaad40272f8d483_0/downloads/data?format=geojson&spatialRefId=4326,https://services8.arcgis.com/GyR85gR88mMqIY4t/arcgis/rest/services/Tashkent_Mahallas/FeatureServer/0,stored EPSG:102100/3857; served as EPSG:4326 on request,2024-10 (adopted); 2025-07 (republication snapshot),OFFICIAL,Toshkent shahar hokimligi - Raqamli rivojlantirish boshqarmasi,https://services8.arcgis.com/GyR85gR88mMqIY4t/arcgis/rest/services/Tashkent_Mahallas/FeatureServer/0,A,2024-10-23,2026-09-18,NULL
UZ-TAS-MFY-5,NULL,Achaobod mahallasi,Ачаобод маҳалласи,Ачаобод махалля,NULL,Achaobod mahallasi,Achaobod,NULL,NULL,Mahalla fuqarolar yig'ini (MFY),Olmazor,UZ-TAS-OLMAZOR,1726280,NULL,NULL,NULL,NULL,NULL,NULL,2023-11-24/2024-10-23 (range; exact date per district NOT ESTABLISHED),NOT ESTABLISHED,NULL,https://e-qaror.gov.uz (Tashkent City Kengash decisions; individual act not located),NULL,NULL,NULL,42.67,YES,NO,"Tashkent City Hokimiyat, Dept. of Digital Development, via Open Data Tashkent; republished on Esri CAC GeoPortal",https://hub.arcgis.com/api/v3/datasets/c51c854bad2d48f1beaad40272f8d483_0/downloads/data?format=geojson&spatialRefId=4326,https://services8.arcgis.com/GyR85gR88mMqIY4t/arcgis/rest/services/Tashkent_Mahallas/FeatureServer/0,stored EPSG:102100/3857; served as EPSG:4326 on request,2024-10 (adopted); 2025-07 (republication snapshot),OFFICIAL,Toshkent shahar hokimligi - Raqamli rivojlantirish boshqarmasi,https://services8.arcgis.com/GyR85gR88mMqIY4t/arcgis/rest/services/Tashkent_Mahallas/FeatureServer/0,A,2024-10-23,2026-09-18,NULL
UZ-TAS-MFY-6,NULL,Eskishahar mahallasi,Эскишаҳар маҳалласи,Эскишахар махалля,NULL,Eskishahar mahallasi,Eskishahar,NULL,NULL,Mahalla fuqarolar yig'ini (MFY),Olmazor,UZ-TAS-OLMAZOR,1726280,NULL,NULL,NULL,NULL,NULL,NULL,2023-11-24/2024-10-23 (range; exact date per district NOT ESTABLISHED),NOT ESTABLISHED,NULL,https://e-qaror.gov.uz (Tashkent City Kengash decisions; individual act not located),NULL,NULL,NULL,37.81,YES,NO,"Tashkent City Hokimiyat, Dept. of Digital Development, via Open Data Tashkent; republished on Esri CAC GeoPortal",https://hub.arcgis.com/api/v3/datasets/c51c854bad2d48f1beaad40272f8d483_0/downloads/data?format=geojson&spatialRefId=4326,https://services8.arcgis.com/GyR85gR88mMqIY4t/arcgis/rest/services/Tashkent_Mahallas/FeatureServer/0,stored EPSG:102100/3857; served as EPSG:4326 on request,2024-10 (adopted); 2025-07 (republication snapshot),OFFICIAL,Toshkent shahar hokimligi - Raqamli rivojlantirish boshqarmasi,https://services8.arcgis.com/GyR85gR88mMqIY4t/arcgis/rest/services/Tashkent_Mahallas/FeatureServer/0,A,2024-10-23,2026-09-18,NULL
UZ-TAS-MFY-7,NULL,Chustiy mahallasi,Чустий маҳалласи,Чустий махалля,NULL,Chustiy mahallasi,Chustiy,NULL,NULL,Mahalla fuqarolar yig'ini (MFY),Olmazor,UZ-TAS-OLMAZOR,1726280,NULL,NULL,NULL,NULL,NULL,NULL,2023-11-24/2024-10-23 (range; exact date per district NOT ESTABLISHED),NOT ESTABLISHED,NULL,https://e-qaror.gov.uz (Tashkent City Kengash decisions; individual act not located),NULL,NULL,NULL,22.99,YES,NO,"Tashkent City Hokimiyat, Dept. of Digital Development, via Open Data Tashkent; republished on Esri CAC GeoPortal",https://hub.arcgis.com/api/v3/datasets/c51c854bad2d48f1beaad40272f8d483_0/downloads/data?format=geojson&spatialRefId=4326,https://services8.arcgis.com/GyR85gR88mMqIY4t/arcgis/rest/services/Tashkent_Mahallas/FeatureServer/0,stored EPSG:102100/3857; served as EPSG:4326 on request,2024-10 (adopted); 2025-07 (republication snapshot),OFFICIAL,Toshkent shahar hokimligi - Raqamli rivojlantirish boshqarmasi,https://services8.arcgis.com/GyR85gR88mMqIY4t/arcgis/rest/services/Tashkent_Mahallas/FeatureServer/0,A,2024-10-23,2026-09-18,NULL
UZ-TAS-MFY-9,NULL,Allon mahallasi,Аллон маҳалласи,Аллон махалля,NULL,Allon mahallasi,Allon,NULL,NULL,Mahalla fuqarolar yig'ini (MFY),Olmazor,UZ-TAS-OLMAZOR,1726280,NULL,NULL,NULL,NULL,NULL,NULL,2023-11-24/2024-10-23 (range; exact date per district NOT ESTABLISHED),NOT ESTABLISHED,NULL,https://e-qaror.gov.uz (Tashkent City Kengash decisions; individual act not located),NULL,NULL,NULL,44.28,YES,NO,"Tashkent City Hokimiyat, Dept. of Digital Development, via Open Data Tashkent; republished on Esri CAC GeoPortal",https://hub.arcgis.com/api/v3/datasets/c51c854bad2d48f1beaad40272f8d483_0/downloads/data?format=geojson&spatialRefId=4326,https://services8.arcgis.com/GyR85gR88mMqIY4t/arcgis/rest/services/Tashkent_Mahallas/FeatureServer/0,stored EPSG:102100/3857; served as EPSG:4326 on request,2024-10 (adopted); 2025-07 (republication snapshot),OFFICIAL,Toshkent shahar hokimligi - Raqamli rivojlantirish boshqarmasi,https://services8.arcgis.com/GyR85gR88mMqIY4t/arcgis/rest/services/Tashkent_Mahallas/FeatureServer/0,A,2024-10-23,2026-09-18,NULL
UZ-TAS-MFY-10,NULL,Elparvar mahallasi,Элпарвар маҳалласи,Элпарвар махалля,NULL,Elparvar mahallasi,Elparvar,NULL,NULL,Mahalla fuqarolar yig'ini (MFY),Olmazor,UZ-TAS-OLMAZOR,1726280,NULL,NULL,NULL,NULL,NULL,NULL,2023-11-24/2024-10-23 (range; exact date per district NOT ESTABLISHED),NOT ESTABLISHED,NULL,https://e-qaror.gov.uz (Tashkent City Kengash decisions; individual act not located),NULL,NULL,NULL,64.61,YES,NO,"Tashkent City Hokimiyat, Dept. of Digital Development, via Open Data Tashkent; republished on Esri CAC GeoPortal",https://hub.arcgis.com/api/v3/datasets/c51c854bad2d48f1beaad40272f8d483_0/downloads/data?format=geojson&spatialRefId=4326,https://services8.arcgis.com/GyR85gR88mMqIY4t/arcgis/rest/services/Tashkent_Mahallas/FeatureServer/0,stored EPSG:102100/3857; served as EPSG:4326 on request,2024-10 (adopted); 2025-07 (republication snapshot),OFFICIAL,Toshkent shahar hokimligi - Raqamli rivojlantirish boshqarmasi,https://services8.arcgis.com/GyR85gR88mMqIY4t/arcgis/rest/services/Tashkent_Mahallas/FeatureServer/0,A,2024-10-23,2026-09-18,NULL
UZ-TAS-MFY-11,NULL,Qichqiriq mahallasi,Қичқириқ маҳалласи,Кичкирик махалля,NULL,Qichqiriq mahallasi,Qichqiriq,NULL,NULL,Mahalla fuqarolar yig'ini (MFY),Olmazor,UZ-TAS-OLMAZOR,1726280,NULL,NULL,NULL,NULL,NULL,NULL,2023-11-24/2024-10-23 (range; exact date per district NOT ESTABLISHED),NOT ESTABLISHED,NULL,https://e-qaror.gov.uz (Tashkent City Kengash decisions; individual act not located),NULL,NULL,NULL,24.06,YES,NO,"Tashkent City Hokimiyat, Dept. of Digital Development, via Open Data Tashkent; republished on Esri CAC GeoPortal",https://hub.arcgis.com/api/v3/datasets/c51c854bad2d48f1beaad40272f8d483_0/downloads/data?format=geojson&spatialRefId=4326,https://services8.arcgis.com/GyR85gR88mMqIY4t/arcgis/rest/services/Tashkent_Mahallas/FeatureServer/0,stored EPSG:102100/3857; served as EPSG:4326 on request,2024-10 (adopted); 2025-07 (republication snapshot),OFFICIAL,Toshkent shahar hokimligi - Raqamli rivojlantirish boshqarmasi,https://services8.arcgis.com/GyR85gR88mMqIY4t/arcgis/rest/services/Tashkent_Mahallas/FeatureServer/0,A,2024-10-23,2026-09-18,NULL
UZ-TAS-MFY-12,NULL,Gulzor mahallasi,Гулзор маҳалласи,Гулзор махалля,NULL,Gulzor mahallasi,Gulzor,NULL,NULL,Mahalla fuqarolar yig'ini (MFY),Olmazor,UZ-TAS-OLMAZOR,1726280,NULL,NULL,NULL,NULL,NULL,NULL,2023-11-24/2024-10-23 (range; exact date per district NOT ESTABLISHED),NOT ESTABLISHED,NULL,https://e-qaror.gov.uz (Tashkent City Kengash decisions; individual act not located),NULL,NULL,NULL,128.94,YES,NO,"Tashkent City Hokimiyat, Dept. of Digital Development, via Open Data Tashkent; republished on Esri CAC GeoPortal",https://hub.arcgis.com/api/v3/datasets/c51c854bad2d48f1beaad40272f8d483_0/downloads/data?format=geojson&spatialRefId=4326,https://services8.arcgis.com/GyR85gR88mMqIY4t/arcgis/rest/services/Tashkent_Mahallas/FeatureServer/0,stored EPSG:102100/3857; served as EPSG:4326 on request,2024-10 (adopted); 2025-07 (republication snapshot),OFFICIAL,Toshkent shahar hokimligi - Raqamli rivojlantirish boshqarmasi,https://services8.arcgis.com/GyR85gR88mMqIY4t/arcgis/rest/services/Tashkent_Mahallas/FeatureServer/0,A,2024-10-23,2026-09-18,NULL
UZ-TAS-MFY-13,NULL,Shifokorlar mahallasi,Шифокорлар маҳалласи,Шифокорлар махалля,NULL,Shifokorlar mahallasi,Shifokorlar,NULL,NULL,Mahalla fuqarolar yig'ini (MFY),Olmazor,UZ-TAS-OLMAZOR,1726280,NULL,NULL,NULL,NULL,NULL,NULL,2023-11-24/2024-10-23 (range; exact date per district NOT ESTABLISHED),NOT ESTABLISHED,NULL,https://e-qaror.gov.uz (Tashkent City Kengash decisions; individual act not located),NULL,NULL,NULL,143.07,YES,NO,"Tashkent City Hokimiyat, Dept. of Digital Development, via Open Data Tashkent; republished on Esri CAC GeoPortal",https://hub.arcgis.com/api/v3/datasets/c51c854bad2d48f1beaad40272f8d483_0/downloads/data?format=geojson&spatialRefId=4326,https://services8.arcgis.com/GyR85gR88mMqIY4t/arcgis/rest/services/Tashkent_Mahallas/FeatureServer/0,stored EPSG:102100/3857; served as EPSG:4326 on request,2024-10 (adopted); 2025-07 (republication snapshot),OFFICIAL,Toshkent shahar hokimligi - Raqamli rivojlantirish boshqarmasi,https://services8.arcgis.com/GyR85gR88mMqIY4t/arcgis/rest/services/Tashkent_Mahallas/FeatureServer/0,A,2024-10-23,2026-09-18,NULL
UZ-TAS-MFY-14,NULL,Chig'atoy-Oqtepa mahallasi,Чиғатой-Оқтепа маҳалласи,Чигатой-Октепа махалля,NULL,Chig'atoy-Oqtepa mahallasi,Chig'atoy-Oqtepa,NULL,NULL,Mahalla fuqarolar yig'ini (MFY),Olmazor,UZ-TAS-OLMAZOR,1726280,NULL,NULL,NULL,NULL,NULL,NULL,2023-11-24/2024-10-23 (range; exact date per district NOT ESTABLISHED),NOT ESTABLISHED,NULL,https://e-qaror.gov.uz (Tashkent City Kengash decisions; individual act not located),NULL,NULL,NULL,74.83,YES,NO,"Tashkent City Hokimiyat, Dept. of Digital Development, via Open Data Tashkent; republished on Esri CAC GeoPortal",https://hub.arcgis.com/api/v3/datasets/c51c854bad2d48f1beaad40272f8d483_0/downloads/data?format=geojson&spatialRefId=4326,https://services8.arcgis.com/GyR85gR88mMqIY4t/arcgis/rest/services/Tashkent_Mahallas/FeatureServer/0,stored EPSG:102100/3857; served as EPSG:4326 on request,2024-10 (adopted); 2025-07 (republication snapshot),OFFICIAL,Toshkent shahar hokimligi - Raqamli rivojlantirish boshqarmasi,https://services8.arcgis.com/GyR85gR88mMqIY4t/arcgis/rest/services/Tashkent_Mahallas/FeatureServer/0,A,2024-10-23,2026-09-18,NULL
UZ-TAS-MFY-15,NULL,Beruniy mahallasi,Беруний маҳалласи,Беруний махалля,NULL,Beruniy mahallasi,Beruniy,NULL,NULL,Mahalla fuqarolar yig'ini (MFY),Olmazor,UZ-TAS-OLMAZOR,1726280,NULL,NULL,NULL,NULL,NULL,NULL,2023-11-24/2024-10-23 (range; exact date per district NOT ESTABLISHED),NOT ESTABLISHED,NULL,https://e-qaror.gov.uz (Tashkent City Kengash decisions; individual act not located),NULL,NULL,NULL,47.64,YES,NO,"Tashkent City Hokimiyat, Dept. of Digital Development, via Open Data Tashkent; republished on Esri CAC GeoPortal",https://hub.arcgis.com/api/v3/datasets/c51c854bad2d48f1beaad40272f8d483_0/downloads/data?format=geojson&spatialRefId=4326,https://services8.arcgis.com/GyR85gR88mMqIY4t/arcgis/rest/services/Tashkent_Mahallas/FeatureServer/0,stored EPSG:102100/3857; served as EPSG:4326 on request,2024-10 (adopted); 2025-07 (republication snapshot),OFFICIAL,Toshkent shahar hokimligi - Raqamli rivojlantirish boshqarmasi,https://services8.arcgis.com/GyR85gR88mMqIY4t/arcgis/rest/services/Tashkent_Mahallas/FeatureServer/0,A,2024-10-23,2026-09-18,NULL
UZ-TAS-MFY-16,NULL,Miskin mahallasi,Мискин маҳалласи,Мискин махалля,NULL,Miskin mahallasi,Miskin,NULL,NULL,Mahalla fuqarolar yig'ini (MFY),Olmazor,UZ-TAS-OLMAZOR,1726280,NULL,NULL,NULL,NULL,NULL,NULL,2023-11-24/2024-10-23 (range; exact date per district NOT ESTABLISHED),NOT ESTABLISHED,NULL,https://e-qaror.gov.uz (Tashkent City Kengash decisions; individual act not located),NULL,NULL,NULL,308.71,YES,NO,"Tashkent City Hokimiyat, Dept. of Digital Development, via Open Data Tashkent; republished on Esri CAC GeoPortal",https://hub.arcgis.com/api/v3/datasets/c51c854bad2d48f1beaad40272f8d483_0/downloads/data?format=geojson&spatialRefId=4326,https://services8.arcgis.com/GyR85gR88mMqIY4t/arcgis/rest/services/Tashkent_Mahallas/FeatureServer/0,stored EPSG:102100/3857; served as EPSG:4326 on request,2024-10 (adopted); 2025-07 (republication snapshot),OFFICIAL,Toshkent shahar hokimligi - Raqamli rivojlantirish boshqarmasi,https://services8.arcgis.com/GyR85gR88mMqIY4t/arcgis/rest/services/Tashkent_Mahallas/FeatureServer/0,A,2024-10-23,2026-09-18,NULL
UZ-TAS-MFY-17,NULL,Olimpiya mahallasi,Олимпия маҳалласи,Олимпия махалля,NULL,Olimpiya mahallasi,Olimpiya,NULL,NULL,Mahalla fuqarolar yig'ini (MFY),Olmazor,UZ-TAS-OLMAZOR,1726280,NULL,NULL,NULL,NULL,NULL,NULL,2023-11-24/2024-10-23 (range; exact date per district NOT ESTABLISHED),NOT ESTABLISHED,NULL,https://e-qaror.gov.uz (Tashkent City Kengash decisions; individual act not located),NULL,NULL,NULL,84.62,YES,NO,"Tashkent City Hokimiyat, Dept. of Digital Development, via Open Data Tashkent; republished on Esri CAC GeoPortal",https://hub.arcgis.com/api/v3/datasets/c51c854bad2d48f1beaad40272f8d483_0/downloads/data?format=geojson&spatialRefId=4326,https://services8.arcgis.com/GyR85gR88mMqIY4t/arcgis/rest/services/Tashkent_Mahallas/FeatureServer/0,stored EPSG:102100/3857; served as EPSG:4326 on request,2024-10 (adopted); 2025-07 (republication snapshot),OFFICIAL,Toshkent shahar hokimligi - Raqamli rivojlantirish boshqarmasi,https://services8.arcgis.com/GyR85gR88mMqIY4t/arcgis/rest/services/Tashkent_Mahallas/FeatureServer/0,A,2024-10-23,2026-09-18,NULL
UZ-TAS-MFY-18,NULL,Yuqori Beshqo'rg'on mahallasi,Юқори Бешқўрғон маҳалласи,Юкори Бешкургон махалля,NULL,Yuqori Beshqo'rg'on mahallasi,Yuqori Beshqo'rg'on,NULL,NULL,Mahalla fuqarolar yig'ini (MFY),Olmazor,UZ-TAS-OLMAZOR,1726280,NULL,NULL,NULL,NULL,NULL,NULL,2023-11-24/2024-10-23 (range; exact date per district NOT ESTABLISHED),NOT ESTABLISHED,NULL,https://e-qaror.gov.uz (Tashkent City Kengash decisions; individual act not located),NULL,NULL,NULL,78.8,YES,NO,"Tashkent City Hokimiyat, Dept. of Digital Development, via Open Data Tashkent; republished on Esri CAC GeoPortal",https://hub.arcgis.com/api/v3/datasets/c51c854bad2d48f1beaad40272f8d483_0/downloads/data?format=geojson&spatialRefId=4326,https://services8.arcgis.com/GyR85gR88mMqIY4t/arcgis/rest/services/Tashkent_Mahallas/FeatureServer/0,stored EPSG:102100/3857; served as EPSG:4326 on request,2024-10 (adopted); 2025-07 (republication snapshot),OFFICIAL,Toshkent shahar hokimligi - Raqamli rivojlantirish boshqarmasi,https://services8.arcgis.com/GyR85gR88mMqIY4t/arcgis/rest/services/Tashkent_Mahallas/FeatureServer/0,A,2024-10-23,2026-09-18,NULL
UZ-TAS-MFY-19,NULL,Sebzor mahallasi,Себзор маҳалласи,Себзор махалля,NULL,Sebzor mahallasi,Sebzor,NULL,NULL,Mahalla fuqarolar yig'ini (MFY),Olmazor,UZ-TAS-OLMAZOR,1726280,NULL,NULL,NULL,NULL,NULL,NULL,2023-11-24/2024-10-23 (range; exact date per district NOT ESTABLISHED),NOT ESTABLISHED,NULL,https://e-qaror.gov.uz (Tashkent City Kengash decisions; individual act not located),NULL,NULL,NULL,20.65,YES,NO,"Tashkent City Hokimiyat, Dept. of Digital Development, via Open Data Tashkent; republished on Esri CAC GeoPortal",https://hub.arcgis.com/api/v3/datasets/c51c854bad2d48f1beaad40272f8d483_0/downloads/data?format=geojson&spatialRefId=4326,https://services8.arcgis.com/GyR85gR88mMqIY4t/arcgis/rest/services/Tashkent_Mahallas/FeatureServer/0,stored EPSG:102100/3857; served as EPSG:4326 on request,2024-10 (adopted); 2025-07 (republication snapshot),OFFICIAL,Toshkent shahar hokimligi - Raqamli rivojlantirish boshqarmasi,https://services8.arcgis.com/GyR85gR88mMqIY4t/arcgis/rest/services/Tashkent_Mahallas/FeatureServer/0,A,2024-10-23,2026-09-18,NULL
UZ-TAS-MFY-20,NULL,Yuqori Sebzor mahallasi,Юқори Себзор маҳалласи,Юкори Sebzor махалля,NULL,Yuqori Sebzor mahallasi,Yuqori Sebzor,NULL,NULL,Mahalla fuqarolar yig'ini (MFY),Olmazor,UZ-TAS-OLMAZOR,1726280,NULL,NULL,NULL,NULL,NULL,NULL,2023-11-24/2024-10-23 (range; exact date per district NOT ESTABLISHED),NOT ESTABLISHED,NULL,https://e-qaror.gov.uz (Tashkent City Kengash decisions; individual act not located),NULL,NULL,NULL,23.53,YES,NO,"Tashkent City Hokimiyat, Dept. of Digital Development, via Open Data Tashkent; republished on Esri CAC GeoPortal",https://hub.arcgis.com/api/v3/datasets/c51c854bad2d48f1beaad40272f8d483_0/downloads/data?format=geojson&spatialRefId=4326,https://services8.arcgis.com/GyR85gR88mMqIY4t/arcgis/rest/services/Tashkent_Mahallas/FeatureServer/0,stored EPSG:102100/3857; served as EPSG:4326 on request,2024-10 (adopted); 2025-07 (republication snapshot),OFFICIAL,Toshkent shahar hokimligi - Raqamli rivojlantirish boshqarmasi,https://services8.arcgis.com/GyR85gR88mMqIY4t/arcgis/rest/services/Tashkent_Mahallas/FeatureServer/0,A,2024-10-23,2026-09-18,NULL
UZ-TAS-MFY-21,NULL,Yangi Sebzor mahallasi,Янги Себзор маҳалласи,Янги Себзор махалля,NULL,Yangi Sebzor mahallasi,Yangi Sebzor,NULL,NULL,Mahalla fuqarolar yig'ini (MFY),Olmazor,UZ-TAS-OLMAZOR,1726280,NULL,NULL,NULL,NULL,NULL,NULL,2023-11-24/2024-10-23 (range; exact date per district NOT ESTABLISHED),NOT ESTABLISHED,NULL,https://e-qaror.gov.uz (Tashkent City Kengash decisions; individual act not located),NULL,NULL,NULL,20.61,YES,NO,"Tashkent City Hokimiyat, Dept. of Digital Development, via Open Data Tashkent; republished on Esri CAC GeoPortal",https://hub.arcgis.com/api/v3/datasets/c51c854bad2d48f1beaad40272f8d483_0/downloads/data?format=geojson&spatialRefId=4326,https://services8.arcgis.com/GyR85gR88mMqIY4t/arcgis/rest/services/Tashkent_Mahallas/FeatureServer/0,stored EPSG:102100/3857; served as EPSG:4326 on request,2024-10 (adopted); 2025-07 (republication snapshot),OFFICIAL,Toshkent shahar hokimligi - Raqamli rivojlantirish boshqarmasi,https://services8.arcgis.com/GyR85gR88mMqIY4t/arcgis/rest/services/Tashkent_Mahallas/FeatureServer/0,A,2024-10-23,2026-09-18,NULL
UZ-TAS-MFY-22,NULL,Zarhal mahallasi,Зарҳал маҳалласи,Зархал махалля,NULL,Zarhal mahallasi,Zarhal,NULL,NULL,Mahalla fuqarolar yig'ini (MFY),Olmazor,UZ-TAS-OLMAZOR,1726280,NULL,NULL,NULL,NULL,NULL,NULL,2023-11-24/2024-10-23 (range; exact date per district NOT ESTABLISHED),NOT ESTABLISHED,NULL,https://e-qaror.gov.uz (Tashkent City Kengash decisions; individual act not located),NULL,NULL,NULL,18.24,YES,NO,"Tashkent City Hokimiyat, Dept. of Digital Development, via Open Data Tashkent; republished on Esri CAC GeoPortal",https://hub.arcgis.com/api/v3/datasets/c51c854bad2d48f1beaad40272f8d483_0/downloads/data?format=geojson&spatialRefId=4326,https://services8.arcgis.com/GyR85gR88mMqIY4t/arcgis/rest/services/Tashkent_Mahallas/FeatureServer/0,stored EPSG:102100/3857; served as EPSG:4326 on request,2024-10 (adopted); 2025-07 (republication snapshot),OFFICIAL,Toshkent shahar hokimligi - Raqamli rivojlantirish boshqarmasi,https://services8.arcgis.com/GyR85gR88mMqIY4t/arcgis/rest/services/Tashkent_Mahallas/FeatureServer/0,A,2024-10-23,2026-09-18,NULL
UZ-TAS-MFY-23,NULL,Jiydali mahallasi,Жийдали маҳалласи,Жийдали махалля,NULL,Jiydali mahallasi,Jiydali,NULL,NULL,Mahalla fuqarolar yig'ini (MFY),Olmazor,UZ-TAS-OLMAZOR,1726280,NULL,NULL,NULL,NULL,NULL,NULL,2023-11-24/2024-10-23 (range; exact date per district NOT ESTABLISHED),NOT ESTABLISHED,NULL,https://e-qaror.gov.uz (Tashkent City Kengash decisions; individual act not located),NULL,NULL,NULL,41.34,YES,NO,"Tashkent City Hokimiyat, Dept. of Digital Development, via Open Data Tashkent; republished on Esri CAC GeoPortal",https://hub.arcgis.com/api/v3/datasets/c51c854bad2d48f1beaad40272f8d483_0/downloads/data?format=geojson&spatialRefId=4326,https://services8.arcgis.com/GyR85gR88mMqIY4t/arcgis/rest/services/Tashkent_Mahallas/FeatureServer/0,stored EPSG:102100/3857; served as EPSG:4326 on request,2024-10 (adopted); 2025-07 (republication snapshot),OFFICIAL,Toshkent shahar hokimligi - Raqamli rivojlantirish boshqarmasi,https://services8.arcgis.com/GyR85gR88mMqIY4t/arcgis/rest/services/Tashkent_Mahallas/FeatureServer/0,A,2024-10-23,2026-09-18,NULL
UZ-TAS-MFY-24,NULL,Chig'atoy Darvoza mahallasi,Чиғатой Дарвоза маҳалласи,Чигатой Дарвоза махалля,NULL,Chig'atoy Darvoza mahallasi,Chig'atoy Darvoza,NULL,NULL,Mahalla fuqarolar yig'ini (MFY),Olmazor,UZ-TAS-OLMAZOR,1726280,NULL,NULL,NULL,NULL,NULL,NULL,2023-11-24/2024-10-23 (range; exact date per district NOT ESTABLISHED),NOT ESTABLISHED,NULL,https://e-qaror.gov.uz (Tashkent City Kengash decisions; individual act not located),NULL,NULL,NULL,34.52,YES,NO,"Tashkent City Hokimiyat, Dept. of Digital Development, via Open Data Tashkent; republished on Esri CAC GeoPortal",https://hub.arcgis.com/api/v3/datasets/c51c854bad2d48f1beaad40272f8d483_0/downloads/data?format=geojson&spatialRefId=4326,https://services8.arcgis.com/GyR85gR88mMqIY4t/arcgis/rest/services/Tashkent_Mahallas/FeatureServer/0,stored EPSG:102100/3857; served as EPSG:4326 on request,2024-10 (adopted); 2025-07 (republication snapshot),OFFICIAL,Toshkent shahar hokimligi - Raqamli rivojlantirish boshqarmasi,https://services8.arcgis.com/GyR85gR88mMqIY4t/arcgis/rest/services/Tashkent_Mahallas/FeatureServer/0,A,2024-10-23,2026-09-18,NULL
UZ-TAS-MFY-25,NULL,Istiqbol mahallasi,Истиқбол маҳалласи,Истикбол махалля,NULL,Istiqbol mahallasi,Istiqbol,NULL,NULL,Mahalla fuqarolar yig'ini (MFY),Olmazor,UZ-TAS-OLMAZOR,1726280,NULL,NULL,NULL,NULL,NULL,NULL,2023-11-24/2024-10-23 (range; exact date per district NOT ESTABLISHED),NOT ESTABLISHED,NULL,https://e-qaror.gov.uz (Tashkent City Kengash decisions; individual act not located),NULL,NULL,NULL,26.91,YES,NO,"Tashkent City Hokimiyat, Dept. of Digital Development, via Open Data Tashkent; republished on Esri CAC GeoPortal",https://hub.arcgis.com/api/v3/datasets/c51c854bad2d48f1beaad40272f8d483_0/downloads/data?format=geojson&spatialRefId=4326,https://services8.arcgis.com/GyR85gR88mMqIY4t/arcgis/rest/services/Tashkent_Mahallas/FeatureServer/0,stored EPSG:102100/3857; served as EPSG:4326 on request,2024-10 (adopted); 2025-07 (republication snapshot),OFFICIAL,Toshkent shahar hokimligi - Raqamli rivojlantirish boshqarmasi,https://services8.arcgis.com/GyR85gR88mMqIY4t/arcgis/rest/services/Tashkent_Mahallas/FeatureServer/0,A,2024-10-23,2026-09-18,NULL
UZ-TAS-MFY-26,NULL,Guzarboshi mahallasi,Гузарбоши маҳалласи,Гузарбоши махалля,NULL,Guzarboshi mahallasi,Guzarboshi,NULL,NULL,Mahalla fuqarolar yig'ini (MFY),Olmazor,UZ-TAS-OLMAZOR,1726280,NULL,NULL,NULL,NULL,NULL,NULL,2023-11-24/2024-10-23 (range; exact date per district NOT ESTABLISHED),NOT ESTABLISHED,NULL,https://e-qaror.gov.uz (Tashkent City Kengash decisions; individual act not located),NULL,NULL,NULL,25.09,YES,NO,"Tashkent City Hokimiyat, Dept. of Digital Development, via Open Data Tashkent; republished on Esri CAC GeoPortal",https://hub.arcgis.com/api/v3/datasets/c51c854bad2d48f1beaad40272f8d483_0/downloads/data?format=geojson&spatialRefId=4326,https://services8.arcgis.com/GyR85gR88mMqIY4t/arcgis/rest/services/Tashkent_Mahallas/FeatureServer/0,stored EPSG:102100/3857; served as EPSG:4326 on request,2024-10 (adopted); 2025-07 (republication snapshot),OFFICIAL,Toshkent shahar hokimligi - Raqamli rivojlantirish boshqarmasi,https://services8.arcgis.com/GyR85gR88mMqIY4t/arcgis/rest/services/Tashkent_Mahallas/FeatureServer/0,A,2024-10-23,2026-09-18,NULL
UZ-TAS-MFY-28,NULL,Ahil mahallasi,Аҳил маҳалласи,Ахил махалля,NULL,Ahil mahallasi,Ahil,NULL,NULL,Mahalla fuqarolar yig'ini (MFY),Olmazor,UZ-TAS-OLMAZOR,1726280,NULL,NULL,NULL,NULL,NULL,NULL,2023-11-24/2024-10-23 (range; exact date per district NOT ESTABLISHED),NOT ESTABLISHED,NULL,https://e-qaror.gov.uz (Tashkent City Kengash decisions; individual act not located),NULL,NULL,NULL,199.92,YES,NO,"Tashkent City Hokimiyat, Dept. of Digital Development, via Open Data Tashkent; republished on Esri CAC GeoPortal",https://hub.arcgis.com/api/v3/datasets/c51c854bad2d48f1beaad40272f8d483_0/downloads/data?format=geojson&spatialRefId=4326,https://services8.arcgis.com/GyR85gR88mMqIY4t/arcgis/rest/services/Tashkent_Mahallas/FeatureServer/0,stored EPSG:102100/3857; served as EPSG:4326 on request,2024-10 (adopted); 2025-07 (republication snapshot),OFFICIAL,Toshkent shahar hokimligi - Raqamli rivojlantirish boshqarmasi,https://services8.arcgis.com/GyR85gR88mMqIY4t/arcgis/rest/services/Tashkent_Mahallas/FeatureServer/0,A,2024-10-23,2026-09-18,NULL
UZ-TAS-MFY-29,NULL,Quyosh mahallasi,Қуёш маҳалласи,Куёш махалля,NULL,Quyosh mahallasi,Quyosh,NULL,NULL,Mahalla fuqarolar yig'ini (MFY),Olmazor,UZ-TAS-OLMAZOR,1726280,NULL,NULL,NULL,NULL,NULL,NULL,2023-11-24/2024-10-23 (range; exact date per district NOT ESTABLISHED),NOT ESTABLISHED,NULL,https://e-qaror.gov.uz (Tashkent City Kengash decisions; individual act not located),NULL,NULL,NULL,49.63,YES,NO,"Tashkent City Hokimiyat, Dept. of Digital Development, via Open Data Tashkent; republished on Esri CAC GeoPortal",https://hub.arcgis.com/api/v3/datasets/c51c854bad2d48f1beaad40272f8d483_0/downloads/data?format=geojson&spatialRefId=4326,https://services8.arcgis.com/GyR85gR88mMqIY4t/arcgis/rest/services/Tashkent_Mahallas/FeatureServer/0,stored EPSG:102100/3857; served as EPSG:4326 on request,2024-10 (adopted); 2025-07 (republication snapshot),OFFICIAL,Toshkent shahar hokimligi - Raqamli rivojlantirish boshqarmasi,https://services8.arcgis.com/GyR85gR88mMqIY4t/arcgis/rest/services/Tashkent_Mahallas/FeatureServer/0,A,2024-10-23,2026-09-18,NULL
UZ-TAS-MFY-30,NULL,Chimboy mahallasi,Чимбой маҳалласи,Чимбой махалля,NULL,Chimboy mahallasi,Chimboy,NULL,NULL,Mahalla fuqarolar yig'ini (MFY),Olmazor,UZ-TAS-OLMAZOR,1726280,NULL,NULL,NULL,NULL,NULL,NULL,2023-11-24/2024-10-23 (range; exact date per district NOT ESTABLISHED),NOT ESTABLISHED,NULL,https://e-qaror.gov.uz (Tashkent City Kengash decisions; individual act not located),NULL,NULL,NULL,54.09,YES,NO,"Tashkent City Hokimiyat, Dept. of Digital Development, via Open Data Tashkent; republished on Esri CAC GeoPortal",https://hub.arcgis.com/api/v3/datasets/c51c854bad2d48f1beaad40272f8d483_0/downloads/data?format=geojson&spatialRefId=4326,https://services8.arcgis.com/GyR85gR88mMqIY4t/arcgis/rest/services/Tashkent_Mahallas/FeatureServer/0,stored EPSG:102100/3857; served as EPSG:4326 on request,2024-10 (adopted); 2025-07 (republication snapshot),OFFICIAL,Toshkent shahar hokimligi - Raqamli rivojlantirish boshqarmasi,https://services8.arcgis.com/GyR85gR88mMqIY4t/arcgis/rest/services/Tashkent_Mahallas/FeatureServer/0,A,2024-10-23,2026-09-18,NULL
UZ-TAS-MFY-31,NULL,Mustaqil yurt mahallasi,Мустақил юрт маҳалласи,Мустакил юрт махалля,NULL,Mustaqil yurt mahallasi,Mustaqil yurt,NULL,NULL,Mahalla fuqarolar yig'ini (MFY),Olmazor,UZ-TAS-OLMAZOR,1726280,NULL,NULL,NULL,NULL,NULL,NULL,2023-11-24/2024-10-23 (range; exact date per district NOT ESTABLISHED),NOT ESTABLISHED,NULL,https://e-qaror.gov.uz (Tashkent City Kengash decisions; individual act not located),NULL,NULL,NULL,20.85,YES,NO,"Tashkent City Hokimiyat, Dept. of Digital Development, via Open Data Tashkent; republished on Esri CAC GeoPortal",https://hub.arcgis.com/api/v3/datasets/c51c854bad2d48f1beaad40272f8d483_0/downloads/data?format=geojson&spatialRefId=4326,https://services8.arcgis.com/GyR85gR88mMqIY4t/arcgis/rest/services/Tashkent_Mahallas/FeatureServer/0,stored EPSG:102100/3857; served as EPSG:4326 on request,2024-10 (adopted); 2025-07 (republication snapshot),OFFICIAL,Toshkent shahar hokimligi - Raqamli rivojlantirish boshqarmasi,https://services8.arcgis.com/GyR85gR88mMqIY4t/arcgis/rest/services/Tashkent_Mahallas/FeatureServer/0,A,2024-10-23,2026-09-18,NULL
UZ-TAS-MFY-32,NULL,Moyariq mahallasi,Мойариқ маҳалласи,Мойарик махалля,NULL,Moyariq mahallasi,Moyariq,NULL,NULL,Mahalla fuqarolar yig'ini (MFY),Olmazor,UZ-TAS-OLMAZOR,1726280,NULL,NULL,NULL,NULL,NULL,NULL,2023-11-24/2024-10-23 (range; exact date per district NOT ESTABLISHED),NOT ESTABLISHED,NULL,https://e-qaror.gov.uz (Tashkent City Kengash decisions; individual act not located),NULL,NULL,NULL,105.33,YES,NO,"Tashkent City Hokimiyat, Dept. of Digital Development, via Open Data Tashkent; republished on Esri CAC GeoPortal",https://hub.arcgis.com/api/v3/datasets/c51c854bad2d48f1beaad40272f8d483_0/downloads/data?format=geojson&spatialRefId=4326,https://services8.arcgis.com/GyR85gR88mMqIY4t/arcgis/rest/services/Tashkent_Mahallas/FeatureServer/0,stored EPSG:102100/3857; served as EPSG:4326 on request,2024-10 (adopted); 2025-07 (republication snapshot),OFFICIAL,Toshkent shahar hokimligi - Raqamli rivojlantirish boshqarmasi,https://services8.arcgis.com/GyR85gR88mMqIY4t/arcgis/rest/services/Tashkent_Mahallas/FeatureServer/0,A,2024-10-23,2026-09-18,NULL
UZ-TAS-MFY-33,NULL,Qo'shtut mahallasi,Қўштут маҳалласи,Куштут махалля,NULL,Qo'shtut mahallasi,Qo'shtut,NULL,NULL,Mahalla fuqarolar yig'ini (MFY),Olmazor,UZ-TAS-OLMAZOR,1726280,NULL,NULL,NULL,NULL,NULL,NULL,2023-11-24/2024-10-23 (range; exact date per district NOT ESTABLISHED),NOT ESTABLISHED,NULL,https://e-qaror.gov.uz (Tashkent City Kengash decisions; individual act not located),NULL,NULL,NULL,19.02,YES,NO,"Tashkent City Hokimiyat, Dept. of Digital Development, via Open Data Tashkent; republished on Esri CAC GeoPortal",https://hub.arcgis.com/api/v3/datasets/c51c854bad2d48f1beaad40272f8d483_0/downloads/data?format=geojson&spatialRefId=4326,https://services8.arcgis.com/GyR85gR88mMqIY4t/arcgis/rest/services/Tashkent_Mahallas/FeatureServer/0,stored EPSG:102100/3857; served as EPSG:4326 on request,2024-10 (adopted); 2025-07 (republication snapshot),OFFICIAL,Toshkent shahar hokimligi - Raqamli rivojlantirish boshqarmasi,https://services8.arcgis.com/GyR85gR88mMqIY4t/arcgis/rest/services/Tashkent_Mahallas/FeatureServer/0,A,2024-10-23,2026-09-18,NULL
UZ-TAS-MFY-34,NULL,Hazrati Imom mahallasi,Ҳазрати Имом маҳалласи,Хазрати Имом махалля,NULL,Hazrati Imom mahallasi,Hazrati Imom,NULL,NULL,Mahalla fuqarolar yig'ini (MFY),Olmazor,UZ-TAS-OLMAZOR,1726280,NULL,NULL,NULL,NULL,NULL,NULL,2023-11-24/2024-10-23 (range; exact date per district NOT ESTABLISHED),NOT ESTABLISHED,NULL,https://e-qaror.gov.uz (Tashkent City Kengash decisions; individual act not located),NULL,NULL,NULL,24.11,YES,NO,"Tashkent City Hokimiyat, Dept. of Digital Development, via Open Data Tashkent; republished on Esri CAC GeoPortal",https://hub.arcgis.com/api/v3/datasets/c51c854bad2d48f1beaad40272f8d483_0/downloads/data?format=geojson&spatialRefId=4326,https://services8.arcgis.com/GyR85gR88mMqIY4t/arcgis/rest/services/Tashkent_Mahallas/FeatureServer/0,stored EPSG:102100/3857; served as EPSG:4326 on request,2024-10 (adopted); 2025-07 (republication snapshot),OFFICIAL,Toshkent shahar hokimligi - Raqamli rivojlantirish boshqarmasi,https://services8.arcgis.com/GyR85gR88mMqIY4t/arcgis/rest/services/Tashkent_Mahallas/FeatureServer/0,A,2024-10-23,2026-09-18,NULL
UZ-TAS-MFY-35,NULL,Orzu mahallasi,Орзу маҳалласи,Орзу махалля,NULL,Orzu mahallasi,Orzu,NULL,NULL,Mahalla fuqarolar yig'ini (MFY),Olmazor,UZ-TAS-OLMAZOR,1726280,NULL,NULL,NULL,NULL,NULL,NULL,2023-11-24/2024-10-23 (range; exact date per district NOT ESTABLISHED),NOT ESTABLISHED,NULL,https://e-qaror.gov.uz (Tashkent City Kengash decisions; individual act not located),NULL,NULL,NULL,22.27,YES,NO,"Tashkent City Hokimiyat, Dept. of Digital Development, via Open Data Tashkent; republished on Esri CAC GeoPortal",https://hub.arcgis.com/api/v3/datasets/c51c854bad2d48f1beaad40272f8d483_0/downloads/data?format=geojson&spatialRefId=4326,https://services8.arcgis.com/GyR85gR88mMqIY4t/arcgis/rest/services/Tashkent_Mahallas/FeatureServer/0,stored EPSG:102100/3857; served as EPSG:4326 on request,2024-10 (adopted); 2025-07 (republication snapshot),OFFICIAL,Toshkent shahar hokimligi - Raqamli rivojlantirish boshqarmasi,https://services8.arcgis.com/GyR85gR88mMqIY4t/arcgis/rest/services/Tashkent_Mahallas/FeatureServer/0,A,2024-10-23,2026-09-18,NULL
UZ-TAS-MFY-36,NULL,Ziyokor mahallasi,Зиёкор маҳалласи,Зиёкор махалля,NULL,Ziyokor mahallasi,Ziyokor,NULL,NULL,Mahalla fuqarolar yig'ini (MFY),Olmazor,UZ-TAS-OLMAZOR,1726280,NULL,NULL,NULL,NULL,NULL,NULL,2023-11-24/2024-10-23 (range; exact date per district NOT ESTABLISHED),NOT ESTABLISHED,NULL,https://e-qaror.gov.uz (Tashkent City Kengash decisions; individual act not located),NULL,NULL,NULL,67.41,YES,NO,"Tashkent City Hokimiyat, Dept. of Digital Development, via Open Data Tashkent; republished on Esri CAC GeoPortal",https://hub.arcgis.com/api/v3/datasets/c51c854bad2d48f1beaad40272f8d483_0/downloads/data?format=geojson&spatialRefId=4326,https://services8.arcgis.com/GyR85gR88mMqIY4t/arcgis/rest/services/Tashkent_Mahallas/FeatureServer/0,stored EPSG:102100/3857; served as EPSG:4326 on request,2024-10 (adopted); 2025-07 (republication snapshot),OFFICIAL,Toshkent shahar hokimligi - Raqamli rivojlantirish boshqarmasi,https://services8.arcgis.com/GyR85gR88mMqIY4t/arcgis/rest/services/Tashkent_Mahallas/FeatureServer/0,A,2024-10-23,2026-09-18,NULL
UZ-TAS-MFY-37,NULL,Umid mahallasi,Умид маҳалласи,Умид махалля,NULL,Umid mahallasi,Umid,NULL,NULL,Mahalla fuqarolar yig'ini (MFY),Olmazor,UZ-TAS-OLMAZOR,1726280,NULL,NULL,NULL,NULL,NULL,NULL,2023-11-24/2024-10-23 (range; exact date per district NOT ESTABLISHED),NOT ESTABLISHED,NULL,https://e-qaror.gov.uz (Tashkent City Kengash decisions; individual act not located),NULL,NULL,NULL,24.27,YES,NO,"Tashkent City Hokimiyat, Dept. of Digital Development, via Open Data Tashkent; republished on Esri CAC GeoPortal",https://hub.arcgis.com/api/v3/datasets/c51c854bad2d48f1beaad40272f8d483_0/downloads/data?format=geojson&spatialRefId=4326,https://services8.arcgis.com/GyR85gR88mMqIY4t/arcgis/rest/services/Tashkent_Mahallas/FeatureServer/0,stored EPSG:102100/3857; served as EPSG:4326 on request,2024-10 (adopted); 2025-07 (republication snapshot),OFFICIAL,Toshkent shahar hokimligi - Raqamli rivojlantirish boshqarmasi,https://services8.arcgis.com/GyR85gR88mMqIY4t/arcgis/rest/services/Tashkent_Mahallas/FeatureServer/0,A,2024-10-23,2026-09-18,NULL
UZ-TAS-MFY-39,NULL,Abu Bakr Shoshiy mahallasi,Абу Бакр Шоший маҳалласи,Абу Бакр Шоший махалля,NULL,Abu Bakr Shoshiy mahallasi,Abu Bakr Shoshiy,NULL,NULL,Mahalla fuqarolar yig'ini (MFY),Olmazor,UZ-TAS-OLMAZOR,1726280,NULL,NULL,NULL,NULL,NULL,NULL,2023-11-24/2024-10-23 (range; exact date per district NOT ESTABLISHED),NOT ESTABLISHED,NULL,https://e-qaror.gov.uz (Tashkent City Kengash decisions; individual act not located),NULL,NULL,NULL,17.02,YES,NO,"Tashkent City Hokimiyat, Dept. of Digital Development, via Open Data Tashkent; republished on Esri CAC GeoPortal",https://hub.arcgis.com/api/v3/datasets/c51c854bad2d48f1beaad40272f8d483_0/downloads/data?format=geojson&spatialRefId=4326,https://services8.arcgis.com/GyR85gR88mMqIY4t/arcgis/rest/services/Tashkent_Mahallas/FeatureServer/0,stored EPSG:102100/3857; served as EPSG:4326 on request,2024-10 (adopted); 2025-07 (republication snapshot),OFFICIAL,Toshkent shahar hokimligi - Raqamli rivojlantirish boshqarmasi,https://services8.arcgis.com/GyR85gR88mMqIY4t/arcgis/rest/services/Tashkent_Mahallas/FeatureServer/0,A,2024-10-23,2026-09-18,NULL
UZ-TAS-MFY-40,NULL,Shodiyona mahallasi,Шодиёна маҳалласи,Шодиёна махалля,NULL,Shodiyona mahallasi,Shodiyona,NULL,NULL,Mahalla fuqarolar yig'ini (MFY),Olmazor,UZ-TAS-OLMAZOR,1726280,NULL,NULL,NULL,NULL,NULL,NULL,2023-11-24/2024-10-23 (range; exact date per district NOT ESTABLISHED),NOT ESTABLISHED,NULL,https://e-qaror.gov.uz (Tashkent City Kengash decisions; individual act not located),NULL,NULL,NULL,54.17,YES,NO,"Tashkent City Hokimiyat, Dept. of Digital Development, via Open Data Tashkent; republished on Esri CAC GeoPortal",https://hub.arcgis.com/api/v3/datasets/c51c854bad2d48f1beaad40272f8d483_0/downloads/data?format=geojson&spatialRefId=4326,https://services8.arcgis.com/GyR85gR88mMqIY4t/arcgis/rest/services/Tashkent_Mahallas/FeatureServer/0,stored EPSG:102100/3857; served as EPSG:4326 on request,2024-10 (adopted); 2025-07 (republication snapshot),OFFICIAL,Toshkent shahar hokimligi - Raqamli rivojlantirish boshqarmasi,https://services8.arcgis.com/GyR85gR88mMqIY4t/arcgis/rest/services/Tashkent_Mahallas/FeatureServer/0,A,2024-10-23,2026-09-18,NULL
UZ-TAS-MFY-41,NULL,Bo'stonobod mahallasi,Бўстонобод маҳалласи,Бустонобод махалля,NULL,Bo'stonobod mahallasi,Bo'stonobod,NULL,NULL,Mahalla fuqarolar yig'ini (MFY),Olmazor,UZ-TAS-OLMAZOR,1726280,NULL,NULL,NULL,NULL,NULL,NULL,2023-11-24/2024-10-23 (range; exact date per district NOT ESTABLISHED),NOT ESTABLISHED,NULL,https://e-qaror.gov.uz (Tashkent City Kengash decisions; individual act not located),NULL,NULL,NULL,23.33,YES,NO,"Tashkent City Hokimiyat, Dept. of Digital Development, via Open Data Tashkent; republished on Esri CAC GeoPortal",https://hub.arcgis.com/api/v3/datasets/c51c854bad2d48f1beaad40272f8d483_0/downloads/data?format=geojson&spatialRefId=4326,https://services8.arcgis.com/GyR85gR88mMqIY4t/arcgis/rest/services/Tashkent_Mahallas/FeatureServer/0,stored EPSG:102100/3857; served as EPSG:4326 on request,2024-10 (adopted); 2025-07 (republication snapshot),OFFICIAL,Toshkent shahar hokimligi - Raqamli rivojlantirish boshqarmasi,https://services8.arcgis.com/GyR85gR88mMqIY4t/arcgis/rest/services/Tashkent_Mahallas/FeatureServer/0,A,2024-10-23,2026-09-18,NULL
UZ-TAS-MFY-42,NULL,Mirzo G'olib mahallasi,Мирзо Ғолиб маҳалласи,Мирзо Голиб махалля,NULL,Mirzo G'olib mahallasi,Mirzo G'olib,NULL,NULL,Mahalla fuqarolar yig'ini (MFY),Olmazor,UZ-TAS-OLMAZOR,1726280,NULL,NULL,NULL,NULL,NULL,NULL,2023-11-24/2024-10-23 (range; exact date per district NOT ESTABLISHED),NOT ESTABLISHED,NULL,https://e-qaror.gov.uz (Tashkent City Kengash decisions; individual act not located),NULL,NULL,NULL,44.85,YES,NO,"Tashkent City Hokimiyat, Dept. of Digital Development, via Open Data Tashkent; republished on Esri CAC GeoPortal",https://hub.arcgis.com/api/v3/datasets/c51c854bad2d48f1beaad40272f8d483_0/downloads/data?format=geojson&spatialRefId=4326,https://services8.arcgis.com/GyR85gR88mMqIY4t/arcgis/rest/services/Tashkent_Mahallas/FeatureServer/0,stored EPSG:102100/3857; served as EPSG:4326 on request,2024-10 (adopted); 2025-07 (republication snapshot),OFFICIAL,Toshkent shahar hokimligi - Raqamli rivojlantirish boshqarmasi,https://services8.arcgis.com/GyR85gR88mMqIY4t/arcgis/rest/services/Tashkent_Mahallas/FeatureServer/0,A,2024-10-23,2026-09-18,NULL
UZ-TAS-MFY-43,NULL,Hastimom mahallasi,Ҳастимом маҳалласи,Хастимом махалля,NULL,Hastimom mahallasi,Hastimom,NULL,NULL,Mahalla fuqarolar yig'ini (MFY),Olmazor,UZ-TAS-OLMAZOR,1726280,NULL,NULL,NULL,NULL,NULL,NULL,2023-11-24/2024-10-23 (range; exact date per district NOT ESTABLISHED),NOT ESTABLISHED,NULL,https://e-qaror.gov.uz (Tashkent City Kengash decisions; individual act not located),NULL,NULL,NULL,48.84,YES,NO,"Tashkent City Hokimiyat, Dept. of Digital Development, via Open Data Tashkent; republished on Esri CAC GeoPortal",https://hub.arcgis.com/api/v3/datasets/c51c854bad2d48f1beaad40272f8d483_0/downloads/data?format=geojson&spatialRefId=4326,https://services8.arcgis.com/GyR85gR88mMqIY4t/arcgis/rest/services/Tashkent_Mahallas/FeatureServer/0,stored EPSG:102100/3857; served as EPSG:4326 on request,2024-10 (adopted); 2025-07 (republication snapshot),OFFICIAL,Toshkent shahar hokimligi - Raqamli rivojlantirish boshqarmasi,https://services8.arcgis.com/GyR85gR88mMqIY4t/arcgis/rest/services/Tashkent_Mahallas/FeatureServer/0,A,2024-10-23,2026-09-18,NULL
UZ-TAS-MFY-44,NULL,Oltinsoy mahallasi,Олтинсой маҳалласи,Олтинсой махалля,NULL,Oltinsoy mahallasi,Oltinsoy,NULL,NULL,Mahalla fuqarolar yig'ini (MFY),Olmazor,UZ-TAS-OLMAZOR,1726280,NULL,NULL,NULL,NULL,NULL,NULL,2023-11-24/2024-10-23 (range; exact date per district NOT ESTABLISHED),NOT ESTABLISHED,NULL,https://e-qaror.gov.uz (Tashkent City Kengash decisions; individual act not located),NULL,NULL,NULL,26.3,YES,NO,"Tashkent City Hokimiyat, Dept. of Digital Development, via Open Data Tashkent; republished on Esri CAC GeoPortal",https://hub.arcgis.com/api/v3/datasets/c51c854bad2d48f1beaad40272f8d483_0/downloads/data?format=geojson&spatialRefId=4326,https://services8.arcgis.com/GyR85gR88mMqIY4t/arcgis/rest/services/Tashkent_Mahallas/FeatureServer/0,stored EPSG:102100/3857; served as EPSG:4326 on request,2024-10 (adopted); 2025-07 (republication snapshot),OFFICIAL,Toshkent shahar hokimligi - Raqamli rivojlantirish boshqarmasi,https://services8.arcgis.com/GyR85gR88mMqIY4t/arcgis/rest/services/Tashkent_Mahallas/FeatureServer/0,A,2024-10-23,2026-09-18,NULL
UZ-TAS-MFY-45,NULL,Hofiz Ko'hakiy mahallasi,Ҳофиз Кўҳакий маҳалласи,Хофиз Кухакий махалля,NULL,Hofiz Ko'hakiy mahallasi,Hofiz Ko'hakiy,NULL,NULL,Mahalla fuqarolar yig'ini (MFY),Olmazor,UZ-TAS-OLMAZOR,1726280,NULL,NULL,NULL,NULL,NULL,NULL,2023-11-24/2024-10-23 (range; exact date per district NOT ESTABLISHED),NOT ESTABLISHED,NULL,https://e-qaror.gov.uz (Tashkent City Kengash decisions; individual act not located),NULL,NULL,NULL,18.09,YES,NO,"Tashkent City Hokimiyat, Dept. of Digital Development, via Open Data Tashkent; republished on Esri CAC GeoPortal",https://hub.arcgis.com/api/v3/datasets/c51c854bad2d48f1beaad40272f8d483_0/downloads/data?format=geojson&spatialRefId=4326,https://services8.arcgis.com/GyR85gR88mMqIY4t/arcgis/rest/services/Tashkent_Mahallas/FeatureServer/0,stored EPSG:102100/3857; served as EPSG:4326 on request,2024-10 (adopted); 2025-07 (republication snapshot),OFFICIAL,Toshkent shahar hokimligi - Raqamli rivojlantirish boshqarmasi,https://services8.arcgis.com/GyR85gR88mMqIY4t/arcgis/rest/services/Tashkent_Mahallas/FeatureServer/0,A,2024-10-23,2026-09-18,NULL
UZ-TAS-MFY-46,NULL,Ziyo mahallasi,Зиё маҳалласи,Зиё махалля,NULL,Ziyo mahallasi,Ziyo,NULL,NULL,Mahalla fuqarolar yig'ini (MFY),Olmazor,UZ-TAS-OLMAZOR,1726280,NULL,NULL,NULL,NULL,NULL,NULL,2023-11-24/2024-10-23 (range; exact date per district NOT ESTABLISHED),NOT ESTABLISHED,NULL,https://e-qaror.gov.uz (Tashkent City Kengash decisions; individual act not located),NULL,NULL,NULL,97.18,YES,NO,"Tashkent City Hokimiyat, Dept. of Digital Development, via Open Data Tashkent; republished on Esri CAC GeoPortal",https://hub.arcgis.com/api/v3/datasets/c51c854bad2d48f1beaad40272f8d483_0/downloads/data?format=geojson&spatialRefId=4326,https://services8.arcgis.com/GyR85gR88mMqIY4t/arcgis/rest/services/Tashkent_Mahallas/FeatureServer/0,stored EPSG:102100/3857; served as EPSG:4326 on request,2024-10 (adopted); 2025-07 (republication snapshot),OFFICIAL,Toshkent shahar hokimligi - Raqamli rivojlantirish boshqarmasi,https://services8.arcgis.com/GyR85gR88mMqIY4t/arcgis/rest/services/Tashkent_Mahallas/FeatureServer/0,A,2024-10-23,2026-09-18,NULL
UZ-TAS-MFY-47,NULL,Paxta mahallasi,Пахта маҳалласи,Пахта махалля,NULL,Paxta mahallasi,Paxta,NULL,NULL,Mahalla fuqarolar yig'ini (MFY),Olmazor,UZ-TAS-OLMAZOR,1726280,NULL,NULL,NULL,NULL,NULL,NULL,2023-11-24/2024-10-23 (range; exact date per district NOT ESTABLISHED),NOT ESTABLISHED,NULL,https://e-qaror.gov.uz (Tashkent City Kengash decisions; individual act not located),NULL,NULL,NULL,62.25,YES,NO,"Tashkent City Hokimiyat, Dept. of Digital Development, via Open Data Tashkent; republished on Esri CAC GeoPortal",https://hub.arcgis.com/api/v3/datasets/c51c854bad2d48f1beaad40272f8d483_0/downloads/data?format=geojson&spatialRefId=4326,https://services8.arcgis.com/GyR85gR88mMqIY4t/arcgis/rest/services/Tashkent_Mahallas/FeatureServer/0,stored EPSG:102100/3857; served as EPSG:4326 on request,2024-10 (adopted); 2025-07 (republication snapshot),OFFICIAL,Toshkent shahar hokimligi - Raqamli rivojlantirish boshqarmasi,https://services8.arcgis.com/GyR85gR88mMqIY4t/arcgis/rest/services/Tashkent_Mahallas/FeatureServer/0,A,2024-10-23,2026-09-18,NULL
UZ-TAS-MFY-48,NULL,Chuqursoy mahallasi,Чуқурсой маҳалласи,Чукурсой махалля,NULL,Chuqursoy mahallasi,Chuqursoy,NULL,NULL,Mahalla fuqarolar yig'ini (MFY),Olmazor,UZ-TAS-OLMAZOR,1726280,NULL,NULL,NULL,NULL,NULL,NULL,2023-11-24/2024-10-23 (range; exact date per district NOT ESTABLISHED),NOT ESTABLISHED,NULL,https://e-qaror.gov.uz (Tashkent City Kengash decisions; individual act not located),NULL,NULL,NULL,28.76,YES,NO,"Tashkent City Hokimiyat, Dept. of Digital Development, via Open Data Tashkent; republished on Esri CAC GeoPortal",https://hub.arcgis.com/api/v3/datasets/c51c854bad2d48f1beaad40272f8d483_0/downloads/data?format=geojson&spatialRefId=4326,https://services8.arcgis.com/GyR85gR88mMqIY4t/arcgis/rest/services/Tashkent_Mahallas/FeatureServer/0,stored EPSG:102100/3857; served as EPSG:4326 on request,2024-10 (adopted); 2025-07 (republication snapshot),OFFICIAL,Toshkent shahar hokimligi - Raqamli rivojlantirish boshqarmasi,https://services8.arcgis.com/GyR85gR88mMqIY4t/arcgis/rest/services/Tashkent_Mahallas/FeatureServer/0,A,2024-10-23,2026-09-18,NULL
UZ-TAS-MFY-49,NULL,Chinniobod mahallasi,Чинниобод маҳалласи,Чинниабад махалля,NULL,Chinniobod mahallasi,Chinniobod,NULL,NULL,Mahalla fuqarolar yig'ini (MFY),Olmazor,UZ-TAS-OLMAZOR,1726280,NULL,NULL,NULL,NULL,NULL,NULL,2023-11-24/2024-10-23 (range; exact date per district NOT ESTABLISHED),NOT ESTABLISHED,NULL,https://e-qaror.gov.uz (Tashkent City Kengash decisions; individual act not located),NULL,NULL,NULL,29.15,YES,NO,"Tashkent City Hokimiyat, Dept. of Digital Development, via Open Data Tashkent; republished on Esri CAC GeoPortal",https://hub.arcgis.com/api/v3/datasets/c51c854bad2d48f1beaad40272f8d483_0/downloads/data?format=geojson&spatialRefId=4326,https://services8.arcgis.com/GyR85gR88mMqIY4t/arcgis/rest/services/Tashkent_Mahallas/FeatureServer/0,stored EPSG:102100/3857; served as EPSG:4326 on request,2024-10 (adopted); 2025-07 (republication snapshot),OFFICIAL,Toshkent shahar hokimligi - Raqamli rivojlantirish boshqarmasi,https://services8.arcgis.com/GyR85gR88mMqIY4t/arcgis/rest/services/Tashkent_Mahallas/FeatureServer/0,A,2024-10-23,2026-09-18,NULL
UZ-TAS-MFY-50,NULL,Gulsaroy mahallasi,Гулсарой маҳалласи,Гулсарой махалля,NULL,Gulsaroy mahallasi,Gulsaroy,NULL,NULL,Mahalla fuqarolar yig'ini (MFY),Olmazor,UZ-TAS-OLMAZOR,1726280,NULL,NULL,NULL,NULL,NULL,NULL,2023-11-24/2024-10-23 (range; exact date per district NOT ESTABLISHED),NOT ESTABLISHED,NULL,https://e-qaror.gov.uz (Tashkent City Kengash decisions; individual act not located),NULL,NULL,NULL,26.86,YES,NO,"Tashkent City Hokimiyat, Dept. of Digital Development, via Open Data Tashkent; republished on Esri CAC GeoPortal",https://hub.arcgis.com/api/v3/datasets/c51c854bad2d48f1beaad40272f8d483_0/downloads/data?format=geojson&spatialRefId=4326,https://services8.arcgis.com/GyR85gR88mMqIY4t/arcgis/rest/services/Tashkent_Mahallas/FeatureServer/0,stored EPSG:102100/3857; served as EPSG:4326 on request,2024-10 (adopted); 2025-07 (republication snapshot),OFFICIAL,Toshkent shahar hokimligi - Raqamli rivojlantirish boshqarmasi,https://services8.arcgis.com/GyR85gR88mMqIY4t/arcgis/rest/services/Tashkent_Mahallas/FeatureServer/0,A,2024-10-23,2026-09-18,NULL
UZ-TAS-MFY-51,NULL,Qorasaroy mahallasi,Қорасарой маҳалласи,Корасарой махалля,NULL,Qorasaroy mahallasi,Qorasaroy,NULL,NULL,Mahalla fuqarolar yig'ini (MFY),Olmazor,UZ-TAS-OLMAZOR,1726280,NULL,NULL,NULL,NULL,NULL,NULL,2023-11-24/2024-10-23 (range; exact date per district NOT ESTABLISHED),NOT ESTABLISHED,NULL,https://e-qaror.gov.uz (Tashkent City Kengash decisions; individual act not located),NULL,NULL,NULL,44.31,YES,NO,"Tashkent City Hokimiyat, Dept. of Digital Development, via Open Data Tashkent; republished on Esri CAC GeoPortal",https://hub.arcgis.com/api/v3/datasets/c51c854bad2d48f1beaad40272f8d483_0/downloads/data?format=geojson&spatialRefId=4326,https://services8.arcgis.com/GyR85gR88mMqIY4t/arcgis/rest/services/Tashkent_Mahallas/FeatureServer/0,stored EPSG:102100/3857; served as EPSG:4326 on request,2024-10 (adopted); 2025-07 (republication snapshot),OFFICIAL,Toshkent shahar hokimligi - Raqamli rivojlantirish boshqarmasi,https://services8.arcgis.com/GyR85gR88mMqIY4t/arcgis/rest/services/Tashkent_Mahallas/FeatureServer/0,A,2024-10-23,2026-09-18,NULL
UZ-TAS-MFY-52,NULL,Zamondosh mahallasi,Замондош маҳалласи,Замондош махалля,NULL,Zamondosh mahallasi,Zamondosh,NULL,NULL,Mahalla fuqarolar yig'ini (MFY),Olmazor,UZ-TAS-OLMAZOR,1726280,NULL,NULL,NULL,NULL,NULL,NULL,2023-11-24/2024-10-23 (range; exact date per district NOT ESTABLISHED),NOT ESTABLISHED,NULL,https://e-qaror.gov.uz (Tashkent City Kengash decisions; individual act not located),NULL,NULL,NULL,56.63,YES,NO,"Tashkent City Hokimiyat, Dept. of Digital Development, via Open Data Tashkent; republished on Esri CAC GeoPortal",https://hub.arcgis.com/api/v3/datasets/c51c854bad2d48f1beaad40272f8d483_0/downloads/data?format=geojson&spatialRefId=4326,https://services8.arcgis.com/GyR85gR88mMqIY4t/arcgis/rest/services/Tashkent_Mahallas/FeatureServer/0,stored EPSG:102100/3857; served as EPSG:4326 on request,2024-10 (adopted); 2025-07 (republication snapshot),OFFICIAL,Toshkent shahar hokimligi - Raqamli rivojlantirish boshqarmasi,https://services8.arcgis.com/GyR85gR88mMqIY4t/arcgis/rest/services/Tashkent_Mahallas/FeatureServer/0,A,2024-10-23,2026-09-18,NULL
UZ-TAS-MFY-53,NULL,Guruchariq mahallasi,Гуручариқ маҳалласи,Гуручарик махалля,NULL,Guruchariq mahallasi,Guruchariq,NULL,NULL,Mahalla fuqarolar yig'ini (MFY),Olmazor,UZ-TAS-OLMAZOR,1726280,NULL,NULL,NULL,NULL,NULL,NULL,2023-11-24/2024-10-23 (range; exact date per district NOT ESTABLISHED),NOT ESTABLISHED,NULL,https://e-qaror.gov.uz (Tashkent City Kengash decisions; individual act not located),NULL,NULL,NULL,56.31,YES,NO,"Tashkent City Hokimiyat, Dept. of Digital Development, via Open Data Tashkent; republished on Esri CAC GeoPortal",https://hub.arcgis.com/api/v3/datasets/c51c854bad2d48f1beaad40272f8d483_0/downloads/data?format=geojson&spatialRefId=4326,https://services8.arcgis.com/GyR85gR88mMqIY4t/arcgis/rest/services/Tashkent_Mahallas/FeatureServer/0,stored EPSG:102100/3857; served as EPSG:4326 on request,2024-10 (adopted); 2025-07 (republication snapshot),OFFICIAL,Toshkent shahar hokimligi - Raqamli rivojlantirish boshqarmasi,https://services8.arcgis.com/GyR85gR88mMqIY4t/arcgis/rest/services/Tashkent_Mahallas/FeatureServer/0,A,2024-10-23,2026-09-18,NULL
UZ-TAS-MFY-54,NULL,G'alaba mahallasi,Ғалаба маҳалласи,Галаба махалля,NULL,G'alaba mahallasi,G'alaba,NULL,NULL,Mahalla fuqarolar yig'ini (MFY),Olmazor,UZ-TAS-OLMAZOR,1726280,NULL,NULL,NULL,NULL,NULL,NULL,2023-11-24/2024-10-23 (range; exact date per district NOT ESTABLISHED),NOT ESTABLISHED,NULL,https://e-qaror.gov.uz (Tashkent City Kengash decisions; individual act not located),NULL,NULL,NULL,23.39,YES,NO,"Tashkent City Hokimiyat, Dept. of Digital Development, via Open Data Tashkent; republished on Esri CAC GeoPortal",https://hub.arcgis.com/api/v3/datasets/c51c854bad2d48f1beaad40272f8d483_0/downloads/data?format=geojson&spatialRefId=4326,https://services8.arcgis.com/GyR85gR88mMqIY4t/arcgis/rest/services/Tashkent_Mahallas/FeatureServer/0,stored EPSG:102100/3857; served as EPSG:4326 on request,2024-10 (adopted); 2025-07 (republication snapshot),OFFICIAL,Toshkent shahar hokimligi - Raqamli rivojlantirish boshqarmasi,https://services8.arcgis.com/GyR85gR88mMqIY4t/arcgis/rest/services/Tashkent_Mahallas/FeatureServer/0,A,2024-10-23,2026-09-18,NULL
UZ-TAS-MFY-55,NULL,Nihol mahallasi,Ниҳол маҳалласи,Нихол махалля,NULL,Nihol mahallasi,Nihol,NULL,NULL,Mahalla fuqarolar yig'ini (MFY),Olmazor,UZ-TAS-OLMAZOR,1726280,NULL,NULL,NULL,NULL,NULL,NULL,2023-11-24/2024-10-23 (range; exact date per district NOT ESTABLISHED),NOT ESTABLISHED,NULL,https://e-qaror.gov.uz (Tashkent City Kengash decisions; individual act not located),NULL,NULL,NULL,84.53,YES,NO,"Tashkent City Hokimiyat, Dept. of Digital Development, via Open Data Tashkent; republished on Esri CAC GeoPortal",https://hub.arcgis.com/api/v3/datasets/c51c854bad2d48f1beaad40272f8d483_0/downloads/data?format=geojson&spatialRefId=4326,https://services8.arcgis.com/GyR85gR88mMqIY4t/arcgis/rest/services/Tashkent_Mahallas/FeatureServer/0,stored EPSG:102100/3857; served as EPSG:4326 on request,2024-10 (adopted); 2025-07 (republication snapshot),OFFICIAL,Toshkent shahar hokimligi - Raqamli rivojlantirish boshqarmasi,https://services8.arcgis.com/GyR85gR88mMqIY4t/arcgis/rest/services/Tashkent_Mahallas/FeatureServer/0,A,2024-10-23,2026-09-18,NULL
UZ-TAS-MFY-56,NULL,G'ani A'zamov mahallasi,Ғани Аъзамов маҳалласи,Гани Аъзамов махалля,NULL,G'ani A'zamov mahallasi,G'ani A'zamov,NULL,NULL,Mahalla fuqarolar yig'ini (MFY),Olmazor,UZ-TAS-OLMAZOR,1726280,NULL,NULL,NULL,NULL,NULL,NULL,2023-11-24/2024-10-23 (range; exact date per district NOT ESTABLISHED),NOT ESTABLISHED,NULL,https://e-qaror.gov.uz (Tashkent City Kengash decisions; individual act not located),NULL,NULL,NULL,48.82,YES,NO,"Tashkent City Hokimiyat, Dept. of Digital Development, via Open Data Tashkent; republished on Esri CAC GeoPortal",https://hub.arcgis.com/api/v3/datasets/c51c854bad2d48f1beaad40272f8d483_0/downloads/data?format=geojson&spatialRefId=4326,https://services8.arcgis.com/GyR85gR88mMqIY4t/arcgis/rest/services/Tashkent_Mahallas/FeatureServer/0,stored EPSG:102100/3857; served as EPSG:4326 on request,2024-10 (adopted); 2025-07 (republication snapshot),OFFICIAL,Toshkent shahar hokimligi - Raqamli rivojlantirish boshqarmasi,https://services8.arcgis.com/GyR85gR88mMqIY4t/arcgis/rest/services/Tashkent_Mahallas/FeatureServer/0,A,2024-10-23,2026-09-18,NULL
UZ-TAS-MFY-57,NULL,Taraqqiyot mahallasi,Тараққиёт маҳалласи,Тараккиёт махалля,NULL,Taraqqiyot mahallasi,Taraqqiyot,NULL,NULL,Mahalla fuqarolar yig'ini (MFY),Olmazor,UZ-TAS-OLMAZOR,1726280,NULL,NULL,NULL,NULL,NULL,NULL,2023-11-24/2024-10-23 (range; exact date per district NOT ESTABLISHED),NOT ESTABLISHED,NULL,https://e-qaror.gov.uz (Tashkent City Kengash decisions; individual act not located),NULL,NULL,NULL,80.47,YES,NO,"Tashkent City Hokimiyat, Dept. of Digital Development, via Open Data Tashkent; republished on Esri CAC GeoPortal",https://hub.arcgis.com/api/v3/datasets/c51c854bad2d48f1beaad40272f8d483_0/downloads/data?format=geojson&spatialRefId=4326,https://services8.arcgis.com/GyR85gR88mMqIY4t/arcgis/rest/services/Tashkent_Mahallas/FeatureServer/0,stored EPSG:102100/3857; served as EPSG:4326 on request,2024-10 (adopted); 2025-07 (republication snapshot),OFFICIAL,Toshkent shahar hokimligi - Raqamli rivojlantirish boshqarmasi,https://services8.arcgis.com/GyR85gR88mMqIY4t/arcgis/rest/services/Tashkent_Mahallas/FeatureServer/0,A,2024-10-23,2026-09-18,NULL
UZ-TAS-MFY-58,NULL,Yoshlik mahallasi,Ёшлик маҳалласи,Ёшлик махалля,NULL,Yoshlik mahallasi,Yoshlik,NULL,NULL,Mahalla fuqarolar yig'ini (MFY),Olmazor,UZ-TAS-OLMAZOR,1726280,NULL,NULL,NULL,NULL,NULL,NULL,2023-11-24/2024-10-23 (range; exact date per district NOT ESTABLISHED),NOT ESTABLISHED,NULL,https://e-qaror.gov.uz (Tashkent City Kengash decisions; individual act not located),NULL,NULL,NULL,8.68,YES,NO,"Tashkent City Hokimiyat, Dept. of Digital Development, via Open Data Tashkent; republished on Esri CAC GeoPortal",https://hub.arcgis.com/api/v3/datasets/c51c854bad2d48f1beaad40272f8d483_0/downloads/data?format=geojson&spatialRefId=4326,https://services8.arcgis.com/GyR85gR88mMqIY4t/arcgis/rest/services/Tashkent_Mahallas/FeatureServer/0,stored EPSG:102100/3857; served as EPSG:4326 on request,2024-10 (adopted); 2025-07 (republication snapshot),OFFICIAL,Toshkent shahar hokimligi - Raqamli rivojlantirish boshqarmasi,https://services8.arcgis.com/GyR85gR88mMqIY4t/arcgis/rest/services/Tashkent_Mahallas/FeatureServer/0,A,2024-10-23,2026-09-18,NULL
UZ-TAS-MFY-59,NULL,Universitet mahallasi,Университет маҳалласи,Университет махалля,NULL,Universitet mahallasi,Universitet,NULL,NULL,Mahalla fuqarolar yig'ini (MFY),Olmazor,UZ-TAS-OLMAZOR,1726280,NULL,NULL,NULL,NULL,NULL,NULL,2023-11-24/2024-10-23 (range; exact date per district NOT ESTABLISHED),NOT ESTABLISHED,NULL,https://e-qaror.gov.uz (Tashkent City Kengash decisions; individual act not located),NULL,NULL,NULL,58.45,YES,NO,"Tashkent City Hokimiyat, Dept. of Digital Development, via Open Data Tashkent; republished on Esri CAC GeoPortal",https://hub.arcgis.com/api/v3/datasets/c51c854bad2d48f1beaad40272f8d483_0/downloads/data?format=geojson&spatialRefId=4326,https://services8.arcgis.com/GyR85gR88mMqIY4t/arcgis/rest/services/Tashkent_Mahallas/FeatureServer/0,stored EPSG:102100/3857; served as EPSG:4326 on request,2024-10 (adopted); 2025-07 (republication snapshot),OFFICIAL,Toshkent shahar hokimligi - Raqamli rivojlantirish boshqarmasi,https://services8.arcgis.com/GyR85gR88mMqIY4t/arcgis/rest/services/Tashkent_Mahallas/FeatureServer/0,A,2024-10-23,2026-09-18,NULL
UZ-TAS-MFY-60,NULL,Ibrohimota mahallasi,Иброҳимота маҳалласи,Иброхимота махалля,NULL,Ibrohimota mahallasi,Ibrohimota,NULL,NULL,Mahalla fuqarolar yig'ini (MFY),Olmazor,UZ-TAS-OLMAZOR,1726280,NULL,NULL,NULL,NULL,NULL,NULL,2023-11-24/2024-10-23 (range; exact date per district NOT ESTABLISHED),NOT ESTABLISHED,NULL,https://e-qaror.gov.uz (Tashkent City Kengash decisions; individual act not located),NULL,NULL,NULL,158.02,YES,NO,"Tashkent City Hokimiyat, Dept. of Digital Development, via Open Data Tashkent; republished on Esri CAC GeoPortal",https://hub.arcgis.com/api/v3/datasets/c51c854bad2d48f1beaad40272f8d483_0/downloads/data?format=geojson&spatialRefId=4326,https://services8.arcgis.com/GyR85gR88mMqIY4t/arcgis/rest/services/Tashkent_Mahallas/FeatureServer/0,stored EPSG:102100/3857; served as EPSG:4326 on request,2024-10 (adopted); 2025-07 (republication snapshot),OFFICIAL,Toshkent shahar hokimligi - Raqamli rivojlantirish boshqarmasi,https://services8.arcgis.com/GyR85gR88mMqIY4t/arcgis/rest/services/Tashkent_Mahallas/FeatureServer/0,A,2024-10-23,2026-09-18,NULL
UZ-TAS-MFY-61,NULL,Chilto'g'on mahallasi,Чилтўғон маҳалласи,Чилтугон махалля,NULL,Chilto'g'on mahallasi,Chilto'g'on,NULL,NULL,Mahalla fuqarolar yig'ini (MFY),Olmazor,UZ-TAS-OLMAZOR,1726280,NULL,NULL,NULL,NULL,NULL,NULL,2023-11-24/2024-10-23 (range; exact date per district NOT ESTABLISHED),NOT ESTABLISHED,NULL,https://e-qaror.gov.uz (Tashkent City Kengash decisions; individual act not located),NULL,NULL,NULL,58.14,YES,NO,"Tashkent City Hokimiyat, Dept. of Digital Development, via Open Data Tashkent; republished on Esri CAC GeoPortal",https://hub.arcgis.com/api/v3/datasets/c51c854bad2d48f1beaad40272f8d483_0/downloads/data?format=geojson&spatialRefId=4326,https://services8.arcgis.com/GyR85gR88mMqIY4t/arcgis/rest/services/Tashkent_Mahallas/FeatureServer/0,stored EPSG:102100/3857; served as EPSG:4326 on request,2024-10 (adopted); 2025-07 (republication snapshot),OFFICIAL,Toshkent shahar hokimligi - Raqamli rivojlantirish boshqarmasi,https://services8.arcgis.com/GyR85gR88mMqIY4t/arcgis/rest/services/Tashkent_Mahallas/FeatureServer/0,A,2024-10-23,2026-09-18,NULL
UZ-TAS-MFY-62,NULL,Xonchorbog' mahallasi,Хончорбоғ маҳалласи,Хончорбог махалля,NULL,Xonchorbog' mahallasi,Xonchorbog',NULL,NULL,Mahalla fuqarolar yig'ini (MFY),Olmazor,UZ-TAS-OLMAZOR,1726280,NULL,NULL,NULL,NULL,NULL,NULL,2023-11-24/2024-10-23 (range; exact date per district NOT ESTABLISHED),NOT ESTABLISHED,NULL,https://e-qaror.gov.uz (Tashkent City Kengash decisions; individual act not located),NULL,NULL,NULL,51.06,YES,NO,"Tashkent City Hokimiyat, Dept. of Digital Development, via Open Data Tashkent; republished on Esri CAC GeoPortal",https://hub.arcgis.com/api/v3/datasets/c51c854bad2d48f1beaad40272f8d483_0/downloads/data?format=geojson&spatialRefId=4326,https://services8.arcgis.com/GyR85gR88mMqIY4t/arcgis/rest/services/Tashkent_Mahallas/FeatureServer/0,stored EPSG:102100/3857; served as EPSG:4326 on request,2024-10 (adopted); 2025-07 (republication snapshot),OFFICIAL,Toshkent shahar hokimligi - Raqamli rivojlantirish boshqarmasi,https://services8.arcgis.com/GyR85gR88mMqIY4t/arcgis/rest/services/Tashkent_Mahallas/FeatureServer/0,A,2024-10-23,2026-09-18,NULL
UZ-TAS-MFY-63,NULL,Islomota mahallasi,Исломота маҳалласи,Исломота махалля,NULL,Islomota mahallasi,Islomota,NULL,NULL,Mahalla fuqarolar yig'ini (MFY),Olmazor,UZ-TAS-OLMAZOR,1726280,NULL,NULL,NULL,NULL,NULL,NULL,2023-11-24/2024-10-23 (range; exact date per district NOT ESTABLISHED),NOT ESTABLISHED,NULL,https://e-qaror.gov.uz (Tashkent City Kengash decisions; individual act not located),NULL,NULL,NULL,26.3,YES,NO,"Tashkent City Hokimiyat, Dept. of Digital Development, via Open Data Tashkent; republished on Esri CAC GeoPortal",https://hub.arcgis.com/api/v3/datasets/c51c854bad2d48f1beaad40272f8d483_0/downloads/data?format=geojson&spatialRefId=4326,https://services8.arcgis.com/GyR85gR88mMqIY4t/arcgis/rest/services/Tashkent_Mahallas/FeatureServer/0,stored EPSG:102100/3857; served as EPSG:4326 on request,2024-10 (adopted); 2025-07 (republication snapshot),OFFICIAL,Toshkent shahar hokimligi - Raqamli rivojlantirish boshqarmasi,https://services8.arcgis.com/GyR85gR88mMqIY4t/arcgis/rest/services/Tashkent_Mahallas/FeatureServer/0,A,2024-10-23,2026-09-18,NULL
UZ-TAS-MFY-64,NULL,Yangi Toshkent mahallasi,Янги Тошкент маҳалласи,Янги Тошкент махалля,NULL,Yangi Toshkent mahallasi,Yangi Toshkent,NULL,NULL,Mahalla fuqarolar yig'ini (MFY),Olmazor,UZ-TAS-OLMAZOR,1726280,NULL,NULL,NULL,NULL,NULL,NULL,2023-11-24/2024-10-23 (range; exact date per district NOT ESTABLISHED),NOT ESTABLISHED,NULL,https://e-qaror.gov.uz (Tashkent City Kengash decisions; individual act not located),NULL,NULL,NULL,75.4,YES,NO,"Tashkent City Hokimiyat, Dept. of Digital Development, via Open Data Tashkent; republished on Esri CAC GeoPortal",https://hub.arcgis.com/api/v3/datasets/c51c854bad2d48f1beaad40272f8d483_0/downloads/data?format=geojson&spatialRefId=4326,https://services8.arcgis.com/GyR85gR88mMqIY4t/arcgis/rest/services/Tashkent_Mahallas/FeatureServer/0,stored EPSG:102100/3857; served as EPSG:4326 on request,2024-10 (adopted); 2025-07 (republication snapshot),OFFICIAL,Toshkent shahar hokimligi - Raqamli rivojlantirish boshqarmasi,https://services8.arcgis.com/GyR85gR88mMqIY4t/arcgis/rest/services/Tashkent_Mahallas/FeatureServer/0,A,2024-10-23,2026-09-18,NULL
UZ-TAS-MFY-89160,NULL,Xislat mahallasi,Хислат маҳалласи,Хислат махалля,NULL,Xislat mahallasi,Xislat,NULL,NULL,Mahalla fuqarolar yig'ini (MFY),Olmazor,UZ-TAS-OLMAZOR,1726280,NULL,NULL,NULL,NULL,NULL,NULL,2023-11-24/2024-10-23 (range; exact date per district NOT ESTABLISHED),NOT ESTABLISHED,NULL,https://e-qaror.gov.uz (Tashkent City Kengash decisions; individual act not located),NULL,NULL,NULL,57.73,YES,NO,"Tashkent City Hokimiyat, Dept. of Digital Development, via Open Data Tashkent; republished on Esri CAC GeoPortal",https://hub.arcgis.com/api/v3/datasets/c51c854bad2d48f1beaad40272f8d483_0/downloads/data?format=geojson&spatialRefId=4326,https://services8.arcgis.com/GyR85gR88mMqIY4t/arcgis/rest/services/Tashkent_Mahallas/FeatureServer/0,stored EPSG:102100/3857; served as EPSG:4326 on request,2024-10 (adopted); 2025-07 (republication snapshot),OFFICIAL,Toshkent shahar hokimligi - Raqamli rivojlantirish boshqarmasi,https://services8.arcgis.com/GyR85gR88mMqIY4t/arcgis/rest/services/Tashkent_Mahallas/FeatureServer/0,A,2024-10-23,2026-09-18,non-sequential internal id - record added to the layer after the initial load
UZ-TAS-MFY-389120,NULL,Chamanbog' mahallasi,Чаманбоғ маҳалласи,Чаманбог махалля,NULL,Chamanbog' mahallasi,Chamanbog',NULL,NULL,Mahalla fuqarolar yig'ini (MFY),Olmazor,UZ-TAS-OLMAZOR,1726280,NULL,NULL,NULL,NULL,NULL,NULL,2023-11-24/2024-10-23 (range; exact date per district NOT ESTABLISHED),NOT ESTABLISHED,NULL,https://e-qaror.gov.uz (Tashkent City Kengash decisions; individual act not located),NULL,NULL,NULL,18.01,YES,NO,"Tashkent City Hokimiyat, Dept. of Digital Development, via Open Data Tashkent; republished on Esri CAC GeoPortal",https://hub.arcgis.com/api/v3/datasets/c51c854bad2d48f1beaad40272f8d483_0/downloads/data?format=geojson&spatialRefId=4326,https://services8.arcgis.com/GyR85gR88mMqIY4t/arcgis/rest/services/Tashkent_Mahallas/FeatureServer/0,stored EPSG:102100/3857; served as EPSG:4326 on request,2024-10 (adopted); 2025-07 (republication snapshot),OFFICIAL,Toshkent shahar hokimligi - Raqamli rivojlantirish boshqarmasi,https://services8.arcgis.com/GyR85gR88mMqIY4t/arcgis/rest/services/Tashkent_Mahallas/FeatureServer/0,A,2024-10-23,2026-09-18,non-sequential internal id - record added to the layer after the initial load
UZ-TAS-MFY-2715875,NULL,Kaykovus mahallasi,Кайковус маҳалласи,Кайковус махалля,NULL,Kaykovus mahallasi,Kaykovus,NULL,NULL,Mahalla fuqarolar yig'ini (MFY),Olmazor,UZ-TAS-OLMAZOR,1726280,NULL,NULL,NULL,NULL,NULL,NULL,2023-11-24/2024-10-23 (range; exact date per district NOT ESTABLISHED),NOT ESTABLISHED,NULL,https://e-qaror.gov.uz (Tashkent City Kengash decisions; individual act not located),NULL,NULL,NULL,9.67,YES,NO,"Tashkent City Hokimiyat, Dept. of Digital Development, via Open Data Tashkent; republished on Esri CAC GeoPortal",https://hub.arcgis.com/api/v3/datasets/c51c854bad2d48f1beaad40272f8d483_0/downloads/data?format=geojson&spatialRefId=4326,https://services8.arcgis.com/GyR85gR88mMqIY4t/arcgis/rest/services/Tashkent_Mahallas/FeatureServer/0,stored EPSG:102100/3857; served as EPSG:4326 on request,2024-10 (adopted); 2025-07 (republication snapshot),OFFICIAL,Toshkent shahar hokimligi - Raqamli rivojlantirish boshqarmasi,https://services8.arcgis.com/GyR85gR88mMqIY4t/arcgis/rest/services/Tashkent_Mahallas/FeatureServer/0,A,2024-10-23,2026-09-18,non-sequential internal id - record added to the layer after the initial load
UZ-TAS-MFY-399,NULL,Abay mahallasi,Абай маҳалласи,Абай махалля,NULL,Abay mahallasi,Abay,NULL,NULL,Mahalla fuqarolar yig'ini (MFY),Bektemir,UZ-TAS-BEKTEMIR,1726264,NULL,NULL,NULL,NULL,NULL,NULL,2023-11-24/2024-10-23 (range; exact date per district NOT ESTABLISHED),NOT ESTABLISHED,NULL,https://e-qaror.gov.uz (Tashkent City Kengash decisions; individual act not located),NULL,NULL,NULL,137.17,YES,NO,"Tashkent City Hokimiyat, Dept. of Digital Development, via Open Data Tashkent; republished on Esri CAC GeoPortal",https://hub.arcgis.com/api/v3/datasets/c51c854bad2d48f1beaad40272f8d483_0/downloads/data?format=geojson&spatialRefId=4326,https://services8.arcgis.com/GyR85gR88mMqIY4t/arcgis/rest/services/Tashkent_Mahallas/FeatureServer/0,stored EPSG:102100/3857; served as EPSG:4326 on request,2024-10 (adopted); 2025-07 (republication snapshot),OFFICIAL,Toshkent shahar hokimligi - Raqamli rivojlantirish boshqarmasi,https://services8.arcgis.com/GyR85gR88mMqIY4t/arcgis/rest/services/Tashkent_Mahallas/FeatureServer/0,A,2024-10-23,2026-09-18,NULL
UZ-TAS-MFY-400,NULL,Mirishkor mahallasi,Миришкор маҳалласи,Миришкор махалля,NULL,Mirishkor mahallasi,Mirishkor,NULL,NULL,Mahalla fuqarolar yig'ini (MFY),Bektemir,UZ-TAS-BEKTEMIR,1726264,NULL,NULL,NULL,NULL,NULL,NULL,2023-11-24/2024-10-23 (range; exact date per district NOT ESTABLISHED),NOT ESTABLISHED,NULL,https://e-qaror.gov.uz (Tashkent City Kengash decisions; individual act not located),NULL,NULL,NULL,257.42,YES,NO,"Tashkent City Hokimiyat, Dept. of Digital Development, via Open Data Tashkent; republished on Esri CAC GeoPortal",https://hub.arcgis.com/api/v3/datasets/c51c854bad2d48f1beaad40272f8d483_0/downloads/data?format=geojson&spatialRefId=4326,https://services8.arcgis.com/GyR85gR88mMqIY4t/arcgis/rest/services/Tashkent_Mahallas/FeatureServer/0,stored EPSG:102100/3857; served as EPSG:4326 on request,2024-10 (adopted); 2025-07 (republication snapshot),OFFICIAL,Toshkent shahar hokimligi - Raqamli rivojlantirish boshqarmasi,https://services8.arcgis.com/GyR85gR88mMqIY4t/arcgis/rest/services/Tashkent_Mahallas/FeatureServer/0,A,2024-10-23,2026-09-18,NULL
UZ-TAS-MFY-401,NULL,Oltintopgan mahallasi,Олтинтопган маҳалласи,Олтинтопган махалля,NULL,Oltintopgan mahallasi,Oltintopgan,NULL,NULL,Mahalla fuqarolar yig'ini (MFY),Bektemir,UZ-TAS-BEKTEMIR,1726264,NULL,NULL,NULL,NULL,NULL,NULL,2023-11-24/2024-10-23 (range; exact date per district NOT ESTABLISHED),NOT ESTABLISHED,NULL,https://e-qaror.gov.uz (Tashkent City Kengash decisions; individual act not located),NULL,NULL,NULL,374.3,YES,NO,"Tashkent City Hokimiyat, Dept. of Digital Development, via Open Data Tashkent; republished on Esri CAC GeoPortal",https://hub.arcgis.com/api/v3/datasets/c51c854bad2d48f1beaad40272f8d483_0/downloads/data?format=geojson&spatialRefId=4326,https://services8.arcgis.com/GyR85gR88mMqIY4t/arcgis/rest/services/Tashkent_Mahallas/FeatureServer/0,stored EPSG:102100/3857; served as EPSG:4326 on request,2024-10 (adopted); 2025-07 (republication snapshot),OFFICIAL,Toshkent shahar hokimligi - Raqamli rivojlantirish boshqarmasi,https://services8.arcgis.com/GyR85gR88mMqIY4t/arcgis/rest/services/Tashkent_Mahallas/FeatureServer/0,A,2024-10-23,2026-09-18,NULL
UZ-TAS-MFY-402,NULL,Husayn Boyqaro mahallasi,Ҳусайн Бойқаро маҳалласи,Хусайн Бойкаро махалля,NULL,Husayn Boyqaro mahallasi,Husayn Boyqaro,NULL,NULL,Mahalla fuqarolar yig'ini (MFY),Bektemir,UZ-TAS-BEKTEMIR,1726264,NULL,NULL,NULL,NULL,NULL,NULL,2023-11-24/2024-10-23 (range; exact date per district NOT ESTABLISHED),NOT ESTABLISHED,NULL,https://e-qaror.gov.uz (Tashkent City Kengash decisions; individual act not located),NULL,NULL,NULL,90.6,YES,NO,"Tashkent City Hokimiyat, Dept. of Digital Development, via Open Data Tashkent; republished on Esri CAC GeoPortal",https://hub.arcgis.com/api/v3/datasets/c51c854bad2d48f1beaad40272f8d483_0/downloads/data?format=geojson&spatialRefId=4326,https://services8.arcgis.com/GyR85gR88mMqIY4t/arcgis/rest/services/Tashkent_Mahallas/FeatureServer/0,stored EPSG:102100/3857; served as EPSG:4326 on request,2024-10 (adopted); 2025-07 (republication snapshot),OFFICIAL,Toshkent shahar hokimligi - Raqamli rivojlantirish boshqarmasi,https://services8.arcgis.com/GyR85gR88mMqIY4t/arcgis/rest/services/Tashkent_Mahallas/FeatureServer/0,A,2024-10-23,2026-09-18,NULL
UZ-TAS-MFY-403,NULL,Rohat mahallasi,Роҳат маҳалласи,Рохат махалля,NULL,Rohat mahallasi,Rohat,NULL,NULL,Mahalla fuqarolar yig'ini (MFY),Bektemir,UZ-TAS-BEKTEMIR,1726264,NULL,NULL,NULL,NULL,NULL,NULL,2023-11-24/2024-10-23 (range; exact date per district NOT ESTABLISHED),NOT ESTABLISHED,NULL,https://e-qaror.gov.uz (Tashkent City Kengash decisions; individual act not located),NULL,NULL,NULL,28.64,YES,NO,"Tashkent City Hokimiyat, Dept. of Digital Development, via Open Data Tashkent; republished on Esri CAC GeoPortal",https://hub.arcgis.com/api/v3/datasets/c51c854bad2d48f1beaad40272f8d483_0/downloads/data?format=geojson&spatialRefId=4326,https://services8.arcgis.com/GyR85gR88mMqIY4t/arcgis/rest/services/Tashkent_Mahallas/FeatureServer/0,stored EPSG:102100/3857; served as EPSG:4326 on request,2024-10 (adopted); 2025-07 (republication snapshot),OFFICIAL,Toshkent shahar hokimligi - Raqamli rivojlantirish boshqarmasi,https://services8.arcgis.com/GyR85gR88mMqIY4t/arcgis/rest/services/Tashkent_Mahallas/FeatureServer/0,A,2024-10-23,2026-09-18,NULL
UZ-TAS-MFY-404,NULL,Zabardast mahallasi,Забардаст маҳалласи,Забардаст махалля,NULL,Zabardast mahallasi,Zabardast,NULL,NULL,Mahalla fuqarolar yig'ini (MFY),Bektemir,UZ-TAS-BEKTEMIR,1726264,NULL,NULL,NULL,NULL,NULL,NULL,2023-11-24/2024-10-23 (range; exact date per district NOT ESTABLISHED),NOT ESTABLISHED,NULL,https://e-qaror.gov.uz (Tashkent City Kengash decisions; individual act not located),NULL,NULL,NULL,206.15,YES,NO,"Tashkent City Hokimiyat, Dept. of Digital Development, via Open Data Tashkent; republished on Esri CAC GeoPortal",https://hub.arcgis.com/api/v3/datasets/c51c854bad2d48f1beaad40272f8d483_0/downloads/data?format=geojson&spatialRefId=4326,https://services8.arcgis.com/GyR85gR88mMqIY4t/arcgis/rest/services/Tashkent_Mahallas/FeatureServer/0,stored EPSG:102100/3857; served as EPSG:4326 on request,2024-10 (adopted); 2025-07 (republication snapshot),OFFICIAL,Toshkent shahar hokimligi - Raqamli rivojlantirish boshqarmasi,https://services8.arcgis.com/GyR85gR88mMqIY4t/arcgis/rest/services/Tashkent_Mahallas/FeatureServer/0,A,2024-10-23,2026-09-18,NULL
UZ-TAS-MFY-405,NULL,Musaffo mahallasi,Мусаффо маҳалласи,Мусаффо махалля,NULL,Musaffo mahallasi,Musaffo,NULL,NULL,Mahalla fuqarolar yig'ini (MFY),Bektemir,UZ-TAS-BEKTEMIR,1726264,NULL,NULL,NULL,NULL,NULL,NULL,2023-11-24/2024-10-23 (range; exact date per district NOT ESTABLISHED),NOT ESTABLISHED,NULL,https://e-qaror.gov.uz (Tashkent City Kengash decisions; individual act not located),NULL,NULL,NULL,239.51,YES,NO,"Tashkent City Hokimiyat, Dept. of Digital Development, via Open Data Tashkent; republished on Esri CAC GeoPortal",https://hub.arcgis.com/api/v3/datasets/c51c854bad2d48f1beaad40272f8d483_0/downloads/data?format=geojson&spatialRefId=4326,https://services8.arcgis.com/GyR85gR88mMqIY4t/arcgis/rest/services/Tashkent_Mahallas/FeatureServer/0,stored EPSG:102100/3857; served as EPSG:4326 on request,2024-10 (adopted); 2025-07 (republication snapshot),OFFICIAL,Toshkent shahar hokimligi - Raqamli rivojlantirish boshqarmasi,https://services8.arcgis.com/GyR85gR88mMqIY4t/arcgis/rest/services/Tashkent_Mahallas/FeatureServer/0,A,2024-10-23,2026-09-18,NULL
UZ-TAS-MFY-406,NULL,Sohil mahallasi,Соҳил маҳалласи,Сохил махалля,NULL,Sohil mahallasi,Sohil,NULL,NULL,Mahalla fuqarolar yig'ini (MFY),Bektemir,UZ-TAS-BEKTEMIR,1726264,NULL,NULL,NULL,NULL,NULL,NULL,2023-11-24/2024-10-23 (range; exact date per district NOT ESTABLISHED),NOT ESTABLISHED,NULL,https://e-qaror.gov.uz (Tashkent City Kengash decisions; individual act not located),NULL,NULL,NULL,39.59,YES,NO,"Tashkent City Hokimiyat, Dept. of Digital Development, via Open Data Tashkent; republished on Esri CAC GeoPortal",https://hub.arcgis.com/api/v3/datasets/c51c854bad2d48f1beaad40272f8d483_0/downloads/data?format=geojson&spatialRefId=4326,https://services8.arcgis.com/GyR85gR88mMqIY4t/arcgis/rest/services/Tashkent_Mahallas/FeatureServer/0,stored EPSG:102100/3857; served as EPSG:4326 on request,2024-10 (adopted); 2025-07 (republication snapshot),OFFICIAL,Toshkent shahar hokimligi - Raqamli rivojlantirish boshqarmasi,https://services8.arcgis.com/GyR85gR88mMqIY4t/arcgis/rest/services/Tashkent_Mahallas/FeatureServer/0,A,2024-10-23,2026-09-18,NULL
UZ-TAS-MFY-407,NULL,Zilola mahallasi,Зилола маҳалласи,Зилола махалля,NULL,Zilola mahallasi,Zilola,NULL,NULL,Mahalla fuqarolar yig'ini (MFY),Bektemir,UZ-TAS-BEKTEMIR,1726264,NULL,NULL,NULL,NULL,NULL,NULL,2023-11-24/2024-10-23 (range; exact date per district NOT ESTABLISHED),NOT ESTABLISHED,NULL,https://e-qaror.gov.uz (Tashkent City Kengash decisions; individual act not located),NULL,NULL,NULL,21.08,YES,NO,"Tashkent City Hokimiyat, Dept. of Digital Development, via Open Data Tashkent; republished on Esri CAC GeoPortal",https://hub.arcgis.com/api/v3/datasets/c51c854bad2d48f1beaad40272f8d483_0/downloads/data?format=geojson&spatialRefId=4326,https://services8.arcgis.com/GyR85gR88mMqIY4t/arcgis/rest/services/Tashkent_Mahallas/FeatureServer/0,stored EPSG:102100/3857; served as EPSG:4326 on request,2024-10 (adopted); 2025-07 (republication snapshot),OFFICIAL,Toshkent shahar hokimligi - Raqamli rivojlantirish boshqarmasi,https://services8.arcgis.com/GyR85gR88mMqIY4t/arcgis/rest/services/Tashkent_Mahallas/FeatureServer/0,A,2024-10-23,2026-09-18,NULL
UZ-TAS-MFY-408,NULL,Nurafshon mahallasi,Нурафшон маҳалласи,Нурафшон махалля,NULL,Nurafshon mahallasi,Nurafshon,NULL,NULL,Mahalla fuqarolar yig'ini (MFY),Bektemir,UZ-TAS-BEKTEMIR,1726264,NULL,NULL,NULL,NULL,NULL,NULL,2023-11-24/2024-10-23 (range; exact date per district NOT ESTABLISHED),NOT ESTABLISHED,NULL,https://e-qaror.gov.uz (Tashkent City Kengash decisions; individual act not located),NULL,NULL,NULL,419.95,YES,NO,"Tashkent City Hokimiyat, Dept. of Digital Development, via Open Data Tashkent; republished on Esri CAC GeoPortal",https://hub.arcgis.com/api/v3/datasets/c51c854bad2d48f1beaad40272f8d483_0/downloads/data?format=geojson&spatialRefId=4326,https://services8.arcgis.com/GyR85gR88mMqIY4t/arcgis/rest/services/Tashkent_Mahallas/FeatureServer/0,stored EPSG:102100/3857; served as EPSG:4326 on request,2024-10 (adopted); 2025-07 (republication snapshot),OFFICIAL,Toshkent shahar hokimligi - Raqamli rivojlantirish boshqarmasi,https://services8.arcgis.com/GyR85gR88mMqIY4t/arcgis/rest/services/Tashkent_Mahallas/FeatureServer/0,A,2024-10-23,2026-09-18,NULL
UZ-TAS-MFY-409,NULL,Nurliyo'l mahallasi,Нурлийўл маҳалласи,Нурлийул махалля,NULL,Nurliyo'l mahallasi,Nurliyo'l,NULL,NULL,Mahalla fuqarolar yig'ini (MFY),Bektemir,UZ-TAS-BEKTEMIR,1726264,NULL,NULL,NULL,NULL,NULL,NULL,2023-11-24/2024-10-23 (range; exact date per district NOT ESTABLISHED),NOT ESTABLISHED,NULL,https://e-qaror.gov.uz (Tashkent City Kengash decisions; individual act not located),NULL,NULL,NULL,579.95,YES,NO,"Tashkent City Hokimiyat, Dept. of Digital Development, via Open Data Tashkent; republished on Esri CAC GeoPortal",https://hub.arcgis.com/api/v3/datasets/c51c854bad2d48f1beaad40272f8d483_0/downloads/data?format=geojson&spatialRefId=4326,https://services8.arcgis.com/GyR85gR88mMqIY4t/arcgis/rest/services/Tashkent_Mahallas/FeatureServer/0,stored EPSG:102100/3857; served as EPSG:4326 on request,2024-10 (adopted); 2025-07 (republication snapshot),OFFICIAL,Toshkent shahar hokimligi - Raqamli rivojlantirish boshqarmasi,https://services8.arcgis.com/GyR85gR88mMqIY4t/arcgis/rest/services/Tashkent_Mahallas/FeatureServer/0,A,2024-10-23,2026-09-18,NULL
UZ-TAS-MFY-410,NULL,Gulbog' mahallasi,Гулбоғ маҳалласи,Гулбог махалля,NULL,Gulbog' mahallasi,Gulbog',NULL,NULL,Mahalla fuqarolar yig'ini (MFY),Bektemir,UZ-TAS-BEKTEMIR,1726264,NULL,NULL,NULL,NULL,NULL,NULL,2023-11-24/2024-10-23 (range; exact date per district NOT ESTABLISHED),NOT ESTABLISHED,NULL,https://e-qaror.gov.uz (Tashkent City Kengash decisions; individual act not located),NULL,NULL,NULL,257.08,YES,NO,"Tashkent City Hokimiyat, Dept. of Digital Development, via Open Data Tashkent; republished on Esri CAC GeoPortal",https://hub.arcgis.com/api/v3/datasets/c51c854bad2d48f1beaad40272f8d483_0/downloads/data?format=geojson&spatialRefId=4326,https://services8.arcgis.com/GyR85gR88mMqIY4t/arcgis/rest/services/Tashkent_Mahallas/FeatureServer/0,stored EPSG:102100/3857; served as EPSG:4326 on request,2024-10 (adopted); 2025-07 (republication snapshot),OFFICIAL,Toshkent shahar hokimligi - Raqamli rivojlantirish boshqarmasi,https://services8.arcgis.com/GyR85gR88mMqIY4t/arcgis/rest/services/Tashkent_Mahallas/FeatureServer/0,A,2024-10-23,2026-09-18,NULL
UZ-TAS-MFY-411,NULL,Iykota mahallasi,Ийкота маҳалласи,Ийкота махалля,NULL,Iykota mahallasi,Iykota,NULL,NULL,Mahalla fuqarolar yig'ini (MFY),Bektemir,UZ-TAS-BEKTEMIR,1726264,NULL,NULL,NULL,NULL,NULL,NULL,2023-11-24/2024-10-23 (range; exact date per district NOT ESTABLISHED),NOT ESTABLISHED,NULL,https://e-qaror.gov.uz (Tashkent City Kengash decisions; individual act not located),NULL,NULL,NULL,226.43,YES,NO,"Tashkent City Hokimiyat, Dept. of Digital Development, via Open Data Tashkent; republished on Esri CAC GeoPortal",https://hub.arcgis.com/api/v3/datasets/c51c854bad2d48f1beaad40272f8d483_0/downloads/data?format=geojson&spatialRefId=4326,https://services8.arcgis.com/GyR85gR88mMqIY4t/arcgis/rest/services/Tashkent_Mahallas/FeatureServer/0,stored EPSG:102100/3857; served as EPSG:4326 on request,2024-10 (adopted); 2025-07 (republication snapshot),OFFICIAL,Toshkent shahar hokimligi - Raqamli rivojlantirish boshqarmasi,https://services8.arcgis.com/GyR85gR88mMqIY4t/arcgis/rest/services/Tashkent_Mahallas/FeatureServer/0,A,2024-10-23,2026-09-18,NULL
UZ-TAS-MFY-412,NULL,Majnuntol mahallasi,Мажнунтол маҳалласи,Мажнунтол махалля,NULL,Majnuntol mahallasi,Majnuntol,NULL,NULL,Mahalla fuqarolar yig'ini (MFY),Bektemir,UZ-TAS-BEKTEMIR,1726264,NULL,NULL,NULL,NULL,NULL,NULL,2023-11-24/2024-10-23 (range; exact date per district NOT ESTABLISHED),NOT ESTABLISHED,NULL,https://e-qaror.gov.uz (Tashkent City Kengash decisions; individual act not located),NULL,NULL,NULL,160.98,YES,NO,"Tashkent City Hokimiyat, Dept. of Digital Development, via Open Data Tashkent; republished on Esri CAC GeoPortal",https://hub.arcgis.com/api/v3/datasets/c51c854bad2d48f1beaad40272f8d483_0/downloads/data?format=geojson&spatialRefId=4326,https://services8.arcgis.com/GyR85gR88mMqIY4t/arcgis/rest/services/Tashkent_Mahallas/FeatureServer/0,stored EPSG:102100/3857; served as EPSG:4326 on request,2024-10 (adopted); 2025-07 (republication snapshot),OFFICIAL,Toshkent shahar hokimligi - Raqamli rivojlantirish boshqarmasi,https://services8.arcgis.com/GyR85gR88mMqIY4t/arcgis/rest/services/Tashkent_Mahallas/FeatureServer/0,A,2024-10-23,2026-09-18,NULL
UZ-TAS-MFY-413,NULL,Chashma mahallasi,Чашма маҳалласи,Чашма махалля,NULL,Chashma mahallasi,Chashma,NULL,NULL,Mahalla fuqarolar yig'ini (MFY),Bektemir,UZ-TAS-BEKTEMIR,1726264,NULL,NULL,NULL,NULL,NULL,NULL,2023-11-24/2024-10-23 (range; exact date per district NOT ESTABLISHED),NOT ESTABLISHED,NULL,https://e-qaror.gov.uz (Tashkent City Kengash decisions; individual act not located),NULL,NULL,NULL,10.23,YES,NO,"Tashkent City Hokimiyat, Dept. of Digital Development, via Open Data Tashkent; republished on Esri CAC GeoPortal",https://hub.arcgis.com/api/v3/datasets/c51c854bad2d48f1beaad40272f8d483_0/downloads/data?format=geojson&spatialRefId=4326,https://services8.arcgis.com/GyR85gR88mMqIY4t/arcgis/rest/services/Tashkent_Mahallas/FeatureServer/0,stored EPSG:102100/3857; served as EPSG:4326 on request,2024-10 (adopted); 2025-07 (republication snapshot),OFFICIAL,Toshkent shahar hokimligi - Raqamli rivojlantirish boshqarmasi,https://services8.arcgis.com/GyR85gR88mMqIY4t/arcgis/rest/services/Tashkent_Mahallas/FeatureServer/0,A,2024-10-23,2026-09-18,NULL
UZ-TAS-MFY-414,NULL,Bektemir mahallasi,Бектемир маҳалласи,Бектемир махалля,NULL,Bektemir mahallasi,Bektemir,NULL,NULL,Mahalla fuqarolar yig'ini (MFY),Bektemir,UZ-TAS-BEKTEMIR,1726264,NULL,NULL,NULL,NULL,NULL,NULL,2023-11-24/2024-10-23 (range; exact date per district NOT ESTABLISHED),NOT ESTABLISHED,NULL,https://e-qaror.gov.uz (Tashkent City Kengash decisions; individual act not located),NULL,NULL,NULL,102.65,YES,NO,"Tashkent City Hokimiyat, Dept. of Digital Development, via Open Data Tashkent; republished on Esri CAC GeoPortal",https://hub.arcgis.com/api/v3/datasets/c51c854bad2d48f1beaad40272f8d483_0/downloads/data?format=geojson&spatialRefId=4326,https://services8.arcgis.com/GyR85gR88mMqIY4t/arcgis/rest/services/Tashkent_Mahallas/FeatureServer/0,stored EPSG:102100/3857; served as EPSG:4326 on request,2024-10 (adopted); 2025-07 (republication snapshot),OFFICIAL,Toshkent shahar hokimligi - Raqamli rivojlantirish boshqarmasi,https://services8.arcgis.com/GyR85gR88mMqIY4t/arcgis/rest/services/Tashkent_Mahallas/FeatureServer/0,A,2024-10-23,2026-09-18,NULL
UZ-TAS-MFY-415,NULL,Ustozlar mahallasi,Устозлар маҳалласи,Устозлар махалля,NULL,Ustozlar mahallasi,Ustozlar,NULL,NULL,Mahalla fuqarolar yig'ini (MFY),Bektemir,UZ-TAS-BEKTEMIR,1726264,NULL,NULL,NULL,NULL,NULL,NULL,2023-11-24/2024-10-23 (range; exact date per district NOT ESTABLISHED),NOT ESTABLISHED,NULL,https://e-qaror.gov.uz (Tashkent City Kengash decisions; individual act not located),NULL,NULL,NULL,77.46,YES,NO,"Tashkent City Hokimiyat, Dept. of Digital Development, via Open Data Tashkent; republished on Esri CAC GeoPortal",https://hub.arcgis.com/api/v3/datasets/c51c854bad2d48f1beaad40272f8d483_0/downloads/data?format=geojson&spatialRefId=4326,https://services8.arcgis.com/GyR85gR88mMqIY4t/arcgis/rest/services/Tashkent_Mahallas/FeatureServer/0,stored EPSG:102100/3857; served as EPSG:4326 on request,2024-10 (adopted); 2025-07 (republication snapshot),OFFICIAL,Toshkent shahar hokimligi - Raqamli rivojlantirish boshqarmasi,https://services8.arcgis.com/GyR85gR88mMqIY4t/arcgis/rest/services/Tashkent_Mahallas/FeatureServer/0,A,2024-10-23,2026-09-18,NULL
UZ-TAS-MFY-416,NULL,Iqbol mahallasi,Иқбол маҳалласи,Икбол махалля,NULL,Iqbol mahallasi,Iqbol,NULL,NULL,Mahalla fuqarolar yig'ini (MFY),Bektemir,UZ-TAS-BEKTEMIR,1726264,NULL,NULL,NULL,NULL,NULL,NULL,2023-11-24/2024-10-23 (range; exact date per district NOT ESTABLISHED),NOT ESTABLISHED,NULL,https://e-qaror.gov.uz (Tashkent City Kengash decisions; individual act not located),NULL,NULL,NULL,31.41,YES,NO,"Tashkent City Hokimiyat, Dept. of Digital Development, via Open Data Tashkent; republished on Esri CAC GeoPortal",https://hub.arcgis.com/api/v3/datasets/c51c854bad2d48f1beaad40272f8d483_0/downloads/data?format=geojson&spatialRefId=4326,https://services8.arcgis.com/GyR85gR88mMqIY4t/arcgis/rest/services/Tashkent_Mahallas/FeatureServer/0,stored EPSG:102100/3857; served as EPSG:4326 on request,2024-10 (adopted); 2025-07 (republication snapshot),OFFICIAL,Toshkent shahar hokimligi - Raqamli rivojlantirish boshqarmasi,https://services8.arcgis.com/GyR85gR88mMqIY4t/arcgis/rest/services/Tashkent_Mahallas/FeatureServer/0,A,2024-10-23,2026-09-18,NULL
UZ-TAS-MFY-455,NULL,Shirin mahallasi,Ширин маҳалласи,Ширин махалля,NULL,Shirin mahallasi,Shirin,NULL,NULL,Mahalla fuqarolar yig'ini (MFY),Uchtepa,UZ-TAS-UCHTEPA,1726262,NULL,NULL,NULL,NULL,NULL,NULL,2023-11-24/2024-10-23 (range; exact date per district NOT ESTABLISHED),NOT ESTABLISHED,NULL,https://e-qaror.gov.uz (Tashkent City Kengash decisions; individual act not located),NULL,NULL,NULL,NULL,YES,NO,"Tashkent City Hokimiyat, Dept. of Digital Development, via Open Data Tashkent; republished on Esri CAC GeoPortal",https://hub.arcgis.com/api/v3/datasets/c51c854bad2d48f1beaad40272f8d483_0/downloads/data?format=geojson&spatialRefId=4326,https://services8.arcgis.com/GyR85gR88mMqIY4t/arcgis/rest/services/Tashkent_Mahallas/FeatureServer/0,stored EPSG:102100/3857; served as EPSG:4326 on request,2024-10 (adopted); 2025-07 (republication snapshot),OFFICIAL,Toshkent shahar hokimligi - Raqamli rivojlantirish boshqarmasi,https://services8.arcgis.com/GyR85gR88mMqIY4t/arcgis/rest/services/Tashkent_Mahallas/FeatureServer/0,A,2024-10-23,2026-09-18,area_ha is NULL in the source layer (all 60 Uchtepa records)
UZ-TAS-MFY-456,NULL,Jurjoniy mahallasi,Журжоний маҳалласи,Журжоний махалля,NULL,Jurjoniy mahallasi,Jurjoniy,NULL,NULL,Mahalla fuqarolar yig'ini (MFY),Uchtepa,UZ-TAS-UCHTEPA,1726262,NULL,NULL,NULL,NULL,NULL,NULL,2023-11-24/2024-10-23 (range; exact date per district NOT ESTABLISHED),NOT ESTABLISHED,NULL,https://e-qaror.gov.uz (Tashkent City Kengash decisions; individual act not located),NULL,NULL,NULL,NULL,YES,NO,"Tashkent City Hokimiyat, Dept. of Digital Development, via Open Data Tashkent; republished on Esri CAC GeoPortal",https://hub.arcgis.com/api/v3/datasets/c51c854bad2d48f1beaad40272f8d483_0/downloads/data?format=geojson&spatialRefId=4326,https://services8.arcgis.com/GyR85gR88mMqIY4t/arcgis/rest/services/Tashkent_Mahallas/FeatureServer/0,stored EPSG:102100/3857; served as EPSG:4326 on request,2024-10 (adopted); 2025-07 (republication snapshot),OFFICIAL,Toshkent shahar hokimligi - Raqamli rivojlantirish boshqarmasi,https://services8.arcgis.com/GyR85gR88mMqIY4t/arcgis/rest/services/Tashkent_Mahallas/FeatureServer/0,A,2024-10-23,2026-09-18,area_ha is NULL in the source layer (all 60 Uchtepa records)
UZ-TAS-MFY-457,NULL,Xuroson mahallasi,Хуросон маҳалласи,Хуросон махалля,NULL,Xuroson mahallasi,Xuroson,NULL,NULL,Mahalla fuqarolar yig'ini (MFY),Uchtepa,UZ-TAS-UCHTEPA,1726262,NULL,NULL,NULL,NULL,NULL,NULL,2023-11-24/2024-10-23 (range; exact date per district NOT ESTABLISHED),NOT ESTABLISHED,NULL,https://e-qaror.gov.uz (Tashkent City Kengash decisions; individual act not located),NULL,NULL,NULL,NULL,YES,NO,"Tashkent City Hokimiyat, Dept. of Digital Development, via Open Data Tashkent; republished on Esri CAC GeoPortal",https://hub.arcgis.com/api/v3/datasets/c51c854bad2d48f1beaad40272f8d483_0/downloads/data?format=geojson&spatialRefId=4326,https://services8.arcgis.com/GyR85gR88mMqIY4t/arcgis/rest/services/Tashkent_Mahallas/FeatureServer/0,stored EPSG:102100/3857; served as EPSG:4326 on request,2024-10 (adopted); 2025-07 (republication snapshot),OFFICIAL,Toshkent shahar hokimligi - Raqamli rivojlantirish boshqarmasi,https://services8.arcgis.com/GyR85gR88mMqIY4t/arcgis/rest/services/Tashkent_Mahallas/FeatureServer/0,A,2024-10-23,2026-09-18,area_ha is NULL in the source layer (all 60 Uchtepa records)
UZ-TAS-MFY-458,NULL,Qo'rg'ontepa mahallasi,Қўрғонтепа маҳалласи,Кургонтепа махалля,NULL,Qo'rg'ontepa mahallasi,Qo'rg'ontepa,NULL,NULL,Mahalla fuqarolar yig'ini (MFY),Uchtepa,UZ-TAS-UCHTEPA,1726262,NULL,NULL,NULL,NULL,NULL,NULL,2023-11-24/2024-10-23 (range; exact date per district NOT ESTABLISHED),NOT ESTABLISHED,NULL,https://e-qaror.gov.uz (Tashkent City Kengash decisions; individual act not located),NULL,NULL,NULL,NULL,YES,NO,"Tashkent City Hokimiyat, Dept. of Digital Development, via Open Data Tashkent; republished on Esri CAC GeoPortal",https://hub.arcgis.com/api/v3/datasets/c51c854bad2d48f1beaad40272f8d483_0/downloads/data?format=geojson&spatialRefId=4326,https://services8.arcgis.com/GyR85gR88mMqIY4t/arcgis/rest/services/Tashkent_Mahallas/FeatureServer/0,stored EPSG:102100/3857; served as EPSG:4326 on request,2024-10 (adopted); 2025-07 (republication snapshot),OFFICIAL,Toshkent shahar hokimligi - Raqamli rivojlantirish boshqarmasi,https://services8.arcgis.com/GyR85gR88mMqIY4t/arcgis/rest/services/Tashkent_Mahallas/FeatureServer/0,A,2024-10-23,2026-09-18,area_ha is NULL in the source layer (all 60 Uchtepa records)
UZ-TAS-MFY-459,NULL,Zargarlik mahallasi,Заргарлик маҳалласи,Заргарлик махалля,NULL,Zargarlik mahallasi,Zargarlik,NULL,NULL,Mahalla fuqarolar yig'ini (MFY),Uchtepa,UZ-TAS-UCHTEPA,1726262,NULL,NULL,NULL,NULL,NULL,NULL,2023-11-24/2024-10-23 (range; exact date per district NOT ESTABLISHED),NOT ESTABLISHED,NULL,https://e-qaror.gov.uz (Tashkent City Kengash decisions; individual act not located),NULL,NULL,NULL,NULL,YES,NO,"Tashkent City Hokimiyat, Dept. of Digital Development, via Open Data Tashkent; republished on Esri CAC GeoPortal",https://hub.arcgis.com/api/v3/datasets/c51c854bad2d48f1beaad40272f8d483_0/downloads/data?format=geojson&spatialRefId=4326,https://services8.arcgis.com/GyR85gR88mMqIY4t/arcgis/rest/services/Tashkent_Mahallas/FeatureServer/0,stored EPSG:102100/3857; served as EPSG:4326 on request,2024-10 (adopted); 2025-07 (republication snapshot),OFFICIAL,Toshkent shahar hokimligi - Raqamli rivojlantirish boshqarmasi,https://services8.arcgis.com/GyR85gR88mMqIY4t/arcgis/rest/services/Tashkent_Mahallas/FeatureServer/0,A,2024-10-23,2026-09-18,area_ha is NULL in the source layer (all 60 Uchtepa records)
UZ-TAS-MFY-460,NULL,Tepaqo'rg'on mahallasi,Тепақўрғон маҳалласи,Тепакургон махалля,NULL,Tepaqo'rg'on mahallasi,Tepaqo'rg'on,NULL,NULL,Mahalla fuqarolar yig'ini (MFY),Uchtepa,UZ-TAS-UCHTEPA,1726262,NULL,NULL,NULL,NULL,NULL,NULL,2023-11-24/2024-10-23 (range; exact date per district NOT ESTABLISHED),NOT ESTABLISHED,NULL,https://e-qaror.gov.uz (Tashkent City Kengash decisions; individual act not located),NULL,NULL,NULL,NULL,YES,NO,"Tashkent City Hokimiyat, Dept. of Digital Development, via Open Data Tashkent; republished on Esri CAC GeoPortal",https://hub.arcgis.com/api/v3/datasets/c51c854bad2d48f1beaad40272f8d483_0/downloads/data?format=geojson&spatialRefId=4326,https://services8.arcgis.com/GyR85gR88mMqIY4t/arcgis/rest/services/Tashkent_Mahallas/FeatureServer/0,stored EPSG:102100/3857; served as EPSG:4326 on request,2024-10 (adopted); 2025-07 (republication snapshot),OFFICIAL,Toshkent shahar hokimligi - Raqamli rivojlantirish boshqarmasi,https://services8.arcgis.com/GyR85gR88mMqIY4t/arcgis/rest/services/Tashkent_Mahallas/FeatureServer/0,A,2024-10-23,2026-09-18,area_ha is NULL in the source layer (all 60 Uchtepa records)
UZ-TAS-MFY-461,NULL,Birlik mahallasi,Бирлик маҳалласи,Бирлик махалля,NULL,Birlik mahallasi,Birlik,NULL,NULL,Mahalla fuqarolar yig'ini (MFY),Uchtepa,UZ-TAS-UCHTEPA,1726262,NULL,NULL,NULL,NULL,NULL,NULL,2023-11-24/2024-10-23 (range; exact date per district NOT ESTABLISHED),NOT ESTABLISHED,NULL,https://e-qaror.gov.uz (Tashkent City Kengash decisions; individual act not located),NULL,NULL,NULL,NULL,YES,NO,"Tashkent City Hokimiyat, Dept. of Digital Development, via Open Data Tashkent; republished on Esri CAC GeoPortal",https://hub.arcgis.com/api/v3/datasets/c51c854bad2d48f1beaad40272f8d483_0/downloads/data?format=geojson&spatialRefId=4326,https://services8.arcgis.com/GyR85gR88mMqIY4t/arcgis/rest/services/Tashkent_Mahallas/FeatureServer/0,stored EPSG:102100/3857; served as EPSG:4326 on request,2024-10 (adopted); 2025-07 (republication snapshot),OFFICIAL,Toshkent shahar hokimligi - Raqamli rivojlantirish boshqarmasi,https://services8.arcgis.com/GyR85gR88mMqIY4t/arcgis/rest/services/Tashkent_Mahallas/FeatureServer/0,A,2024-10-23,2026-09-18,area_ha is NULL in the source layer (all 60 Uchtepa records)
UZ-TAS-MFY-462,NULL,Nayman mahallasi,Найман маҳалласи,Найман махалля,NULL,Nayman mahallasi,Nayman,NULL,NULL,Mahalla fuqarolar yig'ini (MFY),Uchtepa,UZ-TAS-UCHTEPA,1726262,NULL,NULL,NULL,NULL,NULL,NULL,2023-11-24/2024-10-23 (range; exact date per district NOT ESTABLISHED),NOT ESTABLISHED,NULL,https://e-qaror.gov.uz (Tashkent City Kengash decisions; individual act not located),NULL,NULL,NULL,NULL,YES,NO,"Tashkent City Hokimiyat, Dept. of Digital Development, via Open Data Tashkent; republished on Esri CAC GeoPortal",https://hub.arcgis.com/api/v3/datasets/c51c854bad2d48f1beaad40272f8d483_0/downloads/data?format=geojson&spatialRefId=4326,https://services8.arcgis.com/GyR85gR88mMqIY4t/arcgis/rest/services/Tashkent_Mahallas/FeatureServer/0,stored EPSG:102100/3857; served as EPSG:4326 on request,2024-10 (adopted); 2025-07 (republication snapshot),OFFICIAL,Toshkent shahar hokimligi - Raqamli rivojlantirish boshqarmasi,https://services8.arcgis.com/GyR85gR88mMqIY4t/arcgis/rest/services/Tashkent_Mahallas/FeatureServer/0,A,2024-10-23,2026-09-18,area_ha is NULL in the source layer (all 60 Uchtepa records)
UZ-TAS-MFY-463,NULL,Nurobod mahallasi,Нуробод маҳалласи,Нуробод махалля,NULL,Nurobod mahallasi,Nurobod,NULL,NULL,Mahalla fuqarolar yig'ini (MFY),Uchtepa,UZ-TAS-UCHTEPA,1726262,NULL,NULL,NULL,NULL,NULL,NULL,2023-11-24/2024-10-23 (range; exact date per district NOT ESTABLISHED),NOT ESTABLISHED,NULL,https://e-qaror.gov.uz (Tashkent City Kengash decisions; individual act not located),NULL,NULL,NULL,NULL,YES,NO,"Tashkent City Hokimiyat, Dept. of Digital Development, via Open Data Tashkent; republished on Esri CAC GeoPortal",https://hub.arcgis.com/api/v3/datasets/c51c854bad2d48f1beaad40272f8d483_0/downloads/data?format=geojson&spatialRefId=4326,https://services8.arcgis.com/GyR85gR88mMqIY4t/arcgis/rest/services/Tashkent_Mahallas/FeatureServer/0,stored EPSG:102100/3857; served as EPSG:4326 on request,2024-10 (adopted); 2025-07 (republication snapshot),OFFICIAL,Toshkent shahar hokimligi - Raqamli rivojlantirish boshqarmasi,https://services8.arcgis.com/GyR85gR88mMqIY4t/arcgis/rest/services/Tashkent_Mahallas/FeatureServer/0,A,2024-10-23,2026-09-18,area_ha is NULL in the source layer (all 60 Uchtepa records)
UZ-TAS-MFY-464,NULL,Yangiyo'l mahallasi,Янгийўл маҳалласи,Янгийул махалля,NULL,Yangiyo'l mahallasi,Yangiyo'l,NULL,NULL,Mahalla fuqarolar yig'ini (MFY),Uchtepa,UZ-TAS-UCHTEPA,1726262,NULL,NULL,NULL,NULL,NULL,NULL,2023-11-24/2024-10-23 (range; exact date per district NOT ESTABLISHED),NOT ESTABLISHED,NULL,https://e-qaror.gov.uz (Tashkent City Kengash decisions; individual act not located),NULL,NULL,NULL,NULL,YES,NO,"Tashkent City Hokimiyat, Dept. of Digital Development, via Open Data Tashkent; republished on Esri CAC GeoPortal",https://hub.arcgis.com/api/v3/datasets/c51c854bad2d48f1beaad40272f8d483_0/downloads/data?format=geojson&spatialRefId=4326,https://services8.arcgis.com/GyR85gR88mMqIY4t/arcgis/rest/services/Tashkent_Mahallas/FeatureServer/0,stored EPSG:102100/3857; served as EPSG:4326 on request,2024-10 (adopted); 2025-07 (republication snapshot),OFFICIAL,Toshkent shahar hokimligi - Raqamli rivojlantirish boshqarmasi,https://services8.arcgis.com/GyR85gR88mMqIY4t/arcgis/rest/services/Tashkent_Mahallas/FeatureServer/0,A,2024-10-23,2026-09-18,area_ha is NULL in the source layer (all 60 Uchtepa records)
UZ-TAS-MFY-465,NULL,Nishabariq mahallasi,Нишабариқ маҳалласи,Нишабарик махалля,NULL,Nishabariq mahallasi,Nishabariq,NULL,NULL,Mahalla fuqarolar yig'ini (MFY),Uchtepa,UZ-TAS-UCHTEPA,1726262,NULL,NULL,NULL,NULL,NULL,NULL,2023-11-24/2024-10-23 (range; exact date per district NOT ESTABLISHED),NOT ESTABLISHED,NULL,https://e-qaror.gov.uz (Tashkent City Kengash decisions; individual act not located),NULL,NULL,NULL,NULL,YES,NO,"Tashkent City Hokimiyat, Dept. of Digital Development, via Open Data Tashkent; republished on Esri CAC GeoPortal",https://hub.arcgis.com/api/v3/datasets/c51c854bad2d48f1beaad40272f8d483_0/downloads/data?format=geojson&spatialRefId=4326,https://services8.arcgis.com/GyR85gR88mMqIY4t/arcgis/rest/services/Tashkent_Mahallas/FeatureServer/0,stored EPSG:102100/3857; served as EPSG:4326 on request,2024-10 (adopted); 2025-07 (republication snapshot),OFFICIAL,Toshkent shahar hokimligi - Raqamli rivojlantirish boshqarmasi,https://services8.arcgis.com/GyR85gR88mMqIY4t/arcgis/rest/services/Tashkent_Mahallas/FeatureServer/0,A,2024-10-23,2026-09-18,area_ha is NULL in the source layer (all 60 Uchtepa records)
UZ-TAS-MFY-466,NULL,Sharq guli mahallasi,Шарқ гули маҳалласи,Шарк гули махалля,NULL,Sharq guli mahallasi,Sharq guli,NULL,NULL,Mahalla fuqarolar yig'ini (MFY),Uchtepa,UZ-TAS-UCHTEPA,1726262,NULL,NULL,NULL,NULL,NULL,NULL,2023-11-24/2024-10-23 (range; exact date per district NOT ESTABLISHED),NOT ESTABLISHED,NULL,https://e-qaror.gov.uz (Tashkent City Kengash decisions; individual act not located),NULL,NULL,NULL,NULL,YES,NO,"Tashkent City Hokimiyat, Dept. of Digital Development, via Open Data Tashkent; republished on Esri CAC GeoPortal",https://hub.arcgis.com/api/v3/datasets/c51c854bad2d48f1beaad40272f8d483_0/downloads/data?format=geojson&spatialRefId=4326,https://services8.arcgis.com/GyR85gR88mMqIY4t/arcgis/rest/services/Tashkent_Mahallas/FeatureServer/0,stored EPSG:102100/3857; served as EPSG:4326 on request,2024-10 (adopted); 2025-07 (republication snapshot),OFFICIAL,Toshkent shahar hokimligi - Raqamli rivojlantirish boshqarmasi,https://services8.arcgis.com/GyR85gR88mMqIY4t/arcgis/rest/services/Tashkent_Mahallas/FeatureServer/0,A,2024-10-23,2026-09-18,area_ha is NULL in the source layer (all 60 Uchtepa records)
UZ-TAS-MFY-467,NULL,Vatan mahallasi,Ватан маҳалласи,Ватан махалля,NULL,Vatan mahallasi,Vatan,NULL,NULL,Mahalla fuqarolar yig'ini (MFY),Uchtepa,UZ-TAS-UCHTEPA,1726262,NULL,NULL,NULL,NULL,NULL,NULL,2023-11-24/2024-10-23 (range; exact date per district NOT ESTABLISHED),NOT ESTABLISHED,NULL,https://e-qaror.gov.uz (Tashkent City Kengash decisions; individual act not located),NULL,NULL,NULL,NULL,YES,NO,"Tashkent City Hokimiyat, Dept. of Digital Development, via Open Data Tashkent; republished on Esri CAC GeoPortal",https://hub.arcgis.com/api/v3/datasets/c51c854bad2d48f1beaad40272f8d483_0/downloads/data?format=geojson&spatialRefId=4326,https://services8.arcgis.com/GyR85gR88mMqIY4t/arcgis/rest/services/Tashkent_Mahallas/FeatureServer/0,stored EPSG:102100/3857; served as EPSG:4326 on request,2024-10 (adopted); 2025-07 (republication snapshot),OFFICIAL,Toshkent shahar hokimligi - Raqamli rivojlantirish boshqarmasi,https://services8.arcgis.com/GyR85gR88mMqIY4t/arcgis/rest/services/Tashkent_Mahallas/FeatureServer/0,A,2024-10-23,2026-09-18,area_ha is NULL in the source layer (all 60 Uchtepa records)
UZ-TAS-MFY-468,NULL,Farhod mahallasi,Фарҳод маҳалласи,Фарход махалля,NULL,Farhod mahallasi,Farhod,NULL,NULL,Mahalla fuqarolar yig'ini (MFY),Uchtepa,UZ-TAS-UCHTEPA,1726262,NULL,NULL,NULL,NULL,NULL,NULL,2023-11-24/2024-10-23 (range; exact date per district NOT ESTABLISHED),NOT ESTABLISHED,NULL,https://e-qaror.gov.uz (Tashkent City Kengash decisions; individual act not located),NULL,NULL,NULL,NULL,YES,NO,"Tashkent City Hokimiyat, Dept. of Digital Development, via Open Data Tashkent; republished on Esri CAC GeoPortal",https://hub.arcgis.com/api/v3/datasets/c51c854bad2d48f1beaad40272f8d483_0/downloads/data?format=geojson&spatialRefId=4326,https://services8.arcgis.com/GyR85gR88mMqIY4t/arcgis/rest/services/Tashkent_Mahallas/FeatureServer/0,stored EPSG:102100/3857; served as EPSG:4326 on request,2024-10 (adopted); 2025-07 (republication snapshot),OFFICIAL,Toshkent shahar hokimligi - Raqamli rivojlantirish boshqarmasi,https://services8.arcgis.com/GyR85gR88mMqIY4t/arcgis/rest/services/Tashkent_Mahallas/FeatureServer/0,A,2024-10-23,2026-09-18,area_ha is NULL in the source layer (all 60 Uchtepa records)
UZ-TAS-MFY-469,NULL,Tinchlikobod mahallasi,Тинчликобод маҳалласи,Тинчликобод махалля,NULL,Tinchlikobod mahallasi,Tinchlikobod,NULL,NULL,Mahalla fuqarolar yig'ini (MFY),Uchtepa,UZ-TAS-UCHTEPA,1726262,NULL,NULL,NULL,NULL,NULL,NULL,2023-11-24/2024-10-23 (range; exact date per district NOT ESTABLISHED),NOT ESTABLISHED,NULL,https://e-qaror.gov.uz (Tashkent City Kengash decisions; individual act not located),NULL,NULL,NULL,NULL,YES,NO,"Tashkent City Hokimiyat, Dept. of Digital Development, via Open Data Tashkent; republished on Esri CAC GeoPortal",https://hub.arcgis.com/api/v3/datasets/c51c854bad2d48f1beaad40272f8d483_0/downloads/data?format=geojson&spatialRefId=4326,https://services8.arcgis.com/GyR85gR88mMqIY4t/arcgis/rest/services/Tashkent_Mahallas/FeatureServer/0,stored EPSG:102100/3857; served as EPSG:4326 on request,2024-10 (adopted); 2025-07 (republication snapshot),OFFICIAL,Toshkent shahar hokimligi - Raqamli rivojlantirish boshqarmasi,https://services8.arcgis.com/GyR85gR88mMqIY4t/arcgis/rest/services/Tashkent_Mahallas/FeatureServer/0,A,2024-10-23,2026-09-18,area_ha is NULL in the source layer (all 60 Uchtepa records)
UZ-TAS-MFY-470,NULL,Xondamir mahallasi,Хондамир маҳалласи,Хондамир махалля,NULL,Xondamir mahallasi,Xondamir,NULL,NULL,Mahalla fuqarolar yig'ini (MFY),Uchtepa,UZ-TAS-UCHTEPA,1726262,NULL,NULL,NULL,NULL,NULL,NULL,2023-11-24/2024-10-23 (range; exact date per district NOT ESTABLISHED),NOT ESTABLISHED,NULL,https://e-qaror.gov.uz (Tashkent City Kengash decisions; individual act not located),NULL,NULL,NULL,NULL,YES,NO,"Tashkent City Hokimiyat, Dept. of Digital Development, via Open Data Tashkent; republished on Esri CAC GeoPortal",https://hub.arcgis.com/api/v3/datasets/c51c854bad2d48f1beaad40272f8d483_0/downloads/data?format=geojson&spatialRefId=4326,https://services8.arcgis.com/GyR85gR88mMqIY4t/arcgis/rest/services/Tashkent_Mahallas/FeatureServer/0,stored EPSG:102100/3857; served as EPSG:4326 on request,2024-10 (adopted); 2025-07 (republication snapshot),OFFICIAL,Toshkent shahar hokimligi - Raqamli rivojlantirish boshqarmasi,https://services8.arcgis.com/GyR85gR88mMqIY4t/arcgis/rest/services/Tashkent_Mahallas/FeatureServer/0,A,2024-10-23,2026-09-18,area_ha is NULL in the source layer (all 60 Uchtepa records)
UZ-TAS-MFY-471,NULL,Sharq yulduzi mahallasi,Шарқ юлдузи маҳалласи,Шарк юлдузи махалля,NULL,Sharq yulduzi mahallasi,Sharq yulduzi,NULL,NULL,Mahalla fuqarolar yig'ini (MFY),Uchtepa,UZ-TAS-UCHTEPA,1726262,NULL,NULL,NULL,NULL,NULL,NULL,2023-11-24/2024-10-23 (range; exact date per district NOT ESTABLISHED),NOT ESTABLISHED,NULL,https://e-qaror.gov.uz (Tashkent City Kengash decisions; individual act not located),NULL,NULL,NULL,NULL,YES,NO,"Tashkent City Hokimiyat, Dept. of Digital Development, via Open Data Tashkent; republished on Esri CAC GeoPortal",https://hub.arcgis.com/api/v3/datasets/c51c854bad2d48f1beaad40272f8d483_0/downloads/data?format=geojson&spatialRefId=4326,https://services8.arcgis.com/GyR85gR88mMqIY4t/arcgis/rest/services/Tashkent_Mahallas/FeatureServer/0,stored EPSG:102100/3857; served as EPSG:4326 on request,2024-10 (adopted); 2025-07 (republication snapshot),OFFICIAL,Toshkent shahar hokimligi - Raqamli rivojlantirish boshqarmasi,https://services8.arcgis.com/GyR85gR88mMqIY4t/arcgis/rest/services/Tashkent_Mahallas/FeatureServer/0,A,2024-10-23,2026-09-18,area_ha is NULL in the source layer (all 60 Uchtepa records)
UZ-TAS-MFY-472,NULL,Bog'ichinor mahallasi,Боғичинор маҳалласи,Богичинор махалля,NULL,Bog'ichinor mahallasi,Bog'ichinor,NULL,NULL,Mahalla fuqarolar yig'ini (MFY),Uchtepa,UZ-TAS-UCHTEPA,1726262,NULL,NULL,NULL,NULL,NULL,NULL,2023-11-24/2024-10-23 (range; exact date per district NOT ESTABLISHED),NOT ESTABLISHED,NULL,https://e-qaror.gov.uz (Tashkent City Kengash decisions; individual act not located),NULL,NULL,NULL,NULL,YES,NO,"Tashkent City Hokimiyat, Dept. of Digital Development, via Open Data Tashkent; republished on Esri CAC GeoPortal",https://hub.arcgis.com/api/v3/datasets/c51c854bad2d48f1beaad40272f8d483_0/downloads/data?format=geojson&spatialRefId=4326,https://services8.arcgis.com/GyR85gR88mMqIY4t/arcgis/rest/services/Tashkent_Mahallas/FeatureServer/0,stored EPSG:102100/3857; served as EPSG:4326 on request,2024-10 (adopted); 2025-07 (republication snapshot),OFFICIAL,Toshkent shahar hokimligi - Raqamli rivojlantirish boshqarmasi,https://services8.arcgis.com/GyR85gR88mMqIY4t/arcgis/rest/services/Tashkent_Mahallas/FeatureServer/0,A,2024-10-23,2026-09-18,area_ha is NULL in the source layer (all 60 Uchtepa records)
UZ-TAS-MFY-473,NULL,Qoryog'di mahallasi,Қорёғди маҳалласи,Корёгди махалля,NULL,Qoryog'di mahallasi,Qoryog'di,NULL,NULL,Mahalla fuqarolar yig'ini (MFY),Uchtepa,UZ-TAS-UCHTEPA,1726262,NULL,NULL,NULL,NULL,NULL,NULL,2023-11-24/2024-10-23 (range; exact date per district NOT ESTABLISHED),NOT ESTABLISHED,NULL,https://e-qaror.gov.uz (Tashkent City Kengash decisions; individual act not located),NULL,NULL,NULL,NULL,YES,NO,"Tashkent City Hokimiyat, Dept. of Digital Development, via Open Data Tashkent; republished on Esri CAC GeoPortal",https://hub.arcgis.com/api/v3/datasets/c51c854bad2d48f1beaad40272f8d483_0/downloads/data?format=geojson&spatialRefId=4326,https://services8.arcgis.com/GyR85gR88mMqIY4t/arcgis/rest/services/Tashkent_Mahallas/FeatureServer/0,stored EPSG:102100/3857; served as EPSG:4326 on request,2024-10 (adopted); 2025-07 (republication snapshot),OFFICIAL,Toshkent shahar hokimligi - Raqamli rivojlantirish boshqarmasi,https://services8.arcgis.com/GyR85gR88mMqIY4t/arcgis/rest/services/Tashkent_Mahallas/FeatureServer/0,A,2024-10-23,2026-09-18,area_ha is NULL in the source layer (all 60 Uchtepa records)
UZ-TAS-MFY-474,NULL,Degrez mahallasi,Дегрез маҳалласи,Дегрез махалля,NULL,Degrez mahallasi,Degrez,NULL,NULL,Mahalla fuqarolar yig'ini (MFY),Uchtepa,UZ-TAS-UCHTEPA,1726262,NULL,NULL,NULL,NULL,NULL,NULL,2023-11-24/2024-10-23 (range; exact date per district NOT ESTABLISHED),NOT ESTABLISHED,NULL,https://e-qaror.gov.uz (Tashkent City Kengash decisions; individual act not located),NULL,NULL,NULL,NULL,YES,NO,"Tashkent City Hokimiyat, Dept. of Digital Development, via Open Data Tashkent; republished on Esri CAC GeoPortal",https://hub.arcgis.com/api/v3/datasets/c51c854bad2d48f1beaad40272f8d483_0/downloads/data?format=geojson&spatialRefId=4326,https://services8.arcgis.com/GyR85gR88mMqIY4t/arcgis/rest/services/Tashkent_Mahallas/FeatureServer/0,stored EPSG:102100/3857; served as EPSG:4326 on request,2024-10 (adopted); 2025-07 (republication snapshot),OFFICIAL,Toshkent shahar hokimligi - Raqamli rivojlantirish boshqarmasi,https://services8.arcgis.com/GyR85gR88mMqIY4t/arcgis/rest/services/Tashkent_Mahallas/FeatureServer/0,A,2024-10-23,2026-09-18,area_ha is NULL in the source layer (all 60 Uchtepa records)
UZ-TAS-MFY-475,NULL,Alixonto'ra Sog'uniy mahallasi,Алихонтўра Соғуний маҳалласи,Алихонтура Согуний махалля,NULL,Alixonto'ra Sog'uniy mahallasi,Alixonto'ra Sog'uniy,NULL,NULL,Mahalla fuqarolar yig'ini (MFY),Uchtepa,UZ-TAS-UCHTEPA,1726262,NULL,NULL,NULL,NULL,NULL,NULL,2023-11-24/2024-10-23 (range; exact date per district NOT ESTABLISHED),NOT ESTABLISHED,NULL,https://e-qaror.gov.uz (Tashkent City Kengash decisions; individual act not located),NULL,NULL,NULL,NULL,YES,NO,"Tashkent City Hokimiyat, Dept. of Digital Development, via Open Data Tashkent; republished on Esri CAC GeoPortal",https://hub.arcgis.com/api/v3/datasets/c51c854bad2d48f1beaad40272f8d483_0/downloads/data?format=geojson&spatialRefId=4326,https://services8.arcgis.com/GyR85gR88mMqIY4t/arcgis/rest/services/Tashkent_Mahallas/FeatureServer/0,stored EPSG:102100/3857; served as EPSG:4326 on request,2024-10 (adopted); 2025-07 (republication snapshot),OFFICIAL,Toshkent shahar hokimligi - Raqamli rivojlantirish boshqarmasi,https://services8.arcgis.com/GyR85gR88mMqIY4t/arcgis/rest/services/Tashkent_Mahallas/FeatureServer/0,A,2024-10-23,2026-09-18,area_ha is NULL in the source layer (all 60 Uchtepa records)
UZ-TAS-MFY-476,NULL,Diydor mahallasi,Дийдор маҳалласи,Дийдор махалля,NULL,Diydor mahallasi,Diydor,NULL,NULL,Mahalla fuqarolar yig'ini (MFY),Uchtepa,UZ-TAS-UCHTEPA,1726262,NULL,NULL,NULL,NULL,NULL,NULL,2023-11-24/2024-10-23 (range; exact date per district NOT ESTABLISHED),NOT ESTABLISHED,NULL,https://e-qaror.gov.uz (Tashkent City Kengash decisions; individual act not located),NULL,NULL,NULL,NULL,YES,NO,"Tashkent City Hokimiyat, Dept. of Digital Development, via Open Data Tashkent; republished on Esri CAC GeoPortal",https://hub.arcgis.com/api/v3/datasets/c51c854bad2d48f1beaad40272f8d483_0/downloads/data?format=geojson&spatialRefId=4326,https://services8.arcgis.com/GyR85gR88mMqIY4t/arcgis/rest/services/Tashkent_Mahallas/FeatureServer/0,stored EPSG:102100/3857; served as EPSG:4326 on request,2024-10 (adopted); 2025-07 (republication snapshot),OFFICIAL,Toshkent shahar hokimligi - Raqamli rivojlantirish boshqarmasi,https://services8.arcgis.com/GyR85gR88mMqIY4t/arcgis/rest/services/Tashkent_Mahallas/FeatureServer/0,A,2024-10-23,2026-09-18,area_ha is NULL in the source layer (all 60 Uchtepa records)
UZ-TAS-MFY-477,NULL,Hamdo'st mahallasi,Ҳамдўст маҳалласи,Хамдуст махалля,NULL,Hamdo'st mahallasi,Hamdo'st,NULL,NULL,Mahalla fuqarolar yig'ini (MFY),Uchtepa,UZ-TAS-UCHTEPA,1726262,NULL,NULL,NULL,NULL,NULL,NULL,2023-11-24/2024-10-23 (range; exact date per district NOT ESTABLISHED),NOT ESTABLISHED,NULL,https://e-qaror.gov.uz (Tashkent City Kengash decisions; individual act not located),NULL,NULL,NULL,NULL,YES,NO,"Tashkent City Hokimiyat, Dept. of Digital Development, via Open Data Tashkent; republished on Esri CAC GeoPortal",https://hub.arcgis.com/api/v3/datasets/c51c854bad2d48f1beaad40272f8d483_0/downloads/data?format=geojson&spatialRefId=4326,https://services8.arcgis.com/GyR85gR88mMqIY4t/arcgis/rest/services/Tashkent_Mahallas/FeatureServer/0,stored EPSG:102100/3857; served as EPSG:4326 on request,2024-10 (adopted); 2025-07 (republication snapshot),OFFICIAL,Toshkent shahar hokimligi - Raqamli rivojlantirish boshqarmasi,https://services8.arcgis.com/GyR85gR88mMqIY4t/arcgis/rest/services/Tashkent_Mahallas/FeatureServer/0,A,2024-10-23,2026-09-18,area_ha is NULL in the source layer (all 60 Uchtepa records)
UZ-TAS-MFY-478,NULL,Shaftolizor mahallasi,Шафтолизор маҳалласи,Шафтолизор махалля,NULL,Shaftolizor mahallasi,Shaftolizor,NULL,NULL,Mahalla fuqarolar yig'ini (MFY),Uchtepa,UZ-TAS-UCHTEPA,1726262,NULL,NULL,NULL,NULL,NULL,NULL,2023-11-24/2024-10-23 (range; exact date per district NOT ESTABLISHED),NOT ESTABLISHED,NULL,https://e-qaror.gov.uz (Tashkent City Kengash decisions; individual act not located),NULL,NULL,NULL,NULL,YES,NO,"Tashkent City Hokimiyat, Dept. of Digital Development, via Open Data Tashkent; republished on Esri CAC GeoPortal",https://hub.arcgis.com/api/v3/datasets/c51c854bad2d48f1beaad40272f8d483_0/downloads/data?format=geojson&spatialRefId=4326,https://services8.arcgis.com/GyR85gR88mMqIY4t/arcgis/rest/services/Tashkent_Mahallas/FeatureServer/0,stored EPSG:102100/3857; served as EPSG:4326 on request,2024-10 (adopted); 2025-07 (republication snapshot),OFFICIAL,Toshkent shahar hokimligi - Raqamli rivojlantirish boshqarmasi,https://services8.arcgis.com/GyR85gR88mMqIY4t/arcgis/rest/services/Tashkent_Mahallas/FeatureServer/0,A,2024-10-23,2026-09-18,area_ha is NULL in the source layer (all 60 Uchtepa records)
UZ-TAS-MFY-479,NULL,Katta Cho'ponota mahallasi,Катта Чўпонота маҳалласи,Катта-Чупонота махалля,NULL,Katta Cho'ponota mahallasi,Katta Cho'ponota,NULL,NULL,Mahalla fuqarolar yig'ini (MFY),Uchtepa,UZ-TAS-UCHTEPA,1726262,NULL,NULL,NULL,NULL,NULL,NULL,2023-11-24/2024-10-23 (range; exact date per district NOT ESTABLISHED),NOT ESTABLISHED,NULL,https://e-qaror.gov.uz (Tashkent City Kengash decisions; individual act not located),NULL,NULL,NULL,NULL,YES,NO,"Tashkent City Hokimiyat, Dept. of Digital Development, via Open Data Tashkent; republished on Esri CAC GeoPortal",https://hub.arcgis.com/api/v3/datasets/c51c854bad2d48f1beaad40272f8d483_0/downloads/data?format=geojson&spatialRefId=4326,https://services8.arcgis.com/GyR85gR88mMqIY4t/arcgis/rest/services/Tashkent_Mahallas/FeatureServer/0,stored EPSG:102100/3857; served as EPSG:4326 on request,2024-10 (adopted); 2025-07 (republication snapshot),OFFICIAL,Toshkent shahar hokimligi - Raqamli rivojlantirish boshqarmasi,https://services8.arcgis.com/GyR85gR88mMqIY4t/arcgis/rest/services/Tashkent_Mahallas/FeatureServer/0,A,2024-10-23,2026-09-18,area_ha is NULL in the source layer (all 60 Uchtepa records)
UZ-TAS-MFY-480,NULL,Guzar mahallasi,Гузар маҳалласи,Гузар махалля,NULL,Guzar mahallasi,Guzar,NULL,NULL,Mahalla fuqarolar yig'ini (MFY),Uchtepa,UZ-TAS-UCHTEPA,1726262,NULL,NULL,NULL,NULL,NULL,NULL,2023-11-24/2024-10-23 (range; exact date per district NOT ESTABLISHED),NOT ESTABLISHED,NULL,https://e-qaror.gov.uz (Tashkent City Kengash decisions; individual act not located),NULL,NULL,NULL,NULL,YES,NO,"Tashkent City Hokimiyat, Dept. of Digital Development, via Open Data Tashkent; republished on Esri CAC GeoPortal",https://hub.arcgis.com/api/v3/datasets/c51c854bad2d48f1beaad40272f8d483_0/downloads/data?format=geojson&spatialRefId=4326,https://services8.arcgis.com/GyR85gR88mMqIY4t/arcgis/rest/services/Tashkent_Mahallas/FeatureServer/0,stored EPSG:102100/3857; served as EPSG:4326 on request,2024-10 (adopted); 2025-07 (republication snapshot),OFFICIAL,Toshkent shahar hokimligi - Raqamli rivojlantirish boshqarmasi,https://services8.arcgis.com/GyR85gR88mMqIY4t/arcgis/rest/services/Tashkent_Mahallas/FeatureServer/0,A,2024-10-23,2026-09-18,area_ha is NULL in the source layer (all 60 Uchtepa records)
UZ-TAS-MFY-481,NULL,O'tkir mahallasi,Ўткир маҳалласи,Уткир махалля,NULL,O'tkir mahallasi,O'tkir,NULL,NULL,Mahalla fuqarolar yig'ini (MFY),Uchtepa,UZ-TAS-UCHTEPA,1726262,NULL,NULL,NULL,NULL,NULL,NULL,2023-11-24/2024-10-23 (range; exact date per district NOT ESTABLISHED),NOT ESTABLISHED,NULL,https://e-qaror.gov.uz (Tashkent City Kengash decisions; individual act not located),NULL,NULL,NULL,NULL,YES,NO,"Tashkent City Hokimiyat, Dept. of Digital Development, via Open Data Tashkent; republished on Esri CAC GeoPortal",https://hub.arcgis.com/api/v3/datasets/c51c854bad2d48f1beaad40272f8d483_0/downloads/data?format=geojson&spatialRefId=4326,https://services8.arcgis.com/GyR85gR88mMqIY4t/arcgis/rest/services/Tashkent_Mahallas/FeatureServer/0,stored EPSG:102100/3857; served as EPSG:4326 on request,2024-10 (adopted); 2025-07 (republication snapshot),OFFICIAL,Toshkent shahar hokimligi - Raqamli rivojlantirish boshqarmasi,https://services8.arcgis.com/GyR85gR88mMqIY4t/arcgis/rest/services/Tashkent_Mahallas/FeatureServer/0,A,2024-10-23,2026-09-18,area_ha is NULL in the source layer (all 60 Uchtepa records)
UZ-TAS-MFY-482,NULL,Zulfizar mahallasi,Зулфизар маҳалласи,Зулфизар махалля,NULL,Zulfizar mahallasi,Zulfizar,NULL,NULL,Mahalla fuqarolar yig'ini (MFY),Uchtepa,UZ-TAS-UCHTEPA,1726262,NULL,NULL,NULL,NULL,NULL,NULL,2023-11-24/2024-10-23 (range; exact date per district NOT ESTABLISHED),NOT ESTABLISHED,NULL,https://e-qaror.gov.uz (Tashkent City Kengash decisions; individual act not located),NULL,NULL,NULL,NULL,YES,NO,"Tashkent City Hokimiyat, Dept. of Digital Development, via Open Data Tashkent; republished on Esri CAC GeoPortal",https://hub.arcgis.com/api/v3/datasets/c51c854bad2d48f1beaad40272f8d483_0/downloads/data?format=geojson&spatialRefId=4326,https://services8.arcgis.com/GyR85gR88mMqIY4t/arcgis/rest/services/Tashkent_Mahallas/FeatureServer/0,stored EPSG:102100/3857; served as EPSG:4326 on request,2024-10 (adopted); 2025-07 (republication snapshot),OFFICIAL,Toshkent shahar hokimligi - Raqamli rivojlantirish boshqarmasi,https://services8.arcgis.com/GyR85gR88mMqIY4t/arcgis/rest/services/Tashkent_Mahallas/FeatureServer/0,A,2024-10-23,2026-09-18,area_ha is NULL in the source layer (all 60 Uchtepa records)
UZ-TAS-MFY-483,NULL,Qoziguzar mahallasi,Қозигузар маҳалласи,Козигузар махалля,NULL,Qoziguzar mahallasi,Qoziguzar,NULL,NULL,Mahalla fuqarolar yig'ini (MFY),Uchtepa,UZ-TAS-UCHTEPA,1726262,NULL,NULL,NULL,NULL,NULL,NULL,2023-11-24/2024-10-23 (range; exact date per district NOT ESTABLISHED),NOT ESTABLISHED,NULL,https://e-qaror.gov.uz (Tashkent City Kengash decisions; individual act not located),NULL,NULL,NULL,NULL,YES,NO,"Tashkent City Hokimiyat, Dept. of Digital Development, via Open Data Tashkent; republished on Esri CAC GeoPortal",https://hub.arcgis.com/api/v3/datasets/c51c854bad2d48f1beaad40272f8d483_0/downloads/data?format=geojson&spatialRefId=4326,https://services8.arcgis.com/GyR85gR88mMqIY4t/arcgis/rest/services/Tashkent_Mahallas/FeatureServer/0,stored EPSG:102100/3857; served as EPSG:4326 on request,2024-10 (adopted); 2025-07 (republication snapshot),OFFICIAL,Toshkent shahar hokimligi - Raqamli rivojlantirish boshqarmasi,https://services8.arcgis.com/GyR85gR88mMqIY4t/arcgis/rest/services/Tashkent_Mahallas/FeatureServer/0,A,2024-10-23,2026-09-18,area_ha is NULL in the source layer (all 60 Uchtepa records)
UZ-TAS-MFY-484,NULL,Diyorobod mahallasi,Диёробод маҳалласи,Диёробод махалля,NULL,Diyorobod mahallasi,Diyorobod,NULL,NULL,Mahalla fuqarolar yig'ini (MFY),Uchtepa,UZ-TAS-UCHTEPA,1726262,NULL,NULL,NULL,NULL,NULL,NULL,2023-11-24/2024-10-23 (range; exact date per district NOT ESTABLISHED),NOT ESTABLISHED,NULL,https://e-qaror.gov.uz (Tashkent City Kengash decisions; individual act not located),NULL,NULL,NULL,NULL,YES,NO,"Tashkent City Hokimiyat, Dept. of Digital Development, via Open Data Tashkent; republished on Esri CAC GeoPortal",https://hub.arcgis.com/api/v3/datasets/c51c854bad2d48f1beaad40272f8d483_0/downloads/data?format=geojson&spatialRefId=4326,https://services8.arcgis.com/GyR85gR88mMqIY4t/arcgis/rest/services/Tashkent_Mahallas/FeatureServer/0,stored EPSG:102100/3857; served as EPSG:4326 on request,2024-10 (adopted); 2025-07 (republication snapshot),OFFICIAL,Toshkent shahar hokimligi - Raqamli rivojlantirish boshqarmasi,https://services8.arcgis.com/GyR85gR88mMqIY4t/arcgis/rest/services/Tashkent_Mahallas/FeatureServer/0,A,2024-10-23,2026-09-18,area_ha is NULL in the source layer (all 60 Uchtepa records)
UZ-TAS-MFY-485,NULL,Beshqayrag'och mahallasi,Бешқайрағоч маҳалласи,Бешкайрагоч махалля,NULL,Beshqayrag'och mahallasi,Beshqayrag'och,NULL,NULL,Mahalla fuqarolar yig'ini (MFY),Uchtepa,UZ-TAS-UCHTEPA,1726262,NULL,NULL,NULL,NULL,NULL,NULL,2023-11-24/2024-10-23 (range; exact date per district NOT ESTABLISHED),NOT ESTABLISHED,NULL,https://e-qaror.gov.uz (Tashkent City Kengash decisions; individual act not located),NULL,NULL,NULL,NULL,YES,NO,"Tashkent City Hokimiyat, Dept. of Digital Development, via Open Data Tashkent; republished on Esri CAC GeoPortal",https://hub.arcgis.com/api/v3/datasets/c51c854bad2d48f1beaad40272f8d483_0/downloads/data?format=geojson&spatialRefId=4326,https://services8.arcgis.com/GyR85gR88mMqIY4t/arcgis/rest/services/Tashkent_Mahallas/FeatureServer/0,stored EPSG:102100/3857; served as EPSG:4326 on request,2024-10 (adopted); 2025-07 (republication snapshot),OFFICIAL,Toshkent shahar hokimligi - Raqamli rivojlantirish boshqarmasi,https://services8.arcgis.com/GyR85gR88mMqIY4t/arcgis/rest/services/Tashkent_Mahallas/FeatureServer/0,A,2024-10-23,2026-09-18,area_ha is NULL in the source layer (all 60 Uchtepa records)
UZ-TAS-MFY-486,NULL,Ibrat mahallasi,Ибрат маҳалласи,Ибрат махалля,NULL,Ibrat mahallasi,Ibrat,NULL,NULL,Mahalla fuqarolar yig'ini (MFY),Uchtepa,UZ-TAS-UCHTEPA,1726262,NULL,NULL,NULL,NULL,NULL,NULL,2023-11-24/2024-10-23 (range; exact date per district NOT ESTABLISHED),NOT ESTABLISHED,NULL,https://e-qaror.gov.uz (Tashkent City Kengash decisions; individual act not located),NULL,NULL,NULL,NULL,YES,NO,"Tashkent City Hokimiyat, Dept. of Digital Development, via Open Data Tashkent; republished on Esri CAC GeoPortal",https://hub.arcgis.com/api/v3/datasets/c51c854bad2d48f1beaad40272f8d483_0/downloads/data?format=geojson&spatialRefId=4326,https://services8.arcgis.com/GyR85gR88mMqIY4t/arcgis/rest/services/Tashkent_Mahallas/FeatureServer/0,stored EPSG:102100/3857; served as EPSG:4326 on request,2024-10 (adopted); 2025-07 (republication snapshot),OFFICIAL,Toshkent shahar hokimligi - Raqamli rivojlantirish boshqarmasi,https://services8.arcgis.com/GyR85gR88mMqIY4t/arcgis/rest/services/Tashkent_Mahallas/FeatureServer/0,A,2024-10-23,2026-09-18,area_ha is NULL in the source layer (all 60 Uchtepa records)
UZ-TAS-MFY-487,NULL,Bog'iston mahallasi,Боғистон маҳалласи,Богистон махалля,NULL,Bog'iston mahallasi,Bog'iston,NULL,NULL,Mahalla fuqarolar yig'ini (MFY),Uchtepa,UZ-TAS-UCHTEPA,1726262,NULL,NULL,NULL,NULL,NULL,NULL,2023-11-24/2024-10-23 (range; exact date per district NOT ESTABLISHED),NOT ESTABLISHED,NULL,https://e-qaror.gov.uz (Tashkent City Kengash decisions; individual act not located),NULL,NULL,NULL,NULL,YES,NO,"Tashkent City Hokimiyat, Dept. of Digital Development, via Open Data Tashkent; republished on Esri CAC GeoPortal",https://hub.arcgis.com/api/v3/datasets/c51c854bad2d48f1beaad40272f8d483_0/downloads/data?format=geojson&spatialRefId=4326,https://services8.arcgis.com/GyR85gR88mMqIY4t/arcgis/rest/services/Tashkent_Mahallas/FeatureServer/0,stored EPSG:102100/3857; served as EPSG:4326 on request,2024-10 (adopted); 2025-07 (republication snapshot),OFFICIAL,Toshkent shahar hokimligi - Raqamli rivojlantirish boshqarmasi,https://services8.arcgis.com/GyR85gR88mMqIY4t/arcgis/rest/services/Tashkent_Mahallas/FeatureServer/0,A,2024-10-23,2026-09-18,area_ha is NULL in the source layer (all 60 Uchtepa records)
UZ-TAS-MFY-488,NULL,Davlatobod mahallasi,Давлатобод маҳалласи,Давлатобод махалля,NULL,Davlatobod mahallasi,Davlatobod,NULL,NULL,Mahalla fuqarolar yig'ini (MFY),Uchtepa,UZ-TAS-UCHTEPA,1726262,NULL,NULL,NULL,NULL,NULL,NULL,2023-11-24/2024-10-23 (range; exact date per district NOT ESTABLISHED),NOT ESTABLISHED,NULL,https://e-qaror.gov.uz (Tashkent City Kengash decisions; individual act not located),NULL,NULL,NULL,NULL,YES,NO,"Tashkent City Hokimiyat, Dept. of Digital Development, via Open Data Tashkent; republished on Esri CAC GeoPortal",https://hub.arcgis.com/api/v3/datasets/c51c854bad2d48f1beaad40272f8d483_0/downloads/data?format=geojson&spatialRefId=4326,https://services8.arcgis.com/GyR85gR88mMqIY4t/arcgis/rest/services/Tashkent_Mahallas/FeatureServer/0,stored EPSG:102100/3857; served as EPSG:4326 on request,2024-10 (adopted); 2025-07 (republication snapshot),OFFICIAL,Toshkent shahar hokimligi - Raqamli rivojlantirish boshqarmasi,https://services8.arcgis.com/GyR85gR88mMqIY4t/arcgis/rest/services/Tashkent_Mahallas/FeatureServer/0,A,2024-10-23,2026-09-18,area_ha is NULL in the source layer (all 60 Uchtepa records)
UZ-TAS-MFY-489,NULL,Chamanzor mahallasi,Чаманзор маҳалласи,Чаманзор махалля,NULL,Chamanzor mahallasi,Chamanzor,NULL,NULL,Mahalla fuqarolar yig'ini (MFY),Uchtepa,UZ-TAS-UCHTEPA,1726262,NULL,NULL,NULL,NULL,NULL,NULL,2023-11-24/2024-10-23 (range; exact date per district NOT ESTABLISHED),NOT ESTABLISHED,NULL,https://e-qaror.gov.uz (Tashkent City Kengash decisions; individual act not located),NULL,NULL,NULL,NULL,YES,NO,"Tashkent City Hokimiyat, Dept. of Digital Development, via Open Data Tashkent; republished on Esri CAC GeoPortal",https://hub.arcgis.com/api/v3/datasets/c51c854bad2d48f1beaad40272f8d483_0/downloads/data?format=geojson&spatialRefId=4326,https://services8.arcgis.com/GyR85gR88mMqIY4t/arcgis/rest/services/Tashkent_Mahallas/FeatureServer/0,stored EPSG:102100/3857; served as EPSG:4326 on request,2024-10 (adopted); 2025-07 (republication snapshot),OFFICIAL,Toshkent shahar hokimligi - Raqamli rivojlantirish boshqarmasi,https://services8.arcgis.com/GyR85gR88mMqIY4t/arcgis/rest/services/Tashkent_Mahallas/FeatureServer/0,A,2024-10-23,2026-09-18,area_ha is NULL in the source layer (all 60 Uchtepa records)
UZ-TAS-MFY-490,NULL,Foziltepa mahallasi,Фозилтепа маҳалласи,Фозилтепа махалля,NULL,Foziltepa mahallasi,Foziltepa,NULL,NULL,Mahalla fuqarolar yig'ini (MFY),Uchtepa,UZ-TAS-UCHTEPA,1726262,NULL,NULL,NULL,NULL,NULL,NULL,2023-11-24/2024-10-23 (range; exact date per district NOT ESTABLISHED),NOT ESTABLISHED,NULL,https://e-qaror.gov.uz (Tashkent City Kengash decisions; individual act not located),NULL,NULL,NULL,NULL,YES,NO,"Tashkent City Hokimiyat, Dept. of Digital Development, via Open Data Tashkent; republished on Esri CAC GeoPortal",https://hub.arcgis.com/api/v3/datasets/c51c854bad2d48f1beaad40272f8d483_0/downloads/data?format=geojson&spatialRefId=4326,https://services8.arcgis.com/GyR85gR88mMqIY4t/arcgis/rest/services/Tashkent_Mahallas/FeatureServer/0,stored EPSG:102100/3857; served as EPSG:4326 on request,2024-10 (adopted); 2025-07 (republication snapshot),OFFICIAL,Toshkent shahar hokimligi - Raqamli rivojlantirish boshqarmasi,https://services8.arcgis.com/GyR85gR88mMqIY4t/arcgis/rest/services/Tashkent_Mahallas/FeatureServer/0,A,2024-10-23,2026-09-18,area_ha is NULL in the source layer (all 60 Uchtepa records)
UZ-TAS-MFY-491,NULL,Quyi Darxon mahallasi,Қуйи Дархон маҳалласи,Куйи Дархон махалля,NULL,Quyi Darxon mahallasi,Quyi Darxon,NULL,NULL,Mahalla fuqarolar yig'ini (MFY),Uchtepa,UZ-TAS-UCHTEPA,1726262,NULL,NULL,NULL,NULL,NULL,NULL,2023-11-24/2024-10-23 (range; exact date per district NOT ESTABLISHED),NOT ESTABLISHED,NULL,https://e-qaror.gov.uz (Tashkent City Kengash decisions; individual act not located),NULL,NULL,NULL,NULL,YES,NO,"Tashkent City Hokimiyat, Dept. of Digital Development, via Open Data Tashkent; republished on Esri CAC GeoPortal",https://hub.arcgis.com/api/v3/datasets/c51c854bad2d48f1beaad40272f8d483_0/downloads/data?format=geojson&spatialRefId=4326,https://services8.arcgis.com/GyR85gR88mMqIY4t/arcgis/rest/services/Tashkent_Mahallas/FeatureServer/0,stored EPSG:102100/3857; served as EPSG:4326 on request,2024-10 (adopted); 2025-07 (republication snapshot),OFFICIAL,Toshkent shahar hokimligi - Raqamli rivojlantirish boshqarmasi,https://services8.arcgis.com/GyR85gR88mMqIY4t/arcgis/rest/services/Tashkent_Mahallas/FeatureServer/0,A,2024-10-23,2026-09-18,area_ha is NULL in the source layer (all 60 Uchtepa records)
UZ-TAS-MFY-492,NULL,Zarafshon mahallasi,Зарафшон маҳалласи,Зарафшон махалля,NULL,Zarafshon mahallasi,Zarafshon,NULL,NULL,Mahalla fuqarolar yig'ini (MFY),Uchtepa,UZ-TAS-UCHTEPA,1726262,NULL,NULL,NULL,NULL,NULL,NULL,2023-11-24/2024-10-23 (range; exact date per district NOT ESTABLISHED),NOT ESTABLISHED,NULL,https://e-qaror.gov.uz (Tashkent City Kengash decisions; individual act not located),NULL,NULL,NULL,NULL,YES,NO,"Tashkent City Hokimiyat, Dept. of Digital Development, via Open Data Tashkent; republished on Esri CAC GeoPortal",https://hub.arcgis.com/api/v3/datasets/c51c854bad2d48f1beaad40272f8d483_0/downloads/data?format=geojson&spatialRefId=4326,https://services8.arcgis.com/GyR85gR88mMqIY4t/arcgis/rest/services/Tashkent_Mahallas/FeatureServer/0,stored EPSG:102100/3857; served as EPSG:4326 on request,2024-10 (adopted); 2025-07 (republication snapshot),OFFICIAL,Toshkent shahar hokimligi - Raqamli rivojlantirish boshqarmasi,https://services8.arcgis.com/GyR85gR88mMqIY4t/arcgis/rest/services/Tashkent_Mahallas/FeatureServer/0,A,2024-10-23,2026-09-18,area_ha is NULL in the source layer (all 60 Uchtepa records)
UZ-TAS-MFY-493,NULL,Bekobod mahallasi,Бекобод маҳалласи,Бекобод махалля,NULL,Bekobod mahallasi,Bekobod,NULL,NULL,Mahalla fuqarolar yig'ini (MFY),Uchtepa,UZ-TAS-UCHTEPA,1726262,NULL,NULL,NULL,NULL,NULL,NULL,2023-11-24/2024-10-23 (range; exact date per district NOT ESTABLISHED),NOT ESTABLISHED,NULL,https://e-qaror.gov.uz (Tashkent City Kengash decisions; individual act not located),NULL,NULL,NULL,NULL,YES,NO,"Tashkent City Hokimiyat, Dept. of Digital Development, via Open Data Tashkent; republished on Esri CAC GeoPortal",https://hub.arcgis.com/api/v3/datasets/c51c854bad2d48f1beaad40272f8d483_0/downloads/data?format=geojson&spatialRefId=4326,https://services8.arcgis.com/GyR85gR88mMqIY4t/arcgis/rest/services/Tashkent_Mahallas/FeatureServer/0,stored EPSG:102100/3857; served as EPSG:4326 on request,2024-10 (adopted); 2025-07 (republication snapshot),OFFICIAL,Toshkent shahar hokimligi - Raqamli rivojlantirish boshqarmasi,https://services8.arcgis.com/GyR85gR88mMqIY4t/arcgis/rest/services/Tashkent_Mahallas/FeatureServer/0,A,2024-10-23,2026-09-18,area_ha is NULL in the source layer (all 60 Uchtepa records)
UZ-TAS-MFY-494,NULL,Ko'ksaroy mahallasi,Кўксарой маҳалласи,Куксарой махалля,NULL,Ko'ksaroy mahallasi,Ko'ksaroy,NULL,NULL,Mahalla fuqarolar yig'ini (MFY),Uchtepa,UZ-TAS-UCHTEPA,1726262,NULL,NULL,NULL,NULL,NULL,NULL,2023-11-24/2024-10-23 (range; exact date per district NOT ESTABLISHED),NOT ESTABLISHED,NULL,https://e-qaror.gov.uz (Tashkent City Kengash decisions; individual act not located),NULL,NULL,NULL,NULL,YES,NO,"Tashkent City Hokimiyat, Dept. of Digital Development, via Open Data Tashkent; republished on Esri CAC GeoPortal",https://hub.arcgis.com/api/v3/datasets/c51c854bad2d48f1beaad40272f8d483_0/downloads/data?format=geojson&spatialRefId=4326,https://services8.arcgis.com/GyR85gR88mMqIY4t/arcgis/rest/services/Tashkent_Mahallas/FeatureServer/0,stored EPSG:102100/3857; served as EPSG:4326 on request,2024-10 (adopted); 2025-07 (republication snapshot),OFFICIAL,Toshkent shahar hokimligi - Raqamli rivojlantirish boshqarmasi,https://services8.arcgis.com/GyR85gR88mMqIY4t/arcgis/rest/services/Tashkent_Mahallas/FeatureServer/0,A,2024-10-23,2026-09-18,area_ha is NULL in the source layer (all 60 Uchtepa records)
UZ-TAS-MFY-495,NULL,Oqmasjid mahallasi,Оқмасжид маҳалласи,Okmasjid mahallasi,NULL,Oqmasjid mahallasi,Oqmasjid,NULL,NULL,Mahalla fuqarolar yig'ini (MFY),Uchtepa,UZ-TAS-UCHTEPA,1726262,NULL,NULL,NULL,NULL,NULL,NULL,2023-11-24/2024-10-23 (range; exact date per district NOT ESTABLISHED),NOT ESTABLISHED,NULL,https://e-qaror.gov.uz (Tashkent City Kengash decisions; individual act not located),NULL,NULL,NULL,NULL,YES,NO,"Tashkent City Hokimiyat, Dept. of Digital Development, via Open Data Tashkent; republished on Esri CAC GeoPortal",https://hub.arcgis.com/api/v3/datasets/c51c854bad2d48f1beaad40272f8d483_0/downloads/data?format=geojson&spatialRefId=4326,https://services8.arcgis.com/GyR85gR88mMqIY4t/arcgis/rest/services/Tashkent_Mahallas/FeatureServer/0,stored EPSG:102100/3857; served as EPSG:4326 on request,2024-10 (adopted); 2025-07 (republication snapshot),OFFICIAL,Toshkent shahar hokimligi - Raqamli rivojlantirish boshqarmasi,https://services8.arcgis.com/GyR85gR88mMqIY4t/arcgis/rest/services/Tashkent_Mahallas/FeatureServer/0,A,2024-10-23,2026-09-18,"area_ha is NULL in the source layer (all 60 Uchtepa records); name_ru contains Latin-script text in the source, not Russian Cyrillic - NOT usable as a Russian name"
UZ-TAS-MFY-496,NULL,Hayratiy mahallasi,Ҳайратий маҳалласи,Xayratiy mahallasi,NULL,Hayratiy mahallasi,Hayratiy,NULL,NULL,Mahalla fuqarolar yig'ini (MFY),Uchtepa,UZ-TAS-UCHTEPA,1726262,NULL,NULL,NULL,NULL,NULL,NULL,2023-11-24/2024-10-23 (range; exact date per district NOT ESTABLISHED),NOT ESTABLISHED,NULL,https://e-qaror.gov.uz (Tashkent City Kengash decisions; individual act not located),NULL,NULL,NULL,NULL,YES,NO,"Tashkent City Hokimiyat, Dept. of Digital Development, via Open Data Tashkent; republished on Esri CAC GeoPortal",https://hub.arcgis.com/api/v3/datasets/c51c854bad2d48f1beaad40272f8d483_0/downloads/data?format=geojson&spatialRefId=4326,https://services8.arcgis.com/GyR85gR88mMqIY4t/arcgis/rest/services/Tashkent_Mahallas/FeatureServer/0,stored EPSG:102100/3857; served as EPSG:4326 on request,2024-10 (adopted); 2025-07 (republication snapshot),OFFICIAL,Toshkent shahar hokimligi - Raqamli rivojlantirish boshqarmasi,https://services8.arcgis.com/GyR85gR88mMqIY4t/arcgis/rest/services/Tashkent_Mahallas/FeatureServer/0,A,2024-10-23,2026-09-18,"area_ha is NULL in the source layer (all 60 Uchtepa records); name_ru contains Latin-script text in the source, not Russian Cyrillic - NOT usable as a Russian name"
UZ-TAS-MFY-497,NULL,Xurshid mahallasi,Хуршид маҳалласи,Xurshid mahallasi,NULL,Xurshid mahallasi,Xurshid,NULL,NULL,Mahalla fuqarolar yig'ini (MFY),Uchtepa,UZ-TAS-UCHTEPA,1726262,NULL,NULL,NULL,NULL,NULL,NULL,2023-11-24/2024-10-23 (range; exact date per district NOT ESTABLISHED),NOT ESTABLISHED,NULL,https://e-qaror.gov.uz (Tashkent City Kengash decisions; individual act not located),NULL,NULL,NULL,NULL,YES,NO,"Tashkent City Hokimiyat, Dept. of Digital Development, via Open Data Tashkent; republished on Esri CAC GeoPortal",https://hub.arcgis.com/api/v3/datasets/c51c854bad2d48f1beaad40272f8d483_0/downloads/data?format=geojson&spatialRefId=4326,https://services8.arcgis.com/GyR85gR88mMqIY4t/arcgis/rest/services/Tashkent_Mahallas/FeatureServer/0,stored EPSG:102100/3857; served as EPSG:4326 on request,2024-10 (adopted); 2025-07 (republication snapshot),OFFICIAL,Toshkent shahar hokimligi - Raqamli rivojlantirish boshqarmasi,https://services8.arcgis.com/GyR85gR88mMqIY4t/arcgis/rest/services/Tashkent_Mahallas/FeatureServer/0,A,2024-10-23,2026-09-18,"area_ha is NULL in the source layer (all 60 Uchtepa records); name_ru contains Latin-script text in the source, not Russian Cyrillic - NOT usable as a Russian name"
UZ-TAS-MFY-498,NULL,Paxtakor mahallasi,Пахтакор маҳалласи,Paxtakor mahallasi,NULL,Paxtakor mahallasi,Paxtakor,NULL,NULL,Mahalla fuqarolar yig'ini (MFY),Uchtepa,UZ-TAS-UCHTEPA,1726262,NULL,NULL,NULL,NULL,NULL,NULL,2023-11-24/2024-10-23 (range; exact date per district NOT ESTABLISHED),NOT ESTABLISHED,NULL,https://e-qaror.gov.uz (Tashkent City Kengash decisions; individual act not located),NULL,NULL,NULL,NULL,YES,NO,"Tashkent City Hokimiyat, Dept. of Digital Development, via Open Data Tashkent; republished on Esri CAC GeoPortal",https://hub.arcgis.com/api/v3/datasets/c51c854bad2d48f1beaad40272f8d483_0/downloads/data?format=geojson&spatialRefId=4326,https://services8.arcgis.com/GyR85gR88mMqIY4t/arcgis/rest/services/Tashkent_Mahallas/FeatureServer/0,stored EPSG:102100/3857; served as EPSG:4326 on request,2024-10 (adopted); 2025-07 (republication snapshot),OFFICIAL,Toshkent shahar hokimligi - Raqamli rivojlantirish boshqarmasi,https://services8.arcgis.com/GyR85gR88mMqIY4t/arcgis/rest/services/Tashkent_Mahallas/FeatureServer/0,A,2024-10-23,2026-09-18,"area_ha is NULL in the source layer (all 60 Uchtepa records); name_ru contains Latin-script text in the source, not Russian Cyrillic - NOT usable as a Russian name"
UZ-TAS-MFY-499,NULL,Shofayzibog' mahallasi,Шофайзибоғ маҳалласи,Shofayzibogh mahallasi,NULL,Shofayzibog' mahallasi,Shofayzibog',NULL,NULL,Mahalla fuqarolar yig'ini (MFY),Uchtepa,UZ-TAS-UCHTEPA,1726262,NULL,NULL,NULL,NULL,NULL,NULL,2023-11-24/2024-10-23 (range; exact date per district NOT ESTABLISHED),NOT ESTABLISHED,NULL,https://e-qaror.gov.uz (Tashkent City Kengash decisions; individual act not located),NULL,NULL,NULL,NULL,YES,NO,"Tashkent City Hokimiyat, Dept. of Digital Development, via Open Data Tashkent; republished on Esri CAC GeoPortal",https://hub.arcgis.com/api/v3/datasets/c51c854bad2d48f1beaad40272f8d483_0/downloads/data?format=geojson&spatialRefId=4326,https://services8.arcgis.com/GyR85gR88mMqIY4t/arcgis/rest/services/Tashkent_Mahallas/FeatureServer/0,stored EPSG:102100/3857; served as EPSG:4326 on request,2024-10 (adopted); 2025-07 (republication snapshot),OFFICIAL,Toshkent shahar hokimligi - Raqamli rivojlantirish boshqarmasi,https://services8.arcgis.com/GyR85gR88mMqIY4t/arcgis/rest/services/Tashkent_Mahallas/FeatureServer/0,A,2024-10-23,2026-09-18,"area_ha is NULL in the source layer (all 60 Uchtepa records); name_ru contains Latin-script text in the source, not Russian Cyrillic - NOT usable as a Russian name"
UZ-TAS-MFY-500,NULL,Uchtepa mahallasi,Учтепа маҳалласи,Uchtepa mahallasi,NULL,Uchtepa mahallasi,Uchtepa,NULL,NULL,Mahalla fuqarolar yig'ini (MFY),Uchtepa,UZ-TAS-UCHTEPA,1726262,NULL,NULL,NULL,NULL,NULL,NULL,2023-11-24/2024-10-23 (range; exact date per district NOT ESTABLISHED),NOT ESTABLISHED,NULL,https://e-qaror.gov.uz (Tashkent City Kengash decisions; individual act not located),NULL,NULL,NULL,NULL,YES,NO,"Tashkent City Hokimiyat, Dept. of Digital Development, via Open Data Tashkent; republished on Esri CAC GeoPortal",https://hub.arcgis.com/api/v3/datasets/c51c854bad2d48f1beaad40272f8d483_0/downloads/data?format=geojson&spatialRefId=4326,https://services8.arcgis.com/GyR85gR88mMqIY4t/arcgis/rest/services/Tashkent_Mahallas/FeatureServer/0,stored EPSG:102100/3857; served as EPSG:4326 on request,2024-10 (adopted); 2025-07 (republication snapshot),OFFICIAL,Toshkent shahar hokimligi - Raqamli rivojlantirish boshqarmasi,https://services8.arcgis.com/GyR85gR88mMqIY4t/arcgis/rest/services/Tashkent_Mahallas/FeatureServer/0,A,2024-10-23,2026-09-18,"area_ha is NULL in the source layer (all 60 Uchtepa records); name_ru contains Latin-script text in the source, not Russian Cyrillic - NOT usable as a Russian name"
UZ-TAS-MFY-501,NULL,Abdulla Qodiriy mahallasi,Абдулла Қодирий маҳалласи,Abdulla Qodiriy mahallasi,NULL,Abdulla Qodiriy mahallasi,Abdulla Qodiriy,NULL,NULL,Mahalla fuqarolar yig'ini (MFY),Uchtepa,UZ-TAS-UCHTEPA,1726262,NULL,NULL,NULL,NULL,NULL,NULL,2023-11-24/2024-10-23 (range; exact date per district NOT ESTABLISHED),NOT ESTABLISHED,NULL,https://e-qaror.gov.uz (Tashkent City Kengash decisions; individual act not located),NULL,NULL,NULL,NULL,YES,NO,"Tashkent City Hokimiyat, Dept. of Digital Development, via Open Data Tashkent; republished on Esri CAC GeoPortal",https://hub.arcgis.com/api/v3/datasets/c51c854bad2d48f1beaad40272f8d483_0/downloads/data?format=geojson&spatialRefId=4326,https://services8.arcgis.com/GyR85gR88mMqIY4t/arcgis/rest/services/Tashkent_Mahallas/FeatureServer/0,stored EPSG:102100/3857; served as EPSG:4326 on request,2024-10 (adopted); 2025-07 (republication snapshot),OFFICIAL,Toshkent shahar hokimligi - Raqamli rivojlantirish boshqarmasi,https://services8.arcgis.com/GyR85gR88mMqIY4t/arcgis/rest/services/Tashkent_Mahallas/FeatureServer/0,A,2024-10-23,2026-09-18,"area_ha is NULL in the source layer (all 60 Uchtepa records); name_ru contains Latin-script text in the source, not Russian Cyrillic - NOT usable as a Russian name"
UZ-TAS-MFY-502,NULL,Yusuf Sakkokiy mahallasi,Юсуф Саккокий маҳалласи,Yusuf Sakkokiy mahallasi,NULL,Yusuf Sakkokiy mahallasi,Yusuf Sakkokiy,NULL,NULL,Mahalla fuqarolar yig'ini (MFY),Uchtepa,UZ-TAS-UCHTEPA,1726262,NULL,NULL,NULL,NULL,NULL,NULL,2023-11-24/2024-10-23 (range; exact date per district NOT ESTABLISHED),NOT ESTABLISHED,NULL,https://e-qaror.gov.uz (Tashkent City Kengash decisions; individual act not located),NULL,NULL,NULL,NULL,YES,NO,"Tashkent City Hokimiyat, Dept. of Digital Development, via Open Data Tashkent; republished on Esri CAC GeoPortal",https://hub.arcgis.com/api/v3/datasets/c51c854bad2d48f1beaad40272f8d483_0/downloads/data?format=geojson&spatialRefId=4326,https://services8.arcgis.com/GyR85gR88mMqIY4t/arcgis/rest/services/Tashkent_Mahallas/FeatureServer/0,stored EPSG:102100/3857; served as EPSG:4326 on request,2024-10 (adopted); 2025-07 (republication snapshot),OFFICIAL,Toshkent shahar hokimligi - Raqamli rivojlantirish boshqarmasi,https://services8.arcgis.com/GyR85gR88mMqIY4t/arcgis/rest/services/Tashkent_Mahallas/FeatureServer/0,A,2024-10-23,2026-09-18,"area_ha is NULL in the source layer (all 60 Uchtepa records); name_ru contains Latin-script text in the source, not Russian Cyrillic - NOT usable as a Russian name"
UZ-TAS-MFY-503,NULL,Taqachi mahallasi,Тақачи маҳалласи,Taqachi mahallasi,NULL,Taqachi mahallasi,Taqachi,NULL,NULL,Mahalla fuqarolar yig'ini (MFY),Uchtepa,UZ-TAS-UCHTEPA,1726262,NULL,NULL,NULL,NULL,NULL,NULL,2023-11-24/2024-10-23 (range; exact date per district NOT ESTABLISHED),NOT ESTABLISHED,NULL,https://e-qaror.gov.uz (Tashkent City Kengash decisions; individual act not located),NULL,NULL,NULL,NULL,YES,NO,"Tashkent City Hokimiyat, Dept. of Digital Development, via Open Data Tashkent; republished on Esri CAC GeoPortal",https://hub.arcgis.com/api/v3/datasets/c51c854bad2d48f1beaad40272f8d483_0/downloads/data?format=geojson&spatialRefId=4326,https://services8.arcgis.com/GyR85gR88mMqIY4t/arcgis/rest/services/Tashkent_Mahallas/FeatureServer/0,stored EPSG:102100/3857; served as EPSG:4326 on request,2024-10 (adopted); 2025-07 (republication snapshot),OFFICIAL,Toshkent shahar hokimligi - Raqamli rivojlantirish boshqarmasi,https://services8.arcgis.com/GyR85gR88mMqIY4t/arcgis/rest/services/Tashkent_Mahallas/FeatureServer/0,A,2024-10-23,2026-09-18,"area_ha is NULL in the source layer (all 60 Uchtepa records); name_ru contains Latin-script text in the source, not Russian Cyrillic - NOT usable as a Russian name"
UZ-TAS-MFY-504,NULL,Ko'hna Cho'ponota mahallasi,Кўҳна Чўпонота маҳалласи,Kohna Chponota mahallasi,NULL,Ko'hna Cho'ponota mahallasi,Ko'hna Cho'ponota,NULL,NULL,Mahalla fuqarolar yig'ini (MFY),Uchtepa,UZ-TAS-UCHTEPA,1726262,NULL,NULL,NULL,NULL,NULL,NULL,2023-11-24/2024-10-23 (range; exact date per district NOT ESTABLISHED),NOT ESTABLISHED,NULL,https://e-qaror.gov.uz (Tashkent City Kengash decisions; individual act not located),NULL,NULL,NULL,NULL,YES,NO,"Tashkent City Hokimiyat, Dept. of Digital Development, via Open Data Tashkent; republished on Esri CAC GeoPortal",https://hub.arcgis.com/api/v3/datasets/c51c854bad2d48f1beaad40272f8d483_0/downloads/data?format=geojson&spatialRefId=4326,https://services8.arcgis.com/GyR85gR88mMqIY4t/arcgis/rest/services/Tashkent_Mahallas/FeatureServer/0,stored EPSG:102100/3857; served as EPSG:4326 on request,2024-10 (adopted); 2025-07 (republication snapshot),OFFICIAL,Toshkent shahar hokimligi - Raqamli rivojlantirish boshqarmasi,https://services8.arcgis.com/GyR85gR88mMqIY4t/arcgis/rest/services/Tashkent_Mahallas/FeatureServer/0,A,2024-10-23,2026-09-18,"area_ha is NULL in the source layer (all 60 Uchtepa records); name_ru contains Latin-script text in the source, not Russian Cyrillic - NOT usable as a Russian name"
UZ-TAS-MFY-505,NULL,Latifguzar mahallasi,Латифгузар маҳалласи,Latifguzar mahallasi,NULL,Latifguzar mahallasi,Latifguzar,NULL,NULL,Mahalla fuqarolar yig'ini (MFY),Uchtepa,UZ-TAS-UCHTEPA,1726262,NULL,NULL,NULL,NULL,NULL,NULL,2023-11-24/2024-10-23 (range; exact date per district NOT ESTABLISHED),NOT ESTABLISHED,NULL,https://e-qaror.gov.uz (Tashkent City Kengash decisions; individual act not located),NULL,NULL,NULL,NULL,YES,NO,"Tashkent City Hokimiyat, Dept. of Digital Development, via Open Data Tashkent; republished on Esri CAC GeoPortal",https://hub.arcgis.com/api/v3/datasets/c51c854bad2d48f1beaad40272f8d483_0/downloads/data?format=geojson&spatialRefId=4326,https://services8.arcgis.com/GyR85gR88mMqIY4t/arcgis/rest/services/Tashkent_Mahallas/FeatureServer/0,stored EPSG:102100/3857; served as EPSG:4326 on request,2024-10 (adopted); 2025-07 (republication snapshot),OFFICIAL,Toshkent shahar hokimligi - Raqamli rivojlantirish boshqarmasi,https://services8.arcgis.com/GyR85gR88mMqIY4t/arcgis/rest/services/Tashkent_Mahallas/FeatureServer/0,A,2024-10-23,2026-09-18,"area_ha is NULL in the source layer (all 60 Uchtepa records); name_ru contains Latin-script text in the source, not Russian Cyrillic - NOT usable as a Russian name"
UZ-TAS-MFY-506,NULL,Bog'obod mahallasi,Боғобод маҳалласи,Bogobod mahallasi,NULL,Bog'obod mahallasi,Bog'obod,NULL,NULL,Mahalla fuqarolar yig'ini (MFY),Uchtepa,UZ-TAS-UCHTEPA,1726262,NULL,NULL,NULL,NULL,NULL,NULL,2023-11-24/2024-10-23 (range; exact date per district NOT ESTABLISHED),NOT ESTABLISHED,NULL,https://e-qaror.gov.uz (Tashkent City Kengash decisions; individual act not located),NULL,NULL,NULL,NULL,YES,NO,"Tashkent City Hokimiyat, Dept. of Digital Development, via Open Data Tashkent; republished on Esri CAC GeoPortal",https://hub.arcgis.com/api/v3/datasets/c51c854bad2d48f1beaad40272f8d483_0/downloads/data?format=geojson&spatialRefId=4326,https://services8.arcgis.com/GyR85gR88mMqIY4t/arcgis/rest/services/Tashkent_Mahallas/FeatureServer/0,stored EPSG:102100/3857; served as EPSG:4326 on request,2024-10 (adopted); 2025-07 (republication snapshot),OFFICIAL,Toshkent shahar hokimligi - Raqamli rivojlantirish boshqarmasi,https://services8.arcgis.com/GyR85gR88mMqIY4t/arcgis/rest/services/Tashkent_Mahallas/FeatureServer/0,A,2024-10-23,2026-09-18,"area_ha is NULL in the source layer (all 60 Uchtepa records); name_ru contains Latin-script text in the source, not Russian Cyrillic - NOT usable as a Russian name"
UZ-TAS-MFY-507,NULL,Istirohat mahallasi,Истироҳат маҳалласи,Istirohat mahallasi,NULL,Istirohat mahallasi,Istirohat,NULL,NULL,Mahalla fuqarolar yig'ini (MFY),Uchtepa,UZ-TAS-UCHTEPA,1726262,NULL,NULL,NULL,NULL,NULL,NULL,2023-11-24/2024-10-23 (range; exact date per district NOT ESTABLISHED),NOT ESTABLISHED,NULL,https://e-qaror.gov.uz (Tashkent City Kengash decisions; individual act not located),NULL,NULL,NULL,NULL,YES,NO,"Tashkent City Hokimiyat, Dept. of Digital Development, via Open Data Tashkent; republished on Esri CAC GeoPortal",https://hub.arcgis.com/api/v3/datasets/c51c854bad2d48f1beaad40272f8d483_0/downloads/data?format=geojson&spatialRefId=4326,https://services8.arcgis.com/GyR85gR88mMqIY4t/arcgis/rest/services/Tashkent_Mahallas/FeatureServer/0,stored EPSG:102100/3857; served as EPSG:4326 on request,2024-10 (adopted); 2025-07 (republication snapshot),OFFICIAL,Toshkent shahar hokimligi - Raqamli rivojlantirish boshqarmasi,https://services8.arcgis.com/GyR85gR88mMqIY4t/arcgis/rest/services/Tashkent_Mahallas/FeatureServer/0,A,2024-10-23,2026-09-18,"area_ha is NULL in the source layer (all 60 Uchtepa records); name_ru contains Latin-script text in the source, not Russian Cyrillic - NOT usable as a Russian name"
UZ-TAS-MFY-508,NULL,Hojiobod mahallasi,Ҳожиобод маҳалласи,Hojiobod mahallasi,NULL,Hojiobod mahallasi,Hojiobod,NULL,NULL,Mahalla fuqarolar yig'ini (MFY),Uchtepa,UZ-TAS-UCHTEPA,1726262,NULL,NULL,NULL,NULL,NULL,NULL,2023-11-24/2024-10-23 (range; exact date per district NOT ESTABLISHED),NOT ESTABLISHED,NULL,https://e-qaror.gov.uz (Tashkent City Kengash decisions; individual act not located),NULL,NULL,NULL,NULL,YES,NO,"Tashkent City Hokimiyat, Dept. of Digital Development, via Open Data Tashkent; republished on Esri CAC GeoPortal",https://hub.arcgis.com/api/v3/datasets/c51c854bad2d48f1beaad40272f8d483_0/downloads/data?format=geojson&spatialRefId=4326,https://services8.arcgis.com/GyR85gR88mMqIY4t/arcgis/rest/services/Tashkent_Mahallas/FeatureServer/0,stored EPSG:102100/3857; served as EPSG:4326 on request,2024-10 (adopted); 2025-07 (republication snapshot),OFFICIAL,Toshkent shahar hokimligi - Raqamli rivojlantirish boshqarmasi,https://services8.arcgis.com/GyR85gR88mMqIY4t/arcgis/rest/services/Tashkent_Mahallas/FeatureServer/0,A,2024-10-23,2026-09-18,"area_ha is NULL in the source layer (all 60 Uchtepa records); name_ru contains Latin-script text in the source, not Russian Cyrillic - NOT usable as a Russian name"
UZ-TAS-MFY-509,NULL,Ko'rkamobod mahallasi,Кўркамобод маҳалласи,Korkamobod mahallasi,NULL,Ko'rkamobod mahallasi,Ko'rkamobod,NULL,NULL,Mahalla fuqarolar yig'ini (MFY),Uchtepa,UZ-TAS-UCHTEPA,1726262,NULL,NULL,NULL,NULL,NULL,NULL,2023-11-24/2024-10-23 (range; exact date per district NOT ESTABLISHED),NOT ESTABLISHED,NULL,https://e-qaror.gov.uz (Tashkent City Kengash decisions; individual act not located),NULL,NULL,NULL,NULL,YES,NO,"Tashkent City Hokimiyat, Dept. of Digital Development, via Open Data Tashkent; republished on Esri CAC GeoPortal",https://hub.arcgis.com/api/v3/datasets/c51c854bad2d48f1beaad40272f8d483_0/downloads/data?format=geojson&spatialRefId=4326,https://services8.arcgis.com/GyR85gR88mMqIY4t/arcgis/rest/services/Tashkent_Mahallas/FeatureServer/0,stored EPSG:102100/3857; served as EPSG:4326 on request,2024-10 (adopted); 2025-07 (republication snapshot),OFFICIAL,Toshkent shahar hokimligi - Raqamli rivojlantirish boshqarmasi,https://services8.arcgis.com/GyR85gR88mMqIY4t/arcgis/rest/services/Tashkent_Mahallas/FeatureServer/0,A,2024-10-23,2026-09-18,"area_ha is NULL in the source layer (all 60 Uchtepa records); name_ru contains Latin-script text in the source, not Russian Cyrillic - NOT usable as a Russian name"
UZ-TAS-MFY-510,NULL,Jarbuloq mahallasi,Жарбулоқ маҳалласи,Jarbuloq mahallasi,NULL,Jarbuloq mahallasi,Jarbuloq,NULL,NULL,Mahalla fuqarolar yig'ini (MFY),Uchtepa,UZ-TAS-UCHTEPA,1726262,NULL,NULL,NULL,NULL,NULL,NULL,2023-11-24/2024-10-23 (range; exact date per district NOT ESTABLISHED),NOT ESTABLISHED,NULL,https://e-qaror.gov.uz (Tashkent City Kengash decisions; individual act not located),NULL,NULL,NULL,NULL,YES,NO,"Tashkent City Hokimiyat, Dept. of Digital Development, via Open Data Tashkent; republished on Esri CAC GeoPortal",https://hub.arcgis.com/api/v3/datasets/c51c854bad2d48f1beaad40272f8d483_0/downloads/data?format=geojson&spatialRefId=4326,https://services8.arcgis.com/GyR85gR88mMqIY4t/arcgis/rest/services/Tashkent_Mahallas/FeatureServer/0,stored EPSG:102100/3857; served as EPSG:4326 on request,2024-10 (adopted); 2025-07 (republication snapshot),OFFICIAL,Toshkent shahar hokimligi - Raqamli rivojlantirish boshqarmasi,https://services8.arcgis.com/GyR85gR88mMqIY4t/arcgis/rest/services/Tashkent_Mahallas/FeatureServer/0,A,2024-10-23,2026-09-18,"area_ha is NULL in the source layer (all 60 Uchtepa records); name_ru contains Latin-script text in the source, not Russian Cyrillic - NOT usable as a Russian name"
UZ-TAS-MFY-511,NULL,Vatanparvar mahallasi,Ватанпарвар маҳалласи,Vatanparvar mahallasi,NULL,Vatanparvar mahallasi,Vatanparvar,NULL,NULL,Mahalla fuqarolar yig'ini (MFY),Uchtepa,UZ-TAS-UCHTEPA,1726262,NULL,NULL,NULL,NULL,NULL,NULL,2023-11-24/2024-10-23 (range; exact date per district NOT ESTABLISHED),NOT ESTABLISHED,NULL,https://e-qaror.gov.uz (Tashkent City Kengash decisions; individual act not located),NULL,NULL,NULL,NULL,YES,NO,"Tashkent City Hokimiyat, Dept. of Digital Development, via Open Data Tashkent; republished on Esri CAC GeoPortal",https://hub.arcgis.com/api/v3/datasets/c51c854bad2d48f1beaad40272f8d483_0/downloads/data?format=geojson&spatialRefId=4326,https://services8.arcgis.com/GyR85gR88mMqIY4t/arcgis/rest/services/Tashkent_Mahallas/FeatureServer/0,stored EPSG:102100/3857; served as EPSG:4326 on request,2024-10 (adopted); 2025-07 (republication snapshot),OFFICIAL,Toshkent shahar hokimligi - Raqamli rivojlantirish boshqarmasi,https://services8.arcgis.com/GyR85gR88mMqIY4t/arcgis/rest/services/Tashkent_Mahallas/FeatureServer/0,A,2024-10-23,2026-09-18,"area_ha is NULL in the source layer (all 60 Uchtepa records); name_ru contains Latin-script text in the source, not Russian Cyrillic - NOT usable as a Russian name"
UZ-TAS-MFY-512,NULL,O'rikzor mahallasi,Ўрикзор маҳалласи,Orikzor mahallasi,NULL,O'rikzor mahallasi,O'rikzor,NULL,NULL,Mahalla fuqarolar yig'ini (MFY),Uchtepa,UZ-TAS-UCHTEPA,1726262,NULL,NULL,NULL,NULL,NULL,NULL,2023-11-24/2024-10-23 (range; exact date per district NOT ESTABLISHED),NOT ESTABLISHED,NULL,https://e-qaror.gov.uz (Tashkent City Kengash decisions; individual act not located),NULL,NULL,NULL,NULL,YES,NO,"Tashkent City Hokimiyat, Dept. of Digital Development, via Open Data Tashkent; republished on Esri CAC GeoPortal",https://hub.arcgis.com/api/v3/datasets/c51c854bad2d48f1beaad40272f8d483_0/downloads/data?format=geojson&spatialRefId=4326,https://services8.arcgis.com/GyR85gR88mMqIY4t/arcgis/rest/services/Tashkent_Mahallas/FeatureServer/0,stored EPSG:102100/3857; served as EPSG:4326 on request,2024-10 (adopted); 2025-07 (republication snapshot),OFFICIAL,Toshkent shahar hokimligi - Raqamli rivojlantirish boshqarmasi,https://services8.arcgis.com/GyR85gR88mMqIY4t/arcgis/rest/services/Tashkent_Mahallas/FeatureServer/0,A,2024-10-23,2026-09-18,"area_ha is NULL in the source layer (all 60 Uchtepa records); name_ru contains Latin-script text in the source, not Russian Cyrillic - NOT usable as a Russian name"
UZ-TAS-MFY-513,NULL,Ko'kcha-Oqtepa mahallasi,Кўкча-Оқтепа маҳалласи,Kokcha-Oqtepa mahallasi,NULL,Ko'kcha-Oqtepa mahallasi,Ko'kcha-Oqtepa,NULL,NULL,Mahalla fuqarolar yig'ini (MFY),Uchtepa,UZ-TAS-UCHTEPA,1726262,NULL,NULL,NULL,NULL,NULL,NULL,2023-11-24/2024-10-23 (range; exact date per district NOT ESTABLISHED),NOT ESTABLISHED,NULL,https://e-qaror.gov.uz (Tashkent City Kengash decisions; individual act not located),NULL,NULL,NULL,NULL,YES,NO,"Tashkent City Hokimiyat, Dept. of Digital Development, via Open Data Tashkent; republished on Esri CAC GeoPortal",https://hub.arcgis.com/api/v3/datasets/c51c854bad2d48f1beaad40272f8d483_0/downloads/data?format=geojson&spatialRefId=4326,https://services8.arcgis.com/GyR85gR88mMqIY4t/arcgis/rest/services/Tashkent_Mahallas/FeatureServer/0,stored EPSG:102100/3857; served as EPSG:4326 on request,2024-10 (adopted); 2025-07 (republication snapshot),OFFICIAL,Toshkent shahar hokimligi - Raqamli rivojlantirish boshqarmasi,https://services8.arcgis.com/GyR85gR88mMqIY4t/arcgis/rest/services/Tashkent_Mahallas/FeatureServer/0,A,2024-10-23,2026-09-18,"area_ha is NULL in the source layer (all 60 Uchtepa records); name_ru contains Latin-script text in the source, not Russian Cyrillic - NOT usable as a Russian name"
UZ-TAS-MFY-514,NULL,Katta Qa'ni mahallasi,Катта Қаъни маҳалласи,Katta Qani mahallasi,NULL,Katta Qa'ni mahallasi,Katta Qa'ni,NULL,NULL,Mahalla fuqarolar yig'ini (MFY),Uchtepa,UZ-TAS-UCHTEPA,1726262,NULL,NULL,NULL,NULL,NULL,NULL,2023-11-24/2024-10-23 (range; exact date per district NOT ESTABLISHED),NOT ESTABLISHED,NULL,https://e-qaror.gov.uz (Tashkent City Kengash decisions; individual act not located),NULL,NULL,NULL,NULL,YES,NO,"Tashkent City Hokimiyat, Dept. of Digital Development, via Open Data Tashkent; republished on Esri CAC GeoPortal",https://hub.arcgis.com/api/v3/datasets/c51c854bad2d48f1beaad40272f8d483_0/downloads/data?format=geojson&spatialRefId=4326,https://services8.arcgis.com/GyR85gR88mMqIY4t/arcgis/rest/services/Tashkent_Mahallas/FeatureServer/0,stored EPSG:102100/3857; served as EPSG:4326 on request,2024-10 (adopted); 2025-07 (republication snapshot),OFFICIAL,Toshkent shahar hokimligi - Raqamli rivojlantirish boshqarmasi,https://services8.arcgis.com/GyR85gR88mMqIY4t/arcgis/rest/services/Tashkent_Mahallas/FeatureServer/0,A,2024-10-23,2026-09-18,"area_ha is NULL in the source layer (all 60 Uchtepa records); name_ru contains Latin-script text in the source, not Russian Cyrillic - NOT usable as a Russian name"
UZ-TAS-MFY-178,NULL,Al-Xorazmiy mahallasi,Ал-Хоразмий маҳалласи,Ал-Хоразмий махалля,NULL,Al-Xorazmiy mahallasi,Al-Xorazmiy,NULL,NULL,Mahalla fuqarolar yig'ini (MFY),Chilonzor,UZ-TAS-CHILONZOR,1726294,NULL,NULL,NULL,NULL,NULL,NULL,2024-10-23,NOT ESTABLISHED,2024-10-23,https://e-qaror.gov.uz (Tashkent City Kengash decisions; individual act not located),NULL,NULL,NULL,12.14,YES,NO,"Tashkent City Hokimiyat, Dept. of Digital Development, via Open Data Tashkent; republished on Esri CAC GeoPortal",https://hub.arcgis.com/api/v3/datasets/c51c854bad2d48f1beaad40272f8d483_0/downloads/data?format=geojson&spatialRefId=4326,https://services8.arcgis.com/GyR85gR88mMqIY4t/arcgis/rest/services/Tashkent_Mahallas/FeatureServer/0,stored EPSG:102100/3857; served as EPSG:4326 on request,2024-10 (adopted); 2025-07 (republication snapshot),OFFICIAL,Toshkent shahar hokimligi - Raqamli rivojlantirish boshqarmasi,https://services8.arcgis.com/GyR85gR88mMqIY4t/arcgis/rest/services/Tashkent_Mahallas/FeatureServer/0,A,2024-10-23,2026-09-18,Decision number NOT ESTABLISHED
UZ-TAS-MFY-179,NULL,Gavhar mahallasi,Гавҳар маҳалласи,Гавхар махалля,NULL,Gavhar mahallasi,Gavhar,NULL,NULL,Mahalla fuqarolar yig'ini (MFY),Chilonzor,UZ-TAS-CHILONZOR,1726294,NULL,NULL,NULL,NULL,NULL,NULL,2024-10-23,NOT ESTABLISHED,2024-10-23,https://e-qaror.gov.uz (Tashkent City Kengash decisions; individual act not located),NULL,NULL,NULL,54.97,YES,NO,"Tashkent City Hokimiyat, Dept. of Digital Development, via Open Data Tashkent; republished on Esri CAC GeoPortal",https://hub.arcgis.com/api/v3/datasets/c51c854bad2d48f1beaad40272f8d483_0/downloads/data?format=geojson&spatialRefId=4326,https://services8.arcgis.com/GyR85gR88mMqIY4t/arcgis/rest/services/Tashkent_Mahallas/FeatureServer/0,stored EPSG:102100/3857; served as EPSG:4326 on request,2024-10 (adopted); 2025-07 (republication snapshot),OFFICIAL,Toshkent shahar hokimligi - Raqamli rivojlantirish boshqarmasi,https://services8.arcgis.com/GyR85gR88mMqIY4t/arcgis/rest/services/Tashkent_Mahallas/FeatureServer/0,A,2024-10-23,2026-09-18,Decision number NOT ESTABLISHED
UZ-TAS-MFY-180,NULL,Bo'rijar mahallasi,Бўрижар маҳалласи,Бурижар махалля,NULL,Bo'rijar mahallasi,Bo'rijar,NULL,NULL,Mahalla fuqarolar yig'ini (MFY),Chilonzor,UZ-TAS-CHILONZOR,1726294,NULL,NULL,NULL,NULL,NULL,NULL,2024-10-23,NOT ESTABLISHED,2024-10-23,https://e-qaror.gov.uz (Tashkent City Kengash decisions; individual act not located),NULL,NULL,NULL,14.43,YES,NO,"Tashkent City Hokimiyat, Dept. of Digital Development, via Open Data Tashkent; republished on Esri CAC GeoPortal",https://hub.arcgis.com/api/v3/datasets/c51c854bad2d48f1beaad40272f8d483_0/downloads/data?format=geojson&spatialRefId=4326,https://services8.arcgis.com/GyR85gR88mMqIY4t/arcgis/rest/services/Tashkent_Mahallas/FeatureServer/0,stored EPSG:102100/3857; served as EPSG:4326 on request,2024-10 (adopted); 2025-07 (republication snapshot),OFFICIAL,Toshkent shahar hokimligi - Raqamli rivojlantirish boshqarmasi,https://services8.arcgis.com/GyR85gR88mMqIY4t/arcgis/rest/services/Tashkent_Mahallas/FeatureServer/0,A,2024-10-23,2026-09-18,Decision number NOT ESTABLISHED
UZ-TAS-MFY-181,NULL,Guliston mahallasi,Гулистон маҳалласи,Гулистон махалля,NULL,Guliston mahallasi,Guliston,NULL,NULL,Mahalla fuqarolar yig'ini (MFY),Chilonzor,UZ-TAS-CHILONZOR,1726294,NULL,NULL,NULL,NULL,NULL,NULL,2024-10-23,NOT ESTABLISHED,2024-10-23,https://e-qaror.gov.uz (Tashkent City Kengash decisions; individual act not located),NULL,NULL,NULL,21.38,YES,NO,"Tashkent City Hokimiyat, Dept. of Digital Development, via Open Data Tashkent; republished on Esri CAC GeoPortal",https://hub.arcgis.com/api/v3/datasets/c51c854bad2d48f1beaad40272f8d483_0/downloads/data?format=geojson&spatialRefId=4326,https://services8.arcgis.com/GyR85gR88mMqIY4t/arcgis/rest/services/Tashkent_Mahallas/FeatureServer/0,stored EPSG:102100/3857; served as EPSG:4326 on request,2024-10 (adopted); 2025-07 (republication snapshot),OFFICIAL,Toshkent shahar hokimligi - Raqamli rivojlantirish boshqarmasi,https://services8.arcgis.com/GyR85gR88mMqIY4t/arcgis/rest/services/Tashkent_Mahallas/FeatureServer/0,A,2024-10-23,2026-09-18,Decision number NOT ESTABLISHED
UZ-TAS-MFY-182,NULL,Tirsakobod mahallasi,Тирсакобод маҳалласи,Тирсакобод махалля,NULL,Tirsakobod mahallasi,Tirsakobod,NULL,NULL,Mahalla fuqarolar yig'ini (MFY),Chilonzor,UZ-TAS-CHILONZOR,1726294,NULL,NULL,NULL,NULL,NULL,NULL,2024-10-23,NOT ESTABLISHED,2024-10-23,https://e-qaror.gov.uz (Tashkent City Kengash decisions; individual act not located),NULL,NULL,NULL,255.21,YES,NO,"Tashkent City Hokimiyat, Dept. of Digital Development, via Open Data Tashkent; republished on Esri CAC GeoPortal",https://hub.arcgis.com/api/v3/datasets/c51c854bad2d48f1beaad40272f8d483_0/downloads/data?format=geojson&spatialRefId=4326,https://services8.arcgis.com/GyR85gR88mMqIY4t/arcgis/rest/services/Tashkent_Mahallas/FeatureServer/0,stored EPSG:102100/3857; served as EPSG:4326 on request,2024-10 (adopted); 2025-07 (republication snapshot),OFFICIAL,Toshkent shahar hokimligi - Raqamli rivojlantirish boshqarmasi,https://services8.arcgis.com/GyR85gR88mMqIY4t/arcgis/rest/services/Tashkent_Mahallas/FeatureServer/0,A,2024-10-23,2026-09-18,Decision number NOT ESTABLISHED
UZ-TAS-MFY-183,NULL,Bekto'pi mahallasi,Бектўпи маҳалласи,Бектупи махалля,NULL,Bekto'pi mahallasi,Bekto'pi,NULL,NULL,Mahalla fuqarolar yig'ini (MFY),Chilonzor,UZ-TAS-CHILONZOR,1726294,NULL,NULL,NULL,NULL,NULL,NULL,2024-10-23,NOT ESTABLISHED,2024-10-23,https://e-qaror.gov.uz (Tashkent City Kengash decisions; individual act not located),NULL,NULL,NULL,209.04,YES,NO,"Tashkent City Hokimiyat, Dept. of Digital Development, via Open Data Tashkent; republished on Esri CAC GeoPortal",https://hub.arcgis.com/api/v3/datasets/c51c854bad2d48f1beaad40272f8d483_0/downloads/data?format=geojson&spatialRefId=4326,https://services8.arcgis.com/GyR85gR88mMqIY4t/arcgis/rest/services/Tashkent_Mahallas/FeatureServer/0,stored EPSG:102100/3857; served as EPSG:4326 on request,2024-10 (adopted); 2025-07 (republication snapshot),OFFICIAL,Toshkent shahar hokimligi - Raqamli rivojlantirish boshqarmasi,https://services8.arcgis.com/GyR85gR88mMqIY4t/arcgis/rest/services/Tashkent_Mahallas/FeatureServer/0,A,2024-10-23,2026-09-18,Decision number NOT ESTABLISHED
UZ-TAS-MFY-184,NULL,Beshqo'rg'on mahallasi,Бешқўрғон маҳалласи,Бешкургон махалля,NULL,Beshqo'rg'on mahallasi,Beshqo'rg'on,NULL,NULL,Mahalla fuqarolar yig'ini (MFY),Chilonzor,UZ-TAS-CHILONZOR,1726294,NULL,NULL,NULL,NULL,NULL,NULL,2024-10-23,NOT ESTABLISHED,2024-10-23,https://e-qaror.gov.uz (Tashkent City Kengash decisions; individual act not located),NULL,NULL,NULL,499.01,YES,NO,"Tashkent City Hokimiyat, Dept. of Digital Development, via Open Data Tashkent; republished on Esri CAC GeoPortal",https://hub.arcgis.com/api/v3/datasets/c51c854bad2d48f1beaad40272f8d483_0/downloads/data?format=geojson&spatialRefId=4326,https://services8.arcgis.com/GyR85gR88mMqIY4t/arcgis/rest/services/Tashkent_Mahallas/FeatureServer/0,stored EPSG:102100/3857; served as EPSG:4326 on request,2024-10 (adopted); 2025-07 (republication snapshot),OFFICIAL,Toshkent shahar hokimligi - Raqamli rivojlantirish boshqarmasi,https://services8.arcgis.com/GyR85gR88mMqIY4t/arcgis/rest/services/Tashkent_Mahallas/FeatureServer/0,A,2024-10-23,2026-09-18,Decision number NOT ESTABLISHED
UZ-TAS-MFY-185,NULL,Lutfiy mahallasi,Лутфий маҳалласи,Лутфий махалля,NULL,Lutfiy mahallasi,Lutfiy,NULL,NULL,Mahalla fuqarolar yig'ini (MFY),Chilonzor,UZ-TAS-CHILONZOR,1726294,NULL,NULL,NULL,NULL,NULL,NULL,2024-10-23,NOT ESTABLISHED,2024-10-23,https://e-qaror.gov.uz (Tashkent City Kengash decisions; individual act not located),NULL,NULL,NULL,78.44,YES,NO,"Tashkent City Hokimiyat, Dept. of Digital Development, via Open Data Tashkent; republished on Esri CAC GeoPortal",https://hub.arcgis.com/api/v3/datasets/c51c854bad2d48f1beaad40272f8d483_0/downloads/data?format=geojson&spatialRefId=4326,https://services8.arcgis.com/GyR85gR88mMqIY4t/arcgis/rest/services/Tashkent_Mahallas/FeatureServer/0,stored EPSG:102100/3857; served as EPSG:4326 on request,2024-10 (adopted); 2025-07 (republication snapshot),OFFICIAL,Toshkent shahar hokimligi - Raqamli rivojlantirish boshqarmasi,https://services8.arcgis.com/GyR85gR88mMqIY4t/arcgis/rest/services/Tashkent_Mahallas/FeatureServer/0,A,2024-10-23,2026-09-18,Decision number NOT ESTABLISHED
UZ-TAS-MFY-186,NULL,Sharq mahallasi,Шарқ маҳалласи,Шарк махалля,NULL,Sharq mahallasi,Sharq,NULL,NULL,Mahalla fuqarolar yig'ini (MFY),Chilonzor,UZ-TAS-CHILONZOR,1726294,NULL,NULL,NULL,NULL,NULL,NULL,2024-10-23,NOT ESTABLISHED,2024-10-23,https://e-qaror.gov.uz (Tashkent City Kengash decisions; individual act not located),NULL,NULL,NULL,18.64,YES,NO,"Tashkent City Hokimiyat, Dept. of Digital Development, via Open Data Tashkent; republished on Esri CAC GeoPortal",https://hub.arcgis.com/api/v3/datasets/c51c854bad2d48f1beaad40272f8d483_0/downloads/data?format=geojson&spatialRefId=4326,https://services8.arcgis.com/GyR85gR88mMqIY4t/arcgis/rest/services/Tashkent_Mahallas/FeatureServer/0,stored EPSG:102100/3857; served as EPSG:4326 on request,2024-10 (adopted); 2025-07 (republication snapshot),OFFICIAL,Toshkent shahar hokimligi - Raqamli rivojlantirish boshqarmasi,https://services8.arcgis.com/GyR85gR88mMqIY4t/arcgis/rest/services/Tashkent_Mahallas/FeatureServer/0,A,2024-10-23,2026-09-18,Decision number NOT ESTABLISHED
UZ-TAS-MFY-187,NULL,Yakkabog' mahallasi,Яккабоғ маҳалласи,Яккабог махалля,NULL,Yakkabog' mahallasi,Yakkabog',NULL,NULL,Mahalla fuqarolar yig'ini (MFY),Chilonzor,UZ-TAS-CHILONZOR,1726294,NULL,NULL,NULL,NULL,NULL,NULL,2024-10-23,NOT ESTABLISHED,2024-10-23,https://e-qaror.gov.uz (Tashkent City Kengash decisions; individual act not located),NULL,NULL,NULL,73.91,YES,NO,"Tashkent City Hokimiyat, Dept. of Digital Development, via Open Data Tashkent; republished on Esri CAC GeoPortal",https://hub.arcgis.com/api/v3/datasets/c51c854bad2d48f1beaad40272f8d483_0/downloads/data?format=geojson&spatialRefId=4326,https://services8.arcgis.com/GyR85gR88mMqIY4t/arcgis/rest/services/Tashkent_Mahallas/FeatureServer/0,stored EPSG:102100/3857; served as EPSG:4326 on request,2024-10 (adopted); 2025-07 (republication snapshot),OFFICIAL,Toshkent shahar hokimligi - Raqamli rivojlantirish boshqarmasi,https://services8.arcgis.com/GyR85gR88mMqIY4t/arcgis/rest/services/Tashkent_Mahallas/FeatureServer/0,A,2024-10-23,2026-09-18,Decision number NOT ESTABLISHED
UZ-TAS-MFY-188,NULL,Charx Kamolon-3 mahallasi,Чарх Камолон-3 маҳалласи,Чарх Камолон-3 махалля,NULL,Charx Kamolon-3 mahallasi,Charx Kamolon-3,NULL,NULL,Mahalla fuqarolar yig'ini (MFY),Chilonzor,UZ-TAS-CHILONZOR,1726294,NULL,NULL,NULL,NULL,NULL,NULL,2024-10-23,NOT ESTABLISHED,2024-10-23,https://e-qaror.gov.uz (Tashkent City Kengash decisions; individual act not located),NULL,NULL,NULL,51.93,YES,NO,"Tashkent City Hokimiyat, Dept. of Digital Development, via Open Data Tashkent; republished on Esri CAC GeoPortal",https://hub.arcgis.com/api/v3/datasets/c51c854bad2d48f1beaad40272f8d483_0/downloads/data?format=geojson&spatialRefId=4326,https://services8.arcgis.com/GyR85gR88mMqIY4t/arcgis/rest/services/Tashkent_Mahallas/FeatureServer/0,stored EPSG:102100/3857; served as EPSG:4326 on request,2024-10 (adopted); 2025-07 (republication snapshot),OFFICIAL,Toshkent shahar hokimligi - Raqamli rivojlantirish boshqarmasi,https://services8.arcgis.com/GyR85gR88mMqIY4t/arcgis/rest/services/Tashkent_Mahallas/FeatureServer/0,A,2024-10-23,2026-09-18,Decision number NOT ESTABLISHED
UZ-TAS-MFY-189,NULL,Dilobod mahallasi,Дилобод маҳалласи,Дилобод махалля,NULL,Dilobod mahallasi,Dilobod,NULL,NULL,Mahalla fuqarolar yig'ini (MFY),Chilonzor,UZ-TAS-CHILONZOR,1726294,NULL,NULL,NULL,NULL,NULL,NULL,2024-10-23,NOT ESTABLISHED,2024-10-23,https://e-qaror.gov.uz (Tashkent City Kengash decisions; individual act not located),NULL,NULL,NULL,27.56,YES,NO,"Tashkent City Hokimiyat, Dept. of Digital Development, via Open Data Tashkent; republished on Esri CAC GeoPortal",https://hub.arcgis.com/api/v3/datasets/c51c854bad2d48f1beaad40272f8d483_0/downloads/data?format=geojson&spatialRefId=4326,https://services8.arcgis.com/GyR85gR88mMqIY4t/arcgis/rest/services/Tashkent_Mahallas/FeatureServer/0,stored EPSG:102100/3857; served as EPSG:4326 on request,2024-10 (adopted); 2025-07 (republication snapshot),OFFICIAL,Toshkent shahar hokimligi - Raqamli rivojlantirish boshqarmasi,https://services8.arcgis.com/GyR85gR88mMqIY4t/arcgis/rest/services/Tashkent_Mahallas/FeatureServer/0,A,2024-10-23,2026-09-18,Decision number NOT ESTABLISHED
UZ-TAS-MFY-190,NULL,Katta Qozirabot mahallasi,Катта Қозирaбот маҳалласи,Катта Козирaбот махалля,NULL,Katta Qozirabot mahallasi,Katta Qozirabot,NULL,NULL,Mahalla fuqarolar yig'ini (MFY),Chilonzor,UZ-TAS-CHILONZOR,1726294,NULL,NULL,NULL,NULL,NULL,NULL,2024-10-23,NOT ESTABLISHED,2024-10-23,https://e-qaror.gov.uz (Tashkent City Kengash decisions; individual act not located),NULL,NULL,NULL,63.94,YES,NO,"Tashkent City Hokimiyat, Dept. of Digital Development, via Open Data Tashkent; republished on Esri CAC GeoPortal",https://hub.arcgis.com/api/v3/datasets/c51c854bad2d48f1beaad40272f8d483_0/downloads/data?format=geojson&spatialRefId=4326,https://services8.arcgis.com/GyR85gR88mMqIY4t/arcgis/rest/services/Tashkent_Mahallas/FeatureServer/0,stored EPSG:102100/3857; served as EPSG:4326 on request,2024-10 (adopted); 2025-07 (republication snapshot),OFFICIAL,Toshkent shahar hokimligi - Raqamli rivojlantirish boshqarmasi,https://services8.arcgis.com/GyR85gR88mMqIY4t/arcgis/rest/services/Tashkent_Mahallas/FeatureServer/0,A,2024-10-23,2026-09-18,Decision number NOT ESTABLISHED
UZ-TAS-MFY-191,NULL,Beshchinor mahallasi,Бешчинор маҳалласи,Бешчинор махалля,NULL,Beshchinor mahallasi,Beshchinor,NULL,NULL,Mahalla fuqarolar yig'ini (MFY),Chilonzor,UZ-TAS-CHILONZOR,1726294,NULL,NULL,NULL,NULL,NULL,NULL,2024-10-23,NOT ESTABLISHED,2024-10-23,https://e-qaror.gov.uz (Tashkent City Kengash decisions; individual act not located),NULL,NULL,NULL,26.62,YES,NO,"Tashkent City Hokimiyat, Dept. of Digital Development, via Open Data Tashkent; republished on Esri CAC GeoPortal",https://hub.arcgis.com/api/v3/datasets/c51c854bad2d48f1beaad40272f8d483_0/downloads/data?format=geojson&spatialRefId=4326,https://services8.arcgis.com/GyR85gR88mMqIY4t/arcgis/rest/services/Tashkent_Mahallas/FeatureServer/0,stored EPSG:102100/3857; served as EPSG:4326 on request,2024-10 (adopted); 2025-07 (republication snapshot),OFFICIAL,Toshkent shahar hokimligi - Raqamli rivojlantirish boshqarmasi,https://services8.arcgis.com/GyR85gR88mMqIY4t/arcgis/rest/services/Tashkent_Mahallas/FeatureServer/0,A,2024-10-23,2026-09-18,Decision number NOT ESTABLISHED
UZ-TAS-MFY-192,NULL,Xayrobod mahallasi,Хайробод маҳалласи,Хайробод махалля,NULL,Xayrobod mahallasi,Xayrobod,NULL,NULL,Mahalla fuqarolar yig'ini (MFY),Chilonzor,UZ-TAS-CHILONZOR,1726294,NULL,NULL,NULL,NULL,NULL,NULL,2024-10-23,NOT ESTABLISHED,2024-10-23,https://e-qaror.gov.uz (Tashkent City Kengash decisions; individual act not located),NULL,NULL,NULL,39.4,YES,NO,"Tashkent City Hokimiyat, Dept. of Digital Development, via Open Data Tashkent; republished on Esri CAC GeoPortal",https://hub.arcgis.com/api/v3/datasets/c51c854bad2d48f1beaad40272f8d483_0/downloads/data?format=geojson&spatialRefId=4326,https://services8.arcgis.com/GyR85gR88mMqIY4t/arcgis/rest/services/Tashkent_Mahallas/FeatureServer/0,stored EPSG:102100/3857; served as EPSG:4326 on request,2024-10 (adopted); 2025-07 (republication snapshot),OFFICIAL,Toshkent shahar hokimligi - Raqamli rivojlantirish boshqarmasi,https://services8.arcgis.com/GyR85gR88mMqIY4t/arcgis/rest/services/Tashkent_Mahallas/FeatureServer/0,A,2024-10-23,2026-09-18,Decision number NOT ESTABLISHED
UZ-TAS-MFY-193,NULL,Xonto'pi mahallasi,Хонтўпи маҳалласи,Хонтупи махалля,NULL,Xonto'pi mahallasi,Xonto'pi,NULL,NULL,Mahalla fuqarolar yig'ini (MFY),Chilonzor,UZ-TAS-CHILONZOR,1726294,NULL,NULL,NULL,NULL,NULL,NULL,2024-10-23,NOT ESTABLISHED,2024-10-23,https://e-qaror.gov.uz (Tashkent City Kengash decisions; individual act not located),NULL,NULL,NULL,32.35,YES,NO,"Tashkent City Hokimiyat, Dept. of Digital Development, via Open Data Tashkent; republished on Esri CAC GeoPortal",https://hub.arcgis.com/api/v3/datasets/c51c854bad2d48f1beaad40272f8d483_0/downloads/data?format=geojson&spatialRefId=4326,https://services8.arcgis.com/GyR85gR88mMqIY4t/arcgis/rest/services/Tashkent_Mahallas/FeatureServer/0,stored EPSG:102100/3857; served as EPSG:4326 on request,2024-10 (adopted); 2025-07 (republication snapshot),OFFICIAL,Toshkent shahar hokimligi - Raqamli rivojlantirish boshqarmasi,https://services8.arcgis.com/GyR85gR88mMqIY4t/arcgis/rest/services/Tashkent_Mahallas/FeatureServer/0,A,2024-10-23,2026-09-18,Decision number NOT ESTABLISHED
UZ-TAS-MFY-194,NULL,Katta Chilonzor-2 mahallasi,Катта Чилонзор-2 маҳалласи,Катта Чилонзор-2 махалля,NULL,Katta Chilonzor-2 mahallasi,Katta Chilonzor-2,NULL,NULL,Mahalla fuqarolar yig'ini (MFY),Chilonzor,UZ-TAS-CHILONZOR,1726294,NULL,NULL,NULL,NULL,NULL,NULL,2024-10-23,NOT ESTABLISHED,2024-10-23,https://e-qaror.gov.uz (Tashkent City Kengash decisions; individual act not located),NULL,NULL,NULL,53.82,YES,NO,"Tashkent City Hokimiyat, Dept. of Digital Development, via Open Data Tashkent; republished on Esri CAC GeoPortal",https://hub.arcgis.com/api/v3/datasets/c51c854bad2d48f1beaad40272f8d483_0/downloads/data?format=geojson&spatialRefId=4326,https://services8.arcgis.com/GyR85gR88mMqIY4t/arcgis/rest/services/Tashkent_Mahallas/FeatureServer/0,stored EPSG:102100/3857; served as EPSG:4326 on request,2024-10 (adopted); 2025-07 (republication snapshot),OFFICIAL,Toshkent shahar hokimligi - Raqamli rivojlantirish boshqarmasi,https://services8.arcgis.com/GyR85gR88mMqIY4t/arcgis/rest/services/Tashkent_Mahallas/FeatureServer/0,A,2024-10-23,2026-09-18,Decision number NOT ESTABLISHED
UZ-TAS-MFY-195,NULL,Bog'zor mahallasi,Боғзор маҳалласи,Богзор махалля,NULL,Bog'zor mahallasi,Bog'zor,NULL,NULL,Mahalla fuqarolar yig'ini (MFY),Chilonzor,UZ-TAS-CHILONZOR,1726294,NULL,NULL,NULL,NULL,NULL,NULL,2024-10-23,NOT ESTABLISHED,2024-10-23,https://e-qaror.gov.uz (Tashkent City Kengash decisions; individual act not located),NULL,NULL,NULL,20.88,YES,NO,"Tashkent City Hokimiyat, Dept. of Digital Development, via Open Data Tashkent; republished on Esri CAC GeoPortal",https://hub.arcgis.com/api/v3/datasets/c51c854bad2d48f1beaad40272f8d483_0/downloads/data?format=geojson&spatialRefId=4326,https://services8.arcgis.com/GyR85gR88mMqIY4t/arcgis/rest/services/Tashkent_Mahallas/FeatureServer/0,stored EPSG:102100/3857; served as EPSG:4326 on request,2024-10 (adopted); 2025-07 (republication snapshot),OFFICIAL,Toshkent shahar hokimligi - Raqamli rivojlantirish boshqarmasi,https://services8.arcgis.com/GyR85gR88mMqIY4t/arcgis/rest/services/Tashkent_Mahallas/FeatureServer/0,A,2024-10-23,2026-09-18,Decision number NOT ESTABLISHED
UZ-TAS-MFY-196,NULL,Bahoriston mahallasi,Баҳористон маҳалласи,Бахористон махалля,NULL,Bahoriston mahallasi,Bahoriston,NULL,NULL,Mahalla fuqarolar yig'ini (MFY),Chilonzor,UZ-TAS-CHILONZOR,1726294,NULL,NULL,NULL,NULL,NULL,NULL,2024-10-23,NOT ESTABLISHED,2024-10-23,https://e-qaror.gov.uz (Tashkent City Kengash decisions; individual act not located),NULL,NULL,NULL,15.35,YES,NO,"Tashkent City Hokimiyat, Dept. of Digital Development, via Open Data Tashkent; republished on Esri CAC GeoPortal",https://hub.arcgis.com/api/v3/datasets/c51c854bad2d48f1beaad40272f8d483_0/downloads/data?format=geojson&spatialRefId=4326,https://services8.arcgis.com/GyR85gR88mMqIY4t/arcgis/rest/services/Tashkent_Mahallas/FeatureServer/0,stored EPSG:102100/3857; served as EPSG:4326 on request,2024-10 (adopted); 2025-07 (republication snapshot),OFFICIAL,Toshkent shahar hokimligi - Raqamli rivojlantirish boshqarmasi,https://services8.arcgis.com/GyR85gR88mMqIY4t/arcgis/rest/services/Tashkent_Mahallas/FeatureServer/0,A,2024-10-23,2026-09-18,Decision number NOT ESTABLISHED
UZ-TAS-MFY-197,NULL,Yakkatut mahallasi,Яккатут маҳалласи,Яккатут махалля,NULL,Yakkatut mahallasi,Yakkatut,NULL,NULL,Mahalla fuqarolar yig'ini (MFY),Chilonzor,UZ-TAS-CHILONZOR,1726294,NULL,NULL,NULL,NULL,NULL,NULL,2024-10-23,NOT ESTABLISHED,2024-10-23,https://e-qaror.gov.uz (Tashkent City Kengash decisions; individual act not located),NULL,NULL,NULL,37.84,YES,NO,"Tashkent City Hokimiyat, Dept. of Digital Development, via Open Data Tashkent; republished on Esri CAC GeoPortal",https://hub.arcgis.com/api/v3/datasets/c51c854bad2d48f1beaad40272f8d483_0/downloads/data?format=geojson&spatialRefId=4326,https://services8.arcgis.com/GyR85gR88mMqIY4t/arcgis/rest/services/Tashkent_Mahallas/FeatureServer/0,stored EPSG:102100/3857; served as EPSG:4326 on request,2024-10 (adopted); 2025-07 (republication snapshot),OFFICIAL,Toshkent shahar hokimligi - Raqamli rivojlantirish boshqarmasi,https://services8.arcgis.com/GyR85gR88mMqIY4t/arcgis/rest/services/Tashkent_Mahallas/FeatureServer/0,A,2024-10-23,2026-09-18,Decision number NOT ESTABLISHED
UZ-TAS-MFY-198,NULL,Do'mbirobod mahallasi,Дўмбиробод маҳалласи,Думбиробод махалля,NULL,Do'mbirobod mahallasi,Do'mbirobod,NULL,NULL,Mahalla fuqarolar yig'ini (MFY),Chilonzor,UZ-TAS-CHILONZOR,1726294,NULL,NULL,NULL,NULL,NULL,NULL,2024-10-23,NOT ESTABLISHED,2024-10-23,https://e-qaror.gov.uz (Tashkent City Kengash decisions; individual act not located),NULL,NULL,NULL,53.63,YES,NO,"Tashkent City Hokimiyat, Dept. of Digital Development, via Open Data Tashkent; republished on Esri CAC GeoPortal",https://hub.arcgis.com/api/v3/datasets/c51c854bad2d48f1beaad40272f8d483_0/downloads/data?format=geojson&spatialRefId=4326,https://services8.arcgis.com/GyR85gR88mMqIY4t/arcgis/rest/services/Tashkent_Mahallas/FeatureServer/0,stored EPSG:102100/3857; served as EPSG:4326 on request,2024-10 (adopted); 2025-07 (republication snapshot),OFFICIAL,Toshkent shahar hokimligi - Raqamli rivojlantirish boshqarmasi,https://services8.arcgis.com/GyR85gR88mMqIY4t/arcgis/rest/services/Tashkent_Mahallas/FeatureServer/0,A,2024-10-23,2026-09-18,Decision number NOT ESTABLISHED
UZ-TAS-MFY-199,NULL,Katta Do'mbirobod mahallasi,Катта Дўмбиробод маҳалласи,Катта Думбиробод махалля,NULL,Katta Do'mbirobod mahallasi,Katta Do'mbirobod,NULL,NULL,Mahalla fuqarolar yig'ini (MFY),Chilonzor,UZ-TAS-CHILONZOR,1726294,NULL,NULL,NULL,NULL,NULL,NULL,2024-10-23,NOT ESTABLISHED,2024-10-23,https://e-qaror.gov.uz (Tashkent City Kengash decisions; individual act not located),NULL,NULL,NULL,105.65,YES,NO,"Tashkent City Hokimiyat, Dept. of Digital Development, via Open Data Tashkent; republished on Esri CAC GeoPortal",https://hub.arcgis.com/api/v3/datasets/c51c854bad2d48f1beaad40272f8d483_0/downloads/data?format=geojson&spatialRefId=4326,https://services8.arcgis.com/GyR85gR88mMqIY4t/arcgis/rest/services/Tashkent_Mahallas/FeatureServer/0,stored EPSG:102100/3857; served as EPSG:4326 on request,2024-10 (adopted); 2025-07 (republication snapshot),OFFICIAL,Toshkent shahar hokimligi - Raqamli rivojlantirish boshqarmasi,https://services8.arcgis.com/GyR85gR88mMqIY4t/arcgis/rest/services/Tashkent_Mahallas/FeatureServer/0,A,2024-10-23,2026-09-18,Decision number NOT ESTABLISHED
UZ-TAS-MFY-200,NULL,Zarqo'rg'on mahallasi,Зарқўрғон маҳалласи,Заркургон махалля,NULL,Zarqo'rg'on mahallasi,Zarqo'rg'on,NULL,NULL,Mahalla fuqarolar yig'ini (MFY),Chilonzor,UZ-TAS-CHILONZOR,1726294,NULL,NULL,NULL,NULL,NULL,NULL,2024-10-23,NOT ESTABLISHED,2024-10-23,https://e-qaror.gov.uz (Tashkent City Kengash decisions; individual act not located),NULL,NULL,NULL,19.6,YES,NO,"Tashkent City Hokimiyat, Dept. of Digital Development, via Open Data Tashkent; republished on Esri CAC GeoPortal",https://hub.arcgis.com/api/v3/datasets/c51c854bad2d48f1beaad40272f8d483_0/downloads/data?format=geojson&spatialRefId=4326,https://services8.arcgis.com/GyR85gR88mMqIY4t/arcgis/rest/services/Tashkent_Mahallas/FeatureServer/0,stored EPSG:102100/3857; served as EPSG:4326 on request,2024-10 (adopted); 2025-07 (republication snapshot),OFFICIAL,Toshkent shahar hokimligi - Raqamli rivojlantirish boshqarmasi,https://services8.arcgis.com/GyR85gR88mMqIY4t/arcgis/rest/services/Tashkent_Mahallas/FeatureServer/0,A,2024-10-23,2026-09-18,Decision number NOT ESTABLISHED
UZ-TAS-MFY-201,NULL,Qatortol-2 mahallasi,Қатортол-2 маҳалласи,Катортол-2 махалля,NULL,Qatortol-2 mahallasi,Qatortol-2,NULL,NULL,Mahalla fuqarolar yig'ini (MFY),Chilonzor,UZ-TAS-CHILONZOR,1726294,NULL,NULL,NULL,NULL,NULL,NULL,2024-10-23,NOT ESTABLISHED,2024-10-23,https://e-qaror.gov.uz (Tashkent City Kengash decisions; individual act not located),NULL,NULL,NULL,17.83,YES,NO,"Tashkent City Hokimiyat, Dept. of Digital Development, via Open Data Tashkent; republished on Esri CAC GeoPortal",https://hub.arcgis.com/api/v3/datasets/c51c854bad2d48f1beaad40272f8d483_0/downloads/data?format=geojson&spatialRefId=4326,https://services8.arcgis.com/GyR85gR88mMqIY4t/arcgis/rest/services/Tashkent_Mahallas/FeatureServer/0,stored EPSG:102100/3857; served as EPSG:4326 on request,2024-10 (adopted); 2025-07 (republication snapshot),OFFICIAL,Toshkent shahar hokimligi - Raqamli rivojlantirish boshqarmasi,https://services8.arcgis.com/GyR85gR88mMqIY4t/arcgis/rest/services/Tashkent_Mahallas/FeatureServer/0,A,2024-10-23,2026-09-18,Decision number NOT ESTABLISHED
UZ-TAS-MFY-202,NULL,Ko'tarma mahallasi,Кўтарма маҳалласи,Кутарма махалля,NULL,Ko'tarma mahallasi,Ko'tarma,NULL,NULL,Mahalla fuqarolar yig'ini (MFY),Chilonzor,UZ-TAS-CHILONZOR,1726294,NULL,NULL,NULL,NULL,NULL,NULL,2024-10-23,NOT ESTABLISHED,2024-10-23,https://e-qaror.gov.uz (Tashkent City Kengash decisions; individual act not located),NULL,NULL,NULL,34.2,YES,NO,"Tashkent City Hokimiyat, Dept. of Digital Development, via Open Data Tashkent; republished on Esri CAC GeoPortal",https://hub.arcgis.com/api/v3/datasets/c51c854bad2d48f1beaad40272f8d483_0/downloads/data?format=geojson&spatialRefId=4326,https://services8.arcgis.com/GyR85gR88mMqIY4t/arcgis/rest/services/Tashkent_Mahallas/FeatureServer/0,stored EPSG:102100/3857; served as EPSG:4326 on request,2024-10 (adopted); 2025-07 (republication snapshot),OFFICIAL,Toshkent shahar hokimligi - Raqamli rivojlantirish boshqarmasi,https://services8.arcgis.com/GyR85gR88mMqIY4t/arcgis/rest/services/Tashkent_Mahallas/FeatureServer/0,A,2024-10-23,2026-09-18,Decision number NOT ESTABLISHED
UZ-TAS-MFY-203,NULL,Katta Xirmontepa mahallasi,Катта Хирмонтепа маҳалласи,Катта Хирмонтепа махалля,NULL,Katta Xirmontepa mahallasi,Katta Xirmontepa,NULL,NULL,Mahalla fuqarolar yig'ini (MFY),Chilonzor,UZ-TAS-CHILONZOR,1726294,NULL,NULL,NULL,NULL,NULL,NULL,2024-10-23,NOT ESTABLISHED,2024-10-23,https://e-qaror.gov.uz (Tashkent City Kengash decisions; individual act not located),NULL,NULL,NULL,26.38,YES,NO,"Tashkent City Hokimiyat, Dept. of Digital Development, via Open Data Tashkent; republished on Esri CAC GeoPortal",https://hub.arcgis.com/api/v3/datasets/c51c854bad2d48f1beaad40272f8d483_0/downloads/data?format=geojson&spatialRefId=4326,https://services8.arcgis.com/GyR85gR88mMqIY4t/arcgis/rest/services/Tashkent_Mahallas/FeatureServer/0,stored EPSG:102100/3857; served as EPSG:4326 on request,2024-10 (adopted); 2025-07 (republication snapshot),OFFICIAL,Toshkent shahar hokimligi - Raqamli rivojlantirish boshqarmasi,https://services8.arcgis.com/GyR85gR88mMqIY4t/arcgis/rest/services/Tashkent_Mahallas/FeatureServer/0,A,2024-10-23,2026-09-18,Decision number NOT ESTABLISHED
UZ-TAS-MFY-204,NULL,Katta Chilonzor-1 mahallasi,Катта Чилонзор-1 маҳалласи,Катта Чилонзор-1 махалля,NULL,Katta Chilonzor-1 mahallasi,Katta Chilonzor-1,NULL,NULL,Mahalla fuqarolar yig'ini (MFY),Chilonzor,UZ-TAS-CHILONZOR,1726294,NULL,NULL,NULL,NULL,NULL,NULL,2024-10-23,NOT ESTABLISHED,2024-10-23,https://e-qaror.gov.uz (Tashkent City Kengash decisions; individual act not located),NULL,NULL,NULL,53.48,YES,NO,"Tashkent City Hokimiyat, Dept. of Digital Development, via Open Data Tashkent; republished on Esri CAC GeoPortal",https://hub.arcgis.com/api/v3/datasets/c51c854bad2d48f1beaad40272f8d483_0/downloads/data?format=geojson&spatialRefId=4326,https://services8.arcgis.com/GyR85gR88mMqIY4t/arcgis/rest/services/Tashkent_Mahallas/FeatureServer/0,stored EPSG:102100/3857; served as EPSG:4326 on request,2024-10 (adopted); 2025-07 (republication snapshot),OFFICIAL,Toshkent shahar hokimligi - Raqamli rivojlantirish boshqarmasi,https://services8.arcgis.com/GyR85gR88mMqIY4t/arcgis/rest/services/Tashkent_Mahallas/FeatureServer/0,A,2024-10-23,2026-09-18,Decision number NOT ESTABLISHED
UZ-TAS-MFY-205,NULL,Katta Navbahor mahallasi,Катта Навбаҳор маҳалласи,Катта Навбахор махалля,NULL,Katta Navbahor mahallasi,Katta Navbahor,NULL,NULL,Mahalla fuqarolar yig'ini (MFY),Chilonzor,UZ-TAS-CHILONZOR,1726294,NULL,NULL,NULL,NULL,NULL,NULL,2024-10-23,NOT ESTABLISHED,2024-10-23,https://e-qaror.gov.uz (Tashkent City Kengash decisions; individual act not located),NULL,NULL,NULL,38.7,YES,NO,"Tashkent City Hokimiyat, Dept. of Digital Development, via Open Data Tashkent; republished on Esri CAC GeoPortal",https://hub.arcgis.com/api/v3/datasets/c51c854bad2d48f1beaad40272f8d483_0/downloads/data?format=geojson&spatialRefId=4326,https://services8.arcgis.com/GyR85gR88mMqIY4t/arcgis/rest/services/Tashkent_Mahallas/FeatureServer/0,stored EPSG:102100/3857; served as EPSG:4326 on request,2024-10 (adopted); 2025-07 (republication snapshot),OFFICIAL,Toshkent shahar hokimligi - Raqamli rivojlantirish boshqarmasi,https://services8.arcgis.com/GyR85gR88mMqIY4t/arcgis/rest/services/Tashkent_Mahallas/FeatureServer/0,A,2024-10-23,2026-09-18,Decision number NOT ESTABLISHED
UZ-TAS-MFY-206,NULL,Mehrjon mahallasi,Меҳржон маҳалласи,Мехржон махалля,NULL,Mehrjon mahallasi,Mehrjon,NULL,NULL,Mahalla fuqarolar yig'ini (MFY),Chilonzor,UZ-TAS-CHILONZOR,1726294,NULL,NULL,NULL,NULL,NULL,NULL,2024-10-23,NOT ESTABLISHED,2024-10-23,https://e-qaror.gov.uz (Tashkent City Kengash decisions; individual act not located),NULL,NULL,NULL,16.21,YES,NO,"Tashkent City Hokimiyat, Dept. of Digital Development, via Open Data Tashkent; republished on Esri CAC GeoPortal",https://hub.arcgis.com/api/v3/datasets/c51c854bad2d48f1beaad40272f8d483_0/downloads/data?format=geojson&spatialRefId=4326,https://services8.arcgis.com/GyR85gR88mMqIY4t/arcgis/rest/services/Tashkent_Mahallas/FeatureServer/0,stored EPSG:102100/3857; served as EPSG:4326 on request,2024-10 (adopted); 2025-07 (republication snapshot),OFFICIAL,Toshkent shahar hokimligi - Raqamli rivojlantirish boshqarmasi,https://services8.arcgis.com/GyR85gR88mMqIY4t/arcgis/rest/services/Tashkent_Mahallas/FeatureServer/0,A,2024-10-23,2026-09-18,Decision number NOT ESTABLISHED
UZ-TAS-MFY-207,NULL,Chilonzor-Oqtepa mahallasi,Чилонзор-Оқтепа маҳалласи,Чилонзар-Октепа махалля,NULL,Chilonzor-Oqtepa mahallasi,Chilonzor-Oqtepa,NULL,NULL,Mahalla fuqarolar yig'ini (MFY),Chilonzor,UZ-TAS-CHILONZOR,1726294,NULL,NULL,NULL,NULL,NULL,NULL,2024-10-23,NOT ESTABLISHED,2024-10-23,https://e-qaror.gov.uz (Tashkent City Kengash decisions; individual act not located),NULL,NULL,NULL,20.08,YES,NO,"Tashkent City Hokimiyat, Dept. of Digital Development, via Open Data Tashkent; republished on Esri CAC GeoPortal",https://hub.arcgis.com/api/v3/datasets/c51c854bad2d48f1beaad40272f8d483_0/downloads/data?format=geojson&spatialRefId=4326,https://services8.arcgis.com/GyR85gR88mMqIY4t/arcgis/rest/services/Tashkent_Mahallas/FeatureServer/0,stored EPSG:102100/3857; served as EPSG:4326 on request,2024-10 (adopted); 2025-07 (republication snapshot),OFFICIAL,Toshkent shahar hokimligi - Raqamli rivojlantirish boshqarmasi,https://services8.arcgis.com/GyR85gR88mMqIY4t/arcgis/rest/services/Tashkent_Mahallas/FeatureServer/0,A,2024-10-23,2026-09-18,Decision number NOT ESTABLISHED
UZ-TAS-MFY-208,NULL,Navbahor mahallasi,Навбаҳор маҳалласи,Навбахор махалля,NULL,Navbahor mahallasi,Navbahor,NULL,NULL,Mahalla fuqarolar yig'ini (MFY),Chilonzor,UZ-TAS-CHILONZOR,1726294,NULL,NULL,NULL,NULL,NULL,NULL,2024-10-23,NOT ESTABLISHED,2024-10-23,https://e-qaror.gov.uz (Tashkent City Kengash decisions; individual act not located),NULL,NULL,NULL,38.52,YES,NO,"Tashkent City Hokimiyat, Dept. of Digital Development, via Open Data Tashkent; republished on Esri CAC GeoPortal",https://hub.arcgis.com/api/v3/datasets/c51c854bad2d48f1beaad40272f8d483_0/downloads/data?format=geojson&spatialRefId=4326,https://services8.arcgis.com/GyR85gR88mMqIY4t/arcgis/rest/services/Tashkent_Mahallas/FeatureServer/0,stored EPSG:102100/3857; served as EPSG:4326 on request,2024-10 (adopted); 2025-07 (republication snapshot),OFFICIAL,Toshkent shahar hokimligi - Raqamli rivojlantirish boshqarmasi,https://services8.arcgis.com/GyR85gR88mMqIY4t/arcgis/rest/services/Tashkent_Mahallas/FeatureServer/0,A,2024-10-23,2026-09-18,Decision number NOT ESTABLISHED
UZ-TAS-MFY-209,NULL,Mevazor mahallasi,Мевазор маҳалласи,Мевазор махалля,NULL,Mevazor mahallasi,Mevazor,NULL,NULL,Mahalla fuqarolar yig'ini (MFY),Chilonzor,UZ-TAS-CHILONZOR,1726294,NULL,NULL,NULL,NULL,NULL,NULL,2024-10-23,NOT ESTABLISHED,2024-10-23,https://e-qaror.gov.uz (Tashkent City Kengash decisions; individual act not located),NULL,NULL,NULL,31.85,YES,NO,"Tashkent City Hokimiyat, Dept. of Digital Development, via Open Data Tashkent; republished on Esri CAC GeoPortal",https://hub.arcgis.com/api/v3/datasets/c51c854bad2d48f1beaad40272f8d483_0/downloads/data?format=geojson&spatialRefId=4326,https://services8.arcgis.com/GyR85gR88mMqIY4t/arcgis/rest/services/Tashkent_Mahallas/FeatureServer/0,stored EPSG:102100/3857; served as EPSG:4326 on request,2024-10 (adopted); 2025-07 (republication snapshot),OFFICIAL,Toshkent shahar hokimligi - Raqamli rivojlantirish boshqarmasi,https://services8.arcgis.com/GyR85gR88mMqIY4t/arcgis/rest/services/Tashkent_Mahallas/FeatureServer/0,A,2024-10-23,2026-09-18,Decision number NOT ESTABLISHED
UZ-TAS-MFY-210,NULL,Katta Olmazor mahallasi,Катта Олмазор маҳалласи,Катта Олмазор махалля,NULL,Katta Olmazor mahallasi,Katta Olmazor,NULL,NULL,Mahalla fuqarolar yig'ini (MFY),Chilonzor,UZ-TAS-CHILONZOR,1726294,NULL,NULL,NULL,NULL,NULL,NULL,2024-10-23,NOT ESTABLISHED,2024-10-23,https://e-qaror.gov.uz (Tashkent City Kengash decisions; individual act not located),NULL,NULL,NULL,14.64,YES,NO,"Tashkent City Hokimiyat, Dept. of Digital Development, via Open Data Tashkent; republished on Esri CAC GeoPortal",https://hub.arcgis.com/api/v3/datasets/c51c854bad2d48f1beaad40272f8d483_0/downloads/data?format=geojson&spatialRefId=4326,https://services8.arcgis.com/GyR85gR88mMqIY4t/arcgis/rest/services/Tashkent_Mahallas/FeatureServer/0,stored EPSG:102100/3857; served as EPSG:4326 on request,2024-10 (adopted); 2025-07 (republication snapshot),OFFICIAL,Toshkent shahar hokimligi - Raqamli rivojlantirish boshqarmasi,https://services8.arcgis.com/GyR85gR88mMqIY4t/arcgis/rest/services/Tashkent_Mahallas/FeatureServer/0,A,2024-10-23,2026-09-18,Decision number NOT ESTABLISHED
UZ-TAS-MFY-211,NULL,Fidokor mahallasi,Фидокор маҳалласи,Фидокор махалля,NULL,Fidokor mahallasi,Fidokor,NULL,NULL,Mahalla fuqarolar yig'ini (MFY),Chilonzor,UZ-TAS-CHILONZOR,1726294,NULL,NULL,NULL,NULL,NULL,NULL,2024-10-23,NOT ESTABLISHED,2024-10-23,https://e-qaror.gov.uz (Tashkent City Kengash decisions; individual act not located),NULL,NULL,NULL,17.79,YES,NO,"Tashkent City Hokimiyat, Dept. of Digital Development, via Open Data Tashkent; republished on Esri CAC GeoPortal",https://hub.arcgis.com/api/v3/datasets/c51c854bad2d48f1beaad40272f8d483_0/downloads/data?format=geojson&spatialRefId=4326,https://services8.arcgis.com/GyR85gR88mMqIY4t/arcgis/rest/services/Tashkent_Mahallas/FeatureServer/0,stored EPSG:102100/3857; served as EPSG:4326 on request,2024-10 (adopted); 2025-07 (republication snapshot),OFFICIAL,Toshkent shahar hokimligi - Raqamli rivojlantirish boshqarmasi,https://services8.arcgis.com/GyR85gR88mMqIY4t/arcgis/rest/services/Tashkent_Mahallas/FeatureServer/0,A,2024-10-23,2026-09-18,Decision number NOT ESTABLISHED
UZ-TAS-MFY-212,NULL,Xalqlar do'stligi mahallasi,Халқлар дўстлиги маҳалласи,Халклар дустлиги махалля,NULL,Xalqlar do'stligi mahallasi,Xalqlar do'stligi,NULL,NULL,Mahalla fuqarolar yig'ini (MFY),Chilonzor,UZ-TAS-CHILONZOR,1726294,NULL,NULL,NULL,NULL,NULL,NULL,2024-10-23,NOT ESTABLISHED,2024-10-23,https://e-qaror.gov.uz (Tashkent City Kengash decisions; individual act not located),NULL,NULL,NULL,19.06,YES,NO,"Tashkent City Hokimiyat, Dept. of Digital Development, via Open Data Tashkent; republished on Esri CAC GeoPortal",https://hub.arcgis.com/api/v3/datasets/c51c854bad2d48f1beaad40272f8d483_0/downloads/data?format=geojson&spatialRefId=4326,https://services8.arcgis.com/GyR85gR88mMqIY4t/arcgis/rest/services/Tashkent_Mahallas/FeatureServer/0,stored EPSG:102100/3857; served as EPSG:4326 on request,2024-10 (adopted); 2025-07 (republication snapshot),OFFICIAL,Toshkent shahar hokimligi - Raqamli rivojlantirish boshqarmasi,https://services8.arcgis.com/GyR85gR88mMqIY4t/arcgis/rest/services/Tashkent_Mahallas/FeatureServer/0,A,2024-10-23,2026-09-18,Decision number NOT ESTABLISHED
UZ-TAS-MFY-213,NULL,Sharq tongi mahallasi,Шарқ тонги маҳалласи,Шарк тонги махалля,NULL,Sharq tongi mahallasi,Sharq tongi,NULL,NULL,Mahalla fuqarolar yig'ini (MFY),Chilonzor,UZ-TAS-CHILONZOR,1726294,NULL,NULL,NULL,NULL,NULL,NULL,2024-10-23,NOT ESTABLISHED,2024-10-23,https://e-qaror.gov.uz (Tashkent City Kengash decisions; individual act not located),NULL,NULL,NULL,32.85,YES,NO,"Tashkent City Hokimiyat, Dept. of Digital Development, via Open Data Tashkent; republished on Esri CAC GeoPortal",https://hub.arcgis.com/api/v3/datasets/c51c854bad2d48f1beaad40272f8d483_0/downloads/data?format=geojson&spatialRefId=4326,https://services8.arcgis.com/GyR85gR88mMqIY4t/arcgis/rest/services/Tashkent_Mahallas/FeatureServer/0,stored EPSG:102100/3857; served as EPSG:4326 on request,2024-10 (adopted); 2025-07 (republication snapshot),OFFICIAL,Toshkent shahar hokimligi - Raqamli rivojlantirish boshqarmasi,https://services8.arcgis.com/GyR85gR88mMqIY4t/arcgis/rest/services/Tashkent_Mahallas/FeatureServer/0,A,2024-10-23,2026-09-18,Decision number NOT ESTABLISHED
UZ-TAS-MFY-214,NULL,Charx Kamolon-2 mahallasi,Чарх Камолон-2 маҳалласи,Чарх Камолон-2 махалля,NULL,Charx Kamolon-2 mahallasi,Charx Kamolon-2,NULL,NULL,Mahalla fuqarolar yig'ini (MFY),Chilonzor,UZ-TAS-CHILONZOR,1726294,NULL,NULL,NULL,NULL,NULL,NULL,2024-10-23,NOT ESTABLISHED,2024-10-23,https://e-qaror.gov.uz (Tashkent City Kengash decisions; individual act not located),NULL,NULL,NULL,48.2,YES,NO,"Tashkent City Hokimiyat, Dept. of Digital Development, via Open Data Tashkent; republished on Esri CAC GeoPortal",https://hub.arcgis.com/api/v3/datasets/c51c854bad2d48f1beaad40272f8d483_0/downloads/data?format=geojson&spatialRefId=4326,https://services8.arcgis.com/GyR85gR88mMqIY4t/arcgis/rest/services/Tashkent_Mahallas/FeatureServer/0,stored EPSG:102100/3857; served as EPSG:4326 on request,2024-10 (adopted); 2025-07 (republication snapshot),OFFICIAL,Toshkent shahar hokimligi - Raqamli rivojlantirish boshqarmasi,https://services8.arcgis.com/GyR85gR88mMqIY4t/arcgis/rest/services/Tashkent_Mahallas/FeatureServer/0,A,2024-10-23,2026-09-18,Decision number NOT ESTABLISHED
UZ-TAS-MFY-215,NULL,Sharaf mahallasi,Шараф маҳалласи,Шараф махалля,NULL,Sharaf mahallasi,Sharaf,NULL,NULL,Mahalla fuqarolar yig'ini (MFY),Chilonzor,UZ-TAS-CHILONZOR,1726294,NULL,NULL,NULL,NULL,NULL,NULL,2024-10-23,NOT ESTABLISHED,2024-10-23,https://e-qaror.gov.uz (Tashkent City Kengash decisions; individual act not located),NULL,NULL,NULL,10.19,YES,NO,"Tashkent City Hokimiyat, Dept. of Digital Development, via Open Data Tashkent; republished on Esri CAC GeoPortal",https://hub.arcgis.com/api/v3/datasets/c51c854bad2d48f1beaad40272f8d483_0/downloads/data?format=geojson&spatialRefId=4326,https://services8.arcgis.com/GyR85gR88mMqIY4t/arcgis/rest/services/Tashkent_Mahallas/FeatureServer/0,stored EPSG:102100/3857; served as EPSG:4326 on request,2024-10 (adopted); 2025-07 (republication snapshot),OFFICIAL,Toshkent shahar hokimligi - Raqamli rivojlantirish boshqarmasi,https://services8.arcgis.com/GyR85gR88mMqIY4t/arcgis/rest/services/Tashkent_Mahallas/FeatureServer/0,A,2024-10-23,2026-09-18,Decision number NOT ESTABLISHED
UZ-TAS-MFY-216,NULL,Xirmontepa mahallasi,Хирмонтепа маҳалласи,Хирмонтепа махалля,NULL,Xirmontepa mahallasi,Xirmontepa,NULL,NULL,Mahalla fuqarolar yig'ini (MFY),Chilonzor,UZ-TAS-CHILONZOR,1726294,NULL,NULL,NULL,NULL,NULL,NULL,2024-10-23,NOT ESTABLISHED,2024-10-23,https://e-qaror.gov.uz (Tashkent City Kengash decisions; individual act not located),NULL,NULL,NULL,18.19,YES,NO,"Tashkent City Hokimiyat, Dept. of Digital Development, via Open Data Tashkent; republished on Esri CAC GeoPortal",https://hub.arcgis.com/api/v3/datasets/c51c854bad2d48f1beaad40272f8d483_0/downloads/data?format=geojson&spatialRefId=4326,https://services8.arcgis.com/GyR85gR88mMqIY4t/arcgis/rest/services/Tashkent_Mahallas/FeatureServer/0,stored EPSG:102100/3857; served as EPSG:4326 on request,2024-10 (adopted); 2025-07 (republication snapshot),OFFICIAL,Toshkent shahar hokimligi - Raqamli rivojlantirish boshqarmasi,https://services8.arcgis.com/GyR85gR88mMqIY4t/arcgis/rest/services/Tashkent_Mahallas/FeatureServer/0,A,2024-10-23,2026-09-18,Decision number NOT ESTABLISHED
UZ-TAS-MFY-217,NULL,Botirma mahallasi,Ботирма маҳалласи,Ботирма махалля,NULL,Botirma mahallasi,Botirma,NULL,NULL,Mahalla fuqarolar yig'ini (MFY),Chilonzor,UZ-TAS-CHILONZOR,1726294,NULL,NULL,NULL,NULL,NULL,NULL,2024-10-23,NOT ESTABLISHED,2024-10-23,https://e-qaror.gov.uz (Tashkent City Kengash decisions; individual act not located),NULL,NULL,NULL,32.19,YES,NO,"Tashkent City Hokimiyat, Dept. of Digital Development, via Open Data Tashkent; republished on Esri CAC GeoPortal",https://hub.arcgis.com/api/v3/datasets/c51c854bad2d48f1beaad40272f8d483_0/downloads/data?format=geojson&spatialRefId=4326,https://services8.arcgis.com/GyR85gR88mMqIY4t/arcgis/rest/services/Tashkent_Mahallas/FeatureServer/0,stored EPSG:102100/3857; served as EPSG:4326 on request,2024-10 (adopted); 2025-07 (republication snapshot),OFFICIAL,Toshkent shahar hokimligi - Raqamli rivojlantirish boshqarmasi,https://services8.arcgis.com/GyR85gR88mMqIY4t/arcgis/rest/services/Tashkent_Mahallas/FeatureServer/0,A,2024-10-23,2026-09-18,Decision number NOT ESTABLISHED
UZ-TAS-MFY-218,NULL,Kichik Xirmontepa mahallasi,Кичик Хирмонтепа маҳалласи,Кичик Хирмонтепа махалля,NULL,Kichik Xirmontepa mahallasi,Kichik Xirmontepa,NULL,NULL,Mahalla fuqarolar yig'ini (MFY),Chilonzor,UZ-TAS-CHILONZOR,1726294,NULL,NULL,NULL,NULL,NULL,NULL,2024-10-23,NOT ESTABLISHED,2024-10-23,https://e-qaror.gov.uz (Tashkent City Kengash decisions; individual act not located),NULL,NULL,NULL,26.55,YES,NO,"Tashkent City Hokimiyat, Dept. of Digital Development, via Open Data Tashkent; republished on Esri CAC GeoPortal",https://hub.arcgis.com/api/v3/datasets/c51c854bad2d48f1beaad40272f8d483_0/downloads/data?format=geojson&spatialRefId=4326,https://services8.arcgis.com/GyR85gR88mMqIY4t/arcgis/rest/services/Tashkent_Mahallas/FeatureServer/0,stored EPSG:102100/3857; served as EPSG:4326 on request,2024-10 (adopted); 2025-07 (republication snapshot),OFFICIAL,Toshkent shahar hokimligi - Raqamli rivojlantirish boshqarmasi,https://services8.arcgis.com/GyR85gR88mMqIY4t/arcgis/rest/services/Tashkent_Mahallas/FeatureServer/0,A,2024-10-23,2026-09-18,Decision number NOT ESTABLISHED
UZ-TAS-MFY-219,NULL,Nafosat mahallasi,Нафосат маҳалласи,Нафосат махалля,NULL,Nafosat mahallasi,Nafosat,NULL,NULL,Mahalla fuqarolar yig'ini (MFY),Chilonzor,UZ-TAS-CHILONZOR,1726294,NULL,NULL,NULL,NULL,NULL,NULL,2024-10-23,NOT ESTABLISHED,2024-10-23,https://e-qaror.gov.uz (Tashkent City Kengash decisions; individual act not located),NULL,NULL,NULL,16.64,YES,NO,"Tashkent City Hokimiyat, Dept. of Digital Development, via Open Data Tashkent; republished on Esri CAC GeoPortal",https://hub.arcgis.com/api/v3/datasets/c51c854bad2d48f1beaad40272f8d483_0/downloads/data?format=geojson&spatialRefId=4326,https://services8.arcgis.com/GyR85gR88mMqIY4t/arcgis/rest/services/Tashkent_Mahallas/FeatureServer/0,stored EPSG:102100/3857; served as EPSG:4326 on request,2024-10 (adopted); 2025-07 (republication snapshot),OFFICIAL,Toshkent shahar hokimligi - Raqamli rivojlantirish boshqarmasi,https://services8.arcgis.com/GyR85gR88mMqIY4t/arcgis/rest/services/Tashkent_Mahallas/FeatureServer/0,A,2024-10-23,2026-09-18,Decision number NOT ESTABLISHED
UZ-TAS-MFY-220,NULL,Naqqoshlik mahallasi,Наққошлик маҳалласи,Наккошлик махалля,NULL,Naqqoshlik mahallasi,Naqqoshlik,NULL,NULL,Mahalla fuqarolar yig'ini (MFY),Chilonzor,UZ-TAS-CHILONZOR,1726294,NULL,NULL,NULL,NULL,NULL,NULL,2024-10-23,NOT ESTABLISHED,2024-10-23,https://e-qaror.gov.uz (Tashkent City Kengash decisions; individual act not located),NULL,NULL,NULL,43.59,YES,NO,"Tashkent City Hokimiyat, Dept. of Digital Development, via Open Data Tashkent; republished on Esri CAC GeoPortal",https://hub.arcgis.com/api/v3/datasets/c51c854bad2d48f1beaad40272f8d483_0/downloads/data?format=geojson&spatialRefId=4326,https://services8.arcgis.com/GyR85gR88mMqIY4t/arcgis/rest/services/Tashkent_Mahallas/FeatureServer/0,stored EPSG:102100/3857; served as EPSG:4326 on request,2024-10 (adopted); 2025-07 (republication snapshot),OFFICIAL,Toshkent shahar hokimligi - Raqamli rivojlantirish boshqarmasi,https://services8.arcgis.com/GyR85gR88mMqIY4t/arcgis/rest/services/Tashkent_Mahallas/FeatureServer/0,A,2024-10-23,2026-09-18,Decision number NOT ESTABLISHED
UZ-TAS-MFY-221,NULL,Qatortol mahallasi,Қатортол маҳалласи,Катортол махалля,NULL,Qatortol mahallasi,Qatortol,NULL,NULL,Mahalla fuqarolar yig'ini (MFY),Chilonzor,UZ-TAS-CHILONZOR,1726294,NULL,NULL,NULL,NULL,NULL,NULL,2024-10-23,NOT ESTABLISHED,2024-10-23,https://e-qaror.gov.uz (Tashkent City Kengash decisions; individual act not located),NULL,NULL,NULL,35.61,YES,NO,"Tashkent City Hokimiyat, Dept. of Digital Development, via Open Data Tashkent; republished on Esri CAC GeoPortal",https://hub.arcgis.com/api/v3/datasets/c51c854bad2d48f1beaad40272f8d483_0/downloads/data?format=geojson&spatialRefId=4326,https://services8.arcgis.com/GyR85gR88mMqIY4t/arcgis/rest/services/Tashkent_Mahallas/FeatureServer/0,stored EPSG:102100/3857; served as EPSG:4326 on request,2024-10 (adopted); 2025-07 (republication snapshot),OFFICIAL,Toshkent shahar hokimligi - Raqamli rivojlantirish boshqarmasi,https://services8.arcgis.com/GyR85gR88mMqIY4t/arcgis/rest/services/Tashkent_Mahallas/FeatureServer/0,A,2024-10-23,2026-09-18,Decision number NOT ESTABLISHED
UZ-TAS-MFY-222,NULL,Shuhrat mahallasi,Шуҳрат маҳалласи,Шухрат махалля,NULL,Shuhrat mahallasi,Shuhrat,NULL,NULL,Mahalla fuqarolar yig'ini (MFY),Chilonzor,UZ-TAS-CHILONZOR,1726294,NULL,NULL,NULL,NULL,NULL,NULL,2024-10-23,NOT ESTABLISHED,2024-10-23,https://e-qaror.gov.uz (Tashkent City Kengash decisions; individual act not located),NULL,NULL,NULL,21.4,YES,NO,"Tashkent City Hokimiyat, Dept. of Digital Development, via Open Data Tashkent; republished on Esri CAC GeoPortal",https://hub.arcgis.com/api/v3/datasets/c51c854bad2d48f1beaad40272f8d483_0/downloads/data?format=geojson&spatialRefId=4326,https://services8.arcgis.com/GyR85gR88mMqIY4t/arcgis/rest/services/Tashkent_Mahallas/FeatureServer/0,stored EPSG:102100/3857; served as EPSG:4326 on request,2024-10 (adopted); 2025-07 (republication snapshot),OFFICIAL,Toshkent shahar hokimligi - Raqamli rivojlantirish boshqarmasi,https://services8.arcgis.com/GyR85gR88mMqIY4t/arcgis/rest/services/Tashkent_Mahallas/FeatureServer/0,A,2024-10-23,2026-09-18,Decision number NOT ESTABLISHED
UZ-TAS-MFY-223,NULL,Cho'ponota mahallasi,Чўпонота маҳалласи,Чупонота махалля,NULL,Cho'ponota mahallasi,Cho'ponota,NULL,NULL,Mahalla fuqarolar yig'ini (MFY),Chilonzor,UZ-TAS-CHILONZOR,1726294,NULL,NULL,NULL,NULL,NULL,NULL,2024-10-23,NOT ESTABLISHED,2024-10-23,https://e-qaror.gov.uz (Tashkent City Kengash decisions; individual act not located),NULL,NULL,NULL,22.01,YES,NO,"Tashkent City Hokimiyat, Dept. of Digital Development, via Open Data Tashkent; republished on Esri CAC GeoPortal",https://hub.arcgis.com/api/v3/datasets/c51c854bad2d48f1beaad40272f8d483_0/downloads/data?format=geojson&spatialRefId=4326,https://services8.arcgis.com/GyR85gR88mMqIY4t/arcgis/rest/services/Tashkent_Mahallas/FeatureServer/0,stored EPSG:102100/3857; served as EPSG:4326 on request,2024-10 (adopted); 2025-07 (republication snapshot),OFFICIAL,Toshkent shahar hokimligi - Raqamli rivojlantirish boshqarmasi,https://services8.arcgis.com/GyR85gR88mMqIY4t/arcgis/rest/services/Tashkent_Mahallas/FeatureServer/0,A,2024-10-23,2026-09-18,Decision number NOT ESTABLISHED
UZ-TAS-MFY-224,NULL,Qatortol-1 mahallasi,Қатортол-1 маҳалласи,Катортол-1 махалля,NULL,Qatortol-1 mahallasi,Qatortol-1,NULL,NULL,Mahalla fuqarolar yig'ini (MFY),Chilonzor,UZ-TAS-CHILONZOR,1726294,NULL,NULL,NULL,NULL,NULL,NULL,2024-10-23,NOT ESTABLISHED,2024-10-23,https://e-qaror.gov.uz (Tashkent City Kengash decisions; individual act not located),NULL,NULL,NULL,27.44,YES,NO,"Tashkent City Hokimiyat, Dept. of Digital Development, via Open Data Tashkent; republished on Esri CAC GeoPortal",https://hub.arcgis.com/api/v3/datasets/c51c854bad2d48f1beaad40272f8d483_0/downloads/data?format=geojson&spatialRefId=4326,https://services8.arcgis.com/GyR85gR88mMqIY4t/arcgis/rest/services/Tashkent_Mahallas/FeatureServer/0,stored EPSG:102100/3857; served as EPSG:4326 on request,2024-10 (adopted); 2025-07 (republication snapshot),OFFICIAL,Toshkent shahar hokimligi - Raqamli rivojlantirish boshqarmasi,https://services8.arcgis.com/GyR85gR88mMqIY4t/arcgis/rest/services/Tashkent_Mahallas/FeatureServer/0,A,2024-10-23,2026-09-18,Decision number NOT ESTABLISHED
UZ-TAS-MFY-225,NULL,Beshyog'och mahallasi,Бешёғоч маҳалласи,Бешёгоч махалля,NULL,Beshyog'och mahallasi,Beshyog'och,NULL,NULL,Mahalla fuqarolar yig'ini (MFY),Chilonzor,UZ-TAS-CHILONZOR,1726294,NULL,NULL,NULL,NULL,NULL,NULL,2024-10-23,NOT ESTABLISHED,2024-10-23,https://e-qaror.gov.uz (Tashkent City Kengash decisions; individual act not located),NULL,NULL,NULL,217.96,YES,NO,"Tashkent City Hokimiyat, Dept. of Digital Development, via Open Data Tashkent; republished on Esri CAC GeoPortal",https://hub.arcgis.com/api/v3/datasets/c51c854bad2d48f1beaad40272f8d483_0/downloads/data?format=geojson&spatialRefId=4326,https://services8.arcgis.com/GyR85gR88mMqIY4t/arcgis/rest/services/Tashkent_Mahallas/FeatureServer/0,stored EPSG:102100/3857; served as EPSG:4326 on request,2024-10 (adopted); 2025-07 (republication snapshot),OFFICIAL,Toshkent shahar hokimligi - Raqamli rivojlantirish boshqarmasi,https://services8.arcgis.com/GyR85gR88mMqIY4t/arcgis/rest/services/Tashkent_Mahallas/FeatureServer/0,A,2024-10-23,2026-09-18,Decision number NOT ESTABLISHED
UZ-TAS-MFY-226,NULL,Chilonzor mahallasi,Чилонзор маҳалласи,Чилонзор махалля,NULL,Chilonzor mahallasi,Chilonzor,NULL,NULL,Mahalla fuqarolar yig'ini (MFY),Chilonzor,UZ-TAS-CHILONZOR,1726294,NULL,NULL,NULL,NULL,NULL,NULL,2024-10-23,NOT ESTABLISHED,2024-10-23,https://e-qaror.gov.uz (Tashkent City Kengash decisions; individual act not located),NULL,NULL,NULL,80.8,YES,NO,"Tashkent City Hokimiyat, Dept. of Digital Development, via Open Data Tashkent; republished on Esri CAC GeoPortal",https://hub.arcgis.com/api/v3/datasets/c51c854bad2d48f1beaad40272f8d483_0/downloads/data?format=geojson&spatialRefId=4326,https://services8.arcgis.com/GyR85gR88mMqIY4t/arcgis/rest/services/Tashkent_Mahallas/FeatureServer/0,stored EPSG:102100/3857; served as EPSG:4326 on request,2024-10 (adopted); 2025-07 (republication snapshot),OFFICIAL,Toshkent shahar hokimligi - Raqamli rivojlantirish boshqarmasi,https://services8.arcgis.com/GyR85gR88mMqIY4t/arcgis/rest/services/Tashkent_Mahallas/FeatureServer/0,A,2024-10-23,2026-09-18,Decision number NOT ESTABLISHED
UZ-TAS-MFY-227,NULL,Novza mahallasi,Новза маҳалласи,Новза махалля,NULL,Novza mahallasi,Novza,NULL,NULL,Mahalla fuqarolar yig'ini (MFY),Chilonzor,UZ-TAS-CHILONZOR,1726294,NULL,NULL,NULL,NULL,NULL,NULL,2024-10-23,NOT ESTABLISHED,2024-10-23,https://e-qaror.gov.uz (Tashkent City Kengash decisions; individual act not located),NULL,NULL,NULL,60.16,YES,NO,"Tashkent City Hokimiyat, Dept. of Digital Development, via Open Data Tashkent; republished on Esri CAC GeoPortal",https://hub.arcgis.com/api/v3/datasets/c51c854bad2d48f1beaad40272f8d483_0/downloads/data?format=geojson&spatialRefId=4326,https://services8.arcgis.com/GyR85gR88mMqIY4t/arcgis/rest/services/Tashkent_Mahallas/FeatureServer/0,stored EPSG:102100/3857; served as EPSG:4326 on request,2024-10 (adopted); 2025-07 (republication snapshot),OFFICIAL,Toshkent shahar hokimligi - Raqamli rivojlantirish boshqarmasi,https://services8.arcgis.com/GyR85gR88mMqIY4t/arcgis/rest/services/Tashkent_Mahallas/FeatureServer/0,A,2024-10-23,2026-09-18,Decision number NOT ESTABLISHED
UZ-TAS-MFY-228,NULL,Charx Kamolon-1 mahallasi,Чарх Камолон-1 маҳалласи,Чарх Камолон-1 махалля,NULL,Charx Kamolon-1 mahallasi,Charx Kamolon-1,NULL,NULL,Mahalla fuqarolar yig'ini (MFY),Chilonzor,UZ-TAS-CHILONZOR,1726294,NULL,NULL,NULL,NULL,NULL,NULL,2024-10-23,NOT ESTABLISHED,2024-10-23,https://e-qaror.gov.uz (Tashkent City Kengash decisions; individual act not located),NULL,NULL,NULL,39.22,YES,NO,"Tashkent City Hokimiyat, Dept. of Digital Development, via Open Data Tashkent; republished on Esri CAC GeoPortal",https://hub.arcgis.com/api/v3/datasets/c51c854bad2d48f1beaad40272f8d483_0/downloads/data?format=geojson&spatialRefId=4326,https://services8.arcgis.com/GyR85gR88mMqIY4t/arcgis/rest/services/Tashkent_Mahallas/FeatureServer/0,stored EPSG:102100/3857; served as EPSG:4326 on request,2024-10 (adopted); 2025-07 (republication snapshot),OFFICIAL,Toshkent shahar hokimligi - Raqamli rivojlantirish boshqarmasi,https://services8.arcgis.com/GyR85gR88mMqIY4t/arcgis/rest/services/Tashkent_Mahallas/FeatureServer/0,A,2024-10-23,2026-09-18,Decision number NOT ESTABLISHED
UZ-TAS-MFY-229,NULL,Ko'rkam mahallasi,Кўркам маҳалласи,Куркам махалля,NULL,Ko'rkam mahallasi,Ko'rkam,NULL,NULL,Mahalla fuqarolar yig'ini (MFY),Chilonzor,UZ-TAS-CHILONZOR,1726294,NULL,NULL,NULL,NULL,NULL,NULL,2024-10-23,NOT ESTABLISHED,2024-10-23,https://e-qaror.gov.uz (Tashkent City Kengash decisions; individual act not located),NULL,NULL,NULL,34.61,YES,NO,"Tashkent City Hokimiyat, Dept. of Digital Development, via Open Data Tashkent; republished on Esri CAC GeoPortal",https://hub.arcgis.com/api/v3/datasets/c51c854bad2d48f1beaad40272f8d483_0/downloads/data?format=geojson&spatialRefId=4326,https://services8.arcgis.com/GyR85gR88mMqIY4t/arcgis/rest/services/Tashkent_Mahallas/FeatureServer/0,stored EPSG:102100/3857; served as EPSG:4326 on request,2024-10 (adopted); 2025-07 (republication snapshot),OFFICIAL,Toshkent shahar hokimligi - Raqamli rivojlantirish boshqarmasi,https://services8.arcgis.com/GyR85gR88mMqIY4t/arcgis/rest/services/Tashkent_Mahallas/FeatureServer/0,A,2024-10-23,2026-09-18,Decision number NOT ESTABLISHED
UZ-TAS-MFY-230,NULL,Diyor mahallasi,Диёр маҳалласи,Диёр махалля,NULL,Diyor mahallasi,Diyor,NULL,NULL,Mahalla fuqarolar yig'ini (MFY),Chilonzor,UZ-TAS-CHILONZOR,1726294,NULL,NULL,NULL,NULL,NULL,NULL,2024-10-23,NOT ESTABLISHED,2024-10-23,https://e-qaror.gov.uz (Tashkent City Kengash decisions; individual act not located),NULL,NULL,NULL,30.78,YES,NO,"Tashkent City Hokimiyat, Dept. of Digital Development, via Open Data Tashkent; republished on Esri CAC GeoPortal",https://hub.arcgis.com/api/v3/datasets/c51c854bad2d48f1beaad40272f8d483_0/downloads/data?format=geojson&spatialRefId=4326,https://services8.arcgis.com/GyR85gR88mMqIY4t/arcgis/rest/services/Tashkent_Mahallas/FeatureServer/0,stored EPSG:102100/3857; served as EPSG:4326 on request,2024-10 (adopted); 2025-07 (republication snapshot),OFFICIAL,Toshkent shahar hokimligi - Raqamli rivojlantirish boshqarmasi,https://services8.arcgis.com/GyR85gR88mMqIY4t/arcgis/rest/services/Tashkent_Mahallas/FeatureServer/0,A,2024-10-23,2026-09-18,Decision number NOT ESTABLISHED
UZ-TAS-MFY-231,NULL,Qozirabot mahallasi,Қозиработ маҳалласи,Козиработ махалля,NULL,Qozirabot mahallasi,Qozirabot,NULL,NULL,Mahalla fuqarolar yig'ini (MFY),Chilonzor,UZ-TAS-CHILONZOR,1726294,NULL,NULL,NULL,NULL,NULL,NULL,2024-10-23,NOT ESTABLISHED,2024-10-23,https://e-qaror.gov.uz (Tashkent City Kengash decisions; individual act not located),NULL,NULL,NULL,97.59,YES,NO,"Tashkent City Hokimiyat, Dept. of Digital Development, via Open Data Tashkent; republished on Esri CAC GeoPortal",https://hub.arcgis.com/api/v3/datasets/c51c854bad2d48f1beaad40272f8d483_0/downloads/data?format=geojson&spatialRefId=4326,https://services8.arcgis.com/GyR85gR88mMqIY4t/arcgis/rest/services/Tashkent_Mahallas/FeatureServer/0,stored EPSG:102100/3857; served as EPSG:4326 on request,2024-10 (adopted); 2025-07 (republication snapshot),OFFICIAL,Toshkent shahar hokimligi - Raqamli rivojlantirish boshqarmasi,https://services8.arcgis.com/GyR85gR88mMqIY4t/arcgis/rest/services/Tashkent_Mahallas/FeatureServer/0,A,2024-10-23,2026-09-18,Decision number NOT ESTABLISHED
UZ-TAS-MFY-232,NULL,Katta Chilonzor-3 mahallasi,Катта Чилонзор-3 маҳалласи,Катта Чилонзор-3 махалля,NULL,Katta Chilonzor-3 mahallasi,Katta Chilonzor-3,NULL,NULL,Mahalla fuqarolar yig'ini (MFY),Chilonzor,UZ-TAS-CHILONZOR,1726294,NULL,NULL,NULL,NULL,NULL,NULL,2024-10-23,NOT ESTABLISHED,2024-10-23,https://e-qaror.gov.uz (Tashkent City Kengash decisions; individual act not located),NULL,NULL,NULL,44.62,YES,NO,"Tashkent City Hokimiyat, Dept. of Digital Development, via Open Data Tashkent; republished on Esri CAC GeoPortal",https://hub.arcgis.com/api/v3/datasets/c51c854bad2d48f1beaad40272f8d483_0/downloads/data?format=geojson&spatialRefId=4326,https://services8.arcgis.com/GyR85gR88mMqIY4t/arcgis/rest/services/Tashkent_Mahallas/FeatureServer/0,stored EPSG:102100/3857; served as EPSG:4326 on request,2024-10 (adopted); 2025-07 (republication snapshot),OFFICIAL,Toshkent shahar hokimligi - Raqamli rivojlantirish boshqarmasi,https://services8.arcgis.com/GyR85gR88mMqIY4t/arcgis/rest/services/Tashkent_Mahallas/FeatureServer/0,A,2024-10-23,2026-09-18,Decision number NOT ESTABLISHED
UZ-TAS-MFY-233,NULL,Tepa mahallasi,Тепа маҳалласи,Тепа махалля,NULL,Tepa mahallasi,Tepa,NULL,NULL,Mahalla fuqarolar yig'ini (MFY),Yakkasaroy,UZ-TAS-YAKKASAROY,1726287,NULL,NULL,NULL,NULL,NULL,NULL,2023-11-24/2024-10-23 (range; exact date per district NOT ESTABLISHED),NOT ESTABLISHED,NULL,https://e-qaror.gov.uz (Tashkent City Kengash decisions; individual act not located),NULL,NULL,NULL,36.64,YES,NO,"Tashkent City Hokimiyat, Dept. of Digital Development, via Open Data Tashkent; republished on Esri CAC GeoPortal",https://hub.arcgis.com/api/v3/datasets/c51c854bad2d48f1beaad40272f8d483_0/downloads/data?format=geojson&spatialRefId=4326,https://services8.arcgis.com/GyR85gR88mMqIY4t/arcgis/rest/services/Tashkent_Mahallas/FeatureServer/0,stored EPSG:102100/3857; served as EPSG:4326 on request,2024-10 (adopted); 2025-07 (republication snapshot),OFFICIAL,Toshkent shahar hokimligi - Raqamli rivojlantirish boshqarmasi,https://services8.arcgis.com/GyR85gR88mMqIY4t/arcgis/rest/services/Tashkent_Mahallas/FeatureServer/0,A,2024-10-23,2026-09-18,NULL
UZ-TAS-MFY-234,NULL,Bog'saroy mahallasi,Боғсарой маҳалласи,Богсарой махалля,NULL,Bog'saroy mahallasi,Bog'saroy,NULL,NULL,Mahalla fuqarolar yig'ini (MFY),Yakkasaroy,UZ-TAS-YAKKASAROY,1726287,NULL,NULL,NULL,NULL,NULL,NULL,2023-11-24/2024-10-23 (range; exact date per district NOT ESTABLISHED),NOT ESTABLISHED,NULL,https://e-qaror.gov.uz (Tashkent City Kengash decisions; individual act not located),NULL,NULL,NULL,51.77,YES,NO,"Tashkent City Hokimiyat, Dept. of Digital Development, via Open Data Tashkent; republished on Esri CAC GeoPortal",https://hub.arcgis.com/api/v3/datasets/c51c854bad2d48f1beaad40272f8d483_0/downloads/data?format=geojson&spatialRefId=4326,https://services8.arcgis.com/GyR85gR88mMqIY4t/arcgis/rest/services/Tashkent_Mahallas/FeatureServer/0,stored EPSG:102100/3857; served as EPSG:4326 on request,2024-10 (adopted); 2025-07 (republication snapshot),OFFICIAL,Toshkent shahar hokimligi - Raqamli rivojlantirish boshqarmasi,https://services8.arcgis.com/GyR85gR88mMqIY4t/arcgis/rest/services/Tashkent_Mahallas/FeatureServer/0,A,2024-10-23,2026-09-18,NULL
UZ-TAS-MFY-235,NULL,Abdulla Qahhor mahallasi,Абдулла Қаҳҳор маҳалласи,Абдулла Каххор махалля,NULL,Abdulla Qahhor mahallasi,Abdulla Qahhor,NULL,NULL,Mahalla fuqarolar yig'ini (MFY),Yakkasaroy,UZ-TAS-YAKKASAROY,1726287,NULL,NULL,NULL,NULL,NULL,NULL,2023-11-24/2024-10-23 (range; exact date per district NOT ESTABLISHED),NOT ESTABLISHED,NULL,https://e-qaror.gov.uz (Tashkent City Kengash decisions; individual act not located),NULL,NULL,NULL,47.84,YES,NO,"Tashkent City Hokimiyat, Dept. of Digital Development, via Open Data Tashkent; republished on Esri CAC GeoPortal",https://hub.arcgis.com/api/v3/datasets/c51c854bad2d48f1beaad40272f8d483_0/downloads/data?format=geojson&spatialRefId=4326,https://services8.arcgis.com/GyR85gR88mMqIY4t/arcgis/rest/services/Tashkent_Mahallas/FeatureServer/0,stored EPSG:102100/3857; served as EPSG:4326 on request,2024-10 (adopted); 2025-07 (republication snapshot),OFFICIAL,Toshkent shahar hokimligi - Raqamli rivojlantirish boshqarmasi,https://services8.arcgis.com/GyR85gR88mMqIY4t/arcgis/rest/services/Tashkent_Mahallas/FeatureServer/0,A,2024-10-23,2026-09-18,NULL
UZ-TAS-MFY-236,NULL,Rakat mahallasi,Ракат маҳалласи,Ракат махалля,NULL,Rakat mahallasi,Rakat,NULL,NULL,Mahalla fuqarolar yig'ini (MFY),Yakkasaroy,UZ-TAS-YAKKASAROY,1726287,NULL,NULL,NULL,NULL,NULL,NULL,2023-11-24/2024-10-23 (range; exact date per district NOT ESTABLISHED),NOT ESTABLISHED,NULL,https://e-qaror.gov.uz (Tashkent City Kengash decisions; individual act not located),NULL,NULL,NULL,62.15,YES,NO,"Tashkent City Hokimiyat, Dept. of Digital Development, via Open Data Tashkent; republished on Esri CAC GeoPortal",https://hub.arcgis.com/api/v3/datasets/c51c854bad2d48f1beaad40272f8d483_0/downloads/data?format=geojson&spatialRefId=4326,https://services8.arcgis.com/GyR85gR88mMqIY4t/arcgis/rest/services/Tashkent_Mahallas/FeatureServer/0,stored EPSG:102100/3857; served as EPSG:4326 on request,2024-10 (adopted); 2025-07 (republication snapshot),OFFICIAL,Toshkent shahar hokimligi - Raqamli rivojlantirish boshqarmasi,https://services8.arcgis.com/GyR85gR88mMqIY4t/arcgis/rest/services/Tashkent_Mahallas/FeatureServer/0,A,2024-10-23,2026-09-18,NULL
UZ-TAS-MFY-237,NULL,Shohjahon mahallasi,Шоҳжаҳон маҳалласи,Шохжахон махалля,NULL,Shohjahon mahallasi,Shohjahon,NULL,NULL,Mahalla fuqarolar yig'ini (MFY),Yakkasaroy,UZ-TAS-YAKKASAROY,1726287,NULL,NULL,NULL,NULL,NULL,NULL,2023-11-24/2024-10-23 (range; exact date per district NOT ESTABLISHED),NOT ESTABLISHED,NULL,https://e-qaror.gov.uz (Tashkent City Kengash decisions; individual act not located),NULL,NULL,NULL,37.62,YES,NO,"Tashkent City Hokimiyat, Dept. of Digital Development, via Open Data Tashkent; republished on Esri CAC GeoPortal",https://hub.arcgis.com/api/v3/datasets/c51c854bad2d48f1beaad40272f8d483_0/downloads/data?format=geojson&spatialRefId=4326,https://services8.arcgis.com/GyR85gR88mMqIY4t/arcgis/rest/services/Tashkent_Mahallas/FeatureServer/0,stored EPSG:102100/3857; served as EPSG:4326 on request,2024-10 (adopted); 2025-07 (republication snapshot),OFFICIAL,Toshkent shahar hokimligi - Raqamli rivojlantirish boshqarmasi,https://services8.arcgis.com/GyR85gR88mMqIY4t/arcgis/rest/services/Tashkent_Mahallas/FeatureServer/0,A,2024-10-23,2026-09-18,NULL
UZ-TAS-MFY-238,NULL,To'qimachi mahallasi,Тўқимачи маҳалласи,Тукимачи махалля,NULL,To'qimachi mahallasi,To'qimachi,NULL,NULL,Mahalla fuqarolar yig'ini (MFY),Yakkasaroy,UZ-TAS-YAKKASAROY,1726287,NULL,NULL,NULL,NULL,NULL,NULL,2023-11-24/2024-10-23 (range; exact date per district NOT ESTABLISHED),NOT ESTABLISHED,NULL,https://e-qaror.gov.uz (Tashkent City Kengash decisions; individual act not located),NULL,NULL,NULL,58.51,YES,NO,"Tashkent City Hokimiyat, Dept. of Digital Development, via Open Data Tashkent; republished on Esri CAC GeoPortal",https://hub.arcgis.com/api/v3/datasets/c51c854bad2d48f1beaad40272f8d483_0/downloads/data?format=geojson&spatialRefId=4326,https://services8.arcgis.com/GyR85gR88mMqIY4t/arcgis/rest/services/Tashkent_Mahallas/FeatureServer/0,stored EPSG:102100/3857; served as EPSG:4326 on request,2024-10 (adopted); 2025-07 (republication snapshot),OFFICIAL,Toshkent shahar hokimligi - Raqamli rivojlantirish boshqarmasi,https://services8.arcgis.com/GyR85gR88mMqIY4t/arcgis/rest/services/Tashkent_Mahallas/FeatureServer/0,A,2024-10-23,2026-09-18,NULL
UZ-TAS-MFY-239,NULL,Boshliq mahallasi,Бошлиқ маҳалласи,Бошлик махалля,NULL,Boshliq mahallasi,Boshliq,NULL,NULL,Mahalla fuqarolar yig'ini (MFY),Yakkasaroy,UZ-TAS-YAKKASAROY,1726287,NULL,NULL,NULL,NULL,NULL,NULL,2023-11-24/2024-10-23 (range; exact date per district NOT ESTABLISHED),NOT ESTABLISHED,NULL,https://e-qaror.gov.uz (Tashkent City Kengash decisions; individual act not located),NULL,NULL,NULL,15.48,YES,NO,"Tashkent City Hokimiyat, Dept. of Digital Development, via Open Data Tashkent; republished on Esri CAC GeoPortal",https://hub.arcgis.com/api/v3/datasets/c51c854bad2d48f1beaad40272f8d483_0/downloads/data?format=geojson&spatialRefId=4326,https://services8.arcgis.com/GyR85gR88mMqIY4t/arcgis/rest/services/Tashkent_Mahallas/FeatureServer/0,stored EPSG:102100/3857; served as EPSG:4326 on request,2024-10 (adopted); 2025-07 (republication snapshot),OFFICIAL,Toshkent shahar hokimligi - Raqamli rivojlantirish boshqarmasi,https://services8.arcgis.com/GyR85gR88mMqIY4t/arcgis/rest/services/Tashkent_Mahallas/FeatureServer/0,A,2024-10-23,2026-09-18,NULL
UZ-TAS-MFY-240,NULL,Damariq mahallasi,Дамариқ маҳалласи,Дамарик махалля,NULL,Damariq mahallasi,Damariq,NULL,NULL,Mahalla fuqarolar yig'ini (MFY),Yakkasaroy,UZ-TAS-YAKKASAROY,1726287,NULL,NULL,NULL,NULL,NULL,NULL,2023-11-24/2024-10-23 (range; exact date per district NOT ESTABLISHED),NOT ESTABLISHED,NULL,https://e-qaror.gov.uz (Tashkent City Kengash decisions; individual act not located),NULL,NULL,NULL,103.02,YES,NO,"Tashkent City Hokimiyat, Dept. of Digital Development, via Open Data Tashkent; republished on Esri CAC GeoPortal",https://hub.arcgis.com/api/v3/datasets/c51c854bad2d48f1beaad40272f8d483_0/downloads/data?format=geojson&spatialRefId=4326,https://services8.arcgis.com/GyR85gR88mMqIY4t/arcgis/rest/services/Tashkent_Mahallas/FeatureServer/0,stored EPSG:102100/3857; served as EPSG:4326 on request,2024-10 (adopted); 2025-07 (republication snapshot),OFFICIAL,Toshkent shahar hokimligi - Raqamli rivojlantirish boshqarmasi,https://services8.arcgis.com/GyR85gR88mMqIY4t/arcgis/rest/services/Tashkent_Mahallas/FeatureServer/0,A,2024-10-23,2026-09-18,NULL
UZ-TAS-MFY-241,NULL,Hamid Sulaymonov mahallasi,Ҳамид Сулаймонов маҳалласи,Хамид Сулаймонов махалля,NULL,Hamid Sulaymonov mahallasi,Hamid Sulaymonov,NULL,NULL,Mahalla fuqarolar yig'ini (MFY),Yakkasaroy,UZ-TAS-YAKKASAROY,1726287,NULL,NULL,NULL,NULL,NULL,NULL,2023-11-24/2024-10-23 (range; exact date per district NOT ESTABLISHED),NOT ESTABLISHED,NULL,https://e-qaror.gov.uz (Tashkent City Kengash decisions; individual act not located),NULL,NULL,NULL,66.78,YES,NO,"Tashkent City Hokimiyat, Dept. of Digital Development, via Open Data Tashkent; republished on Esri CAC GeoPortal",https://hub.arcgis.com/api/v3/datasets/c51c854bad2d48f1beaad40272f8d483_0/downloads/data?format=geojson&spatialRefId=4326,https://services8.arcgis.com/GyR85gR88mMqIY4t/arcgis/rest/services/Tashkent_Mahallas/FeatureServer/0,stored EPSG:102100/3857; served as EPSG:4326 on request,2024-10 (adopted); 2025-07 (republication snapshot),OFFICIAL,Toshkent shahar hokimligi - Raqamli rivojlantirish boshqarmasi,https://services8.arcgis.com/GyR85gR88mMqIY4t/arcgis/rest/services/Tashkent_Mahallas/FeatureServer/0,A,2024-10-23,2026-09-18,NULL
UZ-TAS-MFY-242,NULL,Muqimiy mahallasi,Муқимий маҳалласи,Мукимий махалля,NULL,Muqimiy mahallasi,Muqimiy,NULL,NULL,Mahalla fuqarolar yig'ini (MFY),Yakkasaroy,UZ-TAS-YAKKASAROY,1726287,NULL,NULL,NULL,NULL,NULL,NULL,2023-11-24/2024-10-23 (range; exact date per district NOT ESTABLISHED),NOT ESTABLISHED,NULL,https://e-qaror.gov.uz (Tashkent City Kengash decisions; individual act not located),NULL,NULL,NULL,56.75,YES,NO,"Tashkent City Hokimiyat, Dept. of Digital Development, via Open Data Tashkent; republished on Esri CAC GeoPortal",https://hub.arcgis.com/api/v3/datasets/c51c854bad2d48f1beaad40272f8d483_0/downloads/data?format=geojson&spatialRefId=4326,https://services8.arcgis.com/GyR85gR88mMqIY4t/arcgis/rest/services/Tashkent_Mahallas/FeatureServer/0,stored EPSG:102100/3857; served as EPSG:4326 on request,2024-10 (adopted); 2025-07 (republication snapshot),OFFICIAL,Toshkent shahar hokimligi - Raqamli rivojlantirish boshqarmasi,https://services8.arcgis.com/GyR85gR88mMqIY4t/arcgis/rest/services/Tashkent_Mahallas/FeatureServer/0,A,2024-10-23,2026-09-18,NULL
UZ-TAS-MFY-243,NULL,Konstitutsiya mahallasi,Конституция маҳалласи,Конституция махалля,NULL,Konstitutsiya mahallasi,Konstitutsiya,NULL,NULL,Mahalla fuqarolar yig'ini (MFY),Yakkasaroy,UZ-TAS-YAKKASAROY,1726287,NULL,NULL,NULL,NULL,NULL,NULL,2023-11-24/2024-10-23 (range; exact date per district NOT ESTABLISHED),NOT ESTABLISHED,NULL,https://e-qaror.gov.uz (Tashkent City Kengash decisions; individual act not located),NULL,NULL,NULL,70.85,YES,NO,"Tashkent City Hokimiyat, Dept. of Digital Development, via Open Data Tashkent; republished on Esri CAC GeoPortal",https://hub.arcgis.com/api/v3/datasets/c51c854bad2d48f1beaad40272f8d483_0/downloads/data?format=geojson&spatialRefId=4326,https://services8.arcgis.com/GyR85gR88mMqIY4t/arcgis/rest/services/Tashkent_Mahallas/FeatureServer/0,stored EPSG:102100/3857; served as EPSG:4326 on request,2024-10 (adopted); 2025-07 (republication snapshot),OFFICIAL,Toshkent shahar hokimligi - Raqamli rivojlantirish boshqarmasi,https://services8.arcgis.com/GyR85gR88mMqIY4t/arcgis/rest/services/Tashkent_Mahallas/FeatureServer/0,A,2024-10-23,2026-09-18,NULL
UZ-TAS-MFY-244,NULL,Armug'on mahallasi,Армуғон маҳалласи,Армугон махалля,NULL,Armug'on mahallasi,Armug'on,NULL,NULL,Mahalla fuqarolar yig'ini (MFY),Yakkasaroy,UZ-TAS-YAKKASAROY,1726287,NULL,NULL,NULL,NULL,NULL,NULL,2023-11-24/2024-10-23 (range; exact date per district NOT ESTABLISHED),NOT ESTABLISHED,NULL,https://e-qaror.gov.uz (Tashkent City Kengash decisions; individual act not located),NULL,NULL,NULL,63.78,YES,NO,"Tashkent City Hokimiyat, Dept. of Digital Development, via Open Data Tashkent; republished on Esri CAC GeoPortal",https://hub.arcgis.com/api/v3/datasets/c51c854bad2d48f1beaad40272f8d483_0/downloads/data?format=geojson&spatialRefId=4326,https://services8.arcgis.com/GyR85gR88mMqIY4t/arcgis/rest/services/Tashkent_Mahallas/FeatureServer/0,stored EPSG:102100/3857; served as EPSG:4326 on request,2024-10 (adopted); 2025-07 (republication snapshot),OFFICIAL,Toshkent shahar hokimligi - Raqamli rivojlantirish boshqarmasi,https://services8.arcgis.com/GyR85gR88mMqIY4t/arcgis/rest/services/Tashkent_Mahallas/FeatureServer/0,A,2024-10-23,2026-09-18,NULL
UZ-TAS-MFY-245,NULL,Muhandislar mahallasi,Муҳандислар маҳалласи,Мухандислар махалля,NULL,Muhandislar mahallasi,Muhandislar,NULL,NULL,Mahalla fuqarolar yig'ini (MFY),Yakkasaroy,UZ-TAS-YAKKASAROY,1726287,NULL,NULL,NULL,NULL,NULL,NULL,2023-11-24/2024-10-23 (range; exact date per district NOT ESTABLISHED),NOT ESTABLISHED,NULL,https://e-qaror.gov.uz (Tashkent City Kengash decisions; individual act not located),NULL,NULL,NULL,131.74,YES,NO,"Tashkent City Hokimiyat, Dept. of Digital Development, via Open Data Tashkent; republished on Esri CAC GeoPortal",https://hub.arcgis.com/api/v3/datasets/c51c854bad2d48f1beaad40272f8d483_0/downloads/data?format=geojson&spatialRefId=4326,https://services8.arcgis.com/GyR85gR88mMqIY4t/arcgis/rest/services/Tashkent_Mahallas/FeatureServer/0,stored EPSG:102100/3857; served as EPSG:4326 on request,2024-10 (adopted); 2025-07 (republication snapshot),OFFICIAL,Toshkent shahar hokimligi - Raqamli rivojlantirish boshqarmasi,https://services8.arcgis.com/GyR85gR88mMqIY4t/arcgis/rest/services/Tashkent_Mahallas/FeatureServer/0,A,2024-10-23,2026-09-18,NULL
UZ-TAS-MFY-246,NULL,Belariq mahallasi,Белариқ маҳалласи,Беларик махалля,NULL,Belariq mahallasi,Belariq,NULL,NULL,Mahalla fuqarolar yig'ini (MFY),Yakkasaroy,UZ-TAS-YAKKASAROY,1726287,NULL,NULL,NULL,NULL,NULL,NULL,2023-11-24/2024-10-23 (range; exact date per district NOT ESTABLISHED),NOT ESTABLISHED,NULL,https://e-qaror.gov.uz (Tashkent City Kengash decisions; individual act not located),NULL,NULL,NULL,61.61,YES,NO,"Tashkent City Hokimiyat, Dept. of Digital Development, via Open Data Tashkent; republished on Esri CAC GeoPortal",https://hub.arcgis.com/api/v3/datasets/c51c854bad2d48f1beaad40272f8d483_0/downloads/data?format=geojson&spatialRefId=4326,https://services8.arcgis.com/GyR85gR88mMqIY4t/arcgis/rest/services/Tashkent_Mahallas/FeatureServer/0,stored EPSG:102100/3857; served as EPSG:4326 on request,2024-10 (adopted); 2025-07 (republication snapshot),OFFICIAL,Toshkent shahar hokimligi - Raqamli rivojlantirish boshqarmasi,https://services8.arcgis.com/GyR85gR88mMqIY4t/arcgis/rest/services/Tashkent_Mahallas/FeatureServer/0,A,2024-10-23,2026-09-18,NULL
UZ-TAS-MFY-247,NULL,Dilbuloq mahallasi,Дилбулоқ маҳалласи,Дилбулок махалля,NULL,Dilbuloq mahallasi,Dilbuloq,NULL,NULL,Mahalla fuqarolar yig'ini (MFY),Yakkasaroy,UZ-TAS-YAKKASAROY,1726287,NULL,NULL,NULL,NULL,NULL,NULL,2023-11-24/2024-10-23 (range; exact date per district NOT ESTABLISHED),NOT ESTABLISHED,NULL,https://e-qaror.gov.uz (Tashkent City Kengash decisions; individual act not located),NULL,NULL,NULL,84.46,YES,NO,"Tashkent City Hokimiyat, Dept. of Digital Development, via Open Data Tashkent; republished on Esri CAC GeoPortal",https://hub.arcgis.com/api/v3/datasets/c51c854bad2d48f1beaad40272f8d483_0/downloads/data?format=geojson&spatialRefId=4326,https://services8.arcgis.com/GyR85gR88mMqIY4t/arcgis/rest/services/Tashkent_Mahallas/FeatureServer/0,stored EPSG:102100/3857; served as EPSG:4326 on request,2024-10 (adopted); 2025-07 (republication snapshot),OFFICIAL,Toshkent shahar hokimligi - Raqamli rivojlantirish boshqarmasi,https://services8.arcgis.com/GyR85gR88mMqIY4t/arcgis/rest/services/Tashkent_Mahallas/FeatureServer/0,A,2024-10-23,2026-09-18,NULL
UZ-TAS-MFY-248,NULL,Meros mahallasi,Мерос маҳалласи,Мерос махалля,NULL,Meros mahallasi,Meros,NULL,NULL,Mahalla fuqarolar yig'ini (MFY),Yakkasaroy,UZ-TAS-YAKKASAROY,1726287,NULL,NULL,NULL,NULL,NULL,NULL,2023-11-24/2024-10-23 (range; exact date per district NOT ESTABLISHED),NOT ESTABLISHED,NULL,https://e-qaror.gov.uz (Tashkent City Kengash decisions; individual act not located),NULL,NULL,NULL,48.68,YES,NO,"Tashkent City Hokimiyat, Dept. of Digital Development, via Open Data Tashkent; republished on Esri CAC GeoPortal",https://hub.arcgis.com/api/v3/datasets/c51c854bad2d48f1beaad40272f8d483_0/downloads/data?format=geojson&spatialRefId=4326,https://services8.arcgis.com/GyR85gR88mMqIY4t/arcgis/rest/services/Tashkent_Mahallas/FeatureServer/0,stored EPSG:102100/3857; served as EPSG:4326 on request,2024-10 (adopted); 2025-07 (republication snapshot),OFFICIAL,Toshkent shahar hokimligi - Raqamli rivojlantirish boshqarmasi,https://services8.arcgis.com/GyR85gR88mMqIY4t/arcgis/rest/services/Tashkent_Mahallas/FeatureServer/0,A,2024-10-23,2026-09-18,NULL
UZ-TAS-MFY-249,NULL,Rakatboshi mahallasi,Ракатбоши маҳалласи,Ракатбоши махалля,NULL,Rakatboshi mahallasi,Rakatboshi,NULL,NULL,Mahalla fuqarolar yig'ini (MFY),Yakkasaroy,UZ-TAS-YAKKASAROY,1726287,NULL,NULL,NULL,NULL,NULL,NULL,2023-11-24/2024-10-23 (range; exact date per district NOT ESTABLISHED),NOT ESTABLISHED,NULL,https://e-qaror.gov.uz (Tashkent City Kengash decisions; individual act not located),NULL,NULL,NULL,57.02,YES,NO,"Tashkent City Hokimiyat, Dept. of Digital Development, via Open Data Tashkent; republished on Esri CAC GeoPortal",https://hub.arcgis.com/api/v3/datasets/c51c854bad2d48f1beaad40272f8d483_0/downloads/data?format=geojson&spatialRefId=4326,https://services8.arcgis.com/GyR85gR88mMqIY4t/arcgis/rest/services/Tashkent_Mahallas/FeatureServer/0,stored EPSG:102100/3857; served as EPSG:4326 on request,2024-10 (adopted); 2025-07 (republication snapshot),OFFICIAL,Toshkent shahar hokimligi - Raqamli rivojlantirish boshqarmasi,https://services8.arcgis.com/GyR85gR88mMqIY4t/arcgis/rest/services/Tashkent_Mahallas/FeatureServer/0,A,2024-10-23,2026-09-18,NULL
UZ-TAS-MFY-250,NULL,Yunus Rajabiy mahallasi,Юнус Ражабий маҳалласи,Юнус Ражабий махалля,NULL,Yunus Rajabiy mahallasi,Yunus Rajabiy,NULL,NULL,Mahalla fuqarolar yig'ini (MFY),Yakkasaroy,UZ-TAS-YAKKASAROY,1726287,NULL,NULL,NULL,NULL,NULL,NULL,2023-11-24/2024-10-23 (range; exact date per district NOT ESTABLISHED),NOT ESTABLISHED,NULL,https://e-qaror.gov.uz (Tashkent City Kengash decisions; individual act not located),NULL,NULL,NULL,122.79,YES,NO,"Tashkent City Hokimiyat, Dept. of Digital Development, via Open Data Tashkent; republished on Esri CAC GeoPortal",https://hub.arcgis.com/api/v3/datasets/c51c854bad2d48f1beaad40272f8d483_0/downloads/data?format=geojson&spatialRefId=4326,https://services8.arcgis.com/GyR85gR88mMqIY4t/arcgis/rest/services/Tashkent_Mahallas/FeatureServer/0,stored EPSG:102100/3857; served as EPSG:4326 on request,2024-10 (adopted); 2025-07 (republication snapshot),OFFICIAL,Toshkent shahar hokimligi - Raqamli rivojlantirish boshqarmasi,https://services8.arcgis.com/GyR85gR88mMqIY4t/arcgis/rest/services/Tashkent_Mahallas/FeatureServer/0,A,2024-10-23,2026-09-18,NULL
UZ-TAS-MFY-251,NULL,Yakkasaroy mahallasi,Яккасарой маҳалласи,Яккасарой махалля,NULL,Yakkasaroy mahallasi,Yakkasaroy,NULL,NULL,Mahalla fuqarolar yig'ini (MFY),Yakkasaroy,UZ-TAS-YAKKASAROY,1726287,NULL,NULL,NULL,NULL,NULL,NULL,2023-11-24/2024-10-23 (range; exact date per district NOT ESTABLISHED),NOT ESTABLISHED,NULL,https://e-qaror.gov.uz (Tashkent City Kengash decisions; individual act not located),NULL,NULL,NULL,124.06,YES,NO,"Tashkent City Hokimiyat, Dept. of Digital Development, via Open Data Tashkent; republished on Esri CAC GeoPortal",https://hub.arcgis.com/api/v3/datasets/c51c854bad2d48f1beaad40272f8d483_0/downloads/data?format=geojson&spatialRefId=4326,https://services8.arcgis.com/GyR85gR88mMqIY4t/arcgis/rest/services/Tashkent_Mahallas/FeatureServer/0,stored EPSG:102100/3857; served as EPSG:4326 on request,2024-10 (adopted); 2025-07 (republication snapshot),OFFICIAL,Toshkent shahar hokimligi - Raqamli rivojlantirish boshqarmasi,https://services8.arcgis.com/GyR85gR88mMqIY4t/arcgis/rest/services/Tashkent_Mahallas/FeatureServer/0,A,2024-10-23,2026-09-18,NULL
UZ-TAS-MFY-252,NULL,Bobur mahallasi,Бобур маҳалласи,Бобур махалля,NULL,Bobur mahallasi,Bobur,NULL,NULL,Mahalla fuqarolar yig'ini (MFY),Yakkasaroy,UZ-TAS-YAKKASAROY,1726287,NULL,NULL,NULL,NULL,NULL,NULL,2023-11-24/2024-10-23 (range; exact date per district NOT ESTABLISHED),NOT ESTABLISHED,NULL,https://e-qaror.gov.uz (Tashkent City Kengash decisions; individual act not located),NULL,NULL,NULL,41.56,YES,NO,"Tashkent City Hokimiyat, Dept. of Digital Development, via Open Data Tashkent; republished on Esri CAC GeoPortal",https://hub.arcgis.com/api/v3/datasets/c51c854bad2d48f1beaad40272f8d483_0/downloads/data?format=geojson&spatialRefId=4326,https://services8.arcgis.com/GyR85gR88mMqIY4t/arcgis/rest/services/Tashkent_Mahallas/FeatureServer/0,stored EPSG:102100/3857; served as EPSG:4326 on request,2024-10 (adopted); 2025-07 (republication snapshot),OFFICIAL,Toshkent shahar hokimligi - Raqamli rivojlantirish boshqarmasi,https://services8.arcgis.com/GyR85gR88mMqIY4t/arcgis/rest/services/Tashkent_Mahallas/FeatureServer/0,A,2024-10-23,2026-09-18,NULL
UZ-TAS-MFY-253,NULL,Qushbegi mahallasi,Қушбеги маҳалласи,Кушбеги махалля,NULL,Qushbegi mahallasi,Qushbegi,NULL,NULL,Mahalla fuqarolar yig'ini (MFY),Yakkasaroy,UZ-TAS-YAKKASAROY,1726287,NULL,NULL,NULL,NULL,NULL,NULL,2023-11-24/2024-10-23 (range; exact date per district NOT ESTABLISHED),NOT ESTABLISHED,NULL,https://e-qaror.gov.uz (Tashkent City Kengash decisions; individual act not located),NULL,NULL,NULL,79.71,YES,NO,"Tashkent City Hokimiyat, Dept. of Digital Development, via Open Data Tashkent; republished on Esri CAC GeoPortal",https://hub.arcgis.com/api/v3/datasets/c51c854bad2d48f1beaad40272f8d483_0/downloads/data?format=geojson&spatialRefId=4326,https://services8.arcgis.com/GyR85gR88mMqIY4t/arcgis/rest/services/Tashkent_Mahallas/FeatureServer/0,stored EPSG:102100/3857; served as EPSG:4326 on request,2024-10 (adopted); 2025-07 (republication snapshot),OFFICIAL,Toshkent shahar hokimligi - Raqamli rivojlantirish boshqarmasi,https://services8.arcgis.com/GyR85gR88mMqIY4t/arcgis/rest/services/Tashkent_Mahallas/FeatureServer/0,A,2024-10-23,2026-09-18,NULL
UZ-TAS-MFY-318,NULL,Oqlon mahallasi,Оқлон маҳалласи,Оклон махалля,NULL,Oqlon mahallasi,Oqlon,NULL,NULL,Mahalla fuqarolar yig'ini (MFY),Shayxontohur,UZ-TAS-SHAYXONTOHUR,1726277,NULL,NULL,NULL,NULL,NULL,NULL,2023-11-24/2024-10-23 (range; exact date per district NOT ESTABLISHED),NOT ESTABLISHED,NULL,https://e-qaror.gov.uz (Tashkent City Kengash decisions; individual act not located),NULL,NULL,NULL,66.98,YES,NO,"Tashkent City Hokimiyat, Dept. of Digital Development, via Open Data Tashkent; republished on Esri CAC GeoPortal",https://hub.arcgis.com/api/v3/datasets/c51c854bad2d48f1beaad40272f8d483_0/downloads/data?format=geojson&spatialRefId=4326,https://services8.arcgis.com/GyR85gR88mMqIY4t/arcgis/rest/services/Tashkent_Mahallas/FeatureServer/0,stored EPSG:102100/3857; served as EPSG:4326 on request,2024-10 (adopted); 2025-07 (republication snapshot),OFFICIAL,Toshkent shahar hokimligi - Raqamli rivojlantirish boshqarmasi,https://services8.arcgis.com/GyR85gR88mMqIY4t/arcgis/rest/services/Tashkent_Mahallas/FeatureServer/0,A,2024-10-23,2026-09-18,NULL
UZ-TAS-MFY-319,NULL,Chaqar mahallasi,Чақар маҳалласи,Чакар махалля,NULL,Chaqar mahallasi,Chaqar,NULL,NULL,Mahalla fuqarolar yig'ini (MFY),Shayxontohur,UZ-TAS-SHAYXONTOHUR,1726277,NULL,NULL,NULL,NULL,NULL,NULL,2023-11-24/2024-10-23 (range; exact date per district NOT ESTABLISHED),NOT ESTABLISHED,NULL,https://e-qaror.gov.uz (Tashkent City Kengash decisions; individual act not located),NULL,NULL,NULL,52.36,YES,NO,"Tashkent City Hokimiyat, Dept. of Digital Development, via Open Data Tashkent; republished on Esri CAC GeoPortal",https://hub.arcgis.com/api/v3/datasets/c51c854bad2d48f1beaad40272f8d483_0/downloads/data?format=geojson&spatialRefId=4326,https://services8.arcgis.com/GyR85gR88mMqIY4t/arcgis/rest/services/Tashkent_Mahallas/FeatureServer/0,stored EPSG:102100/3857; served as EPSG:4326 on request,2024-10 (adopted); 2025-07 (republication snapshot),OFFICIAL,Toshkent shahar hokimligi - Raqamli rivojlantirish boshqarmasi,https://services8.arcgis.com/GyR85gR88mMqIY4t/arcgis/rest/services/Tashkent_Mahallas/FeatureServer/0,A,2024-10-23,2026-09-18,NULL
UZ-TAS-MFY-320,NULL,Labzak mahallasi,Лабзак маҳалласи,Лабзак махалля,NULL,Labzak mahallasi,Labzak,NULL,NULL,Mahalla fuqarolar yig'ini (MFY),Shayxontohur,UZ-TAS-SHAYXONTOHUR,1726277,NULL,NULL,NULL,NULL,NULL,NULL,2023-11-24/2024-10-23 (range; exact date per district NOT ESTABLISHED),NOT ESTABLISHED,NULL,https://e-qaror.gov.uz (Tashkent City Kengash decisions; individual act not located),NULL,NULL,NULL,90.19,YES,NO,"Tashkent City Hokimiyat, Dept. of Digital Development, via Open Data Tashkent; republished on Esri CAC GeoPortal",https://hub.arcgis.com/api/v3/datasets/c51c854bad2d48f1beaad40272f8d483_0/downloads/data?format=geojson&spatialRefId=4326,https://services8.arcgis.com/GyR85gR88mMqIY4t/arcgis/rest/services/Tashkent_Mahallas/FeatureServer/0,stored EPSG:102100/3857; served as EPSG:4326 on request,2024-10 (adopted); 2025-07 (republication snapshot),OFFICIAL,Toshkent shahar hokimligi - Raqamli rivojlantirish boshqarmasi,https://services8.arcgis.com/GyR85gR88mMqIY4t/arcgis/rest/services/Tashkent_Mahallas/FeatureServer/0,A,2024-10-23,2026-09-18,NULL
UZ-TAS-MFY-321,NULL,Yangishahar mahallasi,Янгишаҳар маҳалласи,Янгишахар махалля,NULL,Yangishahar mahallasi,Yangishahar,NULL,NULL,Mahalla fuqarolar yig'ini (MFY),Shayxontohur,UZ-TAS-SHAYXONTOHUR,1726277,NULL,NULL,NULL,NULL,NULL,NULL,2023-11-24/2024-10-23 (range; exact date per district NOT ESTABLISHED),NOT ESTABLISHED,NULL,https://e-qaror.gov.uz (Tashkent City Kengash decisions; individual act not located),NULL,NULL,NULL,29.89,YES,NO,"Tashkent City Hokimiyat, Dept. of Digital Development, via Open Data Tashkent; republished on Esri CAC GeoPortal",https://hub.arcgis.com/api/v3/datasets/c51c854bad2d48f1beaad40272f8d483_0/downloads/data?format=geojson&spatialRefId=4326,https://services8.arcgis.com/GyR85gR88mMqIY4t/arcgis/rest/services/Tashkent_Mahallas/FeatureServer/0,stored EPSG:102100/3857; served as EPSG:4326 on request,2024-10 (adopted); 2025-07 (republication snapshot),OFFICIAL,Toshkent shahar hokimligi - Raqamli rivojlantirish boshqarmasi,https://services8.arcgis.com/GyR85gR88mMqIY4t/arcgis/rest/services/Tashkent_Mahallas/FeatureServer/0,A,2024-10-23,2026-09-18,NULL
UZ-TAS-MFY-322,NULL,Ibn Sino mahallasi,Ибн Сино маҳалласи,Ибн Сино махалля,NULL,Ibn Sino mahallasi,Ibn Sino,NULL,NULL,Mahalla fuqarolar yig'ini (MFY),Shayxontohur,UZ-TAS-SHAYXONTOHUR,1726277,NULL,NULL,NULL,NULL,NULL,NULL,2023-11-24/2024-10-23 (range; exact date per district NOT ESTABLISHED),NOT ESTABLISHED,NULL,https://e-qaror.gov.uz (Tashkent City Kengash decisions; individual act not located),NULL,NULL,NULL,45.68,YES,NO,"Tashkent City Hokimiyat, Dept. of Digital Development, via Open Data Tashkent; republished on Esri CAC GeoPortal",https://hub.arcgis.com/api/v3/datasets/c51c854bad2d48f1beaad40272f8d483_0/downloads/data?format=geojson&spatialRefId=4326,https://services8.arcgis.com/GyR85gR88mMqIY4t/arcgis/rest/services/Tashkent_Mahallas/FeatureServer/0,stored EPSG:102100/3857; served as EPSG:4326 on request,2024-10 (adopted); 2025-07 (republication snapshot),OFFICIAL,Toshkent shahar hokimligi - Raqamli rivojlantirish boshqarmasi,https://services8.arcgis.com/GyR85gR88mMqIY4t/arcgis/rest/services/Tashkent_Mahallas/FeatureServer/0,A,2024-10-23,2026-09-18,NULL
UZ-TAS-MFY-323,NULL,Tinchlik mahallasi,Тинчлик маҳалласи,Тинчлик махалля,NULL,Tinchlik mahallasi,Tinchlik,NULL,NULL,Mahalla fuqarolar yig'ini (MFY),Shayxontohur,UZ-TAS-SHAYXONTOHUR,1726277,NULL,NULL,NULL,NULL,NULL,NULL,2023-11-24/2024-10-23 (range; exact date per district NOT ESTABLISHED),NOT ESTABLISHED,NULL,https://e-qaror.gov.uz (Tashkent City Kengash decisions; individual act not located),NULL,NULL,NULL,28.82,YES,NO,"Tashkent City Hokimiyat, Dept. of Digital Development, via Open Data Tashkent; republished on Esri CAC GeoPortal",https://hub.arcgis.com/api/v3/datasets/c51c854bad2d48f1beaad40272f8d483_0/downloads/data?format=geojson&spatialRefId=4326,https://services8.arcgis.com/GyR85gR88mMqIY4t/arcgis/rest/services/Tashkent_Mahallas/FeatureServer/0,stored EPSG:102100/3857; served as EPSG:4326 on request,2024-10 (adopted); 2025-07 (republication snapshot),OFFICIAL,Toshkent shahar hokimligi - Raqamli rivojlantirish boshqarmasi,https://services8.arcgis.com/GyR85gR88mMqIY4t/arcgis/rest/services/Tashkent_Mahallas/FeatureServer/0,A,2024-10-23,2026-09-18,NULL
UZ-TAS-MFY-324,NULL,Shofayzi mahallasi,Шофайзи маҳалласи,Шофайзи махалля,NULL,Shofayzi mahallasi,Shofayzi,NULL,NULL,Mahalla fuqarolar yig'ini (MFY),Shayxontohur,UZ-TAS-SHAYXONTOHUR,1726277,NULL,NULL,NULL,NULL,NULL,NULL,2023-11-24/2024-10-23 (range; exact date per district NOT ESTABLISHED),NOT ESTABLISHED,NULL,https://e-qaror.gov.uz (Tashkent City Kengash decisions; individual act not located),NULL,NULL,NULL,53.65,YES,NO,"Tashkent City Hokimiyat, Dept. of Digital Development, via Open Data Tashkent; republished on Esri CAC GeoPortal",https://hub.arcgis.com/api/v3/datasets/c51c854bad2d48f1beaad40272f8d483_0/downloads/data?format=geojson&spatialRefId=4326,https://services8.arcgis.com/GyR85gR88mMqIY4t/arcgis/rest/services/Tashkent_Mahallas/FeatureServer/0,stored EPSG:102100/3857; served as EPSG:4326 on request,2024-10 (adopted); 2025-07 (republication snapshot),OFFICIAL,Toshkent shahar hokimligi - Raqamli rivojlantirish boshqarmasi,https://services8.arcgis.com/GyR85gR88mMqIY4t/arcgis/rest/services/Tashkent_Mahallas/FeatureServer/0,A,2024-10-23,2026-09-18,NULL
UZ-TAS-MFY-325,NULL,Eshonguzar mahallasi,Эшонгузар маҳалласи,Эшонгузар махалля,NULL,Eshonguzar mahallasi,Eshonguzar,NULL,NULL,Mahalla fuqarolar yig'ini (MFY),Shayxontohur,UZ-TAS-SHAYXONTOHUR,1726277,NULL,NULL,NULL,NULL,NULL,NULL,2023-11-24/2024-10-23 (range; exact date per district NOT ESTABLISHED),NOT ESTABLISHED,NULL,https://e-qaror.gov.uz (Tashkent City Kengash decisions; individual act not located),NULL,NULL,NULL,22.78,YES,NO,"Tashkent City Hokimiyat, Dept. of Digital Development, via Open Data Tashkent; republished on Esri CAC GeoPortal",https://hub.arcgis.com/api/v3/datasets/c51c854bad2d48f1beaad40272f8d483_0/downloads/data?format=geojson&spatialRefId=4326,https://services8.arcgis.com/GyR85gR88mMqIY4t/arcgis/rest/services/Tashkent_Mahallas/FeatureServer/0,stored EPSG:102100/3857; served as EPSG:4326 on request,2024-10 (adopted); 2025-07 (republication snapshot),OFFICIAL,Toshkent shahar hokimligi - Raqamli rivojlantirish boshqarmasi,https://services8.arcgis.com/GyR85gR88mMqIY4t/arcgis/rest/services/Tashkent_Mahallas/FeatureServer/0,A,2024-10-23,2026-09-18,NULL
UZ-TAS-MFY-326,NULL,Bog'ko'cha mahallasi,Боғкўча маҳалласи,Богкуча махалля,NULL,Bog'ko'cha mahallasi,Bog'ko'cha,NULL,NULL,Mahalla fuqarolar yig'ini (MFY),Shayxontohur,UZ-TAS-SHAYXONTOHUR,1726277,NULL,NULL,NULL,NULL,NULL,NULL,2023-11-24/2024-10-23 (range; exact date per district NOT ESTABLISHED),NOT ESTABLISHED,NULL,https://e-qaror.gov.uz (Tashkent City Kengash decisions; individual act not located),NULL,NULL,NULL,30.23,YES,NO,"Tashkent City Hokimiyat, Dept. of Digital Development, via Open Data Tashkent; republished on Esri CAC GeoPortal",https://hub.arcgis.com/api/v3/datasets/c51c854bad2d48f1beaad40272f8d483_0/downloads/data?format=geojson&spatialRefId=4326,https://services8.arcgis.com/GyR85gR88mMqIY4t/arcgis/rest/services/Tashkent_Mahallas/FeatureServer/0,stored EPSG:102100/3857; served as EPSG:4326 on request,2024-10 (adopted); 2025-07 (republication snapshot),OFFICIAL,Toshkent shahar hokimligi - Raqamli rivojlantirish boshqarmasi,https://services8.arcgis.com/GyR85gR88mMqIY4t/arcgis/rest/services/Tashkent_Mahallas/FeatureServer/0,A,2024-10-23,2026-09-18,NULL
UZ-TAS-MFY-327,NULL,Ilg'or mahallasi,Илғор маҳалласи,Илгор махалля,NULL,Ilg'or mahallasi,Ilg'or,NULL,NULL,Mahalla fuqarolar yig'ini (MFY),Shayxontohur,UZ-TAS-SHAYXONTOHUR,1726277,NULL,NULL,NULL,NULL,NULL,NULL,2023-11-24/2024-10-23 (range; exact date per district NOT ESTABLISHED),NOT ESTABLISHED,NULL,https://e-qaror.gov.uz (Tashkent City Kengash decisions; individual act not located),NULL,NULL,NULL,56.97,YES,NO,"Tashkent City Hokimiyat, Dept. of Digital Development, via Open Data Tashkent; republished on Esri CAC GeoPortal",https://hub.arcgis.com/api/v3/datasets/c51c854bad2d48f1beaad40272f8d483_0/downloads/data?format=geojson&spatialRefId=4326,https://services8.arcgis.com/GyR85gR88mMqIY4t/arcgis/rest/services/Tashkent_Mahallas/FeatureServer/0,stored EPSG:102100/3857; served as EPSG:4326 on request,2024-10 (adopted); 2025-07 (republication snapshot),OFFICIAL,Toshkent shahar hokimligi - Raqamli rivojlantirish boshqarmasi,https://services8.arcgis.com/GyR85gR88mMqIY4t/arcgis/rest/services/Tashkent_Mahallas/FeatureServer/0,A,2024-10-23,2026-09-18,NULL
UZ-TAS-MFY-328,NULL,Kattahovuz mahallasi,Каттаҳовуз маҳалласи,Каттаховуз махалля,NULL,Kattahovuz mahallasi,Kattahovuz,NULL,NULL,Mahalla fuqarolar yig'ini (MFY),Shayxontohur,UZ-TAS-SHAYXONTOHUR,1726277,NULL,NULL,NULL,NULL,NULL,NULL,2023-11-24/2024-10-23 (range; exact date per district NOT ESTABLISHED),NOT ESTABLISHED,NULL,https://e-qaror.gov.uz (Tashkent City Kengash decisions; individual act not located),NULL,NULL,NULL,35.01,YES,NO,"Tashkent City Hokimiyat, Dept. of Digital Development, via Open Data Tashkent; republished on Esri CAC GeoPortal",https://hub.arcgis.com/api/v3/datasets/c51c854bad2d48f1beaad40272f8d483_0/downloads/data?format=geojson&spatialRefId=4326,https://services8.arcgis.com/GyR85gR88mMqIY4t/arcgis/rest/services/Tashkent_Mahallas/FeatureServer/0,stored EPSG:102100/3857; served as EPSG:4326 on request,2024-10 (adopted); 2025-07 (republication snapshot),OFFICIAL,Toshkent shahar hokimligi - Raqamli rivojlantirish boshqarmasi,https://services8.arcgis.com/GyR85gR88mMqIY4t/arcgis/rest/services/Tashkent_Mahallas/FeatureServer/0,A,2024-10-23,2026-09-18,NULL
UZ-TAS-MFY-329,NULL,Yangi Beltepa mahallasi,Янги Белтепа маҳалласи,Янги Белтепа махалля,NULL,Yangi Beltepa mahallasi,Yangi Beltepa,NULL,NULL,Mahalla fuqarolar yig'ini (MFY),Shayxontohur,UZ-TAS-SHAYXONTOHUR,1726277,NULL,NULL,NULL,NULL,NULL,NULL,2023-11-24/2024-10-23 (range; exact date per district NOT ESTABLISHED),NOT ESTABLISHED,NULL,https://e-qaror.gov.uz (Tashkent City Kengash decisions; individual act not located),NULL,NULL,NULL,36.09,YES,NO,"Tashkent City Hokimiyat, Dept. of Digital Development, via Open Data Tashkent; republished on Esri CAC GeoPortal",https://hub.arcgis.com/api/v3/datasets/c51c854bad2d48f1beaad40272f8d483_0/downloads/data?format=geojson&spatialRefId=4326,https://services8.arcgis.com/GyR85gR88mMqIY4t/arcgis/rest/services/Tashkent_Mahallas/FeatureServer/0,stored EPSG:102100/3857; served as EPSG:4326 on request,2024-10 (adopted); 2025-07 (republication snapshot),OFFICIAL,Toshkent shahar hokimligi - Raqamli rivojlantirish boshqarmasi,https://services8.arcgis.com/GyR85gR88mMqIY4t/arcgis/rest/services/Tashkent_Mahallas/FeatureServer/0,A,2024-10-23,2026-09-18,NULL
UZ-TAS-MFY-330,NULL,Sarxumdon mahallasi,Сархумдон маҳалласи,Сархумдон махалля,NULL,Sarxumdon mahallasi,Sarxumdon,NULL,NULL,Mahalla fuqarolar yig'ini (MFY),Shayxontohur,UZ-TAS-SHAYXONTOHUR,1726277,NULL,NULL,NULL,NULL,NULL,NULL,2023-11-24/2024-10-23 (range; exact date per district NOT ESTABLISHED),NOT ESTABLISHED,NULL,https://e-qaror.gov.uz (Tashkent City Kengash decisions; individual act not located),NULL,NULL,NULL,25.86,YES,NO,"Tashkent City Hokimiyat, Dept. of Digital Development, via Open Data Tashkent; republished on Esri CAC GeoPortal",https://hub.arcgis.com/api/v3/datasets/c51c854bad2d48f1beaad40272f8d483_0/downloads/data?format=geojson&spatialRefId=4326,https://services8.arcgis.com/GyR85gR88mMqIY4t/arcgis/rest/services/Tashkent_Mahallas/FeatureServer/0,stored EPSG:102100/3857; served as EPSG:4326 on request,2024-10 (adopted); 2025-07 (republication snapshot),OFFICIAL,Toshkent shahar hokimligi - Raqamli rivojlantirish boshqarmasi,https://services8.arcgis.com/GyR85gR88mMqIY4t/arcgis/rest/services/Tashkent_Mahallas/FeatureServer/0,A,2024-10-23,2026-09-18,NULL
UZ-TAS-MFY-331,NULL,Yangi Jarariq mahallasi,Янги Жарариқ маҳалласи,Янги Жарарик махалля,NULL,Yangi Jarariq mahallasi,Yangi Jarariq,NULL,NULL,Mahalla fuqarolar yig'ini (MFY),Shayxontohur,UZ-TAS-SHAYXONTOHUR,1726277,NULL,NULL,NULL,NULL,NULL,NULL,2023-11-24/2024-10-23 (range; exact date per district NOT ESTABLISHED),NOT ESTABLISHED,NULL,https://e-qaror.gov.uz (Tashkent City Kengash decisions; individual act not located),NULL,NULL,NULL,9.33,YES,NO,"Tashkent City Hokimiyat, Dept. of Digital Development, via Open Data Tashkent; republished on Esri CAC GeoPortal",https://hub.arcgis.com/api/v3/datasets/c51c854bad2d48f1beaad40272f8d483_0/downloads/data?format=geojson&spatialRefId=4326,https://services8.arcgis.com/GyR85gR88mMqIY4t/arcgis/rest/services/Tashkent_Mahallas/FeatureServer/0,stored EPSG:102100/3857; served as EPSG:4326 on request,2024-10 (adopted); 2025-07 (republication snapshot),OFFICIAL,Toshkent shahar hokimligi - Raqamli rivojlantirish boshqarmasi,https://services8.arcgis.com/GyR85gR88mMqIY4t/arcgis/rest/services/Tashkent_Mahallas/FeatureServer/0,A,2024-10-23,2026-09-18,NULL
UZ-TAS-MFY-332,NULL,Jarariq mahallasi,Жарариқ маҳалласи,Жарарик махалля,NULL,Jarariq mahallasi,Jarariq,NULL,NULL,Mahalla fuqarolar yig'ini (MFY),Shayxontohur,UZ-TAS-SHAYXONTOHUR,1726277,NULL,NULL,NULL,NULL,NULL,NULL,2023-11-24/2024-10-23 (range; exact date per district NOT ESTABLISHED),NOT ESTABLISHED,NULL,https://e-qaror.gov.uz (Tashkent City Kengash decisions; individual act not located),NULL,NULL,NULL,43.18,YES,NO,"Tashkent City Hokimiyat, Dept. of Digital Development, via Open Data Tashkent; republished on Esri CAC GeoPortal",https://hub.arcgis.com/api/v3/datasets/c51c854bad2d48f1beaad40272f8d483_0/downloads/data?format=geojson&spatialRefId=4326,https://services8.arcgis.com/GyR85gR88mMqIY4t/arcgis/rest/services/Tashkent_Mahallas/FeatureServer/0,stored EPSG:102100/3857; served as EPSG:4326 on request,2024-10 (adopted); 2025-07 (republication snapshot),OFFICIAL,Toshkent shahar hokimligi - Raqamli rivojlantirish boshqarmasi,https://services8.arcgis.com/GyR85gR88mMqIY4t/arcgis/rest/services/Tashkent_Mahallas/FeatureServer/0,A,2024-10-23,2026-09-18,NULL
UZ-TAS-MFY-333,NULL,Ko'kcha Darvoza mahallasi,Кўкча Дарвоза маҳалласи,Кукча Дарвоза махалля,NULL,Ko'kcha Darvoza mahallasi,Ko'kcha Darvoza,NULL,NULL,Mahalla fuqarolar yig'ini (MFY),Shayxontohur,UZ-TAS-SHAYXONTOHUR,1726277,NULL,NULL,NULL,NULL,NULL,NULL,2023-11-24/2024-10-23 (range; exact date per district NOT ESTABLISHED),NOT ESTABLISHED,NULL,https://e-qaror.gov.uz (Tashkent City Kengash decisions; individual act not located),NULL,NULL,NULL,74.54,YES,NO,"Tashkent City Hokimiyat, Dept. of Digital Development, via Open Data Tashkent; republished on Esri CAC GeoPortal",https://hub.arcgis.com/api/v3/datasets/c51c854bad2d48f1beaad40272f8d483_0/downloads/data?format=geojson&spatialRefId=4326,https://services8.arcgis.com/GyR85gR88mMqIY4t/arcgis/rest/services/Tashkent_Mahallas/FeatureServer/0,stored EPSG:102100/3857; served as EPSG:4326 on request,2024-10 (adopted); 2025-07 (republication snapshot),OFFICIAL,Toshkent shahar hokimligi - Raqamli rivojlantirish boshqarmasi,https://services8.arcgis.com/GyR85gR88mMqIY4t/arcgis/rest/services/Tashkent_Mahallas/FeatureServer/0,A,2024-10-23,2026-09-18,NULL
UZ-TAS-MFY-334,NULL,Beltepa mahallasi,Белтепа маҳалласи,Белтепа махалля,NULL,Beltepa mahallasi,Beltepa,NULL,NULL,Mahalla fuqarolar yig'ini (MFY),Shayxontohur,UZ-TAS-SHAYXONTOHUR,1726277,NULL,NULL,NULL,NULL,NULL,NULL,2023-11-24/2024-10-23 (range; exact date per district NOT ESTABLISHED),NOT ESTABLISHED,NULL,https://e-qaror.gov.uz (Tashkent City Kengash decisions; individual act not located),NULL,NULL,NULL,65.29,YES,NO,"Tashkent City Hokimiyat, Dept. of Digital Development, via Open Data Tashkent; republished on Esri CAC GeoPortal",https://hub.arcgis.com/api/v3/datasets/c51c854bad2d48f1beaad40272f8d483_0/downloads/data?format=geojson&spatialRefId=4326,https://services8.arcgis.com/GyR85gR88mMqIY4t/arcgis/rest/services/Tashkent_Mahallas/FeatureServer/0,stored EPSG:102100/3857; served as EPSG:4326 on request,2024-10 (adopted); 2025-07 (republication snapshot),OFFICIAL,Toshkent shahar hokimligi - Raqamli rivojlantirish boshqarmasi,https://services8.arcgis.com/GyR85gR88mMqIY4t/arcgis/rest/services/Tashkent_Mahallas/FeatureServer/0,A,2024-10-23,2026-09-18,NULL
UZ-TAS-MFY-335,NULL,Katta Jarariq mahallasi,Катта Жарариқ маҳалласи,Катта Жарарик махалля,NULL,Katta Jarariq mahallasi,Katta Jarariq,NULL,NULL,Mahalla fuqarolar yig'ini (MFY),Shayxontohur,UZ-TAS-SHAYXONTOHUR,1726277,NULL,NULL,NULL,NULL,NULL,NULL,2023-11-24/2024-10-23 (range; exact date per district NOT ESTABLISHED),NOT ESTABLISHED,NULL,https://e-qaror.gov.uz (Tashkent City Kengash decisions; individual act not located),NULL,NULL,NULL,20.88,YES,NO,"Tashkent City Hokimiyat, Dept. of Digital Development, via Open Data Tashkent; republished on Esri CAC GeoPortal",https://hub.arcgis.com/api/v3/datasets/c51c854bad2d48f1beaad40272f8d483_0/downloads/data?format=geojson&spatialRefId=4326,https://services8.arcgis.com/GyR85gR88mMqIY4t/arcgis/rest/services/Tashkent_Mahallas/FeatureServer/0,stored EPSG:102100/3857; served as EPSG:4326 on request,2024-10 (adopted); 2025-07 (republication snapshot),OFFICIAL,Toshkent shahar hokimligi - Raqamli rivojlantirish boshqarmasi,https://services8.arcgis.com/GyR85gR88mMqIY4t/arcgis/rest/services/Tashkent_Mahallas/FeatureServer/0,A,2024-10-23,2026-09-18,NULL
UZ-TAS-MFY-336,NULL,Xadra mahallasi,Хадра маҳалласи,Хадра махалля,NULL,Xadra mahallasi,Xadra,NULL,NULL,Mahalla fuqarolar yig'ini (MFY),Shayxontohur,UZ-TAS-SHAYXONTOHUR,1726277,NULL,NULL,NULL,NULL,NULL,NULL,2023-11-24/2024-10-23 (range; exact date per district NOT ESTABLISHED),NOT ESTABLISHED,NULL,https://e-qaror.gov.uz (Tashkent City Kengash decisions; individual act not located),NULL,NULL,NULL,71.84,YES,NO,"Tashkent City Hokimiyat, Dept. of Digital Development, via Open Data Tashkent; republished on Esri CAC GeoPortal",https://hub.arcgis.com/api/v3/datasets/c51c854bad2d48f1beaad40272f8d483_0/downloads/data?format=geojson&spatialRefId=4326,https://services8.arcgis.com/GyR85gR88mMqIY4t/arcgis/rest/services/Tashkent_Mahallas/FeatureServer/0,stored EPSG:102100/3857; served as EPSG:4326 on request,2024-10 (adopted); 2025-07 (republication snapshot),OFFICIAL,Toshkent shahar hokimligi - Raqamli rivojlantirish boshqarmasi,https://services8.arcgis.com/GyR85gR88mMqIY4t/arcgis/rest/services/Tashkent_Mahallas/FeatureServer/0,A,2024-10-23,2026-09-18,NULL
UZ-TAS-MFY-337,NULL,Olmazor mahallasi,Олмазор маҳалласи,Олмазор махалля,NULL,Olmazor mahallasi,Olmazor,NULL,NULL,Mahalla fuqarolar yig'ini (MFY),Shayxontohur,UZ-TAS-SHAYXONTOHUR,1726277,NULL,NULL,NULL,NULL,NULL,NULL,2023-11-24/2024-10-23 (range; exact date per district NOT ESTABLISHED),NOT ESTABLISHED,NULL,https://e-qaror.gov.uz (Tashkent City Kengash decisions; individual act not located),NULL,NULL,NULL,62.88,YES,NO,"Tashkent City Hokimiyat, Dept. of Digital Development, via Open Data Tashkent; republished on Esri CAC GeoPortal",https://hub.arcgis.com/api/v3/datasets/c51c854bad2d48f1beaad40272f8d483_0/downloads/data?format=geojson&spatialRefId=4326,https://services8.arcgis.com/GyR85gR88mMqIY4t/arcgis/rest/services/Tashkent_Mahallas/FeatureServer/0,stored EPSG:102100/3857; served as EPSG:4326 on request,2024-10 (adopted); 2025-07 (republication snapshot),OFFICIAL,Toshkent shahar hokimligi - Raqamli rivojlantirish boshqarmasi,https://services8.arcgis.com/GyR85gR88mMqIY4t/arcgis/rest/services/Tashkent_Mahallas/FeatureServer/0,A,2024-10-23,2026-09-18,NULL
UZ-TAS-MFY-338,NULL,Kohota mahallasi,Коҳота маҳалласи,Кохота махалля,NULL,Kohota mahallasi,Kohota,NULL,NULL,Mahalla fuqarolar yig'ini (MFY),Shayxontohur,UZ-TAS-SHAYXONTOHUR,1726277,NULL,NULL,NULL,NULL,NULL,NULL,2023-11-24/2024-10-23 (range; exact date per district NOT ESTABLISHED),NOT ESTABLISHED,NULL,https://e-qaror.gov.uz (Tashkent City Kengash decisions; individual act not located),NULL,NULL,NULL,66.51,YES,NO,"Tashkent City Hokimiyat, Dept. of Digital Development, via Open Data Tashkent; republished on Esri CAC GeoPortal",https://hub.arcgis.com/api/v3/datasets/c51c854bad2d48f1beaad40272f8d483_0/downloads/data?format=geojson&spatialRefId=4326,https://services8.arcgis.com/GyR85gR88mMqIY4t/arcgis/rest/services/Tashkent_Mahallas/FeatureServer/0,stored EPSG:102100/3857; served as EPSG:4326 on request,2024-10 (adopted); 2025-07 (republication snapshot),OFFICIAL,Toshkent shahar hokimligi - Raqamli rivojlantirish boshqarmasi,https://services8.arcgis.com/GyR85gR88mMqIY4t/arcgis/rest/services/Tashkent_Mahallas/FeatureServer/0,A,2024-10-23,2026-09-18,NULL
UZ-TAS-MFY-339,NULL,Shayxontohur mahallasi,Шайхонтоҳур маҳалласи,Шайхонтохур махалля,NULL,Shayxontohur mahallasi,Shayxontohur,NULL,NULL,Mahalla fuqarolar yig'ini (MFY),Shayxontohur,UZ-TAS-SHAYXONTOHUR,1726277,NULL,NULL,NULL,NULL,NULL,NULL,2023-11-24/2024-10-23 (range; exact date per district NOT ESTABLISHED),NOT ESTABLISHED,NULL,https://e-qaror.gov.uz (Tashkent City Kengash decisions; individual act not located),NULL,NULL,NULL,44.71,YES,NO,"Tashkent City Hokimiyat, Dept. of Digital Development, via Open Data Tashkent; republished on Esri CAC GeoPortal",https://hub.arcgis.com/api/v3/datasets/c51c854bad2d48f1beaad40272f8d483_0/downloads/data?format=geojson&spatialRefId=4326,https://services8.arcgis.com/GyR85gR88mMqIY4t/arcgis/rest/services/Tashkent_Mahallas/FeatureServer/0,stored EPSG:102100/3857; served as EPSG:4326 on request,2024-10 (adopted); 2025-07 (republication snapshot),OFFICIAL,Toshkent shahar hokimligi - Raqamli rivojlantirish boshqarmasi,https://services8.arcgis.com/GyR85gR88mMqIY4t/arcgis/rest/services/Tashkent_Mahallas/FeatureServer/0,A,2024-10-23,2026-09-18,NULL
UZ-TAS-MFY-340,NULL,O'qchi mahallasi,Ўқчи маҳалласи,Укчи махалля,NULL,O'qchi mahallasi,O'qchi,NULL,NULL,Mahalla fuqarolar yig'ini (MFY),Shayxontohur,UZ-TAS-SHAYXONTOHUR,1726277,NULL,NULL,NULL,NULL,NULL,NULL,2023-11-24/2024-10-23 (range; exact date per district NOT ESTABLISHED),NOT ESTABLISHED,NULL,https://e-qaror.gov.uz (Tashkent City Kengash decisions; individual act not located),NULL,NULL,NULL,45.7,YES,NO,"Tashkent City Hokimiyat, Dept. of Digital Development, via Open Data Tashkent; republished on Esri CAC GeoPortal",https://hub.arcgis.com/api/v3/datasets/c51c854bad2d48f1beaad40272f8d483_0/downloads/data?format=geojson&spatialRefId=4326,https://services8.arcgis.com/GyR85gR88mMqIY4t/arcgis/rest/services/Tashkent_Mahallas/FeatureServer/0,stored EPSG:102100/3857; served as EPSG:4326 on request,2024-10 (adopted); 2025-07 (republication snapshot),OFFICIAL,Toshkent shahar hokimligi - Raqamli rivojlantirish boshqarmasi,https://services8.arcgis.com/GyR85gR88mMqIY4t/arcgis/rest/services/Tashkent_Mahallas/FeatureServer/0,A,2024-10-23,2026-09-18,NULL
UZ-TAS-MFY-341,NULL,Gulobod mahallasi,Гулобод маҳалласи,Гулобод махалля,NULL,Gulobod mahallasi,Gulobod,NULL,NULL,Mahalla fuqarolar yig'ini (MFY),Shayxontohur,UZ-TAS-SHAYXONTOHUR,1726277,NULL,NULL,NULL,NULL,NULL,NULL,2023-11-24/2024-10-23 (range; exact date per district NOT ESTABLISHED),NOT ESTABLISHED,NULL,https://e-qaror.gov.uz (Tashkent City Kengash decisions; individual act not located),NULL,NULL,NULL,29.56,YES,NO,"Tashkent City Hokimiyat, Dept. of Digital Development, via Open Data Tashkent; republished on Esri CAC GeoPortal",https://hub.arcgis.com/api/v3/datasets/c51c854bad2d48f1beaad40272f8d483_0/downloads/data?format=geojson&spatialRefId=4326,https://services8.arcgis.com/GyR85gR88mMqIY4t/arcgis/rest/services/Tashkent_Mahallas/FeatureServer/0,stored EPSG:102100/3857; served as EPSG:4326 on request,2024-10 (adopted); 2025-07 (republication snapshot),OFFICIAL,Toshkent shahar hokimligi - Raqamli rivojlantirish boshqarmasi,https://services8.arcgis.com/GyR85gR88mMqIY4t/arcgis/rest/services/Tashkent_Mahallas/FeatureServer/0,A,2024-10-23,2026-09-18,NULL
UZ-TAS-MFY-342,NULL,Gulbozor mahallasi,Гулбозор маҳалласи,Гулбозор махалля,NULL,Gulbozor mahallasi,Gulbozor,NULL,NULL,Mahalla fuqarolar yig'ini (MFY),Shayxontohur,UZ-TAS-SHAYXONTOHUR,1726277,NULL,NULL,NULL,NULL,NULL,NULL,2023-11-24/2024-10-23 (range; exact date per district NOT ESTABLISHED),NOT ESTABLISHED,NULL,https://e-qaror.gov.uz (Tashkent City Kengash decisions; individual act not located),NULL,NULL,NULL,44.97,YES,NO,"Tashkent City Hokimiyat, Dept. of Digital Development, via Open Data Tashkent; republished on Esri CAC GeoPortal",https://hub.arcgis.com/api/v3/datasets/c51c854bad2d48f1beaad40272f8d483_0/downloads/data?format=geojson&spatialRefId=4326,https://services8.arcgis.com/GyR85gR88mMqIY4t/arcgis/rest/services/Tashkent_Mahallas/FeatureServer/0,stored EPSG:102100/3857; served as EPSG:4326 on request,2024-10 (adopted); 2025-07 (republication snapshot),OFFICIAL,Toshkent shahar hokimligi - Raqamli rivojlantirish boshqarmasi,https://services8.arcgis.com/GyR85gR88mMqIY4t/arcgis/rest/services/Tashkent_Mahallas/FeatureServer/0,A,2024-10-23,2026-09-18,NULL
UZ-TAS-MFY-343,NULL,Janggoh mahallasi,Жанггоҳ маҳалласи,Жанггох махалля,NULL,Janggoh mahallasi,Janggoh,NULL,NULL,Mahalla fuqarolar yig'ini (MFY),Shayxontohur,UZ-TAS-SHAYXONTOHUR,1726277,NULL,NULL,NULL,NULL,NULL,NULL,2023-11-24/2024-10-23 (range; exact date per district NOT ESTABLISHED),NOT ESTABLISHED,NULL,https://e-qaror.gov.uz (Tashkent City Kengash decisions; individual act not located),NULL,NULL,NULL,28.76,YES,NO,"Tashkent City Hokimiyat, Dept. of Digital Development, via Open Data Tashkent; republished on Esri CAC GeoPortal",https://hub.arcgis.com/api/v3/datasets/c51c854bad2d48f1beaad40272f8d483_0/downloads/data?format=geojson&spatialRefId=4326,https://services8.arcgis.com/GyR85gR88mMqIY4t/arcgis/rest/services/Tashkent_Mahallas/FeatureServer/0,stored EPSG:102100/3857; served as EPSG:4326 on request,2024-10 (adopted); 2025-07 (republication snapshot),OFFICIAL,Toshkent shahar hokimligi - Raqamli rivojlantirish boshqarmasi,https://services8.arcgis.com/GyR85gR88mMqIY4t/arcgis/rest/services/Tashkent_Mahallas/FeatureServer/0,A,2024-10-23,2026-09-18,NULL
UZ-TAS-MFY-344,NULL,Chorsu mahallasi,Чорсу маҳалласи,Чорсу махалля,NULL,Chorsu mahallasi,Chorsu,NULL,NULL,Mahalla fuqarolar yig'ini (MFY),Shayxontohur,UZ-TAS-SHAYXONTOHUR,1726277,NULL,NULL,NULL,NULL,NULL,NULL,2023-11-24/2024-10-23 (range; exact date per district NOT ESTABLISHED),NOT ESTABLISHED,NULL,https://e-qaror.gov.uz (Tashkent City Kengash decisions; individual act not located),NULL,NULL,NULL,37.52,YES,NO,"Tashkent City Hokimiyat, Dept. of Digital Development, via Open Data Tashkent; republished on Esri CAC GeoPortal",https://hub.arcgis.com/api/v3/datasets/c51c854bad2d48f1beaad40272f8d483_0/downloads/data?format=geojson&spatialRefId=4326,https://services8.arcgis.com/GyR85gR88mMqIY4t/arcgis/rest/services/Tashkent_Mahallas/FeatureServer/0,stored EPSG:102100/3857; served as EPSG:4326 on request,2024-10 (adopted); 2025-07 (republication snapshot),OFFICIAL,Toshkent shahar hokimligi - Raqamli rivojlantirish boshqarmasi,https://services8.arcgis.com/GyR85gR88mMqIY4t/arcgis/rest/services/Tashkent_Mahallas/FeatureServer/0,A,2024-10-23,2026-09-18,NULL
UZ-TAS-MFY-345,NULL,Bo'ston mahallasi,Бўстон маҳалласи,Бустон махалля,NULL,Bo'ston mahallasi,Bo'ston,NULL,NULL,Mahalla fuqarolar yig'ini (MFY),Shayxontohur,UZ-TAS-SHAYXONTOHUR,1726277,NULL,NULL,NULL,NULL,NULL,NULL,2023-11-24/2024-10-23 (range; exact date per district NOT ESTABLISHED),NOT ESTABLISHED,NULL,https://e-qaror.gov.uz (Tashkent City Kengash decisions; individual act not located),NULL,NULL,NULL,86.25,YES,NO,"Tashkent City Hokimiyat, Dept. of Digital Development, via Open Data Tashkent; republished on Esri CAC GeoPortal",https://hub.arcgis.com/api/v3/datasets/c51c854bad2d48f1beaad40272f8d483_0/downloads/data?format=geojson&spatialRefId=4326,https://services8.arcgis.com/GyR85gR88mMqIY4t/arcgis/rest/services/Tashkent_Mahallas/FeatureServer/0,stored EPSG:102100/3857; served as EPSG:4326 on request,2024-10 (adopted); 2025-07 (republication snapshot),OFFICIAL,Toshkent shahar hokimligi - Raqamli rivojlantirish boshqarmasi,https://services8.arcgis.com/GyR85gR88mMqIY4t/arcgis/rest/services/Tashkent_Mahallas/FeatureServer/0,A,2024-10-23,2026-09-18,NULL
UZ-TAS-MFY-346,NULL,Ipakchi mahallasi,Ипакчи маҳалласи,Ипакчи махалля,NULL,Ipakchi mahallasi,Ipakchi,NULL,NULL,Mahalla fuqarolar yig'ini (MFY),Shayxontohur,UZ-TAS-SHAYXONTOHUR,1726277,NULL,NULL,NULL,NULL,NULL,NULL,2023-11-24/2024-10-23 (range; exact date per district NOT ESTABLISHED),NOT ESTABLISHED,NULL,https://e-qaror.gov.uz (Tashkent City Kengash decisions; individual act not located),NULL,NULL,NULL,136.61,YES,NO,"Tashkent City Hokimiyat, Dept. of Digital Development, via Open Data Tashkent; republished on Esri CAC GeoPortal",https://hub.arcgis.com/api/v3/datasets/c51c854bad2d48f1beaad40272f8d483_0/downloads/data?format=geojson&spatialRefId=4326,https://services8.arcgis.com/GyR85gR88mMqIY4t/arcgis/rest/services/Tashkent_Mahallas/FeatureServer/0,stored EPSG:102100/3857; served as EPSG:4326 on request,2024-10 (adopted); 2025-07 (republication snapshot),OFFICIAL,Toshkent shahar hokimligi - Raqamli rivojlantirish boshqarmasi,https://services8.arcgis.com/GyR85gR88mMqIY4t/arcgis/rest/services/Tashkent_Mahallas/FeatureServer/0,A,2024-10-23,2026-09-18,NULL
UZ-TAS-MFY-347,NULL,Yangi Kamolon mahallasi,Янги Камолон маҳалласи,Янги Камолон махалля,NULL,Yangi Kamolon mahallasi,Yangi Kamolon,NULL,NULL,Mahalla fuqarolar yig'ini (MFY),Shayxontohur,UZ-TAS-SHAYXONTOHUR,1726277,NULL,NULL,NULL,NULL,NULL,NULL,2023-11-24/2024-10-23 (range; exact date per district NOT ESTABLISHED),NOT ESTABLISHED,NULL,https://e-qaror.gov.uz (Tashkent City Kengash decisions; individual act not located),NULL,NULL,NULL,20.81,YES,NO,"Tashkent City Hokimiyat, Dept. of Digital Development, via Open Data Tashkent; republished on Esri CAC GeoPortal",https://hub.arcgis.com/api/v3/datasets/c51c854bad2d48f1beaad40272f8d483_0/downloads/data?format=geojson&spatialRefId=4326,https://services8.arcgis.com/GyR85gR88mMqIY4t/arcgis/rest/services/Tashkent_Mahallas/FeatureServer/0,stored EPSG:102100/3857; served as EPSG:4326 on request,2024-10 (adopted); 2025-07 (republication snapshot),OFFICIAL,Toshkent shahar hokimligi - Raqamli rivojlantirish boshqarmasi,https://services8.arcgis.com/GyR85gR88mMqIY4t/arcgis/rest/services/Tashkent_Mahallas/FeatureServer/0,A,2024-10-23,2026-09-18,NULL
UZ-TAS-MFY-348,NULL,Suzukota mahallasi,Сузукота маҳалласи,Сузукота махалля,NULL,Suzukota mahallasi,Suzukota,NULL,NULL,Mahalla fuqarolar yig'ini (MFY),Shayxontohur,UZ-TAS-SHAYXONTOHUR,1726277,NULL,NULL,NULL,NULL,NULL,NULL,2023-11-24/2024-10-23 (range; exact date per district NOT ESTABLISHED),NOT ESTABLISHED,NULL,https://e-qaror.gov.uz (Tashkent City Kengash decisions; individual act not located),NULL,NULL,NULL,25.53,YES,NO,"Tashkent City Hokimiyat, Dept. of Digital Development, via Open Data Tashkent; republished on Esri CAC GeoPortal",https://hub.arcgis.com/api/v3/datasets/c51c854bad2d48f1beaad40272f8d483_0/downloads/data?format=geojson&spatialRefId=4326,https://services8.arcgis.com/GyR85gR88mMqIY4t/arcgis/rest/services/Tashkent_Mahallas/FeatureServer/0,stored EPSG:102100/3857; served as EPSG:4326 on request,2024-10 (adopted); 2025-07 (republication snapshot),OFFICIAL,Toshkent shahar hokimligi - Raqamli rivojlantirish boshqarmasi,https://services8.arcgis.com/GyR85gR88mMqIY4t/arcgis/rest/services/Tashkent_Mahallas/FeatureServer/0,A,2024-10-23,2026-09-18,NULL
UZ-TAS-MFY-349,NULL,Taxtapul mahallasi,Тахтапул маҳалласи,Тахтапул махалля,NULL,Taxtapul mahallasi,Taxtapul,NULL,NULL,Mahalla fuqarolar yig'ini (MFY),Shayxontohur,UZ-TAS-SHAYXONTOHUR,1726277,NULL,NULL,NULL,NULL,NULL,NULL,2023-11-24/2024-10-23 (range; exact date per district NOT ESTABLISHED),NOT ESTABLISHED,NULL,https://e-qaror.gov.uz (Tashkent City Kengash decisions; individual act not located),NULL,NULL,NULL,74.09,YES,NO,"Tashkent City Hokimiyat, Dept. of Digital Development, via Open Data Tashkent; republished on Esri CAC GeoPortal",https://hub.arcgis.com/api/v3/datasets/c51c854bad2d48f1beaad40272f8d483_0/downloads/data?format=geojson&spatialRefId=4326,https://services8.arcgis.com/GyR85gR88mMqIY4t/arcgis/rest/services/Tashkent_Mahallas/FeatureServer/0,stored EPSG:102100/3857; served as EPSG:4326 on request,2024-10 (adopted); 2025-07 (republication snapshot),OFFICIAL,Toshkent shahar hokimligi - Raqamli rivojlantirish boshqarmasi,https://services8.arcgis.com/GyR85gR88mMqIY4t/arcgis/rest/services/Tashkent_Mahallas/FeatureServer/0,A,2024-10-23,2026-09-18,NULL
UZ-TAS-MFY-350,NULL,Olim Xo'jayev mahallasi,Олим Хўжаев маҳалласи,Олим Хужаев махалля,NULL,Olim Xo'jayev mahallasi,Olim Xo'jayev,NULL,NULL,Mahalla fuqarolar yig'ini (MFY),Shayxontohur,UZ-TAS-SHAYXONTOHUR,1726277,NULL,NULL,NULL,NULL,NULL,NULL,2023-11-24/2024-10-23 (range; exact date per district NOT ESTABLISHED),NOT ESTABLISHED,NULL,https://e-qaror.gov.uz (Tashkent City Kengash decisions; individual act not located),NULL,NULL,NULL,56.67,YES,NO,"Tashkent City Hokimiyat, Dept. of Digital Development, via Open Data Tashkent; republished on Esri CAC GeoPortal",https://hub.arcgis.com/api/v3/datasets/c51c854bad2d48f1beaad40272f8d483_0/downloads/data?format=geojson&spatialRefId=4326,https://services8.arcgis.com/GyR85gR88mMqIY4t/arcgis/rest/services/Tashkent_Mahallas/FeatureServer/0,stored EPSG:102100/3857; served as EPSG:4326 on request,2024-10 (adopted); 2025-07 (republication snapshot),OFFICIAL,Toshkent shahar hokimligi - Raqamli rivojlantirish boshqarmasi,https://services8.arcgis.com/GyR85gR88mMqIY4t/arcgis/rest/services/Tashkent_Mahallas/FeatureServer/0,A,2024-10-23,2026-09-18,NULL
UZ-TAS-MFY-351,NULL,Charxnovza mahallasi,Чархновза маҳалласи,Чархновза махалля,NULL,Charxnovza mahallasi,Charxnovza,NULL,NULL,Mahalla fuqarolar yig'ini (MFY),Shayxontohur,UZ-TAS-SHAYXONTOHUR,1726277,NULL,NULL,NULL,NULL,NULL,NULL,2023-11-24/2024-10-23 (range; exact date per district NOT ESTABLISHED),NOT ESTABLISHED,NULL,https://e-qaror.gov.uz (Tashkent City Kengash decisions; individual act not located),NULL,NULL,NULL,39.67,YES,NO,"Tashkent City Hokimiyat, Dept. of Digital Development, via Open Data Tashkent; republished on Esri CAC GeoPortal",https://hub.arcgis.com/api/v3/datasets/c51c854bad2d48f1beaad40272f8d483_0/downloads/data?format=geojson&spatialRefId=4326,https://services8.arcgis.com/GyR85gR88mMqIY4t/arcgis/rest/services/Tashkent_Mahallas/FeatureServer/0,stored EPSG:102100/3857; served as EPSG:4326 on request,2024-10 (adopted); 2025-07 (republication snapshot),OFFICIAL,Toshkent shahar hokimligi - Raqamli rivojlantirish boshqarmasi,https://services8.arcgis.com/GyR85gR88mMqIY4t/arcgis/rest/services/Tashkent_Mahallas/FeatureServer/0,A,2024-10-23,2026-09-18,NULL
UZ-TAS-MFY-352,NULL,Katta Oqtepa mahallasi,Катта Оқтепа маҳалласи,Катта Октепа махалля,NULL,Katta Oqtepa mahallasi,Katta Oqtepa,NULL,NULL,Mahalla fuqarolar yig'ini (MFY),Shayxontohur,UZ-TAS-SHAYXONTOHUR,1726277,NULL,NULL,NULL,NULL,NULL,NULL,2023-11-24/2024-10-23 (range; exact date per district NOT ESTABLISHED),NOT ESTABLISHED,NULL,https://e-qaror.gov.uz (Tashkent City Kengash decisions; individual act not located),NULL,NULL,NULL,93.8,YES,NO,"Tashkent City Hokimiyat, Dept. of Digital Development, via Open Data Tashkent; republished on Esri CAC GeoPortal",https://hub.arcgis.com/api/v3/datasets/c51c854bad2d48f1beaad40272f8d483_0/downloads/data?format=geojson&spatialRefId=4326,https://services8.arcgis.com/GyR85gR88mMqIY4t/arcgis/rest/services/Tashkent_Mahallas/FeatureServer/0,stored EPSG:102100/3857; served as EPSG:4326 on request,2024-10 (adopted); 2025-07 (republication snapshot),OFFICIAL,Toshkent shahar hokimligi - Raqamli rivojlantirish boshqarmasi,https://services8.arcgis.com/GyR85gR88mMqIY4t/arcgis/rest/services/Tashkent_Mahallas/FeatureServer/0,A,2024-10-23,2026-09-18,NULL
UZ-TAS-MFY-353,NULL,Samarqand Darvoza mahallasi,Самарқанд Дарвоза маҳалласи,Самарканд Дарвоза махалля,NULL,Samarqand Darvoza mahallasi,Samarqand Darvoza,NULL,NULL,Mahalla fuqarolar yig'ini (MFY),Shayxontohur,UZ-TAS-SHAYXONTOHUR,1726277,NULL,NULL,NULL,NULL,NULL,NULL,2023-11-24/2024-10-23 (range; exact date per district NOT ESTABLISHED),NOT ESTABLISHED,NULL,https://e-qaror.gov.uz (Tashkent City Kengash decisions; individual act not located),NULL,NULL,NULL,70.42,YES,NO,"Tashkent City Hokimiyat, Dept. of Digital Development, via Open Data Tashkent; republished on Esri CAC GeoPortal",https://hub.arcgis.com/api/v3/datasets/c51c854bad2d48f1beaad40272f8d483_0/downloads/data?format=geojson&spatialRefId=4326,https://services8.arcgis.com/GyR85gR88mMqIY4t/arcgis/rest/services/Tashkent_Mahallas/FeatureServer/0,stored EPSG:102100/3857; served as EPSG:4326 on request,2024-10 (adopted); 2025-07 (republication snapshot),OFFICIAL,Toshkent shahar hokimligi - Raqamli rivojlantirish boshqarmasi,https://services8.arcgis.com/GyR85gR88mMqIY4t/arcgis/rest/services/Tashkent_Mahallas/FeatureServer/0,A,2024-10-23,2026-09-18,NULL
UZ-TAS-MFY-354,NULL,Huvaydo mahallasi,Ҳувайдо маҳалласи,Хувайдо махалля,NULL,Huvaydo mahallasi,Huvaydo,NULL,NULL,Mahalla fuqarolar yig'ini (MFY),Shayxontohur,UZ-TAS-SHAYXONTOHUR,1726277,NULL,NULL,NULL,NULL,NULL,NULL,2023-11-24/2024-10-23 (range; exact date per district NOT ESTABLISHED),NOT ESTABLISHED,NULL,https://e-qaror.gov.uz (Tashkent City Kengash decisions; individual act not located),NULL,NULL,NULL,28.11,YES,NO,"Tashkent City Hokimiyat, Dept. of Digital Development, via Open Data Tashkent; republished on Esri CAC GeoPortal",https://hub.arcgis.com/api/v3/datasets/c51c854bad2d48f1beaad40272f8d483_0/downloads/data?format=geojson&spatialRefId=4326,https://services8.arcgis.com/GyR85gR88mMqIY4t/arcgis/rest/services/Tashkent_Mahallas/FeatureServer/0,stored EPSG:102100/3857; served as EPSG:4326 on request,2024-10 (adopted); 2025-07 (republication snapshot),OFFICIAL,Toshkent shahar hokimligi - Raqamli rivojlantirish boshqarmasi,https://services8.arcgis.com/GyR85gR88mMqIY4t/arcgis/rest/services/Tashkent_Mahallas/FeatureServer/0,A,2024-10-23,2026-09-18,NULL
UZ-TAS-MFY-355,NULL,Shodlik mahallasi,Шодлик маҳалласи,Шодлик махалля,NULL,Shodlik mahallasi,Shodlik,NULL,NULL,Mahalla fuqarolar yig'ini (MFY),Shayxontohur,UZ-TAS-SHAYXONTOHUR,1726277,NULL,NULL,NULL,NULL,NULL,NULL,2023-11-24/2024-10-23 (range; exact date per district NOT ESTABLISHED),NOT ESTABLISHED,NULL,https://e-qaror.gov.uz (Tashkent City Kengash decisions; individual act not located),NULL,NULL,NULL,41.63,YES,NO,"Tashkent City Hokimiyat, Dept. of Digital Development, via Open Data Tashkent; republished on Esri CAC GeoPortal",https://hub.arcgis.com/api/v3/datasets/c51c854bad2d48f1beaad40272f8d483_0/downloads/data?format=geojson&spatialRefId=4326,https://services8.arcgis.com/GyR85gR88mMqIY4t/arcgis/rest/services/Tashkent_Mahallas/FeatureServer/0,stored EPSG:102100/3857; served as EPSG:4326 on request,2024-10 (adopted); 2025-07 (republication snapshot),OFFICIAL,Toshkent shahar hokimligi - Raqamli rivojlantirish boshqarmasi,https://services8.arcgis.com/GyR85gR88mMqIY4t/arcgis/rest/services/Tashkent_Mahallas/FeatureServer/0,A,2024-10-23,2026-09-18,NULL
UZ-TAS-MFY-356,NULL,Zafarobod mahallasi,Зафаробод маҳалласи,Зафаробод махалля,NULL,Zafarobod mahallasi,Zafarobod,NULL,NULL,Mahalla fuqarolar yig'ini (MFY),Shayxontohur,UZ-TAS-SHAYXONTOHUR,1726277,NULL,NULL,NULL,NULL,NULL,NULL,2023-11-24/2024-10-23 (range; exact date per district NOT ESTABLISHED),NOT ESTABLISHED,NULL,https://e-qaror.gov.uz (Tashkent City Kengash decisions; individual act not located),NULL,NULL,NULL,100.41,YES,NO,"Tashkent City Hokimiyat, Dept. of Digital Development, via Open Data Tashkent; republished on Esri CAC GeoPortal",https://hub.arcgis.com/api/v3/datasets/c51c854bad2d48f1beaad40272f8d483_0/downloads/data?format=geojson&spatialRefId=4326,https://services8.arcgis.com/GyR85gR88mMqIY4t/arcgis/rest/services/Tashkent_Mahallas/FeatureServer/0,stored EPSG:102100/3857; served as EPSG:4326 on request,2024-10 (adopted); 2025-07 (republication snapshot),OFFICIAL,Toshkent shahar hokimligi - Raqamli rivojlantirish boshqarmasi,https://services8.arcgis.com/GyR85gR88mMqIY4t/arcgis/rest/services/Tashkent_Mahallas/FeatureServer/0,A,2024-10-23,2026-09-18,NULL
UZ-TAS-MFY-357,NULL,Kamolon mahallasi,Камолон маҳалласи,Камолон махалля,NULL,Kamolon mahallasi,Kamolon,NULL,NULL,Mahalla fuqarolar yig'ini (MFY),Shayxontohur,UZ-TAS-SHAYXONTOHUR,1726277,NULL,NULL,NULL,NULL,NULL,NULL,2023-11-24/2024-10-23 (range; exact date per district NOT ESTABLISHED),NOT ESTABLISHED,NULL,https://e-qaror.gov.uz (Tashkent City Kengash decisions; individual act not located),NULL,NULL,NULL,24.93,YES,NO,"Tashkent City Hokimiyat, Dept. of Digital Development, via Open Data Tashkent; republished on Esri CAC GeoPortal",https://hub.arcgis.com/api/v3/datasets/c51c854bad2d48f1beaad40272f8d483_0/downloads/data?format=geojson&spatialRefId=4326,https://services8.arcgis.com/GyR85gR88mMqIY4t/arcgis/rest/services/Tashkent_Mahallas/FeatureServer/0,stored EPSG:102100/3857; served as EPSG:4326 on request,2024-10 (adopted); 2025-07 (republication snapshot),OFFICIAL,Toshkent shahar hokimligi - Raqamli rivojlantirish boshqarmasi,https://services8.arcgis.com/GyR85gR88mMqIY4t/arcgis/rest/services/Tashkent_Mahallas/FeatureServer/0,A,2024-10-23,2026-09-18,NULL
UZ-TAS-MFY-358,NULL,Kattabog' mahallasi,Каттабоғ маҳалласи,Каттабог махалля,NULL,Kattabog' mahallasi,Kattabog',NULL,NULL,Mahalla fuqarolar yig'ini (MFY),Shayxontohur,UZ-TAS-SHAYXONTOHUR,1726277,NULL,NULL,NULL,NULL,NULL,NULL,2023-11-24/2024-10-23 (range; exact date per district NOT ESTABLISHED),NOT ESTABLISHED,NULL,https://e-qaror.gov.uz (Tashkent City Kengash decisions; individual act not located),NULL,NULL,NULL,27.99,YES,NO,"Tashkent City Hokimiyat, Dept. of Digital Development, via Open Data Tashkent; republished on Esri CAC GeoPortal",https://hub.arcgis.com/api/v3/datasets/c51c854bad2d48f1beaad40272f8d483_0/downloads/data?format=geojson&spatialRefId=4326,https://services8.arcgis.com/GyR85gR88mMqIY4t/arcgis/rest/services/Tashkent_Mahallas/FeatureServer/0,stored EPSG:102100/3857; served as EPSG:4326 on request,2024-10 (adopted); 2025-07 (republication snapshot),OFFICIAL,Toshkent shahar hokimligi - Raqamli rivojlantirish boshqarmasi,https://services8.arcgis.com/GyR85gR88mMqIY4t/arcgis/rest/services/Tashkent_Mahallas/FeatureServer/0,A,2024-10-23,2026-09-18,NULL
UZ-TAS-MFY-359,NULL,Obinazir mahallasi,Обиназир маҳалласи,Обиназир махалля,NULL,Obinazir mahallasi,Obinazir,NULL,NULL,Mahalla fuqarolar yig'ini (MFY),Shayxontohur,UZ-TAS-SHAYXONTOHUR,1726277,NULL,NULL,NULL,NULL,NULL,NULL,2023-11-24/2024-10-23 (range; exact date per district NOT ESTABLISHED),NOT ESTABLISHED,NULL,https://e-qaror.gov.uz (Tashkent City Kengash decisions; individual act not located),NULL,NULL,NULL,25.65,YES,NO,"Tashkent City Hokimiyat, Dept. of Digital Development, via Open Data Tashkent; republished on Esri CAC GeoPortal",https://hub.arcgis.com/api/v3/datasets/c51c854bad2d48f1beaad40272f8d483_0/downloads/data?format=geojson&spatialRefId=4326,https://services8.arcgis.com/GyR85gR88mMqIY4t/arcgis/rest/services/Tashkent_Mahallas/FeatureServer/0,stored EPSG:102100/3857; served as EPSG:4326 on request,2024-10 (adopted); 2025-07 (republication snapshot),OFFICIAL,Toshkent shahar hokimligi - Raqamli rivojlantirish boshqarmasi,https://services8.arcgis.com/GyR85gR88mMqIY4t/arcgis/rest/services/Tashkent_Mahallas/FeatureServer/0,A,2024-10-23,2026-09-18,NULL
UZ-TAS-MFY-360,NULL,Eski Jarariq mahallasi,Эски Жарариқ маҳалласи,Эски Жарарик махалля,NULL,Eski Jarariq mahallasi,Eski Jarariq,NULL,NULL,Mahalla fuqarolar yig'ini (MFY),Shayxontohur,UZ-TAS-SHAYXONTOHUR,1726277,NULL,NULL,NULL,NULL,NULL,NULL,2023-11-24/2024-10-23 (range; exact date per district NOT ESTABLISHED),NOT ESTABLISHED,NULL,https://e-qaror.gov.uz (Tashkent City Kengash decisions; individual act not located),NULL,NULL,NULL,75.42,YES,NO,"Tashkent City Hokimiyat, Dept. of Digital Development, via Open Data Tashkent; republished on Esri CAC GeoPortal",https://hub.arcgis.com/api/v3/datasets/c51c854bad2d48f1beaad40272f8d483_0/downloads/data?format=geojson&spatialRefId=4326,https://services8.arcgis.com/GyR85gR88mMqIY4t/arcgis/rest/services/Tashkent_Mahallas/FeatureServer/0,stored EPSG:102100/3857; served as EPSG:4326 on request,2024-10 (adopted); 2025-07 (republication snapshot),OFFICIAL,Toshkent shahar hokimligi - Raqamli rivojlantirish boshqarmasi,https://services8.arcgis.com/GyR85gR88mMqIY4t/arcgis/rest/services/Tashkent_Mahallas/FeatureServer/0,A,2024-10-23,2026-09-18,NULL
UZ-TAS-MFY-361,NULL,O'zbekiston mahallasi,Ўзбекистон маҳалласи,Узбекистон махалля,NULL,O'zbekiston mahallasi,O'zbekiston,NULL,NULL,Mahalla fuqarolar yig'ini (MFY),Shayxontohur,UZ-TAS-SHAYXONTOHUR,1726277,NULL,NULL,NULL,NULL,NULL,NULL,2023-11-24/2024-10-23 (range; exact date per district NOT ESTABLISHED),NOT ESTABLISHED,NULL,https://e-qaror.gov.uz (Tashkent City Kengash decisions; individual act not located),NULL,NULL,NULL,124.97,YES,NO,"Tashkent City Hokimiyat, Dept. of Digital Development, via Open Data Tashkent; republished on Esri CAC GeoPortal",https://hub.arcgis.com/api/v3/datasets/c51c854bad2d48f1beaad40272f8d483_0/downloads/data?format=geojson&spatialRefId=4326,https://services8.arcgis.com/GyR85gR88mMqIY4t/arcgis/rest/services/Tashkent_Mahallas/FeatureServer/0,stored EPSG:102100/3857; served as EPSG:4326 on request,2024-10 (adopted); 2025-07 (republication snapshot),OFFICIAL,Toshkent shahar hokimligi - Raqamli rivojlantirish boshqarmasi,https://services8.arcgis.com/GyR85gR88mMqIY4t/arcgis/rest/services/Tashkent_Mahallas/FeatureServer/0,A,2024-10-23,2026-09-18,NULL
UZ-TAS-MFY-362,NULL,Kamolon Darvoza mahallasi,Камолон Дарвоза маҳалласи,Камолон Дарвоза махалля,NULL,Kamolon Darvoza mahallasi,Kamolon Darvoza,NULL,NULL,Mahalla fuqarolar yig'ini (MFY),Shayxontohur,UZ-TAS-SHAYXONTOHUR,1726277,NULL,NULL,NULL,NULL,NULL,NULL,2023-11-24/2024-10-23 (range; exact date per district NOT ESTABLISHED),NOT ESTABLISHED,NULL,https://e-qaror.gov.uz (Tashkent City Kengash decisions; individual act not located),NULL,NULL,NULL,35.81,YES,NO,"Tashkent City Hokimiyat, Dept. of Digital Development, via Open Data Tashkent; republished on Esri CAC GeoPortal",https://hub.arcgis.com/api/v3/datasets/c51c854bad2d48f1beaad40272f8d483_0/downloads/data?format=geojson&spatialRefId=4326,https://services8.arcgis.com/GyR85gR88mMqIY4t/arcgis/rest/services/Tashkent_Mahallas/FeatureServer/0,stored EPSG:102100/3857; served as EPSG:4326 on request,2024-10 (adopted); 2025-07 (republication snapshot),OFFICIAL,Toshkent shahar hokimligi - Raqamli rivojlantirish boshqarmasi,https://services8.arcgis.com/GyR85gR88mMqIY4t/arcgis/rest/services/Tashkent_Mahallas/FeatureServer/0,A,2024-10-23,2026-09-18,NULL
UZ-TAS-MFY-363,NULL,Ko'kcha mahallasi,Кўкча маҳалласи,Кукча махалля,NULL,Ko'kcha mahallasi,Ko'kcha,NULL,NULL,Mahalla fuqarolar yig'ini (MFY),Shayxontohur,UZ-TAS-SHAYXONTOHUR,1726277,NULL,NULL,NULL,NULL,NULL,NULL,2023-11-24/2024-10-23 (range; exact date per district NOT ESTABLISHED),NOT ESTABLISHED,NULL,https://e-qaror.gov.uz (Tashkent City Kengash decisions; individual act not located),NULL,NULL,NULL,90.33,YES,NO,"Tashkent City Hokimiyat, Dept. of Digital Development, via Open Data Tashkent; republished on Esri CAC GeoPortal",https://hub.arcgis.com/api/v3/datasets/c51c854bad2d48f1beaad40272f8d483_0/downloads/data?format=geojson&spatialRefId=4326,https://services8.arcgis.com/GyR85gR88mMqIY4t/arcgis/rest/services/Tashkent_Mahallas/FeatureServer/0,stored EPSG:102100/3857; served as EPSG:4326 on request,2024-10 (adopted); 2025-07 (republication snapshot),OFFICIAL,Toshkent shahar hokimligi - Raqamli rivojlantirish boshqarmasi,https://services8.arcgis.com/GyR85gR88mMqIY4t/arcgis/rest/services/Tashkent_Mahallas/FeatureServer/0,A,2024-10-23,2026-09-18,NULL
UZ-TAS-MFY-364,NULL,Qoratosh mahallasi,Қоратош маҳалласи,Коратош махалля,NULL,Qoratosh mahallasi,Qoratosh,NULL,NULL,Mahalla fuqarolar yig'ini (MFY),Shayxontohur,UZ-TAS-SHAYXONTOHUR,1726277,NULL,NULL,NULL,NULL,NULL,NULL,2023-11-24/2024-10-23 (range; exact date per district NOT ESTABLISHED),NOT ESTABLISHED,NULL,https://e-qaror.gov.uz (Tashkent City Kengash decisions; individual act not located),NULL,NULL,NULL,22.65,YES,NO,"Tashkent City Hokimiyat, Dept. of Digital Development, via Open Data Tashkent; republished on Esri CAC GeoPortal",https://hub.arcgis.com/api/v3/datasets/c51c854bad2d48f1beaad40272f8d483_0/downloads/data?format=geojson&spatialRefId=4326,https://services8.arcgis.com/GyR85gR88mMqIY4t/arcgis/rest/services/Tashkent_Mahallas/FeatureServer/0,stored EPSG:102100/3857; served as EPSG:4326 on request,2024-10 (adopted); 2025-07 (republication snapshot),OFFICIAL,Toshkent shahar hokimligi - Raqamli rivojlantirish boshqarmasi,https://services8.arcgis.com/GyR85gR88mMqIY4t/arcgis/rest/services/Tashkent_Mahallas/FeatureServer/0,A,2024-10-23,2026-09-18,NULL
UZ-TAS-MFY-365,NULL,Yangiobod mahallasi,Янгиобод маҳалласи,Янгиобод махалля,NULL,Yangiobod mahallasi,Yangiobod,NULL,NULL,Mahalla fuqarolar yig'ini (MFY),Shayxontohur,UZ-TAS-SHAYXONTOHUR,1726277,NULL,NULL,NULL,NULL,NULL,NULL,2023-11-24/2024-10-23 (range; exact date per district NOT ESTABLISHED),NOT ESTABLISHED,NULL,https://e-qaror.gov.uz (Tashkent City Kengash decisions; individual act not located),NULL,NULL,NULL,43.4,YES,NO,"Tashkent City Hokimiyat, Dept. of Digital Development, via Open Data Tashkent; republished on Esri CAC GeoPortal",https://hub.arcgis.com/api/v3/datasets/c51c854bad2d48f1beaad40272f8d483_0/downloads/data?format=geojson&spatialRefId=4326,https://services8.arcgis.com/GyR85gR88mMqIY4t/arcgis/rest/services/Tashkent_Mahallas/FeatureServer/0,stored EPSG:102100/3857; served as EPSG:4326 on request,2024-10 (adopted); 2025-07 (republication snapshot),OFFICIAL,Toshkent shahar hokimligi - Raqamli rivojlantirish boshqarmasi,https://services8.arcgis.com/GyR85gR88mMqIY4t/arcgis/rest/services/Tashkent_Mahallas/FeatureServer/0,A,2024-10-23,2026-09-18,NULL
UZ-TAS-MFY-366,NULL,Mannon Uyg'ur mahallasi,Маннон Уйғур маҳалласи,Маннон Уйгур махалля,NULL,Mannon Uyg'ur mahallasi,Mannon Uyg'ur,NULL,NULL,Mahalla fuqarolar yig'ini (MFY),Shayxontohur,UZ-TAS-SHAYXONTOHUR,1726277,NULL,NULL,NULL,NULL,NULL,NULL,2023-11-24/2024-10-23 (range; exact date per district NOT ESTABLISHED),NOT ESTABLISHED,NULL,https://e-qaror.gov.uz (Tashkent City Kengash decisions; individual act not located),NULL,NULL,NULL,66.63,YES,NO,"Tashkent City Hokimiyat, Dept. of Digital Development, via Open Data Tashkent; republished on Esri CAC GeoPortal",https://hub.arcgis.com/api/v3/datasets/c51c854bad2d48f1beaad40272f8d483_0/downloads/data?format=geojson&spatialRefId=4326,https://services8.arcgis.com/GyR85gR88mMqIY4t/arcgis/rest/services/Tashkent_Mahallas/FeatureServer/0,stored EPSG:102100/3857; served as EPSG:4326 on request,2024-10 (adopted); 2025-07 (republication snapshot),OFFICIAL,Toshkent shahar hokimligi - Raqamli rivojlantirish boshqarmasi,https://services8.arcgis.com/GyR85gR88mMqIY4t/arcgis/rest/services/Tashkent_Mahallas/FeatureServer/0,A,2024-10-23,2026-09-18,NULL
UZ-TAS-MFY-367,NULL,O'rda mahallasi,Ўрда маҳалласи,Урда махалля,NULL,O'rda mahallasi,O'rda,NULL,NULL,Mahalla fuqarolar yig'ini (MFY),Shayxontohur,UZ-TAS-SHAYXONTOHUR,1726277,NULL,NULL,NULL,NULL,NULL,NULL,2023-11-24/2024-10-23 (range; exact date per district NOT ESTABLISHED),NOT ESTABLISHED,NULL,https://e-qaror.gov.uz (Tashkent City Kengash decisions; individual act not located),NULL,NULL,NULL,139.91,YES,NO,"Tashkent City Hokimiyat, Dept. of Digital Development, via Open Data Tashkent; republished on Esri CAC GeoPortal",https://hub.arcgis.com/api/v3/datasets/c51c854bad2d48f1beaad40272f8d483_0/downloads/data?format=geojson&spatialRefId=4326,https://services8.arcgis.com/GyR85gR88mMqIY4t/arcgis/rest/services/Tashkent_Mahallas/FeatureServer/0,stored EPSG:102100/3857; served as EPSG:4326 on request,2024-10 (adopted); 2025-07 (republication snapshot),OFFICIAL,Toshkent shahar hokimligi - Raqamli rivojlantirish boshqarmasi,https://services8.arcgis.com/GyR85gR88mMqIY4t/arcgis/rest/services/Tashkent_Mahallas/FeatureServer/0,A,2024-10-23,2026-09-18,NULL
UZ-TAS-MFY-368,NULL,Zangiota mahallasi,Зангиота маҳалласи,Зангиота махалля,NULL,Zangiota mahallasi,Zangiota,NULL,NULL,Mahalla fuqarolar yig'ini (MFY),Shayxontohur,UZ-TAS-SHAYXONTOHUR,1726277,NULL,NULL,NULL,NULL,NULL,NULL,2023-11-24/2024-10-23 (range; exact date per district NOT ESTABLISHED),NOT ESTABLISHED,NULL,https://e-qaror.gov.uz (Tashkent City Kengash decisions; individual act not located),NULL,NULL,NULL,35.04,YES,NO,"Tashkent City Hokimiyat, Dept. of Digital Development, via Open Data Tashkent; republished on Esri CAC GeoPortal",https://hub.arcgis.com/api/v3/datasets/c51c854bad2d48f1beaad40272f8d483_0/downloads/data?format=geojson&spatialRefId=4326,https://services8.arcgis.com/GyR85gR88mMqIY4t/arcgis/rest/services/Tashkent_Mahallas/FeatureServer/0,stored EPSG:102100/3857; served as EPSG:4326 on request,2024-10 (adopted); 2025-07 (republication snapshot),OFFICIAL,Toshkent shahar hokimligi - Raqamli rivojlantirish boshqarmasi,https://services8.arcgis.com/GyR85gR88mMqIY4t/arcgis/rest/services/Tashkent_Mahallas/FeatureServer/0,A,2024-10-23,2026-09-18,NULL
UZ-TAS-MFY-65,NULL,Quruvchilar mahallasi,Қурувчилар маҳалласи,Курувчилар махалля,NULL,Quruvchilar mahallasi,Quruvchilar,NULL,NULL,Mahalla fuqarolar yig'ini (MFY),Sergeli,UZ-TAS-SERGELI,1726283,NULL,NULL,NULL,NULL,NULL,NULL,2023-11-24/2024-10-23 (range; exact date per district NOT ESTABLISHED),NOT ESTABLISHED,NULL,https://e-qaror.gov.uz (Tashkent City Kengash decisions; individual act not located),NULL,NULL,NULL,195.63,YES,NO,"Tashkent City Hokimiyat, Dept. of Digital Development, via Open Data Tashkent; republished on Esri CAC GeoPortal",https://hub.arcgis.com/api/v3/datasets/c51c854bad2d48f1beaad40272f8d483_0/downloads/data?format=geojson&spatialRefId=4326,https://services8.arcgis.com/GyR85gR88mMqIY4t/arcgis/rest/services/Tashkent_Mahallas/FeatureServer/0,stored EPSG:102100/3857; served as EPSG:4326 on request,2024-10 (adopted); 2025-07 (republication snapshot),OFFICIAL,Toshkent shahar hokimligi - Raqamli rivojlantirish boshqarmasi,https://services8.arcgis.com/GyR85gR88mMqIY4t/arcgis/rest/services/Tashkent_Mahallas/FeatureServer/0,A,2024-10-23,2026-09-18,NULL
UZ-TAS-MFY-66,NULL,Oltinvodiy mahallasi,Олтинводий маҳалласи,Олтинводий махалля,NULL,Oltinvodiy mahallasi,Oltinvodiy,NULL,NULL,Mahalla fuqarolar yig'ini (MFY),Sergeli,UZ-TAS-SERGELI,1726283,NULL,NULL,NULL,NULL,NULL,NULL,2023-11-24/2024-10-23 (range; exact date per district NOT ESTABLISHED),NOT ESTABLISHED,NULL,https://e-qaror.gov.uz (Tashkent City Kengash decisions; individual act not located),NULL,NULL,NULL,174.64,YES,NO,"Tashkent City Hokimiyat, Dept. of Digital Development, via Open Data Tashkent; republished on Esri CAC GeoPortal",https://hub.arcgis.com/api/v3/datasets/c51c854bad2d48f1beaad40272f8d483_0/downloads/data?format=geojson&spatialRefId=4326,https://services8.arcgis.com/GyR85gR88mMqIY4t/arcgis/rest/services/Tashkent_Mahallas/FeatureServer/0,stored EPSG:102100/3857; served as EPSG:4326 on request,2024-10 (adopted); 2025-07 (republication snapshot),OFFICIAL,Toshkent shahar hokimligi - Raqamli rivojlantirish boshqarmasi,https://services8.arcgis.com/GyR85gR88mMqIY4t/arcgis/rest/services/Tashkent_Mahallas/FeatureServer/0,A,2024-10-23,2026-09-18,NULL
UZ-TAS-MFY-67,NULL,Izzatli mahallasi,Иззатли маҳалласи,Иззатли махалля,NULL,Izzatli mahallasi,Izzatli,NULL,NULL,Mahalla fuqarolar yig'ini (MFY),Sergeli,UZ-TAS-SERGELI,1726283,NULL,NULL,NULL,NULL,NULL,NULL,2023-11-24/2024-10-23 (range; exact date per district NOT ESTABLISHED),NOT ESTABLISHED,NULL,https://e-qaror.gov.uz (Tashkent City Kengash decisions; individual act not located),NULL,NULL,NULL,85.12,YES,NO,"Tashkent City Hokimiyat, Dept. of Digital Development, via Open Data Tashkent; republished on Esri CAC GeoPortal",https://hub.arcgis.com/api/v3/datasets/c51c854bad2d48f1beaad40272f8d483_0/downloads/data?format=geojson&spatialRefId=4326,https://services8.arcgis.com/GyR85gR88mMqIY4t/arcgis/rest/services/Tashkent_Mahallas/FeatureServer/0,stored EPSG:102100/3857; served as EPSG:4326 on request,2024-10 (adopted); 2025-07 (republication snapshot),OFFICIAL,Toshkent shahar hokimligi - Raqamli rivojlantirish boshqarmasi,https://services8.arcgis.com/GyR85gR88mMqIY4t/arcgis/rest/services/Tashkent_Mahallas/FeatureServer/0,A,2024-10-23,2026-09-18,NULL
UZ-TAS-MFY-68,NULL,Saxovat mahallasi,Саховат маҳалласи,Саховат махалля,NULL,Saxovat mahallasi,Saxovat,NULL,NULL,Mahalla fuqarolar yig'ini (MFY),Sergeli,UZ-TAS-SERGELI,1726283,NULL,NULL,NULL,NULL,NULL,NULL,2023-11-24/2024-10-23 (range; exact date per district NOT ESTABLISHED),NOT ESTABLISHED,NULL,https://e-qaror.gov.uz (Tashkent City Kengash decisions; individual act not located),NULL,NULL,NULL,21.96,YES,NO,"Tashkent City Hokimiyat, Dept. of Digital Development, via Open Data Tashkent; republished on Esri CAC GeoPortal",https://hub.arcgis.com/api/v3/datasets/c51c854bad2d48f1beaad40272f8d483_0/downloads/data?format=geojson&spatialRefId=4326,https://services8.arcgis.com/GyR85gR88mMqIY4t/arcgis/rest/services/Tashkent_Mahallas/FeatureServer/0,stored EPSG:102100/3857; served as EPSG:4326 on request,2024-10 (adopted); 2025-07 (republication snapshot),OFFICIAL,Toshkent shahar hokimligi - Raqamli rivojlantirish boshqarmasi,https://services8.arcgis.com/GyR85gR88mMqIY4t/arcgis/rest/services/Tashkent_Mahallas/FeatureServer/0,A,2024-10-23,2026-09-18,NULL
UZ-TAS-MFY-69,NULL,Shukrona mahallasi,Шукрона маҳалласи,Шукрона махалля,NULL,Shukrona mahallasi,Shukrona,NULL,NULL,Mahalla fuqarolar yig'ini (MFY),Sergeli,UZ-TAS-SERGELI,1726283,NULL,NULL,NULL,NULL,NULL,NULL,2023-11-24/2024-10-23 (range; exact date per district NOT ESTABLISHED),NOT ESTABLISHED,NULL,https://e-qaror.gov.uz (Tashkent City Kengash decisions; individual act not located),NULL,NULL,NULL,12.36,YES,NO,"Tashkent City Hokimiyat, Dept. of Digital Development, via Open Data Tashkent; republished on Esri CAC GeoPortal",https://hub.arcgis.com/api/v3/datasets/c51c854bad2d48f1beaad40272f8d483_0/downloads/data?format=geojson&spatialRefId=4326,https://services8.arcgis.com/GyR85gR88mMqIY4t/arcgis/rest/services/Tashkent_Mahallas/FeatureServer/0,stored EPSG:102100/3857; served as EPSG:4326 on request,2024-10 (adopted); 2025-07 (republication snapshot),OFFICIAL,Toshkent shahar hokimligi - Raqamli rivojlantirish boshqarmasi,https://services8.arcgis.com/GyR85gR88mMqIY4t/arcgis/rest/services/Tashkent_Mahallas/FeatureServer/0,A,2024-10-23,2026-09-18,NULL
UZ-TAS-MFY-70,NULL,Madaniyat mahallasi,Маданият маҳалласи,Маданият махалля,NULL,Madaniyat mahallasi,Madaniyat,NULL,NULL,Mahalla fuqarolar yig'ini (MFY),Sergeli,UZ-TAS-SERGELI,1726283,NULL,NULL,NULL,NULL,NULL,NULL,2023-11-24/2024-10-23 (range; exact date per district NOT ESTABLISHED),NOT ESTABLISHED,NULL,https://e-qaror.gov.uz (Tashkent City Kengash decisions; individual act not located),NULL,NULL,NULL,25.58,YES,NO,"Tashkent City Hokimiyat, Dept. of Digital Development, via Open Data Tashkent; republished on Esri CAC GeoPortal",https://hub.arcgis.com/api/v3/datasets/c51c854bad2d48f1beaad40272f8d483_0/downloads/data?format=geojson&spatialRefId=4326,https://services8.arcgis.com/GyR85gR88mMqIY4t/arcgis/rest/services/Tashkent_Mahallas/FeatureServer/0,stored EPSG:102100/3857; served as EPSG:4326 on request,2024-10 (adopted); 2025-07 (republication snapshot),OFFICIAL,Toshkent shahar hokimligi - Raqamli rivojlantirish boshqarmasi,https://services8.arcgis.com/GyR85gR88mMqIY4t/arcgis/rest/services/Tashkent_Mahallas/FeatureServer/0,A,2024-10-23,2026-09-18,NULL
UZ-TAS-MFY-71,NULL,Uchuvchilar mahallasi,Учувчилар маҳалласи,Учувчилар махалля,NULL,Uchuvchilar mahallasi,Uchuvchilar,NULL,NULL,Mahalla fuqarolar yig'ini (MFY),Sergeli,UZ-TAS-SERGELI,1726283,NULL,NULL,NULL,NULL,NULL,NULL,2023-11-24/2024-10-23 (range; exact date per district NOT ESTABLISHED),NOT ESTABLISHED,NULL,https://e-qaror.gov.uz (Tashkent City Kengash decisions; individual act not located),NULL,NULL,NULL,126.29,YES,NO,"Tashkent City Hokimiyat, Dept. of Digital Development, via Open Data Tashkent; republished on Esri CAC GeoPortal",https://hub.arcgis.com/api/v3/datasets/c51c854bad2d48f1beaad40272f8d483_0/downloads/data?format=geojson&spatialRefId=4326,https://services8.arcgis.com/GyR85gR88mMqIY4t/arcgis/rest/services/Tashkent_Mahallas/FeatureServer/0,stored EPSG:102100/3857; served as EPSG:4326 on request,2024-10 (adopted); 2025-07 (republication snapshot),OFFICIAL,Toshkent shahar hokimligi - Raqamli rivojlantirish boshqarmasi,https://services8.arcgis.com/GyR85gR88mMqIY4t/arcgis/rest/services/Tashkent_Mahallas/FeatureServer/0,A,2024-10-23,2026-09-18,NULL
UZ-TAS-MFY-72,NULL,Xonobodtepa mahallasi,Хонободтепа маҳалласи,Хонободтепа махалля,NULL,Xonobodtepa mahallasi,Xonobodtepa,NULL,NULL,Mahalla fuqarolar yig'ini (MFY),Sergeli,UZ-TAS-SERGELI,1726283,NULL,NULL,NULL,NULL,NULL,NULL,2023-11-24/2024-10-23 (range; exact date per district NOT ESTABLISHED),NOT ESTABLISHED,NULL,https://e-qaror.gov.uz (Tashkent City Kengash decisions; individual act not located),NULL,NULL,NULL,187.84,YES,NO,"Tashkent City Hokimiyat, Dept. of Digital Development, via Open Data Tashkent; republished on Esri CAC GeoPortal",https://hub.arcgis.com/api/v3/datasets/c51c854bad2d48f1beaad40272f8d483_0/downloads/data?format=geojson&spatialRefId=4326,https://services8.arcgis.com/GyR85gR88mMqIY4t/arcgis/rest/services/Tashkent_Mahallas/FeatureServer/0,stored EPSG:102100/3857; served as EPSG:4326 on request,2024-10 (adopted); 2025-07 (republication snapshot),OFFICIAL,Toshkent shahar hokimligi - Raqamli rivojlantirish boshqarmasi,https://services8.arcgis.com/GyR85gR88mMqIY4t/arcgis/rest/services/Tashkent_Mahallas/FeatureServer/0,A,2024-10-23,2026-09-18,NULL
UZ-TAS-MFY-73,NULL,Qut-baraka mahallasi,Қут-барака маҳалласи,Кут-барака махалля,NULL,Qut-baraka mahallasi,Qut-baraka,NULL,NULL,Mahalla fuqarolar yig'ini (MFY),Sergeli,UZ-TAS-SERGELI,1726283,NULL,NULL,NULL,NULL,NULL,NULL,2023-11-24/2024-10-23 (range; exact date per district NOT ESTABLISHED),NOT ESTABLISHED,NULL,https://e-qaror.gov.uz (Tashkent City Kengash decisions; individual act not located),NULL,NULL,NULL,319.99,YES,NO,"Tashkent City Hokimiyat, Dept. of Digital Development, via Open Data Tashkent; republished on Esri CAC GeoPortal",https://hub.arcgis.com/api/v3/datasets/c51c854bad2d48f1beaad40272f8d483_0/downloads/data?format=geojson&spatialRefId=4326,https://services8.arcgis.com/GyR85gR88mMqIY4t/arcgis/rest/services/Tashkent_Mahallas/FeatureServer/0,stored EPSG:102100/3857; served as EPSG:4326 on request,2024-10 (adopted); 2025-07 (republication snapshot),OFFICIAL,Toshkent shahar hokimligi - Raqamli rivojlantirish boshqarmasi,https://services8.arcgis.com/GyR85gR88mMqIY4t/arcgis/rest/services/Tashkent_Mahallas/FeatureServer/0,A,2024-10-23,2026-09-18,NULL
UZ-TAS-MFY-74,NULL,Nilufar mahallasi,Нилуфар маҳалласи,Нилуфар махалля,NULL,Nilufar mahallasi,Nilufar,NULL,NULL,Mahalla fuqarolar yig'ini (MFY),Sergeli,UZ-TAS-SERGELI,1726283,NULL,NULL,NULL,NULL,NULL,NULL,2023-11-24/2024-10-23 (range; exact date per district NOT ESTABLISHED),NOT ESTABLISHED,NULL,https://e-qaror.gov.uz (Tashkent City Kengash decisions; individual act not located),NULL,NULL,NULL,45.24,YES,NO,"Tashkent City Hokimiyat, Dept. of Digital Development, via Open Data Tashkent; republished on Esri CAC GeoPortal",https://hub.arcgis.com/api/v3/datasets/c51c854bad2d48f1beaad40272f8d483_0/downloads/data?format=geojson&spatialRefId=4326,https://services8.arcgis.com/GyR85gR88mMqIY4t/arcgis/rest/services/Tashkent_Mahallas/FeatureServer/0,stored EPSG:102100/3857; served as EPSG:4326 on request,2024-10 (adopted); 2025-07 (republication snapshot),OFFICIAL,Toshkent shahar hokimligi - Raqamli rivojlantirish boshqarmasi,https://services8.arcgis.com/GyR85gR88mMqIY4t/arcgis/rest/services/Tashkent_Mahallas/FeatureServer/0,A,2024-10-23,2026-09-18,NULL
UZ-TAS-MFY-75,NULL,Ittifoq mahallasi,Иттифоқ маҳалласи,Иттифок махалля,NULL,Ittifoq mahallasi,Ittifoq,NULL,NULL,Mahalla fuqarolar yig'ini (MFY),Sergeli,UZ-TAS-SERGELI,1726283,NULL,NULL,NULL,NULL,NULL,NULL,2023-11-24/2024-10-23 (range; exact date per district NOT ESTABLISHED),NOT ESTABLISHED,NULL,https://e-qaror.gov.uz (Tashkent City Kengash decisions; individual act not located),NULL,NULL,NULL,16.88,YES,NO,"Tashkent City Hokimiyat, Dept. of Digital Development, via Open Data Tashkent; republished on Esri CAC GeoPortal",https://hub.arcgis.com/api/v3/datasets/c51c854bad2d48f1beaad40272f8d483_0/downloads/data?format=geojson&spatialRefId=4326,https://services8.arcgis.com/GyR85gR88mMqIY4t/arcgis/rest/services/Tashkent_Mahallas/FeatureServer/0,stored EPSG:102100/3857; served as EPSG:4326 on request,2024-10 (adopted); 2025-07 (republication snapshot),OFFICIAL,Toshkent shahar hokimligi - Raqamli rivojlantirish boshqarmasi,https://services8.arcgis.com/GyR85gR88mMqIY4t/arcgis/rest/services/Tashkent_Mahallas/FeatureServer/0,A,2024-10-23,2026-09-18,NULL
UZ-TAS-MFY-76,NULL,No'g'oyqo'rg'on mahallasi,Нўғойқўрғон маҳалласи,Нугойкургон махалля,NULL,No'g'oyqo'rg'on mahallasi,No'g'oyqo'rg'on,NULL,NULL,Mahalla fuqarolar yig'ini (MFY),Sergeli,UZ-TAS-SERGELI,1726283,NULL,NULL,NULL,NULL,NULL,NULL,2023-11-24/2024-10-23 (range; exact date per district NOT ESTABLISHED),NOT ESTABLISHED,NULL,https://e-qaror.gov.uz (Tashkent City Kengash decisions; individual act not located),NULL,NULL,NULL,76.44,YES,NO,"Tashkent City Hokimiyat, Dept. of Digital Development, via Open Data Tashkent; republished on Esri CAC GeoPortal",https://hub.arcgis.com/api/v3/datasets/c51c854bad2d48f1beaad40272f8d483_0/downloads/data?format=geojson&spatialRefId=4326,https://services8.arcgis.com/GyR85gR88mMqIY4t/arcgis/rest/services/Tashkent_Mahallas/FeatureServer/0,stored EPSG:102100/3857; served as EPSG:4326 on request,2024-10 (adopted); 2025-07 (republication snapshot),OFFICIAL,Toshkent shahar hokimligi - Raqamli rivojlantirish boshqarmasi,https://services8.arcgis.com/GyR85gR88mMqIY4t/arcgis/rest/services/Tashkent_Mahallas/FeatureServer/0,A,2024-10-23,2026-09-18,NULL
UZ-TAS-MFY-77,NULL,Yuqori Darxon mahallasi,Юқори Дархон маҳалласи,Юкори Дархон махалля,NULL,Yuqori Darxon mahallasi,Yuqori Darxon,NULL,NULL,Mahalla fuqarolar yig'ini (MFY),Sergeli,UZ-TAS-SERGELI,1726283,NULL,NULL,NULL,NULL,NULL,NULL,2023-11-24/2024-10-23 (range; exact date per district NOT ESTABLISHED),NOT ESTABLISHED,NULL,https://e-qaror.gov.uz (Tashkent City Kengash decisions; individual act not located),NULL,NULL,NULL,139.68,YES,NO,"Tashkent City Hokimiyat, Dept. of Digital Development, via Open Data Tashkent; republished on Esri CAC GeoPortal",https://hub.arcgis.com/api/v3/datasets/c51c854bad2d48f1beaad40272f8d483_0/downloads/data?format=geojson&spatialRefId=4326,https://services8.arcgis.com/GyR85gR88mMqIY4t/arcgis/rest/services/Tashkent_Mahallas/FeatureServer/0,stored EPSG:102100/3857; served as EPSG:4326 on request,2024-10 (adopted); 2025-07 (republication snapshot),OFFICIAL,Toshkent shahar hokimligi - Raqamli rivojlantirish boshqarmasi,https://services8.arcgis.com/GyR85gR88mMqIY4t/arcgis/rest/services/Tashkent_Mahallas/FeatureServer/0,A,2024-10-23,2026-09-18,NULL
UZ-TAS-MFY-78,NULL,Ziynat mahallasi,Зийнат маҳалласи,Зийнат махалля,NULL,Ziynat mahallasi,Ziynat,NULL,NULL,Mahalla fuqarolar yig'ini (MFY),Sergeli,UZ-TAS-SERGELI,1726283,NULL,NULL,NULL,NULL,NULL,NULL,2023-11-24/2024-10-23 (range; exact date per district NOT ESTABLISHED),NOT ESTABLISHED,NULL,https://e-qaror.gov.uz (Tashkent City Kengash decisions; individual act not located),NULL,NULL,NULL,21.93,YES,NO,"Tashkent City Hokimiyat, Dept. of Digital Development, via Open Data Tashkent; republished on Esri CAC GeoPortal",https://hub.arcgis.com/api/v3/datasets/c51c854bad2d48f1beaad40272f8d483_0/downloads/data?format=geojson&spatialRefId=4326,https://services8.arcgis.com/GyR85gR88mMqIY4t/arcgis/rest/services/Tashkent_Mahallas/FeatureServer/0,stored EPSG:102100/3857; served as EPSG:4326 on request,2024-10 (adopted); 2025-07 (republication snapshot),OFFICIAL,Toshkent shahar hokimligi - Raqamli rivojlantirish boshqarmasi,https://services8.arcgis.com/GyR85gR88mMqIY4t/arcgis/rest/services/Tashkent_Mahallas/FeatureServer/0,A,2024-10-23,2026-09-18,NULL
UZ-TAS-MFY-79,NULL,Xontepa mahallasi,Хонтепа маҳалласи,Хонтепа махалля,NULL,Xontepa mahallasi,Xontepa,NULL,NULL,Mahalla fuqarolar yig'ini (MFY),Sergeli,UZ-TAS-SERGELI,1726283,NULL,NULL,NULL,NULL,NULL,NULL,2023-11-24/2024-10-23 (range; exact date per district NOT ESTABLISHED),NOT ESTABLISHED,NULL,https://e-qaror.gov.uz (Tashkent City Kengash decisions; individual act not located),NULL,NULL,NULL,114.04,YES,NO,"Tashkent City Hokimiyat, Dept. of Digital Development, via Open Data Tashkent; republished on Esri CAC GeoPortal",https://hub.arcgis.com/api/v3/datasets/c51c854bad2d48f1beaad40272f8d483_0/downloads/data?format=geojson&spatialRefId=4326,https://services8.arcgis.com/GyR85gR88mMqIY4t/arcgis/rest/services/Tashkent_Mahallas/FeatureServer/0,stored EPSG:102100/3857; served as EPSG:4326 on request,2024-10 (adopted); 2025-07 (republication snapshot),OFFICIAL,Toshkent shahar hokimligi - Raqamli rivojlantirish boshqarmasi,https://services8.arcgis.com/GyR85gR88mMqIY4t/arcgis/rest/services/Tashkent_Mahallas/FeatureServer/0,A,2024-10-23,2026-09-18,NULL
UZ-TAS-MFY-80,NULL,Yangi Bunyodobod mahallasi,Янги Бунёдобод маҳалласи,Янги Бунёдобод махалля,NULL,Yangi Bunyodobod mahallasi,Yangi Bunyodobod,NULL,NULL,Mahalla fuqarolar yig'ini (MFY),Sergeli,UZ-TAS-SERGELI,1726283,NULL,NULL,NULL,NULL,NULL,NULL,2023-11-24/2024-10-23 (range; exact date per district NOT ESTABLISHED),NOT ESTABLISHED,NULL,https://e-qaror.gov.uz (Tashkent City Kengash decisions; individual act not located),NULL,NULL,NULL,41.52,YES,NO,"Tashkent City Hokimiyat, Dept. of Digital Development, via Open Data Tashkent; republished on Esri CAC GeoPortal",https://hub.arcgis.com/api/v3/datasets/c51c854bad2d48f1beaad40272f8d483_0/downloads/data?format=geojson&spatialRefId=4326,https://services8.arcgis.com/GyR85gR88mMqIY4t/arcgis/rest/services/Tashkent_Mahallas/FeatureServer/0,stored EPSG:102100/3857; served as EPSG:4326 on request,2024-10 (adopted); 2025-07 (republication snapshot),OFFICIAL,Toshkent shahar hokimligi - Raqamli rivojlantirish boshqarmasi,https://services8.arcgis.com/GyR85gR88mMqIY4t/arcgis/rest/services/Tashkent_Mahallas/FeatureServer/0,A,2024-10-23,2026-09-18,NULL
UZ-TAS-MFY-81,NULL,Habibiy mahallasi,Ҳабибий маҳалласи,Хабибий махалля,NULL,Habibiy mahallasi,Habibiy,NULL,NULL,Mahalla fuqarolar yig'ini (MFY),Sergeli,UZ-TAS-SERGELI,1726283,NULL,NULL,NULL,NULL,NULL,NULL,2023-11-24/2024-10-23 (range; exact date per district NOT ESTABLISHED),NOT ESTABLISHED,NULL,https://e-qaror.gov.uz (Tashkent City Kengash decisions; individual act not located),NULL,NULL,NULL,23.36,YES,NO,"Tashkent City Hokimiyat, Dept. of Digital Development, via Open Data Tashkent; republished on Esri CAC GeoPortal",https://hub.arcgis.com/api/v3/datasets/c51c854bad2d48f1beaad40272f8d483_0/downloads/data?format=geojson&spatialRefId=4326,https://services8.arcgis.com/GyR85gR88mMqIY4t/arcgis/rest/services/Tashkent_Mahallas/FeatureServer/0,stored EPSG:102100/3857; served as EPSG:4326 on request,2024-10 (adopted); 2025-07 (republication snapshot),OFFICIAL,Toshkent shahar hokimligi - Raqamli rivojlantirish boshqarmasi,https://services8.arcgis.com/GyR85gR88mMqIY4t/arcgis/rest/services/Tashkent_Mahallas/FeatureServer/0,A,2024-10-23,2026-09-18,NULL
UZ-TAS-MFY-82,NULL,Ezgulik mahallasi,Эзгулик маҳалласи,Эзгулик махалля,NULL,Ezgulik mahallasi,Ezgulik,NULL,NULL,Mahalla fuqarolar yig'ini (MFY),Sergeli,UZ-TAS-SERGELI,1726283,NULL,NULL,NULL,NULL,NULL,NULL,2023-11-24/2024-10-23 (range; exact date per district NOT ESTABLISHED),NOT ESTABLISHED,NULL,https://e-qaror.gov.uz (Tashkent City Kengash decisions; individual act not located),NULL,NULL,NULL,19.97,YES,NO,"Tashkent City Hokimiyat, Dept. of Digital Development, via Open Data Tashkent; republished on Esri CAC GeoPortal",https://hub.arcgis.com/api/v3/datasets/c51c854bad2d48f1beaad40272f8d483_0/downloads/data?format=geojson&spatialRefId=4326,https://services8.arcgis.com/GyR85gR88mMqIY4t/arcgis/rest/services/Tashkent_Mahallas/FeatureServer/0,stored EPSG:102100/3857; served as EPSG:4326 on request,2024-10 (adopted); 2025-07 (republication snapshot),OFFICIAL,Toshkent shahar hokimligi - Raqamli rivojlantirish boshqarmasi,https://services8.arcgis.com/GyR85gR88mMqIY4t/arcgis/rest/services/Tashkent_Mahallas/FeatureServer/0,A,2024-10-23,2026-09-18,NULL
UZ-TAS-MFY-83,NULL,Sohibqiron mahallasi,Соҳибқирон маҳалласи,Сохибкирон махалля,NULL,Sohibqiron mahallasi,Sohibqiron,NULL,NULL,Mahalla fuqarolar yig'ini (MFY),Sergeli,UZ-TAS-SERGELI,1726283,NULL,NULL,NULL,NULL,NULL,NULL,2023-11-24/2024-10-23 (range; exact date per district NOT ESTABLISHED),NOT ESTABLISHED,NULL,https://e-qaror.gov.uz (Tashkent City Kengash decisions; individual act not located),NULL,NULL,NULL,15.84,YES,NO,"Tashkent City Hokimiyat, Dept. of Digital Development, via Open Data Tashkent; republished on Esri CAC GeoPortal",https://hub.arcgis.com/api/v3/datasets/c51c854bad2d48f1beaad40272f8d483_0/downloads/data?format=geojson&spatialRefId=4326,https://services8.arcgis.com/GyR85gR88mMqIY4t/arcgis/rest/services/Tashkent_Mahallas/FeatureServer/0,stored EPSG:102100/3857; served as EPSG:4326 on request,2024-10 (adopted); 2025-07 (republication snapshot),OFFICIAL,Toshkent shahar hokimligi - Raqamli rivojlantirish boshqarmasi,https://services8.arcgis.com/GyR85gR88mMqIY4t/arcgis/rest/services/Tashkent_Mahallas/FeatureServer/0,A,2024-10-23,2026-09-18,NULL
UZ-TAS-MFY-84,NULL,Yangi Sergeli mahallasi,Янги Сергели маҳалласи,Янги Сергели махалля,NULL,Yangi Sergeli mahallasi,Yangi Sergeli,NULL,NULL,Mahalla fuqarolar yig'ini (MFY),Sergeli,UZ-TAS-SERGELI,1726283,NULL,NULL,NULL,NULL,NULL,NULL,2023-11-24/2024-10-23 (range; exact date per district NOT ESTABLISHED),NOT ESTABLISHED,NULL,https://e-qaror.gov.uz (Tashkent City Kengash decisions; individual act not located),NULL,NULL,NULL,17.33,YES,NO,"Tashkent City Hokimiyat, Dept. of Digital Development, via Open Data Tashkent; republished on Esri CAC GeoPortal",https://hub.arcgis.com/api/v3/datasets/c51c854bad2d48f1beaad40272f8d483_0/downloads/data?format=geojson&spatialRefId=4326,https://services8.arcgis.com/GyR85gR88mMqIY4t/arcgis/rest/services/Tashkent_Mahallas/FeatureServer/0,stored EPSG:102100/3857; served as EPSG:4326 on request,2024-10 (adopted); 2025-07 (republication snapshot),OFFICIAL,Toshkent shahar hokimligi - Raqamli rivojlantirish boshqarmasi,https://services8.arcgis.com/GyR85gR88mMqIY4t/arcgis/rest/services/Tashkent_Mahallas/FeatureServer/0,A,2024-10-23,2026-09-18,NULL
UZ-TAS-MFY-85,NULL,Mehrigiyo mahallasi,Меҳригиё маҳалласи,Мехригиё махалля,NULL,Mehrigiyo mahallasi,Mehrigiyo,NULL,NULL,Mahalla fuqarolar yig'ini (MFY),Sergeli,UZ-TAS-SERGELI,1726283,NULL,NULL,NULL,NULL,NULL,NULL,2023-11-24/2024-10-23 (range; exact date per district NOT ESTABLISHED),NOT ESTABLISHED,NULL,https://e-qaror.gov.uz (Tashkent City Kengash decisions; individual act not located),NULL,NULL,NULL,14.51,YES,NO,"Tashkent City Hokimiyat, Dept. of Digital Development, via Open Data Tashkent; republished on Esri CAC GeoPortal",https://hub.arcgis.com/api/v3/datasets/c51c854bad2d48f1beaad40272f8d483_0/downloads/data?format=geojson&spatialRefId=4326,https://services8.arcgis.com/GyR85gR88mMqIY4t/arcgis/rest/services/Tashkent_Mahallas/FeatureServer/0,stored EPSG:102100/3857; served as EPSG:4326 on request,2024-10 (adopted); 2025-07 (republication snapshot),OFFICIAL,Toshkent shahar hokimligi - Raqamli rivojlantirish boshqarmasi,https://services8.arcgis.com/GyR85gR88mMqIY4t/arcgis/rest/services/Tashkent_Mahallas/FeatureServer/0,A,2024-10-23,2026-09-18,NULL
UZ-TAS-MFY-86,NULL,O'zgarish mahallasi,Ўзгариш маҳалласи,Узгариш махалля,NULL,O'zgarish mahallasi,O'zgarish,NULL,NULL,Mahalla fuqarolar yig'ini (MFY),Sergeli,UZ-TAS-SERGELI,1726283,NULL,NULL,NULL,NULL,NULL,NULL,2023-11-24/2024-10-23 (range; exact date per district NOT ESTABLISHED),NOT ESTABLISHED,NULL,https://e-qaror.gov.uz (Tashkent City Kengash decisions; individual act not located),NULL,NULL,NULL,19.57,YES,NO,"Tashkent City Hokimiyat, Dept. of Digital Development, via Open Data Tashkent; republished on Esri CAC GeoPortal",https://hub.arcgis.com/api/v3/datasets/c51c854bad2d48f1beaad40272f8d483_0/downloads/data?format=geojson&spatialRefId=4326,https://services8.arcgis.com/GyR85gR88mMqIY4t/arcgis/rest/services/Tashkent_Mahallas/FeatureServer/0,stored EPSG:102100/3857; served as EPSG:4326 on request,2024-10 (adopted); 2025-07 (republication snapshot),OFFICIAL,Toshkent shahar hokimligi - Raqamli rivojlantirish boshqarmasi,https://services8.arcgis.com/GyR85gR88mMqIY4t/arcgis/rest/services/Tashkent_Mahallas/FeatureServer/0,A,2024-10-23,2026-09-18,NULL
UZ-TAS-MFY-87,NULL,Qipchoq mahallasi,Қипчоқ маҳалласи,Кипчок махалля,NULL,Qipchoq mahallasi,Qipchoq,NULL,NULL,Mahalla fuqarolar yig'ini (MFY),Sergeli,UZ-TAS-SERGELI,1726283,NULL,NULL,NULL,NULL,NULL,NULL,2023-11-24/2024-10-23 (range; exact date per district NOT ESTABLISHED),NOT ESTABLISHED,NULL,https://e-qaror.gov.uz (Tashkent City Kengash decisions; individual act not located),NULL,NULL,NULL,16.22,YES,NO,"Tashkent City Hokimiyat, Dept. of Digital Development, via Open Data Tashkent; republished on Esri CAC GeoPortal",https://hub.arcgis.com/api/v3/datasets/c51c854bad2d48f1beaad40272f8d483_0/downloads/data?format=geojson&spatialRefId=4326,https://services8.arcgis.com/GyR85gR88mMqIY4t/arcgis/rest/services/Tashkent_Mahallas/FeatureServer/0,stored EPSG:102100/3857; served as EPSG:4326 on request,2024-10 (adopted); 2025-07 (republication snapshot),OFFICIAL,Toshkent shahar hokimligi - Raqamli rivojlantirish boshqarmasi,https://services8.arcgis.com/GyR85gR88mMqIY4t/arcgis/rest/services/Tashkent_Mahallas/FeatureServer/0,A,2024-10-23,2026-09-18,NULL
UZ-TAS-MFY-88,NULL,Jo'nariq mahallasi,Жўнариқ маҳалласи,Жунарик махалля,NULL,Jo'nariq mahallasi,Jo'nariq,NULL,NULL,Mahalla fuqarolar yig'ini (MFY),Sergeli,UZ-TAS-SERGELI,1726283,NULL,NULL,NULL,NULL,NULL,NULL,2023-11-24/2024-10-23 (range; exact date per district NOT ESTABLISHED),NOT ESTABLISHED,NULL,https://e-qaror.gov.uz (Tashkent City Kengash decisions; individual act not located),NULL,NULL,NULL,100.28,YES,NO,"Tashkent City Hokimiyat, Dept. of Digital Development, via Open Data Tashkent; republished on Esri CAC GeoPortal",https://hub.arcgis.com/api/v3/datasets/c51c854bad2d48f1beaad40272f8d483_0/downloads/data?format=geojson&spatialRefId=4326,https://services8.arcgis.com/GyR85gR88mMqIY4t/arcgis/rest/services/Tashkent_Mahallas/FeatureServer/0,stored EPSG:102100/3857; served as EPSG:4326 on request,2024-10 (adopted); 2025-07 (republication snapshot),OFFICIAL,Toshkent shahar hokimligi - Raqamli rivojlantirish boshqarmasi,https://services8.arcgis.com/GyR85gR88mMqIY4t/arcgis/rest/services/Tashkent_Mahallas/FeatureServer/0,A,2024-10-23,2026-09-18,NULL
UZ-TAS-MFY-89,NULL,Daryobo'yi mahallasi,Дарёбўйи маҳалласи,Дарёбуйи махалля,NULL,Daryobo'yi mahallasi,Daryobo'yi,NULL,NULL,Mahalla fuqarolar yig'ini (MFY),Sergeli,UZ-TAS-SERGELI,1726283,NULL,NULL,NULL,NULL,NULL,NULL,2023-11-24/2024-10-23 (range; exact date per district NOT ESTABLISHED),NOT ESTABLISHED,NULL,https://e-qaror.gov.uz (Tashkent City Kengash decisions; individual act not located),NULL,NULL,NULL,294.12,YES,NO,"Tashkent City Hokimiyat, Dept. of Digital Development, via Open Data Tashkent; republished on Esri CAC GeoPortal",https://hub.arcgis.com/api/v3/datasets/c51c854bad2d48f1beaad40272f8d483_0/downloads/data?format=geojson&spatialRefId=4326,https://services8.arcgis.com/GyR85gR88mMqIY4t/arcgis/rest/services/Tashkent_Mahallas/FeatureServer/0,stored EPSG:102100/3857; served as EPSG:4326 on request,2024-10 (adopted); 2025-07 (republication snapshot),OFFICIAL,Toshkent shahar hokimligi - Raqamli rivojlantirish boshqarmasi,https://services8.arcgis.com/GyR85gR88mMqIY4t/arcgis/rest/services/Tashkent_Mahallas/FeatureServer/0,A,2024-10-23,2026-09-18,NULL
UZ-TAS-MFY-90,NULL,Sofdil mahallasi,Софдил маҳалласи,Софдил махалля,NULL,Sofdil mahallasi,Sofdil,NULL,NULL,Mahalla fuqarolar yig'ini (MFY),Sergeli,UZ-TAS-SERGELI,1726283,NULL,NULL,NULL,NULL,NULL,NULL,2023-11-24/2024-10-23 (range; exact date per district NOT ESTABLISHED),NOT ESTABLISHED,NULL,https://e-qaror.gov.uz (Tashkent City Kengash decisions; individual act not located),NULL,NULL,NULL,75.55,YES,NO,"Tashkent City Hokimiyat, Dept. of Digital Development, via Open Data Tashkent; republished on Esri CAC GeoPortal",https://hub.arcgis.com/api/v3/datasets/c51c854bad2d48f1beaad40272f8d483_0/downloads/data?format=geojson&spatialRefId=4326,https://services8.arcgis.com/GyR85gR88mMqIY4t/arcgis/rest/services/Tashkent_Mahallas/FeatureServer/0,stored EPSG:102100/3857; served as EPSG:4326 on request,2024-10 (adopted); 2025-07 (republication snapshot),OFFICIAL,Toshkent shahar hokimligi - Raqamli rivojlantirish boshqarmasi,https://services8.arcgis.com/GyR85gR88mMqIY4t/arcgis/rest/services/Tashkent_Mahallas/FeatureServer/0,A,2024-10-23,2026-09-18,NULL
UZ-TAS-MFY-91,NULL,Nurhayot mahallasi,Нурҳаёт маҳалласи,Нурхаёт махалля,NULL,Nurhayot mahallasi,Nurhayot,NULL,NULL,Mahalla fuqarolar yig'ini (MFY),Sergeli,UZ-TAS-SERGELI,1726283,NULL,NULL,NULL,NULL,NULL,NULL,2023-11-24/2024-10-23 (range; exact date per district NOT ESTABLISHED),NOT ESTABLISHED,NULL,https://e-qaror.gov.uz (Tashkent City Kengash decisions; individual act not located),NULL,NULL,NULL,28.14,YES,NO,"Tashkent City Hokimiyat, Dept. of Digital Development, via Open Data Tashkent; republished on Esri CAC GeoPortal",https://hub.arcgis.com/api/v3/datasets/c51c854bad2d48f1beaad40272f8d483_0/downloads/data?format=geojson&spatialRefId=4326,https://services8.arcgis.com/GyR85gR88mMqIY4t/arcgis/rest/services/Tashkent_Mahallas/FeatureServer/0,stored EPSG:102100/3857; served as EPSG:4326 on request,2024-10 (adopted); 2025-07 (republication snapshot),OFFICIAL,Toshkent shahar hokimligi - Raqamli rivojlantirish boshqarmasi,https://services8.arcgis.com/GyR85gR88mMqIY4t/arcgis/rest/services/Tashkent_Mahallas/FeatureServer/0,A,2024-10-23,2026-09-18,NULL
UZ-TAS-MFY-92,NULL,Madadkor mahallasi,Мададкор маҳалласи,Мададкор махалля,NULL,Madadkor mahallasi,Madadkor,NULL,NULL,Mahalla fuqarolar yig'ini (MFY),Sergeli,UZ-TAS-SERGELI,1726283,NULL,NULL,NULL,NULL,NULL,NULL,2023-11-24/2024-10-23 (range; exact date per district NOT ESTABLISHED),NOT ESTABLISHED,NULL,https://e-qaror.gov.uz (Tashkent City Kengash decisions; individual act not located),NULL,NULL,NULL,28.61,YES,NO,"Tashkent City Hokimiyat, Dept. of Digital Development, via Open Data Tashkent; republished on Esri CAC GeoPortal",https://hub.arcgis.com/api/v3/datasets/c51c854bad2d48f1beaad40272f8d483_0/downloads/data?format=geojson&spatialRefId=4326,https://services8.arcgis.com/GyR85gR88mMqIY4t/arcgis/rest/services/Tashkent_Mahallas/FeatureServer/0,stored EPSG:102100/3857; served as EPSG:4326 on request,2024-10 (adopted); 2025-07 (republication snapshot),OFFICIAL,Toshkent shahar hokimligi - Raqamli rivojlantirish boshqarmasi,https://services8.arcgis.com/GyR85gR88mMqIY4t/arcgis/rest/services/Tashkent_Mahallas/FeatureServer/0,A,2024-10-23,2026-09-18,NULL
UZ-TAS-MFY-93,NULL,Kengmakon mahallasi,Кенгмакон маҳалласи,Кенгмакон махалля,NULL,Kengmakon mahallasi,Kengmakon,NULL,NULL,Mahalla fuqarolar yig'ini (MFY),Sergeli,UZ-TAS-SERGELI,1726283,NULL,NULL,NULL,NULL,NULL,NULL,2023-11-24/2024-10-23 (range; exact date per district NOT ESTABLISHED),NOT ESTABLISHED,NULL,https://e-qaror.gov.uz (Tashkent City Kengash decisions; individual act not located),NULL,NULL,NULL,148.93,YES,NO,"Tashkent City Hokimiyat, Dept. of Digital Development, via Open Data Tashkent; republished on Esri CAC GeoPortal",https://hub.arcgis.com/api/v3/datasets/c51c854bad2d48f1beaad40272f8d483_0/downloads/data?format=geojson&spatialRefId=4326,https://services8.arcgis.com/GyR85gR88mMqIY4t/arcgis/rest/services/Tashkent_Mahallas/FeatureServer/0,stored EPSG:102100/3857; served as EPSG:4326 on request,2024-10 (adopted); 2025-07 (republication snapshot),OFFICIAL,Toshkent shahar hokimligi - Raqamli rivojlantirish boshqarmasi,https://services8.arcgis.com/GyR85gR88mMqIY4t/arcgis/rest/services/Tashkent_Mahallas/FeatureServer/0,A,2024-10-23,2026-09-18,NULL
UZ-TAS-MFY-94,NULL,Bunyodobod mahallasi,Бунёдобод маҳалласи,Бунёдобод махалля,NULL,Bunyodobod mahallasi,Bunyodobod,NULL,NULL,Mahalla fuqarolar yig'ini (MFY),Sergeli,UZ-TAS-SERGELI,1726283,NULL,NULL,NULL,NULL,NULL,NULL,2023-11-24/2024-10-23 (range; exact date per district NOT ESTABLISHED),NOT ESTABLISHED,NULL,https://e-qaror.gov.uz (Tashkent City Kengash decisions; individual act not located),NULL,NULL,NULL,64.17,YES,NO,"Tashkent City Hokimiyat, Dept. of Digital Development, via Open Data Tashkent; republished on Esri CAC GeoPortal",https://hub.arcgis.com/api/v3/datasets/c51c854bad2d48f1beaad40272f8d483_0/downloads/data?format=geojson&spatialRefId=4326,https://services8.arcgis.com/GyR85gR88mMqIY4t/arcgis/rest/services/Tashkent_Mahallas/FeatureServer/0,stored EPSG:102100/3857; served as EPSG:4326 on request,2024-10 (adopted); 2025-07 (republication snapshot),OFFICIAL,Toshkent shahar hokimligi - Raqamli rivojlantirish boshqarmasi,https://services8.arcgis.com/GyR85gR88mMqIY4t/arcgis/rest/services/Tashkent_Mahallas/FeatureServer/0,A,2024-10-23,2026-09-18,NULL
UZ-TAS-MFY-95,NULL,Qumariq mahallasi,Қумариқ маҳалласи,Кумарик махалля,NULL,Qumariq mahallasi,Qumariq,NULL,NULL,Mahalla fuqarolar yig'ini (MFY),Sergeli,UZ-TAS-SERGELI,1726283,NULL,NULL,NULL,NULL,NULL,NULL,2023-11-24/2024-10-23 (range; exact date per district NOT ESTABLISHED),NOT ESTABLISHED,NULL,https://e-qaror.gov.uz (Tashkent City Kengash decisions; individual act not located),NULL,NULL,NULL,251.57,YES,NO,"Tashkent City Hokimiyat, Dept. of Digital Development, via Open Data Tashkent; republished on Esri CAC GeoPortal",https://hub.arcgis.com/api/v3/datasets/c51c854bad2d48f1beaad40272f8d483_0/downloads/data?format=geojson&spatialRefId=4326,https://services8.arcgis.com/GyR85gR88mMqIY4t/arcgis/rest/services/Tashkent_Mahallas/FeatureServer/0,stored EPSG:102100/3857; served as EPSG:4326 on request,2024-10 (adopted); 2025-07 (republication snapshot),OFFICIAL,Toshkent shahar hokimligi - Raqamli rivojlantirish boshqarmasi,https://services8.arcgis.com/GyR85gR88mMqIY4t/arcgis/rest/services/Tashkent_Mahallas/FeatureServer/0,A,2024-10-23,2026-09-18,NULL
UZ-TAS-MFY-96,NULL,Birdamlik mahallasi,Бирдамлик маҳалласи,Бирдамлик махалля,NULL,Birdamlik mahallasi,Birdamlik,NULL,NULL,Mahalla fuqarolar yig'ini (MFY),Sergeli,UZ-TAS-SERGELI,1726283,NULL,NULL,NULL,NULL,NULL,NULL,2023-11-24/2024-10-23 (range; exact date per district NOT ESTABLISHED),NOT ESTABLISHED,NULL,https://e-qaror.gov.uz (Tashkent City Kengash decisions; individual act not located),NULL,NULL,NULL,22.56,YES,NO,"Tashkent City Hokimiyat, Dept. of Digital Development, via Open Data Tashkent; republished on Esri CAC GeoPortal",https://hub.arcgis.com/api/v3/datasets/c51c854bad2d48f1beaad40272f8d483_0/downloads/data?format=geojson&spatialRefId=4326,https://services8.arcgis.com/GyR85gR88mMqIY4t/arcgis/rest/services/Tashkent_Mahallas/FeatureServer/0,stored EPSG:102100/3857; served as EPSG:4326 on request,2024-10 (adopted); 2025-07 (republication snapshot),OFFICIAL,Toshkent shahar hokimligi - Raqamli rivojlantirish boshqarmasi,https://services8.arcgis.com/GyR85gR88mMqIY4t/arcgis/rest/services/Tashkent_Mahallas/FeatureServer/0,A,2024-10-23,2026-09-18,NULL
UZ-TAS-MFY-97,NULL,Xalqobod mahallasi,Халқобод маҳалласи,NULL,NULL,Xalqobod mahallasi,Xalqobod,NULL,NULL,Mahalla fuqarolar yig'ini (MFY),Sergeli,UZ-TAS-SERGELI,1726283,NULL,NULL,NULL,NULL,NULL,NULL,2023-11-24/2024-10-23 (range; exact date per district NOT ESTABLISHED),NOT ESTABLISHED,NULL,https://e-qaror.gov.uz (Tashkent City Kengash decisions; individual act not located),NULL,NULL,NULL,35.16,YES,NO,"Tashkent City Hokimiyat, Dept. of Digital Development, via Open Data Tashkent; republished on Esri CAC GeoPortal",https://hub.arcgis.com/api/v3/datasets/c51c854bad2d48f1beaad40272f8d483_0/downloads/data?format=geojson&spatialRefId=4326,https://services8.arcgis.com/GyR85gR88mMqIY4t/arcgis/rest/services/Tashkent_Mahallas/FeatureServer/0,stored EPSG:102100/3857; served as EPSG:4326 on request,2024-10 (adopted); 2025-07 (republication snapshot),OFFICIAL,Toshkent shahar hokimligi - Raqamli rivojlantirish boshqarmasi,https://services8.arcgis.com/GyR85gR88mMqIY4t/arcgis/rest/services/Tashkent_Mahallas/FeatureServer/0,A,2024-10-23,2026-09-18,name_ru is a blank string in the source layer
UZ-TAS-MFY-98,NULL,Nomdanak mahallasi,Номданак маҳалласи,Номданак махалля,NULL,Nomdanak mahallasi,Nomdanak,NULL,NULL,Mahalla fuqarolar yig'ini (MFY),Sergeli,UZ-TAS-SERGELI,1726283,NULL,NULL,NULL,NULL,NULL,NULL,2023-11-24/2024-10-23 (range; exact date per district NOT ESTABLISHED),NOT ESTABLISHED,NULL,https://e-qaror.gov.uz (Tashkent City Kengash decisions; individual act not located),NULL,NULL,NULL,82.14,YES,NO,"Tashkent City Hokimiyat, Dept. of Digital Development, via Open Data Tashkent; republished on Esri CAC GeoPortal",https://hub.arcgis.com/api/v3/datasets/c51c854bad2d48f1beaad40272f8d483_0/downloads/data?format=geojson&spatialRefId=4326,https://services8.arcgis.com/GyR85gR88mMqIY4t/arcgis/rest/services/Tashkent_Mahallas/FeatureServer/0,stored EPSG:102100/3857; served as EPSG:4326 on request,2024-10 (adopted); 2025-07 (republication snapshot),OFFICIAL,Toshkent shahar hokimligi - Raqamli rivojlantirish boshqarmasi,https://services8.arcgis.com/GyR85gR88mMqIY4t/arcgis/rest/services/Tashkent_Mahallas/FeatureServer/0,A,2024-10-23,2026-09-18,NULL
UZ-TAS-MFY-99,NULL,Xonobod mahallasi,Хонобод маҳалласи,Хонобод махалля,NULL,Xonobod mahallasi,Xonobod,NULL,NULL,Mahalla fuqarolar yig'ini (MFY),Sergeli,UZ-TAS-SERGELI,1726283,NULL,NULL,NULL,NULL,NULL,NULL,2023-11-24/2024-10-23 (range; exact date per district NOT ESTABLISHED),NOT ESTABLISHED,NULL,https://e-qaror.gov.uz (Tashkent City Kengash decisions; individual act not located),NULL,NULL,NULL,143.64,YES,NO,"Tashkent City Hokimiyat, Dept. of Digital Development, via Open Data Tashkent; republished on Esri CAC GeoPortal",https://hub.arcgis.com/api/v3/datasets/c51c854bad2d48f1beaad40272f8d483_0/downloads/data?format=geojson&spatialRefId=4326,https://services8.arcgis.com/GyR85gR88mMqIY4t/arcgis/rest/services/Tashkent_Mahallas/FeatureServer/0,stored EPSG:102100/3857; served as EPSG:4326 on request,2024-10 (adopted); 2025-07 (republication snapshot),OFFICIAL,Toshkent shahar hokimligi - Raqamli rivojlantirish boshqarmasi,https://services8.arcgis.com/GyR85gR88mMqIY4t/arcgis/rest/services/Tashkent_Mahallas/FeatureServer/0,A,2024-10-23,2026-09-18,NULL
UZ-TAS-MFY-100,NULL,Eshonbuloq mahallasi,Эшонбулоқ маҳалласи,Эшонбулок махалля,NULL,Eshonbuloq mahallasi,Eshonbuloq,NULL,NULL,Mahalla fuqarolar yig'ini (MFY),Sergeli,UZ-TAS-SERGELI,1726283,NULL,NULL,NULL,NULL,NULL,NULL,2023-11-24/2024-10-23 (range; exact date per district NOT ESTABLISHED),NOT ESTABLISHED,NULL,https://e-qaror.gov.uz (Tashkent City Kengash decisions; individual act not located),NULL,NULL,NULL,127.86,YES,NO,"Tashkent City Hokimiyat, Dept. of Digital Development, via Open Data Tashkent; republished on Esri CAC GeoPortal",https://hub.arcgis.com/api/v3/datasets/c51c854bad2d48f1beaad40272f8d483_0/downloads/data?format=geojson&spatialRefId=4326,https://services8.arcgis.com/GyR85gR88mMqIY4t/arcgis/rest/services/Tashkent_Mahallas/FeatureServer/0,stored EPSG:102100/3857; served as EPSG:4326 on request,2024-10 (adopted); 2025-07 (republication snapshot),OFFICIAL,Toshkent shahar hokimligi - Raqamli rivojlantirish boshqarmasi,https://services8.arcgis.com/GyR85gR88mMqIY4t/arcgis/rest/services/Tashkent_Mahallas/FeatureServer/0,A,2024-10-23,2026-09-18,NULL
UZ-TAS-MFY-101,NULL,Farog'atli mahallasi,Фароғатли маҳалласи,Фарогатли махалля,NULL,Farog'atli mahallasi,Farog'atli,NULL,NULL,Mahalla fuqarolar yig'ini (MFY),Sergeli,UZ-TAS-SERGELI,1726283,NULL,NULL,NULL,NULL,NULL,NULL,2023-11-24/2024-10-23 (range; exact date per district NOT ESTABLISHED),NOT ESTABLISHED,NULL,https://e-qaror.gov.uz (Tashkent City Kengash decisions; individual act not located),NULL,NULL,NULL,215.8,YES,NO,"Tashkent City Hokimiyat, Dept. of Digital Development, via Open Data Tashkent; republished on Esri CAC GeoPortal",https://hub.arcgis.com/api/v3/datasets/c51c854bad2d48f1beaad40272f8d483_0/downloads/data?format=geojson&spatialRefId=4326,https://services8.arcgis.com/GyR85gR88mMqIY4t/arcgis/rest/services/Tashkent_Mahallas/FeatureServer/0,stored EPSG:102100/3857; served as EPSG:4326 on request,2024-10 (adopted); 2025-07 (republication snapshot),OFFICIAL,Toshkent shahar hokimligi - Raqamli rivojlantirish boshqarmasi,https://services8.arcgis.com/GyR85gR88mMqIY4t/arcgis/rest/services/Tashkent_Mahallas/FeatureServer/0,A,2024-10-23,2026-09-18,NULL
UZ-TAS-MFY-102,NULL,Asrobod mahallasi,Асробод маҳалласи,Асробод махалля,NULL,Asrobod mahallasi,Asrobod,NULL,NULL,Mahalla fuqarolar yig'ini (MFY),Sergeli,UZ-TAS-SERGELI,1726283,NULL,NULL,NULL,NULL,NULL,NULL,2023-11-24/2024-10-23 (range; exact date per district NOT ESTABLISHED),NOT ESTABLISHED,NULL,https://e-qaror.gov.uz (Tashkent City Kengash decisions; individual act not located),NULL,NULL,NULL,37.69,YES,NO,"Tashkent City Hokimiyat, Dept. of Digital Development, via Open Data Tashkent; republished on Esri CAC GeoPortal",https://hub.arcgis.com/api/v3/datasets/c51c854bad2d48f1beaad40272f8d483_0/downloads/data?format=geojson&spatialRefId=4326,https://services8.arcgis.com/GyR85gR88mMqIY4t/arcgis/rest/services/Tashkent_Mahallas/FeatureServer/0,stored EPSG:102100/3857; served as EPSG:4326 on request,2024-10 (adopted); 2025-07 (republication snapshot),OFFICIAL,Toshkent shahar hokimligi - Raqamli rivojlantirish boshqarmasi,https://services8.arcgis.com/GyR85gR88mMqIY4t/arcgis/rest/services/Tashkent_Mahallas/FeatureServer/0,A,2024-10-23,2026-09-18,NULL
UZ-TAS-MFY-103,NULL,Ko'hna Qumariq mahallasi,Кўҳна Қумариқ маҳалласи,Кухна Кумарик махалля,NULL,Ko'hna Qumariq mahallasi,Ko'hna Qumariq,NULL,NULL,Mahalla fuqarolar yig'ini (MFY),Sergeli,UZ-TAS-SERGELI,1726283,NULL,NULL,NULL,NULL,NULL,NULL,2023-11-24/2024-10-23 (range; exact date per district NOT ESTABLISHED),NOT ESTABLISHED,NULL,https://e-qaror.gov.uz (Tashkent City Kengash decisions; individual act not located),NULL,NULL,NULL,232.05,YES,NO,"Tashkent City Hokimiyat, Dept. of Digital Development, via Open Data Tashkent; republished on Esri CAC GeoPortal",https://hub.arcgis.com/api/v3/datasets/c51c854bad2d48f1beaad40272f8d483_0/downloads/data?format=geojson&spatialRefId=4326,https://services8.arcgis.com/GyR85gR88mMqIY4t/arcgis/rest/services/Tashkent_Mahallas/FeatureServer/0,stored EPSG:102100/3857; served as EPSG:4326 on request,2024-10 (adopted); 2025-07 (republication snapshot),OFFICIAL,Toshkent shahar hokimligi - Raqamli rivojlantirish boshqarmasi,https://services8.arcgis.com/GyR85gR88mMqIY4t/arcgis/rest/services/Tashkent_Mahallas/FeatureServer/0,A,2024-10-23,2026-09-18,NULL
UZ-TAS-MFY-104,NULL,Qubaytepa mahallasi,Қубайтепа маҳалласи,Кубайтепа махалля,NULL,Qubaytepa mahallasi,Qubaytepa,NULL,NULL,Mahalla fuqarolar yig'ini (MFY),Sergeli,UZ-TAS-SERGELI,1726283,NULL,NULL,NULL,NULL,NULL,NULL,2023-11-24/2024-10-23 (range; exact date per district NOT ESTABLISHED),NOT ESTABLISHED,NULL,https://e-qaror.gov.uz (Tashkent City Kengash decisions; individual act not located),NULL,NULL,NULL,225.24,YES,NO,"Tashkent City Hokimiyat, Dept. of Digital Development, via Open Data Tashkent; republished on Esri CAC GeoPortal",https://hub.arcgis.com/api/v3/datasets/c51c854bad2d48f1beaad40272f8d483_0/downloads/data?format=geojson&spatialRefId=4326,https://services8.arcgis.com/GyR85gR88mMqIY4t/arcgis/rest/services/Tashkent_Mahallas/FeatureServer/0,stored EPSG:102100/3857; served as EPSG:4326 on request,2024-10 (adopted); 2025-07 (republication snapshot),OFFICIAL,Toshkent shahar hokimligi - Raqamli rivojlantirish boshqarmasi,https://services8.arcgis.com/GyR85gR88mMqIY4t/arcgis/rest/services/Tashkent_Mahallas/FeatureServer/0,A,2024-10-23,2026-09-18,NULL
UZ-TAS-MFY-105,NULL,Eski Jaloyir mahallasi,Эски Жалойир маҳалласи,Эски Джалойир махалля,NULL,Eski Jaloyir mahallasi,Eski Jaloyir,NULL,NULL,Mahalla fuqarolar yig'ini (MFY),Sergeli,UZ-TAS-SERGELI,1726283,NULL,NULL,NULL,NULL,NULL,NULL,2023-11-24/2024-10-23 (range; exact date per district NOT ESTABLISHED),NOT ESTABLISHED,NULL,https://e-qaror.gov.uz (Tashkent City Kengash decisions; individual act not located),NULL,NULL,NULL,100.31,YES,NO,"Tashkent City Hokimiyat, Dept. of Digital Development, via Open Data Tashkent; republished on Esri CAC GeoPortal",https://hub.arcgis.com/api/v3/datasets/c51c854bad2d48f1beaad40272f8d483_0/downloads/data?format=geojson&spatialRefId=4326,https://services8.arcgis.com/GyR85gR88mMqIY4t/arcgis/rest/services/Tashkent_Mahallas/FeatureServer/0,stored EPSG:102100/3857; served as EPSG:4326 on request,2024-10 (adopted); 2025-07 (republication snapshot),OFFICIAL,Toshkent shahar hokimligi - Raqamli rivojlantirish boshqarmasi,https://services8.arcgis.com/GyR85gR88mMqIY4t/arcgis/rest/services/Tashkent_Mahallas/FeatureServer/0,A,2024-10-23,2026-09-18,NULL
UZ-TAS-MFY-106,NULL,Ziyolilar mahallasi,Зиёлилар маҳалласи,Зиёлилар махалля,NULL,Ziyolilar mahallasi,Ziyolilar,NULL,NULL,Mahalla fuqarolar yig'ini (MFY),Sergeli,UZ-TAS-SERGELI,1726283,NULL,NULL,NULL,NULL,NULL,NULL,2023-11-24/2024-10-23 (range; exact date per district NOT ESTABLISHED),NOT ESTABLISHED,NULL,https://e-qaror.gov.uz (Tashkent City Kengash decisions; individual act not located),NULL,NULL,NULL,64.2,YES,NO,"Tashkent City Hokimiyat, Dept. of Digital Development, via Open Data Tashkent; republished on Esri CAC GeoPortal",https://hub.arcgis.com/api/v3/datasets/c51c854bad2d48f1beaad40272f8d483_0/downloads/data?format=geojson&spatialRefId=4326,https://services8.arcgis.com/GyR85gR88mMqIY4t/arcgis/rest/services/Tashkent_Mahallas/FeatureServer/0,stored EPSG:102100/3857; served as EPSG:4326 on request,2024-10 (adopted); 2025-07 (republication snapshot),OFFICIAL,Toshkent shahar hokimligi - Raqamli rivojlantirish boshqarmasi,https://services8.arcgis.com/GyR85gR88mMqIY4t/arcgis/rest/services/Tashkent_Mahallas/FeatureServer/0,A,2024-10-23,2026-09-18,NULL
UZ-TAS-MFY-107,NULL,Sultonobod mahallasi,Султонобод маҳалласи,Султонобод махалля,NULL,Sultonobod mahallasi,Sultonobod,NULL,NULL,Mahalla fuqarolar yig'ini (MFY),Sergeli,UZ-TAS-SERGELI,1726283,NULL,NULL,NULL,NULL,NULL,NULL,2023-11-24/2024-10-23 (range; exact date per district NOT ESTABLISHED),NOT ESTABLISHED,NULL,https://e-qaror.gov.uz (Tashkent City Kengash decisions; individual act not located),NULL,NULL,NULL,105.94,YES,NO,"Tashkent City Hokimiyat, Dept. of Digital Development, via Open Data Tashkent; republished on Esri CAC GeoPortal",https://hub.arcgis.com/api/v3/datasets/c51c854bad2d48f1beaad40272f8d483_0/downloads/data?format=geojson&spatialRefId=4326,https://services8.arcgis.com/GyR85gR88mMqIY4t/arcgis/rest/services/Tashkent_Mahallas/FeatureServer/0,stored EPSG:102100/3857; served as EPSG:4326 on request,2024-10 (adopted); 2025-07 (republication snapshot),OFFICIAL,Toshkent shahar hokimligi - Raqamli rivojlantirish boshqarmasi,https://services8.arcgis.com/GyR85gR88mMqIY4t/arcgis/rest/services/Tashkent_Mahallas/FeatureServer/0,A,2024-10-23,2026-09-18,NULL
UZ-TAS-MFY-108,NULL,Sadoqat mahallasi,Садоқат маҳалласи,Садокат махалля,NULL,Sadoqat mahallasi,Sadoqat,NULL,NULL,Mahalla fuqarolar yig'ini (MFY),Sergeli,UZ-TAS-SERGELI,1726283,NULL,NULL,NULL,NULL,NULL,NULL,2023-11-24/2024-10-23 (range; exact date per district NOT ESTABLISHED),NOT ESTABLISHED,NULL,https://e-qaror.gov.uz (Tashkent City Kengash decisions; individual act not located),NULL,NULL,NULL,137.61,YES,NO,"Tashkent City Hokimiyat, Dept. of Digital Development, via Open Data Tashkent; republished on Esri CAC GeoPortal",https://hub.arcgis.com/api/v3/datasets/c51c854bad2d48f1beaad40272f8d483_0/downloads/data?format=geojson&spatialRefId=4326,https://services8.arcgis.com/GyR85gR88mMqIY4t/arcgis/rest/services/Tashkent_Mahallas/FeatureServer/0,stored EPSG:102100/3857; served as EPSG:4326 on request,2024-10 (adopted); 2025-07 (republication snapshot),OFFICIAL,Toshkent shahar hokimligi - Raqamli rivojlantirish boshqarmasi,https://services8.arcgis.com/GyR85gR88mMqIY4t/arcgis/rest/services/Tashkent_Mahallas/FeatureServer/0,A,2024-10-23,2026-09-18,NULL
UZ-TAS-MFY-109,NULL,Sug'diyona mahallasi,Суғдиёна маҳалласи,Сугдиёна махалля,NULL,Sug'diyona mahallasi,Sug'diyona,NULL,NULL,Mahalla fuqarolar yig'ini (MFY),Sergeli,UZ-TAS-SERGELI,1726283,NULL,NULL,NULL,NULL,NULL,NULL,2023-11-24/2024-10-23 (range; exact date per district NOT ESTABLISHED),NOT ESTABLISHED,NULL,https://e-qaror.gov.uz (Tashkent City Kengash decisions; individual act not located),NULL,NULL,NULL,294.02,YES,NO,"Tashkent City Hokimiyat, Dept. of Digital Development, via Open Data Tashkent; republished on Esri CAC GeoPortal",https://hub.arcgis.com/api/v3/datasets/c51c854bad2d48f1beaad40272f8d483_0/downloads/data?format=geojson&spatialRefId=4326,https://services8.arcgis.com/GyR85gR88mMqIY4t/arcgis/rest/services/Tashkent_Mahallas/FeatureServer/0,stored EPSG:102100/3857; served as EPSG:4326 on request,2024-10 (adopted); 2025-07 (republication snapshot),OFFICIAL,Toshkent shahar hokimligi - Raqamli rivojlantirish boshqarmasi,https://services8.arcgis.com/GyR85gR88mMqIY4t/arcgis/rest/services/Tashkent_Mahallas/FeatureServer/0,A,2024-10-23,2026-09-18,NULL
UZ-TAS-MFY-110,NULL,Qo'shqo'rg'on mahallasi,Қўшқўрғон маҳалласи,Кушкургон махалля,NULL,Qo'shqo'rg'on mahallasi,Qo'shqo'rg'on,NULL,NULL,Mahalla fuqarolar yig'ini (MFY),Sergeli,UZ-TAS-SERGELI,1726283,NULL,NULL,NULL,NULL,NULL,NULL,2023-11-24/2024-10-23 (range; exact date per district NOT ESTABLISHED),NOT ESTABLISHED,NULL,https://e-qaror.gov.uz (Tashkent City Kengash decisions; individual act not located),NULL,NULL,NULL,229.82,YES,NO,"Tashkent City Hokimiyat, Dept. of Digital Development, via Open Data Tashkent; republished on Esri CAC GeoPortal",https://hub.arcgis.com/api/v3/datasets/c51c854bad2d48f1beaad40272f8d483_0/downloads/data?format=geojson&spatialRefId=4326,https://services8.arcgis.com/GyR85gR88mMqIY4t/arcgis/rest/services/Tashkent_Mahallas/FeatureServer/0,stored EPSG:102100/3857; served as EPSG:4326 on request,2024-10 (adopted); 2025-07 (republication snapshot),OFFICIAL,Toshkent shahar hokimligi - Raqamli rivojlantirish boshqarmasi,https://services8.arcgis.com/GyR85gR88mMqIY4t/arcgis/rest/services/Tashkent_Mahallas/FeatureServer/0,A,2024-10-23,2026-09-18,NULL
UZ-TAS-MFY-417,NULL,Bayot mahallasi,Баёт маҳалласи,Баёт махалля,NULL,Bayot mahallasi,Bayot,NULL,NULL,Mahalla fuqarolar yig'ini (MFY),Mirobod,UZ-TAS-MIROBOD,1726273,NULL,NULL,NULL,NULL,NULL,NULL,2023-11-24,NOT ESTABLISHED,2023-11-24,https://e-qaror.gov.uz (Tashkent City Kengash decisions; individual act not located),NULL,NULL,NULL,5.38,YES,NO,"Tashkent City Hokimiyat, Dept. of Digital Development, via Open Data Tashkent; republished on Esri CAC GeoPortal",https://hub.arcgis.com/api/v3/datasets/c51c854bad2d48f1beaad40272f8d483_0/downloads/data?format=geojson&spatialRefId=4326,https://services8.arcgis.com/GyR85gR88mMqIY4t/arcgis/rest/services/Tashkent_Mahallas/FeatureServer/0,stored EPSG:102100/3857; served as EPSG:4326 on request,2024-10 (adopted); 2025-07 (republication snapshot),OFFICIAL,Toshkent shahar hokimligi - Raqamli rivojlantirish boshqarmasi,https://services8.arcgis.com/GyR85gR88mMqIY4t/arcgis/rest/services/Tashkent_Mahallas/FeatureServer/0,A,2024-10-23,2026-09-18,First district approved; decision number NOT ESTABLISHED
UZ-TAS-MFY-418,NULL,Tong yulduzi mahallasi,Тонг юлдузи маҳалласи,Тонг юлдузи махалля,NULL,Tong yulduzi mahallasi,Tong yulduzi,NULL,NULL,Mahalla fuqarolar yig'ini (MFY),Mirobod,UZ-TAS-MIROBOD,1726273,NULL,NULL,NULL,NULL,NULL,NULL,2023-11-24,NOT ESTABLISHED,2023-11-24,https://e-qaror.gov.uz (Tashkent City Kengash decisions; individual act not located),NULL,NULL,NULL,132.49,YES,NO,"Tashkent City Hokimiyat, Dept. of Digital Development, via Open Data Tashkent; republished on Esri CAC GeoPortal",https://hub.arcgis.com/api/v3/datasets/c51c854bad2d48f1beaad40272f8d483_0/downloads/data?format=geojson&spatialRefId=4326,https://services8.arcgis.com/GyR85gR88mMqIY4t/arcgis/rest/services/Tashkent_Mahallas/FeatureServer/0,stored EPSG:102100/3857; served as EPSG:4326 on request,2024-10 (adopted); 2025-07 (republication snapshot),OFFICIAL,Toshkent shahar hokimligi - Raqamli rivojlantirish boshqarmasi,https://services8.arcgis.com/GyR85gR88mMqIY4t/arcgis/rest/services/Tashkent_Mahallas/FeatureServer/0,A,2024-10-23,2026-09-18,First district approved; decision number NOT ESTABLISHED
UZ-TAS-MFY-419,NULL,Yangi Qo'yliq mahallasi,Янги Қўйлиқ маҳалласи,Янги Куйлик махалля,NULL,Yangi Qo'yliq mahallasi,Yangi Qo'yliq,NULL,NULL,Mahalla fuqarolar yig'ini (MFY),Mirobod,UZ-TAS-MIROBOD,1726273,NULL,NULL,NULL,NULL,NULL,NULL,2023-11-24,NOT ESTABLISHED,2023-11-24,https://e-qaror.gov.uz (Tashkent City Kengash decisions; individual act not located),NULL,NULL,NULL,23.46,YES,NO,"Tashkent City Hokimiyat, Dept. of Digital Development, via Open Data Tashkent; republished on Esri CAC GeoPortal",https://hub.arcgis.com/api/v3/datasets/c51c854bad2d48f1beaad40272f8d483_0/downloads/data?format=geojson&spatialRefId=4326,https://services8.arcgis.com/GyR85gR88mMqIY4t/arcgis/rest/services/Tashkent_Mahallas/FeatureServer/0,stored EPSG:102100/3857; served as EPSG:4326 on request,2024-10 (adopted); 2025-07 (republication snapshot),OFFICIAL,Toshkent shahar hokimligi - Raqamli rivojlantirish boshqarmasi,https://services8.arcgis.com/GyR85gR88mMqIY4t/arcgis/rest/services/Tashkent_Mahallas/FeatureServer/0,A,2024-10-23,2026-09-18,First district approved; decision number NOT ESTABLISHED
UZ-TAS-MFY-420,NULL,Mirobod mahallasi,Миробод маҳалласи,Миробод махалля,NULL,Mirobod mahallasi,Mirobod,NULL,NULL,Mahalla fuqarolar yig'ini (MFY),Mirobod,UZ-TAS-MIROBOD,1726273,NULL,NULL,NULL,NULL,NULL,NULL,2023-11-24,NOT ESTABLISHED,2023-11-24,https://e-qaror.gov.uz (Tashkent City Kengash decisions; individual act not located),NULL,NULL,NULL,29.93,YES,NO,"Tashkent City Hokimiyat, Dept. of Digital Development, via Open Data Tashkent; republished on Esri CAC GeoPortal",https://hub.arcgis.com/api/v3/datasets/c51c854bad2d48f1beaad40272f8d483_0/downloads/data?format=geojson&spatialRefId=4326,https://services8.arcgis.com/GyR85gR88mMqIY4t/arcgis/rest/services/Tashkent_Mahallas/FeatureServer/0,stored EPSG:102100/3857; served as EPSG:4326 on request,2024-10 (adopted); 2025-07 (republication snapshot),OFFICIAL,Toshkent shahar hokimligi - Raqamli rivojlantirish boshqarmasi,https://services8.arcgis.com/GyR85gR88mMqIY4t/arcgis/rest/services/Tashkent_Mahallas/FeatureServer/0,A,2024-10-23,2026-09-18,First district approved; decision number NOT ESTABLISHED
UZ-TAS-MFY-421,NULL,Qo'yliqota mahallasi,Қўйлиқота маҳалласи,Куйликота махалля,NULL,Qo'yliqota mahallasi,Qo'yliqota,NULL,NULL,Mahalla fuqarolar yig'ini (MFY),Mirobod,UZ-TAS-MIROBOD,1726273,NULL,NULL,NULL,NULL,NULL,NULL,2023-11-24,NOT ESTABLISHED,2023-11-24,https://e-qaror.gov.uz (Tashkent City Kengash decisions; individual act not located),NULL,NULL,NULL,25.23,YES,NO,"Tashkent City Hokimiyat, Dept. of Digital Development, via Open Data Tashkent; republished on Esri CAC GeoPortal",https://hub.arcgis.com/api/v3/datasets/c51c854bad2d48f1beaad40272f8d483_0/downloads/data?format=geojson&spatialRefId=4326,https://services8.arcgis.com/GyR85gR88mMqIY4t/arcgis/rest/services/Tashkent_Mahallas/FeatureServer/0,stored EPSG:102100/3857; served as EPSG:4326 on request,2024-10 (adopted); 2025-07 (republication snapshot),OFFICIAL,Toshkent shahar hokimligi - Raqamli rivojlantirish boshqarmasi,https://services8.arcgis.com/GyR85gR88mMqIY4t/arcgis/rest/services/Tashkent_Mahallas/FeatureServer/0,A,2024-10-23,2026-09-18,First district approved; decision number NOT ESTABLISHED
UZ-TAS-MFY-422,NULL,Sariko'l mahallasi,Сарикўл маҳалласи,Сарикул махалля,NULL,Sariko'l mahallasi,Sariko'l,NULL,NULL,Mahalla fuqarolar yig'ini (MFY),Mirobod,UZ-TAS-MIROBOD,1726273,NULL,NULL,NULL,NULL,NULL,NULL,2023-11-24,NOT ESTABLISHED,2023-11-24,https://e-qaror.gov.uz (Tashkent City Kengash decisions; individual act not located),NULL,NULL,NULL,47.68,YES,NO,"Tashkent City Hokimiyat, Dept. of Digital Development, via Open Data Tashkent; republished on Esri CAC GeoPortal",https://hub.arcgis.com/api/v3/datasets/c51c854bad2d48f1beaad40272f8d483_0/downloads/data?format=geojson&spatialRefId=4326,https://services8.arcgis.com/GyR85gR88mMqIY4t/arcgis/rest/services/Tashkent_Mahallas/FeatureServer/0,stored EPSG:102100/3857; served as EPSG:4326 on request,2024-10 (adopted); 2025-07 (republication snapshot),OFFICIAL,Toshkent shahar hokimligi - Raqamli rivojlantirish boshqarmasi,https://services8.arcgis.com/GyR85gR88mMqIY4t/arcgis/rest/services/Tashkent_Mahallas/FeatureServer/0,A,2024-10-23,2026-09-18,First district approved; decision number NOT ESTABLISHED
UZ-TAS-MFY-423,NULL,Qorasuv mahallasi,Қорасув маҳалласи,Корасув махалля,NULL,Qorasuv mahallasi,Qorasuv,NULL,NULL,Mahalla fuqarolar yig'ini (MFY),Mirobod,UZ-TAS-MIROBOD,1726273,NULL,NULL,NULL,NULL,NULL,NULL,2023-11-24,NOT ESTABLISHED,2023-11-24,https://e-qaror.gov.uz (Tashkent City Kengash decisions; individual act not located),NULL,NULL,NULL,55.49,YES,NO,"Tashkent City Hokimiyat, Dept. of Digital Development, via Open Data Tashkent; republished on Esri CAC GeoPortal",https://hub.arcgis.com/api/v3/datasets/c51c854bad2d48f1beaad40272f8d483_0/downloads/data?format=geojson&spatialRefId=4326,https://services8.arcgis.com/GyR85gR88mMqIY4t/arcgis/rest/services/Tashkent_Mahallas/FeatureServer/0,stored EPSG:102100/3857; served as EPSG:4326 on request,2024-10 (adopted); 2025-07 (republication snapshot),OFFICIAL,Toshkent shahar hokimligi - Raqamli rivojlantirish boshqarmasi,https://services8.arcgis.com/GyR85gR88mMqIY4t/arcgis/rest/services/Tashkent_Mahallas/FeatureServer/0,A,2024-10-23,2026-09-18,First district approved; decision number NOT ESTABLISHED
UZ-TAS-MFY-424,NULL,Navro'z mahallasi,Наврўз маҳалласи,Навруз махалля,NULL,Navro'z mahallasi,Navro'z,NULL,NULL,Mahalla fuqarolar yig'ini (MFY),Mirobod,UZ-TAS-MIROBOD,1726273,NULL,NULL,NULL,NULL,NULL,NULL,2023-11-24,NOT ESTABLISHED,2023-11-24,https://e-qaror.gov.uz (Tashkent City Kengash decisions; individual act not located),NULL,NULL,NULL,31.36,YES,NO,"Tashkent City Hokimiyat, Dept. of Digital Development, via Open Data Tashkent; republished on Esri CAC GeoPortal",https://hub.arcgis.com/api/v3/datasets/c51c854bad2d48f1beaad40272f8d483_0/downloads/data?format=geojson&spatialRefId=4326,https://services8.arcgis.com/GyR85gR88mMqIY4t/arcgis/rest/services/Tashkent_Mahallas/FeatureServer/0,stored EPSG:102100/3857; served as EPSG:4326 on request,2024-10 (adopted); 2025-07 (republication snapshot),OFFICIAL,Toshkent shahar hokimligi - Raqamli rivojlantirish boshqarmasi,https://services8.arcgis.com/GyR85gR88mMqIY4t/arcgis/rest/services/Tashkent_Mahallas/FeatureServer/0,A,2024-10-23,2026-09-18,First district approved; decision number NOT ESTABLISHED
UZ-TAS-MFY-425,NULL,Baynalmilal mahallasi,Байналмилал маҳалласи,Байналмилал махалля,NULL,Baynalmilal mahallasi,Baynalmilal,NULL,NULL,Mahalla fuqarolar yig'ini (MFY),Mirobod,UZ-TAS-MIROBOD,1726273,NULL,NULL,NULL,NULL,NULL,NULL,2023-11-24,NOT ESTABLISHED,2023-11-24,https://e-qaror.gov.uz (Tashkent City Kengash decisions; individual act not located),NULL,NULL,NULL,71.25,YES,NO,"Tashkent City Hokimiyat, Dept. of Digital Development, via Open Data Tashkent; republished on Esri CAC GeoPortal",https://hub.arcgis.com/api/v3/datasets/c51c854bad2d48f1beaad40272f8d483_0/downloads/data?format=geojson&spatialRefId=4326,https://services8.arcgis.com/GyR85gR88mMqIY4t/arcgis/rest/services/Tashkent_Mahallas/FeatureServer/0,stored EPSG:102100/3857; served as EPSG:4326 on request,2024-10 (adopted); 2025-07 (republication snapshot),OFFICIAL,Toshkent shahar hokimligi - Raqamli rivojlantirish boshqarmasi,https://services8.arcgis.com/GyR85gR88mMqIY4t/arcgis/rest/services/Tashkent_Mahallas/FeatureServer/0,A,2024-10-23,2026-09-18,First district approved; decision number NOT ESTABLISHED
UZ-TAS-MFY-426,NULL,Parvona mahallasi,Парвона маҳалласи,Парвона махалля,NULL,Parvona mahallasi,Parvona,NULL,NULL,Mahalla fuqarolar yig'ini (MFY),Mirobod,UZ-TAS-MIROBOD,1726273,NULL,NULL,NULL,NULL,NULL,NULL,2023-11-24,NOT ESTABLISHED,2023-11-24,https://e-qaror.gov.uz (Tashkent City Kengash decisions; individual act not located),NULL,NULL,NULL,37.61,YES,NO,"Tashkent City Hokimiyat, Dept. of Digital Development, via Open Data Tashkent; republished on Esri CAC GeoPortal",https://hub.arcgis.com/api/v3/datasets/c51c854bad2d48f1beaad40272f8d483_0/downloads/data?format=geojson&spatialRefId=4326,https://services8.arcgis.com/GyR85gR88mMqIY4t/arcgis/rest/services/Tashkent_Mahallas/FeatureServer/0,stored EPSG:102100/3857; served as EPSG:4326 on request,2024-10 (adopted); 2025-07 (republication snapshot),OFFICIAL,Toshkent shahar hokimligi - Raqamli rivojlantirish boshqarmasi,https://services8.arcgis.com/GyR85gR88mMqIY4t/arcgis/rest/services/Tashkent_Mahallas/FeatureServer/0,A,2024-10-23,2026-09-18,First district approved; decision number NOT ESTABLISHED
UZ-TAS-MFY-427,NULL,Temiryo'lchilar mahallasi,Темирйўлчилар маҳалласи,Темирйулчилар махалля,NULL,Temiryo'lchilar mahallasi,Temiryo'lchilar,NULL,NULL,Mahalla fuqarolar yig'ini (MFY),Mirobod,UZ-TAS-MIROBOD,1726273,NULL,NULL,NULL,NULL,NULL,NULL,2023-11-24,NOT ESTABLISHED,2023-11-24,https://e-qaror.gov.uz (Tashkent City Kengash decisions; individual act not located),NULL,NULL,NULL,48.04,YES,NO,"Tashkent City Hokimiyat, Dept. of Digital Development, via Open Data Tashkent; republished on Esri CAC GeoPortal",https://hub.arcgis.com/api/v3/datasets/c51c854bad2d48f1beaad40272f8d483_0/downloads/data?format=geojson&spatialRefId=4326,https://services8.arcgis.com/GyR85gR88mMqIY4t/arcgis/rest/services/Tashkent_Mahallas/FeatureServer/0,stored EPSG:102100/3857; served as EPSG:4326 on request,2024-10 (adopted); 2025-07 (republication snapshot),OFFICIAL,Toshkent shahar hokimligi - Raqamli rivojlantirish boshqarmasi,https://services8.arcgis.com/GyR85gR88mMqIY4t/arcgis/rest/services/Tashkent_Mahallas/FeatureServer/0,A,2024-10-23,2026-09-18,First district approved; decision number NOT ESTABLISHED
UZ-TAS-MFY-428,NULL,Movarounnahr mahallasi,Мовароуннаҳр маҳалласи,Мовароуннахр махалля,NULL,Movarounnahr mahallasi,Movarounnahr,NULL,NULL,Mahalla fuqarolar yig'ini (MFY),Mirobod,UZ-TAS-MIROBOD,1726273,NULL,NULL,NULL,NULL,NULL,NULL,2023-11-24,NOT ESTABLISHED,2023-11-24,https://e-qaror.gov.uz (Tashkent City Kengash decisions; individual act not located),NULL,NULL,NULL,24.27,YES,NO,"Tashkent City Hokimiyat, Dept. of Digital Development, via Open Data Tashkent; republished on Esri CAC GeoPortal",https://hub.arcgis.com/api/v3/datasets/c51c854bad2d48f1beaad40272f8d483_0/downloads/data?format=geojson&spatialRefId=4326,https://services8.arcgis.com/GyR85gR88mMqIY4t/arcgis/rest/services/Tashkent_Mahallas/FeatureServer/0,stored EPSG:102100/3857; served as EPSG:4326 on request,2024-10 (adopted); 2025-07 (republication snapshot),OFFICIAL,Toshkent shahar hokimligi - Raqamli rivojlantirish boshqarmasi,https://services8.arcgis.com/GyR85gR88mMqIY4t/arcgis/rest/services/Tashkent_Mahallas/FeatureServer/0,A,2024-10-23,2026-09-18,First district approved; decision number NOT ESTABLISHED
UZ-TAS-MFY-429,NULL,Abdulla Avloniy mahallasi,Абдулла Авлоний маҳалласи,Абдулла Авлоний махалля,NULL,Abdulla Avloniy mahallasi,Abdulla Avloniy,NULL,NULL,Mahalla fuqarolar yig'ini (MFY),Mirobod,UZ-TAS-MIROBOD,1726273,NULL,NULL,NULL,NULL,NULL,NULL,2023-11-24,NOT ESTABLISHED,2023-11-24,https://e-qaror.gov.uz (Tashkent City Kengash decisions; individual act not located),NULL,NULL,NULL,30.43,YES,NO,"Tashkent City Hokimiyat, Dept. of Digital Development, via Open Data Tashkent; republished on Esri CAC GeoPortal",https://hub.arcgis.com/api/v3/datasets/c51c854bad2d48f1beaad40272f8d483_0/downloads/data?format=geojson&spatialRefId=4326,https://services8.arcgis.com/GyR85gR88mMqIY4t/arcgis/rest/services/Tashkent_Mahallas/FeatureServer/0,stored EPSG:102100/3857; served as EPSG:4326 on request,2024-10 (adopted); 2025-07 (republication snapshot),OFFICIAL,Toshkent shahar hokimligi - Raqamli rivojlantirish boshqarmasi,https://services8.arcgis.com/GyR85gR88mMqIY4t/arcgis/rest/services/Tashkent_Mahallas/FeatureServer/0,A,2024-10-23,2026-09-18,First district approved; decision number NOT ESTABLISHED
UZ-TAS-MFY-430,NULL,Oquy mahallasi,Оқуй маҳалласи,Окуй махалля,NULL,Oquy mahallasi,Oquy,NULL,NULL,Mahalla fuqarolar yig'ini (MFY),Mirobod,UZ-TAS-MIROBOD,1726273,NULL,NULL,NULL,NULL,NULL,NULL,2023-11-24,NOT ESTABLISHED,2023-11-24,https://e-qaror.gov.uz (Tashkent City Kengash decisions; individual act not located),NULL,NULL,NULL,69.44,YES,NO,"Tashkent City Hokimiyat, Dept. of Digital Development, via Open Data Tashkent; republished on Esri CAC GeoPortal",https://hub.arcgis.com/api/v3/datasets/c51c854bad2d48f1beaad40272f8d483_0/downloads/data?format=geojson&spatialRefId=4326,https://services8.arcgis.com/GyR85gR88mMqIY4t/arcgis/rest/services/Tashkent_Mahallas/FeatureServer/0,stored EPSG:102100/3857; served as EPSG:4326 on request,2024-10 (adopted); 2025-07 (republication snapshot),OFFICIAL,Toshkent shahar hokimligi - Raqamli rivojlantirish boshqarmasi,https://services8.arcgis.com/GyR85gR88mMqIY4t/arcgis/rest/services/Tashkent_Mahallas/FeatureServer/0,A,2024-10-23,2026-09-18,First district approved; decision number NOT ESTABLISHED
UZ-TAS-MFY-431,NULL,Afrosiyob mahallasi,Афросиёб маҳалласи,Афросиёб махалля,NULL,Afrosiyob mahallasi,Afrosiyob,NULL,NULL,Mahalla fuqarolar yig'ini (MFY),Mirobod,UZ-TAS-MIROBOD,1726273,NULL,NULL,NULL,NULL,NULL,NULL,2023-11-24,NOT ESTABLISHED,2023-11-24,https://e-qaror.gov.uz (Tashkent City Kengash decisions; individual act not located),NULL,NULL,NULL,28.46,YES,NO,"Tashkent City Hokimiyat, Dept. of Digital Development, via Open Data Tashkent; republished on Esri CAC GeoPortal",https://hub.arcgis.com/api/v3/datasets/c51c854bad2d48f1beaad40272f8d483_0/downloads/data?format=geojson&spatialRefId=4326,https://services8.arcgis.com/GyR85gR88mMqIY4t/arcgis/rest/services/Tashkent_Mahallas/FeatureServer/0,stored EPSG:102100/3857; served as EPSG:4326 on request,2024-10 (adopted); 2025-07 (republication snapshot),OFFICIAL,Toshkent shahar hokimligi - Raqamli rivojlantirish boshqarmasi,https://services8.arcgis.com/GyR85gR88mMqIY4t/arcgis/rest/services/Tashkent_Mahallas/FeatureServer/0,A,2024-10-23,2026-09-18,First district approved; decision number NOT ESTABLISHED
UZ-TAS-MFY-432,NULL,At-Termiziy mahallasi,Ат-Термизий маҳалласи,Ат-Термизий махалля,NULL,At-Termiziy mahallasi,At-Termiziy,NULL,NULL,Mahalla fuqarolar yig'ini (MFY),Mirobod,UZ-TAS-MIROBOD,1726273,NULL,NULL,NULL,NULL,NULL,NULL,2023-11-24,NOT ESTABLISHED,2023-11-24,https://e-qaror.gov.uz (Tashkent City Kengash decisions; individual act not located),NULL,NULL,NULL,11.3,YES,NO,"Tashkent City Hokimiyat, Dept. of Digital Development, via Open Data Tashkent; republished on Esri CAC GeoPortal",https://hub.arcgis.com/api/v3/datasets/c51c854bad2d48f1beaad40272f8d483_0/downloads/data?format=geojson&spatialRefId=4326,https://services8.arcgis.com/GyR85gR88mMqIY4t/arcgis/rest/services/Tashkent_Mahallas/FeatureServer/0,stored EPSG:102100/3857; served as EPSG:4326 on request,2024-10 (adopted); 2025-07 (republication snapshot),OFFICIAL,Toshkent shahar hokimligi - Raqamli rivojlantirish boshqarmasi,https://services8.arcgis.com/GyR85gR88mMqIY4t/arcgis/rest/services/Tashkent_Mahallas/FeatureServer/0,A,2024-10-23,2026-09-18,First district approved; decision number NOT ESTABLISHED
UZ-TAS-MFY-433,NULL,Yangi Mirobod mahallasi,Янги Миробод маҳалласи,Янги Миробод махалля,NULL,Yangi Mirobod mahallasi,Yangi Mirobod,NULL,NULL,Mahalla fuqarolar yig'ini (MFY),Mirobod,UZ-TAS-MIROBOD,1726273,NULL,NULL,NULL,NULL,NULL,NULL,2023-11-24,NOT ESTABLISHED,2023-11-24,https://e-qaror.gov.uz (Tashkent City Kengash decisions; individual act not located),NULL,NULL,NULL,28.76,YES,NO,"Tashkent City Hokimiyat, Dept. of Digital Development, via Open Data Tashkent; republished on Esri CAC GeoPortal",https://hub.arcgis.com/api/v3/datasets/c51c854bad2d48f1beaad40272f8d483_0/downloads/data?format=geojson&spatialRefId=4326,https://services8.arcgis.com/GyR85gR88mMqIY4t/arcgis/rest/services/Tashkent_Mahallas/FeatureServer/0,stored EPSG:102100/3857; served as EPSG:4326 on request,2024-10 (adopted); 2025-07 (republication snapshot),OFFICIAL,Toshkent shahar hokimligi - Raqamli rivojlantirish boshqarmasi,https://services8.arcgis.com/GyR85gR88mMqIY4t/arcgis/rest/services/Tashkent_Mahallas/FeatureServer/0,A,2024-10-23,2026-09-18,First district approved; decision number NOT ESTABLISHED
UZ-TAS-MFY-434,NULL,Tolariq mahallasi,Толариқ маҳалласи,Толарик махалля,NULL,Tolariq mahallasi,Tolariq,NULL,NULL,Mahalla fuqarolar yig'ini (MFY),Mirobod,UZ-TAS-MIROBOD,1726273,NULL,NULL,NULL,NULL,NULL,NULL,2023-11-24,NOT ESTABLISHED,2023-11-24,https://e-qaror.gov.uz (Tashkent City Kengash decisions; individual act not located),NULL,NULL,NULL,14.17,YES,NO,"Tashkent City Hokimiyat, Dept. of Digital Development, via Open Data Tashkent; republished on Esri CAC GeoPortal",https://hub.arcgis.com/api/v3/datasets/c51c854bad2d48f1beaad40272f8d483_0/downloads/data?format=geojson&spatialRefId=4326,https://services8.arcgis.com/GyR85gR88mMqIY4t/arcgis/rest/services/Tashkent_Mahallas/FeatureServer/0,stored EPSG:102100/3857; served as EPSG:4326 on request,2024-10 (adopted); 2025-07 (republication snapshot),OFFICIAL,Toshkent shahar hokimligi - Raqamli rivojlantirish boshqarmasi,https://services8.arcgis.com/GyR85gR88mMqIY4t/arcgis/rest/services/Tashkent_Mahallas/FeatureServer/0,A,2024-10-23,2026-09-18,First district approved; decision number NOT ESTABLISHED
UZ-TAS-MFY-435,NULL,Farovon mahallasi,Фаровон маҳалласи,Фаровон махалля,NULL,Farovon mahallasi,Farovon,NULL,NULL,Mahalla fuqarolar yig'ini (MFY),Mirobod,UZ-TAS-MIROBOD,1726273,NULL,NULL,NULL,NULL,NULL,NULL,2023-11-24,NOT ESTABLISHED,2023-11-24,https://e-qaror.gov.uz (Tashkent City Kengash decisions; individual act not located),NULL,NULL,NULL,11.46,YES,NO,"Tashkent City Hokimiyat, Dept. of Digital Development, via Open Data Tashkent; republished on Esri CAC GeoPortal",https://hub.arcgis.com/api/v3/datasets/c51c854bad2d48f1beaad40272f8d483_0/downloads/data?format=geojson&spatialRefId=4326,https://services8.arcgis.com/GyR85gR88mMqIY4t/arcgis/rest/services/Tashkent_Mahallas/FeatureServer/0,stored EPSG:102100/3857; served as EPSG:4326 on request,2024-10 (adopted); 2025-07 (republication snapshot),OFFICIAL,Toshkent shahar hokimligi - Raqamli rivojlantirish boshqarmasi,https://services8.arcgis.com/GyR85gR88mMqIY4t/arcgis/rest/services/Tashkent_Mahallas/FeatureServer/0,A,2024-10-23,2026-09-18,First district approved; decision number NOT ESTABLISHED
UZ-TAS-MFY-436,NULL,Oybek mahallasi,Ойбек маҳалласи,Ойбек махалля,NULL,Oybek mahallasi,Oybek,NULL,NULL,Mahalla fuqarolar yig'ini (MFY),Mirobod,UZ-TAS-MIROBOD,1726273,NULL,NULL,NULL,NULL,NULL,NULL,2023-11-24,NOT ESTABLISHED,2023-11-24,https://e-qaror.gov.uz (Tashkent City Kengash decisions; individual act not located),NULL,NULL,NULL,46.74,YES,NO,"Tashkent City Hokimiyat, Dept. of Digital Development, via Open Data Tashkent; republished on Esri CAC GeoPortal",https://hub.arcgis.com/api/v3/datasets/c51c854bad2d48f1beaad40272f8d483_0/downloads/data?format=geojson&spatialRefId=4326,https://services8.arcgis.com/GyR85gR88mMqIY4t/arcgis/rest/services/Tashkent_Mahallas/FeatureServer/0,stored EPSG:102100/3857; served as EPSG:4326 on request,2024-10 (adopted); 2025-07 (republication snapshot),OFFICIAL,Toshkent shahar hokimligi - Raqamli rivojlantirish boshqarmasi,https://services8.arcgis.com/GyR85gR88mMqIY4t/arcgis/rest/services/Tashkent_Mahallas/FeatureServer/0,A,2024-10-23,2026-09-18,First district approved; decision number NOT ESTABLISHED
UZ-TAS-MFY-437,NULL,Sharof Rashidov mahallasi,Шароф Рашидов маҳалласи,Шароф Рашидов махалля,NULL,Sharof Rashidov mahallasi,Sharof Rashidov,NULL,NULL,Mahalla fuqarolar yig'ini (MFY),Mirobod,UZ-TAS-MIROBOD,1726273,NULL,NULL,NULL,NULL,NULL,NULL,2023-11-24,NOT ESTABLISHED,2023-11-24,https://e-qaror.gov.uz (Tashkent City Kengash decisions; individual act not located),NULL,NULL,NULL,72.69,YES,NO,"Tashkent City Hokimiyat, Dept. of Digital Development, via Open Data Tashkent; republished on Esri CAC GeoPortal",https://hub.arcgis.com/api/v3/datasets/c51c854bad2d48f1beaad40272f8d483_0/downloads/data?format=geojson&spatialRefId=4326,https://services8.arcgis.com/GyR85gR88mMqIY4t/arcgis/rest/services/Tashkent_Mahallas/FeatureServer/0,stored EPSG:102100/3857; served as EPSG:4326 on request,2024-10 (adopted); 2025-07 (republication snapshot),OFFICIAL,Toshkent shahar hokimligi - Raqamli rivojlantirish boshqarmasi,https://services8.arcgis.com/GyR85gR88mMqIY4t/arcgis/rest/services/Tashkent_Mahallas/FeatureServer/0,A,2024-10-23,2026-09-18,First district approved; decision number NOT ESTABLISHED
UZ-TAS-MFY-438,NULL,Ziyonur mahallasi,Зиёнур маҳалласи,Зиёнур махалля,NULL,Ziyonur mahallasi,Ziyonur,NULL,NULL,Mahalla fuqarolar yig'ini (MFY),Mirobod,UZ-TAS-MIROBOD,1726273,NULL,NULL,NULL,NULL,NULL,NULL,2023-11-24,NOT ESTABLISHED,2023-11-24,https://e-qaror.gov.uz (Tashkent City Kengash decisions; individual act not located),NULL,NULL,NULL,21.11,YES,NO,"Tashkent City Hokimiyat, Dept. of Digital Development, via Open Data Tashkent; republished on Esri CAC GeoPortal",https://hub.arcgis.com/api/v3/datasets/c51c854bad2d48f1beaad40272f8d483_0/downloads/data?format=geojson&spatialRefId=4326,https://services8.arcgis.com/GyR85gR88mMqIY4t/arcgis/rest/services/Tashkent_Mahallas/FeatureServer/0,stored EPSG:102100/3857; served as EPSG:4326 on request,2024-10 (adopted); 2025-07 (republication snapshot),OFFICIAL,Toshkent shahar hokimligi - Raqamli rivojlantirish boshqarmasi,https://services8.arcgis.com/GyR85gR88mMqIY4t/arcgis/rest/services/Tashkent_Mahallas/FeatureServer/0,A,2024-10-23,2026-09-18,First district approved; decision number NOT ESTABLISHED
UZ-TAS-MFY-439,NULL,Lolazor mahallasi,Лолазор маҳалласи,Лолазор махалля,NULL,Lolazor mahallasi,Lolazor,NULL,NULL,Mahalla fuqarolar yig'ini (MFY),Mirobod,UZ-TAS-MIROBOD,1726273,NULL,NULL,NULL,NULL,NULL,NULL,2023-11-24,NOT ESTABLISHED,2023-11-24,https://e-qaror.gov.uz (Tashkent City Kengash decisions; individual act not located),NULL,NULL,NULL,16.27,YES,NO,"Tashkent City Hokimiyat, Dept. of Digital Development, via Open Data Tashkent; republished on Esri CAC GeoPortal",https://hub.arcgis.com/api/v3/datasets/c51c854bad2d48f1beaad40272f8d483_0/downloads/data?format=geojson&spatialRefId=4326,https://services8.arcgis.com/GyR85gR88mMqIY4t/arcgis/rest/services/Tashkent_Mahallas/FeatureServer/0,stored EPSG:102100/3857; served as EPSG:4326 on request,2024-10 (adopted); 2025-07 (republication snapshot),OFFICIAL,Toshkent shahar hokimligi - Raqamli rivojlantirish boshqarmasi,https://services8.arcgis.com/GyR85gR88mMqIY4t/arcgis/rest/services/Tashkent_Mahallas/FeatureServer/0,A,2024-10-23,2026-09-18,First district approved; decision number NOT ESTABLISHED
UZ-TAS-MFY-440,NULL,Zaminobod mahallasi,Заминобод маҳалласи,Заминобод махалля,NULL,Zaminobod mahallasi,Zaminobod,NULL,NULL,Mahalla fuqarolar yig'ini (MFY),Mirobod,UZ-TAS-MIROBOD,1726273,NULL,NULL,NULL,NULL,NULL,NULL,2023-11-24,NOT ESTABLISHED,2023-11-24,https://e-qaror.gov.uz (Tashkent City Kengash decisions; individual act not located),NULL,NULL,NULL,38.39,YES,NO,"Tashkent City Hokimiyat, Dept. of Digital Development, via Open Data Tashkent; republished on Esri CAC GeoPortal",https://hub.arcgis.com/api/v3/datasets/c51c854bad2d48f1beaad40272f8d483_0/downloads/data?format=geojson&spatialRefId=4326,https://services8.arcgis.com/GyR85gR88mMqIY4t/arcgis/rest/services/Tashkent_Mahallas/FeatureServer/0,stored EPSG:102100/3857; served as EPSG:4326 on request,2024-10 (adopted); 2025-07 (republication snapshot),OFFICIAL,Toshkent shahar hokimligi - Raqamli rivojlantirish boshqarmasi,https://services8.arcgis.com/GyR85gR88mMqIY4t/arcgis/rest/services/Tashkent_Mahallas/FeatureServer/0,A,2024-10-23,2026-09-18,First district approved; decision number NOT ESTABLISHED
UZ-TAS-MFY-441,NULL,Barotxo'ja mahallasi,Баротхўжа маҳалласи,Баротхужа махалля,NULL,Barotxo'ja mahallasi,Barotxo'ja,NULL,NULL,Mahalla fuqarolar yig'ini (MFY),Mirobod,UZ-TAS-MIROBOD,1726273,NULL,NULL,NULL,NULL,NULL,NULL,2023-11-24,NOT ESTABLISHED,2023-11-24,https://e-qaror.gov.uz (Tashkent City Kengash decisions; individual act not located),NULL,NULL,NULL,50.09,YES,NO,"Tashkent City Hokimiyat, Dept. of Digital Development, via Open Data Tashkent; republished on Esri CAC GeoPortal",https://hub.arcgis.com/api/v3/datasets/c51c854bad2d48f1beaad40272f8d483_0/downloads/data?format=geojson&spatialRefId=4326,https://services8.arcgis.com/GyR85gR88mMqIY4t/arcgis/rest/services/Tashkent_Mahallas/FeatureServer/0,stored EPSG:102100/3857; served as EPSG:4326 on request,2024-10 (adopted); 2025-07 (republication snapshot),OFFICIAL,Toshkent shahar hokimligi - Raqamli rivojlantirish boshqarmasi,https://services8.arcgis.com/GyR85gR88mMqIY4t/arcgis/rest/services/Tashkent_Mahallas/FeatureServer/0,A,2024-10-23,2026-09-18,First district approved; decision number NOT ESTABLISHED
UZ-TAS-MFY-442,NULL,Banokatiy mahallasi,Банокатий маҳалласи,Банокатий махалля,NULL,Banokatiy mahallasi,Banokatiy,NULL,NULL,Mahalla fuqarolar yig'ini (MFY),Mirobod,UZ-TAS-MIROBOD,1726273,NULL,NULL,NULL,NULL,NULL,NULL,2023-11-24,NOT ESTABLISHED,2023-11-24,https://e-qaror.gov.uz (Tashkent City Kengash decisions; individual act not located),NULL,NULL,NULL,72.69,YES,NO,"Tashkent City Hokimiyat, Dept. of Digital Development, via Open Data Tashkent; republished on Esri CAC GeoPortal",https://hub.arcgis.com/api/v3/datasets/c51c854bad2d48f1beaad40272f8d483_0/downloads/data?format=geojson&spatialRefId=4326,https://services8.arcgis.com/GyR85gR88mMqIY4t/arcgis/rest/services/Tashkent_Mahallas/FeatureServer/0,stored EPSG:102100/3857; served as EPSG:4326 on request,2024-10 (adopted); 2025-07 (republication snapshot),OFFICIAL,Toshkent shahar hokimligi - Raqamli rivojlantirish boshqarmasi,https://services8.arcgis.com/GyR85gR88mMqIY4t/arcgis/rest/services/Tashkent_Mahallas/FeatureServer/0,A,2024-10-23,2026-09-18,First district approved; decision number NOT ESTABLISHED
UZ-TAS-MFY-443,NULL,Chinor mahallasi,Чинор маҳалласи,Чинор махалля,NULL,Chinor mahallasi,Chinor,NULL,NULL,Mahalla fuqarolar yig'ini (MFY),Mirobod,UZ-TAS-MIROBOD,1726273,NULL,NULL,NULL,NULL,NULL,NULL,2023-11-24,NOT ESTABLISHED,2023-11-24,https://e-qaror.gov.uz (Tashkent City Kengash decisions; individual act not located),NULL,NULL,NULL,28.17,YES,NO,"Tashkent City Hokimiyat, Dept. of Digital Development, via Open Data Tashkent; republished on Esri CAC GeoPortal",https://hub.arcgis.com/api/v3/datasets/c51c854bad2d48f1beaad40272f8d483_0/downloads/data?format=geojson&spatialRefId=4326,https://services8.arcgis.com/GyR85gR88mMqIY4t/arcgis/rest/services/Tashkent_Mahallas/FeatureServer/0,stored EPSG:102100/3857; served as EPSG:4326 on request,2024-10 (adopted); 2025-07 (republication snapshot),OFFICIAL,Toshkent shahar hokimligi - Raqamli rivojlantirish boshqarmasi,https://services8.arcgis.com/GyR85gR88mMqIY4t/arcgis/rest/services/Tashkent_Mahallas/FeatureServer/0,A,2024-10-23,2026-09-18,First district approved; decision number NOT ESTABLISHED
UZ-TAS-MFY-444,NULL,Birodarlik mahallasi,Биродарлик маҳалласи,Биродарлик махалля,NULL,Birodarlik mahallasi,Birodarlik,NULL,NULL,Mahalla fuqarolar yig'ini (MFY),Mirobod,UZ-TAS-MIROBOD,1726273,NULL,NULL,NULL,NULL,NULL,NULL,2023-11-24,NOT ESTABLISHED,2023-11-24,https://e-qaror.gov.uz (Tashkent City Kengash decisions; individual act not located),NULL,NULL,NULL,26.86,YES,NO,"Tashkent City Hokimiyat, Dept. of Digital Development, via Open Data Tashkent; republished on Esri CAC GeoPortal",https://hub.arcgis.com/api/v3/datasets/c51c854bad2d48f1beaad40272f8d483_0/downloads/data?format=geojson&spatialRefId=4326,https://services8.arcgis.com/GyR85gR88mMqIY4t/arcgis/rest/services/Tashkent_Mahallas/FeatureServer/0,stored EPSG:102100/3857; served as EPSG:4326 on request,2024-10 (adopted); 2025-07 (republication snapshot),OFFICIAL,Toshkent shahar hokimligi - Raqamli rivojlantirish boshqarmasi,https://services8.arcgis.com/GyR85gR88mMqIY4t/arcgis/rest/services/Tashkent_Mahallas/FeatureServer/0,A,2024-10-23,2026-09-18,First district approved; decision number NOT ESTABLISHED
UZ-TAS-MFY-445,NULL,Bilimdon mahallasi,Билимдон маҳалласи,Билимдон махалля,NULL,Bilimdon mahallasi,Bilimdon,NULL,NULL,Mahalla fuqarolar yig'ini (MFY),Mirobod,UZ-TAS-MIROBOD,1726273,NULL,NULL,NULL,NULL,NULL,NULL,2023-11-24,NOT ESTABLISHED,2023-11-24,https://e-qaror.gov.uz (Tashkent City Kengash decisions; individual act not located),NULL,NULL,NULL,30.64,YES,NO,"Tashkent City Hokimiyat, Dept. of Digital Development, via Open Data Tashkent; republished on Esri CAC GeoPortal",https://hub.arcgis.com/api/v3/datasets/c51c854bad2d48f1beaad40272f8d483_0/downloads/data?format=geojson&spatialRefId=4326,https://services8.arcgis.com/GyR85gR88mMqIY4t/arcgis/rest/services/Tashkent_Mahallas/FeatureServer/0,stored EPSG:102100/3857; served as EPSG:4326 on request,2024-10 (adopted); 2025-07 (republication snapshot),OFFICIAL,Toshkent shahar hokimligi - Raqamli rivojlantirish boshqarmasi,https://services8.arcgis.com/GyR85gR88mMqIY4t/arcgis/rest/services/Tashkent_Mahallas/FeatureServer/0,A,2024-10-23,2026-09-18,First district approved; decision number NOT ESTABLISHED
UZ-TAS-MFY-446,NULL,Abdurauf Fitrat mahallasi,Абдурауф Фитрат маҳалласи,Абдурауф Фитрат махалля,NULL,Abdurauf Fitrat mahallasi,Abdurauf Fitrat,NULL,NULL,Mahalla fuqarolar yig'ini (MFY),Mirobod,UZ-TAS-MIROBOD,1726273,NULL,NULL,NULL,NULL,NULL,NULL,2023-11-24,NOT ESTABLISHED,2023-11-24,https://e-qaror.gov.uz (Tashkent City Kengash decisions; individual act not located),NULL,NULL,NULL,44.35,YES,NO,"Tashkent City Hokimiyat, Dept. of Digital Development, via Open Data Tashkent; republished on Esri CAC GeoPortal",https://hub.arcgis.com/api/v3/datasets/c51c854bad2d48f1beaad40272f8d483_0/downloads/data?format=geojson&spatialRefId=4326,https://services8.arcgis.com/GyR85gR88mMqIY4t/arcgis/rest/services/Tashkent_Mahallas/FeatureServer/0,stored EPSG:102100/3857; served as EPSG:4326 on request,2024-10 (adopted); 2025-07 (republication snapshot),OFFICIAL,Toshkent shahar hokimligi - Raqamli rivojlantirish boshqarmasi,https://services8.arcgis.com/GyR85gR88mMqIY4t/arcgis/rest/services/Tashkent_Mahallas/FeatureServer/0,A,2024-10-23,2026-09-18,First district approved; decision number NOT ESTABLISHED
UZ-TAS-MFY-447,NULL,Yangizamon mahallasi,Янгизамон маҳалласи,Янгизамон махалля,NULL,Yangizamon mahallasi,Yangizamon,NULL,NULL,Mahalla fuqarolar yig'ini (MFY),Mirobod,UZ-TAS-MIROBOD,1726273,NULL,NULL,NULL,NULL,NULL,NULL,2023-11-24,NOT ESTABLISHED,2023-11-24,https://e-qaror.gov.uz (Tashkent City Kengash decisions; individual act not located),NULL,NULL,NULL,31.08,YES,NO,"Tashkent City Hokimiyat, Dept. of Digital Development, via Open Data Tashkent; republished on Esri CAC GeoPortal",https://hub.arcgis.com/api/v3/datasets/c51c854bad2d48f1beaad40272f8d483_0/downloads/data?format=geojson&spatialRefId=4326,https://services8.arcgis.com/GyR85gR88mMqIY4t/arcgis/rest/services/Tashkent_Mahallas/FeatureServer/0,stored EPSG:102100/3857; served as EPSG:4326 on request,2024-10 (adopted); 2025-07 (republication snapshot),OFFICIAL,Toshkent shahar hokimligi - Raqamli rivojlantirish boshqarmasi,https://services8.arcgis.com/GyR85gR88mMqIY4t/arcgis/rest/services/Tashkent_Mahallas/FeatureServer/0,A,2024-10-23,2026-09-18,First district approved; decision number NOT ESTABLISHED
UZ-TAS-MFY-448,NULL,Mingo'rik mahallasi,Мингўрик маҳалласи,Мингурик махалля,NULL,Mingo'rik mahallasi,Mingo'rik,NULL,NULL,Mahalla fuqarolar yig'ini (MFY),Mirobod,UZ-TAS-MIROBOD,1726273,NULL,NULL,NULL,NULL,NULL,NULL,2023-11-24,NOT ESTABLISHED,2023-11-24,https://e-qaror.gov.uz (Tashkent City Kengash decisions; individual act not located),NULL,NULL,NULL,60.22,YES,NO,"Tashkent City Hokimiyat, Dept. of Digital Development, via Open Data Tashkent; republished on Esri CAC GeoPortal",https://hub.arcgis.com/api/v3/datasets/c51c854bad2d48f1beaad40272f8d483_0/downloads/data?format=geojson&spatialRefId=4326,https://services8.arcgis.com/GyR85gR88mMqIY4t/arcgis/rest/services/Tashkent_Mahallas/FeatureServer/0,stored EPSG:102100/3857; served as EPSG:4326 on request,2024-10 (adopted); 2025-07 (republication snapshot),OFFICIAL,Toshkent shahar hokimligi - Raqamli rivojlantirish boshqarmasi,https://services8.arcgis.com/GyR85gR88mMqIY4t/arcgis/rest/services/Tashkent_Mahallas/FeatureServer/0,A,2024-10-23,2026-09-18,First district approved; decision number NOT ESTABLISHED
UZ-TAS-MFY-449,NULL,Oltinko'l mahallasi,Олтинкўл маҳалласи,Олтинкул махалля,NULL,Oltinko'l mahallasi,Oltinko'l,NULL,NULL,Mahalla fuqarolar yig'ini (MFY),Mirobod,UZ-TAS-MIROBOD,1726273,NULL,NULL,NULL,NULL,NULL,NULL,2023-11-24,NOT ESTABLISHED,2023-11-24,https://e-qaror.gov.uz (Tashkent City Kengash decisions; individual act not located),NULL,NULL,NULL,32.99,YES,NO,"Tashkent City Hokimiyat, Dept. of Digital Development, via Open Data Tashkent; republished on Esri CAC GeoPortal",https://hub.arcgis.com/api/v3/datasets/c51c854bad2d48f1beaad40272f8d483_0/downloads/data?format=geojson&spatialRefId=4326,https://services8.arcgis.com/GyR85gR88mMqIY4t/arcgis/rest/services/Tashkent_Mahallas/FeatureServer/0,stored EPSG:102100/3857; served as EPSG:4326 on request,2024-10 (adopted); 2025-07 (republication snapshot),OFFICIAL,Toshkent shahar hokimligi - Raqamli rivojlantirish boshqarmasi,https://services8.arcgis.com/GyR85gR88mMqIY4t/arcgis/rest/services/Tashkent_Mahallas/FeatureServer/0,A,2024-10-23,2026-09-18,First district approved; decision number NOT ESTABLISHED
UZ-TAS-MFY-450,NULL,Inoqobod mahallasi,Иноқобод маҳалласи,Инокобод махалля,NULL,Inoqobod mahallasi,Inoqobod,NULL,NULL,Mahalla fuqarolar yig'ini (MFY),Mirobod,UZ-TAS-MIROBOD,1726273,NULL,NULL,NULL,NULL,NULL,NULL,2023-11-24,NOT ESTABLISHED,2023-11-24,https://e-qaror.gov.uz (Tashkent City Kengash decisions; individual act not located),NULL,NULL,NULL,68.71,YES,NO,"Tashkent City Hokimiyat, Dept. of Digital Development, via Open Data Tashkent; republished on Esri CAC GeoPortal",https://hub.arcgis.com/api/v3/datasets/c51c854bad2d48f1beaad40272f8d483_0/downloads/data?format=geojson&spatialRefId=4326,https://services8.arcgis.com/GyR85gR88mMqIY4t/arcgis/rest/services/Tashkent_Mahallas/FeatureServer/0,stored EPSG:102100/3857; served as EPSG:4326 on request,2024-10 (adopted); 2025-07 (republication snapshot),OFFICIAL,Toshkent shahar hokimligi - Raqamli rivojlantirish boshqarmasi,https://services8.arcgis.com/GyR85gR88mMqIY4t/arcgis/rest/services/Tashkent_Mahallas/FeatureServer/0,A,2024-10-23,2026-09-18,First district approved; decision number NOT ESTABLISHED
UZ-TAS-MFY-451,NULL,Salor mahallasi,Салор маҳалласи,Салор махалля,NULL,Salor mahallasi,Salor,NULL,NULL,Mahalla fuqarolar yig'ini (MFY),Mirobod,UZ-TAS-MIROBOD,1726273,NULL,NULL,NULL,NULL,NULL,NULL,2023-11-24,NOT ESTABLISHED,2023-11-24,https://e-qaror.gov.uz (Tashkent City Kengash decisions; individual act not located),NULL,NULL,NULL,59.44,YES,NO,"Tashkent City Hokimiyat, Dept. of Digital Development, via Open Data Tashkent; republished on Esri CAC GeoPortal",https://hub.arcgis.com/api/v3/datasets/c51c854bad2d48f1beaad40272f8d483_0/downloads/data?format=geojson&spatialRefId=4326,https://services8.arcgis.com/GyR85gR88mMqIY4t/arcgis/rest/services/Tashkent_Mahallas/FeatureServer/0,stored EPSG:102100/3857; served as EPSG:4326 on request,2024-10 (adopted); 2025-07 (republication snapshot),OFFICIAL,Toshkent shahar hokimligi - Raqamli rivojlantirish boshqarmasi,https://services8.arcgis.com/GyR85gR88mMqIY4t/arcgis/rest/services/Tashkent_Mahallas/FeatureServer/0,A,2024-10-23,2026-09-18,First district approved; decision number NOT ESTABLISHED
UZ-TAS-MFY-452,NULL,Fayziobod mahallasi,Файзиобод маҳалласи,Файзиобод махалля,NULL,Fayziobod mahallasi,Fayziobod,NULL,NULL,Mahalla fuqarolar yig'ini (MFY),Mirobod,UZ-TAS-MIROBOD,1726273,NULL,NULL,NULL,NULL,NULL,NULL,2023-11-24,NOT ESTABLISHED,2023-11-24,https://e-qaror.gov.uz (Tashkent City Kengash decisions; individual act not located),NULL,NULL,NULL,108.97,YES,NO,"Tashkent City Hokimiyat, Dept. of Digital Development, via Open Data Tashkent; republished on Esri CAC GeoPortal",https://hub.arcgis.com/api/v3/datasets/c51c854bad2d48f1beaad40272f8d483_0/downloads/data?format=geojson&spatialRefId=4326,https://services8.arcgis.com/GyR85gR88mMqIY4t/arcgis/rest/services/Tashkent_Mahallas/FeatureServer/0,stored EPSG:102100/3857; served as EPSG:4326 on request,2024-10 (adopted); 2025-07 (republication snapshot),OFFICIAL,Toshkent shahar hokimligi - Raqamli rivojlantirish boshqarmasi,https://services8.arcgis.com/GyR85gR88mMqIY4t/arcgis/rest/services/Tashkent_Mahallas/FeatureServer/0,A,2024-10-23,2026-09-18,First district approved; decision number NOT ESTABLISHED
UZ-TAS-MFY-453,NULL,Furqat mahallasi,Фурқат маҳалласи,Фуркат махалля,NULL,Furqat mahallasi,Furqat,NULL,NULL,Mahalla fuqarolar yig'ini (MFY),Mirobod,UZ-TAS-MIROBOD,1726273,NULL,NULL,NULL,NULL,NULL,NULL,2023-11-24,NOT ESTABLISHED,2023-11-24,https://e-qaror.gov.uz (Tashkent City Kengash decisions; individual act not located),NULL,NULL,NULL,46.68,YES,NO,"Tashkent City Hokimiyat, Dept. of Digital Development, via Open Data Tashkent; republished on Esri CAC GeoPortal",https://hub.arcgis.com/api/v3/datasets/c51c854bad2d48f1beaad40272f8d483_0/downloads/data?format=geojson&spatialRefId=4326,https://services8.arcgis.com/GyR85gR88mMqIY4t/arcgis/rest/services/Tashkent_Mahallas/FeatureServer/0,stored EPSG:102100/3857; served as EPSG:4326 on request,2024-10 (adopted); 2025-07 (republication snapshot),OFFICIAL,Toshkent shahar hokimligi - Raqamli rivojlantirish boshqarmasi,https://services8.arcgis.com/GyR85gR88mMqIY4t/arcgis/rest/services/Tashkent_Mahallas/FeatureServer/0,A,2024-10-23,2026-09-18,First district approved; decision number NOT ESTABLISHED
UZ-TAS-MFY-454,NULL,Istiqlolobod mahallasi,Истиқлолобод маҳалласи,Истиклолобод махалля,NULL,Istiqlolobod mahallasi,Istiqlolobod,NULL,NULL,Mahalla fuqarolar yig'ini (MFY),Mirobod,UZ-TAS-MIROBOD,1726273,NULL,NULL,NULL,NULL,NULL,NULL,2023-11-24,NOT ESTABLISHED,2023-11-24,https://e-qaror.gov.uz (Tashkent City Kengash decisions; individual act not located),NULL,NULL,NULL,51.37,YES,NO,"Tashkent City Hokimiyat, Dept. of Digital Development, via Open Data Tashkent; republished on Esri CAC GeoPortal",https://hub.arcgis.com/api/v3/datasets/c51c854bad2d48f1beaad40272f8d483_0/downloads/data?format=geojson&spatialRefId=4326,https://services8.arcgis.com/GyR85gR88mMqIY4t/arcgis/rest/services/Tashkent_Mahallas/FeatureServer/0,stored EPSG:102100/3857; served as EPSG:4326 on request,2024-10 (adopted); 2025-07 (republication snapshot),OFFICIAL,Toshkent shahar hokimligi - Raqamli rivojlantirish boshqarmasi,https://services8.arcgis.com/GyR85gR88mMqIY4t/arcgis/rest/services/Tashkent_Mahallas/FeatureServer/0,A,2024-10-23,2026-09-18,First district approved; decision number NOT ESTABLISHED
UZ-TAS-MFY-585,NULL,Yuksalish mahallasi,Юксалиш маҳалласи,Юксалиш махалля,NULL,Yuksalish mahallasi,Yuksalish,NULL,NULL,Mahalla fuqarolar yig'ini (MFY),Mirobod,UZ-TAS-MIROBOD,1726273,NULL,NULL,NULL,NULL,NULL,NULL,2023-11-24,NOT ESTABLISHED,2023-11-24,https://e-qaror.gov.uz (Tashkent City Kengash decisions; individual act not located),NULL,NULL,NULL,19.5,YES,NO,"Tashkent City Hokimiyat, Dept. of Digital Development, via Open Data Tashkent; republished on Esri CAC GeoPortal",https://hub.arcgis.com/api/v3/datasets/c51c854bad2d48f1beaad40272f8d483_0/downloads/data?format=geojson&spatialRefId=4326,https://services8.arcgis.com/GyR85gR88mMqIY4t/arcgis/rest/services/Tashkent_Mahallas/FeatureServer/0,stored EPSG:102100/3857; served as EPSG:4326 on request,2024-10 (adopted); 2025-07 (republication snapshot),OFFICIAL,Toshkent shahar hokimligi - Raqamli rivojlantirish boshqarmasi,https://services8.arcgis.com/GyR85gR88mMqIY4t/arcgis/rest/services/Tashkent_Mahallas/FeatureServer/0,A,2024-10-23,2026-09-18,First district approved; decision number NOT ESTABLISHED
UZ-TAS-MFY-369,NULL,Yangi Umid mahallasi,Янги Умид маҳалласи,Янги Умид махалля,NULL,Yangi Umid mahallasi,Yangi Umid,NULL,NULL,Mahalla fuqarolar yig'ini (MFY),Yangihayot,UZ-TAS-YANGIHAYOT,1726292,NULL,NULL,NULL,NULL,NULL,NULL,2023-11-24/2024-10-23 (range; exact date per district NOT ESTABLISHED),NOT ESTABLISHED,NULL,https://e-qaror.gov.uz (Tashkent City Kengash decisions; individual act not located),NULL,NULL,NULL,18.08,YES,NO,"Tashkent City Hokimiyat, Dept. of Digital Development, via Open Data Tashkent; republished on Esri CAC GeoPortal",https://hub.arcgis.com/api/v3/datasets/c51c854bad2d48f1beaad40272f8d483_0/downloads/data?format=geojson&spatialRefId=4326,https://services8.arcgis.com/GyR85gR88mMqIY4t/arcgis/rest/services/Tashkent_Mahallas/FeatureServer/0,stored EPSG:102100/3857; served as EPSG:4326 on request,2024-10 (adopted); 2025-07 (republication snapshot),OFFICIAL,Toshkent shahar hokimligi - Raqamli rivojlantirish boshqarmasi,https://services8.arcgis.com/GyR85gR88mMqIY4t/arcgis/rest/services/Tashkent_Mahallas/FeatureServer/0,A,2024-10-23,2026-09-18,NULL
UZ-TAS-MFY-370,NULL,Yangiturmush mahallasi,Янгитурмуш маҳалласи,Янгитурмуш махалля,NULL,Yangiturmush mahallasi,Yangiturmush,NULL,NULL,Mahalla fuqarolar yig'ini (MFY),Yangihayot,UZ-TAS-YANGIHAYOT,1726292,NULL,NULL,NULL,NULL,NULL,NULL,2023-11-24/2024-10-23 (range; exact date per district NOT ESTABLISHED),NOT ESTABLISHED,NULL,https://e-qaror.gov.uz (Tashkent City Kengash decisions; individual act not located),NULL,NULL,NULL,37.59,YES,NO,"Tashkent City Hokimiyat, Dept. of Digital Development, via Open Data Tashkent; republished on Esri CAC GeoPortal",https://hub.arcgis.com/api/v3/datasets/c51c854bad2d48f1beaad40272f8d483_0/downloads/data?format=geojson&spatialRefId=4326,https://services8.arcgis.com/GyR85gR88mMqIY4t/arcgis/rest/services/Tashkent_Mahallas/FeatureServer/0,stored EPSG:102100/3857; served as EPSG:4326 on request,2024-10 (adopted); 2025-07 (republication snapshot),OFFICIAL,Toshkent shahar hokimligi - Raqamli rivojlantirish boshqarmasi,https://services8.arcgis.com/GyR85gR88mMqIY4t/arcgis/rest/services/Tashkent_Mahallas/FeatureServer/0,A,2024-10-23,2026-09-18,NULL
UZ-TAS-MFY-371,NULL,Humo mahallasi,Ҳумо маҳалласи,Хумо махалля,NULL,Humo mahallasi,Humo,NULL,NULL,Mahalla fuqarolar yig'ini (MFY),Yangihayot,UZ-TAS-YANGIHAYOT,1726292,NULL,NULL,NULL,NULL,NULL,NULL,2023-11-24/2024-10-23 (range; exact date per district NOT ESTABLISHED),NOT ESTABLISHED,NULL,https://e-qaror.gov.uz (Tashkent City Kengash decisions; individual act not located),NULL,NULL,NULL,37.31,YES,NO,"Tashkent City Hokimiyat, Dept. of Digital Development, via Open Data Tashkent; republished on Esri CAC GeoPortal",https://hub.arcgis.com/api/v3/datasets/c51c854bad2d48f1beaad40272f8d483_0/downloads/data?format=geojson&spatialRefId=4326,https://services8.arcgis.com/GyR85gR88mMqIY4t/arcgis/rest/services/Tashkent_Mahallas/FeatureServer/0,stored EPSG:102100/3857; served as EPSG:4326 on request,2024-10 (adopted); 2025-07 (republication snapshot),OFFICIAL,Toshkent shahar hokimligi - Raqamli rivojlantirish boshqarmasi,https://services8.arcgis.com/GyR85gR88mMqIY4t/arcgis/rest/services/Tashkent_Mahallas/FeatureServer/0,A,2024-10-23,2026-09-18,NULL
UZ-TAS-MFY-372,NULL,Yangi Darxon mahallasi,Янги Дархон маҳалласи,Янги Дархон махалля,NULL,Yangi Darxon mahallasi,Yangi Darxon,NULL,NULL,Mahalla fuqarolar yig'ini (MFY),Yangihayot,UZ-TAS-YANGIHAYOT,1726292,NULL,NULL,NULL,NULL,NULL,NULL,2023-11-24/2024-10-23 (range; exact date per district NOT ESTABLISHED),NOT ESTABLISHED,NULL,https://e-qaror.gov.uz (Tashkent City Kengash decisions; individual act not located),NULL,NULL,NULL,202.95,YES,NO,"Tashkent City Hokimiyat, Dept. of Digital Development, via Open Data Tashkent; republished on Esri CAC GeoPortal",https://hub.arcgis.com/api/v3/datasets/c51c854bad2d48f1beaad40272f8d483_0/downloads/data?format=geojson&spatialRefId=4326,https://services8.arcgis.com/GyR85gR88mMqIY4t/arcgis/rest/services/Tashkent_Mahallas/FeatureServer/0,stored EPSG:102100/3857; served as EPSG:4326 on request,2024-10 (adopted); 2025-07 (republication snapshot),OFFICIAL,Toshkent shahar hokimligi - Raqamli rivojlantirish boshqarmasi,https://services8.arcgis.com/GyR85gR88mMqIY4t/arcgis/rest/services/Tashkent_Mahallas/FeatureServer/0,A,2024-10-23,2026-09-18,NULL
UZ-TAS-MFY-373,NULL,Chorbog' mahallasi,Чорбоғ маҳалласи,Чорбог махалля,NULL,Chorbog' mahallasi,Chorbog',NULL,NULL,Mahalla fuqarolar yig'ini (MFY),Yangihayot,UZ-TAS-YANGIHAYOT,1726292,NULL,NULL,NULL,NULL,NULL,NULL,2023-11-24/2024-10-23 (range; exact date per district NOT ESTABLISHED),NOT ESTABLISHED,NULL,https://e-qaror.gov.uz (Tashkent City Kengash decisions; individual act not located),NULL,NULL,NULL,53.79,YES,NO,"Tashkent City Hokimiyat, Dept. of Digital Development, via Open Data Tashkent; republished on Esri CAC GeoPortal",https://hub.arcgis.com/api/v3/datasets/c51c854bad2d48f1beaad40272f8d483_0/downloads/data?format=geojson&spatialRefId=4326,https://services8.arcgis.com/GyR85gR88mMqIY4t/arcgis/rest/services/Tashkent_Mahallas/FeatureServer/0,stored EPSG:102100/3857; served as EPSG:4326 on request,2024-10 (adopted); 2025-07 (republication snapshot),OFFICIAL,Toshkent shahar hokimligi - Raqamli rivojlantirish boshqarmasi,https://services8.arcgis.com/GyR85gR88mMqIY4t/arcgis/rest/services/Tashkent_Mahallas/FeatureServer/0,A,2024-10-23,2026-09-18,NULL
UZ-TAS-MFY-374,NULL,Mash'al mahallasi,Машъал маҳалласи,Машъал махалля,NULL,Mash'al mahallasi,Mash'al,NULL,NULL,Mahalla fuqarolar yig'ini (MFY),Yangihayot,UZ-TAS-YANGIHAYOT,1726292,NULL,NULL,NULL,NULL,NULL,NULL,2023-11-24/2024-10-23 (range; exact date per district NOT ESTABLISHED),NOT ESTABLISHED,NULL,https://e-qaror.gov.uz (Tashkent City Kengash decisions; individual act not located),NULL,NULL,NULL,62.56,YES,NO,"Tashkent City Hokimiyat, Dept. of Digital Development, via Open Data Tashkent; republished on Esri CAC GeoPortal",https://hub.arcgis.com/api/v3/datasets/c51c854bad2d48f1beaad40272f8d483_0/downloads/data?format=geojson&spatialRefId=4326,https://services8.arcgis.com/GyR85gR88mMqIY4t/arcgis/rest/services/Tashkent_Mahallas/FeatureServer/0,stored EPSG:102100/3857; served as EPSG:4326 on request,2024-10 (adopted); 2025-07 (republication snapshot),OFFICIAL,Toshkent shahar hokimligi - Raqamli rivojlantirish boshqarmasi,https://services8.arcgis.com/GyR85gR88mMqIY4t/arcgis/rest/services/Tashkent_Mahallas/FeatureServer/0,A,2024-10-23,2026-09-18,NULL
UZ-TAS-MFY-375,NULL,Choshtepa mahallasi,Чоштепа маҳалласи,Чоштепа махалля,NULL,Choshtepa mahallasi,Choshtepa,NULL,NULL,Mahalla fuqarolar yig'ini (MFY),Yangihayot,UZ-TAS-YANGIHAYOT,1726292,NULL,NULL,NULL,NULL,NULL,NULL,2023-11-24/2024-10-23 (range; exact date per district NOT ESTABLISHED),NOT ESTABLISHED,NULL,https://e-qaror.gov.uz (Tashkent City Kengash decisions; individual act not located),NULL,NULL,NULL,207.18,YES,NO,"Tashkent City Hokimiyat, Dept. of Digital Development, via Open Data Tashkent; republished on Esri CAC GeoPortal",https://hub.arcgis.com/api/v3/datasets/c51c854bad2d48f1beaad40272f8d483_0/downloads/data?format=geojson&spatialRefId=4326,https://services8.arcgis.com/GyR85gR88mMqIY4t/arcgis/rest/services/Tashkent_Mahallas/FeatureServer/0,stored EPSG:102100/3857; served as EPSG:4326 on request,2024-10 (adopted); 2025-07 (republication snapshot),OFFICIAL,Toshkent shahar hokimligi - Raqamli rivojlantirish boshqarmasi,https://services8.arcgis.com/GyR85gR88mMqIY4t/arcgis/rest/services/Tashkent_Mahallas/FeatureServer/0,A,2024-10-23,2026-09-18,NULL
UZ-TAS-MFY-376,NULL,Tashabbus mahallasi,Ташаббус маҳалласи,Ташаббус махалля,NULL,Tashabbus mahallasi,Tashabbus,NULL,NULL,Mahalla fuqarolar yig'ini (MFY),Yangihayot,UZ-TAS-YANGIHAYOT,1726292,NULL,NULL,NULL,NULL,NULL,NULL,2023-11-24/2024-10-23 (range; exact date per district NOT ESTABLISHED),NOT ESTABLISHED,NULL,https://e-qaror.gov.uz (Tashkent City Kengash decisions; individual act not located),NULL,NULL,NULL,27.19,YES,NO,"Tashkent City Hokimiyat, Dept. of Digital Development, via Open Data Tashkent; republished on Esri CAC GeoPortal",https://hub.arcgis.com/api/v3/datasets/c51c854bad2d48f1beaad40272f8d483_0/downloads/data?format=geojson&spatialRefId=4326,https://services8.arcgis.com/GyR85gR88mMqIY4t/arcgis/rest/services/Tashkent_Mahallas/FeatureServer/0,stored EPSG:102100/3857; served as EPSG:4326 on request,2024-10 (adopted); 2025-07 (republication snapshot),OFFICIAL,Toshkent shahar hokimligi - Raqamli rivojlantirish boshqarmasi,https://services8.arcgis.com/GyR85gR88mMqIY4t/arcgis/rest/services/Tashkent_Mahallas/FeatureServer/0,A,2024-10-23,2026-09-18,NULL
UZ-TAS-MFY-377,NULL,Yangihayot mahallasi,Янгиҳаёт маҳалласи,Янгихаёт махалля,NULL,Yangihayot mahallasi,Yangihayot,NULL,NULL,Mahalla fuqarolar yig'ini (MFY),Yangihayot,UZ-TAS-YANGIHAYOT,1726292,NULL,NULL,NULL,NULL,NULL,NULL,2023-11-24/2024-10-23 (range; exact date per district NOT ESTABLISHED),NOT ESTABLISHED,NULL,https://e-qaror.gov.uz (Tashkent City Kengash decisions; individual act not located),NULL,NULL,NULL,26.08,YES,NO,"Tashkent City Hokimiyat, Dept. of Digital Development, via Open Data Tashkent; republished on Esri CAC GeoPortal",https://hub.arcgis.com/api/v3/datasets/c51c854bad2d48f1beaad40272f8d483_0/downloads/data?format=geojson&spatialRefId=4326,https://services8.arcgis.com/GyR85gR88mMqIY4t/arcgis/rest/services/Tashkent_Mahallas/FeatureServer/0,stored EPSG:102100/3857; served as EPSG:4326 on request,2024-10 (adopted); 2025-07 (republication snapshot),OFFICIAL,Toshkent shahar hokimligi - Raqamli rivojlantirish boshqarmasi,https://services8.arcgis.com/GyR85gR88mMqIY4t/arcgis/rest/services/Tashkent_Mahallas/FeatureServer/0,A,2024-10-23,2026-09-18,NULL
UZ-TAS-MFY-378,NULL,Fayzli mahallasi,Файзли маҳалласи,Файзли махалля,NULL,Fayzli mahallasi,Fayzli,NULL,NULL,Mahalla fuqarolar yig'ini (MFY),Yangihayot,UZ-TAS-YANGIHAYOT,1726292,NULL,NULL,NULL,NULL,NULL,NULL,2023-11-24/2024-10-23 (range; exact date per district NOT ESTABLISHED),NOT ESTABLISHED,NULL,https://e-qaror.gov.uz (Tashkent City Kengash decisions; individual act not located),NULL,NULL,NULL,624.65,YES,NO,"Tashkent City Hokimiyat, Dept. of Digital Development, via Open Data Tashkent; republished on Esri CAC GeoPortal",https://hub.arcgis.com/api/v3/datasets/c51c854bad2d48f1beaad40272f8d483_0/downloads/data?format=geojson&spatialRefId=4326,https://services8.arcgis.com/GyR85gR88mMqIY4t/arcgis/rest/services/Tashkent_Mahallas/FeatureServer/0,stored EPSG:102100/3857; served as EPSG:4326 on request,2024-10 (adopted); 2025-07 (republication snapshot),OFFICIAL,Toshkent shahar hokimligi - Raqamli rivojlantirish boshqarmasi,https://services8.arcgis.com/GyR85gR88mMqIY4t/arcgis/rest/services/Tashkent_Mahallas/FeatureServer/0,A,2024-10-23,2026-09-18,NULL
UZ-TAS-MFY-379,NULL,Charog'on mahallasi,Чароғон маҳалласи,Чарогон махалля,NULL,Charog'on mahallasi,Charog'on,NULL,NULL,Mahalla fuqarolar yig'ini (MFY),Yangihayot,UZ-TAS-YANGIHAYOT,1726292,NULL,NULL,NULL,NULL,NULL,NULL,2023-11-24/2024-10-23 (range; exact date per district NOT ESTABLISHED),NOT ESTABLISHED,NULL,https://e-qaror.gov.uz (Tashkent City Kengash decisions; individual act not located),NULL,NULL,NULL,15.96,YES,NO,"Tashkent City Hokimiyat, Dept. of Digital Development, via Open Data Tashkent; republished on Esri CAC GeoPortal",https://hub.arcgis.com/api/v3/datasets/c51c854bad2d48f1beaad40272f8d483_0/downloads/data?format=geojson&spatialRefId=4326,https://services8.arcgis.com/GyR85gR88mMqIY4t/arcgis/rest/services/Tashkent_Mahallas/FeatureServer/0,stored EPSG:102100/3857; served as EPSG:4326 on request,2024-10 (adopted); 2025-07 (republication snapshot),OFFICIAL,Toshkent shahar hokimligi - Raqamli rivojlantirish boshqarmasi,https://services8.arcgis.com/GyR85gR88mMqIY4t/arcgis/rest/services/Tashkent_Mahallas/FeatureServer/0,A,2024-10-23,2026-09-18,NULL
UZ-TAS-MFY-380,NULL,Zarbdor mahallasi,Зарбдор маҳалласи,Зарбдор махалля,NULL,Zarbdor mahallasi,Zarbdor,NULL,NULL,Mahalla fuqarolar yig'ini (MFY),Yangihayot,UZ-TAS-YANGIHAYOT,1726292,NULL,NULL,NULL,NULL,NULL,NULL,2023-11-24/2024-10-23 (range; exact date per district NOT ESTABLISHED),NOT ESTABLISHED,NULL,https://e-qaror.gov.uz (Tashkent City Kengash decisions; individual act not located),NULL,NULL,NULL,25.9,YES,NO,"Tashkent City Hokimiyat, Dept. of Digital Development, via Open Data Tashkent; republished on Esri CAC GeoPortal",https://hub.arcgis.com/api/v3/datasets/c51c854bad2d48f1beaad40272f8d483_0/downloads/data?format=geojson&spatialRefId=4326,https://services8.arcgis.com/GyR85gR88mMqIY4t/arcgis/rest/services/Tashkent_Mahallas/FeatureServer/0,stored EPSG:102100/3857; served as EPSG:4326 on request,2024-10 (adopted); 2025-07 (republication snapshot),OFFICIAL,Toshkent shahar hokimligi - Raqamli rivojlantirish boshqarmasi,https://services8.arcgis.com/GyR85gR88mMqIY4t/arcgis/rest/services/Tashkent_Mahallas/FeatureServer/0,A,2024-10-23,2026-09-18,NULL
UZ-TAS-MFY-381,NULL,Jaloyir mahallasi,Жалойир маҳалласи,Жалойир махалля,NULL,Jaloyir mahallasi,Jaloyir,NULL,NULL,Mahalla fuqarolar yig'ini (MFY),Yangihayot,UZ-TAS-YANGIHAYOT,1726292,NULL,NULL,NULL,NULL,NULL,NULL,2023-11-24/2024-10-23 (range; exact date per district NOT ESTABLISHED),NOT ESTABLISHED,NULL,https://e-qaror.gov.uz (Tashkent City Kengash decisions; individual act not located),NULL,NULL,NULL,542.56,YES,NO,"Tashkent City Hokimiyat, Dept. of Digital Development, via Open Data Tashkent; republished on Esri CAC GeoPortal",https://hub.arcgis.com/api/v3/datasets/c51c854bad2d48f1beaad40272f8d483_0/downloads/data?format=geojson&spatialRefId=4326,https://services8.arcgis.com/GyR85gR88mMqIY4t/arcgis/rest/services/Tashkent_Mahallas/FeatureServer/0,stored EPSG:102100/3857; served as EPSG:4326 on request,2024-10 (adopted); 2025-07 (republication snapshot),OFFICIAL,Toshkent shahar hokimligi - Raqamli rivojlantirish boshqarmasi,https://services8.arcgis.com/GyR85gR88mMqIY4t/arcgis/rest/services/Tashkent_Mahallas/FeatureServer/0,A,2024-10-23,2026-09-18,NULL
UZ-TAS-MFY-382,NULL,Yorqinhayot mahallasi,Ёрқинҳаёт маҳалласи,Ёркинхаёт махалля,NULL,Yorqinhayot mahallasi,Yorqinhayot,NULL,NULL,Mahalla fuqarolar yig'ini (MFY),Yangihayot,UZ-TAS-YANGIHAYOT,1726292,NULL,NULL,NULL,NULL,NULL,NULL,2023-11-24/2024-10-23 (range; exact date per district NOT ESTABLISHED),NOT ESTABLISHED,NULL,https://e-qaror.gov.uz (Tashkent City Kengash decisions; individual act not located),NULL,NULL,NULL,39.5,YES,NO,"Tashkent City Hokimiyat, Dept. of Digital Development, via Open Data Tashkent; republished on Esri CAC GeoPortal",https://hub.arcgis.com/api/v3/datasets/c51c854bad2d48f1beaad40272f8d483_0/downloads/data?format=geojson&spatialRefId=4326,https://services8.arcgis.com/GyR85gR88mMqIY4t/arcgis/rest/services/Tashkent_Mahallas/FeatureServer/0,stored EPSG:102100/3857; served as EPSG:4326 on request,2024-10 (adopted); 2025-07 (republication snapshot),OFFICIAL,Toshkent shahar hokimligi - Raqamli rivojlantirish boshqarmasi,https://services8.arcgis.com/GyR85gR88mMqIY4t/arcgis/rest/services/Tashkent_Mahallas/FeatureServer/0,A,2024-10-23,2026-09-18,NULL
UZ-TAS-MFY-383,NULL,Olchazor mahallasi,Олчазор маҳалласи,Олчазор махалля,NULL,Olchazor mahallasi,Olchazor,NULL,NULL,Mahalla fuqarolar yig'ini (MFY),Yangihayot,UZ-TAS-YANGIHAYOT,1726292,NULL,NULL,NULL,NULL,NULL,NULL,2023-11-24/2024-10-23 (range; exact date per district NOT ESTABLISHED),NOT ESTABLISHED,NULL,https://e-qaror.gov.uz (Tashkent City Kengash decisions; individual act not located),NULL,NULL,NULL,102.55,YES,NO,"Tashkent City Hokimiyat, Dept. of Digital Development, via Open Data Tashkent; republished on Esri CAC GeoPortal",https://hub.arcgis.com/api/v3/datasets/c51c854bad2d48f1beaad40272f8d483_0/downloads/data?format=geojson&spatialRefId=4326,https://services8.arcgis.com/GyR85gR88mMqIY4t/arcgis/rest/services/Tashkent_Mahallas/FeatureServer/0,stored EPSG:102100/3857; served as EPSG:4326 on request,2024-10 (adopted); 2025-07 (republication snapshot),OFFICIAL,Toshkent shahar hokimligi - Raqamli rivojlantirish boshqarmasi,https://services8.arcgis.com/GyR85gR88mMqIY4t/arcgis/rest/services/Tashkent_Mahallas/FeatureServer/0,A,2024-10-23,2026-09-18,NULL
UZ-TAS-MFY-384,NULL,Yo'ldosh mahallasi,Йўлдош маҳалласи,Йулдош махалля,NULL,Yo'ldosh mahallasi,Yo'ldosh,NULL,NULL,Mahalla fuqarolar yig'ini (MFY),Yangihayot,UZ-TAS-YANGIHAYOT,1726292,NULL,NULL,NULL,NULL,NULL,NULL,2023-11-24/2024-10-23 (range; exact date per district NOT ESTABLISHED),NOT ESTABLISHED,NULL,https://e-qaror.gov.uz (Tashkent City Kengash decisions; individual act not located),NULL,NULL,NULL,71.92,YES,NO,"Tashkent City Hokimiyat, Dept. of Digital Development, via Open Data Tashkent; republished on Esri CAC GeoPortal",https://hub.arcgis.com/api/v3/datasets/c51c854bad2d48f1beaad40272f8d483_0/downloads/data?format=geojson&spatialRefId=4326,https://services8.arcgis.com/GyR85gR88mMqIY4t/arcgis/rest/services/Tashkent_Mahallas/FeatureServer/0,stored EPSG:102100/3857; served as EPSG:4326 on request,2024-10 (adopted); 2025-07 (republication snapshot),OFFICIAL,Toshkent shahar hokimligi - Raqamli rivojlantirish boshqarmasi,https://services8.arcgis.com/GyR85gR88mMqIY4t/arcgis/rest/services/Tashkent_Mahallas/FeatureServer/0,A,2024-10-23,2026-09-18,NULL
UZ-TAS-MFY-385,NULL,Al-Farg'oniy mahallasi,Ал-Фарғоний маҳалласи,Ал-Фаргоний махалля,NULL,Al-Farg'oniy mahallasi,Al-Farg'oniy,NULL,NULL,Mahalla fuqarolar yig'ini (MFY),Yangihayot,UZ-TAS-YANGIHAYOT,1726292,NULL,NULL,NULL,NULL,NULL,NULL,2023-11-24/2024-10-23 (range; exact date per district NOT ESTABLISHED),NOT ESTABLISHED,NULL,https://e-qaror.gov.uz (Tashkent City Kengash decisions; individual act not located),NULL,NULL,NULL,82.57,YES,NO,"Tashkent City Hokimiyat, Dept. of Digital Development, via Open Data Tashkent; republished on Esri CAC GeoPortal",https://hub.arcgis.com/api/v3/datasets/c51c854bad2d48f1beaad40272f8d483_0/downloads/data?format=geojson&spatialRefId=4326,https://services8.arcgis.com/GyR85gR88mMqIY4t/arcgis/rest/services/Tashkent_Mahallas/FeatureServer/0,stored EPSG:102100/3857; served as EPSG:4326 on request,2024-10 (adopted); 2025-07 (republication snapshot),OFFICIAL,Toshkent shahar hokimligi - Raqamli rivojlantirish boshqarmasi,https://services8.arcgis.com/GyR85gR88mMqIY4t/arcgis/rest/services/Tashkent_Mahallas/FeatureServer/0,A,2024-10-23,2026-09-18,NULL
UZ-TAS-MFY-386,NULL,Oriyat mahallasi,Орият маҳалласи,Орият махалля,NULL,Oriyat mahallasi,Oriyat,NULL,NULL,Mahalla fuqarolar yig'ini (MFY),Yangihayot,UZ-TAS-YANGIHAYOT,1726292,NULL,NULL,NULL,NULL,NULL,NULL,2023-11-24/2024-10-23 (range; exact date per district NOT ESTABLISHED),NOT ESTABLISHED,NULL,https://e-qaror.gov.uz (Tashkent City Kengash decisions; individual act not located),NULL,NULL,NULL,21.6,YES,NO,"Tashkent City Hokimiyat, Dept. of Digital Development, via Open Data Tashkent; republished on Esri CAC GeoPortal",https://hub.arcgis.com/api/v3/datasets/c51c854bad2d48f1beaad40272f8d483_0/downloads/data?format=geojson&spatialRefId=4326,https://services8.arcgis.com/GyR85gR88mMqIY4t/arcgis/rest/services/Tashkent_Mahallas/FeatureServer/0,stored EPSG:102100/3857; served as EPSG:4326 on request,2024-10 (adopted); 2025-07 (republication snapshot),OFFICIAL,Toshkent shahar hokimligi - Raqamli rivojlantirish boshqarmasi,https://services8.arcgis.com/GyR85gR88mMqIY4t/arcgis/rest/services/Tashkent_Mahallas/FeatureServer/0,A,2024-10-23,2026-09-18,NULL
UZ-TAS-MFY-387,NULL,Toshkent mahallasi,Тошкент маҳалласи,Тошкент махалля,NULL,Toshkent mahallasi,Toshkent,NULL,NULL,Mahalla fuqarolar yig'ini (MFY),Yangihayot,UZ-TAS-YANGIHAYOT,1726292,NULL,NULL,NULL,NULL,NULL,NULL,2023-11-24/2024-10-23 (range; exact date per district NOT ESTABLISHED),NOT ESTABLISHED,NULL,https://e-qaror.gov.uz (Tashkent City Kengash decisions; individual act not located),NULL,NULL,NULL,265.92,YES,NO,"Tashkent City Hokimiyat, Dept. of Digital Development, via Open Data Tashkent; republished on Esri CAC GeoPortal",https://hub.arcgis.com/api/v3/datasets/c51c854bad2d48f1beaad40272f8d483_0/downloads/data?format=geojson&spatialRefId=4326,https://services8.arcgis.com/GyR85gR88mMqIY4t/arcgis/rest/services/Tashkent_Mahallas/FeatureServer/0,stored EPSG:102100/3857; served as EPSG:4326 on request,2024-10 (adopted); 2025-07 (republication snapshot),OFFICIAL,Toshkent shahar hokimligi - Raqamli rivojlantirish boshqarmasi,https://services8.arcgis.com/GyR85gR88mMqIY4t/arcgis/rest/services/Tashkent_Mahallas/FeatureServer/0,A,2024-10-23,2026-09-18,NULL
UZ-TAS-MFY-388,NULL,Marhamat mahallasi,Марҳамат маҳалласи,Мархамат махалля,NULL,Marhamat mahallasi,Marhamat,NULL,NULL,Mahalla fuqarolar yig'ini (MFY),Yangihayot,UZ-TAS-YANGIHAYOT,1726292,NULL,NULL,NULL,NULL,NULL,NULL,2023-11-24/2024-10-23 (range; exact date per district NOT ESTABLISHED),NOT ESTABLISHED,NULL,https://e-qaror.gov.uz (Tashkent City Kengash decisions; individual act not located),NULL,NULL,NULL,24.68,YES,NO,"Tashkent City Hokimiyat, Dept. of Digital Development, via Open Data Tashkent; republished on Esri CAC GeoPortal",https://hub.arcgis.com/api/v3/datasets/c51c854bad2d48f1beaad40272f8d483_0/downloads/data?format=geojson&spatialRefId=4326,https://services8.arcgis.com/GyR85gR88mMqIY4t/arcgis/rest/services/Tashkent_Mahallas/FeatureServer/0,stored EPSG:102100/3857; served as EPSG:4326 on request,2024-10 (adopted); 2025-07 (republication snapshot),OFFICIAL,Toshkent shahar hokimligi - Raqamli rivojlantirish boshqarmasi,https://services8.arcgis.com/GyR85gR88mMqIY4t/arcgis/rest/services/Tashkent_Mahallas/FeatureServer/0,A,2024-10-23,2026-09-18,NULL
UZ-TAS-MFY-389,NULL,Navqiron mahallasi,Навқирон маҳалласи,Навкирон махалля,NULL,Navqiron mahallasi,Navqiron,NULL,NULL,Mahalla fuqarolar yig'ini (MFY),Yangihayot,UZ-TAS-YANGIHAYOT,1726292,NULL,NULL,NULL,NULL,NULL,NULL,2023-11-24/2024-10-23 (range; exact date per district NOT ESTABLISHED),NOT ESTABLISHED,NULL,https://e-qaror.gov.uz (Tashkent City Kengash decisions; individual act not located),NULL,NULL,NULL,27.01,YES,NO,"Tashkent City Hokimiyat, Dept. of Digital Development, via Open Data Tashkent; republished on Esri CAC GeoPortal",https://hub.arcgis.com/api/v3/datasets/c51c854bad2d48f1beaad40272f8d483_0/downloads/data?format=geojson&spatialRefId=4326,https://services8.arcgis.com/GyR85gR88mMqIY4t/arcgis/rest/services/Tashkent_Mahallas/FeatureServer/0,stored EPSG:102100/3857; served as EPSG:4326 on request,2024-10 (adopted); 2025-07 (republication snapshot),OFFICIAL,Toshkent shahar hokimligi - Raqamli rivojlantirish boshqarmasi,https://services8.arcgis.com/GyR85gR88mMqIY4t/arcgis/rest/services/Tashkent_Mahallas/FeatureServer/0,A,2024-10-23,2026-09-18,NULL
UZ-TAS-MFY-390,NULL,Viqor mahallasi,Виқор маҳалласи,Викор махалля,NULL,Viqor mahallasi,Viqor,NULL,NULL,Mahalla fuqarolar yig'ini (MFY),Yangihayot,UZ-TAS-YANGIHAYOT,1726292,NULL,NULL,NULL,NULL,NULL,NULL,2023-11-24/2024-10-23 (range; exact date per district NOT ESTABLISHED),NOT ESTABLISHED,NULL,https://e-qaror.gov.uz (Tashkent City Kengash decisions; individual act not located),NULL,NULL,NULL,33.7,YES,NO,"Tashkent City Hokimiyat, Dept. of Digital Development, via Open Data Tashkent; republished on Esri CAC GeoPortal",https://hub.arcgis.com/api/v3/datasets/c51c854bad2d48f1beaad40272f8d483_0/downloads/data?format=geojson&spatialRefId=4326,https://services8.arcgis.com/GyR85gR88mMqIY4t/arcgis/rest/services/Tashkent_Mahallas/FeatureServer/0,stored EPSG:102100/3857; served as EPSG:4326 on request,2024-10 (adopted); 2025-07 (republication snapshot),OFFICIAL,Toshkent shahar hokimligi - Raqamli rivojlantirish boshqarmasi,https://services8.arcgis.com/GyR85gR88mMqIY4t/arcgis/rest/services/Tashkent_Mahallas/FeatureServer/0,A,2024-10-23,2026-09-18,NULL
UZ-TAS-MFY-391,NULL,Yangi Choshtepa mahallasi,Янги Чоштепа маҳалласи,Янги Чоштепа махалля,NULL,Yangi Choshtepa mahallasi,Yangi Choshtepa,NULL,NULL,Mahalla fuqarolar yig'ini (MFY),Yangihayot,UZ-TAS-YANGIHAYOT,1726292,NULL,NULL,NULL,NULL,NULL,NULL,2023-11-24/2024-10-23 (range; exact date per district NOT ESTABLISHED),NOT ESTABLISHED,NULL,https://e-qaror.gov.uz (Tashkent City Kengash decisions; individual act not located),NULL,NULL,NULL,39.97,YES,NO,"Tashkent City Hokimiyat, Dept. of Digital Development, via Open Data Tashkent; republished on Esri CAC GeoPortal",https://hub.arcgis.com/api/v3/datasets/c51c854bad2d48f1beaad40272f8d483_0/downloads/data?format=geojson&spatialRefId=4326,https://services8.arcgis.com/GyR85gR88mMqIY4t/arcgis/rest/services/Tashkent_Mahallas/FeatureServer/0,stored EPSG:102100/3857; served as EPSG:4326 on request,2024-10 (adopted); 2025-07 (republication snapshot),OFFICIAL,Toshkent shahar hokimligi - Raqamli rivojlantirish boshqarmasi,https://services8.arcgis.com/GyR85gR88mMqIY4t/arcgis/rest/services/Tashkent_Mahallas/FeatureServer/0,A,2024-10-23,2026-09-18,NULL
UZ-TAS-MFY-392,NULL,Xo'ja Uchqun mahallasi,Хўжа Учқун маҳалласи,Хужа Учкун махалля,NULL,Xo'ja Uchqun mahallasi,Xo'ja Uchqun,NULL,NULL,Mahalla fuqarolar yig'ini (MFY),Yangihayot,UZ-TAS-YANGIHAYOT,1726292,NULL,NULL,NULL,NULL,NULL,NULL,2023-11-24/2024-10-23 (range; exact date per district NOT ESTABLISHED),NOT ESTABLISHED,NULL,https://e-qaror.gov.uz (Tashkent City Kengash decisions; individual act not located),NULL,NULL,NULL,465.22,YES,NO,"Tashkent City Hokimiyat, Dept. of Digital Development, via Open Data Tashkent; republished on Esri CAC GeoPortal",https://hub.arcgis.com/api/v3/datasets/c51c854bad2d48f1beaad40272f8d483_0/downloads/data?format=geojson&spatialRefId=4326,https://services8.arcgis.com/GyR85gR88mMqIY4t/arcgis/rest/services/Tashkent_Mahallas/FeatureServer/0,stored EPSG:102100/3857; served as EPSG:4326 on request,2024-10 (adopted); 2025-07 (republication snapshot),OFFICIAL,Toshkent shahar hokimligi - Raqamli rivojlantirish boshqarmasi,https://services8.arcgis.com/GyR85gR88mMqIY4t/arcgis/rest/services/Tashkent_Mahallas/FeatureServer/0,A,2024-10-23,2026-09-18,NULL
UZ-TAS-MFY-393,NULL,Gulshanobod mahallasi,Гулшанобод маҳалласи,Гулшанобод махалля,NULL,Gulshanobod mahallasi,Gulshanobod,NULL,NULL,Mahalla fuqarolar yig'ini (MFY),Yangihayot,UZ-TAS-YANGIHAYOT,1726292,NULL,NULL,NULL,NULL,NULL,NULL,2023-11-24/2024-10-23 (range; exact date per district NOT ESTABLISHED),NOT ESTABLISHED,NULL,https://e-qaror.gov.uz (Tashkent City Kengash decisions; individual act not located),NULL,NULL,NULL,134.39,YES,NO,"Tashkent City Hokimiyat, Dept. of Digital Development, via Open Data Tashkent; republished on Esri CAC GeoPortal",https://hub.arcgis.com/api/v3/datasets/c51c854bad2d48f1beaad40272f8d483_0/downloads/data?format=geojson&spatialRefId=4326,https://services8.arcgis.com/GyR85gR88mMqIY4t/arcgis/rest/services/Tashkent_Mahallas/FeatureServer/0,stored EPSG:102100/3857; served as EPSG:4326 on request,2024-10 (adopted); 2025-07 (republication snapshot),OFFICIAL,Toshkent shahar hokimligi - Raqamli rivojlantirish boshqarmasi,https://services8.arcgis.com/GyR85gR88mMqIY4t/arcgis/rest/services/Tashkent_Mahallas/FeatureServer/0,A,2024-10-23,2026-09-18,NULL
UZ-TAS-MFY-394,NULL,Chortoq mahallasi,Чортоқ маҳалласи,Чорток махалля,NULL,Chortoq mahallasi,Chortoq,NULL,NULL,Mahalla fuqarolar yig'ini (MFY),Yangihayot,UZ-TAS-YANGIHAYOT,1726292,NULL,NULL,NULL,NULL,NULL,NULL,2023-11-24/2024-10-23 (range; exact date per district NOT ESTABLISHED),NOT ESTABLISHED,NULL,https://e-qaror.gov.uz (Tashkent City Kengash decisions; individual act not located),NULL,NULL,NULL,253.22,YES,NO,"Tashkent City Hokimiyat, Dept. of Digital Development, via Open Data Tashkent; republished on Esri CAC GeoPortal",https://hub.arcgis.com/api/v3/datasets/c51c854bad2d48f1beaad40272f8d483_0/downloads/data?format=geojson&spatialRefId=4326,https://services8.arcgis.com/GyR85gR88mMqIY4t/arcgis/rest/services/Tashkent_Mahallas/FeatureServer/0,stored EPSG:102100/3857; served as EPSG:4326 on request,2024-10 (adopted); 2025-07 (republication snapshot),OFFICIAL,Toshkent shahar hokimligi - Raqamli rivojlantirish boshqarmasi,https://services8.arcgis.com/GyR85gR88mMqIY4t/arcgis/rest/services/Tashkent_Mahallas/FeatureServer/0,A,2024-10-23,2026-09-18,NULL
UZ-TAS-MFY-395,NULL,Do'stlik mahallasi,Дўстлик маҳалласи,Дустлик махалля,NULL,Do'stlik mahallasi,Do'stlik,NULL,NULL,Mahalla fuqarolar yig'ini (MFY),Yangihayot,UZ-TAS-YANGIHAYOT,1726292,NULL,NULL,NULL,NULL,NULL,NULL,2023-11-24/2024-10-23 (range; exact date per district NOT ESTABLISHED),NOT ESTABLISHED,NULL,https://e-qaror.gov.uz (Tashkent City Kengash decisions; individual act not located),NULL,NULL,NULL,14.76,YES,NO,"Tashkent City Hokimiyat, Dept. of Digital Development, via Open Data Tashkent; republished on Esri CAC GeoPortal",https://hub.arcgis.com/api/v3/datasets/c51c854bad2d48f1beaad40272f8d483_0/downloads/data?format=geojson&spatialRefId=4326,https://services8.arcgis.com/GyR85gR88mMqIY4t/arcgis/rest/services/Tashkent_Mahallas/FeatureServer/0,stored EPSG:102100/3857; served as EPSG:4326 on request,2024-10 (adopted); 2025-07 (republication snapshot),OFFICIAL,Toshkent shahar hokimligi - Raqamli rivojlantirish boshqarmasi,https://services8.arcgis.com/GyR85gR88mMqIY4t/arcgis/rest/services/Tashkent_Mahallas/FeatureServer/0,A,2024-10-23,2026-09-18,NULL
UZ-TAS-MFY-396,NULL,Binokor mahallasi,Бинокор маҳалласи,Бинокор махалля,NULL,Binokor mahallasi,Binokor,NULL,NULL,Mahalla fuqarolar yig'ini (MFY),Yangihayot,UZ-TAS-YANGIHAYOT,1726292,NULL,NULL,NULL,NULL,NULL,NULL,2023-11-24/2024-10-23 (range; exact date per district NOT ESTABLISHED),NOT ESTABLISHED,NULL,https://e-qaror.gov.uz (Tashkent City Kengash decisions; individual act not located),NULL,NULL,NULL,408.59,YES,NO,"Tashkent City Hokimiyat, Dept. of Digital Development, via Open Data Tashkent; republished on Esri CAC GeoPortal",https://hub.arcgis.com/api/v3/datasets/c51c854bad2d48f1beaad40272f8d483_0/downloads/data?format=geojson&spatialRefId=4326,https://services8.arcgis.com/GyR85gR88mMqIY4t/arcgis/rest/services/Tashkent_Mahallas/FeatureServer/0,stored EPSG:102100/3857; served as EPSG:4326 on request,2024-10 (adopted); 2025-07 (republication snapshot),OFFICIAL,Toshkent shahar hokimligi - Raqamli rivojlantirish boshqarmasi,https://services8.arcgis.com/GyR85gR88mMqIY4t/arcgis/rest/services/Tashkent_Mahallas/FeatureServer/0,A,2024-10-23,2026-09-18,NULL
UZ-TAS-MFY-397,NULL,Yangi Gulzor mahallasi,Янги Гулзор маҳалласи,Янги Гулзор махалля,NULL,Yangi Gulzor mahallasi,Yangi Gulzor,NULL,NULL,Mahalla fuqarolar yig'ini (MFY),Yangihayot,UZ-TAS-YANGIHAYOT,1726292,NULL,NULL,NULL,NULL,NULL,NULL,2023-11-24/2024-10-23 (range; exact date per district NOT ESTABLISHED),NOT ESTABLISHED,NULL,https://e-qaror.gov.uz (Tashkent City Kengash decisions; individual act not located),NULL,NULL,NULL,384.21,YES,NO,"Tashkent City Hokimiyat, Dept. of Digital Development, via Open Data Tashkent; republished on Esri CAC GeoPortal",https://hub.arcgis.com/api/v3/datasets/c51c854bad2d48f1beaad40272f8d483_0/downloads/data?format=geojson&spatialRefId=4326,https://services8.arcgis.com/GyR85gR88mMqIY4t/arcgis/rest/services/Tashkent_Mahallas/FeatureServer/0,stored EPSG:102100/3857; served as EPSG:4326 on request,2024-10 (adopted); 2025-07 (republication snapshot),OFFICIAL,Toshkent shahar hokimligi - Raqamli rivojlantirish boshqarmasi,https://services8.arcgis.com/GyR85gR88mMqIY4t/arcgis/rest/services/Tashkent_Mahallas/FeatureServer/0,A,2024-10-23,2026-09-18,NULL
UZ-TAS-MFY-398,NULL,Xushnud mahallasi,Хушнуд маҳалласи,Хушнуд махалля,NULL,Xushnud mahallasi,Xushnud,NULL,NULL,Mahalla fuqarolar yig'ini (MFY),Yangihayot,UZ-TAS-YANGIHAYOT,1726292,NULL,NULL,NULL,NULL,NULL,NULL,2023-11-24/2024-10-23 (range; exact date per district NOT ESTABLISHED),NOT ESTABLISHED,NULL,https://e-qaror.gov.uz (Tashkent City Kengash decisions; individual act not located),NULL,NULL,NULL,171.93,YES,NO,"Tashkent City Hokimiyat, Dept. of Digital Development, via Open Data Tashkent; republished on Esri CAC GeoPortal",https://hub.arcgis.com/api/v3/datasets/c51c854bad2d48f1beaad40272f8d483_0/downloads/data?format=geojson&spatialRefId=4326,https://services8.arcgis.com/GyR85gR88mMqIY4t/arcgis/rest/services/Tashkent_Mahallas/FeatureServer/0,stored EPSG:102100/3857; served as EPSG:4326 on request,2024-10 (adopted); 2025-07 (republication snapshot),OFFICIAL,Toshkent shahar hokimligi - Raqamli rivojlantirish boshqarmasi,https://services8.arcgis.com/GyR85gR88mMqIY4t/arcgis/rest/services/Tashkent_Mahallas/FeatureServer/0,A,2024-10-23,2026-09-18,NULL
