mahalla_id,mahalla_name_uz_latin,district_name_uz_latin,reference_date,population_total,population_male,population_female,number_of_families,number_of_households,average_household_size,children_total,population_age_0_6,population_age_7_17,population_age_18_30,population_age_31_45,population_age_46_60,population_age_60_plus,working_age_population,elderly_population,registered_population,permanent_population,temporary_population,births,deaths,migration_in,migration_out,population_growth,area_km2,area_ha,population_density_per_km2,value_source_name,value_source_url,source_type,confidence,last_verified_date,notes
UZ-TAS-MFY-515,Olimlar mahallasi,Mirzo Ulug'bek,NULL,NULL,NULL,NULL,NULL,NULL,NULL,NULL,NULL,NULL,NULL,NULL,NULL,NULL,NULL,NULL,NULL,NULL,NULL,NULL,NULL,NULL,NULL,NULL,0.2675,26.75,NULL,NO PUBLIC MAHALLA-LEVEL DEMOGRAPHIC SOURCE LOCATED,NULL,NULL,NULL,2026-09-18,"Mahalla-level demography is held in the MFY yagona reyestri (Unified Register of Mahalla Citizens' Assemblies) inside the Raqamli Mahalla system, legal basis CoM Regulation 586 of 15.09.2025. That register is interagency-only and not published. Obtaining it requires a written request to O'zbekiston Mahallalari Uyushmasi. Area is from the official boundary layer, not a demographic source."
UZ-TAS-MFY-516,Ahillik mahallasi,Mirzo Ulug'bek,NULL,NULL,NULL,NULL,NULL,NULL,NULL,NULL,NULL,NULL,NULL,NULL,NULL,NULL,NULL,NULL,NULL,NULL,NULL,NULL,NULL,NULL,NULL,NULL,0.1891,18.91,NULL,NO PUBLIC MAHALLA-LEVEL DEMOGRAPHIC SOURCE LOCATED,NULL,NULL,NULL,2026-09-18,"Mahalla-level demography is held in the MFY yagona reyestri (Unified Register of Mahalla Citizens' Assemblies) inside the Raqamli Mahalla system, legal basis CoM Regulation 586 of 15.09.2025. That register is interagency-only and not published. Obtaining it requires a written request to O'zbekiston Mahallalari Uyushmasi. Area is from the official boundary layer, not a demographic source."
UZ-TAS-MFY-517,Asaka mahallasi,Mirzo Ulug'bek,NULL,NULL,NULL,NULL,NULL,NULL,NULL,NULL,NULL,NULL,NULL,NULL,NULL,NULL,NULL,NULL,NULL,NULL,NULL,NULL,NULL,NULL,NULL,NULL,0.6527,65.27,NULL,NO PUBLIC MAHALLA-LEVEL DEMOGRAPHIC SOURCE LOCATED,NULL,NULL,NULL,2026-09-18,"Mahalla-level demography is held in the MFY yagona reyestri (Unified Register of Mahalla Citizens' Assemblies) inside the Raqamli Mahalla system, legal basis CoM Regulation 586 of 15.09.2025. That register is interagency-only and not published. Obtaining it requires a written request to O'zbekiston Mahallalari Uyushmasi. Area is from the official boundary layer, not a demographic source."
UZ-TAS-MFY-518,Mirzakalon Ismoiliy mahallasi,Mirzo Ulug'bek,NULL,NULL,NULL,NULL,NULL,NULL,NULL,NULL,NULL,NULL,NULL,NULL,NULL,NULL,NULL,NULL,NULL,NULL,NULL,NULL,NULL,NULL,NULL,NULL,0.4151,41.51,NULL,NO PUBLIC MAHALLA-LEVEL DEMOGRAPHIC SOURCE LOCATED,NULL,NULL,NULL,2026-09-18,"Mahalla-level demography is held in the MFY yagona reyestri (Unified Register of Mahalla Citizens' Assemblies) inside the Raqamli Mahalla system, legal basis CoM Regulation 586 of 15.09.2025. That register is interagency-only and not published. Obtaining it requires a written request to O'zbekiston Mahallalari Uyushmasi. Area is from the official boundary layer, not a demographic source."
UZ-TAS-MFY-519,Oqqo'rg'on mahallasi,Mirzo Ulug'bek,NULL,NULL,NULL,NULL,NULL,NULL,NULL,NULL,NULL,NULL,NULL,NULL,NULL,NULL,NULL,NULL,NULL,NULL,NULL,NULL,NULL,NULL,NULL,NULL,0.3838,38.38,NULL,NO PUBLIC MAHALLA-LEVEL DEMOGRAPHIC SOURCE LOCATED,NULL,NULL,NULL,2026-09-18,"Mahalla-level demography is held in the MFY yagona reyestri (Unified Register of Mahalla Citizens' Assemblies) inside the Raqamli Mahalla system, legal basis CoM Regulation 586 of 15.09.2025. That register is interagency-only and not published. Obtaining it requires a written request to O'zbekiston Mahallalari Uyushmasi. Area is from the official boundary layer, not a demographic source."
UZ-TAS-MFY-520,Buyuk ipak yo'li mahallasi,Mirzo Ulug'bek,NULL,NULL,NULL,NULL,NULL,NULL,NULL,NULL,NULL,NULL,NULL,NULL,NULL,NULL,NULL,NULL,NULL,NULL,NULL,NULL,NULL,NULL,NULL,NULL,0.3646,36.46,NULL,NO PUBLIC MAHALLA-LEVEL DEMOGRAPHIC SOURCE LOCATED,NULL,NULL,NULL,2026-09-18,"Mahalla-level demography is held in the MFY yagona reyestri (Unified Register of Mahalla Citizens' Assemblies) inside the Raqamli Mahalla system, legal basis CoM Regulation 586 of 15.09.2025. That register is interagency-only and not published. Obtaining it requires a written request to O'zbekiston Mahallalari Uyushmasi. Area is from the official boundary layer, not a demographic source."
UZ-TAS-MFY-521,Ulug'bek mahallasi,Mirzo Ulug'bek,NULL,NULL,NULL,NULL,NULL,NULL,NULL,NULL,NULL,NULL,NULL,NULL,NULL,NULL,NULL,NULL,NULL,NULL,NULL,NULL,NULL,NULL,NULL,NULL,3.8587,385.87,NULL,NO PUBLIC MAHALLA-LEVEL DEMOGRAPHIC SOURCE LOCATED,NULL,NULL,NULL,2026-09-18,"Mahalla-level demography is held in the MFY yagona reyestri (Unified Register of Mahalla Citizens' Assemblies) inside the Raqamli Mahalla system, legal basis CoM Regulation 586 of 15.09.2025. That register is interagency-only and not published. Obtaining it requires a written request to O'zbekiston Mahallalari Uyushmasi. Area is from the official boundary layer, not a demographic source."
UZ-TAS-MFY-522,Oydin mahallasi,Mirzo Ulug'bek,NULL,NULL,NULL,NULL,NULL,NULL,NULL,NULL,NULL,NULL,NULL,NULL,NULL,NULL,NULL,NULL,NULL,NULL,NULL,NULL,NULL,NULL,NULL,NULL,0.6866,68.66,NULL,NO PUBLIC MAHALLA-LEVEL DEMOGRAPHIC SOURCE LOCATED,NULL,NULL,NULL,2026-09-18,"Mahalla-level demography is held in the MFY yagona reyestri (Unified Register of Mahalla Citizens' Assemblies) inside the Raqamli Mahalla system, legal basis CoM Regulation 586 of 15.09.2025. That register is interagency-only and not published. Obtaining it requires a written request to O'zbekiston Mahallalari Uyushmasi. Area is from the official boundary layer, not a demographic source."
UZ-TAS-MFY-523,Yangi Avayxon mahallasi,Mirzo Ulug'bek,NULL,NULL,NULL,NULL,NULL,NULL,NULL,NULL,NULL,NULL,NULL,NULL,NULL,NULL,NULL,NULL,NULL,NULL,NULL,NULL,NULL,NULL,NULL,NULL,0.211,21.1,NULL,NO PUBLIC MAHALLA-LEVEL DEMOGRAPHIC SOURCE LOCATED,NULL,NULL,NULL,2026-09-18,"Mahalla-level demography is held in the MFY yagona reyestri (Unified Register of Mahalla Citizens' Assemblies) inside the Raqamli Mahalla system, legal basis CoM Regulation 586 of 15.09.2025. That register is interagency-only and not published. Obtaining it requires a written request to O'zbekiston Mahallalari Uyushmasi. Area is from the official boundary layer, not a demographic source."
UZ-TAS-MFY-524,Bog'imaydon mahallasi,Mirzo Ulug'bek,NULL,NULL,NULL,NULL,NULL,NULL,NULL,NULL,NULL,NULL,NULL,NULL,NULL,NULL,NULL,NULL,NULL,NULL,NULL,NULL,NULL,NULL,NULL,NULL,0.2413,24.13,NULL,NO PUBLIC MAHALLA-LEVEL DEMOGRAPHIC SOURCE LOCATED,NULL,NULL,NULL,2026-09-18,"Mahalla-level demography is held in the MFY yagona reyestri (Unified Register of Mahalla Citizens' Assemblies) inside the Raqamli Mahalla system, legal basis CoM Regulation 586 of 15.09.2025. That register is interagency-only and not published. Obtaining it requires a written request to O'zbekiston Mahallalari Uyushmasi. Area is from the official boundary layer, not a demographic source."
UZ-TAS-MFY-525,Oqibat mahallasi,Mirzo Ulug'bek,NULL,NULL,NULL,NULL,NULL,NULL,NULL,NULL,NULL,NULL,NULL,NULL,NULL,NULL,NULL,NULL,NULL,NULL,NULL,NULL,NULL,NULL,NULL,NULL,0.1722,17.22,NULL,NO PUBLIC MAHALLA-LEVEL DEMOGRAPHIC SOURCE LOCATED,NULL,NULL,NULL,2026-09-18,"Mahalla-level demography is held in the MFY yagona reyestri (Unified Register of Mahalla Citizens' Assemblies) inside the Raqamli Mahalla system, legal basis CoM Regulation 586 of 15.09.2025. That register is interagency-only and not published. Obtaining it requires a written request to O'zbekiston Mahallalari Uyushmasi. Area is from the official boundary layer, not a demographic source."
UZ-TAS-MFY-526,Darxon mahallasi,Mirzo Ulug'bek,NULL,NULL,NULL,NULL,NULL,NULL,NULL,NULL,NULL,NULL,NULL,NULL,NULL,NULL,NULL,NULL,NULL,NULL,NULL,NULL,NULL,NULL,NULL,NULL,1.0269,102.69,NULL,NO PUBLIC MAHALLA-LEVEL DEMOGRAPHIC SOURCE LOCATED,NULL,NULL,NULL,2026-09-18,"Mahalla-level demography is held in the MFY yagona reyestri (Unified Register of Mahalla Citizens' Assemblies) inside the Raqamli Mahalla system, legal basis CoM Regulation 586 of 15.09.2025. That register is interagency-only and not published. Obtaining it requires a written request to O'zbekiston Mahallalari Uyushmasi. Area is from the official boundary layer, not a demographic source."
UZ-TAS-MFY-527,Bo'z mahallasi,Mirzo Ulug'bek,NULL,NULL,NULL,NULL,NULL,NULL,NULL,NULL,NULL,NULL,NULL,NULL,NULL,NULL,NULL,NULL,NULL,NULL,NULL,NULL,NULL,NULL,NULL,NULL,0.4245,42.45,NULL,NO PUBLIC MAHALLA-LEVEL DEMOGRAPHIC SOURCE LOCATED,NULL,NULL,NULL,2026-09-18,"Mahalla-level demography is held in the MFY yagona reyestri (Unified Register of Mahalla Citizens' Assemblies) inside the Raqamli Mahalla system, legal basis CoM Regulation 586 of 15.09.2025. That register is interagency-only and not published. Obtaining it requires a written request to O'zbekiston Mahallalari Uyushmasi. Area is from the official boundary layer, not a demographic source."
UZ-TAS-MFY-528,Shahrisabz mahallasi,Mirzo Ulug'bek,NULL,NULL,NULL,NULL,NULL,NULL,NULL,NULL,NULL,NULL,NULL,NULL,NULL,NULL,NULL,NULL,NULL,NULL,NULL,NULL,NULL,NULL,NULL,NULL,0.2619,26.19,NULL,NO PUBLIC MAHALLA-LEVEL DEMOGRAPHIC SOURCE LOCATED,NULL,NULL,NULL,2026-09-18,"Mahalla-level demography is held in the MFY yagona reyestri (Unified Register of Mahalla Citizens' Assemblies) inside the Raqamli Mahalla system, legal basis CoM Regulation 586 of 15.09.2025. That register is interagency-only and not published. Obtaining it requires a written request to O'zbekiston Mahallalari Uyushmasi. Area is from the official boundary layer, not a demographic source."
UZ-TAS-MFY-529,Habib Abdullayev mahallasi,Mirzo Ulug'bek,NULL,NULL,NULL,NULL,NULL,NULL,NULL,NULL,NULL,NULL,NULL,NULL,NULL,NULL,NULL,NULL,NULL,NULL,NULL,NULL,NULL,NULL,NULL,NULL,0.2299,22.99,NULL,NO PUBLIC MAHALLA-LEVEL DEMOGRAPHIC SOURCE LOCATED,NULL,NULL,NULL,2026-09-18,"Mahalla-level demography is held in the MFY yagona reyestri (Unified Register of Mahalla Citizens' Assemblies) inside the Raqamli Mahalla system, legal basis CoM Regulation 586 of 15.09.2025. That register is interagency-only and not published. Obtaining it requires a written request to O'zbekiston Mahallalari Uyushmasi. Area is from the official boundary layer, not a demographic source."
UZ-TAS-MFY-530,Katta Qorasuv mahallasi,Mirzo Ulug'bek,NULL,NULL,NULL,NULL,NULL,NULL,NULL,NULL,NULL,NULL,NULL,NULL,NULL,NULL,NULL,NULL,NULL,NULL,NULL,NULL,NULL,NULL,NULL,NULL,0.6227,62.27,NULL,NO PUBLIC MAHALLA-LEVEL DEMOGRAPHIC SOURCE LOCATED,NULL,NULL,NULL,2026-09-18,"Mahalla-level demography is held in the MFY yagona reyestri (Unified Register of Mahalla Citizens' Assemblies) inside the Raqamli Mahalla system, legal basis CoM Regulation 586 of 15.09.2025. That register is interagency-only and not published. Obtaining it requires a written request to O'zbekiston Mahallalari Uyushmasi. Area is from the official boundary layer, not a demographic source."
UZ-TAS-MFY-531,Shalola mahallasi,Mirzo Ulug'bek,NULL,NULL,NULL,NULL,NULL,NULL,NULL,NULL,NULL,NULL,NULL,NULL,NULL,NULL,NULL,NULL,NULL,NULL,NULL,NULL,NULL,NULL,NULL,NULL,0.3964,39.64,NULL,NO PUBLIC MAHALLA-LEVEL DEMOGRAPHIC SOURCE LOCATED,NULL,NULL,NULL,2026-09-18,"Mahalla-level demography is held in the MFY yagona reyestri (Unified Register of Mahalla Citizens' Assemblies) inside the Raqamli Mahalla system, legal basis CoM Regulation 586 of 15.09.2025. That register is interagency-only and not published. Obtaining it requires a written request to O'zbekiston Mahallalari Uyushmasi. Area is from the official boundary layer, not a demographic source."
UZ-TAS-MFY-532,Lashkarbegi mahallasi,Mirzo Ulug'bek,NULL,NULL,NULL,NULL,NULL,NULL,NULL,NULL,NULL,NULL,NULL,NULL,NULL,NULL,NULL,NULL,NULL,NULL,NULL,NULL,NULL,NULL,NULL,NULL,0.2316,23.16,NULL,NO PUBLIC MAHALLA-LEVEL DEMOGRAPHIC SOURCE LOCATED,NULL,NULL,NULL,2026-09-18,"Mahalla-level demography is held in the MFY yagona reyestri (Unified Register of Mahalla Citizens' Assemblies) inside the Raqamli Mahalla system, legal basis CoM Regulation 586 of 15.09.2025. That register is interagency-only and not published. Obtaining it requires a written request to O'zbekiston Mahallalari Uyushmasi. Area is from the official boundary layer, not a demographic source."
UZ-TAS-MFY-533,Gulsanam mahallasi,Mirzo Ulug'bek,NULL,NULL,NULL,NULL,NULL,NULL,NULL,NULL,NULL,NULL,NULL,NULL,NULL,NULL,NULL,NULL,NULL,NULL,NULL,NULL,NULL,NULL,NULL,NULL,0.2485,24.85,NULL,NO PUBLIC MAHALLA-LEVEL DEMOGRAPHIC SOURCE LOCATED,NULL,NULL,NULL,2026-09-18,"Mahalla-level demography is held in the MFY yagona reyestri (Unified Register of Mahalla Citizens' Assemblies) inside the Raqamli Mahalla system, legal basis CoM Regulation 586 of 15.09.2025. That register is interagency-only and not published. Obtaining it requires a written request to O'zbekiston Mahallalari Uyushmasi. Area is from the official boundary layer, not a demographic source."
UZ-TAS-MFY-534,Sultoniya mahallasi,Mirzo Ulug'bek,NULL,NULL,NULL,NULL,NULL,NULL,NULL,NULL,NULL,NULL,NULL,NULL,NULL,NULL,NULL,NULL,NULL,NULL,NULL,NULL,NULL,NULL,NULL,NULL,0.3054,30.54,NULL,NO PUBLIC MAHALLA-LEVEL DEMOGRAPHIC SOURCE LOCATED,NULL,NULL,NULL,2026-09-18,"Mahalla-level demography is held in the MFY yagona reyestri (Unified Register of Mahalla Citizens' Assemblies) inside the Raqamli Mahalla system, legal basis CoM Regulation 586 of 15.09.2025. That register is interagency-only and not published. Obtaining it requires a written request to O'zbekiston Mahallalari Uyushmasi. Area is from the official boundary layer, not a demographic source."
UZ-TAS-MFY-535,Chimyon mahallasi,Mirzo Ulug'bek,NULL,NULL,NULL,NULL,NULL,NULL,NULL,NULL,NULL,NULL,NULL,NULL,NULL,NULL,NULL,NULL,NULL,NULL,NULL,NULL,NULL,NULL,NULL,NULL,0.219,21.9,NULL,NO PUBLIC MAHALLA-LEVEL DEMOGRAPHIC SOURCE LOCATED,NULL,NULL,NULL,2026-09-18,"Mahalla-level demography is held in the MFY yagona reyestri (Unified Register of Mahalla Citizens' Assemblies) inside the Raqamli Mahalla system, legal basis CoM Regulation 586 of 15.09.2025. That register is interagency-only and not published. Obtaining it requires a written request to O'zbekiston Mahallalari Uyushmasi. Area is from the official boundary layer, not a demographic source."
UZ-TAS-MFY-536,Shukur Burhonov mahallasi,Mirzo Ulug'bek,NULL,NULL,NULL,NULL,NULL,NULL,NULL,NULL,NULL,NULL,NULL,NULL,NULL,NULL,NULL,NULL,NULL,NULL,NULL,NULL,NULL,NULL,NULL,NULL,0.8055,80.55,NULL,NO PUBLIC MAHALLA-LEVEL DEMOGRAPHIC SOURCE LOCATED,NULL,NULL,NULL,2026-09-18,"Mahalla-level demography is held in the MFY yagona reyestri (Unified Register of Mahalla Citizens' Assemblies) inside the Raqamli Mahalla system, legal basis CoM Regulation 586 of 15.09.2025. That register is interagency-only and not published. Obtaining it requires a written request to O'zbekiston Mahallalari Uyushmasi. Area is from the official boundary layer, not a demographic source."
UZ-TAS-MFY-537,Ijodkor mahallasi,Mirzo Ulug'bek,NULL,NULL,NULL,NULL,NULL,NULL,NULL,NULL,NULL,NULL,NULL,NULL,NULL,NULL,NULL,NULL,NULL,NULL,NULL,NULL,NULL,NULL,NULL,NULL,1.4097,140.97,NULL,NO PUBLIC MAHALLA-LEVEL DEMOGRAPHIC SOURCE LOCATED,NULL,NULL,NULL,2026-09-18,"Mahalla-level demography is held in the MFY yagona reyestri (Unified Register of Mahalla Citizens' Assemblies) inside the Raqamli Mahalla system, legal basis CoM Regulation 586 of 15.09.2025. That register is interagency-only and not published. Obtaining it requires a written request to O'zbekiston Mahallalari Uyushmasi. Area is from the official boundary layer, not a demographic source."
UZ-TAS-MFY-538,Oliyhimmat mahallasi,Mirzo Ulug'bek,NULL,NULL,NULL,NULL,NULL,NULL,NULL,NULL,NULL,NULL,NULL,NULL,NULL,NULL,NULL,NULL,NULL,NULL,NULL,NULL,NULL,NULL,NULL,NULL,1.259,125.9,NULL,NO PUBLIC MAHALLA-LEVEL DEMOGRAPHIC SOURCE LOCATED,NULL,NULL,NULL,2026-09-18,"Mahalla-level demography is held in the MFY yagona reyestri (Unified Register of Mahalla Citizens' Assemblies) inside the Raqamli Mahalla system, legal basis CoM Regulation 586 of 15.09.2025. That register is interagency-only and not published. Obtaining it requires a written request to O'zbekiston Mahallalari Uyushmasi. Area is from the official boundary layer, not a demographic source."
UZ-TAS-MFY-539,Sho'rtepa mahallasi,Mirzo Ulug'bek,NULL,NULL,NULL,NULL,NULL,NULL,NULL,NULL,NULL,NULL,NULL,NULL,NULL,NULL,NULL,NULL,NULL,NULL,NULL,NULL,NULL,NULL,NULL,NULL,0.496,49.6,NULL,NO PUBLIC MAHALLA-LEVEL DEMOGRAPHIC SOURCE LOCATED,NULL,NULL,NULL,2026-09-18,"Mahalla-level demography is held in the MFY yagona reyestri (Unified Register of Mahalla Citizens' Assemblies) inside the Raqamli Mahalla system, legal basis CoM Regulation 586 of 15.09.2025. That register is interagency-only and not published. Obtaining it requires a written request to O'zbekiston Mahallalari Uyushmasi. Area is from the official boundary layer, not a demographic source."
UZ-TAS-MFY-540,Mustaqillik mahallasi,Mirzo Ulug'bek,NULL,NULL,NULL,NULL,NULL,NULL,NULL,NULL,NULL,NULL,NULL,NULL,NULL,NULL,NULL,NULL,NULL,NULL,NULL,NULL,NULL,NULL,NULL,NULL,0.3272,32.72,NULL,NO PUBLIC MAHALLA-LEVEL DEMOGRAPHIC SOURCE LOCATED,NULL,NULL,NULL,2026-09-18,"Mahalla-level demography is held in the MFY yagona reyestri (Unified Register of Mahalla Citizens' Assemblies) inside the Raqamli Mahalla system, legal basis CoM Regulation 586 of 15.09.2025. That register is interagency-only and not published. Obtaining it requires a written request to O'zbekiston Mahallalari Uyushmasi. Area is from the official boundary layer, not a demographic source."
UZ-TAS-MFY-541,Jasorat mahallasi,Mirzo Ulug'bek,NULL,NULL,NULL,NULL,NULL,NULL,NULL,NULL,NULL,NULL,NULL,NULL,NULL,NULL,NULL,NULL,NULL,NULL,NULL,NULL,NULL,NULL,NULL,NULL,1.0888,108.88,NULL,NO PUBLIC MAHALLA-LEVEL DEMOGRAPHIC SOURCE LOCATED,NULL,NULL,NULL,2026-09-18,"Mahalla-level demography is held in the MFY yagona reyestri (Unified Register of Mahalla Citizens' Assemblies) inside the Raqamli Mahalla system, legal basis CoM Regulation 586 of 15.09.2025. That register is interagency-only and not published. Obtaining it requires a written request to O'zbekiston Mahallalari Uyushmasi. Area is from the official boundary layer, not a demographic source."
UZ-TAS-MFY-542,Traktorsozlar mahallasi,Mirzo Ulug'bek,NULL,NULL,NULL,NULL,NULL,NULL,NULL,NULL,NULL,NULL,NULL,NULL,NULL,NULL,NULL,NULL,NULL,NULL,NULL,NULL,NULL,NULL,NULL,NULL,0.2088,20.88,NULL,NO PUBLIC MAHALLA-LEVEL DEMOGRAPHIC SOURCE LOCATED,NULL,NULL,NULL,2026-09-18,"Mahalla-level demography is held in the MFY yagona reyestri (Unified Register of Mahalla Citizens' Assemblies) inside the Raqamli Mahalla system, legal basis CoM Regulation 586 of 15.09.2025. That register is interagency-only and not published. Obtaining it requires a written request to O'zbekiston Mahallalari Uyushmasi. Area is from the official boundary layer, not a demographic source."
UZ-TAS-MFY-543,Olmachi mahallasi,Mirzo Ulug'bek,NULL,NULL,NULL,NULL,NULL,NULL,NULL,NULL,NULL,NULL,NULL,NULL,NULL,NULL,NULL,NULL,NULL,NULL,NULL,NULL,NULL,NULL,NULL,NULL,0.7409,74.09,NULL,NO PUBLIC MAHALLA-LEVEL DEMOGRAPHIC SOURCE LOCATED,NULL,NULL,NULL,2026-09-18,"Mahalla-level demography is held in the MFY yagona reyestri (Unified Register of Mahalla Citizens' Assemblies) inside the Raqamli Mahalla system, legal basis CoM Regulation 586 of 15.09.2025. That register is interagency-only and not published. Obtaining it requires a written request to O'zbekiston Mahallalari Uyushmasi. Area is from the official boundary layer, not a demographic source."
UZ-TAS-MFY-544,Al-Forobiy mahallasi,Mirzo Ulug'bek,NULL,NULL,NULL,NULL,NULL,NULL,NULL,NULL,NULL,NULL,NULL,NULL,NULL,NULL,NULL,NULL,NULL,NULL,NULL,NULL,NULL,NULL,NULL,NULL,0.2777,27.77,NULL,NO PUBLIC MAHALLA-LEVEL DEMOGRAPHIC SOURCE LOCATED,NULL,NULL,NULL,2026-09-18,"Mahalla-level demography is held in the MFY yagona reyestri (Unified Register of Mahalla Citizens' Assemblies) inside the Raqamli Mahalla system, legal basis CoM Regulation 586 of 15.09.2025. That register is interagency-only and not published. Obtaining it requires a written request to O'zbekiston Mahallalari Uyushmasi. Area is from the official boundary layer, not a demographic source."
UZ-TAS-MFY-545,Yalang'och mahallasi,Mirzo Ulug'bek,NULL,NULL,NULL,NULL,NULL,NULL,NULL,NULL,NULL,NULL,NULL,NULL,NULL,NULL,NULL,NULL,NULL,NULL,NULL,NULL,NULL,NULL,NULL,NULL,1.7623,176.23,NULL,NO PUBLIC MAHALLA-LEVEL DEMOGRAPHIC SOURCE LOCATED,NULL,NULL,NULL,2026-09-18,"Mahalla-level demography is held in the MFY yagona reyestri (Unified Register of Mahalla Citizens' Assemblies) inside the Raqamli Mahalla system, legal basis CoM Regulation 586 of 15.09.2025. That register is interagency-only and not published. Obtaining it requires a written request to O'zbekiston Mahallalari Uyushmasi. Area is from the official boundary layer, not a demographic source."
UZ-TAS-MFY-546,Navnihol mahallasi,Mirzo Ulug'bek,NULL,NULL,NULL,NULL,NULL,NULL,NULL,NULL,NULL,NULL,NULL,NULL,NULL,NULL,NULL,NULL,NULL,NULL,NULL,NULL,NULL,NULL,NULL,NULL,0.9705,97.05,NULL,NO PUBLIC MAHALLA-LEVEL DEMOGRAPHIC SOURCE LOCATED,NULL,NULL,NULL,2026-09-18,"Mahalla-level demography is held in the MFY yagona reyestri (Unified Register of Mahalla Citizens' Assemblies) inside the Raqamli Mahalla system, legal basis CoM Regulation 586 of 15.09.2025. That register is interagency-only and not published. Obtaining it requires a written request to O'zbekiston Mahallalari Uyushmasi. Area is from the official boundary layer, not a demographic source."
UZ-TAS-MFY-547,Shahriobod mahallasi,Mirzo Ulug'bek,NULL,NULL,NULL,NULL,NULL,NULL,NULL,NULL,NULL,NULL,NULL,NULL,NULL,NULL,NULL,NULL,NULL,NULL,NULL,NULL,NULL,NULL,NULL,NULL,0.6114,61.14,NULL,NO PUBLIC MAHALLA-LEVEL DEMOGRAPHIC SOURCE LOCATED,NULL,NULL,NULL,2026-09-18,"Mahalla-level demography is held in the MFY yagona reyestri (Unified Register of Mahalla Citizens' Assemblies) inside the Raqamli Mahalla system, legal basis CoM Regulation 586 of 15.09.2025. That register is interagency-only and not published. Obtaining it requires a written request to O'zbekiston Mahallalari Uyushmasi. Area is from the official boundary layer, not a demographic source."
UZ-TAS-MFY-548,Sarbon mahallasi,Mirzo Ulug'bek,NULL,NULL,NULL,NULL,NULL,NULL,NULL,NULL,NULL,NULL,NULL,NULL,NULL,NULL,NULL,NULL,NULL,NULL,NULL,NULL,NULL,NULL,NULL,NULL,0.6946,69.46,NULL,NO PUBLIC MAHALLA-LEVEL DEMOGRAPHIC SOURCE LOCATED,NULL,NULL,NULL,2026-09-18,"Mahalla-level demography is held in the MFY yagona reyestri (Unified Register of Mahalla Citizens' Assemblies) inside the Raqamli Mahalla system, legal basis CoM Regulation 586 of 15.09.2025. That register is interagency-only and not published. Obtaining it requires a written request to O'zbekiston Mahallalari Uyushmasi. Area is from the official boundary layer, not a demographic source."
UZ-TAS-MFY-549,Bahor mahallasi,Mirzo Ulug'bek,NULL,NULL,NULL,NULL,NULL,NULL,NULL,NULL,NULL,NULL,NULL,NULL,NULL,NULL,NULL,NULL,NULL,NULL,NULL,NULL,NULL,NULL,NULL,NULL,1.204,120.4,NULL,NO PUBLIC MAHALLA-LEVEL DEMOGRAPHIC SOURCE LOCATED,NULL,NULL,NULL,2026-09-18,"Mahalla-level demography is held in the MFY yagona reyestri (Unified Register of Mahalla Citizens' Assemblies) inside the Raqamli Mahalla system, legal basis CoM Regulation 586 of 15.09.2025. That register is interagency-only and not published. Obtaining it requires a written request to O'zbekiston Mahallalari Uyushmasi. Area is from the official boundary layer, not a demographic source."
UZ-TAS-MFY-550,Hamid Olimjon mahallasi,Mirzo Ulug'bek,NULL,NULL,NULL,NULL,NULL,NULL,NULL,NULL,NULL,NULL,NULL,NULL,NULL,NULL,NULL,NULL,NULL,NULL,NULL,NULL,NULL,NULL,NULL,NULL,0.394,39.4,NULL,NO PUBLIC MAHALLA-LEVEL DEMOGRAPHIC SOURCE LOCATED,NULL,NULL,NULL,2026-09-18,"Mahalla-level demography is held in the MFY yagona reyestri (Unified Register of Mahalla Citizens' Assemblies) inside the Raqamli Mahalla system, legal basis CoM Regulation 586 of 15.09.2025. That register is interagency-only and not published. Obtaining it requires a written request to O'zbekiston Mahallalari Uyushmasi. Area is from the official boundary layer, not a demographic source."
UZ-TAS-MFY-551,Katta Yalang'ochota mahallasi,Mirzo Ulug'bek,NULL,NULL,NULL,NULL,NULL,NULL,NULL,NULL,NULL,NULL,NULL,NULL,NULL,NULL,NULL,NULL,NULL,NULL,NULL,NULL,NULL,NULL,NULL,NULL,0.5101,51.01,NULL,NO PUBLIC MAHALLA-LEVEL DEMOGRAPHIC SOURCE LOCATED,NULL,NULL,NULL,2026-09-18,"Mahalla-level demography is held in the MFY yagona reyestri (Unified Register of Mahalla Citizens' Assemblies) inside the Raqamli Mahalla system, legal basis CoM Regulation 586 of 15.09.2025. That register is interagency-only and not published. Obtaining it requires a written request to O'zbekiston Mahallalari Uyushmasi. Area is from the official boundary layer, not a demographic source."
UZ-TAS-MFY-552,Azamat mahallasi,Mirzo Ulug'bek,NULL,NULL,NULL,NULL,NULL,NULL,NULL,NULL,NULL,NULL,NULL,NULL,NULL,NULL,NULL,NULL,NULL,NULL,NULL,NULL,NULL,NULL,NULL,NULL,0.3615,36.15,NULL,NO PUBLIC MAHALLA-LEVEL DEMOGRAPHIC SOURCE LOCATED,NULL,NULL,NULL,2026-09-18,"Mahalla-level demography is held in the MFY yagona reyestri (Unified Register of Mahalla Citizens' Assemblies) inside the Raqamli Mahalla system, legal basis CoM Regulation 586 of 15.09.2025. That register is interagency-only and not published. Obtaining it requires a written request to O'zbekiston Mahallalari Uyushmasi. Area is from the official boundary layer, not a demographic source."
UZ-TAS-MFY-553,Geofizika mahallasi,Mirzo Ulug'bek,NULL,NULL,NULL,NULL,NULL,NULL,NULL,NULL,NULL,NULL,NULL,NULL,NULL,NULL,NULL,NULL,NULL,NULL,NULL,NULL,NULL,NULL,NULL,NULL,0.9712,97.12,NULL,NO PUBLIC MAHALLA-LEVEL DEMOGRAPHIC SOURCE LOCATED,NULL,NULL,NULL,2026-09-18,"Mahalla-level demography is held in the MFY yagona reyestri (Unified Register of Mahalla Citizens' Assemblies) inside the Raqamli Mahalla system, legal basis CoM Regulation 586 of 15.09.2025. That register is interagency-only and not published. Obtaining it requires a written request to O'zbekiston Mahallalari Uyushmasi. Area is from the official boundary layer, not a demographic source."
UZ-TAS-MFY-554,Oltintepa mahallasi,Mirzo Ulug'bek,NULL,NULL,NULL,NULL,NULL,NULL,NULL,NULL,NULL,NULL,NULL,NULL,NULL,NULL,NULL,NULL,NULL,NULL,NULL,NULL,NULL,NULL,NULL,NULL,0.9486,94.86,NULL,NO PUBLIC MAHALLA-LEVEL DEMOGRAPHIC SOURCE LOCATED,NULL,NULL,NULL,2026-09-18,"Mahalla-level demography is held in the MFY yagona reyestri (Unified Register of Mahalla Citizens' Assemblies) inside the Raqamli Mahalla system, legal basis CoM Regulation 586 of 15.09.2025. That register is interagency-only and not published. Obtaining it requires a written request to O'zbekiston Mahallalari Uyushmasi. Area is from the official boundary layer, not a demographic source."
UZ-TAS-MFY-555,Feruza mahallasi,Mirzo Ulug'bek,NULL,NULL,NULL,NULL,NULL,NULL,NULL,NULL,NULL,NULL,NULL,NULL,NULL,NULL,NULL,NULL,NULL,NULL,NULL,NULL,NULL,NULL,NULL,NULL,0.2032,20.32,NULL,NO PUBLIC MAHALLA-LEVEL DEMOGRAPHIC SOURCE LOCATED,NULL,NULL,NULL,2026-09-18,"Mahalla-level demography is held in the MFY yagona reyestri (Unified Register of Mahalla Citizens' Assemblies) inside the Raqamli Mahalla system, legal basis CoM Regulation 586 of 15.09.2025. That register is interagency-only and not published. Obtaining it requires a written request to O'zbekiston Mahallalari Uyushmasi. Area is from the official boundary layer, not a demographic source."
UZ-TAS-MFY-556,Turon mahallasi,Mirzo Ulug'bek,NULL,NULL,NULL,NULL,NULL,NULL,NULL,NULL,NULL,NULL,NULL,NULL,NULL,NULL,NULL,NULL,NULL,NULL,NULL,NULL,NULL,NULL,NULL,NULL,0.2546,25.46,NULL,NO PUBLIC MAHALLA-LEVEL DEMOGRAPHIC SOURCE LOCATED,NULL,NULL,NULL,2026-09-18,"Mahalla-level demography is held in the MFY yagona reyestri (Unified Register of Mahalla Citizens' Assemblies) inside the Raqamli Mahalla system, legal basis CoM Regulation 586 of 15.09.2025. That register is interagency-only and not published. Obtaining it requires a written request to O'zbekiston Mahallalari Uyushmasi. Area is from the official boundary layer, not a demographic source."
UZ-TAS-MFY-557,Geologlar mahallasi,Mirzo Ulug'bek,NULL,NULL,NULL,NULL,NULL,NULL,NULL,NULL,NULL,NULL,NULL,NULL,NULL,NULL,NULL,NULL,NULL,NULL,NULL,NULL,NULL,NULL,NULL,NULL,0.551,55.1,NULL,NO PUBLIC MAHALLA-LEVEL DEMOGRAPHIC SOURCE LOCATED,NULL,NULL,NULL,2026-09-18,"Mahalla-level demography is held in the MFY yagona reyestri (Unified Register of Mahalla Citizens' Assemblies) inside the Raqamli Mahalla system, legal basis CoM Regulation 586 of 15.09.2025. That register is interagency-only and not published. Obtaining it requires a written request to O'zbekiston Mahallalari Uyushmasi. Area is from the official boundary layer, not a demographic source."
UZ-TAS-MFY-558,Yangi Kamolot mahallasi,Mirzo Ulug'bek,NULL,NULL,NULL,NULL,NULL,NULL,NULL,NULL,NULL,NULL,NULL,NULL,NULL,NULL,NULL,NULL,NULL,NULL,NULL,NULL,NULL,NULL,NULL,NULL,0.2661,26.61,NULL,NO PUBLIC MAHALLA-LEVEL DEMOGRAPHIC SOURCE LOCATED,NULL,NULL,NULL,2026-09-18,"Mahalla-level demography is held in the MFY yagona reyestri (Unified Register of Mahalla Citizens' Assemblies) inside the Raqamli Mahalla system, legal basis CoM Regulation 586 of 15.09.2025. That register is interagency-only and not published. Obtaining it requires a written request to O'zbekiston Mahallalari Uyushmasi. Area is from the official boundary layer, not a demographic source."
UZ-TAS-MFY-559,Ahmad Yugnakiy mahallasi,Mirzo Ulug'bek,NULL,NULL,NULL,NULL,NULL,NULL,NULL,NULL,NULL,NULL,NULL,NULL,NULL,NULL,NULL,NULL,NULL,NULL,NULL,NULL,NULL,NULL,NULL,NULL,0.2389,23.89,NULL,NO PUBLIC MAHALLA-LEVEL DEMOGRAPHIC SOURCE LOCATED,NULL,NULL,NULL,2026-09-18,"Mahalla-level demography is held in the MFY yagona reyestri (Unified Register of Mahalla Citizens' Assemblies) inside the Raqamli Mahalla system, legal basis CoM Regulation 586 of 15.09.2025. That register is interagency-only and not published. Obtaining it requires a written request to O'zbekiston Mahallalari Uyushmasi. Area is from the official boundary layer, not a demographic source."
UZ-TAS-MFY-560,Uyg'onish mahallasi,Mirzo Ulug'bek,NULL,NULL,NULL,NULL,NULL,NULL,NULL,NULL,NULL,NULL,NULL,NULL,NULL,NULL,NULL,NULL,NULL,NULL,NULL,NULL,NULL,NULL,NULL,NULL,0.2982,29.82,NULL,NO PUBLIC MAHALLA-LEVEL DEMOGRAPHIC SOURCE LOCATED,NULL,NULL,NULL,2026-09-18,"Mahalla-level demography is held in the MFY yagona reyestri (Unified Register of Mahalla Citizens' Assemblies) inside the Raqamli Mahalla system, legal basis CoM Regulation 586 of 15.09.2025. That register is interagency-only and not published. Obtaining it requires a written request to O'zbekiston Mahallalari Uyushmasi. Area is from the official boundary layer, not a demographic source."
UZ-TAS-MFY-561,Gulzorobod mahallasi,Mirzo Ulug'bek,NULL,NULL,NULL,NULL,NULL,NULL,NULL,NULL,NULL,NULL,NULL,NULL,NULL,NULL,NULL,NULL,NULL,NULL,NULL,NULL,NULL,NULL,NULL,NULL,0.7116,71.16,NULL,NO PUBLIC MAHALLA-LEVEL DEMOGRAPHIC SOURCE LOCATED,NULL,NULL,NULL,2026-09-18,"Mahalla-level demography is held in the MFY yagona reyestri (Unified Register of Mahalla Citizens' Assemblies) inside the Raqamli Mahalla system, legal basis CoM Regulation 586 of 15.09.2025. That register is interagency-only and not published. Obtaining it requires a written request to O'zbekiston Mahallalari Uyushmasi. Area is from the official boundary layer, not a demographic source."
UZ-TAS-MFY-562,Munavvarqori mahallasi,Mirzo Ulug'bek,NULL,NULL,NULL,NULL,NULL,NULL,NULL,NULL,NULL,NULL,NULL,NULL,NULL,NULL,NULL,NULL,NULL,NULL,NULL,NULL,NULL,NULL,NULL,NULL,0.7882,78.82,NULL,NO PUBLIC MAHALLA-LEVEL DEMOGRAPHIC SOURCE LOCATED,NULL,NULL,NULL,2026-09-18,"Mahalla-level demography is held in the MFY yagona reyestri (Unified Register of Mahalla Citizens' Assemblies) inside the Raqamli Mahalla system, legal basis CoM Regulation 586 of 15.09.2025. That register is interagency-only and not published. Obtaining it requires a written request to O'zbekiston Mahallalari Uyushmasi. Area is from the official boundary layer, not a demographic source."
UZ-TAS-MFY-563,Yuzrabot mahallasi,Mirzo Ulug'bek,NULL,NULL,NULL,NULL,NULL,NULL,NULL,NULL,NULL,NULL,NULL,NULL,NULL,NULL,NULL,NULL,NULL,NULL,NULL,NULL,NULL,NULL,NULL,NULL,0.3613,36.13,NULL,NO PUBLIC MAHALLA-LEVEL DEMOGRAPHIC SOURCE LOCATED,NULL,NULL,NULL,2026-09-18,"Mahalla-level demography is held in the MFY yagona reyestri (Unified Register of Mahalla Citizens' Assemblies) inside the Raqamli Mahalla system, legal basis CoM Regulation 586 of 15.09.2025. That register is interagency-only and not published. Obtaining it requires a written request to O'zbekiston Mahallalari Uyushmasi. Area is from the official boundary layer, not a demographic source."
UZ-TAS-MFY-564,Nur mahallasi,Mirzo Ulug'bek,NULL,NULL,NULL,NULL,NULL,NULL,NULL,NULL,NULL,NULL,NULL,NULL,NULL,NULL,NULL,NULL,NULL,NULL,NULL,NULL,NULL,NULL,NULL,NULL,0.4704,47.04,NULL,NO PUBLIC MAHALLA-LEVEL DEMOGRAPHIC SOURCE LOCATED,NULL,NULL,NULL,2026-09-18,"Mahalla-level demography is held in the MFY yagona reyestri (Unified Register of Mahalla Citizens' Assemblies) inside the Raqamli Mahalla system, legal basis CoM Regulation 586 of 15.09.2025. That register is interagency-only and not published. Obtaining it requires a written request to O'zbekiston Mahallalari Uyushmasi. Area is from the official boundary layer, not a demographic source."
UZ-TAS-MFY-565,Minglola mahallasi,Mirzo Ulug'bek,NULL,NULL,NULL,NULL,NULL,NULL,NULL,NULL,NULL,NULL,NULL,NULL,NULL,NULL,NULL,NULL,NULL,NULL,NULL,NULL,NULL,NULL,NULL,NULL,0.1645,16.45,NULL,NO PUBLIC MAHALLA-LEVEL DEMOGRAPHIC SOURCE LOCATED,NULL,NULL,NULL,2026-09-18,"Mahalla-level demography is held in the MFY yagona reyestri (Unified Register of Mahalla Citizens' Assemblies) inside the Raqamli Mahalla system, legal basis CoM Regulation 586 of 15.09.2025. That register is interagency-only and not published. Obtaining it requires a written request to O'zbekiston Mahallalari Uyushmasi. Area is from the official boundary layer, not a demographic source."
UZ-TAS-MFY-566,Temuriylar mahallasi,Mirzo Ulug'bek,NULL,NULL,NULL,NULL,NULL,NULL,NULL,NULL,NULL,NULL,NULL,NULL,NULL,NULL,NULL,NULL,NULL,NULL,NULL,NULL,NULL,NULL,NULL,NULL,1.4797,147.97,NULL,NO PUBLIC MAHALLA-LEVEL DEMOGRAPHIC SOURCE LOCATED,NULL,NULL,NULL,2026-09-18,"Mahalla-level demography is held in the MFY yagona reyestri (Unified Register of Mahalla Citizens' Assemblies) inside the Raqamli Mahalla system, legal basis CoM Regulation 586 of 15.09.2025. That register is interagency-only and not published. Obtaining it requires a written request to O'zbekiston Mahallalari Uyushmasi. Area is from the official boundary layer, not a demographic source."
UZ-TAS-MFY-567,Alisherobod mahallasi,Mirzo Ulug'bek,NULL,NULL,NULL,NULL,NULL,NULL,NULL,NULL,NULL,NULL,NULL,NULL,NULL,NULL,NULL,NULL,NULL,NULL,NULL,NULL,NULL,NULL,NULL,NULL,2.5044,250.44,NULL,NO PUBLIC MAHALLA-LEVEL DEMOGRAPHIC SOURCE LOCATED,NULL,NULL,NULL,2026-09-18,"Mahalla-level demography is held in the MFY yagona reyestri (Unified Register of Mahalla Citizens' Assemblies) inside the Raqamli Mahalla system, legal basis CoM Regulation 586 of 15.09.2025. That register is interagency-only and not published. Obtaining it requires a written request to O'zbekiston Mahallalari Uyushmasi. Area is from the official boundary layer, not a demographic source."
UZ-TAS-MFY-568,Sayram mahallasi,Mirzo Ulug'bek,NULL,NULL,NULL,NULL,NULL,NULL,NULL,NULL,NULL,NULL,NULL,NULL,NULL,NULL,NULL,NULL,NULL,NULL,NULL,NULL,NULL,NULL,NULL,NULL,1.1714,117.14,NULL,NO PUBLIC MAHALLA-LEVEL DEMOGRAPHIC SOURCE LOCATED,NULL,NULL,NULL,2026-09-18,"Mahalla-level demography is held in the MFY yagona reyestri (Unified Register of Mahalla Citizens' Assemblies) inside the Raqamli Mahalla system, legal basis CoM Regulation 586 of 15.09.2025. That register is interagency-only and not published. Obtaining it requires a written request to O'zbekiston Mahallalari Uyushmasi. Area is from the official boundary layer, not a demographic source."
UZ-TAS-MFY-569,Elobod mahallasi,Mirzo Ulug'bek,NULL,NULL,NULL,NULL,NULL,NULL,NULL,NULL,NULL,NULL,NULL,NULL,NULL,NULL,NULL,NULL,NULL,NULL,NULL,NULL,NULL,NULL,NULL,NULL,0.3473,34.73,NULL,NO PUBLIC MAHALLA-LEVEL DEMOGRAPHIC SOURCE LOCATED,NULL,NULL,NULL,2026-09-18,"Mahalla-level demography is held in the MFY yagona reyestri (Unified Register of Mahalla Citizens' Assemblies) inside the Raqamli Mahalla system, legal basis CoM Regulation 586 of 15.09.2025. That register is interagency-only and not published. Obtaining it requires a written request to O'zbekiston Mahallalari Uyushmasi. Area is from the official boundary layer, not a demographic source."
UZ-TAS-MFY-570,Yangi Olmachi mahallasi,Mirzo Ulug'bek,NULL,NULL,NULL,NULL,NULL,NULL,NULL,NULL,NULL,NULL,NULL,NULL,NULL,NULL,NULL,NULL,NULL,NULL,NULL,NULL,NULL,NULL,NULL,NULL,0.5706,57.06,NULL,NO PUBLIC MAHALLA-LEVEL DEMOGRAPHIC SOURCE LOCATED,NULL,NULL,NULL,2026-09-18,"Mahalla-level demography is held in the MFY yagona reyestri (Unified Register of Mahalla Citizens' Assemblies) inside the Raqamli Mahalla system, legal basis CoM Regulation 586 of 15.09.2025. That register is interagency-only and not published. Obtaining it requires a written request to O'zbekiston Mahallalari Uyushmasi. Area is from the official boundary layer, not a demographic source."
UZ-TAS-MFY-571,Avayxon mahallasi,Mirzo Ulug'bek,NULL,NULL,NULL,NULL,NULL,NULL,NULL,NULL,NULL,NULL,NULL,NULL,NULL,NULL,NULL,NULL,NULL,NULL,NULL,NULL,NULL,NULL,NULL,NULL,0.9363,93.63,NULL,NO PUBLIC MAHALLA-LEVEL DEMOGRAPHIC SOURCE LOCATED,NULL,NULL,NULL,2026-09-18,"Mahalla-level demography is held in the MFY yagona reyestri (Unified Register of Mahalla Citizens' Assemblies) inside the Raqamli Mahalla system, legal basis CoM Regulation 586 of 15.09.2025. That register is interagency-only and not published. Obtaining it requires a written request to O'zbekiston Mahallalari Uyushmasi. Area is from the official boundary layer, not a demographic source."
UZ-TAS-MFY-572,Nodirabegim mahallasi,Mirzo Ulug'bek,NULL,NULL,NULL,NULL,NULL,NULL,NULL,NULL,NULL,NULL,NULL,NULL,NULL,NULL,NULL,NULL,NULL,NULL,NULL,NULL,NULL,NULL,NULL,NULL,0.8059,80.59,NULL,NO PUBLIC MAHALLA-LEVEL DEMOGRAPHIC SOURCE LOCATED,NULL,NULL,NULL,2026-09-18,"Mahalla-level demography is held in the MFY yagona reyestri (Unified Register of Mahalla Citizens' Assemblies) inside the Raqamli Mahalla system, legal basis CoM Regulation 586 of 15.09.2025. That register is interagency-only and not published. Obtaining it requires a written request to O'zbekiston Mahallalari Uyushmasi. Area is from the official boundary layer, not a demographic source."
UZ-TAS-MFY-573,Alpomish mahallasi,Mirzo Ulug'bek,NULL,NULL,NULL,NULL,NULL,NULL,NULL,NULL,NULL,NULL,NULL,NULL,NULL,NULL,NULL,NULL,NULL,NULL,NULL,NULL,NULL,NULL,NULL,NULL,1.3852,138.52,NULL,NO PUBLIC MAHALLA-LEVEL DEMOGRAPHIC SOURCE LOCATED,NULL,NULL,NULL,2026-09-18,"Mahalla-level demography is held in the MFY yagona reyestri (Unified Register of Mahalla Citizens' Assemblies) inside the Raqamli Mahalla system, legal basis CoM Regulation 586 of 15.09.2025. That register is interagency-only and not published. Obtaining it requires a written request to O'zbekiston Mahallalari Uyushmasi. Area is from the official boundary layer, not a demographic source."
UZ-TAS-MFY-574,Ko'hna Mevazor mahallasi,Mirzo Ulug'bek,NULL,NULL,NULL,NULL,NULL,NULL,NULL,NULL,NULL,NULL,NULL,NULL,NULL,NULL,NULL,NULL,NULL,NULL,NULL,NULL,NULL,NULL,NULL,NULL,1.047,104.7,NULL,NO PUBLIC MAHALLA-LEVEL DEMOGRAPHIC SOURCE LOCATED,NULL,NULL,NULL,2026-09-18,"Mahalla-level demography is held in the MFY yagona reyestri (Unified Register of Mahalla Citizens' Assemblies) inside the Raqamli Mahalla system, legal basis CoM Regulation 586 of 15.09.2025. That register is interagency-only and not published. Obtaining it requires a written request to O'zbekiston Mahallalari Uyushmasi. Area is from the official boundary layer, not a demographic source."
UZ-TAS-MFY-575,Podshobog' mahallasi,Mirzo Ulug'bek,NULL,NULL,NULL,NULL,NULL,NULL,NULL,NULL,NULL,NULL,NULL,NULL,NULL,NULL,NULL,NULL,NULL,NULL,NULL,NULL,NULL,NULL,NULL,NULL,0.9816,98.16,NULL,NO PUBLIC MAHALLA-LEVEL DEMOGRAPHIC SOURCE LOCATED,NULL,NULL,NULL,2026-09-18,"Mahalla-level demography is held in the MFY yagona reyestri (Unified Register of Mahalla Citizens' Assemblies) inside the Raqamli Mahalla system, legal basis CoM Regulation 586 of 15.09.2025. That register is interagency-only and not published. Obtaining it requires a written request to O'zbekiston Mahallalari Uyushmasi. Area is from the official boundary layer, not a demographic source."
UZ-TAS-MFY-576,Humoyun mahallasi,Mirzo Ulug'bek,NULL,NULL,NULL,NULL,NULL,NULL,NULL,NULL,NULL,NULL,NULL,NULL,NULL,NULL,NULL,NULL,NULL,NULL,NULL,NULL,NULL,NULL,NULL,NULL,0.4357,43.57,NULL,NO PUBLIC MAHALLA-LEVEL DEMOGRAPHIC SOURCE LOCATED,NULL,NULL,NULL,2026-09-18,"Mahalla-level demography is held in the MFY yagona reyestri (Unified Register of Mahalla Citizens' Assemblies) inside the Raqamli Mahalla system, legal basis CoM Regulation 586 of 15.09.2025. That register is interagency-only and not published. Obtaining it requires a written request to O'zbekiston Mahallalari Uyushmasi. Area is from the official boundary layer, not a demographic source."
UZ-TAS-MFY-577,Iqtidor mahallasi,Mirzo Ulug'bek,NULL,NULL,NULL,NULL,NULL,NULL,NULL,NULL,NULL,NULL,NULL,NULL,NULL,NULL,NULL,NULL,NULL,NULL,NULL,NULL,NULL,NULL,NULL,NULL,3.3621,336.21,NULL,NO PUBLIC MAHALLA-LEVEL DEMOGRAPHIC SOURCE LOCATED,NULL,NULL,NULL,2026-09-18,"Mahalla-level demography is held in the MFY yagona reyestri (Unified Register of Mahalla Citizens' Assemblies) inside the Raqamli Mahalla system, legal basis CoM Regulation 586 of 15.09.2025. That register is interagency-only and not published. Obtaining it requires a written request to O'zbekiston Mahallalari Uyushmasi. Area is from the official boundary layer, not a demographic source."
UZ-TAS-MFY-578,Katta Oltintepa mahallasi,Mirzo Ulug'bek,NULL,NULL,NULL,NULL,NULL,NULL,NULL,NULL,NULL,NULL,NULL,NULL,NULL,NULL,NULL,NULL,NULL,NULL,NULL,NULL,NULL,NULL,NULL,NULL,0.7549,75.49,NULL,NO PUBLIC MAHALLA-LEVEL DEMOGRAPHIC SOURCE LOCATED,NULL,NULL,NULL,2026-09-18,"Mahalla-level demography is held in the MFY yagona reyestri (Unified Register of Mahalla Citizens' Assemblies) inside the Raqamli Mahalla system, legal basis CoM Regulation 586 of 15.09.2025. That register is interagency-only and not published. Obtaining it requires a written request to O'zbekiston Mahallalari Uyushmasi. Area is from the official boundary layer, not a demographic source."
UZ-TAS-MFY-579,Kamolot mahallasi,Mirzo Ulug'bek,NULL,NULL,NULL,NULL,NULL,NULL,NULL,NULL,NULL,NULL,NULL,NULL,NULL,NULL,NULL,NULL,NULL,NULL,NULL,NULL,NULL,NULL,NULL,NULL,0.2948,29.48,NULL,NO PUBLIC MAHALLA-LEVEL DEMOGRAPHIC SOURCE LOCATED,NULL,NULL,NULL,2026-09-18,"Mahalla-level demography is held in the MFY yagona reyestri (Unified Register of Mahalla Citizens' Assemblies) inside the Raqamli Mahalla system, legal basis CoM Regulation 586 of 15.09.2025. That register is interagency-only and not published. Obtaining it requires a written request to O'zbekiston Mahallalari Uyushmasi. Area is from the official boundary layer, not a demographic source."
UZ-TAS-MFY-580,Beshkapa mahallasi,Mirzo Ulug'bek,NULL,NULL,NULL,NULL,NULL,NULL,NULL,NULL,NULL,NULL,NULL,NULL,NULL,NULL,NULL,NULL,NULL,NULL,NULL,NULL,NULL,NULL,NULL,NULL,2.2879,228.79,NULL,NO PUBLIC MAHALLA-LEVEL DEMOGRAPHIC SOURCE LOCATED,NULL,NULL,NULL,2026-09-18,"Mahalla-level demography is held in the MFY yagona reyestri (Unified Register of Mahalla Citizens' Assemblies) inside the Raqamli Mahalla system, legal basis CoM Regulation 586 of 15.09.2025. That register is interagency-only and not published. Obtaining it requires a written request to O'zbekiston Mahallalari Uyushmasi. Area is from the official boundary layer, not a demographic source."
UZ-TAS-MFY-581,Zakovat mahallasi,Mirzo Ulug'bek,NULL,NULL,NULL,NULL,NULL,NULL,NULL,NULL,NULL,NULL,NULL,NULL,NULL,NULL,NULL,NULL,NULL,NULL,NULL,NULL,NULL,NULL,NULL,NULL,2.4921,249.21,NULL,NO PUBLIC MAHALLA-LEVEL DEMOGRAPHIC SOURCE LOCATED,NULL,NULL,NULL,2026-09-18,"Mahalla-level demography is held in the MFY yagona reyestri (Unified Register of Mahalla Citizens' Assemblies) inside the Raqamli Mahalla system, legal basis CoM Regulation 586 of 15.09.2025. That register is interagency-only and not published. Obtaining it requires a written request to O'zbekiston Mahallalari Uyushmasi. Area is from the official boundary layer, not a demographic source."
UZ-TAS-MFY-582,Alisher Navoiy mahallasi,Mirzo Ulug'bek,NULL,NULL,NULL,NULL,NULL,NULL,NULL,NULL,NULL,NULL,NULL,NULL,NULL,NULL,NULL,NULL,NULL,NULL,NULL,NULL,NULL,NULL,NULL,NULL,0.5689,56.89,NULL,NO PUBLIC MAHALLA-LEVEL DEMOGRAPHIC SOURCE LOCATED,NULL,NULL,NULL,2026-09-18,"Mahalla-level demography is held in the MFY yagona reyestri (Unified Register of Mahalla Citizens' Assemblies) inside the Raqamli Mahalla system, legal basis CoM Regulation 586 of 15.09.2025. That register is interagency-only and not published. Obtaining it requires a written request to O'zbekiston Mahallalari Uyushmasi. Area is from the official boundary layer, not a demographic source."
UZ-TAS-MFY-583,Chingeldi mahallasi,Mirzo Ulug'bek,NULL,NULL,NULL,NULL,NULL,NULL,NULL,NULL,NULL,NULL,NULL,NULL,NULL,NULL,NULL,NULL,NULL,NULL,NULL,NULL,NULL,NULL,NULL,NULL,4.1416,414.16,NULL,NO PUBLIC MAHALLA-LEVEL DEMOGRAPHIC SOURCE LOCATED,NULL,NULL,NULL,2026-09-18,"Mahalla-level demography is held in the MFY yagona reyestri (Unified Register of Mahalla Citizens' Assemblies) inside the Raqamli Mahalla system, legal basis CoM Regulation 586 of 15.09.2025. That register is interagency-only and not published. Obtaining it requires a written request to O'zbekiston Mahallalari Uyushmasi. Area is from the official boundary layer, not a demographic source."
UZ-TAS-MFY-584,Pastkiyuz mahallasi,Mirzo Ulug'bek,NULL,NULL,NULL,NULL,NULL,NULL,NULL,NULL,NULL,NULL,NULL,NULL,NULL,NULL,NULL,NULL,NULL,NULL,NULL,NULL,NULL,NULL,NULL,NULL,3.07,307,NULL,NO PUBLIC MAHALLA-LEVEL DEMOGRAPHIC SOURCE LOCATED,NULL,NULL,NULL,2026-09-18,"Mahalla-level demography is held in the MFY yagona reyestri (Unified Register of Mahalla Citizens' Assemblies) inside the Raqamli Mahalla system, legal basis CoM Regulation 586 of 15.09.2025. That register is interagency-only and not published. Obtaining it requires a written request to O'zbekiston Mahallalari Uyushmasi. Area is from the official boundary layer, not a demographic source."
UZ-TAS-MFY-111,Jo'rabek mahallasi,Yashnobod,NULL,NULL,NULL,NULL,NULL,NULL,NULL,NULL,NULL,NULL,NULL,NULL,NULL,NULL,NULL,NULL,NULL,NULL,NULL,NULL,NULL,NULL,NULL,NULL,1.0829,108.29,NULL,NO PUBLIC MAHALLA-LEVEL DEMOGRAPHIC SOURCE LOCATED,NULL,NULL,NULL,2026-09-18,"Mahalla-level demography is held in the MFY yagona reyestri (Unified Register of Mahalla Citizens' Assemblies) inside the Raqamli Mahalla system, legal basis CoM Regulation 586 of 15.09.2025. That register is interagency-only and not published. Obtaining it requires a written request to O'zbekiston Mahallalari Uyushmasi. Area is from the official boundary layer, not a demographic source."
UZ-TAS-MFY-112,Alimkent mahallasi,Yashnobod,NULL,NULL,NULL,NULL,NULL,NULL,NULL,NULL,NULL,NULL,NULL,NULL,NULL,NULL,NULL,NULL,NULL,NULL,NULL,NULL,NULL,NULL,NULL,NULL,0.3145,31.45,NULL,NO PUBLIC MAHALLA-LEVEL DEMOGRAPHIC SOURCE LOCATED,NULL,NULL,NULL,2026-09-18,"Mahalla-level demography is held in the MFY yagona reyestri (Unified Register of Mahalla Citizens' Assemblies) inside the Raqamli Mahalla system, legal basis CoM Regulation 586 of 15.09.2025. That register is interagency-only and not published. Obtaining it requires a written request to O'zbekiston Mahallalari Uyushmasi. Area is from the official boundary layer, not a demographic source."
UZ-TAS-MFY-113,Uysozlar mahallasi,Yashnobod,NULL,NULL,NULL,NULL,NULL,NULL,NULL,NULL,NULL,NULL,NULL,NULL,NULL,NULL,NULL,NULL,NULL,NULL,NULL,NULL,NULL,NULL,NULL,NULL,0.4866,48.66,NULL,NO PUBLIC MAHALLA-LEVEL DEMOGRAPHIC SOURCE LOCATED,NULL,NULL,NULL,2026-09-18,"Mahalla-level demography is held in the MFY yagona reyestri (Unified Register of Mahalla Citizens' Assemblies) inside the Raqamli Mahalla system, legal basis CoM Regulation 586 of 15.09.2025. That register is interagency-only and not published. Obtaining it requires a written request to O'zbekiston Mahallalari Uyushmasi. Area is from the official boundary layer, not a demographic source."
UZ-TAS-MFY-114,Go'zal mahallasi,Yashnobod,NULL,NULL,NULL,NULL,NULL,NULL,NULL,NULL,NULL,NULL,NULL,NULL,NULL,NULL,NULL,NULL,NULL,NULL,NULL,NULL,NULL,NULL,NULL,NULL,1.3418,134.18,NULL,NO PUBLIC MAHALLA-LEVEL DEMOGRAPHIC SOURCE LOCATED,NULL,NULL,NULL,2026-09-18,"Mahalla-level demography is held in the MFY yagona reyestri (Unified Register of Mahalla Citizens' Assemblies) inside the Raqamli Mahalla system, legal basis CoM Regulation 586 of 15.09.2025. That register is interagency-only and not published. Obtaining it requires a written request to O'zbekiston Mahallalari Uyushmasi. Area is from the official boundary layer, not a demographic source."
UZ-TAS-MFY-115,Aviasozlar mahallasi,Yashnobod,NULL,NULL,NULL,NULL,NULL,NULL,NULL,NULL,NULL,NULL,NULL,NULL,NULL,NULL,NULL,NULL,NULL,NULL,NULL,NULL,NULL,NULL,NULL,NULL,0.1947,19.47,NULL,NO PUBLIC MAHALLA-LEVEL DEMOGRAPHIC SOURCE LOCATED,NULL,NULL,NULL,2026-09-18,"Mahalla-level demography is held in the MFY yagona reyestri (Unified Register of Mahalla Citizens' Assemblies) inside the Raqamli Mahalla system, legal basis CoM Regulation 586 of 15.09.2025. That register is interagency-only and not published. Obtaining it requires a written request to O'zbekiston Mahallalari Uyushmasi. Area is from the official boundary layer, not a demographic source."
UZ-TAS-MFY-116,Maxmur mahallasi,Yashnobod,NULL,NULL,NULL,NULL,NULL,NULL,NULL,NULL,NULL,NULL,NULL,NULL,NULL,NULL,NULL,NULL,NULL,NULL,NULL,NULL,NULL,NULL,NULL,NULL,0.3849,38.49,NULL,NO PUBLIC MAHALLA-LEVEL DEMOGRAPHIC SOURCE LOCATED,NULL,NULL,NULL,2026-09-18,"Mahalla-level demography is held in the MFY yagona reyestri (Unified Register of Mahalla Citizens' Assemblies) inside the Raqamli Mahalla system, legal basis CoM Regulation 586 of 15.09.2025. That register is interagency-only and not published. Obtaining it requires a written request to O'zbekiston Mahallalari Uyushmasi. Area is from the official boundary layer, not a demographic source."
UZ-TAS-MFY-117,Mohinur mahallasi,Yashnobod,NULL,NULL,NULL,NULL,NULL,NULL,NULL,NULL,NULL,NULL,NULL,NULL,NULL,NULL,NULL,NULL,NULL,NULL,NULL,NULL,NULL,NULL,NULL,NULL,0.1412,14.12,NULL,NO PUBLIC MAHALLA-LEVEL DEMOGRAPHIC SOURCE LOCATED,NULL,NULL,NULL,2026-09-18,"Mahalla-level demography is held in the MFY yagona reyestri (Unified Register of Mahalla Citizens' Assemblies) inside the Raqamli Mahalla system, legal basis CoM Regulation 586 of 15.09.2025. That register is interagency-only and not published. Obtaining it requires a written request to O'zbekiston Mahallalari Uyushmasi. Area is from the official boundary layer, not a demographic source."
UZ-TAS-MFY-118,Nodira mahallasi,Yashnobod,NULL,NULL,NULL,NULL,NULL,NULL,NULL,NULL,NULL,NULL,NULL,NULL,NULL,NULL,NULL,NULL,NULL,NULL,NULL,NULL,NULL,NULL,NULL,NULL,0.26,26,NULL,NO PUBLIC MAHALLA-LEVEL DEMOGRAPHIC SOURCE LOCATED,NULL,NULL,NULL,2026-09-18,"Mahalla-level demography is held in the MFY yagona reyestri (Unified Register of Mahalla Citizens' Assemblies) inside the Raqamli Mahalla system, legal basis CoM Regulation 586 of 15.09.2025. That register is interagency-only and not published. Obtaining it requires a written request to O'zbekiston Mahallalari Uyushmasi. Area is from the official boundary layer, not a demographic source."
UZ-TAS-MFY-119,O'qchi-Olmazor mahallasi,Yashnobod,NULL,NULL,NULL,NULL,NULL,NULL,NULL,NULL,NULL,NULL,NULL,NULL,NULL,NULL,NULL,NULL,NULL,NULL,NULL,NULL,NULL,NULL,NULL,NULL,0.0781,7.81,NULL,NO PUBLIC MAHALLA-LEVEL DEMOGRAPHIC SOURCE LOCATED,NULL,NULL,NULL,2026-09-18,"Mahalla-level demography is held in the MFY yagona reyestri (Unified Register of Mahalla Citizens' Assemblies) inside the Raqamli Mahalla system, legal basis CoM Regulation 586 of 15.09.2025. That register is interagency-only and not published. Obtaining it requires a written request to O'zbekiston Mahallalari Uyushmasi. Area is from the official boundary layer, not a demographic source."
UZ-TAS-MFY-120,Iltifot mahallasi,Yashnobod,NULL,NULL,NULL,NULL,NULL,NULL,NULL,NULL,NULL,NULL,NULL,NULL,NULL,NULL,NULL,NULL,NULL,NULL,NULL,NULL,NULL,NULL,NULL,NULL,0.3118,31.18,NULL,NO PUBLIC MAHALLA-LEVEL DEMOGRAPHIC SOURCE LOCATED,NULL,NULL,NULL,2026-09-18,"Mahalla-level demography is held in the MFY yagona reyestri (Unified Register of Mahalla Citizens' Assemblies) inside the Raqamli Mahalla system, legal basis CoM Regulation 586 of 15.09.2025. That register is interagency-only and not published. Obtaining it requires a written request to O'zbekiston Mahallalari Uyushmasi. Area is from the official boundary layer, not a demographic source."
UZ-TAS-MFY-121,Shohimardon mahallasi,Yashnobod,NULL,NULL,NULL,NULL,NULL,NULL,NULL,NULL,NULL,NULL,NULL,NULL,NULL,NULL,NULL,NULL,NULL,NULL,NULL,NULL,NULL,NULL,NULL,NULL,0.2837,28.37,NULL,NO PUBLIC MAHALLA-LEVEL DEMOGRAPHIC SOURCE LOCATED,NULL,NULL,NULL,2026-09-18,"Mahalla-level demography is held in the MFY yagona reyestri (Unified Register of Mahalla Citizens' Assemblies) inside the Raqamli Mahalla system, legal basis CoM Regulation 586 of 15.09.2025. That register is interagency-only and not published. Obtaining it requires a written request to O'zbekiston Mahallalari Uyushmasi. Area is from the official boundary layer, not a demographic source."
UZ-TAS-MFY-122,Barkamol mahallasi,Yashnobod,NULL,NULL,NULL,NULL,NULL,NULL,NULL,NULL,NULL,NULL,NULL,NULL,NULL,NULL,NULL,NULL,NULL,NULL,NULL,NULL,NULL,NULL,NULL,NULL,0.1767,17.67,NULL,NO PUBLIC MAHALLA-LEVEL DEMOGRAPHIC SOURCE LOCATED,NULL,NULL,NULL,2026-09-18,"Mahalla-level demography is held in the MFY yagona reyestri (Unified Register of Mahalla Citizens' Assemblies) inside the Raqamli Mahalla system, legal basis CoM Regulation 586 of 15.09.2025. That register is interagency-only and not published. Obtaining it requires a written request to O'zbekiston Mahallalari Uyushmasi. Area is from the official boundary layer, not a demographic source."
UZ-TAS-MFY-123,Donishmand mahallasi,Yashnobod,NULL,NULL,NULL,NULL,NULL,NULL,NULL,NULL,NULL,NULL,NULL,NULL,NULL,NULL,NULL,NULL,NULL,NULL,NULL,NULL,NULL,NULL,NULL,NULL,0.3496,34.96,NULL,NO PUBLIC MAHALLA-LEVEL DEMOGRAPHIC SOURCE LOCATED,NULL,NULL,NULL,2026-09-18,"Mahalla-level demography is held in the MFY yagona reyestri (Unified Register of Mahalla Citizens' Assemblies) inside the Raqamli Mahalla system, legal basis CoM Regulation 586 of 15.09.2025. That register is interagency-only and not published. Obtaining it requires a written request to O'zbekiston Mahallalari Uyushmasi. Area is from the official boundary layer, not a demographic source."
UZ-TAS-MFY-124,Oydinko'l mahallasi,Yashnobod,NULL,NULL,NULL,NULL,NULL,NULL,NULL,NULL,NULL,NULL,NULL,NULL,NULL,NULL,NULL,NULL,NULL,NULL,NULL,NULL,NULL,NULL,NULL,NULL,0.1533,15.33,NULL,NO PUBLIC MAHALLA-LEVEL DEMOGRAPHIC SOURCE LOCATED,NULL,NULL,NULL,2026-09-18,"Mahalla-level demography is held in the MFY yagona reyestri (Unified Register of Mahalla Citizens' Assemblies) inside the Raqamli Mahalla system, legal basis CoM Regulation 586 of 15.09.2025. That register is interagency-only and not published. Obtaining it requires a written request to O'zbekiston Mahallalari Uyushmasi. Area is from the official boundary layer, not a demographic source."
UZ-TAS-MFY-125,Uchchinor mahallasi,Yashnobod,NULL,NULL,NULL,NULL,NULL,NULL,NULL,NULL,NULL,NULL,NULL,NULL,NULL,NULL,NULL,NULL,NULL,NULL,NULL,NULL,NULL,NULL,NULL,NULL,1.2851,128.51,NULL,NO PUBLIC MAHALLA-LEVEL DEMOGRAPHIC SOURCE LOCATED,NULL,NULL,NULL,2026-09-18,"Mahalla-level demography is held in the MFY yagona reyestri (Unified Register of Mahalla Citizens' Assemblies) inside the Raqamli Mahalla system, legal basis CoM Regulation 586 of 15.09.2025. That register is interagency-only and not published. Obtaining it requires a written request to O'zbekiston Mahallalari Uyushmasi. Area is from the official boundary layer, not a demographic source."
UZ-TAS-MFY-126,Hilol mahallasi,Yashnobod,NULL,NULL,NULL,NULL,NULL,NULL,NULL,NULL,NULL,NULL,NULL,NULL,NULL,NULL,NULL,NULL,NULL,NULL,NULL,NULL,NULL,NULL,NULL,NULL,0.806,80.6,NULL,NO PUBLIC MAHALLA-LEVEL DEMOGRAPHIC SOURCE LOCATED,NULL,NULL,NULL,2026-09-18,"Mahalla-level demography is held in the MFY yagona reyestri (Unified Register of Mahalla Citizens' Assemblies) inside the Raqamli Mahalla system, legal basis CoM Regulation 586 of 15.09.2025. That register is interagency-only and not published. Obtaining it requires a written request to O'zbekiston Mahallalari Uyushmasi. Area is from the official boundary layer, not a demographic source."
UZ-TAS-MFY-127,Tovkentepa mahallasi,Yashnobod,NULL,NULL,NULL,NULL,NULL,NULL,NULL,NULL,NULL,NULL,NULL,NULL,NULL,NULL,NULL,NULL,NULL,NULL,NULL,NULL,NULL,NULL,NULL,NULL,1.4188,141.88,NULL,NO PUBLIC MAHALLA-LEVEL DEMOGRAPHIC SOURCE LOCATED,NULL,NULL,NULL,2026-09-18,"Mahalla-level demography is held in the MFY yagona reyestri (Unified Register of Mahalla Citizens' Assemblies) inside the Raqamli Mahalla system, legal basis CoM Regulation 586 of 15.09.2025. That register is interagency-only and not published. Obtaining it requires a written request to O'zbekiston Mahallalari Uyushmasi. Area is from the official boundary layer, not a demographic source."
UZ-TAS-MFY-128,Mumtoz mahallasi,Yashnobod,NULL,NULL,NULL,NULL,NULL,NULL,NULL,NULL,NULL,NULL,NULL,NULL,NULL,NULL,NULL,NULL,NULL,NULL,NULL,NULL,NULL,NULL,NULL,NULL,0.7051,70.51,NULL,NO PUBLIC MAHALLA-LEVEL DEMOGRAPHIC SOURCE LOCATED,NULL,NULL,NULL,2026-09-18,"Mahalla-level demography is held in the MFY yagona reyestri (Unified Register of Mahalla Citizens' Assemblies) inside the Raqamli Mahalla system, legal basis CoM Regulation 586 of 15.09.2025. That register is interagency-only and not published. Obtaining it requires a written request to O'zbekiston Mahallalari Uyushmasi. Area is from the official boundary layer, not a demographic source."
UZ-TAS-MFY-129,Muxtor Ashrafiy mahallasi,Yashnobod,NULL,NULL,NULL,NULL,NULL,NULL,NULL,NULL,NULL,NULL,NULL,NULL,NULL,NULL,NULL,NULL,NULL,NULL,NULL,NULL,NULL,NULL,NULL,NULL,0.6794,67.94,NULL,NO PUBLIC MAHALLA-LEVEL DEMOGRAPHIC SOURCE LOCATED,NULL,NULL,NULL,2026-09-18,"Mahalla-level demography is held in the MFY yagona reyestri (Unified Register of Mahalla Citizens' Assemblies) inside the Raqamli Mahalla system, legal basis CoM Regulation 586 of 15.09.2025. That register is interagency-only and not published. Obtaining it requires a written request to O'zbekiston Mahallalari Uyushmasi. Area is from the official boundary layer, not a demographic source."
UZ-TAS-MFY-130,Mohirlar mahallasi,Yashnobod,NULL,NULL,NULL,NULL,NULL,NULL,NULL,NULL,NULL,NULL,NULL,NULL,NULL,NULL,NULL,NULL,NULL,NULL,NULL,NULL,NULL,NULL,NULL,NULL,1.227,122.7,NULL,NO PUBLIC MAHALLA-LEVEL DEMOGRAPHIC SOURCE LOCATED,NULL,NULL,NULL,2026-09-18,"Mahalla-level demography is held in the MFY yagona reyestri (Unified Register of Mahalla Citizens' Assemblies) inside the Raqamli Mahalla system, legal basis CoM Regulation 586 of 15.09.2025. That register is interagency-only and not published. Obtaining it requires a written request to O'zbekiston Mahallalari Uyushmasi. Area is from the official boundary layer, not a demographic source."
UZ-TAS-MFY-131,Jarboshi mahallasi,Yashnobod,NULL,NULL,NULL,NULL,NULL,NULL,NULL,NULL,NULL,NULL,NULL,NULL,NULL,NULL,NULL,NULL,NULL,NULL,NULL,NULL,NULL,NULL,NULL,NULL,2.7916,279.16,NULL,NO PUBLIC MAHALLA-LEVEL DEMOGRAPHIC SOURCE LOCATED,NULL,NULL,NULL,2026-09-18,"Mahalla-level demography is held in the MFY yagona reyestri (Unified Register of Mahalla Citizens' Assemblies) inside the Raqamli Mahalla system, legal basis CoM Regulation 586 of 15.09.2025. That register is interagency-only and not published. Obtaining it requires a written request to O'zbekiston Mahallalari Uyushmasi. Area is from the official boundary layer, not a demographic source."
UZ-TAS-MFY-132,Tashisti mahallasi,Yashnobod,NULL,NULL,NULL,NULL,NULL,NULL,NULL,NULL,NULL,NULL,NULL,NULL,NULL,NULL,NULL,NULL,NULL,NULL,NULL,NULL,NULL,NULL,NULL,NULL,1.3586,135.86,NULL,NO PUBLIC MAHALLA-LEVEL DEMOGRAPHIC SOURCE LOCATED,NULL,NULL,NULL,2026-09-18,"Mahalla-level demography is held in the MFY yagona reyestri (Unified Register of Mahalla Citizens' Assemblies) inside the Raqamli Mahalla system, legal basis CoM Regulation 586 of 15.09.2025. That register is interagency-only and not published. Obtaining it requires a written request to O'zbekiston Mahallalari Uyushmasi. Area is from the official boundary layer, not a demographic source."
UZ-TAS-MFY-133,Yashnobod mahallasi,Yashnobod,NULL,NULL,NULL,NULL,NULL,NULL,NULL,NULL,NULL,NULL,NULL,NULL,NULL,NULL,NULL,NULL,NULL,NULL,NULL,NULL,NULL,NULL,NULL,NULL,0.5685,56.85,NULL,NO PUBLIC MAHALLA-LEVEL DEMOGRAPHIC SOURCE LOCATED,NULL,NULL,NULL,2026-09-18,"Mahalla-level demography is held in the MFY yagona reyestri (Unified Register of Mahalla Citizens' Assemblies) inside the Raqamli Mahalla system, legal basis CoM Regulation 586 of 15.09.2025. That register is interagency-only and not published. Obtaining it requires a written request to O'zbekiston Mahallalari Uyushmasi. Area is from the official boundary layer, not a demographic source."
UZ-TAS-MFY-134,Navro'zobod mahallasi,Yashnobod,NULL,NULL,NULL,NULL,NULL,NULL,NULL,NULL,NULL,NULL,NULL,NULL,NULL,NULL,NULL,NULL,NULL,NULL,NULL,NULL,NULL,NULL,NULL,NULL,0.3083,30.83,NULL,NO PUBLIC MAHALLA-LEVEL DEMOGRAPHIC SOURCE LOCATED,NULL,NULL,NULL,2026-09-18,"Mahalla-level demography is held in the MFY yagona reyestri (Unified Register of Mahalla Citizens' Assemblies) inside the Raqamli Mahalla system, legal basis CoM Regulation 586 of 15.09.2025. That register is interagency-only and not published. Obtaining it requires a written request to O'zbekiston Mahallalari Uyushmasi. Area is from the official boundary layer, not a demographic source."
UZ-TAS-MFY-135,Fazogir mahallasi,Yashnobod,NULL,NULL,NULL,NULL,NULL,NULL,NULL,NULL,NULL,NULL,NULL,NULL,NULL,NULL,NULL,NULL,NULL,NULL,NULL,NULL,NULL,NULL,NULL,NULL,0.28,28,NULL,NO PUBLIC MAHALLA-LEVEL DEMOGRAPHIC SOURCE LOCATED,NULL,NULL,NULL,2026-09-18,"Mahalla-level demography is held in the MFY yagona reyestri (Unified Register of Mahalla Citizens' Assemblies) inside the Raqamli Mahalla system, legal basis CoM Regulation 586 of 15.09.2025. That register is interagency-only and not published. Obtaining it requires a written request to O'zbekiston Mahallalari Uyushmasi. Area is from the official boundary layer, not a demographic source."
UZ-TAS-MFY-136,Beshariq mahallasi,Yashnobod,NULL,NULL,NULL,NULL,NULL,NULL,NULL,NULL,NULL,NULL,NULL,NULL,NULL,NULL,NULL,NULL,NULL,NULL,NULL,NULL,NULL,NULL,NULL,NULL,0.1907,19.07,NULL,NO PUBLIC MAHALLA-LEVEL DEMOGRAPHIC SOURCE LOCATED,NULL,NULL,NULL,2026-09-18,"Mahalla-level demography is held in the MFY yagona reyestri (Unified Register of Mahalla Citizens' Assemblies) inside the Raqamli Mahalla system, legal basis CoM Regulation 586 of 15.09.2025. That register is interagency-only and not published. Obtaining it requires a written request to O'zbekiston Mahallalari Uyushmasi. Area is from the official boundary layer, not a demographic source."
UZ-TAS-MFY-137,Shirinobod mahallasi,Yashnobod,NULL,NULL,NULL,NULL,NULL,NULL,NULL,NULL,NULL,NULL,NULL,NULL,NULL,NULL,NULL,NULL,NULL,NULL,NULL,NULL,NULL,NULL,NULL,NULL,0.7241,72.41,NULL,NO PUBLIC MAHALLA-LEVEL DEMOGRAPHIC SOURCE LOCATED,NULL,NULL,NULL,2026-09-18,"Mahalla-level demography is held in the MFY yagona reyestri (Unified Register of Mahalla Citizens' Assemblies) inside the Raqamli Mahalla system, legal basis CoM Regulation 586 of 15.09.2025. That register is interagency-only and not published. Obtaining it requires a written request to O'zbekiston Mahallalari Uyushmasi. Area is from the official boundary layer, not a demographic source."
UZ-TAS-MFY-138,Qalqon mahallasi,Yashnobod,NULL,NULL,NULL,NULL,NULL,NULL,NULL,NULL,NULL,NULL,NULL,NULL,NULL,NULL,NULL,NULL,NULL,NULL,NULL,NULL,NULL,NULL,NULL,NULL,0.3202,32.02,NULL,NO PUBLIC MAHALLA-LEVEL DEMOGRAPHIC SOURCE LOCATED,NULL,NULL,NULL,2026-09-18,"Mahalla-level demography is held in the MFY yagona reyestri (Unified Register of Mahalla Citizens' Assemblies) inside the Raqamli Mahalla system, legal basis CoM Regulation 586 of 15.09.2025. That register is interagency-only and not published. Obtaining it requires a written request to O'zbekiston Mahallalari Uyushmasi. Area is from the official boundary layer, not a demographic source."
UZ-TAS-MFY-139,Vatandosh mahallasi,Yashnobod,NULL,NULL,NULL,NULL,NULL,NULL,NULL,NULL,NULL,NULL,NULL,NULL,NULL,NULL,NULL,NULL,NULL,NULL,NULL,NULL,NULL,NULL,NULL,NULL,0.1638,16.38,NULL,NO PUBLIC MAHALLA-LEVEL DEMOGRAPHIC SOURCE LOCATED,NULL,NULL,NULL,2026-09-18,"Mahalla-level demography is held in the MFY yagona reyestri (Unified Register of Mahalla Citizens' Assemblies) inside the Raqamli Mahalla system, legal basis CoM Regulation 586 of 15.09.2025. That register is interagency-only and not published. Obtaining it requires a written request to O'zbekiston Mahallalari Uyushmasi. Area is from the official boundary layer, not a demographic source."
UZ-TAS-MFY-140,Bog'bon mahallasi,Yashnobod,NULL,NULL,NULL,NULL,NULL,NULL,NULL,NULL,NULL,NULL,NULL,NULL,NULL,NULL,NULL,NULL,NULL,NULL,NULL,NULL,NULL,NULL,NULL,NULL,2.6861,268.61,NULL,NO PUBLIC MAHALLA-LEVEL DEMOGRAPHIC SOURCE LOCATED,NULL,NULL,NULL,2026-09-18,"Mahalla-level demography is held in the MFY yagona reyestri (Unified Register of Mahalla Citizens' Assemblies) inside the Raqamli Mahalla system, legal basis CoM Regulation 586 of 15.09.2025. That register is interagency-only and not published. Obtaining it requires a written request to O'zbekiston Mahallalari Uyushmasi. Area is from the official boundary layer, not a demographic source."
UZ-TAS-MFY-141,Katta Qo'yliq mahallasi,Yashnobod,NULL,NULL,NULL,NULL,NULL,NULL,NULL,NULL,NULL,NULL,NULL,NULL,NULL,NULL,NULL,NULL,NULL,NULL,NULL,NULL,NULL,NULL,NULL,NULL,0.4833,48.33,NULL,NO PUBLIC MAHALLA-LEVEL DEMOGRAPHIC SOURCE LOCATED,NULL,NULL,NULL,2026-09-18,"Mahalla-level demography is held in the MFY yagona reyestri (Unified Register of Mahalla Citizens' Assemblies) inside the Raqamli Mahalla system, legal basis CoM Regulation 586 of 15.09.2025. That register is interagency-only and not published. Obtaining it requires a written request to O'zbekiston Mahallalari Uyushmasi. Area is from the official boundary layer, not a demographic source."
UZ-TAS-MFY-142,Yosh avlod mahallasi,Yashnobod,NULL,NULL,NULL,NULL,NULL,NULL,NULL,NULL,NULL,NULL,NULL,NULL,NULL,NULL,NULL,NULL,NULL,NULL,NULL,NULL,NULL,NULL,NULL,NULL,1.3733,137.33,NULL,NO PUBLIC MAHALLA-LEVEL DEMOGRAPHIC SOURCE LOCATED,NULL,NULL,NULL,2026-09-18,"Mahalla-level demography is held in the MFY yagona reyestri (Unified Register of Mahalla Citizens' Assemblies) inside the Raqamli Mahalla system, legal basis CoM Regulation 586 of 15.09.2025. That register is interagency-only and not published. Obtaining it requires a written request to O'zbekiston Mahallalari Uyushmasi. Area is from the official boundary layer, not a demographic source."
UZ-TAS-MFY-143,Yangiqo'rg'on mahallasi,Yashnobod,NULL,NULL,NULL,NULL,NULL,NULL,NULL,NULL,NULL,NULL,NULL,NULL,NULL,NULL,NULL,NULL,NULL,NULL,NULL,NULL,NULL,NULL,NULL,NULL,1.1786,117.86,NULL,NO PUBLIC MAHALLA-LEVEL DEMOGRAPHIC SOURCE LOCATED,NULL,NULL,NULL,2026-09-18,"Mahalla-level demography is held in the MFY yagona reyestri (Unified Register of Mahalla Citizens' Assemblies) inside the Raqamli Mahalla system, legal basis CoM Regulation 586 of 15.09.2025. That register is interagency-only and not published. Obtaining it requires a written request to O'zbekiston Mahallalari Uyushmasi. Area is from the official boundary layer, not a demographic source."
UZ-TAS-MFY-144,Amir Temur mahallasi,Yashnobod,NULL,NULL,NULL,NULL,NULL,NULL,NULL,NULL,NULL,NULL,NULL,NULL,NULL,NULL,NULL,NULL,NULL,NULL,NULL,NULL,NULL,NULL,NULL,NULL,1.5133,151.33,NULL,NO PUBLIC MAHALLA-LEVEL DEMOGRAPHIC SOURCE LOCATED,NULL,NULL,NULL,2026-09-18,"Mahalla-level demography is held in the MFY yagona reyestri (Unified Register of Mahalla Citizens' Assemblies) inside the Raqamli Mahalla system, legal basis CoM Regulation 586 of 15.09.2025. That register is interagency-only and not published. Obtaining it requires a written request to O'zbekiston Mahallalari Uyushmasi. Area is from the official boundary layer, not a demographic source."
UZ-TAS-MFY-145,Qo'yliqobod mahallasi,Yashnobod,NULL,NULL,NULL,NULL,NULL,NULL,NULL,NULL,NULL,NULL,NULL,NULL,NULL,NULL,NULL,NULL,NULL,NULL,NULL,NULL,NULL,NULL,NULL,NULL,0.5903,59.03,NULL,NO PUBLIC MAHALLA-LEVEL DEMOGRAPHIC SOURCE LOCATED,NULL,NULL,NULL,2026-09-18,"Mahalla-level demography is held in the MFY yagona reyestri (Unified Register of Mahalla Citizens' Assemblies) inside the Raqamli Mahalla system, legal basis CoM Regulation 586 of 15.09.2025. That register is interagency-only and not published. Obtaining it requires a written request to O'zbekiston Mahallalari Uyushmasi. Area is from the official boundary layer, not a demographic source."
UZ-TAS-MFY-146,To'ytepa mahallasi,Yashnobod,NULL,NULL,NULL,NULL,NULL,NULL,NULL,NULL,NULL,NULL,NULL,NULL,NULL,NULL,NULL,NULL,NULL,NULL,NULL,NULL,NULL,NULL,NULL,NULL,0.7387,73.87,NULL,NO PUBLIC MAHALLA-LEVEL DEMOGRAPHIC SOURCE LOCATED,NULL,NULL,NULL,2026-09-18,"Mahalla-level demography is held in the MFY yagona reyestri (Unified Register of Mahalla Citizens' Assemblies) inside the Raqamli Mahalla system, legal basis CoM Regulation 586 of 15.09.2025. That register is interagency-only and not published. Obtaining it requires a written request to O'zbekiston Mahallalari Uyushmasi. Area is from the official boundary layer, not a demographic source."
UZ-TAS-MFY-147,Yangi davr mahallasi,Yashnobod,NULL,NULL,NULL,NULL,NULL,NULL,NULL,NULL,NULL,NULL,NULL,NULL,NULL,NULL,NULL,NULL,NULL,NULL,NULL,NULL,NULL,NULL,NULL,NULL,1.7933,179.33,NULL,NO PUBLIC MAHALLA-LEVEL DEMOGRAPHIC SOURCE LOCATED,NULL,NULL,NULL,2026-09-18,"Mahalla-level demography is held in the MFY yagona reyestri (Unified Register of Mahalla Citizens' Assemblies) inside the Raqamli Mahalla system, legal basis CoM Regulation 586 of 15.09.2025. That register is interagency-only and not published. Obtaining it requires a written request to O'zbekiston Mahallalari Uyushmasi. Area is from the official boundary layer, not a demographic source."
UZ-TAS-MFY-148,Bunyodkor mahallasi,Yashnobod,NULL,NULL,NULL,NULL,NULL,NULL,NULL,NULL,NULL,NULL,NULL,NULL,NULL,NULL,NULL,NULL,NULL,NULL,NULL,NULL,NULL,NULL,NULL,NULL,0.7658,76.58,NULL,NO PUBLIC MAHALLA-LEVEL DEMOGRAPHIC SOURCE LOCATED,NULL,NULL,NULL,2026-09-18,"Mahalla-level demography is held in the MFY yagona reyestri (Unified Register of Mahalla Citizens' Assemblies) inside the Raqamli Mahalla system, legal basis CoM Regulation 586 of 15.09.2025. That register is interagency-only and not published. Obtaining it requires a written request to O'zbekiston Mahallalari Uyushmasi. Area is from the official boundary layer, not a demographic source."
UZ-TAS-MFY-149,Fidoyilar mahallasi,Yashnobod,NULL,NULL,NULL,NULL,NULL,NULL,NULL,NULL,NULL,NULL,NULL,NULL,NULL,NULL,NULL,NULL,NULL,NULL,NULL,NULL,NULL,NULL,NULL,NULL,2.4377,243.77,NULL,NO PUBLIC MAHALLA-LEVEL DEMOGRAPHIC SOURCE LOCATED,NULL,NULL,NULL,2026-09-18,"Mahalla-level demography is held in the MFY yagona reyestri (Unified Register of Mahalla Citizens' Assemblies) inside the Raqamli Mahalla system, legal basis CoM Regulation 586 of 15.09.2025. That register is interagency-only and not published. Obtaining it requires a written request to O'zbekiston Mahallalari Uyushmasi. Area is from the official boundary layer, not a demographic source."
UZ-TAS-MFY-150,Cho'lpon mahallasi,Yashnobod,NULL,NULL,NULL,NULL,NULL,NULL,NULL,NULL,NULL,NULL,NULL,NULL,NULL,NULL,NULL,NULL,NULL,NULL,NULL,NULL,NULL,NULL,NULL,NULL,1.5592,155.92,NULL,NO PUBLIC MAHALLA-LEVEL DEMOGRAPHIC SOURCE LOCATED,NULL,NULL,NULL,2026-09-18,"Mahalla-level demography is held in the MFY yagona reyestri (Unified Register of Mahalla Citizens' Assemblies) inside the Raqamli Mahalla system, legal basis CoM Regulation 586 of 15.09.2025. That register is interagency-only and not published. Obtaining it requires a written request to O'zbekiston Mahallalari Uyushmasi. Area is from the official boundary layer, not a demographic source."
UZ-TAS-MFY-151,Olmos mahallasi,Yashnobod,NULL,NULL,NULL,NULL,NULL,NULL,NULL,NULL,NULL,NULL,NULL,NULL,NULL,NULL,NULL,NULL,NULL,NULL,NULL,NULL,NULL,NULL,NULL,NULL,1.8825,188.25,NULL,NO PUBLIC MAHALLA-LEVEL DEMOGRAPHIC SOURCE LOCATED,NULL,NULL,NULL,2026-09-18,"Mahalla-level demography is held in the MFY yagona reyestri (Unified Register of Mahalla Citizens' Assemblies) inside the Raqamli Mahalla system, legal basis CoM Regulation 586 of 15.09.2025. That register is interagency-only and not published. Obtaining it requires a written request to O'zbekiston Mahallalari Uyushmasi. Area is from the official boundary layer, not a demographic source."
UZ-TAS-MFY-152,Birlashgan mahallasi,Yashnobod,NULL,NULL,NULL,NULL,NULL,NULL,NULL,NULL,NULL,NULL,NULL,NULL,NULL,NULL,NULL,NULL,NULL,NULL,NULL,NULL,NULL,NULL,NULL,NULL,0.5448,54.48,NULL,NO PUBLIC MAHALLA-LEVEL DEMOGRAPHIC SOURCE LOCATED,NULL,NULL,NULL,2026-09-18,"Mahalla-level demography is held in the MFY yagona reyestri (Unified Register of Mahalla Citizens' Assemblies) inside the Raqamli Mahalla system, legal basis CoM Regulation 586 of 15.09.2025. That register is interagency-only and not published. Obtaining it requires a written request to O'zbekiston Mahallalari Uyushmasi. Area is from the official boundary layer, not a demographic source."
UZ-TAS-MFY-153,Ma'rifat mahallasi,Yashnobod,NULL,NULL,NULL,NULL,NULL,NULL,NULL,NULL,NULL,NULL,NULL,NULL,NULL,NULL,NULL,NULL,NULL,NULL,NULL,NULL,NULL,NULL,NULL,NULL,1.684,168.4,NULL,NO PUBLIC MAHALLA-LEVEL DEMOGRAPHIC SOURCE LOCATED,NULL,NULL,NULL,2026-09-18,"Mahalla-level demography is held in the MFY yagona reyestri (Unified Register of Mahalla Citizens' Assemblies) inside the Raqamli Mahalla system, legal basis CoM Regulation 586 of 15.09.2025. That register is interagency-only and not published. Obtaining it requires a written request to O'zbekiston Mahallalari Uyushmasi. Area is from the official boundary layer, not a demographic source."
UZ-TAS-MFY-154,Qadriyat mahallasi,Yashnobod,NULL,NULL,NULL,NULL,NULL,NULL,NULL,NULL,NULL,NULL,NULL,NULL,NULL,NULL,NULL,NULL,NULL,NULL,NULL,NULL,NULL,NULL,NULL,NULL,0.6218,62.18,NULL,NO PUBLIC MAHALLA-LEVEL DEMOGRAPHIC SOURCE LOCATED,NULL,NULL,NULL,2026-09-18,"Mahalla-level demography is held in the MFY yagona reyestri (Unified Register of Mahalla Citizens' Assemblies) inside the Raqamli Mahalla system, legal basis CoM Regulation 586 of 15.09.2025. That register is interagency-only and not published. Obtaining it requires a written request to O'zbekiston Mahallalari Uyushmasi. Area is from the official boundary layer, not a demographic source."
UZ-TAS-MFY-155,Jarqo'rg'on mahallasi,Yashnobod,NULL,NULL,NULL,NULL,NULL,NULL,NULL,NULL,NULL,NULL,NULL,NULL,NULL,NULL,NULL,NULL,NULL,NULL,NULL,NULL,NULL,NULL,NULL,NULL,0.8701,87.01,NULL,NO PUBLIC MAHALLA-LEVEL DEMOGRAPHIC SOURCE LOCATED,NULL,NULL,NULL,2026-09-18,"Mahalla-level demography is held in the MFY yagona reyestri (Unified Register of Mahalla Citizens' Assemblies) inside the Raqamli Mahalla system, legal basis CoM Regulation 586 of 15.09.2025. That register is interagency-only and not published. Obtaining it requires a written request to O'zbekiston Mahallalari Uyushmasi. Area is from the official boundary layer, not a demographic source."
UZ-TAS-MFY-156,Boyqo'rg'on mahallasi,Yashnobod,NULL,NULL,NULL,NULL,NULL,NULL,NULL,NULL,NULL,NULL,NULL,NULL,NULL,NULL,NULL,NULL,NULL,NULL,NULL,NULL,NULL,NULL,NULL,NULL,0.8782,87.82,NULL,NO PUBLIC MAHALLA-LEVEL DEMOGRAPHIC SOURCE LOCATED,NULL,NULL,NULL,2026-09-18,"Mahalla-level demography is held in the MFY yagona reyestri (Unified Register of Mahalla Citizens' Assemblies) inside the Raqamli Mahalla system, legal basis CoM Regulation 586 of 15.09.2025. That register is interagency-only and not published. Obtaining it requires a written request to O'zbekiston Mahallalari Uyushmasi. Area is from the official boundary layer, not a demographic source."
UZ-TAS-MFY-157,Behizor mahallasi,Yashnobod,NULL,NULL,NULL,NULL,NULL,NULL,NULL,NULL,NULL,NULL,NULL,NULL,NULL,NULL,NULL,NULL,NULL,NULL,NULL,NULL,NULL,NULL,NULL,NULL,0.3598,35.98,NULL,NO PUBLIC MAHALLA-LEVEL DEMOGRAPHIC SOURCE LOCATED,NULL,NULL,NULL,2026-09-18,"Mahalla-level demography is held in the MFY yagona reyestri (Unified Register of Mahalla Citizens' Assemblies) inside the Raqamli Mahalla system, legal basis CoM Regulation 586 of 15.09.2025. That register is interagency-only and not published. Obtaining it requires a written request to O'zbekiston Mahallalari Uyushmasi. Area is from the official boundary layer, not a demographic source."
UZ-TAS-MFY-158,Istiqlol mahallasi,Yashnobod,NULL,NULL,NULL,NULL,NULL,NULL,NULL,NULL,NULL,NULL,NULL,NULL,NULL,NULL,NULL,NULL,NULL,NULL,NULL,NULL,NULL,NULL,NULL,NULL,0.1671,16.71,NULL,NO PUBLIC MAHALLA-LEVEL DEMOGRAPHIC SOURCE LOCATED,NULL,NULL,NULL,2026-09-18,"Mahalla-level demography is held in the MFY yagona reyestri (Unified Register of Mahalla Citizens' Assemblies) inside the Raqamli Mahalla system, legal basis CoM Regulation 586 of 15.09.2025. That register is interagency-only and not published. Obtaining it requires a written request to O'zbekiston Mahallalari Uyushmasi. Area is from the official boundary layer, not a demographic source."
UZ-TAS-MFY-159,Semurg' mahallasi,Yashnobod,NULL,NULL,NULL,NULL,NULL,NULL,NULL,NULL,NULL,NULL,NULL,NULL,NULL,NULL,NULL,NULL,NULL,NULL,NULL,NULL,NULL,NULL,NULL,NULL,0.1836,18.36,NULL,NO PUBLIC MAHALLA-LEVEL DEMOGRAPHIC SOURCE LOCATED,NULL,NULL,NULL,2026-09-18,"Mahalla-level demography is held in the MFY yagona reyestri (Unified Register of Mahalla Citizens' Assemblies) inside the Raqamli Mahalla system, legal basis CoM Regulation 586 of 15.09.2025. That register is interagency-only and not published. Obtaining it requires a written request to O'zbekiston Mahallalari Uyushmasi. Area is from the official boundary layer, not a demographic source."
UZ-TAS-MFY-160,Katta Yangiobod mahallasi,Yashnobod,NULL,NULL,NULL,NULL,NULL,NULL,NULL,NULL,NULL,NULL,NULL,NULL,NULL,NULL,NULL,NULL,NULL,NULL,NULL,NULL,NULL,NULL,NULL,NULL,0.4315,43.15,NULL,NO PUBLIC MAHALLA-LEVEL DEMOGRAPHIC SOURCE LOCATED,NULL,NULL,NULL,2026-09-18,"Mahalla-level demography is held in the MFY yagona reyestri (Unified Register of Mahalla Citizens' Assemblies) inside the Raqamli Mahalla system, legal basis CoM Regulation 586 of 15.09.2025. That register is interagency-only and not published. Obtaining it requires a written request to O'zbekiston Mahallalari Uyushmasi. Area is from the official boundary layer, not a demographic source."
UZ-TAS-MFY-161,Al-Buxoriy mahallasi,Yashnobod,NULL,NULL,NULL,NULL,NULL,NULL,NULL,NULL,NULL,NULL,NULL,NULL,NULL,NULL,NULL,NULL,NULL,NULL,NULL,NULL,NULL,NULL,NULL,NULL,0.2445,24.45,NULL,NO PUBLIC MAHALLA-LEVEL DEMOGRAPHIC SOURCE LOCATED,NULL,NULL,NULL,2026-09-18,"Mahalla-level demography is held in the MFY yagona reyestri (Unified Register of Mahalla Citizens' Assemblies) inside the Raqamli Mahalla system, legal basis CoM Regulation 586 of 15.09.2025. That register is interagency-only and not published. Obtaining it requires a written request to O'zbekiston Mahallalari Uyushmasi. Area is from the official boundary layer, not a demographic source."
UZ-TAS-MFY-162,Dilbog' mahallasi,Yashnobod,NULL,NULL,NULL,NULL,NULL,NULL,NULL,NULL,NULL,NULL,NULL,NULL,NULL,NULL,NULL,NULL,NULL,NULL,NULL,NULL,NULL,NULL,NULL,NULL,0.2787,27.87,NULL,NO PUBLIC MAHALLA-LEVEL DEMOGRAPHIC SOURCE LOCATED,NULL,NULL,NULL,2026-09-18,"Mahalla-level demography is held in the MFY yagona reyestri (Unified Register of Mahalla Citizens' Assemblies) inside the Raqamli Mahalla system, legal basis CoM Regulation 586 of 15.09.2025. That register is interagency-only and not published. Obtaining it requires a written request to O'zbekiston Mahallalari Uyushmasi. Area is from the official boundary layer, not a demographic source."
UZ-TAS-MFY-163,Asalobod mahallasi,Yashnobod,NULL,NULL,NULL,NULL,NULL,NULL,NULL,NULL,NULL,NULL,NULL,NULL,NULL,NULL,NULL,NULL,NULL,NULL,NULL,NULL,NULL,NULL,NULL,NULL,0.4123,41.23,NULL,NO PUBLIC MAHALLA-LEVEL DEMOGRAPHIC SOURCE LOCATED,NULL,NULL,NULL,2026-09-18,"Mahalla-level demography is held in the MFY yagona reyestri (Unified Register of Mahalla Citizens' Assemblies) inside the Raqamli Mahalla system, legal basis CoM Regulation 586 of 15.09.2025. That register is interagency-only and not published. Obtaining it requires a written request to O'zbekiston Mahallalari Uyushmasi. Area is from the official boundary layer, not a demographic source."
UZ-TAS-MFY-164,Tuzel mahallasi,Yashnobod,NULL,NULL,NULL,NULL,NULL,NULL,NULL,NULL,NULL,NULL,NULL,NULL,NULL,NULL,NULL,NULL,NULL,NULL,NULL,NULL,NULL,NULL,NULL,NULL,0.4554,45.54,NULL,NO PUBLIC MAHALLA-LEVEL DEMOGRAPHIC SOURCE LOCATED,NULL,NULL,NULL,2026-09-18,"Mahalla-level demography is held in the MFY yagona reyestri (Unified Register of Mahalla Citizens' Assemblies) inside the Raqamli Mahalla system, legal basis CoM Regulation 586 of 15.09.2025. That register is interagency-only and not published. Obtaining it requires a written request to O'zbekiston Mahallalari Uyushmasi. Area is from the official boundary layer, not a demographic source."
UZ-TAS-MFY-165,Tong mahallasi,Yashnobod,NULL,NULL,NULL,NULL,NULL,NULL,NULL,NULL,NULL,NULL,NULL,NULL,NULL,NULL,NULL,NULL,NULL,NULL,NULL,NULL,NULL,NULL,NULL,NULL,0.207,20.7,NULL,NO PUBLIC MAHALLA-LEVEL DEMOGRAPHIC SOURCE LOCATED,NULL,NULL,NULL,2026-09-18,"Mahalla-level demography is held in the MFY yagona reyestri (Unified Register of Mahalla Citizens' Assemblies) inside the Raqamli Mahalla system, legal basis CoM Regulation 586 of 15.09.2025. That register is interagency-only and not published. Obtaining it requires a written request to O'zbekiston Mahallalari Uyushmasi. Area is from the official boundary layer, not a demographic source."
UZ-TAS-MFY-166,Boysun mahallasi,Yashnobod,NULL,NULL,NULL,NULL,NULL,NULL,NULL,NULL,NULL,NULL,NULL,NULL,NULL,NULL,NULL,NULL,NULL,NULL,NULL,NULL,NULL,NULL,NULL,NULL,0.4338,43.38,NULL,NO PUBLIC MAHALLA-LEVEL DEMOGRAPHIC SOURCE LOCATED,NULL,NULL,NULL,2026-09-18,"Mahalla-level demography is held in the MFY yagona reyestri (Unified Register of Mahalla Citizens' Assemblies) inside the Raqamli Mahalla system, legal basis CoM Regulation 586 of 15.09.2025. That register is interagency-only and not published. Obtaining it requires a written request to O'zbekiston Mahallalari Uyushmasi. Area is from the official boundary layer, not a demographic source."
UZ-TAS-MFY-167,Parvoz mahallasi,Yashnobod,NULL,NULL,NULL,NULL,NULL,NULL,NULL,NULL,NULL,NULL,NULL,NULL,NULL,NULL,NULL,NULL,NULL,NULL,NULL,NULL,NULL,NULL,NULL,NULL,0.4171,41.71,NULL,NO PUBLIC MAHALLA-LEVEL DEMOGRAPHIC SOURCE LOCATED,NULL,NULL,NULL,2026-09-18,"Mahalla-level demography is held in the MFY yagona reyestri (Unified Register of Mahalla Citizens' Assemblies) inside the Raqamli Mahalla system, legal basis CoM Regulation 586 of 15.09.2025. That register is interagency-only and not published. Obtaining it requires a written request to O'zbekiston Mahallalari Uyushmasi. Area is from the official boundary layer, not a demographic source."
UZ-TAS-MFY-168,Yanginur mahallasi,Yashnobod,NULL,NULL,NULL,NULL,NULL,NULL,NULL,NULL,NULL,NULL,NULL,NULL,NULL,NULL,NULL,NULL,NULL,NULL,NULL,NULL,NULL,NULL,NULL,NULL,0.2062,20.62,NULL,NO PUBLIC MAHALLA-LEVEL DEMOGRAPHIC SOURCE LOCATED,NULL,NULL,NULL,2026-09-18,"Mahalla-level demography is held in the MFY yagona reyestri (Unified Register of Mahalla Citizens' Assemblies) inside the Raqamli Mahalla system, legal basis CoM Regulation 586 of 15.09.2025. That register is interagency-only and not published. Obtaining it requires a written request to O'zbekiston Mahallalari Uyushmasi. Area is from the official boundary layer, not a demographic source."
UZ-TAS-MFY-169,Tarnovboshi mahallasi,Yashnobod,NULL,NULL,NULL,NULL,NULL,NULL,NULL,NULL,NULL,NULL,NULL,NULL,NULL,NULL,NULL,NULL,NULL,NULL,NULL,NULL,NULL,NULL,NULL,NULL,0.4945,49.45,NULL,NO PUBLIC MAHALLA-LEVEL DEMOGRAPHIC SOURCE LOCATED,NULL,NULL,NULL,2026-09-18,"Mahalla-level demography is held in the MFY yagona reyestri (Unified Register of Mahalla Citizens' Assemblies) inside the Raqamli Mahalla system, legal basis CoM Regulation 586 of 15.09.2025. That register is interagency-only and not published. Obtaining it requires a written request to O'zbekiston Mahallalari Uyushmasi. Area is from the official boundary layer, not a demographic source."
UZ-TAS-MFY-170,Mashinasozlar mahallasi,Yashnobod,NULL,NULL,NULL,NULL,NULL,NULL,NULL,NULL,NULL,NULL,NULL,NULL,NULL,NULL,NULL,NULL,NULL,NULL,NULL,NULL,NULL,NULL,NULL,NULL,0.8274,82.74,NULL,NO PUBLIC MAHALLA-LEVEL DEMOGRAPHIC SOURCE LOCATED,NULL,NULL,NULL,2026-09-18,"Mahalla-level demography is held in the MFY yagona reyestri (Unified Register of Mahalla Citizens' Assemblies) inside the Raqamli Mahalla system, legal basis CoM Regulation 586 of 15.09.2025. That register is interagency-only and not published. Obtaining it requires a written request to O'zbekiston Mahallalari Uyushmasi. Area is from the official boundary layer, not a demographic source."
UZ-TAS-MFY-171,O'rtamasjid mahallasi,Yashnobod,NULL,NULL,NULL,NULL,NULL,NULL,NULL,NULL,NULL,NULL,NULL,NULL,NULL,NULL,NULL,NULL,NULL,NULL,NULL,NULL,NULL,NULL,NULL,NULL,1.2627,126.27,NULL,NO PUBLIC MAHALLA-LEVEL DEMOGRAPHIC SOURCE LOCATED,NULL,NULL,NULL,2026-09-18,"Mahalla-level demography is held in the MFY yagona reyestri (Unified Register of Mahalla Citizens' Assemblies) inside the Raqamli Mahalla system, legal basis CoM Regulation 586 of 15.09.2025. That register is interagency-only and not published. Obtaining it requires a written request to O'zbekiston Mahallalari Uyushmasi. Area is from the official boundary layer, not a demographic source."
UZ-TAS-MFY-172,Ahmad Yassaviy mahallasi,Yashnobod,NULL,NULL,NULL,NULL,NULL,NULL,NULL,NULL,NULL,NULL,NULL,NULL,NULL,NULL,NULL,NULL,NULL,NULL,NULL,NULL,NULL,NULL,NULL,NULL,1.0344,103.44,NULL,NO PUBLIC MAHALLA-LEVEL DEMOGRAPHIC SOURCE LOCATED,NULL,NULL,NULL,2026-09-18,"Mahalla-level demography is held in the MFY yagona reyestri (Unified Register of Mahalla Citizens' Assemblies) inside the Raqamli Mahalla system, legal basis CoM Regulation 586 of 15.09.2025. That register is interagency-only and not published. Obtaining it requires a written request to O'zbekiston Mahallalari Uyushmasi. Area is from the official boundary layer, not a demographic source."
UZ-TAS-MFY-173,Xosiyatli mahallasi,Yashnobod,NULL,NULL,NULL,NULL,NULL,NULL,NULL,NULL,NULL,NULL,NULL,NULL,NULL,NULL,NULL,NULL,NULL,NULL,NULL,NULL,NULL,NULL,NULL,NULL,0.5582,55.82,NULL,NO PUBLIC MAHALLA-LEVEL DEMOGRAPHIC SOURCE LOCATED,NULL,NULL,NULL,2026-09-18,"Mahalla-level demography is held in the MFY yagona reyestri (Unified Register of Mahalla Citizens' Assemblies) inside the Raqamli Mahalla system, legal basis CoM Regulation 586 of 15.09.2025. That register is interagency-only and not published. Obtaining it requires a written request to O'zbekiston Mahallalari Uyushmasi. Area is from the official boundary layer, not a demographic source."
UZ-TAS-MFY-174,Beshbola mahallasi,Yashnobod,NULL,NULL,NULL,NULL,NULL,NULL,NULL,NULL,NULL,NULL,NULL,NULL,NULL,NULL,NULL,NULL,NULL,NULL,NULL,NULL,NULL,NULL,NULL,NULL,0.4154,41.54,NULL,NO PUBLIC MAHALLA-LEVEL DEMOGRAPHIC SOURCE LOCATED,NULL,NULL,NULL,2026-09-18,"Mahalla-level demography is held in the MFY yagona reyestri (Unified Register of Mahalla Citizens' Assemblies) inside the Raqamli Mahalla system, legal basis CoM Regulation 586 of 15.09.2025. That register is interagency-only and not published. Obtaining it requires a written request to O'zbekiston Mahallalari Uyushmasi. Area is from the official boundary layer, not a demographic source."
UZ-TAS-MFY-175,Arg'in mahallasi,Yashnobod,NULL,NULL,NULL,NULL,NULL,NULL,NULL,NULL,NULL,NULL,NULL,NULL,NULL,NULL,NULL,NULL,NULL,NULL,NULL,NULL,NULL,NULL,NULL,NULL,2.3515,235.15,NULL,NO PUBLIC MAHALLA-LEVEL DEMOGRAPHIC SOURCE LOCATED,NULL,NULL,NULL,2026-09-18,"Mahalla-level demography is held in the MFY yagona reyestri (Unified Register of Mahalla Citizens' Assemblies) inside the Raqamli Mahalla system, legal basis CoM Regulation 586 of 15.09.2025. That register is interagency-only and not published. Obtaining it requires a written request to O'zbekiston Mahallalari Uyushmasi. Area is from the official boundary layer, not a demographic source."
UZ-TAS-MFY-176,Do'stobod mahallasi,Yashnobod,NULL,NULL,NULL,NULL,NULL,NULL,NULL,NULL,NULL,NULL,NULL,NULL,NULL,NULL,NULL,NULL,NULL,NULL,NULL,NULL,NULL,NULL,NULL,NULL,0.9437,94.37,NULL,NO PUBLIC MAHALLA-LEVEL DEMOGRAPHIC SOURCE LOCATED,NULL,NULL,NULL,2026-09-18,"Mahalla-level demography is held in the MFY yagona reyestri (Unified Register of Mahalla Citizens' Assemblies) inside the Raqamli Mahalla system, legal basis CoM Regulation 586 of 15.09.2025. That register is interagency-only and not published. Obtaining it requires a written request to O'zbekiston Mahallalari Uyushmasi. Area is from the official boundary layer, not a demographic source."
UZ-TAS-MFY-177,Shohsanam mahallasi,Yashnobod,NULL,NULL,NULL,NULL,NULL,NULL,NULL,NULL,NULL,NULL,NULL,NULL,NULL,NULL,NULL,NULL,NULL,NULL,NULL,NULL,NULL,NULL,NULL,NULL,0.3011,30.11,NULL,NO PUBLIC MAHALLA-LEVEL DEMOGRAPHIC SOURCE LOCATED,NULL,NULL,NULL,2026-09-18,"Mahalla-level demography is held in the MFY yagona reyestri (Unified Register of Mahalla Citizens' Assemblies) inside the Raqamli Mahalla system, legal basis CoM Regulation 586 of 15.09.2025. That register is interagency-only and not published. Obtaining it requires a written request to O'zbekiston Mahallalari Uyushmasi. Area is from the official boundary layer, not a demographic source."
UZ-TAS-MFY-254,Shahriston mahallasi,Yunusobod,NULL,NULL,NULL,NULL,NULL,NULL,NULL,NULL,NULL,NULL,NULL,NULL,NULL,NULL,NULL,NULL,NULL,NULL,NULL,NULL,NULL,NULL,NULL,NULL,0.5024,50.24,NULL,NO PUBLIC MAHALLA-LEVEL DEMOGRAPHIC SOURCE LOCATED,NULL,NULL,NULL,2026-09-18,"Mahalla-level demography is held in the MFY yagona reyestri (Unified Register of Mahalla Citizens' Assemblies) inside the Raqamli Mahalla system, legal basis CoM Regulation 586 of 15.09.2025. That register is interagency-only and not published. Obtaining it requires a written request to O'zbekiston Mahallalari Uyushmasi. Area is from the official boundary layer, not a demographic source."
UZ-TAS-MFY-255,Sevinch mahallasi,Yunusobod,NULL,NULL,NULL,NULL,NULL,NULL,NULL,NULL,NULL,NULL,NULL,NULL,NULL,NULL,NULL,NULL,NULL,NULL,NULL,NULL,NULL,NULL,NULL,NULL,0.3228,32.28,NULL,NO PUBLIC MAHALLA-LEVEL DEMOGRAPHIC SOURCE LOCATED,NULL,NULL,NULL,2026-09-18,"Mahalla-level demography is held in the MFY yagona reyestri (Unified Register of Mahalla Citizens' Assemblies) inside the Raqamli Mahalla system, legal basis CoM Regulation 586 of 15.09.2025. That register is interagency-only and not published. Obtaining it requires a written request to O'zbekiston Mahallalari Uyushmasi. Area is from the official boundary layer, not a demographic source."
UZ-TAS-MFY-256,Yunusota mahallasi,Yunusobod,NULL,NULL,NULL,NULL,NULL,NULL,NULL,NULL,NULL,NULL,NULL,NULL,NULL,NULL,NULL,NULL,NULL,NULL,NULL,NULL,NULL,NULL,NULL,NULL,0.2741,27.41,NULL,NO PUBLIC MAHALLA-LEVEL DEMOGRAPHIC SOURCE LOCATED,NULL,NULL,NULL,2026-09-18,"Mahalla-level demography is held in the MFY yagona reyestri (Unified Register of Mahalla Citizens' Assemblies) inside the Raqamli Mahalla system, legal basis CoM Regulation 586 of 15.09.2025. That register is interagency-only and not published. Obtaining it requires a written request to O'zbekiston Mahallalari Uyushmasi. Area is from the official boundary layer, not a demographic source."
UZ-TAS-MFY-257,Ahmad Donish mahallasi,Yunusobod,NULL,NULL,NULL,NULL,NULL,NULL,NULL,NULL,NULL,NULL,NULL,NULL,NULL,NULL,NULL,NULL,NULL,NULL,NULL,NULL,NULL,NULL,NULL,NULL,0.1839,18.39,NULL,NO PUBLIC MAHALLA-LEVEL DEMOGRAPHIC SOURCE LOCATED,NULL,NULL,NULL,2026-09-18,"Mahalla-level demography is held in the MFY yagona reyestri (Unified Register of Mahalla Citizens' Assemblies) inside the Raqamli Mahalla system, legal basis CoM Regulation 586 of 15.09.2025. That register is interagency-only and not published. Obtaining it requires a written request to O'zbekiston Mahallalari Uyushmasi. Area is from the official boundary layer, not a demographic source."
UZ-TAS-MFY-258,Obod mahallasi,Yunusobod,NULL,NULL,NULL,NULL,NULL,NULL,NULL,NULL,NULL,NULL,NULL,NULL,NULL,NULL,NULL,NULL,NULL,NULL,NULL,NULL,NULL,NULL,NULL,NULL,1.2261,122.61,NULL,NO PUBLIC MAHALLA-LEVEL DEMOGRAPHIC SOURCE LOCATED,NULL,NULL,NULL,2026-09-18,"Mahalla-level demography is held in the MFY yagona reyestri (Unified Register of Mahalla Citizens' Assemblies) inside the Raqamli Mahalla system, legal basis CoM Regulation 586 of 15.09.2025. That register is interagency-only and not published. Obtaining it requires a written request to O'zbekiston Mahallalari Uyushmasi. Area is from the official boundary layer, not a demographic source."
UZ-TAS-MFY-259,Xiyobontepa mahallasi,Yunusobod,NULL,NULL,NULL,NULL,NULL,NULL,NULL,NULL,NULL,NULL,NULL,NULL,NULL,NULL,NULL,NULL,NULL,NULL,NULL,NULL,NULL,NULL,NULL,NULL,0.4671,46.71,NULL,NO PUBLIC MAHALLA-LEVEL DEMOGRAPHIC SOURCE LOCATED,NULL,NULL,NULL,2026-09-18,"Mahalla-level demography is held in the MFY yagona reyestri (Unified Register of Mahalla Citizens' Assemblies) inside the Raqamli Mahalla system, legal basis CoM Regulation 586 of 15.09.2025. That register is interagency-only and not published. Obtaining it requires a written request to O'zbekiston Mahallalari Uyushmasi. Area is from the official boundary layer, not a demographic source."
UZ-TAS-MFY-260,Shoshtepa mahallasi,Yunusobod,NULL,NULL,NULL,NULL,NULL,NULL,NULL,NULL,NULL,NULL,NULL,NULL,NULL,NULL,NULL,NULL,NULL,NULL,NULL,NULL,NULL,NULL,NULL,NULL,0.2451,24.51,NULL,NO PUBLIC MAHALLA-LEVEL DEMOGRAPHIC SOURCE LOCATED,NULL,NULL,NULL,2026-09-18,"Mahalla-level demography is held in the MFY yagona reyestri (Unified Register of Mahalla Citizens' Assemblies) inside the Raqamli Mahalla system, legal basis CoM Regulation 586 of 15.09.2025. That register is interagency-only and not published. Obtaining it requires a written request to O'zbekiston Mahallalari Uyushmasi. Area is from the official boundary layer, not a demographic source."
UZ-TAS-MFY-261,Usta Shirin mahallasi,Yunusobod,NULL,NULL,NULL,NULL,NULL,NULL,NULL,NULL,NULL,NULL,NULL,NULL,NULL,NULL,NULL,NULL,NULL,NULL,NULL,NULL,NULL,NULL,NULL,NULL,0.3155,31.55,NULL,NO PUBLIC MAHALLA-LEVEL DEMOGRAPHIC SOURCE LOCATED,NULL,NULL,NULL,2026-09-18,"Mahalla-level demography is held in the MFY yagona reyestri (Unified Register of Mahalla Citizens' Assemblies) inside the Raqamli Mahalla system, legal basis CoM Regulation 586 of 15.09.2025. That register is interagency-only and not published. Obtaining it requires a written request to O'zbekiston Mahallalari Uyushmasi. Area is from the official boundary layer, not a demographic source."
UZ-TAS-MFY-262,Oqtepa mahallasi,Yunusobod,NULL,NULL,NULL,NULL,NULL,NULL,NULL,NULL,NULL,NULL,NULL,NULL,NULL,NULL,NULL,NULL,NULL,NULL,NULL,NULL,NULL,NULL,NULL,NULL,1.5815,158.15,NULL,NO PUBLIC MAHALLA-LEVEL DEMOGRAPHIC SOURCE LOCATED,NULL,NULL,NULL,2026-09-18,"Mahalla-level demography is held in the MFY yagona reyestri (Unified Register of Mahalla Citizens' Assemblies) inside the Raqamli Mahalla system, legal basis CoM Regulation 586 of 15.09.2025. That register is interagency-only and not published. Obtaining it requires a written request to O'zbekiston Mahallalari Uyushmasi. Area is from the official boundary layer, not a demographic source."
UZ-TAS-MFY-263,Beg'ubor mahallasi,Yunusobod,NULL,NULL,NULL,NULL,NULL,NULL,NULL,NULL,NULL,NULL,NULL,NULL,NULL,NULL,NULL,NULL,NULL,NULL,NULL,NULL,NULL,NULL,NULL,NULL,0.2198,21.98,NULL,NO PUBLIC MAHALLA-LEVEL DEMOGRAPHIC SOURCE LOCATED,NULL,NULL,NULL,2026-09-18,"Mahalla-level demography is held in the MFY yagona reyestri (Unified Register of Mahalla Citizens' Assemblies) inside the Raqamli Mahalla system, legal basis CoM Regulation 586 of 15.09.2025. That register is interagency-only and not published. Obtaining it requires a written request to O'zbekiston Mahallalari Uyushmasi. Area is from the official boundary layer, not a demographic source."
UZ-TAS-MFY-264,Hamkorobod mahallasi,Yunusobod,NULL,NULL,NULL,NULL,NULL,NULL,NULL,NULL,NULL,NULL,NULL,NULL,NULL,NULL,NULL,NULL,NULL,NULL,NULL,NULL,NULL,NULL,NULL,NULL,1.3081,130.81,NULL,NO PUBLIC MAHALLA-LEVEL DEMOGRAPHIC SOURCE LOCATED,NULL,NULL,NULL,2026-09-18,"Mahalla-level demography is held in the MFY yagona reyestri (Unified Register of Mahalla Citizens' Assemblies) inside the Raqamli Mahalla system, legal basis CoM Regulation 586 of 15.09.2025. That register is interagency-only and not published. Obtaining it requires a written request to O'zbekiston Mahallalari Uyushmasi. Area is from the official boundary layer, not a demographic source."
UZ-TAS-MFY-265,Bog'ishamol mahallasi,Yunusobod,NULL,NULL,NULL,NULL,NULL,NULL,NULL,NULL,NULL,NULL,NULL,NULL,NULL,NULL,NULL,NULL,NULL,NULL,NULL,NULL,NULL,NULL,NULL,NULL,0.349,34.9,NULL,NO PUBLIC MAHALLA-LEVEL DEMOGRAPHIC SOURCE LOCATED,NULL,NULL,NULL,2026-09-18,"Mahalla-level demography is held in the MFY yagona reyestri (Unified Register of Mahalla Citizens' Assemblies) inside the Raqamli Mahalla system, legal basis CoM Regulation 586 of 15.09.2025. That register is interagency-only and not published. Obtaining it requires a written request to O'zbekiston Mahallalari Uyushmasi. Area is from the official boundary layer, not a demographic source."
UZ-TAS-MFY-266,Mingchinor mahallasi,Yunusobod,NULL,NULL,NULL,NULL,NULL,NULL,NULL,NULL,NULL,NULL,NULL,NULL,NULL,NULL,NULL,NULL,NULL,NULL,NULL,NULL,NULL,NULL,NULL,NULL,0.2007,20.07,NULL,NO PUBLIC MAHALLA-LEVEL DEMOGRAPHIC SOURCE LOCATED,NULL,NULL,NULL,2026-09-18,"Mahalla-level demography is held in the MFY yagona reyestri (Unified Register of Mahalla Citizens' Assemblies) inside the Raqamli Mahalla system, legal basis CoM Regulation 586 of 15.09.2025. That register is interagency-only and not published. Obtaining it requires a written request to O'zbekiston Mahallalari Uyushmasi. Area is from the official boundary layer, not a demographic source."
UZ-TAS-MFY-267,Billur mahallasi,Yunusobod,NULL,NULL,NULL,NULL,NULL,NULL,NULL,NULL,NULL,NULL,NULL,NULL,NULL,NULL,NULL,NULL,NULL,NULL,NULL,NULL,NULL,NULL,NULL,NULL,0.5601,56.01,NULL,NO PUBLIC MAHALLA-LEVEL DEMOGRAPHIC SOURCE LOCATED,NULL,NULL,NULL,2026-09-18,"Mahalla-level demography is held in the MFY yagona reyestri (Unified Register of Mahalla Citizens' Assemblies) inside the Raqamli Mahalla system, legal basis CoM Regulation 586 of 15.09.2025. That register is interagency-only and not published. Obtaining it requires a written request to O'zbekiston Mahallalari Uyushmasi. Area is from the official boundary layer, not a demographic source."
UZ-TAS-MFY-268,Minor mahallasi,Yunusobod,NULL,NULL,NULL,NULL,NULL,NULL,NULL,NULL,NULL,NULL,NULL,NULL,NULL,NULL,NULL,NULL,NULL,NULL,NULL,NULL,NULL,NULL,NULL,NULL,1.5574,155.74,NULL,NO PUBLIC MAHALLA-LEVEL DEMOGRAPHIC SOURCE LOCATED,NULL,NULL,NULL,2026-09-18,"Mahalla-level demography is held in the MFY yagona reyestri (Unified Register of Mahalla Citizens' Assemblies) inside the Raqamli Mahalla system, legal basis CoM Regulation 586 of 15.09.2025. That register is interagency-only and not published. Obtaining it requires a written request to O'zbekiston Mahallalari Uyushmasi. Area is from the official boundary layer, not a demographic source."
UZ-TAS-MFY-269,Nurmakon mahallasi,Yunusobod,NULL,NULL,NULL,NULL,NULL,NULL,NULL,NULL,NULL,NULL,NULL,NULL,NULL,NULL,NULL,NULL,NULL,NULL,NULL,NULL,NULL,NULL,NULL,NULL,0.1904,19.04,NULL,NO PUBLIC MAHALLA-LEVEL DEMOGRAPHIC SOURCE LOCATED,NULL,NULL,NULL,2026-09-18,"Mahalla-level demography is held in the MFY yagona reyestri (Unified Register of Mahalla Citizens' Assemblies) inside the Raqamli Mahalla system, legal basis CoM Regulation 586 of 15.09.2025. That register is interagency-only and not published. Obtaining it requires a written request to O'zbekiston Mahallalari Uyushmasi. Area is from the official boundary layer, not a demographic source."
UZ-TAS-MFY-270,Husniobod mahallasi,Yunusobod,NULL,NULL,NULL,NULL,NULL,NULL,NULL,NULL,NULL,NULL,NULL,NULL,NULL,NULL,NULL,NULL,NULL,NULL,NULL,NULL,NULL,NULL,NULL,NULL,0.3871,38.71,NULL,NO PUBLIC MAHALLA-LEVEL DEMOGRAPHIC SOURCE LOCATED,NULL,NULL,NULL,2026-09-18,"Mahalla-level demography is held in the MFY yagona reyestri (Unified Register of Mahalla Citizens' Assemblies) inside the Raqamli Mahalla system, legal basis CoM Regulation 586 of 15.09.2025. That register is interagency-only and not published. Obtaining it requires a written request to O'zbekiston Mahallalari Uyushmasi. Area is from the official boundary layer, not a demographic source."
UZ-TAS-MFY-271,Bog'ieram mahallasi,Yunusobod,NULL,NULL,NULL,NULL,NULL,NULL,NULL,NULL,NULL,NULL,NULL,NULL,NULL,NULL,NULL,NULL,NULL,NULL,NULL,NULL,NULL,NULL,NULL,NULL,0.2128,21.28,NULL,NO PUBLIC MAHALLA-LEVEL DEMOGRAPHIC SOURCE LOCATED,NULL,NULL,NULL,2026-09-18,"Mahalla-level demography is held in the MFY yagona reyestri (Unified Register of Mahalla Citizens' Assemblies) inside the Raqamli Mahalla system, legal basis CoM Regulation 586 of 15.09.2025. That register is interagency-only and not published. Obtaining it requires a written request to O'zbekiston Mahallalari Uyushmasi. Area is from the official boundary layer, not a demographic source."
UZ-TAS-MFY-272,Uvaysiy mahallasi,Yunusobod,NULL,NULL,NULL,NULL,NULL,NULL,NULL,NULL,NULL,NULL,NULL,NULL,NULL,NULL,NULL,NULL,NULL,NULL,NULL,NULL,NULL,NULL,NULL,NULL,0.3403,34.03,NULL,NO PUBLIC MAHALLA-LEVEL DEMOGRAPHIC SOURCE LOCATED,NULL,NULL,NULL,2026-09-18,"Mahalla-level demography is held in the MFY yagona reyestri (Unified Register of Mahalla Citizens' Assemblies) inside the Raqamli Mahalla system, legal basis CoM Regulation 586 of 15.09.2025. That register is interagency-only and not published. Obtaining it requires a written request to O'zbekiston Mahallalari Uyushmasi. Area is from the official boundary layer, not a demographic source."
UZ-TAS-MFY-273,Qadrdon mahallasi,Yunusobod,NULL,NULL,NULL,NULL,NULL,NULL,NULL,NULL,NULL,NULL,NULL,NULL,NULL,NULL,NULL,NULL,NULL,NULL,NULL,NULL,NULL,NULL,NULL,NULL,0.7876,78.76,NULL,NO PUBLIC MAHALLA-LEVEL DEMOGRAPHIC SOURCE LOCATED,NULL,NULL,NULL,2026-09-18,"Mahalla-level demography is held in the MFY yagona reyestri (Unified Register of Mahalla Citizens' Assemblies) inside the Raqamli Mahalla system, legal basis CoM Regulation 586 of 15.09.2025. That register is interagency-only and not published. Obtaining it requires a written request to O'zbekiston Mahallalari Uyushmasi. Area is from the official boundary layer, not a demographic source."
UZ-TAS-MFY-274,Kulolqo'rg'on mahallasi,Yunusobod,NULL,NULL,NULL,NULL,NULL,NULL,NULL,NULL,NULL,NULL,NULL,NULL,NULL,NULL,NULL,NULL,NULL,NULL,NULL,NULL,NULL,NULL,NULL,NULL,0.4365,43.65,NULL,NO PUBLIC MAHALLA-LEVEL DEMOGRAPHIC SOURCE LOCATED,NULL,NULL,NULL,2026-09-18,"Mahalla-level demography is held in the MFY yagona reyestri (Unified Register of Mahalla Citizens' Assemblies) inside the Raqamli Mahalla system, legal basis CoM Regulation 586 of 15.09.2025. That register is interagency-only and not published. Obtaining it requires a written request to O'zbekiston Mahallalari Uyushmasi. Area is from the official boundary layer, not a demographic source."
UZ-TAS-MFY-275,Turkiston mahallasi,Yunusobod,NULL,NULL,NULL,NULL,NULL,NULL,NULL,NULL,NULL,NULL,NULL,NULL,NULL,NULL,NULL,NULL,NULL,NULL,NULL,NULL,NULL,NULL,NULL,NULL,1.0045,100.45,NULL,NO PUBLIC MAHALLA-LEVEL DEMOGRAPHIC SOURCE LOCATED,NULL,NULL,NULL,2026-09-18,"Mahalla-level demography is held in the MFY yagona reyestri (Unified Register of Mahalla Citizens' Assemblies) inside the Raqamli Mahalla system, legal basis CoM Regulation 586 of 15.09.2025. That register is interagency-only and not published. Obtaining it requires a written request to O'zbekiston Mahallalari Uyushmasi. Area is from the official boundary layer, not a demographic source."
UZ-TAS-MFY-276,Registon mahallasi,Yunusobod,NULL,NULL,NULL,NULL,NULL,NULL,NULL,NULL,NULL,NULL,NULL,NULL,NULL,NULL,NULL,NULL,NULL,NULL,NULL,NULL,NULL,NULL,NULL,NULL,0.5144,51.44,NULL,NO PUBLIC MAHALLA-LEVEL DEMOGRAPHIC SOURCE LOCATED,NULL,NULL,NULL,2026-09-18,"Mahalla-level demography is held in the MFY yagona reyestri (Unified Register of Mahalla Citizens' Assemblies) inside the Raqamli Mahalla system, legal basis CoM Regulation 586 of 15.09.2025. That register is interagency-only and not published. Obtaining it requires a written request to O'zbekiston Mahallalari Uyushmasi. Area is from the official boundary layer, not a demographic source."
UZ-TAS-MFY-277,Shayx Shibliy mahallasi,Yunusobod,NULL,NULL,NULL,NULL,NULL,NULL,NULL,NULL,NULL,NULL,NULL,NULL,NULL,NULL,NULL,NULL,NULL,NULL,NULL,NULL,NULL,NULL,NULL,NULL,0.4935,49.35,NULL,NO PUBLIC MAHALLA-LEVEL DEMOGRAPHIC SOURCE LOCATED,NULL,NULL,NULL,2026-09-18,"Mahalla-level demography is held in the MFY yagona reyestri (Unified Register of Mahalla Citizens' Assemblies) inside the Raqamli Mahalla system, legal basis CoM Regulation 586 of 15.09.2025. That register is interagency-only and not published. Obtaining it requires a written request to O'zbekiston Mahallalari Uyushmasi. Area is from the official boundary layer, not a demographic source."
UZ-TAS-MFY-278,Muruvvat mahallasi,Yunusobod,NULL,NULL,NULL,NULL,NULL,NULL,NULL,NULL,NULL,NULL,NULL,NULL,NULL,NULL,NULL,NULL,NULL,NULL,NULL,NULL,NULL,NULL,NULL,NULL,0.1661,16.61,NULL,NO PUBLIC MAHALLA-LEVEL DEMOGRAPHIC SOURCE LOCATED,NULL,NULL,NULL,2026-09-18,"Mahalla-level demography is held in the MFY yagona reyestri (Unified Register of Mahalla Citizens' Assemblies) inside the Raqamli Mahalla system, legal basis CoM Regulation 586 of 15.09.2025. That register is interagency-only and not published. Obtaining it requires a written request to O'zbekiston Mahallalari Uyushmasi. Area is from the official boundary layer, not a demographic source."
UZ-TAS-MFY-279,Qo'shchinor mahallasi,Yunusobod,NULL,NULL,NULL,NULL,NULL,NULL,NULL,NULL,NULL,NULL,NULL,NULL,NULL,NULL,NULL,NULL,NULL,NULL,NULL,NULL,NULL,NULL,NULL,NULL,0.1738,17.38,NULL,NO PUBLIC MAHALLA-LEVEL DEMOGRAPHIC SOURCE LOCATED,NULL,NULL,NULL,2026-09-18,"Mahalla-level demography is held in the MFY yagona reyestri (Unified Register of Mahalla Citizens' Assemblies) inside the Raqamli Mahalla system, legal basis CoM Regulation 586 of 15.09.2025. That register is interagency-only and not published. Obtaining it requires a written request to O'zbekiston Mahallalari Uyushmasi. Area is from the official boundary layer, not a demographic source."
UZ-TAS-MFY-280,Yangibog' mahallasi,Yunusobod,NULL,NULL,NULL,NULL,NULL,NULL,NULL,NULL,NULL,NULL,NULL,NULL,NULL,NULL,NULL,NULL,NULL,NULL,NULL,NULL,NULL,NULL,NULL,NULL,0.3007,30.07,NULL,NO PUBLIC MAHALLA-LEVEL DEMOGRAPHIC SOURCE LOCATED,NULL,NULL,NULL,2026-09-18,"Mahalla-level demography is held in the MFY yagona reyestri (Unified Register of Mahalla Citizens' Assemblies) inside the Raqamli Mahalla system, legal basis CoM Regulation 586 of 15.09.2025. That register is interagency-only and not published. Obtaining it requires a written request to O'zbekiston Mahallalari Uyushmasi. Area is from the official boundary layer, not a demographic source."
UZ-TAS-MFY-281,O'zbekiston mustaqilligi mahallasi,Yunusobod,NULL,NULL,NULL,NULL,NULL,NULL,NULL,NULL,NULL,NULL,NULL,NULL,NULL,NULL,NULL,NULL,NULL,NULL,NULL,NULL,NULL,NULL,NULL,NULL,0.1173,11.73,NULL,NO PUBLIC MAHALLA-LEVEL DEMOGRAPHIC SOURCE LOCATED,NULL,NULL,NULL,2026-09-18,"Mahalla-level demography is held in the MFY yagona reyestri (Unified Register of Mahalla Citizens' Assemblies) inside the Raqamli Mahalla system, legal basis CoM Regulation 586 of 15.09.2025. That register is interagency-only and not published. Obtaining it requires a written request to O'zbekiston Mahallalari Uyushmasi. Area is from the official boundary layer, not a demographic source."
UZ-TAS-MFY-282,Sobirobod mahallasi,Yunusobod,NULL,NULL,NULL,NULL,NULL,NULL,NULL,NULL,NULL,NULL,NULL,NULL,NULL,NULL,NULL,NULL,NULL,NULL,NULL,NULL,NULL,NULL,NULL,NULL,0.449,44.9,NULL,NO PUBLIC MAHALLA-LEVEL DEMOGRAPHIC SOURCE LOCATED,NULL,NULL,NULL,2026-09-18,"Mahalla-level demography is held in the MFY yagona reyestri (Unified Register of Mahalla Citizens' Assemblies) inside the Raqamli Mahalla system, legal basis CoM Regulation 586 of 15.09.2025. That register is interagency-only and not published. Obtaining it requires a written request to O'zbekiston Mahallalari Uyushmasi. Area is from the official boundary layer, not a demographic source."
UZ-TAS-MFY-283,Hasanboy mahallasi,Yunusobod,NULL,NULL,NULL,NULL,NULL,NULL,NULL,NULL,NULL,NULL,NULL,NULL,NULL,NULL,NULL,NULL,NULL,NULL,NULL,NULL,NULL,NULL,NULL,NULL,1.6384,163.84,NULL,NO PUBLIC MAHALLA-LEVEL DEMOGRAPHIC SOURCE LOCATED,NULL,NULL,NULL,2026-09-18,"Mahalla-level demography is held in the MFY yagona reyestri (Unified Register of Mahalla Citizens' Assemblies) inside the Raqamli Mahalla system, legal basis CoM Regulation 586 of 15.09.2025. That register is interagency-only and not published. Obtaining it requires a written request to O'zbekiston Mahallalari Uyushmasi. Area is from the official boundary layer, not a demographic source."
UZ-TAS-MFY-284,Matonat mahallasi,Yunusobod,NULL,NULL,NULL,NULL,NULL,NULL,NULL,NULL,NULL,NULL,NULL,NULL,NULL,NULL,NULL,NULL,NULL,NULL,NULL,NULL,NULL,NULL,NULL,NULL,0.7426,74.26,NULL,NO PUBLIC MAHALLA-LEVEL DEMOGRAPHIC SOURCE LOCATED,NULL,NULL,NULL,2026-09-18,"Mahalla-level demography is held in the MFY yagona reyestri (Unified Register of Mahalla Citizens' Assemblies) inside the Raqamli Mahalla system, legal basis CoM Regulation 586 of 15.09.2025. That register is interagency-only and not published. Obtaining it requires a written request to O'zbekiston Mahallalari Uyushmasi. Area is from the official boundary layer, not a demographic source."
UZ-TAS-MFY-285,Mehnatobod mahallasi,Yunusobod,NULL,NULL,NULL,NULL,NULL,NULL,NULL,NULL,NULL,NULL,NULL,NULL,NULL,NULL,NULL,NULL,NULL,NULL,NULL,NULL,NULL,NULL,NULL,NULL,0.2401,24.01,NULL,NO PUBLIC MAHALLA-LEVEL DEMOGRAPHIC SOURCE LOCATED,NULL,NULL,NULL,2026-09-18,"Mahalla-level demography is held in the MFY yagona reyestri (Unified Register of Mahalla Citizens' Assemblies) inside the Raqamli Mahalla system, legal basis CoM Regulation 586 of 15.09.2025. That register is interagency-only and not published. Obtaining it requires a written request to O'zbekiston Mahallalari Uyushmasi. Area is from the official boundary layer, not a demographic source."
UZ-TAS-MFY-286,Yangiariq mahallasi,Yunusobod,NULL,NULL,NULL,NULL,NULL,NULL,NULL,NULL,NULL,NULL,NULL,NULL,NULL,NULL,NULL,NULL,NULL,NULL,NULL,NULL,NULL,NULL,NULL,NULL,0.5119,51.19,NULL,NO PUBLIC MAHALLA-LEVEL DEMOGRAPHIC SOURCE LOCATED,NULL,NULL,NULL,2026-09-18,"Mahalla-level demography is held in the MFY yagona reyestri (Unified Register of Mahalla Citizens' Assemblies) inside the Raqamli Mahalla system, legal basis CoM Regulation 586 of 15.09.2025. That register is interagency-only and not published. Obtaining it requires a written request to O'zbekiston Mahallalari Uyushmasi. Area is from the official boundary layer, not a demographic source."
UZ-TAS-MFY-287,Jomiy mahallasi,Yunusobod,NULL,NULL,NULL,NULL,NULL,NULL,NULL,NULL,NULL,NULL,NULL,NULL,NULL,NULL,NULL,NULL,NULL,NULL,NULL,NULL,NULL,NULL,NULL,NULL,0.4426,44.26,NULL,NO PUBLIC MAHALLA-LEVEL DEMOGRAPHIC SOURCE LOCATED,NULL,NULL,NULL,2026-09-18,"Mahalla-level demography is held in the MFY yagona reyestri (Unified Register of Mahalla Citizens' Assemblies) inside the Raqamli Mahalla system, legal basis CoM Regulation 586 of 15.09.2025. That register is interagency-only and not published. Obtaining it requires a written request to O'zbekiston Mahallalari Uyushmasi. Area is from the official boundary layer, not a demographic source."
UZ-TAS-MFY-288,Turkqo'rg'on mahallasi,Yunusobod,NULL,NULL,NULL,NULL,NULL,NULL,NULL,NULL,NULL,NULL,NULL,NULL,NULL,NULL,NULL,NULL,NULL,NULL,NULL,NULL,NULL,NULL,NULL,NULL,0.2878,28.78,NULL,NO PUBLIC MAHALLA-LEVEL DEMOGRAPHIC SOURCE LOCATED,NULL,NULL,NULL,2026-09-18,"Mahalla-level demography is held in the MFY yagona reyestri (Unified Register of Mahalla Citizens' Assemblies) inside the Raqamli Mahalla system, legal basis CoM Regulation 586 of 15.09.2025. That register is interagency-only and not published. Obtaining it requires a written request to O'zbekiston Mahallalari Uyushmasi. Area is from the official boundary layer, not a demographic source."
UZ-TAS-MFY-289,Astrobod mahallasi,Yunusobod,NULL,NULL,NULL,NULL,NULL,NULL,NULL,NULL,NULL,NULL,NULL,NULL,NULL,NULL,NULL,NULL,NULL,NULL,NULL,NULL,NULL,NULL,NULL,NULL,0.3939,39.39,NULL,NO PUBLIC MAHALLA-LEVEL DEMOGRAPHIC SOURCE LOCATED,NULL,NULL,NULL,2026-09-18,"Mahalla-level demography is held in the MFY yagona reyestri (Unified Register of Mahalla Citizens' Assemblies) inside the Raqamli Mahalla system, legal basis CoM Regulation 586 of 15.09.2025. That register is interagency-only and not published. Obtaining it requires a written request to O'zbekiston Mahallalari Uyushmasi. Area is from the official boundary layer, not a demographic source."
UZ-TAS-MFY-290,Bobodehqon mahallasi,Yunusobod,NULL,NULL,NULL,NULL,NULL,NULL,NULL,NULL,NULL,NULL,NULL,NULL,NULL,NULL,NULL,NULL,NULL,NULL,NULL,NULL,NULL,NULL,NULL,NULL,1.1475,114.75,NULL,NO PUBLIC MAHALLA-LEVEL DEMOGRAPHIC SOURCE LOCATED,NULL,NULL,NULL,2026-09-18,"Mahalla-level demography is held in the MFY yagona reyestri (Unified Register of Mahalla Citizens' Assemblies) inside the Raqamli Mahalla system, legal basis CoM Regulation 586 of 15.09.2025. That register is interagency-only and not published. Obtaining it requires a written request to O'zbekiston Mahallalari Uyushmasi. Area is from the official boundary layer, not a demographic source."
UZ-TAS-MFY-291,Ahilobod mahallasi,Yunusobod,NULL,NULL,NULL,NULL,NULL,NULL,NULL,NULL,NULL,NULL,NULL,NULL,NULL,NULL,NULL,NULL,NULL,NULL,NULL,NULL,NULL,NULL,NULL,NULL,0.3344,33.44,NULL,NO PUBLIC MAHALLA-LEVEL DEMOGRAPHIC SOURCE LOCATED,NULL,NULL,NULL,2026-09-18,"Mahalla-level demography is held in the MFY yagona reyestri (Unified Register of Mahalla Citizens' Assemblies) inside the Raqamli Mahalla system, legal basis CoM Regulation 586 of 15.09.2025. That register is interagency-only and not published. Obtaining it requires a written request to O'zbekiston Mahallalari Uyushmasi. Area is from the official boundary layer, not a demographic source."
UZ-TAS-MFY-292,Buyuk Turon mahallasi,Yunusobod,NULL,NULL,NULL,NULL,NULL,NULL,NULL,NULL,NULL,NULL,NULL,NULL,NULL,NULL,NULL,NULL,NULL,NULL,NULL,NULL,NULL,NULL,NULL,NULL,0.9137,91.37,NULL,NO PUBLIC MAHALLA-LEVEL DEMOGRAPHIC SOURCE LOCATED,NULL,NULL,NULL,2026-09-18,"Mahalla-level demography is held in the MFY yagona reyestri (Unified Register of Mahalla Citizens' Assemblies) inside the Raqamli Mahalla system, legal basis CoM Regulation 586 of 15.09.2025. That register is interagency-only and not published. Obtaining it requires a written request to O'zbekiston Mahallalari Uyushmasi. Area is from the official boundary layer, not a demographic source."
UZ-TAS-MFY-293,G'ayratiy mahallasi,Yunusobod,NULL,NULL,NULL,NULL,NULL,NULL,NULL,NULL,NULL,NULL,NULL,NULL,NULL,NULL,NULL,NULL,NULL,NULL,NULL,NULL,NULL,NULL,NULL,NULL,0.3378,33.78,NULL,NO PUBLIC MAHALLA-LEVEL DEMOGRAPHIC SOURCE LOCATED,NULL,NULL,NULL,2026-09-18,"Mahalla-level demography is held in the MFY yagona reyestri (Unified Register of Mahalla Citizens' Assemblies) inside the Raqamli Mahalla system, legal basis CoM Regulation 586 of 15.09.2025. That register is interagency-only and not published. Obtaining it requires a written request to O'zbekiston Mahallalari Uyushmasi. Area is from the official boundary layer, not a demographic source."
UZ-TAS-MFY-294,Adolat mahallasi,Yunusobod,NULL,NULL,NULL,NULL,NULL,NULL,NULL,NULL,NULL,NULL,NULL,NULL,NULL,NULL,NULL,NULL,NULL,NULL,NULL,NULL,NULL,NULL,NULL,NULL,0.4286,42.86,NULL,NO PUBLIC MAHALLA-LEVEL DEMOGRAPHIC SOURCE LOCATED,NULL,NULL,NULL,2026-09-18,"Mahalla-level demography is held in the MFY yagona reyestri (Unified Register of Mahalla Citizens' Assemblies) inside the Raqamli Mahalla system, legal basis CoM Regulation 586 of 15.09.2025. That register is interagency-only and not published. Obtaining it requires a written request to O'zbekiston Mahallalari Uyushmasi. Area is from the official boundary layer, not a demographic source."
UZ-TAS-MFY-296,Halqabog' mahallasi,Yunusobod,NULL,NULL,NULL,NULL,NULL,NULL,NULL,NULL,NULL,NULL,NULL,NULL,NULL,NULL,NULL,NULL,NULL,NULL,NULL,NULL,NULL,NULL,NULL,NULL,0.1802,18.02,NULL,NO PUBLIC MAHALLA-LEVEL DEMOGRAPHIC SOURCE LOCATED,NULL,NULL,NULL,2026-09-18,"Mahalla-level demography is held in the MFY yagona reyestri (Unified Register of Mahalla Citizens' Assemblies) inside the Raqamli Mahalla system, legal basis CoM Regulation 586 of 15.09.2025. That register is interagency-only and not published. Obtaining it requires a written request to O'zbekiston Mahallalari Uyushmasi. Area is from the official boundary layer, not a demographic source."
UZ-TAS-MFY-297,Akbarobod mahallasi,Yunusobod,NULL,NULL,NULL,NULL,NULL,NULL,NULL,NULL,NULL,NULL,NULL,NULL,NULL,NULL,NULL,NULL,NULL,NULL,NULL,NULL,NULL,NULL,NULL,NULL,0.2749,27.49,NULL,NO PUBLIC MAHALLA-LEVEL DEMOGRAPHIC SOURCE LOCATED,NULL,NULL,NULL,2026-09-18,"Mahalla-level demography is held in the MFY yagona reyestri (Unified Register of Mahalla Citizens' Assemblies) inside the Raqamli Mahalla system, legal basis CoM Regulation 586 of 15.09.2025. That register is interagency-only and not published. Obtaining it requires a written request to O'zbekiston Mahallalari Uyushmasi. Area is from the official boundary layer, not a demographic source."
UZ-TAS-MFY-298,Yunusobod mahallasi,Yunusobod,NULL,NULL,NULL,NULL,NULL,NULL,NULL,NULL,NULL,NULL,NULL,NULL,NULL,NULL,NULL,NULL,NULL,NULL,NULL,NULL,NULL,NULL,NULL,NULL,0.9895,98.95,NULL,NO PUBLIC MAHALLA-LEVEL DEMOGRAPHIC SOURCE LOCATED,NULL,NULL,NULL,2026-09-18,"Mahalla-level demography is held in the MFY yagona reyestri (Unified Register of Mahalla Citizens' Assemblies) inside the Raqamli Mahalla system, legal basis CoM Regulation 586 of 15.09.2025. That register is interagency-only and not published. Obtaining it requires a written request to O'zbekiston Mahallalari Uyushmasi. Area is from the official boundary layer, not a demographic source."
UZ-TAS-MFY-299,Yurtobod mahallasi,Yunusobod,NULL,NULL,NULL,NULL,NULL,NULL,NULL,NULL,NULL,NULL,NULL,NULL,NULL,NULL,NULL,NULL,NULL,NULL,NULL,NULL,NULL,NULL,NULL,NULL,0.1692,16.92,NULL,NO PUBLIC MAHALLA-LEVEL DEMOGRAPHIC SOURCE LOCATED,NULL,NULL,NULL,2026-09-18,"Mahalla-level demography is held in the MFY yagona reyestri (Unified Register of Mahalla Citizens' Assemblies) inside the Raqamli Mahalla system, legal basis CoM Regulation 586 of 15.09.2025. That register is interagency-only and not published. Obtaining it requires a written request to O'zbekiston Mahallalari Uyushmasi. Area is from the official boundary layer, not a demographic source."
UZ-TAS-MFY-300,Yo'layriq mahallasi,Yunusobod,NULL,NULL,NULL,NULL,NULL,NULL,NULL,NULL,NULL,NULL,NULL,NULL,NULL,NULL,NULL,NULL,NULL,NULL,NULL,NULL,NULL,NULL,NULL,NULL,0.4877,48.77,NULL,NO PUBLIC MAHALLA-LEVEL DEMOGRAPHIC SOURCE LOCATED,NULL,NULL,NULL,2026-09-18,"Mahalla-level demography is held in the MFY yagona reyestri (Unified Register of Mahalla Citizens' Assemblies) inside the Raqamli Mahalla system, legal basis CoM Regulation 586 of 15.09.2025. That register is interagency-only and not published. Obtaining it requires a written request to O'zbekiston Mahallalari Uyushmasi. Area is from the official boundary layer, not a demographic source."
UZ-TAS-MFY-301,Uchqahramon mahallasi,Yunusobod,NULL,NULL,NULL,NULL,NULL,NULL,NULL,NULL,NULL,NULL,NULL,NULL,NULL,NULL,NULL,NULL,NULL,NULL,NULL,NULL,NULL,NULL,NULL,NULL,0.3131,31.31,NULL,NO PUBLIC MAHALLA-LEVEL DEMOGRAPHIC SOURCE LOCATED,NULL,NULL,NULL,2026-09-18,"Mahalla-level demography is held in the MFY yagona reyestri (Unified Register of Mahalla Citizens' Assemblies) inside the Raqamli Mahalla system, legal basis CoM Regulation 586 of 15.09.2025. That register is interagency-only and not published. Obtaining it requires a written request to O'zbekiston Mahallalari Uyushmasi. Area is from the official boundary layer, not a demographic source."
UZ-TAS-MFY-302,Tiklanish mahallasi,Yunusobod,NULL,NULL,NULL,NULL,NULL,NULL,NULL,NULL,NULL,NULL,NULL,NULL,NULL,NULL,NULL,NULL,NULL,NULL,NULL,NULL,NULL,NULL,NULL,NULL,1.8508,185.08,NULL,NO PUBLIC MAHALLA-LEVEL DEMOGRAPHIC SOURCE LOCATED,NULL,NULL,NULL,2026-09-18,"Mahalla-level demography is held in the MFY yagona reyestri (Unified Register of Mahalla Citizens' Assemblies) inside the Raqamli Mahalla system, legal basis CoM Regulation 586 of 15.09.2025. That register is interagency-only and not published. Obtaining it requires a written request to O'zbekiston Mahallalari Uyushmasi. Area is from the official boundary layer, not a demographic source."
UZ-TAS-MFY-303,Islomobod mahallasi,Yunusobod,NULL,NULL,NULL,NULL,NULL,NULL,NULL,NULL,NULL,NULL,NULL,NULL,NULL,NULL,NULL,NULL,NULL,NULL,NULL,NULL,NULL,NULL,NULL,NULL,1.1668,116.68,NULL,NO PUBLIC MAHALLA-LEVEL DEMOGRAPHIC SOURCE LOCATED,NULL,NULL,NULL,2026-09-18,"Mahalla-level demography is held in the MFY yagona reyestri (Unified Register of Mahalla Citizens' Assemblies) inside the Raqamli Mahalla system, legal basis CoM Regulation 586 of 15.09.2025. That register is interagency-only and not published. Obtaining it requires a written request to O'zbekiston Mahallalari Uyushmasi. Area is from the official boundary layer, not a demographic source."
UZ-TAS-MFY-304,Katta Hasanboy mahallasi,Yunusobod,NULL,NULL,NULL,NULL,NULL,NULL,NULL,NULL,NULL,NULL,NULL,NULL,NULL,NULL,NULL,NULL,NULL,NULL,NULL,NULL,NULL,NULL,NULL,NULL,1.6632,166.32,NULL,NO PUBLIC MAHALLA-LEVEL DEMOGRAPHIC SOURCE LOCATED,NULL,NULL,NULL,2026-09-18,"Mahalla-level demography is held in the MFY yagona reyestri (Unified Register of Mahalla Citizens' Assemblies) inside the Raqamli Mahalla system, legal basis CoM Regulation 586 of 15.09.2025. That register is interagency-only and not published. Obtaining it requires a written request to O'zbekiston Mahallalari Uyushmasi. Area is from the official boundary layer, not a demographic source."
UZ-TAS-MFY-305,Anorzor mahallasi,Yunusobod,NULL,NULL,NULL,NULL,NULL,NULL,NULL,NULL,NULL,NULL,NULL,NULL,NULL,NULL,NULL,NULL,NULL,NULL,NULL,NULL,NULL,NULL,NULL,NULL,0.4259,42.59,NULL,NO PUBLIC MAHALLA-LEVEL DEMOGRAPHIC SOURCE LOCATED,NULL,NULL,NULL,2026-09-18,"Mahalla-level demography is held in the MFY yagona reyestri (Unified Register of Mahalla Citizens' Assemblies) inside the Raqamli Mahalla system, legal basis CoM Regulation 586 of 15.09.2025. That register is interagency-only and not published. Obtaining it requires a written request to O'zbekiston Mahallalari Uyushmasi. Area is from the official boundary layer, not a demographic source."
UZ-TAS-MFY-306,Otchopar-2 mahallasi,Yunusobod,NULL,NULL,NULL,NULL,NULL,NULL,NULL,NULL,NULL,NULL,NULL,NULL,NULL,NULL,NULL,NULL,NULL,NULL,NULL,NULL,NULL,NULL,NULL,NULL,1.6743,167.43,NULL,NO PUBLIC MAHALLA-LEVEL DEMOGRAPHIC SOURCE LOCATED,NULL,NULL,NULL,2026-09-18,"Mahalla-level demography is held in the MFY yagona reyestri (Unified Register of Mahalla Citizens' Assemblies) inside the Raqamli Mahalla system, legal basis CoM Regulation 586 of 15.09.2025. That register is interagency-only and not published. Obtaining it requires a written request to O'zbekiston Mahallalari Uyushmasi. Area is from the official boundary layer, not a demographic source."
UZ-TAS-MFY-307,Sharq haqiqati mahallasi,Yunusobod,NULL,NULL,NULL,NULL,NULL,NULL,NULL,NULL,NULL,NULL,NULL,NULL,NULL,NULL,NULL,NULL,NULL,NULL,NULL,NULL,NULL,NULL,NULL,NULL,1.3102,131.02,NULL,NO PUBLIC MAHALLA-LEVEL DEMOGRAPHIC SOURCE LOCATED,NULL,NULL,NULL,2026-09-18,"Mahalla-level demography is held in the MFY yagona reyestri (Unified Register of Mahalla Citizens' Assemblies) inside the Raqamli Mahalla system, legal basis CoM Regulation 586 of 15.09.2025. That register is interagency-only and not published. Obtaining it requires a written request to O'zbekiston Mahallalari Uyushmasi. Area is from the official boundary layer, not a demographic source."
UZ-TAS-MFY-308,Posira mahallasi,Yunusobod,NULL,NULL,NULL,NULL,NULL,NULL,NULL,NULL,NULL,NULL,NULL,NULL,NULL,NULL,NULL,NULL,NULL,NULL,NULL,NULL,NULL,NULL,NULL,NULL,0.7273,72.73,NULL,NO PUBLIC MAHALLA-LEVEL DEMOGRAPHIC SOURCE LOCATED,NULL,NULL,NULL,2026-09-18,"Mahalla-level demography is held in the MFY yagona reyestri (Unified Register of Mahalla Citizens' Assemblies) inside the Raqamli Mahalla system, legal basis CoM Regulation 586 of 15.09.2025. That register is interagency-only and not published. Obtaining it requires a written request to O'zbekiston Mahallalari Uyushmasi. Area is from the official boundary layer, not a demographic source."
UZ-TAS-MFY-309,Otchopar-1 mahallasi,Yunusobod,NULL,NULL,NULL,NULL,NULL,NULL,NULL,NULL,NULL,NULL,NULL,NULL,NULL,NULL,NULL,NULL,NULL,NULL,NULL,NULL,NULL,NULL,NULL,NULL,0.891,89.1,NULL,NO PUBLIC MAHALLA-LEVEL DEMOGRAPHIC SOURCE LOCATED,NULL,NULL,NULL,2026-09-18,"Mahalla-level demography is held in the MFY yagona reyestri (Unified Register of Mahalla Citizens' Assemblies) inside the Raqamli Mahalla system, legal basis CoM Regulation 586 of 15.09.2025. That register is interagency-only and not published. Obtaining it requires a written request to O'zbekiston Mahallalari Uyushmasi. Area is from the official boundary layer, not a demographic source."
UZ-TAS-MFY-310,Iftixor mahallasi,Yunusobod,NULL,NULL,NULL,NULL,NULL,NULL,NULL,NULL,NULL,NULL,NULL,NULL,NULL,NULL,NULL,NULL,NULL,NULL,NULL,NULL,NULL,NULL,NULL,NULL,0.4134,41.34,NULL,NO PUBLIC MAHALLA-LEVEL DEMOGRAPHIC SOURCE LOCATED,NULL,NULL,NULL,2026-09-18,"Mahalla-level demography is held in the MFY yagona reyestri (Unified Register of Mahalla Citizens' Assemblies) inside the Raqamli Mahalla system, legal basis CoM Regulation 586 of 15.09.2025. That register is interagency-only and not published. Obtaining it requires a written request to O'zbekiston Mahallalari Uyushmasi. Area is from the official boundary layer, not a demographic source."
UZ-TAS-MFY-311,Yangitarnov mahallasi,Yunusobod,NULL,NULL,NULL,NULL,NULL,NULL,NULL,NULL,NULL,NULL,NULL,NULL,NULL,NULL,NULL,NULL,NULL,NULL,NULL,NULL,NULL,NULL,NULL,NULL,0.571,57.1,NULL,NO PUBLIC MAHALLA-LEVEL DEMOGRAPHIC SOURCE LOCATED,NULL,NULL,NULL,2026-09-18,"Mahalla-level demography is held in the MFY yagona reyestri (Unified Register of Mahalla Citizens' Assemblies) inside the Raqamli Mahalla system, legal basis CoM Regulation 586 of 15.09.2025. That register is interagency-only and not published. Obtaining it requires a written request to O'zbekiston Mahallalari Uyushmasi. Area is from the official boundary layer, not a demographic source."
UZ-TAS-MFY-312,Bog'ibo'ston mahallasi,Yunusobod,NULL,NULL,NULL,NULL,NULL,NULL,NULL,NULL,NULL,NULL,NULL,NULL,NULL,NULL,NULL,NULL,NULL,NULL,NULL,NULL,NULL,NULL,NULL,NULL,1.5119,151.19,NULL,NO PUBLIC MAHALLA-LEVEL DEMOGRAPHIC SOURCE LOCATED,NULL,NULL,NULL,2026-09-18,"Mahalla-level demography is held in the MFY yagona reyestri (Unified Register of Mahalla Citizens' Assemblies) inside the Raqamli Mahalla system, legal basis CoM Regulation 586 of 15.09.2025. That register is interagency-only and not published. Obtaining it requires a written request to O'zbekiston Mahallalari Uyushmasi. Area is from the official boundary layer, not a demographic source."
UZ-TAS-MFY-313,Bodomzor mahallasi,Yunusobod,NULL,NULL,NULL,NULL,NULL,NULL,NULL,NULL,NULL,NULL,NULL,NULL,NULL,NULL,NULL,NULL,NULL,NULL,NULL,NULL,NULL,NULL,NULL,NULL,0.278,27.8,NULL,NO PUBLIC MAHALLA-LEVEL DEMOGRAPHIC SOURCE LOCATED,NULL,NULL,NULL,2026-09-18,"Mahalla-level demography is held in the MFY yagona reyestri (Unified Register of Mahalla Citizens' Assemblies) inside the Raqamli Mahalla system, legal basis CoM Regulation 586 of 15.09.2025. That register is interagency-only and not published. Obtaining it requires a written request to O'zbekiston Mahallalari Uyushmasi. Area is from the official boundary layer, not a demographic source."
UZ-TAS-MFY-314,Bo'zsuv mahallasi,Yunusobod,NULL,NULL,NULL,NULL,NULL,NULL,NULL,NULL,NULL,NULL,NULL,NULL,NULL,NULL,NULL,NULL,NULL,NULL,NULL,NULL,NULL,NULL,NULL,NULL,0.4853,48.53,NULL,NO PUBLIC MAHALLA-LEVEL DEMOGRAPHIC SOURCE LOCATED,NULL,NULL,NULL,2026-09-18,"Mahalla-level demography is held in the MFY yagona reyestri (Unified Register of Mahalla Citizens' Assemblies) inside the Raqamli Mahalla system, legal basis CoM Regulation 586 of 15.09.2025. That register is interagency-only and not published. Obtaining it requires a written request to O'zbekiston Mahallalari Uyushmasi. Area is from the official boundary layer, not a demographic source."
UZ-TAS-MFY-315,Firdavsiy mahallasi,Yunusobod,NULL,NULL,NULL,NULL,NULL,NULL,NULL,NULL,NULL,NULL,NULL,NULL,NULL,NULL,NULL,NULL,NULL,NULL,NULL,NULL,NULL,NULL,NULL,NULL,0.5108,51.08,NULL,NO PUBLIC MAHALLA-LEVEL DEMOGRAPHIC SOURCE LOCATED,NULL,NULL,NULL,2026-09-18,"Mahalla-level demography is held in the MFY yagona reyestri (Unified Register of Mahalla Citizens' Assemblies) inside the Raqamli Mahalla system, legal basis CoM Regulation 586 of 15.09.2025. That register is interagency-only and not published. Obtaining it requires a written request to O'zbekiston Mahallalari Uyushmasi. Area is from the official boundary layer, not a demographic source."
UZ-TAS-MFY-316,Mirzo Ulug'bek mahallasi,Yunusobod,NULL,NULL,NULL,NULL,NULL,NULL,NULL,NULL,NULL,NULL,NULL,NULL,NULL,NULL,NULL,NULL,NULL,NULL,NULL,NULL,NULL,NULL,NULL,NULL,0.8671,86.71,NULL,NO PUBLIC MAHALLA-LEVEL DEMOGRAPHIC SOURCE LOCATED,NULL,NULL,NULL,2026-09-18,"Mahalla-level demography is held in the MFY yagona reyestri (Unified Register of Mahalla Citizens' Assemblies) inside the Raqamli Mahalla system, legal basis CoM Regulation 586 of 15.09.2025. That register is interagency-only and not published. Obtaining it requires a written request to O'zbekiston Mahallalari Uyushmasi. Area is from the official boundary layer, not a demographic source."
UZ-TAS-MFY-317,Qashqar mahallasi,Yunusobod,NULL,NULL,NULL,NULL,NULL,NULL,NULL,NULL,NULL,NULL,NULL,NULL,NULL,NULL,NULL,NULL,NULL,NULL,NULL,NULL,NULL,NULL,NULL,NULL,1.7272,172.72,NULL,NO PUBLIC MAHALLA-LEVEL DEMOGRAPHIC SOURCE LOCATED,NULL,NULL,NULL,2026-09-18,"Mahalla-level demography is held in the MFY yagona reyestri (Unified Register of Mahalla Citizens' Assemblies) inside the Raqamli Mahalla system, legal basis CoM Regulation 586 of 15.09.2025. That register is interagency-only and not published. Obtaining it requires a written request to O'zbekiston Mahallalari Uyushmasi. Area is from the official boundary layer, not a demographic source."
UZ-TAS-MFY-29515557,Barhayot mahallasi,Yunusobod,NULL,NULL,NULL,NULL,NULL,NULL,NULL,NULL,NULL,NULL,NULL,NULL,NULL,NULL,NULL,NULL,NULL,NULL,NULL,NULL,NULL,NULL,NULL,NULL,0.2689,26.89,NULL,NO PUBLIC MAHALLA-LEVEL DEMOGRAPHIC SOURCE LOCATED,NULL,NULL,NULL,2026-09-18,"Mahalla-level demography is held in the MFY yagona reyestri (Unified Register of Mahalla Citizens' Assemblies) inside the Raqamli Mahalla system, legal basis CoM Regulation 586 of 15.09.2025. That register is interagency-only and not published. Obtaining it requires a written request to O'zbekiston Mahallalari Uyushmasi. Area is from the official boundary layer, not a demographic source."
UZ-TAS-MFY-1,Shon-shuhrat mahallasi,Olmazor,NULL,NULL,NULL,NULL,NULL,NULL,NULL,NULL,NULL,NULL,NULL,NULL,NULL,NULL,NULL,NULL,NULL,NULL,NULL,NULL,NULL,NULL,NULL,NULL,0.163,16.3,NULL,NO PUBLIC MAHALLA-LEVEL DEMOGRAPHIC SOURCE LOCATED,NULL,NULL,NULL,2026-09-18,"Mahalla-level demography is held in the MFY yagona reyestri (Unified Register of Mahalla Citizens' Assemblies) inside the Raqamli Mahalla system, legal basis CoM Regulation 586 of 15.09.2025. That register is interagency-only and not published. Obtaining it requires a written request to O'zbekiston Mahallalari Uyushmasi. Area is from the official boundary layer, not a demographic source."
UZ-TAS-MFY-2,Tabassum mahallasi,Olmazor,NULL,NULL,NULL,NULL,NULL,NULL,NULL,NULL,NULL,NULL,NULL,NULL,NULL,NULL,NULL,NULL,NULL,NULL,NULL,NULL,NULL,NULL,NULL,NULL,0.2013,20.13,NULL,NO PUBLIC MAHALLA-LEVEL DEMOGRAPHIC SOURCE LOCATED,NULL,NULL,NULL,2026-09-18,"Mahalla-level demography is held in the MFY yagona reyestri (Unified Register of Mahalla Citizens' Assemblies) inside the Raqamli Mahalla system, legal basis CoM Regulation 586 of 15.09.2025. That register is interagency-only and not published. Obtaining it requires a written request to O'zbekiston Mahallalari Uyushmasi. Area is from the official boundary layer, not a demographic source."
UZ-TAS-MFY-3,Namuna mahallasi,Olmazor,NULL,NULL,NULL,NULL,NULL,NULL,NULL,NULL,NULL,NULL,NULL,NULL,NULL,NULL,NULL,NULL,NULL,NULL,NULL,NULL,NULL,NULL,NULL,NULL,0.2396,23.96,NULL,NO PUBLIC MAHALLA-LEVEL DEMOGRAPHIC SOURCE LOCATED,NULL,NULL,NULL,2026-09-18,"Mahalla-level demography is held in the MFY yagona reyestri (Unified Register of Mahalla Citizens' Assemblies) inside the Raqamli Mahalla system, legal basis CoM Regulation 586 of 15.09.2025. That register is interagency-only and not published. Obtaining it requires a written request to O'zbekiston Mahallalari Uyushmasi. Area is from the official boundary layer, not a demographic source."
UZ-TAS-MFY-4,Tepaguzar mahallasi,Olmazor,NULL,NULL,NULL,NULL,NULL,NULL,NULL,NULL,NULL,NULL,NULL,NULL,NULL,NULL,NULL,NULL,NULL,NULL,NULL,NULL,NULL,NULL,NULL,NULL,0.2555,25.55,NULL,NO PUBLIC MAHALLA-LEVEL DEMOGRAPHIC SOURCE LOCATED,NULL,NULL,NULL,2026-09-18,"Mahalla-level demography is held in the MFY yagona reyestri (Unified Register of Mahalla Citizens' Assemblies) inside the Raqamli Mahalla system, legal basis CoM Regulation 586 of 15.09.2025. That register is interagency-only and not published. Obtaining it requires a written request to O'zbekiston Mahallalari Uyushmasi. Area is from the official boundary layer, not a demographic source."
UZ-TAS-MFY-5,Achaobod mahallasi,Olmazor,NULL,NULL,NULL,NULL,NULL,NULL,NULL,NULL,NULL,NULL,NULL,NULL,NULL,NULL,NULL,NULL,NULL,NULL,NULL,NULL,NULL,NULL,NULL,NULL,0.4267,42.67,NULL,NO PUBLIC MAHALLA-LEVEL DEMOGRAPHIC SOURCE LOCATED,NULL,NULL,NULL,2026-09-18,"Mahalla-level demography is held in the MFY yagona reyestri (Unified Register of Mahalla Citizens' Assemblies) inside the Raqamli Mahalla system, legal basis CoM Regulation 586 of 15.09.2025. That register is interagency-only and not published. Obtaining it requires a written request to O'zbekiston Mahallalari Uyushmasi. Area is from the official boundary layer, not a demographic source."
UZ-TAS-MFY-6,Eskishahar mahallasi,Olmazor,NULL,NULL,NULL,NULL,NULL,NULL,NULL,NULL,NULL,NULL,NULL,NULL,NULL,NULL,NULL,NULL,NULL,NULL,NULL,NULL,NULL,NULL,NULL,NULL,0.3781,37.81,NULL,NO PUBLIC MAHALLA-LEVEL DEMOGRAPHIC SOURCE LOCATED,NULL,NULL,NULL,2026-09-18,"Mahalla-level demography is held in the MFY yagona reyestri (Unified Register of Mahalla Citizens' Assemblies) inside the Raqamli Mahalla system, legal basis CoM Regulation 586 of 15.09.2025. That register is interagency-only and not published. Obtaining it requires a written request to O'zbekiston Mahallalari Uyushmasi. Area is from the official boundary layer, not a demographic source."
UZ-TAS-MFY-7,Chustiy mahallasi,Olmazor,NULL,NULL,NULL,NULL,NULL,NULL,NULL,NULL,NULL,NULL,NULL,NULL,NULL,NULL,NULL,NULL,NULL,NULL,NULL,NULL,NULL,NULL,NULL,NULL,0.2299,22.99,NULL,NO PUBLIC MAHALLA-LEVEL DEMOGRAPHIC SOURCE LOCATED,NULL,NULL,NULL,2026-09-18,"Mahalla-level demography is held in the MFY yagona reyestri (Unified Register of Mahalla Citizens' Assemblies) inside the Raqamli Mahalla system, legal basis CoM Regulation 586 of 15.09.2025. That register is interagency-only and not published. Obtaining it requires a written request to O'zbekiston Mahallalari Uyushmasi. Area is from the official boundary layer, not a demographic source."
UZ-TAS-MFY-9,Allon mahallasi,Olmazor,NULL,NULL,NULL,NULL,NULL,NULL,NULL,NULL,NULL,NULL,NULL,NULL,NULL,NULL,NULL,NULL,NULL,NULL,NULL,NULL,NULL,NULL,NULL,NULL,0.4428,44.28,NULL,NO PUBLIC MAHALLA-LEVEL DEMOGRAPHIC SOURCE LOCATED,NULL,NULL,NULL,2026-09-18,"Mahalla-level demography is held in the MFY yagona reyestri (Unified Register of Mahalla Citizens' Assemblies) inside the Raqamli Mahalla system, legal basis CoM Regulation 586 of 15.09.2025. That register is interagency-only and not published. Obtaining it requires a written request to O'zbekiston Mahallalari Uyushmasi. Area is from the official boundary layer, not a demographic source."
UZ-TAS-MFY-10,Elparvar mahallasi,Olmazor,NULL,NULL,NULL,NULL,NULL,NULL,NULL,NULL,NULL,NULL,NULL,NULL,NULL,NULL,NULL,NULL,NULL,NULL,NULL,NULL,NULL,NULL,NULL,NULL,0.6461,64.61,NULL,NO PUBLIC MAHALLA-LEVEL DEMOGRAPHIC SOURCE LOCATED,NULL,NULL,NULL,2026-09-18,"Mahalla-level demography is held in the MFY yagona reyestri (Unified Register of Mahalla Citizens' Assemblies) inside the Raqamli Mahalla system, legal basis CoM Regulation 586 of 15.09.2025. That register is interagency-only and not published. Obtaining it requires a written request to O'zbekiston Mahallalari Uyushmasi. Area is from the official boundary layer, not a demographic source."
UZ-TAS-MFY-11,Qichqiriq mahallasi,Olmazor,NULL,NULL,NULL,NULL,NULL,NULL,NULL,NULL,NULL,NULL,NULL,NULL,NULL,NULL,NULL,NULL,NULL,NULL,NULL,NULL,NULL,NULL,NULL,NULL,0.2406,24.06,NULL,NO PUBLIC MAHALLA-LEVEL DEMOGRAPHIC SOURCE LOCATED,NULL,NULL,NULL,2026-09-18,"Mahalla-level demography is held in the MFY yagona reyestri (Unified Register of Mahalla Citizens' Assemblies) inside the Raqamli Mahalla system, legal basis CoM Regulation 586 of 15.09.2025. That register is interagency-only and not published. Obtaining it requires a written request to O'zbekiston Mahallalari Uyushmasi. Area is from the official boundary layer, not a demographic source."
UZ-TAS-MFY-12,Gulzor mahallasi,Olmazor,NULL,NULL,NULL,NULL,NULL,NULL,NULL,NULL,NULL,NULL,NULL,NULL,NULL,NULL,NULL,NULL,NULL,NULL,NULL,NULL,NULL,NULL,NULL,NULL,1.2894,128.94,NULL,NO PUBLIC MAHALLA-LEVEL DEMOGRAPHIC SOURCE LOCATED,NULL,NULL,NULL,2026-09-18,"Mahalla-level demography is held in the MFY yagona reyestri (Unified Register of Mahalla Citizens' Assemblies) inside the Raqamli Mahalla system, legal basis CoM Regulation 586 of 15.09.2025. That register is interagency-only and not published. Obtaining it requires a written request to O'zbekiston Mahallalari Uyushmasi. Area is from the official boundary layer, not a demographic source."
UZ-TAS-MFY-13,Shifokorlar mahallasi,Olmazor,NULL,NULL,NULL,NULL,NULL,NULL,NULL,NULL,NULL,NULL,NULL,NULL,NULL,NULL,NULL,NULL,NULL,NULL,NULL,NULL,NULL,NULL,NULL,NULL,1.4307,143.07,NULL,NO PUBLIC MAHALLA-LEVEL DEMOGRAPHIC SOURCE LOCATED,NULL,NULL,NULL,2026-09-18,"Mahalla-level demography is held in the MFY yagona reyestri (Unified Register of Mahalla Citizens' Assemblies) inside the Raqamli Mahalla system, legal basis CoM Regulation 586 of 15.09.2025. That register is interagency-only and not published. Obtaining it requires a written request to O'zbekiston Mahallalari Uyushmasi. Area is from the official boundary layer, not a demographic source."
UZ-TAS-MFY-14,Chig'atoy-Oqtepa mahallasi,Olmazor,NULL,NULL,NULL,NULL,NULL,NULL,NULL,NULL,NULL,NULL,NULL,NULL,NULL,NULL,NULL,NULL,NULL,NULL,NULL,NULL,NULL,NULL,NULL,NULL,0.7483,74.83,NULL,NO PUBLIC MAHALLA-LEVEL DEMOGRAPHIC SOURCE LOCATED,NULL,NULL,NULL,2026-09-18,"Mahalla-level demography is held in the MFY yagona reyestri (Unified Register of Mahalla Citizens' Assemblies) inside the Raqamli Mahalla system, legal basis CoM Regulation 586 of 15.09.2025. That register is interagency-only and not published. Obtaining it requires a written request to O'zbekiston Mahallalari Uyushmasi. Area is from the official boundary layer, not a demographic source."
UZ-TAS-MFY-15,Beruniy mahallasi,Olmazor,NULL,NULL,NULL,NULL,NULL,NULL,NULL,NULL,NULL,NULL,NULL,NULL,NULL,NULL,NULL,NULL,NULL,NULL,NULL,NULL,NULL,NULL,NULL,NULL,0.4764,47.64,NULL,NO PUBLIC MAHALLA-LEVEL DEMOGRAPHIC SOURCE LOCATED,NULL,NULL,NULL,2026-09-18,"Mahalla-level demography is held in the MFY yagona reyestri (Unified Register of Mahalla Citizens' Assemblies) inside the Raqamli Mahalla system, legal basis CoM Regulation 586 of 15.09.2025. That register is interagency-only and not published. Obtaining it requires a written request to O'zbekiston Mahallalari Uyushmasi. Area is from the official boundary layer, not a demographic source."
UZ-TAS-MFY-16,Miskin mahallasi,Olmazor,NULL,NULL,NULL,NULL,NULL,NULL,NULL,NULL,NULL,NULL,NULL,NULL,NULL,NULL,NULL,NULL,NULL,NULL,NULL,NULL,NULL,NULL,NULL,NULL,3.0871,308.71,NULL,NO PUBLIC MAHALLA-LEVEL DEMOGRAPHIC SOURCE LOCATED,NULL,NULL,NULL,2026-09-18,"Mahalla-level demography is held in the MFY yagona reyestri (Unified Register of Mahalla Citizens' Assemblies) inside the Raqamli Mahalla system, legal basis CoM Regulation 586 of 15.09.2025. That register is interagency-only and not published. Obtaining it requires a written request to O'zbekiston Mahallalari Uyushmasi. Area is from the official boundary layer, not a demographic source."
UZ-TAS-MFY-17,Olimpiya mahallasi,Olmazor,NULL,NULL,NULL,NULL,NULL,NULL,NULL,NULL,NULL,NULL,NULL,NULL,NULL,NULL,NULL,NULL,NULL,NULL,NULL,NULL,NULL,NULL,NULL,NULL,0.8462,84.62,NULL,NO PUBLIC MAHALLA-LEVEL DEMOGRAPHIC SOURCE LOCATED,NULL,NULL,NULL,2026-09-18,"Mahalla-level demography is held in the MFY yagona reyestri (Unified Register of Mahalla Citizens' Assemblies) inside the Raqamli Mahalla system, legal basis CoM Regulation 586 of 15.09.2025. That register is interagency-only and not published. Obtaining it requires a written request to O'zbekiston Mahallalari Uyushmasi. Area is from the official boundary layer, not a demographic source."
UZ-TAS-MFY-18,Yuqori Beshqo'rg'on mahallasi,Olmazor,NULL,NULL,NULL,NULL,NULL,NULL,NULL,NULL,NULL,NULL,NULL,NULL,NULL,NULL,NULL,NULL,NULL,NULL,NULL,NULL,NULL,NULL,NULL,NULL,0.788,78.8,NULL,NO PUBLIC MAHALLA-LEVEL DEMOGRAPHIC SOURCE LOCATED,NULL,NULL,NULL,2026-09-18,"Mahalla-level demography is held in the MFY yagona reyestri (Unified Register of Mahalla Citizens' Assemblies) inside the Raqamli Mahalla system, legal basis CoM Regulation 586 of 15.09.2025. That register is interagency-only and not published. Obtaining it requires a written request to O'zbekiston Mahallalari Uyushmasi. Area is from the official boundary layer, not a demographic source."
UZ-TAS-MFY-19,Sebzor mahallasi,Olmazor,NULL,NULL,NULL,NULL,NULL,NULL,NULL,NULL,NULL,NULL,NULL,NULL,NULL,NULL,NULL,NULL,NULL,NULL,NULL,NULL,NULL,NULL,NULL,NULL,0.2065,20.65,NULL,NO PUBLIC MAHALLA-LEVEL DEMOGRAPHIC SOURCE LOCATED,NULL,NULL,NULL,2026-09-18,"Mahalla-level demography is held in the MFY yagona reyestri (Unified Register of Mahalla Citizens' Assemblies) inside the Raqamli Mahalla system, legal basis CoM Regulation 586 of 15.09.2025. That register is interagency-only and not published. Obtaining it requires a written request to O'zbekiston Mahallalari Uyushmasi. Area is from the official boundary layer, not a demographic source."
UZ-TAS-MFY-20,Yuqori Sebzor mahallasi,Olmazor,NULL,NULL,NULL,NULL,NULL,NULL,NULL,NULL,NULL,NULL,NULL,NULL,NULL,NULL,NULL,NULL,NULL,NULL,NULL,NULL,NULL,NULL,NULL,NULL,0.2353,23.53,NULL,NO PUBLIC MAHALLA-LEVEL DEMOGRAPHIC SOURCE LOCATED,NULL,NULL,NULL,2026-09-18,"Mahalla-level demography is held in the MFY yagona reyestri (Unified Register of Mahalla Citizens' Assemblies) inside the Raqamli Mahalla system, legal basis CoM Regulation 586 of 15.09.2025. That register is interagency-only and not published. Obtaining it requires a written request to O'zbekiston Mahallalari Uyushmasi. Area is from the official boundary layer, not a demographic source."
UZ-TAS-MFY-21,Yangi Sebzor mahallasi,Olmazor,NULL,NULL,NULL,NULL,NULL,NULL,NULL,NULL,NULL,NULL,NULL,NULL,NULL,NULL,NULL,NULL,NULL,NULL,NULL,NULL,NULL,NULL,NULL,NULL,0.2061,20.61,NULL,NO PUBLIC MAHALLA-LEVEL DEMOGRAPHIC SOURCE LOCATED,NULL,NULL,NULL,2026-09-18,"Mahalla-level demography is held in the MFY yagona reyestri (Unified Register of Mahalla Citizens' Assemblies) inside the Raqamli Mahalla system, legal basis CoM Regulation 586 of 15.09.2025. That register is interagency-only and not published. Obtaining it requires a written request to O'zbekiston Mahallalari Uyushmasi. Area is from the official boundary layer, not a demographic source."
UZ-TAS-MFY-22,Zarhal mahallasi,Olmazor,NULL,NULL,NULL,NULL,NULL,NULL,NULL,NULL,NULL,NULL,NULL,NULL,NULL,NULL,NULL,NULL,NULL,NULL,NULL,NULL,NULL,NULL,NULL,NULL,0.1824,18.24,NULL,NO PUBLIC MAHALLA-LEVEL DEMOGRAPHIC SOURCE LOCATED,NULL,NULL,NULL,2026-09-18,"Mahalla-level demography is held in the MFY yagona reyestri (Unified Register of Mahalla Citizens' Assemblies) inside the Raqamli Mahalla system, legal basis CoM Regulation 586 of 15.09.2025. That register is interagency-only and not published. Obtaining it requires a written request to O'zbekiston Mahallalari Uyushmasi. Area is from the official boundary layer, not a demographic source."
UZ-TAS-MFY-23,Jiydali mahallasi,Olmazor,NULL,NULL,NULL,NULL,NULL,NULL,NULL,NULL,NULL,NULL,NULL,NULL,NULL,NULL,NULL,NULL,NULL,NULL,NULL,NULL,NULL,NULL,NULL,NULL,0.4134,41.34,NULL,NO PUBLIC MAHALLA-LEVEL DEMOGRAPHIC SOURCE LOCATED,NULL,NULL,NULL,2026-09-18,"Mahalla-level demography is held in the MFY yagona reyestri (Unified Register of Mahalla Citizens' Assemblies) inside the Raqamli Mahalla system, legal basis CoM Regulation 586 of 15.09.2025. That register is interagency-only and not published. Obtaining it requires a written request to O'zbekiston Mahallalari Uyushmasi. Area is from the official boundary layer, not a demographic source."
UZ-TAS-MFY-24,Chig'atoy Darvoza mahallasi,Olmazor,NULL,NULL,NULL,NULL,NULL,NULL,NULL,NULL,NULL,NULL,NULL,NULL,NULL,NULL,NULL,NULL,NULL,NULL,NULL,NULL,NULL,NULL,NULL,NULL,0.3452,34.52,NULL,NO PUBLIC MAHALLA-LEVEL DEMOGRAPHIC SOURCE LOCATED,NULL,NULL,NULL,2026-09-18,"Mahalla-level demography is held in the MFY yagona reyestri (Unified Register of Mahalla Citizens' Assemblies) inside the Raqamli Mahalla system, legal basis CoM Regulation 586 of 15.09.2025. That register is interagency-only and not published. Obtaining it requires a written request to O'zbekiston Mahallalari Uyushmasi. Area is from the official boundary layer, not a demographic source."
UZ-TAS-MFY-25,Istiqbol mahallasi,Olmazor,NULL,NULL,NULL,NULL,NULL,NULL,NULL,NULL,NULL,NULL,NULL,NULL,NULL,NULL,NULL,NULL,NULL,NULL,NULL,NULL,NULL,NULL,NULL,NULL,0.2691,26.91,NULL,NO PUBLIC MAHALLA-LEVEL DEMOGRAPHIC SOURCE LOCATED,NULL,NULL,NULL,2026-09-18,"Mahalla-level demography is held in the MFY yagona reyestri (Unified Register of Mahalla Citizens' Assemblies) inside the Raqamli Mahalla system, legal basis CoM Regulation 586 of 15.09.2025. That register is interagency-only and not published. Obtaining it requires a written request to O'zbekiston Mahallalari Uyushmasi. Area is from the official boundary layer, not a demographic source."
UZ-TAS-MFY-26,Guzarboshi mahallasi,Olmazor,NULL,NULL,NULL,NULL,NULL,NULL,NULL,NULL,NULL,NULL,NULL,NULL,NULL,NULL,NULL,NULL,NULL,NULL,NULL,NULL,NULL,NULL,NULL,NULL,0.2509,25.09,NULL,NO PUBLIC MAHALLA-LEVEL DEMOGRAPHIC SOURCE LOCATED,NULL,NULL,NULL,2026-09-18,"Mahalla-level demography is held in the MFY yagona reyestri (Unified Register of Mahalla Citizens' Assemblies) inside the Raqamli Mahalla system, legal basis CoM Regulation 586 of 15.09.2025. That register is interagency-only and not published. Obtaining it requires a written request to O'zbekiston Mahallalari Uyushmasi. Area is from the official boundary layer, not a demographic source."
UZ-TAS-MFY-28,Ahil mahallasi,Olmazor,NULL,NULL,NULL,NULL,NULL,NULL,NULL,NULL,NULL,NULL,NULL,NULL,NULL,NULL,NULL,NULL,NULL,NULL,NULL,NULL,NULL,NULL,NULL,NULL,1.9992,199.92,NULL,NO PUBLIC MAHALLA-LEVEL DEMOGRAPHIC SOURCE LOCATED,NULL,NULL,NULL,2026-09-18,"Mahalla-level demography is held in the MFY yagona reyestri (Unified Register of Mahalla Citizens' Assemblies) inside the Raqamli Mahalla system, legal basis CoM Regulation 586 of 15.09.2025. That register is interagency-only and not published. Obtaining it requires a written request to O'zbekiston Mahallalari Uyushmasi. Area is from the official boundary layer, not a demographic source."
UZ-TAS-MFY-29,Quyosh mahallasi,Olmazor,NULL,NULL,NULL,NULL,NULL,NULL,NULL,NULL,NULL,NULL,NULL,NULL,NULL,NULL,NULL,NULL,NULL,NULL,NULL,NULL,NULL,NULL,NULL,NULL,0.4963,49.63,NULL,NO PUBLIC MAHALLA-LEVEL DEMOGRAPHIC SOURCE LOCATED,NULL,NULL,NULL,2026-09-18,"Mahalla-level demography is held in the MFY yagona reyestri (Unified Register of Mahalla Citizens' Assemblies) inside the Raqamli Mahalla system, legal basis CoM Regulation 586 of 15.09.2025. That register is interagency-only and not published. Obtaining it requires a written request to O'zbekiston Mahallalari Uyushmasi. Area is from the official boundary layer, not a demographic source."
UZ-TAS-MFY-30,Chimboy mahallasi,Olmazor,NULL,NULL,NULL,NULL,NULL,NULL,NULL,NULL,NULL,NULL,NULL,NULL,NULL,NULL,NULL,NULL,NULL,NULL,NULL,NULL,NULL,NULL,NULL,NULL,0.5409,54.09,NULL,NO PUBLIC MAHALLA-LEVEL DEMOGRAPHIC SOURCE LOCATED,NULL,NULL,NULL,2026-09-18,"Mahalla-level demography is held in the MFY yagona reyestri (Unified Register of Mahalla Citizens' Assemblies) inside the Raqamli Mahalla system, legal basis CoM Regulation 586 of 15.09.2025. That register is interagency-only and not published. Obtaining it requires a written request to O'zbekiston Mahallalari Uyushmasi. Area is from the official boundary layer, not a demographic source."
UZ-TAS-MFY-31,Mustaqil yurt mahallasi,Olmazor,NULL,NULL,NULL,NULL,NULL,NULL,NULL,NULL,NULL,NULL,NULL,NULL,NULL,NULL,NULL,NULL,NULL,NULL,NULL,NULL,NULL,NULL,NULL,NULL,0.2085,20.85,NULL,NO PUBLIC MAHALLA-LEVEL DEMOGRAPHIC SOURCE LOCATED,NULL,NULL,NULL,2026-09-18,"Mahalla-level demography is held in the MFY yagona reyestri (Unified Register of Mahalla Citizens' Assemblies) inside the Raqamli Mahalla system, legal basis CoM Regulation 586 of 15.09.2025. That register is interagency-only and not published. Obtaining it requires a written request to O'zbekiston Mahallalari Uyushmasi. Area is from the official boundary layer, not a demographic source."
UZ-TAS-MFY-32,Moyariq mahallasi,Olmazor,NULL,NULL,NULL,NULL,NULL,NULL,NULL,NULL,NULL,NULL,NULL,NULL,NULL,NULL,NULL,NULL,NULL,NULL,NULL,NULL,NULL,NULL,NULL,NULL,1.0533,105.33,NULL,NO PUBLIC MAHALLA-LEVEL DEMOGRAPHIC SOURCE LOCATED,NULL,NULL,NULL,2026-09-18,"Mahalla-level demography is held in the MFY yagona reyestri (Unified Register of Mahalla Citizens' Assemblies) inside the Raqamli Mahalla system, legal basis CoM Regulation 586 of 15.09.2025. That register is interagency-only and not published. Obtaining it requires a written request to O'zbekiston Mahallalari Uyushmasi. Area is from the official boundary layer, not a demographic source."
UZ-TAS-MFY-33,Qo'shtut mahallasi,Olmazor,NULL,NULL,NULL,NULL,NULL,NULL,NULL,NULL,NULL,NULL,NULL,NULL,NULL,NULL,NULL,NULL,NULL,NULL,NULL,NULL,NULL,NULL,NULL,NULL,0.1902,19.02,NULL,NO PUBLIC MAHALLA-LEVEL DEMOGRAPHIC SOURCE LOCATED,NULL,NULL,NULL,2026-09-18,"Mahalla-level demography is held in the MFY yagona reyestri (Unified Register of Mahalla Citizens' Assemblies) inside the Raqamli Mahalla system, legal basis CoM Regulation 586 of 15.09.2025. That register is interagency-only and not published. Obtaining it requires a written request to O'zbekiston Mahallalari Uyushmasi. Area is from the official boundary layer, not a demographic source."
UZ-TAS-MFY-34,Hazrati Imom mahallasi,Olmazor,NULL,NULL,NULL,NULL,NULL,NULL,NULL,NULL,NULL,NULL,NULL,NULL,NULL,NULL,NULL,NULL,NULL,NULL,NULL,NULL,NULL,NULL,NULL,NULL,0.2411,24.11,NULL,NO PUBLIC MAHALLA-LEVEL DEMOGRAPHIC SOURCE LOCATED,NULL,NULL,NULL,2026-09-18,"Mahalla-level demography is held in the MFY yagona reyestri (Unified Register of Mahalla Citizens' Assemblies) inside the Raqamli Mahalla system, legal basis CoM Regulation 586 of 15.09.2025. That register is interagency-only and not published. Obtaining it requires a written request to O'zbekiston Mahallalari Uyushmasi. Area is from the official boundary layer, not a demographic source."
UZ-TAS-MFY-35,Orzu mahallasi,Olmazor,NULL,NULL,NULL,NULL,NULL,NULL,NULL,NULL,NULL,NULL,NULL,NULL,NULL,NULL,NULL,NULL,NULL,NULL,NULL,NULL,NULL,NULL,NULL,NULL,0.2227,22.27,NULL,NO PUBLIC MAHALLA-LEVEL DEMOGRAPHIC SOURCE LOCATED,NULL,NULL,NULL,2026-09-18,"Mahalla-level demography is held in the MFY yagona reyestri (Unified Register of Mahalla Citizens' Assemblies) inside the Raqamli Mahalla system, legal basis CoM Regulation 586 of 15.09.2025. That register is interagency-only and not published. Obtaining it requires a written request to O'zbekiston Mahallalari Uyushmasi. Area is from the official boundary layer, not a demographic source."
UZ-TAS-MFY-36,Ziyokor mahallasi,Olmazor,NULL,NULL,NULL,NULL,NULL,NULL,NULL,NULL,NULL,NULL,NULL,NULL,NULL,NULL,NULL,NULL,NULL,NULL,NULL,NULL,NULL,NULL,NULL,NULL,0.6741,67.41,NULL,NO PUBLIC MAHALLA-LEVEL DEMOGRAPHIC SOURCE LOCATED,NULL,NULL,NULL,2026-09-18,"Mahalla-level demography is held in the MFY yagona reyestri (Unified Register of Mahalla Citizens' Assemblies) inside the Raqamli Mahalla system, legal basis CoM Regulation 586 of 15.09.2025. That register is interagency-only and not published. Obtaining it requires a written request to O'zbekiston Mahallalari Uyushmasi. Area is from the official boundary layer, not a demographic source."
UZ-TAS-MFY-37,Umid mahallasi,Olmazor,NULL,NULL,NULL,NULL,NULL,NULL,NULL,NULL,NULL,NULL,NULL,NULL,NULL,NULL,NULL,NULL,NULL,NULL,NULL,NULL,NULL,NULL,NULL,NULL,0.2427,24.27,NULL,NO PUBLIC MAHALLA-LEVEL DEMOGRAPHIC SOURCE LOCATED,NULL,NULL,NULL,2026-09-18,"Mahalla-level demography is held in the MFY yagona reyestri (Unified Register of Mahalla Citizens' Assemblies) inside the Raqamli Mahalla system, legal basis CoM Regulation 586 of 15.09.2025. That register is interagency-only and not published. Obtaining it requires a written request to O'zbekiston Mahallalari Uyushmasi. Area is from the official boundary layer, not a demographic source."
UZ-TAS-MFY-39,Abu Bakr Shoshiy mahallasi,Olmazor,NULL,NULL,NULL,NULL,NULL,NULL,NULL,NULL,NULL,NULL,NULL,NULL,NULL,NULL,NULL,NULL,NULL,NULL,NULL,NULL,NULL,NULL,NULL,NULL,0.1702,17.02,NULL,NO PUBLIC MAHALLA-LEVEL DEMOGRAPHIC SOURCE LOCATED,NULL,NULL,NULL,2026-09-18,"Mahalla-level demography is held in the MFY yagona reyestri (Unified Register of Mahalla Citizens' Assemblies) inside the Raqamli Mahalla system, legal basis CoM Regulation 586 of 15.09.2025. That register is interagency-only and not published. Obtaining it requires a written request to O'zbekiston Mahallalari Uyushmasi. Area is from the official boundary layer, not a demographic source."
UZ-TAS-MFY-40,Shodiyona mahallasi,Olmazor,NULL,NULL,NULL,NULL,NULL,NULL,NULL,NULL,NULL,NULL,NULL,NULL,NULL,NULL,NULL,NULL,NULL,NULL,NULL,NULL,NULL,NULL,NULL,NULL,0.5417,54.17,NULL,NO PUBLIC MAHALLA-LEVEL DEMOGRAPHIC SOURCE LOCATED,NULL,NULL,NULL,2026-09-18,"Mahalla-level demography is held in the MFY yagona reyestri (Unified Register of Mahalla Citizens' Assemblies) inside the Raqamli Mahalla system, legal basis CoM Regulation 586 of 15.09.2025. That register is interagency-only and not published. Obtaining it requires a written request to O'zbekiston Mahallalari Uyushmasi. Area is from the official boundary layer, not a demographic source."
UZ-TAS-MFY-41,Bo'stonobod mahallasi,Olmazor,NULL,NULL,NULL,NULL,NULL,NULL,NULL,NULL,NULL,NULL,NULL,NULL,NULL,NULL,NULL,NULL,NULL,NULL,NULL,NULL,NULL,NULL,NULL,NULL,0.2333,23.33,NULL,NO PUBLIC MAHALLA-LEVEL DEMOGRAPHIC SOURCE LOCATED,NULL,NULL,NULL,2026-09-18,"Mahalla-level demography is held in the MFY yagona reyestri (Unified Register of Mahalla Citizens' Assemblies) inside the Raqamli Mahalla system, legal basis CoM Regulation 586 of 15.09.2025. That register is interagency-only and not published. Obtaining it requires a written request to O'zbekiston Mahallalari Uyushmasi. Area is from the official boundary layer, not a demographic source."
UZ-TAS-MFY-42,Mirzo G'olib mahallasi,Olmazor,NULL,NULL,NULL,NULL,NULL,NULL,NULL,NULL,NULL,NULL,NULL,NULL,NULL,NULL,NULL,NULL,NULL,NULL,NULL,NULL,NULL,NULL,NULL,NULL,0.4485,44.85,NULL,NO PUBLIC MAHALLA-LEVEL DEMOGRAPHIC SOURCE LOCATED,NULL,NULL,NULL,2026-09-18,"Mahalla-level demography is held in the MFY yagona reyestri (Unified Register of Mahalla Citizens' Assemblies) inside the Raqamli Mahalla system, legal basis CoM Regulation 586 of 15.09.2025. That register is interagency-only and not published. Obtaining it requires a written request to O'zbekiston Mahallalari Uyushmasi. Area is from the official boundary layer, not a demographic source."
UZ-TAS-MFY-43,Hastimom mahallasi,Olmazor,NULL,NULL,NULL,NULL,NULL,NULL,NULL,NULL,NULL,NULL,NULL,NULL,NULL,NULL,NULL,NULL,NULL,NULL,NULL,NULL,NULL,NULL,NULL,NULL,0.4884,48.84,NULL,NO PUBLIC MAHALLA-LEVEL DEMOGRAPHIC SOURCE LOCATED,NULL,NULL,NULL,2026-09-18,"Mahalla-level demography is held in the MFY yagona reyestri (Unified Register of Mahalla Citizens' Assemblies) inside the Raqamli Mahalla system, legal basis CoM Regulation 586 of 15.09.2025. That register is interagency-only and not published. Obtaining it requires a written request to O'zbekiston Mahallalari Uyushmasi. Area is from the official boundary layer, not a demographic source."
UZ-TAS-MFY-44,Oltinsoy mahallasi,Olmazor,NULL,NULL,NULL,NULL,NULL,NULL,NULL,NULL,NULL,NULL,NULL,NULL,NULL,NULL,NULL,NULL,NULL,NULL,NULL,NULL,NULL,NULL,NULL,NULL,0.263,26.3,NULL,NO PUBLIC MAHALLA-LEVEL DEMOGRAPHIC SOURCE LOCATED,NULL,NULL,NULL,2026-09-18,"Mahalla-level demography is held in the MFY yagona reyestri (Unified Register of Mahalla Citizens' Assemblies) inside the Raqamli Mahalla system, legal basis CoM Regulation 586 of 15.09.2025. That register is interagency-only and not published. Obtaining it requires a written request to O'zbekiston Mahallalari Uyushmasi. Area is from the official boundary layer, not a demographic source."
UZ-TAS-MFY-45,Hofiz Ko'hakiy mahallasi,Olmazor,NULL,NULL,NULL,NULL,NULL,NULL,NULL,NULL,NULL,NULL,NULL,NULL,NULL,NULL,NULL,NULL,NULL,NULL,NULL,NULL,NULL,NULL,NULL,NULL,0.1809,18.09,NULL,NO PUBLIC MAHALLA-LEVEL DEMOGRAPHIC SOURCE LOCATED,NULL,NULL,NULL,2026-09-18,"Mahalla-level demography is held in the MFY yagona reyestri (Unified Register of Mahalla Citizens' Assemblies) inside the Raqamli Mahalla system, legal basis CoM Regulation 586 of 15.09.2025. That register is interagency-only and not published. Obtaining it requires a written request to O'zbekiston Mahallalari Uyushmasi. Area is from the official boundary layer, not a demographic source."
UZ-TAS-MFY-46,Ziyo mahallasi,Olmazor,NULL,NULL,NULL,NULL,NULL,NULL,NULL,NULL,NULL,NULL,NULL,NULL,NULL,NULL,NULL,NULL,NULL,NULL,NULL,NULL,NULL,NULL,NULL,NULL,0.9718,97.18,NULL,NO PUBLIC MAHALLA-LEVEL DEMOGRAPHIC SOURCE LOCATED,NULL,NULL,NULL,2026-09-18,"Mahalla-level demography is held in the MFY yagona reyestri (Unified Register of Mahalla Citizens' Assemblies) inside the Raqamli Mahalla system, legal basis CoM Regulation 586 of 15.09.2025. That register is interagency-only and not published. Obtaining it requires a written request to O'zbekiston Mahallalari Uyushmasi. Area is from the official boundary layer, not a demographic source."
UZ-TAS-MFY-47,Paxta mahallasi,Olmazor,NULL,NULL,NULL,NULL,NULL,NULL,NULL,NULL,NULL,NULL,NULL,NULL,NULL,NULL,NULL,NULL,NULL,NULL,NULL,NULL,NULL,NULL,NULL,NULL,0.6225,62.25,NULL,NO PUBLIC MAHALLA-LEVEL DEMOGRAPHIC SOURCE LOCATED,NULL,NULL,NULL,2026-09-18,"Mahalla-level demography is held in the MFY yagona reyestri (Unified Register of Mahalla Citizens' Assemblies) inside the Raqamli Mahalla system, legal basis CoM Regulation 586 of 15.09.2025. That register is interagency-only and not published. Obtaining it requires a written request to O'zbekiston Mahallalari Uyushmasi. Area is from the official boundary layer, not a demographic source."
UZ-TAS-MFY-48,Chuqursoy mahallasi,Olmazor,NULL,NULL,NULL,NULL,NULL,NULL,NULL,NULL,NULL,NULL,NULL,NULL,NULL,NULL,NULL,NULL,NULL,NULL,NULL,NULL,NULL,NULL,NULL,NULL,0.2876,28.76,NULL,NO PUBLIC MAHALLA-LEVEL DEMOGRAPHIC SOURCE LOCATED,NULL,NULL,NULL,2026-09-18,"Mahalla-level demography is held in the MFY yagona reyestri (Unified Register of Mahalla Citizens' Assemblies) inside the Raqamli Mahalla system, legal basis CoM Regulation 586 of 15.09.2025. That register is interagency-only and not published. Obtaining it requires a written request to O'zbekiston Mahallalari Uyushmasi. Area is from the official boundary layer, not a demographic source."
UZ-TAS-MFY-49,Chinniobod mahallasi,Olmazor,NULL,NULL,NULL,NULL,NULL,NULL,NULL,NULL,NULL,NULL,NULL,NULL,NULL,NULL,NULL,NULL,NULL,NULL,NULL,NULL,NULL,NULL,NULL,NULL,0.2915,29.15,NULL,NO PUBLIC MAHALLA-LEVEL DEMOGRAPHIC SOURCE LOCATED,NULL,NULL,NULL,2026-09-18,"Mahalla-level demography is held in the MFY yagona reyestri (Unified Register of Mahalla Citizens' Assemblies) inside the Raqamli Mahalla system, legal basis CoM Regulation 586 of 15.09.2025. That register is interagency-only and not published. Obtaining it requires a written request to O'zbekiston Mahallalari Uyushmasi. Area is from the official boundary layer, not a demographic source."
UZ-TAS-MFY-50,Gulsaroy mahallasi,Olmazor,NULL,NULL,NULL,NULL,NULL,NULL,NULL,NULL,NULL,NULL,NULL,NULL,NULL,NULL,NULL,NULL,NULL,NULL,NULL,NULL,NULL,NULL,NULL,NULL,0.2686,26.86,NULL,NO PUBLIC MAHALLA-LEVEL DEMOGRAPHIC SOURCE LOCATED,NULL,NULL,NULL,2026-09-18,"Mahalla-level demography is held in the MFY yagona reyestri (Unified Register of Mahalla Citizens' Assemblies) inside the Raqamli Mahalla system, legal basis CoM Regulation 586 of 15.09.2025. That register is interagency-only and not published. Obtaining it requires a written request to O'zbekiston Mahallalari Uyushmasi. Area is from the official boundary layer, not a demographic source."
UZ-TAS-MFY-51,Qorasaroy mahallasi,Olmazor,NULL,NULL,NULL,NULL,NULL,NULL,NULL,NULL,NULL,NULL,NULL,NULL,NULL,NULL,NULL,NULL,NULL,NULL,NULL,NULL,NULL,NULL,NULL,NULL,0.4431,44.31,NULL,NO PUBLIC MAHALLA-LEVEL DEMOGRAPHIC SOURCE LOCATED,NULL,NULL,NULL,2026-09-18,"Mahalla-level demography is held in the MFY yagona reyestri (Unified Register of Mahalla Citizens' Assemblies) inside the Raqamli Mahalla system, legal basis CoM Regulation 586 of 15.09.2025. That register is interagency-only and not published. Obtaining it requires a written request to O'zbekiston Mahallalari Uyushmasi. Area is from the official boundary layer, not a demographic source."
UZ-TAS-MFY-52,Zamondosh mahallasi,Olmazor,NULL,NULL,NULL,NULL,NULL,NULL,NULL,NULL,NULL,NULL,NULL,NULL,NULL,NULL,NULL,NULL,NULL,NULL,NULL,NULL,NULL,NULL,NULL,NULL,0.5663,56.63,NULL,NO PUBLIC MAHALLA-LEVEL DEMOGRAPHIC SOURCE LOCATED,NULL,NULL,NULL,2026-09-18,"Mahalla-level demography is held in the MFY yagona reyestri (Unified Register of Mahalla Citizens' Assemblies) inside the Raqamli Mahalla system, legal basis CoM Regulation 586 of 15.09.2025. That register is interagency-only and not published. Obtaining it requires a written request to O'zbekiston Mahallalari Uyushmasi. Area is from the official boundary layer, not a demographic source."
UZ-TAS-MFY-53,Guruchariq mahallasi,Olmazor,NULL,NULL,NULL,NULL,NULL,NULL,NULL,NULL,NULL,NULL,NULL,NULL,NULL,NULL,NULL,NULL,NULL,NULL,NULL,NULL,NULL,NULL,NULL,NULL,0.5631,56.31,NULL,NO PUBLIC MAHALLA-LEVEL DEMOGRAPHIC SOURCE LOCATED,NULL,NULL,NULL,2026-09-18,"Mahalla-level demography is held in the MFY yagona reyestri (Unified Register of Mahalla Citizens' Assemblies) inside the Raqamli Mahalla system, legal basis CoM Regulation 586 of 15.09.2025. That register is interagency-only and not published. Obtaining it requires a written request to O'zbekiston Mahallalari Uyushmasi. Area is from the official boundary layer, not a demographic source."
UZ-TAS-MFY-54,G'alaba mahallasi,Olmazor,NULL,NULL,NULL,NULL,NULL,NULL,NULL,NULL,NULL,NULL,NULL,NULL,NULL,NULL,NULL,NULL,NULL,NULL,NULL,NULL,NULL,NULL,NULL,NULL,0.2339,23.39,NULL,NO PUBLIC MAHALLA-LEVEL DEMOGRAPHIC SOURCE LOCATED,NULL,NULL,NULL,2026-09-18,"Mahalla-level demography is held in the MFY yagona reyestri (Unified Register of Mahalla Citizens' Assemblies) inside the Raqamli Mahalla system, legal basis CoM Regulation 586 of 15.09.2025. That register is interagency-only and not published. Obtaining it requires a written request to O'zbekiston Mahallalari Uyushmasi. Area is from the official boundary layer, not a demographic source."
UZ-TAS-MFY-55,Nihol mahallasi,Olmazor,NULL,NULL,NULL,NULL,NULL,NULL,NULL,NULL,NULL,NULL,NULL,NULL,NULL,NULL,NULL,NULL,NULL,NULL,NULL,NULL,NULL,NULL,NULL,NULL,0.8453,84.53,NULL,NO PUBLIC MAHALLA-LEVEL DEMOGRAPHIC SOURCE LOCATED,NULL,NULL,NULL,2026-09-18,"Mahalla-level demography is held in the MFY yagona reyestri (Unified Register of Mahalla Citizens' Assemblies) inside the Raqamli Mahalla system, legal basis CoM Regulation 586 of 15.09.2025. That register is interagency-only and not published. Obtaining it requires a written request to O'zbekiston Mahallalari Uyushmasi. Area is from the official boundary layer, not a demographic source."
UZ-TAS-MFY-56,G'ani A'zamov mahallasi,Olmazor,NULL,NULL,NULL,NULL,NULL,NULL,NULL,NULL,NULL,NULL,NULL,NULL,NULL,NULL,NULL,NULL,NULL,NULL,NULL,NULL,NULL,NULL,NULL,NULL,0.4882,48.82,NULL,NO PUBLIC MAHALLA-LEVEL DEMOGRAPHIC SOURCE LOCATED,NULL,NULL,NULL,2026-09-18,"Mahalla-level demography is held in the MFY yagona reyestri (Unified Register of Mahalla Citizens' Assemblies) inside the Raqamli Mahalla system, legal basis CoM Regulation 586 of 15.09.2025. That register is interagency-only and not published. Obtaining it requires a written request to O'zbekiston Mahallalari Uyushmasi. Area is from the official boundary layer, not a demographic source."
UZ-TAS-MFY-57,Taraqqiyot mahallasi,Olmazor,NULL,NULL,NULL,NULL,NULL,NULL,NULL,NULL,NULL,NULL,NULL,NULL,NULL,NULL,NULL,NULL,NULL,NULL,NULL,NULL,NULL,NULL,NULL,NULL,0.8047,80.47,NULL,NO PUBLIC MAHALLA-LEVEL DEMOGRAPHIC SOURCE LOCATED,NULL,NULL,NULL,2026-09-18,"Mahalla-level demography is held in the MFY yagona reyestri (Unified Register of Mahalla Citizens' Assemblies) inside the Raqamli Mahalla system, legal basis CoM Regulation 586 of 15.09.2025. That register is interagency-only and not published. Obtaining it requires a written request to O'zbekiston Mahallalari Uyushmasi. Area is from the official boundary layer, not a demographic source."
UZ-TAS-MFY-58,Yoshlik mahallasi,Olmazor,NULL,NULL,NULL,NULL,NULL,NULL,NULL,NULL,NULL,NULL,NULL,NULL,NULL,NULL,NULL,NULL,NULL,NULL,NULL,NULL,NULL,NULL,NULL,NULL,0.0868,8.68,NULL,NO PUBLIC MAHALLA-LEVEL DEMOGRAPHIC SOURCE LOCATED,NULL,NULL,NULL,2026-09-18,"Mahalla-level demography is held in the MFY yagona reyestri (Unified Register of Mahalla Citizens' Assemblies) inside the Raqamli Mahalla system, legal basis CoM Regulation 586 of 15.09.2025. That register is interagency-only and not published. Obtaining it requires a written request to O'zbekiston Mahallalari Uyushmasi. Area is from the official boundary layer, not a demographic source."
UZ-TAS-MFY-59,Universitet mahallasi,Olmazor,NULL,NULL,NULL,NULL,NULL,NULL,NULL,NULL,NULL,NULL,NULL,NULL,NULL,NULL,NULL,NULL,NULL,NULL,NULL,NULL,NULL,NULL,NULL,NULL,0.5845,58.45,NULL,NO PUBLIC MAHALLA-LEVEL DEMOGRAPHIC SOURCE LOCATED,NULL,NULL,NULL,2026-09-18,"Mahalla-level demography is held in the MFY yagona reyestri (Unified Register of Mahalla Citizens' Assemblies) inside the Raqamli Mahalla system, legal basis CoM Regulation 586 of 15.09.2025. That register is interagency-only and not published. Obtaining it requires a written request to O'zbekiston Mahallalari Uyushmasi. Area is from the official boundary layer, not a demographic source."
UZ-TAS-MFY-60,Ibrohimota mahallasi,Olmazor,NULL,NULL,NULL,NULL,NULL,NULL,NULL,NULL,NULL,NULL,NULL,NULL,NULL,NULL,NULL,NULL,NULL,NULL,NULL,NULL,NULL,NULL,NULL,NULL,1.5802,158.02,NULL,NO PUBLIC MAHALLA-LEVEL DEMOGRAPHIC SOURCE LOCATED,NULL,NULL,NULL,2026-09-18,"Mahalla-level demography is held in the MFY yagona reyestri (Unified Register of Mahalla Citizens' Assemblies) inside the Raqamli Mahalla system, legal basis CoM Regulation 586 of 15.09.2025. That register is interagency-only and not published. Obtaining it requires a written request to O'zbekiston Mahallalari Uyushmasi. Area is from the official boundary layer, not a demographic source."
UZ-TAS-MFY-61,Chilto'g'on mahallasi,Olmazor,NULL,NULL,NULL,NULL,NULL,NULL,NULL,NULL,NULL,NULL,NULL,NULL,NULL,NULL,NULL,NULL,NULL,NULL,NULL,NULL,NULL,NULL,NULL,NULL,0.5814,58.14,NULL,NO PUBLIC MAHALLA-LEVEL DEMOGRAPHIC SOURCE LOCATED,NULL,NULL,NULL,2026-09-18,"Mahalla-level demography is held in the MFY yagona reyestri (Unified Register of Mahalla Citizens' Assemblies) inside the Raqamli Mahalla system, legal basis CoM Regulation 586 of 15.09.2025. That register is interagency-only and not published. Obtaining it requires a written request to O'zbekiston Mahallalari Uyushmasi. Area is from the official boundary layer, not a demographic source."
UZ-TAS-MFY-62,Xonchorbog' mahallasi,Olmazor,NULL,NULL,NULL,NULL,NULL,NULL,NULL,NULL,NULL,NULL,NULL,NULL,NULL,NULL,NULL,NULL,NULL,NULL,NULL,NULL,NULL,NULL,NULL,NULL,0.5106,51.06,NULL,NO PUBLIC MAHALLA-LEVEL DEMOGRAPHIC SOURCE LOCATED,NULL,NULL,NULL,2026-09-18,"Mahalla-level demography is held in the MFY yagona reyestri (Unified Register of Mahalla Citizens' Assemblies) inside the Raqamli Mahalla system, legal basis CoM Regulation 586 of 15.09.2025. That register is interagency-only and not published. Obtaining it requires a written request to O'zbekiston Mahallalari Uyushmasi. Area is from the official boundary layer, not a demographic source."
UZ-TAS-MFY-63,Islomota mahallasi,Olmazor,NULL,NULL,NULL,NULL,NULL,NULL,NULL,NULL,NULL,NULL,NULL,NULL,NULL,NULL,NULL,NULL,NULL,NULL,NULL,NULL,NULL,NULL,NULL,NULL,0.263,26.3,NULL,NO PUBLIC MAHALLA-LEVEL DEMOGRAPHIC SOURCE LOCATED,NULL,NULL,NULL,2026-09-18,"Mahalla-level demography is held in the MFY yagona reyestri (Unified Register of Mahalla Citizens' Assemblies) inside the Raqamli Mahalla system, legal basis CoM Regulation 586 of 15.09.2025. That register is interagency-only and not published. Obtaining it requires a written request to O'zbekiston Mahallalari Uyushmasi. Area is from the official boundary layer, not a demographic source."
UZ-TAS-MFY-64,Yangi Toshkent mahallasi,Olmazor,NULL,NULL,NULL,NULL,NULL,NULL,NULL,NULL,NULL,NULL,NULL,NULL,NULL,NULL,NULL,NULL,NULL,NULL,NULL,NULL,NULL,NULL,NULL,NULL,0.754,75.4,NULL,NO PUBLIC MAHALLA-LEVEL DEMOGRAPHIC SOURCE LOCATED,NULL,NULL,NULL,2026-09-18,"Mahalla-level demography is held in the MFY yagona reyestri (Unified Register of Mahalla Citizens' Assemblies) inside the Raqamli Mahalla system, legal basis CoM Regulation 586 of 15.09.2025. That register is interagency-only and not published. Obtaining it requires a written request to O'zbekiston Mahallalari Uyushmasi. Area is from the official boundary layer, not a demographic source."
UZ-TAS-MFY-89160,Xislat mahallasi,Olmazor,NULL,NULL,NULL,NULL,NULL,NULL,NULL,NULL,NULL,NULL,NULL,NULL,NULL,NULL,NULL,NULL,NULL,NULL,NULL,NULL,NULL,NULL,NULL,NULL,0.5773,57.73,NULL,NO PUBLIC MAHALLA-LEVEL DEMOGRAPHIC SOURCE LOCATED,NULL,NULL,NULL,2026-09-18,"Mahalla-level demography is held in the MFY yagona reyestri (Unified Register of Mahalla Citizens' Assemblies) inside the Raqamli Mahalla system, legal basis CoM Regulation 586 of 15.09.2025. That register is interagency-only and not published. Obtaining it requires a written request to O'zbekiston Mahallalari Uyushmasi. Area is from the official boundary layer, not a demographic source."
UZ-TAS-MFY-389120,Chamanbog' mahallasi,Olmazor,NULL,NULL,NULL,NULL,NULL,NULL,NULL,NULL,NULL,NULL,NULL,NULL,NULL,NULL,NULL,NULL,NULL,NULL,NULL,NULL,NULL,NULL,NULL,NULL,0.1801,18.01,NULL,NO PUBLIC MAHALLA-LEVEL DEMOGRAPHIC SOURCE LOCATED,NULL,NULL,NULL,2026-09-18,"Mahalla-level demography is held in the MFY yagona reyestri (Unified Register of Mahalla Citizens' Assemblies) inside the Raqamli Mahalla system, legal basis CoM Regulation 586 of 15.09.2025. That register is interagency-only and not published. Obtaining it requires a written request to O'zbekiston Mahallalari Uyushmasi. Area is from the official boundary layer, not a demographic source."
UZ-TAS-MFY-2715875,Kaykovus mahallasi,Olmazor,NULL,NULL,NULL,NULL,NULL,NULL,NULL,NULL,NULL,NULL,NULL,NULL,NULL,NULL,NULL,NULL,NULL,NULL,NULL,NULL,NULL,NULL,NULL,NULL,0.0967,9.67,NULL,NO PUBLIC MAHALLA-LEVEL DEMOGRAPHIC SOURCE LOCATED,NULL,NULL,NULL,2026-09-18,"Mahalla-level demography is held in the MFY yagona reyestri (Unified Register of Mahalla Citizens' Assemblies) inside the Raqamli Mahalla system, legal basis CoM Regulation 586 of 15.09.2025. That register is interagency-only and not published. Obtaining it requires a written request to O'zbekiston Mahallalari Uyushmasi. Area is from the official boundary layer, not a demographic source."
UZ-TAS-MFY-399,Abay mahallasi,Bektemir,NULL,NULL,NULL,NULL,NULL,NULL,NULL,NULL,NULL,NULL,NULL,NULL,NULL,NULL,NULL,NULL,NULL,NULL,NULL,NULL,NULL,NULL,NULL,NULL,1.3717,137.17,NULL,NO PUBLIC MAHALLA-LEVEL DEMOGRAPHIC SOURCE LOCATED,NULL,NULL,NULL,2026-09-18,"Mahalla-level demography is held in the MFY yagona reyestri (Unified Register of Mahalla Citizens' Assemblies) inside the Raqamli Mahalla system, legal basis CoM Regulation 586 of 15.09.2025. That register is interagency-only and not published. Obtaining it requires a written request to O'zbekiston Mahallalari Uyushmasi. Area is from the official boundary layer, not a demographic source."
UZ-TAS-MFY-400,Mirishkor mahallasi,Bektemir,NULL,NULL,NULL,NULL,NULL,NULL,NULL,NULL,NULL,NULL,NULL,NULL,NULL,NULL,NULL,NULL,NULL,NULL,NULL,NULL,NULL,NULL,NULL,NULL,2.5742,257.42,NULL,NO PUBLIC MAHALLA-LEVEL DEMOGRAPHIC SOURCE LOCATED,NULL,NULL,NULL,2026-09-18,"Mahalla-level demography is held in the MFY yagona reyestri (Unified Register of Mahalla Citizens' Assemblies) inside the Raqamli Mahalla system, legal basis CoM Regulation 586 of 15.09.2025. That register is interagency-only and not published. Obtaining it requires a written request to O'zbekiston Mahallalari Uyushmasi. Area is from the official boundary layer, not a demographic source."
UZ-TAS-MFY-401,Oltintopgan mahallasi,Bektemir,NULL,NULL,NULL,NULL,NULL,NULL,NULL,NULL,NULL,NULL,NULL,NULL,NULL,NULL,NULL,NULL,NULL,NULL,NULL,NULL,NULL,NULL,NULL,NULL,3.743,374.3,NULL,NO PUBLIC MAHALLA-LEVEL DEMOGRAPHIC SOURCE LOCATED,NULL,NULL,NULL,2026-09-18,"Mahalla-level demography is held in the MFY yagona reyestri (Unified Register of Mahalla Citizens' Assemblies) inside the Raqamli Mahalla system, legal basis CoM Regulation 586 of 15.09.2025. That register is interagency-only and not published. Obtaining it requires a written request to O'zbekiston Mahallalari Uyushmasi. Area is from the official boundary layer, not a demographic source."
UZ-TAS-MFY-402,Husayn Boyqaro mahallasi,Bektemir,NULL,NULL,NULL,NULL,NULL,NULL,NULL,NULL,NULL,NULL,NULL,NULL,NULL,NULL,NULL,NULL,NULL,NULL,NULL,NULL,NULL,NULL,NULL,NULL,0.906,90.6,NULL,NO PUBLIC MAHALLA-LEVEL DEMOGRAPHIC SOURCE LOCATED,NULL,NULL,NULL,2026-09-18,"Mahalla-level demography is held in the MFY yagona reyestri (Unified Register of Mahalla Citizens' Assemblies) inside the Raqamli Mahalla system, legal basis CoM Regulation 586 of 15.09.2025. That register is interagency-only and not published. Obtaining it requires a written request to O'zbekiston Mahallalari Uyushmasi. Area is from the official boundary layer, not a demographic source."
UZ-TAS-MFY-403,Rohat mahallasi,Bektemir,NULL,NULL,NULL,NULL,NULL,NULL,NULL,NULL,NULL,NULL,NULL,NULL,NULL,NULL,NULL,NULL,NULL,NULL,NULL,NULL,NULL,NULL,NULL,NULL,0.2864,28.64,NULL,NO PUBLIC MAHALLA-LEVEL DEMOGRAPHIC SOURCE LOCATED,NULL,NULL,NULL,2026-09-18,"Mahalla-level demography is held in the MFY yagona reyestri (Unified Register of Mahalla Citizens' Assemblies) inside the Raqamli Mahalla system, legal basis CoM Regulation 586 of 15.09.2025. That register is interagency-only and not published. Obtaining it requires a written request to O'zbekiston Mahallalari Uyushmasi. Area is from the official boundary layer, not a demographic source."
UZ-TAS-MFY-404,Zabardast mahallasi,Bektemir,NULL,NULL,NULL,NULL,NULL,NULL,NULL,NULL,NULL,NULL,NULL,NULL,NULL,NULL,NULL,NULL,NULL,NULL,NULL,NULL,NULL,NULL,NULL,NULL,2.0615,206.15,NULL,NO PUBLIC MAHALLA-LEVEL DEMOGRAPHIC SOURCE LOCATED,NULL,NULL,NULL,2026-09-18,"Mahalla-level demography is held in the MFY yagona reyestri (Unified Register of Mahalla Citizens' Assemblies) inside the Raqamli Mahalla system, legal basis CoM Regulation 586 of 15.09.2025. That register is interagency-only and not published. Obtaining it requires a written request to O'zbekiston Mahallalari Uyushmasi. Area is from the official boundary layer, not a demographic source."
UZ-TAS-MFY-405,Musaffo mahallasi,Bektemir,NULL,NULL,NULL,NULL,NULL,NULL,NULL,NULL,NULL,NULL,NULL,NULL,NULL,NULL,NULL,NULL,NULL,NULL,NULL,NULL,NULL,NULL,NULL,NULL,2.3951,239.51,NULL,NO PUBLIC MAHALLA-LEVEL DEMOGRAPHIC SOURCE LOCATED,NULL,NULL,NULL,2026-09-18,"Mahalla-level demography is held in the MFY yagona reyestri (Unified Register of Mahalla Citizens' Assemblies) inside the Raqamli Mahalla system, legal basis CoM Regulation 586 of 15.09.2025. That register is interagency-only and not published. Obtaining it requires a written request to O'zbekiston Mahallalari Uyushmasi. Area is from the official boundary layer, not a demographic source."
UZ-TAS-MFY-406,Sohil mahallasi,Bektemir,NULL,NULL,NULL,NULL,NULL,NULL,NULL,NULL,NULL,NULL,NULL,NULL,NULL,NULL,NULL,NULL,NULL,NULL,NULL,NULL,NULL,NULL,NULL,NULL,0.3959,39.59,NULL,NO PUBLIC MAHALLA-LEVEL DEMOGRAPHIC SOURCE LOCATED,NULL,NULL,NULL,2026-09-18,"Mahalla-level demography is held in the MFY yagona reyestri (Unified Register of Mahalla Citizens' Assemblies) inside the Raqamli Mahalla system, legal basis CoM Regulation 586 of 15.09.2025. That register is interagency-only and not published. Obtaining it requires a written request to O'zbekiston Mahallalari Uyushmasi. Area is from the official boundary layer, not a demographic source."
UZ-TAS-MFY-407,Zilola mahallasi,Bektemir,NULL,NULL,NULL,NULL,NULL,NULL,NULL,NULL,NULL,NULL,NULL,NULL,NULL,NULL,NULL,NULL,NULL,NULL,NULL,NULL,NULL,NULL,NULL,NULL,0.2108,21.08,NULL,NO PUBLIC MAHALLA-LEVEL DEMOGRAPHIC SOURCE LOCATED,NULL,NULL,NULL,2026-09-18,"Mahalla-level demography is held in the MFY yagona reyestri (Unified Register of Mahalla Citizens' Assemblies) inside the Raqamli Mahalla system, legal basis CoM Regulation 586 of 15.09.2025. That register is interagency-only and not published. Obtaining it requires a written request to O'zbekiston Mahallalari Uyushmasi. Area is from the official boundary layer, not a demographic source."
UZ-TAS-MFY-408,Nurafshon mahallasi,Bektemir,NULL,NULL,NULL,NULL,NULL,NULL,NULL,NULL,NULL,NULL,NULL,NULL,NULL,NULL,NULL,NULL,NULL,NULL,NULL,NULL,NULL,NULL,NULL,NULL,4.1995,419.95,NULL,NO PUBLIC MAHALLA-LEVEL DEMOGRAPHIC SOURCE LOCATED,NULL,NULL,NULL,2026-09-18,"Mahalla-level demography is held in the MFY yagona reyestri (Unified Register of Mahalla Citizens' Assemblies) inside the Raqamli Mahalla system, legal basis CoM Regulation 586 of 15.09.2025. That register is interagency-only and not published. Obtaining it requires a written request to O'zbekiston Mahallalari Uyushmasi. Area is from the official boundary layer, not a demographic source."
UZ-TAS-MFY-409,Nurliyo'l mahallasi,Bektemir,NULL,NULL,NULL,NULL,NULL,NULL,NULL,NULL,NULL,NULL,NULL,NULL,NULL,NULL,NULL,NULL,NULL,NULL,NULL,NULL,NULL,NULL,NULL,NULL,5.7995,579.95,NULL,NO PUBLIC MAHALLA-LEVEL DEMOGRAPHIC SOURCE LOCATED,NULL,NULL,NULL,2026-09-18,"Mahalla-level demography is held in the MFY yagona reyestri (Unified Register of Mahalla Citizens' Assemblies) inside the Raqamli Mahalla system, legal basis CoM Regulation 586 of 15.09.2025. That register is interagency-only and not published. Obtaining it requires a written request to O'zbekiston Mahallalari Uyushmasi. Area is from the official boundary layer, not a demographic source."
UZ-TAS-MFY-410,Gulbog' mahallasi,Bektemir,NULL,NULL,NULL,NULL,NULL,NULL,NULL,NULL,NULL,NULL,NULL,NULL,NULL,NULL,NULL,NULL,NULL,NULL,NULL,NULL,NULL,NULL,NULL,NULL,2.5708,257.08,NULL,NO PUBLIC MAHALLA-LEVEL DEMOGRAPHIC SOURCE LOCATED,NULL,NULL,NULL,2026-09-18,"Mahalla-level demography is held in the MFY yagona reyestri (Unified Register of Mahalla Citizens' Assemblies) inside the Raqamli Mahalla system, legal basis CoM Regulation 586 of 15.09.2025. That register is interagency-only and not published. Obtaining it requires a written request to O'zbekiston Mahallalari Uyushmasi. Area is from the official boundary layer, not a demographic source."
UZ-TAS-MFY-411,Iykota mahallasi,Bektemir,NULL,NULL,NULL,NULL,NULL,NULL,NULL,NULL,NULL,NULL,NULL,NULL,NULL,NULL,NULL,NULL,NULL,NULL,NULL,NULL,NULL,NULL,NULL,NULL,2.2643,226.43,NULL,NO PUBLIC MAHALLA-LEVEL DEMOGRAPHIC SOURCE LOCATED,NULL,NULL,NULL,2026-09-18,"Mahalla-level demography is held in the MFY yagona reyestri (Unified Register of Mahalla Citizens' Assemblies) inside the Raqamli Mahalla system, legal basis CoM Regulation 586 of 15.09.2025. That register is interagency-only and not published. Obtaining it requires a written request to O'zbekiston Mahallalari Uyushmasi. Area is from the official boundary layer, not a demographic source."
UZ-TAS-MFY-412,Majnuntol mahallasi,Bektemir,NULL,NULL,NULL,NULL,NULL,NULL,NULL,NULL,NULL,NULL,NULL,NULL,NULL,NULL,NULL,NULL,NULL,NULL,NULL,NULL,NULL,NULL,NULL,NULL,1.6098,160.98,NULL,NO PUBLIC MAHALLA-LEVEL DEMOGRAPHIC SOURCE LOCATED,NULL,NULL,NULL,2026-09-18,"Mahalla-level demography is held in the MFY yagona reyestri (Unified Register of Mahalla Citizens' Assemblies) inside the Raqamli Mahalla system, legal basis CoM Regulation 586 of 15.09.2025. That register is interagency-only and not published. Obtaining it requires a written request to O'zbekiston Mahallalari Uyushmasi. Area is from the official boundary layer, not a demographic source."
UZ-TAS-MFY-413,Chashma mahallasi,Bektemir,NULL,NULL,NULL,NULL,NULL,NULL,NULL,NULL,NULL,NULL,NULL,NULL,NULL,NULL,NULL,NULL,NULL,NULL,NULL,NULL,NULL,NULL,NULL,NULL,0.1023,10.23,NULL,NO PUBLIC MAHALLA-LEVEL DEMOGRAPHIC SOURCE LOCATED,NULL,NULL,NULL,2026-09-18,"Mahalla-level demography is held in the MFY yagona reyestri (Unified Register of Mahalla Citizens' Assemblies) inside the Raqamli Mahalla system, legal basis CoM Regulation 586 of 15.09.2025. That register is interagency-only and not published. Obtaining it requires a written request to O'zbekiston Mahallalari Uyushmasi. Area is from the official boundary layer, not a demographic source."
UZ-TAS-MFY-414,Bektemir mahallasi,Bektemir,NULL,NULL,NULL,NULL,NULL,NULL,NULL,NULL,NULL,NULL,NULL,NULL,NULL,NULL,NULL,NULL,NULL,NULL,NULL,NULL,NULL,NULL,NULL,NULL,1.0265,102.65,NULL,NO PUBLIC MAHALLA-LEVEL DEMOGRAPHIC SOURCE LOCATED,NULL,NULL,NULL,2026-09-18,"Mahalla-level demography is held in the MFY yagona reyestri (Unified Register of Mahalla Citizens' Assemblies) inside the Raqamli Mahalla system, legal basis CoM Regulation 586 of 15.09.2025. That register is interagency-only and not published. Obtaining it requires a written request to O'zbekiston Mahallalari Uyushmasi. Area is from the official boundary layer, not a demographic source."
UZ-TAS-MFY-415,Ustozlar mahallasi,Bektemir,NULL,NULL,NULL,NULL,NULL,NULL,NULL,NULL,NULL,NULL,NULL,NULL,NULL,NULL,NULL,NULL,NULL,NULL,NULL,NULL,NULL,NULL,NULL,NULL,0.7746,77.46,NULL,NO PUBLIC MAHALLA-LEVEL DEMOGRAPHIC SOURCE LOCATED,NULL,NULL,NULL,2026-09-18,"Mahalla-level demography is held in the MFY yagona reyestri (Unified Register of Mahalla Citizens' Assemblies) inside the Raqamli Mahalla system, legal basis CoM Regulation 586 of 15.09.2025. That register is interagency-only and not published. Obtaining it requires a written request to O'zbekiston Mahallalari Uyushmasi. Area is from the official boundary layer, not a demographic source."
UZ-TAS-MFY-416,Iqbol mahallasi,Bektemir,NULL,NULL,NULL,NULL,NULL,NULL,NULL,NULL,NULL,NULL,NULL,NULL,NULL,NULL,NULL,NULL,NULL,NULL,NULL,NULL,NULL,NULL,NULL,NULL,0.3141,31.41,NULL,NO PUBLIC MAHALLA-LEVEL DEMOGRAPHIC SOURCE LOCATED,NULL,NULL,NULL,2026-09-18,"Mahalla-level demography is held in the MFY yagona reyestri (Unified Register of Mahalla Citizens' Assemblies) inside the Raqamli Mahalla system, legal basis CoM Regulation 586 of 15.09.2025. That register is interagency-only and not published. Obtaining it requires a written request to O'zbekiston Mahallalari Uyushmasi. Area is from the official boundary layer, not a demographic source."
UZ-TAS-MFY-455,Shirin mahallasi,Uchtepa,NULL,NULL,NULL,NULL,NULL,NULL,NULL,NULL,NULL,NULL,NULL,NULL,NULL,NULL,NULL,NULL,NULL,NULL,NULL,NULL,NULL,NULL,NULL,NULL,NULL,NULL,NULL,NO PUBLIC MAHALLA-LEVEL DEMOGRAPHIC SOURCE LOCATED,NULL,NULL,NULL,2026-09-18,"Mahalla-level demography is held in the MFY yagona reyestri (Unified Register of Mahalla Citizens' Assemblies) inside the Raqamli Mahalla system, legal basis CoM Regulation 586 of 15.09.2025. That register is interagency-only and not published. Obtaining it requires a written request to O'zbekiston Mahallalari Uyushmasi. Area is from the official boundary layer, not a demographic source."
UZ-TAS-MFY-456,Jurjoniy mahallasi,Uchtepa,NULL,NULL,NULL,NULL,NULL,NULL,NULL,NULL,NULL,NULL,NULL,NULL,NULL,NULL,NULL,NULL,NULL,NULL,NULL,NULL,NULL,NULL,NULL,NULL,NULL,NULL,NULL,NO PUBLIC MAHALLA-LEVEL DEMOGRAPHIC SOURCE LOCATED,NULL,NULL,NULL,2026-09-18,"Mahalla-level demography is held in the MFY yagona reyestri (Unified Register of Mahalla Citizens' Assemblies) inside the Raqamli Mahalla system, legal basis CoM Regulation 586 of 15.09.2025. That register is interagency-only and not published. Obtaining it requires a written request to O'zbekiston Mahallalari Uyushmasi. Area is from the official boundary layer, not a demographic source."
UZ-TAS-MFY-457,Xuroson mahallasi,Uchtepa,NULL,NULL,NULL,NULL,NULL,NULL,NULL,NULL,NULL,NULL,NULL,NULL,NULL,NULL,NULL,NULL,NULL,NULL,NULL,NULL,NULL,NULL,NULL,NULL,NULL,NULL,NULL,NO PUBLIC MAHALLA-LEVEL DEMOGRAPHIC SOURCE LOCATED,NULL,NULL,NULL,2026-09-18,"Mahalla-level demography is held in the MFY yagona reyestri (Unified Register of Mahalla Citizens' Assemblies) inside the Raqamli Mahalla system, legal basis CoM Regulation 586 of 15.09.2025. That register is interagency-only and not published. Obtaining it requires a written request to O'zbekiston Mahallalari Uyushmasi. Area is from the official boundary layer, not a demographic source."
UZ-TAS-MFY-458,Qo'rg'ontepa mahallasi,Uchtepa,NULL,NULL,NULL,NULL,NULL,NULL,NULL,NULL,NULL,NULL,NULL,NULL,NULL,NULL,NULL,NULL,NULL,NULL,NULL,NULL,NULL,NULL,NULL,NULL,NULL,NULL,NULL,NO PUBLIC MAHALLA-LEVEL DEMOGRAPHIC SOURCE LOCATED,NULL,NULL,NULL,2026-09-18,"Mahalla-level demography is held in the MFY yagona reyestri (Unified Register of Mahalla Citizens' Assemblies) inside the Raqamli Mahalla system, legal basis CoM Regulation 586 of 15.09.2025. That register is interagency-only and not published. Obtaining it requires a written request to O'zbekiston Mahallalari Uyushmasi. Area is from the official boundary layer, not a demographic source."
UZ-TAS-MFY-459,Zargarlik mahallasi,Uchtepa,NULL,NULL,NULL,NULL,NULL,NULL,NULL,NULL,NULL,NULL,NULL,NULL,NULL,NULL,NULL,NULL,NULL,NULL,NULL,NULL,NULL,NULL,NULL,NULL,NULL,NULL,NULL,NO PUBLIC MAHALLA-LEVEL DEMOGRAPHIC SOURCE LOCATED,NULL,NULL,NULL,2026-09-18,"Mahalla-level demography is held in the MFY yagona reyestri (Unified Register of Mahalla Citizens' Assemblies) inside the Raqamli Mahalla system, legal basis CoM Regulation 586 of 15.09.2025. That register is interagency-only and not published. Obtaining it requires a written request to O'zbekiston Mahallalari Uyushmasi. Area is from the official boundary layer, not a demographic source."
UZ-TAS-MFY-460,Tepaqo'rg'on mahallasi,Uchtepa,NULL,NULL,NULL,NULL,NULL,NULL,NULL,NULL,NULL,NULL,NULL,NULL,NULL,NULL,NULL,NULL,NULL,NULL,NULL,NULL,NULL,NULL,NULL,NULL,NULL,NULL,NULL,NO PUBLIC MAHALLA-LEVEL DEMOGRAPHIC SOURCE LOCATED,NULL,NULL,NULL,2026-09-18,"Mahalla-level demography is held in the MFY yagona reyestri (Unified Register of Mahalla Citizens' Assemblies) inside the Raqamli Mahalla system, legal basis CoM Regulation 586 of 15.09.2025. That register is interagency-only and not published. Obtaining it requires a written request to O'zbekiston Mahallalari Uyushmasi. Area is from the official boundary layer, not a demographic source."
UZ-TAS-MFY-461,Birlik mahallasi,Uchtepa,NULL,NULL,NULL,NULL,NULL,NULL,NULL,NULL,NULL,NULL,NULL,NULL,NULL,NULL,NULL,NULL,NULL,NULL,NULL,NULL,NULL,NULL,NULL,NULL,NULL,NULL,NULL,NO PUBLIC MAHALLA-LEVEL DEMOGRAPHIC SOURCE LOCATED,NULL,NULL,NULL,2026-09-18,"Mahalla-level demography is held in the MFY yagona reyestri (Unified Register of Mahalla Citizens' Assemblies) inside the Raqamli Mahalla system, legal basis CoM Regulation 586 of 15.09.2025. That register is interagency-only and not published. Obtaining it requires a written request to O'zbekiston Mahallalari Uyushmasi. Area is from the official boundary layer, not a demographic source."
UZ-TAS-MFY-462,Nayman mahallasi,Uchtepa,NULL,NULL,NULL,NULL,NULL,NULL,NULL,NULL,NULL,NULL,NULL,NULL,NULL,NULL,NULL,NULL,NULL,NULL,NULL,NULL,NULL,NULL,NULL,NULL,NULL,NULL,NULL,NO PUBLIC MAHALLA-LEVEL DEMOGRAPHIC SOURCE LOCATED,NULL,NULL,NULL,2026-09-18,"Mahalla-level demography is held in the MFY yagona reyestri (Unified Register of Mahalla Citizens' Assemblies) inside the Raqamli Mahalla system, legal basis CoM Regulation 586 of 15.09.2025. That register is interagency-only and not published. Obtaining it requires a written request to O'zbekiston Mahallalari Uyushmasi. Area is from the official boundary layer, not a demographic source."
UZ-TAS-MFY-463,Nurobod mahallasi,Uchtepa,NULL,NULL,NULL,NULL,NULL,NULL,NULL,NULL,NULL,NULL,NULL,NULL,NULL,NULL,NULL,NULL,NULL,NULL,NULL,NULL,NULL,NULL,NULL,NULL,NULL,NULL,NULL,NO PUBLIC MAHALLA-LEVEL DEMOGRAPHIC SOURCE LOCATED,NULL,NULL,NULL,2026-09-18,"Mahalla-level demography is held in the MFY yagona reyestri (Unified Register of Mahalla Citizens' Assemblies) inside the Raqamli Mahalla system, legal basis CoM Regulation 586 of 15.09.2025. That register is interagency-only and not published. Obtaining it requires a written request to O'zbekiston Mahallalari Uyushmasi. Area is from the official boundary layer, not a demographic source."
UZ-TAS-MFY-464,Yangiyo'l mahallasi,Uchtepa,NULL,NULL,NULL,NULL,NULL,NULL,NULL,NULL,NULL,NULL,NULL,NULL,NULL,NULL,NULL,NULL,NULL,NULL,NULL,NULL,NULL,NULL,NULL,NULL,NULL,NULL,NULL,NO PUBLIC MAHALLA-LEVEL DEMOGRAPHIC SOURCE LOCATED,NULL,NULL,NULL,2026-09-18,"Mahalla-level demography is held in the MFY yagona reyestri (Unified Register of Mahalla Citizens' Assemblies) inside the Raqamli Mahalla system, legal basis CoM Regulation 586 of 15.09.2025. That register is interagency-only and not published. Obtaining it requires a written request to O'zbekiston Mahallalari Uyushmasi. Area is from the official boundary layer, not a demographic source."
UZ-TAS-MFY-465,Nishabariq mahallasi,Uchtepa,NULL,NULL,NULL,NULL,NULL,NULL,NULL,NULL,NULL,NULL,NULL,NULL,NULL,NULL,NULL,NULL,NULL,NULL,NULL,NULL,NULL,NULL,NULL,NULL,NULL,NULL,NULL,NO PUBLIC MAHALLA-LEVEL DEMOGRAPHIC SOURCE LOCATED,NULL,NULL,NULL,2026-09-18,"Mahalla-level demography is held in the MFY yagona reyestri (Unified Register of Mahalla Citizens' Assemblies) inside the Raqamli Mahalla system, legal basis CoM Regulation 586 of 15.09.2025. That register is interagency-only and not published. Obtaining it requires a written request to O'zbekiston Mahallalari Uyushmasi. Area is from the official boundary layer, not a demographic source."
UZ-TAS-MFY-466,Sharq guli mahallasi,Uchtepa,NULL,NULL,NULL,NULL,NULL,NULL,NULL,NULL,NULL,NULL,NULL,NULL,NULL,NULL,NULL,NULL,NULL,NULL,NULL,NULL,NULL,NULL,NULL,NULL,NULL,NULL,NULL,NO PUBLIC MAHALLA-LEVEL DEMOGRAPHIC SOURCE LOCATED,NULL,NULL,NULL,2026-09-18,"Mahalla-level demography is held in the MFY yagona reyestri (Unified Register of Mahalla Citizens' Assemblies) inside the Raqamli Mahalla system, legal basis CoM Regulation 586 of 15.09.2025. That register is interagency-only and not published. Obtaining it requires a written request to O'zbekiston Mahallalari Uyushmasi. Area is from the official boundary layer, not a demographic source."
UZ-TAS-MFY-467,Vatan mahallasi,Uchtepa,NULL,NULL,NULL,NULL,NULL,NULL,NULL,NULL,NULL,NULL,NULL,NULL,NULL,NULL,NULL,NULL,NULL,NULL,NULL,NULL,NULL,NULL,NULL,NULL,NULL,NULL,NULL,NO PUBLIC MAHALLA-LEVEL DEMOGRAPHIC SOURCE LOCATED,NULL,NULL,NULL,2026-09-18,"Mahalla-level demography is held in the MFY yagona reyestri (Unified Register of Mahalla Citizens' Assemblies) inside the Raqamli Mahalla system, legal basis CoM Regulation 586 of 15.09.2025. That register is interagency-only and not published. Obtaining it requires a written request to O'zbekiston Mahallalari Uyushmasi. Area is from the official boundary layer, not a demographic source."
UZ-TAS-MFY-468,Farhod mahallasi,Uchtepa,NULL,NULL,NULL,NULL,NULL,NULL,NULL,NULL,NULL,NULL,NULL,NULL,NULL,NULL,NULL,NULL,NULL,NULL,NULL,NULL,NULL,NULL,NULL,NULL,NULL,NULL,NULL,NO PUBLIC MAHALLA-LEVEL DEMOGRAPHIC SOURCE LOCATED,NULL,NULL,NULL,2026-09-18,"Mahalla-level demography is held in the MFY yagona reyestri (Unified Register of Mahalla Citizens' Assemblies) inside the Raqamli Mahalla system, legal basis CoM Regulation 586 of 15.09.2025. That register is interagency-only and not published. Obtaining it requires a written request to O'zbekiston Mahallalari Uyushmasi. Area is from the official boundary layer, not a demographic source."
UZ-TAS-MFY-469,Tinchlikobod mahallasi,Uchtepa,NULL,NULL,NULL,NULL,NULL,NULL,NULL,NULL,NULL,NULL,NULL,NULL,NULL,NULL,NULL,NULL,NULL,NULL,NULL,NULL,NULL,NULL,NULL,NULL,NULL,NULL,NULL,NO PUBLIC MAHALLA-LEVEL DEMOGRAPHIC SOURCE LOCATED,NULL,NULL,NULL,2026-09-18,"Mahalla-level demography is held in the MFY yagona reyestri (Unified Register of Mahalla Citizens' Assemblies) inside the Raqamli Mahalla system, legal basis CoM Regulation 586 of 15.09.2025. That register is interagency-only and not published. Obtaining it requires a written request to O'zbekiston Mahallalari Uyushmasi. Area is from the official boundary layer, not a demographic source."
UZ-TAS-MFY-470,Xondamir mahallasi,Uchtepa,NULL,NULL,NULL,NULL,NULL,NULL,NULL,NULL,NULL,NULL,NULL,NULL,NULL,NULL,NULL,NULL,NULL,NULL,NULL,NULL,NULL,NULL,NULL,NULL,NULL,NULL,NULL,NO PUBLIC MAHALLA-LEVEL DEMOGRAPHIC SOURCE LOCATED,NULL,NULL,NULL,2026-09-18,"Mahalla-level demography is held in the MFY yagona reyestri (Unified Register of Mahalla Citizens' Assemblies) inside the Raqamli Mahalla system, legal basis CoM Regulation 586 of 15.09.2025. That register is interagency-only and not published. Obtaining it requires a written request to O'zbekiston Mahallalari Uyushmasi. Area is from the official boundary layer, not a demographic source."
UZ-TAS-MFY-471,Sharq yulduzi mahallasi,Uchtepa,NULL,NULL,NULL,NULL,NULL,NULL,NULL,NULL,NULL,NULL,NULL,NULL,NULL,NULL,NULL,NULL,NULL,NULL,NULL,NULL,NULL,NULL,NULL,NULL,NULL,NULL,NULL,NO PUBLIC MAHALLA-LEVEL DEMOGRAPHIC SOURCE LOCATED,NULL,NULL,NULL,2026-09-18,"Mahalla-level demography is held in the MFY yagona reyestri (Unified Register of Mahalla Citizens' Assemblies) inside the Raqamli Mahalla system, legal basis CoM Regulation 586 of 15.09.2025. That register is interagency-only and not published. Obtaining it requires a written request to O'zbekiston Mahallalari Uyushmasi. Area is from the official boundary layer, not a demographic source."
UZ-TAS-MFY-472,Bog'ichinor mahallasi,Uchtepa,NULL,NULL,NULL,NULL,NULL,NULL,NULL,NULL,NULL,NULL,NULL,NULL,NULL,NULL,NULL,NULL,NULL,NULL,NULL,NULL,NULL,NULL,NULL,NULL,NULL,NULL,NULL,NO PUBLIC MAHALLA-LEVEL DEMOGRAPHIC SOURCE LOCATED,NULL,NULL,NULL,2026-09-18,"Mahalla-level demography is held in the MFY yagona reyestri (Unified Register of Mahalla Citizens' Assemblies) inside the Raqamli Mahalla system, legal basis CoM Regulation 586 of 15.09.2025. That register is interagency-only and not published. Obtaining it requires a written request to O'zbekiston Mahallalari Uyushmasi. Area is from the official boundary layer, not a demographic source."
UZ-TAS-MFY-473,Qoryog'di mahallasi,Uchtepa,NULL,NULL,NULL,NULL,NULL,NULL,NULL,NULL,NULL,NULL,NULL,NULL,NULL,NULL,NULL,NULL,NULL,NULL,NULL,NULL,NULL,NULL,NULL,NULL,NULL,NULL,NULL,NO PUBLIC MAHALLA-LEVEL DEMOGRAPHIC SOURCE LOCATED,NULL,NULL,NULL,2026-09-18,"Mahalla-level demography is held in the MFY yagona reyestri (Unified Register of Mahalla Citizens' Assemblies) inside the Raqamli Mahalla system, legal basis CoM Regulation 586 of 15.09.2025. That register is interagency-only and not published. Obtaining it requires a written request to O'zbekiston Mahallalari Uyushmasi. Area is from the official boundary layer, not a demographic source."
UZ-TAS-MFY-474,Degrez mahallasi,Uchtepa,NULL,NULL,NULL,NULL,NULL,NULL,NULL,NULL,NULL,NULL,NULL,NULL,NULL,NULL,NULL,NULL,NULL,NULL,NULL,NULL,NULL,NULL,NULL,NULL,NULL,NULL,NULL,NO PUBLIC MAHALLA-LEVEL DEMOGRAPHIC SOURCE LOCATED,NULL,NULL,NULL,2026-09-18,"Mahalla-level demography is held in the MFY yagona reyestri (Unified Register of Mahalla Citizens' Assemblies) inside the Raqamli Mahalla system, legal basis CoM Regulation 586 of 15.09.2025. That register is interagency-only and not published. Obtaining it requires a written request to O'zbekiston Mahallalari Uyushmasi. Area is from the official boundary layer, not a demographic source."
UZ-TAS-MFY-475,Alixonto'ra Sog'uniy mahallasi,Uchtepa,NULL,NULL,NULL,NULL,NULL,NULL,NULL,NULL,NULL,NULL,NULL,NULL,NULL,NULL,NULL,NULL,NULL,NULL,NULL,NULL,NULL,NULL,NULL,NULL,NULL,NULL,NULL,NO PUBLIC MAHALLA-LEVEL DEMOGRAPHIC SOURCE LOCATED,NULL,NULL,NULL,2026-09-18,"Mahalla-level demography is held in the MFY yagona reyestri (Unified Register of Mahalla Citizens' Assemblies) inside the Raqamli Mahalla system, legal basis CoM Regulation 586 of 15.09.2025. That register is interagency-only and not published. Obtaining it requires a written request to O'zbekiston Mahallalari Uyushmasi. Area is from the official boundary layer, not a demographic source."
UZ-TAS-MFY-476,Diydor mahallasi,Uchtepa,NULL,NULL,NULL,NULL,NULL,NULL,NULL,NULL,NULL,NULL,NULL,NULL,NULL,NULL,NULL,NULL,NULL,NULL,NULL,NULL,NULL,NULL,NULL,NULL,NULL,NULL,NULL,NO PUBLIC MAHALLA-LEVEL DEMOGRAPHIC SOURCE LOCATED,NULL,NULL,NULL,2026-09-18,"Mahalla-level demography is held in the MFY yagona reyestri (Unified Register of Mahalla Citizens' Assemblies) inside the Raqamli Mahalla system, legal basis CoM Regulation 586 of 15.09.2025. That register is interagency-only and not published. Obtaining it requires a written request to O'zbekiston Mahallalari Uyushmasi. Area is from the official boundary layer, not a demographic source."
UZ-TAS-MFY-477,Hamdo'st mahallasi,Uchtepa,NULL,NULL,NULL,NULL,NULL,NULL,NULL,NULL,NULL,NULL,NULL,NULL,NULL,NULL,NULL,NULL,NULL,NULL,NULL,NULL,NULL,NULL,NULL,NULL,NULL,NULL,NULL,NO PUBLIC MAHALLA-LEVEL DEMOGRAPHIC SOURCE LOCATED,NULL,NULL,NULL,2026-09-18,"Mahalla-level demography is held in the MFY yagona reyestri (Unified Register of Mahalla Citizens' Assemblies) inside the Raqamli Mahalla system, legal basis CoM Regulation 586 of 15.09.2025. That register is interagency-only and not published. Obtaining it requires a written request to O'zbekiston Mahallalari Uyushmasi. Area is from the official boundary layer, not a demographic source."
UZ-TAS-MFY-478,Shaftolizor mahallasi,Uchtepa,NULL,NULL,NULL,NULL,NULL,NULL,NULL,NULL,NULL,NULL,NULL,NULL,NULL,NULL,NULL,NULL,NULL,NULL,NULL,NULL,NULL,NULL,NULL,NULL,NULL,NULL,NULL,NO PUBLIC MAHALLA-LEVEL DEMOGRAPHIC SOURCE LOCATED,NULL,NULL,NULL,2026-09-18,"Mahalla-level demography is held in the MFY yagona reyestri (Unified Register of Mahalla Citizens' Assemblies) inside the Raqamli Mahalla system, legal basis CoM Regulation 586 of 15.09.2025. That register is interagency-only and not published. Obtaining it requires a written request to O'zbekiston Mahallalari Uyushmasi. Area is from the official boundary layer, not a demographic source."
UZ-TAS-MFY-479,Katta Cho'ponota mahallasi,Uchtepa,NULL,NULL,NULL,NULL,NULL,NULL,NULL,NULL,NULL,NULL,NULL,NULL,NULL,NULL,NULL,NULL,NULL,NULL,NULL,NULL,NULL,NULL,NULL,NULL,NULL,NULL,NULL,NO PUBLIC MAHALLA-LEVEL DEMOGRAPHIC SOURCE LOCATED,NULL,NULL,NULL,2026-09-18,"Mahalla-level demography is held in the MFY yagona reyestri (Unified Register of Mahalla Citizens' Assemblies) inside the Raqamli Mahalla system, legal basis CoM Regulation 586 of 15.09.2025. That register is interagency-only and not published. Obtaining it requires a written request to O'zbekiston Mahallalari Uyushmasi. Area is from the official boundary layer, not a demographic source."
UZ-TAS-MFY-480,Guzar mahallasi,Uchtepa,NULL,NULL,NULL,NULL,NULL,NULL,NULL,NULL,NULL,NULL,NULL,NULL,NULL,NULL,NULL,NULL,NULL,NULL,NULL,NULL,NULL,NULL,NULL,NULL,NULL,NULL,NULL,NO PUBLIC MAHALLA-LEVEL DEMOGRAPHIC SOURCE LOCATED,NULL,NULL,NULL,2026-09-18,"Mahalla-level demography is held in the MFY yagona reyestri (Unified Register of Mahalla Citizens' Assemblies) inside the Raqamli Mahalla system, legal basis CoM Regulation 586 of 15.09.2025. That register is interagency-only and not published. Obtaining it requires a written request to O'zbekiston Mahallalari Uyushmasi. Area is from the official boundary layer, not a demographic source."
UZ-TAS-MFY-481,O'tkir mahallasi,Uchtepa,NULL,NULL,NULL,NULL,NULL,NULL,NULL,NULL,NULL,NULL,NULL,NULL,NULL,NULL,NULL,NULL,NULL,NULL,NULL,NULL,NULL,NULL,NULL,NULL,NULL,NULL,NULL,NO PUBLIC MAHALLA-LEVEL DEMOGRAPHIC SOURCE LOCATED,NULL,NULL,NULL,2026-09-18,"Mahalla-level demography is held in the MFY yagona reyestri (Unified Register of Mahalla Citizens' Assemblies) inside the Raqamli Mahalla system, legal basis CoM Regulation 586 of 15.09.2025. That register is interagency-only and not published. Obtaining it requires a written request to O'zbekiston Mahallalari Uyushmasi. Area is from the official boundary layer, not a demographic source."
UZ-TAS-MFY-482,Zulfizar mahallasi,Uchtepa,NULL,NULL,NULL,NULL,NULL,NULL,NULL,NULL,NULL,NULL,NULL,NULL,NULL,NULL,NULL,NULL,NULL,NULL,NULL,NULL,NULL,NULL,NULL,NULL,NULL,NULL,NULL,NO PUBLIC MAHALLA-LEVEL DEMOGRAPHIC SOURCE LOCATED,NULL,NULL,NULL,2026-09-18,"Mahalla-level demography is held in the MFY yagona reyestri (Unified Register of Mahalla Citizens' Assemblies) inside the Raqamli Mahalla system, legal basis CoM Regulation 586 of 15.09.2025. That register is interagency-only and not published. Obtaining it requires a written request to O'zbekiston Mahallalari Uyushmasi. Area is from the official boundary layer, not a demographic source."
UZ-TAS-MFY-483,Qoziguzar mahallasi,Uchtepa,NULL,NULL,NULL,NULL,NULL,NULL,NULL,NULL,NULL,NULL,NULL,NULL,NULL,NULL,NULL,NULL,NULL,NULL,NULL,NULL,NULL,NULL,NULL,NULL,NULL,NULL,NULL,NO PUBLIC MAHALLA-LEVEL DEMOGRAPHIC SOURCE LOCATED,NULL,NULL,NULL,2026-09-18,"Mahalla-level demography is held in the MFY yagona reyestri (Unified Register of Mahalla Citizens' Assemblies) inside the Raqamli Mahalla system, legal basis CoM Regulation 586 of 15.09.2025. That register is interagency-only and not published. Obtaining it requires a written request to O'zbekiston Mahallalari Uyushmasi. Area is from the official boundary layer, not a demographic source."
UZ-TAS-MFY-484,Diyorobod mahallasi,Uchtepa,NULL,NULL,NULL,NULL,NULL,NULL,NULL,NULL,NULL,NULL,NULL,NULL,NULL,NULL,NULL,NULL,NULL,NULL,NULL,NULL,NULL,NULL,NULL,NULL,NULL,NULL,NULL,NO PUBLIC MAHALLA-LEVEL DEMOGRAPHIC SOURCE LOCATED,NULL,NULL,NULL,2026-09-18,"Mahalla-level demography is held in the MFY yagona reyestri (Unified Register of Mahalla Citizens' Assemblies) inside the Raqamli Mahalla system, legal basis CoM Regulation 586 of 15.09.2025. That register is interagency-only and not published. Obtaining it requires a written request to O'zbekiston Mahallalari Uyushmasi. Area is from the official boundary layer, not a demographic source."
UZ-TAS-MFY-485,Beshqayrag'och mahallasi,Uchtepa,NULL,NULL,NULL,NULL,NULL,NULL,NULL,NULL,NULL,NULL,NULL,NULL,NULL,NULL,NULL,NULL,NULL,NULL,NULL,NULL,NULL,NULL,NULL,NULL,NULL,NULL,NULL,NO PUBLIC MAHALLA-LEVEL DEMOGRAPHIC SOURCE LOCATED,NULL,NULL,NULL,2026-09-18,"Mahalla-level demography is held in the MFY yagona reyestri (Unified Register of Mahalla Citizens' Assemblies) inside the Raqamli Mahalla system, legal basis CoM Regulation 586 of 15.09.2025. That register is interagency-only and not published. Obtaining it requires a written request to O'zbekiston Mahallalari Uyushmasi. Area is from the official boundary layer, not a demographic source."
UZ-TAS-MFY-486,Ibrat mahallasi,Uchtepa,NULL,NULL,NULL,NULL,NULL,NULL,NULL,NULL,NULL,NULL,NULL,NULL,NULL,NULL,NULL,NULL,NULL,NULL,NULL,NULL,NULL,NULL,NULL,NULL,NULL,NULL,NULL,NO PUBLIC MAHALLA-LEVEL DEMOGRAPHIC SOURCE LOCATED,NULL,NULL,NULL,2026-09-18,"Mahalla-level demography is held in the MFY yagona reyestri (Unified Register of Mahalla Citizens' Assemblies) inside the Raqamli Mahalla system, legal basis CoM Regulation 586 of 15.09.2025. That register is interagency-only and not published. Obtaining it requires a written request to O'zbekiston Mahallalari Uyushmasi. Area is from the official boundary layer, not a demographic source."
UZ-TAS-MFY-487,Bog'iston mahallasi,Uchtepa,NULL,NULL,NULL,NULL,NULL,NULL,NULL,NULL,NULL,NULL,NULL,NULL,NULL,NULL,NULL,NULL,NULL,NULL,NULL,NULL,NULL,NULL,NULL,NULL,NULL,NULL,NULL,NO PUBLIC MAHALLA-LEVEL DEMOGRAPHIC SOURCE LOCATED,NULL,NULL,NULL,2026-09-18,"Mahalla-level demography is held in the MFY yagona reyestri (Unified Register of Mahalla Citizens' Assemblies) inside the Raqamli Mahalla system, legal basis CoM Regulation 586 of 15.09.2025. That register is interagency-only and not published. Obtaining it requires a written request to O'zbekiston Mahallalari Uyushmasi. Area is from the official boundary layer, not a demographic source."
UZ-TAS-MFY-488,Davlatobod mahallasi,Uchtepa,NULL,NULL,NULL,NULL,NULL,NULL,NULL,NULL,NULL,NULL,NULL,NULL,NULL,NULL,NULL,NULL,NULL,NULL,NULL,NULL,NULL,NULL,NULL,NULL,NULL,NULL,NULL,NO PUBLIC MAHALLA-LEVEL DEMOGRAPHIC SOURCE LOCATED,NULL,NULL,NULL,2026-09-18,"Mahalla-level demography is held in the MFY yagona reyestri (Unified Register of Mahalla Citizens' Assemblies) inside the Raqamli Mahalla system, legal basis CoM Regulation 586 of 15.09.2025. That register is interagency-only and not published. Obtaining it requires a written request to O'zbekiston Mahallalari Uyushmasi. Area is from the official boundary layer, not a demographic source."
UZ-TAS-MFY-489,Chamanzor mahallasi,Uchtepa,NULL,NULL,NULL,NULL,NULL,NULL,NULL,NULL,NULL,NULL,NULL,NULL,NULL,NULL,NULL,NULL,NULL,NULL,NULL,NULL,NULL,NULL,NULL,NULL,NULL,NULL,NULL,NO PUBLIC MAHALLA-LEVEL DEMOGRAPHIC SOURCE LOCATED,NULL,NULL,NULL,2026-09-18,"Mahalla-level demography is held in the MFY yagona reyestri (Unified Register of Mahalla Citizens' Assemblies) inside the Raqamli Mahalla system, legal basis CoM Regulation 586 of 15.09.2025. That register is interagency-only and not published. Obtaining it requires a written request to O'zbekiston Mahallalari Uyushmasi. Area is from the official boundary layer, not a demographic source."
UZ-TAS-MFY-490,Foziltepa mahallasi,Uchtepa,NULL,NULL,NULL,NULL,NULL,NULL,NULL,NULL,NULL,NULL,NULL,NULL,NULL,NULL,NULL,NULL,NULL,NULL,NULL,NULL,NULL,NULL,NULL,NULL,NULL,NULL,NULL,NO PUBLIC MAHALLA-LEVEL DEMOGRAPHIC SOURCE LOCATED,NULL,NULL,NULL,2026-09-18,"Mahalla-level demography is held in the MFY yagona reyestri (Unified Register of Mahalla Citizens' Assemblies) inside the Raqamli Mahalla system, legal basis CoM Regulation 586 of 15.09.2025. That register is interagency-only and not published. Obtaining it requires a written request to O'zbekiston Mahallalari Uyushmasi. Area is from the official boundary layer, not a demographic source."
UZ-TAS-MFY-491,Quyi Darxon mahallasi,Uchtepa,NULL,NULL,NULL,NULL,NULL,NULL,NULL,NULL,NULL,NULL,NULL,NULL,NULL,NULL,NULL,NULL,NULL,NULL,NULL,NULL,NULL,NULL,NULL,NULL,NULL,NULL,NULL,NO PUBLIC MAHALLA-LEVEL DEMOGRAPHIC SOURCE LOCATED,NULL,NULL,NULL,2026-09-18,"Mahalla-level demography is held in the MFY yagona reyestri (Unified Register of Mahalla Citizens' Assemblies) inside the Raqamli Mahalla system, legal basis CoM Regulation 586 of 15.09.2025. That register is interagency-only and not published. Obtaining it requires a written request to O'zbekiston Mahallalari Uyushmasi. Area is from the official boundary layer, not a demographic source."
UZ-TAS-MFY-492,Zarafshon mahallasi,Uchtepa,NULL,NULL,NULL,NULL,NULL,NULL,NULL,NULL,NULL,NULL,NULL,NULL,NULL,NULL,NULL,NULL,NULL,NULL,NULL,NULL,NULL,NULL,NULL,NULL,NULL,NULL,NULL,NO PUBLIC MAHALLA-LEVEL DEMOGRAPHIC SOURCE LOCATED,NULL,NULL,NULL,2026-09-18,"Mahalla-level demography is held in the MFY yagona reyestri (Unified Register of Mahalla Citizens' Assemblies) inside the Raqamli Mahalla system, legal basis CoM Regulation 586 of 15.09.2025. That register is interagency-only and not published. Obtaining it requires a written request to O'zbekiston Mahallalari Uyushmasi. Area is from the official boundary layer, not a demographic source."
UZ-TAS-MFY-493,Bekobod mahallasi,Uchtepa,NULL,NULL,NULL,NULL,NULL,NULL,NULL,NULL,NULL,NULL,NULL,NULL,NULL,NULL,NULL,NULL,NULL,NULL,NULL,NULL,NULL,NULL,NULL,NULL,NULL,NULL,NULL,NO PUBLIC MAHALLA-LEVEL DEMOGRAPHIC SOURCE LOCATED,NULL,NULL,NULL,2026-09-18,"Mahalla-level demography is held in the MFY yagona reyestri (Unified Register of Mahalla Citizens' Assemblies) inside the Raqamli Mahalla system, legal basis CoM Regulation 586 of 15.09.2025. That register is interagency-only and not published. Obtaining it requires a written request to O'zbekiston Mahallalari Uyushmasi. Area is from the official boundary layer, not a demographic source."
UZ-TAS-MFY-494,Ko'ksaroy mahallasi,Uchtepa,NULL,NULL,NULL,NULL,NULL,NULL,NULL,NULL,NULL,NULL,NULL,NULL,NULL,NULL,NULL,NULL,NULL,NULL,NULL,NULL,NULL,NULL,NULL,NULL,NULL,NULL,NULL,NO PUBLIC MAHALLA-LEVEL DEMOGRAPHIC SOURCE LOCATED,NULL,NULL,NULL,2026-09-18,"Mahalla-level demography is held in the MFY yagona reyestri (Unified Register of Mahalla Citizens' Assemblies) inside the Raqamli Mahalla system, legal basis CoM Regulation 586 of 15.09.2025. That register is interagency-only and not published. Obtaining it requires a written request to O'zbekiston Mahallalari Uyushmasi. Area is from the official boundary layer, not a demographic source."
UZ-TAS-MFY-495,Oqmasjid mahallasi,Uchtepa,NULL,NULL,NULL,NULL,NULL,NULL,NULL,NULL,NULL,NULL,NULL,NULL,NULL,NULL,NULL,NULL,NULL,NULL,NULL,NULL,NULL,NULL,NULL,NULL,NULL,NULL,NULL,NO PUBLIC MAHALLA-LEVEL DEMOGRAPHIC SOURCE LOCATED,NULL,NULL,NULL,2026-09-18,"Mahalla-level demography is held in the MFY yagona reyestri (Unified Register of Mahalla Citizens' Assemblies) inside the Raqamli Mahalla system, legal basis CoM Regulation 586 of 15.09.2025. That register is interagency-only and not published. Obtaining it requires a written request to O'zbekiston Mahallalari Uyushmasi. Area is from the official boundary layer, not a demographic source."
UZ-TAS-MFY-496,Hayratiy mahallasi,Uchtepa,NULL,NULL,NULL,NULL,NULL,NULL,NULL,NULL,NULL,NULL,NULL,NULL,NULL,NULL,NULL,NULL,NULL,NULL,NULL,NULL,NULL,NULL,NULL,NULL,NULL,NULL,NULL,NO PUBLIC MAHALLA-LEVEL DEMOGRAPHIC SOURCE LOCATED,NULL,NULL,NULL,2026-09-18,"Mahalla-level demography is held in the MFY yagona reyestri (Unified Register of Mahalla Citizens' Assemblies) inside the Raqamli Mahalla system, legal basis CoM Regulation 586 of 15.09.2025. That register is interagency-only and not published. Obtaining it requires a written request to O'zbekiston Mahallalari Uyushmasi. Area is from the official boundary layer, not a demographic source."
UZ-TAS-MFY-497,Xurshid mahallasi,Uchtepa,NULL,NULL,NULL,NULL,NULL,NULL,NULL,NULL,NULL,NULL,NULL,NULL,NULL,NULL,NULL,NULL,NULL,NULL,NULL,NULL,NULL,NULL,NULL,NULL,NULL,NULL,NULL,NO PUBLIC MAHALLA-LEVEL DEMOGRAPHIC SOURCE LOCATED,NULL,NULL,NULL,2026-09-18,"Mahalla-level demography is held in the MFY yagona reyestri (Unified Register of Mahalla Citizens' Assemblies) inside the Raqamli Mahalla system, legal basis CoM Regulation 586 of 15.09.2025. That register is interagency-only and not published. Obtaining it requires a written request to O'zbekiston Mahallalari Uyushmasi. Area is from the official boundary layer, not a demographic source."
UZ-TAS-MFY-498,Paxtakor mahallasi,Uchtepa,NULL,NULL,NULL,NULL,NULL,NULL,NULL,NULL,NULL,NULL,NULL,NULL,NULL,NULL,NULL,NULL,NULL,NULL,NULL,NULL,NULL,NULL,NULL,NULL,NULL,NULL,NULL,NO PUBLIC MAHALLA-LEVEL DEMOGRAPHIC SOURCE LOCATED,NULL,NULL,NULL,2026-09-18,"Mahalla-level demography is held in the MFY yagona reyestri (Unified Register of Mahalla Citizens' Assemblies) inside the Raqamli Mahalla system, legal basis CoM Regulation 586 of 15.09.2025. That register is interagency-only and not published. Obtaining it requires a written request to O'zbekiston Mahallalari Uyushmasi. Area is from the official boundary layer, not a demographic source."
UZ-TAS-MFY-499,Shofayzibog' mahallasi,Uchtepa,NULL,NULL,NULL,NULL,NULL,NULL,NULL,NULL,NULL,NULL,NULL,NULL,NULL,NULL,NULL,NULL,NULL,NULL,NULL,NULL,NULL,NULL,NULL,NULL,NULL,NULL,NULL,NO PUBLIC MAHALLA-LEVEL DEMOGRAPHIC SOURCE LOCATED,NULL,NULL,NULL,2026-09-18,"Mahalla-level demography is held in the MFY yagona reyestri (Unified Register of Mahalla Citizens' Assemblies) inside the Raqamli Mahalla system, legal basis CoM Regulation 586 of 15.09.2025. That register is interagency-only and not published. Obtaining it requires a written request to O'zbekiston Mahallalari Uyushmasi. Area is from the official boundary layer, not a demographic source."
UZ-TAS-MFY-500,Uchtepa mahallasi,Uchtepa,NULL,NULL,NULL,NULL,NULL,NULL,NULL,NULL,NULL,NULL,NULL,NULL,NULL,NULL,NULL,NULL,NULL,NULL,NULL,NULL,NULL,NULL,NULL,NULL,NULL,NULL,NULL,NO PUBLIC MAHALLA-LEVEL DEMOGRAPHIC SOURCE LOCATED,NULL,NULL,NULL,2026-09-18,"Mahalla-level demography is held in the MFY yagona reyestri (Unified Register of Mahalla Citizens' Assemblies) inside the Raqamli Mahalla system, legal basis CoM Regulation 586 of 15.09.2025. That register is interagency-only and not published. Obtaining it requires a written request to O'zbekiston Mahallalari Uyushmasi. Area is from the official boundary layer, not a demographic source."
UZ-TAS-MFY-501,Abdulla Qodiriy mahallasi,Uchtepa,NULL,NULL,NULL,NULL,NULL,NULL,NULL,NULL,NULL,NULL,NULL,NULL,NULL,NULL,NULL,NULL,NULL,NULL,NULL,NULL,NULL,NULL,NULL,NULL,NULL,NULL,NULL,NO PUBLIC MAHALLA-LEVEL DEMOGRAPHIC SOURCE LOCATED,NULL,NULL,NULL,2026-09-18,"Mahalla-level demography is held in the MFY yagona reyestri (Unified Register of Mahalla Citizens' Assemblies) inside the Raqamli Mahalla system, legal basis CoM Regulation 586 of 15.09.2025. That register is interagency-only and not published. Obtaining it requires a written request to O'zbekiston Mahallalari Uyushmasi. Area is from the official boundary layer, not a demographic source."
UZ-TAS-MFY-502,Yusuf Sakkokiy mahallasi,Uchtepa,NULL,NULL,NULL,NULL,NULL,NULL,NULL,NULL,NULL,NULL,NULL,NULL,NULL,NULL,NULL,NULL,NULL,NULL,NULL,NULL,NULL,NULL,NULL,NULL,NULL,NULL,NULL,NO PUBLIC MAHALLA-LEVEL DEMOGRAPHIC SOURCE LOCATED,NULL,NULL,NULL,2026-09-18,"Mahalla-level demography is held in the MFY yagona reyestri (Unified Register of Mahalla Citizens' Assemblies) inside the Raqamli Mahalla system, legal basis CoM Regulation 586 of 15.09.2025. That register is interagency-only and not published. Obtaining it requires a written request to O'zbekiston Mahallalari Uyushmasi. Area is from the official boundary layer, not a demographic source."
UZ-TAS-MFY-503,Taqachi mahallasi,Uchtepa,NULL,NULL,NULL,NULL,NULL,NULL,NULL,NULL,NULL,NULL,NULL,NULL,NULL,NULL,NULL,NULL,NULL,NULL,NULL,NULL,NULL,NULL,NULL,NULL,NULL,NULL,NULL,NO PUBLIC MAHALLA-LEVEL DEMOGRAPHIC SOURCE LOCATED,NULL,NULL,NULL,2026-09-18,"Mahalla-level demography is held in the MFY yagona reyestri (Unified Register of Mahalla Citizens' Assemblies) inside the Raqamli Mahalla system, legal basis CoM Regulation 586 of 15.09.2025. That register is interagency-only and not published. Obtaining it requires a written request to O'zbekiston Mahallalari Uyushmasi. Area is from the official boundary layer, not a demographic source."
UZ-TAS-MFY-504,Ko'hna Cho'ponota mahallasi,Uchtepa,NULL,NULL,NULL,NULL,NULL,NULL,NULL,NULL,NULL,NULL,NULL,NULL,NULL,NULL,NULL,NULL,NULL,NULL,NULL,NULL,NULL,NULL,NULL,NULL,NULL,NULL,NULL,NO PUBLIC MAHALLA-LEVEL DEMOGRAPHIC SOURCE LOCATED,NULL,NULL,NULL,2026-09-18,"Mahalla-level demography is held in the MFY yagona reyestri (Unified Register of Mahalla Citizens' Assemblies) inside the Raqamli Mahalla system, legal basis CoM Regulation 586 of 15.09.2025. That register is interagency-only and not published. Obtaining it requires a written request to O'zbekiston Mahallalari Uyushmasi. Area is from the official boundary layer, not a demographic source."
UZ-TAS-MFY-505,Latifguzar mahallasi,Uchtepa,NULL,NULL,NULL,NULL,NULL,NULL,NULL,NULL,NULL,NULL,NULL,NULL,NULL,NULL,NULL,NULL,NULL,NULL,NULL,NULL,NULL,NULL,NULL,NULL,NULL,NULL,NULL,NO PUBLIC MAHALLA-LEVEL DEMOGRAPHIC SOURCE LOCATED,NULL,NULL,NULL,2026-09-18,"Mahalla-level demography is held in the MFY yagona reyestri (Unified Register of Mahalla Citizens' Assemblies) inside the Raqamli Mahalla system, legal basis CoM Regulation 586 of 15.09.2025. That register is interagency-only and not published. Obtaining it requires a written request to O'zbekiston Mahallalari Uyushmasi. Area is from the official boundary layer, not a demographic source."
UZ-TAS-MFY-506,Bog'obod mahallasi,Uchtepa,NULL,NULL,NULL,NULL,NULL,NULL,NULL,NULL,NULL,NULL,NULL,NULL,NULL,NULL,NULL,NULL,NULL,NULL,NULL,NULL,NULL,NULL,NULL,NULL,NULL,NULL,NULL,NO PUBLIC MAHALLA-LEVEL DEMOGRAPHIC SOURCE LOCATED,NULL,NULL,NULL,2026-09-18,"Mahalla-level demography is held in the MFY yagona reyestri (Unified Register of Mahalla Citizens' Assemblies) inside the Raqamli Mahalla system, legal basis CoM Regulation 586 of 15.09.2025. That register is interagency-only and not published. Obtaining it requires a written request to O'zbekiston Mahallalari Uyushmasi. Area is from the official boundary layer, not a demographic source."
UZ-TAS-MFY-507,Istirohat mahallasi,Uchtepa,NULL,NULL,NULL,NULL,NULL,NULL,NULL,NULL,NULL,NULL,NULL,NULL,NULL,NULL,NULL,NULL,NULL,NULL,NULL,NULL,NULL,NULL,NULL,NULL,NULL,NULL,NULL,NO PUBLIC MAHALLA-LEVEL DEMOGRAPHIC SOURCE LOCATED,NULL,NULL,NULL,2026-09-18,"Mahalla-level demography is held in the MFY yagona reyestri (Unified Register of Mahalla Citizens' Assemblies) inside the Raqamli Mahalla system, legal basis CoM Regulation 586 of 15.09.2025. That register is interagency-only and not published. Obtaining it requires a written request to O'zbekiston Mahallalari Uyushmasi. Area is from the official boundary layer, not a demographic source."
UZ-TAS-MFY-508,Hojiobod mahallasi,Uchtepa,NULL,NULL,NULL,NULL,NULL,NULL,NULL,NULL,NULL,NULL,NULL,NULL,NULL,NULL,NULL,NULL,NULL,NULL,NULL,NULL,NULL,NULL,NULL,NULL,NULL,NULL,NULL,NO PUBLIC MAHALLA-LEVEL DEMOGRAPHIC SOURCE LOCATED,NULL,NULL,NULL,2026-09-18,"Mahalla-level demography is held in the MFY yagona reyestri (Unified Register of Mahalla Citizens' Assemblies) inside the Raqamli Mahalla system, legal basis CoM Regulation 586 of 15.09.2025. That register is interagency-only and not published. Obtaining it requires a written request to O'zbekiston Mahallalari Uyushmasi. Area is from the official boundary layer, not a demographic source."
UZ-TAS-MFY-509,Ko'rkamobod mahallasi,Uchtepa,NULL,NULL,NULL,NULL,NULL,NULL,NULL,NULL,NULL,NULL,NULL,NULL,NULL,NULL,NULL,NULL,NULL,NULL,NULL,NULL,NULL,NULL,NULL,NULL,NULL,NULL,NULL,NO PUBLIC MAHALLA-LEVEL DEMOGRAPHIC SOURCE LOCATED,NULL,NULL,NULL,2026-09-18,"Mahalla-level demography is held in the MFY yagona reyestri (Unified Register of Mahalla Citizens' Assemblies) inside the Raqamli Mahalla system, legal basis CoM Regulation 586 of 15.09.2025. That register is interagency-only and not published. Obtaining it requires a written request to O'zbekiston Mahallalari Uyushmasi. Area is from the official boundary layer, not a demographic source."
UZ-TAS-MFY-510,Jarbuloq mahallasi,Uchtepa,NULL,NULL,NULL,NULL,NULL,NULL,NULL,NULL,NULL,NULL,NULL,NULL,NULL,NULL,NULL,NULL,NULL,NULL,NULL,NULL,NULL,NULL,NULL,NULL,NULL,NULL,NULL,NO PUBLIC MAHALLA-LEVEL DEMOGRAPHIC SOURCE LOCATED,NULL,NULL,NULL,2026-09-18,"Mahalla-level demography is held in the MFY yagona reyestri (Unified Register of Mahalla Citizens' Assemblies) inside the Raqamli Mahalla system, legal basis CoM Regulation 586 of 15.09.2025. That register is interagency-only and not published. Obtaining it requires a written request to O'zbekiston Mahallalari Uyushmasi. Area is from the official boundary layer, not a demographic source."
UZ-TAS-MFY-511,Vatanparvar mahallasi,Uchtepa,NULL,NULL,NULL,NULL,NULL,NULL,NULL,NULL,NULL,NULL,NULL,NULL,NULL,NULL,NULL,NULL,NULL,NULL,NULL,NULL,NULL,NULL,NULL,NULL,NULL,NULL,NULL,NO PUBLIC MAHALLA-LEVEL DEMOGRAPHIC SOURCE LOCATED,NULL,NULL,NULL,2026-09-18,"Mahalla-level demography is held in the MFY yagona reyestri (Unified Register of Mahalla Citizens' Assemblies) inside the Raqamli Mahalla system, legal basis CoM Regulation 586 of 15.09.2025. That register is interagency-only and not published. Obtaining it requires a written request to O'zbekiston Mahallalari Uyushmasi. Area is from the official boundary layer, not a demographic source."
UZ-TAS-MFY-512,O'rikzor mahallasi,Uchtepa,NULL,NULL,NULL,NULL,NULL,NULL,NULL,NULL,NULL,NULL,NULL,NULL,NULL,NULL,NULL,NULL,NULL,NULL,NULL,NULL,NULL,NULL,NULL,NULL,NULL,NULL,NULL,NO PUBLIC MAHALLA-LEVEL DEMOGRAPHIC SOURCE LOCATED,NULL,NULL,NULL,2026-09-18,"Mahalla-level demography is held in the MFY yagona reyestri (Unified Register of Mahalla Citizens' Assemblies) inside the Raqamli Mahalla system, legal basis CoM Regulation 586 of 15.09.2025. That register is interagency-only and not published. Obtaining it requires a written request to O'zbekiston Mahallalari Uyushmasi. Area is from the official boundary layer, not a demographic source."
UZ-TAS-MFY-513,Ko'kcha-Oqtepa mahallasi,Uchtepa,NULL,NULL,NULL,NULL,NULL,NULL,NULL,NULL,NULL,NULL,NULL,NULL,NULL,NULL,NULL,NULL,NULL,NULL,NULL,NULL,NULL,NULL,NULL,NULL,NULL,NULL,NULL,NO PUBLIC MAHALLA-LEVEL DEMOGRAPHIC SOURCE LOCATED,NULL,NULL,NULL,2026-09-18,"Mahalla-level demography is held in the MFY yagona reyestri (Unified Register of Mahalla Citizens' Assemblies) inside the Raqamli Mahalla system, legal basis CoM Regulation 586 of 15.09.2025. That register is interagency-only and not published. Obtaining it requires a written request to O'zbekiston Mahallalari Uyushmasi. Area is from the official boundary layer, not a demographic source."
UZ-TAS-MFY-514,Katta Qa'ni mahallasi,Uchtepa,NULL,NULL,NULL,NULL,NULL,NULL,NULL,NULL,NULL,NULL,NULL,NULL,NULL,NULL,NULL,NULL,NULL,NULL,NULL,NULL,NULL,NULL,NULL,NULL,NULL,NULL,NULL,NO PUBLIC MAHALLA-LEVEL DEMOGRAPHIC SOURCE LOCATED,NULL,NULL,NULL,2026-09-18,"Mahalla-level demography is held in the MFY yagona reyestri (Unified Register of Mahalla Citizens' Assemblies) inside the Raqamli Mahalla system, legal basis CoM Regulation 586 of 15.09.2025. That register is interagency-only and not published. Obtaining it requires a written request to O'zbekiston Mahallalari Uyushmasi. Area is from the official boundary layer, not a demographic source."
UZ-TAS-MFY-178,Al-Xorazmiy mahallasi,Chilonzor,NULL,NULL,NULL,NULL,NULL,NULL,NULL,NULL,NULL,NULL,NULL,NULL,NULL,NULL,NULL,NULL,NULL,NULL,NULL,NULL,NULL,NULL,NULL,NULL,0.1214,12.14,NULL,NO PUBLIC MAHALLA-LEVEL DEMOGRAPHIC SOURCE LOCATED,NULL,NULL,NULL,2026-09-18,"Mahalla-level demography is held in the MFY yagona reyestri (Unified Register of Mahalla Citizens' Assemblies) inside the Raqamli Mahalla system, legal basis CoM Regulation 586 of 15.09.2025. That register is interagency-only and not published. Obtaining it requires a written request to O'zbekiston Mahallalari Uyushmasi. Area is from the official boundary layer, not a demographic source."
UZ-TAS-MFY-179,Gavhar mahallasi,Chilonzor,NULL,NULL,NULL,NULL,NULL,NULL,NULL,NULL,NULL,NULL,NULL,NULL,NULL,NULL,NULL,NULL,NULL,NULL,NULL,NULL,NULL,NULL,NULL,NULL,0.5497,54.97,NULL,NO PUBLIC MAHALLA-LEVEL DEMOGRAPHIC SOURCE LOCATED,NULL,NULL,NULL,2026-09-18,"Mahalla-level demography is held in the MFY yagona reyestri (Unified Register of Mahalla Citizens' Assemblies) inside the Raqamli Mahalla system, legal basis CoM Regulation 586 of 15.09.2025. That register is interagency-only and not published. Obtaining it requires a written request to O'zbekiston Mahallalari Uyushmasi. Area is from the official boundary layer, not a demographic source."
UZ-TAS-MFY-180,Bo'rijar mahallasi,Chilonzor,NULL,NULL,NULL,NULL,NULL,NULL,NULL,NULL,NULL,NULL,NULL,NULL,NULL,NULL,NULL,NULL,NULL,NULL,NULL,NULL,NULL,NULL,NULL,NULL,0.1443,14.43,NULL,NO PUBLIC MAHALLA-LEVEL DEMOGRAPHIC SOURCE LOCATED,NULL,NULL,NULL,2026-09-18,"Mahalla-level demography is held in the MFY yagona reyestri (Unified Register of Mahalla Citizens' Assemblies) inside the Raqamli Mahalla system, legal basis CoM Regulation 586 of 15.09.2025. That register is interagency-only and not published. Obtaining it requires a written request to O'zbekiston Mahallalari Uyushmasi. Area is from the official boundary layer, not a demographic source."
UZ-TAS-MFY-181,Guliston mahallasi,Chilonzor,NULL,NULL,NULL,NULL,NULL,NULL,NULL,NULL,NULL,NULL,NULL,NULL,NULL,NULL,NULL,NULL,NULL,NULL,NULL,NULL,NULL,NULL,NULL,NULL,0.2138,21.38,NULL,NO PUBLIC MAHALLA-LEVEL DEMOGRAPHIC SOURCE LOCATED,NULL,NULL,NULL,2026-09-18,"Mahalla-level demography is held in the MFY yagona reyestri (Unified Register of Mahalla Citizens' Assemblies) inside the Raqamli Mahalla system, legal basis CoM Regulation 586 of 15.09.2025. That register is interagency-only and not published. Obtaining it requires a written request to O'zbekiston Mahallalari Uyushmasi. Area is from the official boundary layer, not a demographic source."
UZ-TAS-MFY-182,Tirsakobod mahallasi,Chilonzor,NULL,NULL,NULL,NULL,NULL,NULL,NULL,NULL,NULL,NULL,NULL,NULL,NULL,NULL,NULL,NULL,NULL,NULL,NULL,NULL,NULL,NULL,NULL,NULL,2.5521,255.21,NULL,NO PUBLIC MAHALLA-LEVEL DEMOGRAPHIC SOURCE LOCATED,NULL,NULL,NULL,2026-09-18,"Mahalla-level demography is held in the MFY yagona reyestri (Unified Register of Mahalla Citizens' Assemblies) inside the Raqamli Mahalla system, legal basis CoM Regulation 586 of 15.09.2025. That register is interagency-only and not published. Obtaining it requires a written request to O'zbekiston Mahallalari Uyushmasi. Area is from the official boundary layer, not a demographic source."
UZ-TAS-MFY-183,Bekto'pi mahallasi,Chilonzor,NULL,NULL,NULL,NULL,NULL,NULL,NULL,NULL,NULL,NULL,NULL,NULL,NULL,NULL,NULL,NULL,NULL,NULL,NULL,NULL,NULL,NULL,NULL,NULL,2.0904,209.04,NULL,NO PUBLIC MAHALLA-LEVEL DEMOGRAPHIC SOURCE LOCATED,NULL,NULL,NULL,2026-09-18,"Mahalla-level demography is held in the MFY yagona reyestri (Unified Register of Mahalla Citizens' Assemblies) inside the Raqamli Mahalla system, legal basis CoM Regulation 586 of 15.09.2025. That register is interagency-only and not published. Obtaining it requires a written request to O'zbekiston Mahallalari Uyushmasi. Area is from the official boundary layer, not a demographic source."
UZ-TAS-MFY-184,Beshqo'rg'on mahallasi,Chilonzor,NULL,NULL,NULL,NULL,NULL,NULL,NULL,NULL,NULL,NULL,NULL,NULL,NULL,NULL,NULL,NULL,NULL,NULL,NULL,NULL,NULL,NULL,NULL,NULL,4.9901,499.01,NULL,NO PUBLIC MAHALLA-LEVEL DEMOGRAPHIC SOURCE LOCATED,NULL,NULL,NULL,2026-09-18,"Mahalla-level demography is held in the MFY yagona reyestri (Unified Register of Mahalla Citizens' Assemblies) inside the Raqamli Mahalla system, legal basis CoM Regulation 586 of 15.09.2025. That register is interagency-only and not published. Obtaining it requires a written request to O'zbekiston Mahallalari Uyushmasi. Area is from the official boundary layer, not a demographic source."
UZ-TAS-MFY-185,Lutfiy mahallasi,Chilonzor,NULL,NULL,NULL,NULL,NULL,NULL,NULL,NULL,NULL,NULL,NULL,NULL,NULL,NULL,NULL,NULL,NULL,NULL,NULL,NULL,NULL,NULL,NULL,NULL,0.7844,78.44,NULL,NO PUBLIC MAHALLA-LEVEL DEMOGRAPHIC SOURCE LOCATED,NULL,NULL,NULL,2026-09-18,"Mahalla-level demography is held in the MFY yagona reyestri (Unified Register of Mahalla Citizens' Assemblies) inside the Raqamli Mahalla system, legal basis CoM Regulation 586 of 15.09.2025. That register is interagency-only and not published. Obtaining it requires a written request to O'zbekiston Mahallalari Uyushmasi. Area is from the official boundary layer, not a demographic source."
UZ-TAS-MFY-186,Sharq mahallasi,Chilonzor,NULL,NULL,NULL,NULL,NULL,NULL,NULL,NULL,NULL,NULL,NULL,NULL,NULL,NULL,NULL,NULL,NULL,NULL,NULL,NULL,NULL,NULL,NULL,NULL,0.1864,18.64,NULL,NO PUBLIC MAHALLA-LEVEL DEMOGRAPHIC SOURCE LOCATED,NULL,NULL,NULL,2026-09-18,"Mahalla-level demography is held in the MFY yagona reyestri (Unified Register of Mahalla Citizens' Assemblies) inside the Raqamli Mahalla system, legal basis CoM Regulation 586 of 15.09.2025. That register is interagency-only and not published. Obtaining it requires a written request to O'zbekiston Mahallalari Uyushmasi. Area is from the official boundary layer, not a demographic source."
UZ-TAS-MFY-187,Yakkabog' mahallasi,Chilonzor,NULL,NULL,NULL,NULL,NULL,NULL,NULL,NULL,NULL,NULL,NULL,NULL,NULL,NULL,NULL,NULL,NULL,NULL,NULL,NULL,NULL,NULL,NULL,NULL,0.7391,73.91,NULL,NO PUBLIC MAHALLA-LEVEL DEMOGRAPHIC SOURCE LOCATED,NULL,NULL,NULL,2026-09-18,"Mahalla-level demography is held in the MFY yagona reyestri (Unified Register of Mahalla Citizens' Assemblies) inside the Raqamli Mahalla system, legal basis CoM Regulation 586 of 15.09.2025. That register is interagency-only and not published. Obtaining it requires a written request to O'zbekiston Mahallalari Uyushmasi. Area is from the official boundary layer, not a demographic source."
UZ-TAS-MFY-188,Charx Kamolon-3 mahallasi,Chilonzor,NULL,NULL,NULL,NULL,NULL,NULL,NULL,NULL,NULL,NULL,NULL,NULL,NULL,NULL,NULL,NULL,NULL,NULL,NULL,NULL,NULL,NULL,NULL,NULL,0.5193,51.93,NULL,NO PUBLIC MAHALLA-LEVEL DEMOGRAPHIC SOURCE LOCATED,NULL,NULL,NULL,2026-09-18,"Mahalla-level demography is held in the MFY yagona reyestri (Unified Register of Mahalla Citizens' Assemblies) inside the Raqamli Mahalla system, legal basis CoM Regulation 586 of 15.09.2025. That register is interagency-only and not published. Obtaining it requires a written request to O'zbekiston Mahallalari Uyushmasi. Area is from the official boundary layer, not a demographic source."
UZ-TAS-MFY-189,Dilobod mahallasi,Chilonzor,NULL,NULL,NULL,NULL,NULL,NULL,NULL,NULL,NULL,NULL,NULL,NULL,NULL,NULL,NULL,NULL,NULL,NULL,NULL,NULL,NULL,NULL,NULL,NULL,0.2756,27.56,NULL,NO PUBLIC MAHALLA-LEVEL DEMOGRAPHIC SOURCE LOCATED,NULL,NULL,NULL,2026-09-18,"Mahalla-level demography is held in the MFY yagona reyestri (Unified Register of Mahalla Citizens' Assemblies) inside the Raqamli Mahalla system, legal basis CoM Regulation 586 of 15.09.2025. That register is interagency-only and not published. Obtaining it requires a written request to O'zbekiston Mahallalari Uyushmasi. Area is from the official boundary layer, not a demographic source."
UZ-TAS-MFY-190,Katta Qozirabot mahallasi,Chilonzor,NULL,NULL,NULL,NULL,NULL,NULL,NULL,NULL,NULL,NULL,NULL,NULL,NULL,NULL,NULL,NULL,NULL,NULL,NULL,NULL,NULL,NULL,NULL,NULL,0.6394,63.94,NULL,NO PUBLIC MAHALLA-LEVEL DEMOGRAPHIC SOURCE LOCATED,NULL,NULL,NULL,2026-09-18,"Mahalla-level demography is held in the MFY yagona reyestri (Unified Register of Mahalla Citizens' Assemblies) inside the Raqamli Mahalla system, legal basis CoM Regulation 586 of 15.09.2025. That register is interagency-only and not published. Obtaining it requires a written request to O'zbekiston Mahallalari Uyushmasi. Area is from the official boundary layer, not a demographic source."
UZ-TAS-MFY-191,Beshchinor mahallasi,Chilonzor,NULL,NULL,NULL,NULL,NULL,NULL,NULL,NULL,NULL,NULL,NULL,NULL,NULL,NULL,NULL,NULL,NULL,NULL,NULL,NULL,NULL,NULL,NULL,NULL,0.2662,26.62,NULL,NO PUBLIC MAHALLA-LEVEL DEMOGRAPHIC SOURCE LOCATED,NULL,NULL,NULL,2026-09-18,"Mahalla-level demography is held in the MFY yagona reyestri (Unified Register of Mahalla Citizens' Assemblies) inside the Raqamli Mahalla system, legal basis CoM Regulation 586 of 15.09.2025. That register is interagency-only and not published. Obtaining it requires a written request to O'zbekiston Mahallalari Uyushmasi. Area is from the official boundary layer, not a demographic source."
UZ-TAS-MFY-192,Xayrobod mahallasi,Chilonzor,NULL,NULL,NULL,NULL,NULL,NULL,NULL,NULL,NULL,NULL,NULL,NULL,NULL,NULL,NULL,NULL,NULL,NULL,NULL,NULL,NULL,NULL,NULL,NULL,0.394,39.4,NULL,NO PUBLIC MAHALLA-LEVEL DEMOGRAPHIC SOURCE LOCATED,NULL,NULL,NULL,2026-09-18,"Mahalla-level demography is held in the MFY yagona reyestri (Unified Register of Mahalla Citizens' Assemblies) inside the Raqamli Mahalla system, legal basis CoM Regulation 586 of 15.09.2025. That register is interagency-only and not published. Obtaining it requires a written request to O'zbekiston Mahallalari Uyushmasi. Area is from the official boundary layer, not a demographic source."
UZ-TAS-MFY-193,Xonto'pi mahallasi,Chilonzor,NULL,NULL,NULL,NULL,NULL,NULL,NULL,NULL,NULL,NULL,NULL,NULL,NULL,NULL,NULL,NULL,NULL,NULL,NULL,NULL,NULL,NULL,NULL,NULL,0.3235,32.35,NULL,NO PUBLIC MAHALLA-LEVEL DEMOGRAPHIC SOURCE LOCATED,NULL,NULL,NULL,2026-09-18,"Mahalla-level demography is held in the MFY yagona reyestri (Unified Register of Mahalla Citizens' Assemblies) inside the Raqamli Mahalla system, legal basis CoM Regulation 586 of 15.09.2025. That register is interagency-only and not published. Obtaining it requires a written request to O'zbekiston Mahallalari Uyushmasi. Area is from the official boundary layer, not a demographic source."
UZ-TAS-MFY-194,Katta Chilonzor-2 mahallasi,Chilonzor,NULL,NULL,NULL,NULL,NULL,NULL,NULL,NULL,NULL,NULL,NULL,NULL,NULL,NULL,NULL,NULL,NULL,NULL,NULL,NULL,NULL,NULL,NULL,NULL,0.5382,53.82,NULL,NO PUBLIC MAHALLA-LEVEL DEMOGRAPHIC SOURCE LOCATED,NULL,NULL,NULL,2026-09-18,"Mahalla-level demography is held in the MFY yagona reyestri (Unified Register of Mahalla Citizens' Assemblies) inside the Raqamli Mahalla system, legal basis CoM Regulation 586 of 15.09.2025. That register is interagency-only and not published. Obtaining it requires a written request to O'zbekiston Mahallalari Uyushmasi. Area is from the official boundary layer, not a demographic source."
UZ-TAS-MFY-195,Bog'zor mahallasi,Chilonzor,NULL,NULL,NULL,NULL,NULL,NULL,NULL,NULL,NULL,NULL,NULL,NULL,NULL,NULL,NULL,NULL,NULL,NULL,NULL,NULL,NULL,NULL,NULL,NULL,0.2088,20.88,NULL,NO PUBLIC MAHALLA-LEVEL DEMOGRAPHIC SOURCE LOCATED,NULL,NULL,NULL,2026-09-18,"Mahalla-level demography is held in the MFY yagona reyestri (Unified Register of Mahalla Citizens' Assemblies) inside the Raqamli Mahalla system, legal basis CoM Regulation 586 of 15.09.2025. That register is interagency-only and not published. Obtaining it requires a written request to O'zbekiston Mahallalari Uyushmasi. Area is from the official boundary layer, not a demographic source."
UZ-TAS-MFY-196,Bahoriston mahallasi,Chilonzor,NULL,NULL,NULL,NULL,NULL,NULL,NULL,NULL,NULL,NULL,NULL,NULL,NULL,NULL,NULL,NULL,NULL,NULL,NULL,NULL,NULL,NULL,NULL,NULL,0.1535,15.35,NULL,NO PUBLIC MAHALLA-LEVEL DEMOGRAPHIC SOURCE LOCATED,NULL,NULL,NULL,2026-09-18,"Mahalla-level demography is held in the MFY yagona reyestri (Unified Register of Mahalla Citizens' Assemblies) inside the Raqamli Mahalla system, legal basis CoM Regulation 586 of 15.09.2025. That register is interagency-only and not published. Obtaining it requires a written request to O'zbekiston Mahallalari Uyushmasi. Area is from the official boundary layer, not a demographic source."
UZ-TAS-MFY-197,Yakkatut mahallasi,Chilonzor,NULL,NULL,NULL,NULL,NULL,NULL,NULL,NULL,NULL,NULL,NULL,NULL,NULL,NULL,NULL,NULL,NULL,NULL,NULL,NULL,NULL,NULL,NULL,NULL,0.3784,37.84,NULL,NO PUBLIC MAHALLA-LEVEL DEMOGRAPHIC SOURCE LOCATED,NULL,NULL,NULL,2026-09-18,"Mahalla-level demography is held in the MFY yagona reyestri (Unified Register of Mahalla Citizens' Assemblies) inside the Raqamli Mahalla system, legal basis CoM Regulation 586 of 15.09.2025. That register is interagency-only and not published. Obtaining it requires a written request to O'zbekiston Mahallalari Uyushmasi. Area is from the official boundary layer, not a demographic source."
UZ-TAS-MFY-198,Do'mbirobod mahallasi,Chilonzor,NULL,NULL,NULL,NULL,NULL,NULL,NULL,NULL,NULL,NULL,NULL,NULL,NULL,NULL,NULL,NULL,NULL,NULL,NULL,NULL,NULL,NULL,NULL,NULL,0.5363,53.63,NULL,NO PUBLIC MAHALLA-LEVEL DEMOGRAPHIC SOURCE LOCATED,NULL,NULL,NULL,2026-09-18,"Mahalla-level demography is held in the MFY yagona reyestri (Unified Register of Mahalla Citizens' Assemblies) inside the Raqamli Mahalla system, legal basis CoM Regulation 586 of 15.09.2025. That register is interagency-only and not published. Obtaining it requires a written request to O'zbekiston Mahallalari Uyushmasi. Area is from the official boundary layer, not a demographic source."
UZ-TAS-MFY-199,Katta Do'mbirobod mahallasi,Chilonzor,NULL,NULL,NULL,NULL,NULL,NULL,NULL,NULL,NULL,NULL,NULL,NULL,NULL,NULL,NULL,NULL,NULL,NULL,NULL,NULL,NULL,NULL,NULL,NULL,1.0565,105.65,NULL,NO PUBLIC MAHALLA-LEVEL DEMOGRAPHIC SOURCE LOCATED,NULL,NULL,NULL,2026-09-18,"Mahalla-level demography is held in the MFY yagona reyestri (Unified Register of Mahalla Citizens' Assemblies) inside the Raqamli Mahalla system, legal basis CoM Regulation 586 of 15.09.2025. That register is interagency-only and not published. Obtaining it requires a written request to O'zbekiston Mahallalari Uyushmasi. Area is from the official boundary layer, not a demographic source."
UZ-TAS-MFY-200,Zarqo'rg'on mahallasi,Chilonzor,NULL,NULL,NULL,NULL,NULL,NULL,NULL,NULL,NULL,NULL,NULL,NULL,NULL,NULL,NULL,NULL,NULL,NULL,NULL,NULL,NULL,NULL,NULL,NULL,0.196,19.6,NULL,NO PUBLIC MAHALLA-LEVEL DEMOGRAPHIC SOURCE LOCATED,NULL,NULL,NULL,2026-09-18,"Mahalla-level demography is held in the MFY yagona reyestri (Unified Register of Mahalla Citizens' Assemblies) inside the Raqamli Mahalla system, legal basis CoM Regulation 586 of 15.09.2025. That register is interagency-only and not published. Obtaining it requires a written request to O'zbekiston Mahallalari Uyushmasi. Area is from the official boundary layer, not a demographic source."
UZ-TAS-MFY-201,Qatortol-2 mahallasi,Chilonzor,NULL,NULL,NULL,NULL,NULL,NULL,NULL,NULL,NULL,NULL,NULL,NULL,NULL,NULL,NULL,NULL,NULL,NULL,NULL,NULL,NULL,NULL,NULL,NULL,0.1783,17.83,NULL,NO PUBLIC MAHALLA-LEVEL DEMOGRAPHIC SOURCE LOCATED,NULL,NULL,NULL,2026-09-18,"Mahalla-level demography is held in the MFY yagona reyestri (Unified Register of Mahalla Citizens' Assemblies) inside the Raqamli Mahalla system, legal basis CoM Regulation 586 of 15.09.2025. That register is interagency-only and not published. Obtaining it requires a written request to O'zbekiston Mahallalari Uyushmasi. Area is from the official boundary layer, not a demographic source."
UZ-TAS-MFY-202,Ko'tarma mahallasi,Chilonzor,NULL,NULL,NULL,NULL,NULL,NULL,NULL,NULL,NULL,NULL,NULL,NULL,NULL,NULL,NULL,NULL,NULL,NULL,NULL,NULL,NULL,NULL,NULL,NULL,0.342,34.2,NULL,NO PUBLIC MAHALLA-LEVEL DEMOGRAPHIC SOURCE LOCATED,NULL,NULL,NULL,2026-09-18,"Mahalla-level demography is held in the MFY yagona reyestri (Unified Register of Mahalla Citizens' Assemblies) inside the Raqamli Mahalla system, legal basis CoM Regulation 586 of 15.09.2025. That register is interagency-only and not published. Obtaining it requires a written request to O'zbekiston Mahallalari Uyushmasi. Area is from the official boundary layer, not a demographic source."
UZ-TAS-MFY-203,Katta Xirmontepa mahallasi,Chilonzor,NULL,NULL,NULL,NULL,NULL,NULL,NULL,NULL,NULL,NULL,NULL,NULL,NULL,NULL,NULL,NULL,NULL,NULL,NULL,NULL,NULL,NULL,NULL,NULL,0.2638,26.38,NULL,NO PUBLIC MAHALLA-LEVEL DEMOGRAPHIC SOURCE LOCATED,NULL,NULL,NULL,2026-09-18,"Mahalla-level demography is held in the MFY yagona reyestri (Unified Register of Mahalla Citizens' Assemblies) inside the Raqamli Mahalla system, legal basis CoM Regulation 586 of 15.09.2025. That register is interagency-only and not published. Obtaining it requires a written request to O'zbekiston Mahallalari Uyushmasi. Area is from the official boundary layer, not a demographic source."
UZ-TAS-MFY-204,Katta Chilonzor-1 mahallasi,Chilonzor,NULL,NULL,NULL,NULL,NULL,NULL,NULL,NULL,NULL,NULL,NULL,NULL,NULL,NULL,NULL,NULL,NULL,NULL,NULL,NULL,NULL,NULL,NULL,NULL,0.5348,53.48,NULL,NO PUBLIC MAHALLA-LEVEL DEMOGRAPHIC SOURCE LOCATED,NULL,NULL,NULL,2026-09-18,"Mahalla-level demography is held in the MFY yagona reyestri (Unified Register of Mahalla Citizens' Assemblies) inside the Raqamli Mahalla system, legal basis CoM Regulation 586 of 15.09.2025. That register is interagency-only and not published. Obtaining it requires a written request to O'zbekiston Mahallalari Uyushmasi. Area is from the official boundary layer, not a demographic source."
UZ-TAS-MFY-205,Katta Navbahor mahallasi,Chilonzor,NULL,NULL,NULL,NULL,NULL,NULL,NULL,NULL,NULL,NULL,NULL,NULL,NULL,NULL,NULL,NULL,NULL,NULL,NULL,NULL,NULL,NULL,NULL,NULL,0.387,38.7,NULL,NO PUBLIC MAHALLA-LEVEL DEMOGRAPHIC SOURCE LOCATED,NULL,NULL,NULL,2026-09-18,"Mahalla-level demography is held in the MFY yagona reyestri (Unified Register of Mahalla Citizens' Assemblies) inside the Raqamli Mahalla system, legal basis CoM Regulation 586 of 15.09.2025. That register is interagency-only and not published. Obtaining it requires a written request to O'zbekiston Mahallalari Uyushmasi. Area is from the official boundary layer, not a demographic source."
UZ-TAS-MFY-206,Mehrjon mahallasi,Chilonzor,NULL,NULL,NULL,NULL,NULL,NULL,NULL,NULL,NULL,NULL,NULL,NULL,NULL,NULL,NULL,NULL,NULL,NULL,NULL,NULL,NULL,NULL,NULL,NULL,0.1621,16.21,NULL,NO PUBLIC MAHALLA-LEVEL DEMOGRAPHIC SOURCE LOCATED,NULL,NULL,NULL,2026-09-18,"Mahalla-level demography is held in the MFY yagona reyestri (Unified Register of Mahalla Citizens' Assemblies) inside the Raqamli Mahalla system, legal basis CoM Regulation 586 of 15.09.2025. That register is interagency-only and not published. Obtaining it requires a written request to O'zbekiston Mahallalari Uyushmasi. Area is from the official boundary layer, not a demographic source."
UZ-TAS-MFY-207,Chilonzor-Oqtepa mahallasi,Chilonzor,NULL,NULL,NULL,NULL,NULL,NULL,NULL,NULL,NULL,NULL,NULL,NULL,NULL,NULL,NULL,NULL,NULL,NULL,NULL,NULL,NULL,NULL,NULL,NULL,0.2008,20.08,NULL,NO PUBLIC MAHALLA-LEVEL DEMOGRAPHIC SOURCE LOCATED,NULL,NULL,NULL,2026-09-18,"Mahalla-level demography is held in the MFY yagona reyestri (Unified Register of Mahalla Citizens' Assemblies) inside the Raqamli Mahalla system, legal basis CoM Regulation 586 of 15.09.2025. That register is interagency-only and not published. Obtaining it requires a written request to O'zbekiston Mahallalari Uyushmasi. Area is from the official boundary layer, not a demographic source."
UZ-TAS-MFY-208,Navbahor mahallasi,Chilonzor,NULL,NULL,NULL,NULL,NULL,NULL,NULL,NULL,NULL,NULL,NULL,NULL,NULL,NULL,NULL,NULL,NULL,NULL,NULL,NULL,NULL,NULL,NULL,NULL,0.3852,38.52,NULL,NO PUBLIC MAHALLA-LEVEL DEMOGRAPHIC SOURCE LOCATED,NULL,NULL,NULL,2026-09-18,"Mahalla-level demography is held in the MFY yagona reyestri (Unified Register of Mahalla Citizens' Assemblies) inside the Raqamli Mahalla system, legal basis CoM Regulation 586 of 15.09.2025. That register is interagency-only and not published. Obtaining it requires a written request to O'zbekiston Mahallalari Uyushmasi. Area is from the official boundary layer, not a demographic source."
UZ-TAS-MFY-209,Mevazor mahallasi,Chilonzor,NULL,NULL,NULL,NULL,NULL,NULL,NULL,NULL,NULL,NULL,NULL,NULL,NULL,NULL,NULL,NULL,NULL,NULL,NULL,NULL,NULL,NULL,NULL,NULL,0.3185,31.85,NULL,NO PUBLIC MAHALLA-LEVEL DEMOGRAPHIC SOURCE LOCATED,NULL,NULL,NULL,2026-09-18,"Mahalla-level demography is held in the MFY yagona reyestri (Unified Register of Mahalla Citizens' Assemblies) inside the Raqamli Mahalla system, legal basis CoM Regulation 586 of 15.09.2025. That register is interagency-only and not published. Obtaining it requires a written request to O'zbekiston Mahallalari Uyushmasi. Area is from the official boundary layer, not a demographic source."
UZ-TAS-MFY-210,Katta Olmazor mahallasi,Chilonzor,NULL,NULL,NULL,NULL,NULL,NULL,NULL,NULL,NULL,NULL,NULL,NULL,NULL,NULL,NULL,NULL,NULL,NULL,NULL,NULL,NULL,NULL,NULL,NULL,0.1464,14.64,NULL,NO PUBLIC MAHALLA-LEVEL DEMOGRAPHIC SOURCE LOCATED,NULL,NULL,NULL,2026-09-18,"Mahalla-level demography is held in the MFY yagona reyestri (Unified Register of Mahalla Citizens' Assemblies) inside the Raqamli Mahalla system, legal basis CoM Regulation 586 of 15.09.2025. That register is interagency-only and not published. Obtaining it requires a written request to O'zbekiston Mahallalari Uyushmasi. Area is from the official boundary layer, not a demographic source."
UZ-TAS-MFY-211,Fidokor mahallasi,Chilonzor,NULL,NULL,NULL,NULL,NULL,NULL,NULL,NULL,NULL,NULL,NULL,NULL,NULL,NULL,NULL,NULL,NULL,NULL,NULL,NULL,NULL,NULL,NULL,NULL,0.1779,17.79,NULL,NO PUBLIC MAHALLA-LEVEL DEMOGRAPHIC SOURCE LOCATED,NULL,NULL,NULL,2026-09-18,"Mahalla-level demography is held in the MFY yagona reyestri (Unified Register of Mahalla Citizens' Assemblies) inside the Raqamli Mahalla system, legal basis CoM Regulation 586 of 15.09.2025. That register is interagency-only and not published. Obtaining it requires a written request to O'zbekiston Mahallalari Uyushmasi. Area is from the official boundary layer, not a demographic source."
UZ-TAS-MFY-212,Xalqlar do'stligi mahallasi,Chilonzor,NULL,NULL,NULL,NULL,NULL,NULL,NULL,NULL,NULL,NULL,NULL,NULL,NULL,NULL,NULL,NULL,NULL,NULL,NULL,NULL,NULL,NULL,NULL,NULL,0.1906,19.06,NULL,NO PUBLIC MAHALLA-LEVEL DEMOGRAPHIC SOURCE LOCATED,NULL,NULL,NULL,2026-09-18,"Mahalla-level demography is held in the MFY yagona reyestri (Unified Register of Mahalla Citizens' Assemblies) inside the Raqamli Mahalla system, legal basis CoM Regulation 586 of 15.09.2025. That register is interagency-only and not published. Obtaining it requires a written request to O'zbekiston Mahallalari Uyushmasi. Area is from the official boundary layer, not a demographic source."
UZ-TAS-MFY-213,Sharq tongi mahallasi,Chilonzor,NULL,NULL,NULL,NULL,NULL,NULL,NULL,NULL,NULL,NULL,NULL,NULL,NULL,NULL,NULL,NULL,NULL,NULL,NULL,NULL,NULL,NULL,NULL,NULL,0.3285,32.85,NULL,NO PUBLIC MAHALLA-LEVEL DEMOGRAPHIC SOURCE LOCATED,NULL,NULL,NULL,2026-09-18,"Mahalla-level demography is held in the MFY yagona reyestri (Unified Register of Mahalla Citizens' Assemblies) inside the Raqamli Mahalla system, legal basis CoM Regulation 586 of 15.09.2025. That register is interagency-only and not published. Obtaining it requires a written request to O'zbekiston Mahallalari Uyushmasi. Area is from the official boundary layer, not a demographic source."
UZ-TAS-MFY-214,Charx Kamolon-2 mahallasi,Chilonzor,NULL,NULL,NULL,NULL,NULL,NULL,NULL,NULL,NULL,NULL,NULL,NULL,NULL,NULL,NULL,NULL,NULL,NULL,NULL,NULL,NULL,NULL,NULL,NULL,0.482,48.2,NULL,NO PUBLIC MAHALLA-LEVEL DEMOGRAPHIC SOURCE LOCATED,NULL,NULL,NULL,2026-09-18,"Mahalla-level demography is held in the MFY yagona reyestri (Unified Register of Mahalla Citizens' Assemblies) inside the Raqamli Mahalla system, legal basis CoM Regulation 586 of 15.09.2025. That register is interagency-only and not published. Obtaining it requires a written request to O'zbekiston Mahallalari Uyushmasi. Area is from the official boundary layer, not a demographic source."
UZ-TAS-MFY-215,Sharaf mahallasi,Chilonzor,NULL,NULL,NULL,NULL,NULL,NULL,NULL,NULL,NULL,NULL,NULL,NULL,NULL,NULL,NULL,NULL,NULL,NULL,NULL,NULL,NULL,NULL,NULL,NULL,0.1019,10.19,NULL,NO PUBLIC MAHALLA-LEVEL DEMOGRAPHIC SOURCE LOCATED,NULL,NULL,NULL,2026-09-18,"Mahalla-level demography is held in the MFY yagona reyestri (Unified Register of Mahalla Citizens' Assemblies) inside the Raqamli Mahalla system, legal basis CoM Regulation 586 of 15.09.2025. That register is interagency-only and not published. Obtaining it requires a written request to O'zbekiston Mahallalari Uyushmasi. Area is from the official boundary layer, not a demographic source."
UZ-TAS-MFY-216,Xirmontepa mahallasi,Chilonzor,NULL,NULL,NULL,NULL,NULL,NULL,NULL,NULL,NULL,NULL,NULL,NULL,NULL,NULL,NULL,NULL,NULL,NULL,NULL,NULL,NULL,NULL,NULL,NULL,0.1819,18.19,NULL,NO PUBLIC MAHALLA-LEVEL DEMOGRAPHIC SOURCE LOCATED,NULL,NULL,NULL,2026-09-18,"Mahalla-level demography is held in the MFY yagona reyestri (Unified Register of Mahalla Citizens' Assemblies) inside the Raqamli Mahalla system, legal basis CoM Regulation 586 of 15.09.2025. That register is interagency-only and not published. Obtaining it requires a written request to O'zbekiston Mahallalari Uyushmasi. Area is from the official boundary layer, not a demographic source."
UZ-TAS-MFY-217,Botirma mahallasi,Chilonzor,NULL,NULL,NULL,NULL,NULL,NULL,NULL,NULL,NULL,NULL,NULL,NULL,NULL,NULL,NULL,NULL,NULL,NULL,NULL,NULL,NULL,NULL,NULL,NULL,0.3219,32.19,NULL,NO PUBLIC MAHALLA-LEVEL DEMOGRAPHIC SOURCE LOCATED,NULL,NULL,NULL,2026-09-18,"Mahalla-level demography is held in the MFY yagona reyestri (Unified Register of Mahalla Citizens' Assemblies) inside the Raqamli Mahalla system, legal basis CoM Regulation 586 of 15.09.2025. That register is interagency-only and not published. Obtaining it requires a written request to O'zbekiston Mahallalari Uyushmasi. Area is from the official boundary layer, not a demographic source."
UZ-TAS-MFY-218,Kichik Xirmontepa mahallasi,Chilonzor,NULL,NULL,NULL,NULL,NULL,NULL,NULL,NULL,NULL,NULL,NULL,NULL,NULL,NULL,NULL,NULL,NULL,NULL,NULL,NULL,NULL,NULL,NULL,NULL,0.2655,26.55,NULL,NO PUBLIC MAHALLA-LEVEL DEMOGRAPHIC SOURCE LOCATED,NULL,NULL,NULL,2026-09-18,"Mahalla-level demography is held in the MFY yagona reyestri (Unified Register of Mahalla Citizens' Assemblies) inside the Raqamli Mahalla system, legal basis CoM Regulation 586 of 15.09.2025. That register is interagency-only and not published. Obtaining it requires a written request to O'zbekiston Mahallalari Uyushmasi. Area is from the official boundary layer, not a demographic source."
UZ-TAS-MFY-219,Nafosat mahallasi,Chilonzor,NULL,NULL,NULL,NULL,NULL,NULL,NULL,NULL,NULL,NULL,NULL,NULL,NULL,NULL,NULL,NULL,NULL,NULL,NULL,NULL,NULL,NULL,NULL,NULL,0.1664,16.64,NULL,NO PUBLIC MAHALLA-LEVEL DEMOGRAPHIC SOURCE LOCATED,NULL,NULL,NULL,2026-09-18,"Mahalla-level demography is held in the MFY yagona reyestri (Unified Register of Mahalla Citizens' Assemblies) inside the Raqamli Mahalla system, legal basis CoM Regulation 586 of 15.09.2025. That register is interagency-only and not published. Obtaining it requires a written request to O'zbekiston Mahallalari Uyushmasi. Area is from the official boundary layer, not a demographic source."
UZ-TAS-MFY-220,Naqqoshlik mahallasi,Chilonzor,NULL,NULL,NULL,NULL,NULL,NULL,NULL,NULL,NULL,NULL,NULL,NULL,NULL,NULL,NULL,NULL,NULL,NULL,NULL,NULL,NULL,NULL,NULL,NULL,0.4359,43.59,NULL,NO PUBLIC MAHALLA-LEVEL DEMOGRAPHIC SOURCE LOCATED,NULL,NULL,NULL,2026-09-18,"Mahalla-level demography is held in the MFY yagona reyestri (Unified Register of Mahalla Citizens' Assemblies) inside the Raqamli Mahalla system, legal basis CoM Regulation 586 of 15.09.2025. That register is interagency-only and not published. Obtaining it requires a written request to O'zbekiston Mahallalari Uyushmasi. Area is from the official boundary layer, not a demographic source."
UZ-TAS-MFY-221,Qatortol mahallasi,Chilonzor,NULL,NULL,NULL,NULL,NULL,NULL,NULL,NULL,NULL,NULL,NULL,NULL,NULL,NULL,NULL,NULL,NULL,NULL,NULL,NULL,NULL,NULL,NULL,NULL,0.3561,35.61,NULL,NO PUBLIC MAHALLA-LEVEL DEMOGRAPHIC SOURCE LOCATED,NULL,NULL,NULL,2026-09-18,"Mahalla-level demography is held in the MFY yagona reyestri (Unified Register of Mahalla Citizens' Assemblies) inside the Raqamli Mahalla system, legal basis CoM Regulation 586 of 15.09.2025. That register is interagency-only and not published. Obtaining it requires a written request to O'zbekiston Mahallalari Uyushmasi. Area is from the official boundary layer, not a demographic source."
UZ-TAS-MFY-222,Shuhrat mahallasi,Chilonzor,NULL,NULL,NULL,NULL,NULL,NULL,NULL,NULL,NULL,NULL,NULL,NULL,NULL,NULL,NULL,NULL,NULL,NULL,NULL,NULL,NULL,NULL,NULL,NULL,0.214,21.4,NULL,NO PUBLIC MAHALLA-LEVEL DEMOGRAPHIC SOURCE LOCATED,NULL,NULL,NULL,2026-09-18,"Mahalla-level demography is held in the MFY yagona reyestri (Unified Register of Mahalla Citizens' Assemblies) inside the Raqamli Mahalla system, legal basis CoM Regulation 586 of 15.09.2025. That register is interagency-only and not published. Obtaining it requires a written request to O'zbekiston Mahallalari Uyushmasi. Area is from the official boundary layer, not a demographic source."
UZ-TAS-MFY-223,Cho'ponota mahallasi,Chilonzor,NULL,NULL,NULL,NULL,NULL,NULL,NULL,NULL,NULL,NULL,NULL,NULL,NULL,NULL,NULL,NULL,NULL,NULL,NULL,NULL,NULL,NULL,NULL,NULL,0.2201,22.01,NULL,NO PUBLIC MAHALLA-LEVEL DEMOGRAPHIC SOURCE LOCATED,NULL,NULL,NULL,2026-09-18,"Mahalla-level demography is held in the MFY yagona reyestri (Unified Register of Mahalla Citizens' Assemblies) inside the Raqamli Mahalla system, legal basis CoM Regulation 586 of 15.09.2025. That register is interagency-only and not published. Obtaining it requires a written request to O'zbekiston Mahallalari Uyushmasi. Area is from the official boundary layer, not a demographic source."
UZ-TAS-MFY-224,Qatortol-1 mahallasi,Chilonzor,NULL,NULL,NULL,NULL,NULL,NULL,NULL,NULL,NULL,NULL,NULL,NULL,NULL,NULL,NULL,NULL,NULL,NULL,NULL,NULL,NULL,NULL,NULL,NULL,0.2744,27.44,NULL,NO PUBLIC MAHALLA-LEVEL DEMOGRAPHIC SOURCE LOCATED,NULL,NULL,NULL,2026-09-18,"Mahalla-level demography is held in the MFY yagona reyestri (Unified Register of Mahalla Citizens' Assemblies) inside the Raqamli Mahalla system, legal basis CoM Regulation 586 of 15.09.2025. That register is interagency-only and not published. Obtaining it requires a written request to O'zbekiston Mahallalari Uyushmasi. Area is from the official boundary layer, not a demographic source."
UZ-TAS-MFY-225,Beshyog'och mahallasi,Chilonzor,NULL,NULL,NULL,NULL,NULL,NULL,NULL,NULL,NULL,NULL,NULL,NULL,NULL,NULL,NULL,NULL,NULL,NULL,NULL,NULL,NULL,NULL,NULL,NULL,2.1796,217.96,NULL,NO PUBLIC MAHALLA-LEVEL DEMOGRAPHIC SOURCE LOCATED,NULL,NULL,NULL,2026-09-18,"Mahalla-level demography is held in the MFY yagona reyestri (Unified Register of Mahalla Citizens' Assemblies) inside the Raqamli Mahalla system, legal basis CoM Regulation 586 of 15.09.2025. That register is interagency-only and not published. Obtaining it requires a written request to O'zbekiston Mahallalari Uyushmasi. Area is from the official boundary layer, not a demographic source."
UZ-TAS-MFY-226,Chilonzor mahallasi,Chilonzor,NULL,NULL,NULL,NULL,NULL,NULL,NULL,NULL,NULL,NULL,NULL,NULL,NULL,NULL,NULL,NULL,NULL,NULL,NULL,NULL,NULL,NULL,NULL,NULL,0.808,80.8,NULL,NO PUBLIC MAHALLA-LEVEL DEMOGRAPHIC SOURCE LOCATED,NULL,NULL,NULL,2026-09-18,"Mahalla-level demography is held in the MFY yagona reyestri (Unified Register of Mahalla Citizens' Assemblies) inside the Raqamli Mahalla system, legal basis CoM Regulation 586 of 15.09.2025. That register is interagency-only and not published. Obtaining it requires a written request to O'zbekiston Mahallalari Uyushmasi. Area is from the official boundary layer, not a demographic source."
UZ-TAS-MFY-227,Novza mahallasi,Chilonzor,NULL,NULL,NULL,NULL,NULL,NULL,NULL,NULL,NULL,NULL,NULL,NULL,NULL,NULL,NULL,NULL,NULL,NULL,NULL,NULL,NULL,NULL,NULL,NULL,0.6016,60.16,NULL,NO PUBLIC MAHALLA-LEVEL DEMOGRAPHIC SOURCE LOCATED,NULL,NULL,NULL,2026-09-18,"Mahalla-level demography is held in the MFY yagona reyestri (Unified Register of Mahalla Citizens' Assemblies) inside the Raqamli Mahalla system, legal basis CoM Regulation 586 of 15.09.2025. That register is interagency-only and not published. Obtaining it requires a written request to O'zbekiston Mahallalari Uyushmasi. Area is from the official boundary layer, not a demographic source."
UZ-TAS-MFY-228,Charx Kamolon-1 mahallasi,Chilonzor,NULL,NULL,NULL,NULL,NULL,NULL,NULL,NULL,NULL,NULL,NULL,NULL,NULL,NULL,NULL,NULL,NULL,NULL,NULL,NULL,NULL,NULL,NULL,NULL,0.3922,39.22,NULL,NO PUBLIC MAHALLA-LEVEL DEMOGRAPHIC SOURCE LOCATED,NULL,NULL,NULL,2026-09-18,"Mahalla-level demography is held in the MFY yagona reyestri (Unified Register of Mahalla Citizens' Assemblies) inside the Raqamli Mahalla system, legal basis CoM Regulation 586 of 15.09.2025. That register is interagency-only and not published. Obtaining it requires a written request to O'zbekiston Mahallalari Uyushmasi. Area is from the official boundary layer, not a demographic source."
UZ-TAS-MFY-229,Ko'rkam mahallasi,Chilonzor,NULL,NULL,NULL,NULL,NULL,NULL,NULL,NULL,NULL,NULL,NULL,NULL,NULL,NULL,NULL,NULL,NULL,NULL,NULL,NULL,NULL,NULL,NULL,NULL,0.3461,34.61,NULL,NO PUBLIC MAHALLA-LEVEL DEMOGRAPHIC SOURCE LOCATED,NULL,NULL,NULL,2026-09-18,"Mahalla-level demography is held in the MFY yagona reyestri (Unified Register of Mahalla Citizens' Assemblies) inside the Raqamli Mahalla system, legal basis CoM Regulation 586 of 15.09.2025. That register is interagency-only and not published. Obtaining it requires a written request to O'zbekiston Mahallalari Uyushmasi. Area is from the official boundary layer, not a demographic source."
UZ-TAS-MFY-230,Diyor mahallasi,Chilonzor,NULL,NULL,NULL,NULL,NULL,NULL,NULL,NULL,NULL,NULL,NULL,NULL,NULL,NULL,NULL,NULL,NULL,NULL,NULL,NULL,NULL,NULL,NULL,NULL,0.3078,30.78,NULL,NO PUBLIC MAHALLA-LEVEL DEMOGRAPHIC SOURCE LOCATED,NULL,NULL,NULL,2026-09-18,"Mahalla-level demography is held in the MFY yagona reyestri (Unified Register of Mahalla Citizens' Assemblies) inside the Raqamli Mahalla system, legal basis CoM Regulation 586 of 15.09.2025. That register is interagency-only and not published. Obtaining it requires a written request to O'zbekiston Mahallalari Uyushmasi. Area is from the official boundary layer, not a demographic source."
UZ-TAS-MFY-231,Qozirabot mahallasi,Chilonzor,NULL,NULL,NULL,NULL,NULL,NULL,NULL,NULL,NULL,NULL,NULL,NULL,NULL,NULL,NULL,NULL,NULL,NULL,NULL,NULL,NULL,NULL,NULL,NULL,0.9759,97.59,NULL,NO PUBLIC MAHALLA-LEVEL DEMOGRAPHIC SOURCE LOCATED,NULL,NULL,NULL,2026-09-18,"Mahalla-level demography is held in the MFY yagona reyestri (Unified Register of Mahalla Citizens' Assemblies) inside the Raqamli Mahalla system, legal basis CoM Regulation 586 of 15.09.2025. That register is interagency-only and not published. Obtaining it requires a written request to O'zbekiston Mahallalari Uyushmasi. Area is from the official boundary layer, not a demographic source."
UZ-TAS-MFY-232,Katta Chilonzor-3 mahallasi,Chilonzor,NULL,NULL,NULL,NULL,NULL,NULL,NULL,NULL,NULL,NULL,NULL,NULL,NULL,NULL,NULL,NULL,NULL,NULL,NULL,NULL,NULL,NULL,NULL,NULL,0.4462,44.62,NULL,NO PUBLIC MAHALLA-LEVEL DEMOGRAPHIC SOURCE LOCATED,NULL,NULL,NULL,2026-09-18,"Mahalla-level demography is held in the MFY yagona reyestri (Unified Register of Mahalla Citizens' Assemblies) inside the Raqamli Mahalla system, legal basis CoM Regulation 586 of 15.09.2025. That register is interagency-only and not published. Obtaining it requires a written request to O'zbekiston Mahallalari Uyushmasi. Area is from the official boundary layer, not a demographic source."
UZ-TAS-MFY-233,Tepa mahallasi,Yakkasaroy,NULL,NULL,NULL,NULL,NULL,NULL,NULL,NULL,NULL,NULL,NULL,NULL,NULL,NULL,NULL,NULL,NULL,NULL,NULL,NULL,NULL,NULL,NULL,NULL,0.3664,36.64,NULL,NO PUBLIC MAHALLA-LEVEL DEMOGRAPHIC SOURCE LOCATED,NULL,NULL,NULL,2026-09-18,"Mahalla-level demography is held in the MFY yagona reyestri (Unified Register of Mahalla Citizens' Assemblies) inside the Raqamli Mahalla system, legal basis CoM Regulation 586 of 15.09.2025. That register is interagency-only and not published. Obtaining it requires a written request to O'zbekiston Mahallalari Uyushmasi. Area is from the official boundary layer, not a demographic source."
UZ-TAS-MFY-234,Bog'saroy mahallasi,Yakkasaroy,NULL,NULL,NULL,NULL,NULL,NULL,NULL,NULL,NULL,NULL,NULL,NULL,NULL,NULL,NULL,NULL,NULL,NULL,NULL,NULL,NULL,NULL,NULL,NULL,0.5177,51.77,NULL,NO PUBLIC MAHALLA-LEVEL DEMOGRAPHIC SOURCE LOCATED,NULL,NULL,NULL,2026-09-18,"Mahalla-level demography is held in the MFY yagona reyestri (Unified Register of Mahalla Citizens' Assemblies) inside the Raqamli Mahalla system, legal basis CoM Regulation 586 of 15.09.2025. That register is interagency-only and not published. Obtaining it requires a written request to O'zbekiston Mahallalari Uyushmasi. Area is from the official boundary layer, not a demographic source."
UZ-TAS-MFY-235,Abdulla Qahhor mahallasi,Yakkasaroy,NULL,NULL,NULL,NULL,NULL,NULL,NULL,NULL,NULL,NULL,NULL,NULL,NULL,NULL,NULL,NULL,NULL,NULL,NULL,NULL,NULL,NULL,NULL,NULL,0.4784,47.84,NULL,NO PUBLIC MAHALLA-LEVEL DEMOGRAPHIC SOURCE LOCATED,NULL,NULL,NULL,2026-09-18,"Mahalla-level demography is held in the MFY yagona reyestri (Unified Register of Mahalla Citizens' Assemblies) inside the Raqamli Mahalla system, legal basis CoM Regulation 586 of 15.09.2025. That register is interagency-only and not published. Obtaining it requires a written request to O'zbekiston Mahallalari Uyushmasi. Area is from the official boundary layer, not a demographic source."
UZ-TAS-MFY-236,Rakat mahallasi,Yakkasaroy,NULL,NULL,NULL,NULL,NULL,NULL,NULL,NULL,NULL,NULL,NULL,NULL,NULL,NULL,NULL,NULL,NULL,NULL,NULL,NULL,NULL,NULL,NULL,NULL,0.6215,62.15,NULL,NO PUBLIC MAHALLA-LEVEL DEMOGRAPHIC SOURCE LOCATED,NULL,NULL,NULL,2026-09-18,"Mahalla-level demography is held in the MFY yagona reyestri (Unified Register of Mahalla Citizens' Assemblies) inside the Raqamli Mahalla system, legal basis CoM Regulation 586 of 15.09.2025. That register is interagency-only and not published. Obtaining it requires a written request to O'zbekiston Mahallalari Uyushmasi. Area is from the official boundary layer, not a demographic source."
UZ-TAS-MFY-237,Shohjahon mahallasi,Yakkasaroy,NULL,NULL,NULL,NULL,NULL,NULL,NULL,NULL,NULL,NULL,NULL,NULL,NULL,NULL,NULL,NULL,NULL,NULL,NULL,NULL,NULL,NULL,NULL,NULL,0.3762,37.62,NULL,NO PUBLIC MAHALLA-LEVEL DEMOGRAPHIC SOURCE LOCATED,NULL,NULL,NULL,2026-09-18,"Mahalla-level demography is held in the MFY yagona reyestri (Unified Register of Mahalla Citizens' Assemblies) inside the Raqamli Mahalla system, legal basis CoM Regulation 586 of 15.09.2025. That register is interagency-only and not published. Obtaining it requires a written request to O'zbekiston Mahallalari Uyushmasi. Area is from the official boundary layer, not a demographic source."
UZ-TAS-MFY-238,To'qimachi mahallasi,Yakkasaroy,NULL,NULL,NULL,NULL,NULL,NULL,NULL,NULL,NULL,NULL,NULL,NULL,NULL,NULL,NULL,NULL,NULL,NULL,NULL,NULL,NULL,NULL,NULL,NULL,0.5851,58.51,NULL,NO PUBLIC MAHALLA-LEVEL DEMOGRAPHIC SOURCE LOCATED,NULL,NULL,NULL,2026-09-18,"Mahalla-level demography is held in the MFY yagona reyestri (Unified Register of Mahalla Citizens' Assemblies) inside the Raqamli Mahalla system, legal basis CoM Regulation 586 of 15.09.2025. That register is interagency-only and not published. Obtaining it requires a written request to O'zbekiston Mahallalari Uyushmasi. Area is from the official boundary layer, not a demographic source."
UZ-TAS-MFY-239,Boshliq mahallasi,Yakkasaroy,NULL,NULL,NULL,NULL,NULL,NULL,NULL,NULL,NULL,NULL,NULL,NULL,NULL,NULL,NULL,NULL,NULL,NULL,NULL,NULL,NULL,NULL,NULL,NULL,0.1548,15.48,NULL,NO PUBLIC MAHALLA-LEVEL DEMOGRAPHIC SOURCE LOCATED,NULL,NULL,NULL,2026-09-18,"Mahalla-level demography is held in the MFY yagona reyestri (Unified Register of Mahalla Citizens' Assemblies) inside the Raqamli Mahalla system, legal basis CoM Regulation 586 of 15.09.2025. That register is interagency-only and not published. Obtaining it requires a written request to O'zbekiston Mahallalari Uyushmasi. Area is from the official boundary layer, not a demographic source."
UZ-TAS-MFY-240,Damariq mahallasi,Yakkasaroy,NULL,NULL,NULL,NULL,NULL,NULL,NULL,NULL,NULL,NULL,NULL,NULL,NULL,NULL,NULL,NULL,NULL,NULL,NULL,NULL,NULL,NULL,NULL,NULL,1.0302,103.02,NULL,NO PUBLIC MAHALLA-LEVEL DEMOGRAPHIC SOURCE LOCATED,NULL,NULL,NULL,2026-09-18,"Mahalla-level demography is held in the MFY yagona reyestri (Unified Register of Mahalla Citizens' Assemblies) inside the Raqamli Mahalla system, legal basis CoM Regulation 586 of 15.09.2025. That register is interagency-only and not published. Obtaining it requires a written request to O'zbekiston Mahallalari Uyushmasi. Area is from the official boundary layer, not a demographic source."
UZ-TAS-MFY-241,Hamid Sulaymonov mahallasi,Yakkasaroy,NULL,NULL,NULL,NULL,NULL,NULL,NULL,NULL,NULL,NULL,NULL,NULL,NULL,NULL,NULL,NULL,NULL,NULL,NULL,NULL,NULL,NULL,NULL,NULL,0.6678,66.78,NULL,NO PUBLIC MAHALLA-LEVEL DEMOGRAPHIC SOURCE LOCATED,NULL,NULL,NULL,2026-09-18,"Mahalla-level demography is held in the MFY yagona reyestri (Unified Register of Mahalla Citizens' Assemblies) inside the Raqamli Mahalla system, legal basis CoM Regulation 586 of 15.09.2025. That register is interagency-only and not published. Obtaining it requires a written request to O'zbekiston Mahallalari Uyushmasi. Area is from the official boundary layer, not a demographic source."
UZ-TAS-MFY-242,Muqimiy mahallasi,Yakkasaroy,NULL,NULL,NULL,NULL,NULL,NULL,NULL,NULL,NULL,NULL,NULL,NULL,NULL,NULL,NULL,NULL,NULL,NULL,NULL,NULL,NULL,NULL,NULL,NULL,0.5675,56.75,NULL,NO PUBLIC MAHALLA-LEVEL DEMOGRAPHIC SOURCE LOCATED,NULL,NULL,NULL,2026-09-18,"Mahalla-level demography is held in the MFY yagona reyestri (Unified Register of Mahalla Citizens' Assemblies) inside the Raqamli Mahalla system, legal basis CoM Regulation 586 of 15.09.2025. That register is interagency-only and not published. Obtaining it requires a written request to O'zbekiston Mahallalari Uyushmasi. Area is from the official boundary layer, not a demographic source."
UZ-TAS-MFY-243,Konstitutsiya mahallasi,Yakkasaroy,NULL,NULL,NULL,NULL,NULL,NULL,NULL,NULL,NULL,NULL,NULL,NULL,NULL,NULL,NULL,NULL,NULL,NULL,NULL,NULL,NULL,NULL,NULL,NULL,0.7085,70.85,NULL,NO PUBLIC MAHALLA-LEVEL DEMOGRAPHIC SOURCE LOCATED,NULL,NULL,NULL,2026-09-18,"Mahalla-level demography is held in the MFY yagona reyestri (Unified Register of Mahalla Citizens' Assemblies) inside the Raqamli Mahalla system, legal basis CoM Regulation 586 of 15.09.2025. That register is interagency-only and not published. Obtaining it requires a written request to O'zbekiston Mahallalari Uyushmasi. Area is from the official boundary layer, not a demographic source."
UZ-TAS-MFY-244,Armug'on mahallasi,Yakkasaroy,NULL,NULL,NULL,NULL,NULL,NULL,NULL,NULL,NULL,NULL,NULL,NULL,NULL,NULL,NULL,NULL,NULL,NULL,NULL,NULL,NULL,NULL,NULL,NULL,0.6378,63.78,NULL,NO PUBLIC MAHALLA-LEVEL DEMOGRAPHIC SOURCE LOCATED,NULL,NULL,NULL,2026-09-18,"Mahalla-level demography is held in the MFY yagona reyestri (Unified Register of Mahalla Citizens' Assemblies) inside the Raqamli Mahalla system, legal basis CoM Regulation 586 of 15.09.2025. That register is interagency-only and not published. Obtaining it requires a written request to O'zbekiston Mahallalari Uyushmasi. Area is from the official boundary layer, not a demographic source."
UZ-TAS-MFY-245,Muhandislar mahallasi,Yakkasaroy,NULL,NULL,NULL,NULL,NULL,NULL,NULL,NULL,NULL,NULL,NULL,NULL,NULL,NULL,NULL,NULL,NULL,NULL,NULL,NULL,NULL,NULL,NULL,NULL,1.3174,131.74,NULL,NO PUBLIC MAHALLA-LEVEL DEMOGRAPHIC SOURCE LOCATED,NULL,NULL,NULL,2026-09-18,"Mahalla-level demography is held in the MFY yagona reyestri (Unified Register of Mahalla Citizens' Assemblies) inside the Raqamli Mahalla system, legal basis CoM Regulation 586 of 15.09.2025. That register is interagency-only and not published. Obtaining it requires a written request to O'zbekiston Mahallalari Uyushmasi. Area is from the official boundary layer, not a demographic source."
UZ-TAS-MFY-246,Belariq mahallasi,Yakkasaroy,NULL,NULL,NULL,NULL,NULL,NULL,NULL,NULL,NULL,NULL,NULL,NULL,NULL,NULL,NULL,NULL,NULL,NULL,NULL,NULL,NULL,NULL,NULL,NULL,0.6161,61.61,NULL,NO PUBLIC MAHALLA-LEVEL DEMOGRAPHIC SOURCE LOCATED,NULL,NULL,NULL,2026-09-18,"Mahalla-level demography is held in the MFY yagona reyestri (Unified Register of Mahalla Citizens' Assemblies) inside the Raqamli Mahalla system, legal basis CoM Regulation 586 of 15.09.2025. That register is interagency-only and not published. Obtaining it requires a written request to O'zbekiston Mahallalari Uyushmasi. Area is from the official boundary layer, not a demographic source."
UZ-TAS-MFY-247,Dilbuloq mahallasi,Yakkasaroy,NULL,NULL,NULL,NULL,NULL,NULL,NULL,NULL,NULL,NULL,NULL,NULL,NULL,NULL,NULL,NULL,NULL,NULL,NULL,NULL,NULL,NULL,NULL,NULL,0.8446,84.46,NULL,NO PUBLIC MAHALLA-LEVEL DEMOGRAPHIC SOURCE LOCATED,NULL,NULL,NULL,2026-09-18,"Mahalla-level demography is held in the MFY yagona reyestri (Unified Register of Mahalla Citizens' Assemblies) inside the Raqamli Mahalla system, legal basis CoM Regulation 586 of 15.09.2025. That register is interagency-only and not published. Obtaining it requires a written request to O'zbekiston Mahallalari Uyushmasi. Area is from the official boundary layer, not a demographic source."
UZ-TAS-MFY-248,Meros mahallasi,Yakkasaroy,NULL,NULL,NULL,NULL,NULL,NULL,NULL,NULL,NULL,NULL,NULL,NULL,NULL,NULL,NULL,NULL,NULL,NULL,NULL,NULL,NULL,NULL,NULL,NULL,0.4868,48.68,NULL,NO PUBLIC MAHALLA-LEVEL DEMOGRAPHIC SOURCE LOCATED,NULL,NULL,NULL,2026-09-18,"Mahalla-level demography is held in the MFY yagona reyestri (Unified Register of Mahalla Citizens' Assemblies) inside the Raqamli Mahalla system, legal basis CoM Regulation 586 of 15.09.2025. That register is interagency-only and not published. Obtaining it requires a written request to O'zbekiston Mahallalari Uyushmasi. Area is from the official boundary layer, not a demographic source."
UZ-TAS-MFY-249,Rakatboshi mahallasi,Yakkasaroy,NULL,NULL,NULL,NULL,NULL,NULL,NULL,NULL,NULL,NULL,NULL,NULL,NULL,NULL,NULL,NULL,NULL,NULL,NULL,NULL,NULL,NULL,NULL,NULL,0.5702,57.02,NULL,NO PUBLIC MAHALLA-LEVEL DEMOGRAPHIC SOURCE LOCATED,NULL,NULL,NULL,2026-09-18,"Mahalla-level demography is held in the MFY yagona reyestri (Unified Register of Mahalla Citizens' Assemblies) inside the Raqamli Mahalla system, legal basis CoM Regulation 586 of 15.09.2025. That register is interagency-only and not published. Obtaining it requires a written request to O'zbekiston Mahallalari Uyushmasi. Area is from the official boundary layer, not a demographic source."
UZ-TAS-MFY-250,Yunus Rajabiy mahallasi,Yakkasaroy,NULL,NULL,NULL,NULL,NULL,NULL,NULL,NULL,NULL,NULL,NULL,NULL,NULL,NULL,NULL,NULL,NULL,NULL,NULL,NULL,NULL,NULL,NULL,NULL,1.2279,122.79,NULL,NO PUBLIC MAHALLA-LEVEL DEMOGRAPHIC SOURCE LOCATED,NULL,NULL,NULL,2026-09-18,"Mahalla-level demography is held in the MFY yagona reyestri (Unified Register of Mahalla Citizens' Assemblies) inside the Raqamli Mahalla system, legal basis CoM Regulation 586 of 15.09.2025. That register is interagency-only and not published. Obtaining it requires a written request to O'zbekiston Mahallalari Uyushmasi. Area is from the official boundary layer, not a demographic source."
UZ-TAS-MFY-251,Yakkasaroy mahallasi,Yakkasaroy,NULL,NULL,NULL,NULL,NULL,NULL,NULL,NULL,NULL,NULL,NULL,NULL,NULL,NULL,NULL,NULL,NULL,NULL,NULL,NULL,NULL,NULL,NULL,NULL,1.2406,124.06,NULL,NO PUBLIC MAHALLA-LEVEL DEMOGRAPHIC SOURCE LOCATED,NULL,NULL,NULL,2026-09-18,"Mahalla-level demography is held in the MFY yagona reyestri (Unified Register of Mahalla Citizens' Assemblies) inside the Raqamli Mahalla system, legal basis CoM Regulation 586 of 15.09.2025. That register is interagency-only and not published. Obtaining it requires a written request to O'zbekiston Mahallalari Uyushmasi. Area is from the official boundary layer, not a demographic source."
UZ-TAS-MFY-252,Bobur mahallasi,Yakkasaroy,NULL,NULL,NULL,NULL,NULL,NULL,NULL,NULL,NULL,NULL,NULL,NULL,NULL,NULL,NULL,NULL,NULL,NULL,NULL,NULL,NULL,NULL,NULL,NULL,0.4156,41.56,NULL,NO PUBLIC MAHALLA-LEVEL DEMOGRAPHIC SOURCE LOCATED,NULL,NULL,NULL,2026-09-18,"Mahalla-level demography is held in the MFY yagona reyestri (Unified Register of Mahalla Citizens' Assemblies) inside the Raqamli Mahalla system, legal basis CoM Regulation 586 of 15.09.2025. That register is interagency-only and not published. Obtaining it requires a written request to O'zbekiston Mahallalari Uyushmasi. Area is from the official boundary layer, not a demographic source."
UZ-TAS-MFY-253,Qushbegi mahallasi,Yakkasaroy,NULL,NULL,NULL,NULL,NULL,NULL,NULL,NULL,NULL,NULL,NULL,NULL,NULL,NULL,NULL,NULL,NULL,NULL,NULL,NULL,NULL,NULL,NULL,NULL,0.7971,79.71,NULL,NO PUBLIC MAHALLA-LEVEL DEMOGRAPHIC SOURCE LOCATED,NULL,NULL,NULL,2026-09-18,"Mahalla-level demography is held in the MFY yagona reyestri (Unified Register of Mahalla Citizens' Assemblies) inside the Raqamli Mahalla system, legal basis CoM Regulation 586 of 15.09.2025. That register is interagency-only and not published. Obtaining it requires a written request to O'zbekiston Mahallalari Uyushmasi. Area is from the official boundary layer, not a demographic source."
UZ-TAS-MFY-318,Oqlon mahallasi,Shayxontohur,NULL,NULL,NULL,NULL,NULL,NULL,NULL,NULL,NULL,NULL,NULL,NULL,NULL,NULL,NULL,NULL,NULL,NULL,NULL,NULL,NULL,NULL,NULL,NULL,0.6698,66.98,NULL,NO PUBLIC MAHALLA-LEVEL DEMOGRAPHIC SOURCE LOCATED,NULL,NULL,NULL,2026-09-18,"Mahalla-level demography is held in the MFY yagona reyestri (Unified Register of Mahalla Citizens' Assemblies) inside the Raqamli Mahalla system, legal basis CoM Regulation 586 of 15.09.2025. That register is interagency-only and not published. Obtaining it requires a written request to O'zbekiston Mahallalari Uyushmasi. Area is from the official boundary layer, not a demographic source."
UZ-TAS-MFY-319,Chaqar mahallasi,Shayxontohur,NULL,NULL,NULL,NULL,NULL,NULL,NULL,NULL,NULL,NULL,NULL,NULL,NULL,NULL,NULL,NULL,NULL,NULL,NULL,NULL,NULL,NULL,NULL,NULL,0.5236,52.36,NULL,NO PUBLIC MAHALLA-LEVEL DEMOGRAPHIC SOURCE LOCATED,NULL,NULL,NULL,2026-09-18,"Mahalla-level demography is held in the MFY yagona reyestri (Unified Register of Mahalla Citizens' Assemblies) inside the Raqamli Mahalla system, legal basis CoM Regulation 586 of 15.09.2025. That register is interagency-only and not published. Obtaining it requires a written request to O'zbekiston Mahallalari Uyushmasi. Area is from the official boundary layer, not a demographic source."
UZ-TAS-MFY-320,Labzak mahallasi,Shayxontohur,NULL,NULL,NULL,NULL,NULL,NULL,NULL,NULL,NULL,NULL,NULL,NULL,NULL,NULL,NULL,NULL,NULL,NULL,NULL,NULL,NULL,NULL,NULL,NULL,0.9019,90.19,NULL,NO PUBLIC MAHALLA-LEVEL DEMOGRAPHIC SOURCE LOCATED,NULL,NULL,NULL,2026-09-18,"Mahalla-level demography is held in the MFY yagona reyestri (Unified Register of Mahalla Citizens' Assemblies) inside the Raqamli Mahalla system, legal basis CoM Regulation 586 of 15.09.2025. That register is interagency-only and not published. Obtaining it requires a written request to O'zbekiston Mahallalari Uyushmasi. Area is from the official boundary layer, not a demographic source."
UZ-TAS-MFY-321,Yangishahar mahallasi,Shayxontohur,NULL,NULL,NULL,NULL,NULL,NULL,NULL,NULL,NULL,NULL,NULL,NULL,NULL,NULL,NULL,NULL,NULL,NULL,NULL,NULL,NULL,NULL,NULL,NULL,0.2989,29.89,NULL,NO PUBLIC MAHALLA-LEVEL DEMOGRAPHIC SOURCE LOCATED,NULL,NULL,NULL,2026-09-18,"Mahalla-level demography is held in the MFY yagona reyestri (Unified Register of Mahalla Citizens' Assemblies) inside the Raqamli Mahalla system, legal basis CoM Regulation 586 of 15.09.2025. That register is interagency-only and not published. Obtaining it requires a written request to O'zbekiston Mahallalari Uyushmasi. Area is from the official boundary layer, not a demographic source."
UZ-TAS-MFY-322,Ibn Sino mahallasi,Shayxontohur,NULL,NULL,NULL,NULL,NULL,NULL,NULL,NULL,NULL,NULL,NULL,NULL,NULL,NULL,NULL,NULL,NULL,NULL,NULL,NULL,NULL,NULL,NULL,NULL,0.4568,45.68,NULL,NO PUBLIC MAHALLA-LEVEL DEMOGRAPHIC SOURCE LOCATED,NULL,NULL,NULL,2026-09-18,"Mahalla-level demography is held in the MFY yagona reyestri (Unified Register of Mahalla Citizens' Assemblies) inside the Raqamli Mahalla system, legal basis CoM Regulation 586 of 15.09.2025. That register is interagency-only and not published. Obtaining it requires a written request to O'zbekiston Mahallalari Uyushmasi. Area is from the official boundary layer, not a demographic source."
UZ-TAS-MFY-323,Tinchlik mahallasi,Shayxontohur,NULL,NULL,NULL,NULL,NULL,NULL,NULL,NULL,NULL,NULL,NULL,NULL,NULL,NULL,NULL,NULL,NULL,NULL,NULL,NULL,NULL,NULL,NULL,NULL,0.2882,28.82,NULL,NO PUBLIC MAHALLA-LEVEL DEMOGRAPHIC SOURCE LOCATED,NULL,NULL,NULL,2026-09-18,"Mahalla-level demography is held in the MFY yagona reyestri (Unified Register of Mahalla Citizens' Assemblies) inside the Raqamli Mahalla system, legal basis CoM Regulation 586 of 15.09.2025. That register is interagency-only and not published. Obtaining it requires a written request to O'zbekiston Mahallalari Uyushmasi. Area is from the official boundary layer, not a demographic source."
UZ-TAS-MFY-324,Shofayzi mahallasi,Shayxontohur,NULL,NULL,NULL,NULL,NULL,NULL,NULL,NULL,NULL,NULL,NULL,NULL,NULL,NULL,NULL,NULL,NULL,NULL,NULL,NULL,NULL,NULL,NULL,NULL,0.5365,53.65,NULL,NO PUBLIC MAHALLA-LEVEL DEMOGRAPHIC SOURCE LOCATED,NULL,NULL,NULL,2026-09-18,"Mahalla-level demography is held in the MFY yagona reyestri (Unified Register of Mahalla Citizens' Assemblies) inside the Raqamli Mahalla system, legal basis CoM Regulation 586 of 15.09.2025. That register is interagency-only and not published. Obtaining it requires a written request to O'zbekiston Mahallalari Uyushmasi. Area is from the official boundary layer, not a demographic source."
UZ-TAS-MFY-325,Eshonguzar mahallasi,Shayxontohur,NULL,NULL,NULL,NULL,NULL,NULL,NULL,NULL,NULL,NULL,NULL,NULL,NULL,NULL,NULL,NULL,NULL,NULL,NULL,NULL,NULL,NULL,NULL,NULL,0.2278,22.78,NULL,NO PUBLIC MAHALLA-LEVEL DEMOGRAPHIC SOURCE LOCATED,NULL,NULL,NULL,2026-09-18,"Mahalla-level demography is held in the MFY yagona reyestri (Unified Register of Mahalla Citizens' Assemblies) inside the Raqamli Mahalla system, legal basis CoM Regulation 586 of 15.09.2025. That register is interagency-only and not published. Obtaining it requires a written request to O'zbekiston Mahallalari Uyushmasi. Area is from the official boundary layer, not a demographic source."
UZ-TAS-MFY-326,Bog'ko'cha mahallasi,Shayxontohur,NULL,NULL,NULL,NULL,NULL,NULL,NULL,NULL,NULL,NULL,NULL,NULL,NULL,NULL,NULL,NULL,NULL,NULL,NULL,NULL,NULL,NULL,NULL,NULL,0.3023,30.23,NULL,NO PUBLIC MAHALLA-LEVEL DEMOGRAPHIC SOURCE LOCATED,NULL,NULL,NULL,2026-09-18,"Mahalla-level demography is held in the MFY yagona reyestri (Unified Register of Mahalla Citizens' Assemblies) inside the Raqamli Mahalla system, legal basis CoM Regulation 586 of 15.09.2025. That register is interagency-only and not published. Obtaining it requires a written request to O'zbekiston Mahallalari Uyushmasi. Area is from the official boundary layer, not a demographic source."
UZ-TAS-MFY-327,Ilg'or mahallasi,Shayxontohur,NULL,NULL,NULL,NULL,NULL,NULL,NULL,NULL,NULL,NULL,NULL,NULL,NULL,NULL,NULL,NULL,NULL,NULL,NULL,NULL,NULL,NULL,NULL,NULL,0.5697,56.97,NULL,NO PUBLIC MAHALLA-LEVEL DEMOGRAPHIC SOURCE LOCATED,NULL,NULL,NULL,2026-09-18,"Mahalla-level demography is held in the MFY yagona reyestri (Unified Register of Mahalla Citizens' Assemblies) inside the Raqamli Mahalla system, legal basis CoM Regulation 586 of 15.09.2025. That register is interagency-only and not published. Obtaining it requires a written request to O'zbekiston Mahallalari Uyushmasi. Area is from the official boundary layer, not a demographic source."
UZ-TAS-MFY-328,Kattahovuz mahallasi,Shayxontohur,NULL,NULL,NULL,NULL,NULL,NULL,NULL,NULL,NULL,NULL,NULL,NULL,NULL,NULL,NULL,NULL,NULL,NULL,NULL,NULL,NULL,NULL,NULL,NULL,0.3501,35.01,NULL,NO PUBLIC MAHALLA-LEVEL DEMOGRAPHIC SOURCE LOCATED,NULL,NULL,NULL,2026-09-18,"Mahalla-level demography is held in the MFY yagona reyestri (Unified Register of Mahalla Citizens' Assemblies) inside the Raqamli Mahalla system, legal basis CoM Regulation 586 of 15.09.2025. That register is interagency-only and not published. Obtaining it requires a written request to O'zbekiston Mahallalari Uyushmasi. Area is from the official boundary layer, not a demographic source."
UZ-TAS-MFY-329,Yangi Beltepa mahallasi,Shayxontohur,NULL,NULL,NULL,NULL,NULL,NULL,NULL,NULL,NULL,NULL,NULL,NULL,NULL,NULL,NULL,NULL,NULL,NULL,NULL,NULL,NULL,NULL,NULL,NULL,0.3609,36.09,NULL,NO PUBLIC MAHALLA-LEVEL DEMOGRAPHIC SOURCE LOCATED,NULL,NULL,NULL,2026-09-18,"Mahalla-level demography is held in the MFY yagona reyestri (Unified Register of Mahalla Citizens' Assemblies) inside the Raqamli Mahalla system, legal basis CoM Regulation 586 of 15.09.2025. That register is interagency-only and not published. Obtaining it requires a written request to O'zbekiston Mahallalari Uyushmasi. Area is from the official boundary layer, not a demographic source."
UZ-TAS-MFY-330,Sarxumdon mahallasi,Shayxontohur,NULL,NULL,NULL,NULL,NULL,NULL,NULL,NULL,NULL,NULL,NULL,NULL,NULL,NULL,NULL,NULL,NULL,NULL,NULL,NULL,NULL,NULL,NULL,NULL,0.2586,25.86,NULL,NO PUBLIC MAHALLA-LEVEL DEMOGRAPHIC SOURCE LOCATED,NULL,NULL,NULL,2026-09-18,"Mahalla-level demography is held in the MFY yagona reyestri (Unified Register of Mahalla Citizens' Assemblies) inside the Raqamli Mahalla system, legal basis CoM Regulation 586 of 15.09.2025. That register is interagency-only and not published. Obtaining it requires a written request to O'zbekiston Mahallalari Uyushmasi. Area is from the official boundary layer, not a demographic source."
UZ-TAS-MFY-331,Yangi Jarariq mahallasi,Shayxontohur,NULL,NULL,NULL,NULL,NULL,NULL,NULL,NULL,NULL,NULL,NULL,NULL,NULL,NULL,NULL,NULL,NULL,NULL,NULL,NULL,NULL,NULL,NULL,NULL,0.0933,9.33,NULL,NO PUBLIC MAHALLA-LEVEL DEMOGRAPHIC SOURCE LOCATED,NULL,NULL,NULL,2026-09-18,"Mahalla-level demography is held in the MFY yagona reyestri (Unified Register of Mahalla Citizens' Assemblies) inside the Raqamli Mahalla system, legal basis CoM Regulation 586 of 15.09.2025. That register is interagency-only and not published. Obtaining it requires a written request to O'zbekiston Mahallalari Uyushmasi. Area is from the official boundary layer, not a demographic source."
UZ-TAS-MFY-332,Jarariq mahallasi,Shayxontohur,NULL,NULL,NULL,NULL,NULL,NULL,NULL,NULL,NULL,NULL,NULL,NULL,NULL,NULL,NULL,NULL,NULL,NULL,NULL,NULL,NULL,NULL,NULL,NULL,0.4318,43.18,NULL,NO PUBLIC MAHALLA-LEVEL DEMOGRAPHIC SOURCE LOCATED,NULL,NULL,NULL,2026-09-18,"Mahalla-level demography is held in the MFY yagona reyestri (Unified Register of Mahalla Citizens' Assemblies) inside the Raqamli Mahalla system, legal basis CoM Regulation 586 of 15.09.2025. That register is interagency-only and not published. Obtaining it requires a written request to O'zbekiston Mahallalari Uyushmasi. Area is from the official boundary layer, not a demographic source."
UZ-TAS-MFY-333,Ko'kcha Darvoza mahallasi,Shayxontohur,NULL,NULL,NULL,NULL,NULL,NULL,NULL,NULL,NULL,NULL,NULL,NULL,NULL,NULL,NULL,NULL,NULL,NULL,NULL,NULL,NULL,NULL,NULL,NULL,0.7454,74.54,NULL,NO PUBLIC MAHALLA-LEVEL DEMOGRAPHIC SOURCE LOCATED,NULL,NULL,NULL,2026-09-18,"Mahalla-level demography is held in the MFY yagona reyestri (Unified Register of Mahalla Citizens' Assemblies) inside the Raqamli Mahalla system, legal basis CoM Regulation 586 of 15.09.2025. That register is interagency-only and not published. Obtaining it requires a written request to O'zbekiston Mahallalari Uyushmasi. Area is from the official boundary layer, not a demographic source."
UZ-TAS-MFY-334,Beltepa mahallasi,Shayxontohur,NULL,NULL,NULL,NULL,NULL,NULL,NULL,NULL,NULL,NULL,NULL,NULL,NULL,NULL,NULL,NULL,NULL,NULL,NULL,NULL,NULL,NULL,NULL,NULL,0.6529,65.29,NULL,NO PUBLIC MAHALLA-LEVEL DEMOGRAPHIC SOURCE LOCATED,NULL,NULL,NULL,2026-09-18,"Mahalla-level demography is held in the MFY yagona reyestri (Unified Register of Mahalla Citizens' Assemblies) inside the Raqamli Mahalla system, legal basis CoM Regulation 586 of 15.09.2025. That register is interagency-only and not published. Obtaining it requires a written request to O'zbekiston Mahallalari Uyushmasi. Area is from the official boundary layer, not a demographic source."
UZ-TAS-MFY-335,Katta Jarariq mahallasi,Shayxontohur,NULL,NULL,NULL,NULL,NULL,NULL,NULL,NULL,NULL,NULL,NULL,NULL,NULL,NULL,NULL,NULL,NULL,NULL,NULL,NULL,NULL,NULL,NULL,NULL,0.2088,20.88,NULL,NO PUBLIC MAHALLA-LEVEL DEMOGRAPHIC SOURCE LOCATED,NULL,NULL,NULL,2026-09-18,"Mahalla-level demography is held in the MFY yagona reyestri (Unified Register of Mahalla Citizens' Assemblies) inside the Raqamli Mahalla system, legal basis CoM Regulation 586 of 15.09.2025. That register is interagency-only and not published. Obtaining it requires a written request to O'zbekiston Mahallalari Uyushmasi. Area is from the official boundary layer, not a demographic source."
UZ-TAS-MFY-336,Xadra mahallasi,Shayxontohur,NULL,NULL,NULL,NULL,NULL,NULL,NULL,NULL,NULL,NULL,NULL,NULL,NULL,NULL,NULL,NULL,NULL,NULL,NULL,NULL,NULL,NULL,NULL,NULL,0.7184,71.84,NULL,NO PUBLIC MAHALLA-LEVEL DEMOGRAPHIC SOURCE LOCATED,NULL,NULL,NULL,2026-09-18,"Mahalla-level demography is held in the MFY yagona reyestri (Unified Register of Mahalla Citizens' Assemblies) inside the Raqamli Mahalla system, legal basis CoM Regulation 586 of 15.09.2025. That register is interagency-only and not published. Obtaining it requires a written request to O'zbekiston Mahallalari Uyushmasi. Area is from the official boundary layer, not a demographic source."
UZ-TAS-MFY-337,Olmazor mahallasi,Shayxontohur,NULL,NULL,NULL,NULL,NULL,NULL,NULL,NULL,NULL,NULL,NULL,NULL,NULL,NULL,NULL,NULL,NULL,NULL,NULL,NULL,NULL,NULL,NULL,NULL,0.6288,62.88,NULL,NO PUBLIC MAHALLA-LEVEL DEMOGRAPHIC SOURCE LOCATED,NULL,NULL,NULL,2026-09-18,"Mahalla-level demography is held in the MFY yagona reyestri (Unified Register of Mahalla Citizens' Assemblies) inside the Raqamli Mahalla system, legal basis CoM Regulation 586 of 15.09.2025. That register is interagency-only and not published. Obtaining it requires a written request to O'zbekiston Mahallalari Uyushmasi. Area is from the official boundary layer, not a demographic source."
UZ-TAS-MFY-338,Kohota mahallasi,Shayxontohur,NULL,NULL,NULL,NULL,NULL,NULL,NULL,NULL,NULL,NULL,NULL,NULL,NULL,NULL,NULL,NULL,NULL,NULL,NULL,NULL,NULL,NULL,NULL,NULL,0.6651,66.51,NULL,NO PUBLIC MAHALLA-LEVEL DEMOGRAPHIC SOURCE LOCATED,NULL,NULL,NULL,2026-09-18,"Mahalla-level demography is held in the MFY yagona reyestri (Unified Register of Mahalla Citizens' Assemblies) inside the Raqamli Mahalla system, legal basis CoM Regulation 586 of 15.09.2025. That register is interagency-only and not published. Obtaining it requires a written request to O'zbekiston Mahallalari Uyushmasi. Area is from the official boundary layer, not a demographic source."
UZ-TAS-MFY-339,Shayxontohur mahallasi,Shayxontohur,NULL,NULL,NULL,NULL,NULL,NULL,NULL,NULL,NULL,NULL,NULL,NULL,NULL,NULL,NULL,NULL,NULL,NULL,NULL,NULL,NULL,NULL,NULL,NULL,0.4471,44.71,NULL,NO PUBLIC MAHALLA-LEVEL DEMOGRAPHIC SOURCE LOCATED,NULL,NULL,NULL,2026-09-18,"Mahalla-level demography is held in the MFY yagona reyestri (Unified Register of Mahalla Citizens' Assemblies) inside the Raqamli Mahalla system, legal basis CoM Regulation 586 of 15.09.2025. That register is interagency-only and not published. Obtaining it requires a written request to O'zbekiston Mahallalari Uyushmasi. Area is from the official boundary layer, not a demographic source."
UZ-TAS-MFY-340,O'qchi mahallasi,Shayxontohur,NULL,NULL,NULL,NULL,NULL,NULL,NULL,NULL,NULL,NULL,NULL,NULL,NULL,NULL,NULL,NULL,NULL,NULL,NULL,NULL,NULL,NULL,NULL,NULL,0.457,45.7,NULL,NO PUBLIC MAHALLA-LEVEL DEMOGRAPHIC SOURCE LOCATED,NULL,NULL,NULL,2026-09-18,"Mahalla-level demography is held in the MFY yagona reyestri (Unified Register of Mahalla Citizens' Assemblies) inside the Raqamli Mahalla system, legal basis CoM Regulation 586 of 15.09.2025. That register is interagency-only and not published. Obtaining it requires a written request to O'zbekiston Mahallalari Uyushmasi. Area is from the official boundary layer, not a demographic source."
UZ-TAS-MFY-341,Gulobod mahallasi,Shayxontohur,NULL,NULL,NULL,NULL,NULL,NULL,NULL,NULL,NULL,NULL,NULL,NULL,NULL,NULL,NULL,NULL,NULL,NULL,NULL,NULL,NULL,NULL,NULL,NULL,0.2956,29.56,NULL,NO PUBLIC MAHALLA-LEVEL DEMOGRAPHIC SOURCE LOCATED,NULL,NULL,NULL,2026-09-18,"Mahalla-level demography is held in the MFY yagona reyestri (Unified Register of Mahalla Citizens' Assemblies) inside the Raqamli Mahalla system, legal basis CoM Regulation 586 of 15.09.2025. That register is interagency-only and not published. Obtaining it requires a written request to O'zbekiston Mahallalari Uyushmasi. Area is from the official boundary layer, not a demographic source."
UZ-TAS-MFY-342,Gulbozor mahallasi,Shayxontohur,NULL,NULL,NULL,NULL,NULL,NULL,NULL,NULL,NULL,NULL,NULL,NULL,NULL,NULL,NULL,NULL,NULL,NULL,NULL,NULL,NULL,NULL,NULL,NULL,0.4497,44.97,NULL,NO PUBLIC MAHALLA-LEVEL DEMOGRAPHIC SOURCE LOCATED,NULL,NULL,NULL,2026-09-18,"Mahalla-level demography is held in the MFY yagona reyestri (Unified Register of Mahalla Citizens' Assemblies) inside the Raqamli Mahalla system, legal basis CoM Regulation 586 of 15.09.2025. That register is interagency-only and not published. Obtaining it requires a written request to O'zbekiston Mahallalari Uyushmasi. Area is from the official boundary layer, not a demographic source."
UZ-TAS-MFY-343,Janggoh mahallasi,Shayxontohur,NULL,NULL,NULL,NULL,NULL,NULL,NULL,NULL,NULL,NULL,NULL,NULL,NULL,NULL,NULL,NULL,NULL,NULL,NULL,NULL,NULL,NULL,NULL,NULL,0.2876,28.76,NULL,NO PUBLIC MAHALLA-LEVEL DEMOGRAPHIC SOURCE LOCATED,NULL,NULL,NULL,2026-09-18,"Mahalla-level demography is held in the MFY yagona reyestri (Unified Register of Mahalla Citizens' Assemblies) inside the Raqamli Mahalla system, legal basis CoM Regulation 586 of 15.09.2025. That register is interagency-only and not published. Obtaining it requires a written request to O'zbekiston Mahallalari Uyushmasi. Area is from the official boundary layer, not a demographic source."
UZ-TAS-MFY-344,Chorsu mahallasi,Shayxontohur,NULL,NULL,NULL,NULL,NULL,NULL,NULL,NULL,NULL,NULL,NULL,NULL,NULL,NULL,NULL,NULL,NULL,NULL,NULL,NULL,NULL,NULL,NULL,NULL,0.3752,37.52,NULL,NO PUBLIC MAHALLA-LEVEL DEMOGRAPHIC SOURCE LOCATED,NULL,NULL,NULL,2026-09-18,"Mahalla-level demography is held in the MFY yagona reyestri (Unified Register of Mahalla Citizens' Assemblies) inside the Raqamli Mahalla system, legal basis CoM Regulation 586 of 15.09.2025. That register is interagency-only and not published. Obtaining it requires a written request to O'zbekiston Mahallalari Uyushmasi. Area is from the official boundary layer, not a demographic source."
UZ-TAS-MFY-345,Bo'ston mahallasi,Shayxontohur,NULL,NULL,NULL,NULL,NULL,NULL,NULL,NULL,NULL,NULL,NULL,NULL,NULL,NULL,NULL,NULL,NULL,NULL,NULL,NULL,NULL,NULL,NULL,NULL,0.8625,86.25,NULL,NO PUBLIC MAHALLA-LEVEL DEMOGRAPHIC SOURCE LOCATED,NULL,NULL,NULL,2026-09-18,"Mahalla-level demography is held in the MFY yagona reyestri (Unified Register of Mahalla Citizens' Assemblies) inside the Raqamli Mahalla system, legal basis CoM Regulation 586 of 15.09.2025. That register is interagency-only and not published. Obtaining it requires a written request to O'zbekiston Mahallalari Uyushmasi. Area is from the official boundary layer, not a demographic source."
UZ-TAS-MFY-346,Ipakchi mahallasi,Shayxontohur,NULL,NULL,NULL,NULL,NULL,NULL,NULL,NULL,NULL,NULL,NULL,NULL,NULL,NULL,NULL,NULL,NULL,NULL,NULL,NULL,NULL,NULL,NULL,NULL,1.3661,136.61,NULL,NO PUBLIC MAHALLA-LEVEL DEMOGRAPHIC SOURCE LOCATED,NULL,NULL,NULL,2026-09-18,"Mahalla-level demography is held in the MFY yagona reyestri (Unified Register of Mahalla Citizens' Assemblies) inside the Raqamli Mahalla system, legal basis CoM Regulation 586 of 15.09.2025. That register is interagency-only and not published. Obtaining it requires a written request to O'zbekiston Mahallalari Uyushmasi. Area is from the official boundary layer, not a demographic source."
UZ-TAS-MFY-347,Yangi Kamolon mahallasi,Shayxontohur,NULL,NULL,NULL,NULL,NULL,NULL,NULL,NULL,NULL,NULL,NULL,NULL,NULL,NULL,NULL,NULL,NULL,NULL,NULL,NULL,NULL,NULL,NULL,NULL,0.2081,20.81,NULL,NO PUBLIC MAHALLA-LEVEL DEMOGRAPHIC SOURCE LOCATED,NULL,NULL,NULL,2026-09-18,"Mahalla-level demography is held in the MFY yagona reyestri (Unified Register of Mahalla Citizens' Assemblies) inside the Raqamli Mahalla system, legal basis CoM Regulation 586 of 15.09.2025. That register is interagency-only and not published. Obtaining it requires a written request to O'zbekiston Mahallalari Uyushmasi. Area is from the official boundary layer, not a demographic source."
UZ-TAS-MFY-348,Suzukota mahallasi,Shayxontohur,NULL,NULL,NULL,NULL,NULL,NULL,NULL,NULL,NULL,NULL,NULL,NULL,NULL,NULL,NULL,NULL,NULL,NULL,NULL,NULL,NULL,NULL,NULL,NULL,0.2553,25.53,NULL,NO PUBLIC MAHALLA-LEVEL DEMOGRAPHIC SOURCE LOCATED,NULL,NULL,NULL,2026-09-18,"Mahalla-level demography is held in the MFY yagona reyestri (Unified Register of Mahalla Citizens' Assemblies) inside the Raqamli Mahalla system, legal basis CoM Regulation 586 of 15.09.2025. That register is interagency-only and not published. Obtaining it requires a written request to O'zbekiston Mahallalari Uyushmasi. Area is from the official boundary layer, not a demographic source."
UZ-TAS-MFY-349,Taxtapul mahallasi,Shayxontohur,NULL,NULL,NULL,NULL,NULL,NULL,NULL,NULL,NULL,NULL,NULL,NULL,NULL,NULL,NULL,NULL,NULL,NULL,NULL,NULL,NULL,NULL,NULL,NULL,0.7409,74.09,NULL,NO PUBLIC MAHALLA-LEVEL DEMOGRAPHIC SOURCE LOCATED,NULL,NULL,NULL,2026-09-18,"Mahalla-level demography is held in the MFY yagona reyestri (Unified Register of Mahalla Citizens' Assemblies) inside the Raqamli Mahalla system, legal basis CoM Regulation 586 of 15.09.2025. That register is interagency-only and not published. Obtaining it requires a written request to O'zbekiston Mahallalari Uyushmasi. Area is from the official boundary layer, not a demographic source."
UZ-TAS-MFY-350,Olim Xo'jayev mahallasi,Shayxontohur,NULL,NULL,NULL,NULL,NULL,NULL,NULL,NULL,NULL,NULL,NULL,NULL,NULL,NULL,NULL,NULL,NULL,NULL,NULL,NULL,NULL,NULL,NULL,NULL,0.5667,56.67,NULL,NO PUBLIC MAHALLA-LEVEL DEMOGRAPHIC SOURCE LOCATED,NULL,NULL,NULL,2026-09-18,"Mahalla-level demography is held in the MFY yagona reyestri (Unified Register of Mahalla Citizens' Assemblies) inside the Raqamli Mahalla system, legal basis CoM Regulation 586 of 15.09.2025. That register is interagency-only and not published. Obtaining it requires a written request to O'zbekiston Mahallalari Uyushmasi. Area is from the official boundary layer, not a demographic source."
UZ-TAS-MFY-351,Charxnovza mahallasi,Shayxontohur,NULL,NULL,NULL,NULL,NULL,NULL,NULL,NULL,NULL,NULL,NULL,NULL,NULL,NULL,NULL,NULL,NULL,NULL,NULL,NULL,NULL,NULL,NULL,NULL,0.3967,39.67,NULL,NO PUBLIC MAHALLA-LEVEL DEMOGRAPHIC SOURCE LOCATED,NULL,NULL,NULL,2026-09-18,"Mahalla-level demography is held in the MFY yagona reyestri (Unified Register of Mahalla Citizens' Assemblies) inside the Raqamli Mahalla system, legal basis CoM Regulation 586 of 15.09.2025. That register is interagency-only and not published. Obtaining it requires a written request to O'zbekiston Mahallalari Uyushmasi. Area is from the official boundary layer, not a demographic source."
UZ-TAS-MFY-352,Katta Oqtepa mahallasi,Shayxontohur,NULL,NULL,NULL,NULL,NULL,NULL,NULL,NULL,NULL,NULL,NULL,NULL,NULL,NULL,NULL,NULL,NULL,NULL,NULL,NULL,NULL,NULL,NULL,NULL,0.938,93.8,NULL,NO PUBLIC MAHALLA-LEVEL DEMOGRAPHIC SOURCE LOCATED,NULL,NULL,NULL,2026-09-18,"Mahalla-level demography is held in the MFY yagona reyestri (Unified Register of Mahalla Citizens' Assemblies) inside the Raqamli Mahalla system, legal basis CoM Regulation 586 of 15.09.2025. That register is interagency-only and not published. Obtaining it requires a written request to O'zbekiston Mahallalari Uyushmasi. Area is from the official boundary layer, not a demographic source."
UZ-TAS-MFY-353,Samarqand Darvoza mahallasi,Shayxontohur,NULL,NULL,NULL,NULL,NULL,NULL,NULL,NULL,NULL,NULL,NULL,NULL,NULL,NULL,NULL,NULL,NULL,NULL,NULL,NULL,NULL,NULL,NULL,NULL,0.7042,70.42,NULL,NO PUBLIC MAHALLA-LEVEL DEMOGRAPHIC SOURCE LOCATED,NULL,NULL,NULL,2026-09-18,"Mahalla-level demography is held in the MFY yagona reyestri (Unified Register of Mahalla Citizens' Assemblies) inside the Raqamli Mahalla system, legal basis CoM Regulation 586 of 15.09.2025. That register is interagency-only and not published. Obtaining it requires a written request to O'zbekiston Mahallalari Uyushmasi. Area is from the official boundary layer, not a demographic source."
UZ-TAS-MFY-354,Huvaydo mahallasi,Shayxontohur,NULL,NULL,NULL,NULL,NULL,NULL,NULL,NULL,NULL,NULL,NULL,NULL,NULL,NULL,NULL,NULL,NULL,NULL,NULL,NULL,NULL,NULL,NULL,NULL,0.2811,28.11,NULL,NO PUBLIC MAHALLA-LEVEL DEMOGRAPHIC SOURCE LOCATED,NULL,NULL,NULL,2026-09-18,"Mahalla-level demography is held in the MFY yagona reyestri (Unified Register of Mahalla Citizens' Assemblies) inside the Raqamli Mahalla system, legal basis CoM Regulation 586 of 15.09.2025. That register is interagency-only and not published. Obtaining it requires a written request to O'zbekiston Mahallalari Uyushmasi. Area is from the official boundary layer, not a demographic source."
UZ-TAS-MFY-355,Shodlik mahallasi,Shayxontohur,NULL,NULL,NULL,NULL,NULL,NULL,NULL,NULL,NULL,NULL,NULL,NULL,NULL,NULL,NULL,NULL,NULL,NULL,NULL,NULL,NULL,NULL,NULL,NULL,0.4163,41.63,NULL,NO PUBLIC MAHALLA-LEVEL DEMOGRAPHIC SOURCE LOCATED,NULL,NULL,NULL,2026-09-18,"Mahalla-level demography is held in the MFY yagona reyestri (Unified Register of Mahalla Citizens' Assemblies) inside the Raqamli Mahalla system, legal basis CoM Regulation 586 of 15.09.2025. That register is interagency-only and not published. Obtaining it requires a written request to O'zbekiston Mahallalari Uyushmasi. Area is from the official boundary layer, not a demographic source."
UZ-TAS-MFY-356,Zafarobod mahallasi,Shayxontohur,NULL,NULL,NULL,NULL,NULL,NULL,NULL,NULL,NULL,NULL,NULL,NULL,NULL,NULL,NULL,NULL,NULL,NULL,NULL,NULL,NULL,NULL,NULL,NULL,1.0041,100.41,NULL,NO PUBLIC MAHALLA-LEVEL DEMOGRAPHIC SOURCE LOCATED,NULL,NULL,NULL,2026-09-18,"Mahalla-level demography is held in the MFY yagona reyestri (Unified Register of Mahalla Citizens' Assemblies) inside the Raqamli Mahalla system, legal basis CoM Regulation 586 of 15.09.2025. That register is interagency-only and not published. Obtaining it requires a written request to O'zbekiston Mahallalari Uyushmasi. Area is from the official boundary layer, not a demographic source."
UZ-TAS-MFY-357,Kamolon mahallasi,Shayxontohur,NULL,NULL,NULL,NULL,NULL,NULL,NULL,NULL,NULL,NULL,NULL,NULL,NULL,NULL,NULL,NULL,NULL,NULL,NULL,NULL,NULL,NULL,NULL,NULL,0.2493,24.93,NULL,NO PUBLIC MAHALLA-LEVEL DEMOGRAPHIC SOURCE LOCATED,NULL,NULL,NULL,2026-09-18,"Mahalla-level demography is held in the MFY yagona reyestri (Unified Register of Mahalla Citizens' Assemblies) inside the Raqamli Mahalla system, legal basis CoM Regulation 586 of 15.09.2025. That register is interagency-only and not published. Obtaining it requires a written request to O'zbekiston Mahallalari Uyushmasi. Area is from the official boundary layer, not a demographic source."
UZ-TAS-MFY-358,Kattabog' mahallasi,Shayxontohur,NULL,NULL,NULL,NULL,NULL,NULL,NULL,NULL,NULL,NULL,NULL,NULL,NULL,NULL,NULL,NULL,NULL,NULL,NULL,NULL,NULL,NULL,NULL,NULL,0.2799,27.99,NULL,NO PUBLIC MAHALLA-LEVEL DEMOGRAPHIC SOURCE LOCATED,NULL,NULL,NULL,2026-09-18,"Mahalla-level demography is held in the MFY yagona reyestri (Unified Register of Mahalla Citizens' Assemblies) inside the Raqamli Mahalla system, legal basis CoM Regulation 586 of 15.09.2025. That register is interagency-only and not published. Obtaining it requires a written request to O'zbekiston Mahallalari Uyushmasi. Area is from the official boundary layer, not a demographic source."
UZ-TAS-MFY-359,Obinazir mahallasi,Shayxontohur,NULL,NULL,NULL,NULL,NULL,NULL,NULL,NULL,NULL,NULL,NULL,NULL,NULL,NULL,NULL,NULL,NULL,NULL,NULL,NULL,NULL,NULL,NULL,NULL,0.2565,25.65,NULL,NO PUBLIC MAHALLA-LEVEL DEMOGRAPHIC SOURCE LOCATED,NULL,NULL,NULL,2026-09-18,"Mahalla-level demography is held in the MFY yagona reyestri (Unified Register of Mahalla Citizens' Assemblies) inside the Raqamli Mahalla system, legal basis CoM Regulation 586 of 15.09.2025. That register is interagency-only and not published. Obtaining it requires a written request to O'zbekiston Mahallalari Uyushmasi. Area is from the official boundary layer, not a demographic source."
UZ-TAS-MFY-360,Eski Jarariq mahallasi,Shayxontohur,NULL,NULL,NULL,NULL,NULL,NULL,NULL,NULL,NULL,NULL,NULL,NULL,NULL,NULL,NULL,NULL,NULL,NULL,NULL,NULL,NULL,NULL,NULL,NULL,0.7542,75.42,NULL,NO PUBLIC MAHALLA-LEVEL DEMOGRAPHIC SOURCE LOCATED,NULL,NULL,NULL,2026-09-18,"Mahalla-level demography is held in the MFY yagona reyestri (Unified Register of Mahalla Citizens' Assemblies) inside the Raqamli Mahalla system, legal basis CoM Regulation 586 of 15.09.2025. That register is interagency-only and not published. Obtaining it requires a written request to O'zbekiston Mahallalari Uyushmasi. Area is from the official boundary layer, not a demographic source."
UZ-TAS-MFY-361,O'zbekiston mahallasi,Shayxontohur,NULL,NULL,NULL,NULL,NULL,NULL,NULL,NULL,NULL,NULL,NULL,NULL,NULL,NULL,NULL,NULL,NULL,NULL,NULL,NULL,NULL,NULL,NULL,NULL,1.2497,124.97,NULL,NO PUBLIC MAHALLA-LEVEL DEMOGRAPHIC SOURCE LOCATED,NULL,NULL,NULL,2026-09-18,"Mahalla-level demography is held in the MFY yagona reyestri (Unified Register of Mahalla Citizens' Assemblies) inside the Raqamli Mahalla system, legal basis CoM Regulation 586 of 15.09.2025. That register is interagency-only and not published. Obtaining it requires a written request to O'zbekiston Mahallalari Uyushmasi. Area is from the official boundary layer, not a demographic source."
UZ-TAS-MFY-362,Kamolon Darvoza mahallasi,Shayxontohur,NULL,NULL,NULL,NULL,NULL,NULL,NULL,NULL,NULL,NULL,NULL,NULL,NULL,NULL,NULL,NULL,NULL,NULL,NULL,NULL,NULL,NULL,NULL,NULL,0.3581,35.81,NULL,NO PUBLIC MAHALLA-LEVEL DEMOGRAPHIC SOURCE LOCATED,NULL,NULL,NULL,2026-09-18,"Mahalla-level demography is held in the MFY yagona reyestri (Unified Register of Mahalla Citizens' Assemblies) inside the Raqamli Mahalla system, legal basis CoM Regulation 586 of 15.09.2025. That register is interagency-only and not published. Obtaining it requires a written request to O'zbekiston Mahallalari Uyushmasi. Area is from the official boundary layer, not a demographic source."
UZ-TAS-MFY-363,Ko'kcha mahallasi,Shayxontohur,NULL,NULL,NULL,NULL,NULL,NULL,NULL,NULL,NULL,NULL,NULL,NULL,NULL,NULL,NULL,NULL,NULL,NULL,NULL,NULL,NULL,NULL,NULL,NULL,0.9033,90.33,NULL,NO PUBLIC MAHALLA-LEVEL DEMOGRAPHIC SOURCE LOCATED,NULL,NULL,NULL,2026-09-18,"Mahalla-level demography is held in the MFY yagona reyestri (Unified Register of Mahalla Citizens' Assemblies) inside the Raqamli Mahalla system, legal basis CoM Regulation 586 of 15.09.2025. That register is interagency-only and not published. Obtaining it requires a written request to O'zbekiston Mahallalari Uyushmasi. Area is from the official boundary layer, not a demographic source."
UZ-TAS-MFY-364,Qoratosh mahallasi,Shayxontohur,NULL,NULL,NULL,NULL,NULL,NULL,NULL,NULL,NULL,NULL,NULL,NULL,NULL,NULL,NULL,NULL,NULL,NULL,NULL,NULL,NULL,NULL,NULL,NULL,0.2265,22.65,NULL,NO PUBLIC MAHALLA-LEVEL DEMOGRAPHIC SOURCE LOCATED,NULL,NULL,NULL,2026-09-18,"Mahalla-level demography is held in the MFY yagona reyestri (Unified Register of Mahalla Citizens' Assemblies) inside the Raqamli Mahalla system, legal basis CoM Regulation 586 of 15.09.2025. That register is interagency-only and not published. Obtaining it requires a written request to O'zbekiston Mahallalari Uyushmasi. Area is from the official boundary layer, not a demographic source."
UZ-TAS-MFY-365,Yangiobod mahallasi,Shayxontohur,NULL,NULL,NULL,NULL,NULL,NULL,NULL,NULL,NULL,NULL,NULL,NULL,NULL,NULL,NULL,NULL,NULL,NULL,NULL,NULL,NULL,NULL,NULL,NULL,0.434,43.4,NULL,NO PUBLIC MAHALLA-LEVEL DEMOGRAPHIC SOURCE LOCATED,NULL,NULL,NULL,2026-09-18,"Mahalla-level demography is held in the MFY yagona reyestri (Unified Register of Mahalla Citizens' Assemblies) inside the Raqamli Mahalla system, legal basis CoM Regulation 586 of 15.09.2025. That register is interagency-only and not published. Obtaining it requires a written request to O'zbekiston Mahallalari Uyushmasi. Area is from the official boundary layer, not a demographic source."
UZ-TAS-MFY-366,Mannon Uyg'ur mahallasi,Shayxontohur,NULL,NULL,NULL,NULL,NULL,NULL,NULL,NULL,NULL,NULL,NULL,NULL,NULL,NULL,NULL,NULL,NULL,NULL,NULL,NULL,NULL,NULL,NULL,NULL,0.6663,66.63,NULL,NO PUBLIC MAHALLA-LEVEL DEMOGRAPHIC SOURCE LOCATED,NULL,NULL,NULL,2026-09-18,"Mahalla-level demography is held in the MFY yagona reyestri (Unified Register of Mahalla Citizens' Assemblies) inside the Raqamli Mahalla system, legal basis CoM Regulation 586 of 15.09.2025. That register is interagency-only and not published. Obtaining it requires a written request to O'zbekiston Mahallalari Uyushmasi. Area is from the official boundary layer, not a demographic source."
UZ-TAS-MFY-367,O'rda mahallasi,Shayxontohur,NULL,NULL,NULL,NULL,NULL,NULL,NULL,NULL,NULL,NULL,NULL,NULL,NULL,NULL,NULL,NULL,NULL,NULL,NULL,NULL,NULL,NULL,NULL,NULL,1.3991,139.91,NULL,NO PUBLIC MAHALLA-LEVEL DEMOGRAPHIC SOURCE LOCATED,NULL,NULL,NULL,2026-09-18,"Mahalla-level demography is held in the MFY yagona reyestri (Unified Register of Mahalla Citizens' Assemblies) inside the Raqamli Mahalla system, legal basis CoM Regulation 586 of 15.09.2025. That register is interagency-only and not published. Obtaining it requires a written request to O'zbekiston Mahallalari Uyushmasi. Area is from the official boundary layer, not a demographic source."
UZ-TAS-MFY-368,Zangiota mahallasi,Shayxontohur,NULL,NULL,NULL,NULL,NULL,NULL,NULL,NULL,NULL,NULL,NULL,NULL,NULL,NULL,NULL,NULL,NULL,NULL,NULL,NULL,NULL,NULL,NULL,NULL,0.3504,35.04,NULL,NO PUBLIC MAHALLA-LEVEL DEMOGRAPHIC SOURCE LOCATED,NULL,NULL,NULL,2026-09-18,"Mahalla-level demography is held in the MFY yagona reyestri (Unified Register of Mahalla Citizens' Assemblies) inside the Raqamli Mahalla system, legal basis CoM Regulation 586 of 15.09.2025. That register is interagency-only and not published. Obtaining it requires a written request to O'zbekiston Mahallalari Uyushmasi. Area is from the official boundary layer, not a demographic source."
UZ-TAS-MFY-65,Quruvchilar mahallasi,Sergeli,NULL,NULL,NULL,NULL,NULL,NULL,NULL,NULL,NULL,NULL,NULL,NULL,NULL,NULL,NULL,NULL,NULL,NULL,NULL,NULL,NULL,NULL,NULL,NULL,1.9563,195.63,NULL,NO PUBLIC MAHALLA-LEVEL DEMOGRAPHIC SOURCE LOCATED,NULL,NULL,NULL,2026-09-18,"Mahalla-level demography is held in the MFY yagona reyestri (Unified Register of Mahalla Citizens' Assemblies) inside the Raqamli Mahalla system, legal basis CoM Regulation 586 of 15.09.2025. That register is interagency-only and not published. Obtaining it requires a written request to O'zbekiston Mahallalari Uyushmasi. Area is from the official boundary layer, not a demographic source."
UZ-TAS-MFY-66,Oltinvodiy mahallasi,Sergeli,NULL,NULL,NULL,NULL,NULL,NULL,NULL,NULL,NULL,NULL,NULL,NULL,NULL,NULL,NULL,NULL,NULL,NULL,NULL,NULL,NULL,NULL,NULL,NULL,1.7464,174.64,NULL,NO PUBLIC MAHALLA-LEVEL DEMOGRAPHIC SOURCE LOCATED,NULL,NULL,NULL,2026-09-18,"Mahalla-level demography is held in the MFY yagona reyestri (Unified Register of Mahalla Citizens' Assemblies) inside the Raqamli Mahalla system, legal basis CoM Regulation 586 of 15.09.2025. That register is interagency-only and not published. Obtaining it requires a written request to O'zbekiston Mahallalari Uyushmasi. Area is from the official boundary layer, not a demographic source."
UZ-TAS-MFY-67,Izzatli mahallasi,Sergeli,NULL,NULL,NULL,NULL,NULL,NULL,NULL,NULL,NULL,NULL,NULL,NULL,NULL,NULL,NULL,NULL,NULL,NULL,NULL,NULL,NULL,NULL,NULL,NULL,0.8512,85.12,NULL,NO PUBLIC MAHALLA-LEVEL DEMOGRAPHIC SOURCE LOCATED,NULL,NULL,NULL,2026-09-18,"Mahalla-level demography is held in the MFY yagona reyestri (Unified Register of Mahalla Citizens' Assemblies) inside the Raqamli Mahalla system, legal basis CoM Regulation 586 of 15.09.2025. That register is interagency-only and not published. Obtaining it requires a written request to O'zbekiston Mahallalari Uyushmasi. Area is from the official boundary layer, not a demographic source."
UZ-TAS-MFY-68,Saxovat mahallasi,Sergeli,NULL,NULL,NULL,NULL,NULL,NULL,NULL,NULL,NULL,NULL,NULL,NULL,NULL,NULL,NULL,NULL,NULL,NULL,NULL,NULL,NULL,NULL,NULL,NULL,0.2196,21.96,NULL,NO PUBLIC MAHALLA-LEVEL DEMOGRAPHIC SOURCE LOCATED,NULL,NULL,NULL,2026-09-18,"Mahalla-level demography is held in the MFY yagona reyestri (Unified Register of Mahalla Citizens' Assemblies) inside the Raqamli Mahalla system, legal basis CoM Regulation 586 of 15.09.2025. That register is interagency-only and not published. Obtaining it requires a written request to O'zbekiston Mahallalari Uyushmasi. Area is from the official boundary layer, not a demographic source."
UZ-TAS-MFY-69,Shukrona mahallasi,Sergeli,NULL,NULL,NULL,NULL,NULL,NULL,NULL,NULL,NULL,NULL,NULL,NULL,NULL,NULL,NULL,NULL,NULL,NULL,NULL,NULL,NULL,NULL,NULL,NULL,0.1236,12.36,NULL,NO PUBLIC MAHALLA-LEVEL DEMOGRAPHIC SOURCE LOCATED,NULL,NULL,NULL,2026-09-18,"Mahalla-level demography is held in the MFY yagona reyestri (Unified Register of Mahalla Citizens' Assemblies) inside the Raqamli Mahalla system, legal basis CoM Regulation 586 of 15.09.2025. That register is interagency-only and not published. Obtaining it requires a written request to O'zbekiston Mahallalari Uyushmasi. Area is from the official boundary layer, not a demographic source."
UZ-TAS-MFY-70,Madaniyat mahallasi,Sergeli,NULL,NULL,NULL,NULL,NULL,NULL,NULL,NULL,NULL,NULL,NULL,NULL,NULL,NULL,NULL,NULL,NULL,NULL,NULL,NULL,NULL,NULL,NULL,NULL,0.2558,25.58,NULL,NO PUBLIC MAHALLA-LEVEL DEMOGRAPHIC SOURCE LOCATED,NULL,NULL,NULL,2026-09-18,"Mahalla-level demography is held in the MFY yagona reyestri (Unified Register of Mahalla Citizens' Assemblies) inside the Raqamli Mahalla system, legal basis CoM Regulation 586 of 15.09.2025. That register is interagency-only and not published. Obtaining it requires a written request to O'zbekiston Mahallalari Uyushmasi. Area is from the official boundary layer, not a demographic source."
UZ-TAS-MFY-71,Uchuvchilar mahallasi,Sergeli,NULL,NULL,NULL,NULL,NULL,NULL,NULL,NULL,NULL,NULL,NULL,NULL,NULL,NULL,NULL,NULL,NULL,NULL,NULL,NULL,NULL,NULL,NULL,NULL,1.2629,126.29,NULL,NO PUBLIC MAHALLA-LEVEL DEMOGRAPHIC SOURCE LOCATED,NULL,NULL,NULL,2026-09-18,"Mahalla-level demography is held in the MFY yagona reyestri (Unified Register of Mahalla Citizens' Assemblies) inside the Raqamli Mahalla system, legal basis CoM Regulation 586 of 15.09.2025. That register is interagency-only and not published. Obtaining it requires a written request to O'zbekiston Mahallalari Uyushmasi. Area is from the official boundary layer, not a demographic source."
UZ-TAS-MFY-72,Xonobodtepa mahallasi,Sergeli,NULL,NULL,NULL,NULL,NULL,NULL,NULL,NULL,NULL,NULL,NULL,NULL,NULL,NULL,NULL,NULL,NULL,NULL,NULL,NULL,NULL,NULL,NULL,NULL,1.8784,187.84,NULL,NO PUBLIC MAHALLA-LEVEL DEMOGRAPHIC SOURCE LOCATED,NULL,NULL,NULL,2026-09-18,"Mahalla-level demography is held in the MFY yagona reyestri (Unified Register of Mahalla Citizens' Assemblies) inside the Raqamli Mahalla system, legal basis CoM Regulation 586 of 15.09.2025. That register is interagency-only and not published. Obtaining it requires a written request to O'zbekiston Mahallalari Uyushmasi. Area is from the official boundary layer, not a demographic source."
UZ-TAS-MFY-73,Qut-baraka mahallasi,Sergeli,NULL,NULL,NULL,NULL,NULL,NULL,NULL,NULL,NULL,NULL,NULL,NULL,NULL,NULL,NULL,NULL,NULL,NULL,NULL,NULL,NULL,NULL,NULL,NULL,3.1999,319.99,NULL,NO PUBLIC MAHALLA-LEVEL DEMOGRAPHIC SOURCE LOCATED,NULL,NULL,NULL,2026-09-18,"Mahalla-level demography is held in the MFY yagona reyestri (Unified Register of Mahalla Citizens' Assemblies) inside the Raqamli Mahalla system, legal basis CoM Regulation 586 of 15.09.2025. That register is interagency-only and not published. Obtaining it requires a written request to O'zbekiston Mahallalari Uyushmasi. Area is from the official boundary layer, not a demographic source."
UZ-TAS-MFY-74,Nilufar mahallasi,Sergeli,NULL,NULL,NULL,NULL,NULL,NULL,NULL,NULL,NULL,NULL,NULL,NULL,NULL,NULL,NULL,NULL,NULL,NULL,NULL,NULL,NULL,NULL,NULL,NULL,0.4524,45.24,NULL,NO PUBLIC MAHALLA-LEVEL DEMOGRAPHIC SOURCE LOCATED,NULL,NULL,NULL,2026-09-18,"Mahalla-level demography is held in the MFY yagona reyestri (Unified Register of Mahalla Citizens' Assemblies) inside the Raqamli Mahalla system, legal basis CoM Regulation 586 of 15.09.2025. That register is interagency-only and not published. Obtaining it requires a written request to O'zbekiston Mahallalari Uyushmasi. Area is from the official boundary layer, not a demographic source."
UZ-TAS-MFY-75,Ittifoq mahallasi,Sergeli,NULL,NULL,NULL,NULL,NULL,NULL,NULL,NULL,NULL,NULL,NULL,NULL,NULL,NULL,NULL,NULL,NULL,NULL,NULL,NULL,NULL,NULL,NULL,NULL,0.1688,16.88,NULL,NO PUBLIC MAHALLA-LEVEL DEMOGRAPHIC SOURCE LOCATED,NULL,NULL,NULL,2026-09-18,"Mahalla-level demography is held in the MFY yagona reyestri (Unified Register of Mahalla Citizens' Assemblies) inside the Raqamli Mahalla system, legal basis CoM Regulation 586 of 15.09.2025. That register is interagency-only and not published. Obtaining it requires a written request to O'zbekiston Mahallalari Uyushmasi. Area is from the official boundary layer, not a demographic source."
UZ-TAS-MFY-76,No'g'oyqo'rg'on mahallasi,Sergeli,NULL,NULL,NULL,NULL,NULL,NULL,NULL,NULL,NULL,NULL,NULL,NULL,NULL,NULL,NULL,NULL,NULL,NULL,NULL,NULL,NULL,NULL,NULL,NULL,0.7644,76.44,NULL,NO PUBLIC MAHALLA-LEVEL DEMOGRAPHIC SOURCE LOCATED,NULL,NULL,NULL,2026-09-18,"Mahalla-level demography is held in the MFY yagona reyestri (Unified Register of Mahalla Citizens' Assemblies) inside the Raqamli Mahalla system, legal basis CoM Regulation 586 of 15.09.2025. That register is interagency-only and not published. Obtaining it requires a written request to O'zbekiston Mahallalari Uyushmasi. Area is from the official boundary layer, not a demographic source."
UZ-TAS-MFY-77,Yuqori Darxon mahallasi,Sergeli,NULL,NULL,NULL,NULL,NULL,NULL,NULL,NULL,NULL,NULL,NULL,NULL,NULL,NULL,NULL,NULL,NULL,NULL,NULL,NULL,NULL,NULL,NULL,NULL,1.3968,139.68,NULL,NO PUBLIC MAHALLA-LEVEL DEMOGRAPHIC SOURCE LOCATED,NULL,NULL,NULL,2026-09-18,"Mahalla-level demography is held in the MFY yagona reyestri (Unified Register of Mahalla Citizens' Assemblies) inside the Raqamli Mahalla system, legal basis CoM Regulation 586 of 15.09.2025. That register is interagency-only and not published. Obtaining it requires a written request to O'zbekiston Mahallalari Uyushmasi. Area is from the official boundary layer, not a demographic source."
UZ-TAS-MFY-78,Ziynat mahallasi,Sergeli,NULL,NULL,NULL,NULL,NULL,NULL,NULL,NULL,NULL,NULL,NULL,NULL,NULL,NULL,NULL,NULL,NULL,NULL,NULL,NULL,NULL,NULL,NULL,NULL,0.2193,21.93,NULL,NO PUBLIC MAHALLA-LEVEL DEMOGRAPHIC SOURCE LOCATED,NULL,NULL,NULL,2026-09-18,"Mahalla-level demography is held in the MFY yagona reyestri (Unified Register of Mahalla Citizens' Assemblies) inside the Raqamli Mahalla system, legal basis CoM Regulation 586 of 15.09.2025. That register is interagency-only and not published. Obtaining it requires a written request to O'zbekiston Mahallalari Uyushmasi. Area is from the official boundary layer, not a demographic source."
UZ-TAS-MFY-79,Xontepa mahallasi,Sergeli,NULL,NULL,NULL,NULL,NULL,NULL,NULL,NULL,NULL,NULL,NULL,NULL,NULL,NULL,NULL,NULL,NULL,NULL,NULL,NULL,NULL,NULL,NULL,NULL,1.1404,114.04,NULL,NO PUBLIC MAHALLA-LEVEL DEMOGRAPHIC SOURCE LOCATED,NULL,NULL,NULL,2026-09-18,"Mahalla-level demography is held in the MFY yagona reyestri (Unified Register of Mahalla Citizens' Assemblies) inside the Raqamli Mahalla system, legal basis CoM Regulation 586 of 15.09.2025. That register is interagency-only and not published. Obtaining it requires a written request to O'zbekiston Mahallalari Uyushmasi. Area is from the official boundary layer, not a demographic source."
UZ-TAS-MFY-80,Yangi Bunyodobod mahallasi,Sergeli,NULL,NULL,NULL,NULL,NULL,NULL,NULL,NULL,NULL,NULL,NULL,NULL,NULL,NULL,NULL,NULL,NULL,NULL,NULL,NULL,NULL,NULL,NULL,NULL,0.4152,41.52,NULL,NO PUBLIC MAHALLA-LEVEL DEMOGRAPHIC SOURCE LOCATED,NULL,NULL,NULL,2026-09-18,"Mahalla-level demography is held in the MFY yagona reyestri (Unified Register of Mahalla Citizens' Assemblies) inside the Raqamli Mahalla system, legal basis CoM Regulation 586 of 15.09.2025. That register is interagency-only and not published. Obtaining it requires a written request to O'zbekiston Mahallalari Uyushmasi. Area is from the official boundary layer, not a demographic source."
UZ-TAS-MFY-81,Habibiy mahallasi,Sergeli,NULL,NULL,NULL,NULL,NULL,NULL,NULL,NULL,NULL,NULL,NULL,NULL,NULL,NULL,NULL,NULL,NULL,NULL,NULL,NULL,NULL,NULL,NULL,NULL,0.2336,23.36,NULL,NO PUBLIC MAHALLA-LEVEL DEMOGRAPHIC SOURCE LOCATED,NULL,NULL,NULL,2026-09-18,"Mahalla-level demography is held in the MFY yagona reyestri (Unified Register of Mahalla Citizens' Assemblies) inside the Raqamli Mahalla system, legal basis CoM Regulation 586 of 15.09.2025. That register is interagency-only and not published. Obtaining it requires a written request to O'zbekiston Mahallalari Uyushmasi. Area is from the official boundary layer, not a demographic source."
UZ-TAS-MFY-82,Ezgulik mahallasi,Sergeli,NULL,NULL,NULL,NULL,NULL,NULL,NULL,NULL,NULL,NULL,NULL,NULL,NULL,NULL,NULL,NULL,NULL,NULL,NULL,NULL,NULL,NULL,NULL,NULL,0.1997,19.97,NULL,NO PUBLIC MAHALLA-LEVEL DEMOGRAPHIC SOURCE LOCATED,NULL,NULL,NULL,2026-09-18,"Mahalla-level demography is held in the MFY yagona reyestri (Unified Register of Mahalla Citizens' Assemblies) inside the Raqamli Mahalla system, legal basis CoM Regulation 586 of 15.09.2025. That register is interagency-only and not published. Obtaining it requires a written request to O'zbekiston Mahallalari Uyushmasi. Area is from the official boundary layer, not a demographic source."
UZ-TAS-MFY-83,Sohibqiron mahallasi,Sergeli,NULL,NULL,NULL,NULL,NULL,NULL,NULL,NULL,NULL,NULL,NULL,NULL,NULL,NULL,NULL,NULL,NULL,NULL,NULL,NULL,NULL,NULL,NULL,NULL,0.1584,15.84,NULL,NO PUBLIC MAHALLA-LEVEL DEMOGRAPHIC SOURCE LOCATED,NULL,NULL,NULL,2026-09-18,"Mahalla-level demography is held in the MFY yagona reyestri (Unified Register of Mahalla Citizens' Assemblies) inside the Raqamli Mahalla system, legal basis CoM Regulation 586 of 15.09.2025. That register is interagency-only and not published. Obtaining it requires a written request to O'zbekiston Mahallalari Uyushmasi. Area is from the official boundary layer, not a demographic source."
UZ-TAS-MFY-84,Yangi Sergeli mahallasi,Sergeli,NULL,NULL,NULL,NULL,NULL,NULL,NULL,NULL,NULL,NULL,NULL,NULL,NULL,NULL,NULL,NULL,NULL,NULL,NULL,NULL,NULL,NULL,NULL,NULL,0.1733,17.33,NULL,NO PUBLIC MAHALLA-LEVEL DEMOGRAPHIC SOURCE LOCATED,NULL,NULL,NULL,2026-09-18,"Mahalla-level demography is held in the MFY yagona reyestri (Unified Register of Mahalla Citizens' Assemblies) inside the Raqamli Mahalla system, legal basis CoM Regulation 586 of 15.09.2025. That register is interagency-only and not published. Obtaining it requires a written request to O'zbekiston Mahallalari Uyushmasi. Area is from the official boundary layer, not a demographic source."
UZ-TAS-MFY-85,Mehrigiyo mahallasi,Sergeli,NULL,NULL,NULL,NULL,NULL,NULL,NULL,NULL,NULL,NULL,NULL,NULL,NULL,NULL,NULL,NULL,NULL,NULL,NULL,NULL,NULL,NULL,NULL,NULL,0.1451,14.51,NULL,NO PUBLIC MAHALLA-LEVEL DEMOGRAPHIC SOURCE LOCATED,NULL,NULL,NULL,2026-09-18,"Mahalla-level demography is held in the MFY yagona reyestri (Unified Register of Mahalla Citizens' Assemblies) inside the Raqamli Mahalla system, legal basis CoM Regulation 586 of 15.09.2025. That register is interagency-only and not published. Obtaining it requires a written request to O'zbekiston Mahallalari Uyushmasi. Area is from the official boundary layer, not a demographic source."
UZ-TAS-MFY-86,O'zgarish mahallasi,Sergeli,NULL,NULL,NULL,NULL,NULL,NULL,NULL,NULL,NULL,NULL,NULL,NULL,NULL,NULL,NULL,NULL,NULL,NULL,NULL,NULL,NULL,NULL,NULL,NULL,0.1957,19.57,NULL,NO PUBLIC MAHALLA-LEVEL DEMOGRAPHIC SOURCE LOCATED,NULL,NULL,NULL,2026-09-18,"Mahalla-level demography is held in the MFY yagona reyestri (Unified Register of Mahalla Citizens' Assemblies) inside the Raqamli Mahalla system, legal basis CoM Regulation 586 of 15.09.2025. That register is interagency-only and not published. Obtaining it requires a written request to O'zbekiston Mahallalari Uyushmasi. Area is from the official boundary layer, not a demographic source."
UZ-TAS-MFY-87,Qipchoq mahallasi,Sergeli,NULL,NULL,NULL,NULL,NULL,NULL,NULL,NULL,NULL,NULL,NULL,NULL,NULL,NULL,NULL,NULL,NULL,NULL,NULL,NULL,NULL,NULL,NULL,NULL,0.1622,16.22,NULL,NO PUBLIC MAHALLA-LEVEL DEMOGRAPHIC SOURCE LOCATED,NULL,NULL,NULL,2026-09-18,"Mahalla-level demography is held in the MFY yagona reyestri (Unified Register of Mahalla Citizens' Assemblies) inside the Raqamli Mahalla system, legal basis CoM Regulation 586 of 15.09.2025. That register is interagency-only and not published. Obtaining it requires a written request to O'zbekiston Mahallalari Uyushmasi. Area is from the official boundary layer, not a demographic source."
UZ-TAS-MFY-88,Jo'nariq mahallasi,Sergeli,NULL,NULL,NULL,NULL,NULL,NULL,NULL,NULL,NULL,NULL,NULL,NULL,NULL,NULL,NULL,NULL,NULL,NULL,NULL,NULL,NULL,NULL,NULL,NULL,1.0028,100.28,NULL,NO PUBLIC MAHALLA-LEVEL DEMOGRAPHIC SOURCE LOCATED,NULL,NULL,NULL,2026-09-18,"Mahalla-level demography is held in the MFY yagona reyestri (Unified Register of Mahalla Citizens' Assemblies) inside the Raqamli Mahalla system, legal basis CoM Regulation 586 of 15.09.2025. That register is interagency-only and not published. Obtaining it requires a written request to O'zbekiston Mahallalari Uyushmasi. Area is from the official boundary layer, not a demographic source."
UZ-TAS-MFY-89,Daryobo'yi mahallasi,Sergeli,NULL,NULL,NULL,NULL,NULL,NULL,NULL,NULL,NULL,NULL,NULL,NULL,NULL,NULL,NULL,NULL,NULL,NULL,NULL,NULL,NULL,NULL,NULL,NULL,2.9412,294.12,NULL,NO PUBLIC MAHALLA-LEVEL DEMOGRAPHIC SOURCE LOCATED,NULL,NULL,NULL,2026-09-18,"Mahalla-level demography is held in the MFY yagona reyestri (Unified Register of Mahalla Citizens' Assemblies) inside the Raqamli Mahalla system, legal basis CoM Regulation 586 of 15.09.2025. That register is interagency-only and not published. Obtaining it requires a written request to O'zbekiston Mahallalari Uyushmasi. Area is from the official boundary layer, not a demographic source."
UZ-TAS-MFY-90,Sofdil mahallasi,Sergeli,NULL,NULL,NULL,NULL,NULL,NULL,NULL,NULL,NULL,NULL,NULL,NULL,NULL,NULL,NULL,NULL,NULL,NULL,NULL,NULL,NULL,NULL,NULL,NULL,0.7555,75.55,NULL,NO PUBLIC MAHALLA-LEVEL DEMOGRAPHIC SOURCE LOCATED,NULL,NULL,NULL,2026-09-18,"Mahalla-level demography is held in the MFY yagona reyestri (Unified Register of Mahalla Citizens' Assemblies) inside the Raqamli Mahalla system, legal basis CoM Regulation 586 of 15.09.2025. That register is interagency-only and not published. Obtaining it requires a written request to O'zbekiston Mahallalari Uyushmasi. Area is from the official boundary layer, not a demographic source."
UZ-TAS-MFY-91,Nurhayot mahallasi,Sergeli,NULL,NULL,NULL,NULL,NULL,NULL,NULL,NULL,NULL,NULL,NULL,NULL,NULL,NULL,NULL,NULL,NULL,NULL,NULL,NULL,NULL,NULL,NULL,NULL,0.2814,28.14,NULL,NO PUBLIC MAHALLA-LEVEL DEMOGRAPHIC SOURCE LOCATED,NULL,NULL,NULL,2026-09-18,"Mahalla-level demography is held in the MFY yagona reyestri (Unified Register of Mahalla Citizens' Assemblies) inside the Raqamli Mahalla system, legal basis CoM Regulation 586 of 15.09.2025. That register is interagency-only and not published. Obtaining it requires a written request to O'zbekiston Mahallalari Uyushmasi. Area is from the official boundary layer, not a demographic source."
UZ-TAS-MFY-92,Madadkor mahallasi,Sergeli,NULL,NULL,NULL,NULL,NULL,NULL,NULL,NULL,NULL,NULL,NULL,NULL,NULL,NULL,NULL,NULL,NULL,NULL,NULL,NULL,NULL,NULL,NULL,NULL,0.2861,28.61,NULL,NO PUBLIC MAHALLA-LEVEL DEMOGRAPHIC SOURCE LOCATED,NULL,NULL,NULL,2026-09-18,"Mahalla-level demography is held in the MFY yagona reyestri (Unified Register of Mahalla Citizens' Assemblies) inside the Raqamli Mahalla system, legal basis CoM Regulation 586 of 15.09.2025. That register is interagency-only and not published. Obtaining it requires a written request to O'zbekiston Mahallalari Uyushmasi. Area is from the official boundary layer, not a demographic source."
UZ-TAS-MFY-93,Kengmakon mahallasi,Sergeli,NULL,NULL,NULL,NULL,NULL,NULL,NULL,NULL,NULL,NULL,NULL,NULL,NULL,NULL,NULL,NULL,NULL,NULL,NULL,NULL,NULL,NULL,NULL,NULL,1.4893,148.93,NULL,NO PUBLIC MAHALLA-LEVEL DEMOGRAPHIC SOURCE LOCATED,NULL,NULL,NULL,2026-09-18,"Mahalla-level demography is held in the MFY yagona reyestri (Unified Register of Mahalla Citizens' Assemblies) inside the Raqamli Mahalla system, legal basis CoM Regulation 586 of 15.09.2025. That register is interagency-only and not published. Obtaining it requires a written request to O'zbekiston Mahallalari Uyushmasi. Area is from the official boundary layer, not a demographic source."
UZ-TAS-MFY-94,Bunyodobod mahallasi,Sergeli,NULL,NULL,NULL,NULL,NULL,NULL,NULL,NULL,NULL,NULL,NULL,NULL,NULL,NULL,NULL,NULL,NULL,NULL,NULL,NULL,NULL,NULL,NULL,NULL,0.6417,64.17,NULL,NO PUBLIC MAHALLA-LEVEL DEMOGRAPHIC SOURCE LOCATED,NULL,NULL,NULL,2026-09-18,"Mahalla-level demography is held in the MFY yagona reyestri (Unified Register of Mahalla Citizens' Assemblies) inside the Raqamli Mahalla system, legal basis CoM Regulation 586 of 15.09.2025. That register is interagency-only and not published. Obtaining it requires a written request to O'zbekiston Mahallalari Uyushmasi. Area is from the official boundary layer, not a demographic source."
UZ-TAS-MFY-95,Qumariq mahallasi,Sergeli,NULL,NULL,NULL,NULL,NULL,NULL,NULL,NULL,NULL,NULL,NULL,NULL,NULL,NULL,NULL,NULL,NULL,NULL,NULL,NULL,NULL,NULL,NULL,NULL,2.5157,251.57,NULL,NO PUBLIC MAHALLA-LEVEL DEMOGRAPHIC SOURCE LOCATED,NULL,NULL,NULL,2026-09-18,"Mahalla-level demography is held in the MFY yagona reyestri (Unified Register of Mahalla Citizens' Assemblies) inside the Raqamli Mahalla system, legal basis CoM Regulation 586 of 15.09.2025. That register is interagency-only and not published. Obtaining it requires a written request to O'zbekiston Mahallalari Uyushmasi. Area is from the official boundary layer, not a demographic source."
UZ-TAS-MFY-96,Birdamlik mahallasi,Sergeli,NULL,NULL,NULL,NULL,NULL,NULL,NULL,NULL,NULL,NULL,NULL,NULL,NULL,NULL,NULL,NULL,NULL,NULL,NULL,NULL,NULL,NULL,NULL,NULL,0.2256,22.56,NULL,NO PUBLIC MAHALLA-LEVEL DEMOGRAPHIC SOURCE LOCATED,NULL,NULL,NULL,2026-09-18,"Mahalla-level demography is held in the MFY yagona reyestri (Unified Register of Mahalla Citizens' Assemblies) inside the Raqamli Mahalla system, legal basis CoM Regulation 586 of 15.09.2025. That register is interagency-only and not published. Obtaining it requires a written request to O'zbekiston Mahallalari Uyushmasi. Area is from the official boundary layer, not a demographic source."
UZ-TAS-MFY-97,Xalqobod mahallasi,Sergeli,NULL,NULL,NULL,NULL,NULL,NULL,NULL,NULL,NULL,NULL,NULL,NULL,NULL,NULL,NULL,NULL,NULL,NULL,NULL,NULL,NULL,NULL,NULL,NULL,0.3516,35.16,NULL,NO PUBLIC MAHALLA-LEVEL DEMOGRAPHIC SOURCE LOCATED,NULL,NULL,NULL,2026-09-18,"Mahalla-level demography is held in the MFY yagona reyestri (Unified Register of Mahalla Citizens' Assemblies) inside the Raqamli Mahalla system, legal basis CoM Regulation 586 of 15.09.2025. That register is interagency-only and not published. Obtaining it requires a written request to O'zbekiston Mahallalari Uyushmasi. Area is from the official boundary layer, not a demographic source."
UZ-TAS-MFY-98,Nomdanak mahallasi,Sergeli,NULL,NULL,NULL,NULL,NULL,NULL,NULL,NULL,NULL,NULL,NULL,NULL,NULL,NULL,NULL,NULL,NULL,NULL,NULL,NULL,NULL,NULL,NULL,NULL,0.8214,82.14,NULL,NO PUBLIC MAHALLA-LEVEL DEMOGRAPHIC SOURCE LOCATED,NULL,NULL,NULL,2026-09-18,"Mahalla-level demography is held in the MFY yagona reyestri (Unified Register of Mahalla Citizens' Assemblies) inside the Raqamli Mahalla system, legal basis CoM Regulation 586 of 15.09.2025. That register is interagency-only and not published. Obtaining it requires a written request to O'zbekiston Mahallalari Uyushmasi. Area is from the official boundary layer, not a demographic source."
UZ-TAS-MFY-99,Xonobod mahallasi,Sergeli,NULL,NULL,NULL,NULL,NULL,NULL,NULL,NULL,NULL,NULL,NULL,NULL,NULL,NULL,NULL,NULL,NULL,NULL,NULL,NULL,NULL,NULL,NULL,NULL,1.4364,143.64,NULL,NO PUBLIC MAHALLA-LEVEL DEMOGRAPHIC SOURCE LOCATED,NULL,NULL,NULL,2026-09-18,"Mahalla-level demography is held in the MFY yagona reyestri (Unified Register of Mahalla Citizens' Assemblies) inside the Raqamli Mahalla system, legal basis CoM Regulation 586 of 15.09.2025. That register is interagency-only and not published. Obtaining it requires a written request to O'zbekiston Mahallalari Uyushmasi. Area is from the official boundary layer, not a demographic source."
UZ-TAS-MFY-100,Eshonbuloq mahallasi,Sergeli,NULL,NULL,NULL,NULL,NULL,NULL,NULL,NULL,NULL,NULL,NULL,NULL,NULL,NULL,NULL,NULL,NULL,NULL,NULL,NULL,NULL,NULL,NULL,NULL,1.2786,127.86,NULL,NO PUBLIC MAHALLA-LEVEL DEMOGRAPHIC SOURCE LOCATED,NULL,NULL,NULL,2026-09-18,"Mahalla-level demography is held in the MFY yagona reyestri (Unified Register of Mahalla Citizens' Assemblies) inside the Raqamli Mahalla system, legal basis CoM Regulation 586 of 15.09.2025. That register is interagency-only and not published. Obtaining it requires a written request to O'zbekiston Mahallalari Uyushmasi. Area is from the official boundary layer, not a demographic source."
UZ-TAS-MFY-101,Farog'atli mahallasi,Sergeli,NULL,NULL,NULL,NULL,NULL,NULL,NULL,NULL,NULL,NULL,NULL,NULL,NULL,NULL,NULL,NULL,NULL,NULL,NULL,NULL,NULL,NULL,NULL,NULL,2.158,215.8,NULL,NO PUBLIC MAHALLA-LEVEL DEMOGRAPHIC SOURCE LOCATED,NULL,NULL,NULL,2026-09-18,"Mahalla-level demography is held in the MFY yagona reyestri (Unified Register of Mahalla Citizens' Assemblies) inside the Raqamli Mahalla system, legal basis CoM Regulation 586 of 15.09.2025. That register is interagency-only and not published. Obtaining it requires a written request to O'zbekiston Mahallalari Uyushmasi. Area is from the official boundary layer, not a demographic source."
UZ-TAS-MFY-102,Asrobod mahallasi,Sergeli,NULL,NULL,NULL,NULL,NULL,NULL,NULL,NULL,NULL,NULL,NULL,NULL,NULL,NULL,NULL,NULL,NULL,NULL,NULL,NULL,NULL,NULL,NULL,NULL,0.3769,37.69,NULL,NO PUBLIC MAHALLA-LEVEL DEMOGRAPHIC SOURCE LOCATED,NULL,NULL,NULL,2026-09-18,"Mahalla-level demography is held in the MFY yagona reyestri (Unified Register of Mahalla Citizens' Assemblies) inside the Raqamli Mahalla system, legal basis CoM Regulation 586 of 15.09.2025. That register is interagency-only and not published. Obtaining it requires a written request to O'zbekiston Mahallalari Uyushmasi. Area is from the official boundary layer, not a demographic source."
UZ-TAS-MFY-103,Ko'hna Qumariq mahallasi,Sergeli,NULL,NULL,NULL,NULL,NULL,NULL,NULL,NULL,NULL,NULL,NULL,NULL,NULL,NULL,NULL,NULL,NULL,NULL,NULL,NULL,NULL,NULL,NULL,NULL,2.3205,232.05,NULL,NO PUBLIC MAHALLA-LEVEL DEMOGRAPHIC SOURCE LOCATED,NULL,NULL,NULL,2026-09-18,"Mahalla-level demography is held in the MFY yagona reyestri (Unified Register of Mahalla Citizens' Assemblies) inside the Raqamli Mahalla system, legal basis CoM Regulation 586 of 15.09.2025. That register is interagency-only and not published. Obtaining it requires a written request to O'zbekiston Mahallalari Uyushmasi. Area is from the official boundary layer, not a demographic source."
UZ-TAS-MFY-104,Qubaytepa mahallasi,Sergeli,NULL,NULL,NULL,NULL,NULL,NULL,NULL,NULL,NULL,NULL,NULL,NULL,NULL,NULL,NULL,NULL,NULL,NULL,NULL,NULL,NULL,NULL,NULL,NULL,2.2524,225.24,NULL,NO PUBLIC MAHALLA-LEVEL DEMOGRAPHIC SOURCE LOCATED,NULL,NULL,NULL,2026-09-18,"Mahalla-level demography is held in the MFY yagona reyestri (Unified Register of Mahalla Citizens' Assemblies) inside the Raqamli Mahalla system, legal basis CoM Regulation 586 of 15.09.2025. That register is interagency-only and not published. Obtaining it requires a written request to O'zbekiston Mahallalari Uyushmasi. Area is from the official boundary layer, not a demographic source."
UZ-TAS-MFY-105,Eski Jaloyir mahallasi,Sergeli,NULL,NULL,NULL,NULL,NULL,NULL,NULL,NULL,NULL,NULL,NULL,NULL,NULL,NULL,NULL,NULL,NULL,NULL,NULL,NULL,NULL,NULL,NULL,NULL,1.0031,100.31,NULL,NO PUBLIC MAHALLA-LEVEL DEMOGRAPHIC SOURCE LOCATED,NULL,NULL,NULL,2026-09-18,"Mahalla-level demography is held in the MFY yagona reyestri (Unified Register of Mahalla Citizens' Assemblies) inside the Raqamli Mahalla system, legal basis CoM Regulation 586 of 15.09.2025. That register is interagency-only and not published. Obtaining it requires a written request to O'zbekiston Mahallalari Uyushmasi. Area is from the official boundary layer, not a demographic source."
UZ-TAS-MFY-106,Ziyolilar mahallasi,Sergeli,NULL,NULL,NULL,NULL,NULL,NULL,NULL,NULL,NULL,NULL,NULL,NULL,NULL,NULL,NULL,NULL,NULL,NULL,NULL,NULL,NULL,NULL,NULL,NULL,0.642,64.2,NULL,NO PUBLIC MAHALLA-LEVEL DEMOGRAPHIC SOURCE LOCATED,NULL,NULL,NULL,2026-09-18,"Mahalla-level demography is held in the MFY yagona reyestri (Unified Register of Mahalla Citizens' Assemblies) inside the Raqamli Mahalla system, legal basis CoM Regulation 586 of 15.09.2025. That register is interagency-only and not published. Obtaining it requires a written request to O'zbekiston Mahallalari Uyushmasi. Area is from the official boundary layer, not a demographic source."
UZ-TAS-MFY-107,Sultonobod mahallasi,Sergeli,NULL,NULL,NULL,NULL,NULL,NULL,NULL,NULL,NULL,NULL,NULL,NULL,NULL,NULL,NULL,NULL,NULL,NULL,NULL,NULL,NULL,NULL,NULL,NULL,1.0594,105.94,NULL,NO PUBLIC MAHALLA-LEVEL DEMOGRAPHIC SOURCE LOCATED,NULL,NULL,NULL,2026-09-18,"Mahalla-level demography is held in the MFY yagona reyestri (Unified Register of Mahalla Citizens' Assemblies) inside the Raqamli Mahalla system, legal basis CoM Regulation 586 of 15.09.2025. That register is interagency-only and not published. Obtaining it requires a written request to O'zbekiston Mahallalari Uyushmasi. Area is from the official boundary layer, not a demographic source."
UZ-TAS-MFY-108,Sadoqat mahallasi,Sergeli,NULL,NULL,NULL,NULL,NULL,NULL,NULL,NULL,NULL,NULL,NULL,NULL,NULL,NULL,NULL,NULL,NULL,NULL,NULL,NULL,NULL,NULL,NULL,NULL,1.3761,137.61,NULL,NO PUBLIC MAHALLA-LEVEL DEMOGRAPHIC SOURCE LOCATED,NULL,NULL,NULL,2026-09-18,"Mahalla-level demography is held in the MFY yagona reyestri (Unified Register of Mahalla Citizens' Assemblies) inside the Raqamli Mahalla system, legal basis CoM Regulation 586 of 15.09.2025. That register is interagency-only and not published. Obtaining it requires a written request to O'zbekiston Mahallalari Uyushmasi. Area is from the official boundary layer, not a demographic source."
UZ-TAS-MFY-109,Sug'diyona mahallasi,Sergeli,NULL,NULL,NULL,NULL,NULL,NULL,NULL,NULL,NULL,NULL,NULL,NULL,NULL,NULL,NULL,NULL,NULL,NULL,NULL,NULL,NULL,NULL,NULL,NULL,2.9402,294.02,NULL,NO PUBLIC MAHALLA-LEVEL DEMOGRAPHIC SOURCE LOCATED,NULL,NULL,NULL,2026-09-18,"Mahalla-level demography is held in the MFY yagona reyestri (Unified Register of Mahalla Citizens' Assemblies) inside the Raqamli Mahalla system, legal basis CoM Regulation 586 of 15.09.2025. That register is interagency-only and not published. Obtaining it requires a written request to O'zbekiston Mahallalari Uyushmasi. Area is from the official boundary layer, not a demographic source."
UZ-TAS-MFY-110,Qo'shqo'rg'on mahallasi,Sergeli,NULL,NULL,NULL,NULL,NULL,NULL,NULL,NULL,NULL,NULL,NULL,NULL,NULL,NULL,NULL,NULL,NULL,NULL,NULL,NULL,NULL,NULL,NULL,NULL,2.2982,229.82,NULL,NO PUBLIC MAHALLA-LEVEL DEMOGRAPHIC SOURCE LOCATED,NULL,NULL,NULL,2026-09-18,"Mahalla-level demography is held in the MFY yagona reyestri (Unified Register of Mahalla Citizens' Assemblies) inside the Raqamli Mahalla system, legal basis CoM Regulation 586 of 15.09.2025. That register is interagency-only and not published. Obtaining it requires a written request to O'zbekiston Mahallalari Uyushmasi. Area is from the official boundary layer, not a demographic source."
UZ-TAS-MFY-417,Bayot mahallasi,Mirobod,NULL,NULL,NULL,NULL,NULL,NULL,NULL,NULL,NULL,NULL,NULL,NULL,NULL,NULL,NULL,NULL,NULL,NULL,NULL,NULL,NULL,NULL,NULL,NULL,0.0538,5.38,NULL,NO PUBLIC MAHALLA-LEVEL DEMOGRAPHIC SOURCE LOCATED,NULL,NULL,NULL,2026-09-18,"Mahalla-level demography is held in the MFY yagona reyestri (Unified Register of Mahalla Citizens' Assemblies) inside the Raqamli Mahalla system, legal basis CoM Regulation 586 of 15.09.2025. That register is interagency-only and not published. Obtaining it requires a written request to O'zbekiston Mahallalari Uyushmasi. Area is from the official boundary layer, not a demographic source."
UZ-TAS-MFY-418,Tong yulduzi mahallasi,Mirobod,NULL,NULL,NULL,NULL,NULL,NULL,NULL,NULL,NULL,NULL,NULL,NULL,NULL,NULL,NULL,NULL,NULL,NULL,NULL,NULL,NULL,NULL,NULL,NULL,1.3249,132.49,NULL,NO PUBLIC MAHALLA-LEVEL DEMOGRAPHIC SOURCE LOCATED,NULL,NULL,NULL,2026-09-18,"Mahalla-level demography is held in the MFY yagona reyestri (Unified Register of Mahalla Citizens' Assemblies) inside the Raqamli Mahalla system, legal basis CoM Regulation 586 of 15.09.2025. That register is interagency-only and not published. Obtaining it requires a written request to O'zbekiston Mahallalari Uyushmasi. Area is from the official boundary layer, not a demographic source."
UZ-TAS-MFY-419,Yangi Qo'yliq mahallasi,Mirobod,NULL,NULL,NULL,NULL,NULL,NULL,NULL,NULL,NULL,NULL,NULL,NULL,NULL,NULL,NULL,NULL,NULL,NULL,NULL,NULL,NULL,NULL,NULL,NULL,0.2346,23.46,NULL,NO PUBLIC MAHALLA-LEVEL DEMOGRAPHIC SOURCE LOCATED,NULL,NULL,NULL,2026-09-18,"Mahalla-level demography is held in the MFY yagona reyestri (Unified Register of Mahalla Citizens' Assemblies) inside the Raqamli Mahalla system, legal basis CoM Regulation 586 of 15.09.2025. That register is interagency-only and not published. Obtaining it requires a written request to O'zbekiston Mahallalari Uyushmasi. Area is from the official boundary layer, not a demographic source."
UZ-TAS-MFY-420,Mirobod mahallasi,Mirobod,NULL,NULL,NULL,NULL,NULL,NULL,NULL,NULL,NULL,NULL,NULL,NULL,NULL,NULL,NULL,NULL,NULL,NULL,NULL,NULL,NULL,NULL,NULL,NULL,0.2993,29.93,NULL,NO PUBLIC MAHALLA-LEVEL DEMOGRAPHIC SOURCE LOCATED,NULL,NULL,NULL,2026-09-18,"Mahalla-level demography is held in the MFY yagona reyestri (Unified Register of Mahalla Citizens' Assemblies) inside the Raqamli Mahalla system, legal basis CoM Regulation 586 of 15.09.2025. That register is interagency-only and not published. Obtaining it requires a written request to O'zbekiston Mahallalari Uyushmasi. Area is from the official boundary layer, not a demographic source."
UZ-TAS-MFY-421,Qo'yliqota mahallasi,Mirobod,NULL,NULL,NULL,NULL,NULL,NULL,NULL,NULL,NULL,NULL,NULL,NULL,NULL,NULL,NULL,NULL,NULL,NULL,NULL,NULL,NULL,NULL,NULL,NULL,0.2523,25.23,NULL,NO PUBLIC MAHALLA-LEVEL DEMOGRAPHIC SOURCE LOCATED,NULL,NULL,NULL,2026-09-18,"Mahalla-level demography is held in the MFY yagona reyestri (Unified Register of Mahalla Citizens' Assemblies) inside the Raqamli Mahalla system, legal basis CoM Regulation 586 of 15.09.2025. That register is interagency-only and not published. Obtaining it requires a written request to O'zbekiston Mahallalari Uyushmasi. Area is from the official boundary layer, not a demographic source."
UZ-TAS-MFY-422,Sariko'l mahallasi,Mirobod,NULL,NULL,NULL,NULL,NULL,NULL,NULL,NULL,NULL,NULL,NULL,NULL,NULL,NULL,NULL,NULL,NULL,NULL,NULL,NULL,NULL,NULL,NULL,NULL,0.4768,47.68,NULL,NO PUBLIC MAHALLA-LEVEL DEMOGRAPHIC SOURCE LOCATED,NULL,NULL,NULL,2026-09-18,"Mahalla-level demography is held in the MFY yagona reyestri (Unified Register of Mahalla Citizens' Assemblies) inside the Raqamli Mahalla system, legal basis CoM Regulation 586 of 15.09.2025. That register is interagency-only and not published. Obtaining it requires a written request to O'zbekiston Mahallalari Uyushmasi. Area is from the official boundary layer, not a demographic source."
UZ-TAS-MFY-423,Qorasuv mahallasi,Mirobod,NULL,NULL,NULL,NULL,NULL,NULL,NULL,NULL,NULL,NULL,NULL,NULL,NULL,NULL,NULL,NULL,NULL,NULL,NULL,NULL,NULL,NULL,NULL,NULL,0.5549,55.49,NULL,NO PUBLIC MAHALLA-LEVEL DEMOGRAPHIC SOURCE LOCATED,NULL,NULL,NULL,2026-09-18,"Mahalla-level demography is held in the MFY yagona reyestri (Unified Register of Mahalla Citizens' Assemblies) inside the Raqamli Mahalla system, legal basis CoM Regulation 586 of 15.09.2025. That register is interagency-only and not published. Obtaining it requires a written request to O'zbekiston Mahallalari Uyushmasi. Area is from the official boundary layer, not a demographic source."
UZ-TAS-MFY-424,Navro'z mahallasi,Mirobod,NULL,NULL,NULL,NULL,NULL,NULL,NULL,NULL,NULL,NULL,NULL,NULL,NULL,NULL,NULL,NULL,NULL,NULL,NULL,NULL,NULL,NULL,NULL,NULL,0.3136,31.36,NULL,NO PUBLIC MAHALLA-LEVEL DEMOGRAPHIC SOURCE LOCATED,NULL,NULL,NULL,2026-09-18,"Mahalla-level demography is held in the MFY yagona reyestri (Unified Register of Mahalla Citizens' Assemblies) inside the Raqamli Mahalla system, legal basis CoM Regulation 586 of 15.09.2025. That register is interagency-only and not published. Obtaining it requires a written request to O'zbekiston Mahallalari Uyushmasi. Area is from the official boundary layer, not a demographic source."
UZ-TAS-MFY-425,Baynalmilal mahallasi,Mirobod,NULL,NULL,NULL,NULL,NULL,NULL,NULL,NULL,NULL,NULL,NULL,NULL,NULL,NULL,NULL,NULL,NULL,NULL,NULL,NULL,NULL,NULL,NULL,NULL,0.7125,71.25,NULL,NO PUBLIC MAHALLA-LEVEL DEMOGRAPHIC SOURCE LOCATED,NULL,NULL,NULL,2026-09-18,"Mahalla-level demography is held in the MFY yagona reyestri (Unified Register of Mahalla Citizens' Assemblies) inside the Raqamli Mahalla system, legal basis CoM Regulation 586 of 15.09.2025. That register is interagency-only and not published. Obtaining it requires a written request to O'zbekiston Mahallalari Uyushmasi. Area is from the official boundary layer, not a demographic source."
UZ-TAS-MFY-426,Parvona mahallasi,Mirobod,NULL,NULL,NULL,NULL,NULL,NULL,NULL,NULL,NULL,NULL,NULL,NULL,NULL,NULL,NULL,NULL,NULL,NULL,NULL,NULL,NULL,NULL,NULL,NULL,0.3761,37.61,NULL,NO PUBLIC MAHALLA-LEVEL DEMOGRAPHIC SOURCE LOCATED,NULL,NULL,NULL,2026-09-18,"Mahalla-level demography is held in the MFY yagona reyestri (Unified Register of Mahalla Citizens' Assemblies) inside the Raqamli Mahalla system, legal basis CoM Regulation 586 of 15.09.2025. That register is interagency-only and not published. Obtaining it requires a written request to O'zbekiston Mahallalari Uyushmasi. Area is from the official boundary layer, not a demographic source."
UZ-TAS-MFY-427,Temiryo'lchilar mahallasi,Mirobod,NULL,NULL,NULL,NULL,NULL,NULL,NULL,NULL,NULL,NULL,NULL,NULL,NULL,NULL,NULL,NULL,NULL,NULL,NULL,NULL,NULL,NULL,NULL,NULL,0.4804,48.04,NULL,NO PUBLIC MAHALLA-LEVEL DEMOGRAPHIC SOURCE LOCATED,NULL,NULL,NULL,2026-09-18,"Mahalla-level demography is held in the MFY yagona reyestri (Unified Register of Mahalla Citizens' Assemblies) inside the Raqamli Mahalla system, legal basis CoM Regulation 586 of 15.09.2025. That register is interagency-only and not published. Obtaining it requires a written request to O'zbekiston Mahallalari Uyushmasi. Area is from the official boundary layer, not a demographic source."
UZ-TAS-MFY-428,Movarounnahr mahallasi,Mirobod,NULL,NULL,NULL,NULL,NULL,NULL,NULL,NULL,NULL,NULL,NULL,NULL,NULL,NULL,NULL,NULL,NULL,NULL,NULL,NULL,NULL,NULL,NULL,NULL,0.2427,24.27,NULL,NO PUBLIC MAHALLA-LEVEL DEMOGRAPHIC SOURCE LOCATED,NULL,NULL,NULL,2026-09-18,"Mahalla-level demography is held in the MFY yagona reyestri (Unified Register of Mahalla Citizens' Assemblies) inside the Raqamli Mahalla system, legal basis CoM Regulation 586 of 15.09.2025. That register is interagency-only and not published. Obtaining it requires a written request to O'zbekiston Mahallalari Uyushmasi. Area is from the official boundary layer, not a demographic source."
UZ-TAS-MFY-429,Abdulla Avloniy mahallasi,Mirobod,NULL,NULL,NULL,NULL,NULL,NULL,NULL,NULL,NULL,NULL,NULL,NULL,NULL,NULL,NULL,NULL,NULL,NULL,NULL,NULL,NULL,NULL,NULL,NULL,0.3043,30.43,NULL,NO PUBLIC MAHALLA-LEVEL DEMOGRAPHIC SOURCE LOCATED,NULL,NULL,NULL,2026-09-18,"Mahalla-level demography is held in the MFY yagona reyestri (Unified Register of Mahalla Citizens' Assemblies) inside the Raqamli Mahalla system, legal basis CoM Regulation 586 of 15.09.2025. That register is interagency-only and not published. Obtaining it requires a written request to O'zbekiston Mahallalari Uyushmasi. Area is from the official boundary layer, not a demographic source."
UZ-TAS-MFY-430,Oquy mahallasi,Mirobod,NULL,NULL,NULL,NULL,NULL,NULL,NULL,NULL,NULL,NULL,NULL,NULL,NULL,NULL,NULL,NULL,NULL,NULL,NULL,NULL,NULL,NULL,NULL,NULL,0.6944,69.44,NULL,NO PUBLIC MAHALLA-LEVEL DEMOGRAPHIC SOURCE LOCATED,NULL,NULL,NULL,2026-09-18,"Mahalla-level demography is held in the MFY yagona reyestri (Unified Register of Mahalla Citizens' Assemblies) inside the Raqamli Mahalla system, legal basis CoM Regulation 586 of 15.09.2025. That register is interagency-only and not published. Obtaining it requires a written request to O'zbekiston Mahallalari Uyushmasi. Area is from the official boundary layer, not a demographic source."
UZ-TAS-MFY-431,Afrosiyob mahallasi,Mirobod,NULL,NULL,NULL,NULL,NULL,NULL,NULL,NULL,NULL,NULL,NULL,NULL,NULL,NULL,NULL,NULL,NULL,NULL,NULL,NULL,NULL,NULL,NULL,NULL,0.2846,28.46,NULL,NO PUBLIC MAHALLA-LEVEL DEMOGRAPHIC SOURCE LOCATED,NULL,NULL,NULL,2026-09-18,"Mahalla-level demography is held in the MFY yagona reyestri (Unified Register of Mahalla Citizens' Assemblies) inside the Raqamli Mahalla system, legal basis CoM Regulation 586 of 15.09.2025. That register is interagency-only and not published. Obtaining it requires a written request to O'zbekiston Mahallalari Uyushmasi. Area is from the official boundary layer, not a demographic source."
UZ-TAS-MFY-432,At-Termiziy mahallasi,Mirobod,NULL,NULL,NULL,NULL,NULL,NULL,NULL,NULL,NULL,NULL,NULL,NULL,NULL,NULL,NULL,NULL,NULL,NULL,NULL,NULL,NULL,NULL,NULL,NULL,0.113,11.3,NULL,NO PUBLIC MAHALLA-LEVEL DEMOGRAPHIC SOURCE LOCATED,NULL,NULL,NULL,2026-09-18,"Mahalla-level demography is held in the MFY yagona reyestri (Unified Register of Mahalla Citizens' Assemblies) inside the Raqamli Mahalla system, legal basis CoM Regulation 586 of 15.09.2025. That register is interagency-only and not published. Obtaining it requires a written request to O'zbekiston Mahallalari Uyushmasi. Area is from the official boundary layer, not a demographic source."
UZ-TAS-MFY-433,Yangi Mirobod mahallasi,Mirobod,NULL,NULL,NULL,NULL,NULL,NULL,NULL,NULL,NULL,NULL,NULL,NULL,NULL,NULL,NULL,NULL,NULL,NULL,NULL,NULL,NULL,NULL,NULL,NULL,0.2876,28.76,NULL,NO PUBLIC MAHALLA-LEVEL DEMOGRAPHIC SOURCE LOCATED,NULL,NULL,NULL,2026-09-18,"Mahalla-level demography is held in the MFY yagona reyestri (Unified Register of Mahalla Citizens' Assemblies) inside the Raqamli Mahalla system, legal basis CoM Regulation 586 of 15.09.2025. That register is interagency-only and not published. Obtaining it requires a written request to O'zbekiston Mahallalari Uyushmasi. Area is from the official boundary layer, not a demographic source."
UZ-TAS-MFY-434,Tolariq mahallasi,Mirobod,NULL,NULL,NULL,NULL,NULL,NULL,NULL,NULL,NULL,NULL,NULL,NULL,NULL,NULL,NULL,NULL,NULL,NULL,NULL,NULL,NULL,NULL,NULL,NULL,0.1417,14.17,NULL,NO PUBLIC MAHALLA-LEVEL DEMOGRAPHIC SOURCE LOCATED,NULL,NULL,NULL,2026-09-18,"Mahalla-level demography is held in the MFY yagona reyestri (Unified Register of Mahalla Citizens' Assemblies) inside the Raqamli Mahalla system, legal basis CoM Regulation 586 of 15.09.2025. That register is interagency-only and not published. Obtaining it requires a written request to O'zbekiston Mahallalari Uyushmasi. Area is from the official boundary layer, not a demographic source."
UZ-TAS-MFY-435,Farovon mahallasi,Mirobod,NULL,NULL,NULL,NULL,NULL,NULL,NULL,NULL,NULL,NULL,NULL,NULL,NULL,NULL,NULL,NULL,NULL,NULL,NULL,NULL,NULL,NULL,NULL,NULL,0.1146,11.46,NULL,NO PUBLIC MAHALLA-LEVEL DEMOGRAPHIC SOURCE LOCATED,NULL,NULL,NULL,2026-09-18,"Mahalla-level demography is held in the MFY yagona reyestri (Unified Register of Mahalla Citizens' Assemblies) inside the Raqamli Mahalla system, legal basis CoM Regulation 586 of 15.09.2025. That register is interagency-only and not published. Obtaining it requires a written request to O'zbekiston Mahallalari Uyushmasi. Area is from the official boundary layer, not a demographic source."
UZ-TAS-MFY-436,Oybek mahallasi,Mirobod,NULL,NULL,NULL,NULL,NULL,NULL,NULL,NULL,NULL,NULL,NULL,NULL,NULL,NULL,NULL,NULL,NULL,NULL,NULL,NULL,NULL,NULL,NULL,NULL,0.4674,46.74,NULL,NO PUBLIC MAHALLA-LEVEL DEMOGRAPHIC SOURCE LOCATED,NULL,NULL,NULL,2026-09-18,"Mahalla-level demography is held in the MFY yagona reyestri (Unified Register of Mahalla Citizens' Assemblies) inside the Raqamli Mahalla system, legal basis CoM Regulation 586 of 15.09.2025. That register is interagency-only and not published. Obtaining it requires a written request to O'zbekiston Mahallalari Uyushmasi. Area is from the official boundary layer, not a demographic source."
UZ-TAS-MFY-437,Sharof Rashidov mahallasi,Mirobod,NULL,NULL,NULL,NULL,NULL,NULL,NULL,NULL,NULL,NULL,NULL,NULL,NULL,NULL,NULL,NULL,NULL,NULL,NULL,NULL,NULL,NULL,NULL,NULL,0.7269,72.69,NULL,NO PUBLIC MAHALLA-LEVEL DEMOGRAPHIC SOURCE LOCATED,NULL,NULL,NULL,2026-09-18,"Mahalla-level demography is held in the MFY yagona reyestri (Unified Register of Mahalla Citizens' Assemblies) inside the Raqamli Mahalla system, legal basis CoM Regulation 586 of 15.09.2025. That register is interagency-only and not published. Obtaining it requires a written request to O'zbekiston Mahallalari Uyushmasi. Area is from the official boundary layer, not a demographic source."
UZ-TAS-MFY-438,Ziyonur mahallasi,Mirobod,NULL,NULL,NULL,NULL,NULL,NULL,NULL,NULL,NULL,NULL,NULL,NULL,NULL,NULL,NULL,NULL,NULL,NULL,NULL,NULL,NULL,NULL,NULL,NULL,0.2111,21.11,NULL,NO PUBLIC MAHALLA-LEVEL DEMOGRAPHIC SOURCE LOCATED,NULL,NULL,NULL,2026-09-18,"Mahalla-level demography is held in the MFY yagona reyestri (Unified Register of Mahalla Citizens' Assemblies) inside the Raqamli Mahalla system, legal basis CoM Regulation 586 of 15.09.2025. That register is interagency-only and not published. Obtaining it requires a written request to O'zbekiston Mahallalari Uyushmasi. Area is from the official boundary layer, not a demographic source."
UZ-TAS-MFY-439,Lolazor mahallasi,Mirobod,NULL,NULL,NULL,NULL,NULL,NULL,NULL,NULL,NULL,NULL,NULL,NULL,NULL,NULL,NULL,NULL,NULL,NULL,NULL,NULL,NULL,NULL,NULL,NULL,0.1627,16.27,NULL,NO PUBLIC MAHALLA-LEVEL DEMOGRAPHIC SOURCE LOCATED,NULL,NULL,NULL,2026-09-18,"Mahalla-level demography is held in the MFY yagona reyestri (Unified Register of Mahalla Citizens' Assemblies) inside the Raqamli Mahalla system, legal basis CoM Regulation 586 of 15.09.2025. That register is interagency-only and not published. Obtaining it requires a written request to O'zbekiston Mahallalari Uyushmasi. Area is from the official boundary layer, not a demographic source."
UZ-TAS-MFY-440,Zaminobod mahallasi,Mirobod,NULL,NULL,NULL,NULL,NULL,NULL,NULL,NULL,NULL,NULL,NULL,NULL,NULL,NULL,NULL,NULL,NULL,NULL,NULL,NULL,NULL,NULL,NULL,NULL,0.3839,38.39,NULL,NO PUBLIC MAHALLA-LEVEL DEMOGRAPHIC SOURCE LOCATED,NULL,NULL,NULL,2026-09-18,"Mahalla-level demography is held in the MFY yagona reyestri (Unified Register of Mahalla Citizens' Assemblies) inside the Raqamli Mahalla system, legal basis CoM Regulation 586 of 15.09.2025. That register is interagency-only and not published. Obtaining it requires a written request to O'zbekiston Mahallalari Uyushmasi. Area is from the official boundary layer, not a demographic source."
UZ-TAS-MFY-441,Barotxo'ja mahallasi,Mirobod,NULL,NULL,NULL,NULL,NULL,NULL,NULL,NULL,NULL,NULL,NULL,NULL,NULL,NULL,NULL,NULL,NULL,NULL,NULL,NULL,NULL,NULL,NULL,NULL,0.5009,50.09,NULL,NO PUBLIC MAHALLA-LEVEL DEMOGRAPHIC SOURCE LOCATED,NULL,NULL,NULL,2026-09-18,"Mahalla-level demography is held in the MFY yagona reyestri (Unified Register of Mahalla Citizens' Assemblies) inside the Raqamli Mahalla system, legal basis CoM Regulation 586 of 15.09.2025. That register is interagency-only and not published. Obtaining it requires a written request to O'zbekiston Mahallalari Uyushmasi. Area is from the official boundary layer, not a demographic source."
UZ-TAS-MFY-442,Banokatiy mahallasi,Mirobod,NULL,NULL,NULL,NULL,NULL,NULL,NULL,NULL,NULL,NULL,NULL,NULL,NULL,NULL,NULL,NULL,NULL,NULL,NULL,NULL,NULL,NULL,NULL,NULL,0.7269,72.69,NULL,NO PUBLIC MAHALLA-LEVEL DEMOGRAPHIC SOURCE LOCATED,NULL,NULL,NULL,2026-09-18,"Mahalla-level demography is held in the MFY yagona reyestri (Unified Register of Mahalla Citizens' Assemblies) inside the Raqamli Mahalla system, legal basis CoM Regulation 586 of 15.09.2025. That register is interagency-only and not published. Obtaining it requires a written request to O'zbekiston Mahallalari Uyushmasi. Area is from the official boundary layer, not a demographic source."
UZ-TAS-MFY-443,Chinor mahallasi,Mirobod,NULL,NULL,NULL,NULL,NULL,NULL,NULL,NULL,NULL,NULL,NULL,NULL,NULL,NULL,NULL,NULL,NULL,NULL,NULL,NULL,NULL,NULL,NULL,NULL,0.2817,28.17,NULL,NO PUBLIC MAHALLA-LEVEL DEMOGRAPHIC SOURCE LOCATED,NULL,NULL,NULL,2026-09-18,"Mahalla-level demography is held in the MFY yagona reyestri (Unified Register of Mahalla Citizens' Assemblies) inside the Raqamli Mahalla system, legal basis CoM Regulation 586 of 15.09.2025. That register is interagency-only and not published. Obtaining it requires a written request to O'zbekiston Mahallalari Uyushmasi. Area is from the official boundary layer, not a demographic source."
UZ-TAS-MFY-444,Birodarlik mahallasi,Mirobod,NULL,NULL,NULL,NULL,NULL,NULL,NULL,NULL,NULL,NULL,NULL,NULL,NULL,NULL,NULL,NULL,NULL,NULL,NULL,NULL,NULL,NULL,NULL,NULL,0.2686,26.86,NULL,NO PUBLIC MAHALLA-LEVEL DEMOGRAPHIC SOURCE LOCATED,NULL,NULL,NULL,2026-09-18,"Mahalla-level demography is held in the MFY yagona reyestri (Unified Register of Mahalla Citizens' Assemblies) inside the Raqamli Mahalla system, legal basis CoM Regulation 586 of 15.09.2025. That register is interagency-only and not published. Obtaining it requires a written request to O'zbekiston Mahallalari Uyushmasi. Area is from the official boundary layer, not a demographic source."
UZ-TAS-MFY-445,Bilimdon mahallasi,Mirobod,NULL,NULL,NULL,NULL,NULL,NULL,NULL,NULL,NULL,NULL,NULL,NULL,NULL,NULL,NULL,NULL,NULL,NULL,NULL,NULL,NULL,NULL,NULL,NULL,0.3064,30.64,NULL,NO PUBLIC MAHALLA-LEVEL DEMOGRAPHIC SOURCE LOCATED,NULL,NULL,NULL,2026-09-18,"Mahalla-level demography is held in the MFY yagona reyestri (Unified Register of Mahalla Citizens' Assemblies) inside the Raqamli Mahalla system, legal basis CoM Regulation 586 of 15.09.2025. That register is interagency-only and not published. Obtaining it requires a written request to O'zbekiston Mahallalari Uyushmasi. Area is from the official boundary layer, not a demographic source."
UZ-TAS-MFY-446,Abdurauf Fitrat mahallasi,Mirobod,NULL,NULL,NULL,NULL,NULL,NULL,NULL,NULL,NULL,NULL,NULL,NULL,NULL,NULL,NULL,NULL,NULL,NULL,NULL,NULL,NULL,NULL,NULL,NULL,0.4435,44.35,NULL,NO PUBLIC MAHALLA-LEVEL DEMOGRAPHIC SOURCE LOCATED,NULL,NULL,NULL,2026-09-18,"Mahalla-level demography is held in the MFY yagona reyestri (Unified Register of Mahalla Citizens' Assemblies) inside the Raqamli Mahalla system, legal basis CoM Regulation 586 of 15.09.2025. That register is interagency-only and not published. Obtaining it requires a written request to O'zbekiston Mahallalari Uyushmasi. Area is from the official boundary layer, not a demographic source."
UZ-TAS-MFY-447,Yangizamon mahallasi,Mirobod,NULL,NULL,NULL,NULL,NULL,NULL,NULL,NULL,NULL,NULL,NULL,NULL,NULL,NULL,NULL,NULL,NULL,NULL,NULL,NULL,NULL,NULL,NULL,NULL,0.3108,31.08,NULL,NO PUBLIC MAHALLA-LEVEL DEMOGRAPHIC SOURCE LOCATED,NULL,NULL,NULL,2026-09-18,"Mahalla-level demography is held in the MFY yagona reyestri (Unified Register of Mahalla Citizens' Assemblies) inside the Raqamli Mahalla system, legal basis CoM Regulation 586 of 15.09.2025. That register is interagency-only and not published. Obtaining it requires a written request to O'zbekiston Mahallalari Uyushmasi. Area is from the official boundary layer, not a demographic source."
UZ-TAS-MFY-448,Mingo'rik mahallasi,Mirobod,NULL,NULL,NULL,NULL,NULL,NULL,NULL,NULL,NULL,NULL,NULL,NULL,NULL,NULL,NULL,NULL,NULL,NULL,NULL,NULL,NULL,NULL,NULL,NULL,0.6022,60.22,NULL,NO PUBLIC MAHALLA-LEVEL DEMOGRAPHIC SOURCE LOCATED,NULL,NULL,NULL,2026-09-18,"Mahalla-level demography is held in the MFY yagona reyestri (Unified Register of Mahalla Citizens' Assemblies) inside the Raqamli Mahalla system, legal basis CoM Regulation 586 of 15.09.2025. That register is interagency-only and not published. Obtaining it requires a written request to O'zbekiston Mahallalari Uyushmasi. Area is from the official boundary layer, not a demographic source."
UZ-TAS-MFY-449,Oltinko'l mahallasi,Mirobod,NULL,NULL,NULL,NULL,NULL,NULL,NULL,NULL,NULL,NULL,NULL,NULL,NULL,NULL,NULL,NULL,NULL,NULL,NULL,NULL,NULL,NULL,NULL,NULL,0.3299,32.99,NULL,NO PUBLIC MAHALLA-LEVEL DEMOGRAPHIC SOURCE LOCATED,NULL,NULL,NULL,2026-09-18,"Mahalla-level demography is held in the MFY yagona reyestri (Unified Register of Mahalla Citizens' Assemblies) inside the Raqamli Mahalla system, legal basis CoM Regulation 586 of 15.09.2025. That register is interagency-only and not published. Obtaining it requires a written request to O'zbekiston Mahallalari Uyushmasi. Area is from the official boundary layer, not a demographic source."
UZ-TAS-MFY-450,Inoqobod mahallasi,Mirobod,NULL,NULL,NULL,NULL,NULL,NULL,NULL,NULL,NULL,NULL,NULL,NULL,NULL,NULL,NULL,NULL,NULL,NULL,NULL,NULL,NULL,NULL,NULL,NULL,0.6871,68.71,NULL,NO PUBLIC MAHALLA-LEVEL DEMOGRAPHIC SOURCE LOCATED,NULL,NULL,NULL,2026-09-18,"Mahalla-level demography is held in the MFY yagona reyestri (Unified Register of Mahalla Citizens' Assemblies) inside the Raqamli Mahalla system, legal basis CoM Regulation 586 of 15.09.2025. That register is interagency-only and not published. Obtaining it requires a written request to O'zbekiston Mahallalari Uyushmasi. Area is from the official boundary layer, not a demographic source."
UZ-TAS-MFY-451,Salor mahallasi,Mirobod,NULL,NULL,NULL,NULL,NULL,NULL,NULL,NULL,NULL,NULL,NULL,NULL,NULL,NULL,NULL,NULL,NULL,NULL,NULL,NULL,NULL,NULL,NULL,NULL,0.5944,59.44,NULL,NO PUBLIC MAHALLA-LEVEL DEMOGRAPHIC SOURCE LOCATED,NULL,NULL,NULL,2026-09-18,"Mahalla-level demography is held in the MFY yagona reyestri (Unified Register of Mahalla Citizens' Assemblies) inside the Raqamli Mahalla system, legal basis CoM Regulation 586 of 15.09.2025. That register is interagency-only and not published. Obtaining it requires a written request to O'zbekiston Mahallalari Uyushmasi. Area is from the official boundary layer, not a demographic source."
UZ-TAS-MFY-452,Fayziobod mahallasi,Mirobod,NULL,NULL,NULL,NULL,NULL,NULL,NULL,NULL,NULL,NULL,NULL,NULL,NULL,NULL,NULL,NULL,NULL,NULL,NULL,NULL,NULL,NULL,NULL,NULL,1.0897,108.97,NULL,NO PUBLIC MAHALLA-LEVEL DEMOGRAPHIC SOURCE LOCATED,NULL,NULL,NULL,2026-09-18,"Mahalla-level demography is held in the MFY yagona reyestri (Unified Register of Mahalla Citizens' Assemblies) inside the Raqamli Mahalla system, legal basis CoM Regulation 586 of 15.09.2025. That register is interagency-only and not published. Obtaining it requires a written request to O'zbekiston Mahallalari Uyushmasi. Area is from the official boundary layer, not a demographic source."
UZ-TAS-MFY-453,Furqat mahallasi,Mirobod,NULL,NULL,NULL,NULL,NULL,NULL,NULL,NULL,NULL,NULL,NULL,NULL,NULL,NULL,NULL,NULL,NULL,NULL,NULL,NULL,NULL,NULL,NULL,NULL,0.4668,46.68,NULL,NO PUBLIC MAHALLA-LEVEL DEMOGRAPHIC SOURCE LOCATED,NULL,NULL,NULL,2026-09-18,"Mahalla-level demography is held in the MFY yagona reyestri (Unified Register of Mahalla Citizens' Assemblies) inside the Raqamli Mahalla system, legal basis CoM Regulation 586 of 15.09.2025. That register is interagency-only and not published. Obtaining it requires a written request to O'zbekiston Mahallalari Uyushmasi. Area is from the official boundary layer, not a demographic source."
UZ-TAS-MFY-454,Istiqlolobod mahallasi,Mirobod,NULL,NULL,NULL,NULL,NULL,NULL,NULL,NULL,NULL,NULL,NULL,NULL,NULL,NULL,NULL,NULL,NULL,NULL,NULL,NULL,NULL,NULL,NULL,NULL,0.5137,51.37,NULL,NO PUBLIC MAHALLA-LEVEL DEMOGRAPHIC SOURCE LOCATED,NULL,NULL,NULL,2026-09-18,"Mahalla-level demography is held in the MFY yagona reyestri (Unified Register of Mahalla Citizens' Assemblies) inside the Raqamli Mahalla system, legal basis CoM Regulation 586 of 15.09.2025. That register is interagency-only and not published. Obtaining it requires a written request to O'zbekiston Mahallalari Uyushmasi. Area is from the official boundary layer, not a demographic source."
UZ-TAS-MFY-585,Yuksalish mahallasi,Mirobod,NULL,NULL,NULL,NULL,NULL,NULL,NULL,NULL,NULL,NULL,NULL,NULL,NULL,NULL,NULL,NULL,NULL,NULL,NULL,NULL,NULL,NULL,NULL,NULL,0.195,19.5,NULL,NO PUBLIC MAHALLA-LEVEL DEMOGRAPHIC SOURCE LOCATED,NULL,NULL,NULL,2026-09-18,"Mahalla-level demography is held in the MFY yagona reyestri (Unified Register of Mahalla Citizens' Assemblies) inside the Raqamli Mahalla system, legal basis CoM Regulation 586 of 15.09.2025. That register is interagency-only and not published. Obtaining it requires a written request to O'zbekiston Mahallalari Uyushmasi. Area is from the official boundary layer, not a demographic source."
UZ-TAS-MFY-369,Yangi Umid mahallasi,Yangihayot,NULL,NULL,NULL,NULL,NULL,NULL,NULL,NULL,NULL,NULL,NULL,NULL,NULL,NULL,NULL,NULL,NULL,NULL,NULL,NULL,NULL,NULL,NULL,NULL,0.1808,18.08,NULL,NO PUBLIC MAHALLA-LEVEL DEMOGRAPHIC SOURCE LOCATED,NULL,NULL,NULL,2026-09-18,"Mahalla-level demography is held in the MFY yagona reyestri (Unified Register of Mahalla Citizens' Assemblies) inside the Raqamli Mahalla system, legal basis CoM Regulation 586 of 15.09.2025. That register is interagency-only and not published. Obtaining it requires a written request to O'zbekiston Mahallalari Uyushmasi. Area is from the official boundary layer, not a demographic source."
UZ-TAS-MFY-370,Yangiturmush mahallasi,Yangihayot,NULL,NULL,NULL,NULL,NULL,NULL,NULL,NULL,NULL,NULL,NULL,NULL,NULL,NULL,NULL,NULL,NULL,NULL,NULL,NULL,NULL,NULL,NULL,NULL,0.3759,37.59,NULL,NO PUBLIC MAHALLA-LEVEL DEMOGRAPHIC SOURCE LOCATED,NULL,NULL,NULL,2026-09-18,"Mahalla-level demography is held in the MFY yagona reyestri (Unified Register of Mahalla Citizens' Assemblies) inside the Raqamli Mahalla system, legal basis CoM Regulation 586 of 15.09.2025. That register is interagency-only and not published. Obtaining it requires a written request to O'zbekiston Mahallalari Uyushmasi. Area is from the official boundary layer, not a demographic source."
UZ-TAS-MFY-371,Humo mahallasi,Yangihayot,NULL,NULL,NULL,NULL,NULL,NULL,NULL,NULL,NULL,NULL,NULL,NULL,NULL,NULL,NULL,NULL,NULL,NULL,NULL,NULL,NULL,NULL,NULL,NULL,0.3731,37.31,NULL,NO PUBLIC MAHALLA-LEVEL DEMOGRAPHIC SOURCE LOCATED,NULL,NULL,NULL,2026-09-18,"Mahalla-level demography is held in the MFY yagona reyestri (Unified Register of Mahalla Citizens' Assemblies) inside the Raqamli Mahalla system, legal basis CoM Regulation 586 of 15.09.2025. That register is interagency-only and not published. Obtaining it requires a written request to O'zbekiston Mahallalari Uyushmasi. Area is from the official boundary layer, not a demographic source."
UZ-TAS-MFY-372,Yangi Darxon mahallasi,Yangihayot,NULL,NULL,NULL,NULL,NULL,NULL,NULL,NULL,NULL,NULL,NULL,NULL,NULL,NULL,NULL,NULL,NULL,NULL,NULL,NULL,NULL,NULL,NULL,NULL,2.0295,202.95,NULL,NO PUBLIC MAHALLA-LEVEL DEMOGRAPHIC SOURCE LOCATED,NULL,NULL,NULL,2026-09-18,"Mahalla-level demography is held in the MFY yagona reyestri (Unified Register of Mahalla Citizens' Assemblies) inside the Raqamli Mahalla system, legal basis CoM Regulation 586 of 15.09.2025. That register is interagency-only and not published. Obtaining it requires a written request to O'zbekiston Mahallalari Uyushmasi. Area is from the official boundary layer, not a demographic source."
UZ-TAS-MFY-373,Chorbog' mahallasi,Yangihayot,NULL,NULL,NULL,NULL,NULL,NULL,NULL,NULL,NULL,NULL,NULL,NULL,NULL,NULL,NULL,NULL,NULL,NULL,NULL,NULL,NULL,NULL,NULL,NULL,0.5379,53.79,NULL,NO PUBLIC MAHALLA-LEVEL DEMOGRAPHIC SOURCE LOCATED,NULL,NULL,NULL,2026-09-18,"Mahalla-level demography is held in the MFY yagona reyestri (Unified Register of Mahalla Citizens' Assemblies) inside the Raqamli Mahalla system, legal basis CoM Regulation 586 of 15.09.2025. That register is interagency-only and not published. Obtaining it requires a written request to O'zbekiston Mahallalari Uyushmasi. Area is from the official boundary layer, not a demographic source."
UZ-TAS-MFY-374,Mash'al mahallasi,Yangihayot,NULL,NULL,NULL,NULL,NULL,NULL,NULL,NULL,NULL,NULL,NULL,NULL,NULL,NULL,NULL,NULL,NULL,NULL,NULL,NULL,NULL,NULL,NULL,NULL,0.6256,62.56,NULL,NO PUBLIC MAHALLA-LEVEL DEMOGRAPHIC SOURCE LOCATED,NULL,NULL,NULL,2026-09-18,"Mahalla-level demography is held in the MFY yagona reyestri (Unified Register of Mahalla Citizens' Assemblies) inside the Raqamli Mahalla system, legal basis CoM Regulation 586 of 15.09.2025. That register is interagency-only and not published. Obtaining it requires a written request to O'zbekiston Mahallalari Uyushmasi. Area is from the official boundary layer, not a demographic source."
UZ-TAS-MFY-375,Choshtepa mahallasi,Yangihayot,NULL,NULL,NULL,NULL,NULL,NULL,NULL,NULL,NULL,NULL,NULL,NULL,NULL,NULL,NULL,NULL,NULL,NULL,NULL,NULL,NULL,NULL,NULL,NULL,2.0718,207.18,NULL,NO PUBLIC MAHALLA-LEVEL DEMOGRAPHIC SOURCE LOCATED,NULL,NULL,NULL,2026-09-18,"Mahalla-level demography is held in the MFY yagona reyestri (Unified Register of Mahalla Citizens' Assemblies) inside the Raqamli Mahalla system, legal basis CoM Regulation 586 of 15.09.2025. That register is interagency-only and not published. Obtaining it requires a written request to O'zbekiston Mahallalari Uyushmasi. Area is from the official boundary layer, not a demographic source."
UZ-TAS-MFY-376,Tashabbus mahallasi,Yangihayot,NULL,NULL,NULL,NULL,NULL,NULL,NULL,NULL,NULL,NULL,NULL,NULL,NULL,NULL,NULL,NULL,NULL,NULL,NULL,NULL,NULL,NULL,NULL,NULL,0.2719,27.19,NULL,NO PUBLIC MAHALLA-LEVEL DEMOGRAPHIC SOURCE LOCATED,NULL,NULL,NULL,2026-09-18,"Mahalla-level demography is held in the MFY yagona reyestri (Unified Register of Mahalla Citizens' Assemblies) inside the Raqamli Mahalla system, legal basis CoM Regulation 586 of 15.09.2025. That register is interagency-only and not published. Obtaining it requires a written request to O'zbekiston Mahallalari Uyushmasi. Area is from the official boundary layer, not a demographic source."
UZ-TAS-MFY-377,Yangihayot mahallasi,Yangihayot,NULL,NULL,NULL,NULL,NULL,NULL,NULL,NULL,NULL,NULL,NULL,NULL,NULL,NULL,NULL,NULL,NULL,NULL,NULL,NULL,NULL,NULL,NULL,NULL,0.2608,26.08,NULL,NO PUBLIC MAHALLA-LEVEL DEMOGRAPHIC SOURCE LOCATED,NULL,NULL,NULL,2026-09-18,"Mahalla-level demography is held in the MFY yagona reyestri (Unified Register of Mahalla Citizens' Assemblies) inside the Raqamli Mahalla system, legal basis CoM Regulation 586 of 15.09.2025. That register is interagency-only and not published. Obtaining it requires a written request to O'zbekiston Mahallalari Uyushmasi. Area is from the official boundary layer, not a demographic source."
UZ-TAS-MFY-378,Fayzli mahallasi,Yangihayot,NULL,NULL,NULL,NULL,NULL,NULL,NULL,NULL,NULL,NULL,NULL,NULL,NULL,NULL,NULL,NULL,NULL,NULL,NULL,NULL,NULL,NULL,NULL,NULL,6.2465,624.65,NULL,NO PUBLIC MAHALLA-LEVEL DEMOGRAPHIC SOURCE LOCATED,NULL,NULL,NULL,2026-09-18,"Mahalla-level demography is held in the MFY yagona reyestri (Unified Register of Mahalla Citizens' Assemblies) inside the Raqamli Mahalla system, legal basis CoM Regulation 586 of 15.09.2025. That register is interagency-only and not published. Obtaining it requires a written request to O'zbekiston Mahallalari Uyushmasi. Area is from the official boundary layer, not a demographic source."
UZ-TAS-MFY-379,Charog'on mahallasi,Yangihayot,NULL,NULL,NULL,NULL,NULL,NULL,NULL,NULL,NULL,NULL,NULL,NULL,NULL,NULL,NULL,NULL,NULL,NULL,NULL,NULL,NULL,NULL,NULL,NULL,0.1596,15.96,NULL,NO PUBLIC MAHALLA-LEVEL DEMOGRAPHIC SOURCE LOCATED,NULL,NULL,NULL,2026-09-18,"Mahalla-level demography is held in the MFY yagona reyestri (Unified Register of Mahalla Citizens' Assemblies) inside the Raqamli Mahalla system, legal basis CoM Regulation 586 of 15.09.2025. That register is interagency-only and not published. Obtaining it requires a written request to O'zbekiston Mahallalari Uyushmasi. Area is from the official boundary layer, not a demographic source."
UZ-TAS-MFY-380,Zarbdor mahallasi,Yangihayot,NULL,NULL,NULL,NULL,NULL,NULL,NULL,NULL,NULL,NULL,NULL,NULL,NULL,NULL,NULL,NULL,NULL,NULL,NULL,NULL,NULL,NULL,NULL,NULL,0.259,25.9,NULL,NO PUBLIC MAHALLA-LEVEL DEMOGRAPHIC SOURCE LOCATED,NULL,NULL,NULL,2026-09-18,"Mahalla-level demography is held in the MFY yagona reyestri (Unified Register of Mahalla Citizens' Assemblies) inside the Raqamli Mahalla system, legal basis CoM Regulation 586 of 15.09.2025. That register is interagency-only and not published. Obtaining it requires a written request to O'zbekiston Mahallalari Uyushmasi. Area is from the official boundary layer, not a demographic source."
UZ-TAS-MFY-381,Jaloyir mahallasi,Yangihayot,NULL,NULL,NULL,NULL,NULL,NULL,NULL,NULL,NULL,NULL,NULL,NULL,NULL,NULL,NULL,NULL,NULL,NULL,NULL,NULL,NULL,NULL,NULL,NULL,5.4256,542.56,NULL,NO PUBLIC MAHALLA-LEVEL DEMOGRAPHIC SOURCE LOCATED,NULL,NULL,NULL,2026-09-18,"Mahalla-level demography is held in the MFY yagona reyestri (Unified Register of Mahalla Citizens' Assemblies) inside the Raqamli Mahalla system, legal basis CoM Regulation 586 of 15.09.2025. That register is interagency-only and not published. Obtaining it requires a written request to O'zbekiston Mahallalari Uyushmasi. Area is from the official boundary layer, not a demographic source."
UZ-TAS-MFY-382,Yorqinhayot mahallasi,Yangihayot,NULL,NULL,NULL,NULL,NULL,NULL,NULL,NULL,NULL,NULL,NULL,NULL,NULL,NULL,NULL,NULL,NULL,NULL,NULL,NULL,NULL,NULL,NULL,NULL,0.395,39.5,NULL,NO PUBLIC MAHALLA-LEVEL DEMOGRAPHIC SOURCE LOCATED,NULL,NULL,NULL,2026-09-18,"Mahalla-level demography is held in the MFY yagona reyestri (Unified Register of Mahalla Citizens' Assemblies) inside the Raqamli Mahalla system, legal basis CoM Regulation 586 of 15.09.2025. That register is interagency-only and not published. Obtaining it requires a written request to O'zbekiston Mahallalari Uyushmasi. Area is from the official boundary layer, not a demographic source."
UZ-TAS-MFY-383,Olchazor mahallasi,Yangihayot,NULL,NULL,NULL,NULL,NULL,NULL,NULL,NULL,NULL,NULL,NULL,NULL,NULL,NULL,NULL,NULL,NULL,NULL,NULL,NULL,NULL,NULL,NULL,NULL,1.0255,102.55,NULL,NO PUBLIC MAHALLA-LEVEL DEMOGRAPHIC SOURCE LOCATED,NULL,NULL,NULL,2026-09-18,"Mahalla-level demography is held in the MFY yagona reyestri (Unified Register of Mahalla Citizens' Assemblies) inside the Raqamli Mahalla system, legal basis CoM Regulation 586 of 15.09.2025. That register is interagency-only and not published. Obtaining it requires a written request to O'zbekiston Mahallalari Uyushmasi. Area is from the official boundary layer, not a demographic source."
UZ-TAS-MFY-384,Yo'ldosh mahallasi,Yangihayot,NULL,NULL,NULL,NULL,NULL,NULL,NULL,NULL,NULL,NULL,NULL,NULL,NULL,NULL,NULL,NULL,NULL,NULL,NULL,NULL,NULL,NULL,NULL,NULL,0.7192,71.92,NULL,NO PUBLIC MAHALLA-LEVEL DEMOGRAPHIC SOURCE LOCATED,NULL,NULL,NULL,2026-09-18,"Mahalla-level demography is held in the MFY yagona reyestri (Unified Register of Mahalla Citizens' Assemblies) inside the Raqamli Mahalla system, legal basis CoM Regulation 586 of 15.09.2025. That register is interagency-only and not published. Obtaining it requires a written request to O'zbekiston Mahallalari Uyushmasi. Area is from the official boundary layer, not a demographic source."
UZ-TAS-MFY-385,Al-Farg'oniy mahallasi,Yangihayot,NULL,NULL,NULL,NULL,NULL,NULL,NULL,NULL,NULL,NULL,NULL,NULL,NULL,NULL,NULL,NULL,NULL,NULL,NULL,NULL,NULL,NULL,NULL,NULL,0.8257,82.57,NULL,NO PUBLIC MAHALLA-LEVEL DEMOGRAPHIC SOURCE LOCATED,NULL,NULL,NULL,2026-09-18,"Mahalla-level demography is held in the MFY yagona reyestri (Unified Register of Mahalla Citizens' Assemblies) inside the Raqamli Mahalla system, legal basis CoM Regulation 586 of 15.09.2025. That register is interagency-only and not published. Obtaining it requires a written request to O'zbekiston Mahallalari Uyushmasi. Area is from the official boundary layer, not a demographic source."
UZ-TAS-MFY-386,Oriyat mahallasi,Yangihayot,NULL,NULL,NULL,NULL,NULL,NULL,NULL,NULL,NULL,NULL,NULL,NULL,NULL,NULL,NULL,NULL,NULL,NULL,NULL,NULL,NULL,NULL,NULL,NULL,0.216,21.6,NULL,NO PUBLIC MAHALLA-LEVEL DEMOGRAPHIC SOURCE LOCATED,NULL,NULL,NULL,2026-09-18,"Mahalla-level demography is held in the MFY yagona reyestri (Unified Register of Mahalla Citizens' Assemblies) inside the Raqamli Mahalla system, legal basis CoM Regulation 586 of 15.09.2025. That register is interagency-only and not published. Obtaining it requires a written request to O'zbekiston Mahallalari Uyushmasi. Area is from the official boundary layer, not a demographic source."
UZ-TAS-MFY-387,Toshkent mahallasi,Yangihayot,NULL,NULL,NULL,NULL,NULL,NULL,NULL,NULL,NULL,NULL,NULL,NULL,NULL,NULL,NULL,NULL,NULL,NULL,NULL,NULL,NULL,NULL,NULL,NULL,2.6592,265.92,NULL,NO PUBLIC MAHALLA-LEVEL DEMOGRAPHIC SOURCE LOCATED,NULL,NULL,NULL,2026-09-18,"Mahalla-level demography is held in the MFY yagona reyestri (Unified Register of Mahalla Citizens' Assemblies) inside the Raqamli Mahalla system, legal basis CoM Regulation 586 of 15.09.2025. That register is interagency-only and not published. Obtaining it requires a written request to O'zbekiston Mahallalari Uyushmasi. Area is from the official boundary layer, not a demographic source."
UZ-TAS-MFY-388,Marhamat mahallasi,Yangihayot,NULL,NULL,NULL,NULL,NULL,NULL,NULL,NULL,NULL,NULL,NULL,NULL,NULL,NULL,NULL,NULL,NULL,NULL,NULL,NULL,NULL,NULL,NULL,NULL,0.2468,24.68,NULL,NO PUBLIC MAHALLA-LEVEL DEMOGRAPHIC SOURCE LOCATED,NULL,NULL,NULL,2026-09-18,"Mahalla-level demography is held in the MFY yagona reyestri (Unified Register of Mahalla Citizens' Assemblies) inside the Raqamli Mahalla system, legal basis CoM Regulation 586 of 15.09.2025. That register is interagency-only and not published. Obtaining it requires a written request to O'zbekiston Mahallalari Uyushmasi. Area is from the official boundary layer, not a demographic source."
UZ-TAS-MFY-389,Navqiron mahallasi,Yangihayot,NULL,NULL,NULL,NULL,NULL,NULL,NULL,NULL,NULL,NULL,NULL,NULL,NULL,NULL,NULL,NULL,NULL,NULL,NULL,NULL,NULL,NULL,NULL,NULL,0.2701,27.01,NULL,NO PUBLIC MAHALLA-LEVEL DEMOGRAPHIC SOURCE LOCATED,NULL,NULL,NULL,2026-09-18,"Mahalla-level demography is held in the MFY yagona reyestri (Unified Register of Mahalla Citizens' Assemblies) inside the Raqamli Mahalla system, legal basis CoM Regulation 586 of 15.09.2025. That register is interagency-only and not published. Obtaining it requires a written request to O'zbekiston Mahallalari Uyushmasi. Area is from the official boundary layer, not a demographic source."
UZ-TAS-MFY-390,Viqor mahallasi,Yangihayot,NULL,NULL,NULL,NULL,NULL,NULL,NULL,NULL,NULL,NULL,NULL,NULL,NULL,NULL,NULL,NULL,NULL,NULL,NULL,NULL,NULL,NULL,NULL,NULL,0.337,33.7,NULL,NO PUBLIC MAHALLA-LEVEL DEMOGRAPHIC SOURCE LOCATED,NULL,NULL,NULL,2026-09-18,"Mahalla-level demography is held in the MFY yagona reyestri (Unified Register of Mahalla Citizens' Assemblies) inside the Raqamli Mahalla system, legal basis CoM Regulation 586 of 15.09.2025. That register is interagency-only and not published. Obtaining it requires a written request to O'zbekiston Mahallalari Uyushmasi. Area is from the official boundary layer, not a demographic source."
UZ-TAS-MFY-391,Yangi Choshtepa mahallasi,Yangihayot,NULL,NULL,NULL,NULL,NULL,NULL,NULL,NULL,NULL,NULL,NULL,NULL,NULL,NULL,NULL,NULL,NULL,NULL,NULL,NULL,NULL,NULL,NULL,NULL,0.3997,39.97,NULL,NO PUBLIC MAHALLA-LEVEL DEMOGRAPHIC SOURCE LOCATED,NULL,NULL,NULL,2026-09-18,"Mahalla-level demography is held in the MFY yagona reyestri (Unified Register of Mahalla Citizens' Assemblies) inside the Raqamli Mahalla system, legal basis CoM Regulation 586 of 15.09.2025. That register is interagency-only and not published. Obtaining it requires a written request to O'zbekiston Mahallalari Uyushmasi. Area is from the official boundary layer, not a demographic source."
UZ-TAS-MFY-392,Xo'ja Uchqun mahallasi,Yangihayot,NULL,NULL,NULL,NULL,NULL,NULL,NULL,NULL,NULL,NULL,NULL,NULL,NULL,NULL,NULL,NULL,NULL,NULL,NULL,NULL,NULL,NULL,NULL,NULL,4.6522,465.22,NULL,NO PUBLIC MAHALLA-LEVEL DEMOGRAPHIC SOURCE LOCATED,NULL,NULL,NULL,2026-09-18,"Mahalla-level demography is held in the MFY yagona reyestri (Unified Register of Mahalla Citizens' Assemblies) inside the Raqamli Mahalla system, legal basis CoM Regulation 586 of 15.09.2025. That register is interagency-only and not published. Obtaining it requires a written request to O'zbekiston Mahallalari Uyushmasi. Area is from the official boundary layer, not a demographic source."
UZ-TAS-MFY-393,Gulshanobod mahallasi,Yangihayot,NULL,NULL,NULL,NULL,NULL,NULL,NULL,NULL,NULL,NULL,NULL,NULL,NULL,NULL,NULL,NULL,NULL,NULL,NULL,NULL,NULL,NULL,NULL,NULL,1.3439,134.39,NULL,NO PUBLIC MAHALLA-LEVEL DEMOGRAPHIC SOURCE LOCATED,NULL,NULL,NULL,2026-09-18,"Mahalla-level demography is held in the MFY yagona reyestri (Unified Register of Mahalla Citizens' Assemblies) inside the Raqamli Mahalla system, legal basis CoM Regulation 586 of 15.09.2025. That register is interagency-only and not published. Obtaining it requires a written request to O'zbekiston Mahallalari Uyushmasi. Area is from the official boundary layer, not a demographic source."
UZ-TAS-MFY-394,Chortoq mahallasi,Yangihayot,NULL,NULL,NULL,NULL,NULL,NULL,NULL,NULL,NULL,NULL,NULL,NULL,NULL,NULL,NULL,NULL,NULL,NULL,NULL,NULL,NULL,NULL,NULL,NULL,2.5322,253.22,NULL,NO PUBLIC MAHALLA-LEVEL DEMOGRAPHIC SOURCE LOCATED,NULL,NULL,NULL,2026-09-18,"Mahalla-level demography is held in the MFY yagona reyestri (Unified Register of Mahalla Citizens' Assemblies) inside the Raqamli Mahalla system, legal basis CoM Regulation 586 of 15.09.2025. That register is interagency-only and not published. Obtaining it requires a written request to O'zbekiston Mahallalari Uyushmasi. Area is from the official boundary layer, not a demographic source."
UZ-TAS-MFY-395,Do'stlik mahallasi,Yangihayot,NULL,NULL,NULL,NULL,NULL,NULL,NULL,NULL,NULL,NULL,NULL,NULL,NULL,NULL,NULL,NULL,NULL,NULL,NULL,NULL,NULL,NULL,NULL,NULL,0.1476,14.76,NULL,NO PUBLIC MAHALLA-LEVEL DEMOGRAPHIC SOURCE LOCATED,NULL,NULL,NULL,2026-09-18,"Mahalla-level demography is held in the MFY yagona reyestri (Unified Register of Mahalla Citizens' Assemblies) inside the Raqamli Mahalla system, legal basis CoM Regulation 586 of 15.09.2025. That register is interagency-only and not published. Obtaining it requires a written request to O'zbekiston Mahallalari Uyushmasi. Area is from the official boundary layer, not a demographic source."
UZ-TAS-MFY-396,Binokor mahallasi,Yangihayot,NULL,NULL,NULL,NULL,NULL,NULL,NULL,NULL,NULL,NULL,NULL,NULL,NULL,NULL,NULL,NULL,NULL,NULL,NULL,NULL,NULL,NULL,NULL,NULL,4.0859,408.59,NULL,NO PUBLIC MAHALLA-LEVEL DEMOGRAPHIC SOURCE LOCATED,NULL,NULL,NULL,2026-09-18,"Mahalla-level demography is held in the MFY yagona reyestri (Unified Register of Mahalla Citizens' Assemblies) inside the Raqamli Mahalla system, legal basis CoM Regulation 586 of 15.09.2025. That register is interagency-only and not published. Obtaining it requires a written request to O'zbekiston Mahallalari Uyushmasi. Area is from the official boundary layer, not a demographic source."
UZ-TAS-MFY-397,Yangi Gulzor mahallasi,Yangihayot,NULL,NULL,NULL,NULL,NULL,NULL,NULL,NULL,NULL,NULL,NULL,NULL,NULL,NULL,NULL,NULL,NULL,NULL,NULL,NULL,NULL,NULL,NULL,NULL,3.8421,384.21,NULL,NO PUBLIC MAHALLA-LEVEL DEMOGRAPHIC SOURCE LOCATED,NULL,NULL,NULL,2026-09-18,"Mahalla-level demography is held in the MFY yagona reyestri (Unified Register of Mahalla Citizens' Assemblies) inside the Raqamli Mahalla system, legal basis CoM Regulation 586 of 15.09.2025. That register is interagency-only and not published. Obtaining it requires a written request to O'zbekiston Mahallalari Uyushmasi. Area is from the official boundary layer, not a demographic source."
UZ-TAS-MFY-398,Xushnud mahallasi,Yangihayot,NULL,NULL,NULL,NULL,NULL,NULL,NULL,NULL,NULL,NULL,NULL,NULL,NULL,NULL,NULL,NULL,NULL,NULL,NULL,NULL,NULL,NULL,NULL,NULL,1.7193,171.93,NULL,NO PUBLIC MAHALLA-LEVEL DEMOGRAPHIC SOURCE LOCATED,NULL,NULL,NULL,2026-09-18,"Mahalla-level demography is held in the MFY yagona reyestri (Unified Register of Mahalla Citizens' Assemblies) inside the Raqamli Mahalla system, legal basis CoM Regulation 586 of 15.09.2025. That register is interagency-only and not published. Obtaining it requires a written request to O'zbekiston Mahallalari Uyushmasi. Area is from the official boundary layer, not a demographic source."
