mahalla_id,official_unique_code,soato_code,mahalla_name_uz_latin,mahalla_name_uz_cyrillic,mahalla_name_ru,mahalla_name_en,official_full_name,alternative_spellings,former_names,mahalla_type,district_id,district_name_uz_latin,district_name_ru,parent_city,current_status,registry_source,registry_source_url,area_ha_geodesic,area_ha_cadastre_utm,mahalla_center_latitude,mahalla_center_longitude,official_boundary_available,geometry_available,geometry_status,geometry_source,geometry_api_url,coordinate_reference_system,geometry_date,boundary_legal_basis,boundary_legal_basis_url,last_verified_date,confidence,notes
1726262001,1726262001,1726262001,Bogʻobod,NULL,NULL,NULL,Bogʻobod mahalla fuqarolar yigʻini,NULL,NULL,Mahalla fuqarolar yigʻini (MFY),1726262,Uchtepa tumani,Учтепинский район,Toshkent shahri,CURRENT / ACTIVE,Kadastr agentligi (Etirof) official MFY register,https://api-etirof.kadastr.uz/api/v1/commons/selects/neighborhoods,48.71,49.22,41.29502,69.18244,YES,YES,OFFICIAL,Kadastr agentligi - open.ngis.uz UZKAD/MAHALLA_UZKAD_DB16,https://db.ngis.uz/db/rest/services/UZKAD/MAHALLA_UZKAD_DB16/FeatureServer/0,EPSG:4326,2026-03-14..2026-08-27,"Cabinet of Ministers Resolution No. 48, 04.03.2014, art. 26-30",https://www.lex.uz/uz/docs/-2349371,2026-09-18,A,NULL
1726262002,1726262002,1726262002,Bogʻiston,NULL,NULL,NULL,Bogʻiston mahalla fuqarolar yigʻini,NULL,NULL,Mahalla fuqarolar yigʻini (MFY),1726262,Uchtepa tumani,Учтепинский район,Toshkent shahri,CURRENT / ACTIVE,Kadastr agentligi (Etirof) official MFY register,https://api-etirof.kadastr.uz/api/v1/commons/selects/neighborhoods,32.7,32.78,41.29513,69.1913,YES,YES,OFFICIAL,Kadastr agentligi - open.ngis.uz UZKAD/MAHALLA_UZKAD_DB16,https://db.ngis.uz/db/rest/services/UZKAD/MAHALLA_UZKAD_DB16/FeatureServer/0,EPSG:4326,2026-03-14..2026-08-27,"Cabinet of Ministers Resolution No. 48, 04.03.2014, art. 26-30",https://www.lex.uz/uz/docs/-2349371,2026-09-18,A,NULL
1726262003,1726262003,1726262003,A.Qodiriy,NULL,NULL,NULL,A.Qodiriy mahalla fuqarolar yigʻini,NULL,NULL,Mahalla fuqarolar yigʻini (MFY),1726262,Uchtepa tumani,Учтепинский район,Toshkent shahri,CURRENT / ACTIVE,Kadastr agentligi (Etirof) official MFY register,https://api-etirof.kadastr.uz/api/v1/commons/selects/neighborhoods,NULL,NULL,NULL,NULL,NO,NO,UNKNOWN,NULL,NULL,NULL,NULL,"Cabinet of Ministers Resolution No. 48, 04.03.2014, art. 26-30",https://www.lex.uz/uz/docs/-2349371,2026-09-18,A,Name and code OFFICIAL; polygon not present in the public cadastre mahalla layer as of 2026-09-18
1726262004,1726262004,1726262004,Bogʻichinor,NULL,NULL,NULL,Bogʻichinor mahalla fuqarolar yigʻini,NULL,NULL,Mahalla fuqarolar yigʻini (MFY),1726262,Uchtepa tumani,Учтепинский район,Toshkent shahri,CURRENT / ACTIVE,Kadastr agentligi (Etirof) official MFY register,https://api-etirof.kadastr.uz/api/v1/commons/selects/neighborhoods,NULL,NULL,NULL,NULL,NO,NO,UNKNOWN,NULL,NULL,NULL,NULL,"Cabinet of Ministers Resolution No. 48, 04.03.2014, art. 26-30",https://www.lex.uz/uz/docs/-2349371,2026-09-18,A,Name and code OFFICIAL; polygon not present in the public cadastre mahalla layer as of 2026-09-18
1726262005,1726262005,1726262005,Guzar,NULL,NULL,NULL,Guzar mahalla fuqarolar yigʻini,NULL,NULL,Mahalla fuqarolar yigʻini (MFY),1726262,Uchtepa tumani,Учтепинский район,Toshkent shahri,CURRENT / ACTIVE,Kadastr agentligi (Etirof) official MFY register,https://api-etirof.kadastr.uz/api/v1/commons/selects/neighborhoods,46.6,46.68,41.28665,69.19157,YES,YES,OFFICIAL,Kadastr agentligi - open.ngis.uz UZKAD/MAHALLA_UZKAD_DB16,https://db.ngis.uz/db/rest/services/UZKAD/MAHALLA_UZKAD_DB16/FeatureServer/0,EPSG:4326,2026-03-14..2026-08-27,"Cabinet of Ministers Resolution No. 48, 04.03.2014, art. 26-30",https://www.lex.uz/uz/docs/-2349371,2026-09-18,A,NULL
1726262006,1726262006,1726262006,Degrez,NULL,NULL,NULL,Degrez mahalla fuqarolar yigʻini,NULL,NULL,Mahalla fuqarolar yigʻini (MFY),1726262,Uchtepa tumani,Учтепинский район,Toshkent shahri,CURRENT / ACTIVE,Kadastr agentligi (Etirof) official MFY register,https://api-etirof.kadastr.uz/api/v1/commons/selects/neighborhoods,NULL,NULL,NULL,NULL,NO,NO,UNKNOWN,NULL,NULL,NULL,NULL,"Cabinet of Ministers Resolution No. 48, 04.03.2014, art. 26-30",https://www.lex.uz/uz/docs/-2349371,2026-09-18,A,Name and code OFFICIAL; polygon not present in the public cadastre mahalla layer as of 2026-09-18
1726262007,1726262007,1726262007,Jurjoniy,NULL,NULL,NULL,Jurjoniy mahalla fuqarolar yigʻini,NULL,NULL,Mahalla fuqarolar yigʻini (MFY),1726262,Uchtepa tumani,Учтепинский район,Toshkent shahri,CURRENT / ACTIVE,Kadastr agentligi (Etirof) official MFY register,https://api-etirof.kadastr.uz/api/v1/commons/selects/neighborhoods,49.17,49.04,41.30178,69.17598,YES,YES,OFFICIAL,Kadastr agentligi - open.ngis.uz UZKAD/MAHALLA_UZKAD_DB16,https://db.ngis.uz/db/rest/services/UZKAD/MAHALLA_UZKAD_DB16/FeatureServer/0,EPSG:4326,2026-03-14..2026-08-27,"Cabinet of Ministers Resolution No. 48, 04.03.2014, art. 26-30",https://www.lex.uz/uz/docs/-2349371,2026-09-18,A,NULL
1726262008,1726262008,1726262008,Koʻxna Choʻponota,NULL,NULL,NULL,Koʻxna Choʻponota mahalla fuqarolar yigʻini,NULL,NULL,Mahalla fuqarolar yigʻini (MFY),1726262,Uchtepa tumani,Учтепинский район,Toshkent shahri,CURRENT / ACTIVE,Kadastr agentligi (Etirof) official MFY register,https://api-etirof.kadastr.uz/api/v1/commons/selects/neighborhoods,46.92,46.66,41.29092,69.1863,YES,YES,OFFICIAL,Kadastr agentligi - open.ngis.uz UZKAD/MAHALLA_UZKAD_DB16,https://db.ngis.uz/db/rest/services/UZKAD/MAHALLA_UZKAD_DB16/FeatureServer/0,EPSG:4326,2026-03-14..2026-08-27,"Cabinet of Ministers Resolution No. 48, 04.03.2014, art. 26-30",https://www.lex.uz/uz/docs/-2349371,2026-09-18,A,NULL
1726262009,1726262009,1726262009,Koʻkcha Oqtepa,NULL,NULL,NULL,Koʻkcha Oqtepa mahalla fuqarolar yigʻini,NULL,NULL,Mahalla fuqarolar yigʻini (MFY),1726262,Uchtepa tumani,Учтепинский район,Toshkent shahri,CURRENT / ACTIVE,Kadastr agentligi (Etirof) official MFY register,https://api-etirof.kadastr.uz/api/v1/commons/selects/neighborhoods,NULL,NULL,NULL,NULL,NO,NO,UNKNOWN,NULL,NULL,NULL,NULL,"Cabinet of Ministers Resolution No. 48, 04.03.2014, art. 26-30",https://www.lex.uz/uz/docs/-2349371,2026-09-18,A,Name and code OFFICIAL; polygon not present in the public cadastre mahalla layer as of 2026-09-18
1726262010,1726262010,1726262010,Nishabariq,NULL,NULL,NULL,Nishabariq mahalla fuqarolar yigʻini,NULL,NULL,Mahalla fuqarolar yigʻini (MFY),1726262,Uchtepa tumani,Учтепинский район,Toshkent shahri,CURRENT / ACTIVE,Kadastr agentligi (Etirof) official MFY register,https://api-etirof.kadastr.uz/api/v1/commons/selects/neighborhoods,NULL,NULL,NULL,NULL,NO,NO,UNKNOWN,NULL,NULL,NULL,NULL,"Cabinet of Ministers Resolution No. 48, 04.03.2014, art. 26-30",https://www.lex.uz/uz/docs/-2349371,2026-09-18,A,Name and code OFFICIAL; polygon not present in the public cadastre mahalla layer as of 2026-09-18
1726262011,1726262011,1726262011,Paxtakor,NULL,NULL,NULL,Paxtakor mahalla fuqarolar yigʻini,NULL,NULL,Mahalla fuqarolar yigʻini (MFY),1726262,Uchtepa tumani,Учтепинский район,Toshkent shahri,CURRENT / ACTIVE,Kadastr agentligi (Etirof) official MFY register,https://api-etirof.kadastr.uz/api/v1/commons/selects/neighborhoods,NULL,NULL,NULL,NULL,NO,NO,UNKNOWN,NULL,NULL,NULL,NULL,"Cabinet of Ministers Resolution No. 48, 04.03.2014, art. 26-30",https://www.lex.uz/uz/docs/-2349371,2026-09-18,A,Name and code OFFICIAL; polygon not present in the public cadastre mahalla layer as of 2026-09-18
1726262012,1726262012,1726262012,Xondamir,NULL,NULL,NULL,Xondamir mahalla fuqarolar yigʻini,NULL,NULL,Mahalla fuqarolar yigʻini (MFY),1726262,Uchtepa tumani,Учтепинский район,Toshkent shahri,CURRENT / ACTIVE,Kadastr agentligi (Etirof) official MFY register,https://api-etirof.kadastr.uz/api/v1/commons/selects/neighborhoods,18.91,18.91,41.31779,69.17462,YES,YES,OFFICIAL,Kadastr agentligi - open.ngis.uz UZKAD/MAHALLA_UZKAD_DB16,https://db.ngis.uz/db/rest/services/UZKAD/MAHALLA_UZKAD_DB16/FeatureServer/0,EPSG:4326,2026-03-14..2026-08-27,"Cabinet of Ministers Resolution No. 48, 04.03.2014, art. 26-30",https://www.lex.uz/uz/docs/-2349371,2026-09-18,A,NULL
1726262013,1726262013,1726262013,Sharq Yulduzi,NULL,NULL,NULL,Sharq Yulduzi mahalla fuqarolar yigʻini,NULL,NULL,Mahalla fuqarolar yigʻini (MFY),1726262,Uchtepa tumani,Учтепинский район,Toshkent shahri,CURRENT / ACTIVE,Kadastr agentligi (Etirof) official MFY register,https://api-etirof.kadastr.uz/api/v1/commons/selects/neighborhoods,29.92,29.76,41.31331,69.17604,YES,YES,OFFICIAL,Kadastr agentligi - open.ngis.uz UZKAD/MAHALLA_UZKAD_DB16,https://db.ngis.uz/db/rest/services/UZKAD/MAHALLA_UZKAD_DB16/FeatureServer/0,EPSG:4326,2026-03-14..2026-08-27,"Cabinet of Ministers Resolution No. 48, 04.03.2014, art. 26-30",https://www.lex.uz/uz/docs/-2349371,2026-09-18,A,NULL
1726262014,1726262014,1726262014,Shofayzibogʻi,NULL,NULL,NULL,Shofayzibogʻi mahalla fuqarolar yigʻini,NULL,NULL,Mahalla fuqarolar yigʻini (MFY),1726262,Uchtepa tumani,Учтепинский район,Toshkent shahri,CURRENT / ACTIVE,Kadastr agentligi (Etirof) official MFY register,https://api-etirof.kadastr.uz/api/v1/commons/selects/neighborhoods,NULL,NULL,NULL,NULL,NO,NO,UNKNOWN,NULL,NULL,NULL,NULL,"Cabinet of Ministers Resolution No. 48, 04.03.2014, art. 26-30",https://www.lex.uz/uz/docs/-2349371,2026-09-18,A,Name and code OFFICIAL; polygon not present in the public cadastre mahalla layer as of 2026-09-18
1726262015,1726262015,1726262015,Beshqayragʻoch,NULL,NULL,NULL,Beshqayragʻoch mahalla fuqarolar yigʻini,NULL,NULL,Mahalla fuqarolar yigʻini (MFY),1726262,Uchtepa tumani,Учтепинский район,Toshkent shahri,CURRENT / ACTIVE,Kadastr agentligi (Etirof) official MFY register,https://api-etirof.kadastr.uz/api/v1/commons/selects/neighborhoods,NULL,NULL,NULL,NULL,NO,NO,UNKNOWN,NULL,NULL,NULL,NULL,"Cabinet of Ministers Resolution No. 48, 04.03.2014, art. 26-30",https://www.lex.uz/uz/docs/-2349371,2026-09-18,A,Name and code OFFICIAL; polygon not present in the public cadastre mahalla layer as of 2026-09-18
1726262016,1726262016,1726262016,Birlik,NULL,NULL,NULL,Birlik mahalla fuqarolar yigʻini,NULL,NULL,Mahalla fuqarolar yigʻini (MFY),1726262,Uchtepa tumani,Учтепинский район,Toshkent shahri,CURRENT / ACTIVE,Kadastr agentligi (Etirof) official MFY register,https://api-etirof.kadastr.uz/api/v1/commons/selects/neighborhoods,31.88,31.92,41.29192,69.17409,YES,YES,OFFICIAL,Kadastr agentligi - open.ngis.uz UZKAD/MAHALLA_UZKAD_DB16,https://db.ngis.uz/db/rest/services/UZKAD/MAHALLA_UZKAD_DB16/FeatureServer/0,EPSG:4326,2026-03-14..2026-08-27,"Cabinet of Ministers Resolution No. 48, 04.03.2014, art. 26-30",https://www.lex.uz/uz/docs/-2349371,2026-09-18,A,NULL
1726262017,1726262017,1726262017,Davlatobod,NULL,NULL,NULL,Davlatobod mahalla fuqarolar yigʻini,NULL,NULL,Mahalla fuqarolar yigʻini (MFY),1726262,Uchtepa tumani,Учтепинский район,Toshkent shahri,CURRENT / ACTIVE,Kadastr agentligi (Etirof) official MFY register,https://api-etirof.kadastr.uz/api/v1/commons/selects/neighborhoods,34.14,34.07,41.29936,69.17093,YES,YES,OFFICIAL,Kadastr agentligi - open.ngis.uz UZKAD/MAHALLA_UZKAD_DB16,https://db.ngis.uz/db/rest/services/UZKAD/MAHALLA_UZKAD_DB16/FeatureServer/0,EPSG:4326,2026-03-14..2026-08-27,"Cabinet of Ministers Resolution No. 48, 04.03.2014, art. 26-30",https://www.lex.uz/uz/docs/-2349371,2026-09-18,A,NULL
1726262018,1726262018,1726262018,Zargarlik,NULL,NULL,NULL,Zargarlik mahalla fuqarolar yigʻini,NULL,NULL,Mahalla fuqarolar yigʻini (MFY),1726262,Uchtepa tumani,Учтепинский район,Toshkent shahri,CURRENT / ACTIVE,Kadastr agentligi (Etirof) official MFY register,https://api-etirof.kadastr.uz/api/v1/commons/selects/neighborhoods,20.99,20.91,41.28049,69.18429,YES,YES,OFFICIAL,Kadastr agentligi - open.ngis.uz UZKAD/MAHALLA_UZKAD_DB16,https://db.ngis.uz/db/rest/services/UZKAD/MAHALLA_UZKAD_DB16/FeatureServer/0,EPSG:4326,2026-03-14..2026-08-27,"Cabinet of Ministers Resolution No. 48, 04.03.2014, art. 26-30",https://www.lex.uz/uz/docs/-2349371,2026-09-18,A,NULL
1726262019,1726262019,1726262019,Ibrat,NULL,NULL,NULL,Ibrat mahalla fuqarolar yigʻini,NULL,NULL,Mahalla fuqarolar yigʻini (MFY),1726262,Uchtepa tumani,Учтепинский район,Toshkent shahri,CURRENT / ACTIVE,Kadastr agentligi (Etirof) official MFY register,https://api-etirof.kadastr.uz/api/v1/commons/selects/neighborhoods,31.29,31.28,41.31535,69.16976,YES,YES,OFFICIAL,Kadastr agentligi - open.ngis.uz UZKAD/MAHALLA_UZKAD_DB16,https://db.ngis.uz/db/rest/services/UZKAD/MAHALLA_UZKAD_DB16/FeatureServer/0,EPSG:4326,2026-03-14..2026-08-27,"Cabinet of Ministers Resolution No. 48, 04.03.2014, art. 26-30",https://www.lex.uz/uz/docs/-2349371,2026-09-18,A,NULL
1726262020,1726262020,1726262020,Qoʻrgʻontepa,NULL,NULL,NULL,Qoʻrgʻontepa mahalla fuqarolar yigʻini,NULL,NULL,Mahalla fuqarolar yigʻini (MFY),1726262,Uchtepa tumani,Учтепинский район,Toshkent shahri,CURRENT / ACTIVE,Kadastr agentligi (Etirof) official MFY register,https://api-etirof.kadastr.uz/api/v1/commons/selects/neighborhoods,27.95,27.76,41.27901,69.19312,YES,YES,OFFICIAL,Kadastr agentligi - open.ngis.uz UZKAD/MAHALLA_UZKAD_DB16,https://db.ngis.uz/db/rest/services/UZKAD/MAHALLA_UZKAD_DB16/FeatureServer/0,EPSG:4326,2026-03-14..2026-08-27,"Cabinet of Ministers Resolution No. 48, 04.03.2014, art. 26-30",https://www.lex.uz/uz/docs/-2349371,2026-09-18,A,NULL
1726262021,1726262021,1726262021,Latifguzar,NULL,NULL,NULL,Latifguzar mahalla fuqarolar yigʻini,NULL,NULL,Mahalla fuqarolar yigʻini (MFY),1726262,Uchtepa tumani,Учтепинский район,Toshkent shahri,CURRENT / ACTIVE,Kadastr agentligi (Etirof) official MFY register,https://api-etirof.kadastr.uz/api/v1/commons/selects/neighborhoods,29.38,29.59,41.30233,69.16549,YES,YES,OFFICIAL,Kadastr agentligi - open.ngis.uz UZKAD/MAHALLA_UZKAD_DB16,https://db.ngis.uz/db/rest/services/UZKAD/MAHALLA_UZKAD_DB16/FeatureServer/0,EPSG:4326,2026-03-14..2026-08-27,"Cabinet of Ministers Resolution No. 48, 04.03.2014, art. 26-30",https://www.lex.uz/uz/docs/-2349371,2026-09-18,A,NULL
1726262022,1726262022,1726262022,Taqachi,NULL,NULL,NULL,Taqachi mahalla fuqarolar yigʻini,NULL,NULL,Mahalla fuqarolar yigʻini (MFY),1726262,Uchtepa tumani,Учтепинский район,Toshkent shahri,CURRENT / ACTIVE,Kadastr agentligi (Etirof) official MFY register,https://api-etirof.kadastr.uz/api/v1/commons/selects/neighborhoods,33.12,33.22,41.3033,69.15905,YES,YES,OFFICIAL,Kadastr agentligi - open.ngis.uz UZKAD/MAHALLA_UZKAD_DB16,https://db.ngis.uz/db/rest/services/UZKAD/MAHALLA_UZKAD_DB16/FeatureServer/0,EPSG:4326,2026-03-14..2026-08-27,"Cabinet of Ministers Resolution No. 48, 04.03.2014, art. 26-30",https://www.lex.uz/uz/docs/-2349371,2026-09-18,A,NULL
1726262023,1726262023,1726262023,Tepaqoʻrgʻon,NULL,NULL,NULL,Tepaqoʻrgʻon mahalla fuqarolar yigʻini,NULL,NULL,Mahalla fuqarolar yigʻini (MFY),1726262,Uchtepa tumani,Учтепинский район,Toshkent shahri,CURRENT / ACTIVE,Kadastr agentligi (Etirof) official MFY register,https://api-etirof.kadastr.uz/api/v1/commons/selects/neighborhoods,25.99,26.12,41.2764,69.18952,YES,YES,OFFICIAL,Kadastr agentligi - open.ngis.uz UZKAD/MAHALLA_UZKAD_DB16,https://db.ngis.uz/db/rest/services/UZKAD/MAHALLA_UZKAD_DB16/FeatureServer/0,EPSG:4326,2026-03-14..2026-08-27,"Cabinet of Ministers Resolution No. 48, 04.03.2014, art. 26-30",https://www.lex.uz/uz/docs/-2349371,2026-09-18,A,NULL
1726262024,1726262024,1726262024,Tinchlikobod,NULL,NULL,NULL,Tinchlikobod mahalla fuqarolar yigʻini,NULL,NULL,Mahalla fuqarolar yigʻini (MFY),1726262,Uchtepa tumani,Учтепинский район,Toshkent shahri,CURRENT / ACTIVE,Kadastr agentligi (Etirof) official MFY register,https://api-etirof.kadastr.uz/api/v1/commons/selects/neighborhoods,35.35,35.46,41.28581,69.18116,YES,YES,OFFICIAL,Kadastr agentligi - open.ngis.uz UZKAD/MAHALLA_UZKAD_DB16,https://db.ngis.uz/db/rest/services/UZKAD/MAHALLA_UZKAD_DB16/FeatureServer/0,EPSG:4326,2026-03-14..2026-08-27,"Cabinet of Ministers Resolution No. 48, 04.03.2014, art. 26-30",https://www.lex.uz/uz/docs/-2349371,2026-09-18,A,NULL
1726262025,1726262025,1726262025,Farxod,NULL,NULL,NULL,Farxod mahalla fuqarolar yigʻini,NULL,NULL,Mahalla fuqarolar yigʻini (MFY),1726262,Uchtepa tumani,Учтепинский район,Toshkent shahri,CURRENT / ACTIVE,Kadastr agentligi (Etirof) official MFY register,https://api-etirof.kadastr.uz/api/v1/commons/selects/neighborhoods,35.51,35.27,41.28803,69.17593,YES,YES,OFFICIAL,Kadastr agentligi - open.ngis.uz UZKAD/MAHALLA_UZKAD_DB16,https://db.ngis.uz/db/rest/services/UZKAD/MAHALLA_UZKAD_DB16/FeatureServer/0,EPSG:4326,2026-03-14..2026-08-27,"Cabinet of Ministers Resolution No. 48, 04.03.2014, art. 26-30",https://www.lex.uz/uz/docs/-2349371,2026-09-18,A,NULL
1726262026,1726262026,1726262026,Xojiobod,NULL,NULL,NULL,Xojiobod mahalla fuqarolar yigʻini,NULL,NULL,Mahalla fuqarolar yigʻini (MFY),1726262,Uchtepa tumani,Учтепинский район,Toshkent shahri,CURRENT / ACTIVE,Kadastr agentligi (Etirof) official MFY register,https://api-etirof.kadastr.uz/api/v1/commons/selects/neighborhoods,26.18,26.19,41.2985,69.15831,YES,YES,OFFICIAL,Kadastr agentligi - open.ngis.uz UZKAD/MAHALLA_UZKAD_DB16,https://db.ngis.uz/db/rest/services/UZKAD/MAHALLA_UZKAD_DB16/FeatureServer/0,EPSG:4326,2026-03-14..2026-08-27,"Cabinet of Ministers Resolution No. 48, 04.03.2014, art. 26-30",https://www.lex.uz/uz/docs/-2349371,2026-09-18,A,NULL
1726262027,1726262027,1726262027,Xuroson,NULL,NULL,NULL,Xuroson mahalla fuqarolar yigʻini,NULL,NULL,Mahalla fuqarolar yigʻini (MFY),1726262,Uchtepa tumani,Учтепинский район,Toshkent shahri,CURRENT / ACTIVE,Kadastr agentligi (Etirof) official MFY register,https://api-etirof.kadastr.uz/api/v1/commons/selects/neighborhoods,30.97,31.09,41.28285,69.18772,YES,YES,OFFICIAL,Kadastr agentligi - open.ngis.uz UZKAD/MAHALLA_UZKAD_DB16,https://db.ngis.uz/db/rest/services/UZKAD/MAHALLA_UZKAD_DB16/FeatureServer/0,EPSG:4326,2026-03-14..2026-08-27,"Cabinet of Ministers Resolution No. 48, 04.03.2014, art. 26-30",https://www.lex.uz/uz/docs/-2349371,2026-09-18,A,NULL
1726262028,1726262028,1726262028,Xayratiy,NULL,NULL,NULL,Xayratiy mahalla fuqarolar yigʻini,NULL,NULL,Mahalla fuqarolar yigʻini (MFY),1726262,Uchtepa tumani,Учтепинский район,Toshkent shahri,CURRENT / ACTIVE,Kadastr agentligi (Etirof) official MFY register,https://api-etirof.kadastr.uz/api/v1/commons/selects/neighborhoods,16.79,16.61,41.30589,69.16581,YES,YES,OFFICIAL,Kadastr agentligi - open.ngis.uz UZKAD/MAHALLA_UZKAD_DB16,https://db.ngis.uz/db/rest/services/UZKAD/MAHALLA_UZKAD_DB16/FeatureServer/0,EPSG:4326,2026-03-14..2026-08-27,"Cabinet of Ministers Resolution No. 48, 04.03.2014, art. 26-30",https://www.lex.uz/uz/docs/-2349371,2026-09-18,A,NULL
1726262029,1726262029,1726262029,Chamanzor,NULL,NULL,NULL,Chamanzor mahalla fuqarolar yigʻini,NULL,NULL,Mahalla fuqarolar yigʻini (MFY),1726262,Uchtepa tumani,Учтепинский район,Toshkent shahri,CURRENT / ACTIVE,Kadastr agentligi (Etirof) official MFY register,https://api-etirof.kadastr.uz/api/v1/commons/selects/neighborhoods,NULL,NULL,NULL,NULL,NO,NO,UNKNOWN,NULL,NULL,NULL,NULL,"Cabinet of Ministers Resolution No. 48, 04.03.2014, art. 26-30",https://www.lex.uz/uz/docs/-2349371,2026-09-18,A,Name and code OFFICIAL; polygon not present in the public cadastre mahalla layer as of 2026-09-18
1726262030,1726262030,1726262030,Oqmachit,NULL,NULL,NULL,Oqmachit mahalla fuqarolar yigʻini,NULL,NULL,Mahalla fuqarolar yigʻini (MFY),1726262,Uchtepa tumani,Учтепинский район,Toshkent shahri,CURRENT / ACTIVE,Kadastr agentligi (Etirof) official MFY register,https://api-etirof.kadastr.uz/api/v1/commons/selects/neighborhoods,24.9,25.03,41.3084,69.15844,YES,YES,OFFICIAL,Kadastr agentligi - open.ngis.uz UZKAD/MAHALLA_UZKAD_DB16,https://db.ngis.uz/db/rest/services/UZKAD/MAHALLA_UZKAD_DB16/FeatureServer/0,EPSG:4326,2026-03-14..2026-08-27,"Cabinet of Ministers Resolution No. 48, 04.03.2014, art. 26-30",https://www.lex.uz/uz/docs/-2349371,2026-09-18,A,NULL
1726262031,1726262031,1726262031,Quyi Darxon,NULL,NULL,NULL,Quyi Darxon mahalla fuqarolar yigʻini,NULL,NULL,Mahalla fuqarolar yigʻini (MFY),1726262,Uchtepa tumani,Учтепинский район,Toshkent shahri,CURRENT / ACTIVE,Kadastr agentligi (Etirof) official MFY register,https://api-etirof.kadastr.uz/api/v1/commons/selects/neighborhoods,24.0,24.24,41.30857,69.15425,YES,YES,OFFICIAL,Kadastr agentligi - open.ngis.uz UZKAD/MAHALLA_UZKAD_DB16,https://db.ngis.uz/db/rest/services/UZKAD/MAHALLA_UZKAD_DB16/FeatureServer/0,EPSG:4326,2026-03-14..2026-08-27,"Cabinet of Ministers Resolution No. 48, 04.03.2014, art. 26-30",https://www.lex.uz/uz/docs/-2349371,2026-09-18,A,NULL
1726262032,1726262032,1726262032,Qoziguzar,NULL,NULL,NULL,Qoziguzar mahalla fuqarolar yigʻini,NULL,NULL,Mahalla fuqarolar yigʻini (MFY),1726262,Uchtepa tumani,Учтепинский район,Toshkent shahri,CURRENT / ACTIVE,Kadastr agentligi (Etirof) official MFY register,https://api-etirof.kadastr.uz/api/v1/commons/selects/neighborhoods,NULL,NULL,NULL,NULL,NO,NO,UNKNOWN,NULL,NULL,NULL,NULL,"Cabinet of Ministers Resolution No. 48, 04.03.2014, art. 26-30",https://www.lex.uz/uz/docs/-2349371,2026-09-18,A,Name and code OFFICIAL; polygon not present in the public cadastre mahalla layer as of 2026-09-18
1726262033,1726262033,1726262033,Koʻksaroy,NULL,NULL,NULL,Koʻksaroy mahalla fuqarolar yigʻini,NULL,NULL,Mahalla fuqarolar yigʻini (MFY),1726262,Uchtepa tumani,Учтепинский район,Toshkent shahri,CURRENT / ACTIVE,Kadastr agentligi (Etirof) official MFY register,https://api-etirof.kadastr.uz/api/v1/commons/selects/neighborhoods,NULL,NULL,NULL,NULL,NO,NO,UNKNOWN,NULL,NULL,NULL,NULL,"Cabinet of Ministers Resolution No. 48, 04.03.2014, art. 26-30",https://www.lex.uz/uz/docs/-2349371,2026-09-18,A,Name and code OFFICIAL; polygon not present in the public cadastre mahalla layer as of 2026-09-18
1726262034,1726262034,1726262034,Alixontoʻra Sogʻuniy,NULL,NULL,NULL,Alixontoʻra Sogʻuniy mahalla fuqarolar yigʻini,NULL,NULL,Mahalla fuqarolar yigʻini (MFY),1726262,Uchtepa tumani,Учтепинский район,Toshkent shahri,CURRENT / ACTIVE,Kadastr agentligi (Etirof) official MFY register,https://api-etirof.kadastr.uz/api/v1/commons/selects/neighborhoods,20.56,20.48,41.26584,69.15652,YES,YES,OFFICIAL,Kadastr agentligi - open.ngis.uz UZKAD/MAHALLA_UZKAD_DB16,https://db.ngis.uz/db/rest/services/UZKAD/MAHALLA_UZKAD_DB16/FeatureServer/0,EPSG:4326,2026-03-14..2026-08-27,"Cabinet of Ministers Resolution No. 48, 04.03.2014, art. 26-30",https://www.lex.uz/uz/docs/-2349371,2026-09-18,A,NULL
1726262035,1726262035,1726262035,Diyorobod,NULL,NULL,NULL,Diyorobod mahalla fuqarolar yigʻini,NULL,NULL,Mahalla fuqarolar yigʻini (MFY),1726262,Uchtepa tumani,Учтепинский район,Toshkent shahri,CURRENT / ACTIVE,Kadastr agentligi (Etirof) official MFY register,https://api-etirof.kadastr.uz/api/v1/commons/selects/neighborhoods,27.35,27.49,41.26403,69.15028,YES,YES,OFFICIAL,Kadastr agentligi - open.ngis.uz UZKAD/MAHALLA_UZKAD_DB16,https://db.ngis.uz/db/rest/services/UZKAD/MAHALLA_UZKAD_DB16/FeatureServer/0,EPSG:4326,2026-03-14..2026-08-27,"Cabinet of Ministers Resolution No. 48, 04.03.2014, art. 26-30",https://www.lex.uz/uz/docs/-2349371,2026-09-18,A,NULL
1726262036,1726262036,1726262036,Oʻrikzor,NULL,NULL,NULL,Oʻrikzor mahalla fuqarolar yigʻini,NULL,NULL,Mahalla fuqarolar yigʻini (MFY),1726262,Uchtepa tumani,Учтепинский район,Toshkent shahri,CURRENT / ACTIVE,Kadastr agentligi (Etirof) official MFY register,https://api-etirof.kadastr.uz/api/v1/commons/selects/neighborhoods,NULL,NULL,NULL,NULL,NO,NO,UNKNOWN,NULL,NULL,NULL,NULL,"Cabinet of Ministers Resolution No. 48, 04.03.2014, art. 26-30",https://www.lex.uz/uz/docs/-2349371,2026-09-18,A,Name and code OFFICIAL; polygon not present in the public cadastre mahalla layer as of 2026-09-18
1726262037,1726262037,1726262037,Yusuf Sakkokiy,NULL,NULL,NULL,Yusuf Sakkokiy mahalla fuqarolar yigʻini,NULL,NULL,Mahalla fuqarolar yigʻini (MFY),1726262,Uchtepa tumani,Учтепинский район,Toshkent shahri,CURRENT / ACTIVE,Kadastr agentligi (Etirof) official MFY register,https://api-etirof.kadastr.uz/api/v1/commons/selects/neighborhoods,79.33,79.1,41.28913,69.15476,YES,YES,OFFICIAL,Kadastr agentligi - open.ngis.uz UZKAD/MAHALLA_UZKAD_DB16,https://db.ngis.uz/db/rest/services/UZKAD/MAHALLA_UZKAD_DB16/FeatureServer/0,EPSG:4326,2026-03-14..2026-08-27,"Cabinet of Ministers Resolution No. 48, 04.03.2014, art. 26-30",https://www.lex.uz/uz/docs/-2349371,2026-09-18,A,NULL
1726262038,1726262038,1726262038,Yangiyoʻl,NULL,NULL,NULL,Yangiyoʻl mahalla fuqarolar yigʻini,NULL,NULL,Mahalla fuqarolar yigʻini (MFY),1726262,Uchtepa tumani,Учтепинский район,Toshkent shahri,CURRENT / ACTIVE,Kadastr agentligi (Etirof) official MFY register,https://api-etirof.kadastr.uz/api/v1/commons/selects/neighborhoods,16.11,16.08,41.26748,69.15083,YES,YES,OFFICIAL,Kadastr agentligi - open.ngis.uz UZKAD/MAHALLA_UZKAD_DB16,https://db.ngis.uz/db/rest/services/UZKAD/MAHALLA_UZKAD_DB16/FeatureServer/0,EPSG:4326,2026-03-14..2026-08-27,"Cabinet of Ministers Resolution No. 48, 04.03.2014, art. 26-30",https://www.lex.uz/uz/docs/-2349371,2026-09-18,A,NULL
1726262039,1726262039,1726262039,Diydor,NULL,NULL,NULL,Diydor mahalla fuqarolar yigʻini,NULL,NULL,Mahalla fuqarolar yigʻini (MFY),1726262,Uchtepa tumani,Учтепинский район,Toshkent shahri,CURRENT / ACTIVE,Kadastr agentligi (Etirof) official MFY register,https://api-etirof.kadastr.uz/api/v1/commons/selects/neighborhoods,14.44,14.4,41.26918,69.15529,YES,YES,OFFICIAL,Kadastr agentligi - open.ngis.uz UZKAD/MAHALLA_UZKAD_DB16,https://db.ngis.uz/db/rest/services/UZKAD/MAHALLA_UZKAD_DB16/FeatureServer/0,EPSG:4326,2026-03-14..2026-08-27,"Cabinet of Ministers Resolution No. 48, 04.03.2014, art. 26-30",https://www.lex.uz/uz/docs/-2349371,2026-09-18,A,NULL
1726262040,1726262040,1726262040,Foziltepa,NULL,NULL,NULL,Foziltepa mahalla fuqarolar yigʻini,NULL,NULL,Mahalla fuqarolar yigʻini (MFY),1726262,Uchtepa tumani,Учтепинский район,Toshkent shahri,CURRENT / ACTIVE,Kadastr agentligi (Etirof) official MFY register,https://api-etirof.kadastr.uz/api/v1/commons/selects/neighborhoods,NULL,NULL,NULL,NULL,NO,NO,UNKNOWN,NULL,NULL,NULL,NULL,"Cabinet of Ministers Resolution No. 48, 04.03.2014, art. 26-30",https://www.lex.uz/uz/docs/-2349371,2026-09-18,A,Name and code OFFICIAL; polygon not present in the public cadastre mahalla layer as of 2026-09-18
1726262041,1726262041,1726262041,Zarafshon,NULL,NULL,NULL,Zarafshon mahalla fuqarolar yigʻini,NULL,NULL,Mahalla fuqarolar yigʻini (MFY),1726262,Uchtepa tumani,Учтепинский район,Toshkent shahri,CURRENT / ACTIVE,Kadastr agentligi (Etirof) official MFY register,https://api-etirof.kadastr.uz/api/v1/commons/selects/neighborhoods,NULL,NULL,NULL,NULL,NO,NO,UNKNOWN,NULL,NULL,NULL,NULL,"Cabinet of Ministers Resolution No. 48, 04.03.2014, art. 26-30",https://www.lex.uz/uz/docs/-2349371,2026-09-18,A,Name and code OFFICIAL; polygon not present in the public cadastre mahalla layer as of 2026-09-18
1726262042,1726262042,1726262042,Uchtepa,NULL,NULL,NULL,Uchtepa mahalla fuqarolar yigʻini,NULL,NULL,Mahalla fuqarolar yigʻini (MFY),1726262,Uchtepa tumani,Учтепинский район,Toshkent shahri,CURRENT / ACTIVE,Kadastr agentligi (Etirof) official MFY register,https://api-etirof.kadastr.uz/api/v1/commons/selects/neighborhoods,30.96,30.95,41.29467,69.1541,YES,YES,OFFICIAL,Kadastr agentligi - open.ngis.uz UZKAD/MAHALLA_UZKAD_DB16,https://db.ngis.uz/db/rest/services/UZKAD/MAHALLA_UZKAD_DB16/FeatureServer/0,EPSG:4326,2026-03-14..2026-08-27,"Cabinet of Ministers Resolution No. 48, 04.03.2014, art. 26-30",https://www.lex.uz/uz/docs/-2349371,2026-09-18,A,NULL
1726262043,1726262043,1726262043,Katta Qaʼni,NULL,NULL,NULL,Katta Qaʼni mahalla fuqarolar yigʻini,NULL,NULL,Mahalla fuqarolar yigʻini (MFY),1726262,Uchtepa tumani,Учтепинский район,Toshkent shahri,CURRENT / ACTIVE,Kadastr agentligi (Etirof) official MFY register,https://api-etirof.kadastr.uz/api/v1/commons/selects/neighborhoods,NULL,NULL,NULL,NULL,NO,NO,UNKNOWN,NULL,NULL,NULL,NULL,"Cabinet of Ministers Resolution No. 48, 04.03.2014, art. 26-30",https://www.lex.uz/uz/docs/-2349371,2026-09-18,A,Name and code OFFICIAL; polygon not present in the public cadastre mahalla layer as of 2026-09-18
1726262044,1726262044,1726262044,Koʻrkamobod,NULL,NULL,NULL,Koʻrkamobod mahalla fuqarolar yigʻini,NULL,NULL,Mahalla fuqarolar yigʻini (MFY),1726262,Uchtepa tumani,Учтепинский район,Toshkent shahri,CURRENT / ACTIVE,Kadastr agentligi (Etirof) official MFY register,https://api-etirof.kadastr.uz/api/v1/commons/selects/neighborhoods,30.89,30.89,41.30146,69.15318,YES,YES,OFFICIAL,Kadastr agentligi - open.ngis.uz UZKAD/MAHALLA_UZKAD_DB16,https://db.ngis.uz/db/rest/services/UZKAD/MAHALLA_UZKAD_DB16/FeatureServer/0,EPSG:4326,2026-03-14..2026-08-27,"Cabinet of Ministers Resolution No. 48, 04.03.2014, art. 26-30",https://www.lex.uz/uz/docs/-2349371,2026-09-18,A,NULL
1726262045,1726262045,1726262045,Sharq Guli,NULL,NULL,NULL,Sharq Guli mahalla fuqarolar yigʻini,NULL,NULL,Mahalla fuqarolar yigʻini (MFY),1726262,Uchtepa tumani,Учтепинский район,Toshkent shahri,CURRENT / ACTIVE,Kadastr agentligi (Etirof) official MFY register,https://api-etirof.kadastr.uz/api/v1/commons/selects/neighborhoods,11.06,11.24,41.31959,69.17016,YES,YES,OFFICIAL,Kadastr agentligi - open.ngis.uz UZKAD/MAHALLA_UZKAD_DB16,https://db.ngis.uz/db/rest/services/UZKAD/MAHALLA_UZKAD_DB16/FeatureServer/0,EPSG:4326,2026-03-14..2026-08-27,"Cabinet of Ministers Resolution No. 48, 04.03.2014, art. 26-30",https://www.lex.uz/uz/docs/-2349371,2026-09-18,A,NULL
1726262046,1726262046,1726262046,Xurshid,NULL,NULL,NULL,Xurshid mahalla fuqarolar yigʻini,NULL,NULL,Mahalla fuqarolar yigʻini (MFY),1726262,Uchtepa tumani,Учтепинский район,Toshkent shahri,CURRENT / ACTIVE,Kadastr agentligi (Etirof) official MFY register,https://api-etirof.kadastr.uz/api/v1/commons/selects/neighborhoods,14.69,14.65,41.31305,69.15636,YES,YES,OFFICIAL,Kadastr agentligi - open.ngis.uz UZKAD/MAHALLA_UZKAD_DB16,https://db.ngis.uz/db/rest/services/UZKAD/MAHALLA_UZKAD_DB16/FeatureServer/0,EPSG:4326,2026-03-14..2026-08-27,"Cabinet of Ministers Resolution No. 48, 04.03.2014, art. 26-30",https://www.lex.uz/uz/docs/-2349371,2026-09-18,A,NULL
1726262047,1726262047,1726262047,Qor Yogʻdi,NULL,NULL,NULL,Qor Yogʻdi mahalla fuqarolar yigʻini,NULL,NULL,Mahalla fuqarolar yigʻini (MFY),1726262,Uchtepa tumani,Учтепинский район,Toshkent shahri,CURRENT / ACTIVE,Kadastr agentligi (Etirof) official MFY register,https://api-etirof.kadastr.uz/api/v1/commons/selects/neighborhoods,NULL,NULL,NULL,NULL,NO,NO,UNKNOWN,NULL,NULL,NULL,NULL,"Cabinet of Ministers Resolution No. 48, 04.03.2014, art. 26-30",https://www.lex.uz/uz/docs/-2349371,2026-09-18,A,Name and code OFFICIAL; polygon not present in the public cadastre mahalla layer as of 2026-09-18
1726262048,1726262048,1726262048,Bekobod,NULL,NULL,NULL,Bekobod mahalla fuqarolar yigʻini,NULL,NULL,Mahalla fuqarolar yigʻini (MFY),1726262,Uchtepa tumani,Учтепинский район,Toshkent shahri,CURRENT / ACTIVE,Kadastr agentligi (Etirof) official MFY register,https://api-etirof.kadastr.uz/api/v1/commons/selects/neighborhoods,34.72,34.71,41.32589,69.17051,YES,YES,OFFICIAL,Kadastr agentligi - open.ngis.uz UZKAD/MAHALLA_UZKAD_DB16,https://db.ngis.uz/db/rest/services/UZKAD/MAHALLA_UZKAD_DB16/FeatureServer/0,EPSG:4326,2026-03-14..2026-08-27,"Cabinet of Ministers Resolution No. 48, 04.03.2014, art. 26-30",https://www.lex.uz/uz/docs/-2349371,2026-09-18,A,NULL
1726262049,1726262049,1726262049,Nurobod,NULL,NULL,NULL,Nurobod mahalla fuqarolar yigʻini,NULL,NULL,Mahalla fuqarolar yigʻini (MFY),1726262,Uchtepa tumani,Учтепинский район,Toshkent shahri,CURRENT / ACTIVE,Kadastr agentligi (Etirof) official MFY register,https://api-etirof.kadastr.uz/api/v1/commons/selects/neighborhoods,28.85,28.85,41.2824,69.16735,YES,YES,OFFICIAL,Kadastr agentligi - open.ngis.uz UZKAD/MAHALLA_UZKAD_DB16,https://db.ngis.uz/db/rest/services/UZKAD/MAHALLA_UZKAD_DB16/FeatureServer/0,EPSG:4326,2026-03-14..2026-08-27,"Cabinet of Ministers Resolution No. 48, 04.03.2014, art. 26-30",https://www.lex.uz/uz/docs/-2349371,2026-09-18,A,NULL
1726262050,1726262050,1726262050,Nayman,NULL,NULL,NULL,Nayman mahalla fuqarolar yigʻini,NULL,NULL,Mahalla fuqarolar yigʻini (MFY),1726262,Uchtepa tumani,Учтепинский район,Toshkent shahri,CURRENT / ACTIVE,Kadastr agentligi (Etirof) official MFY register,https://api-etirof.kadastr.uz/api/v1/commons/selects/neighborhoods,26.41,26.55,41.28771,69.16892,YES,YES,OFFICIAL,Kadastr agentligi - open.ngis.uz UZKAD/MAHALLA_UZKAD_DB16,https://db.ngis.uz/db/rest/services/UZKAD/MAHALLA_UZKAD_DB16/FeatureServer/0,EPSG:4326,2026-03-14..2026-08-27,"Cabinet of Ministers Resolution No. 48, 04.03.2014, art. 26-30",https://www.lex.uz/uz/docs/-2349371,2026-09-18,A,NULL
1726262051,1726262051,1726262051,Vatan,NULL,NULL,NULL,Vatan mahalla fuqarolar yigʻini,NULL,NULL,Mahalla fuqarolar yigʻini (MFY),1726262,Uchtepa tumani,Учтепинский район,Toshkent shahri,CURRENT / ACTIVE,Kadastr agentligi (Etirof) official MFY register,https://api-etirof.kadastr.uz/api/v1/commons/selects/neighborhoods,32.57,32.65,41.28262,69.17554,YES,YES,OFFICIAL,Kadastr agentligi - open.ngis.uz UZKAD/MAHALLA_UZKAD_DB16,https://db.ngis.uz/db/rest/services/UZKAD/MAHALLA_UZKAD_DB16/FeatureServer/0,EPSG:4326,2026-03-14..2026-08-27,"Cabinet of Ministers Resolution No. 48, 04.03.2014, art. 26-30",https://www.lex.uz/uz/docs/-2349371,2026-09-18,A,NULL
1726262052,1726262052,1726262052,Vatanparvar,NULL,NULL,NULL,Vatanparvar mahalla fuqarolar yigʻini,NULL,NULL,Mahalla fuqarolar yigʻini (MFY),1726262,Uchtepa tumani,Учтепинский район,Toshkent shahri,CURRENT / ACTIVE,Kadastr agentligi (Etirof) official MFY register,https://api-etirof.kadastr.uz/api/v1/commons/selects/neighborhoods,21.64,21.94,41.27979,69.17311,YES,YES,OFFICIAL,Kadastr agentligi - open.ngis.uz UZKAD/MAHALLA_UZKAD_DB16,https://db.ngis.uz/db/rest/services/UZKAD/MAHALLA_UZKAD_DB16/FeatureServer/0,EPSG:4326,2026-03-14..2026-08-27,"Cabinet of Ministers Resolution No. 48, 04.03.2014, art. 26-30",https://www.lex.uz/uz/docs/-2349371,2026-09-18,A,NULL
1726262053,1726262053,1726262053,Shirin,NULL,NULL,NULL,Shirin mahalla fuqarolar yigʻini,NULL,NULL,Mahalla fuqarolar yigʻini (MFY),1726262,Uchtepa tumani,Учтепинский район,Toshkent shahri,CURRENT / ACTIVE,Kadastr agentligi (Etirof) official MFY register,https://api-etirof.kadastr.uz/api/v1/commons/selects/neighborhoods,75.51,75.49,41.27594,69.17994,YES,YES,OFFICIAL,Kadastr agentligi - open.ngis.uz UZKAD/MAHALLA_UZKAD_DB16,https://db.ngis.uz/db/rest/services/UZKAD/MAHALLA_UZKAD_DB16/FeatureServer/0,EPSG:4326,2026-03-14..2026-08-27,"Cabinet of Ministers Resolution No. 48, 04.03.2014, art. 26-30",https://www.lex.uz/uz/docs/-2349371,2026-09-18,A,NULL
1726262054,1726262054,1726262054,Oʻtkir,NULL,NULL,NULL,Oʻtkir mahalla fuqarolar yigʻini,NULL,NULL,Mahalla fuqarolar yigʻini (MFY),1726262,Uchtepa tumani,Учтепинский район,Toshkent shahri,CURRENT / ACTIVE,Kadastr agentligi (Etirof) official MFY register,https://api-etirof.kadastr.uz/api/v1/commons/selects/neighborhoods,30.92,30.9,41.31833,69.16015,YES,YES,OFFICIAL,Kadastr agentligi - open.ngis.uz UZKAD/MAHALLA_UZKAD_DB16,https://db.ngis.uz/db/rest/services/UZKAD/MAHALLA_UZKAD_DB16/FeatureServer/0,EPSG:4326,2026-03-14..2026-08-27,"Cabinet of Ministers Resolution No. 48, 04.03.2014, art. 26-30",https://www.lex.uz/uz/docs/-2349371,2026-09-18,A,NULL
1726262055,1726262055,1726262055,Istirohat,NULL,NULL,NULL,Istirohat mahalla fuqarolar yigʻini,NULL,NULL,Mahalla fuqarolar yigʻini (MFY),1726262,Uchtepa tumani,Учтепинский район,Toshkent shahri,CURRENT / ACTIVE,Kadastr agentligi (Etirof) official MFY register,https://api-etirof.kadastr.uz/api/v1/commons/selects/neighborhoods,43.61,43.39,41.32347,69.1618,YES,YES,OFFICIAL,Kadastr agentligi - open.ngis.uz UZKAD/MAHALLA_UZKAD_DB16,https://db.ngis.uz/db/rest/services/UZKAD/MAHALLA_UZKAD_DB16/FeatureServer/0,EPSG:4326,2026-03-14..2026-08-27,"Cabinet of Ministers Resolution No. 48, 04.03.2014, art. 26-30",https://www.lex.uz/uz/docs/-2349371,2026-09-18,A,NULL
1726262056,1726262056,1726262056,Shaftolizor,NULL,NULL,NULL,Shaftolizor mahalla fuqarolar yigʻini,NULL,NULL,Mahalla fuqarolar yigʻini (MFY),1726262,Uchtepa tumani,Учтепинский район,Toshkent shahri,CURRENT / ACTIVE,Kadastr agentligi (Etirof) official MFY register,https://api-etirof.kadastr.uz/api/v1/commons/selects/neighborhoods,24.28,24.19,41.32869,69.1645,YES,YES,OFFICIAL,Kadastr agentligi - open.ngis.uz UZKAD/MAHALLA_UZKAD_DB16,https://db.ngis.uz/db/rest/services/UZKAD/MAHALLA_UZKAD_DB16/FeatureServer/0,EPSG:4326,2026-03-14..2026-08-27,"Cabinet of Ministers Resolution No. 48, 04.03.2014, art. 26-30",https://www.lex.uz/uz/docs/-2349371,2026-09-18,A,NULL
1726262057,1726262057,1726262057,Jarbuloq,NULL,NULL,NULL,Jarbuloq mahalla fuqarolar yigʻini,NULL,NULL,Mahalla fuqarolar yigʻini (MFY),1726262,Uchtepa tumani,Учтепинский район,Toshkent shahri,CURRENT / ACTIVE,Kadastr agentligi (Etirof) official MFY register,https://api-etirof.kadastr.uz/api/v1/commons/selects/neighborhoods,13.39,13.46,41.3186,69.1657,YES,YES,OFFICIAL,Kadastr agentligi - open.ngis.uz UZKAD/MAHALLA_UZKAD_DB16,https://db.ngis.uz/db/rest/services/UZKAD/MAHALLA_UZKAD_DB16/FeatureServer/0,EPSG:4326,2026-03-14..2026-08-27,"Cabinet of Ministers Resolution No. 48, 04.03.2014, art. 26-30",https://www.lex.uz/uz/docs/-2349371,2026-09-18,A,NULL
1726262058,1726262058,1726262058,Zulfizar,NULL,NULL,NULL,Zulfizar mahalla fuqarolar yigʻini,NULL,NULL,Mahalla fuqarolar yigʻini (MFY),1726262,Uchtepa tumani,Учтепинский район,Toshkent shahri,CURRENT / ACTIVE,Kadastr agentligi (Etirof) official MFY register,https://api-etirof.kadastr.uz/api/v1/commons/selects/neighborhoods,14.88,14.99,41.3156,69.15817,YES,YES,OFFICIAL,Kadastr agentligi - open.ngis.uz UZKAD/MAHALLA_UZKAD_DB16,https://db.ngis.uz/db/rest/services/UZKAD/MAHALLA_UZKAD_DB16/FeatureServer/0,EPSG:4326,2026-03-14..2026-08-27,"Cabinet of Ministers Resolution No. 48, 04.03.2014, art. 26-30",https://www.lex.uz/uz/docs/-2349371,2026-09-18,A,NULL
1726262059,1726262059,1726262059,Hamdoʻst,NULL,NULL,NULL,Hamdoʻst mahalla fuqarolar yigʻini,NULL,NULL,Mahalla fuqarolar yigʻini (MFY),1726262,Uchtepa tumani,Учтепинский район,Toshkent shahri,CURRENT / ACTIVE,Kadastr agentligi (Etirof) official MFY register,https://api-etirof.kadastr.uz/api/v1/commons/selects/neighborhoods,64.63,64.48,41.27479,69.17043,YES,YES,OFFICIAL,Kadastr agentligi - open.ngis.uz UZKAD/MAHALLA_UZKAD_DB16,https://db.ngis.uz/db/rest/services/UZKAD/MAHALLA_UZKAD_DB16/FeatureServer/0,EPSG:4326,2026-03-14..2026-08-27,"Cabinet of Ministers Resolution No. 48, 04.03.2014, art. 26-30",https://www.lex.uz/uz/docs/-2349371,2026-09-18,A,NULL
1726262060,1726262060,1726262060,Katta Cho'ponota,NULL,NULL,NULL,Katta Cho'ponota mahalla fuqarolar yigʻini,NULL,NULL,Mahalla fuqarolar yigʻini (MFY),1726262,Uchtepa tumani,Учтепинский район,Toshkent shahri,CURRENT / ACTIVE,Kadastr agentligi (Etirof) official MFY register,https://api-etirof.kadastr.uz/api/v1/commons/selects/neighborhoods,NULL,NULL,NULL,NULL,NO,NO,UNKNOWN,NULL,NULL,NULL,NULL,"Cabinet of Ministers Resolution No. 48, 04.03.2014, art. 26-30",https://www.lex.uz/uz/docs/-2349371,2026-09-18,A,Name and code OFFICIAL; polygon not present in the public cadastre mahalla layer as of 2026-09-18
1726264001,1726264001,1726264001,Mirishkor,NULL,NULL,NULL,Mirishkor mahalla fuqarolar yigʻini,NULL,NULL,Mahalla fuqarolar yigʻini (MFY),1726264,Bektemir tumani,Бектемирский район,Toshkent shahri,CURRENT / ACTIVE,Kadastr agentligi (Etirof) official MFY register,https://api-etirof.kadastr.uz/api/v1/commons/selects/neighborhoods,257.68,257.24,41.25545,69.36618,YES,YES,OFFICIAL,Kadastr agentligi - open.ngis.uz UZKAD/MAHALLA_UZKAD_DB16,https://db.ngis.uz/db/rest/services/UZKAD/MAHALLA_UZKAD_DB16/FeatureServer/0,EPSG:4326,2026-03-14..2026-08-27,"Cabinet of Ministers Resolution No. 48, 04.03.2014, art. 26-30",https://www.lex.uz/uz/docs/-2349371,2026-09-18,A,NULL
1726264002,1726264002,1726264002,Majnuntol,NULL,NULL,NULL,Majnuntol mahalla fuqarolar yigʻini,NULL,NULL,Mahalla fuqarolar yigʻini (MFY),1726264,Bektemir tumani,Бектемирский район,Toshkent shahri,CURRENT / ACTIVE,Kadastr agentligi (Etirof) official MFY register,https://api-etirof.kadastr.uz/api/v1/commons/selects/neighborhoods,NULL,NULL,NULL,NULL,NO,NO,UNKNOWN,NULL,NULL,NULL,NULL,"Cabinet of Ministers Resolution No. 48, 04.03.2014, art. 26-30",https://www.lex.uz/uz/docs/-2349371,2026-09-18,A,Name and code OFFICIAL; polygon not present in the public cadastre mahalla layer as of 2026-09-18
1726264003,1726264003,1726264003,Rohat,NULL,NULL,NULL,Rohat mahalla fuqarolar yigʻini,NULL,NULL,Mahalla fuqarolar yigʻini (MFY),1726264,Bektemir tumani,Бектемирский район,Toshkent shahri,CURRENT / ACTIVE,Kadastr agentligi (Etirof) official MFY register,https://api-etirof.kadastr.uz/api/v1/commons/selects/neighborhoods,29.1,28.62,41.25338,69.37905,YES,YES,OFFICIAL,Kadastr agentligi - open.ngis.uz UZKAD/MAHALLA_UZKAD_DB16,https://db.ngis.uz/db/rest/services/UZKAD/MAHALLA_UZKAD_DB16/FeatureServer/0,EPSG:4326,2026-03-14..2026-08-27,"Cabinet of Ministers Resolution No. 48, 04.03.2014, art. 26-30",https://www.lex.uz/uz/docs/-2349371,2026-09-18,A,NULL
1726264004,1726264004,1726264004,Zabardast,NULL,NULL,NULL,Zabardast mahalla fuqarolar yigʻini,NULL,NULL,Mahalla fuqarolar yigʻini (MFY),1726264,Bektemir tumani,Бектемирский район,Toshkent shahri,CURRENT / ACTIVE,Kadastr agentligi (Etirof) official MFY register,https://api-etirof.kadastr.uz/api/v1/commons/selects/neighborhoods,206.59,205.97,41.21467,69.34202,YES,YES,OFFICIAL,Kadastr agentligi - open.ngis.uz UZKAD/MAHALLA_UZKAD_DB16,https://db.ngis.uz/db/rest/services/UZKAD/MAHALLA_UZKAD_DB16/FeatureServer/0,EPSG:4326,2026-03-14..2026-08-27,"Cabinet of Ministers Resolution No. 48, 04.03.2014, art. 26-30",https://www.lex.uz/uz/docs/-2349371,2026-09-18,A,NULL
1726264005,1726264005,1726264005,Sohil,NULL,NULL,NULL,Sohil mahalla fuqarolar yigʻini,NULL,NULL,Mahalla fuqarolar yigʻini (MFY),1726264,Bektemir tumani,Бектемирский район,Toshkent shahri,CURRENT / ACTIVE,Kadastr agentligi (Etirof) official MFY register,https://api-etirof.kadastr.uz/api/v1/commons/selects/neighborhoods,39.73,39.56,41.22178,69.33148,YES,YES,OFFICIAL,Kadastr agentligi - open.ngis.uz UZKAD/MAHALLA_UZKAD_DB16,https://db.ngis.uz/db/rest/services/UZKAD/MAHALLA_UZKAD_DB16/FeatureServer/0,EPSG:4326,2026-03-14..2026-08-27,"Cabinet of Ministers Resolution No. 48, 04.03.2014, art. 26-30",https://www.lex.uz/uz/docs/-2349371,2026-09-18,A,NULL
1726264006,1726264006,1726264006,Iyk ota,NULL,NULL,NULL,Iyk ota mahalla fuqarolar yigʻini,NULL,NULL,Mahalla fuqarolar yigʻini (MFY),1726264,Bektemir tumani,Бектемирский район,Toshkent shahri,CURRENT / ACTIVE,Kadastr agentligi (Etirof) official MFY register,https://api-etirof.kadastr.uz/api/v1/commons/selects/neighborhoods,NULL,NULL,NULL,NULL,NO,NO,UNKNOWN,NULL,NULL,NULL,NULL,"Cabinet of Ministers Resolution No. 48, 04.03.2014, art. 26-30",https://www.lex.uz/uz/docs/-2349371,2026-09-18,A,Name and code OFFICIAL; polygon not present in the public cadastre mahalla layer as of 2026-09-18
1726264007,1726264007,1726264007,Zilola,NULL,NULL,NULL,Zilola mahalla fuqarolar yigʻini,NULL,NULL,Mahalla fuqarolar yigʻini (MFY),1726264,Bektemir tumani,Бектемирский район,Toshkent shahri,CURRENT / ACTIVE,Kadastr agentligi (Etirof) official MFY register,https://api-etirof.kadastr.uz/api/v1/commons/selects/neighborhoods,20.94,21.07,41.25093,69.37391,YES,YES,OFFICIAL,Kadastr agentligi - open.ngis.uz UZKAD/MAHALLA_UZKAD_DB16,https://db.ngis.uz/db/rest/services/UZKAD/MAHALLA_UZKAD_DB16/FeatureServer/0,EPSG:4326,2026-03-14..2026-08-27,"Cabinet of Ministers Resolution No. 48, 04.03.2014, art. 26-30",https://www.lex.uz/uz/docs/-2349371,2026-09-18,A,NULL
1726264008,1726264008,1726264008,Iqbol,NULL,NULL,NULL,Iqbol mahalla fuqarolar yigʻini,NULL,NULL,Mahalla fuqarolar yigʻini (MFY),1726264,Bektemir tumani,Бектемирский район,Toshkent shahri,CURRENT / ACTIVE,Kadastr agentligi (Etirof) official MFY register,https://api-etirof.kadastr.uz/api/v1/commons/selects/neighborhoods,31.54,31.4,41.24699,69.36924,YES,YES,OFFICIAL,Kadastr agentligi - open.ngis.uz UZKAD/MAHALLA_UZKAD_DB16,https://db.ngis.uz/db/rest/services/UZKAD/MAHALLA_UZKAD_DB16/FeatureServer/0,EPSG:4326,2026-03-14..2026-08-27,"Cabinet of Ministers Resolution No. 48, 04.03.2014, art. 26-30",https://www.lex.uz/uz/docs/-2349371,2026-09-18,A,NULL
1726264009,1726264009,1726264009,Chashma,NULL,NULL,NULL,Chashma mahalla fuqarolar yigʻini,NULL,NULL,Mahalla fuqarolar yigʻini (MFY),1726264,Bektemir tumani,Бектемирский район,Toshkent shahri,CURRENT / ACTIVE,Kadastr agentligi (Etirof) official MFY register,https://api-etirof.kadastr.uz/api/v1/commons/selects/neighborhoods,10.38,10.24,41.24779,69.3693,YES,YES,OFFICIAL,Kadastr agentligi - open.ngis.uz UZKAD/MAHALLA_UZKAD_DB16,https://db.ngis.uz/db/rest/services/UZKAD/MAHALLA_UZKAD_DB16/FeatureServer/0,EPSG:4326,2026-03-14..2026-08-27,"Cabinet of Ministers Resolution No. 48, 04.03.2014, art. 26-30",https://www.lex.uz/uz/docs/-2349371,2026-09-18,A,NULL
1726264010,1726264010,1726264010,Gulbogʻ,NULL,NULL,NULL,Gulbogʻ mahalla fuqarolar yigʻini,NULL,NULL,Mahalla fuqarolar yigʻini (MFY),1726264,Bektemir tumani,Бектемирский район,Toshkent shahri,CURRENT / ACTIVE,Kadastr agentligi (Etirof) official MFY register,https://api-etirof.kadastr.uz/api/v1/commons/selects/neighborhoods,256.97,256.81,41.22791,69.35876,YES,YES,OFFICIAL,Kadastr agentligi - open.ngis.uz UZKAD/MAHALLA_UZKAD_DB16,https://db.ngis.uz/db/rest/services/UZKAD/MAHALLA_UZKAD_DB16/FeatureServer/0,EPSG:4326,2026-03-14..2026-08-27,"Cabinet of Ministers Resolution No. 48, 04.03.2014, art. 26-30",https://www.lex.uz/uz/docs/-2349371,2026-09-18,A,NULL
1726264011,1726264011,1726264011,Bektemir,NULL,NULL,NULL,Bektemir mahalla fuqarolar yigʻini,NULL,NULL,Mahalla fuqarolar yigʻini (MFY),1726264,Bektemir tumani,Бектемирский район,Toshkent shahri,CURRENT / ACTIVE,Kadastr agentligi (Etirof) official MFY register,https://api-etirof.kadastr.uz/api/v1/commons/selects/neighborhoods,NULL,NULL,NULL,NULL,NO,NO,UNKNOWN,NULL,NULL,NULL,NULL,"Cabinet of Ministers Resolution No. 48, 04.03.2014, art. 26-30",https://www.lex.uz/uz/docs/-2349371,2026-09-18,A,Name and code OFFICIAL; polygon not present in the public cadastre mahalla layer as of 2026-09-18
1726264012,1726264012,1726264012,Abay,NULL,NULL,NULL,Abay mahalla fuqarolar yigʻini,NULL,NULL,Mahalla fuqarolar yigʻini (MFY),1726264,Bektemir tumani,Бектемирский район,Toshkent shahri,CURRENT / ACTIVE,Kadastr agentligi (Etirof) official MFY register,https://api-etirof.kadastr.uz/api/v1/commons/selects/neighborhoods,137.1,137.01,41.24047,69.35578,YES,YES,OFFICIAL,Kadastr agentligi - open.ngis.uz UZKAD/MAHALLA_UZKAD_DB16,https://db.ngis.uz/db/rest/services/UZKAD/MAHALLA_UZKAD_DB16/FeatureServer/0,EPSG:4326,2026-03-14..2026-08-27,"Cabinet of Ministers Resolution No. 48, 04.03.2014, art. 26-30",https://www.lex.uz/uz/docs/-2349371,2026-09-18,A,NULL
1726264013,1726264013,1726264013,Husayn Boyqaro,NULL,NULL,NULL,Husayn Boyqaro mahalla fuqarolar yigʻini,NULL,NULL,Mahalla fuqarolar yigʻini (MFY),1726264,Bektemir tumani,Бектемирский район,Toshkent shahri,CURRENT / ACTIVE,Kadastr agentligi (Etirof) official MFY register,https://api-etirof.kadastr.uz/api/v1/commons/selects/neighborhoods,90.82,90.52,41.23557,69.34676,YES,YES,OFFICIAL,Kadastr agentligi - open.ngis.uz UZKAD/MAHALLA_UZKAD_DB16,https://db.ngis.uz/db/rest/services/UZKAD/MAHALLA_UZKAD_DB16/FeatureServer/0,EPSG:4326,2026-03-14..2026-08-27,"Cabinet of Ministers Resolution No. 48, 04.03.2014, art. 26-30",https://www.lex.uz/uz/docs/-2349371,2026-09-18,A,NULL
1726264014,1726264014,1726264014,Nurli yo'l,NULL,NULL,NULL,Nurli yo'l mahalla fuqarolar yigʻini,NULL,NULL,Mahalla fuqarolar yigʻini (MFY),1726264,Bektemir tumani,Бектемирский район,Toshkent shahri,CURRENT / ACTIVE,Kadastr agentligi (Etirof) official MFY register,https://api-etirof.kadastr.uz/api/v1/commons/selects/neighborhoods,580.25,579.46,41.20329,69.31769,YES,YES,OFFICIAL,Kadastr agentligi - open.ngis.uz UZKAD/MAHALLA_UZKAD_DB16,https://db.ngis.uz/db/rest/services/UZKAD/MAHALLA_UZKAD_DB16/FeatureServer/0,EPSG:4326,2026-03-14..2026-08-27,"Cabinet of Ministers Resolution No. 48, 04.03.2014, art. 26-30",https://www.lex.uz/uz/docs/-2349371,2026-09-18,A,NULL
1726264015,1726264015,1726264015,Musaffo,NULL,NULL,NULL,Musaffo mahalla fuqarolar yigʻini,NULL,NULL,Mahalla fuqarolar yigʻini (MFY),1726264,Bektemir tumani,Бектемирский район,Toshkent shahri,CURRENT / ACTIVE,Kadastr agentligi (Etirof) official MFY register,https://api-etirof.kadastr.uz/api/v1/commons/selects/neighborhoods,NULL,NULL,NULL,NULL,NO,NO,UNKNOWN,NULL,NULL,NULL,NULL,"Cabinet of Ministers Resolution No. 48, 04.03.2014, art. 26-30",https://www.lex.uz/uz/docs/-2349371,2026-09-18,A,Name and code OFFICIAL; polygon not present in the public cadastre mahalla layer as of 2026-09-18
1726264016,1726264016,1726264016,Ustozlar,NULL,NULL,NULL,Ustozlar mahalla fuqarolar yigʻini,NULL,NULL,Mahalla fuqarolar yigʻini (MFY),1726264,Bektemir tumani,Бектемирский район,Toshkent shahri,CURRENT / ACTIVE,Kadastr agentligi (Etirof) official MFY register,https://api-etirof.kadastr.uz/api/v1/commons/selects/neighborhoods,77.56,77.4,41.22376,69.34009,YES,YES,OFFICIAL,Kadastr agentligi - open.ngis.uz UZKAD/MAHALLA_UZKAD_DB16,https://db.ngis.uz/db/rest/services/UZKAD/MAHALLA_UZKAD_DB16/FeatureServer/0,EPSG:4326,2026-03-14..2026-08-27,"Cabinet of Ministers Resolution No. 48, 04.03.2014, art. 26-30",https://www.lex.uz/uz/docs/-2349371,2026-09-18,A,NULL
1726264017,1726264017,1726264017,Nurafshon,NULL,NULL,NULL,Nurafshon mahalla fuqarolar yigʻini,NULL,NULL,Mahalla fuqarolar yigʻini (MFY),1726264,Bektemir tumani,Бектемирский район,Toshkent shahri,CURRENT / ACTIVE,Kadastr agentligi (Etirof) official MFY register,https://api-etirof.kadastr.uz/api/v1/commons/selects/neighborhoods,407.17,407.67,41.23114,69.31724,YES,YES,OFFICIAL,Kadastr agentligi - open.ngis.uz UZKAD/MAHALLA_UZKAD_DB16,https://db.ngis.uz/db/rest/services/UZKAD/MAHALLA_UZKAD_DB16/FeatureServer/0,EPSG:4326,2026-03-14..2026-08-27,"Cabinet of Ministers Resolution No. 48, 04.03.2014, art. 26-30",https://www.lex.uz/uz/docs/-2349371,2026-09-18,A,NULL
1726264018,1726264018,1726264018,Oltintopgan,NULL,NULL,NULL,Oltintopgan mahalla fuqarolar yigʻini,NULL,NULL,Mahalla fuqarolar yigʻini (MFY),1726264,Bektemir tumani,Бектемирский район,Toshkent shahri,CURRENT / ACTIVE,Kadastr agentligi (Etirof) official MFY register,https://api-etirof.kadastr.uz/api/v1/commons/selects/neighborhoods,NULL,NULL,NULL,NULL,NO,NO,UNKNOWN,NULL,NULL,NULL,NULL,"Cabinet of Ministers Resolution No. 48, 04.03.2014, art. 26-30",https://www.lex.uz/uz/docs/-2349371,2026-09-18,A,Name and code OFFICIAL; polygon not present in the public cadastre mahalla layer as of 2026-09-18
1726266001,1726266001,1726266001,Astrobod,NULL,NULL,NULL,Astrobod mahalla fuqarolar yigʻini,NULL,NULL,Mahalla fuqarolar yigʻini (MFY),1726266,Yunusobod tumani,Юнусабадский район,Toshkent shahri,CURRENT / ACTIVE,Kadastr agentligi (Etirof) official MFY register,https://api-etirof.kadastr.uz/api/v1/commons/selects/neighborhoods,39.35,39.36,41.37158,69.26995,YES,YES,OFFICIAL,Kadastr agentligi - open.ngis.uz UZKAD/MAHALLA_UZKAD_DB16,https://db.ngis.uz/db/rest/services/UZKAD/MAHALLA_UZKAD_DB16/FeatureServer/0,EPSG:4326,2026-03-14..2026-08-27,"Cabinet of Ministers Resolution No. 48, 04.03.2014, art. 26-30",https://www.lex.uz/uz/docs/-2349371,2026-09-18,A,NULL
1726266002,1726266002,1726266002,Bogʻishamol,NULL,NULL,NULL,Bogʻishamol mahalla fuqarolar yigʻini,NULL,NULL,Mahalla fuqarolar yigʻini (MFY),1726266,Yunusobod tumani,Юнусабадский район,Toshkent shahri,CURRENT / ACTIVE,Kadastr agentligi (Etirof) official MFY register,https://api-etirof.kadastr.uz/api/v1/commons/selects/neighborhoods,34.52,34.87,41.36796,69.28931,YES,YES,OFFICIAL,Kadastr agentligi - open.ngis.uz UZKAD/MAHALLA_UZKAD_DB16,https://db.ngis.uz/db/rest/services/UZKAD/MAHALLA_UZKAD_DB16/FeatureServer/0,EPSG:4326,2026-03-14..2026-08-27,"Cabinet of Ministers Resolution No. 48, 04.03.2014, art. 26-30",https://www.lex.uz/uz/docs/-2349371,2026-09-18,A,NULL
1726266003,1726266003,1726266003,Bogʻi eram,NULL,NULL,NULL,Bogʻi eram mahalla fuqarolar yigʻini,NULL,NULL,Mahalla fuqarolar yigʻini (MFY),1726266,Yunusobod tumani,Юнусабадский район,Toshkent shahri,CURRENT / ACTIVE,Kadastr agentligi (Etirof) official MFY register,https://api-etirof.kadastr.uz/api/v1/commons/selects/neighborhoods,21.36,21.26,41.3721,69.29058,YES,YES,OFFICIAL,Kadastr agentligi - open.ngis.uz UZKAD/MAHALLA_UZKAD_DB16,https://db.ngis.uz/db/rest/services/UZKAD/MAHALLA_UZKAD_DB16/FeatureServer/0,EPSG:4326,2026-03-14..2026-08-27,"Cabinet of Ministers Resolution No. 48, 04.03.2014, art. 26-30",https://www.lex.uz/uz/docs/-2349371,2026-09-18,A,NULL
1726266004,1726266004,1726266004,Islomobod,NULL,NULL,NULL,Islomobod mahalla fuqarolar yigʻini,NULL,NULL,Mahalla fuqarolar yigʻini (MFY),1726266,Yunusobod tumani,Юнусабадский район,Toshkent shahri,CURRENT / ACTIVE,Kadastr agentligi (Etirof) official MFY register,https://api-etirof.kadastr.uz/api/v1/commons/selects/neighborhoods,116.44,116.59,41.38346,69.27444,YES,YES,OFFICIAL,Kadastr agentligi - open.ngis.uz UZKAD/MAHALLA_UZKAD_DB16,https://db.ngis.uz/db/rest/services/UZKAD/MAHALLA_UZKAD_DB16/FeatureServer/0,EPSG:4326,2026-03-14..2026-08-27,"Cabinet of Ministers Resolution No. 48, 04.03.2014, art. 26-30",https://www.lex.uz/uz/docs/-2349371,2026-09-18,A,NULL
1726266005,1726266005,1726266005,Yoʻlayriq,NULL,NULL,NULL,Yoʻlayriq mahalla fuqarolar yigʻini,NULL,NULL,Mahalla fuqarolar yigʻini (MFY),1726266,Yunusobod tumani,Юнусабадский район,Toshkent shahri,CURRENT / ACTIVE,Kadastr agentligi (Etirof) official MFY register,https://api-etirof.kadastr.uz/api/v1/commons/selects/neighborhoods,48.83,48.74,41.37582,69.28546,YES,YES,OFFICIAL,Kadastr agentligi - open.ngis.uz UZKAD/MAHALLA_UZKAD_DB16,https://db.ngis.uz/db/rest/services/UZKAD/MAHALLA_UZKAD_DB16/FeatureServer/0,EPSG:4326,2026-03-14..2026-08-27,"Cabinet of Ministers Resolution No. 48, 04.03.2014, art. 26-30",https://www.lex.uz/uz/docs/-2349371,2026-09-18,A,NULL
1726266006,1726266006,1726266006,Kulolqoʻrgʻon,NULL,NULL,NULL,Kulolqoʻrgʻon mahalla fuqarolar yigʻini,NULL,NULL,Mahalla fuqarolar yigʻini (MFY),1726266,Yunusobod tumani,Юнусабадский район,Toshkent shahri,CURRENT / ACTIVE,Kadastr agentligi (Etirof) official MFY register,https://api-etirof.kadastr.uz/api/v1/commons/selects/neighborhoods,43.87,43.61,41.37781,69.29171,YES,YES,OFFICIAL,Kadastr agentligi - open.ngis.uz UZKAD/MAHALLA_UZKAD_DB16,https://db.ngis.uz/db/rest/services/UZKAD/MAHALLA_UZKAD_DB16/FeatureServer/0,EPSG:4326,2026-03-14..2026-08-27,"Cabinet of Ministers Resolution No. 48, 04.03.2014, art. 26-30",https://www.lex.uz/uz/docs/-2349371,2026-09-18,A,NULL
1726266007,1726266007,1726266007,Katta Xasanboy,NULL,NULL,NULL,Katta Xasanboy mahalla fuqarolar yigʻini,NULL,NULL,Mahalla fuqarolar yigʻini (MFY),1726266,Yunusobod tumani,Юнусабадский район,Toshkent shahri,CURRENT / ACTIVE,Kadastr agentligi (Etirof) official MFY register,https://api-etirof.kadastr.uz/api/v1/commons/selects/neighborhoods,166.09,166.14,41.39238,69.23959,YES,YES,OFFICIAL,Kadastr agentligi - open.ngis.uz UZKAD/MAHALLA_UZKAD_DB16,https://db.ngis.uz/db/rest/services/UZKAD/MAHALLA_UZKAD_DB16/FeatureServer/0,EPSG:4326,2026-03-14..2026-08-27,"Cabinet of Ministers Resolution No. 48, 04.03.2014, art. 26-30",https://www.lex.uz/uz/docs/-2349371,2026-09-18,A,NULL
1726266008,1726266008,1726266008,Mingchinor,NULL,NULL,NULL,Mingchinor mahalla fuqarolar yigʻini,NULL,NULL,Mahalla fuqarolar yigʻini (MFY),1726266,Yunusobod tumani,Юнусабадский район,Toshkent shahri,CURRENT / ACTIVE,Kadastr agentligi (Etirof) official MFY register,https://api-etirof.kadastr.uz/api/v1/commons/selects/neighborhoods,20.01,20.05,41.36993,69.28285,YES,YES,OFFICIAL,Kadastr agentligi - open.ngis.uz UZKAD/MAHALLA_UZKAD_DB16,https://db.ngis.uz/db/rest/services/UZKAD/MAHALLA_UZKAD_DB16/FeatureServer/0,EPSG:4326,2026-03-14..2026-08-27,"Cabinet of Ministers Resolution No. 48, 04.03.2014, art. 26-30",https://www.lex.uz/uz/docs/-2349371,2026-09-18,A,NULL
1726266009,1726266009,1726266009,Sobirobod,NULL,NULL,NULL,Sobirobod mahalla fuqarolar yigʻini,NULL,NULL,Mahalla fuqarolar yigʻini (MFY),1726266,Yunusobod tumani,Юнусабадский район,Toshkent shahri,CURRENT / ACTIVE,Kadastr agentligi (Etirof) official MFY register,https://api-etirof.kadastr.uz/api/v1/commons/selects/neighborhoods,NULL,NULL,NULL,NULL,NO,NO,UNKNOWN,NULL,NULL,NULL,NULL,"Cabinet of Ministers Resolution No. 48, 04.03.2014, art. 26-30",https://www.lex.uz/uz/docs/-2349371,2026-09-18,A,Name and code OFFICIAL; polygon not present in the public cadastre mahalla layer as of 2026-09-18
1726266010,1726266010,1726266010,Nurmakon,NULL,NULL,NULL,Nurmakon mahalla fuqarolar yigʻini,NULL,NULL,Mahalla fuqarolar yigʻini (MFY),1726266,Yunusobod tumani,Юнусабадский район,Toshkent shahri,CURRENT / ACTIVE,Kadastr agentligi (Etirof) official MFY register,https://api-etirof.kadastr.uz/api/v1/commons/selects/neighborhoods,18.96,19.02,41.37295,69.2791,YES,YES,OFFICIAL,Kadastr agentligi - open.ngis.uz UZKAD/MAHALLA_UZKAD_DB16,https://db.ngis.uz/db/rest/services/UZKAD/MAHALLA_UZKAD_DB16/FeatureServer/0,EPSG:4326,2026-03-14..2026-08-27,"Cabinet of Ministers Resolution No. 48, 04.03.2014, art. 26-30",https://www.lex.uz/uz/docs/-2349371,2026-09-18,A,NULL
1726266011,1726266011,1726266011,Tiklanish,NULL,NULL,NULL,Tiklanish mahalla fuqarolar yigʻini,NULL,NULL,Mahalla fuqarolar yigʻini (MFY),1726266,Yunusobod tumani,Юнусабадский район,Toshkent shahri,CURRENT / ACTIVE,Kadastr agentligi (Etirof) official MFY register,https://api-etirof.kadastr.uz/api/v1/commons/selects/neighborhoods,NULL,NULL,NULL,NULL,NO,NO,UNKNOWN,NULL,NULL,NULL,NULL,"Cabinet of Ministers Resolution No. 48, 04.03.2014, art. 26-30",https://www.lex.uz/uz/docs/-2349371,2026-09-18,A,Name and code OFFICIAL; polygon not present in the public cadastre mahalla layer as of 2026-09-18
1726266012,1726266012,1726266012,Uch-Qaxramon,NULL,NULL,NULL,Uch-Qaxramon mahalla fuqarolar yigʻini,NULL,NULL,Mahalla fuqarolar yigʻini (MFY),1726266,Yunusobod tumani,Юнусабадский район,Toshkent shahri,CURRENT / ACTIVE,Kadastr agentligi (Etirof) official MFY register,https://api-etirof.kadastr.uz/api/v1/commons/selects/neighborhoods,NULL,NULL,NULL,NULL,NO,NO,UNKNOWN,NULL,NULL,NULL,NULL,"Cabinet of Ministers Resolution No. 48, 04.03.2014, art. 26-30",https://www.lex.uz/uz/docs/-2349371,2026-09-18,A,Name and code OFFICIAL; polygon not present in the public cadastre mahalla layer as of 2026-09-18
1726266013,1726266013,1726266013,Xasanboy,NULL,NULL,NULL,Xasanboy mahalla fuqarolar yigʻini,NULL,NULL,Mahalla fuqarolar yigʻini (MFY),1726266,Yunusobod tumani,Юнусабадский район,Toshkent shahri,CURRENT / ACTIVE,Kadastr agentligi (Etirof) official MFY register,https://api-etirof.kadastr.uz/api/v1/commons/selects/neighborhoods,163.48,163.73,41.38684,69.26113,YES,YES,OFFICIAL,Kadastr agentligi - open.ngis.uz UZKAD/MAHALLA_UZKAD_DB16,https://db.ngis.uz/db/rest/services/UZKAD/MAHALLA_UZKAD_DB16/FeatureServer/0,EPSG:4326,2026-03-14..2026-08-27,"Cabinet of Ministers Resolution No. 48, 04.03.2014, art. 26-30",https://www.lex.uz/uz/docs/-2349371,2026-09-18,A,NULL
1726266014,1726266014,1726266014,Xamkorobod,NULL,NULL,NULL,Xamkorobod mahalla fuqarolar yigʻini,NULL,NULL,Mahalla fuqarolar yigʻini (MFY),1726266,Yunusobod tumani,Юнусабадский район,Toshkent shahri,CURRENT / ACTIVE,Kadastr agentligi (Etirof) official MFY register,https://api-etirof.kadastr.uz/api/v1/commons/selects/neighborhoods,NULL,NULL,NULL,NULL,NO,NO,UNKNOWN,NULL,NULL,NULL,NULL,"Cabinet of Ministers Resolution No. 48, 04.03.2014, art. 26-30",https://www.lex.uz/uz/docs/-2349371,2026-09-18,A,Name and code OFFICIAL; polygon not present in the public cadastre mahalla layer as of 2026-09-18
1726266015,1726266015,1726266015,Sharq xaqiqati,NULL,NULL,NULL,Sharq xaqiqati mahalla fuqarolar yigʻini,NULL,NULL,Mahalla fuqarolar yigʻini (MFY),1726266,Yunusobod tumani,Юнусабадский район,Toshkent shahri,CURRENT / ACTIVE,Kadastr agentligi (Etirof) official MFY register,https://api-etirof.kadastr.uz/api/v1/commons/selects/neighborhoods,NULL,NULL,NULL,NULL,NO,NO,UNKNOWN,NULL,NULL,NULL,NULL,"Cabinet of Ministers Resolution No. 48, 04.03.2014, art. 26-30",https://www.lex.uz/uz/docs/-2349371,2026-09-18,A,Name and code OFFICIAL; polygon not present in the public cadastre mahalla layer as of 2026-09-18
1726266016,1726266016,1726266016,Barhayot,NULL,NULL,NULL,Barhayot mahalla fuqarolar yigʻini,NULL,NULL,Mahalla fuqarolar yigʻini (MFY),1726266,Yunusobod tumani,Юнусабадский район,Toshkent shahri,CURRENT / ACTIVE,Kadastr agentligi (Etirof) official MFY register,https://api-etirof.kadastr.uz/api/v1/commons/selects/neighborhoods,26.87,26.87,41.38025,69.29443,YES,YES,OFFICIAL,Kadastr agentligi - open.ngis.uz UZKAD/MAHALLA_UZKAD_DB16,https://db.ngis.uz/db/rest/services/UZKAD/MAHALLA_UZKAD_DB16/FeatureServer/0,EPSG:4326,2026-03-14..2026-08-27,"Cabinet of Ministers Resolution No. 48, 04.03.2014, art. 26-30",https://www.lex.uz/uz/docs/-2349371,2026-09-18,A,NULL
1726266017,1726266017,1726266017,Xalqabogʻ,NULL,NULL,NULL,Xalqabogʻ mahalla fuqarolar yigʻini,NULL,NULL,Mahalla fuqarolar yigʻini (MFY),1726266,Yunusobod tumani,Юнусабадский район,Toshkent shahri,CURRENT / ACTIVE,Kadastr agentligi (Etirof) official MFY register,https://api-etirof.kadastr.uz/api/v1/commons/selects/neighborhoods,NULL,NULL,NULL,NULL,NO,NO,UNKNOWN,NULL,NULL,NULL,NULL,"Cabinet of Ministers Resolution No. 48, 04.03.2014, art. 26-30",https://www.lex.uz/uz/docs/-2349371,2026-09-18,A,Name and code OFFICIAL; polygon not present in the public cadastre mahalla layer as of 2026-09-18
1726266018,1726266018,1726266018,Turkiston,NULL,NULL,NULL,Turkiston mahalla fuqarolar yigʻini,NULL,NULL,Mahalla fuqarolar yigʻini (MFY),1726266,Yunusobod tumani,Юнусабадский район,Toshkent shahri,CURRENT / ACTIVE,Kadastr agentligi (Etirof) official MFY register,https://api-etirof.kadastr.uz/api/v1/commons/selects/neighborhoods,NULL,NULL,NULL,NULL,NO,NO,UNKNOWN,NULL,NULL,NULL,NULL,"Cabinet of Ministers Resolution No. 48, 04.03.2014, art. 26-30",https://www.lex.uz/uz/docs/-2349371,2026-09-18,A,Name and code OFFICIAL; polygon not present in the public cadastre mahalla layer as of 2026-09-18
1726266019,1726266019,1726266019,Axilobod,NULL,NULL,NULL,Axilobod mahalla fuqarolar yigʻini,NULL,NULL,Mahalla fuqarolar yigʻini (MFY),1726266,Yunusobod tumani,Юнусабадский район,Toshkent shahri,CURRENT / ACTIVE,Kadastr agentligi (Etirof) official MFY register,https://api-etirof.kadastr.uz/api/v1/commons/selects/neighborhoods,33.48,33.42,41.36716,69.29953,YES,YES,OFFICIAL,Kadastr agentligi - open.ngis.uz UZKAD/MAHALLA_UZKAD_DB16,https://db.ngis.uz/db/rest/services/UZKAD/MAHALLA_UZKAD_DB16/FeatureServer/0,EPSG:4326,2026-03-14..2026-08-27,"Cabinet of Ministers Resolution No. 48, 04.03.2014, art. 26-30",https://www.lex.uz/uz/docs/-2349371,2026-09-18,A,NULL
1726266020,1726266020,1726266020,Axmad donish,NULL,NULL,NULL,Axmad donish mahalla fuqarolar yigʻini,NULL,NULL,Mahalla fuqarolar yigʻini (MFY),1726266,Yunusobod tumani,Юнусабадский район,Toshkent shahri,CURRENT / ACTIVE,Kadastr agentligi (Etirof) official MFY register,https://api-etirof.kadastr.uz/api/v1/commons/selects/neighborhoods,18.4,18.38,41.37687,69.30029,YES,YES,OFFICIAL,Kadastr agentligi - open.ngis.uz UZKAD/MAHALLA_UZKAD_DB16,https://db.ngis.uz/db/rest/services/UZKAD/MAHALLA_UZKAD_DB16/FeatureServer/0,EPSG:4326,2026-03-14..2026-08-27,"Cabinet of Ministers Resolution No. 48, 04.03.2014, art. 26-30",https://www.lex.uz/uz/docs/-2349371,2026-09-18,A,NULL
1726266021,1726266021,1726266021,Begʻubor,NULL,NULL,NULL,Begʻubor mahalla fuqarolar yigʻini,NULL,NULL,Mahalla fuqarolar yigʻini (MFY),1726266,Yunusobod tumani,Юнусабадский район,Toshkent shahri,CURRENT / ACTIVE,Kadastr agentligi (Etirof) official MFY register,https://api-etirof.kadastr.uz/api/v1/commons/selects/neighborhoods,21.93,21.96,41.37049,69.31679,YES,YES,OFFICIAL,Kadastr agentligi - open.ngis.uz UZKAD/MAHALLA_UZKAD_DB16,https://db.ngis.uz/db/rest/services/UZKAD/MAHALLA_UZKAD_DB16/FeatureServer/0,EPSG:4326,2026-03-14..2026-08-27,"Cabinet of Ministers Resolution No. 48, 04.03.2014, art. 26-30",https://www.lex.uz/uz/docs/-2349371,2026-09-18,A,NULL
1726266022,1726266022,1726266022,Bobodehqon,NULL,NULL,NULL,Bobodehqon mahalla fuqarolar yigʻini,NULL,NULL,Mahalla fuqarolar yigʻini (MFY),1726266,Yunusobod tumani,Юнусабадский район,Toshkent shahri,CURRENT / ACTIVE,Kadastr agentligi (Etirof) official MFY register,https://api-etirof.kadastr.uz/api/v1/commons/selects/neighborhoods,115.04,114.66,41.38041,69.31032,YES,YES,OFFICIAL,Kadastr agentligi - open.ngis.uz UZKAD/MAHALLA_UZKAD_DB16,https://db.ngis.uz/db/rest/services/UZKAD/MAHALLA_UZKAD_DB16/FeatureServer/0,EPSG:4326,2026-03-14..2026-08-27,"Cabinet of Ministers Resolution No. 48, 04.03.2014, art. 26-30",https://www.lex.uz/uz/docs/-2349371,2026-09-18,A,NULL
1726266023,1726266023,1726266023,Mehnatobod,NULL,NULL,NULL,Mehnatobod mahalla fuqarolar yigʻini,NULL,NULL,Mahalla fuqarolar yigʻini (MFY),1726266,Yunusobod tumani,Юнусабадский район,Toshkent shahri,CURRENT / ACTIVE,Kadastr agentligi (Etirof) official MFY register,https://api-etirof.kadastr.uz/api/v1/commons/selects/neighborhoods,23.99,23.99,41.3692,69.31875,YES,YES,OFFICIAL,Kadastr agentligi - open.ngis.uz UZKAD/MAHALLA_UZKAD_DB16,https://db.ngis.uz/db/rest/services/UZKAD/MAHALLA_UZKAD_DB16/FeatureServer/0,EPSG:4326,2026-03-14..2026-08-27,"Cabinet of Ministers Resolution No. 48, 04.03.2014, art. 26-30",https://www.lex.uz/uz/docs/-2349371,2026-09-18,A,NULL
1726266024,1726266024,1726266024,Murruvat,NULL,NULL,NULL,Murruvat mahalla fuqarolar yigʻini,NULL,NULL,Mahalla fuqarolar yigʻini (MFY),1726266,Yunusobod tumani,Юнусабадский район,Toshkent shahri,CURRENT / ACTIVE,Kadastr agentligi (Etirof) official MFY register,https://api-etirof.kadastr.uz/api/v1/commons/selects/neighborhoods,16.59,16.6,41.37911,69.29832,YES,YES,OFFICIAL,Kadastr agentligi - open.ngis.uz UZKAD/MAHALLA_UZKAD_DB16,https://db.ngis.uz/db/rest/services/UZKAD/MAHALLA_UZKAD_DB16/FeatureServer/0,EPSG:4326,2026-03-14..2026-08-27,"Cabinet of Ministers Resolution No. 48, 04.03.2014, art. 26-30",https://www.lex.uz/uz/docs/-2349371,2026-09-18,A,NULL
1726266025,1726266025,1726266025,Oqtepa,NULL,NULL,NULL,Oqtepa mahalla fuqarolar yigʻini,NULL,NULL,Mahalla fuqarolar yigʻini (MFY),1726266,Yunusobod tumani,Юнусабадский район,Toshkent shahri,CURRENT / ACTIVE,Kadastr agentligi (Etirof) official MFY register,https://api-etirof.kadastr.uz/api/v1/commons/selects/neighborhoods,158.09,158.02,41.36325,69.31865,YES,YES,OFFICIAL,Kadastr agentligi - open.ngis.uz UZKAD/MAHALLA_UZKAD_DB16,https://db.ngis.uz/db/rest/services/UZKAD/MAHALLA_UZKAD_DB16/FeatureServer/0,EPSG:4326,2026-03-14..2026-08-27,"Cabinet of Ministers Resolution No. 48, 04.03.2014, art. 26-30",https://www.lex.uz/uz/docs/-2349371,2026-09-18,A,NULL
1726266026,1726266026,1726266026,Sevinch,NULL,NULL,NULL,Sevinch mahalla fuqarolar yigʻini,NULL,NULL,Mahalla fuqarolar yigʻini (MFY),1726266,Yunusobod tumani,Юнусабадский район,Toshkent shahri,CURRENT / ACTIVE,Kadastr agentligi (Etirof) official MFY register,https://api-etirof.kadastr.uz/api/v1/commons/selects/neighborhoods,NULL,NULL,NULL,NULL,NO,NO,UNKNOWN,NULL,NULL,NULL,NULL,"Cabinet of Ministers Resolution No. 48, 04.03.2014, art. 26-30",https://www.lex.uz/uz/docs/-2349371,2026-09-18,A,Name and code OFFICIAL; polygon not present in the public cadastre mahalla layer as of 2026-09-18
1726266027,1726266027,1726266027,Uvaysiy,NULL,NULL,NULL,Uvaysiy mahalla fuqarolar yigʻini,NULL,NULL,Mahalla fuqarolar yigʻini (MFY),1726266,Yunusobod tumani,Юнусабадский район,Toshkent shahri,CURRENT / ACTIVE,Kadastr agentligi (Etirof) official MFY register,https://api-etirof.kadastr.uz/api/v1/commons/selects/neighborhoods,NULL,NULL,NULL,NULL,NO,NO,UNKNOWN,NULL,NULL,NULL,NULL,"Cabinet of Ministers Resolution No. 48, 04.03.2014, art. 26-30",https://www.lex.uz/uz/docs/-2349371,2026-09-18,A,Name and code OFFICIAL; polygon not present in the public cadastre mahalla layer as of 2026-09-18
1726266028,1726266028,1726266028,Oʻzbekiston Mustaqilligi,NULL,NULL,NULL,Oʻzbekiston Mustaqilligi mahalla fuqarolar yigʻini,NULL,NULL,Mahalla fuqarolar yigʻini (MFY),1726266,Yunusobod tumani,Юнусабадский район,Toshkent shahri,CURRENT / ACTIVE,Kadastr agentligi (Etirof) official MFY register,https://api-etirof.kadastr.uz/api/v1/commons/selects/neighborhoods,NULL,NULL,NULL,NULL,NO,NO,UNKNOWN,NULL,NULL,NULL,NULL,"Cabinet of Ministers Resolution No. 48, 04.03.2014, art. 26-30",https://www.lex.uz/uz/docs/-2349371,2026-09-18,A,Name and code OFFICIAL; polygon not present in the public cadastre mahalla layer as of 2026-09-18
1726266029,1726266029,1726266029,Shosh-tepa,NULL,NULL,NULL,Shosh-tepa mahalla fuqarolar yigʻini,NULL,NULL,Mahalla fuqarolar yigʻini (MFY),1726266,Yunusobod tumani,Юнусабадский район,Toshkent shahri,CURRENT / ACTIVE,Kadastr agentligi (Etirof) official MFY register,https://api-etirof.kadastr.uz/api/v1/commons/selects/neighborhoods,NULL,NULL,NULL,NULL,NO,NO,UNKNOWN,NULL,NULL,NULL,NULL,"Cabinet of Ministers Resolution No. 48, 04.03.2014, art. 26-30",https://www.lex.uz/uz/docs/-2349371,2026-09-18,A,Name and code OFFICIAL; polygon not present in the public cadastre mahalla layer as of 2026-09-18
1726266030,1726266030,1726266030,Yurtobod,NULL,NULL,NULL,Yurtobod mahalla fuqarolar yigʻini,NULL,NULL,Mahalla fuqarolar yigʻini (MFY),1726266,Yunusobod tumani,Юнусабадский район,Toshkent shahri,CURRENT / ACTIVE,Kadastr agentligi (Etirof) official MFY register,https://api-etirof.kadastr.uz/api/v1/commons/selects/neighborhoods,NULL,NULL,NULL,NULL,NO,NO,UNKNOWN,NULL,NULL,NULL,NULL,"Cabinet of Ministers Resolution No. 48, 04.03.2014, art. 26-30",https://www.lex.uz/uz/docs/-2349371,2026-09-18,A,Name and code OFFICIAL; polygon not present in the public cadastre mahalla layer as of 2026-09-18
1726266031,1726266031,1726266031,Yunus ota,NULL,NULL,NULL,Yunus ota mahalla fuqarolar yigʻini,NULL,NULL,Mahalla fuqarolar yigʻini (MFY),1726266,Yunusobod tumani,Юнусабадский район,Toshkent shahri,CURRENT / ACTIVE,Kadastr agentligi (Etirof) official MFY register,https://api-etirof.kadastr.uz/api/v1/commons/selects/neighborhoods,NULL,NULL,NULL,NULL,NO,NO,UNKNOWN,NULL,NULL,NULL,NULL,"Cabinet of Ministers Resolution No. 48, 04.03.2014, art. 26-30",https://www.lex.uz/uz/docs/-2349371,2026-09-18,A,Name and code OFFICIAL; polygon not present in the public cadastre mahalla layer as of 2026-09-18
1726266032,1726266032,1726266032,Yangibogʻ,NULL,NULL,NULL,Yangibogʻ mahalla fuqarolar yigʻini,NULL,NULL,Mahalla fuqarolar yigʻini (MFY),1726266,Yunusobod tumani,Юнусабадский район,Toshkent shahri,CURRENT / ACTIVE,Kadastr agentligi (Etirof) official MFY register,https://api-etirof.kadastr.uz/api/v1/commons/selects/neighborhoods,NULL,NULL,NULL,NULL,NO,NO,UNKNOWN,NULL,NULL,NULL,NULL,"Cabinet of Ministers Resolution No. 48, 04.03.2014, art. 26-30",https://www.lex.uz/uz/docs/-2349371,2026-09-18,A,Name and code OFFICIAL; polygon not present in the public cadastre mahalla layer as of 2026-09-18
1726266033,1726266033,1726266033,Adolat,NULL,NULL,NULL,Adolat mahalla fuqarolar yigʻini,NULL,NULL,Mahalla fuqarolar yigʻini (MFY),1726266,Yunusobod tumani,Юнусабадский район,Toshkent shahri,CURRENT / ACTIVE,Kadastr agentligi (Etirof) official MFY register,https://api-etirof.kadastr.uz/api/v1/commons/selects/neighborhoods,42.8,42.83,41.36379,69.27895,YES,YES,OFFICIAL,Kadastr agentligi - open.ngis.uz UZKAD/MAHALLA_UZKAD_DB16,https://db.ngis.uz/db/rest/services/UZKAD/MAHALLA_UZKAD_DB16/FeatureServer/0,EPSG:4326,2026-03-14..2026-08-27,"Cabinet of Ministers Resolution No. 48, 04.03.2014, art. 26-30",https://www.lex.uz/uz/docs/-2349371,2026-09-18,A,NULL
1726266034,1726266034,1726266034,Anorzor,NULL,NULL,NULL,Anorzor mahalla fuqarolar yigʻini,NULL,NULL,Mahalla fuqarolar yigʻini (MFY),1726266,Yunusobod tumani,Юнусабадский район,Toshkent shahri,CURRENT / ACTIVE,Kadastr agentligi (Etirof) official MFY register,https://api-etirof.kadastr.uz/api/v1/commons/selects/neighborhoods,42.51,42.55,41.3567,69.28185,YES,YES,OFFICIAL,Kadastr agentligi - open.ngis.uz UZKAD/MAHALLA_UZKAD_DB16,https://db.ngis.uz/db/rest/services/UZKAD/MAHALLA_UZKAD_DB16/FeatureServer/0,EPSG:4326,2026-03-14..2026-08-27,"Cabinet of Ministers Resolution No. 48, 04.03.2014, art. 26-30",https://www.lex.uz/uz/docs/-2349371,2026-09-18,A,NULL
1726266035,1726266035,1726266035,Billur,NULL,NULL,NULL,Billur mahalla fuqarolar yigʻini,NULL,NULL,Mahalla fuqarolar yigʻini (MFY),1726266,Yunusobod tumani,Юнусабадский район,Toshkent shahri,CURRENT / ACTIVE,Kadastr agentligi (Etirof) official MFY register,https://api-etirof.kadastr.uz/api/v1/commons/selects/neighborhoods,56.49,55.96,41.36768,69.27831,YES,YES,OFFICIAL,Kadastr agentligi - open.ngis.uz UZKAD/MAHALLA_UZKAD_DB16,https://db.ngis.uz/db/rest/services/UZKAD/MAHALLA_UZKAD_DB16/FeatureServer/0,EPSG:4326,2026-03-14..2026-08-27,"Cabinet of Ministers Resolution No. 48, 04.03.2014, art. 26-30",https://www.lex.uz/uz/docs/-2349371,2026-09-18,A,NULL
1726266036,1726266036,1726266036,Gʻayratiy,NULL,NULL,NULL,Gʻayratiy mahalla fuqarolar yigʻini,NULL,NULL,Mahalla fuqarolar yigʻini (MFY),1726266,Yunusobod tumani,Юнусабадский район,Toshkent shahri,CURRENT / ACTIVE,Kadastr agentligi (Etirof) official MFY register,https://api-etirof.kadastr.uz/api/v1/commons/selects/neighborhoods,33.58,33.75,41.35524,69.27463,YES,YES,OFFICIAL,Kadastr agentligi - open.ngis.uz UZKAD/MAHALLA_UZKAD_DB16,https://db.ngis.uz/db/rest/services/UZKAD/MAHALLA_UZKAD_DB16/FeatureServer/0,EPSG:4326,2026-03-14..2026-08-27,"Cabinet of Ministers Resolution No. 48, 04.03.2014, art. 26-30",https://www.lex.uz/uz/docs/-2349371,2026-09-18,A,NULL
1726266037,1726266037,1726266037,Jomiy,NULL,NULL,NULL,Jomiy mahalla fuqarolar yigʻini,NULL,NULL,Mahalla fuqarolar yigʻini (MFY),1726266,Yunusobod tumani,Юнусабадский район,Toshkent shahri,CURRENT / ACTIVE,Kadastr agentligi (Etirof) official MFY register,https://api-etirof.kadastr.uz/api/v1/commons/selects/neighborhoods,45.03,45.37,41.35079,69.26841,YES,YES,OFFICIAL,Kadastr agentligi - open.ngis.uz UZKAD/MAHALLA_UZKAD_DB16,https://db.ngis.uz/db/rest/services/UZKAD/MAHALLA_UZKAD_DB16/FeatureServer/0,EPSG:4326,2026-03-14..2026-08-27,"Cabinet of Ministers Resolution No. 48, 04.03.2014, art. 26-30",https://www.lex.uz/uz/docs/-2349371,2026-09-18,A,NULL
1726266038,1726266038,1726266038,Iftixor,NULL,NULL,NULL,Iftixor mahalla fuqarolar yigʻini,NULL,NULL,Mahalla fuqarolar yigʻini (MFY),1726266,Yunusobod tumani,Юнусабадский район,Toshkent shahri,CURRENT / ACTIVE,Kadastr agentligi (Etirof) official MFY register,https://api-etirof.kadastr.uz/api/v1/commons/selects/neighborhoods,41.7,41.3,41.34775,69.28085,YES,YES,OFFICIAL,Kadastr agentligi - open.ngis.uz UZKAD/MAHALLA_UZKAD_DB16,https://db.ngis.uz/db/rest/services/UZKAD/MAHALLA_UZKAD_DB16/FeatureServer/0,EPSG:4326,2026-03-14..2026-08-27,"Cabinet of Ministers Resolution No. 48, 04.03.2014, art. 26-30",https://www.lex.uz/uz/docs/-2349371,2026-09-18,A,NULL
1726266039,1726266039,1726266039,Qoʻshchinor,NULL,NULL,NULL,Qoʻshchinor mahalla fuqarolar yigʻini,NULL,NULL,Mahalla fuqarolar yigʻini (MFY),1726266,Yunusobod tumani,Юнусабадский район,Toshkent shahri,CURRENT / ACTIVE,Kadastr agentligi (Etirof) official MFY register,https://api-etirof.kadastr.uz/api/v1/commons/selects/neighborhoods,17.4,17.36,41.36082,69.27477,YES,YES,OFFICIAL,Kadastr agentligi - open.ngis.uz UZKAD/MAHALLA_UZKAD_DB16,https://db.ngis.uz/db/rest/services/UZKAD/MAHALLA_UZKAD_DB16/FeatureServer/0,EPSG:4326,2026-03-14..2026-08-27,"Cabinet of Ministers Resolution No. 48, 04.03.2014, art. 26-30",https://www.lex.uz/uz/docs/-2349371,2026-09-18,A,NULL
1726266040,1726266040,1726266040,Qashqar,NULL,NULL,NULL,Qashqar mahalla fuqarolar yigʻini,NULL,NULL,Mahalla fuqarolar yigʻini (MFY),1726266,Yunusobod tumani,Юнусабадский район,Toshkent shahri,CURRENT / ACTIVE,Kadastr agentligi (Etirof) official MFY register,https://api-etirof.kadastr.uz/api/v1/commons/selects/neighborhoods,172.12,171.89,41.316,69.27286,YES,YES,OFFICIAL,Kadastr agentligi - open.ngis.uz UZKAD/MAHALLA_UZKAD_DB16,https://db.ngis.uz/db/rest/services/UZKAD/MAHALLA_UZKAD_DB16/FeatureServer/0,EPSG:4326,2026-03-14..2026-08-27,"Cabinet of Ministers Resolution No. 48, 04.03.2014, art. 26-30",https://www.lex.uz/uz/docs/-2349371,2026-09-18,A,NULL
1726266041,1726266041,1726266041,Matonat,NULL,NULL,NULL,Matonat mahalla fuqarolar yigʻini,NULL,NULL,Mahalla fuqarolar yigʻini (MFY),1726266,Yunusobod tumani,Юнусабадский район,Toshkent shahri,CURRENT / ACTIVE,Kadastr agentligi (Etirof) official MFY register,https://api-etirof.kadastr.uz/api/v1/commons/selects/neighborhoods,73.94,73.94,41.32527,69.27649,YES,YES,OFFICIAL,Kadastr agentligi - open.ngis.uz UZKAD/MAHALLA_UZKAD_DB16,https://db.ngis.uz/db/rest/services/UZKAD/MAHALLA_UZKAD_DB16/FeatureServer/0,EPSG:4326,2026-03-14..2026-08-27,"Cabinet of Ministers Resolution No. 48, 04.03.2014, art. 26-30",https://www.lex.uz/uz/docs/-2349371,2026-09-18,A,NULL
1726266042,1726266042,1726266042,Minor,NULL,NULL,NULL,Minor mahalla fuqarolar yigʻini,NULL,NULL,Mahalla fuqarolar yigʻini (MFY),1726266,Yunusobod tumani,Юнусабадский район,Toshkent shahri,CURRENT / ACTIVE,Kadastr agentligi (Etirof) official MFY register,https://api-etirof.kadastr.uz/api/v1/commons/selects/neighborhoods,154.58,155.62,41.33615,69.28008,YES,YES,OFFICIAL,Kadastr agentligi - open.ngis.uz UZKAD/MAHALLA_UZKAD_DB16,https://db.ngis.uz/db/rest/services/UZKAD/MAHALLA_UZKAD_DB16/FeatureServer/0,EPSG:4326,2026-03-14..2026-08-27,"Cabinet of Ministers Resolution No. 48, 04.03.2014, art. 26-30",https://www.lex.uz/uz/docs/-2349371,2026-09-18,A,NULL
1726266043,1726266043,1726266043,Turk-Qoʻrgʻon,NULL,NULL,NULL,Turk-Qoʻrgʻon mahalla fuqarolar yigʻini,NULL,NULL,Mahalla fuqarolar yigʻini (MFY),1726266,Yunusobod tumani,Юнусабадский район,Toshkent shahri,CURRENT / ACTIVE,Kadastr agentligi (Etirof) official MFY register,https://api-etirof.kadastr.uz/api/v1/commons/selects/neighborhoods,NULL,NULL,NULL,NULL,NO,NO,UNKNOWN,NULL,NULL,NULL,NULL,"Cabinet of Ministers Resolution No. 48, 04.03.2014, art. 26-30",https://www.lex.uz/uz/docs/-2349371,2026-09-18,A,Name and code OFFICIAL; polygon not present in the public cadastre mahalla layer as of 2026-09-18
1726266044,1726266044,1726266044,Usta-Shirin,NULL,NULL,NULL,Usta-Shirin mahalla fuqarolar yigʻini,NULL,NULL,Mahalla fuqarolar yigʻini (MFY),1726266,Yunusobod tumani,Юнусабадский район,Toshkent shahri,CURRENT / ACTIVE,Kadastr agentligi (Etirof) official MFY register,https://api-etirof.kadastr.uz/api/v1/commons/selects/neighborhoods,NULL,NULL,NULL,NULL,NO,NO,UNKNOWN,NULL,NULL,NULL,NULL,"Cabinet of Ministers Resolution No. 48, 04.03.2014, art. 26-30",https://www.lex.uz/uz/docs/-2349371,2026-09-18,A,Name and code OFFICIAL; polygon not present in the public cadastre mahalla layer as of 2026-09-18
1726266045,1726266045,1726266045,Husniobod,NULL,NULL,NULL,Husniobod mahalla fuqarolar yigʻini,NULL,NULL,Mahalla fuqarolar yigʻini (MFY),1726266,Yunusobod tumani,Юнусабадский район,Toshkent shahri,CURRENT / ACTIVE,Kadastr agentligi (Etirof) official MFY register,https://api-etirof.kadastr.uz/api/v1/commons/selects/neighborhoods,NULL,NULL,NULL,NULL,NO,NO,UNKNOWN,NULL,NULL,NULL,NULL,"Cabinet of Ministers Resolution No. 48, 04.03.2014, art. 26-30",https://www.lex.uz/uz/docs/-2349371,2026-09-18,A,Name and code OFFICIAL; polygon not present in the public cadastre mahalla layer as of 2026-09-18
1726266046,1726266046,1726266046,Shaxriston,NULL,NULL,NULL,Shaxriston mahalla fuqarolar yigʻini,NULL,NULL,Mahalla fuqarolar yigʻini (MFY),1726266,Yunusobod tumani,Юнусабадский район,Toshkent shahri,CURRENT / ACTIVE,Kadastr agentligi (Etirof) official MFY register,https://api-etirof.kadastr.uz/api/v1/commons/selects/neighborhoods,NULL,NULL,NULL,NULL,NO,NO,UNKNOWN,NULL,NULL,NULL,NULL,"Cabinet of Ministers Resolution No. 48, 04.03.2014, art. 26-30",https://www.lex.uz/uz/docs/-2349371,2026-09-18,A,Name and code OFFICIAL; polygon not present in the public cadastre mahalla layer as of 2026-09-18
1726266047,1726266047,1726266047,Registon,NULL,NULL,NULL,Registon mahalla fuqarolar yigʻini,NULL,NULL,Mahalla fuqarolar yigʻini (MFY),1726266,Yunusobod tumani,Юнусабадский район,Toshkent shahri,CURRENT / ACTIVE,Kadastr agentligi (Etirof) official MFY register,https://api-etirof.kadastr.uz/api/v1/commons/selects/neighborhoods,51.29,51.41,41.36074,69.26804,YES,YES,OFFICIAL,Kadastr agentligi - open.ngis.uz UZKAD/MAHALLA_UZKAD_DB16,https://db.ngis.uz/db/rest/services/UZKAD/MAHALLA_UZKAD_DB16/FeatureServer/0,EPSG:4326,2026-03-14..2026-08-27,"Cabinet of Ministers Resolution No. 48, 04.03.2014, art. 26-30",https://www.lex.uz/uz/docs/-2349371,2026-09-18,A,NULL
1726266048,1726266048,1726266048,Yangiariq,NULL,NULL,NULL,Yangiariq mahalla fuqarolar yigʻini,NULL,NULL,Mahalla fuqarolar yigʻini (MFY),1726266,Yunusobod tumani,Юнусабадский район,Toshkent shahri,CURRENT / ACTIVE,Kadastr agentligi (Etirof) official MFY register,https://api-etirof.kadastr.uz/api/v1/commons/selects/neighborhoods,NULL,NULL,NULL,NULL,NO,NO,UNKNOWN,NULL,NULL,NULL,NULL,"Cabinet of Ministers Resolution No. 48, 04.03.2014, art. 26-30",https://www.lex.uz/uz/docs/-2349371,2026-09-18,A,Name and code OFFICIAL; polygon not present in the public cadastre mahalla layer as of 2026-09-18
1726266049,1726266049,1726266049,Akbarobod,NULL,NULL,NULL,Akbarobod mahalla fuqarolar yigʻini,NULL,NULL,Mahalla fuqarolar yigʻini (MFY),1726266,Yunusobod tumani,Юнусабадский район,Toshkent shahri,CURRENT / ACTIVE,Kadastr agentligi (Etirof) official MFY register,https://api-etirof.kadastr.uz/api/v1/commons/selects/neighborhoods,27.42,27.47,41.36359,69.29301,YES,YES,OFFICIAL,Kadastr agentligi - open.ngis.uz UZKAD/MAHALLA_UZKAD_DB16,https://db.ngis.uz/db/rest/services/UZKAD/MAHALLA_UZKAD_DB16/FeatureServer/0,EPSG:4326,2026-03-14..2026-08-27,"Cabinet of Ministers Resolution No. 48, 04.03.2014, art. 26-30",https://www.lex.uz/uz/docs/-2349371,2026-09-18,A,NULL
1726266050,1726266050,1726266050,Bogʻi boʻston,NULL,NULL,NULL,Bogʻi boʻston mahalla fuqarolar yigʻini,NULL,NULL,Mahalla fuqarolar yigʻini (MFY),1726266,Yunusobod tumani,Юнусабадский район,Toshkent shahri,CURRENT / ACTIVE,Kadastr agentligi (Etirof) official MFY register,https://api-etirof.kadastr.uz/api/v1/commons/selects/neighborhoods,151.15,150.73,41.34368,69.31482,YES,YES,OFFICIAL,Kadastr agentligi - open.ngis.uz UZKAD/MAHALLA_UZKAD_DB16,https://db.ngis.uz/db/rest/services/UZKAD/MAHALLA_UZKAD_DB16/FeatureServer/0,EPSG:4326,2026-03-14..2026-08-27,"Cabinet of Ministers Resolution No. 48, 04.03.2014, art. 26-30",https://www.lex.uz/uz/docs/-2349371,2026-09-18,A,NULL
1726266051,1726266051,1726266051,Bodomzor,NULL,NULL,NULL,Bodomzor mahalla fuqarolar yigʻini,NULL,NULL,Mahalla fuqarolar yigʻini (MFY),1726266,Yunusobod tumani,Юнусабадский район,Toshkent shahri,CURRENT / ACTIVE,Kadastr agentligi (Etirof) official MFY register,https://api-etirof.kadastr.uz/api/v1/commons/selects/neighborhoods,27.85,27.86,41.34377,69.29357,YES,YES,OFFICIAL,Kadastr agentligi - open.ngis.uz UZKAD/MAHALLA_UZKAD_DB16,https://db.ngis.uz/db/rest/services/UZKAD/MAHALLA_UZKAD_DB16/FeatureServer/0,EPSG:4326,2026-03-14..2026-08-27,"Cabinet of Ministers Resolution No. 48, 04.03.2014, art. 26-30",https://www.lex.uz/uz/docs/-2349371,2026-09-18,A,NULL
1726266052,1726266052,1726266052,Buyuk Turon,NULL,NULL,NULL,Buyuk Turon mahalla fuqarolar yigʻini,NULL,NULL,Mahalla fuqarolar yigʻini (MFY),1726266,Yunusobod tumani,Юнусабадский район,Toshkent shahri,CURRENT / ACTIVE,Kadastr agentligi (Etirof) official MFY register,https://api-etirof.kadastr.uz/api/v1/commons/selects/neighborhoods,91.5,91.47,41.32168,69.28629,YES,YES,OFFICIAL,Kadastr agentligi - open.ngis.uz UZKAD/MAHALLA_UZKAD_DB16,https://db.ngis.uz/db/rest/services/UZKAD/MAHALLA_UZKAD_DB16/FeatureServer/0,EPSG:4326,2026-03-14..2026-08-27,"Cabinet of Ministers Resolution No. 48, 04.03.2014, art. 26-30",https://www.lex.uz/uz/docs/-2349371,2026-09-18,A,NULL
1726266053,1726266053,1726266053,Boʻz suv,NULL,NULL,NULL,Boʻz suv mahalla fuqarolar yigʻini,NULL,NULL,Mahalla fuqarolar yigʻini (MFY),1726266,Yunusobod tumani,Юнусабадский район,Toshkent shahri,CURRENT / ACTIVE,Kadastr agentligi (Etirof) official MFY register,https://api-etirof.kadastr.uz/api/v1/commons/selects/neighborhoods,48.54,48.65,41.34398,69.30017,YES,YES,OFFICIAL,Kadastr agentligi - open.ngis.uz UZKAD/MAHALLA_UZKAD_DB16,https://db.ngis.uz/db/rest/services/UZKAD/MAHALLA_UZKAD_DB16/FeatureServer/0,EPSG:4326,2026-03-14..2026-08-27,"Cabinet of Ministers Resolution No. 48, 04.03.2014, art. 26-30",https://www.lex.uz/uz/docs/-2349371,2026-09-18,A,NULL
1726266054,1726266054,1726266054,MUlugʻbek,NULL,NULL,NULL,MUlugʻbek mahalla fuqarolar yigʻini,NULL,NULL,Mahalla fuqarolar yigʻini (MFY),1726266,Yunusobod tumani,Юнусабадский район,Toshkent shahri,CURRENT / ACTIVE,Kadastr agentligi (Etirof) official MFY register,https://api-etirof.kadastr.uz/api/v1/commons/selects/neighborhoods,86.51,86.7,41.3292,69.29126,YES,YES,OFFICIAL,Kadastr agentligi - open.ngis.uz UZKAD/MAHALLA_UZKAD_DB16,https://db.ngis.uz/db/rest/services/UZKAD/MAHALLA_UZKAD_DB16/FeatureServer/0,EPSG:4326,2026-03-14..2026-08-27,"Cabinet of Ministers Resolution No. 48, 04.03.2014, art. 26-30",https://www.lex.uz/uz/docs/-2349371,2026-09-18,A,NULL
1726266055,1726266055,1726266055,Qadrdon,NULL,NULL,NULL,Qadrdon mahalla fuqarolar yigʻini,NULL,NULL,Mahalla fuqarolar yigʻini (MFY),1726266,Yunusobod tumani,Юнусабадский район,Toshkent shahri,CURRENT / ACTIVE,Kadastr agentligi (Etirof) official MFY register,https://api-etirof.kadastr.uz/api/v1/commons/selects/neighborhoods,78.92,78.7,41.36479,69.30611,YES,YES,OFFICIAL,Kadastr agentligi - open.ngis.uz UZKAD/MAHALLA_UZKAD_DB16,https://db.ngis.uz/db/rest/services/UZKAD/MAHALLA_UZKAD_DB16/FeatureServer/0,EPSG:4326,2026-03-14..2026-08-27,"Cabinet of Ministers Resolution No. 48, 04.03.2014, art. 26-30",https://www.lex.uz/uz/docs/-2349371,2026-09-18,A,NULL
1726266056,1726266056,1726266056,Obod,NULL,NULL,NULL,Obod mahalla fuqarolar yigʻini,NULL,NULL,Mahalla fuqarolar yigʻini (MFY),1726266,Yunusobod tumani,Юнусабадский район,Toshkent shahri,CURRENT / ACTIVE,Kadastr agentligi (Etirof) official MFY register,https://api-etirof.kadastr.uz/api/v1/commons/selects/neighborhoods,122.98,122.56,41.35631,69.32637,YES,YES,OFFICIAL,Kadastr agentligi - open.ngis.uz UZKAD/MAHALLA_UZKAD_DB16,https://db.ngis.uz/db/rest/services/UZKAD/MAHALLA_UZKAD_DB16/FeatureServer/0,EPSG:4326,2026-03-14..2026-08-27,"Cabinet of Ministers Resolution No. 48, 04.03.2014, art. 26-30",https://www.lex.uz/uz/docs/-2349371,2026-09-18,A,NULL
1726266057,1726266057,1726266057,Otchopar-1,NULL,NULL,NULL,Otchopar-1 mahalla fuqarolar yigʻini,NULL,NULL,Mahalla fuqarolar yigʻini (MFY),1726266,Yunusobod tumani,Юнусабадский район,Toshkent shahri,CURRENT / ACTIVE,Kadastr agentligi (Etirof) official MFY register,https://api-etirof.kadastr.uz/api/v1/commons/selects/neighborhoods,88.89,88.81,41.35141,69.29575,YES,YES,OFFICIAL,Kadastr agentligi - open.ngis.uz UZKAD/MAHALLA_UZKAD_DB16,https://db.ngis.uz/db/rest/services/UZKAD/MAHALLA_UZKAD_DB16/FeatureServer/0,EPSG:4326,2026-03-14..2026-08-27,"Cabinet of Ministers Resolution No. 48, 04.03.2014, art. 26-30",https://www.lex.uz/uz/docs/-2349371,2026-09-18,A,NULL
1726266058,1726266058,1726266058,Otchopar-2,NULL,NULL,NULL,Otchopar-2 mahalla fuqarolar yigʻini,NULL,NULL,Mahalla fuqarolar yigʻini (MFY),1726266,Yunusobod tumani,Юнусабадский район,Toshkent shahri,CURRENT / ACTIVE,Kadastr agentligi (Etirof) official MFY register,https://api-etirof.kadastr.uz/api/v1/commons/selects/neighborhoods,167.28,167.28,41.3535,69.31085,YES,YES,OFFICIAL,Kadastr agentligi - open.ngis.uz UZKAD/MAHALLA_UZKAD_DB16,https://db.ngis.uz/db/rest/services/UZKAD/MAHALLA_UZKAD_DB16/FeatureServer/0,EPSG:4326,2026-03-14..2026-08-27,"Cabinet of Ministers Resolution No. 48, 04.03.2014, art. 26-30",https://www.lex.uz/uz/docs/-2349371,2026-09-18,A,NULL
1726266059,1726266059,1726266059,Posira,NULL,NULL,NULL,Posira mahalla fuqarolar yigʻini,NULL,NULL,Mahalla fuqarolar yigʻini (MFY),1726266,Yunusobod tumani,Юнусабадский район,Toshkent shahri,CURRENT / ACTIVE,Kadastr agentligi (Etirof) official MFY register,https://api-etirof.kadastr.uz/api/v1/commons/selects/neighborhoods,72.99,72.67,41.35541,69.3352,YES,YES,OFFICIAL,Kadastr agentligi - open.ngis.uz UZKAD/MAHALLA_UZKAD_DB16,https://db.ngis.uz/db/rest/services/UZKAD/MAHALLA_UZKAD_DB16/FeatureServer/0,EPSG:4326,2026-03-14..2026-08-27,"Cabinet of Ministers Resolution No. 48, 04.03.2014, art. 26-30",https://www.lex.uz/uz/docs/-2349371,2026-09-18,A,NULL
1726266060,1726266060,1726266060,Firdavsiy,NULL,NULL,NULL,Firdavsiy mahalla fuqarolar yigʻini,NULL,NULL,Mahalla fuqarolar yigʻini (MFY),1726266,Yunusobod tumani,Юнусабадский район,Toshkent shahri,CURRENT / ACTIVE,Kadastr agentligi (Etirof) official MFY register,https://api-etirof.kadastr.uz/api/v1/commons/selects/neighborhoods,NULL,NULL,NULL,NULL,NO,NO,UNKNOWN,NULL,NULL,NULL,NULL,"Cabinet of Ministers Resolution No. 48, 04.03.2014, art. 26-30",https://www.lex.uz/uz/docs/-2349371,2026-09-18,A,Name and code OFFICIAL; polygon not present in the public cadastre mahalla layer as of 2026-09-18
1726266061,1726266061,1726266061,Xiyobon tepa,NULL,NULL,NULL,Xiyobon tepa mahalla fuqarolar yigʻini,NULL,NULL,Mahalla fuqarolar yigʻini (MFY),1726266,Yunusobod tumani,Юнусабадский район,Toshkent shahri,CURRENT / ACTIVE,Kadastr agentligi (Etirof) official MFY register,https://api-etirof.kadastr.uz/api/v1/commons/selects/neighborhoods,NULL,NULL,NULL,NULL,NO,NO,UNKNOWN,NULL,NULL,NULL,NULL,"Cabinet of Ministers Resolution No. 48, 04.03.2014, art. 26-30",https://www.lex.uz/uz/docs/-2349371,2026-09-18,A,Name and code OFFICIAL; polygon not present in the public cadastre mahalla layer as of 2026-09-18
1726266062,1726266062,1726266062,Shayx Shivli,NULL,NULL,NULL,Shayx Shivli mahalla fuqarolar yigʻini,NULL,NULL,Mahalla fuqarolar yigʻini (MFY),1726266,Yunusobod tumani,Юнусабадский район,Toshkent shahri,CURRENT / ACTIVE,Kadastr agentligi (Etirof) official MFY register,https://api-etirof.kadastr.uz/api/v1/commons/selects/neighborhoods,NULL,NULL,NULL,NULL,NO,NO,UNKNOWN,NULL,NULL,NULL,NULL,"Cabinet of Ministers Resolution No. 48, 04.03.2014, art. 26-30",https://www.lex.uz/uz/docs/-2349371,2026-09-18,A,Name and code OFFICIAL; polygon not present in the public cadastre mahalla layer as of 2026-09-18
1726266063,1726266063,1726266063,Yunusobod,NULL,NULL,NULL,Yunusobod mahalla fuqarolar yigʻini,NULL,NULL,Mahalla fuqarolar yigʻini (MFY),1726266,Yunusobod tumani,Юнусабадский район,Toshkent shahri,CURRENT / ACTIVE,Kadastr agentligi (Etirof) official MFY register,https://api-etirof.kadastr.uz/api/v1/commons/selects/neighborhoods,NULL,NULL,NULL,NULL,NO,NO,UNKNOWN,NULL,NULL,NULL,NULL,"Cabinet of Ministers Resolution No. 48, 04.03.2014, art. 26-30",https://www.lex.uz/uz/docs/-2349371,2026-09-18,A,Name and code OFFICIAL; polygon not present in the public cadastre mahalla layer as of 2026-09-18
1726266064,1726266064,1726266064,Yangitarnov,NULL,NULL,NULL,Yangitarnov mahalla fuqarolar yigʻini,NULL,NULL,Mahalla fuqarolar yigʻini (MFY),1726266,Yunusobod tumani,Юнусабадский район,Toshkent shahri,CURRENT / ACTIVE,Kadastr agentligi (Etirof) official MFY register,https://api-etirof.kadastr.uz/api/v1/commons/selects/neighborhoods,NULL,NULL,NULL,NULL,NO,NO,UNKNOWN,NULL,NULL,NULL,NULL,"Cabinet of Ministers Resolution No. 48, 04.03.2014, art. 26-30",https://www.lex.uz/uz/docs/-2349371,2026-09-18,A,Name and code OFFICIAL; polygon not present in the public cadastre mahalla layer as of 2026-09-18
1726269001,1726269001,1726269001,Avayxon,NULL,NULL,NULL,Avayxon mahalla fuqarolar yigʻini,NULL,NULL,Mahalla fuqarolar yigʻini (MFY),1726269,Mirzo Ulugʻbek tumani,Мирзо-Улугбекский район,Toshkent shahri,CURRENT / ACTIVE,Kadastr agentligi (Etirof) official MFY register,https://api-etirof.kadastr.uz/api/v1/commons/selects/neighborhoods,93.81,93.49,41.31833,69.35227,YES,YES,OFFICIAL,Kadastr agentligi - open.ngis.uz UZKAD/MAHALLA_UZKAD_DB16,https://db.ngis.uz/db/rest/services/UZKAD/MAHALLA_UZKAD_DB16/FeatureServer/0,EPSG:4326,2026-03-14..2026-08-27,"Cabinet of Ministers Resolution No. 48, 04.03.2014, art. 26-30",https://www.lex.uz/uz/docs/-2349371,2026-09-18,A,NULL
1726269002,1726269002,1726269002,Alisher Navoiy,NULL,NULL,NULL,Alisher Navoiy mahalla fuqarolar yigʻini,NULL,NULL,Mahalla fuqarolar yigʻini (MFY),1726269,Mirzo Ulugʻbek tumani,Мирзо-Улугбекский район,Toshkent shahri,CURRENT / ACTIVE,Kadastr agentligi (Etirof) official MFY register,https://api-etirof.kadastr.uz/api/v1/commons/selects/neighborhoods,56.71,56.84,41.32907,69.35962,YES,YES,OFFICIAL,Kadastr agentligi - open.ngis.uz UZKAD/MAHALLA_UZKAD_DB16,https://db.ngis.uz/db/rest/services/UZKAD/MAHALLA_UZKAD_DB16/FeatureServer/0,EPSG:4326,2026-03-14..2026-08-27,"Cabinet of Ministers Resolution No. 48, 04.03.2014, art. 26-30",https://www.lex.uz/uz/docs/-2349371,2026-09-18,A,NULL
1726269003,1726269003,1726269003,Alpomish,NULL,NULL,NULL,Alpomish mahalla fuqarolar yigʻini,NULL,NULL,Mahalla fuqarolar yigʻini (MFY),1726269,Mirzo Ulugʻbek tumani,Мирзо-Улугбекский район,Toshkent shahri,CURRENT / ACTIVE,Kadastr agentligi (Etirof) official MFY register,https://api-etirof.kadastr.uz/api/v1/commons/selects/neighborhoods,138.22,138.41,41.33129,69.34387,YES,YES,OFFICIAL,Kadastr agentligi - open.ngis.uz UZKAD/MAHALLA_UZKAD_DB16,https://db.ngis.uz/db/rest/services/UZKAD/MAHALLA_UZKAD_DB16/FeatureServer/0,EPSG:4326,2026-03-14..2026-08-27,"Cabinet of Ministers Resolution No. 48, 04.03.2014, art. 26-30",https://www.lex.uz/uz/docs/-2349371,2026-09-18,A,NULL
1726269004,1726269004,1726269004,Gulsanam,NULL,NULL,NULL,Gulsanam mahalla fuqarolar yigʻini,NULL,NULL,Mahalla fuqarolar yigʻini (MFY),1726269,Mirzo Ulugʻbek tumani,Мирзо-Улугбекский район,Toshkent shahri,CURRENT / ACTIVE,Kadastr agentligi (Etirof) official MFY register,https://api-etirof.kadastr.uz/api/v1/commons/selects/neighborhoods,24.7,24.77,41.33159,69.37351,YES,YES,OFFICIAL,Kadastr agentligi - open.ngis.uz UZKAD/MAHALLA_UZKAD_DB16,https://db.ngis.uz/db/rest/services/UZKAD/MAHALLA_UZKAD_DB16/FeatureServer/0,EPSG:4326,2026-03-14..2026-08-27,"Cabinet of Ministers Resolution No. 48, 04.03.2014, art. 26-30",https://www.lex.uz/uz/docs/-2349371,2026-09-18,A,NULL
1726269005,1726269005,1726269005,Katta Qorasuv,NULL,NULL,NULL,Katta Qorasuv mahalla fuqarolar yigʻini,NULL,NULL,Mahalla fuqarolar yigʻini (MFY),1726269,Mirzo Ulugʻbek tumani,Мирзо-Улугбекский район,Toshkent shahri,CURRENT / ACTIVE,Kadastr agentligi (Etirof) official MFY register,https://api-etirof.kadastr.uz/api/v1/commons/selects/neighborhoods,62.79,62.3,41.32906,69.36688,YES,YES,OFFICIAL,Kadastr agentligi - open.ngis.uz UZKAD/MAHALLA_UZKAD_DB16,https://db.ngis.uz/db/rest/services/UZKAD/MAHALLA_UZKAD_DB16/FeatureServer/0,EPSG:4326,2026-03-14..2026-08-27,"Cabinet of Ministers Resolution No. 48, 04.03.2014, art. 26-30",https://www.lex.uz/uz/docs/-2349371,2026-09-18,A,NULL
1726269006,1726269006,1726269006,Katta Oltintepa,NULL,NULL,NULL,Katta Oltintepa mahalla fuqarolar yigʻini,NULL,NULL,Mahalla fuqarolar yigʻini (MFY),1726269,Mirzo Ulugʻbek tumani,Мирзо-Улугбекский район,Toshkent shahri,CURRENT / ACTIVE,Kadastr agentligi (Etirof) official MFY register,https://api-etirof.kadastr.uz/api/v1/commons/selects/neighborhoods,75.41,75.45,41.32185,69.34687,YES,YES,OFFICIAL,Kadastr agentligi - open.ngis.uz UZKAD/MAHALLA_UZKAD_DB16,https://db.ngis.uz/db/rest/services/UZKAD/MAHALLA_UZKAD_DB16/FeatureServer/0,EPSG:4326,2026-03-14..2026-08-27,"Cabinet of Ministers Resolution No. 48, 04.03.2014, art. 26-30",https://www.lex.uz/uz/docs/-2349371,2026-09-18,A,NULL
1726269007,1726269007,1726269007,Minglola,NULL,NULL,NULL,Minglola mahalla fuqarolar yigʻini,NULL,NULL,Mahalla fuqarolar yigʻini (MFY),1726269,Mirzo Ulugʻbek tumani,Мирзо-Улугбекский район,Toshkent shahri,CURRENT / ACTIVE,Kadastr agentligi (Etirof) official MFY register,https://api-etirof.kadastr.uz/api/v1/commons/selects/neighborhoods,16.59,16.57,41.32256,69.35523,YES,YES,OFFICIAL,Kadastr agentligi - open.ngis.uz UZKAD/MAHALLA_UZKAD_DB16,https://db.ngis.uz/db/rest/services/UZKAD/MAHALLA_UZKAD_DB16/FeatureServer/0,EPSG:4326,2026-03-14..2026-08-27,"Cabinet of Ministers Resolution No. 48, 04.03.2014, art. 26-30",https://www.lex.uz/uz/docs/-2349371,2026-09-18,A,NULL
1726269008,1726269008,1726269008,Oltintepa,NULL,NULL,NULL,Oltintepa mahalla fuqarolar yigʻini,NULL,NULL,Mahalla fuqarolar yigʻini (MFY),1726269,Mirzo Ulugʻbek tumani,Мирзо-Улугбекский район,Toshkent shahri,CURRENT / ACTIVE,Kadastr agentligi (Etirof) official MFY register,https://api-etirof.kadastr.uz/api/v1/commons/selects/neighborhoods,95.03,94.77,41.31417,69.3391,YES,YES,OFFICIAL,Kadastr agentligi - open.ngis.uz UZKAD/MAHALLA_UZKAD_DB16,https://db.ngis.uz/db/rest/services/UZKAD/MAHALLA_UZKAD_DB16/FeatureServer/0,EPSG:4326,2026-03-14..2026-08-27,"Cabinet of Ministers Resolution No. 48, 04.03.2014, art. 26-30",https://www.lex.uz/uz/docs/-2349371,2026-09-18,A,NULL
1726269009,1726269009,1726269009,Sultoniya,NULL,NULL,NULL,Sultoniya mahalla fuqarolar yigʻini,NULL,NULL,Mahalla fuqarolar yigʻini (MFY),1726269,Mirzo Ulugʻbek tumani,Мирзо-Улугбекский район,Toshkent shahri,CURRENT / ACTIVE,Kadastr agentligi (Etirof) official MFY register,https://api-etirof.kadastr.uz/api/v1/commons/selects/neighborhoods,30.18,30.52,41.33838,69.37296,YES,YES,OFFICIAL,Kadastr agentligi - open.ngis.uz UZKAD/MAHALLA_UZKAD_DB16,https://db.ngis.uz/db/rest/services/UZKAD/MAHALLA_UZKAD_DB16/FeatureServer/0,EPSG:4326,2026-03-14..2026-08-27,"Cabinet of Ministers Resolution No. 48, 04.03.2014, art. 26-30",https://www.lex.uz/uz/docs/-2349371,2026-09-18,A,NULL
1726269010,1726269010,1726269010,Chimyon,NULL,NULL,NULL,Chimyon mahalla fuqarolar yigʻini,NULL,NULL,Mahalla fuqarolar yigʻini (MFY),1726269,Mirzo Ulugʻbek tumani,Мирзо-Улугбекский район,Toshkent shahri,CURRENT / ACTIVE,Kadastr agentligi (Etirof) official MFY register,https://api-etirof.kadastr.uz/api/v1/commons/selects/neighborhoods,21.93,21.88,41.33569,69.37577,YES,YES,OFFICIAL,Kadastr agentligi - open.ngis.uz UZKAD/MAHALLA_UZKAD_DB16,https://db.ngis.uz/db/rest/services/UZKAD/MAHALLA_UZKAD_DB16/FeatureServer/0,EPSG:4326,2026-03-14..2026-08-27,"Cabinet of Ministers Resolution No. 48, 04.03.2014, art. 26-30",https://www.lex.uz/uz/docs/-2349371,2026-09-18,A,NULL
1726269011,1726269011,1726269011,Shukur Burxonov,NULL,NULL,NULL,Shukur Burxonov mahalla fuqarolar yigʻini,NULL,NULL,Mahalla fuqarolar yigʻini (MFY),1726269,Mirzo Ulugʻbek tumani,Мирзо-Улугбекский район,Toshkent shahri,CURRENT / ACTIVE,Kadastr agentligi (Etirof) official MFY register,https://api-etirof.kadastr.uz/api/v1/commons/selects/neighborhoods,80.23,80.33,41.33514,69.36021,YES,YES,OFFICIAL,Kadastr agentligi - open.ngis.uz UZKAD/MAHALLA_UZKAD_DB16,https://db.ngis.uz/db/rest/services/UZKAD/MAHALLA_UZKAD_DB16/FeatureServer/0,EPSG:4326,2026-03-14..2026-08-27,"Cabinet of Ministers Resolution No. 48, 04.03.2014, art. 26-30",https://www.lex.uz/uz/docs/-2349371,2026-09-18,A,NULL
1726269012,1726269012,1726269012,Shoʻrtepa,NULL,NULL,NULL,Shoʻrtepa mahalla fuqarolar yigʻini,NULL,NULL,Mahalla fuqarolar yigʻini (MFY),1726269,Mirzo Ulugʻbek tumani,Мирзо-Улугбекский район,Toshkent shahri,CURRENT / ACTIVE,Kadastr agentligi (Etirof) official MFY register,https://api-etirof.kadastr.uz/api/v1/commons/selects/neighborhoods,50.1,49.71,41.33999,69.36518,YES,YES,OFFICIAL,Kadastr agentligi - open.ngis.uz UZKAD/MAHALLA_UZKAD_DB16,https://db.ngis.uz/db/rest/services/UZKAD/MAHALLA_UZKAD_DB16/FeatureServer/0,EPSG:4326,2026-03-14..2026-08-27,"Cabinet of Ministers Resolution No. 48, 04.03.2014, art. 26-30",https://www.lex.uz/uz/docs/-2349371,2026-09-18,A,NULL
1726269013,1726269013,1726269013,Yangi Avayxon,NULL,NULL,NULL,Yangi Avayxon mahalla fuqarolar yigʻini,NULL,NULL,Mahalla fuqarolar yigʻini (MFY),1726269,Mirzo Ulugʻbek tumani,Мирзо-Улугбекский район,Toshkent shahri,CURRENT / ACTIVE,Kadastr agentligi (Etirof) official MFY register,https://api-etirof.kadastr.uz/api/v1/commons/selects/neighborhoods,20.87,21.03,41.31975,69.35768,YES,YES,OFFICIAL,Kadastr agentligi - open.ngis.uz UZKAD/MAHALLA_UZKAD_DB16,https://db.ngis.uz/db/rest/services/UZKAD/MAHALLA_UZKAD_DB16/FeatureServer/0,EPSG:4326,2026-03-14..2026-08-27,"Cabinet of Ministers Resolution No. 48, 04.03.2014, art. 26-30",https://www.lex.uz/uz/docs/-2349371,2026-09-18,A,NULL
1726269014,1726269014,1726269014,Ijodkor,NULL,NULL,NULL,Ijodkor mahalla fuqarolar yigʻini,NULL,NULL,Mahalla fuqarolar yigʻini (MFY),1726269,Mirzo Ulugʻbek tumani,Мирзо-Улугбекский район,Toshkent shahri,CURRENT / ACTIVE,Kadastr agentligi (Etirof) official MFY register,https://api-etirof.kadastr.uz/api/v1/commons/selects/neighborhoods,NULL,NULL,NULL,NULL,NO,NO,UNKNOWN,NULL,NULL,NULL,NULL,"Cabinet of Ministers Resolution No. 48, 04.03.2014, art. 26-30",https://www.lex.uz/uz/docs/-2349371,2026-09-18,A,Name and code OFFICIAL; polygon not present in the public cadastre mahalla layer as of 2026-09-18
1726269015,1726269015,1726269015,Alisherobod,NULL,NULL,NULL,Alisherobod mahalla fuqarolar yigʻini,NULL,NULL,Mahalla fuqarolar yigʻini (MFY),1726269,Mirzo Ulugʻbek tumani,Мирзо-Улугбекский район,Toshkent shahri,CURRENT / ACTIVE,Kadastr agentligi (Etirof) official MFY register,https://api-etirof.kadastr.uz/api/v1/commons/selects/neighborhoods,251.34,250.29,41.32773,69.39998,YES,YES,OFFICIAL,Kadastr agentligi - open.ngis.uz UZKAD/MAHALLA_UZKAD_DB16,https://db.ngis.uz/db/rest/services/UZKAD/MAHALLA_UZKAD_DB16/FeatureServer/0,EPSG:4326,2026-03-14..2026-08-27,"Cabinet of Ministers Resolution No. 48, 04.03.2014, art. 26-30",https://www.lex.uz/uz/docs/-2349371,2026-09-18,A,NULL
1726269016,1726269016,1726269016,Geologlar,NULL,NULL,NULL,Geologlar mahalla fuqarolar yigʻini,NULL,NULL,Mahalla fuqarolar yigʻini (MFY),1726269,Mirzo Ulugʻbek tumani,Мирзо-Улугбекский район,Toshkent shahri,CURRENT / ACTIVE,Kadastr agentligi (Etirof) official MFY register,https://api-etirof.kadastr.uz/api/v1/commons/selects/neighborhoods,NULL,NULL,NULL,NULL,NO,NO,UNKNOWN,NULL,NULL,NULL,NULL,"Cabinet of Ministers Resolution No. 48, 04.03.2014, art. 26-30",https://www.lex.uz/uz/docs/-2349371,2026-09-18,A,Name and code OFFICIAL; polygon not present in the public cadastre mahalla layer as of 2026-09-18
1726269017,1726269017,1726269017,Jasorat,NULL,NULL,NULL,Jasorat mahalla fuqarolar yigʻini,NULL,NULL,Mahalla fuqarolar yigʻini (MFY),1726269,Mirzo Ulugʻbek tumani,Мирзо-Улугбекский район,Toshkent shahri,CURRENT / ACTIVE,Kadastr agentligi (Etirof) official MFY register,https://api-etirof.kadastr.uz/api/v1/commons/selects/neighborhoods,NULL,NULL,NULL,NULL,NO,NO,UNKNOWN,NULL,NULL,NULL,NULL,"Cabinet of Ministers Resolution No. 48, 04.03.2014, art. 26-30",https://www.lex.uz/uz/docs/-2349371,2026-09-18,A,Name and code OFFICIAL; polygon not present in the public cadastre mahalla layer as of 2026-09-18
1726269018,1726269018,1726269018,Azamat,NULL,NULL,NULL,Azamat mahalla fuqarolar yigʻini,NULL,NULL,Mahalla fuqarolar yigʻini (MFY),1726269,Mirzo Ulugʻbek tumani,Мирзо-Улугбекский район,Toshkent shahri,CURRENT / ACTIVE,Kadastr agentligi (Etirof) official MFY register,https://api-etirof.kadastr.uz/api/v1/commons/selects/neighborhoods,36.03,36.12,41.36275,69.38924,YES,YES,OFFICIAL,Kadastr agentligi - open.ngis.uz UZKAD/MAHALLA_UZKAD_DB16,https://db.ngis.uz/db/rest/services/UZKAD/MAHALLA_UZKAD_DB16/FeatureServer/0,EPSG:4326,2026-03-14..2026-08-27,"Cabinet of Ministers Resolution No. 48, 04.03.2014, art. 26-30",https://www.lex.uz/uz/docs/-2349371,2026-09-18,A,NULL
1726269019,1726269019,1726269019,Al-Farobiy,NULL,NULL,NULL,Al-Farobiy mahalla fuqarolar yigʻini,NULL,NULL,Mahalla fuqarolar yigʻini (MFY),1726269,Mirzo Ulugʻbek tumani,Мирзо-Улугбекский район,Toshkent shahri,CURRENT / ACTIVE,Kadastr agentligi (Etirof) official MFY register,https://api-etirof.kadastr.uz/api/v1/commons/selects/neighborhoods,27.45,27.75,41.34683,69.38796,YES,YES,OFFICIAL,Kadastr agentligi - open.ngis.uz UZKAD/MAHALLA_UZKAD_DB16,https://db.ngis.uz/db/rest/services/UZKAD/MAHALLA_UZKAD_DB16/FeatureServer/0,EPSG:4326,2026-03-14..2026-08-27,"Cabinet of Ministers Resolution No. 48, 04.03.2014, art. 26-30",https://www.lex.uz/uz/docs/-2349371,2026-09-18,A,NULL
1726269020,1726269020,1726269020,Axillik,NULL,NULL,NULL,Axillik mahalla fuqarolar yigʻini,NULL,NULL,Mahalla fuqarolar yigʻini (MFY),1726269,Mirzo Ulugʻbek tumani,Мирзо-Улугбекский район,Toshkent shahri,CURRENT / ACTIVE,Kadastr agentligi (Etirof) official MFY register,https://api-etirof.kadastr.uz/api/v1/commons/selects/neighborhoods,19.04,18.9,41.35521,69.38542,YES,YES,OFFICIAL,Kadastr agentligi - open.ngis.uz UZKAD/MAHALLA_UZKAD_DB16,https://db.ngis.uz/db/rest/services/UZKAD/MAHALLA_UZKAD_DB16/FeatureServer/0,EPSG:4326,2026-03-14..2026-08-27,"Cabinet of Ministers Resolution No. 48, 04.03.2014, art. 26-30",https://www.lex.uz/uz/docs/-2349371,2026-09-18,A,NULL
1726269021,1726269021,1726269021,Axmad Yugnakiy,NULL,NULL,NULL,Axmad Yugnakiy mahalla fuqarolar yigʻini,NULL,NULL,Mahalla fuqarolar yigʻini (MFY),1726269,Mirzo Ulugʻbek tumani,Мирзо-Улугбекский район,Toshkent shahri,CURRENT / ACTIVE,Kadastr agentligi (Etirof) official MFY register,https://api-etirof.kadastr.uz/api/v1/commons/selects/neighborhoods,23.81,23.87,41.3486,69.38482,YES,YES,OFFICIAL,Kadastr agentligi - open.ngis.uz UZKAD/MAHALLA_UZKAD_DB16,https://db.ngis.uz/db/rest/services/UZKAD/MAHALLA_UZKAD_DB16/FeatureServer/0,EPSG:4326,2026-03-14..2026-08-27,"Cabinet of Ministers Resolution No. 48, 04.03.2014, art. 26-30",https://www.lex.uz/uz/docs/-2349371,2026-09-18,A,NULL
1726269022,1726269022,1726269022,Beshkapa,NULL,NULL,NULL,Beshkapa mahalla fuqarolar yigʻini,NULL,NULL,Mahalla fuqarolar yigʻini (MFY),1726269,Mirzo Ulugʻbek tumani,Мирзо-Улугбекский район,Toshkent shahri,CURRENT / ACTIVE,Kadastr agentligi (Etirof) official MFY register,https://api-etirof.kadastr.uz/api/v1/commons/selects/neighborhoods,228.77,228.65,41.3488,69.39272,YES,YES,OFFICIAL,Kadastr agentligi - open.ngis.uz UZKAD/MAHALLA_UZKAD_DB16,https://db.ngis.uz/db/rest/services/UZKAD/MAHALLA_UZKAD_DB16/FeatureServer/0,EPSG:4326,2026-03-14..2026-08-27,"Cabinet of Ministers Resolution No. 48, 04.03.2014, art. 26-30",https://www.lex.uz/uz/docs/-2349371,2026-09-18,A,NULL
1726269023,1726269023,1726269023,Munavvarqori,NULL,NULL,NULL,Munavvarqori mahalla fuqarolar yigʻini,NULL,NULL,Mahalla fuqarolar yigʻini (MFY),1726269,Mirzo Ulugʻbek tumani,Мирзо-Улугбекский район,Toshkent shahri,CURRENT / ACTIVE,Kadastr agentligi (Etirof) official MFY register,https://api-etirof.kadastr.uz/api/v1/commons/selects/neighborhoods,78.94,78.76,41.35904,69.37774,YES,YES,OFFICIAL,Kadastr agentligi - open.ngis.uz UZKAD/MAHALLA_UZKAD_DB16,https://db.ngis.uz/db/rest/services/UZKAD/MAHALLA_UZKAD_DB16/FeatureServer/0,EPSG:4326,2026-03-14..2026-08-27,"Cabinet of Ministers Resolution No. 48, 04.03.2014, art. 26-30",https://www.lex.uz/uz/docs/-2349371,2026-09-18,A,NULL
1726269024,1726269024,1726269024,Traktorsozlar,NULL,NULL,NULL,Traktorsozlar mahalla fuqarolar yigʻini,NULL,NULL,Mahalla fuqarolar yigʻini (MFY),1726269,Mirzo Ulugʻbek tumani,Мирзо-Улугбекский район,Toshkent shahri,CURRENT / ACTIVE,Kadastr agentligi (Etirof) official MFY register,https://api-etirof.kadastr.uz/api/v1/commons/selects/neighborhoods,20.98,20.87,41.35656,69.38921,YES,YES,OFFICIAL,Kadastr agentligi - open.ngis.uz UZKAD/MAHALLA_UZKAD_DB16,https://db.ngis.uz/db/rest/services/UZKAD/MAHALLA_UZKAD_DB16/FeatureServer/0,EPSG:4326,2026-03-14..2026-08-27,"Cabinet of Ministers Resolution No. 48, 04.03.2014, art. 26-30",https://www.lex.uz/uz/docs/-2349371,2026-09-18,A,NULL
1726269025,1726269025,1726269025,Uygʻonish,NULL,NULL,NULL,Uygʻonish mahalla fuqarolar yigʻini,NULL,NULL,Mahalla fuqarolar yigʻini (MFY),1726269,Mirzo Ulugʻbek tumani,Мирзо-Улугбекский район,Toshkent shahri,CURRENT / ACTIVE,Kadastr agentligi (Etirof) official MFY register,https://api-etirof.kadastr.uz/api/v1/commons/selects/neighborhoods,29.92,29.79,41.35495,69.38139,YES,YES,OFFICIAL,Kadastr agentligi - open.ngis.uz UZKAD/MAHALLA_UZKAD_DB16,https://db.ngis.uz/db/rest/services/UZKAD/MAHALLA_UZKAD_DB16/FeatureServer/0,EPSG:4326,2026-03-14..2026-08-27,"Cabinet of Ministers Resolution No. 48, 04.03.2014, art. 26-30",https://www.lex.uz/uz/docs/-2349371,2026-09-18,A,NULL
1726269026,1726269026,1726269026,Ulugʻbek,NULL,NULL,NULL,Ulugʻbek mahalla fuqarolar yigʻini,NULL,NULL,Mahalla fuqarolar yigʻini (MFY),1726269,Mirzo Ulugʻbek tumani,Мирзо-Улугбекский район,Toshkent shahri,CURRENT / ACTIVE,Kadastr agentligi (Etirof) official MFY register,https://api-etirof.kadastr.uz/api/v1/commons/selects/neighborhoods,NULL,NULL,NULL,NULL,NO,NO,UNKNOWN,NULL,NULL,NULL,NULL,"Cabinet of Ministers Resolution No. 48, 04.03.2014, art. 26-30",https://www.lex.uz/uz/docs/-2349371,2026-09-18,A,Name and code OFFICIAL; polygon not present in the public cadastre mahalla layer as of 2026-09-18
1726269027,1726269027,1726269027,Xumoyun,NULL,NULL,NULL,Xumoyun mahalla fuqarolar yigʻini,NULL,NULL,Mahalla fuqarolar yigʻini (MFY),1726269,Mirzo Ulugʻbek tumani,Мирзо-Улугбекский район,Toshkent shahri,CURRENT / ACTIVE,Kadastr agentligi (Etirof) official MFY register,https://api-etirof.kadastr.uz/api/v1/commons/selects/neighborhoods,43.92,43.46,41.34299,69.38803,YES,YES,OFFICIAL,Kadastr agentligi - open.ngis.uz UZKAD/MAHALLA_UZKAD_DB16,https://db.ngis.uz/db/rest/services/UZKAD/MAHALLA_UZKAD_DB16/FeatureServer/0,EPSG:4326,2026-03-14..2026-08-27,"Cabinet of Ministers Resolution No. 48, 04.03.2014, art. 26-30",https://www.lex.uz/uz/docs/-2349371,2026-09-18,A,NULL
1726269028,1726269028,1726269028,Yuzrabot,NULL,NULL,NULL,Yuzrabot mahalla fuqarolar yigʻini,NULL,NULL,Mahalla fuqarolar yigʻini (MFY),1726269,Mirzo Ulugʻbek tumani,Мирзо-Улугбекский район,Toshkent shahri,CURRENT / ACTIVE,Kadastr agentligi (Etirof) official MFY register,https://api-etirof.kadastr.uz/api/v1/commons/selects/neighborhoods,36.04,36.11,41.36015,69.39318,YES,YES,OFFICIAL,Kadastr agentligi - open.ngis.uz UZKAD/MAHALLA_UZKAD_DB16,https://db.ngis.uz/db/rest/services/UZKAD/MAHALLA_UZKAD_DB16/FeatureServer/0,EPSG:4326,2026-03-14..2026-08-27,"Cabinet of Ministers Resolution No. 48, 04.03.2014, art. 26-30",https://www.lex.uz/uz/docs/-2349371,2026-09-18,A,NULL
1726269029,1726269029,1726269029,Yalongʻoch,NULL,NULL,NULL,Yalongʻoch mahalla fuqarolar yigʻini,NULL,NULL,Mahalla fuqarolar yigʻini (MFY),1726269,Mirzo Ulugʻbek tumani,Мирзо-Улугбекский район,Toshkent shahri,CURRENT / ACTIVE,Kadastr agentligi (Etirof) official MFY register,https://api-etirof.kadastr.uz/api/v1/commons/selects/neighborhoods,176.32,176.11,41.34612,69.36961,YES,YES,OFFICIAL,Kadastr agentligi - open.ngis.uz UZKAD/MAHALLA_UZKAD_DB16,https://db.ngis.uz/db/rest/services/UZKAD/MAHALLA_UZKAD_DB16/FeatureServer/0,EPSG:4326,2026-03-14..2026-08-27,"Cabinet of Ministers Resolution No. 48, 04.03.2014, art. 26-30",https://www.lex.uz/uz/docs/-2349371,2026-09-18,A,NULL
1726269030,1726269030,1726269030,Zakovat,NULL,NULL,NULL,Zakovat mahalla fuqarolar yigʻini,NULL,NULL,Mahalla fuqarolar yigʻini (MFY),1726269,Mirzo Ulugʻbek tumani,Мирзо-Улугбекский район,Toshkent shahri,CURRENT / ACTIVE,Kadastr agentligi (Etirof) official MFY register,https://api-etirof.kadastr.uz/api/v1/commons/selects/neighborhoods,249.0,248.79,41.34367,69.41496,YES,YES,OFFICIAL,Kadastr agentligi - open.ngis.uz UZKAD/MAHALLA_UZKAD_DB16,https://db.ngis.uz/db/rest/services/UZKAD/MAHALLA_UZKAD_DB16/FeatureServer/0,EPSG:4326,2026-03-14..2026-08-27,"Cabinet of Ministers Resolution No. 48, 04.03.2014, art. 26-30",https://www.lex.uz/uz/docs/-2349371,2026-09-18,A,NULL
1726269031,1726269031,1726269031,Geofizika,NULL,NULL,NULL,Geofizika mahalla fuqarolar yigʻini,NULL,NULL,Mahalla fuqarolar yigʻini (MFY),1726269,Mirzo Ulugʻbek tumani,Мирзо-Улугбекский район,Toshkent shahri,CURRENT / ACTIVE,Kadastr agentligi (Etirof) official MFY register,https://api-etirof.kadastr.uz/api/v1/commons/selects/neighborhoods,NULL,NULL,NULL,NULL,NO,NO,UNKNOWN,NULL,NULL,NULL,NULL,"Cabinet of Ministers Resolution No. 48, 04.03.2014, art. 26-30",https://www.lex.uz/uz/docs/-2349371,2026-09-18,A,Name and code OFFICIAL; polygon not present in the public cadastre mahalla layer as of 2026-09-18
1726269032,1726269032,1726269032,Chingeldi,NULL,NULL,NULL,Chingeldi mahalla fuqarolar yigʻini,NULL,NULL,Mahalla fuqarolar yigʻini (MFY),1726269,Mirzo Ulugʻbek tumani,Мирзо-Улугбекский район,Toshkent shahri,CURRENT / ACTIVE,Kadastr agentligi (Etirof) official MFY register,https://api-etirof.kadastr.uz/api/v1/commons/selects/neighborhoods,NULL,NULL,NULL,NULL,NO,NO,UNKNOWN,NULL,NULL,NULL,NULL,"Cabinet of Ministers Resolution No. 48, 04.03.2014, art. 26-30",https://www.lex.uz/uz/docs/-2349371,2026-09-18,A,Name and code OFFICIAL; polygon not present in the public cadastre mahalla layer as of 2026-09-18
1726269033,1726269033,1726269033,Iqtidor,NULL,NULL,NULL,Iqtidor mahalla fuqarolar yigʻini,NULL,NULL,Mahalla fuqarolar yigʻini (MFY),1726269,Mirzo Ulugʻbek tumani,Мирзо-Улугбекский район,Toshkent shahri,CURRENT / ACTIVE,Kadastr agentligi (Etirof) official MFY register,https://api-etirof.kadastr.uz/api/v1/commons/selects/neighborhoods,NULL,NULL,NULL,NULL,NO,NO,UNKNOWN,NULL,NULL,NULL,NULL,"Cabinet of Ministers Resolution No. 48, 04.03.2014, art. 26-30",https://www.lex.uz/uz/docs/-2349371,2026-09-18,A,Name and code OFFICIAL; polygon not present in the public cadastre mahalla layer as of 2026-09-18
1726269034,1726269034,1726269034,Pastki-yuz,NULL,NULL,NULL,Pastki-yuz mahalla fuqarolar yigʻini,NULL,NULL,Mahalla fuqarolar yigʻini (MFY),1726269,Mirzo Ulugʻbek tumani,Мирзо-Улугбекский район,Toshkent shahri,CURRENT / ACTIVE,Kadastr agentligi (Etirof) official MFY register,https://api-etirof.kadastr.uz/api/v1/commons/selects/neighborhoods,NULL,NULL,NULL,NULL,NO,NO,UNKNOWN,NULL,NULL,NULL,NULL,"Cabinet of Ministers Resolution No. 48, 04.03.2014, art. 26-30",https://www.lex.uz/uz/docs/-2349371,2026-09-18,A,Name and code OFFICIAL; polygon not present in the public cadastre mahalla layer as of 2026-09-18
1726269035,1726269035,1726269035,Asaka,NULL,NULL,NULL,Asaka mahalla fuqarolar yigʻini,NULL,NULL,Mahalla fuqarolar yigʻini (MFY),1726269,Mirzo Ulugʻbek tumani,Мирзо-Улугбекский район,Toshkent shahri,CURRENT / ACTIVE,Kadastr agentligi (Etirof) official MFY register,https://api-etirof.kadastr.uz/api/v1/commons/selects/neighborhoods,65.27,65.27,41.31543,69.30016,YES,YES,OFFICIAL,Kadastr agentligi - open.ngis.uz UZKAD/MAHALLA_UZKAD_DB16,https://db.ngis.uz/db/rest/services/UZKAD/MAHALLA_UZKAD_DB16/FeatureServer/0,EPSG:4326,2026-03-14..2026-08-27,"Cabinet of Ministers Resolution No. 48, 04.03.2014, art. 26-30",https://www.lex.uz/uz/docs/-2349371,2026-09-18,A,NULL
1726269036,1726269036,1726269036,Buyuk Ipak Yoʻli,NULL,NULL,NULL,Buyuk Ipak Yoʻli mahalla fuqarolar yigʻini,NULL,NULL,Mahalla fuqarolar yigʻini (MFY),1726269,Mirzo Ulugʻbek tumani,Мирзо-Улугбекский район,Toshkent shahri,CURRENT / ACTIVE,Kadastr agentligi (Etirof) official MFY register,https://api-etirof.kadastr.uz/api/v1/commons/selects/neighborhoods,36.38,36.4,41.32724,69.32334,YES,YES,OFFICIAL,Kadastr agentligi - open.ngis.uz UZKAD/MAHALLA_UZKAD_DB16,https://db.ngis.uz/db/rest/services/UZKAD/MAHALLA_UZKAD_DB16/FeatureServer/0,EPSG:4326,2026-03-14..2026-08-27,"Cabinet of Ministers Resolution No. 48, 04.03.2014, art. 26-30",https://www.lex.uz/uz/docs/-2349371,2026-09-18,A,NULL
1726269037,1726269037,1726269037,Darxon,NULL,NULL,NULL,Darxon mahalla fuqarolar yigʻini,NULL,NULL,Mahalla fuqarolar yigʻini (MFY),1726269,Mirzo Ulugʻbek tumani,Мирзо-Улугбекский район,Toshkent shahri,CURRENT / ACTIVE,Kadastr agentligi (Etirof) official MFY register,https://api-etirof.kadastr.uz/api/v1/commons/selects/neighborhoods,102.25,102.6,41.3256,69.30952,YES,YES,OFFICIAL,Kadastr agentligi - open.ngis.uz UZKAD/MAHALLA_UZKAD_DB16,https://db.ngis.uz/db/rest/services/UZKAD/MAHALLA_UZKAD_DB16/FeatureServer/0,EPSG:4326,2026-03-14..2026-08-27,"Cabinet of Ministers Resolution No. 48, 04.03.2014, art. 26-30",https://www.lex.uz/uz/docs/-2349371,2026-09-18,A,NULL
1726269038,1726269038,1726269038,Lashkarbegi,NULL,NULL,NULL,Lashkarbegi mahalla fuqarolar yigʻini,NULL,NULL,Mahalla fuqarolar yigʻini (MFY),1726269,Mirzo Ulugʻbek tumani,Мирзо-Улугбекский район,Toshkent shahri,CURRENT / ACTIVE,Kadastr agentligi (Etirof) official MFY register,https://api-etirof.kadastr.uz/api/v1/commons/selects/neighborhoods,23.18,23.1,41.32013,69.29457,YES,YES,OFFICIAL,Kadastr agentligi - open.ngis.uz UZKAD/MAHALLA_UZKAD_DB16,https://db.ngis.uz/db/rest/services/UZKAD/MAHALLA_UZKAD_DB16/FeatureServer/0,EPSG:4326,2026-03-14..2026-08-27,"Cabinet of Ministers Resolution No. 48, 04.03.2014, art. 26-30",https://www.lex.uz/uz/docs/-2349371,2026-09-18,A,NULL
1726269039,1726269039,1726269039,Mirzakalon Ismoiliy,NULL,NULL,NULL,Mirzakalon Ismoiliy mahalla fuqarolar yigʻini,NULL,NULL,Mahalla fuqarolar yigʻini (MFY),1726269,Mirzo Ulugʻbek tumani,Мирзо-Улугбекский район,Toshkent shahri,CURRENT / ACTIVE,Kadastr agentligi (Etirof) official MFY register,https://api-etirof.kadastr.uz/api/v1/commons/selects/neighborhoods,NULL,NULL,NULL,NULL,NO,NO,UNKNOWN,NULL,NULL,NULL,NULL,"Cabinet of Ministers Resolution No. 48, 04.03.2014, art. 26-30",https://www.lex.uz/uz/docs/-2349371,2026-09-18,A,Name and code OFFICIAL; polygon not present in the public cadastre mahalla layer as of 2026-09-18
1726269040,1726269040,1726269040,Mustaqillik,NULL,NULL,NULL,Mustaqillik mahalla fuqarolar yigʻini,NULL,NULL,Mahalla fuqarolar yigʻini (MFY),1726269,Mirzo Ulugʻbek tumani,Мирзо-Улугбекский район,Toshkent shahri,CURRENT / ACTIVE,Kadastr agentligi (Etirof) official MFY register,https://api-etirof.kadastr.uz/api/v1/commons/selects/neighborhoods,NULL,NULL,NULL,NULL,NO,NO,UNKNOWN,NULL,NULL,NULL,NULL,"Cabinet of Ministers Resolution No. 48, 04.03.2014, art. 26-30",https://www.lex.uz/uz/docs/-2349371,2026-09-18,A,Name and code OFFICIAL; polygon not present in the public cadastre mahalla layer as of 2026-09-18
1726269041,1726269041,1726269041,Nur,NULL,NULL,NULL,Nur mahalla fuqarolar yigʻini,NULL,NULL,Mahalla fuqarolar yigʻini (MFY),1726269,Mirzo Ulugʻbek tumani,Мирзо-Улугбекский район,Toshkent shahri,CURRENT / ACTIVE,Kadastr agentligi (Etirof) official MFY register,https://api-etirof.kadastr.uz/api/v1/commons/selects/neighborhoods,NULL,NULL,NULL,NULL,NO,NO,UNKNOWN,NULL,NULL,NULL,NULL,"Cabinet of Ministers Resolution No. 48, 04.03.2014, art. 26-30",https://www.lex.uz/uz/docs/-2349371,2026-09-18,A,Name and code OFFICIAL; polygon not present in the public cadastre mahalla layer as of 2026-09-18
1726269042,1726269042,1726269042,Oqibat,NULL,NULL,NULL,Oqibat mahalla fuqarolar yigʻini,NULL,NULL,Mahalla fuqarolar yigʻini (MFY),1726269,Mirzo Ulugʻbek tumani,Мирзо-Улугбекский район,Toshkent shahri,CURRENT / ACTIVE,Kadastr agentligi (Etirof) official MFY register,https://api-etirof.kadastr.uz/api/v1/commons/selects/neighborhoods,NULL,NULL,NULL,NULL,NO,NO,UNKNOWN,NULL,NULL,NULL,NULL,"Cabinet of Ministers Resolution No. 48, 04.03.2014, art. 26-30",https://www.lex.uz/uz/docs/-2349371,2026-09-18,A,Name and code OFFICIAL; polygon not present in the public cadastre mahalla layer as of 2026-09-18
1726269043,1726269043,1726269043,Oqqoʻrgʻon,NULL,NULL,NULL,Oqqoʻrgʻon mahalla fuqarolar yigʻini,NULL,NULL,Mahalla fuqarolar yigʻini (MFY),1726269,Mirzo Ulugʻbek tumani,Мирзо-Улугбекский район,Toshkent shahri,CURRENT / ACTIVE,Kadastr agentligi (Etirof) official MFY register,https://api-etirof.kadastr.uz/api/v1/commons/selects/neighborhoods,38.2,38.29,41.32787,69.30112,YES,YES,OFFICIAL,Kadastr agentligi - open.ngis.uz UZKAD/MAHALLA_UZKAD_DB16,https://db.ngis.uz/db/rest/services/UZKAD/MAHALLA_UZKAD_DB16/FeatureServer/0,EPSG:4326,2026-03-14..2026-08-27,"Cabinet of Ministers Resolution No. 48, 04.03.2014, art. 26-30",https://www.lex.uz/uz/docs/-2349371,2026-09-18,A,NULL
1726269044,1726269044,1726269044,Olmachi,NULL,NULL,NULL,Olmachi mahalla fuqarolar yigʻini,NULL,NULL,Mahalla fuqarolar yigʻini (MFY),1726269,Mirzo Ulugʻbek tumani,Мирзо-Улугбекский район,Toshkent shahri,CURRENT / ACTIVE,Kadastr agentligi (Etirof) official MFY register,https://api-etirof.kadastr.uz/api/v1/commons/selects/neighborhoods,74.3,74.03,41.31812,69.32971,YES,YES,OFFICIAL,Kadastr agentligi - open.ngis.uz UZKAD/MAHALLA_UZKAD_DB16,https://db.ngis.uz/db/rest/services/UZKAD/MAHALLA_UZKAD_DB16/FeatureServer/0,EPSG:4326,2026-03-14..2026-08-27,"Cabinet of Ministers Resolution No. 48, 04.03.2014, art. 26-30",https://www.lex.uz/uz/docs/-2349371,2026-09-18,A,NULL
1726269045,1726269045,1726269045,Podshobogʻ,NULL,NULL,NULL,Podshobogʻ mahalla fuqarolar yigʻini,NULL,NULL,Mahalla fuqarolar yigʻini (MFY),1726269,Mirzo Ulugʻbek tumani,Мирзо-Улугбекский район,Toshkent shahri,CURRENT / ACTIVE,Kadastr agentligi (Etirof) official MFY register,https://api-etirof.kadastr.uz/api/v1/commons/selects/neighborhoods,98.37,98.09,41.32391,69.33547,YES,YES,OFFICIAL,Kadastr agentligi - open.ngis.uz UZKAD/MAHALLA_UZKAD_DB16,https://db.ngis.uz/db/rest/services/UZKAD/MAHALLA_UZKAD_DB16/FeatureServer/0,EPSG:4326,2026-03-14..2026-08-27,"Cabinet of Ministers Resolution No. 48, 04.03.2014, art. 26-30",https://www.lex.uz/uz/docs/-2349371,2026-09-18,A,NULL
1726269046,1726269046,1726269046,Turon,NULL,NULL,NULL,Turon mahalla fuqarolar yigʻini,NULL,NULL,Mahalla fuqarolar yigʻini (MFY),1726269,Mirzo Ulugʻbek tumani,Мирзо-Улугбекский район,Toshkent shahri,CURRENT / ACTIVE,Kadastr agentligi (Etirof) official MFY register,https://api-etirof.kadastr.uz/api/v1/commons/selects/neighborhoods,25.25,25.45,41.3176,69.32149,YES,YES,OFFICIAL,Kadastr agentligi - open.ngis.uz UZKAD/MAHALLA_UZKAD_DB16,https://db.ngis.uz/db/rest/services/UZKAD/MAHALLA_UZKAD_DB16/FeatureServer/0,EPSG:4326,2026-03-14..2026-08-27,"Cabinet of Ministers Resolution No. 48, 04.03.2014, art. 26-30",https://www.lex.uz/uz/docs/-2349371,2026-09-18,A,NULL
1726269047,1726269047,1726269047,Xamid Olimjon,NULL,NULL,NULL,Xamid Olimjon mahalla fuqarolar yigʻini,NULL,NULL,Mahalla fuqarolar yigʻini (MFY),1726269,Mirzo Ulugʻbek tumani,Мирзо-Улугбекский район,Toshkent shahri,CURRENT / ACTIVE,Kadastr agentligi (Etirof) official MFY register,https://api-etirof.kadastr.uz/api/v1/commons/selects/neighborhoods,39.56,39.37,41.32303,69.2988,YES,YES,OFFICIAL,Kadastr agentligi - open.ngis.uz UZKAD/MAHALLA_UZKAD_DB16,https://db.ngis.uz/db/rest/services/UZKAD/MAHALLA_UZKAD_DB16/FeatureServer/0,EPSG:4326,2026-03-14..2026-08-27,"Cabinet of Ministers Resolution No. 48, 04.03.2014, art. 26-30",https://www.lex.uz/uz/docs/-2349371,2026-09-18,A,NULL
1726269048,1726269048,1726269048,Shaxrisabz,NULL,NULL,NULL,Shaxrisabz mahalla fuqarolar yigʻini,NULL,NULL,Mahalla fuqarolar yigʻini (MFY),1726269,Mirzo Ulugʻbek tumani,Мирзо-Улугбекский район,Toshkent shahri,CURRENT / ACTIVE,Kadastr agentligi (Etirof) official MFY register,https://api-etirof.kadastr.uz/api/v1/commons/selects/neighborhoods,NULL,NULL,NULL,NULL,NO,NO,UNKNOWN,NULL,NULL,NULL,NULL,"Cabinet of Ministers Resolution No. 48, 04.03.2014, art. 26-30",https://www.lex.uz/uz/docs/-2349371,2026-09-18,A,Name and code OFFICIAL; polygon not present in the public cadastre mahalla layer as of 2026-09-18
1726269049,1726269049,1726269049,Elobod,NULL,NULL,NULL,Elobod mahalla fuqarolar yigʻini,NULL,NULL,Mahalla fuqarolar yigʻini (MFY),1726269,Mirzo Ulugʻbek tumani,Мирзо-Улугбекский район,Toshkent shahri,CURRENT / ACTIVE,Kadastr agentligi (Etirof) official MFY register,https://api-etirof.kadastr.uz/api/v1/commons/selects/neighborhoods,34.78,34.71,41.32884,69.33226,YES,YES,OFFICIAL,Kadastr agentligi - open.ngis.uz UZKAD/MAHALLA_UZKAD_DB16,https://db.ngis.uz/db/rest/services/UZKAD/MAHALLA_UZKAD_DB16/FeatureServer/0,EPSG:4326,2026-03-14..2026-08-27,"Cabinet of Ministers Resolution No. 48, 04.03.2014, art. 26-30",https://www.lex.uz/uz/docs/-2349371,2026-09-18,A,NULL
1726269050,1726269050,1726269050,Temuriylar,NULL,NULL,NULL,Temuriylar mahalla fuqarolar yigʻini,NULL,NULL,Mahalla fuqarolar yigʻini (MFY),1726269,Mirzo Ulugʻbek tumani,Мирзо-Улугбекский район,Toshkent shahri,CURRENT / ACTIVE,Kadastr agentligi (Etirof) official MFY register,https://api-etirof.kadastr.uz/api/v1/commons/selects/neighborhoods,NULL,NULL,NULL,NULL,NO,NO,UNKNOWN,NULL,NULL,NULL,NULL,"Cabinet of Ministers Resolution No. 48, 04.03.2014, art. 26-30",https://www.lex.uz/uz/docs/-2349371,2026-09-18,A,Name and code OFFICIAL; polygon not present in the public cadastre mahalla layer as of 2026-09-18
1726269051,1726269051,1726269051,Ko'hna mevazor,NULL,NULL,NULL,Ko'hna mevazor mahalla fuqarolar yigʻini,NULL,NULL,Mahalla fuqarolar yigʻini (MFY),1726269,Mirzo Ulugʻbek tumani,Мирзо-Улугбекский район,Toshkent shahri,CURRENT / ACTIVE,Kadastr agentligi (Etirof) official MFY register,https://api-etirof.kadastr.uz/api/v1/commons/selects/neighborhoods,103.96,104.63,41.31082,69.35258,YES,YES,OFFICIAL,Kadastr agentligi - open.ngis.uz UZKAD/MAHALLA_UZKAD_DB16,https://db.ngis.uz/db/rest/services/UZKAD/MAHALLA_UZKAD_DB16/FeatureServer/0,EPSG:4326,2026-03-14..2026-08-27,"Cabinet of Ministers Resolution No. 48, 04.03.2014, art. 26-30",https://www.lex.uz/uz/docs/-2349371,2026-09-18,A,NULL
1726269052,1726269052,1726269052,Sarbon,NULL,NULL,NULL,Sarbon mahalla fuqarolar yigʻini,NULL,NULL,Mahalla fuqarolar yigʻini (MFY),1726269,Mirzo Ulugʻbek tumani,Мирзо-Улугбекский район,Toshkent shahri,CURRENT / ACTIVE,Kadastr agentligi (Etirof) official MFY register,https://api-etirof.kadastr.uz/api/v1/commons/selects/neighborhoods,NULL,NULL,NULL,NULL,NO,NO,UNKNOWN,NULL,NULL,NULL,NULL,"Cabinet of Ministers Resolution No. 48, 04.03.2014, art. 26-30",https://www.lex.uz/uz/docs/-2349371,2026-09-18,A,Name and code OFFICIAL; polygon not present in the public cadastre mahalla layer as of 2026-09-18
1726269053,1726269053,1726269053,Gulzor-1,NULL,NULL,NULL,Gulzor-1 mahalla fuqarolar yigʻini,NULL,NULL,Mahalla fuqarolar yigʻini (MFY),1726269,Mirzo Ulugʻbek tumani,Мирзо-Улугбекский район,Toshkent shahri,CURRENT / ACTIVE,Kadastr agentligi (Etirof) official MFY register,https://api-etirof.kadastr.uz/api/v1/commons/selects/neighborhoods,71.0,71.1,41.31595,69.36333,YES,YES,OFFICIAL,Kadastr agentligi - open.ngis.uz UZKAD/MAHALLA_UZKAD_DB16,https://db.ngis.uz/db/rest/services/UZKAD/MAHALLA_UZKAD_DB16/FeatureServer/0,EPSG:4326,2026-03-14..2026-08-27,"Cabinet of Ministers Resolution No. 48, 04.03.2014, art. 26-30",https://www.lex.uz/uz/docs/-2349371,2026-09-18,A,NULL
1726269054,1726269054,1726269054,Oydin,NULL,NULL,NULL,Oydin mahalla fuqarolar yigʻini,NULL,NULL,Mahalla fuqarolar yigʻini (MFY),1726269,Mirzo Ulugʻbek tumani,Мирзо-Улугбекский район,Toshkent shahri,CURRENT / ACTIVE,Kadastr agentligi (Etirof) official MFY register,https://api-etirof.kadastr.uz/api/v1/commons/selects/neighborhoods,68.71,69.02,41.33451,69.30716,YES,YES,OFFICIAL,Kadastr agentligi - open.ngis.uz UZKAD/MAHALLA_UZKAD_DB16,https://db.ngis.uz/db/rest/services/UZKAD/MAHALLA_UZKAD_DB16/FeatureServer/0,EPSG:4326,2026-03-14..2026-08-27,"Cabinet of Ministers Resolution No. 48, 04.03.2014, art. 26-30",https://www.lex.uz/uz/docs/-2349371,2026-09-18,A,NULL
1726269055,1726269055,1726269055,Yangi Olmachi,NULL,NULL,NULL,Yangi Olmachi mahalla fuqarolar yigʻini,NULL,NULL,Mahalla fuqarolar yigʻini (MFY),1726269,Mirzo Ulugʻbek tumani,Мирзо-Улугбекский район,Toshkent shahri,CURRENT / ACTIVE,Kadastr agentligi (Etirof) official MFY register,https://api-etirof.kadastr.uz/api/v1/commons/selects/neighborhoods,57.11,57.01,41.3216,69.31895,YES,YES,OFFICIAL,Kadastr agentligi - open.ngis.uz UZKAD/MAHALLA_UZKAD_DB16,https://db.ngis.uz/db/rest/services/UZKAD/MAHALLA_UZKAD_DB16/FeatureServer/0,EPSG:4326,2026-03-14..2026-08-27,"Cabinet of Ministers Resolution No. 48, 04.03.2014, art. 26-30",https://www.lex.uz/uz/docs/-2349371,2026-09-18,A,NULL
1726269056,1726269056,1726269056,Bahor,NULL,NULL,NULL,Bahor mahalla fuqarolar yigʻini,NULL,NULL,Mahalla fuqarolar yigʻini (MFY),1726269,Mirzo Ulugʻbek tumani,Мирзо-Улугбекский район,Toshkent shahri,CURRENT / ACTIVE,Kadastr agentligi (Etirof) official MFY register,https://api-etirof.kadastr.uz/api/v1/commons/selects/neighborhoods,NULL,NULL,NULL,NULL,NO,NO,UNKNOWN,NULL,NULL,NULL,NULL,"Cabinet of Ministers Resolution No. 48, 04.03.2014, art. 26-30",https://www.lex.uz/uz/docs/-2349371,2026-09-18,A,Name and code OFFICIAL; polygon not present in the public cadastre mahalla layer as of 2026-09-18
1726269057,1726269057,1726269057,Bogʻimaydon,NULL,NULL,NULL,Bogʻimaydon mahalla fuqarolar yigʻini,NULL,NULL,Mahalla fuqarolar yigʻini (MFY),1726269,Mirzo Ulugʻbek tumani,Мирзо-Улугбекский район,Toshkent shahri,CURRENT / ACTIVE,Kadastr agentligi (Etirof) official MFY register,https://api-etirof.kadastr.uz/api/v1/commons/selects/neighborhoods,24.1,24.11,41.35053,69.3482,YES,YES,OFFICIAL,Kadastr agentligi - open.ngis.uz UZKAD/MAHALLA_UZKAD_DB16,https://db.ngis.uz/db/rest/services/UZKAD/MAHALLA_UZKAD_DB16/FeatureServer/0,EPSG:4326,2026-03-14..2026-08-27,"Cabinet of Ministers Resolution No. 48, 04.03.2014, art. 26-30",https://www.lex.uz/uz/docs/-2349371,2026-09-18,A,NULL
1726269058,1726269058,1726269058,Boʻz,NULL,NULL,NULL,Boʻz mahalla fuqarolar yigʻini,NULL,NULL,Mahalla fuqarolar yigʻini (MFY),1726269,Mirzo Ulugʻbek tumani,Мирзо-Улугбекский район,Toshkent shahri,CURRENT / ACTIVE,Kadastr agentligi (Etirof) official MFY register,https://api-etirof.kadastr.uz/api/v1/commons/selects/neighborhoods,42.44,42.42,41.33483,69.33284,YES,YES,OFFICIAL,Kadastr agentligi - open.ngis.uz UZKAD/MAHALLA_UZKAD_DB16,https://db.ngis.uz/db/rest/services/UZKAD/MAHALLA_UZKAD_DB16/FeatureServer/0,EPSG:4326,2026-03-14..2026-08-27,"Cabinet of Ministers Resolution No. 48, 04.03.2014, art. 26-30",https://www.lex.uz/uz/docs/-2349371,2026-09-18,A,NULL
1726269059,1726269059,1726269059,Kamolot,NULL,NULL,NULL,Kamolot mahalla fuqarolar yigʻini,NULL,NULL,Mahalla fuqarolar yigʻini (MFY),1726269,Mirzo Ulugʻbek tumani,Мирзо-Улугбекский район,Toshkent shahri,CURRENT / ACTIVE,Kadastr agentligi (Etirof) official MFY register,https://api-etirof.kadastr.uz/api/v1/commons/selects/neighborhoods,29.34,29.33,41.35704,69.36194,YES,YES,OFFICIAL,Kadastr agentligi - open.ngis.uz UZKAD/MAHALLA_UZKAD_DB16,https://db.ngis.uz/db/rest/services/UZKAD/MAHALLA_UZKAD_DB16/FeatureServer/0,EPSG:4326,2026-03-14..2026-08-27,"Cabinet of Ministers Resolution No. 48, 04.03.2014, art. 26-30",https://www.lex.uz/uz/docs/-2349371,2026-09-18,A,NULL
1726269060,1726269060,1726269060,Katta Yalongʻoch-ota,NULL,NULL,NULL,Katta Yalongʻoch-ota mahalla fuqarolar yigʻini,NULL,NULL,Mahalla fuqarolar yigʻini (MFY),1726269,Mirzo Ulugʻbek tumani,Мирзо-Улугбекский район,Toshkent shahri,CURRENT / ACTIVE,Kadastr agentligi (Etirof) official MFY register,https://api-etirof.kadastr.uz/api/v1/commons/selects/neighborhoods,51.12,50.97,41.35319,69.35519,YES,YES,OFFICIAL,Kadastr agentligi - open.ngis.uz UZKAD/MAHALLA_UZKAD_DB16,https://db.ngis.uz/db/rest/services/UZKAD/MAHALLA_UZKAD_DB16/FeatureServer/0,EPSG:4326,2026-03-14..2026-08-27,"Cabinet of Ministers Resolution No. 48, 04.03.2014, art. 26-30",https://www.lex.uz/uz/docs/-2349371,2026-09-18,A,NULL
1726269061,1726269061,1726269061,Navnihol,NULL,NULL,NULL,Navnihol mahalla fuqarolar yigʻini,NULL,NULL,Mahalla fuqarolar yigʻini (MFY),1726269,Mirzo Ulugʻbek tumani,Мирзо-Улугбекский район,Toshkent shahri,CURRENT / ACTIVE,Kadastr agentligi (Etirof) official MFY register,https://api-etirof.kadastr.uz/api/v1/commons/selects/neighborhoods,96.66,96.97,41.3465,69.33296,YES,YES,OFFICIAL,Kadastr agentligi - open.ngis.uz UZKAD/MAHALLA_UZKAD_DB16,https://db.ngis.uz/db/rest/services/UZKAD/MAHALLA_UZKAD_DB16/FeatureServer/0,EPSG:4326,2026-03-14..2026-08-27,"Cabinet of Ministers Resolution No. 48, 04.03.2014, art. 26-30",https://www.lex.uz/uz/docs/-2349371,2026-09-18,A,NULL
1726269062,1726269062,1726269062,Nodirabegim,NULL,NULL,NULL,Nodirabegim mahalla fuqarolar yigʻini,NULL,NULL,Mahalla fuqarolar yigʻini (MFY),1726269,Mirzo Ulugʻbek tumani,Мирзо-Улугбекский район,Toshkent shahri,CURRENT / ACTIVE,Kadastr agentligi (Etirof) official MFY register,https://api-etirof.kadastr.uz/api/v1/commons/selects/neighborhoods,NULL,NULL,NULL,NULL,NO,NO,UNKNOWN,NULL,NULL,NULL,NULL,"Cabinet of Ministers Resolution No. 48, 04.03.2014, art. 26-30",https://www.lex.uz/uz/docs/-2349371,2026-09-18,A,Name and code OFFICIAL; polygon not present in the public cadastre mahalla layer as of 2026-09-18
1726269063,1726269063,1726269063,Oliy Himmat,NULL,NULL,NULL,Oliy Himmat mahalla fuqarolar yigʻini,NULL,NULL,Mahalla fuqarolar yigʻini (MFY),1726269,Mirzo Ulugʻbek tumani,Мирзо-Улугбекский район,Toshkent shahri,CURRENT / ACTIVE,Kadastr agentligi (Etirof) official MFY register,https://api-etirof.kadastr.uz/api/v1/commons/selects/neighborhoods,126.33,125.74,41.34086,69.32491,YES,YES,OFFICIAL,Kadastr agentligi - open.ngis.uz UZKAD/MAHALLA_UZKAD_DB16,https://db.ngis.uz/db/rest/services/UZKAD/MAHALLA_UZKAD_DB16/FeatureServer/0,EPSG:4326,2026-03-14..2026-08-27,"Cabinet of Ministers Resolution No. 48, 04.03.2014, art. 26-30",https://www.lex.uz/uz/docs/-2349371,2026-09-18,A,NULL
1726269064,1726269064,1726269064,Olimlar,NULL,NULL,NULL,Olimlar mahalla fuqarolar yigʻini,NULL,NULL,Mahalla fuqarolar yigʻini (MFY),1726269,Mirzo Ulugʻbek tumani,Мирзо-Улугбекский район,Toshkent shahri,CURRENT / ACTIVE,Kadastr agentligi (Etirof) official MFY register,https://api-etirof.kadastr.uz/api/v1/commons/selects/neighborhoods,26.86,26.74,41.34215,69.34052,YES,YES,OFFICIAL,Kadastr agentligi - open.ngis.uz UZKAD/MAHALLA_UZKAD_DB16,https://db.ngis.uz/db/rest/services/UZKAD/MAHALLA_UZKAD_DB16/FeatureServer/0,EPSG:4326,2026-03-14..2026-08-27,"Cabinet of Ministers Resolution No. 48, 04.03.2014, art. 26-30",https://www.lex.uz/uz/docs/-2349371,2026-09-18,A,NULL
1726269065,1726269065,1726269065,Sayram,NULL,NULL,NULL,Sayram mahalla fuqarolar yigʻini,NULL,NULL,Mahalla fuqarolar yigʻini (MFY),1726269,Mirzo Ulugʻbek tumani,Мирзо-Улугбекский район,Toshkent shahri,CURRENT / ACTIVE,Kadastr agentligi (Etirof) official MFY register,https://api-etirof.kadastr.uz/api/v1/commons/selects/neighborhoods,117.5,117.08,41.33195,69.32154,YES,YES,OFFICIAL,Kadastr agentligi - open.ngis.uz UZKAD/MAHALLA_UZKAD_DB16,https://db.ngis.uz/db/rest/services/UZKAD/MAHALLA_UZKAD_DB16/FeatureServer/0,EPSG:4326,2026-03-14..2026-08-27,"Cabinet of Ministers Resolution No. 48, 04.03.2014, art. 26-30",https://www.lex.uz/uz/docs/-2349371,2026-09-18,A,NULL
1726269066,1726269066,1726269066,Feruza,NULL,NULL,NULL,Feruza mahalla fuqarolar yigʻini,NULL,NULL,Mahalla fuqarolar yigʻini (MFY),1726269,Mirzo Ulugʻbek tumani,Мирзо-Улугбекский район,Toshkent shahri,CURRENT / ACTIVE,Kadastr agentligi (Etirof) official MFY register,https://api-etirof.kadastr.uz/api/v1/commons/selects/neighborhoods,20.09,20.31,41.35913,69.36954,YES,YES,OFFICIAL,Kadastr agentligi - open.ngis.uz UZKAD/MAHALLA_UZKAD_DB16,https://db.ngis.uz/db/rest/services/UZKAD/MAHALLA_UZKAD_DB16/FeatureServer/0,EPSG:4326,2026-03-14..2026-08-27,"Cabinet of Ministers Resolution No. 48, 04.03.2014, art. 26-30",https://www.lex.uz/uz/docs/-2349371,2026-09-18,A,NULL
1726269067,1726269067,1726269067,Xabib Abdullayev,NULL,NULL,NULL,Xabib Abdullayev mahalla fuqarolar yigʻini,NULL,NULL,Mahalla fuqarolar yigʻini (MFY),1726269,Mirzo Ulugʻbek tumani,Мирзо-Улугбекский район,Toshkent shahri,CURRENT / ACTIVE,Kadastr agentligi (Etirof) official MFY register,https://api-etirof.kadastr.uz/api/v1/commons/selects/neighborhoods,23.15,22.97,41.34697,69.34448,YES,YES,OFFICIAL,Kadastr agentligi - open.ngis.uz UZKAD/MAHALLA_UZKAD_DB16,https://db.ngis.uz/db/rest/services/UZKAD/MAHALLA_UZKAD_DB16/FeatureServer/0,EPSG:4326,2026-03-14..2026-08-27,"Cabinet of Ministers Resolution No. 48, 04.03.2014, art. 26-30",https://www.lex.uz/uz/docs/-2349371,2026-09-18,A,NULL
1726269068,1726269068,1726269068,Shalola,NULL,NULL,NULL,Shalola mahalla fuqarolar yigʻini,NULL,NULL,Mahalla fuqarolar yigʻini (MFY),1726269,Mirzo Ulugʻbek tumani,Мирзо-Улугбекский район,Toshkent shahri,CURRENT / ACTIVE,Kadastr agentligi (Etirof) official MFY register,https://api-etirof.kadastr.uz/api/v1/commons/selects/neighborhoods,39.71,39.61,41.35237,69.36609,YES,YES,OFFICIAL,Kadastr agentligi - open.ngis.uz UZKAD/MAHALLA_UZKAD_DB16,https://db.ngis.uz/db/rest/services/UZKAD/MAHALLA_UZKAD_DB16/FeatureServer/0,EPSG:4326,2026-03-14..2026-08-27,"Cabinet of Ministers Resolution No. 48, 04.03.2014, art. 26-30",https://www.lex.uz/uz/docs/-2349371,2026-09-18,A,NULL
1726269069,1726269069,1726269069,Shaxriobod,NULL,NULL,NULL,Shaxriobod mahalla fuqarolar yigʻini,NULL,NULL,Mahalla fuqarolar yigʻini (MFY),1726269,Mirzo Ulugʻbek tumani,Мирзо-Улугбекский район,Toshkent shahri,CURRENT / ACTIVE,Kadastr agentligi (Etirof) official MFY register,https://api-etirof.kadastr.uz/api/v1/commons/selects/neighborhoods,60.71,61.09,41.35161,69.34084,YES,YES,OFFICIAL,Kadastr agentligi - open.ngis.uz UZKAD/MAHALLA_UZKAD_DB16,https://db.ngis.uz/db/rest/services/UZKAD/MAHALLA_UZKAD_DB16/FeatureServer/0,EPSG:4326,2026-03-14..2026-08-27,"Cabinet of Ministers Resolution No. 48, 04.03.2014, art. 26-30",https://www.lex.uz/uz/docs/-2349371,2026-09-18,A,NULL
1726269070,1726269070,1726269070,Yangi Kamolot,NULL,NULL,NULL,Yangi Kamolot mahalla fuqarolar yigʻini,NULL,NULL,Mahalla fuqarolar yigʻini (MFY),1726269,Mirzo Ulugʻbek tumani,Мирзо-Улугбекский район,Toshkent shahri,CURRENT / ACTIVE,Kadastr agentligi (Etirof) official MFY register,https://api-etirof.kadastr.uz/api/v1/commons/selects/neighborhoods,26.63,26.52,41.35899,69.36576,YES,YES,OFFICIAL,Kadastr agentligi - open.ngis.uz UZKAD/MAHALLA_UZKAD_DB16,https://db.ngis.uz/db/rest/services/UZKAD/MAHALLA_UZKAD_DB16/FeatureServer/0,EPSG:4326,2026-03-14..2026-08-27,"Cabinet of Ministers Resolution No. 48, 04.03.2014, art. 26-30",https://www.lex.uz/uz/docs/-2349371,2026-09-18,A,NULL
1726273001,1726273001,1726273001,Banokatiy,NULL,NULL,NULL,Banokatiy mahalla fuqarolar yigʻini,NULL,NULL,Mahalla fuqarolar yigʻini (MFY),1726273,Mirobod tumani,Мирабадский район,Toshkent shahri,CURRENT / ACTIVE,Kadastr agentligi (Etirof) official MFY register,https://api-etirof.kadastr.uz/api/v1/commons/selects/neighborhoods,72.48,72.15,41.27423,69.28484,YES,YES,OFFICIAL,Kadastr agentligi - open.ngis.uz UZKAD/MAHALLA_UZKAD_DB16,https://db.ngis.uz/db/rest/services/UZKAD/MAHALLA_UZKAD_DB16/FeatureServer/0,EPSG:4326,2026-03-14..2026-08-27,"Cabinet of Ministers Resolution No. 48, 04.03.2014, art. 26-30",https://www.lex.uz/uz/docs/-2349371,2026-09-18,A,NULL
1726273002,1726273002,1726273002,Yangi Zamon,NULL,NULL,NULL,Yangi Zamon mahalla fuqarolar yigʻini,NULL,NULL,Mahalla fuqarolar yigʻini (MFY),1726273,Mirobod tumani,Мирабадский район,Toshkent shahri,CURRENT / ACTIVE,Kadastr agentligi (Etirof) official MFY register,https://api-etirof.kadastr.uz/api/v1/commons/selects/neighborhoods,31.12,31.05,41.27755,69.29252,YES,YES,OFFICIAL,Kadastr agentligi - open.ngis.uz UZKAD/MAHALLA_UZKAD_DB16,https://db.ngis.uz/db/rest/services/UZKAD/MAHALLA_UZKAD_DB16/FeatureServer/0,EPSG:4326,2026-03-14..2026-08-27,"Cabinet of Ministers Resolution No. 48, 04.03.2014, art. 26-30",https://www.lex.uz/uz/docs/-2349371,2026-09-18,A,NULL
1726273003,1726273003,1726273003,A.Fitrat,NULL,NULL,NULL,A.Fitrat mahalla fuqarolar yigʻini,NULL,NULL,Mahalla fuqarolar yigʻini (MFY),1726273,Mirobod tumani,Мирабадский район,Toshkent shahri,CURRENT / ACTIVE,Kadastr agentligi (Etirof) official MFY register,https://api-etirof.kadastr.uz/api/v1/commons/selects/neighborhoods,44.23,44.33,41.27249,69.29758,YES,YES,OFFICIAL,Kadastr agentligi - open.ngis.uz UZKAD/MAHALLA_UZKAD_DB16,https://db.ngis.uz/db/rest/services/UZKAD/MAHALLA_UZKAD_DB16/FeatureServer/0,EPSG:4326,2026-03-14..2026-08-27,"Cabinet of Ministers Resolution No. 48, 04.03.2014, art. 26-30",https://www.lex.uz/uz/docs/-2349371,2026-09-18,A,NULL
1726273004,1726273004,1726273004,Furqat,NULL,NULL,NULL,Furqat mahalla fuqarolar yigʻini,NULL,NULL,Mahalla fuqarolar yigʻini (MFY),1726273,Mirobod tumani,Мирабадский район,Toshkent shahri,CURRENT / ACTIVE,Kadastr agentligi (Etirof) official MFY register,https://api-etirof.kadastr.uz/api/v1/commons/selects/neighborhoods,45.45,45.32,41.2775,69.30275,YES,YES,OFFICIAL,Kadastr agentligi - open.ngis.uz UZKAD/MAHALLA_UZKAD_DB16,https://db.ngis.uz/db/rest/services/UZKAD/MAHALLA_UZKAD_DB16/FeatureServer/0,EPSG:4326,2026-03-14..2026-08-27,"Cabinet of Ministers Resolution No. 48, 04.03.2014, art. 26-30",https://www.lex.uz/uz/docs/-2349371,2026-09-18,A,NULL
1726273005,1726273005,1726273005,Sarikoʻl,NULL,NULL,NULL,Sarikoʻl mahalla fuqarolar yigʻini,NULL,NULL,Mahalla fuqarolar yigʻini (MFY),1726273,Mirobod tumani,Мирабадский район,Toshkent shahri,CURRENT / ACTIVE,Kadastr agentligi (Etirof) official MFY register,https://api-etirof.kadastr.uz/api/v1/commons/selects/neighborhoods,47.33,47.65,41.269,69.29293,YES,YES,OFFICIAL,Kadastr agentligi - open.ngis.uz UZKAD/MAHALLA_UZKAD_DB16,https://db.ngis.uz/db/rest/services/UZKAD/MAHALLA_UZKAD_DB16/FeatureServer/0,EPSG:4326,2026-03-14..2026-08-27,"Cabinet of Ministers Resolution No. 48, 04.03.2014, art. 26-30",https://www.lex.uz/uz/docs/-2349371,2026-09-18,A,NULL
1726273006,1726273006,1726273006,Oltinkoʻl,NULL,NULL,NULL,Oltinkoʻl mahalla fuqarolar yigʻini,NULL,NULL,Mahalla fuqarolar yigʻini (MFY),1726273,Mirobod tumani,Мирабадский район,Toshkent shahri,CURRENT / ACTIVE,Kadastr agentligi (Etirof) official MFY register,https://api-etirof.kadastr.uz/api/v1/commons/selects/neighborhoods,32.8,32.95,41.27326,69.30552,YES,YES,OFFICIAL,Kadastr agentligi - open.ngis.uz UZKAD/MAHALLA_UZKAD_DB16,https://db.ngis.uz/db/rest/services/UZKAD/MAHALLA_UZKAD_DB16/FeatureServer/0,EPSG:4326,2026-03-14..2026-08-27,"Cabinet of Ministers Resolution No. 48, 04.03.2014, art. 26-30",https://www.lex.uz/uz/docs/-2349371,2026-09-18,A,NULL
1726273007,1726273007,1726273007,Qorasuv,NULL,NULL,NULL,Qorasuv mahalla fuqarolar yigʻini,NULL,NULL,Mahalla fuqarolar yigʻini (MFY),1726273,Mirobod tumani,Мирабадский район,Toshkent shahri,CURRENT / ACTIVE,Kadastr agentligi (Etirof) official MFY register,https://api-etirof.kadastr.uz/api/v1/commons/selects/neighborhoods,54.95,55.44,41.26879,69.30478,YES,YES,OFFICIAL,Kadastr agentligi - open.ngis.uz UZKAD/MAHALLA_UZKAD_DB16,https://db.ngis.uz/db/rest/services/UZKAD/MAHALLA_UZKAD_DB16/FeatureServer/0,EPSG:4326,2026-03-14..2026-08-27,"Cabinet of Ministers Resolution No. 48, 04.03.2014, art. 26-30",https://www.lex.uz/uz/docs/-2349371,2026-09-18,A,NULL
1726273008,1726273008,1726273008,Oq uy,NULL,NULL,NULL,Oq uy mahalla fuqarolar yigʻini,NULL,NULL,Mahalla fuqarolar yigʻini (MFY),1726273,Mirobod tumani,Мирабадский район,Toshkent shahri,CURRENT / ACTIVE,Kadastr agentligi (Etirof) official MFY register,https://api-etirof.kadastr.uz/api/v1/commons/selects/neighborhoods,NULL,NULL,NULL,NULL,NO,NO,UNKNOWN,NULL,NULL,NULL,NULL,"Cabinet of Ministers Resolution No. 48, 04.03.2014, art. 26-30",https://www.lex.uz/uz/docs/-2349371,2026-09-18,A,Name and code OFFICIAL; polygon not present in the public cadastre mahalla layer as of 2026-09-18
1726273009,1726273009,1726273009,Fayziobod,NULL,NULL,NULL,Fayziobod mahalla fuqarolar yigʻini,NULL,NULL,Mahalla fuqarolar yigʻini (MFY),1726273,Mirobod tumani,Мирабадский район,Toshkent shahri,CURRENT / ACTIVE,Kadastr agentligi (Etirof) official MFY register,https://api-etirof.kadastr.uz/api/v1/commons/selects/neighborhoods,NULL,NULL,NULL,NULL,NO,NO,UNKNOWN,NULL,NULL,NULL,NULL,"Cabinet of Ministers Resolution No. 48, 04.03.2014, art. 26-30",https://www.lex.uz/uz/docs/-2349371,2026-09-18,A,Name and code OFFICIAL; polygon not present in the public cadastre mahalla layer as of 2026-09-18
1726273010,1726273010,1726273010,Ming oʻrik,NULL,NULL,NULL,Ming oʻrik mahalla fuqarolar yigʻini,NULL,NULL,Mahalla fuqarolar yigʻini (MFY),1726273,Mirobod tumani,Мирабадский район,Toshkent shahri,CURRENT / ACTIVE,Kadastr agentligi (Etirof) official MFY register,https://api-etirof.kadastr.uz/api/v1/commons/selects/neighborhoods,60.21,60.18,41.30379,69.2816,YES,YES,OFFICIAL,Kadastr agentligi - open.ngis.uz UZKAD/MAHALLA_UZKAD_DB16,https://db.ngis.uz/db/rest/services/UZKAD/MAHALLA_UZKAD_DB16/FeatureServer/0,EPSG:4326,2026-03-14..2026-08-27,"Cabinet of Ministers Resolution No. 48, 04.03.2014, art. 26-30",https://www.lex.uz/uz/docs/-2349371,2026-09-18,A,NULL
1726273011,1726273011,1726273011,Sh.Rashidov,NULL,NULL,NULL,Sh.Rashidov mahalla fuqarolar yigʻini,NULL,NULL,Mahalla fuqarolar yigʻini (MFY),1726273,Mirobod tumani,Мирабадский район,Toshkent shahri,CURRENT / ACTIVE,Kadastr agentligi (Etirof) official MFY register,https://api-etirof.kadastr.uz/api/v1/commons/selects/neighborhoods,72.6,72.64,41.30742,69.27369,YES,YES,OFFICIAL,Kadastr agentligi - open.ngis.uz UZKAD/MAHALLA_UZKAD_DB16,https://db.ngis.uz/db/rest/services/UZKAD/MAHALLA_UZKAD_DB16/FeatureServer/0,EPSG:4326,2026-03-14..2026-08-27,"Cabinet of Ministers Resolution No. 48, 04.03.2014, art. 26-30",https://www.lex.uz/uz/docs/-2349371,2026-09-18,A,NULL
1726273012,1726273012,1726273012,Afrosiyob,NULL,NULL,NULL,Afrosiyob mahalla fuqarolar yigʻini,NULL,NULL,Mahalla fuqarolar yigʻini (MFY),1726273,Mirobod tumani,Мирабадский район,Toshkent shahri,CURRENT / ACTIVE,Kadastr agentligi (Etirof) official MFY register,https://api-etirof.kadastr.uz/api/v1/commons/selects/neighborhoods,28.5,28.44,41.30215,69.27304,YES,YES,OFFICIAL,Kadastr agentligi - open.ngis.uz UZKAD/MAHALLA_UZKAD_DB16,https://db.ngis.uz/db/rest/services/UZKAD/MAHALLA_UZKAD_DB16/FeatureServer/0,EPSG:4326,2026-03-14..2026-08-27,"Cabinet of Ministers Resolution No. 48, 04.03.2014, art. 26-30",https://www.lex.uz/uz/docs/-2349371,2026-09-18,A,NULL
1726273013,1726273013,1726273013,Oybek,NULL,NULL,NULL,Oybek mahalla fuqarolar yigʻini,NULL,NULL,Mahalla fuqarolar yigʻini (MFY),1726273,Mirobod tumani,Мирабадский район,Toshkent shahri,CURRENT / ACTIVE,Kadastr agentligi (Etirof) official MFY register,https://api-etirof.kadastr.uz/api/v1/commons/selects/neighborhoods,46.59,46.7,41.29706,69.27959,YES,YES,OFFICIAL,Kadastr agentligi - open.ngis.uz UZKAD/MAHALLA_UZKAD_DB16,https://db.ngis.uz/db/rest/services/UZKAD/MAHALLA_UZKAD_DB16/FeatureServer/0,EPSG:4326,2026-03-14..2026-08-27,"Cabinet of Ministers Resolution No. 48, 04.03.2014, art. 26-30",https://www.lex.uz/uz/docs/-2349371,2026-09-18,A,NULL
1726273014,1726273014,1726273014,Movarounnaxr,NULL,NULL,NULL,Movarounnaxr mahalla fuqarolar yigʻini,NULL,NULL,Mahalla fuqarolar yigʻini (MFY),1726273,Mirobod tumani,Мирабадский район,Toshkent shahri,CURRENT / ACTIVE,Kadastr agentligi (Etirof) official MFY register,https://api-etirof.kadastr.uz/api/v1/commons/selects/neighborhoods,24.25,24.25,41.29991,69.28672,YES,YES,OFFICIAL,Kadastr agentligi - open.ngis.uz UZKAD/MAHALLA_UZKAD_DB16,https://db.ngis.uz/db/rest/services/UZKAD/MAHALLA_UZKAD_DB16/FeatureServer/0,EPSG:4326,2026-03-14..2026-08-27,"Cabinet of Ministers Resolution No. 48, 04.03.2014, art. 26-30",https://www.lex.uz/uz/docs/-2349371,2026-09-18,A,NULL
1726273015,1726273015,1726273015,Salar,NULL,NULL,NULL,Salar mahalla fuqarolar yigʻini,NULL,NULL,Mahalla fuqarolar yigʻini (MFY),1726273,Mirobod tumani,Мирабадский район,Toshkent shahri,CURRENT / ACTIVE,Kadastr agentligi (Etirof) official MFY register,https://api-etirof.kadastr.uz/api/v1/commons/selects/neighborhoods,59.82,59.4,41.29414,69.28575,YES,YES,OFFICIAL,Kadastr agentligi - open.ngis.uz UZKAD/MAHALLA_UZKAD_DB16,https://db.ngis.uz/db/rest/services/UZKAD/MAHALLA_UZKAD_DB16/FeatureServer/0,EPSG:4326,2026-03-14..2026-08-27,"Cabinet of Ministers Resolution No. 48, 04.03.2014, art. 26-30",https://www.lex.uz/uz/docs/-2349371,2026-09-18,A,NULL
1726273016,1726273016,1726273016,At-Termiziy,NULL,NULL,NULL,At-Termiziy mahalla fuqarolar yigʻini,NULL,NULL,Mahalla fuqarolar yigʻini (MFY),1726273,Mirobod tumani,Мирабадский район,Toshkent shahri,CURRENT / ACTIVE,Kadastr agentligi (Etirof) official MFY register,https://api-etirof.kadastr.uz/api/v1/commons/selects/neighborhoods,11.32,11.29,41.30134,69.26845,YES,YES,OFFICIAL,Kadastr agentligi - open.ngis.uz UZKAD/MAHALLA_UZKAD_DB16,https://db.ngis.uz/db/rest/services/UZKAD/MAHALLA_UZKAD_DB16/FeatureServer/0,EPSG:4326,2026-03-14..2026-08-27,"Cabinet of Ministers Resolution No. 48, 04.03.2014, art. 26-30",https://www.lex.uz/uz/docs/-2349371,2026-09-18,A,NULL
1726273017,1726273017,1726273017,Lolazor,NULL,NULL,NULL,Lolazor mahalla fuqarolar yigʻini,NULL,NULL,Mahalla fuqarolar yigʻini (MFY),1726273,Mirobod tumani,Мирабадский район,Toshkent shahri,CURRENT / ACTIVE,Kadastr agentligi (Etirof) official MFY register,https://api-etirof.kadastr.uz/api/v1/commons/selects/neighborhoods,16.22,16.26,41.29635,69.2724,YES,YES,OFFICIAL,Kadastr agentligi - open.ngis.uz UZKAD/MAHALLA_UZKAD_DB16,https://db.ngis.uz/db/rest/services/UZKAD/MAHALLA_UZKAD_DB16/FeatureServer/0,EPSG:4326,2026-03-14..2026-08-27,"Cabinet of Ministers Resolution No. 48, 04.03.2014, art. 26-30",https://www.lex.uz/uz/docs/-2349371,2026-09-18,A,NULL
1726273018,1726273018,1726273018,Farovon,NULL,NULL,NULL,Farovon mahalla fuqarolar yigʻini,NULL,NULL,Mahalla fuqarolar yigʻini (MFY),1726273,Mirobod tumani,Мирабадский район,Toshkent shahri,CURRENT / ACTIVE,Kadastr agentligi (Etirof) official MFY register,https://api-etirof.kadastr.uz/api/v1/commons/selects/neighborhoods,11.54,11.45,41.29849,69.27031,YES,YES,OFFICIAL,Kadastr agentligi - open.ngis.uz UZKAD/MAHALLA_UZKAD_DB16,https://db.ngis.uz/db/rest/services/UZKAD/MAHALLA_UZKAD_DB16/FeatureServer/0,EPSG:4326,2026-03-14..2026-08-27,"Cabinet of Ministers Resolution No. 48, 04.03.2014, art. 26-30",https://www.lex.uz/uz/docs/-2349371,2026-09-18,A,NULL
1726273019,1726273019,1726273019,A.Avloniy,NULL,NULL,NULL,A.Avloniy mahalla fuqarolar yigʻini,NULL,NULL,Mahalla fuqarolar yigʻini (MFY),1726273,Mirobod tumani,Мирабадский район,Toshkent shahri,CURRENT / ACTIVE,Kadastr agentligi (Etirof) official MFY register,https://api-etirof.kadastr.uz/api/v1/commons/selects/neighborhoods,30.13,30.07,41.29304,69.2749,YES,YES,OFFICIAL,Kadastr agentligi - open.ngis.uz UZKAD/MAHALLA_UZKAD_DB16,https://db.ngis.uz/db/rest/services/UZKAD/MAHALLA_UZKAD_DB16/FeatureServer/0,EPSG:4326,2026-03-14..2026-08-27,"Cabinet of Ministers Resolution No. 48, 04.03.2014, art. 26-30",https://www.lex.uz/uz/docs/-2349371,2026-09-18,A,NULL
1726273020,1726273020,1726273020,Mirobod,NULL,NULL,NULL,Mirobod mahalla fuqarolar yigʻini,NULL,NULL,Mahalla fuqarolar yigʻini (MFY),1726273,Mirobod tumani,Мирабадский район,Toshkent shahri,CURRENT / ACTIVE,Kadastr agentligi (Etirof) official MFY register,https://api-etirof.kadastr.uz/api/v1/commons/selects/neighborhoods,30.06,30.08,41.28853,69.27005,YES,YES,OFFICIAL,Kadastr agentligi - open.ngis.uz UZKAD/MAHALLA_UZKAD_DB16,https://db.ngis.uz/db/rest/services/UZKAD/MAHALLA_UZKAD_DB16/FeatureServer/0,EPSG:4326,2026-03-14..2026-08-27,"Cabinet of Ministers Resolution No. 48, 04.03.2014, art. 26-30",https://www.lex.uz/uz/docs/-2349371,2026-09-18,A,NULL
1726273021,1726273021,1726273021,Yangi Mirobod,NULL,NULL,NULL,Yangi Mirobod mahalla fuqarolar yigʻini,NULL,NULL,Mahalla fuqarolar yigʻini (MFY),1726273,Mirobod tumani,Мирабадский район,Toshkent shahri,CURRENT / ACTIVE,Kadastr agentligi (Etirof) official MFY register,https://api-etirof.kadastr.uz/api/v1/commons/selects/neighborhoods,28.52,28.73,41.28816,69.27634,YES,YES,OFFICIAL,Kadastr agentligi - open.ngis.uz UZKAD/MAHALLA_UZKAD_DB16,https://db.ngis.uz/db/rest/services/UZKAD/MAHALLA_UZKAD_DB16/FeatureServer/0,EPSG:4326,2026-03-14..2026-08-27,"Cabinet of Ministers Resolution No. 48, 04.03.2014, art. 26-30",https://www.lex.uz/uz/docs/-2349371,2026-09-18,A,NULL
1726273022,1726273022,1726273022,Baynalminal,NULL,NULL,NULL,Baynalminal mahalla fuqarolar yigʻini,NULL,NULL,Mahalla fuqarolar yigʻini (MFY),1726273,Mirobod tumani,Мирабадский район,Toshkent shahri,CURRENT / ACTIVE,Kadastr agentligi (Etirof) official MFY register,https://api-etirof.kadastr.uz/api/v1/commons/selects/neighborhoods,NULL,NULL,NULL,NULL,NO,NO,UNKNOWN,NULL,NULL,NULL,NULL,"Cabinet of Ministers Resolution No. 48, 04.03.2014, art. 26-30",https://www.lex.uz/uz/docs/-2349371,2026-09-18,A,Name and code OFFICIAL; polygon not present in the public cadastre mahalla layer as of 2026-09-18
1726273023,1726273023,1726273023,Temiryoʻlchilar,NULL,NULL,NULL,Temiryoʻlchilar mahalla fuqarolar yigʻini,NULL,NULL,Mahalla fuqarolar yigʻini (MFY),1726273,Mirobod tumani,Мирабадский район,Toshkent shahri,CURRENT / ACTIVE,Kadastr agentligi (Etirof) official MFY register,https://api-etirof.kadastr.uz/api/v1/commons/selects/neighborhoods,NULL,NULL,NULL,NULL,NO,NO,UNKNOWN,NULL,NULL,NULL,NULL,"Cabinet of Ministers Resolution No. 48, 04.03.2014, art. 26-30",https://www.lex.uz/uz/docs/-2349371,2026-09-18,A,Name and code OFFICIAL; polygon not present in the public cadastre mahalla layer as of 2026-09-18
1726273024,1726273024,1726273024,Zaminobod,NULL,NULL,NULL,Zaminobod mahalla fuqarolar yigʻini,NULL,NULL,Mahalla fuqarolar yigʻini (MFY),1726273,Mirobod tumani,Мирабадский район,Toshkent shahri,CURRENT / ACTIVE,Kadastr agentligi (Etirof) official MFY register,https://api-etirof.kadastr.uz/api/v1/commons/selects/neighborhoods,NULL,NULL,NULL,NULL,NO,NO,UNKNOWN,NULL,NULL,NULL,NULL,"Cabinet of Ministers Resolution No. 48, 04.03.2014, art. 26-30",https://www.lex.uz/uz/docs/-2349371,2026-09-18,A,Name and code OFFICIAL; polygon not present in the public cadastre mahalla layer as of 2026-09-18
1726273025,1726273025,1726273025,Birodarlik,NULL,NULL,NULL,Birodarlik mahalla fuqarolar yigʻini,NULL,NULL,Mahalla fuqarolar yigʻini (MFY),1726273,Mirobod tumani,Мирабадский район,Toshkent shahri,CURRENT / ACTIVE,Kadastr agentligi (Etirof) official MFY register,https://api-etirof.kadastr.uz/api/v1/commons/selects/neighborhoods,26.93,26.83,41.27249,69.27528,YES,YES,OFFICIAL,Kadastr agentligi - open.ngis.uz UZKAD/MAHALLA_UZKAD_DB16,https://db.ngis.uz/db/rest/services/UZKAD/MAHALLA_UZKAD_DB16/FeatureServer/0,EPSG:4326,2026-03-14..2026-08-27,"Cabinet of Ministers Resolution No. 48, 04.03.2014, art. 26-30",https://www.lex.uz/uz/docs/-2349371,2026-09-18,A,NULL
1726273026,1726273026,1726273026,Navroʻz,NULL,NULL,NULL,Navroʻz mahalla fuqarolar yigʻini,NULL,NULL,Mahalla fuqarolar yigʻini (MFY),1726273,Mirobod tumani,Мирабадский район,Toshkent shahri,CURRENT / ACTIVE,Kadastr agentligi (Etirof) official MFY register,https://api-etirof.kadastr.uz/api/v1/commons/selects/neighborhoods,NULL,NULL,NULL,NULL,NO,NO,UNKNOWN,NULL,NULL,NULL,NULL,"Cabinet of Ministers Resolution No. 48, 04.03.2014, art. 26-30",https://www.lex.uz/uz/docs/-2349371,2026-09-18,A,Name and code OFFICIAL; polygon not present in the public cadastre mahalla layer as of 2026-09-18
1726273027,1726273027,1726273027,Istiqlolobod,NULL,NULL,NULL,Istiqlolobod mahalla fuqarolar yigʻini,NULL,NULL,Mahalla fuqarolar yigʻini (MFY),1726273,Mirobod tumani,Мирабадский район,Toshkent shahri,CURRENT / ACTIVE,Kadastr agentligi (Etirof) official MFY register,https://api-etirof.kadastr.uz/api/v1/commons/selects/neighborhoods,50.91,51.33,41.28301,69.28729,YES,YES,OFFICIAL,Kadastr agentligi - open.ngis.uz UZKAD/MAHALLA_UZKAD_DB16,https://db.ngis.uz/db/rest/services/UZKAD/MAHALLA_UZKAD_DB16/FeatureServer/0,EPSG:4326,2026-03-14..2026-08-27,"Cabinet of Ministers Resolution No. 48, 04.03.2014, art. 26-30",https://www.lex.uz/uz/docs/-2349371,2026-09-18,A,NULL
1726273028,1726273028,1726273028,Tong Yulduzi,NULL,NULL,NULL,Tong Yulduzi mahalla fuqarolar yigʻini,NULL,NULL,Mahalla fuqarolar yigʻini (MFY),1726273,Mirobod tumani,Мирабадский район,Toshkent shahri,CURRENT / ACTIVE,Kadastr agentligi (Etirof) official MFY register,https://api-etirof.kadastr.uz/api/v1/commons/selects/neighborhoods,NULL,NULL,NULL,NULL,NO,NO,UNKNOWN,NULL,NULL,NULL,NULL,"Cabinet of Ministers Resolution No. 48, 04.03.2014, art. 26-30",https://www.lex.uz/uz/docs/-2349371,2026-09-18,A,Name and code OFFICIAL; polygon not present in the public cadastre mahalla layer as of 2026-09-18
1726273029,1726273029,1726273029,Inoqobod,NULL,NULL,NULL,Inoqobod mahalla fuqarolar yigʻini,NULL,NULL,Mahalla fuqarolar yigʻini (MFY),1726273,Mirobod tumani,Мирабадский район,Toshkent shahri,CURRENT / ACTIVE,Kadastr agentligi (Etirof) official MFY register,https://api-etirof.kadastr.uz/api/v1/commons/selects/neighborhoods,NULL,NULL,NULL,NULL,NO,NO,UNKNOWN,NULL,NULL,NULL,NULL,"Cabinet of Ministers Resolution No. 48, 04.03.2014, art. 26-30",https://www.lex.uz/uz/docs/-2349371,2026-09-18,A,Name and code OFFICIAL; polygon not present in the public cadastre mahalla layer as of 2026-09-18
1726273030,1726273030,1726273030,Chinor,NULL,NULL,NULL,Chinor mahalla fuqarolar yigʻini,NULL,NULL,Mahalla fuqarolar yigʻini (MFY),1726273,Mirobod tumani,Мирабадский район,Toshkent shahri,CURRENT / ACTIVE,Kadastr agentligi (Etirof) official MFY register,https://api-etirof.kadastr.uz/api/v1/commons/selects/neighborhoods,27.59,27.72,41.24674,69.31345,YES,YES,OFFICIAL,Kadastr agentligi - open.ngis.uz UZKAD/MAHALLA_UZKAD_DB16,https://db.ngis.uz/db/rest/services/UZKAD/MAHALLA_UZKAD_DB16/FeatureServer/0,EPSG:4326,2026-03-14..2026-08-27,"Cabinet of Ministers Resolution No. 48, 04.03.2014, art. 26-30",https://www.lex.uz/uz/docs/-2349371,2026-09-18,A,NULL
1726273031,1726273031,1726273031,Tolariq,NULL,NULL,NULL,Tolariq mahalla fuqarolar yigʻini,NULL,NULL,Mahalla fuqarolar yigʻini (MFY),1726273,Mirobod tumani,Мирабадский район,Toshkent shahri,CURRENT / ACTIVE,Kadastr agentligi (Etirof) official MFY register,https://api-etirof.kadastr.uz/api/v1/commons/selects/neighborhoods,14.03,14.16,41.24801,69.30546,YES,YES,OFFICIAL,Kadastr agentligi - open.ngis.uz UZKAD/MAHALLA_UZKAD_DB16,https://db.ngis.uz/db/rest/services/UZKAD/MAHALLA_UZKAD_DB16/FeatureServer/0,EPSG:4326,2026-03-14..2026-08-27,"Cabinet of Ministers Resolution No. 48, 04.03.2014, art. 26-30",https://www.lex.uz/uz/docs/-2349371,2026-09-18,A,NULL
1726273032,1726273032,1726273032,Ziyonur,NULL,NULL,NULL,Ziyonur mahalla fuqarolar yigʻini,NULL,NULL,Mahalla fuqarolar yigʻini (MFY),1726273,Mirobod tumani,Мирабадский район,Toshkent shahri,CURRENT / ACTIVE,Kadastr agentligi (Etirof) official MFY register,https://api-etirof.kadastr.uz/api/v1/commons/selects/neighborhoods,21.07,21.07,41.2508,69.30524,YES,YES,OFFICIAL,Kadastr agentligi - open.ngis.uz UZKAD/MAHALLA_UZKAD_DB16,https://db.ngis.uz/db/rest/services/UZKAD/MAHALLA_UZKAD_DB16/FeatureServer/0,EPSG:4326,2026-03-14..2026-08-27,"Cabinet of Ministers Resolution No. 48, 04.03.2014, art. 26-30",https://www.lex.uz/uz/docs/-2349371,2026-09-18,A,NULL
1726273033,1726273033,1726273033,Yuksalish,NULL,NULL,NULL,Yuksalish mahalla fuqarolar yigʻini,NULL,NULL,Mahalla fuqarolar yigʻini (MFY),1726273,Mirobod tumani,Мирабадский район,Toshkent shahri,CURRENT / ACTIVE,Kadastr agentligi (Etirof) official MFY register,https://api-etirof.kadastr.uz/api/v1/commons/selects/neighborhoods,19.27,19.49,41.25039,69.31083,YES,YES,OFFICIAL,Kadastr agentligi - open.ngis.uz UZKAD/MAHALLA_UZKAD_DB16,https://db.ngis.uz/db/rest/services/UZKAD/MAHALLA_UZKAD_DB16/FeatureServer/0,EPSG:4326,2026-03-14..2026-08-27,"Cabinet of Ministers Resolution No. 48, 04.03.2014, art. 26-30",https://www.lex.uz/uz/docs/-2349371,2026-09-18,A,NULL
1726273034,1726273034,1726273034,Bilimdon,NULL,NULL,NULL,Bilimdon mahalla fuqarolar yigʻini,NULL,NULL,Mahalla fuqarolar yigʻini (MFY),1726273,Mirobod tumani,Мирабадский район,Toshkent shahri,CURRENT / ACTIVE,Kadastr agentligi (Etirof) official MFY register,https://api-etirof.kadastr.uz/api/v1/commons/selects/neighborhoods,30.91,30.63,41.25262,69.31667,YES,YES,OFFICIAL,Kadastr agentligi - open.ngis.uz UZKAD/MAHALLA_UZKAD_DB16,https://db.ngis.uz/db/rest/services/UZKAD/MAHALLA_UZKAD_DB16/FeatureServer/0,EPSG:4326,2026-03-14..2026-08-27,"Cabinet of Ministers Resolution No. 48, 04.03.2014, art. 26-30",https://www.lex.uz/uz/docs/-2349371,2026-09-18,A,NULL
1726273035,1726273035,1726273035,Parvona,NULL,NULL,NULL,Parvona mahalla fuqarolar yigʻini,NULL,NULL,Mahalla fuqarolar yigʻini (MFY),1726273,Mirobod tumani,Мирабадский район,Toshkent shahri,CURRENT / ACTIVE,Kadastr agentligi (Etirof) official MFY register,https://api-etirof.kadastr.uz/api/v1/commons/selects/neighborhoods,37.65,37.58,41.24908,69.32029,YES,YES,OFFICIAL,Kadastr agentligi - open.ngis.uz UZKAD/MAHALLA_UZKAD_DB16,https://db.ngis.uz/db/rest/services/UZKAD/MAHALLA_UZKAD_DB16/FeatureServer/0,EPSG:4326,2026-03-14..2026-08-27,"Cabinet of Ministers Resolution No. 48, 04.03.2014, art. 26-30",https://www.lex.uz/uz/docs/-2349371,2026-09-18,A,NULL
1726273036,1726273036,1726273036,Bayot,NULL,NULL,NULL,Bayot mahalla fuqarolar yigʻini,NULL,NULL,Mahalla fuqarolar yigʻini (MFY),1726273,Mirobod tumani,Мирабадский район,Toshkent shahri,CURRENT / ACTIVE,Kadastr agentligi (Etirof) official MFY register,https://api-etirof.kadastr.uz/api/v1/commons/selects/neighborhoods,5.46,5.38,41.24429,69.32161,YES,YES,OFFICIAL,Kadastr agentligi - open.ngis.uz UZKAD/MAHALLA_UZKAD_DB16,https://db.ngis.uz/db/rest/services/UZKAD/MAHALLA_UZKAD_DB16/FeatureServer/0,EPSG:4326,2026-03-14..2026-08-27,"Cabinet of Ministers Resolution No. 48, 04.03.2014, art. 26-30",https://www.lex.uz/uz/docs/-2349371,2026-09-18,A,NULL
1726273037,1726273037,1726273037,Baratxoʻja,NULL,NULL,NULL,Baratxoʻja mahalla fuqarolar yigʻini,NULL,NULL,Mahalla fuqarolar yigʻini (MFY),1726273,Mirobod tumani,Мирабадский район,Toshkent shahri,CURRENT / ACTIVE,Kadastr agentligi (Etirof) official MFY register,https://api-etirof.kadastr.uz/api/v1/commons/selects/neighborhoods,NULL,NULL,NULL,NULL,NO,NO,UNKNOWN,NULL,NULL,NULL,NULL,"Cabinet of Ministers Resolution No. 48, 04.03.2014, art. 26-30",https://www.lex.uz/uz/docs/-2349371,2026-09-18,A,Name and code OFFICIAL; polygon not present in the public cadastre mahalla layer as of 2026-09-18
1726273038,1726273038,1726273038,Yangi Qoʻyliq,NULL,NULL,NULL,Yangi Qoʻyliq mahalla fuqarolar yigʻini,NULL,NULL,Mahalla fuqarolar yigʻini (MFY),1726273,Mirobod tumani,Мирабадский район,Toshkent shahri,CURRENT / ACTIVE,Kadastr agentligi (Etirof) official MFY register,https://api-etirof.kadastr.uz/api/v1/commons/selects/neighborhoods,22.42,22.24,41.2456,69.30586,YES,YES,OFFICIAL,Kadastr agentligi - open.ngis.uz UZKAD/MAHALLA_UZKAD_DB16,https://db.ngis.uz/db/rest/services/UZKAD/MAHALLA_UZKAD_DB16/FeatureServer/0,EPSG:4326,2026-03-14..2026-08-27,"Cabinet of Ministers Resolution No. 48, 04.03.2014, art. 26-30",https://www.lex.uz/uz/docs/-2349371,2026-09-18,A,NULL
1726273039,1726273039,1726273039,Qoʻyliq ota,NULL,NULL,NULL,Qoʻyliq ota mahalla fuqarolar yigʻini,NULL,NULL,Mahalla fuqarolar yigʻini (MFY),1726273,Mirobod tumani,Мирабадский район,Toshkent shahri,CURRENT / ACTIVE,Kadastr agentligi (Etirof) official MFY register,https://api-etirof.kadastr.uz/api/v1/commons/selects/neighborhoods,24.44,24.68,41.24001,69.32255,YES,YES,OFFICIAL,Kadastr agentligi - open.ngis.uz UZKAD/MAHALLA_UZKAD_DB16,https://db.ngis.uz/db/rest/services/UZKAD/MAHALLA_UZKAD_DB16/FeatureServer/0,EPSG:4326,2026-03-14..2026-08-27,"Cabinet of Ministers Resolution No. 48, 04.03.2014, art. 26-30",https://www.lex.uz/uz/docs/-2349371,2026-09-18,A,NULL
1726277001,1726277001,1726277001,Bel-tepa,NULL,NULL,NULL,Bel-tepa mahalla fuqarolar yigʻini,NULL,NULL,Mahalla fuqarolar yigʻini (MFY),1726277,Shayxontohur tumani,Шайхантахурский район,Toshkent shahri,CURRENT / ACTIVE,Kadastr agentligi (Etirof) official MFY register,https://api-etirof.kadastr.uz/api/v1/commons/selects/neighborhoods,65.49,65.24,41.34586,69.17147,YES,YES,OFFICIAL,Kadastr agentligi - open.ngis.uz UZKAD/MAHALLA_UZKAD_DB16,https://db.ngis.uz/db/rest/services/UZKAD/MAHALLA_UZKAD_DB16/FeatureServer/0,EPSG:4326,2026-03-14..2026-08-27,"Cabinet of Ministers Resolution No. 48, 04.03.2014, art. 26-30",https://www.lex.uz/uz/docs/-2349371,2026-09-18,A,NULL
1726277002,1726277002,1726277002,Yangi Jarariq,NULL,NULL,NULL,Yangi Jarariq mahalla fuqarolar yigʻini,NULL,NULL,Mahalla fuqarolar yigʻini (MFY),1726277,Shayxontohur tumani,Шайхантахурский район,Toshkent shahri,CURRENT / ACTIVE,Kadastr agentligi (Etirof) official MFY register,https://api-etirof.kadastr.uz/api/v1/commons/selects/neighborhoods,NULL,NULL,NULL,NULL,NO,NO,UNKNOWN,NULL,NULL,NULL,NULL,"Cabinet of Ministers Resolution No. 48, 04.03.2014, art. 26-30",https://www.lex.uz/uz/docs/-2349371,2026-09-18,A,Name and code OFFICIAL; polygon not present in the public cadastre mahalla layer as of 2026-09-18
1726277003,1726277003,1726277003,Eski Jarariq,NULL,NULL,NULL,Eski Jarariq mahalla fuqarolar yigʻini,NULL,NULL,Mahalla fuqarolar yigʻini (MFY),1726277,Shayxontohur tumani,Шайхантахурский район,Toshkent shahri,CURRENT / ACTIVE,Kadastr agentligi (Etirof) official MFY register,https://api-etirof.kadastr.uz/api/v1/commons/selects/neighborhoods,NULL,NULL,NULL,NULL,NO,NO,UNKNOWN,NULL,NULL,NULL,NULL,"Cabinet of Ministers Resolution No. 48, 04.03.2014, art. 26-30",https://www.lex.uz/uz/docs/-2349371,2026-09-18,A,Name and code OFFICIAL; polygon not present in the public cadastre mahalla layer as of 2026-09-18
1726277004,1726277004,1726277004,Xuvaydo,NULL,NULL,NULL,Xuvaydo mahalla fuqarolar yigʻini,NULL,NULL,Mahalla fuqarolar yigʻini (MFY),1726277,Shayxontohur tumani,Шайхантахурский район,Toshkent shahri,CURRENT / ACTIVE,Kadastr agentligi (Etirof) official MFY register,https://api-etirof.kadastr.uz/api/v1/commons/selects/neighborhoods,NULL,NULL,NULL,NULL,NO,NO,UNKNOWN,NULL,NULL,NULL,NULL,"Cabinet of Ministers Resolution No. 48, 04.03.2014, art. 26-30",https://www.lex.uz/uz/docs/-2349371,2026-09-18,A,Name and code OFFICIAL; polygon not present in the public cadastre mahalla layer as of 2026-09-18
1726277005,1726277005,1726277005,Katta Jarariq,NULL,NULL,NULL,Katta Jarariq mahalla fuqarolar yigʻini,NULL,NULL,Mahalla fuqarolar yigʻini (MFY),1726277,Shayxontohur tumani,Шайхантахурский район,Toshkent shahri,CURRENT / ACTIVE,Kadastr agentligi (Etirof) official MFY register,https://api-etirof.kadastr.uz/api/v1/commons/selects/neighborhoods,20.82,20.91,41.3391,69.17933,YES,YES,OFFICIAL,Kadastr agentligi - open.ngis.uz UZKAD/MAHALLA_UZKAD_DB16,https://db.ngis.uz/db/rest/services/UZKAD/MAHALLA_UZKAD_DB16/FeatureServer/0,EPSG:4326,2026-03-14..2026-08-27,"Cabinet of Ministers Resolution No. 48, 04.03.2014, art. 26-30",https://www.lex.uz/uz/docs/-2349371,2026-09-18,A,NULL
1726277006,1726277006,1726277006,Boʻston,NULL,NULL,NULL,Boʻston mahalla fuqarolar yigʻini,NULL,NULL,Mahalla fuqarolar yigʻini (MFY),1726277,Shayxontohur tumani,Шайхантахурский район,Toshkent shahri,CURRENT / ACTIVE,Kadastr agentligi (Etirof) official MFY register,https://api-etirof.kadastr.uz/api/v1/commons/selects/neighborhoods,86.29,86.18,41.34374,69.19706,YES,YES,OFFICIAL,Kadastr agentligi - open.ngis.uz UZKAD/MAHALLA_UZKAD_DB16,https://db.ngis.uz/db/rest/services/UZKAD/MAHALLA_UZKAD_DB16/FeatureServer/0,EPSG:4326,2026-03-14..2026-08-27,"Cabinet of Ministers Resolution No. 48, 04.03.2014, art. 26-30",https://www.lex.uz/uz/docs/-2349371,2026-09-18,A,NULL
1726277007,1726277007,1726277007,Yangi Beltepa,NULL,NULL,NULL,Yangi Beltepa mahalla fuqarolar yigʻini,NULL,NULL,Mahalla fuqarolar yigʻini (MFY),1726277,Shayxontohur tumani,Шайхантахурский район,Toshkent shahri,CURRENT / ACTIVE,Kadastr agentligi (Etirof) official MFY register,https://api-etirof.kadastr.uz/api/v1/commons/selects/neighborhoods,NULL,NULL,NULL,NULL,NO,NO,UNKNOWN,NULL,NULL,NULL,NULL,"Cabinet of Ministers Resolution No. 48, 04.03.2014, art. 26-30",https://www.lex.uz/uz/docs/-2349371,2026-09-18,A,Name and code OFFICIAL; polygon not present in the public cadastre mahalla layer as of 2026-09-18
1726277008,1726277008,1726277008,Ibn Sino,NULL,NULL,NULL,Ibn Sino mahalla fuqarolar yigʻini,NULL,NULL,Mahalla fuqarolar yigʻini (MFY),1726277,Shayxontohur tumani,Шайхантахурский район,Toshkent shahri,CURRENT / ACTIVE,Kadastr agentligi (Etirof) official MFY register,https://api-etirof.kadastr.uz/api/v1/commons/selects/neighborhoods,45.95,45.74,41.33341,69.1665,YES,YES,OFFICIAL,Kadastr agentligi - open.ngis.uz UZKAD/MAHALLA_UZKAD_DB16,https://db.ngis.uz/db/rest/services/UZKAD/MAHALLA_UZKAD_DB16/FeatureServer/0,EPSG:4326,2026-03-14..2026-08-27,"Cabinet of Ministers Resolution No. 48, 04.03.2014, art. 26-30",https://www.lex.uz/uz/docs/-2349371,2026-09-18,A,NULL
1726277009,1726277009,1726277009,Ipakchi,NULL,NULL,NULL,Ipakchi mahalla fuqarolar yigʻini,NULL,NULL,Mahalla fuqarolar yigʻini (MFY),1726277,Shayxontohur tumani,Шайхантахурский район,Toshkent shahri,CURRENT / ACTIVE,Kadastr agentligi (Etirof) official MFY register,https://api-etirof.kadastr.uz/api/v1/commons/selects/neighborhoods,131.98,131.91,41.3304,69.18517,YES,YES,OFFICIAL,Kadastr agentligi - open.ngis.uz UZKAD/MAHALLA_UZKAD_DB16,https://db.ngis.uz/db/rest/services/UZKAD/MAHALLA_UZKAD_DB16/FeatureServer/0,EPSG:4326,2026-03-14..2026-08-27,"Cabinet of Ministers Resolution No. 48, 04.03.2014, art. 26-30",https://www.lex.uz/uz/docs/-2349371,2026-09-18,A,NULL
1726277010,1726277010,1726277010,Oʻzbekiston,NULL,NULL,NULL,Oʻzbekiston mahalla fuqarolar yigʻini,NULL,NULL,Mahalla fuqarolar yigʻini (MFY),1726277,Shayxontohur tumani,Шайхантахурский район,Toshkent shahri,CURRENT / ACTIVE,Kadastr agentligi (Etirof) official MFY register,https://api-etirof.kadastr.uz/api/v1/commons/selects/neighborhoods,NULL,NULL,NULL,NULL,NO,NO,UNKNOWN,NULL,NULL,NULL,NULL,"Cabinet of Ministers Resolution No. 48, 04.03.2014, art. 26-30",https://www.lex.uz/uz/docs/-2349371,2026-09-18,A,Name and code OFFICIAL; polygon not present in the public cadastre mahalla layer as of 2026-09-18
1726277011,1726277011,1726277011,Shodlik,NULL,NULL,NULL,Shodlik mahalla fuqarolar yigʻini,NULL,NULL,Mahalla fuqarolar yigʻini (MFY),1726277,Shayxontohur tumani,Шайхантахурский район,Toshkent shahri,CURRENT / ACTIVE,Kadastr agentligi (Etirof) official MFY register,https://api-etirof.kadastr.uz/api/v1/commons/selects/neighborhoods,NULL,NULL,NULL,NULL,NO,NO,UNKNOWN,NULL,NULL,NULL,NULL,"Cabinet of Ministers Resolution No. 48, 04.03.2014, art. 26-30",https://www.lex.uz/uz/docs/-2349371,2026-09-18,A,Name and code OFFICIAL; polygon not present in the public cadastre mahalla layer as of 2026-09-18
1726277012,1726277012,1726277012,Zafarobod,NULL,NULL,NULL,Zafarobod mahalla fuqarolar yigʻini,NULL,NULL,Mahalla fuqarolar yigʻini (MFY),1726277,Shayxontohur tumani,Шайхантахурский район,Toshkent shahri,CURRENT / ACTIVE,Kadastr agentligi (Etirof) official MFY register,https://api-etirof.kadastr.uz/api/v1/commons/selects/neighborhoods,99.67,99.97,41.33604,69.1965,YES,YES,OFFICIAL,Kadastr agentligi - open.ngis.uz UZKAD/MAHALLA_UZKAD_DB16,https://db.ngis.uz/db/rest/services/UZKAD/MAHALLA_UZKAD_DB16/FeatureServer/0,EPSG:4326,2026-03-14..2026-08-27,"Cabinet of Ministers Resolution No. 48, 04.03.2014, art. 26-30",https://www.lex.uz/uz/docs/-2349371,2026-09-18,A,NULL
1726277013,1726277013,1726277013,Chaqar,NULL,NULL,NULL,Chaqar mahalla fuqarolar yigʻini,NULL,NULL,Mahalla fuqarolar yigʻini (MFY),1726277,Shayxontohur tumani,Шайхантахурский район,Toshkent shahri,CURRENT / ACTIVE,Kadastr agentligi (Etirof) official MFY register,https://api-etirof.kadastr.uz/api/v1/commons/selects/neighborhoods,NULL,NULL,NULL,NULL,NO,NO,UNKNOWN,NULL,NULL,NULL,NULL,"Cabinet of Ministers Resolution No. 48, 04.03.2014, art. 26-30",https://www.lex.uz/uz/docs/-2349371,2026-09-18,A,Name and code OFFICIAL; polygon not present in the public cadastre mahalla layer as of 2026-09-18
1726277014,1726277014,1726277014,Taxtapul,NULL,NULL,NULL,Taxtapul mahalla fuqarolar yigʻini,NULL,NULL,Mahalla fuqarolar yigʻini (MFY),1726277,Shayxontohur tumani,Шайхантахурский район,Toshkent shahri,CURRENT / ACTIVE,Kadastr agentligi (Etirof) official MFY register,https://api-etirof.kadastr.uz/api/v1/commons/selects/neighborhoods,NULL,NULL,NULL,NULL,NO,NO,UNKNOWN,NULL,NULL,NULL,NULL,"Cabinet of Ministers Resolution No. 48, 04.03.2014, art. 26-30",https://www.lex.uz/uz/docs/-2349371,2026-09-18,A,Name and code OFFICIAL; polygon not present in the public cadastre mahalla layer as of 2026-09-18
1726277015,1726277015,1726277015,Xadra,NULL,NULL,NULL,Xadra mahalla fuqarolar yigʻini,NULL,NULL,Mahalla fuqarolar yigʻini (MFY),1726277,Shayxontohur tumani,Шайхантахурский район,Toshkent shahri,CURRENT / ACTIVE,Kadastr agentligi (Etirof) official MFY register,https://api-etirof.kadastr.uz/api/v1/commons/selects/neighborhoods,NULL,NULL,NULL,NULL,NO,NO,UNKNOWN,NULL,NULL,NULL,NULL,"Cabinet of Ministers Resolution No. 48, 04.03.2014, art. 26-30",https://www.lex.uz/uz/docs/-2349371,2026-09-18,A,Name and code OFFICIAL; polygon not present in the public cadastre mahalla layer as of 2026-09-18
1726277016,1726277016,1726277016,Gulbozor,NULL,NULL,NULL,Gulbozor mahalla fuqarolar yigʻini,NULL,NULL,Mahalla fuqarolar yigʻini (MFY),1726277,Shayxontohur tumani,Шайхантахурский район,Toshkent shahri,CURRENT / ACTIVE,Kadastr agentligi (Etirof) official MFY register,https://api-etirof.kadastr.uz/api/v1/commons/selects/neighborhoods,45.96,46.1,41.32541,69.23753,YES,YES,OFFICIAL,Kadastr agentligi - open.ngis.uz UZKAD/MAHALLA_UZKAD_DB16,https://db.ngis.uz/db/rest/services/UZKAD/MAHALLA_UZKAD_DB16/FeatureServer/0,EPSG:4326,2026-03-14..2026-08-27,"Cabinet of Ministers Resolution No. 48, 04.03.2014, art. 26-30",https://www.lex.uz/uz/docs/-2349371,2026-09-18,A,NULL
1726277017,1726277017,1726277017,Jangox,NULL,NULL,NULL,Jangox mahalla fuqarolar yigʻini,NULL,NULL,Mahalla fuqarolar yigʻini (MFY),1726277,Shayxontohur tumani,Шайхантахурский район,Toshkent shahri,CURRENT / ACTIVE,Kadastr agentligi (Etirof) official MFY register,https://api-etirof.kadastr.uz/api/v1/commons/selects/neighborhoods,28.46,28.74,41.32871,69.2524,YES,YES,OFFICIAL,Kadastr agentligi - open.ngis.uz UZKAD/MAHALLA_UZKAD_DB16,https://db.ngis.uz/db/rest/services/UZKAD/MAHALLA_UZKAD_DB16/FeatureServer/0,EPSG:4326,2026-03-14..2026-08-27,"Cabinet of Ministers Resolution No. 48, 04.03.2014, art. 26-30",https://www.lex.uz/uz/docs/-2349371,2026-09-18,A,NULL
1726277018,1726277018,1726277018,Qoratosh,NULL,NULL,NULL,Qoratosh mahalla fuqarolar yigʻini,NULL,NULL,Mahalla fuqarolar yigʻini (MFY),1726277,Shayxontohur tumani,Шайхантахурский район,Toshkent shahri,CURRENT / ACTIVE,Kadastr agentligi (Etirof) official MFY register,https://api-etirof.kadastr.uz/api/v1/commons/selects/neighborhoods,NULL,NULL,NULL,NULL,NO,NO,UNKNOWN,NULL,NULL,NULL,NULL,"Cabinet of Ministers Resolution No. 48, 04.03.2014, art. 26-30",https://www.lex.uz/uz/docs/-2349371,2026-09-18,A,Name and code OFFICIAL; polygon not present in the public cadastre mahalla layer as of 2026-09-18
1726277019,1726277019,1726277019,Oʻrda,NULL,NULL,NULL,Oʻrda mahalla fuqarolar yigʻini,NULL,NULL,Mahalla fuqarolar yigʻini (MFY),1726277,Shayxontohur tumani,Шайхантахурский район,Toshkent shahri,CURRENT / ACTIVE,Kadastr agentligi (Etirof) official MFY register,https://api-etirof.kadastr.uz/api/v1/commons/selects/neighborhoods,NULL,NULL,NULL,NULL,NO,NO,UNKNOWN,NULL,NULL,NULL,NULL,"Cabinet of Ministers Resolution No. 48, 04.03.2014, art. 26-30",https://www.lex.uz/uz/docs/-2349371,2026-09-18,A,Name and code OFFICIAL; polygon not present in the public cadastre mahalla layer as of 2026-09-18
1726277020,1726277020,1726277020,Kox ota,NULL,NULL,NULL,Kox ota mahalla fuqarolar yigʻini,NULL,NULL,Mahalla fuqarolar yigʻini (MFY),1726277,Shayxontohur tumani,Шайхантахурский район,Toshkent shahri,CURRENT / ACTIVE,Kadastr agentligi (Etirof) official MFY register,https://api-etirof.kadastr.uz/api/v1/commons/selects/neighborhoods,66.47,66.29,41.33334,69.25838,YES,YES,OFFICIAL,Kadastr agentligi - open.ngis.uz UZKAD/MAHALLA_UZKAD_DB16,https://db.ngis.uz/db/rest/services/UZKAD/MAHALLA_UZKAD_DB16/FeatureServer/0,EPSG:4326,2026-03-14..2026-08-27,"Cabinet of Ministers Resolution No. 48, 04.03.2014, art. 26-30",https://www.lex.uz/uz/docs/-2349371,2026-09-18,A,NULL
1726277021,1726277021,1726277021,Oʻqchi,NULL,NULL,NULL,Oʻqchi mahalla fuqarolar yigʻini,NULL,NULL,Mahalla fuqarolar yigʻini (MFY),1726277,Shayxontohur tumani,Шайхантахурский район,Toshkent shahri,CURRENT / ACTIVE,Kadastr agentligi (Etirof) official MFY register,https://api-etirof.kadastr.uz/api/v1/commons/selects/neighborhoods,NULL,NULL,NULL,NULL,NO,NO,UNKNOWN,NULL,NULL,NULL,NULL,"Cabinet of Ministers Resolution No. 48, 04.03.2014, art. 26-30",https://www.lex.uz/uz/docs/-2349371,2026-09-18,A,Name and code OFFICIAL; polygon not present in the public cadastre mahalla layer as of 2026-09-18
1726277022,1726277022,1726277022,Olmazor,NULL,NULL,NULL,Olmazor mahalla fuqarolar yigʻini,NULL,NULL,Mahalla fuqarolar yigʻini (MFY),1726277,Shayxontohur tumani,Шайхантахурский район,Toshkent shahri,CURRENT / ACTIVE,Kadastr agentligi (Etirof) official MFY register,https://api-etirof.kadastr.uz/api/v1/commons/selects/neighborhoods,NULL,NULL,NULL,NULL,NO,NO,UNKNOWN,NULL,NULL,NULL,NULL,"Cabinet of Ministers Resolution No. 48, 04.03.2014, art. 26-30",https://www.lex.uz/uz/docs/-2349371,2026-09-18,A,Name and code OFFICIAL; polygon not present in the public cadastre mahalla layer as of 2026-09-18
1726277023,1726277023,1726277023,Shayxontohur,NULL,NULL,NULL,Shayxontohur mahalla fuqarolar yigʻini,NULL,NULL,Mahalla fuqarolar yigʻini (MFY),1726277,Shayxontohur tumani,Шайхантахурский район,Toshkent shahri,CURRENT / ACTIVE,Kadastr agentligi (Etirof) official MFY register,https://api-etirof.kadastr.uz/api/v1/commons/selects/neighborhoods,NULL,NULL,NULL,NULL,NO,NO,UNKNOWN,NULL,NULL,NULL,NULL,"Cabinet of Ministers Resolution No. 48, 04.03.2014, art. 26-30",https://www.lex.uz/uz/docs/-2349371,2026-09-18,A,Name and code OFFICIAL; polygon not present in the public cadastre mahalla layer as of 2026-09-18
1726277024,1726277024,1726277024,Labzak,NULL,NULL,NULL,Labzak mahalla fuqarolar yigʻini,NULL,NULL,Mahalla fuqarolar yigʻini (MFY),1726277,Shayxontohur tumani,Шайхантахурский район,Toshkent shahri,CURRENT / ACTIVE,Kadastr agentligi (Etirof) official MFY register,https://api-etirof.kadastr.uz/api/v1/commons/selects/neighborhoods,NULL,NULL,NULL,NULL,NO,NO,UNKNOWN,NULL,NULL,NULL,NULL,"Cabinet of Ministers Resolution No. 48, 04.03.2014, art. 26-30",https://www.lex.uz/uz/docs/-2349371,2026-09-18,A,Name and code OFFICIAL; polygon not present in the public cadastre mahalla layer as of 2026-09-18
1726277025,1726277025,1726277025,Oqilon,NULL,NULL,NULL,Oqilon mahalla fuqarolar yigʻini,NULL,NULL,Mahalla fuqarolar yigʻini (MFY),1726277,Shayxontohur tumani,Шайхантахурский район,Toshkent shahri,CURRENT / ACTIVE,Kadastr agentligi (Etirof) official MFY register,https://api-etirof.kadastr.uz/api/v1/commons/selects/neighborhoods,NULL,NULL,NULL,NULL,NO,NO,UNKNOWN,NULL,NULL,NULL,NULL,"Cabinet of Ministers Resolution No. 48, 04.03.2014, art. 26-30",https://www.lex.uz/uz/docs/-2349371,2026-09-18,A,Name and code OFFICIAL; polygon not present in the public cadastre mahalla layer as of 2026-09-18
1726277026,1726277026,1726277026,Mannon Uygʻur,NULL,NULL,NULL,Mannon Uygʻur mahalla fuqarolar yigʻini,NULL,NULL,Mahalla fuqarolar yigʻini (MFY),1726277,Shayxontohur tumani,Шайхантахурский район,Toshkent shahri,CURRENT / ACTIVE,Kadastr agentligi (Etirof) official MFY register,https://api-etirof.kadastr.uz/api/v1/commons/selects/neighborhoods,NULL,NULL,NULL,NULL,NO,NO,UNKNOWN,NULL,NULL,NULL,NULL,"Cabinet of Ministers Resolution No. 48, 04.03.2014, art. 26-30",https://www.lex.uz/uz/docs/-2349371,2026-09-18,A,Name and code OFFICIAL; polygon not present in the public cadastre mahalla layer as of 2026-09-18
1726277027,1726277027,1726277027,Koʻkcha,NULL,NULL,NULL,Koʻkcha mahalla fuqarolar yigʻini,NULL,NULL,Mahalla fuqarolar yigʻini (MFY),1726277,Shayxontohur tumani,Шайхантахурский район,Toshkent shahri,CURRENT / ACTIVE,Kadastr agentligi (Etirof) official MFY register,https://api-etirof.kadastr.uz/api/v1/commons/selects/neighborhoods,90.66,90.26,41.32518,69.20154,YES,YES,OFFICIAL,Kadastr agentligi - open.ngis.uz UZKAD/MAHALLA_UZKAD_DB16,https://db.ngis.uz/db/rest/services/UZKAD/MAHALLA_UZKAD_DB16/FeatureServer/0,EPSG:4326,2026-03-14..2026-08-27,"Cabinet of Ministers Resolution No. 48, 04.03.2014, art. 26-30",https://www.lex.uz/uz/docs/-2349371,2026-09-18,A,NULL
1726277028,1726277028,1726277028,Sarxumdon,NULL,NULL,NULL,Sarxumdon mahalla fuqarolar yigʻini,NULL,NULL,Mahalla fuqarolar yigʻini (MFY),1726277,Shayxontohur tumani,Шайхантахурский район,Toshkent shahri,CURRENT / ACTIVE,Kadastr agentligi (Etirof) official MFY register,https://api-etirof.kadastr.uz/api/v1/commons/selects/neighborhoods,NULL,NULL,NULL,NULL,NO,NO,UNKNOWN,NULL,NULL,NULL,NULL,"Cabinet of Ministers Resolution No. 48, 04.03.2014, art. 26-30",https://www.lex.uz/uz/docs/-2349371,2026-09-18,A,Name and code OFFICIAL; polygon not present in the public cadastre mahalla layer as of 2026-09-18
1726277029,1726277029,1726277029,Katta xovuz,NULL,NULL,NULL,Katta xovuz mahalla fuqarolar yigʻini,NULL,NULL,Mahalla fuqarolar yigʻini (MFY),1726277,Shayxontohur tumani,Шайхантахурский район,Toshkent shahri,CURRENT / ACTIVE,Kadastr agentligi (Etirof) official MFY register,https://api-etirof.kadastr.uz/api/v1/commons/selects/neighborhoods,35.0,35.17,41.31963,69.21935,YES,YES,OFFICIAL,Kadastr agentligi - open.ngis.uz UZKAD/MAHALLA_UZKAD_DB16,https://db.ngis.uz/db/rest/services/UZKAD/MAHALLA_UZKAD_DB16/FeatureServer/0,EPSG:4326,2026-03-14..2026-08-27,"Cabinet of Ministers Resolution No. 48, 04.03.2014, art. 26-30",https://www.lex.uz/uz/docs/-2349371,2026-09-18,A,NULL
1726277030,1726277030,1726277030,Tinchlik,NULL,NULL,NULL,Tinchlik mahalla fuqarolar yigʻini,NULL,NULL,Mahalla fuqarolar yigʻini (MFY),1726277,Shayxontohur tumani,Шайхантахурский район,Toshkent shahri,CURRENT / ACTIVE,Kadastr agentligi (Etirof) official MFY register,https://api-etirof.kadastr.uz/api/v1/commons/selects/neighborhoods,NULL,NULL,NULL,NULL,NO,NO,UNKNOWN,NULL,NULL,NULL,NULL,"Cabinet of Ministers Resolution No. 48, 04.03.2014, art. 26-30",https://www.lex.uz/uz/docs/-2349371,2026-09-18,A,Name and code OFFICIAL; polygon not present in the public cadastre mahalla layer as of 2026-09-18
1726277031,1726277031,1726277031,Bogʻ koʻcha,NULL,NULL,NULL,Bogʻ koʻcha mahalla fuqarolar yigʻini,NULL,NULL,Mahalla fuqarolar yigʻini (MFY),1726277,Shayxontohur tumani,Шайхантахурский район,Toshkent shahri,CURRENT / ACTIVE,Kadastr agentligi (Etirof) official MFY register,https://api-etirof.kadastr.uz/api/v1/commons/selects/neighborhoods,30.3,30.21,41.32919,69.21846,YES,YES,OFFICIAL,Kadastr agentligi - open.ngis.uz UZKAD/MAHALLA_UZKAD_DB16,https://db.ngis.uz/db/rest/services/UZKAD/MAHALLA_UZKAD_DB16/FeatureServer/0,EPSG:4326,2026-03-14..2026-08-27,"Cabinet of Ministers Resolution No. 48, 04.03.2014, art. 26-30",https://www.lex.uz/uz/docs/-2349371,2026-09-18,A,NULL
1726277032,1726277032,1726277032,Shofayzi,NULL,NULL,NULL,Shofayzi mahalla fuqarolar yigʻini,NULL,NULL,Mahalla fuqarolar yigʻini (MFY),1726277,Shayxontohur tumani,Шайхантахурский район,Toshkent shahri,CURRENT / ACTIVE,Kadastr agentligi (Etirof) official MFY register,https://api-etirof.kadastr.uz/api/v1/commons/selects/neighborhoods,NULL,NULL,NULL,NULL,NO,NO,UNKNOWN,NULL,NULL,NULL,NULL,"Cabinet of Ministers Resolution No. 48, 04.03.2014, art. 26-30",https://www.lex.uz/uz/docs/-2349371,2026-09-18,A,Name and code OFFICIAL; polygon not present in the public cadastre mahalla layer as of 2026-09-18
1726277033,1726277033,1726277033,Obinazir,NULL,NULL,NULL,Obinazir mahalla fuqarolar yigʻini,NULL,NULL,Mahalla fuqarolar yigʻini (MFY),1726277,Shayxontohur tumani,Шайхантахурский район,Toshkent shahri,CURRENT / ACTIVE,Kadastr agentligi (Etirof) official MFY register,https://api-etirof.kadastr.uz/api/v1/commons/selects/neighborhoods,NULL,NULL,NULL,NULL,NO,NO,UNKNOWN,NULL,NULL,NULL,NULL,"Cabinet of Ministers Resolution No. 48, 04.03.2014, art. 26-30",https://www.lex.uz/uz/docs/-2349371,2026-09-18,A,Name and code OFFICIAL; polygon not present in the public cadastre mahalla layer as of 2026-09-18
1726277034,1726277034,1726277034,Ilgʻor,NULL,NULL,NULL,Ilgʻor mahalla fuqarolar yigʻini,NULL,NULL,Mahalla fuqarolar yigʻini (MFY),1726277,Shayxontohur tumani,Шайхантахурский район,Toshkent shahri,CURRENT / ACTIVE,Kadastr agentligi (Etirof) official MFY register,https://api-etirof.kadastr.uz/api/v1/commons/selects/neighborhoods,56.82,56.93,41.33251,69.21171,YES,YES,OFFICIAL,Kadastr agentligi - open.ngis.uz UZKAD/MAHALLA_UZKAD_DB16,https://db.ngis.uz/db/rest/services/UZKAD/MAHALLA_UZKAD_DB16/FeatureServer/0,EPSG:4326,2026-03-14..2026-08-27,"Cabinet of Ministers Resolution No. 48, 04.03.2014, art. 26-30",https://www.lex.uz/uz/docs/-2349371,2026-09-18,A,NULL
1726277035,1726277035,1726277035,Jarariq,NULL,NULL,NULL,Jarariq mahalla fuqarolar yigʻini,NULL,NULL,Mahalla fuqarolar yigʻini (MFY),1726277,Shayxontohur tumani,Шайхантахурский район,Toshkent shahri,CURRENT / ACTIVE,Kadastr agentligi (Etirof) official MFY register,https://api-etirof.kadastr.uz/api/v1/commons/selects/neighborhoods,43.24,43.14,41.32965,69.20462,YES,YES,OFFICIAL,Kadastr agentligi - open.ngis.uz UZKAD/MAHALLA_UZKAD_DB16,https://db.ngis.uz/db/rest/services/UZKAD/MAHALLA_UZKAD_DB16/FeatureServer/0,EPSG:4326,2026-03-14..2026-08-27,"Cabinet of Ministers Resolution No. 48, 04.03.2014, art. 26-30",https://www.lex.uz/uz/docs/-2349371,2026-09-18,A,NULL
1726277036,1726277036,1726277036,Koʻkcha darvoza,NULL,NULL,NULL,Koʻkcha darvoza mahalla fuqarolar yigʻini,NULL,NULL,Mahalla fuqarolar yigʻini (MFY),1726277,Shayxontohur tumani,Шайхантахурский район,Toshkent shahri,CURRENT / ACTIVE,Kadastr agentligi (Etirof) official MFY register,https://api-etirof.kadastr.uz/api/v1/commons/selects/neighborhoods,NULL,NULL,NULL,NULL,NO,NO,UNKNOWN,NULL,NULL,NULL,NULL,"Cabinet of Ministers Resolution No. 48, 04.03.2014, art. 26-30",https://www.lex.uz/uz/docs/-2349371,2026-09-18,A,Name and code OFFICIAL; polygon not present in the public cadastre mahalla layer as of 2026-09-18
1726277037,1726277037,1726277037,Yangi shahar,NULL,NULL,NULL,Yangi shahar mahalla fuqarolar yigʻini,NULL,NULL,Mahalla fuqarolar yigʻini (MFY),1726277,Shayxontohur tumani,Шайхантахурский район,Toshkent shahri,CURRENT / ACTIVE,Kadastr agentligi (Etirof) official MFY register,https://api-etirof.kadastr.uz/api/v1/commons/selects/neighborhoods,NULL,NULL,NULL,NULL,NO,NO,UNKNOWN,NULL,NULL,NULL,NULL,"Cabinet of Ministers Resolution No. 48, 04.03.2014, art. 26-30",https://www.lex.uz/uz/docs/-2349371,2026-09-18,A,Name and code OFFICIAL; polygon not present in the public cadastre mahalla layer as of 2026-09-18
1726277038,1726277038,1726277038,Kamolon,NULL,NULL,NULL,Kamolon mahalla fuqarolar yigʻini,NULL,NULL,Mahalla fuqarolar yigʻini (MFY),1726277,Shayxontohur tumani,Шайхантахурский район,Toshkent shahri,CURRENT / ACTIVE,Kadastr agentligi (Etirof) official MFY register,https://api-etirof.kadastr.uz/api/v1/commons/selects/neighborhoods,25.54,25.62,41.30825,69.23399,YES,YES,OFFICIAL,Kadastr agentligi - open.ngis.uz UZKAD/MAHALLA_UZKAD_DB16,https://db.ngis.uz/db/rest/services/UZKAD/MAHALLA_UZKAD_DB16/FeatureServer/0,EPSG:4326,2026-03-14..2026-08-27,"Cabinet of Ministers Resolution No. 48, 04.03.2014, art. 26-30",https://www.lex.uz/uz/docs/-2349371,2026-09-18,A,NULL
1726277039,1726277039,1726277039,Yangi obod,NULL,NULL,NULL,Yangi obod mahalla fuqarolar yigʻini,NULL,NULL,Mahalla fuqarolar yigʻini (MFY),1726277,Shayxontohur tumani,Шайхантахурский район,Toshkent shahri,CURRENT / ACTIVE,Kadastr agentligi (Etirof) official MFY register,https://api-etirof.kadastr.uz/api/v1/commons/selects/neighborhoods,NULL,NULL,NULL,NULL,NO,NO,UNKNOWN,NULL,NULL,NULL,NULL,"Cabinet of Ministers Resolution No. 48, 04.03.2014, art. 26-30",https://www.lex.uz/uz/docs/-2349371,2026-09-18,A,Name and code OFFICIAL; polygon not present in the public cadastre mahalla layer as of 2026-09-18
1726277040,1726277040,1726277040,Charxnovza,NULL,NULL,NULL,Charxnovza mahalla fuqarolar yigʻini,NULL,NULL,Mahalla fuqarolar yigʻini (MFY),1726277,Shayxontohur tumani,Шайхантахурский район,Toshkent shahri,CURRENT / ACTIVE,Kadastr agentligi (Etirof) official MFY register,https://api-etirof.kadastr.uz/api/v1/commons/selects/neighborhoods,NULL,NULL,NULL,NULL,NO,NO,UNKNOWN,NULL,NULL,NULL,NULL,"Cabinet of Ministers Resolution No. 48, 04.03.2014, art. 26-30",https://www.lex.uz/uz/docs/-2349371,2026-09-18,A,Name and code OFFICIAL; polygon not present in the public cadastre mahalla layer as of 2026-09-18
1726277041,1726277041,1726277041,Olim xoʻjayev,NULL,NULL,NULL,Olim xoʻjayev mahalla fuqarolar yigʻini,NULL,NULL,Mahalla fuqarolar yigʻini (MFY),1726277,Shayxontohur tumani,Шайхантахурский район,Toshkent shahri,CURRENT / ACTIVE,Kadastr agentligi (Etirof) official MFY register,https://api-etirof.kadastr.uz/api/v1/commons/selects/neighborhoods,NULL,NULL,NULL,NULL,NO,NO,UNKNOWN,NULL,NULL,NULL,NULL,"Cabinet of Ministers Resolution No. 48, 04.03.2014, art. 26-30",https://www.lex.uz/uz/docs/-2349371,2026-09-18,A,Name and code OFFICIAL; polygon not present in the public cadastre mahalla layer as of 2026-09-18
1726277042,1726277042,1726277042,Katta bogʻ,NULL,NULL,NULL,Katta bogʻ mahalla fuqarolar yigʻini,NULL,NULL,Mahalla fuqarolar yigʻini (MFY),1726277,Shayxontohur tumani,Шайхантахурский район,Toshkent shahri,CURRENT / ACTIVE,Kadastr agentligi (Etirof) official MFY register,https://api-etirof.kadastr.uz/api/v1/commons/selects/neighborhoods,27.89,27.95,41.31005,69.22916,YES,YES,OFFICIAL,Kadastr agentligi - open.ngis.uz UZKAD/MAHALLA_UZKAD_DB16,https://db.ngis.uz/db/rest/services/UZKAD/MAHALLA_UZKAD_DB16/FeatureServer/0,EPSG:4326,2026-03-14..2026-08-27,"Cabinet of Ministers Resolution No. 48, 04.03.2014, art. 26-30",https://www.lex.uz/uz/docs/-2349371,2026-09-18,A,NULL
1726277043,1726277043,1726277043,Suzuk ota,NULL,NULL,NULL,Suzuk ota mahalla fuqarolar yigʻini,NULL,NULL,Mahalla fuqarolar yigʻini (MFY),1726277,Shayxontohur tumani,Шайхантахурский район,Toshkent shahri,CURRENT / ACTIVE,Kadastr agentligi (Etirof) official MFY register,https://api-etirof.kadastr.uz/api/v1/commons/selects/neighborhoods,NULL,NULL,NULL,NULL,NO,NO,UNKNOWN,NULL,NULL,NULL,NULL,"Cabinet of Ministers Resolution No. 48, 04.03.2014, art. 26-30",https://www.lex.uz/uz/docs/-2349371,2026-09-18,A,Name and code OFFICIAL; polygon not present in the public cadastre mahalla layer as of 2026-09-18
1726277044,1726277044,1726277044,Katta oqtepa,NULL,NULL,NULL,Katta oqtepa mahalla fuqarolar yigʻini,NULL,NULL,Mahalla fuqarolar yigʻini (MFY),1726277,Shayxontohur tumani,Шайхантахурский район,Toshkent shahri,CURRENT / ACTIVE,Kadastr agentligi (Etirof) official MFY register,https://api-etirof.kadastr.uz/api/v1/commons/selects/neighborhoods,91.84,91.53,41.30463,69.20238,YES,YES,OFFICIAL,Kadastr agentligi - open.ngis.uz UZKAD/MAHALLA_UZKAD_DB16,https://db.ngis.uz/db/rest/services/UZKAD/MAHALLA_UZKAD_DB16/FeatureServer/0,EPSG:4326,2026-03-14..2026-08-27,"Cabinet of Ministers Resolution No. 48, 04.03.2014, art. 26-30",https://www.lex.uz/uz/docs/-2349371,2026-09-18,A,NULL
1726277045,1726277045,1726277045,Eshonguzar,NULL,NULL,NULL,Eshonguzar mahalla fuqarolar yigʻini,NULL,NULL,Mahalla fuqarolar yigʻini (MFY),1726277,Shayxontohur tumani,Шайхантахурский район,Toshkent shahri,CURRENT / ACTIVE,Kadastr agentligi (Etirof) official MFY register,https://api-etirof.kadastr.uz/api/v1/commons/selects/neighborhoods,NULL,NULL,NULL,NULL,NO,NO,UNKNOWN,NULL,NULL,NULL,NULL,"Cabinet of Ministers Resolution No. 48, 04.03.2014, art. 26-30",https://www.lex.uz/uz/docs/-2349371,2026-09-18,A,Name and code OFFICIAL; polygon not present in the public cadastre mahalla layer as of 2026-09-18
1726277046,1726277046,1726277046,Gulobod,NULL,NULL,NULL,Gulobod mahalla fuqarolar yigʻini,NULL,NULL,Mahalla fuqarolar yigʻini (MFY),1726277,Shayxontohur tumani,Шайхантахурский район,Toshkent shahri,CURRENT / ACTIVE,Kadastr agentligi (Etirof) official MFY register,https://api-etirof.kadastr.uz/api/v1/commons/selects/neighborhoods,29.41,29.34,41.32661,69.22584,YES,YES,OFFICIAL,Kadastr agentligi - open.ngis.uz UZKAD/MAHALLA_UZKAD_DB16,https://db.ngis.uz/db/rest/services/UZKAD/MAHALLA_UZKAD_DB16/FeatureServer/0,EPSG:4326,2026-03-14..2026-08-27,"Cabinet of Ministers Resolution No. 48, 04.03.2014, art. 26-30",https://www.lex.uz/uz/docs/-2349371,2026-09-18,A,NULL
1726277047,1726277047,1726277047,Samarqand darvoza,NULL,NULL,NULL,Samarqand darvoza mahalla fuqarolar yigʻini,NULL,NULL,Mahalla fuqarolar yigʻini (MFY),1726277,Shayxontohur tumani,Шайхантахурский район,Toshkent shahri,CURRENT / ACTIVE,Kadastr agentligi (Etirof) official MFY register,https://api-etirof.kadastr.uz/api/v1/commons/selects/neighborhoods,NULL,NULL,NULL,NULL,NO,NO,UNKNOWN,NULL,NULL,NULL,NULL,"Cabinet of Ministers Resolution No. 48, 04.03.2014, art. 26-30",https://www.lex.uz/uz/docs/-2349371,2026-09-18,A,Name and code OFFICIAL; polygon not present in the public cadastre mahalla layer as of 2026-09-18
1726277048,1726277048,1726277048,Kamolon darvoza,NULL,NULL,NULL,Kamolon darvoza mahalla fuqarolar yigʻini,NULL,NULL,Mahalla fuqarolar yigʻini (MFY),1726277,Shayxontohur tumani,Шайхантахурский район,Toshkent shahri,CURRENT / ACTIVE,Kadastr agentligi (Etirof) official MFY register,https://api-etirof.kadastr.uz/api/v1/commons/selects/neighborhoods,37.13,37.14,41.30304,69.23011,YES,YES,OFFICIAL,Kadastr agentligi - open.ngis.uz UZKAD/MAHALLA_UZKAD_DB16,https://db.ngis.uz/db/rest/services/UZKAD/MAHALLA_UZKAD_DB16/FeatureServer/0,EPSG:4326,2026-03-14..2026-08-27,"Cabinet of Ministers Resolution No. 48, 04.03.2014, art. 26-30",https://www.lex.uz/uz/docs/-2349371,2026-09-18,A,NULL
1726277049,1726277049,1726277049,Yangi kamolon,NULL,NULL,NULL,Yangi kamolon mahalla fuqarolar yigʻini,NULL,NULL,Mahalla fuqarolar yigʻini (MFY),1726277,Shayxontohur tumani,Шайхантахурский район,Toshkent shahri,CURRENT / ACTIVE,Kadastr agentligi (Etirof) official MFY register,https://api-etirof.kadastr.uz/api/v1/commons/selects/neighborhoods,NULL,NULL,NULL,NULL,NO,NO,UNKNOWN,NULL,NULL,NULL,NULL,"Cabinet of Ministers Resolution No. 48, 04.03.2014, art. 26-30",https://www.lex.uz/uz/docs/-2349371,2026-09-18,A,Name and code OFFICIAL; polygon not present in the public cadastre mahalla layer as of 2026-09-18
1726277050,1726277050,1726277050,Chorsu,NULL,NULL,NULL,Chorsu mahalla fuqarolar yigʻini,NULL,NULL,Mahalla fuqarolar yigʻini (MFY),1726277,Shayxontohur tumani,Шайхантахурский район,Toshkent shahri,CURRENT / ACTIVE,Kadastr agentligi (Etirof) official MFY register,https://api-etirof.kadastr.uz/api/v1/commons/selects/neighborhoods,NULL,NULL,NULL,NULL,NO,NO,UNKNOWN,NULL,NULL,NULL,NULL,"Cabinet of Ministers Resolution No. 48, 04.03.2014, art. 26-30",https://www.lex.uz/uz/docs/-2349371,2026-09-18,A,Name and code OFFICIAL; polygon not present in the public cadastre mahalla layer as of 2026-09-18
1726277051,1726277051,1726277051,Zangiota,NULL,NULL,NULL,Zangiota mahalla fuqarolar yigʻini,NULL,NULL,Mahalla fuqarolar yigʻini (MFY),1726277,Shayxontohur tumani,Шайхантахурский район,Toshkent shahri,CURRENT / ACTIVE,Kadastr agentligi (Etirof) official MFY register,https://api-etirof.kadastr.uz/api/v1/commons/selects/neighborhoods,34.79,34.93,41.31432,69.22472,YES,YES,OFFICIAL,Kadastr agentligi - open.ngis.uz UZKAD/MAHALLA_UZKAD_DB16,https://db.ngis.uz/db/rest/services/UZKAD/MAHALLA_UZKAD_DB16/FeatureServer/0,EPSG:4326,2026-03-14..2026-08-27,"Cabinet of Ministers Resolution No. 48, 04.03.2014, art. 26-30",https://www.lex.uz/uz/docs/-2349371,2026-09-18,A,NULL
1726280001,1726280001,1726280001,Mustaqillik,NULL,NULL,NULL,Mustaqillik mahalla fuqarolar yigʻini,NULL,NULL,Mahalla fuqarolar yigʻini (MFY),1726280,Olmazor tumani,Алмазарский район,Toshkent shahri,CURRENT / ACTIVE,Kadastr agentligi (Etirof) official MFY register,https://api-etirof.kadastr.uz/api/v1/commons/selects/neighborhoods,20.68,20.83,41.36607,69.20123,YES,YES,OFFICIAL,Kadastr agentligi - open.ngis.uz UZKAD/MAHALLA_UZKAD_DB16,https://db.ngis.uz/db/rest/services/UZKAD/MAHALLA_UZKAD_DB16/FeatureServer/0,EPSG:4326,2026-03-14..2026-08-27,"Cabinet of Ministers Resolution No. 48, 04.03.2014, art. 26-30",https://www.lex.uz/uz/docs/-2349371,2026-09-18,A,NULL
1726280002,1726280002,1726280002,Tepaguzar,NULL,NULL,NULL,Tepaguzar mahalla fuqarolar yigʻini,NULL,NULL,Mahalla fuqarolar yigʻini (MFY),1726280,Olmazor tumani,Алмазарский район,Toshkent shahri,CURRENT / ACTIVE,Kadastr agentligi (Etirof) official MFY register,https://api-etirof.kadastr.uz/api/v1/commons/selects/neighborhoods,25.58,25.53,41.36746,69.20675,YES,YES,OFFICIAL,Kadastr agentligi - open.ngis.uz UZKAD/MAHALLA_UZKAD_DB16,https://db.ngis.uz/db/rest/services/UZKAD/MAHALLA_UZKAD_DB16/FeatureServer/0,EPSG:4326,2026-03-14..2026-08-27,"Cabinet of Ministers Resolution No. 48, 04.03.2014, art. 26-30",https://www.lex.uz/uz/docs/-2349371,2026-09-18,A,NULL
1726280003,1726280003,1726280003,Nixol,NULL,NULL,NULL,Nixol mahalla fuqarolar yigʻini,NULL,NULL,Mahalla fuqarolar yigʻini (MFY),1726280,Olmazor tumani,Алмазарский район,Toshkent shahri,CURRENT / ACTIVE,Kadastr agentligi (Etirof) official MFY register,https://api-etirof.kadastr.uz/api/v1/commons/selects/neighborhoods,84.06,84.46,41.37615,69.20951,YES,YES,OFFICIAL,Kadastr agentligi - open.ngis.uz UZKAD/MAHALLA_UZKAD_DB16,https://db.ngis.uz/db/rest/services/UZKAD/MAHALLA_UZKAD_DB16/FeatureServer/0,EPSG:4326,2026-03-14..2026-08-27,"Cabinet of Ministers Resolution No. 48, 04.03.2014, art. 26-30",https://www.lex.uz/uz/docs/-2349371,2026-09-18,A,NULL
1726280004,1726280004,1726280004,Chamanbogʻ,NULL,NULL,NULL,Chamanbogʻ mahalla fuqarolar yigʻini,NULL,NULL,Mahalla fuqarolar yigʻini (MFY),1726280,Olmazor tumani,Алмазарский район,Toshkent shahri,CURRENT / ACTIVE,Kadastr agentligi (Etirof) official MFY register,https://api-etirof.kadastr.uz/api/v1/commons/selects/neighborhoods,17.77,18.05,41.36882,69.1936,YES,YES,OFFICIAL,Kadastr agentligi - open.ngis.uz UZKAD/MAHALLA_UZKAD_DB16,https://db.ngis.uz/db/rest/services/UZKAD/MAHALLA_UZKAD_DB16/FeatureServer/0,EPSG:4326,2026-03-14..2026-08-27,"Cabinet of Ministers Resolution No. 48, 04.03.2014, art. 26-30",https://www.lex.uz/uz/docs/-2349371,2026-09-18,A,NULL
1726280005,1726280005,1726280005,Umid,NULL,NULL,NULL,Umid mahalla fuqarolar yigʻini,NULL,NULL,Mahalla fuqarolar yigʻini (MFY),1726280,Olmazor tumani,Алмазарский район,Toshkent shahri,CURRENT / ACTIVE,Kadastr agentligi (Etirof) official MFY register,https://api-etirof.kadastr.uz/api/v1/commons/selects/neighborhoods,NULL,NULL,NULL,NULL,NO,NO,UNKNOWN,NULL,NULL,NULL,NULL,"Cabinet of Ministers Resolution No. 48, 04.03.2014, art. 26-30",https://www.lex.uz/uz/docs/-2349371,2026-09-18,A,Name and code OFFICIAL; polygon not present in the public cadastre mahalla layer as of 2026-09-18
1726280006,1726280006,1726280006,Yukori Beshqoʻrgʻon,NULL,NULL,NULL,Yukori Beshqoʻrgʻon mahalla fuqarolar yigʻini,NULL,NULL,Mahalla fuqarolar yigʻini (MFY),1726280,Olmazor tumani,Алмазарский район,Toshkent shahri,CURRENT / ACTIVE,Kadastr agentligi (Etirof) official MFY register,https://api-etirof.kadastr.uz/api/v1/commons/selects/neighborhoods,NULL,NULL,NULL,NULL,NO,NO,UNKNOWN,NULL,NULL,NULL,NULL,"Cabinet of Ministers Resolution No. 48, 04.03.2014, art. 26-30",https://www.lex.uz/uz/docs/-2349371,2026-09-18,A,Name and code OFFICIAL; polygon not present in the public cadastre mahalla layer as of 2026-09-18
1726280007,1726280007,1726280007,Shodiyona,NULL,NULL,NULL,Shodiyona mahalla fuqarolar yigʻini,NULL,NULL,Mahalla fuqarolar yigʻini (MFY),1726280,Olmazor tumani,Алмазарский район,Toshkent shahri,CURRENT / ACTIVE,Kadastr agentligi (Etirof) official MFY register,https://api-etirof.kadastr.uz/api/v1/commons/selects/neighborhoods,54.14,54.12,41.36135,69.20945,YES,YES,OFFICIAL,Kadastr agentligi - open.ngis.uz UZKAD/MAHALLA_UZKAD_DB16,https://db.ngis.uz/db/rest/services/UZKAD/MAHALLA_UZKAD_DB16/FeatureServer/0,EPSG:4326,2026-03-14..2026-08-27,"Cabinet of Ministers Resolution No. 48, 04.03.2014, art. 26-30",https://www.lex.uz/uz/docs/-2349371,2026-09-18,A,NULL
1726280008,1726280008,1726280008,Yangi Toshkent,NULL,NULL,NULL,Yangi Toshkent mahalla fuqarolar yigʻini,NULL,NULL,Mahalla fuqarolar yigʻini (MFY),1726280,Olmazor tumani,Алмазарский район,Toshkent shahri,CURRENT / ACTIVE,Kadastr agentligi (Etirof) official MFY register,https://api-etirof.kadastr.uz/api/v1/commons/selects/neighborhoods,75.41,75.26,41.368,69.22523,YES,YES,OFFICIAL,Kadastr agentligi - open.ngis.uz UZKAD/MAHALLA_UZKAD_DB16,https://db.ngis.uz/db/rest/services/UZKAD/MAHALLA_UZKAD_DB16/FeatureServer/0,EPSG:4326,2026-03-14..2026-08-27,"Cabinet of Ministers Resolution No. 48, 04.03.2014, art. 26-30",https://www.lex.uz/uz/docs/-2349371,2026-09-18,A,NULL
1726280009,1726280009,1726280009,Gʻalaba,NULL,NULL,NULL,Gʻalaba mahalla fuqarolar yigʻini,NULL,NULL,Mahalla fuqarolar yigʻini (MFY),1726280,Olmazor tumani,Алмазарский район,Toshkent shahri,CURRENT / ACTIVE,Kadastr agentligi (Etirof) official MFY register,https://api-etirof.kadastr.uz/api/v1/commons/selects/neighborhoods,23.62,23.36,41.36944,69.21139,YES,YES,OFFICIAL,Kadastr agentligi - open.ngis.uz UZKAD/MAHALLA_UZKAD_DB16,https://db.ngis.uz/db/rest/services/UZKAD/MAHALLA_UZKAD_DB16/FeatureServer/0,EPSG:4326,2026-03-14..2026-08-27,"Cabinet of Ministers Resolution No. 48, 04.03.2014, art. 26-30",https://www.lex.uz/uz/docs/-2349371,2026-09-18,A,NULL
1726280010,1726280010,1726280010,Moyarik,NULL,NULL,NULL,Moyarik mahalla fuqarolar yigʻini,NULL,NULL,Mahalla fuqarolar yigʻini (MFY),1726280,Olmazor tumani,Алмазарский район,Toshkent shahri,CURRENT / ACTIVE,Kadastr agentligi (Etirof) official MFY register,https://api-etirof.kadastr.uz/api/v1/commons/selects/neighborhoods,105.97,105.25,41.37752,69.21708,YES,YES,OFFICIAL,Kadastr agentligi - open.ngis.uz UZKAD/MAHALLA_UZKAD_DB16,https://db.ngis.uz/db/rest/services/UZKAD/MAHALLA_UZKAD_DB16/FeatureServer/0,EPSG:4326,2026-03-14..2026-08-27,"Cabinet of Ministers Resolution No. 48, 04.03.2014, art. 26-30",https://www.lex.uz/uz/docs/-2349371,2026-09-18,A,NULL
1726280011,1726280011,1726280011,Paxta,NULL,NULL,NULL,Paxta mahalla fuqarolar yigʻini,NULL,NULL,Mahalla fuqarolar yigʻini (MFY),1726280,Olmazor tumani,Алмазарский район,Toshkent shahri,CURRENT / ACTIVE,Kadastr agentligi (Etirof) official MFY register,https://api-etirof.kadastr.uz/api/v1/commons/selects/neighborhoods,61.96,62.2,41.36273,69.2225,YES,YES,OFFICIAL,Kadastr agentligi - open.ngis.uz UZKAD/MAHALLA_UZKAD_DB16,https://db.ngis.uz/db/rest/services/UZKAD/MAHALLA_UZKAD_DB16/FeatureServer/0,EPSG:4326,2026-03-14..2026-08-27,"Cabinet of Ministers Resolution No. 48, 04.03.2014, art. 26-30",https://www.lex.uz/uz/docs/-2349371,2026-09-18,A,NULL
1726280012,1726280012,1726280012,Yoshlik,NULL,NULL,NULL,Yoshlik mahalla fuqarolar yigʻini,NULL,NULL,Mahalla fuqarolar yigʻini (MFY),1726280,Olmazor tumani,Алмазарский район,Toshkent shahri,CURRENT / ACTIVE,Kadastr agentligi (Etirof) official MFY register,https://api-etirof.kadastr.uz/api/v1/commons/selects/neighborhoods,8.81,8.67,41.36583,69.19787,YES,YES,OFFICIAL,Kadastr agentligi - open.ngis.uz UZKAD/MAHALLA_UZKAD_DB16,https://db.ngis.uz/db/rest/services/UZKAD/MAHALLA_UZKAD_DB16/FeatureServer/0,EPSG:4326,2026-03-14..2026-08-27,"Cabinet of Ministers Resolution No. 48, 04.03.2014, art. 26-30",https://www.lex.uz/uz/docs/-2349371,2026-09-18,A,NULL
1726280013,1726280013,1726280013,Tabassum,NULL,NULL,NULL,Tabassum mahalla fuqarolar yigʻini,NULL,NULL,Mahalla fuqarolar yigʻini (MFY),1726280,Olmazor tumani,Алмазарский район,Toshkent shahri,CURRENT / ACTIVE,Kadastr agentligi (Etirof) official MFY register,https://api-etirof.kadastr.uz/api/v1/commons/selects/neighborhoods,20.16,20.11,41.36564,69.21145,YES,YES,OFFICIAL,Kadastr agentligi - open.ngis.uz UZKAD/MAHALLA_UZKAD_DB16,https://db.ngis.uz/db/rest/services/UZKAD/MAHALLA_UZKAD_DB16/FeatureServer/0,EPSG:4326,2026-03-14..2026-08-27,"Cabinet of Ministers Resolution No. 48, 04.03.2014, art. 26-30",https://www.lex.uz/uz/docs/-2349371,2026-09-18,A,NULL
1726280014,1726280014,1726280014,Shon-Shuxrat,NULL,NULL,NULL,Shon-Shuxrat mahalla fuqarolar yigʻini,NULL,NULL,Mahalla fuqarolar yigʻini (MFY),1726280,Olmazor tumani,Алмазарский район,Toshkent shahri,CURRENT / ACTIVE,Kadastr agentligi (Etirof) official MFY register,https://api-etirof.kadastr.uz/api/v1/commons/selects/neighborhoods,16.14,16.28,41.36917,69.20238,YES,YES,OFFICIAL,Kadastr agentligi - open.ngis.uz UZKAD/MAHALLA_UZKAD_DB16,https://db.ngis.uz/db/rest/services/UZKAD/MAHALLA_UZKAD_DB16/FeatureServer/0,EPSG:4326,2026-03-14..2026-08-27,"Cabinet of Ministers Resolution No. 48, 04.03.2014, art. 26-30",https://www.lex.uz/uz/docs/-2349371,2026-09-18,A,NULL
1726280015,1726280015,1726280015,Olimpiya,NULL,NULL,NULL,Olimpiya mahalla fuqarolar yigʻini,NULL,NULL,Mahalla fuqarolar yigʻini (MFY),1726280,Olmazor tumani,Алмазарский район,Toshkent shahri,CURRENT / ACTIVE,Kadastr agentligi (Etirof) official MFY register,https://api-etirof.kadastr.uz/api/v1/commons/selects/neighborhoods,84.94,84.47,41.36205,69.19718,YES,YES,OFFICIAL,Kadastr agentligi - open.ngis.uz UZKAD/MAHALLA_UZKAD_DB16,https://db.ngis.uz/db/rest/services/UZKAD/MAHALLA_UZKAD_DB16/FeatureServer/0,EPSG:4326,2026-03-14..2026-08-27,"Cabinet of Ministers Resolution No. 48, 04.03.2014, art. 26-30",https://www.lex.uz/uz/docs/-2349371,2026-09-18,A,NULL
1726280016,1726280016,1726280016,Boʻstonobod,NULL,NULL,NULL,Boʻstonobod mahalla fuqarolar yigʻini,NULL,NULL,Mahalla fuqarolar yigʻini (MFY),1726280,Olmazor tumani,Алмазарский район,Toshkent shahri,CURRENT / ACTIVE,Kadastr agentligi (Etirof) official MFY register,https://api-etirof.kadastr.uz/api/v1/commons/selects/neighborhoods,23.29,23.31,41.3573,69.22346,YES,YES,OFFICIAL,Kadastr agentligi - open.ngis.uz UZKAD/MAHALLA_UZKAD_DB16,https://db.ngis.uz/db/rest/services/UZKAD/MAHALLA_UZKAD_DB16/FeatureServer/0,EPSG:4326,2026-03-14..2026-08-27,"Cabinet of Ministers Resolution No. 48, 04.03.2014, art. 26-30",https://www.lex.uz/uz/docs/-2349371,2026-09-18,A,NULL
1726280017,1726280017,1726280017,Istiqbol,NULL,NULL,NULL,Istiqbol mahalla fuqarolar yigʻini,NULL,NULL,Mahalla fuqarolar yigʻini (MFY),1726280,Olmazor tumani,Алмазарский район,Toshkent shahri,CURRENT / ACTIVE,Kadastr agentligi (Etirof) official MFY register,https://api-etirof.kadastr.uz/api/v1/commons/selects/neighborhoods,26.97,26.89,41.35883,69.21821,YES,YES,OFFICIAL,Kadastr agentligi - open.ngis.uz UZKAD/MAHALLA_UZKAD_DB16,https://db.ngis.uz/db/rest/services/UZKAD/MAHALLA_UZKAD_DB16/FeatureServer/0,EPSG:4326,2026-03-14..2026-08-27,"Cabinet of Ministers Resolution No. 48, 04.03.2014, art. 26-30",https://www.lex.uz/uz/docs/-2349371,2026-09-18,A,NULL
1726280018,1726280018,1726280018,Ahil,NULL,NULL,NULL,Ahil mahalla fuqarolar yigʻini,NULL,NULL,Mahalla fuqarolar yigʻini (MFY),1726280,Olmazor tumani,Алмазарский район,Toshkent shahri,CURRENT / ACTIVE,Kadastr agentligi (Etirof) official MFY register,https://api-etirof.kadastr.uz/api/v1/commons/selects/neighborhoods,199.7,199.75,41.38608,69.2253,YES,YES,OFFICIAL,Kadastr agentligi - open.ngis.uz UZKAD/MAHALLA_UZKAD_DB16,https://db.ngis.uz/db/rest/services/UZKAD/MAHALLA_UZKAD_DB16/FeatureServer/0,EPSG:4326,2026-03-14..2026-08-27,"Cabinet of Ministers Resolution No. 48, 04.03.2014, art. 26-30",https://www.lex.uz/uz/docs/-2349371,2026-09-18,A,NULL
1726280019,1726280019,1726280019,Qichqiriq,NULL,NULL,NULL,Qichqiriq mahalla fuqarolar yigʻini,NULL,NULL,Mahalla fuqarolar yigʻini (MFY),1726280,Olmazor tumani,Алмазарский район,Toshkent shahri,CURRENT / ACTIVE,Kadastr agentligi (Etirof) official MFY register,https://api-etirof.kadastr.uz/api/v1/commons/selects/neighborhoods,24.17,24.04,41.35852,69.22962,YES,YES,OFFICIAL,Kadastr agentligi - open.ngis.uz UZKAD/MAHALLA_UZKAD_DB16,https://db.ngis.uz/db/rest/services/UZKAD/MAHALLA_UZKAD_DB16/FeatureServer/0,EPSG:4326,2026-03-14..2026-08-27,"Cabinet of Ministers Resolution No. 48, 04.03.2014, art. 26-30",https://www.lex.uz/uz/docs/-2349371,2026-09-18,A,NULL
1726280020,1726280020,1726280020,Qorasaroy,NULL,NULL,NULL,Qorasaroy mahalla fuqarolar yigʻini,NULL,NULL,Mahalla fuqarolar yigʻini (MFY),1726280,Olmazor tumani,Алмазарский район,Toshkent shahri,CURRENT / ACTIVE,Kadastr agentligi (Etirof) official MFY register,https://api-etirof.kadastr.uz/api/v1/commons/selects/neighborhoods,NULL,NULL,NULL,NULL,NO,NO,UNKNOWN,NULL,NULL,NULL,NULL,"Cabinet of Ministers Resolution No. 48, 04.03.2014, art. 26-30",https://www.lex.uz/uz/docs/-2349371,2026-09-18,A,Name and code OFFICIAL; polygon not present in the public cadastre mahalla layer as of 2026-09-18
1726280021,1726280021,1726280021,Gulzor,NULL,NULL,NULL,Gulzor mahalla fuqarolar yigʻini,NULL,NULL,Mahalla fuqarolar yigʻini (MFY),1726280,Olmazor tumani,Алмазарский район,Toshkent shahri,CURRENT / ACTIVE,Kadastr agentligi (Etirof) official MFY register,https://api-etirof.kadastr.uz/api/v1/commons/selects/neighborhoods,128.97,128.86,41.37415,69.23579,YES,YES,OFFICIAL,Kadastr agentligi - open.ngis.uz UZKAD/MAHALLA_UZKAD_DB16,https://db.ngis.uz/db/rest/services/UZKAD/MAHALLA_UZKAD_DB16/FeatureServer/0,EPSG:4326,2026-03-14..2026-08-27,"Cabinet of Ministers Resolution No. 48, 04.03.2014, art. 26-30",https://www.lex.uz/uz/docs/-2349371,2026-09-18,A,NULL
1726280022,1726280022,1726280022,Miskin,NULL,NULL,NULL,Miskin mahalla fuqarolar yigʻini,NULL,NULL,Mahalla fuqarolar yigʻini (MFY),1726280,Olmazor tumani,Алмазарский район,Toshkent shahri,CURRENT / ACTIVE,Kadastr agentligi (Etirof) official MFY register,https://api-etirof.kadastr.uz/api/v1/commons/selects/neighborhoods,308.42,308.21,41.35571,69.25592,YES,YES,OFFICIAL,Kadastr agentligi - open.ngis.uz UZKAD/MAHALLA_UZKAD_DB16,https://db.ngis.uz/db/rest/services/UZKAD/MAHALLA_UZKAD_DB16/FeatureServer/0,EPSG:4326,2026-03-14..2026-08-27,"Cabinet of Ministers Resolution No. 48, 04.03.2014, art. 26-30",https://www.lex.uz/uz/docs/-2349371,2026-09-18,A,NULL
1726280023,1726280023,1726280023,Taraqqiyot,NULL,NULL,NULL,Taraqqiyot mahalla fuqarolar yigʻini,NULL,NULL,Mahalla fuqarolar yigʻini (MFY),1726280,Olmazor tumani,Алмазарский район,Toshkent shahri,CURRENT / ACTIVE,Kadastr agentligi (Etirof) official MFY register,https://api-etirof.kadastr.uz/api/v1/commons/selects/neighborhoods,80.12,80.48,41.35289,69.24314,YES,YES,OFFICIAL,Kadastr agentligi - open.ngis.uz UZKAD/MAHALLA_UZKAD_DB16,https://db.ngis.uz/db/rest/services/UZKAD/MAHALLA_UZKAD_DB16/FeatureServer/0,EPSG:4326,2026-03-14..2026-08-27,"Cabinet of Ministers Resolution No. 48, 04.03.2014, art. 26-30",https://www.lex.uz/uz/docs/-2349371,2026-09-18,A,NULL
1726280024,1726280024,1726280024,Islom ota,NULL,NULL,NULL,Islom ota mahalla fuqarolar yigʻini,NULL,NULL,Mahalla fuqarolar yigʻini (MFY),1726280,Olmazor tumani,Алмазарский район,Toshkent shahri,CURRENT / ACTIVE,Kadastr agentligi (Etirof) official MFY register,https://api-etirof.kadastr.uz/api/v1/commons/selects/neighborhoods,26.25,26.28,41.35822,69.23682,YES,YES,OFFICIAL,Kadastr agentligi - open.ngis.uz UZKAD/MAHALLA_UZKAD_DB16,https://db.ngis.uz/db/rest/services/UZKAD/MAHALLA_UZKAD_DB16/FeatureServer/0,EPSG:4326,2026-03-14..2026-08-27,"Cabinet of Ministers Resolution No. 48, 04.03.2014, art. 26-30",https://www.lex.uz/uz/docs/-2349371,2026-09-18,A,NULL
1726280025,1726280025,1726280025,Chuqursoy,NULL,NULL,NULL,Chuqursoy mahalla fuqarolar yigʻini,NULL,NULL,Mahalla fuqarolar yigʻini (MFY),1726280,Olmazor tumani,Алмазарский район,Toshkent shahri,CURRENT / ACTIVE,Kadastr agentligi (Etirof) official MFY register,https://api-etirof.kadastr.uz/api/v1/commons/selects/neighborhoods,29.14,28.83,41.36315,69.23281,YES,YES,OFFICIAL,Kadastr agentligi - open.ngis.uz UZKAD/MAHALLA_UZKAD_DB16,https://db.ngis.uz/db/rest/services/UZKAD/MAHALLA_UZKAD_DB16/FeatureServer/0,EPSG:4326,2026-03-14..2026-08-27,"Cabinet of Ministers Resolution No. 48, 04.03.2014, art. 26-30",https://www.lex.uz/uz/docs/-2349371,2026-09-18,A,NULL
1726280026,1726280026,1726280026,Gurucharik,NULL,NULL,NULL,Gurucharik mahalla fuqarolar yigʻini,NULL,NULL,Mahalla fuqarolar yigʻini (MFY),1726280,Olmazor tumani,Алмазарский район,Toshkent shahri,CURRENT / ACTIVE,Kadastr agentligi (Etirof) official MFY register,https://api-etirof.kadastr.uz/api/v1/commons/selects/neighborhoods,NULL,NULL,NULL,NULL,NO,NO,UNKNOWN,NULL,NULL,NULL,NULL,"Cabinet of Ministers Resolution No. 48, 04.03.2014, art. 26-30",https://www.lex.uz/uz/docs/-2349371,2026-09-18,A,Name and code OFFICIAL; polygon not present in the public cadastre mahalla layer as of 2026-09-18
1726280027,1726280027,1726280027,Hazrati imom,NULL,NULL,NULL,Hazrati imom mahalla fuqarolar yigʻini,NULL,NULL,Mahalla fuqarolar yigʻini (MFY),1726280,Olmazor tumani,Алмазарский район,Toshkent shahri,CURRENT / ACTIVE,Kadastr agentligi (Etirof) official MFY register,https://api-etirof.kadastr.uz/api/v1/commons/selects/neighborhoods,NULL,NULL,NULL,NULL,NO,NO,UNKNOWN,NULL,NULL,NULL,NULL,"Cabinet of Ministers Resolution No. 48, 04.03.2014, art. 26-30",https://www.lex.uz/uz/docs/-2349371,2026-09-18,A,Name and code OFFICIAL; polygon not present in the public cadastre mahalla layer as of 2026-09-18
1726280028,1726280028,1726280028,Oltinsoy,NULL,NULL,NULL,Oltinsoy mahalla fuqarolar yigʻini,NULL,NULL,Mahalla fuqarolar yigʻini (MFY),1726280,Olmazor tumani,Алмазарский район,Toshkent shahri,CURRENT / ACTIVE,Kadastr agentligi (Etirof) official MFY register,https://api-etirof.kadastr.uz/api/v1/commons/selects/neighborhoods,26.21,26.28,41.35465,69.23526,YES,YES,OFFICIAL,Kadastr agentligi - open.ngis.uz UZKAD/MAHALLA_UZKAD_DB16,https://db.ngis.uz/db/rest/services/UZKAD/MAHALLA_UZKAD_DB16/FeatureServer/0,EPSG:4326,2026-03-14..2026-08-27,"Cabinet of Ministers Resolution No. 48, 04.03.2014, art. 26-30",https://www.lex.uz/uz/docs/-2349371,2026-09-18,A,NULL
1726280029,1726280029,1726280029,Ibroxim ota,NULL,NULL,NULL,Ibroxim ota mahalla fuqarolar yigʻini,NULL,NULL,Mahalla fuqarolar yigʻini (MFY),1726280,Olmazor tumani,Алмазарский район,Toshkent shahri,CURRENT / ACTIVE,Kadastr agentligi (Etirof) official MFY register,https://api-etirof.kadastr.uz/api/v1/commons/selects/neighborhoods,158.59,158.09,41.36874,69.24671,YES,YES,OFFICIAL,Kadastr agentligi - open.ngis.uz UZKAD/MAHALLA_UZKAD_DB16,https://db.ngis.uz/db/rest/services/UZKAD/MAHALLA_UZKAD_DB16/FeatureServer/0,EPSG:4326,2026-03-14..2026-08-27,"Cabinet of Ministers Resolution No. 48, 04.03.2014, art. 26-30",https://www.lex.uz/uz/docs/-2349371,2026-09-18,A,NULL
1726280030,1726280030,1726280030,Gulsaroy,NULL,NULL,NULL,Gulsaroy mahalla fuqarolar yigʻini,NULL,NULL,Mahalla fuqarolar yigʻini (MFY),1726280,Olmazor tumani,Алмазарский район,Toshkent shahri,CURRENT / ACTIVE,Kadastr agentligi (Etirof) official MFY register,https://api-etirof.kadastr.uz/api/v1/commons/selects/neighborhoods,26.66,26.73,41.36381,69.23838,YES,YES,OFFICIAL,Kadastr agentligi - open.ngis.uz UZKAD/MAHALLA_UZKAD_DB16,https://db.ngis.uz/db/rest/services/UZKAD/MAHALLA_UZKAD_DB16/FeatureServer/0,EPSG:4326,2026-03-14..2026-08-27,"Cabinet of Ministers Resolution No. 48, 04.03.2014, art. 26-30",https://www.lex.uz/uz/docs/-2349371,2026-09-18,A,NULL
1726280031,1726280031,1726280031,Chiltoʻgʻon,NULL,NULL,NULL,Chiltoʻgʻon mahalla fuqarolar yigʻini,NULL,NULL,Mahalla fuqarolar yigʻini (MFY),1726280,Olmazor tumani,Алмазарский район,Toshkent shahri,CURRENT / ACTIVE,Kadastr agentligi (Etirof) official MFY register,https://api-etirof.kadastr.uz/api/v1/commons/selects/neighborhoods,NULL,NULL,NULL,NULL,NO,NO,UNKNOWN,NULL,NULL,NULL,NULL,"Cabinet of Ministers Resolution No. 48, 04.03.2014, art. 26-30",https://www.lex.uz/uz/docs/-2349371,2026-09-18,A,Name and code OFFICIAL; polygon not present in the public cadastre mahalla layer as of 2026-09-18
1726280032,1726280032,1726280032,Gʻani-Aʼzamov,NULL,NULL,NULL,Gʻani-Aʼzamov mahalla fuqarolar yigʻini,NULL,NULL,Mahalla fuqarolar yigʻini (MFY),1726280,Olmazor tumani,Алмазарский район,Toshkent shahri,CURRENT / ACTIVE,Kadastr agentligi (Etirof) official MFY register,https://api-etirof.kadastr.uz/api/v1/commons/selects/neighborhoods,48.75,48.79,41.35211,69.23181,YES,YES,OFFICIAL,Kadastr agentligi - open.ngis.uz UZKAD/MAHALLA_UZKAD_DB16,https://db.ngis.uz/db/rest/services/UZKAD/MAHALLA_UZKAD_DB16/FeatureServer/0,EPSG:4326,2026-03-14..2026-08-27,"Cabinet of Ministers Resolution No. 48, 04.03.2014, art. 26-30",https://www.lex.uz/uz/docs/-2349371,2026-09-18,A,NULL
1726280033,1726280033,1726280033,Eski shaxar,NULL,NULL,NULL,Eski shaxar mahalla fuqarolar yigʻini,NULL,NULL,Mahalla fuqarolar yigʻini (MFY),1726280,Olmazor tumani,Алмазарский район,Toshkent shahri,CURRENT / ACTIVE,Kadastr agentligi (Etirof) official MFY register,https://api-etirof.kadastr.uz/api/v1/commons/selects/neighborhoods,NULL,NULL,NULL,NULL,NO,NO,UNKNOWN,NULL,NULL,NULL,NULL,"Cabinet of Ministers Resolution No. 48, 04.03.2014, art. 26-30",https://www.lex.uz/uz/docs/-2349371,2026-09-18,A,Name and code OFFICIAL; polygon not present in the public cadastre mahalla layer as of 2026-09-18
1726280034,1726280034,1726280034,Chustiy,NULL,NULL,NULL,Chustiy mahalla fuqarolar yigʻini,NULL,NULL,Mahalla fuqarolar yigʻini (MFY),1726280,Olmazor tumani,Алмазарский район,Toshkent shahri,CURRENT / ACTIVE,Kadastr agentligi (Etirof) official MFY register,https://api-etirof.kadastr.uz/api/v1/commons/selects/neighborhoods,NULL,NULL,NULL,NULL,NO,NO,UNKNOWN,NULL,NULL,NULL,NULL,"Cabinet of Ministers Resolution No. 48, 04.03.2014, art. 26-30",https://www.lex.uz/uz/docs/-2349371,2026-09-18,A,Name and code OFFICIAL; polygon not present in the public cadastre mahalla layer as of 2026-09-18
1726280035,1726280035,1726280035,Quyosh,NULL,NULL,NULL,Quyosh mahalla fuqarolar yigʻini,NULL,NULL,Mahalla fuqarolar yigʻini (MFY),1726280,Olmazor tumani,Алмазарский район,Toshkent shahri,CURRENT / ACTIVE,Kadastr agentligi (Etirof) official MFY register,https://api-etirof.kadastr.uz/api/v1/commons/selects/neighborhoods,NULL,NULL,NULL,NULL,NO,NO,UNKNOWN,NULL,NULL,NULL,NULL,"Cabinet of Ministers Resolution No. 48, 04.03.2014, art. 26-30",https://www.lex.uz/uz/docs/-2349371,2026-09-18,A,Name and code OFFICIAL; polygon not present in the public cadastre mahalla layer as of 2026-09-18
1726280036,1726280036,1726280036,Xonchorbogʻ,NULL,NULL,NULL,Xonchorbogʻ mahalla fuqarolar yigʻini,NULL,NULL,Mahalla fuqarolar yigʻini (MFY),1726280,Olmazor tumani,Алмазарский район,Toshkent shahri,CURRENT / ACTIVE,Kadastr agentligi (Etirof) official MFY register,https://api-etirof.kadastr.uz/api/v1/commons/selects/neighborhoods,NULL,NULL,NULL,NULL,NO,NO,UNKNOWN,NULL,NULL,NULL,NULL,"Cabinet of Ministers Resolution No. 48, 04.03.2014, art. 26-30",https://www.lex.uz/uz/docs/-2349371,2026-09-18,A,Name and code OFFICIAL; polygon not present in the public cadastre mahalla layer as of 2026-09-18
1726280037,1726280037,1726280037,Yuqori Sebzor,NULL,NULL,NULL,Yuqori Sebzor mahalla fuqarolar yigʻini,NULL,NULL,Mahalla fuqarolar yigʻini (MFY),1726280,Olmazor tumani,Алмазарский район,Toshkent shahri,CURRENT / ACTIVE,Kadastr agentligi (Etirof) official MFY register,https://api-etirof.kadastr.uz/api/v1/commons/selects/neighborhoods,NULL,NULL,NULL,NULL,NO,NO,UNKNOWN,NULL,NULL,NULL,NULL,"Cabinet of Ministers Resolution No. 48, 04.03.2014, art. 26-30",https://www.lex.uz/uz/docs/-2349371,2026-09-18,A,Name and code OFFICIAL; polygon not present in the public cadastre mahalla layer as of 2026-09-18
1726280038,1726280038,1726280038,Namuna,NULL,NULL,NULL,Namuna mahalla fuqarolar yigʻini,NULL,NULL,Mahalla fuqarolar yigʻini (MFY),1726280,Olmazor tumani,Алмазарский район,Toshkent shahri,CURRENT / ACTIVE,Kadastr agentligi (Etirof) official MFY register,https://api-etirof.kadastr.uz/api/v1/commons/selects/neighborhoods,NULL,NULL,NULL,NULL,NO,NO,UNKNOWN,NULL,NULL,NULL,NULL,"Cabinet of Ministers Resolution No. 48, 04.03.2014, art. 26-30",https://www.lex.uz/uz/docs/-2349371,2026-09-18,A,Name and code OFFICIAL; polygon not present in the public cadastre mahalla layer as of 2026-09-18
1726280039,1726280039,1726280039,Xofiz Koʻxakiy,NULL,NULL,NULL,Xofiz Koʻxakiy mahalla fuqarolar yigʻini,NULL,NULL,Mahalla fuqarolar yigʻini (MFY),1726280,Olmazor tumani,Алмазарский район,Toshkent shahri,CURRENT / ACTIVE,Kadastr agentligi (Etirof) official MFY register,https://api-etirof.kadastr.uz/api/v1/commons/selects/neighborhoods,NULL,NULL,NULL,NULL,NO,NO,UNKNOWN,NULL,NULL,NULL,NULL,"Cabinet of Ministers Resolution No. 48, 04.03.2014, art. 26-30",https://www.lex.uz/uz/docs/-2349371,2026-09-18,A,Name and code OFFICIAL; polygon not present in the public cadastre mahalla layer as of 2026-09-18
1726280040,1726280040,1726280040,A.B.Shoshiy,NULL,NULL,NULL,A.B.Shoshiy mahalla fuqarolar yigʻini,NULL,NULL,Mahalla fuqarolar yigʻini (MFY),1726280,Olmazor tumani,Алмазарский район,Toshkent shahri,CURRENT / ACTIVE,Kadastr agentligi (Etirof) official MFY register,https://api-etirof.kadastr.uz/api/v1/commons/selects/neighborhoods,NULL,NULL,NULL,NULL,NO,NO,UNKNOWN,NULL,NULL,NULL,NULL,"Cabinet of Ministers Resolution No. 48, 04.03.2014, art. 26-30",https://www.lex.uz/uz/docs/-2349371,2026-09-18,A,Name and code OFFICIAL; polygon not present in the public cadastre mahalla layer as of 2026-09-18
1726280041,1726280041,1726280041,Yangi Sebzor,NULL,NULL,NULL,Yangi Sebzor mahalla fuqarolar yigʻini,NULL,NULL,Mahalla fuqarolar yigʻini (MFY),1726280,Olmazor tumani,Алмазарский район,Toshkent shahri,CURRENT / ACTIVE,Kadastr agentligi (Etirof) official MFY register,https://api-etirof.kadastr.uz/api/v1/commons/selects/neighborhoods,NULL,NULL,NULL,NULL,NO,NO,UNKNOWN,NULL,NULL,NULL,NULL,"Cabinet of Ministers Resolution No. 48, 04.03.2014, art. 26-30",https://www.lex.uz/uz/docs/-2349371,2026-09-18,A,Name and code OFFICIAL; polygon not present in the public cadastre mahalla layer as of 2026-09-18
1726280042,1726280042,1726280042,Sebzor,NULL,NULL,NULL,Sebzor mahalla fuqarolar yigʻini,NULL,NULL,Mahalla fuqarolar yigʻini (MFY),1726280,Olmazor tumani,Алмазарский район,Toshkent shahri,CURRENT / ACTIVE,Kadastr agentligi (Etirof) official MFY register,https://api-etirof.kadastr.uz/api/v1/commons/selects/neighborhoods,NULL,NULL,NULL,NULL,NO,NO,UNKNOWN,NULL,NULL,NULL,NULL,"Cabinet of Ministers Resolution No. 48, 04.03.2014, art. 26-30",https://www.lex.uz/uz/docs/-2349371,2026-09-18,A,Name and code OFFICIAL; polygon not present in the public cadastre mahalla layer as of 2026-09-18
1726280043,1726280043,1726280043,Qoʻshtut,NULL,NULL,NULL,Qoʻshtut mahalla fuqarolar yigʻini,NULL,NULL,Mahalla fuqarolar yigʻini (MFY),1726280,Olmazor tumani,Алмазарский район,Toshkent shahri,CURRENT / ACTIVE,Kadastr agentligi (Etirof) official MFY register,https://api-etirof.kadastr.uz/api/v1/commons/selects/neighborhoods,NULL,NULL,NULL,NULL,NO,NO,UNKNOWN,NULL,NULL,NULL,NULL,"Cabinet of Ministers Resolution No. 48, 04.03.2014, art. 26-30",https://www.lex.uz/uz/docs/-2349371,2026-09-18,A,Name and code OFFICIAL; polygon not present in the public cadastre mahalla layer as of 2026-09-18
1726280044,1726280044,1726280044,Xastimom,NULL,NULL,NULL,Xastimom mahalla fuqarolar yigʻini,NULL,NULL,Mahalla fuqarolar yigʻini (MFY),1726280,Olmazor tumani,Алмазарский район,Toshkent shahri,CURRENT / ACTIVE,Kadastr agentligi (Etirof) official MFY register,https://api-etirof.kadastr.uz/api/v1/commons/selects/neighborhoods,NULL,NULL,NULL,NULL,NO,NO,UNKNOWN,NULL,NULL,NULL,NULL,"Cabinet of Ministers Resolution No. 48, 04.03.2014, art. 26-30",https://www.lex.uz/uz/docs/-2349371,2026-09-18,A,Name and code OFFICIAL; polygon not present in the public cadastre mahalla layer as of 2026-09-18
1726280045,1726280045,1726280045,Chigʻatoy Darboza,NULL,NULL,NULL,Chigʻatoy Darboza mahalla fuqarolar yigʻini,NULL,NULL,Mahalla fuqarolar yigʻini (MFY),1726280,Olmazor tumani,Алмазарский район,Toshkent shahri,CURRENT / ACTIVE,Kadastr agentligi (Etirof) official MFY register,https://api-etirof.kadastr.uz/api/v1/commons/selects/neighborhoods,NULL,NULL,NULL,NULL,NO,NO,UNKNOWN,NULL,NULL,NULL,NULL,"Cabinet of Ministers Resolution No. 48, 04.03.2014, art. 26-30",https://www.lex.uz/uz/docs/-2349371,2026-09-18,A,Name and code OFFICIAL; polygon not present in the public cadastre mahalla layer as of 2026-09-18
1726280046,1726280046,1726280046,Guzarboshi,NULL,NULL,NULL,Guzarboshi mahalla fuqarolar yigʻini,NULL,NULL,Mahalla fuqarolar yigʻini (MFY),1726280,Olmazor tumani,Алмазарский район,Toshkent shahri,CURRENT / ACTIVE,Kadastr agentligi (Etirof) official MFY register,https://api-etirof.kadastr.uz/api/v1/commons/selects/neighborhoods,NULL,NULL,NULL,NULL,NO,NO,UNKNOWN,NULL,NULL,NULL,NULL,"Cabinet of Ministers Resolution No. 48, 04.03.2014, art. 26-30",https://www.lex.uz/uz/docs/-2349371,2026-09-18,A,Name and code OFFICIAL; polygon not present in the public cadastre mahalla layer as of 2026-09-18
1726280047,1726280047,1726280047,Universitet,NULL,NULL,NULL,Universitet mahalla fuqarolar yigʻini,NULL,NULL,Mahalla fuqarolar yigʻini (MFY),1726280,Olmazor tumani,Алмазарский район,Toshkent shahri,CURRENT / ACTIVE,Kadastr agentligi (Etirof) official MFY register,https://api-etirof.kadastr.uz/api/v1/commons/selects/neighborhoods,58.13,58.28,41.34731,69.2095,YES,YES,OFFICIAL,Kadastr agentligi - open.ngis.uz UZKAD/MAHALLA_UZKAD_DB16,https://db.ngis.uz/db/rest/services/UZKAD/MAHALLA_UZKAD_DB16/FeatureServer/0,EPSG:4326,2026-03-14..2026-08-27,"Cabinet of Ministers Resolution No. 48, 04.03.2014, art. 26-30",https://www.lex.uz/uz/docs/-2349371,2026-09-18,A,NULL
1726280048,1726280048,1726280048,Allon,NULL,NULL,NULL,Allon mahalla fuqarolar yigʻini,NULL,NULL,Mahalla fuqarolar yigʻini (MFY),1726280,Olmazor tumani,Алмазарский район,Toshkent shahri,CURRENT / ACTIVE,Kadastr agentligi (Etirof) official MFY register,https://api-etirof.kadastr.uz/api/v1/commons/selects/neighborhoods,NULL,NULL,NULL,NULL,NO,NO,UNKNOWN,NULL,NULL,NULL,NULL,"Cabinet of Ministers Resolution No. 48, 04.03.2014, art. 26-30",https://www.lex.uz/uz/docs/-2349371,2026-09-18,A,Name and code OFFICIAL; polygon not present in the public cadastre mahalla layer as of 2026-09-18
1726280049,1726280049,1726280049,Orzu,NULL,NULL,NULL,Orzu mahalla fuqarolar yigʻini,NULL,NULL,Mahalla fuqarolar yigʻini (MFY),1726280,Olmazor tumani,Алмазарский район,Toshkent shahri,CURRENT / ACTIVE,Kadastr agentligi (Etirof) official MFY register,https://api-etirof.kadastr.uz/api/v1/commons/selects/neighborhoods,NULL,NULL,NULL,NULL,NO,NO,UNKNOWN,NULL,NULL,NULL,NULL,"Cabinet of Ministers Resolution No. 48, 04.03.2014, art. 26-30",https://www.lex.uz/uz/docs/-2349371,2026-09-18,A,Name and code OFFICIAL; polygon not present in the public cadastre mahalla layer as of 2026-09-18
1726280050,1726280050,1726280050,Achaobod,NULL,NULL,NULL,Achaobod mahalla fuqarolar yigʻini,NULL,NULL,Mahalla fuqarolar yigʻini (MFY),1726280,Olmazor tumani,Алмазарский район,Toshkent shahri,CURRENT / ACTIVE,Kadastr agentligi (Etirof) official MFY register,https://api-etirof.kadastr.uz/api/v1/commons/selects/neighborhoods,NULL,NULL,NULL,NULL,NO,NO,UNKNOWN,NULL,NULL,NULL,NULL,"Cabinet of Ministers Resolution No. 48, 04.03.2014, art. 26-30",https://www.lex.uz/uz/docs/-2349371,2026-09-18,A,Name and code OFFICIAL; polygon not present in the public cadastre mahalla layer as of 2026-09-18
1726280051,1726280051,1726280051,Ziyo,NULL,NULL,NULL,Ziyo mahalla fuqarolar yigʻini,NULL,NULL,Mahalla fuqarolar yigʻini (MFY),1726280,Olmazor tumani,Алмазарский район,Toshkent shahri,CURRENT / ACTIVE,Kadastr agentligi (Etirof) official MFY register,https://api-etirof.kadastr.uz/api/v1/commons/selects/neighborhoods,NULL,NULL,NULL,NULL,NO,NO,UNKNOWN,NULL,NULL,NULL,NULL,"Cabinet of Ministers Resolution No. 48, 04.03.2014, art. 26-30",https://www.lex.uz/uz/docs/-2349371,2026-09-18,A,Name and code OFFICIAL; polygon not present in the public cadastre mahalla layer as of 2026-09-18
1726280052,1726280052,1726280052,Ziyokor,NULL,NULL,NULL,Ziyokor mahalla fuqarolar yigʻini,NULL,NULL,Mahalla fuqarolar yigʻini (MFY),1726280,Olmazor tumani,Алмазарский район,Toshkent shahri,CURRENT / ACTIVE,Kadastr agentligi (Etirof) official MFY register,https://api-etirof.kadastr.uz/api/v1/commons/selects/neighborhoods,NULL,NULL,NULL,NULL,NO,NO,UNKNOWN,NULL,NULL,NULL,NULL,"Cabinet of Ministers Resolution No. 48, 04.03.2014, art. 26-30",https://www.lex.uz/uz/docs/-2349371,2026-09-18,A,Name and code OFFICIAL; polygon not present in the public cadastre mahalla layer as of 2026-09-18
1726280053,1726280053,1726280053,Chimboy,NULL,NULL,NULL,Chimboy mahalla fuqarolar yigʻini,NULL,NULL,Mahalla fuqarolar yigʻini (MFY),1726280,Olmazor tumani,Алмазарский район,Toshkent shahri,CURRENT / ACTIVE,Kadastr agentligi (Etirof) official MFY register,https://api-etirof.kadastr.uz/api/v1/commons/selects/neighborhoods,54.1,54.35,41.34498,69.22175,YES,YES,OFFICIAL,Kadastr agentligi - open.ngis.uz UZKAD/MAHALLA_UZKAD_DB16,https://db.ngis.uz/db/rest/services/UZKAD/MAHALLA_UZKAD_DB16/FeatureServer/0,EPSG:4326,2026-03-14..2026-08-27,"Cabinet of Ministers Resolution No. 48, 04.03.2014, art. 26-30",https://www.lex.uz/uz/docs/-2349371,2026-09-18,A,NULL
1726280054,1726280054,1726280054,Shifokorlar,NULL,NULL,NULL,Shifokorlar mahalla fuqarolar yigʻini,NULL,NULL,Mahalla fuqarolar yigʻini (MFY),1726280,Olmazor tumani,Алмазарский район,Toshkent shahri,CURRENT / ACTIVE,Kadastr agentligi (Etirof) official MFY register,https://api-etirof.kadastr.uz/api/v1/commons/selects/neighborhoods,142.38,142.96,41.3554,69.17419,YES,YES,OFFICIAL,Kadastr agentligi - open.ngis.uz UZKAD/MAHALLA_UZKAD_DB16,https://db.ngis.uz/db/rest/services/UZKAD/MAHALLA_UZKAD_DB16/FeatureServer/0,EPSG:4326,2026-03-14..2026-08-27,"Cabinet of Ministers Resolution No. 48, 04.03.2014, art. 26-30",https://www.lex.uz/uz/docs/-2349371,2026-09-18,A,NULL
1726280055,1726280055,1726280055,Xislat,NULL,NULL,NULL,Xislat mahalla fuqarolar yigʻini,NULL,NULL,Mahalla fuqarolar yigʻini (MFY),1726280,Olmazor tumani,Алмазарский район,Toshkent shahri,CURRENT / ACTIVE,Kadastr agentligi (Etirof) official MFY register,https://api-etirof.kadastr.uz/api/v1/commons/selects/neighborhoods,57.68,57.69,41.35855,69.18332,YES,YES,OFFICIAL,Kadastr agentligi - open.ngis.uz UZKAD/MAHALLA_UZKAD_DB16,https://db.ngis.uz/db/rest/services/UZKAD/MAHALLA_UZKAD_DB16/FeatureServer/0,EPSG:4326,2026-03-14..2026-08-27,"Cabinet of Ministers Resolution No. 48, 04.03.2014, art. 26-30",https://www.lex.uz/uz/docs/-2349371,2026-09-18,A,NULL
1726280056,1726280056,1726280056,Chigʻatoy-Oqtepa,NULL,NULL,NULL,Chigʻatoy-Oqtepa mahalla fuqarolar yigʻini,NULL,NULL,Mahalla fuqarolar yigʻini (MFY),1726280,Olmazor tumani,Алмазарский район,Toshkent shahri,CURRENT / ACTIVE,Kadastr agentligi (Etirof) official MFY register,https://api-etirof.kadastr.uz/api/v1/commons/selects/neighborhoods,NULL,NULL,NULL,NULL,NO,NO,UNKNOWN,NULL,NULL,NULL,NULL,"Cabinet of Ministers Resolution No. 48, 04.03.2014, art. 26-30",https://www.lex.uz/uz/docs/-2349371,2026-09-18,A,Name and code OFFICIAL; polygon not present in the public cadastre mahalla layer as of 2026-09-18
1726280057,1726280057,1726280057,Mirza Gʻolib,NULL,NULL,NULL,Mirza Gʻolib mahalla fuqarolar yigʻini,NULL,NULL,Mahalla fuqarolar yigʻini (MFY),1726280,Olmazor tumani,Алмазарский район,Toshkent shahri,CURRENT / ACTIVE,Kadastr agentligi (Etirof) official MFY register,https://api-etirof.kadastr.uz/api/v1/commons/selects/neighborhoods,NULL,NULL,NULL,NULL,NO,NO,UNKNOWN,NULL,NULL,NULL,NULL,"Cabinet of Ministers Resolution No. 48, 04.03.2014, art. 26-30",https://www.lex.uz/uz/docs/-2349371,2026-09-18,A,Name and code OFFICIAL; polygon not present in the public cadastre mahalla layer as of 2026-09-18
1726280058,1726280058,1726280058,Jiydali,NULL,NULL,NULL,Jiydali mahalla fuqarolar yigʻini,NULL,NULL,Mahalla fuqarolar yigʻini (MFY),1726280,Olmazor tumani,Алмазарский район,Toshkent shahri,CURRENT / ACTIVE,Kadastr agentligi (Etirof) official MFY register,https://api-etirof.kadastr.uz/api/v1/commons/selects/neighborhoods,NULL,NULL,NULL,NULL,NO,NO,UNKNOWN,NULL,NULL,NULL,NULL,"Cabinet of Ministers Resolution No. 48, 04.03.2014, art. 26-30",https://www.lex.uz/uz/docs/-2349371,2026-09-18,A,Name and code OFFICIAL; polygon not present in the public cadastre mahalla layer as of 2026-09-18
1726280059,1726280059,1726280059,Beruniy,NULL,NULL,NULL,Beruniy mahalla fuqarolar yigʻini,NULL,NULL,Mahalla fuqarolar yigʻini (MFY),1726280,Olmazor tumani,Алмазарский район,Toshkent shahri,CURRENT / ACTIVE,Kadastr agentligi (Etirof) official MFY register,https://api-etirof.kadastr.uz/api/v1/commons/selects/neighborhoods,NULL,NULL,NULL,NULL,NO,NO,UNKNOWN,NULL,NULL,NULL,NULL,"Cabinet of Ministers Resolution No. 48, 04.03.2014, art. 26-30",https://www.lex.uz/uz/docs/-2349371,2026-09-18,A,Name and code OFFICIAL; polygon not present in the public cadastre mahalla layer as of 2026-09-18
1726280060,1726280060,1726280060,Chinniobod,NULL,NULL,NULL,Chinniobod mahalla fuqarolar yigʻini,NULL,NULL,Mahalla fuqarolar yigʻini (MFY),1726280,Olmazor tumani,Алмазарский район,Toshkent shahri,CURRENT / ACTIVE,Kadastr agentligi (Etirof) official MFY register,https://api-etirof.kadastr.uz/api/v1/commons/selects/neighborhoods,NULL,NULL,NULL,NULL,NO,NO,UNKNOWN,NULL,NULL,NULL,NULL,"Cabinet of Ministers Resolution No. 48, 04.03.2014, art. 26-30",https://www.lex.uz/uz/docs/-2349371,2026-09-18,A,Name and code OFFICIAL; polygon not present in the public cadastre mahalla layer as of 2026-09-18
1726280061,1726280061,1726280061,Elparvar,NULL,NULL,NULL,Elparvar mahalla fuqarolar yigʻini,NULL,NULL,Mahalla fuqarolar yigʻini (MFY),1726280,Olmazor tumani,Алмазарский район,Toshkent shahri,CURRENT / ACTIVE,Kadastr agentligi (Etirof) official MFY register,https://api-etirof.kadastr.uz/api/v1/commons/selects/neighborhoods,64.29,64.55,41.37628,69.22747,YES,YES,OFFICIAL,Kadastr agentligi - open.ngis.uz UZKAD/MAHALLA_UZKAD_DB16,https://db.ngis.uz/db/rest/services/UZKAD/MAHALLA_UZKAD_DB16/FeatureServer/0,EPSG:4326,2026-03-14..2026-08-27,"Cabinet of Ministers Resolution No. 48, 04.03.2014, art. 26-30",https://www.lex.uz/uz/docs/-2349371,2026-09-18,A,NULL
1726280062,1726280062,1726280062,Kaykovus,NULL,NULL,NULL,Kaykovus mahalla fuqarolar yigʻini,NULL,NULL,Mahalla fuqarolar yigʻini (MFY),1726280,Olmazor tumani,Алмазарский район,Toshkent shahri,CURRENT / ACTIVE,Kadastr agentligi (Etirof) official MFY register,https://api-etirof.kadastr.uz/api/v1/commons/selects/neighborhoods,NULL,NULL,NULL,NULL,NO,NO,UNKNOWN,NULL,NULL,NULL,NULL,"Cabinet of Ministers Resolution No. 48, 04.03.2014, art. 26-30",https://www.lex.uz/uz/docs/-2349371,2026-09-18,A,Name and code OFFICIAL; polygon not present in the public cadastre mahalla layer as of 2026-09-18
1726280063,1726280063,1726280063,Zamondosh,NULL,NULL,NULL,Zamondosh mahalla fuqarolar yigʻini,NULL,NULL,Mahalla fuqarolar yigʻini (MFY),1726280,Olmazor tumani,Алмазарский район,Toshkent shahri,CURRENT / ACTIVE,Kadastr agentligi (Etirof) official MFY register,https://api-etirof.kadastr.uz/api/v1/commons/selects/neighborhoods,56.67,56.58,41.35186,69.22319,YES,YES,OFFICIAL,Kadastr agentligi - open.ngis.uz UZKAD/MAHALLA_UZKAD_DB16,https://db.ngis.uz/db/rest/services/UZKAD/MAHALLA_UZKAD_DB16/FeatureServer/0,EPSG:4326,2026-03-14..2026-08-27,"Cabinet of Ministers Resolution No. 48, 04.03.2014, art. 26-30",https://www.lex.uz/uz/docs/-2349371,2026-09-18,A,NULL
1726280064,1726280064,1726280064,Zarxal,NULL,NULL,NULL,Zarxal mahalla fuqarolar yigʻini,NULL,NULL,Mahalla fuqarolar yigʻini (MFY),1726280,Olmazor tumani,Алмазарский район,Toshkent shahri,CURRENT / ACTIVE,Kadastr agentligi (Etirof) official MFY register,https://api-etirof.kadastr.uz/api/v1/commons/selects/neighborhoods,NULL,NULL,NULL,NULL,NO,NO,UNKNOWN,NULL,NULL,NULL,NULL,"Cabinet of Ministers Resolution No. 48, 04.03.2014, art. 26-30",https://www.lex.uz/uz/docs/-2349371,2026-09-18,A,Name and code OFFICIAL; polygon not present in the public cadastre mahalla layer as of 2026-09-18
1726283001,1726283001,1726283001,Oʻzgarish,NULL,NULL,NULL,Oʻzgarish mahalla fuqarolar yigʻini,NULL,NULL,Mahalla fuqarolar yigʻini (MFY),1726283,Sergeli tumani,Сергелийский район,Toshkent shahri,CURRENT / ACTIVE,Kadastr agentligi (Etirof) official MFY register,https://api-etirof.kadastr.uz/api/v1/commons/selects/neighborhoods,19.45,19.55,41.22693,69.20601,YES,YES,OFFICIAL,Kadastr agentligi - open.ngis.uz UZKAD/MAHALLA_UZKAD_DB16,https://db.ngis.uz/db/rest/services/UZKAD/MAHALLA_UZKAD_DB16/FeatureServer/0,EPSG:4326,2026-03-14..2026-08-27,"Cabinet of Ministers Resolution No. 48, 04.03.2014, art. 26-30",https://www.lex.uz/uz/docs/-2349371,2026-09-18,A,NULL
1726283002,1726283002,1726283002,Xabibiy,NULL,NULL,NULL,Xabibiy mahalla fuqarolar yigʻini,NULL,NULL,Mahalla fuqarolar yigʻini (MFY),1726283,Sergeli tumani,Сергелийский район,Toshkent shahri,CURRENT / ACTIVE,Kadastr agentligi (Etirof) official MFY register,https://api-etirof.kadastr.uz/api/v1/commons/selects/neighborhoods,23.25,23.33,41.22591,69.20982,YES,YES,OFFICIAL,Kadastr agentligi - open.ngis.uz UZKAD/MAHALLA_UZKAD_DB16,https://db.ngis.uz/db/rest/services/UZKAD/MAHALLA_UZKAD_DB16/FeatureServer/0,EPSG:4326,2026-03-14..2026-08-27,"Cabinet of Ministers Resolution No. 48, 04.03.2014, art. 26-30",https://www.lex.uz/uz/docs/-2349371,2026-09-18,A,NULL
1726283003,1726283003,1726283003,Mehrigiyo,NULL,NULL,NULL,Mehrigiyo mahalla fuqarolar yigʻini,NULL,NULL,Mahalla fuqarolar yigʻini (MFY),1726283,Sergeli tumani,Сергелийский район,Toshkent shahri,CURRENT / ACTIVE,Kadastr agentligi (Etirof) official MFY register,https://api-etirof.kadastr.uz/api/v1/commons/selects/neighborhoods,14.48,14.48,41.22675,69.21609,YES,YES,OFFICIAL,Kadastr agentligi - open.ngis.uz UZKAD/MAHALLA_UZKAD_DB16,https://db.ngis.uz/db/rest/services/UZKAD/MAHALLA_UZKAD_DB16/FeatureServer/0,EPSG:4326,2026-03-14..2026-08-27,"Cabinet of Ministers Resolution No. 48, 04.03.2014, art. 26-30",https://www.lex.uz/uz/docs/-2349371,2026-09-18,A,NULL
1726283004,1726283004,1726283004,Ezgulik,NULL,NULL,NULL,Ezgulik mahalla fuqarolar yigʻini,NULL,NULL,Mahalla fuqarolar yigʻini (MFY),1726283,Sergeli tumani,Сергелийский район,Toshkent shahri,CURRENT / ACTIVE,Kadastr agentligi (Etirof) official MFY register,https://api-etirof.kadastr.uz/api/v1/commons/selects/neighborhoods,20.06,20.01,41.22421,69.21733,YES,YES,OFFICIAL,Kadastr agentligi - open.ngis.uz UZKAD/MAHALLA_UZKAD_DB16,https://db.ngis.uz/db/rest/services/UZKAD/MAHALLA_UZKAD_DB16/FeatureServer/0,EPSG:4326,2026-03-14..2026-08-27,"Cabinet of Ministers Resolution No. 48, 04.03.2014, art. 26-30",https://www.lex.uz/uz/docs/-2349371,2026-09-18,A,NULL
1726283005,1726283005,1726283005,Bunyodobod,NULL,NULL,NULL,Bunyodobod mahalla fuqarolar yigʻini,NULL,NULL,Mahalla fuqarolar yigʻini (MFY),1726283,Sergeli tumani,Сергелийский район,Toshkent shahri,CURRENT / ACTIVE,Kadastr agentligi (Etirof) official MFY register,https://api-etirof.kadastr.uz/api/v1/commons/selects/neighborhoods,64.69,64.12,41.23695,69.2122,YES,YES,OFFICIAL,Kadastr agentligi - open.ngis.uz UZKAD/MAHALLA_UZKAD_DB16,https://db.ngis.uz/db/rest/services/UZKAD/MAHALLA_UZKAD_DB16/FeatureServer/0,EPSG:4326,2026-03-14..2026-08-27,"Cabinet of Ministers Resolution No. 48, 04.03.2014, art. 26-30",https://www.lex.uz/uz/docs/-2349371,2026-09-18,A,NULL
1726283006,1726283006,1726283006,Yangi Bunyodobod,NULL,NULL,NULL,Yangi Bunyodobod mahalla fuqarolar yigʻini,NULL,NULL,Mahalla fuqarolar yigʻini (MFY),1726283,Sergeli tumani,Сергелийский район,Toshkent shahri,CURRENT / ACTIVE,Kadastr agentligi (Etirof) official MFY register,https://api-etirof.kadastr.uz/api/v1/commons/selects/neighborhoods,41.43,41.51,41.2306,69.21365,YES,YES,OFFICIAL,Kadastr agentligi - open.ngis.uz UZKAD/MAHALLA_UZKAD_DB16,https://db.ngis.uz/db/rest/services/UZKAD/MAHALLA_UZKAD_DB16/FeatureServer/0,EPSG:4326,2026-03-14..2026-08-27,"Cabinet of Ministers Resolution No. 48, 04.03.2014, art. 26-30",https://www.lex.uz/uz/docs/-2349371,2026-09-18,A,NULL
1726283007,1726283007,1726283007,Joʻnariq,NULL,NULL,NULL,Joʻnariq mahalla fuqarolar yigʻini,NULL,NULL,Mahalla fuqarolar yigʻini (MFY),1726283,Sergeli tumani,Сергелийский район,Toshkent shahri,CURRENT / ACTIVE,Kadastr agentligi (Etirof) official MFY register,https://api-etirof.kadastr.uz/api/v1/commons/selects/neighborhoods,100.17,100.2,41.24399,69.20486,YES,YES,OFFICIAL,Kadastr agentligi - open.ngis.uz UZKAD/MAHALLA_UZKAD_DB16,https://db.ngis.uz/db/rest/services/UZKAD/MAHALLA_UZKAD_DB16/FeatureServer/0,EPSG:4326,2026-03-14..2026-08-27,"Cabinet of Ministers Resolution No. 48, 04.03.2014, art. 26-30",https://www.lex.uz/uz/docs/-2349371,2026-09-18,A,NULL
1726283008,1726283008,1726283008,Yuqori Darhon,NULL,NULL,NULL,Yuqori Darhon mahalla fuqarolar yigʻini,NULL,NULL,Mahalla fuqarolar yigʻini (MFY),1726283,Sergeli tumani,Сергелийский район,Toshkent shahri,CURRENT / ACTIVE,Kadastr agentligi (Etirof) official MFY register,https://api-etirof.kadastr.uz/api/v1/commons/selects/neighborhoods,139.02,139.57,41.23985,69.20811,YES,YES,OFFICIAL,Kadastr agentligi - open.ngis.uz UZKAD/MAHALLA_UZKAD_DB16,https://db.ngis.uz/db/rest/services/UZKAD/MAHALLA_UZKAD_DB16/FeatureServer/0,EPSG:4326,2026-03-14..2026-08-27,"Cabinet of Ministers Resolution No. 48, 04.03.2014, art. 26-30",https://www.lex.uz/uz/docs/-2349371,2026-09-18,A,NULL
1726283009,1726283009,1726283009,Madadkor,NULL,NULL,NULL,Madadkor mahalla fuqarolar yigʻini,NULL,NULL,Mahalla fuqarolar yigʻini (MFY),1726283,Sergeli tumani,Сергелийский район,Toshkent shahri,CURRENT / ACTIVE,Kadastr agentligi (Etirof) official MFY register,https://api-etirof.kadastr.uz/api/v1/commons/selects/neighborhoods,28.51,28.59,41.2212,69.21178,YES,YES,OFFICIAL,Kadastr agentligi - open.ngis.uz UZKAD/MAHALLA_UZKAD_DB16,https://db.ngis.uz/db/rest/services/UZKAD/MAHALLA_UZKAD_DB16/FeatureServer/0,EPSG:4326,2026-03-14..2026-08-27,"Cabinet of Ministers Resolution No. 48, 04.03.2014, art. 26-30",https://www.lex.uz/uz/docs/-2349371,2026-09-18,A,NULL
1726283010,1726283010,1726283010,Ziynat,NULL,NULL,NULL,Ziynat mahalla fuqarolar yigʻini,NULL,NULL,Mahalla fuqarolar yigʻini (MFY),1726283,Sergeli tumani,Сергелийский район,Toshkent shahri,CURRENT / ACTIVE,Kadastr agentligi (Etirof) official MFY register,https://api-etirof.kadastr.uz/api/v1/commons/selects/neighborhoods,21.89,21.91,41.21779,69.21475,YES,YES,OFFICIAL,Kadastr agentligi - open.ngis.uz UZKAD/MAHALLA_UZKAD_DB16,https://db.ngis.uz/db/rest/services/UZKAD/MAHALLA_UZKAD_DB16/FeatureServer/0,EPSG:4326,2026-03-14..2026-08-27,"Cabinet of Ministers Resolution No. 48, 04.03.2014, art. 26-30",https://www.lex.uz/uz/docs/-2349371,2026-09-18,A,NULL
1726283011,1726283011,1726283011,Yangi Sergeli,NULL,NULL,NULL,Yangi Sergeli mahalla fuqarolar yigʻini,NULL,NULL,Mahalla fuqarolar yigʻini (MFY),1726283,Sergeli tumani,Сергелийский район,Toshkent shahri,CURRENT / ACTIVE,Kadastr agentligi (Etirof) official MFY register,https://api-etirof.kadastr.uz/api/v1/commons/selects/neighborhoods,17.23,17.25,41.22196,69.21978,YES,YES,OFFICIAL,Kadastr agentligi - open.ngis.uz UZKAD/MAHALLA_UZKAD_DB16,https://db.ngis.uz/db/rest/services/UZKAD/MAHALLA_UZKAD_DB16/FeatureServer/0,EPSG:4326,2026-03-14..2026-08-27,"Cabinet of Ministers Resolution No. 48, 04.03.2014, art. 26-30",https://www.lex.uz/uz/docs/-2349371,2026-09-18,A,NULL
1726283012,1726283012,1726283012,Sohibqiron,NULL,NULL,NULL,Sohibqiron mahalla fuqarolar yigʻini,NULL,NULL,Mahalla fuqarolar yigʻini (MFY),1726283,Sergeli tumani,Сергелийский район,Toshkent shahri,CURRENT / ACTIVE,Kadastr agentligi (Etirof) official MFY register,https://api-etirof.kadastr.uz/api/v1/commons/selects/neighborhoods,15.97,15.84,41.21932,69.22045,YES,YES,OFFICIAL,Kadastr agentligi - open.ngis.uz UZKAD/MAHALLA_UZKAD_DB16,https://db.ngis.uz/db/rest/services/UZKAD/MAHALLA_UZKAD_DB16/FeatureServer/0,EPSG:4326,2026-03-14..2026-08-27,"Cabinet of Ministers Resolution No. 48, 04.03.2014, art. 26-30",https://www.lex.uz/uz/docs/-2349371,2026-09-18,A,NULL
1726283013,1726283013,1726283013,Sofdil,NULL,NULL,NULL,Sofdil mahalla fuqarolar yigʻini,NULL,NULL,Mahalla fuqarolar yigʻini (MFY),1726283,Sergeli tumani,Сергелийский район,Toshkent shahri,CURRENT / ACTIVE,Kadastr agentligi (Etirof) official MFY register,https://api-etirof.kadastr.uz/api/v1/commons/selects/neighborhoods,NULL,NULL,NULL,NULL,NO,NO,UNKNOWN,NULL,NULL,NULL,NULL,"Cabinet of Ministers Resolution No. 48, 04.03.2014, art. 26-30",https://www.lex.uz/uz/docs/-2349371,2026-09-18,A,Name and code OFFICIAL; polygon not present in the public cadastre mahalla layer as of 2026-09-18
1726283014,1726283014,1726283014,Xontepa,NULL,NULL,NULL,Xontepa mahalla fuqarolar yigʻini,NULL,NULL,Mahalla fuqarolar yigʻini (MFY),1726283,Sergeli tumani,Сергелийский район,Toshkent shahri,CURRENT / ACTIVE,Kadastr agentligi (Etirof) official MFY register,https://api-etirof.kadastr.uz/api/v1/commons/selects/neighborhoods,113.87,113.95,41.2276,69.27065,YES,YES,OFFICIAL,Kadastr agentligi - open.ngis.uz UZKAD/MAHALLA_UZKAD_DB16,https://db.ngis.uz/db/rest/services/UZKAD/MAHALLA_UZKAD_DB16/FeatureServer/0,EPSG:4326,2026-03-14..2026-08-27,"Cabinet of Ministers Resolution No. 48, 04.03.2014, art. 26-30",https://www.lex.uz/uz/docs/-2349371,2026-09-18,A,NULL
1726283015,1726283015,1726283015,Quruvchilar,NULL,NULL,NULL,Quruvchilar mahalla fuqarolar yigʻini,NULL,NULL,Mahalla fuqarolar yigʻini (MFY),1726283,Sergeli tumani,Сергелийский район,Toshkent shahri,CURRENT / ACTIVE,Kadastr agentligi (Etirof) official MFY register,https://api-etirof.kadastr.uz/api/v1/commons/selects/neighborhoods,196.17,195.65,41.21377,69.25519,YES,YES,OFFICIAL,Kadastr agentligi - open.ngis.uz UZKAD/MAHALLA_UZKAD_DB16,https://db.ngis.uz/db/rest/services/UZKAD/MAHALLA_UZKAD_DB16/FeatureServer/0,EPSG:4326,2026-03-14..2026-08-27,"Cabinet of Ministers Resolution No. 48, 04.03.2014, art. 26-30",https://www.lex.uz/uz/docs/-2349371,2026-09-18,A,NULL
1726283016,1726283016,1726283016,Daryo boʻyi,NULL,NULL,NULL,Daryo boʻyi mahalla fuqarolar yigʻini,NULL,NULL,Mahalla fuqarolar yigʻini (MFY),1726283,Sergeli tumani,Сергелийский район,Toshkent shahri,CURRENT / ACTIVE,Kadastr agentligi (Etirof) official MFY register,https://api-etirof.kadastr.uz/api/v1/commons/selects/neighborhoods,293.76,294.04,41.20164,69.25928,YES,YES,OFFICIAL,Kadastr agentligi - open.ngis.uz UZKAD/MAHALLA_UZKAD_DB16,https://db.ngis.uz/db/rest/services/UZKAD/MAHALLA_UZKAD_DB16/FeatureServer/0,EPSG:4326,2026-03-14..2026-08-27,"Cabinet of Ministers Resolution No. 48, 04.03.2014, art. 26-30",https://www.lex.uz/uz/docs/-2349371,2026-09-18,A,NULL
1726283017,1726283017,1726283017,Nurhayot,NULL,NULL,NULL,Nurhayot mahalla fuqarolar yigʻini,NULL,NULL,Mahalla fuqarolar yigʻini (MFY),1726283,Sergeli tumani,Сергелийский район,Toshkent shahri,CURRENT / ACTIVE,Kadastr agentligi (Etirof) official MFY register,https://api-etirof.kadastr.uz/api/v1/commons/selects/neighborhoods,28.09,28.12,41.21293,69.23342,YES,YES,OFFICIAL,Kadastr agentligi - open.ngis.uz UZKAD/MAHALLA_UZKAD_DB16,https://db.ngis.uz/db/rest/services/UZKAD/MAHALLA_UZKAD_DB16/FeatureServer/0,EPSG:4326,2026-03-14..2026-08-27,"Cabinet of Ministers Resolution No. 48, 04.03.2014, art. 26-30",https://www.lex.uz/uz/docs/-2349371,2026-09-18,A,NULL
1726283018,1726283018,1726283018,Saxovat,NULL,NULL,NULL,Saxovat mahalla fuqarolar yigʻini,NULL,NULL,Mahalla fuqarolar yigʻini (MFY),1726283,Sergeli tumani,Сергелийский район,Toshkent shahri,CURRENT / ACTIVE,Kadastr agentligi (Etirof) official MFY register,https://api-etirof.kadastr.uz/api/v1/commons/selects/neighborhoods,22.11,21.95,41.21515,69.23891,YES,YES,OFFICIAL,Kadastr agentligi - open.ngis.uz UZKAD/MAHALLA_UZKAD_DB16,https://db.ngis.uz/db/rest/services/UZKAD/MAHALLA_UZKAD_DB16/FeatureServer/0,EPSG:4326,2026-03-14..2026-08-27,"Cabinet of Ministers Resolution No. 48, 04.03.2014, art. 26-30",https://www.lex.uz/uz/docs/-2349371,2026-09-18,A,NULL
1726283019,1726283019,1726283019,Qipchoq,NULL,NULL,NULL,Qipchoq mahalla fuqarolar yigʻini,NULL,NULL,Mahalla fuqarolar yigʻini (MFY),1726283,Sergeli tumani,Сергелийский район,Toshkent shahri,CURRENT / ACTIVE,Kadastr agentligi (Etirof) official MFY register,https://api-etirof.kadastr.uz/api/v1/commons/selects/neighborhoods,16.2,16.2,41.21709,69.2429,YES,YES,OFFICIAL,Kadastr agentligi - open.ngis.uz UZKAD/MAHALLA_UZKAD_DB16,https://db.ngis.uz/db/rest/services/UZKAD/MAHALLA_UZKAD_DB16/FeatureServer/0,EPSG:4326,2026-03-14..2026-08-27,"Cabinet of Ministers Resolution No. 48, 04.03.2014, art. 26-30",https://www.lex.uz/uz/docs/-2349371,2026-09-18,A,NULL
1726283020,1726283020,1726283020,Sugʻdiyona,NULL,NULL,NULL,Sugʻdiyona mahalla fuqarolar yigʻini,NULL,NULL,Mahalla fuqarolar yigʻini (MFY),1726283,Sergeli tumani,Сергелийский район,Toshkent shahri,CURRENT / ACTIVE,Kadastr agentligi (Etirof) official MFY register,https://api-etirof.kadastr.uz/api/v1/commons/selects/neighborhoods,NULL,NULL,NULL,NULL,NO,NO,UNKNOWN,NULL,NULL,NULL,NULL,"Cabinet of Ministers Resolution No. 48, 04.03.2014, art. 26-30",https://www.lex.uz/uz/docs/-2349371,2026-09-18,A,Name and code OFFICIAL; polygon not present in the public cadastre mahalla layer as of 2026-09-18
1726283021,1726283021,1726283021,Nilufar,NULL,NULL,NULL,Nilufar mahalla fuqarolar yigʻini,NULL,NULL,Mahalla fuqarolar yigʻini (MFY),1726283,Sergeli tumani,Сергелийский район,Toshkent shahri,CURRENT / ACTIVE,Kadastr agentligi (Etirof) official MFY register,https://api-etirof.kadastr.uz/api/v1/commons/selects/neighborhoods,45.09,45.2,41.20877,69.22281,YES,YES,OFFICIAL,Kadastr agentligi - open.ngis.uz UZKAD/MAHALLA_UZKAD_DB16,https://db.ngis.uz/db/rest/services/UZKAD/MAHALLA_UZKAD_DB16/FeatureServer/0,EPSG:4326,2026-03-14..2026-08-27,"Cabinet of Ministers Resolution No. 48, 04.03.2014, art. 26-30",https://www.lex.uz/uz/docs/-2349371,2026-09-18,A,NULL
1726283022,1726283022,1726283022,Ittifoq,NULL,NULL,NULL,Ittifoq mahalla fuqarolar yigʻini,NULL,NULL,Mahalla fuqarolar yigʻini (MFY),1726283,Sergeli tumani,Сергелийский район,Toshkent shahri,CURRENT / ACTIVE,Kadastr agentligi (Etirof) official MFY register,https://api-etirof.kadastr.uz/api/v1/commons/selects/neighborhoods,17.02,16.87,41.21141,69.22839,YES,YES,OFFICIAL,Kadastr agentligi - open.ngis.uz UZKAD/MAHALLA_UZKAD_DB16,https://db.ngis.uz/db/rest/services/UZKAD/MAHALLA_UZKAD_DB16/FeatureServer/0,EPSG:4326,2026-03-14..2026-08-27,"Cabinet of Ministers Resolution No. 48, 04.03.2014, art. 26-30",https://www.lex.uz/uz/docs/-2349371,2026-09-18,A,NULL
1726283023,1726283023,1726283023,Farog'atli,NULL,NULL,NULL,Farog'atli mahalla fuqarolar yigʻini,NULL,NULL,Mahalla fuqarolar yigʻini (MFY),1726283,Sergeli tumani,Сергелийский район,Toshkent shahri,CURRENT / ACTIVE,Kadastr agentligi (Etirof) official MFY register,https://api-etirof.kadastr.uz/api/v1/commons/selects/neighborhoods,219.08,218.89,41.21179,69.27564,YES,YES,OFFICIAL,Kadastr agentligi - open.ngis.uz UZKAD/MAHALLA_UZKAD_DB16,https://db.ngis.uz/db/rest/services/UZKAD/MAHALLA_UZKAD_DB16/FeatureServer/0,EPSG:4326,2026-03-14..2026-08-27,"Cabinet of Ministers Resolution No. 48, 04.03.2014, art. 26-30",https://www.lex.uz/uz/docs/-2349371,2026-09-18,A,NULL
1726283024,1726283024,1726283024,Eshonbuloq,NULL,NULL,NULL,Eshonbuloq mahalla fuqarolar yigʻini,NULL,NULL,Mahalla fuqarolar yigʻini (MFY),1726283,Sergeli tumani,Сергелийский район,Toshkent shahri,CURRENT / ACTIVE,Kadastr agentligi (Etirof) official MFY register,https://api-etirof.kadastr.uz/api/v1/commons/selects/neighborhoods,129.74,129.54,41.23737,69.31057,YES,YES,OFFICIAL,Kadastr agentligi - open.ngis.uz UZKAD/MAHALLA_UZKAD_DB16,https://db.ngis.uz/db/rest/services/UZKAD/MAHALLA_UZKAD_DB16/FeatureServer/0,EPSG:4326,2026-03-14..2026-08-27,"Cabinet of Ministers Resolution No. 48, 04.03.2014, art. 26-30",https://www.lex.uz/uz/docs/-2349371,2026-09-18,A,NULL
1726283025,1726283025,1726283025,Jaloyir,NULL,NULL,NULL,Jaloyir mahalla fuqarolar yigʻini,NULL,NULL,Mahalla fuqarolar yigʻini (MFY),1726283,Sergeli tumani,Сергелийский район,Toshkent shahri,CURRENT / ACTIVE,Kadastr agentligi (Etirof) official MFY register,https://api-etirof.kadastr.uz/api/v1/commons/selects/neighborhoods,NULL,NULL,NULL,NULL,NO,NO,UNKNOWN,NULL,NULL,NULL,NULL,"Cabinet of Ministers Resolution No. 48, 04.03.2014, art. 26-30",https://www.lex.uz/uz/docs/-2349371,2026-09-18,A,Name and code OFFICIAL; polygon not present in the public cadastre mahalla layer as of 2026-09-18
1726283026,1726283026,1726283026,Nomdanak,NULL,NULL,NULL,Nomdanak mahalla fuqarolar yigʻini,NULL,NULL,Mahalla fuqarolar yigʻini (MFY),1726283,Sergeli tumani,Сергелийский район,Toshkent shahri,CURRENT / ACTIVE,Kadastr agentligi (Etirof) official MFY register,https://api-etirof.kadastr.uz/api/v1/commons/selects/neighborhoods,82.13,82.16,41.24075,69.28143,YES,YES,OFFICIAL,Kadastr agentligi - open.ngis.uz UZKAD/MAHALLA_UZKAD_DB16,https://db.ngis.uz/db/rest/services/UZKAD/MAHALLA_UZKAD_DB16/FeatureServer/0,EPSG:4326,2026-03-14..2026-08-27,"Cabinet of Ministers Resolution No. 48, 04.03.2014, art. 26-30",https://www.lex.uz/uz/docs/-2349371,2026-09-18,A,NULL
1726283027,1726283027,1726283027,Qumariq,NULL,NULL,NULL,Qumariq mahalla fuqarolar yigʻini,NULL,NULL,Mahalla fuqarolar yigʻini (MFY),1726283,Sergeli tumani,Сергелийский район,Toshkent shahri,CURRENT / ACTIVE,Kadastr agentligi (Etirof) official MFY register,https://api-etirof.kadastr.uz/api/v1/commons/selects/neighborhoods,252.55,251.55,41.24992,69.25094,YES,YES,OFFICIAL,Kadastr agentligi - open.ngis.uz UZKAD/MAHALLA_UZKAD_DB16,https://db.ngis.uz/db/rest/services/UZKAD/MAHALLA_UZKAD_DB16/FeatureServer/0,EPSG:4326,2026-03-14..2026-08-27,"Cabinet of Ministers Resolution No. 48, 04.03.2014, art. 26-30",https://www.lex.uz/uz/docs/-2349371,2026-09-18,A,NULL
1726283028,1726283028,1726283028,Xonobodtepa,NULL,NULL,NULL,Xonobodtepa mahalla fuqarolar yigʻini,NULL,NULL,Mahalla fuqarolar yigʻini (MFY),1726283,Sergeli tumani,Сергелийский район,Toshkent shahri,CURRENT / ACTIVE,Kadastr agentligi (Etirof) official MFY register,https://api-etirof.kadastr.uz/api/v1/commons/selects/neighborhoods,188.0,187.72,41.22099,69.26248,YES,YES,OFFICIAL,Kadastr agentligi - open.ngis.uz UZKAD/MAHALLA_UZKAD_DB16,https://db.ngis.uz/db/rest/services/UZKAD/MAHALLA_UZKAD_DB16/FeatureServer/0,EPSG:4326,2026-03-14..2026-08-27,"Cabinet of Ministers Resolution No. 48, 04.03.2014, art. 26-30",https://www.lex.uz/uz/docs/-2349371,2026-09-18,A,NULL
1726283029,1726283029,1726283029,Ziyolilar,NULL,NULL,NULL,Ziyolilar mahalla fuqarolar yigʻini,NULL,NULL,Mahalla fuqarolar yigʻini (MFY),1726283,Sergeli tumani,Сергелийский район,Toshkent shahri,CURRENT / ACTIVE,Kadastr agentligi (Etirof) official MFY register,https://api-etirof.kadastr.uz/api/v1/commons/selects/neighborhoods,63.75,63.86,41.23391,69.25491,YES,YES,OFFICIAL,Kadastr agentligi - open.ngis.uz UZKAD/MAHALLA_UZKAD_DB16,https://db.ngis.uz/db/rest/services/UZKAD/MAHALLA_UZKAD_DB16/FeatureServer/0,EPSG:4326,2026-03-14..2026-08-27,"Cabinet of Ministers Resolution No. 48, 04.03.2014, art. 26-30",https://www.lex.uz/uz/docs/-2349371,2026-09-18,A,NULL
1726283030,1726283030,1726283030,Kengmakon,NULL,NULL,NULL,Kengmakon mahalla fuqarolar yigʻini,NULL,NULL,Mahalla fuqarolar yigʻini (MFY),1726283,Sergeli tumani,Сергелийский район,Toshkent shahri,CURRENT / ACTIVE,Kadastr agentligi (Etirof) official MFY register,https://api-etirof.kadastr.uz/api/v1/commons/selects/neighborhoods,149.55,149.58,41.2398,69.29732,YES,YES,OFFICIAL,Kadastr agentligi - open.ngis.uz UZKAD/MAHALLA_UZKAD_DB16,https://db.ngis.uz/db/rest/services/UZKAD/MAHALLA_UZKAD_DB16/FeatureServer/0,EPSG:4326,2026-03-14..2026-08-27,"Cabinet of Ministers Resolution No. 48, 04.03.2014, art. 26-30",https://www.lex.uz/uz/docs/-2349371,2026-09-18,A,NULL
1726283031,1726283031,1726283031,Xonobod,NULL,NULL,NULL,Xonobod mahalla fuqarolar yigʻini,NULL,NULL,Mahalla fuqarolar yigʻini (MFY),1726283,Sergeli tumani,Сергелийский район,Toshkent shahri,CURRENT / ACTIVE,Kadastr agentligi (Etirof) official MFY register,https://api-etirof.kadastr.uz/api/v1/commons/selects/neighborhoods,NULL,NULL,NULL,NULL,NO,NO,UNKNOWN,NULL,NULL,NULL,NULL,"Cabinet of Ministers Resolution No. 48, 04.03.2014, art. 26-30",https://www.lex.uz/uz/docs/-2349371,2026-09-18,A,Name and code OFFICIAL; polygon not present in the public cadastre mahalla layer as of 2026-09-18
1726283032,1726283032,1726283032,Qut-baraka,NULL,NULL,NULL,Qut-baraka mahalla fuqarolar yigʻini,NULL,NULL,Mahalla fuqarolar yigʻini (MFY),1726283,Sergeli tumani,Сергелийский район,Toshkent shahri,CURRENT / ACTIVE,Kadastr agentligi (Etirof) official MFY register,https://api-etirof.kadastr.uz/api/v1/commons/selects/neighborhoods,NULL,NULL,NULL,NULL,NO,NO,UNKNOWN,NULL,NULL,NULL,NULL,"Cabinet of Ministers Resolution No. 48, 04.03.2014, art. 26-30",https://www.lex.uz/uz/docs/-2349371,2026-09-18,A,Name and code OFFICIAL; polygon not present in the public cadastre mahalla layer as of 2026-09-18
1726283033,1726283033,1726283033,Sultonobod,NULL,NULL,NULL,Sultonobod mahalla fuqarolar yigʻini,NULL,NULL,Mahalla fuqarolar yigʻini (MFY),1726283,Sergeli tumani,Сергелийский район,Toshkent shahri,CURRENT / ACTIVE,Kadastr agentligi (Etirof) official MFY register,https://api-etirof.kadastr.uz/api/v1/commons/selects/neighborhoods,105.72,105.85,41.23526,69.2664,YES,YES,OFFICIAL,Kadastr agentligi - open.ngis.uz UZKAD/MAHALLA_UZKAD_DB16,https://db.ngis.uz/db/rest/services/UZKAD/MAHALLA_UZKAD_DB16/FeatureServer/0,EPSG:4326,2026-03-14..2026-08-27,"Cabinet of Ministers Resolution No. 48, 04.03.2014, art. 26-30",https://www.lex.uz/uz/docs/-2349371,2026-09-18,A,NULL
1726283034,1726283034,1726283034,Izzatli,NULL,NULL,NULL,Izzatli mahalla fuqarolar yigʻini,NULL,NULL,Mahalla fuqarolar yigʻini (MFY),1726283,Sergeli tumani,Сергелийский район,Toshkent shahri,CURRENT / ACTIVE,Kadastr agentligi (Etirof) official MFY register,https://api-etirof.kadastr.uz/api/v1/commons/selects/neighborhoods,85.27,85.08,41.23343,69.28557,YES,YES,OFFICIAL,Kadastr agentligi - open.ngis.uz UZKAD/MAHALLA_UZKAD_DB16,https://db.ngis.uz/db/rest/services/UZKAD/MAHALLA_UZKAD_DB16/FeatureServer/0,EPSG:4326,2026-03-14..2026-08-27,"Cabinet of Ministers Resolution No. 48, 04.03.2014, art. 26-30",https://www.lex.uz/uz/docs/-2349371,2026-09-18,A,NULL
1726283035,1726283035,1726283035,Sadoqat,NULL,NULL,NULL,Sadoqat mahalla fuqarolar yigʻini,NULL,NULL,Mahalla fuqarolar yigʻini (MFY),1726283,Sergeli tumani,Сергелийский район,Toshkent shahri,CURRENT / ACTIVE,Kadastr agentligi (Etirof) official MFY register,https://api-etirof.kadastr.uz/api/v1/commons/selects/neighborhoods,146.58,146.57,41.22887,69.29409,YES,YES,OFFICIAL,Kadastr agentligi - open.ngis.uz UZKAD/MAHALLA_UZKAD_DB16,https://db.ngis.uz/db/rest/services/UZKAD/MAHALLA_UZKAD_DB16/FeatureServer/0,EPSG:4326,2026-03-14..2026-08-27,"Cabinet of Ministers Resolution No. 48, 04.03.2014, art. 26-30",https://www.lex.uz/uz/docs/-2349371,2026-09-18,A,NULL
1726283036,1726283036,1726283036,Shukrona,NULL,NULL,NULL,Shukrona mahalla fuqarolar yigʻini,NULL,NULL,Mahalla fuqarolar yigʻini (MFY),1726283,Sergeli tumani,Сергелийский район,Toshkent shahri,CURRENT / ACTIVE,Kadastr agentligi (Etirof) official MFY register,https://api-etirof.kadastr.uz/api/v1/commons/selects/neighborhoods,12.4,12.35,41.24611,69.28506,YES,YES,OFFICIAL,Kadastr agentligi - open.ngis.uz UZKAD/MAHALLA_UZKAD_DB16,https://db.ngis.uz/db/rest/services/UZKAD/MAHALLA_UZKAD_DB16/FeatureServer/0,EPSG:4326,2026-03-14..2026-08-27,"Cabinet of Ministers Resolution No. 48, 04.03.2014, art. 26-30",https://www.lex.uz/uz/docs/-2349371,2026-09-18,A,NULL
1726283037,1726283037,1726283037,Birdamlik (Ziyokor),NULL,NULL,NULL,Birdamlik (Ziyokor) mahalla fuqarolar yigʻini,NULL,NULL,Mahalla fuqarolar yigʻini (MFY),1726283,Sergeli tumani,Сергелийский район,Toshkent shahri,CURRENT / ACTIVE,Kadastr agentligi (Etirof) official MFY register,https://api-etirof.kadastr.uz/api/v1/commons/selects/neighborhoods,22.48,22.54,41.24643,69.28962,YES,YES,OFFICIAL,Kadastr agentligi - open.ngis.uz UZKAD/MAHALLA_UZKAD_DB16,https://db.ngis.uz/db/rest/services/UZKAD/MAHALLA_UZKAD_DB16/FeatureServer/0,EPSG:4326,2026-03-14..2026-08-27,"Cabinet of Ministers Resolution No. 48, 04.03.2014, art. 26-30",https://www.lex.uz/uz/docs/-2349371,2026-09-18,A,NULL
1726283038,1726283038,1726283038,Xalqabod,NULL,NULL,NULL,Xalqabod mahalla fuqarolar yigʻini,NULL,NULL,Mahalla fuqarolar yigʻini (MFY),1726283,Sergeli tumani,Сергелийский район,Toshkent shahri,CURRENT / ACTIVE,Kadastr agentligi (Etirof) official MFY register,https://api-etirof.kadastr.uz/api/v1/commons/selects/neighborhoods,35.01,35.17,41.25003,69.29836,YES,YES,OFFICIAL,Kadastr agentligi - open.ngis.uz UZKAD/MAHALLA_UZKAD_DB16,https://db.ngis.uz/db/rest/services/UZKAD/MAHALLA_UZKAD_DB16/FeatureServer/0,EPSG:4326,2026-03-14..2026-08-27,"Cabinet of Ministers Resolution No. 48, 04.03.2014, art. 26-30",https://www.lex.uz/uz/docs/-2349371,2026-09-18,A,NULL
1726283039,1726283039,1726283039,Madaniyat,NULL,NULL,NULL,Madaniyat mahalla fuqarolar yigʻini,NULL,NULL,Mahalla fuqarolar yigʻini (MFY),1726283,Sergeli tumani,Сергелийский район,Toshkent shahri,CURRENT / ACTIVE,Kadastr agentligi (Etirof) official MFY register,https://api-etirof.kadastr.uz/api/v1/commons/selects/neighborhoods,25.83,25.6,41.24583,69.2966,YES,YES,OFFICIAL,Kadastr agentligi - open.ngis.uz UZKAD/MAHALLA_UZKAD_DB16,https://db.ngis.uz/db/rest/services/UZKAD/MAHALLA_UZKAD_DB16/FeatureServer/0,EPSG:4326,2026-03-14..2026-08-27,"Cabinet of Ministers Resolution No. 48, 04.03.2014, art. 26-30",https://www.lex.uz/uz/docs/-2349371,2026-09-18,A,NULL
1726283040,1726283040,1726283040,Uchuvchilar,NULL,NULL,NULL,Uchuvchilar mahalla fuqarolar yigʻini,NULL,NULL,Mahalla fuqarolar yigʻini (MFY),1726283,Sergeli tumani,Сергелийский район,Toshkent shahri,CURRENT / ACTIVE,Kadastr agentligi (Etirof) official MFY register,https://api-etirof.kadastr.uz/api/v1/commons/selects/neighborhoods,126.89,126.6,41.26653,69.28343,YES,YES,OFFICIAL,Kadastr agentligi - open.ngis.uz UZKAD/MAHALLA_UZKAD_DB16,https://db.ngis.uz/db/rest/services/UZKAD/MAHALLA_UZKAD_DB16/FeatureServer/0,EPSG:4326,2026-03-14..2026-08-27,"Cabinet of Ministers Resolution No. 48, 04.03.2014, art. 26-30",https://www.lex.uz/uz/docs/-2349371,2026-09-18,A,NULL
1726283041,1726283041,1726283041,Oltin vodiy,NULL,NULL,NULL,Oltin vodiy mahalla fuqarolar yigʻini,NULL,NULL,Mahalla fuqarolar yigʻini (MFY),1726283,Sergeli tumani,Сергелийский район,Toshkent shahri,CURRENT / ACTIVE,Kadastr agentligi (Etirof) official MFY register,https://api-etirof.kadastr.uz/api/v1/commons/selects/neighborhoods,NULL,NULL,NULL,NULL,NO,NO,UNKNOWN,NULL,NULL,NULL,NULL,"Cabinet of Ministers Resolution No. 48, 04.03.2014, art. 26-30",https://www.lex.uz/uz/docs/-2349371,2026-09-18,A,Name and code OFFICIAL; polygon not present in the public cadastre mahalla layer as of 2026-09-18
1726283042,1726283042,1726283042,Ko'hna qumariq,NULL,NULL,NULL,Ko'hna qumariq mahalla fuqarolar yigʻini,NULL,NULL,Mahalla fuqarolar yigʻini (MFY),1726283,Sergeli tumani,Сергелийский район,Toshkent shahri,CURRENT / ACTIVE,Kadastr agentligi (Etirof) official MFY register,https://api-etirof.kadastr.uz/api/v1/commons/selects/neighborhoods,230.97,231.86,41.23997,69.25474,YES,YES,OFFICIAL,Kadastr agentligi - open.ngis.uz UZKAD/MAHALLA_UZKAD_DB16,https://db.ngis.uz/db/rest/services/UZKAD/MAHALLA_UZKAD_DB16/FeatureServer/0,EPSG:4326,2026-03-14..2026-08-27,"Cabinet of Ministers Resolution No. 48, 04.03.2014, art. 26-30",https://www.lex.uz/uz/docs/-2349371,2026-09-18,A,NULL
1726283043,1726283043,1726283043,Asrobod,NULL,NULL,NULL,Asrobod mahalla fuqarolar yigʻini,NULL,NULL,Mahalla fuqarolar yigʻini (MFY),1726283,Sergeli tumani,Сергелийский район,Toshkent shahri,CURRENT / ACTIVE,Kadastr agentligi (Etirof) official MFY register,https://api-etirof.kadastr.uz/api/v1/commons/selects/neighborhoods,37.75,37.66,41.24679,69.27194,YES,YES,OFFICIAL,Kadastr agentligi - open.ngis.uz UZKAD/MAHALLA_UZKAD_DB16,https://db.ngis.uz/db/rest/services/UZKAD/MAHALLA_UZKAD_DB16/FeatureServer/0,EPSG:4326,2026-03-14..2026-08-27,"Cabinet of Ministers Resolution No. 48, 04.03.2014, art. 26-30",https://www.lex.uz/uz/docs/-2349371,2026-09-18,A,NULL
1726283044,1726283044,1726283044,Qoʻsh-qoʻrgon,NULL,NULL,NULL,Qoʻsh-qoʻrgon mahalla fuqarolar yigʻini,NULL,NULL,Mahalla fuqarolar yigʻini (MFY),1726283,Sergeli tumani,Сергелийский район,Toshkent shahri,CURRENT / ACTIVE,Kadastr agentligi (Etirof) official MFY register,https://api-etirof.kadastr.uz/api/v1/commons/selects/neighborhoods,230.91,229.69,41.25155,69.28451,YES,YES,OFFICIAL,Kadastr agentligi - open.ngis.uz UZKAD/MAHALLA_UZKAD_DB16,https://db.ngis.uz/db/rest/services/UZKAD/MAHALLA_UZKAD_DB16/FeatureServer/0,EPSG:4326,2026-03-14..2026-08-27,"Cabinet of Ministers Resolution No. 48, 04.03.2014, art. 26-30",https://www.lex.uz/uz/docs/-2349371,2026-09-18,A,NULL
1726283045,1726283045,1726283045,Nogʻay-qoʻrgon,NULL,NULL,NULL,Nogʻay-qoʻrgon mahalla fuqarolar yigʻini,NULL,NULL,Mahalla fuqarolar yigʻini (MFY),1726283,Sergeli tumani,Сергелийский район,Toshkent shahri,CURRENT / ACTIVE,Kadastr agentligi (Etirof) official MFY register,https://api-etirof.kadastr.uz/api/v1/commons/selects/neighborhoods,NULL,NULL,NULL,NULL,NO,NO,UNKNOWN,NULL,NULL,NULL,NULL,"Cabinet of Ministers Resolution No. 48, 04.03.2014, art. 26-30",https://www.lex.uz/uz/docs/-2349371,2026-09-18,A,Name and code OFFICIAL; polygon not present in the public cadastre mahalla layer as of 2026-09-18
1726283046,1726283046,1726283046,Qubay-tepa,NULL,NULL,NULL,Qubay-tepa mahalla fuqarolar yigʻini,NULL,NULL,Mahalla fuqarolar yigʻini (MFY),1726283,Sergeli tumani,Сергелийский район,Toshkent shahri,CURRENT / ACTIVE,Kadastr agentligi (Etirof) official MFY register,https://api-etirof.kadastr.uz/api/v1/commons/selects/neighborhoods,225.02,224.99,41.25316,69.23153,YES,YES,OFFICIAL,Kadastr agentligi - open.ngis.uz UZKAD/MAHALLA_UZKAD_DB16,https://db.ngis.uz/db/rest/services/UZKAD/MAHALLA_UZKAD_DB16/FeatureServer/0,EPSG:4326,2026-03-14..2026-08-27,"Cabinet of Ministers Resolution No. 48, 04.03.2014, art. 26-30",https://www.lex.uz/uz/docs/-2349371,2026-09-18,A,NULL
1726287001,1726287001,1726287001,Armugʻon,NULL,NULL,NULL,Armugʻon mahalla fuqarolar yigʻini,NULL,NULL,Mahalla fuqarolar yigʻini (MFY),1726287,Yakkasaroy tumani,Яккасарайский район,Toshkent shahri,CURRENT / ACTIVE,Kadastr agentligi (Etirof) official MFY register,https://api-etirof.kadastr.uz/api/v1/commons/selects/neighborhoods,63.78,63.65,41.26765,69.2545,YES,YES,OFFICIAL,Kadastr agentligi - open.ngis.uz UZKAD/MAHALLA_UZKAD_DB16,https://db.ngis.uz/db/rest/services/UZKAD/MAHALLA_UZKAD_DB16/FeatureServer/0,EPSG:4326,2026-03-14..2026-08-27,"Cabinet of Ministers Resolution No. 48, 04.03.2014, art. 26-30",https://www.lex.uz/uz/docs/-2349371,2026-09-18,A,NULL
1726287002,1726287002,1726287002,Boshliq,NULL,NULL,NULL,Boshliq mahalla fuqarolar yigʻini,NULL,NULL,Mahalla fuqarolar yigʻini (MFY),1726287,Yakkasaroy tumani,Яккасарайский район,Toshkent shahri,CURRENT / ACTIVE,Kadastr agentligi (Etirof) official MFY register,https://api-etirof.kadastr.uz/api/v1/commons/selects/neighborhoods,15.33,15.47,41.26828,69.24855,YES,YES,OFFICIAL,Kadastr agentligi - open.ngis.uz UZKAD/MAHALLA_UZKAD_DB16,https://db.ngis.uz/db/rest/services/UZKAD/MAHALLA_UZKAD_DB16/FeatureServer/0,EPSG:4326,2026-03-14..2026-08-27,"Cabinet of Ministers Resolution No. 48, 04.03.2014, art. 26-30",https://www.lex.uz/uz/docs/-2349371,2026-09-18,A,NULL
1726287003,1726287003,1726287003,Dilbuloq,NULL,NULL,NULL,Dilbuloq mahalla fuqarolar yigʻini,NULL,NULL,Mahalla fuqarolar yigʻini (MFY),1726287,Yakkasaroy tumani,Яккасарайский район,Toshkent shahri,CURRENT / ACTIVE,Kadastr agentligi (Etirof) official MFY register,https://api-etirof.kadastr.uz/api/v1/commons/selects/neighborhoods,84.53,84.4,41.26858,69.23836,YES,YES,OFFICIAL,Kadastr agentligi - open.ngis.uz UZKAD/MAHALLA_UZKAD_DB16,https://db.ngis.uz/db/rest/services/UZKAD/MAHALLA_UZKAD_DB16/FeatureServer/0,EPSG:4326,2026-03-14..2026-08-27,"Cabinet of Ministers Resolution No. 48, 04.03.2014, art. 26-30",https://www.lex.uz/uz/docs/-2349371,2026-09-18,A,NULL
1726287004,1726287004,1726287004,Muxandislar,NULL,NULL,NULL,Muxandislar mahalla fuqarolar yigʻini,NULL,NULL,Mahalla fuqarolar yigʻini (MFY),1726287,Yakkasaroy tumani,Яккасарайский район,Toshkent shahri,CURRENT / ACTIVE,Kadastr agentligi (Etirof) official MFY register,https://api-etirof.kadastr.uz/api/v1/commons/selects/neighborhoods,132.01,131.63,41.27605,69.25167,YES,YES,OFFICIAL,Kadastr agentligi - open.ngis.uz UZKAD/MAHALLA_UZKAD_DB16,https://db.ngis.uz/db/rest/services/UZKAD/MAHALLA_UZKAD_DB16/FeatureServer/0,EPSG:4326,2026-03-14..2026-08-27,"Cabinet of Ministers Resolution No. 48, 04.03.2014, art. 26-30",https://www.lex.uz/uz/docs/-2349371,2026-09-18,A,NULL
1726287005,1726287005,1726287005,Qushbegi,NULL,NULL,NULL,Qushbegi mahalla fuqarolar yigʻini,NULL,NULL,Mahalla fuqarolar yigʻini (MFY),1726287,Yakkasaroy tumani,Яккасарайский район,Toshkent shahri,CURRENT / ACTIVE,Kadastr agentligi (Etirof) official MFY register,https://api-etirof.kadastr.uz/api/v1/commons/selects/neighborhoods,80.27,79.7,41.26187,69.23246,YES,YES,OFFICIAL,Kadastr agentligi - open.ngis.uz UZKAD/MAHALLA_UZKAD_DB16,https://db.ngis.uz/db/rest/services/UZKAD/MAHALLA_UZKAD_DB16/FeatureServer/0,EPSG:4326,2026-03-14..2026-08-27,"Cabinet of Ministers Resolution No. 48, 04.03.2014, art. 26-30",https://www.lex.uz/uz/docs/-2349371,2026-09-18,A,NULL
1726287006,1726287006,1726287006,Meros,NULL,NULL,NULL,Meros mahalla fuqarolar yigʻini,NULL,NULL,Mahalla fuqarolar yigʻini (MFY),1726287,Yakkasaroy tumani,Яккасарайский район,Toshkent shahri,CURRENT / ACTIVE,Kadastr agentligi (Etirof) official MFY register,https://api-etirof.kadastr.uz/api/v1/commons/selects/neighborhoods,48.59,48.64,41.27343,69.22817,YES,YES,OFFICIAL,Kadastr agentligi - open.ngis.uz UZKAD/MAHALLA_UZKAD_DB16,https://db.ngis.uz/db/rest/services/UZKAD/MAHALLA_UZKAD_DB16/FeatureServer/0,EPSG:4326,2026-03-14..2026-08-27,"Cabinet of Ministers Resolution No. 48, 04.03.2014, art. 26-30",https://www.lex.uz/uz/docs/-2349371,2026-09-18,A,NULL
1726287007,1726287007,1726287007,Muqumiy,NULL,NULL,NULL,Muqumiy mahalla fuqarolar yigʻini,NULL,NULL,Mahalla fuqarolar yigʻini (MFY),1726287,Yakkasaroy tumani,Яккасарайский район,Toshkent shahri,CURRENT / ACTIVE,Kadastr agentligi (Etirof) official MFY register,https://api-etirof.kadastr.uz/api/v1/commons/selects/neighborhoods,NULL,NULL,NULL,NULL,NO,NO,UNKNOWN,NULL,NULL,NULL,NULL,"Cabinet of Ministers Resolution No. 48, 04.03.2014, art. 26-30",https://www.lex.uz/uz/docs/-2349371,2026-09-18,A,Name and code OFFICIAL; polygon not present in the public cadastre mahalla layer as of 2026-09-18
1726287008,1726287008,1726287008,Rakat,NULL,NULL,NULL,Rakat mahalla fuqarolar yigʻini,NULL,NULL,Mahalla fuqarolar yigʻini (MFY),1726287,Yakkasaroy tumani,Яккасарайский район,Toshkent shahri,CURRENT / ACTIVE,Kadastr agentligi (Etirof) official MFY register,https://api-etirof.kadastr.uz/api/v1/commons/selects/neighborhoods,NULL,NULL,NULL,NULL,NO,NO,UNKNOWN,NULL,NULL,NULL,NULL,"Cabinet of Ministers Resolution No. 48, 04.03.2014, art. 26-30",https://www.lex.uz/uz/docs/-2349371,2026-09-18,A,Name and code OFFICIAL; polygon not present in the public cadastre mahalla layer as of 2026-09-18
1726287009,1726287009,1726287009,Toʻqimachi,NULL,NULL,NULL,Toʻqimachi mahalla fuqarolar yigʻini,NULL,NULL,Mahalla fuqarolar yigʻini (MFY),1726287,Yakkasaroy tumani,Яккасарайский район,Toshkent shahri,CURRENT / ACTIVE,Kadastr agentligi (Etirof) official MFY register,https://api-etirof.kadastr.uz/api/v1/commons/selects/neighborhoods,58.49,58.47,41.27428,69.23808,YES,YES,OFFICIAL,Kadastr agentligi - open.ngis.uz UZKAD/MAHALLA_UZKAD_DB16,https://db.ngis.uz/db/rest/services/UZKAD/MAHALLA_UZKAD_DB16/FeatureServer/0,EPSG:4326,2026-03-14..2026-08-27,"Cabinet of Ministers Resolution No. 48, 04.03.2014, art. 26-30",https://www.lex.uz/uz/docs/-2349371,2026-09-18,A,NULL
1726287010,1726287010,1726287010,Yakkasaroy,NULL,NULL,NULL,Yakkasaroy mahalla fuqarolar yigʻini,NULL,NULL,Mahalla fuqarolar yigʻini (MFY),1726287,Yakkasaroy tumani,Яккасарайский район,Toshkent shahri,CURRENT / ACTIVE,Kadastr agentligi (Etirof) official MFY register,https://api-etirof.kadastr.uz/api/v1/commons/selects/neighborhoods,NULL,NULL,NULL,NULL,NO,NO,UNKNOWN,NULL,NULL,NULL,NULL,"Cabinet of Ministers Resolution No. 48, 04.03.2014, art. 26-30",https://www.lex.uz/uz/docs/-2349371,2026-09-18,A,Name and code OFFICIAL; polygon not present in the public cadastre mahalla layer as of 2026-09-18
1726287011,1726287011,1726287011,Belariq,NULL,NULL,NULL,Belariq mahalla fuqarolar yigʻini,NULL,NULL,Mahalla fuqarolar yigʻini (MFY),1726287,Yakkasaroy tumani,Яккасарайский район,Toshkent shahri,CURRENT / ACTIVE,Kadastr agentligi (Etirof) official MFY register,https://api-etirof.kadastr.uz/api/v1/commons/selects/neighborhoods,61.24,61.48,41.28975,69.24286,YES,YES,OFFICIAL,Kadastr agentligi - open.ngis.uz UZKAD/MAHALLA_UZKAD_DB16,https://db.ngis.uz/db/rest/services/UZKAD/MAHALLA_UZKAD_DB16/FeatureServer/0,EPSG:4326,2026-03-14..2026-08-27,"Cabinet of Ministers Resolution No. 48, 04.03.2014, art. 26-30",https://www.lex.uz/uz/docs/-2349371,2026-09-18,A,NULL
1726287012,1726287012,1726287012,Konstitutsiya,NULL,NULL,NULL,Konstitutsiya mahalla fuqarolar yigʻini,NULL,NULL,Mahalla fuqarolar yigʻini (MFY),1726287,Yakkasaroy tumani,Яккасарайский район,Toshkent shahri,CURRENT / ACTIVE,Kadastr agentligi (Etirof) official MFY register,https://api-etirof.kadastr.uz/api/v1/commons/selects/neighborhoods,71.13,70.79,41.29208,69.25645,YES,YES,OFFICIAL,Kadastr agentligi - open.ngis.uz UZKAD/MAHALLA_UZKAD_DB16,https://db.ngis.uz/db/rest/services/UZKAD/MAHALLA_UZKAD_DB16/FeatureServer/0,EPSG:4326,2026-03-14..2026-08-27,"Cabinet of Ministers Resolution No. 48, 04.03.2014, art. 26-30",https://www.lex.uz/uz/docs/-2349371,2026-09-18,A,NULL
1726287013,1726287013,1726287013,Rakatboshi,NULL,NULL,NULL,Rakatboshi mahalla fuqarolar yigʻini,NULL,NULL,Mahalla fuqarolar yigʻini (MFY),1726287,Yakkasaroy tumani,Яккасарайский район,Toshkent shahri,CURRENT / ACTIVE,Kadastr agentligi (Etirof) official MFY register,https://api-etirof.kadastr.uz/api/v1/commons/selects/neighborhoods,58.82,58.75,41.29503,69.24652,YES,YES,OFFICIAL,Kadastr agentligi - open.ngis.uz UZKAD/MAHALLA_UZKAD_DB16,https://db.ngis.uz/db/rest/services/UZKAD/MAHALLA_UZKAD_DB16/FeatureServer/0,EPSG:4326,2026-03-14..2026-08-27,"Cabinet of Ministers Resolution No. 48, 04.03.2014, art. 26-30",https://www.lex.uz/uz/docs/-2349371,2026-09-18,A,NULL
1726287014,1726287014,1726287014,Tepa,NULL,NULL,NULL,Tepa mahalla fuqarolar yigʻini,NULL,NULL,Mahalla fuqarolar yigʻini (MFY),1726287,Yakkasaroy tumani,Яккасарайский район,Toshkent shahri,CURRENT / ACTIVE,Kadastr agentligi (Etirof) official MFY register,https://api-etirof.kadastr.uz/api/v1/commons/selects/neighborhoods,36.62,36.61,41.29741,69.25337,YES,YES,OFFICIAL,Kadastr agentligi - open.ngis.uz UZKAD/MAHALLA_UZKAD_DB16,https://db.ngis.uz/db/rest/services/UZKAD/MAHALLA_UZKAD_DB16/FeatureServer/0,EPSG:4326,2026-03-14..2026-08-27,"Cabinet of Ministers Resolution No. 48, 04.03.2014, art. 26-30",https://www.lex.uz/uz/docs/-2349371,2026-09-18,A,NULL
1726287015,1726287015,1726287015,Yunus Rajabiy,NULL,NULL,NULL,Yunus Rajabiy mahalla fuqarolar yigʻini,NULL,NULL,Mahalla fuqarolar yigʻini (MFY),1726287,Yakkasaroy tumani,Яккасарайский район,Toshkent shahri,CURRENT / ACTIVE,Kadastr agentligi (Etirof) official MFY register,https://api-etirof.kadastr.uz/api/v1/commons/selects/neighborhoods,123.16,123.11,41.30474,69.26032,YES,YES,OFFICIAL,Kadastr agentligi - open.ngis.uz UZKAD/MAHALLA_UZKAD_DB16,https://db.ngis.uz/db/rest/services/UZKAD/MAHALLA_UZKAD_DB16/FeatureServer/0,EPSG:4326,2026-03-14..2026-08-27,"Cabinet of Ministers Resolution No. 48, 04.03.2014, art. 26-30",https://www.lex.uz/uz/docs/-2349371,2026-09-18,A,NULL
1726287016,1726287016,1726287016,Abdulla Qaxxor,NULL,NULL,NULL,Abdulla Qaxxor mahalla fuqarolar yigʻini,NULL,NULL,Mahalla fuqarolar yigʻini (MFY),1726287,Yakkasaroy tumani,Яккасарайский район,Toshkent shahri,CURRENT / ACTIVE,Kadastr agentligi (Etirof) official MFY register,https://api-etirof.kadastr.uz/api/v1/commons/selects/neighborhoods,47.89,47.8,41.28468,69.25855,YES,YES,OFFICIAL,Kadastr agentligi - open.ngis.uz UZKAD/MAHALLA_UZKAD_DB16,https://db.ngis.uz/db/rest/services/UZKAD/MAHALLA_UZKAD_DB16/FeatureServer/0,EPSG:4326,2026-03-14..2026-08-27,"Cabinet of Ministers Resolution No. 48, 04.03.2014, art. 26-30",https://www.lex.uz/uz/docs/-2349371,2026-09-18,A,NULL
1726287017,1726287017,1726287017,Bobur,NULL,NULL,NULL,Bobur mahalla fuqarolar yigʻini,NULL,NULL,Mahalla fuqarolar yigʻini (MFY),1726287,Yakkasaroy tumani,Яккасарайский район,Toshkent shahri,CURRENT / ACTIVE,Kadastr agentligi (Etirof) official MFY register,https://api-etirof.kadastr.uz/api/v1/commons/selects/neighborhoods,41.59,41.52,41.27693,69.26011,YES,YES,OFFICIAL,Kadastr agentligi - open.ngis.uz UZKAD/MAHALLA_UZKAD_DB16,https://db.ngis.uz/db/rest/services/UZKAD/MAHALLA_UZKAD_DB16/FeatureServer/0,EPSG:4326,2026-03-14..2026-08-27,"Cabinet of Ministers Resolution No. 48, 04.03.2014, art. 26-30",https://www.lex.uz/uz/docs/-2349371,2026-09-18,A,NULL
1726287018,1726287018,1726287018,Bogʻsaroy,NULL,NULL,NULL,Bogʻsaroy mahalla fuqarolar yigʻini,NULL,NULL,Mahalla fuqarolar yigʻini (MFY),1726287,Yakkasaroy tumani,Яккасарайский район,Toshkent shahri,CURRENT / ACTIVE,Kadastr agentligi (Etirof) official MFY register,https://api-etirof.kadastr.uz/api/v1/commons/selects/neighborhoods,51.83,51.74,41.29781,69.26416,YES,YES,OFFICIAL,Kadastr agentligi - open.ngis.uz UZKAD/MAHALLA_UZKAD_DB16,https://db.ngis.uz/db/rest/services/UZKAD/MAHALLA_UZKAD_DB16/FeatureServer/0,EPSG:4326,2026-03-14..2026-08-27,"Cabinet of Ministers Resolution No. 48, 04.03.2014, art. 26-30",https://www.lex.uz/uz/docs/-2349371,2026-09-18,A,NULL
1726287019,1726287019,1726287019,Damariq,NULL,NULL,NULL,Damariq mahalla fuqarolar yigʻini,NULL,NULL,Mahalla fuqarolar yigʻini (MFY),1726287,Yakkasaroy tumani,Яккасарайский район,Toshkent shahri,CURRENT / ACTIVE,Kadastr agentligi (Etirof) official MFY register,https://api-etirof.kadastr.uz/api/v1/commons/selects/neighborhoods,NULL,NULL,NULL,NULL,NO,NO,UNKNOWN,NULL,NULL,NULL,NULL,"Cabinet of Ministers Resolution No. 48, 04.03.2014, art. 26-30",https://www.lex.uz/uz/docs/-2349371,2026-09-18,A,Name and code OFFICIAL; polygon not present in the public cadastre mahalla layer as of 2026-09-18
1726287020,1726287020,1726287020,Hamid Sulaymon,NULL,NULL,NULL,Hamid Sulaymon mahalla fuqarolar yigʻini,NULL,NULL,Mahalla fuqarolar yigʻini (MFY),1726287,Yakkasaroy tumani,Яккасарайский район,Toshkent shahri,CURRENT / ACTIVE,Kadastr agentligi (Etirof) official MFY register,https://api-etirof.kadastr.uz/api/v1/commons/selects/neighborhoods,NULL,NULL,NULL,NULL,NO,NO,UNKNOWN,NULL,NULL,NULL,NULL,"Cabinet of Ministers Resolution No. 48, 04.03.2014, art. 26-30",https://www.lex.uz/uz/docs/-2349371,2026-09-18,A,Name and code OFFICIAL; polygon not present in the public cadastre mahalla layer as of 2026-09-18
1726287021,1726287021,1726287021,Shoxjoxon,NULL,NULL,NULL,Shoxjoxon mahalla fuqarolar yigʻini,NULL,NULL,Mahalla fuqarolar yigʻini (MFY),1726287,Yakkasaroy tumani,Яккасарайский район,Toshkent shahri,CURRENT / ACTIVE,Kadastr agentligi (Etirof) official MFY register,https://api-etirof.kadastr.uz/api/v1/commons/selects/neighborhoods,37.52,37.6,41.28534,69.24931,YES,YES,OFFICIAL,Kadastr agentligi - open.ngis.uz UZKAD/MAHALLA_UZKAD_DB16,https://db.ngis.uz/db/rest/services/UZKAD/MAHALLA_UZKAD_DB16/FeatureServer/0,EPSG:4326,2026-03-14..2026-08-27,"Cabinet of Ministers Resolution No. 48, 04.03.2014, art. 26-30",https://www.lex.uz/uz/docs/-2349371,2026-09-18,A,NULL
1726290001,1726290001,1726290001,Iltifot,NULL,NULL,NULL,Iltifot mahalla fuqarolar yigʻini,NULL,NULL,Mahalla fuqarolar yigʻini (MFY),1726290,Yashnobod tumani,Яшнободский район,Toshkent shahri,CURRENT / ACTIVE,Kadastr agentligi (Etirof) official MFY register,https://api-etirof.kadastr.uz/api/v1/commons/selects/neighborhoods,31.29,31.12,41.28111,69.35566,YES,YES,OFFICIAL,Kadastr agentligi - open.ngis.uz UZKAD/MAHALLA_UZKAD_DB16,https://db.ngis.uz/db/rest/services/UZKAD/MAHALLA_UZKAD_DB16/FeatureServer/0,EPSG:4326,2026-03-14..2026-08-27,"Cabinet of Ministers Resolution No. 48, 04.03.2014, art. 26-30",https://www.lex.uz/uz/docs/-2349371,2026-09-18,A,NULL
1726290002,1726290002,1726290002,Al-Buxoriy,NULL,NULL,NULL,Al-Buxoriy mahalla fuqarolar yigʻini,NULL,NULL,Mahalla fuqarolar yigʻini (MFY),1726290,Yashnobod tumani,Яшнободский район,Toshkent shahri,CURRENT / ACTIVE,Kadastr agentligi (Etirof) official MFY register,https://api-etirof.kadastr.uz/api/v1/commons/selects/neighborhoods,24.43,24.43,41.2925,69.3681,YES,YES,OFFICIAL,Kadastr agentligi - open.ngis.uz UZKAD/MAHALLA_UZKAD_DB16,https://db.ngis.uz/db/rest/services/UZKAD/MAHALLA_UZKAD_DB16/FeatureServer/0,EPSG:4326,2026-03-14..2026-08-27,"Cabinet of Ministers Resolution No. 48, 04.03.2014, art. 26-30",https://www.lex.uz/uz/docs/-2349371,2026-09-18,A,NULL
1726290003,1726290003,1726290003,Amir Temur,NULL,NULL,NULL,Amir Temur mahalla fuqarolar yigʻini,NULL,NULL,Mahalla fuqarolar yigʻini (MFY),1726290,Yashnobod tumani,Яшнободский район,Toshkent shahri,CURRENT / ACTIVE,Kadastr agentligi (Etirof) official MFY register,https://api-etirof.kadastr.uz/api/v1/commons/selects/neighborhoods,151.66,151.21,41.30228,69.35247,YES,YES,OFFICIAL,Kadastr agentligi - open.ngis.uz UZKAD/MAHALLA_UZKAD_DB16,https://db.ngis.uz/db/rest/services/UZKAD/MAHALLA_UZKAD_DB16/FeatureServer/0,EPSG:4326,2026-03-14..2026-08-27,"Cabinet of Ministers Resolution No. 48, 04.03.2014, art. 26-30",https://www.lex.uz/uz/docs/-2349371,2026-09-18,A,NULL
1726290004,1726290004,1726290004,Vatandosh,NULL,NULL,NULL,Vatandosh mahalla fuqarolar yigʻini,NULL,NULL,Mahalla fuqarolar yigʻini (MFY),1726290,Yashnobod tumani,Яшнободский район,Toshkent shahri,CURRENT / ACTIVE,Kadastr agentligi (Etirof) official MFY register,https://api-etirof.kadastr.uz/api/v1/commons/selects/neighborhoods,16.64,16.37,41.29286,69.35991,YES,YES,OFFICIAL,Kadastr agentligi - open.ngis.uz UZKAD/MAHALLA_UZKAD_DB16,https://db.ngis.uz/db/rest/services/UZKAD/MAHALLA_UZKAD_DB16/FeatureServer/0,EPSG:4326,2026-03-14..2026-08-27,"Cabinet of Ministers Resolution No. 48, 04.03.2014, art. 26-30",https://www.lex.uz/uz/docs/-2349371,2026-09-18,A,NULL
1726290005,1726290005,1726290005,Tong,NULL,NULL,NULL,Tong mahalla fuqarolar yigʻini,NULL,NULL,Mahalla fuqarolar yigʻini (MFY),1726290,Yashnobod tumani,Яшнободский район,Toshkent shahri,CURRENT / ACTIVE,Kadastr agentligi (Etirof) official MFY register,https://api-etirof.kadastr.uz/api/v1/commons/selects/neighborhoods,20.67,20.68,41.29037,69.36226,YES,YES,OFFICIAL,Kadastr agentligi - open.ngis.uz UZKAD/MAHALLA_UZKAD_DB16,https://db.ngis.uz/db/rest/services/UZKAD/MAHALLA_UZKAD_DB16/FeatureServer/0,EPSG:4326,2026-03-14..2026-08-27,"Cabinet of Ministers Resolution No. 48, 04.03.2014, art. 26-30",https://www.lex.uz/uz/docs/-2349371,2026-09-18,A,NULL
1726290006,1726290006,1726290006,Mohinur,NULL,NULL,NULL,Mohinur mahalla fuqarolar yigʻini,NULL,NULL,Mahalla fuqarolar yigʻini (MFY),1726290,Yashnobod tumani,Яшнободский район,Toshkent shahri,CURRENT / ACTIVE,Kadastr agentligi (Etirof) official MFY register,https://api-etirof.kadastr.uz/api/v1/commons/selects/neighborhoods,14.28,14.11,41.29542,69.3652,YES,YES,OFFICIAL,Kadastr agentligi - open.ngis.uz UZKAD/MAHALLA_UZKAD_DB16,https://db.ngis.uz/db/rest/services/UZKAD/MAHALLA_UZKAD_DB16/FeatureServer/0,EPSG:4326,2026-03-14..2026-08-27,"Cabinet of Ministers Resolution No. 48, 04.03.2014, art. 26-30",https://www.lex.uz/uz/docs/-2349371,2026-09-18,A,NULL
1726290007,1726290007,1726290007,Tuzel,NULL,NULL,NULL,Tuzel mahalla fuqarolar yigʻini,NULL,NULL,Mahalla fuqarolar yigʻini (MFY),1726290,Yashnobod tumani,Яшнободский район,Toshkent shahri,CURRENT / ACTIVE,Kadastr agentligi (Etirof) official MFY register,https://api-etirof.kadastr.uz/api/v1/commons/selects/neighborhoods,45.9,45.51,41.29889,69.36079,YES,YES,OFFICIAL,Kadastr agentligi - open.ngis.uz UZKAD/MAHALLA_UZKAD_DB16,https://db.ngis.uz/db/rest/services/UZKAD/MAHALLA_UZKAD_DB16/FeatureServer/0,EPSG:4326,2026-03-14..2026-08-27,"Cabinet of Ministers Resolution No. 48, 04.03.2014, art. 26-30",https://www.lex.uz/uz/docs/-2349371,2026-09-18,A,NULL
1726290008,1726290008,1726290008,Goʻzal,NULL,NULL,NULL,Goʻzal mahalla fuqarolar yigʻini,NULL,NULL,Mahalla fuqarolar yigʻini (MFY),1726290,Yashnobod tumani,Яшнободский район,Toshkent shahri,CURRENT / ACTIVE,Kadastr agentligi (Etirof) official MFY register,https://api-etirof.kadastr.uz/api/v1/commons/selects/neighborhoods,NULL,NULL,NULL,NULL,NO,NO,UNKNOWN,NULL,NULL,NULL,NULL,"Cabinet of Ministers Resolution No. 48, 04.03.2014, art. 26-30",https://www.lex.uz/uz/docs/-2349371,2026-09-18,A,Name and code OFFICIAL; polygon not present in the public cadastre mahalla layer as of 2026-09-18
1726290009,1726290009,1726290009,Olmos,NULL,NULL,NULL,Olmos mahalla fuqarolar yigʻini,NULL,NULL,Mahalla fuqarolar yigʻini (MFY),1726290,Yashnobod tumani,Яшнободский район,Toshkent shahri,CURRENT / ACTIVE,Kadastr agentligi (Etirof) official MFY register,https://api-etirof.kadastr.uz/api/v1/commons/selects/neighborhoods,NULL,NULL,NULL,NULL,NO,NO,UNKNOWN,NULL,NULL,NULL,NULL,"Cabinet of Ministers Resolution No. 48, 04.03.2014, art. 26-30",https://www.lex.uz/uz/docs/-2349371,2026-09-18,A,Name and code OFFICIAL; polygon not present in the public cadastre mahalla layer as of 2026-09-18
1726290010,1726290010,1726290010,Argʻin,NULL,NULL,NULL,Argʻin mahalla fuqarolar yigʻini,NULL,NULL,Mahalla fuqarolar yigʻini (MFY),1726290,Yashnobod tumani,Яшнободский район,Toshkent shahri,CURRENT / ACTIVE,Kadastr agentligi (Etirof) official MFY register,https://api-etirof.kadastr.uz/api/v1/commons/selects/neighborhoods,NULL,NULL,NULL,NULL,NO,NO,UNKNOWN,NULL,NULL,NULL,NULL,"Cabinet of Ministers Resolution No. 48, 04.03.2014, art. 26-30",https://www.lex.uz/uz/docs/-2349371,2026-09-18,A,Name and code OFFICIAL; polygon not present in the public cadastre mahalla layer as of 2026-09-18
1726290011,1726290011,1726290011,Hilol,NULL,NULL,NULL,Hilol mahalla fuqarolar yigʻini,NULL,NULL,Mahalla fuqarolar yigʻini (MFY),1726290,Yashnobod tumani,Яшнободский район,Toshkent shahri,CURRENT / ACTIVE,Kadastr agentligi (Etirof) official MFY register,https://api-etirof.kadastr.uz/api/v1/commons/selects/neighborhoods,80.35,80.53,41.29645,69.39215,YES,YES,OFFICIAL,Kadastr agentligi - open.ngis.uz UZKAD/MAHALLA_UZKAD_DB16,https://db.ngis.uz/db/rest/services/UZKAD/MAHALLA_UZKAD_DB16/FeatureServer/0,EPSG:4326,2026-03-14..2026-08-27,"Cabinet of Ministers Resolution No. 48, 04.03.2014, art. 26-30",https://www.lex.uz/uz/docs/-2349371,2026-09-18,A,NULL
1726290012,1726290012,1726290012,Uchchinor,NULL,NULL,NULL,Uchchinor mahalla fuqarolar yigʻini,NULL,NULL,Mahalla fuqarolar yigʻini (MFY),1726290,Yashnobod tumani,Яшнободский район,Toshkent shahri,CURRENT / ACTIVE,Kadastr agentligi (Etirof) official MFY register,https://api-etirof.kadastr.uz/api/v1/commons/selects/neighborhoods,NULL,NULL,NULL,NULL,NO,NO,UNKNOWN,NULL,NULL,NULL,NULL,"Cabinet of Ministers Resolution No. 48, 04.03.2014, art. 26-30",https://www.lex.uz/uz/docs/-2349371,2026-09-18,A,Name and code OFFICIAL; polygon not present in the public cadastre mahalla layer as of 2026-09-18
1726290013,1726290013,1726290013,Jarboshi,NULL,NULL,NULL,Jarboshi mahalla fuqarolar yigʻini,NULL,NULL,Mahalla fuqarolar yigʻini (MFY),1726290,Yashnobod tumani,Яшнободский район,Toshkent shahri,CURRENT / ACTIVE,Kadastr agentligi (Etirof) official MFY register,https://api-etirof.kadastr.uz/api/v1/commons/selects/neighborhoods,277.84,279.08,41.31966,69.42993,YES,YES,OFFICIAL,Kadastr agentligi - open.ngis.uz UZKAD/MAHALLA_UZKAD_DB16,https://db.ngis.uz/db/rest/services/UZKAD/MAHALLA_UZKAD_DB16/FeatureServer/0,EPSG:4326,2026-03-14..2026-08-27,"Cabinet of Ministers Resolution No. 48, 04.03.2014, art. 26-30",https://www.lex.uz/uz/docs/-2349371,2026-09-18,A,NULL
1726290014,1726290014,1726290014,Mohirlar,NULL,NULL,NULL,Mohirlar mahalla fuqarolar yigʻini,NULL,NULL,Mahalla fuqarolar yigʻini (MFY),1726290,Yashnobod tumani,Яшнободский район,Toshkent shahri,CURRENT / ACTIVE,Kadastr agentligi (Etirof) official MFY register,https://api-etirof.kadastr.uz/api/v1/commons/selects/neighborhoods,123.62,122.66,41.30307,69.4002,YES,YES,OFFICIAL,Kadastr agentligi - open.ngis.uz UZKAD/MAHALLA_UZKAD_DB16,https://db.ngis.uz/db/rest/services/UZKAD/MAHALLA_UZKAD_DB16/FeatureServer/0,EPSG:4326,2026-03-14..2026-08-27,"Cabinet of Ministers Resolution No. 48, 04.03.2014, art. 26-30",https://www.lex.uz/uz/docs/-2349371,2026-09-18,A,NULL
1726290015,1726290015,1726290015,Bog'bon,NULL,NULL,NULL,Bog'bon mahalla fuqarolar yigʻini,NULL,NULL,Mahalla fuqarolar yigʻini (MFY),1726290,Yashnobod tumani,Яшнободский район,Toshkent shahri,CURRENT / ACTIVE,Kadastr agentligi (Etirof) official MFY register,https://api-etirof.kadastr.uz/api/v1/commons/selects/neighborhoods,269.25,268.29,41.28185,69.38438,YES,YES,OFFICIAL,Kadastr agentligi - open.ngis.uz UZKAD/MAHALLA_UZKAD_DB16,https://db.ngis.uz/db/rest/services/UZKAD/MAHALLA_UZKAD_DB16/FeatureServer/0,EPSG:4326,2026-03-14..2026-08-27,"Cabinet of Ministers Resolution No. 48, 04.03.2014, art. 26-30",https://www.lex.uz/uz/docs/-2349371,2026-09-18,A,NULL
1726290016,1726290016,1726290016,TashIsti,NULL,NULL,NULL,TashIsti mahalla fuqarolar yigʻini,NULL,NULL,Mahalla fuqarolar yigʻini (MFY),1726290,Yashnobod tumani,Яшнободский район,Toshkent shahri,CURRENT / ACTIVE,Kadastr agentligi (Etirof) official MFY register,https://api-etirof.kadastr.uz/api/v1/commons/selects/neighborhoods,135.44,135.74,41.30767,69.41603,YES,YES,OFFICIAL,Kadastr agentligi - open.ngis.uz UZKAD/MAHALLA_UZKAD_DB16,https://db.ngis.uz/db/rest/services/UZKAD/MAHALLA_UZKAD_DB16/FeatureServer/0,EPSG:4326,2026-03-14..2026-08-27,"Cabinet of Ministers Resolution No. 48, 04.03.2014, art. 26-30",https://www.lex.uz/uz/docs/-2349371,2026-09-18,A,NULL
1726290017,1726290017,1726290017,Tovkentepa,NULL,NULL,NULL,Tovkentepa mahalla fuqarolar yigʻini,NULL,NULL,Mahalla fuqarolar yigʻini (MFY),1726290,Yashnobod tumani,Яшнободский район,Toshkent shahri,CURRENT / ACTIVE,Kadastr agentligi (Etirof) official MFY register,https://api-etirof.kadastr.uz/api/v1/commons/selects/neighborhoods,141.72,141.79,41.30024,69.38357,YES,YES,OFFICIAL,Kadastr agentligi - open.ngis.uz UZKAD/MAHALLA_UZKAD_DB16,https://db.ngis.uz/db/rest/services/UZKAD/MAHALLA_UZKAD_DB16/FeatureServer/0,EPSG:4326,2026-03-14..2026-08-27,"Cabinet of Ministers Resolution No. 48, 04.03.2014, art. 26-30",https://www.lex.uz/uz/docs/-2349371,2026-09-18,A,NULL
1726290018,1726290018,1726290018,Yashnobod,NULL,NULL,NULL,Yashnobod mahalla fuqarolar yigʻini,NULL,NULL,Mahalla fuqarolar yigʻini (MFY),1726290,Yashnobod tumani,Яшнободский район,Toshkent shahri,CURRENT / ACTIVE,Kadastr agentligi (Etirof) official MFY register,https://api-etirof.kadastr.uz/api/v1/commons/selects/neighborhoods,57.28,56.8,41.29367,69.34415,YES,YES,OFFICIAL,Kadastr agentligi - open.ngis.uz UZKAD/MAHALLA_UZKAD_DB16,https://db.ngis.uz/db/rest/services/UZKAD/MAHALLA_UZKAD_DB16/FeatureServer/0,EPSG:4326,2026-03-14..2026-08-27,"Cabinet of Ministers Resolution No. 48, 04.03.2014, art. 26-30",https://www.lex.uz/uz/docs/-2349371,2026-09-18,A,NULL
1726290019,1726290019,1726290019,Birlashgan,NULL,NULL,NULL,Birlashgan mahalla fuqarolar yigʻini,NULL,NULL,Mahalla fuqarolar yigʻini (MFY),1726290,Yashnobod tumani,Яшнободский район,Toshkent shahri,CURRENT / ACTIVE,Kadastr agentligi (Etirof) official MFY register,https://api-etirof.kadastr.uz/api/v1/commons/selects/neighborhoods,54.3,54.44,41.29096,69.35122,YES,YES,OFFICIAL,Kadastr agentligi - open.ngis.uz UZKAD/MAHALLA_UZKAD_DB16,https://db.ngis.uz/db/rest/services/UZKAD/MAHALLA_UZKAD_DB16/FeatureServer/0,EPSG:4326,2026-03-14..2026-08-27,"Cabinet of Ministers Resolution No. 48, 04.03.2014, art. 26-30",https://www.lex.uz/uz/docs/-2349371,2026-09-18,A,NULL
1726290020,1726290020,1726290020,Parvoz,NULL,NULL,NULL,Parvoz mahalla fuqarolar yigʻini,NULL,NULL,Mahalla fuqarolar yigʻini (MFY),1726290,Yashnobod tumani,Яшнободский район,Toshkent shahri,CURRENT / ACTIVE,Kadastr agentligi (Etirof) official MFY register,https://api-etirof.kadastr.uz/api/v1/commons/selects/neighborhoods,41.56,41.68,41.28717,69.35372,YES,YES,OFFICIAL,Kadastr agentligi - open.ngis.uz UZKAD/MAHALLA_UZKAD_DB16,https://db.ngis.uz/db/rest/services/UZKAD/MAHALLA_UZKAD_DB16/FeatureServer/0,EPSG:4326,2026-03-14..2026-08-27,"Cabinet of Ministers Resolution No. 48, 04.03.2014, art. 26-30",https://www.lex.uz/uz/docs/-2349371,2026-09-18,A,NULL
1726290021,1726290021,1726290021,Navroʻzobod,NULL,NULL,NULL,Navroʻzobod mahalla fuqarolar yigʻini,NULL,NULL,Mahalla fuqarolar yigʻini (MFY),1726290,Yashnobod tumani,Яшнободский район,Toshkent shahri,CURRENT / ACTIVE,Kadastr agentligi (Etirof) official MFY register,https://api-etirof.kadastr.uz/api/v1/commons/selects/neighborhoods,30.85,30.81,41.29775,69.3474,YES,YES,OFFICIAL,Kadastr agentligi - open.ngis.uz UZKAD/MAHALLA_UZKAD_DB16,https://db.ngis.uz/db/rest/services/UZKAD/MAHALLA_UZKAD_DB16/FeatureServer/0,EPSG:4326,2026-03-14..2026-08-27,"Cabinet of Ministers Resolution No. 48, 04.03.2014, art. 26-30",https://www.lex.uz/uz/docs/-2349371,2026-09-18,A,NULL
1726290022,1726290022,1726290022,Aviasozlar,NULL,NULL,NULL,Aviasozlar mahalla fuqarolar yigʻini,NULL,NULL,Mahalla fuqarolar yigʻini (MFY),1726290,Yashnobod tumani,Яшнободский район,Toshkent shahri,CURRENT / ACTIVE,Kadastr agentligi (Etirof) official MFY register,https://api-etirof.kadastr.uz/api/v1/commons/selects/neighborhoods,19.45,19.46,41.28951,69.34113,YES,YES,OFFICIAL,Kadastr agentligi - open.ngis.uz UZKAD/MAHALLA_UZKAD_DB16,https://db.ngis.uz/db/rest/services/UZKAD/MAHALLA_UZKAD_DB16/FeatureServer/0,EPSG:4326,2026-03-14..2026-08-27,"Cabinet of Ministers Resolution No. 48, 04.03.2014, art. 26-30",https://www.lex.uz/uz/docs/-2349371,2026-09-18,A,NULL
1726290023,1726290023,1726290023,Maxmur,NULL,NULL,NULL,Maxmur mahalla fuqarolar yigʻini,NULL,NULL,Mahalla fuqarolar yigʻini (MFY),1726290,Yashnobod tumani,Яшнободский район,Toshkent shahri,CURRENT / ACTIVE,Kadastr agentligi (Etirof) official MFY register,https://api-etirof.kadastr.uz/api/v1/commons/selects/neighborhoods,38.72,38.46,41.28925,69.3355,YES,YES,OFFICIAL,Kadastr agentligi - open.ngis.uz UZKAD/MAHALLA_UZKAD_DB16,https://db.ngis.uz/db/rest/services/UZKAD/MAHALLA_UZKAD_DB16/FeatureServer/0,EPSG:4326,2026-03-14..2026-08-27,"Cabinet of Ministers Resolution No. 48, 04.03.2014, art. 26-30",https://www.lex.uz/uz/docs/-2349371,2026-09-18,A,NULL
1726290024,1726290024,1726290024,Alimkent,NULL,NULL,NULL,Alimkent mahalla fuqarolar yigʻini,NULL,NULL,Mahalla fuqarolar yigʻini (MFY),1726290,Yashnobod tumani,Яшнободский район,Toshkent shahri,CURRENT / ACTIVE,Kadastr agentligi (Etirof) official MFY register,https://api-etirof.kadastr.uz/api/v1/commons/selects/neighborhoods,31.54,31.43,41.2933,69.33477,YES,YES,OFFICIAL,Kadastr agentligi - open.ngis.uz UZKAD/MAHALLA_UZKAD_DB16,https://db.ngis.uz/db/rest/services/UZKAD/MAHALLA_UZKAD_DB16/FeatureServer/0,EPSG:4326,2026-03-14..2026-08-27,"Cabinet of Ministers Resolution No. 48, 04.03.2014, art. 26-30",https://www.lex.uz/uz/docs/-2349371,2026-09-18,A,NULL
1726290025,1726290025,1726290025,Qadriyat,NULL,NULL,NULL,Qadriyat mahalla fuqarolar yigʻini,NULL,NULL,Mahalla fuqarolar yigʻini (MFY),1726290,Yashnobod tumani,Яшнободский район,Toshkent shahri,CURRENT / ACTIVE,Kadastr agentligi (Etirof) official MFY register,https://api-etirof.kadastr.uz/api/v1/commons/selects/neighborhoods,62.97,62.14,41.29577,69.33264,YES,YES,OFFICIAL,Kadastr agentligi - open.ngis.uz UZKAD/MAHALLA_UZKAD_DB16,https://db.ngis.uz/db/rest/services/UZKAD/MAHALLA_UZKAD_DB16/FeatureServer/0,EPSG:4326,2026-03-14..2026-08-27,"Cabinet of Ministers Resolution No. 48, 04.03.2014, art. 26-30",https://www.lex.uz/uz/docs/-2349371,2026-09-18,A,NULL
1726290026,1726290026,1726290026,Toʻy tepa,NULL,NULL,NULL,Toʻy tepa mahalla fuqarolar yigʻini,NULL,NULL,Mahalla fuqarolar yigʻini (MFY),1726290,Yashnobod tumani,Яшнободский район,Toshkent shahri,CURRENT / ACTIVE,Kadastr agentligi (Etirof) official MFY register,https://api-etirof.kadastr.uz/api/v1/commons/selects/neighborhoods,74.1,73.82,41.30573,69.2899,YES,YES,OFFICIAL,Kadastr agentligi - open.ngis.uz UZKAD/MAHALLA_UZKAD_DB16,https://db.ngis.uz/db/rest/services/UZKAD/MAHALLA_UZKAD_DB16/FeatureServer/0,EPSG:4326,2026-03-14..2026-08-27,"Cabinet of Ministers Resolution No. 48, 04.03.2014, art. 26-30",https://www.lex.uz/uz/docs/-2349371,2026-09-18,A,NULL
1726290027,1726290027,1726290027,Semurgʻ,NULL,NULL,NULL,Semurgʻ mahalla fuqarolar yigʻini,NULL,NULL,Mahalla fuqarolar yigʻini (MFY),1726290,Yashnobod tumani,Яшнободский район,Toshkent shahri,CURRENT / ACTIVE,Kadastr agentligi (Etirof) official MFY register,https://api-etirof.kadastr.uz/api/v1/commons/selects/neighborhoods,18.28,18.35,41.31369,69.32397,YES,YES,OFFICIAL,Kadastr agentligi - open.ngis.uz UZKAD/MAHALLA_UZKAD_DB16,https://db.ngis.uz/db/rest/services/UZKAD/MAHALLA_UZKAD_DB16/FeatureServer/0,EPSG:4326,2026-03-14..2026-08-27,"Cabinet of Ministers Resolution No. 48, 04.03.2014, art. 26-30",https://www.lex.uz/uz/docs/-2349371,2026-09-18,A,NULL
1726290028,1726290028,1726290028,Choʻlpon,NULL,NULL,NULL,Choʻlpon mahalla fuqarolar yigʻini,NULL,NULL,Mahalla fuqarolar yigʻini (MFY),1726290,Yashnobod tumani,Яшнободский район,Toshkent shahri,CURRENT / ACTIVE,Kadastr agentligi (Etirof) official MFY register,https://api-etirof.kadastr.uz/api/v1/commons/selects/neighborhoods,156.2,155.79,41.3039,69.30122,YES,YES,OFFICIAL,Kadastr agentligi - open.ngis.uz UZKAD/MAHALLA_UZKAD_DB16,https://db.ngis.uz/db/rest/services/UZKAD/MAHALLA_UZKAD_DB16/FeatureServer/0,EPSG:4326,2026-03-14..2026-08-27,"Cabinet of Ministers Resolution No. 48, 04.03.2014, art. 26-30",https://www.lex.uz/uz/docs/-2349371,2026-09-18,A,NULL
1726290029,1726290029,1726290029,Fidoiylar,NULL,NULL,NULL,Fidoiylar mahalla fuqarolar yigʻini,NULL,NULL,Mahalla fuqarolar yigʻini (MFY),1726290,Yashnobod tumani,Яшнободский район,Toshkent shahri,CURRENT / ACTIVE,Kadastr agentligi (Etirof) official MFY register,https://api-etirof.kadastr.uz/api/v1/commons/selects/neighborhoods,243.43,243.68,41.30065,69.32536,YES,YES,OFFICIAL,Kadastr agentligi - open.ngis.uz UZKAD/MAHALLA_UZKAD_DB16,https://db.ngis.uz/db/rest/services/UZKAD/MAHALLA_UZKAD_DB16/FeatureServer/0,EPSG:4326,2026-03-14..2026-08-27,"Cabinet of Ministers Resolution No. 48, 04.03.2014, art. 26-30",https://www.lex.uz/uz/docs/-2349371,2026-09-18,A,NULL
1726290030,1726290030,1726290030,Boyqoʻrgʻon,NULL,NULL,NULL,Boyqoʻrgʻon mahalla fuqarolar yigʻini,NULL,NULL,Mahalla fuqarolar yigʻini (MFY),1726290,Yashnobod tumani,Яшнободский район,Toshkent shahri,CURRENT / ACTIVE,Kadastr agentligi (Etirof) official MFY register,https://api-etirof.kadastr.uz/api/v1/commons/selects/neighborhoods,NULL,NULL,NULL,NULL,NO,NO,UNKNOWN,NULL,NULL,NULL,NULL,"Cabinet of Ministers Resolution No. 48, 04.03.2014, art. 26-30",https://www.lex.uz/uz/docs/-2349371,2026-09-18,A,Name and code OFFICIAL; polygon not present in the public cadastre mahalla layer as of 2026-09-18
1726290031,1726290031,1726290031,Mashinasozlar,NULL,NULL,NULL,Mashinasozlar mahalla fuqarolar yigʻini,NULL,NULL,Mahalla fuqarolar yigʻini (MFY),1726290,Yashnobod tumani,Яшнободский район,Toshkent shahri,CURRENT / ACTIVE,Kadastr agentligi (Etirof) official MFY register,https://api-etirof.kadastr.uz/api/v1/commons/selects/neighborhoods,82.88,82.67,41.30719,69.31234,YES,YES,OFFICIAL,Kadastr agentligi - open.ngis.uz UZKAD/MAHALLA_UZKAD_DB16,https://db.ngis.uz/db/rest/services/UZKAD/MAHALLA_UZKAD_DB16/FeatureServer/0,EPSG:4326,2026-03-14..2026-08-27,"Cabinet of Ministers Resolution No. 48, 04.03.2014, art. 26-30",https://www.lex.uz/uz/docs/-2349371,2026-09-18,A,NULL
1726290032,1726290032,1726290032,Istiqlol,NULL,NULL,NULL,Istiqlol mahalla fuqarolar yigʻini,NULL,NULL,Mahalla fuqarolar yigʻini (MFY),1726290,Yashnobod tumani,Яшнободский район,Toshkent shahri,CURRENT / ACTIVE,Kadastr agentligi (Etirof) official MFY register,https://api-etirof.kadastr.uz/api/v1/commons/selects/neighborhoods,16.21,16.69,41.31228,69.32717,YES,YES,OFFICIAL,Kadastr agentligi - open.ngis.uz UZKAD/MAHALLA_UZKAD_DB16,https://db.ngis.uz/db/rest/services/UZKAD/MAHALLA_UZKAD_DB16/FeatureServer/0,EPSG:4326,2026-03-14..2026-08-27,"Cabinet of Ministers Resolution No. 48, 04.03.2014, art. 26-30",https://www.lex.uz/uz/docs/-2349371,2026-09-18,A,NULL
1726290033,1726290033,1726290033,Doʻstobod,NULL,NULL,NULL,Doʻstobod mahalla fuqarolar yigʻini,NULL,NULL,Mahalla fuqarolar yigʻini (MFY),1726290,Yashnobod tumani,Яшнободский район,Toshkent shahri,CURRENT / ACTIVE,Kadastr agentligi (Etirof) official MFY register,https://api-etirof.kadastr.uz/api/v1/commons/selects/neighborhoods,NULL,NULL,NULL,NULL,NO,NO,UNKNOWN,NULL,NULL,NULL,NULL,"Cabinet of Ministers Resolution No. 48, 04.03.2014, art. 26-30",https://www.lex.uz/uz/docs/-2349371,2026-09-18,A,Name and code OFFICIAL; polygon not present in the public cadastre mahalla layer as of 2026-09-18
1726290034,1726290034,1726290034,Fazogir,NULL,NULL,NULL,Fazogir mahalla fuqarolar yigʻini,NULL,NULL,Mahalla fuqarolar yigʻini (MFY),1726290,Yashnobod tumani,Яшнободский район,Toshkent shahri,CURRENT / ACTIVE,Kadastr agentligi (Etirof) official MFY register,https://api-etirof.kadastr.uz/api/v1/commons/selects/neighborhoods,27.63,27.98,41.28636,69.34062,YES,YES,OFFICIAL,Kadastr agentligi - open.ngis.uz UZKAD/MAHALLA_UZKAD_DB16,https://db.ngis.uz/db/rest/services/UZKAD/MAHALLA_UZKAD_DB16/FeatureServer/0,EPSG:4326,2026-03-14..2026-08-27,"Cabinet of Ministers Resolution No. 48, 04.03.2014, art. 26-30",https://www.lex.uz/uz/docs/-2349371,2026-09-18,A,NULL
1726290035,1726290035,1726290035,Barkamol,NULL,NULL,NULL,Barkamol mahalla fuqarolar yigʻini,NULL,NULL,Mahalla fuqarolar yigʻini (MFY),1726290,Yashnobod tumani,Яшнободский район,Toshkent shahri,CURRENT / ACTIVE,Kadastr agentligi (Etirof) official MFY register,https://api-etirof.kadastr.uz/api/v1/commons/selects/neighborhoods,17.45,17.67,41.28209,69.34796,YES,YES,OFFICIAL,Kadastr agentligi - open.ngis.uz UZKAD/MAHALLA_UZKAD_DB16,https://db.ngis.uz/db/rest/services/UZKAD/MAHALLA_UZKAD_DB16/FeatureServer/0,EPSG:4326,2026-03-14..2026-08-27,"Cabinet of Ministers Resolution No. 48, 04.03.2014, art. 26-30",https://www.lex.uz/uz/docs/-2349371,2026-09-18,A,NULL
1726290036,1726290036,1726290036,Dilbogʻ,NULL,NULL,NULL,Dilbogʻ mahalla fuqarolar yigʻini,NULL,NULL,Mahalla fuqarolar yigʻini (MFY),1726290,Yashnobod tumani,Яшнободский район,Toshkent shahri,CURRENT / ACTIVE,Kadastr agentligi (Etirof) official MFY register,https://api-etirof.kadastr.uz/api/v1/commons/selects/neighborhoods,28.06,27.86,41.28422,69.35534,YES,YES,OFFICIAL,Kadastr agentligi - open.ngis.uz UZKAD/MAHALLA_UZKAD_DB16,https://db.ngis.uz/db/rest/services/UZKAD/MAHALLA_UZKAD_DB16/FeatureServer/0,EPSG:4326,2026-03-14..2026-08-27,"Cabinet of Ministers Resolution No. 48, 04.03.2014, art. 26-30",https://www.lex.uz/uz/docs/-2349371,2026-09-18,A,NULL
1726290037,1726290037,1726290037,Beshariq,NULL,NULL,NULL,Beshariq mahalla fuqarolar yigʻini,NULL,NULL,Mahalla fuqarolar yigʻini (MFY),1726290,Yashnobod tumani,Яшнободский район,Toshkent shahri,CURRENT / ACTIVE,Kadastr agentligi (Etirof) official MFY register,https://api-etirof.kadastr.uz/api/v1/commons/selects/neighborhoods,19.14,19.05,41.28269,69.34465,YES,YES,OFFICIAL,Kadastr agentligi - open.ngis.uz UZKAD/MAHALLA_UZKAD_DB16,https://db.ngis.uz/db/rest/services/UZKAD/MAHALLA_UZKAD_DB16/FeatureServer/0,EPSG:4326,2026-03-14..2026-08-27,"Cabinet of Ministers Resolution No. 48, 04.03.2014, art. 26-30",https://www.lex.uz/uz/docs/-2349371,2026-09-18,A,NULL
1726290038,1726290038,1726290038,Asalabod,NULL,NULL,NULL,Asalabod mahalla fuqarolar yigʻini,NULL,NULL,Mahalla fuqarolar yigʻini (MFY),1726290,Yashnobod tumani,Яшнободский район,Toshkent shahri,CURRENT / ACTIVE,Kadastr agentligi (Etirof) official MFY register,https://api-etirof.kadastr.uz/api/v1/commons/selects/neighborhoods,41.44,41.2,41.28125,69.33727,YES,YES,OFFICIAL,Kadastr agentligi - open.ngis.uz UZKAD/MAHALLA_UZKAD_DB16,https://db.ngis.uz/db/rest/services/UZKAD/MAHALLA_UZKAD_DB16/FeatureServer/0,EPSG:4326,2026-03-14..2026-08-27,"Cabinet of Ministers Resolution No. 48, 04.03.2014, art. 26-30",https://www.lex.uz/uz/docs/-2349371,2026-09-18,A,NULL
1726290039,1726290039,1726290039,Bunyodkor,NULL,NULL,NULL,Bunyodkor mahalla fuqarolar yigʻini,NULL,NULL,Mahalla fuqarolar yigʻini (MFY),1726290,Yashnobod tumani,Яшнободский район,Toshkent shahri,CURRENT / ACTIVE,Kadastr agentligi (Etirof) official MFY register,https://api-etirof.kadastr.uz/api/v1/commons/selects/neighborhoods,77.27,76.6,41.26066,69.32796,YES,YES,OFFICIAL,Kadastr agentligi - open.ngis.uz UZKAD/MAHALLA_UZKAD_DB16,https://db.ngis.uz/db/rest/services/UZKAD/MAHALLA_UZKAD_DB16/FeatureServer/0,EPSG:4326,2026-03-14..2026-08-27,"Cabinet of Ministers Resolution No. 48, 04.03.2014, art. 26-30",https://www.lex.uz/uz/docs/-2349371,2026-09-18,A,NULL
1726290040,1726290040,1726290040,Yangi Davr,NULL,NULL,NULL,Yangi Davr mahalla fuqarolar yigʻini,NULL,NULL,Mahalla fuqarolar yigʻini (MFY),1726290,Yashnobod tumani,Яшнободский район,Toshkent shahri,CURRENT / ACTIVE,Kadastr agentligi (Etirof) official MFY register,https://api-etirof.kadastr.uz/api/v1/commons/selects/neighborhoods,NULL,NULL,NULL,NULL,NO,NO,UNKNOWN,NULL,NULL,NULL,NULL,"Cabinet of Ministers Resolution No. 48, 04.03.2014, art. 26-30",https://www.lex.uz/uz/docs/-2349371,2026-09-18,A,Name and code OFFICIAL; polygon not present in the public cadastre mahalla layer as of 2026-09-18
1726290041,1726290041,1726290041,Jarqoʻrgʻon,NULL,NULL,NULL,Jarqoʻrgʻon mahalla fuqarolar yigʻini,NULL,NULL,Mahalla fuqarolar yigʻini (MFY),1726290,Yashnobod tumani,Яшнободский район,Toshkent shahri,CURRENT / ACTIVE,Kadastr agentligi (Etirof) official MFY register,https://api-etirof.kadastr.uz/api/v1/commons/selects/neighborhoods,86.54,86.94,41.27277,69.32672,YES,YES,OFFICIAL,Kadastr agentligi - open.ngis.uz UZKAD/MAHALLA_UZKAD_DB16,https://db.ngis.uz/db/rest/services/UZKAD/MAHALLA_UZKAD_DB16/FeatureServer/0,EPSG:4326,2026-03-14..2026-08-27,"Cabinet of Ministers Resolution No. 48, 04.03.2014, art. 26-30",https://www.lex.uz/uz/docs/-2349371,2026-09-18,A,NULL
1726290042,1726290042,1726290042,Xosiyatli,NULL,NULL,NULL,Xosiyatli mahalla fuqarolar yigʻini,NULL,NULL,Mahalla fuqarolar yigʻini (MFY),1726290,Yashnobod tumani,Яшнободский район,Toshkent shahri,CURRENT / ACTIVE,Kadastr agentligi (Etirof) official MFY register,https://api-etirof.kadastr.uz/api/v1/commons/selects/neighborhoods,55.49,55.78,41.27583,69.34165,YES,YES,OFFICIAL,Kadastr agentligi - open.ngis.uz UZKAD/MAHALLA_UZKAD_DB16,https://db.ngis.uz/db/rest/services/UZKAD/MAHALLA_UZKAD_DB16/FeatureServer/0,EPSG:4326,2026-03-14..2026-08-27,"Cabinet of Ministers Resolution No. 48, 04.03.2014, art. 26-30",https://www.lex.uz/uz/docs/-2349371,2026-09-18,A,NULL
1726290043,1726290043,1726290043,Joʻrabek,NULL,NULL,NULL,Joʻrabek mahalla fuqarolar yigʻini,NULL,NULL,Mahalla fuqarolar yigʻini (MFY),1726290,Yashnobod tumani,Яшнободский район,Toshkent shahri,CURRENT / ACTIVE,Kadastr agentligi (Etirof) official MFY register,https://api-etirof.kadastr.uz/api/v1/commons/selects/neighborhoods,NULL,NULL,NULL,NULL,NO,NO,UNKNOWN,NULL,NULL,NULL,NULL,"Cabinet of Ministers Resolution No. 48, 04.03.2014, art. 26-30",https://www.lex.uz/uz/docs/-2349371,2026-09-18,A,Name and code OFFICIAL; polygon not present in the public cadastre mahalla layer as of 2026-09-18
1726290044,1726290044,1726290044,Besh bola,NULL,NULL,NULL,Besh bola mahalla fuqarolar yigʻini,NULL,NULL,Mahalla fuqarolar yigʻini (MFY),1726290,Yashnobod tumani,Яшнободский район,Toshkent shahri,CURRENT / ACTIVE,Kadastr agentligi (Etirof) official MFY register,https://api-etirof.kadastr.uz/api/v1/commons/selects/neighborhoods,41.74,41.51,41.27511,69.3248,YES,YES,OFFICIAL,Kadastr agentligi - open.ngis.uz UZKAD/MAHALLA_UZKAD_DB16,https://db.ngis.uz/db/rest/services/UZKAD/MAHALLA_UZKAD_DB16/FeatureServer/0,EPSG:4326,2026-03-14..2026-08-27,"Cabinet of Ministers Resolution No. 48, 04.03.2014, art. 26-30",https://www.lex.uz/uz/docs/-2349371,2026-09-18,A,NULL
1726290045,1726290045,1726290045,Axmad Yassaviy,NULL,NULL,NULL,Axmad Yassaviy mahalla fuqarolar yigʻini,NULL,NULL,Mahalla fuqarolar yigʻini (MFY),1726290,Yashnobod tumani,Яшнободский район,Toshkent shahri,CURRENT / ACTIVE,Kadastr agentligi (Etirof) official MFY register,https://api-etirof.kadastr.uz/api/v1/commons/selects/neighborhoods,NULL,NULL,NULL,NULL,NO,NO,UNKNOWN,NULL,NULL,NULL,NULL,"Cabinet of Ministers Resolution No. 48, 04.03.2014, art. 26-30",https://www.lex.uz/uz/docs/-2349371,2026-09-18,A,Name and code OFFICIAL; polygon not present in the public cadastre mahalla layer as of 2026-09-18
1726290046,1726290046,1726290046,Boysun,NULL,NULL,NULL,Boysun mahalla fuqarolar yigʻini,NULL,NULL,Mahalla fuqarolar yigʻini (MFY),1726290,Yashnobod tumani,Яшнободский район,Toshkent shahri,CURRENT / ACTIVE,Kadastr agentligi (Etirof) official MFY register,https://api-etirof.kadastr.uz/api/v1/commons/selects/neighborhoods,NULL,NULL,NULL,NULL,NO,NO,UNKNOWN,NULL,NULL,NULL,NULL,"Cabinet of Ministers Resolution No. 48, 04.03.2014, art. 26-30",https://www.lex.uz/uz/docs/-2349371,2026-09-18,A,Name and code OFFICIAL; polygon not present in the public cadastre mahalla layer as of 2026-09-18
1726290047,1726290047,1726290047,Muxtor Ashrafiy,NULL,NULL,NULL,Muxtor Ashrafiy mahalla fuqarolar yigʻini,NULL,NULL,Mahalla fuqarolar yigʻini (MFY),1726290,Yashnobod tumani,Яшнободский район,Toshkent shahri,CURRENT / ACTIVE,Kadastr agentligi (Etirof) official MFY register,https://api-etirof.kadastr.uz/api/v1/commons/selects/neighborhoods,67.69,67.89,41.27548,69.32041,YES,YES,OFFICIAL,Kadastr agentligi - open.ngis.uz UZKAD/MAHALLA_UZKAD_DB16,https://db.ngis.uz/db/rest/services/UZKAD/MAHALLA_UZKAD_DB16/FeatureServer/0,EPSG:4326,2026-03-14..2026-08-27,"Cabinet of Ministers Resolution No. 48, 04.03.2014, art. 26-30",https://www.lex.uz/uz/docs/-2349371,2026-09-18,A,NULL
1726290048,1726290048,1726290048,Maʼrifat,NULL,NULL,NULL,Maʼrifat mahalla fuqarolar yigʻini,NULL,NULL,Mahalla fuqarolar yigʻini (MFY),1726290,Yashnobod tumani,Яшнободский район,Toshkent shahri,CURRENT / ACTIVE,Kadastr agentligi (Etirof) official MFY register,https://api-etirof.kadastr.uz/api/v1/commons/selects/neighborhoods,NULL,NULL,NULL,NULL,NO,NO,UNKNOWN,NULL,NULL,NULL,NULL,"Cabinet of Ministers Resolution No. 48, 04.03.2014, art. 26-30",https://www.lex.uz/uz/docs/-2349371,2026-09-18,A,Name and code OFFICIAL; polygon not present in the public cadastre mahalla layer as of 2026-09-18
1726290049,1726290049,1726290049,Shirinobod,NULL,NULL,NULL,Shirinobod mahalla fuqarolar yigʻini,NULL,NULL,Mahalla fuqarolar yigʻini (MFY),1726290,Yashnobod tumani,Яшнободский район,Toshkent shahri,CURRENT / ACTIVE,Kadastr agentligi (Etirof) official MFY register,https://api-etirof.kadastr.uz/api/v1/commons/selects/neighborhoods,NULL,NULL,NULL,NULL,NO,NO,UNKNOWN,NULL,NULL,NULL,NULL,"Cabinet of Ministers Resolution No. 48, 04.03.2014, art. 26-30",https://www.lex.uz/uz/docs/-2349371,2026-09-18,A,Name and code OFFICIAL; polygon not present in the public cadastre mahalla layer as of 2026-09-18
1726290050,1726290050,1726290050,Oʻqchi Olmazor,NULL,NULL,NULL,Oʻqchi Olmazor mahalla fuqarolar yigʻini,NULL,NULL,Mahalla fuqarolar yigʻini (MFY),1726290,Yashnobod tumani,Яшнободский район,Toshkent shahri,CURRENT / ACTIVE,Kadastr agentligi (Etirof) official MFY register,https://api-etirof.kadastr.uz/api/v1/commons/selects/neighborhoods,7.76,7.81,41.29255,69.30916,YES,YES,OFFICIAL,Kadastr agentligi - open.ngis.uz UZKAD/MAHALLA_UZKAD_DB16,https://db.ngis.uz/db/rest/services/UZKAD/MAHALLA_UZKAD_DB16/FeatureServer/0,EPSG:4326,2026-03-14..2026-08-27,"Cabinet of Ministers Resolution No. 48, 04.03.2014, art. 26-30",https://www.lex.uz/uz/docs/-2349371,2026-09-18,A,NULL
1726290051,1726290051,1726290051,Katta Qoʻyliq,NULL,NULL,NULL,Katta Qoʻyliq mahalla fuqarolar yigʻini,NULL,NULL,Mahalla fuqarolar yigʻini (MFY),1726290,Yashnobod tumani,Яшнободский район,Toshkent shahri,CURRENT / ACTIVE,Kadastr agentligi (Etirof) official MFY register,https://api-etirof.kadastr.uz/api/v1/commons/selects/neighborhoods,48.34,48.29,41.24332,69.33613,YES,YES,OFFICIAL,Kadastr agentligi - open.ngis.uz UZKAD/MAHALLA_UZKAD_DB16,https://db.ngis.uz/db/rest/services/UZKAD/MAHALLA_UZKAD_DB16/FeatureServer/0,EPSG:4326,2026-03-14..2026-08-27,"Cabinet of Ministers Resolution No. 48, 04.03.2014, art. 26-30",https://www.lex.uz/uz/docs/-2349371,2026-09-18,A,NULL
1726290052,1726290052,1726290052,Mumtoz,NULL,NULL,NULL,Mumtoz mahalla fuqarolar yigʻini,NULL,NULL,Mahalla fuqarolar yigʻini (MFY),1726290,Yashnobod tumani,Яшнободский район,Toshkent shahri,CURRENT / ACTIVE,Kadastr agentligi (Etirof) official MFY register,https://api-etirof.kadastr.uz/api/v1/commons/selects/neighborhoods,70.6,70.6,41.25057,69.33137,YES,YES,OFFICIAL,Kadastr agentligi - open.ngis.uz UZKAD/MAHALLA_UZKAD_DB16,https://db.ngis.uz/db/rest/services/UZKAD/MAHALLA_UZKAD_DB16/FeatureServer/0,EPSG:4326,2026-03-14..2026-08-27,"Cabinet of Ministers Resolution No. 48, 04.03.2014, art. 26-30",https://www.lex.uz/uz/docs/-2349371,2026-09-18,A,NULL
1726290053,1726290053,1726290053,Qoʻyliqobod,NULL,NULL,NULL,Qoʻyliqobod mahalla fuqarolar yigʻini,NULL,NULL,Mahalla fuqarolar yigʻini (MFY),1726290,Yashnobod tumani,Яшнободский район,Toshkent shahri,CURRENT / ACTIVE,Kadastr agentligi (Etirof) official MFY register,https://api-etirof.kadastr.uz/api/v1/commons/selects/neighborhoods,58.98,58.83,41.24616,69.33264,YES,YES,OFFICIAL,Kadastr agentligi - open.ngis.uz UZKAD/MAHALLA_UZKAD_DB16,https://db.ngis.uz/db/rest/services/UZKAD/MAHALLA_UZKAD_DB16/FeatureServer/0,EPSG:4326,2026-03-14..2026-08-27,"Cabinet of Ministers Resolution No. 48, 04.03.2014, art. 26-30",https://www.lex.uz/uz/docs/-2349371,2026-09-18,A,NULL
1726290054,1726290054,1726290054,Uysozlar,NULL,NULL,NULL,Uysozlar mahalla fuqarolar yigʻini,NULL,NULL,Mahalla fuqarolar yigʻini (MFY),1726290,Yashnobod tumani,Яшнободский район,Toshkent shahri,CURRENT / ACTIVE,Kadastr agentligi (Etirof) official MFY register,https://api-etirof.kadastr.uz/api/v1/commons/selects/neighborhoods,48.58,48.62,41.25505,69.33857,YES,YES,OFFICIAL,Kadastr agentligi - open.ngis.uz UZKAD/MAHALLA_UZKAD_DB16,https://db.ngis.uz/db/rest/services/UZKAD/MAHALLA_UZKAD_DB16/FeatureServer/0,EPSG:4326,2026-03-14..2026-08-27,"Cabinet of Ministers Resolution No. 48, 04.03.2014, art. 26-30",https://www.lex.uz/uz/docs/-2349371,2026-09-18,A,NULL
1726290055,1726290055,1726290055,Oʻrta Masjid,NULL,NULL,NULL,Oʻrta Masjid mahalla fuqarolar yigʻini,NULL,NULL,Mahalla fuqarolar yigʻini (MFY),1726290,Yashnobod tumani,Яшнободский район,Toshkent shahri,CURRENT / ACTIVE,Kadastr agentligi (Etirof) official MFY register,https://api-etirof.kadastr.uz/api/v1/commons/selects/neighborhoods,126.1,126.18,41.2532,69.34748,YES,YES,OFFICIAL,Kadastr agentligi - open.ngis.uz UZKAD/MAHALLA_UZKAD_DB16,https://db.ngis.uz/db/rest/services/UZKAD/MAHALLA_UZKAD_DB16/FeatureServer/0,EPSG:4326,2026-03-14..2026-08-27,"Cabinet of Ministers Resolution No. 48, 04.03.2014, art. 26-30",https://www.lex.uz/uz/docs/-2349371,2026-09-18,A,NULL
1726290056,1726290056,1726290056,Yosh avlod,NULL,NULL,NULL,Yosh avlod mahalla fuqarolar yigʻini,NULL,NULL,Mahalla fuqarolar yigʻini (MFY),1726290,Yashnobod tumani,Яшнободский район,Toshkent shahri,CURRENT / ACTIVE,Kadastr agentligi (Etirof) official MFY register,https://api-etirof.kadastr.uz/api/v1/commons/selects/neighborhoods,136.24,137.15,41.25879,69.33492,YES,YES,OFFICIAL,Kadastr agentligi - open.ngis.uz UZKAD/MAHALLA_UZKAD_DB16,https://db.ngis.uz/db/rest/services/UZKAD/MAHALLA_UZKAD_DB16/FeatureServer/0,EPSG:4326,2026-03-14..2026-08-27,"Cabinet of Ministers Resolution No. 48, 04.03.2014, art. 26-30",https://www.lex.uz/uz/docs/-2349371,2026-09-18,A,NULL
1726290057,1726290057,1726290057,Yangiqoʻrgʻon,NULL,NULL,NULL,Yangiqoʻrgʻon mahalla fuqarolar yigʻini,NULL,NULL,Mahalla fuqarolar yigʻini (MFY),1726290,Yashnobod tumani,Яшнободский район,Toshkent shahri,CURRENT / ACTIVE,Kadastr agentligi (Etirof) official MFY register,https://api-etirof.kadastr.uz/api/v1/commons/selects/neighborhoods,118.38,117.77,41.25996,69.35584,YES,YES,OFFICIAL,Kadastr agentligi - open.ngis.uz UZKAD/MAHALLA_UZKAD_DB16,https://db.ngis.uz/db/rest/services/UZKAD/MAHALLA_UZKAD_DB16/FeatureServer/0,EPSG:4326,2026-03-14..2026-08-27,"Cabinet of Ministers Resolution No. 48, 04.03.2014, art. 26-30",https://www.lex.uz/uz/docs/-2349371,2026-09-18,A,NULL
1726290058,1726290058,1726290058,Behizor,NULL,NULL,NULL,Behizor mahalla fuqarolar yigʻini,NULL,NULL,Mahalla fuqarolar yigʻini (MFY),1726290,Yashnobod tumani,Яшнободский район,Toshkent shahri,CURRENT / ACTIVE,Kadastr agentligi (Etirof) official MFY register,https://api-etirof.kadastr.uz/api/v1/commons/selects/neighborhoods,35.79,35.95,41.26515,69.34874,YES,YES,OFFICIAL,Kadastr agentligi - open.ngis.uz UZKAD/MAHALLA_UZKAD_DB16,https://db.ngis.uz/db/rest/services/UZKAD/MAHALLA_UZKAD_DB16/FeatureServer/0,EPSG:4326,2026-03-14..2026-08-27,"Cabinet of Ministers Resolution No. 48, 04.03.2014, art. 26-30",https://www.lex.uz/uz/docs/-2349371,2026-09-18,A,NULL
1726290059,1726290059,1726290059,Shohimardon,NULL,NULL,NULL,Shohimardon mahalla fuqarolar yigʻini,NULL,NULL,Mahalla fuqarolar yigʻini (MFY),1726290,Yashnobod tumani,Яшнободский район,Toshkent shahri,CURRENT / ACTIVE,Kadastr agentligi (Etirof) official MFY register,https://api-etirof.kadastr.uz/api/v1/commons/selects/neighborhoods,28.23,28.34,41.27546,69.34637,YES,YES,OFFICIAL,Kadastr agentligi - open.ngis.uz UZKAD/MAHALLA_UZKAD_DB16,https://db.ngis.uz/db/rest/services/UZKAD/MAHALLA_UZKAD_DB16/FeatureServer/0,EPSG:4326,2026-03-14..2026-08-27,"Cabinet of Ministers Resolution No. 48, 04.03.2014, art. 26-30",https://www.lex.uz/uz/docs/-2349371,2026-09-18,A,NULL
1726290060,1726290060,1726290060,Nodira,NULL,NULL,NULL,Nodira mahalla fuqarolar yigʻini,NULL,NULL,Mahalla fuqarolar yigʻini (MFY),1726290,Yashnobod tumani,Яшнободский район,Toshkent shahri,CURRENT / ACTIVE,Kadastr agentligi (Etirof) official MFY register,https://api-etirof.kadastr.uz/api/v1/commons/selects/neighborhoods,25.82,25.99,41.27722,69.35049,YES,YES,OFFICIAL,Kadastr agentligi - open.ngis.uz UZKAD/MAHALLA_UZKAD_DB16,https://db.ngis.uz/db/rest/services/UZKAD/MAHALLA_UZKAD_DB16/FeatureServer/0,EPSG:4326,2026-03-14..2026-08-27,"Cabinet of Ministers Resolution No. 48, 04.03.2014, art. 26-30",https://www.lex.uz/uz/docs/-2349371,2026-09-18,A,NULL
1726290061,1726290061,1726290061,Shohsanam,NULL,NULL,NULL,Shohsanam mahalla fuqarolar yigʻini,NULL,NULL,Mahalla fuqarolar yigʻini (MFY),1726290,Yashnobod tumani,Яшнободский район,Toshkent shahri,CURRENT / ACTIVE,Kadastr agentligi (Etirof) official MFY register,https://api-etirof.kadastr.uz/api/v1/commons/selects/neighborhoods,30.44,30.12,41.27246,69.36014,YES,YES,OFFICIAL,Kadastr agentligi - open.ngis.uz UZKAD/MAHALLA_UZKAD_DB16,https://db.ngis.uz/db/rest/services/UZKAD/MAHALLA_UZKAD_DB16/FeatureServer/0,EPSG:4326,2026-03-14..2026-08-27,"Cabinet of Ministers Resolution No. 48, 04.03.2014, art. 26-30",https://www.lex.uz/uz/docs/-2349371,2026-09-18,A,NULL
1726290062,1726290062,1726290062,Oydinkoʻl,NULL,NULL,NULL,Oydinkoʻl mahalla fuqarolar yigʻini,NULL,NULL,Mahalla fuqarolar yigʻini (MFY),1726290,Yashnobod tumani,Яшнободский район,Toshkent shahri,CURRENT / ACTIVE,Kadastr agentligi (Etirof) official MFY register,https://api-etirof.kadastr.uz/api/v1/commons/selects/neighborhoods,15.44,15.31,41.27281,69.35412,YES,YES,OFFICIAL,Kadastr agentligi - open.ngis.uz UZKAD/MAHALLA_UZKAD_DB16,https://db.ngis.uz/db/rest/services/UZKAD/MAHALLA_UZKAD_DB16/FeatureServer/0,EPSG:4326,2026-03-14..2026-08-27,"Cabinet of Ministers Resolution No. 48, 04.03.2014, art. 26-30",https://www.lex.uz/uz/docs/-2349371,2026-09-18,A,NULL
1726290063,1726290063,1726290063,Yanginur,NULL,NULL,NULL,Yanginur mahalla fuqarolar yigʻini,NULL,NULL,Mahalla fuqarolar yigʻini (MFY),1726290,Yashnobod tumani,Яшнободский район,Toshkent shahri,CURRENT / ACTIVE,Kadastr agentligi (Etirof) official MFY register,https://api-etirof.kadastr.uz/api/v1/commons/selects/neighborhoods,20.68,20.61,41.26984,69.35446,YES,YES,OFFICIAL,Kadastr agentligi - open.ngis.uz UZKAD/MAHALLA_UZKAD_DB16,https://db.ngis.uz/db/rest/services/UZKAD/MAHALLA_UZKAD_DB16/FeatureServer/0,EPSG:4326,2026-03-14..2026-08-27,"Cabinet of Ministers Resolution No. 48, 04.03.2014, art. 26-30",https://www.lex.uz/uz/docs/-2349371,2026-09-18,A,NULL
1726290064,1726290064,1726290064,Donishmand,NULL,NULL,NULL,Donishmand mahalla fuqarolar yigʻini,NULL,NULL,Mahalla fuqarolar yigʻini (MFY),1726290,Yashnobod tumani,Яшнободский район,Toshkent shahri,CURRENT / ACTIVE,Kadastr agentligi (Etirof) official MFY register,https://api-etirof.kadastr.uz/api/v1/commons/selects/neighborhoods,34.71,34.93,41.27744,69.35744,YES,YES,OFFICIAL,Kadastr agentligi - open.ngis.uz UZKAD/MAHALLA_UZKAD_DB16,https://db.ngis.uz/db/rest/services/UZKAD/MAHALLA_UZKAD_DB16/FeatureServer/0,EPSG:4326,2026-03-14..2026-08-27,"Cabinet of Ministers Resolution No. 48, 04.03.2014, art. 26-30",https://www.lex.uz/uz/docs/-2349371,2026-09-18,A,NULL
1726290065,1726290065,1726290065,Tarnov boshi,NULL,NULL,NULL,Tarnov boshi mahalla fuqarolar yigʻini,NULL,NULL,Mahalla fuqarolar yigʻini (MFY),1726290,Yashnobod tumani,Яшнободский район,Toshkent shahri,CURRENT / ACTIVE,Kadastr agentligi (Etirof) official MFY register,https://api-etirof.kadastr.uz/api/v1/commons/selects/neighborhoods,49.41,49.37,41.26703,69.36006,YES,YES,OFFICIAL,Kadastr agentligi - open.ngis.uz UZKAD/MAHALLA_UZKAD_DB16,https://db.ngis.uz/db/rest/services/UZKAD/MAHALLA_UZKAD_DB16/FeatureServer/0,EPSG:4326,2026-03-14..2026-08-27,"Cabinet of Ministers Resolution No. 48, 04.03.2014, art. 26-30",https://www.lex.uz/uz/docs/-2349371,2026-09-18,A,NULL
1726290066,1726290066,1726290066,Katta Yangiobod,NULL,NULL,NULL,Katta Yangiobod mahalla fuqarolar yigʻini,NULL,NULL,Mahalla fuqarolar yigʻini (MFY),1726290,Yashnobod tumani,Яшнободский район,Toshkent shahri,CURRENT / ACTIVE,Kadastr agentligi (Etirof) official MFY register,https://api-etirof.kadastr.uz/api/v1/commons/selects/neighborhoods,43.51,43.12,41.27019,69.34702,YES,YES,OFFICIAL,Kadastr agentligi - open.ngis.uz UZKAD/MAHALLA_UZKAD_DB16,https://db.ngis.uz/db/rest/services/UZKAD/MAHALLA_UZKAD_DB16/FeatureServer/0,EPSG:4326,2026-03-14..2026-08-27,"Cabinet of Ministers Resolution No. 48, 04.03.2014, art. 26-30",https://www.lex.uz/uz/docs/-2349371,2026-09-18,A,NULL
1726290067,1726290067,1726290067,Qalqon,NULL,NULL,NULL,Qalqon mahalla fuqarolar yigʻini,NULL,NULL,Mahalla fuqarolar yigʻini (MFY),1726290,Yashnobod tumani,Яшнободский район,Toshkent shahri,CURRENT / ACTIVE,Kadastr agentligi (Etirof) official MFY register,https://api-etirof.kadastr.uz/api/v1/commons/selects/neighborhoods,31.99,32.0,41.28151,69.37097,YES,YES,OFFICIAL,Kadastr agentligi - open.ngis.uz UZKAD/MAHALLA_UZKAD_DB16,https://db.ngis.uz/db/rest/services/UZKAD/MAHALLA_UZKAD_DB16/FeatureServer/0,EPSG:4326,2026-03-14..2026-08-27,"Cabinet of Ministers Resolution No. 48, 04.03.2014, art. 26-30",https://www.lex.uz/uz/docs/-2349371,2026-09-18,A,NULL
1726292001,1726292001,1726292001,Oriyat,NULL,NULL,NULL,Oriyat mahalla fuqarolar yigʻini,NULL,NULL,Mahalla fuqarolar yigʻini (MFY),1726292,Yangihayot tumani,Янгихаётский район,Toshkent shahri,CURRENT / ACTIVE,Kadastr agentligi (Etirof) official MFY register,https://api-etirof.kadastr.uz/api/v1/commons/selects/neighborhoods,21.72,21.59,41.2101,69.19253,YES,YES,OFFICIAL,Kadastr agentligi - open.ngis.uz UZKAD/MAHALLA_UZKAD_DB16,https://db.ngis.uz/db/rest/services/UZKAD/MAHALLA_UZKAD_DB16/FeatureServer/0,EPSG:4326,2026-03-14..2026-08-27,"Cabinet of Ministers Resolution No. 48, 04.03.2014, art. 26-30",https://www.lex.uz/uz/docs/-2349371,2026-09-18,A,NULL
1726292002,1726292002,1726292002,Tashabbus,NULL,NULL,NULL,Tashabbus mahalla fuqarolar yigʻini,NULL,NULL,Mahalla fuqarolar yigʻini (MFY),1726292,Yangihayot tumani,Янгихаётский район,Toshkent shahri,CURRENT / ACTIVE,Kadastr agentligi (Etirof) official MFY register,https://api-etirof.kadastr.uz/api/v1/commons/selects/neighborhoods,27.3,27.17,41.22462,69.2035,YES,YES,OFFICIAL,Kadastr agentligi - open.ngis.uz UZKAD/MAHALLA_UZKAD_DB16,https://db.ngis.uz/db/rest/services/UZKAD/MAHALLA_UZKAD_DB16/FeatureServer/0,EPSG:4326,2026-03-14..2026-08-27,"Cabinet of Ministers Resolution No. 48, 04.03.2014, art. 26-30",https://www.lex.uz/uz/docs/-2349371,2026-09-18,A,NULL
1726292003,1726292003,1726292003,Choshtepa,NULL,NULL,NULL,Choshtepa mahalla fuqarolar yigʻini,NULL,NULL,Mahalla fuqarolar yigʻini (MFY),1726292,Yangihayot tumani,Янгихаётский район,Toshkent shahri,CURRENT / ACTIVE,Kadastr agentligi (Etirof) official MFY register,https://api-etirof.kadastr.uz/api/v1/commons/selects/neighborhoods,206.84,206.96,41.22622,69.18511,YES,YES,OFFICIAL,Kadastr agentligi - open.ngis.uz UZKAD/MAHALLA_UZKAD_DB16,https://db.ngis.uz/db/rest/services/UZKAD/MAHALLA_UZKAD_DB16/FeatureServer/0,EPSG:4326,2026-03-14..2026-08-27,"Cabinet of Ministers Resolution No. 48, 04.03.2014, art. 26-30",https://www.lex.uz/uz/docs/-2349371,2026-09-18,A,NULL
1726292004,1726292004,1726292004,Yangi Darxon,NULL,NULL,NULL,Yangi Darxon mahalla fuqarolar yigʻini,NULL,NULL,Mahalla fuqarolar yigʻini (MFY),1726292,Yangihayot tumani,Янгихаётский район,Toshkent shahri,CURRENT / ACTIVE,Kadastr agentligi (Etirof) official MFY register,https://api-etirof.kadastr.uz/api/v1/commons/selects/neighborhoods,202.58,202.78,41.22001,69.19257,YES,YES,OFFICIAL,Kadastr agentligi - open.ngis.uz UZKAD/MAHALLA_UZKAD_DB16,https://db.ngis.uz/db/rest/services/UZKAD/MAHALLA_UZKAD_DB16/FeatureServer/0,EPSG:4326,2026-03-14..2026-08-27,"Cabinet of Ministers Resolution No. 48, 04.03.2014, art. 26-30",https://www.lex.uz/uz/docs/-2349371,2026-09-18,A,NULL
1726292005,1726292005,1726292005,Yangi Umid,NULL,NULL,NULL,Yangi Umid mahalla fuqarolar yigʻini,NULL,NULL,Mahalla fuqarolar yigʻini (MFY),1726292,Yangihayot tumani,Янгихаётский район,Toshkent shahri,CURRENT / ACTIVE,Kadastr agentligi (Etirof) official MFY register,https://api-etirof.kadastr.uz/api/v1/commons/selects/neighborhoods,18.37,18.07,41.22114,69.20069,YES,YES,OFFICIAL,Kadastr agentligi - open.ngis.uz UZKAD/MAHALLA_UZKAD_DB16,https://db.ngis.uz/db/rest/services/UZKAD/MAHALLA_UZKAD_DB16/FeatureServer/0,EPSG:4326,2026-03-14..2026-08-27,"Cabinet of Ministers Resolution No. 48, 04.03.2014, art. 26-30",https://www.lex.uz/uz/docs/-2349371,2026-09-18,A,NULL
1726292006,1726292006,1726292006,Yangi Choshtepa,NULL,NULL,NULL,Yangi Choshtepa mahalla fuqarolar yigʻini,NULL,NULL,Mahalla fuqarolar yigʻini (MFY),1726292,Yangihayot tumani,Янгихаётский район,Toshkent shahri,CURRENT / ACTIVE,Kadastr agentligi (Etirof) official MFY register,https://api-etirof.kadastr.uz/api/v1/commons/selects/neighborhoods,40.18,39.94,41.23166,69.19344,YES,YES,OFFICIAL,Kadastr agentligi - open.ngis.uz UZKAD/MAHALLA_UZKAD_DB16,https://db.ngis.uz/db/rest/services/UZKAD/MAHALLA_UZKAD_DB16/FeatureServer/0,EPSG:4326,2026-03-14..2026-08-27,"Cabinet of Ministers Resolution No. 48, 04.03.2014, art. 26-30",https://www.lex.uz/uz/docs/-2349371,2026-09-18,A,NULL
1726292007,1726292007,1726292007,Yangihayot,NULL,NULL,NULL,Yangihayot mahalla fuqarolar yigʻini,NULL,NULL,Mahalla fuqarolar yigʻini (MFY),1726292,Yangihayot tumani,Янгихаётский район,Toshkent shahri,CURRENT / ACTIVE,Kadastr agentligi (Etirof) official MFY register,https://api-etirof.kadastr.uz/api/v1/commons/selects/neighborhoods,25.76,26.06,41.2152,69.19664,YES,YES,OFFICIAL,Kadastr agentligi - open.ngis.uz UZKAD/MAHALLA_UZKAD_DB16,https://db.ngis.uz/db/rest/services/UZKAD/MAHALLA_UZKAD_DB16/FeatureServer/0,EPSG:4326,2026-03-14..2026-08-27,"Cabinet of Ministers Resolution No. 48, 04.03.2014, art. 26-30",https://www.lex.uz/uz/docs/-2349371,2026-09-18,A,NULL
1726292008,1726292008,1726292008,Al-Fargʻoniy,NULL,NULL,NULL,Al-Fargʻoniy mahalla fuqarolar yigʻini,NULL,NULL,Mahalla fuqarolar yigʻini (MFY),1726292,Yangihayot tumani,Янгихаётский район,Toshkent shahri,CURRENT / ACTIVE,Kadastr agentligi (Etirof) official MFY register,https://api-etirof.kadastr.uz/api/v1/commons/selects/neighborhoods,82.52,82.5,41.20373,69.22964,YES,YES,OFFICIAL,Kadastr agentligi - open.ngis.uz UZKAD/MAHALLA_UZKAD_DB16,https://db.ngis.uz/db/rest/services/UZKAD/MAHALLA_UZKAD_DB16/FeatureServer/0,EPSG:4326,2026-03-14..2026-08-27,"Cabinet of Ministers Resolution No. 48, 04.03.2014, art. 26-30",https://www.lex.uz/uz/docs/-2349371,2026-09-18,A,NULL
1726292009,1726292009,1726292009,Viqor,NULL,NULL,NULL,Viqor mahalla fuqarolar yigʻini,NULL,NULL,Mahalla fuqarolar yigʻini (MFY),1726292,Yangihayot tumani,Янгихаётский район,Toshkent shahri,CURRENT / ACTIVE,Kadastr agentligi (Etirof) official MFY register,https://api-etirof.kadastr.uz/api/v1/commons/selects/neighborhoods,33.74,33.67,41.20196,69.2223,YES,YES,OFFICIAL,Kadastr agentligi - open.ngis.uz UZKAD/MAHALLA_UZKAD_DB16,https://db.ngis.uz/db/rest/services/UZKAD/MAHALLA_UZKAD_DB16/FeatureServer/0,EPSG:4326,2026-03-14..2026-08-27,"Cabinet of Ministers Resolution No. 48, 04.03.2014, art. 26-30",https://www.lex.uz/uz/docs/-2349371,2026-09-18,A,NULL
1726292010,1726292010,1726292010,Doʻstlik,NULL,NULL,NULL,Doʻstlik mahalla fuqarolar yigʻini,NULL,NULL,Mahalla fuqarolar yigʻini (MFY),1726292,Yangihayot tumani,Янгихаётский район,Toshkent shahri,CURRENT / ACTIVE,Kadastr agentligi (Etirof) official MFY register,https://api-etirof.kadastr.uz/api/v1/commons/selects/neighborhoods,14.65,14.75,41.19107,69.2096,YES,YES,OFFICIAL,Kadastr agentligi - open.ngis.uz UZKAD/MAHALLA_UZKAD_DB16,https://db.ngis.uz/db/rest/services/UZKAD/MAHALLA_UZKAD_DB16/FeatureServer/0,EPSG:4326,2026-03-14..2026-08-27,"Cabinet of Ministers Resolution No. 48, 04.03.2014, art. 26-30",https://www.lex.uz/uz/docs/-2349371,2026-09-18,A,NULL
1726292011,1726292011,1726292011,Mash'al,NULL,NULL,NULL,Mash'al mahalla fuqarolar yigʻini,NULL,NULL,Mahalla fuqarolar yigʻini (MFY),1726292,Yangihayot tumani,Янгихаётский район,Toshkent shahri,CURRENT / ACTIVE,Kadastr agentligi (Etirof) official MFY register,https://api-etirof.kadastr.uz/api/v1/commons/selects/neighborhoods,62.49,62.51,41.21035,69.21034,YES,YES,OFFICIAL,Kadastr agentligi - open.ngis.uz UZKAD/MAHALLA_UZKAD_DB16,https://db.ngis.uz/db/rest/services/UZKAD/MAHALLA_UZKAD_DB16/FeatureServer/0,EPSG:4326,2026-03-14..2026-08-27,"Cabinet of Ministers Resolution No. 48, 04.03.2014, art. 26-30",https://www.lex.uz/uz/docs/-2349371,2026-09-18,A,NULL
1726292012,1726292012,1726292012,Yoʻldosh,NULL,NULL,NULL,Yoʻldosh mahalla fuqarolar yigʻini,NULL,NULL,Mahalla fuqarolar yigʻini (MFY),1726292,Yangihayot tumani,Янгихаётский район,Toshkent shahri,CURRENT / ACTIVE,Kadastr agentligi (Etirof) official MFY register,https://api-etirof.kadastr.uz/api/v1/commons/selects/neighborhoods,71.91,71.86,41.1955,69.22387,YES,YES,OFFICIAL,Kadastr agentligi - open.ngis.uz UZKAD/MAHALLA_UZKAD_DB16,https://db.ngis.uz/db/rest/services/UZKAD/MAHALLA_UZKAD_DB16/FeatureServer/0,EPSG:4326,2026-03-14..2026-08-27,"Cabinet of Ministers Resolution No. 48, 04.03.2014, art. 26-30",https://www.lex.uz/uz/docs/-2349371,2026-09-18,A,NULL
1726292013,1726292013,1726292013,Fayzli,NULL,NULL,NULL,Fayzli mahalla fuqarolar yigʻini,NULL,NULL,Mahalla fuqarolar yigʻini (MFY),1726292,Yangihayot tumani,Янгихаётский район,Toshkent shahri,CURRENT / ACTIVE,Kadastr agentligi (Etirof) official MFY register,https://api-etirof.kadastr.uz/api/v1/commons/selects/neighborhoods,NULL,NULL,NULL,NULL,NO,NO,UNKNOWN,NULL,NULL,NULL,NULL,"Cabinet of Ministers Resolution No. 48, 04.03.2014, art. 26-30",https://www.lex.uz/uz/docs/-2349371,2026-09-18,A,Name and code OFFICIAL; polygon not present in the public cadastre mahalla layer as of 2026-09-18
1726292014,1726292014,1726292014,Charogʻon,NULL,NULL,NULL,Charogʻon mahalla fuqarolar yigʻini,NULL,NULL,Mahalla fuqarolar yigʻini (MFY),1726292,Yangihayot tumani,Янгихаётский район,Toshkent shahri,CURRENT / ACTIVE,Kadastr agentligi (Etirof) official MFY register,https://api-etirof.kadastr.uz/api/v1/commons/selects/neighborhoods,16.17,15.94,41.1938,69.20985,YES,YES,OFFICIAL,Kadastr agentligi - open.ngis.uz UZKAD/MAHALLA_UZKAD_DB16,https://db.ngis.uz/db/rest/services/UZKAD/MAHALLA_UZKAD_DB16/FeatureServer/0,EPSG:4326,2026-03-14..2026-08-27,"Cabinet of Ministers Resolution No. 48, 04.03.2014, art. 26-30",https://www.lex.uz/uz/docs/-2349371,2026-09-18,A,NULL
1726292015,1726292015,1726292015,Chorbogʻ,NULL,NULL,NULL,Chorbogʻ mahalla fuqarolar yigʻini,NULL,NULL,Mahalla fuqarolar yigʻini (MFY),1726292,Yangihayot tumani,Янгихаётский район,Toshkent shahri,CURRENT / ACTIVE,Kadastr agentligi (Etirof) official MFY register,https://api-etirof.kadastr.uz/api/v1/commons/selects/neighborhoods,53.8,53.75,41.19953,69.21692,YES,YES,OFFICIAL,Kadastr agentligi - open.ngis.uz UZKAD/MAHALLA_UZKAD_DB16,https://db.ngis.uz/db/rest/services/UZKAD/MAHALLA_UZKAD_DB16/FeatureServer/0,EPSG:4326,2026-03-14..2026-08-27,"Cabinet of Ministers Resolution No. 48, 04.03.2014, art. 26-30",https://www.lex.uz/uz/docs/-2349371,2026-09-18,A,NULL
1726292016,1726292016,1726292016,Gulshanobod,NULL,NULL,NULL,Gulshanobod mahalla fuqarolar yigʻini,NULL,NULL,Mahalla fuqarolar yigʻini (MFY),1726292,Yangihayot tumani,Янгихаётский район,Toshkent shahri,CURRENT / ACTIVE,Kadastr agentligi (Etirof) official MFY register,https://api-etirof.kadastr.uz/api/v1/commons/selects/neighborhoods,133.91,134.28,41.20322,69.19257,YES,YES,OFFICIAL,Kadastr agentligi - open.ngis.uz UZKAD/MAHALLA_UZKAD_DB16,https://db.ngis.uz/db/rest/services/UZKAD/MAHALLA_UZKAD_DB16/FeatureServer/0,EPSG:4326,2026-03-14..2026-08-27,"Cabinet of Ministers Resolution No. 48, 04.03.2014, art. 26-30",https://www.lex.uz/uz/docs/-2349371,2026-09-18,A,NULL
1726292017,1726292017,1726292017,Yorqinxayot,NULL,NULL,NULL,Yorqinxayot mahalla fuqarolar yigʻini,NULL,NULL,Mahalla fuqarolar yigʻini (MFY),1726292,Yangihayot tumani,Янгихаётский район,Toshkent shahri,CURRENT / ACTIVE,Kadastr agentligi (Etirof) official MFY register,https://api-etirof.kadastr.uz/api/v1/commons/selects/neighborhoods,39.29,39.47,41.19708,69.20937,YES,YES,OFFICIAL,Kadastr agentligi - open.ngis.uz UZKAD/MAHALLA_UZKAD_DB16,https://db.ngis.uz/db/rest/services/UZKAD/MAHALLA_UZKAD_DB16/FeatureServer/0,EPSG:4326,2026-03-14..2026-08-27,"Cabinet of Ministers Resolution No. 48, 04.03.2014, art. 26-30",https://www.lex.uz/uz/docs/-2349371,2026-09-18,A,NULL
1726292018,1726292018,1726292018,Zarbdor,NULL,NULL,NULL,Zarbdor mahalla fuqarolar yigʻini,NULL,NULL,Mahalla fuqarolar yigʻini (MFY),1726292,Yangihayot tumani,Янгихаётский район,Toshkent shahri,CURRENT / ACTIVE,Kadastr agentligi (Etirof) official MFY register,https://api-etirof.kadastr.uz/api/v1/commons/selects/neighborhoods,25.8,25.88,41.192,69.21481,YES,YES,OFFICIAL,Kadastr agentligi - open.ngis.uz UZKAD/MAHALLA_UZKAD_DB16,https://db.ngis.uz/db/rest/services/UZKAD/MAHALLA_UZKAD_DB16/FeatureServer/0,EPSG:4326,2026-03-14..2026-08-27,"Cabinet of Ministers Resolution No. 48, 04.03.2014, art. 26-30",https://www.lex.uz/uz/docs/-2349371,2026-09-18,A,NULL
1726292019,1726292019,1726292019,Marxamat,NULL,NULL,NULL,Marxamat mahalla fuqarolar yigʻini,NULL,NULL,Mahalla fuqarolar yigʻini (MFY),1726292,Yangihayot tumani,Янгихаётский район,Toshkent shahri,CURRENT / ACTIVE,Kadastr agentligi (Etirof) official MFY register,https://api-etirof.kadastr.uz/api/v1/commons/selects/neighborhoods,24.89,24.66,41.21251,69.20001,YES,YES,OFFICIAL,Kadastr agentligi - open.ngis.uz UZKAD/MAHALLA_UZKAD_DB16,https://db.ngis.uz/db/rest/services/UZKAD/MAHALLA_UZKAD_DB16/FeatureServer/0,EPSG:4326,2026-03-14..2026-08-27,"Cabinet of Ministers Resolution No. 48, 04.03.2014, art. 26-30",https://www.lex.uz/uz/docs/-2349371,2026-09-18,A,NULL
1726292020,1726292020,1726292020,Navqiron,NULL,NULL,NULL,Navqiron mahalla fuqarolar yigʻini,NULL,NULL,Mahalla fuqarolar yigʻini (MFY),1726292,Yangihayot tumani,Янгихаётский район,Toshkent shahri,CURRENT / ACTIVE,Kadastr agentligi (Etirof) official MFY register,https://api-etirof.kadastr.uz/api/v1/commons/selects/neighborhoods,26.91,26.99,41.2061,69.21576,YES,YES,OFFICIAL,Kadastr agentligi - open.ngis.uz UZKAD/MAHALLA_UZKAD_DB16,https://db.ngis.uz/db/rest/services/UZKAD/MAHALLA_UZKAD_DB16/FeatureServer/0,EPSG:4326,2026-03-14..2026-08-27,"Cabinet of Ministers Resolution No. 48, 04.03.2014, art. 26-30",https://www.lex.uz/uz/docs/-2349371,2026-09-18,A,NULL
1726292021,1726292021,1726292021,Olchazor,NULL,NULL,NULL,Olchazor mahalla fuqarolar yigʻini,NULL,NULL,Mahalla fuqarolar yigʻini (MFY),1726292,Yangihayot tumani,Янгихаётский район,Toshkent shahri,CURRENT / ACTIVE,Kadastr agentligi (Etirof) official MFY register,https://api-etirof.kadastr.uz/api/v1/commons/selects/neighborhoods,102.63,102.47,41.20485,69.20476,YES,YES,OFFICIAL,Kadastr agentligi - open.ngis.uz UZKAD/MAHALLA_UZKAD_DB16,https://db.ngis.uz/db/rest/services/UZKAD/MAHALLA_UZKAD_DB16/FeatureServer/0,EPSG:4326,2026-03-14..2026-08-27,"Cabinet of Ministers Resolution No. 48, 04.03.2014, art. 26-30",https://www.lex.uz/uz/docs/-2349371,2026-09-18,A,NULL
1726292022,1726292022,1726292022,Xumo,NULL,NULL,NULL,Xumo mahalla fuqarolar yigʻini,NULL,NULL,Mahalla fuqarolar yigʻini (MFY),1726292,Yangihayot tumani,Янгихаётский район,Toshkent shahri,CURRENT / ACTIVE,Kadastr agentligi (Etirof) official MFY register,https://api-etirof.kadastr.uz/api/v1/commons/selects/neighborhoods,37.45,37.28,41.21499,69.2069,YES,YES,OFFICIAL,Kadastr agentligi - open.ngis.uz UZKAD/MAHALLA_UZKAD_DB16,https://db.ngis.uz/db/rest/services/UZKAD/MAHALLA_UZKAD_DB16/FeatureServer/0,EPSG:4326,2026-03-14..2026-08-27,"Cabinet of Ministers Resolution No. 48, 04.03.2014, art. 26-30",https://www.lex.uz/uz/docs/-2349371,2026-09-18,A,NULL
1726292023,1726292023,1726292023,Yangi Turmush,NULL,NULL,NULL,Yangi Turmush mahalla fuqarolar yigʻini,NULL,NULL,Mahalla fuqarolar yigʻini (MFY),1726292,Yangihayot tumani,Янгихаётский район,Toshkent shahri,CURRENT / ACTIVE,Kadastr agentligi (Etirof) official MFY register,https://api-etirof.kadastr.uz/api/v1/commons/selects/neighborhoods,37.54,37.56,41.21866,69.20476,YES,YES,OFFICIAL,Kadastr agentligi - open.ngis.uz UZKAD/MAHALLA_UZKAD_DB16,https://db.ngis.uz/db/rest/services/UZKAD/MAHALLA_UZKAD_DB16/FeatureServer/0,EPSG:4326,2026-03-14..2026-08-27,"Cabinet of Ministers Resolution No. 48, 04.03.2014, art. 26-30",https://www.lex.uz/uz/docs/-2349371,2026-09-18,A,NULL
1726292024,1726292024,1726292024,Binokor,NULL,NULL,NULL,Binokor mahalla fuqarolar yigʻini,NULL,NULL,Mahalla fuqarolar yigʻini (MFY),1726292,Yangihayot tumani,Янгихаётский район,Toshkent shahri,CURRENT / ACTIVE,Kadastr agentligi (Etirof) official MFY register,https://api-etirof.kadastr.uz/api/v1/commons/selects/neighborhoods,408.56,408.27,41.17544,69.25052,YES,YES,OFFICIAL,Kadastr agentligi - open.ngis.uz UZKAD/MAHALLA_UZKAD_DB16,https://db.ngis.uz/db/rest/services/UZKAD/MAHALLA_UZKAD_DB16/FeatureServer/0,EPSG:4326,2026-03-14..2026-08-27,"Cabinet of Ministers Resolution No. 48, 04.03.2014, art. 26-30",https://www.lex.uz/uz/docs/-2349371,2026-09-18,A,NULL
1726292025,1726292025,1726292025,Yangi Gulzor,NULL,NULL,NULL,Yangi Gulzor mahalla fuqarolar yigʻini,NULL,NULL,Mahalla fuqarolar yigʻini (MFY),1726292,Yangihayot tumani,Янгихаётский район,Toshkent shahri,CURRENT / ACTIVE,Kadastr agentligi (Etirof) official MFY register,https://api-etirof.kadastr.uz/api/v1/commons/selects/neighborhoods,383.15,383.9,41.18002,69.29454,YES,YES,OFFICIAL,Kadastr agentligi - open.ngis.uz UZKAD/MAHALLA_UZKAD_DB16,https://db.ngis.uz/db/rest/services/UZKAD/MAHALLA_UZKAD_DB16/FeatureServer/0,EPSG:4326,2026-03-14..2026-08-27,"Cabinet of Ministers Resolution No. 48, 04.03.2014, art. 26-30",https://www.lex.uz/uz/docs/-2349371,2026-09-18,A,NULL
1726292026,1726292026,1726292026,Jaloir,NULL,NULL,NULL,Jaloir mahalla fuqarolar yigʻini,NULL,NULL,Mahalla fuqarolar yigʻini (MFY),1726292,Yangihayot tumani,Янгихаётский район,Toshkent shahri,CURRENT / ACTIVE,Kadastr agentligi (Etirof) official MFY register,https://api-etirof.kadastr.uz/api/v1/commons/selects/neighborhoods,542.7,542.14,41.18037,69.27893,YES,YES,OFFICIAL,Kadastr agentligi - open.ngis.uz UZKAD/MAHALLA_UZKAD_DB16,https://db.ngis.uz/db/rest/services/UZKAD/MAHALLA_UZKAD_DB16/FeatureServer/0,EPSG:4326,2026-03-14..2026-08-27,"Cabinet of Ministers Resolution No. 48, 04.03.2014, art. 26-30",https://www.lex.uz/uz/docs/-2349371,2026-09-18,A,NULL
1726292027,1726292027,1726292027,Toshkent,NULL,NULL,NULL,Toshkent mahalla fuqarolar yigʻini,NULL,NULL,Mahalla fuqarolar yigʻini (MFY),1726292,Yangihayot tumani,Янгихаётский район,Toshkent shahri,CURRENT / ACTIVE,Kadastr agentligi (Etirof) official MFY register,https://api-etirof.kadastr.uz/api/v1/commons/selects/neighborhoods,265.79,265.79,41.18347,69.2095,YES,YES,OFFICIAL,Kadastr agentligi - open.ngis.uz UZKAD/MAHALLA_UZKAD_DB16,https://db.ngis.uz/db/rest/services/UZKAD/MAHALLA_UZKAD_DB16/FeatureServer/0,EPSG:4326,2026-03-14..2026-08-27,"Cabinet of Ministers Resolution No. 48, 04.03.2014, art. 26-30",https://www.lex.uz/uz/docs/-2349371,2026-09-18,A,NULL
1726292028,1726292028,1726292028,Xoʻja Uchqun,NULL,NULL,NULL,Xoʻja Uchqun mahalla fuqarolar yigʻini,NULL,NULL,Mahalla fuqarolar yigʻini (MFY),1726292,Yangihayot tumani,Янгихаётский район,Toshkent shahri,CURRENT / ACTIVE,Kadastr agentligi (Etirof) official MFY register,https://api-etirof.kadastr.uz/api/v1/commons/selects/neighborhoods,464.54,464.86,41.19311,69.27481,YES,YES,OFFICIAL,Kadastr agentligi - open.ngis.uz UZKAD/MAHALLA_UZKAD_DB16,https://db.ngis.uz/db/rest/services/UZKAD/MAHALLA_UZKAD_DB16/FeatureServer/0,EPSG:4326,2026-03-14..2026-08-27,"Cabinet of Ministers Resolution No. 48, 04.03.2014, art. 26-30",https://www.lex.uz/uz/docs/-2349371,2026-09-18,A,NULL
1726292029,1726292029,1726292029,Xushnud,NULL,NULL,NULL,Xushnud mahalla fuqarolar yigʻini,NULL,NULL,Mahalla fuqarolar yigʻini (MFY),1726292,Yangihayot tumani,Янгихаётский район,Toshkent shahri,CURRENT / ACTIVE,Kadastr agentligi (Etirof) official MFY register,https://api-etirof.kadastr.uz/api/v1/commons/selects/neighborhoods,171.95,171.52,41.19432,69.19789,YES,YES,OFFICIAL,Kadastr agentligi - open.ngis.uz UZKAD/MAHALLA_UZKAD_DB16,https://db.ngis.uz/db/rest/services/UZKAD/MAHALLA_UZKAD_DB16/FeatureServer/0,EPSG:4326,2026-03-14..2026-08-27,"Cabinet of Ministers Resolution No. 48, 04.03.2014, art. 26-30",https://www.lex.uz/uz/docs/-2349371,2026-09-18,A,NULL
1726292030,1726292030,1726292030,Chortoq,NULL,NULL,NULL,Chortoq mahalla fuqarolar yigʻini,NULL,NULL,Mahalla fuqarolar yigʻini (MFY),1726292,Yangihayot tumani,Янгихаётский район,Toshkent shahri,CURRENT / ACTIVE,Kadastr agentligi (Etirof) official MFY register,https://api-etirof.kadastr.uz/api/v1/commons/selects/neighborhoods,254.27,253.21,41.17968,69.22449,YES,YES,OFFICIAL,Kadastr agentligi - open.ngis.uz UZKAD/MAHALLA_UZKAD_DB16,https://db.ngis.uz/db/rest/services/UZKAD/MAHALLA_UZKAD_DB16/FeatureServer/0,EPSG:4326,2026-03-14..2026-08-27,"Cabinet of Ministers Resolution No. 48, 04.03.2014, art. 26-30",https://www.lex.uz/uz/docs/-2349371,2026-09-18,A,NULL
1726294001,1726294001,1726294001,Al-Xorazmiy,NULL,NULL,NULL,Al-Xorazmiy mahalla fuqarolar yigʻini,NULL,NULL,Mahalla fuqarolar yigʻini (MFY),1726294,Chilonzor tumani,Чиланзарский район,Toshkent shahri,CURRENT / ACTIVE,Kadastr agentligi (Etirof) official MFY register,https://api-etirof.kadastr.uz/api/v1/commons/selects/neighborhoods,12.11,12.13,41.26109,69.15244,YES,YES,OFFICIAL,Kadastr agentligi - open.ngis.uz UZKAD/MAHALLA_UZKAD_DB16,https://db.ngis.uz/db/rest/services/UZKAD/MAHALLA_UZKAD_DB16/FeatureServer/0,EPSG:4326,2026-03-14..2026-08-27,"Cabinet of Ministers Resolution No. 48, 04.03.2014, art. 26-30",https://www.lex.uz/uz/docs/-2349371,2026-09-18,A,NULL
1726294002,1726294002,1726294002,Baxoriston,NULL,NULL,NULL,Baxoriston mahalla fuqarolar yigʻini,NULL,NULL,Mahalla fuqarolar yigʻini (MFY),1726294,Chilonzor tumani,Чиланзарский район,Toshkent shahri,CURRENT / ACTIVE,Kadastr agentligi (Etirof) official MFY register,https://api-etirof.kadastr.uz/api/v1/commons/selects/neighborhoods,15.59,15.33,41.26294,69.16048,YES,YES,OFFICIAL,Kadastr agentligi - open.ngis.uz UZKAD/MAHALLA_UZKAD_DB16,https://db.ngis.uz/db/rest/services/UZKAD/MAHALLA_UZKAD_DB16/FeatureServer/0,EPSG:4326,2026-03-14..2026-08-27,"Cabinet of Ministers Resolution No. 48, 04.03.2014, art. 26-30",https://www.lex.uz/uz/docs/-2349371,2026-09-18,A,NULL
1726294003,1726294003,1726294003,Bektoʻpi,NULL,NULL,NULL,Bektoʻpi mahalla fuqarolar yigʻini,NULL,NULL,Mahalla fuqarolar yigʻini (MFY),1726294,Chilonzor tumani,Чиланзарский район,Toshkent shahri,CURRENT / ACTIVE,Kadastr agentligi (Etirof) official MFY register,https://api-etirof.kadastr.uz/api/v1/commons/selects/neighborhoods,209.11,208.85,41.25675,69.16977,YES,YES,OFFICIAL,Kadastr agentligi - open.ngis.uz UZKAD/MAHALLA_UZKAD_DB16,https://db.ngis.uz/db/rest/services/UZKAD/MAHALLA_UZKAD_DB16/FeatureServer/0,EPSG:4326,2026-03-14..2026-08-27,"Cabinet of Ministers Resolution No. 48, 04.03.2014, art. 26-30",https://www.lex.uz/uz/docs/-2349371,2026-09-18,A,NULL
1726294004,1726294004,1726294004,Beshqoʻrgʻon,NULL,NULL,NULL,Beshqoʻrgʻon mahalla fuqarolar yigʻini,NULL,NULL,Mahalla fuqarolar yigʻini (MFY),1726294,Chilonzor tumani,Чиланзарский район,Toshkent shahri,CURRENT / ACTIVE,Kadastr agentligi (Etirof) official MFY register,https://api-etirof.kadastr.uz/api/v1/commons/selects/neighborhoods,499.18,498.62,41.24141,69.1773,YES,YES,OFFICIAL,Kadastr agentligi - open.ngis.uz UZKAD/MAHALLA_UZKAD_DB16,https://db.ngis.uz/db/rest/services/UZKAD/MAHALLA_UZKAD_DB16/FeatureServer/0,EPSG:4326,2026-03-14..2026-08-27,"Cabinet of Ministers Resolution No. 48, 04.03.2014, art. 26-30",https://www.lex.uz/uz/docs/-2349371,2026-09-18,A,NULL
1726294005,1726294005,1726294005,Guliston,NULL,NULL,NULL,Guliston mahalla fuqarolar yigʻini,NULL,NULL,Mahalla fuqarolar yigʻini (MFY),1726294,Chilonzor tumani,Чиланзарский район,Toshkent shahri,CURRENT / ACTIVE,Kadastr agentligi (Etirof) official MFY register,https://api-etirof.kadastr.uz/api/v1/commons/selects/neighborhoods,21.32,21.37,41.26079,69.15824,YES,YES,OFFICIAL,Kadastr agentligi - open.ngis.uz UZKAD/MAHALLA_UZKAD_DB16,https://db.ngis.uz/db/rest/services/UZKAD/MAHALLA_UZKAD_DB16/FeatureServer/0,EPSG:4326,2026-03-14..2026-08-27,"Cabinet of Ministers Resolution No. 48, 04.03.2014, art. 26-30",https://www.lex.uz/uz/docs/-2349371,2026-09-18,A,NULL
1726294006,1726294006,1726294006,Katta Xirmontepa,NULL,NULL,NULL,Katta Xirmontepa mahalla fuqarolar yigʻini,NULL,NULL,Mahalla fuqarolar yigʻini (MFY),1726294,Chilonzor tumani,Чиланзарский район,Toshkent shahri,CURRENT / ACTIVE,Kadastr agentligi (Etirof) official MFY register,https://api-etirof.kadastr.uz/api/v1/commons/selects/neighborhoods,26.37,26.36,41.2685,69.17665,YES,YES,OFFICIAL,Kadastr agentligi - open.ngis.uz UZKAD/MAHALLA_UZKAD_DB16,https://db.ngis.uz/db/rest/services/UZKAD/MAHALLA_UZKAD_DB16/FeatureServer/0,EPSG:4326,2026-03-14..2026-08-27,"Cabinet of Ministers Resolution No. 48, 04.03.2014, art. 26-30",https://www.lex.uz/uz/docs/-2349371,2026-09-18,A,NULL
1726294007,1726294007,1726294007,Tirsakobod,NULL,NULL,NULL,Tirsakobod mahalla fuqarolar yigʻini,NULL,NULL,Mahalla fuqarolar yigʻini (MFY),1726294,Chilonzor tumani,Чиланзарский район,Toshkent shahri,CURRENT / ACTIVE,Kadastr agentligi (Etirof) official MFY register,https://api-etirof.kadastr.uz/api/v1/commons/selects/neighborhoods,255.41,255.02,41.25009,69.1992,YES,YES,OFFICIAL,Kadastr agentligi - open.ngis.uz UZKAD/MAHALLA_UZKAD_DB16,https://db.ngis.uz/db/rest/services/UZKAD/MAHALLA_UZKAD_DB16/FeatureServer/0,EPSG:4326,2026-03-14..2026-08-27,"Cabinet of Ministers Resolution No. 48, 04.03.2014, art. 26-30",https://www.lex.uz/uz/docs/-2349371,2026-09-18,A,NULL
1726294008,1726294008,1726294008,Xayrabod,NULL,NULL,NULL,Xayrabod mahalla fuqarolar yigʻini,NULL,NULL,Mahalla fuqarolar yigʻini (MFY),1726294,Chilonzor tumani,Чиланзарский район,Toshkent shahri,CURRENT / ACTIVE,Kadastr agentligi (Etirof) official MFY register,https://api-etirof.kadastr.uz/api/v1/commons/selects/neighborhoods,39.76,39.39,41.26295,69.1797,YES,YES,OFFICIAL,Kadastr agentligi - open.ngis.uz UZKAD/MAHALLA_UZKAD_DB16,https://db.ngis.uz/db/rest/services/UZKAD/MAHALLA_UZKAD_DB16/FeatureServer/0,EPSG:4326,2026-03-14..2026-08-27,"Cabinet of Ministers Resolution No. 48, 04.03.2014, art. 26-30",https://www.lex.uz/uz/docs/-2349371,2026-09-18,A,NULL
1726294009,1726294009,1726294009,Xirmontepa,NULL,NULL,NULL,Xirmontepa mahalla fuqarolar yigʻini,NULL,NULL,Mahalla fuqarolar yigʻini (MFY),1726294,Chilonzor tumani,Чиланзарский район,Toshkent shahri,CURRENT / ACTIVE,Kadastr agentligi (Etirof) official MFY register,https://api-etirof.kadastr.uz/api/v1/commons/selects/neighborhoods,NULL,NULL,NULL,NULL,NO,NO,UNKNOWN,NULL,NULL,NULL,NULL,"Cabinet of Ministers Resolution No. 48, 04.03.2014, art. 26-30",https://www.lex.uz/uz/docs/-2349371,2026-09-18,A,Name and code OFFICIAL; polygon not present in the public cadastre mahalla layer as of 2026-09-18
1726294010,1726294010,1726294010,Xontoʻpi,NULL,NULL,NULL,Xontoʻpi mahalla fuqarolar yigʻini,NULL,NULL,Mahalla fuqarolar yigʻini (MFY),1726294,Chilonzor tumani,Чиланзарский район,Toshkent shahri,CURRENT / ACTIVE,Kadastr agentligi (Etirof) official MFY register,https://api-etirof.kadastr.uz/api/v1/commons/selects/neighborhoods,32.23,32.32,41.262,69.1744,YES,YES,OFFICIAL,Kadastr agentligi - open.ngis.uz UZKAD/MAHALLA_UZKAD_DB16,https://db.ngis.uz/db/rest/services/UZKAD/MAHALLA_UZKAD_DB16/FeatureServer/0,EPSG:4326,2026-03-14..2026-08-27,"Cabinet of Ministers Resolution No. 48, 04.03.2014, art. 26-30",https://www.lex.uz/uz/docs/-2349371,2026-09-18,A,NULL
1726294011,1726294011,1726294011,Sharaf,NULL,NULL,NULL,Sharaf mahalla fuqarolar yigʻini,NULL,NULL,Mahalla fuqarolar yigʻini (MFY),1726294,Chilonzor tumani,Чиланзарский район,Toshkent shahri,CURRENT / ACTIVE,Kadastr agentligi (Etirof) official MFY register,https://api-etirof.kadastr.uz/api/v1/commons/selects/neighborhoods,10.22,10.18,41.2643,69.16296,YES,YES,OFFICIAL,Kadastr agentligi - open.ngis.uz UZKAD/MAHALLA_UZKAD_DB16,https://db.ngis.uz/db/rest/services/UZKAD/MAHALLA_UZKAD_DB16/FeatureServer/0,EPSG:4326,2026-03-14..2026-08-27,"Cabinet of Ministers Resolution No. 48, 04.03.2014, art. 26-30",https://www.lex.uz/uz/docs/-2349371,2026-09-18,A,NULL
1726294012,1726294012,1726294012,Sharq,NULL,NULL,NULL,Sharq mahalla fuqarolar yigʻini,NULL,NULL,Mahalla fuqarolar yigʻini (MFY),1726294,Chilonzor tumani,Чиланзарский район,Toshkent shahri,CURRENT / ACTIVE,Kadastr agentligi (Etirof) official MFY register,https://api-etirof.kadastr.uz/api/v1/commons/selects/neighborhoods,18.78,18.62,41.2664,69.16559,YES,YES,OFFICIAL,Kadastr agentligi - open.ngis.uz UZKAD/MAHALLA_UZKAD_DB16,https://db.ngis.uz/db/rest/services/UZKAD/MAHALLA_UZKAD_DB16/FeatureServer/0,EPSG:4326,2026-03-14..2026-08-27,"Cabinet of Ministers Resolution No. 48, 04.03.2014, art. 26-30",https://www.lex.uz/uz/docs/-2349371,2026-09-18,A,NULL
1726294013,1726294013,1726294013,Sharq tongi,NULL,NULL,NULL,Sharq tongi mahalla fuqarolar yigʻini,NULL,NULL,Mahalla fuqarolar yigʻini (MFY),1726294,Chilonzor tumani,Чиланзарский район,Toshkent shahri,CURRENT / ACTIVE,Kadastr agentligi (Etirof) official MFY register,https://api-etirof.kadastr.uz/api/v1/commons/selects/neighborhoods,33.11,32.81,41.26474,69.16898,YES,YES,OFFICIAL,Kadastr agentligi - open.ngis.uz UZKAD/MAHALLA_UZKAD_DB16,https://db.ngis.uz/db/rest/services/UZKAD/MAHALLA_UZKAD_DB16/FeatureServer/0,EPSG:4326,2026-03-14..2026-08-27,"Cabinet of Ministers Resolution No. 48, 04.03.2014, art. 26-30",https://www.lex.uz/uz/docs/-2349371,2026-09-18,A,NULL
1726294014,1726294014,1726294014,Shuxrat,NULL,NULL,NULL,Shuxrat mahalla fuqarolar yigʻini,NULL,NULL,Mahalla fuqarolar yigʻini (MFY),1726294,Chilonzor tumani,Чиланзарский район,Toshkent shahri,CURRENT / ACTIVE,Kadastr agentligi (Etirof) official MFY register,https://api-etirof.kadastr.uz/api/v1/commons/selects/neighborhoods,21.35,21.38,41.2677,69.18637,YES,YES,OFFICIAL,Kadastr agentligi - open.ngis.uz UZKAD/MAHALLA_UZKAD_DB16,https://db.ngis.uz/db/rest/services/UZKAD/MAHALLA_UZKAD_DB16/FeatureServer/0,EPSG:4326,2026-03-14..2026-08-27,"Cabinet of Ministers Resolution No. 48, 04.03.2014, art. 26-30",https://www.lex.uz/uz/docs/-2349371,2026-09-18,A,NULL
1726294015,1726294015,1726294015,1-Charx Kamolon,NULL,NULL,NULL,1-Charx Kamolon mahalla fuqarolar yigʻini,NULL,NULL,Mahalla fuqarolar yigʻini (MFY),1726294,Chilonzor tumani,Чиланзарский район,Toshkent shahri,CURRENT / ACTIVE,Kadastr agentligi (Etirof) official MFY register,https://api-etirof.kadastr.uz/api/v1/commons/selects/neighborhoods,39.59,39.21,41.29656,69.2337,YES,YES,OFFICIAL,Kadastr agentligi - open.ngis.uz UZKAD/MAHALLA_UZKAD_DB16,https://db.ngis.uz/db/rest/services/UZKAD/MAHALLA_UZKAD_DB16/FeatureServer/0,EPSG:4326,2026-03-14..2026-08-27,"Cabinet of Ministers Resolution No. 48, 04.03.2014, art. 26-30",https://www.lex.uz/uz/docs/-2349371,2026-09-18,A,NULL
1726294016,1726294016,1726294016,2-Charx Kamolon,NULL,NULL,NULL,2-Charx Kamolon mahalla fuqarolar yigʻini,NULL,NULL,Mahalla fuqarolar yigʻini (MFY),1726294,Chilonzor tumani,Чиланзарский район,Toshkent shahri,CURRENT / ACTIVE,Kadastr agentligi (Etirof) official MFY register,https://api-etirof.kadastr.uz/api/v1/commons/selects/neighborhoods,48.1,48.17,41.29766,69.22546,YES,YES,OFFICIAL,Kadastr agentligi - open.ngis.uz UZKAD/MAHALLA_UZKAD_DB16,https://db.ngis.uz/db/rest/services/UZKAD/MAHALLA_UZKAD_DB16/FeatureServer/0,EPSG:4326,2026-03-14..2026-08-27,"Cabinet of Ministers Resolution No. 48, 04.03.2014, art. 26-30",https://www.lex.uz/uz/docs/-2349371,2026-09-18,A,NULL
1726294017,1726294017,1726294017,3-Charx Kamolon,NULL,NULL,NULL,3-Charx Kamolon mahalla fuqarolar yigʻini,NULL,NULL,Mahalla fuqarolar yigʻini (MFY),1726294,Chilonzor tumani,Чиланзарский район,Toshkent shahri,CURRENT / ACTIVE,Kadastr agentligi (Etirof) official MFY register,https://api-etirof.kadastr.uz/api/v1/commons/selects/neighborhoods,51.95,51.89,41.29842,69.21833,YES,YES,OFFICIAL,Kadastr agentligi - open.ngis.uz UZKAD/MAHALLA_UZKAD_DB16,https://db.ngis.uz/db/rest/services/UZKAD/MAHALLA_UZKAD_DB16/FeatureServer/0,EPSG:4326,2026-03-14..2026-08-27,"Cabinet of Ministers Resolution No. 48, 04.03.2014, art. 26-30",https://www.lex.uz/uz/docs/-2349371,2026-09-18,A,NULL
1726294018,1726294018,1726294018,Beshyogʻoch,NULL,NULL,NULL,Beshyogʻoch mahalla fuqarolar yigʻini,NULL,NULL,Mahalla fuqarolar yigʻini (MFY),1726294,Chilonzor tumani,Чиланзарский район,Toshkent shahri,CURRENT / ACTIVE,Kadastr agentligi (Etirof) official MFY register,https://api-etirof.kadastr.uz/api/v1/commons/selects/neighborhoods,208.76,208.88,41.30481,69.24512,YES,YES,OFFICIAL,Kadastr agentligi - open.ngis.uz UZKAD/MAHALLA_UZKAD_DB16,https://db.ngis.uz/db/rest/services/UZKAD/MAHALLA_UZKAD_DB16/FeatureServer/0,EPSG:4326,2026-03-14..2026-08-27,"Cabinet of Ministers Resolution No. 48, 04.03.2014, art. 26-30",https://www.lex.uz/uz/docs/-2349371,2026-09-18,A,NULL
1726294019,1726294019,1726294019,Katta Kozirobod,NULL,NULL,NULL,Katta Kozirobod mahalla fuqarolar yigʻini,NULL,NULL,Mahalla fuqarolar yigʻini (MFY),1726294,Chilonzor tumani,Чиланзарский район,Toshkent shahri,CURRENT / ACTIVE,Kadastr agentligi (Etirof) official MFY register,https://api-etirof.kadastr.uz/api/v1/commons/selects/neighborhoods,63.9,63.9,41.2707,69.21539,YES,YES,OFFICIAL,Kadastr agentligi - open.ngis.uz UZKAD/MAHALLA_UZKAD_DB16,https://db.ngis.uz/db/rest/services/UZKAD/MAHALLA_UZKAD_DB16/FeatureServer/0,EPSG:4326,2026-03-14..2026-08-27,"Cabinet of Ministers Resolution No. 48, 04.03.2014, art. 26-30",https://www.lex.uz/uz/docs/-2349371,2026-09-18,A,NULL
1726294020,1726294020,1726294020,Katta Olmazor,NULL,NULL,NULL,Katta Olmazor mahalla fuqarolar yigʻini,NULL,NULL,Mahalla fuqarolar yigʻini (MFY),1726294,Chilonzor tumani,Чиланзарский район,Toshkent shahri,CURRENT / ACTIVE,Kadastr agentligi (Etirof) official MFY register,https://api-etirof.kadastr.uz/api/v1/commons/selects/neighborhoods,13.92,13.98,41.30928,69.24492,YES,YES,OFFICIAL,Kadastr agentligi - open.ngis.uz UZKAD/MAHALLA_UZKAD_DB16,https://db.ngis.uz/db/rest/services/UZKAD/MAHALLA_UZKAD_DB16/FeatureServer/0,EPSG:4326,2026-03-14..2026-08-27,"Cabinet of Ministers Resolution No. 48, 04.03.2014, art. 26-30",https://www.lex.uz/uz/docs/-2349371,2026-09-18,A,NULL
1726294021,1726294021,1726294021,Katta Chilonzor-1,NULL,NULL,NULL,Katta Chilonzor-1 mahalla fuqarolar yigʻini,NULL,NULL,Mahalla fuqarolar yigʻini (MFY),1726294,Chilonzor tumani,Чиланзарский район,Toshkent shahri,CURRENT / ACTIVE,Kadastr agentligi (Etirof) official MFY register,https://api-etirof.kadastr.uz/api/v1/commons/selects/neighborhoods,53.47,53.33,41.28355,69.2301,YES,YES,OFFICIAL,Kadastr agentligi - open.ngis.uz UZKAD/MAHALLA_UZKAD_DB16,https://db.ngis.uz/db/rest/services/UZKAD/MAHALLA_UZKAD_DB16/FeatureServer/0,EPSG:4326,2026-03-14..2026-08-27,"Cabinet of Ministers Resolution No. 48, 04.03.2014, art. 26-30",https://www.lex.uz/uz/docs/-2349371,2026-09-18,A,NULL
1726294022,1726294022,1726294022,Katta Chilonzor-2,NULL,NULL,NULL,Katta Chilonzor-2 mahalla fuqarolar yigʻini,NULL,NULL,Mahalla fuqarolar yigʻini (MFY),1726294,Chilonzor tumani,Чиланзарский район,Toshkent shahri,CURRENT / ACTIVE,Kadastr agentligi (Etirof) official MFY register,https://api-etirof.kadastr.uz/api/v1/commons/selects/neighborhoods,54.09,53.8,41.27891,69.22408,YES,YES,OFFICIAL,Kadastr agentligi - open.ngis.uz UZKAD/MAHALLA_UZKAD_DB16,https://db.ngis.uz/db/rest/services/UZKAD/MAHALLA_UZKAD_DB16/FeatureServer/0,EPSG:4326,2026-03-14..2026-08-27,"Cabinet of Ministers Resolution No. 48, 04.03.2014, art. 26-30",https://www.lex.uz/uz/docs/-2349371,2026-09-18,A,NULL
1726294023,1726294023,1726294023,Katta Chilonzor-3,NULL,NULL,NULL,Katta Chilonzor-3 mahalla fuqarolar yigʻini,NULL,NULL,Mahalla fuqarolar yigʻini (MFY),1726294,Chilonzor tumani,Чиланзарский район,Toshkent shahri,CURRENT / ACTIVE,Kadastr agentligi (Etirof) official MFY register,https://api-etirof.kadastr.uz/api/v1/commons/selects/neighborhoods,44.66,44.59,41.28524,69.22294,YES,YES,OFFICIAL,Kadastr agentligi - open.ngis.uz UZKAD/MAHALLA_UZKAD_DB16,https://db.ngis.uz/db/rest/services/UZKAD/MAHALLA_UZKAD_DB16/FeatureServer/0,EPSG:4326,2026-03-14..2026-08-27,"Cabinet of Ministers Resolution No. 48, 04.03.2014, art. 26-30",https://www.lex.uz/uz/docs/-2349371,2026-09-18,A,NULL
1726294024,1726294024,1726294024,Novza,NULL,NULL,NULL,Novza mahalla fuqarolar yigʻini,NULL,NULL,Mahalla fuqarolar yigʻini (MFY),1726294,Chilonzor tumani,Чиланзарский район,Toshkent shahri,CURRENT / ACTIVE,Kadastr agentligi (Etirof) official MFY register,https://api-etirof.kadastr.uz/api/v1/commons/selects/neighborhoods,60.74,60.12,41.28721,69.22074,YES,YES,OFFICIAL,Kadastr agentligi - open.ngis.uz UZKAD/MAHALLA_UZKAD_DB16,https://db.ngis.uz/db/rest/services/UZKAD/MAHALLA_UZKAD_DB16/FeatureServer/0,EPSG:4326,2026-03-14..2026-08-27,"Cabinet of Ministers Resolution No. 48, 04.03.2014, art. 26-30",https://www.lex.uz/uz/docs/-2349371,2026-09-18,A,NULL
1726294025,1726294025,1726294025,Chilonzor,NULL,NULL,NULL,Chilonzor mahalla fuqarolar yigʻini,NULL,NULL,Mahalla fuqarolar yigʻini (MFY),1726294,Chilonzor tumani,Чиланзарский район,Toshkent shahri,CURRENT / ACTIVE,Kadastr agentligi (Etirof) official MFY register,https://api-etirof.kadastr.uz/api/v1/commons/selects/neighborhoods,80.93,80.66,41.29121,69.23381,YES,YES,OFFICIAL,Kadastr agentligi - open.ngis.uz UZKAD/MAHALLA_UZKAD_DB16,https://db.ngis.uz/db/rest/services/UZKAD/MAHALLA_UZKAD_DB16/FeatureServer/0,EPSG:4326,2026-03-14..2026-08-27,"Cabinet of Ministers Resolution No. 48, 04.03.2014, art. 26-30",https://www.lex.uz/uz/docs/-2349371,2026-09-18,A,NULL
1726294026,1726294026,1726294026,Qozirobod,NULL,NULL,NULL,Qozirobod mahalla fuqarolar yigʻini,NULL,NULL,Mahalla fuqarolar yigʻini (MFY),1726294,Chilonzor tumani,Чиланзарский район,Toshkent shahri,CURRENT / ACTIVE,Kadastr agentligi (Etirof) official MFY register,https://api-etirof.kadastr.uz/api/v1/commons/selects/neighborhoods,97.34,97.53,41.27601,69.21507,YES,YES,OFFICIAL,Kadastr agentligi - open.ngis.uz UZKAD/MAHALLA_UZKAD_DB16,https://db.ngis.uz/db/rest/services/UZKAD/MAHALLA_UZKAD_DB16/FeatureServer/0,EPSG:4326,2026-03-14..2026-08-27,"Cabinet of Ministers Resolution No. 48, 04.03.2014, art. 26-30",https://www.lex.uz/uz/docs/-2349371,2026-09-18,A,NULL
1726294027,1726294027,1726294027,1-Qatortol,NULL,NULL,NULL,1-Qatortol mahalla fuqarolar yigʻini,NULL,NULL,Mahalla fuqarolar yigʻini (MFY),1726294,Chilonzor tumani,Чиланзарский район,Toshkent shahri,CURRENT / ACTIVE,Kadastr agentligi (Etirof) official MFY register,https://api-etirof.kadastr.uz/api/v1/commons/selects/neighborhoods,27.39,27.42,41.29383,69.20713,YES,YES,OFFICIAL,Kadastr agentligi - open.ngis.uz UZKAD/MAHALLA_UZKAD_DB16,https://db.ngis.uz/db/rest/services/UZKAD/MAHALLA_UZKAD_DB16/FeatureServer/0,EPSG:4326,2026-03-14..2026-08-27,"Cabinet of Ministers Resolution No. 48, 04.03.2014, art. 26-30",https://www.lex.uz/uz/docs/-2349371,2026-09-18,A,NULL
1726294028,1726294028,1726294028,Beshchinor,NULL,NULL,NULL,Beshchinor mahalla fuqarolar yigʻini,NULL,NULL,Mahalla fuqarolar yigʻini (MFY),1726294,Chilonzor tumani,Чиланзарский район,Toshkent shahri,CURRENT / ACTIVE,Kadastr agentligi (Etirof) official MFY register,https://api-etirof.kadastr.uz/api/v1/commons/selects/neighborhoods,NULL,NULL,NULL,NULL,NO,NO,UNKNOWN,NULL,NULL,NULL,NULL,"Cabinet of Ministers Resolution No. 48, 04.03.2014, art. 26-30",https://www.lex.uz/uz/docs/-2349371,2026-09-18,A,Name and code OFFICIAL; polygon not present in the public cadastre mahalla layer as of 2026-09-18
1726294029,1726294029,1726294029,Bogʻzor,NULL,NULL,NULL,Bogʻzor mahalla fuqarolar yigʻini,NULL,NULL,Mahalla fuqarolar yigʻini (MFY),1726294,Chilonzor tumani,Чиланзарский район,Toshkent shahri,CURRENT / ACTIVE,Kadastr agentligi (Etirof) official MFY register,https://api-etirof.kadastr.uz/api/v1/commons/selects/neighborhoods,20.9,20.87,41.29666,69.20766,YES,YES,OFFICIAL,Kadastr agentligi - open.ngis.uz UZKAD/MAHALLA_UZKAD_DB16,https://db.ngis.uz/db/rest/services/UZKAD/MAHALLA_UZKAD_DB16/FeatureServer/0,EPSG:4326,2026-03-14..2026-08-27,"Cabinet of Ministers Resolution No. 48, 04.03.2014, art. 26-30",https://www.lex.uz/uz/docs/-2349371,2026-09-18,A,NULL
1726294030,1726294030,1726294030,Dilobod,NULL,NULL,NULL,Dilobod mahalla fuqarolar yigʻini,NULL,NULL,Mahalla fuqarolar yigʻini (MFY),1726294,Chilonzor tumani,Чиланзарский район,Toshkent shahri,CURRENT / ACTIVE,Kadastr agentligi (Etirof) official MFY register,https://api-etirof.kadastr.uz/api/v1/commons/selects/neighborhoods,NULL,NULL,NULL,NULL,NO,NO,UNKNOWN,NULL,NULL,NULL,NULL,"Cabinet of Ministers Resolution No. 48, 04.03.2014, art. 26-30",https://www.lex.uz/uz/docs/-2349371,2026-09-18,A,Name and code OFFICIAL; polygon not present in the public cadastre mahalla layer as of 2026-09-18
1726294031,1726294031,1726294031,Koʻtarma,NULL,NULL,NULL,Koʻtarma mahalla fuqarolar yigʻini,NULL,NULL,Mahalla fuqarolar yigʻini (MFY),1726294,Chilonzor tumani,Чиланзарский район,Toshkent shahri,CURRENT / ACTIVE,Kadastr agentligi (Etirof) official MFY register,https://api-etirof.kadastr.uz/api/v1/commons/selects/neighborhoods,NULL,NULL,NULL,NULL,NO,NO,UNKNOWN,NULL,NULL,NULL,NULL,"Cabinet of Ministers Resolution No. 48, 04.03.2014, art. 26-30",https://www.lex.uz/uz/docs/-2349371,2026-09-18,A,Name and code OFFICIAL; polygon not present in the public cadastre mahalla layer as of 2026-09-18
1726294032,1726294032,1726294032,Qatortol,NULL,NULL,NULL,Qatortol mahalla fuqarolar yigʻini,NULL,NULL,Mahalla fuqarolar yigʻini (MFY),1726294,Chilonzor tumani,Чиланзарский район,Toshkent shahri,CURRENT / ACTIVE,Kadastr agentligi (Etirof) official MFY register,https://api-etirof.kadastr.uz/api/v1/commons/selects/neighborhoods,NULL,NULL,NULL,NULL,NO,NO,UNKNOWN,NULL,NULL,NULL,NULL,"Cabinet of Ministers Resolution No. 48, 04.03.2014, art. 26-30",https://www.lex.uz/uz/docs/-2349371,2026-09-18,A,Name and code OFFICIAL; polygon not present in the public cadastre mahalla layer as of 2026-09-18
1726294033,1726294033,1726294033,Lutfiy,NULL,NULL,NULL,Lutfiy mahalla fuqarolar yigʻini,NULL,NULL,Mahalla fuqarolar yigʻini (MFY),1726294,Chilonzor tumani,Чиланзарский район,Toshkent shahri,CURRENT / ACTIVE,Kadastr agentligi (Etirof) official MFY register,https://api-etirof.kadastr.uz/api/v1/commons/selects/neighborhoods,NULL,NULL,NULL,NULL,NO,NO,UNKNOWN,NULL,NULL,NULL,NULL,"Cabinet of Ministers Resolution No. 48, 04.03.2014, art. 26-30",https://www.lex.uz/uz/docs/-2349371,2026-09-18,A,Name and code OFFICIAL; polygon not present in the public cadastre mahalla layer as of 2026-09-18
1726294034,1726294034,1726294034,Navbahor,NULL,NULL,NULL,Navbahor mahalla fuqarolar yigʻini,NULL,NULL,Mahalla fuqarolar yigʻini (MFY),1726294,Chilonzor tumani,Чиланзарский район,Toshkent shahri,CURRENT / ACTIVE,Kadastr agentligi (Etirof) official MFY register,https://api-etirof.kadastr.uz/api/v1/commons/selects/neighborhoods,NULL,NULL,NULL,NULL,NO,NO,UNKNOWN,NULL,NULL,NULL,NULL,"Cabinet of Ministers Resolution No. 48, 04.03.2014, art. 26-30",https://www.lex.uz/uz/docs/-2349371,2026-09-18,A,Name and code OFFICIAL; polygon not present in the public cadastre mahalla layer as of 2026-09-18
1726294035,1726294035,1726294035,Nafosat,NULL,NULL,NULL,Nafosat mahalla fuqarolar yigʻini,NULL,NULL,Mahalla fuqarolar yigʻini (MFY),1726294,Chilonzor tumani,Чиланзарский район,Toshkent shahri,CURRENT / ACTIVE,Kadastr agentligi (Etirof) official MFY register,https://api-etirof.kadastr.uz/api/v1/commons/selects/neighborhoods,16.46,16.63,41.29085,69.20737,YES,YES,OFFICIAL,Kadastr agentligi - open.ngis.uz UZKAD/MAHALLA_UZKAD_DB16,https://db.ngis.uz/db/rest/services/UZKAD/MAHALLA_UZKAD_DB16/FeatureServer/0,EPSG:4326,2026-03-14..2026-08-27,"Cabinet of Ministers Resolution No. 48, 04.03.2014, art. 26-30",https://www.lex.uz/uz/docs/-2349371,2026-09-18,A,NULL
1726294036,1726294036,1726294036,Oq-tepa,NULL,NULL,NULL,Oq-tepa mahalla fuqarolar yigʻini,NULL,NULL,Mahalla fuqarolar yigʻini (MFY),1726294,Chilonzor tumani,Чиланзарский район,Toshkent shahri,CURRENT / ACTIVE,Kadastr agentligi (Etirof) official MFY register,https://api-etirof.kadastr.uz/api/v1/commons/selects/neighborhoods,NULL,NULL,NULL,NULL,NO,NO,UNKNOWN,NULL,NULL,NULL,NULL,"Cabinet of Ministers Resolution No. 48, 04.03.2014, art. 26-30",https://www.lex.uz/uz/docs/-2349371,2026-09-18,A,Name and code OFFICIAL; polygon not present in the public cadastre mahalla layer as of 2026-09-18
1726294037,1726294037,1726294037,Xalqlar Doʻstligi,NULL,NULL,NULL,Xalqlar Doʻstligi mahalla fuqarolar yigʻini,NULL,NULL,Mahalla fuqarolar yigʻini (MFY),1726294,Chilonzor tumani,Чиланзарский район,Toshkent shahri,CURRENT / ACTIVE,Kadastr agentligi (Etirof) official MFY register,https://api-etirof.kadastr.uz/api/v1/commons/selects/neighborhoods,NULL,NULL,NULL,NULL,NO,NO,UNKNOWN,NULL,NULL,NULL,NULL,"Cabinet of Ministers Resolution No. 48, 04.03.2014, art. 26-30",https://www.lex.uz/uz/docs/-2349371,2026-09-18,A,Name and code OFFICIAL; polygon not present in the public cadastre mahalla layer as of 2026-09-18
1726294038,1726294038,1726294038,Choʻpon-ota,NULL,NULL,NULL,Choʻpon-ota mahalla fuqarolar yigʻini,NULL,NULL,Mahalla fuqarolar yigʻini (MFY),1726294,Chilonzor tumani,Чиланзарский район,Toshkent shahri,CURRENT / ACTIVE,Kadastr agentligi (Etirof) official MFY register,https://api-etirof.kadastr.uz/api/v1/commons/selects/neighborhoods,22.18,22.07,41.29056,69.19663,YES,YES,OFFICIAL,Kadastr agentligi - open.ngis.uz UZKAD/MAHALLA_UZKAD_DB16,https://db.ngis.uz/db/rest/services/UZKAD/MAHALLA_UZKAD_DB16/FeatureServer/0,EPSG:4326,2026-03-14..2026-08-27,"Cabinet of Ministers Resolution No. 48, 04.03.2014, art. 26-30",https://www.lex.uz/uz/docs/-2349371,2026-09-18,A,NULL
1726294039,1726294039,1726294039,Diyor,NULL,NULL,NULL,Diyor mahalla fuqarolar yigʻini,NULL,NULL,Mahalla fuqarolar yigʻini (MFY),1726294,Chilonzor tumani,Чиланзарский район,Toshkent shahri,CURRENT / ACTIVE,Kadastr agentligi (Etirof) official MFY register,https://api-etirof.kadastr.uz/api/v1/commons/selects/neighborhoods,30.91,30.75,41.29101,69.20252,YES,YES,OFFICIAL,Kadastr agentligi - open.ngis.uz UZKAD/MAHALLA_UZKAD_DB16,https://db.ngis.uz/db/rest/services/UZKAD/MAHALLA_UZKAD_DB16/FeatureServer/0,EPSG:4326,2026-03-14..2026-08-27,"Cabinet of Ministers Resolution No. 48, 04.03.2014, art. 26-30",https://www.lex.uz/uz/docs/-2349371,2026-09-18,A,NULL
1726294040,1726294040,1726294040,Koʻrkam,NULL,NULL,NULL,Koʻrkam mahalla fuqarolar yigʻini,NULL,NULL,Mahalla fuqarolar yigʻini (MFY),1726294,Chilonzor tumani,Чиланзарский район,Toshkent shahri,CURRENT / ACTIVE,Kadastr agentligi (Etirof) official MFY register,https://api-etirof.kadastr.uz/api/v1/commons/selects/neighborhoods,NULL,NULL,NULL,NULL,NO,NO,UNKNOWN,NULL,NULL,NULL,NULL,"Cabinet of Ministers Resolution No. 48, 04.03.2014, art. 26-30",https://www.lex.uz/uz/docs/-2349371,2026-09-18,A,Name and code OFFICIAL; polygon not present in the public cadastre mahalla layer as of 2026-09-18
1726294041,1726294041,1726294041,Katta Navbahor,NULL,NULL,NULL,Katta Navbahor mahalla fuqarolar yigʻini,NULL,NULL,Mahalla fuqarolar yigʻini (MFY),1726294,Chilonzor tumani,Чиланзарский район,Toshkent shahri,CURRENT / ACTIVE,Kadastr agentligi (Etirof) official MFY register,https://api-etirof.kadastr.uz/api/v1/commons/selects/neighborhoods,NULL,NULL,NULL,NULL,NO,NO,UNKNOWN,NULL,NULL,NULL,NULL,"Cabinet of Ministers Resolution No. 48, 04.03.2014, art. 26-30",https://www.lex.uz/uz/docs/-2349371,2026-09-18,A,Name and code OFFICIAL; polygon not present in the public cadastre mahalla layer as of 2026-09-18
1726294042,1726294042,1726294042,2-Qatortol,NULL,NULL,NULL,2-Qatortol mahalla fuqarolar yigʻini,NULL,NULL,Mahalla fuqarolar yigʻini (MFY),1726294,Chilonzor tumani,Чиланзарский район,Toshkent shahri,CURRENT / ACTIVE,Kadastr agentligi (Etirof) official MFY register,https://api-etirof.kadastr.uz/api/v1/commons/selects/neighborhoods,NULL,NULL,NULL,NULL,NO,NO,UNKNOWN,NULL,NULL,NULL,NULL,"Cabinet of Ministers Resolution No. 48, 04.03.2014, art. 26-30",https://www.lex.uz/uz/docs/-2349371,2026-09-18,A,Name and code OFFICIAL; polygon not present in the public cadastre mahalla layer as of 2026-09-18
1726294043,1726294043,1726294043,Botirma,NULL,NULL,NULL,Botirma mahalla fuqarolar yigʻini,NULL,NULL,Mahalla fuqarolar yigʻini (MFY),1726294,Chilonzor tumani,Чиланзарский район,Toshkent shahri,CURRENT / ACTIVE,Kadastr agentligi (Etirof) official MFY register,https://api-etirof.kadastr.uz/api/v1/commons/selects/neighborhoods,NULL,NULL,NULL,NULL,NO,NO,UNKNOWN,NULL,NULL,NULL,NULL,"Cabinet of Ministers Resolution No. 48, 04.03.2014, art. 26-30",https://www.lex.uz/uz/docs/-2349371,2026-09-18,A,Name and code OFFICIAL; polygon not present in the public cadastre mahalla layer as of 2026-09-18
1726294044,1726294044,1726294044,Boʻrijar,NULL,NULL,NULL,Boʻrijar mahalla fuqarolar yigʻini,NULL,NULL,Mahalla fuqarolar yigʻini (MFY),1726294,Chilonzor tumani,Чиланзарский район,Toshkent shahri,CURRENT / ACTIVE,Kadastr agentligi (Etirof) official MFY register,https://api-etirof.kadastr.uz/api/v1/commons/selects/neighborhoods,NULL,NULL,NULL,NULL,NO,NO,UNKNOWN,NULL,NULL,NULL,NULL,"Cabinet of Ministers Resolution No. 48, 04.03.2014, art. 26-30",https://www.lex.uz/uz/docs/-2349371,2026-09-18,A,Name and code OFFICIAL; polygon not present in the public cadastre mahalla layer as of 2026-09-18
1726294045,1726294045,1726294045,Gavxar,NULL,NULL,NULL,Gavxar mahalla fuqarolar yigʻini,NULL,NULL,Mahalla fuqarolar yigʻini (MFY),1726294,Chilonzor tumani,Чиланзарский район,Toshkent shahri,CURRENT / ACTIVE,Kadastr agentligi (Etirof) official MFY register,https://api-etirof.kadastr.uz/api/v1/commons/selects/neighborhoods,NULL,NULL,NULL,NULL,NO,NO,UNKNOWN,NULL,NULL,NULL,NULL,"Cabinet of Ministers Resolution No. 48, 04.03.2014, art. 26-30",https://www.lex.uz/uz/docs/-2349371,2026-09-18,A,Name and code OFFICIAL; polygon not present in the public cadastre mahalla layer as of 2026-09-18
1726294046,1726294046,1726294046,Doʻmbirobod,NULL,NULL,NULL,Doʻmbirobod mahalla fuqarolar yigʻini,NULL,NULL,Mahalla fuqarolar yigʻini (MFY),1726294,Chilonzor tumani,Чиланзарский район,Toshkent shahri,CURRENT / ACTIVE,Kadastr agentligi (Etirof) official MFY register,https://api-etirof.kadastr.uz/api/v1/commons/selects/neighborhoods,NULL,NULL,NULL,NULL,NO,NO,UNKNOWN,NULL,NULL,NULL,NULL,"Cabinet of Ministers Resolution No. 48, 04.03.2014, art. 26-30",https://www.lex.uz/uz/docs/-2349371,2026-09-18,A,Name and code OFFICIAL; polygon not present in the public cadastre mahalla layer as of 2026-09-18
1726294047,1726294047,1726294047,Zarqoʻrgʻon,NULL,NULL,NULL,Zarqoʻrgʻon mahalla fuqarolar yigʻini,NULL,NULL,Mahalla fuqarolar yigʻini (MFY),1726294,Chilonzor tumani,Чиланзарский район,Toshkent shahri,CURRENT / ACTIVE,Kadastr agentligi (Etirof) official MFY register,https://api-etirof.kadastr.uz/api/v1/commons/selects/neighborhoods,19.54,19.58,41.2733,69.20133,YES,YES,OFFICIAL,Kadastr agentligi - open.ngis.uz UZKAD/MAHALLA_UZKAD_DB16,https://db.ngis.uz/db/rest/services/UZKAD/MAHALLA_UZKAD_DB16/FeatureServer/0,EPSG:4326,2026-03-14..2026-08-27,"Cabinet of Ministers Resolution No. 48, 04.03.2014, art. 26-30",https://www.lex.uz/uz/docs/-2349371,2026-09-18,A,NULL
1726294048,1726294048,1726294048,Katta Doʻmbirobod,NULL,NULL,NULL,Katta Doʻmbirobod mahalla fuqarolar yigʻini,NULL,NULL,Mahalla fuqarolar yigʻini (MFY),1726294,Chilonzor tumani,Чиланзарский район,Toshkent shahri,CURRENT / ACTIVE,Kadastr agentligi (Etirof) official MFY register,https://api-etirof.kadastr.uz/api/v1/commons/selects/neighborhoods,NULL,NULL,NULL,NULL,NO,NO,UNKNOWN,NULL,NULL,NULL,NULL,"Cabinet of Ministers Resolution No. 48, 04.03.2014, art. 26-30",https://www.lex.uz/uz/docs/-2349371,2026-09-18,A,Name and code OFFICIAL; polygon not present in the public cadastre mahalla layer as of 2026-09-18
1726294049,1726294049,1726294049,Kichik Xirmontepa,NULL,NULL,NULL,Kichik Xirmontepa mahalla fuqarolar yigʻini,NULL,NULL,Mahalla fuqarolar yigʻini (MFY),1726294,Chilonzor tumani,Чиланзарский район,Toshkent shahri,CURRENT / ACTIVE,Kadastr agentligi (Etirof) official MFY register,https://api-etirof.kadastr.uz/api/v1/commons/selects/neighborhoods,NULL,NULL,NULL,NULL,NO,NO,UNKNOWN,NULL,NULL,NULL,NULL,"Cabinet of Ministers Resolution No. 48, 04.03.2014, art. 26-30",https://www.lex.uz/uz/docs/-2349371,2026-09-18,A,Name and code OFFICIAL; polygon not present in the public cadastre mahalla layer as of 2026-09-18
1726294050,1726294050,1726294050,Mevazor,NULL,NULL,NULL,Mevazor mahalla fuqarolar yigʻini,NULL,NULL,Mahalla fuqarolar yigʻini (MFY),1726294,Chilonzor tumani,Чиланзарский район,Toshkent shahri,CURRENT / ACTIVE,Kadastr agentligi (Etirof) official MFY register,https://api-etirof.kadastr.uz/api/v1/commons/selects/neighborhoods,32.11,31.84,41.265,69.19461,YES,YES,OFFICIAL,Kadastr agentligi - open.ngis.uz UZKAD/MAHALLA_UZKAD_DB16,https://db.ngis.uz/db/rest/services/UZKAD/MAHALLA_UZKAD_DB16/FeatureServer/0,EPSG:4326,2026-03-14..2026-08-27,"Cabinet of Ministers Resolution No. 48, 04.03.2014, art. 26-30",https://www.lex.uz/uz/docs/-2349371,2026-09-18,A,NULL
1726294051,1726294051,1726294051,Mexrjon,NULL,NULL,NULL,Mexrjon mahalla fuqarolar yigʻini,NULL,NULL,Mahalla fuqarolar yigʻini (MFY),1726294,Chilonzor tumani,Чиланзарский район,Toshkent shahri,CURRENT / ACTIVE,Kadastr agentligi (Etirof) official MFY register,https://api-etirof.kadastr.uz/api/v1/commons/selects/neighborhoods,NULL,NULL,NULL,NULL,NO,NO,UNKNOWN,NULL,NULL,NULL,NULL,"Cabinet of Ministers Resolution No. 48, 04.03.2014, art. 26-30",https://www.lex.uz/uz/docs/-2349371,2026-09-18,A,Name and code OFFICIAL; polygon not present in the public cadastre mahalla layer as of 2026-09-18
1726294052,1726294052,1726294052,Naqqoshlik,NULL,NULL,NULL,Naqqoshlik mahalla fuqarolar yigʻini,NULL,NULL,Mahalla fuqarolar yigʻini (MFY),1726294,Chilonzor tumani,Чиланзарский район,Toshkent shahri,CURRENT / ACTIVE,Kadastr agentligi (Etirof) official MFY register,https://api-etirof.kadastr.uz/api/v1/commons/selects/neighborhoods,NULL,NULL,NULL,NULL,NO,NO,UNKNOWN,NULL,NULL,NULL,NULL,"Cabinet of Ministers Resolution No. 48, 04.03.2014, art. 26-30",https://www.lex.uz/uz/docs/-2349371,2026-09-18,A,Name and code OFFICIAL; polygon not present in the public cadastre mahalla layer as of 2026-09-18
1726294053,1726294053,1726294053,Fidokor,NULL,NULL,NULL,Fidokor mahalla fuqarolar yigʻini,NULL,NULL,Mahalla fuqarolar yigʻini (MFY),1726294,Chilonzor tumani,Чиланзарский район,Toshkent shahri,CURRENT / ACTIVE,Kadastr agentligi (Etirof) official MFY register,https://api-etirof.kadastr.uz/api/v1/commons/selects/neighborhoods,NULL,NULL,NULL,NULL,NO,NO,UNKNOWN,NULL,NULL,NULL,NULL,"Cabinet of Ministers Resolution No. 48, 04.03.2014, art. 26-30",https://www.lex.uz/uz/docs/-2349371,2026-09-18,A,Name and code OFFICIAL; polygon not present in the public cadastre mahalla layer as of 2026-09-18
1726294054,1726294054,1726294054,Yakkabogʻ,NULL,NULL,NULL,Yakkabogʻ mahalla fuqarolar yigʻini,NULL,NULL,Mahalla fuqarolar yigʻini (MFY),1726294,Chilonzor tumani,Чиланзарский район,Toshkent shahri,CURRENT / ACTIVE,Kadastr agentligi (Etirof) official MFY register,https://api-etirof.kadastr.uz/api/v1/commons/selects/neighborhoods,NULL,NULL,NULL,NULL,NO,NO,UNKNOWN,NULL,NULL,NULL,NULL,"Cabinet of Ministers Resolution No. 48, 04.03.2014, art. 26-30",https://www.lex.uz/uz/docs/-2349371,2026-09-18,A,Name and code OFFICIAL; polygon not present in the public cadastre mahalla layer as of 2026-09-18
1726294055,1726294055,1726294055,Yakkatut,NULL,NULL,NULL,Yakkatut mahalla fuqarolar yigʻini,NULL,NULL,Mahalla fuqarolar yigʻini (MFY),1726294,Chilonzor tumani,Чиланзарский район,Toshkent shahri,CURRENT / ACTIVE,Kadastr agentligi (Etirof) official MFY register,https://api-etirof.kadastr.uz/api/v1/commons/selects/neighborhoods,NULL,NULL,NULL,NULL,NO,NO,UNKNOWN,NULL,NULL,NULL,NULL,"Cabinet of Ministers Resolution No. 48, 04.03.2014, art. 26-30",https://www.lex.uz/uz/docs/-2349371,2026-09-18,A,Name and code OFFICIAL; polygon not present in the public cadastre mahalla layer as of 2026-09-18
