entity_level,entity_id,soato_code,entity_name,district_name,indicator,value,unit,reference_date,publication_date,source_name,source_url,source_type,confidence,notes
city,1726,1726,Toshkent shahri,NULL,population_total,3224838,persons,2026-01-15,2026-07-07,"Milliy statistika qoʻmitasi - 2026 aholi roʻyxatga olish (census), preliminary results",https://aholi.stat.uz/images/07.07.2026/kitob-uzb_p76729.pdf,OFFICIAL,A,First post-Soviet census of Uzbekistan; census moment 15.01.2026; no tuman or mahalla breakdown published as of 2026-09-18
city,1726,1726,Toshkent shahri,NULL,population_total,3195900,persons,2026-01-01,2026,Milliy statistika qoʻmitasi / SIAT hudud.stat.uz (sum of 12 districts),https://hudud.stat.uz/api/v1/gis/regions/?parent__isnull=false&parent_soato=1726,OFFICIAL,B,"Permanent-population registration series, not census; portal shows a TEST MODE banner"
city,1726,1726,Toshkent shahri,NULL,population_total,3164000,persons,2025-10-01,2025-10-27,Toshkent shahar statistika boshqarmasi,https://toshstat.uz/2025/Demografya/Demografiya.pdf,OFFICIAL,A,Sum of the 12 district figures equals the stated city total (internal consistency check passed)
city,1726,1726,Toshkent shahri,NULL,area_km2,438.67,km2,2026-08-27,2026-09-18,Kadastr agentligi - open.ngis.uz Hosted/TUMAN_BORDER (recomputed geodesically),https://db.ngis.uz/db/rest/services/Hosted/TUMAN_BORDER/FeatureServer/2,OFFICIAL,A,Sum of the 12 official district polygons
city,1726,1726,Toshkent shahri,NULL,number_of_mahallas,585,count,2026-09-18,2026-09-18,Kadastr agentligi (Etirof) MFY register,https://api-etirof.kadastr.uz/api/v1/commons/selects/neighborhoods,OFFICIAL,A,Independently matches the per-district counts set by the 2023-2024 Tashkent City Kengash boundary decisions
district,1726262,1726262,Uchtepa tumani,Uchtepa tumani,population_total,306400,persons,2026-01-01,2026,Milliy statistika qoʻmitasi / SIAT hudud.stat.uz,https://hudud.stat.uz/api/v1/passport/demography/1726262/,OFFICIAL,B,Reported by source in thousands; converted to persons
district,1726262,1726262,Uchtepa tumani,Uchtepa tumani,population_total,303300,persons,2025-10-01,2025-10-27,Toshkent shahar statistika boshqarmasi,https://toshstat.uz/2025/Demografya/Demografiya.pdf,OFFICIAL,A,Reported by source in thousands; converted to persons
district,1726262,1726262,Uchtepa tumani,Uchtepa tumani,area_km2,28.18,km2,2026-08-27,2026-09-18,Kadastr agentligi - open.ngis.uz Hosted/TUMAN_BORDER,https://db.ngis.uz/db/rest/services/Hosted/TUMAN_BORDER/FeatureServer/2,OFFICIAL,A,Recomputed geodesically from the official polygon
district,1726262,1726262,Uchtepa tumani,Uchtepa tumani,population_density_per_km2,10873.0,persons/km2,2026-01-01,2026-09-18,Derived (SIAT population / cadastre area),NULL,DERIVED,D,"Computed field, not published by any source"
district,1726262,1726262,Uchtepa tumani,Uchtepa tumani,number_of_mahallas,60,count,2026-09-18,2026-09-18,Kadastr agentligi (Etirof) MFY register,https://api-etirof.kadastr.uz/api/v1/commons/selects/neighborhoods,OFFICIAL,A,NULL
district,1726264,1726264,Bektemir tumani,Bektemir tumani,population_total,72500,persons,2026-01-01,2026,Milliy statistika qoʻmitasi / SIAT hudud.stat.uz,https://hudud.stat.uz/api/v1/passport/demography/1726264/,OFFICIAL,B,Reported by source in thousands; converted to persons
district,1726264,1726264,Bektemir tumani,Bektemir tumani,population_total,70400,persons,2025-10-01,2025-10-27,Toshkent shahar statistika boshqarmasi,https://toshstat.uz/2025/Demografya/Demografiya.pdf,OFFICIAL,A,Reported by source in thousands; converted to persons
district,1726264,1726264,Bektemir tumani,Bektemir tumani,area_km2,32.482,km2,2026-08-27,2026-09-18,Kadastr agentligi - open.ngis.uz Hosted/TUMAN_BORDER,https://db.ngis.uz/db/rest/services/Hosted/TUMAN_BORDER/FeatureServer/2,OFFICIAL,A,Recomputed geodesically from the official polygon
district,1726264,1726264,Bektemir tumani,Bektemir tumani,population_density_per_km2,2232.0,persons/km2,2026-01-01,2026-09-18,Derived (SIAT population / cadastre area),NULL,DERIVED,D,"Computed field, not published by any source"
district,1726264,1726264,Bektemir tumani,Bektemir tumani,number_of_mahallas,18,count,2026-09-18,2026-09-18,Kadastr agentligi (Etirof) MFY register,https://api-etirof.kadastr.uz/api/v1/commons/selects/neighborhoods,OFFICIAL,A,NULL
district,1726266,1726266,Yunusobod tumani,Yunusobod tumani,population_total,395000,persons,2026-01-01,2026,Milliy statistika qoʻmitasi / SIAT hudud.stat.uz,https://hudud.stat.uz/api/v1/passport/demography/1726266/,OFFICIAL,B,Reported by source in thousands; converted to persons
district,1726266,1726266,Yunusobod tumani,Yunusobod tumani,population_total,391100,persons,2025-10-01,2025-10-27,Toshkent shahar statistika boshqarmasi,https://toshstat.uz/2025/Demografya/Demografiya.pdf,OFFICIAL,A,Reported by source in thousands; converted to persons
district,1726266,1726266,Yunusobod tumani,Yunusobod tumani,area_km2,41.066,km2,2026-08-27,2026-09-18,Kadastr agentligi - open.ngis.uz Hosted/TUMAN_BORDER,https://db.ngis.uz/db/rest/services/Hosted/TUMAN_BORDER/FeatureServer/2,OFFICIAL,A,Recomputed geodesically from the official polygon
district,1726266,1726266,Yunusobod tumani,Yunusobod tumani,population_density_per_km2,9619.0,persons/km2,2026-01-01,2026-09-18,Derived (SIAT population / cadastre area),NULL,DERIVED,D,"Computed field, not published by any source"
district,1726266,1726266,Yunusobod tumani,Yunusobod tumani,number_of_mahallas,64,count,2026-09-18,2026-09-18,Kadastr agentligi (Etirof) MFY register,https://api-etirof.kadastr.uz/api/v1/commons/selects/neighborhoods,OFFICIAL,A,NULL
district,1726269,1726269,Mirzo Ulugʻbek tumani,Mirzo Ulugʻbek tumani,population_total,343900,persons,2026-01-01,2026,Milliy statistika qoʻmitasi / SIAT hudud.stat.uz,https://hudud.stat.uz/api/v1/passport/demography/1726269/,OFFICIAL,B,Reported by source in thousands; converted to persons
district,1726269,1726269,Mirzo Ulugʻbek tumani,Mirzo Ulugʻbek tumani,population_total,340900,persons,2025-10-01,2025-10-27,Toshkent shahar statistika boshqarmasi,https://toshstat.uz/2025/Demografya/Demografiya.pdf,OFFICIAL,A,Reported by source in thousands; converted to persons
district,1726269,1726269,Mirzo Ulugʻbek tumani,Mirzo Ulugʻbek tumani,area_km2,59.532,km2,2026-08-27,2026-09-18,Kadastr agentligi - open.ngis.uz Hosted/TUMAN_BORDER,https://db.ngis.uz/db/rest/services/Hosted/TUMAN_BORDER/FeatureServer/2,OFFICIAL,A,Recomputed geodesically from the official polygon
district,1726269,1726269,Mirzo Ulugʻbek tumani,Mirzo Ulugʻbek tumani,population_density_per_km2,5777.0,persons/km2,2026-01-01,2026-09-18,Derived (SIAT population / cadastre area),NULL,DERIVED,D,"Computed field, not published by any source"
district,1726269,1726269,Mirzo Ulugʻbek tumani,Mirzo Ulugʻbek tumani,number_of_mahallas,70,count,2026-09-18,2026-09-18,Kadastr agentligi (Etirof) MFY register,https://api-etirof.kadastr.uz/api/v1/commons/selects/neighborhoods,OFFICIAL,A,NULL
district,1726273,1726273,Mirobod tumani,Mirobod tumani,population_total,156900,persons,2026-01-01,2026,Milliy statistika qoʻmitasi / SIAT hudud.stat.uz,https://hudud.stat.uz/api/v1/passport/demography/1726273/,OFFICIAL,B,Reported by source in thousands; converted to persons
district,1726273,1726273,Mirobod tumani,Mirobod tumani,population_total,156100,persons,2025-10-01,2025-10-27,Toshkent shahar statistika boshqarmasi,https://toshstat.uz/2025/Demografya/Demografiya.pdf,OFFICIAL,A,Reported by source in thousands; converted to persons
district,1726273,1726273,Mirobod tumani,Mirobod tumani,area_km2,16.475,km2,2026-08-27,2026-09-18,Kadastr agentligi - open.ngis.uz Hosted/TUMAN_BORDER,https://db.ngis.uz/db/rest/services/Hosted/TUMAN_BORDER/FeatureServer/2,OFFICIAL,A,Recomputed geodesically from the official polygon
district,1726273,1726273,Mirobod tumani,Mirobod tumani,population_density_per_km2,9524.0,persons/km2,2026-01-01,2026-09-18,Derived (SIAT population / cadastre area),NULL,DERIVED,D,"Computed field, not published by any source"
district,1726273,1726273,Mirobod tumani,Mirobod tumani,number_of_mahallas,39,count,2026-09-18,2026-09-18,Kadastr agentligi (Etirof) MFY register,https://api-etirof.kadastr.uz/api/v1/commons/selects/neighborhoods,OFFICIAL,A,NULL
district,1726277,1726277,Shayxontohur tumani,Shayxontohur tumani,population_total,374600,persons,2026-01-01,2026,Milliy statistika qoʻmitasi / SIAT hudud.stat.uz,https://hudud.stat.uz/api/v1/passport/demography/1726277/,OFFICIAL,B,Reported by source in thousands; converted to persons
district,1726277,1726277,Shayxontohur tumani,Shayxontohur tumani,population_total,372700,persons,2025-10-01,2025-10-27,Toshkent shahar statistika boshqarmasi,https://toshstat.uz/2025/Demografya/Demografiya.pdf,OFFICIAL,A,Reported by source in thousands; converted to persons
district,1726277,1726277,Shayxontohur tumani,Shayxontohur tumani,area_km2,27.065,km2,2026-08-27,2026-09-18,Kadastr agentligi - open.ngis.uz Hosted/TUMAN_BORDER,https://db.ngis.uz/db/rest/services/Hosted/TUMAN_BORDER/FeatureServer/2,OFFICIAL,A,Recomputed geodesically from the official polygon
district,1726277,1726277,Shayxontohur tumani,Shayxontohur tumani,population_density_per_km2,13841.0,persons/km2,2026-01-01,2026-09-18,Derived (SIAT population / cadastre area),NULL,DERIVED,D,"Computed field, not published by any source"
district,1726277,1726277,Shayxontohur tumani,Shayxontohur tumani,number_of_mahallas,51,count,2026-09-18,2026-09-18,Kadastr agentligi (Etirof) MFY register,https://api-etirof.kadastr.uz/api/v1/commons/selects/neighborhoods,OFFICIAL,A,NULL
district,1726280,1726280,Olmazor tumani,Olmazor tumani,population_total,419600,persons,2026-01-01,2026,Milliy statistika qoʻmitasi / SIAT hudud.stat.uz,https://hudud.stat.uz/api/v1/passport/demography/1726280/,OFFICIAL,B,Reported by source in thousands; converted to persons
district,1726280,1726280,Olmazor tumani,Olmazor tumani,population_total,416800,persons,2025-10-01,2025-10-27,Toshkent shahar statistika boshqarmasi,https://toshstat.uz/2025/Demografya/Demografiya.pdf,OFFICIAL,A,Reported by source in thousands; converted to persons
district,1726280,1726280,Olmazor tumani,Olmazor tumani,area_km2,33.786,km2,2026-08-27,2026-09-18,Kadastr agentligi - open.ngis.uz Hosted/TUMAN_BORDER,https://db.ngis.uz/db/rest/services/Hosted/TUMAN_BORDER/FeatureServer/2,OFFICIAL,A,Recomputed geodesically from the official polygon
district,1726280,1726280,Olmazor tumani,Olmazor tumani,population_density_per_km2,12419.0,persons/km2,2026-01-01,2026-09-18,Derived (SIAT population / cadastre area),NULL,DERIVED,D,"Computed field, not published by any source"
district,1726280,1726280,Olmazor tumani,Olmazor tumani,number_of_mahallas,64,count,2026-09-18,2026-09-18,Kadastr agentligi (Etirof) MFY register,https://api-etirof.kadastr.uz/api/v1/commons/selects/neighborhoods,OFFICIAL,A,NULL
district,1726283,1726283,Sergeli tumani,Sergeli tumani,population_total,180400,persons,2026-01-01,2026,Milliy statistika qoʻmitasi / SIAT hudud.stat.uz,https://hudud.stat.uz/api/v1/passport/demography/1726283/,OFFICIAL,B,Reported by source in thousands; converted to persons
district,1726283,1726283,Sergeli tumani,Sergeli tumani,population_total,177700,persons,2025-10-01,2025-10-27,Toshkent shahar statistika boshqarmasi,https://toshstat.uz/2025/Demografya/Demografiya.pdf,OFFICIAL,A,Reported by source in thousands; converted to persons
district,1726283,1726283,Sergeli tumani,Sergeli tumani,area_km2,52.206,km2,2026-08-27,2026-09-18,Kadastr agentligi - open.ngis.uz Hosted/TUMAN_BORDER,https://db.ngis.uz/db/rest/services/Hosted/TUMAN_BORDER/FeatureServer/2,OFFICIAL,A,Recomputed geodesically from the official polygon
district,1726283,1726283,Sergeli tumani,Sergeli tumani,population_density_per_km2,3456.0,persons/km2,2026-01-01,2026-09-18,Derived (SIAT population / cadastre area),NULL,DERIVED,D,"Computed field, not published by any source"
district,1726283,1726283,Sergeli tumani,Sergeli tumani,number_of_mahallas,46,count,2026-09-18,2026-09-18,Kadastr agentligi (Etirof) MFY register,https://api-etirof.kadastr.uz/api/v1/commons/selects/neighborhoods,OFFICIAL,A,NULL
district,1726287,1726287,Yakkasaroy tumani,Yakkasaroy tumani,population_total,146000,persons,2026-01-01,2026,Milliy statistika qoʻmitasi / SIAT hudud.stat.uz,https://hudud.stat.uz/api/v1/passport/demography/1726287/,OFFICIAL,B,Reported by source in thousands; converted to persons
district,1726287,1726287,Yakkasaroy tumani,Yakkasaroy tumani,population_total,143800,persons,2025-10-01,2025-10-27,Toshkent shahar statistika boshqarmasi,https://toshstat.uz/2025/Demografya/Demografiya.pdf,OFFICIAL,A,Reported by source in thousands; converted to persons
district,1726287,1726287,Yakkasaroy tumani,Yakkasaroy tumani,area_km2,14.253,km2,2026-08-27,2026-09-18,Kadastr agentligi - open.ngis.uz Hosted/TUMAN_BORDER,https://db.ngis.uz/db/rest/services/Hosted/TUMAN_BORDER/FeatureServer/2,OFFICIAL,A,Recomputed geodesically from the official polygon
district,1726287,1726287,Yakkasaroy tumani,Yakkasaroy tumani,population_density_per_km2,10244.0,persons/km2,2026-01-01,2026-09-18,Derived (SIAT population / cadastre area),NULL,DERIVED,D,"Computed field, not published by any source"
district,1726287,1726287,Yakkasaroy tumani,Yakkasaroy tumani,number_of_mahallas,21,count,2026-09-18,2026-09-18,Kadastr agentligi (Etirof) MFY register,https://api-etirof.kadastr.uz/api/v1/commons/selects/neighborhoods,OFFICIAL,A,NULL
district,1726290,1726290,Yashnobod tumani,Yashnobod tumani,population_total,319800,persons,2026-01-01,2026,Milliy statistika qoʻmitasi / SIAT hudud.stat.uz,https://hudud.stat.uz/api/v1/passport/demography/1726290/,OFFICIAL,B,Reported by source in thousands; converted to persons
district,1726290,1726290,Yashnobod tumani,Yashnobod tumani,population_total,315800,persons,2025-10-01,2025-10-27,Toshkent shahar statistika boshqarmasi,https://toshstat.uz/2025/Demografya/Demografiya.pdf,OFFICIAL,A,Reported by source in thousands; converted to persons
district,1726290,1726290,Yashnobod tumani,Yashnobod tumani,area_km2,58.89,km2,2026-08-27,2026-09-18,Kadastr agentligi - open.ngis.uz Hosted/TUMAN_BORDER,https://db.ngis.uz/db/rest/services/Hosted/TUMAN_BORDER/FeatureServer/2,OFFICIAL,A,Recomputed geodesically from the official polygon
district,1726290,1726290,Yashnobod tumani,Yashnobod tumani,population_density_per_km2,5430.0,persons/km2,2026-01-01,2026-09-18,Derived (SIAT population / cadastre area),NULL,DERIVED,D,"Computed field, not published by any source"
district,1726290,1726290,Yashnobod tumani,Yashnobod tumani,number_of_mahallas,67,count,2026-09-18,2026-09-18,Kadastr agentligi (Etirof) MFY register,https://api-etirof.kadastr.uz/api/v1/commons/selects/neighborhoods,OFFICIAL,A,NULL
district,1726292,1726292,Yangihayot tumani,Yangihayot tumani,population_total,203000,persons,2026-01-01,2026,Milliy statistika qoʻmitasi / SIAT hudud.stat.uz,https://hudud.stat.uz/api/v1/passport/demography/1726292/,OFFICIAL,B,Reported by source in thousands; converted to persons
district,1726292,1726292,Yangihayot tumani,Yangihayot tumani,population_total,198400,persons,2025-10-01,2025-10-27,Toshkent shahar statistika boshqarmasi,https://toshstat.uz/2025/Demografya/Demografiya.pdf,OFFICIAL,A,Reported by source in thousands; converted to persons
district,1726292,1726292,Yangihayot tumani,Yangihayot tumani,area_km2,44.253,km2,2026-08-27,2026-09-18,Kadastr agentligi - open.ngis.uz Hosted/TUMAN_BORDER,https://db.ngis.uz/db/rest/services/Hosted/TUMAN_BORDER/FeatureServer/2,OFFICIAL,A,Recomputed geodesically from the official polygon
district,1726292,1726292,Yangihayot tumani,Yangihayot tumani,population_density_per_km2,4587.0,persons/km2,2026-01-01,2026-09-18,Derived (SIAT population / cadastre area),NULL,DERIVED,D,"Computed field, not published by any source"
district,1726292,1726292,Yangihayot tumani,Yangihayot tumani,number_of_mahallas,30,count,2026-09-18,2026-09-18,Kadastr agentligi (Etirof) MFY register,https://api-etirof.kadastr.uz/api/v1/commons/selects/neighborhoods,OFFICIAL,A,NULL
district,1726294,1726294,Chilonzor tumani,Chilonzor tumani,population_total,277800,persons,2026-01-01,2026,Milliy statistika qoʻmitasi / SIAT hudud.stat.uz,https://hudud.stat.uz/api/v1/passport/demography/1726294/,OFFICIAL,B,Reported by source in thousands; converted to persons
district,1726294,1726294,Chilonzor tumani,Chilonzor tumani,population_total,277000,persons,2025-10-01,2025-10-27,Toshkent shahar statistika boshqarmasi,https://toshstat.uz/2025/Demografya/Demografiya.pdf,OFFICIAL,A,Reported by source in thousands; converted to persons
district,1726294,1726294,Chilonzor tumani,Chilonzor tumani,area_km2,30.479,km2,2026-08-27,2026-09-18,Kadastr agentligi - open.ngis.uz Hosted/TUMAN_BORDER,https://db.ngis.uz/db/rest/services/Hosted/TUMAN_BORDER/FeatureServer/2,OFFICIAL,A,Recomputed geodesically from the official polygon
district,1726294,1726294,Chilonzor tumani,Chilonzor tumani,population_density_per_km2,9115.0,persons/km2,2026-01-01,2026-09-18,Derived (SIAT population / cadastre area),NULL,DERIVED,D,"Computed field, not published by any source"
district,1726294,1726294,Chilonzor tumani,Chilonzor tumani,number_of_mahallas,55,count,2026-09-18,2026-09-18,Kadastr agentligi (Etirof) MFY register,https://api-etirof.kadastr.uz/api/v1/commons/selects/neighborhoods,OFFICIAL,A,NULL
mahalla,1726262001,1726262001,Bogʻobod,Uchtepa tumani,population_total,NULL,persons,NULL,NULL,NOT PUBLISHED,NULL,NULL,NULL,"No public source publishes population at mahalla level for Tashkent City. Searched stat.uz, SIAT/hudud.stat.uz, toshstat.uz, data.egov.uz, aholi.stat.uz (2026 census), HDX, WorldPop. See 09_tashkent_missing_data.csv"
mahalla,1726262002,1726262002,Bogʻiston,Uchtepa tumani,population_total,NULL,persons,NULL,NULL,NOT PUBLISHED,NULL,NULL,NULL,"No public source publishes population at mahalla level for Tashkent City. Searched stat.uz, SIAT/hudud.stat.uz, toshstat.uz, data.egov.uz, aholi.stat.uz (2026 census), HDX, WorldPop. See 09_tashkent_missing_data.csv"
mahalla,1726262003,1726262003,A.Qodiriy,Uchtepa tumani,population_total,NULL,persons,NULL,NULL,NOT PUBLISHED,NULL,NULL,NULL,"No public source publishes population at mahalla level for Tashkent City. Searched stat.uz, SIAT/hudud.stat.uz, toshstat.uz, data.egov.uz, aholi.stat.uz (2026 census), HDX, WorldPop. See 09_tashkent_missing_data.csv"
mahalla,1726262004,1726262004,Bogʻichinor,Uchtepa tumani,population_total,NULL,persons,NULL,NULL,NOT PUBLISHED,NULL,NULL,NULL,"No public source publishes population at mahalla level for Tashkent City. Searched stat.uz, SIAT/hudud.stat.uz, toshstat.uz, data.egov.uz, aholi.stat.uz (2026 census), HDX, WorldPop. See 09_tashkent_missing_data.csv"
mahalla,1726262005,1726262005,Guzar,Uchtepa tumani,population_total,NULL,persons,NULL,NULL,NOT PUBLISHED,NULL,NULL,NULL,"No public source publishes population at mahalla level for Tashkent City. Searched stat.uz, SIAT/hudud.stat.uz, toshstat.uz, data.egov.uz, aholi.stat.uz (2026 census), HDX, WorldPop. See 09_tashkent_missing_data.csv"
mahalla,1726262006,1726262006,Degrez,Uchtepa tumani,population_total,NULL,persons,NULL,NULL,NOT PUBLISHED,NULL,NULL,NULL,"No public source publishes population at mahalla level for Tashkent City. Searched stat.uz, SIAT/hudud.stat.uz, toshstat.uz, data.egov.uz, aholi.stat.uz (2026 census), HDX, WorldPop. See 09_tashkent_missing_data.csv"
mahalla,1726262007,1726262007,Jurjoniy,Uchtepa tumani,population_total,NULL,persons,NULL,NULL,NOT PUBLISHED,NULL,NULL,NULL,"No public source publishes population at mahalla level for Tashkent City. Searched stat.uz, SIAT/hudud.stat.uz, toshstat.uz, data.egov.uz, aholi.stat.uz (2026 census), HDX, WorldPop. See 09_tashkent_missing_data.csv"
mahalla,1726262008,1726262008,Koʻxna Choʻponota,Uchtepa tumani,population_total,NULL,persons,NULL,NULL,NOT PUBLISHED,NULL,NULL,NULL,"No public source publishes population at mahalla level for Tashkent City. Searched stat.uz, SIAT/hudud.stat.uz, toshstat.uz, data.egov.uz, aholi.stat.uz (2026 census), HDX, WorldPop. See 09_tashkent_missing_data.csv"
mahalla,1726262009,1726262009,Koʻkcha Oqtepa,Uchtepa tumani,population_total,NULL,persons,NULL,NULL,NOT PUBLISHED,NULL,NULL,NULL,"No public source publishes population at mahalla level for Tashkent City. Searched stat.uz, SIAT/hudud.stat.uz, toshstat.uz, data.egov.uz, aholi.stat.uz (2026 census), HDX, WorldPop. See 09_tashkent_missing_data.csv"
mahalla,1726262010,1726262010,Nishabariq,Uchtepa tumani,population_total,NULL,persons,NULL,NULL,NOT PUBLISHED,NULL,NULL,NULL,"No public source publishes population at mahalla level for Tashkent City. Searched stat.uz, SIAT/hudud.stat.uz, toshstat.uz, data.egov.uz, aholi.stat.uz (2026 census), HDX, WorldPop. See 09_tashkent_missing_data.csv"
mahalla,1726262011,1726262011,Paxtakor,Uchtepa tumani,population_total,NULL,persons,NULL,NULL,NOT PUBLISHED,NULL,NULL,NULL,"No public source publishes population at mahalla level for Tashkent City. Searched stat.uz, SIAT/hudud.stat.uz, toshstat.uz, data.egov.uz, aholi.stat.uz (2026 census), HDX, WorldPop. See 09_tashkent_missing_data.csv"
mahalla,1726262012,1726262012,Xondamir,Uchtepa tumani,population_total,NULL,persons,NULL,NULL,NOT PUBLISHED,NULL,NULL,NULL,"No public source publishes population at mahalla level for Tashkent City. Searched stat.uz, SIAT/hudud.stat.uz, toshstat.uz, data.egov.uz, aholi.stat.uz (2026 census), HDX, WorldPop. See 09_tashkent_missing_data.csv"
mahalla,1726262013,1726262013,Sharq Yulduzi,Uchtepa tumani,population_total,NULL,persons,NULL,NULL,NOT PUBLISHED,NULL,NULL,NULL,"No public source publishes population at mahalla level for Tashkent City. Searched stat.uz, SIAT/hudud.stat.uz, toshstat.uz, data.egov.uz, aholi.stat.uz (2026 census), HDX, WorldPop. See 09_tashkent_missing_data.csv"
mahalla,1726262014,1726262014,Shofayzibogʻi,Uchtepa tumani,population_total,NULL,persons,NULL,NULL,NOT PUBLISHED,NULL,NULL,NULL,"No public source publishes population at mahalla level for Tashkent City. Searched stat.uz, SIAT/hudud.stat.uz, toshstat.uz, data.egov.uz, aholi.stat.uz (2026 census), HDX, WorldPop. See 09_tashkent_missing_data.csv"
mahalla,1726262015,1726262015,Beshqayragʻoch,Uchtepa tumani,population_total,NULL,persons,NULL,NULL,NOT PUBLISHED,NULL,NULL,NULL,"No public source publishes population at mahalla level for Tashkent City. Searched stat.uz, SIAT/hudud.stat.uz, toshstat.uz, data.egov.uz, aholi.stat.uz (2026 census), HDX, WorldPop. See 09_tashkent_missing_data.csv"
mahalla,1726262016,1726262016,Birlik,Uchtepa tumani,population_total,NULL,persons,NULL,NULL,NOT PUBLISHED,NULL,NULL,NULL,"No public source publishes population at mahalla level for Tashkent City. Searched stat.uz, SIAT/hudud.stat.uz, toshstat.uz, data.egov.uz, aholi.stat.uz (2026 census), HDX, WorldPop. See 09_tashkent_missing_data.csv"
mahalla,1726262017,1726262017,Davlatobod,Uchtepa tumani,population_total,NULL,persons,NULL,NULL,NOT PUBLISHED,NULL,NULL,NULL,"No public source publishes population at mahalla level for Tashkent City. Searched stat.uz, SIAT/hudud.stat.uz, toshstat.uz, data.egov.uz, aholi.stat.uz (2026 census), HDX, WorldPop. See 09_tashkent_missing_data.csv"
mahalla,1726262018,1726262018,Zargarlik,Uchtepa tumani,population_total,NULL,persons,NULL,NULL,NOT PUBLISHED,NULL,NULL,NULL,"No public source publishes population at mahalla level for Tashkent City. Searched stat.uz, SIAT/hudud.stat.uz, toshstat.uz, data.egov.uz, aholi.stat.uz (2026 census), HDX, WorldPop. See 09_tashkent_missing_data.csv"
mahalla,1726262019,1726262019,Ibrat,Uchtepa tumani,population_total,NULL,persons,NULL,NULL,NOT PUBLISHED,NULL,NULL,NULL,"No public source publishes population at mahalla level for Tashkent City. Searched stat.uz, SIAT/hudud.stat.uz, toshstat.uz, data.egov.uz, aholi.stat.uz (2026 census), HDX, WorldPop. See 09_tashkent_missing_data.csv"
mahalla,1726262020,1726262020,Qoʻrgʻontepa,Uchtepa tumani,population_total,NULL,persons,NULL,NULL,NOT PUBLISHED,NULL,NULL,NULL,"No public source publishes population at mahalla level for Tashkent City. Searched stat.uz, SIAT/hudud.stat.uz, toshstat.uz, data.egov.uz, aholi.stat.uz (2026 census), HDX, WorldPop. See 09_tashkent_missing_data.csv"
mahalla,1726262021,1726262021,Latifguzar,Uchtepa tumani,population_total,NULL,persons,NULL,NULL,NOT PUBLISHED,NULL,NULL,NULL,"No public source publishes population at mahalla level for Tashkent City. Searched stat.uz, SIAT/hudud.stat.uz, toshstat.uz, data.egov.uz, aholi.stat.uz (2026 census), HDX, WorldPop. See 09_tashkent_missing_data.csv"
mahalla,1726262022,1726262022,Taqachi,Uchtepa tumani,population_total,NULL,persons,NULL,NULL,NOT PUBLISHED,NULL,NULL,NULL,"No public source publishes population at mahalla level for Tashkent City. Searched stat.uz, SIAT/hudud.stat.uz, toshstat.uz, data.egov.uz, aholi.stat.uz (2026 census), HDX, WorldPop. See 09_tashkent_missing_data.csv"
mahalla,1726262023,1726262023,Tepaqoʻrgʻon,Uchtepa tumani,population_total,NULL,persons,NULL,NULL,NOT PUBLISHED,NULL,NULL,NULL,"No public source publishes population at mahalla level for Tashkent City. Searched stat.uz, SIAT/hudud.stat.uz, toshstat.uz, data.egov.uz, aholi.stat.uz (2026 census), HDX, WorldPop. See 09_tashkent_missing_data.csv"
mahalla,1726262024,1726262024,Tinchlikobod,Uchtepa tumani,population_total,NULL,persons,NULL,NULL,NOT PUBLISHED,NULL,NULL,NULL,"No public source publishes population at mahalla level for Tashkent City. Searched stat.uz, SIAT/hudud.stat.uz, toshstat.uz, data.egov.uz, aholi.stat.uz (2026 census), HDX, WorldPop. See 09_tashkent_missing_data.csv"
mahalla,1726262025,1726262025,Farxod,Uchtepa tumani,population_total,NULL,persons,NULL,NULL,NOT PUBLISHED,NULL,NULL,NULL,"No public source publishes population at mahalla level for Tashkent City. Searched stat.uz, SIAT/hudud.stat.uz, toshstat.uz, data.egov.uz, aholi.stat.uz (2026 census), HDX, WorldPop. See 09_tashkent_missing_data.csv"
mahalla,1726262026,1726262026,Xojiobod,Uchtepa tumani,population_total,NULL,persons,NULL,NULL,NOT PUBLISHED,NULL,NULL,NULL,"No public source publishes population at mahalla level for Tashkent City. Searched stat.uz, SIAT/hudud.stat.uz, toshstat.uz, data.egov.uz, aholi.stat.uz (2026 census), HDX, WorldPop. See 09_tashkent_missing_data.csv"
mahalla,1726262027,1726262027,Xuroson,Uchtepa tumani,population_total,NULL,persons,NULL,NULL,NOT PUBLISHED,NULL,NULL,NULL,"No public source publishes population at mahalla level for Tashkent City. Searched stat.uz, SIAT/hudud.stat.uz, toshstat.uz, data.egov.uz, aholi.stat.uz (2026 census), HDX, WorldPop. See 09_tashkent_missing_data.csv"
mahalla,1726262028,1726262028,Xayratiy,Uchtepa tumani,population_total,NULL,persons,NULL,NULL,NOT PUBLISHED,NULL,NULL,NULL,"No public source publishes population at mahalla level for Tashkent City. Searched stat.uz, SIAT/hudud.stat.uz, toshstat.uz, data.egov.uz, aholi.stat.uz (2026 census), HDX, WorldPop. See 09_tashkent_missing_data.csv"
mahalla,1726262029,1726262029,Chamanzor,Uchtepa tumani,population_total,NULL,persons,NULL,NULL,NOT PUBLISHED,NULL,NULL,NULL,"No public source publishes population at mahalla level for Tashkent City. Searched stat.uz, SIAT/hudud.stat.uz, toshstat.uz, data.egov.uz, aholi.stat.uz (2026 census), HDX, WorldPop. See 09_tashkent_missing_data.csv"
mahalla,1726262030,1726262030,Oqmachit,Uchtepa tumani,population_total,NULL,persons,NULL,NULL,NOT PUBLISHED,NULL,NULL,NULL,"No public source publishes population at mahalla level for Tashkent City. Searched stat.uz, SIAT/hudud.stat.uz, toshstat.uz, data.egov.uz, aholi.stat.uz (2026 census), HDX, WorldPop. See 09_tashkent_missing_data.csv"
mahalla,1726262031,1726262031,Quyi Darxon,Uchtepa tumani,population_total,NULL,persons,NULL,NULL,NOT PUBLISHED,NULL,NULL,NULL,"No public source publishes population at mahalla level for Tashkent City. Searched stat.uz, SIAT/hudud.stat.uz, toshstat.uz, data.egov.uz, aholi.stat.uz (2026 census), HDX, WorldPop. See 09_tashkent_missing_data.csv"
mahalla,1726262032,1726262032,Qoziguzar,Uchtepa tumani,population_total,NULL,persons,NULL,NULL,NOT PUBLISHED,NULL,NULL,NULL,"No public source publishes population at mahalla level for Tashkent City. Searched stat.uz, SIAT/hudud.stat.uz, toshstat.uz, data.egov.uz, aholi.stat.uz (2026 census), HDX, WorldPop. See 09_tashkent_missing_data.csv"
mahalla,1726262033,1726262033,Koʻksaroy,Uchtepa tumani,population_total,NULL,persons,NULL,NULL,NOT PUBLISHED,NULL,NULL,NULL,"No public source publishes population at mahalla level for Tashkent City. Searched stat.uz, SIAT/hudud.stat.uz, toshstat.uz, data.egov.uz, aholi.stat.uz (2026 census), HDX, WorldPop. See 09_tashkent_missing_data.csv"
mahalla,1726262034,1726262034,Alixontoʻra Sogʻuniy,Uchtepa tumani,population_total,NULL,persons,NULL,NULL,NOT PUBLISHED,NULL,NULL,NULL,"No public source publishes population at mahalla level for Tashkent City. Searched stat.uz, SIAT/hudud.stat.uz, toshstat.uz, data.egov.uz, aholi.stat.uz (2026 census), HDX, WorldPop. See 09_tashkent_missing_data.csv"
mahalla,1726262035,1726262035,Diyorobod,Uchtepa tumani,population_total,NULL,persons,NULL,NULL,NOT PUBLISHED,NULL,NULL,NULL,"No public source publishes population at mahalla level for Tashkent City. Searched stat.uz, SIAT/hudud.stat.uz, toshstat.uz, data.egov.uz, aholi.stat.uz (2026 census), HDX, WorldPop. See 09_tashkent_missing_data.csv"
mahalla,1726262036,1726262036,Oʻrikzor,Uchtepa tumani,population_total,NULL,persons,NULL,NULL,NOT PUBLISHED,NULL,NULL,NULL,"No public source publishes population at mahalla level for Tashkent City. Searched stat.uz, SIAT/hudud.stat.uz, toshstat.uz, data.egov.uz, aholi.stat.uz (2026 census), HDX, WorldPop. See 09_tashkent_missing_data.csv"
mahalla,1726262037,1726262037,Yusuf Sakkokiy,Uchtepa tumani,population_total,NULL,persons,NULL,NULL,NOT PUBLISHED,NULL,NULL,NULL,"No public source publishes population at mahalla level for Tashkent City. Searched stat.uz, SIAT/hudud.stat.uz, toshstat.uz, data.egov.uz, aholi.stat.uz (2026 census), HDX, WorldPop. See 09_tashkent_missing_data.csv"
mahalla,1726262038,1726262038,Yangiyoʻl,Uchtepa tumani,population_total,NULL,persons,NULL,NULL,NOT PUBLISHED,NULL,NULL,NULL,"No public source publishes population at mahalla level for Tashkent City. Searched stat.uz, SIAT/hudud.stat.uz, toshstat.uz, data.egov.uz, aholi.stat.uz (2026 census), HDX, WorldPop. See 09_tashkent_missing_data.csv"
mahalla,1726262039,1726262039,Diydor,Uchtepa tumani,population_total,NULL,persons,NULL,NULL,NOT PUBLISHED,NULL,NULL,NULL,"No public source publishes population at mahalla level for Tashkent City. Searched stat.uz, SIAT/hudud.stat.uz, toshstat.uz, data.egov.uz, aholi.stat.uz (2026 census), HDX, WorldPop. See 09_tashkent_missing_data.csv"
mahalla,1726262040,1726262040,Foziltepa,Uchtepa tumani,population_total,NULL,persons,NULL,NULL,NOT PUBLISHED,NULL,NULL,NULL,"No public source publishes population at mahalla level for Tashkent City. Searched stat.uz, SIAT/hudud.stat.uz, toshstat.uz, data.egov.uz, aholi.stat.uz (2026 census), HDX, WorldPop. See 09_tashkent_missing_data.csv"
mahalla,1726262041,1726262041,Zarafshon,Uchtepa tumani,population_total,NULL,persons,NULL,NULL,NOT PUBLISHED,NULL,NULL,NULL,"No public source publishes population at mahalla level for Tashkent City. Searched stat.uz, SIAT/hudud.stat.uz, toshstat.uz, data.egov.uz, aholi.stat.uz (2026 census), HDX, WorldPop. See 09_tashkent_missing_data.csv"
mahalla,1726262042,1726262042,Uchtepa,Uchtepa tumani,population_total,NULL,persons,NULL,NULL,NOT PUBLISHED,NULL,NULL,NULL,"No public source publishes population at mahalla level for Tashkent City. Searched stat.uz, SIAT/hudud.stat.uz, toshstat.uz, data.egov.uz, aholi.stat.uz (2026 census), HDX, WorldPop. See 09_tashkent_missing_data.csv"
mahalla,1726262043,1726262043,Katta Qaʼni,Uchtepa tumani,population_total,NULL,persons,NULL,NULL,NOT PUBLISHED,NULL,NULL,NULL,"No public source publishes population at mahalla level for Tashkent City. Searched stat.uz, SIAT/hudud.stat.uz, toshstat.uz, data.egov.uz, aholi.stat.uz (2026 census), HDX, WorldPop. See 09_tashkent_missing_data.csv"
mahalla,1726262044,1726262044,Koʻrkamobod,Uchtepa tumani,population_total,NULL,persons,NULL,NULL,NOT PUBLISHED,NULL,NULL,NULL,"No public source publishes population at mahalla level for Tashkent City. Searched stat.uz, SIAT/hudud.stat.uz, toshstat.uz, data.egov.uz, aholi.stat.uz (2026 census), HDX, WorldPop. See 09_tashkent_missing_data.csv"
mahalla,1726262045,1726262045,Sharq Guli,Uchtepa tumani,population_total,NULL,persons,NULL,NULL,NOT PUBLISHED,NULL,NULL,NULL,"No public source publishes population at mahalla level for Tashkent City. Searched stat.uz, SIAT/hudud.stat.uz, toshstat.uz, data.egov.uz, aholi.stat.uz (2026 census), HDX, WorldPop. See 09_tashkent_missing_data.csv"
mahalla,1726262046,1726262046,Xurshid,Uchtepa tumani,population_total,NULL,persons,NULL,NULL,NOT PUBLISHED,NULL,NULL,NULL,"No public source publishes population at mahalla level for Tashkent City. Searched stat.uz, SIAT/hudud.stat.uz, toshstat.uz, data.egov.uz, aholi.stat.uz (2026 census), HDX, WorldPop. See 09_tashkent_missing_data.csv"
mahalla,1726262047,1726262047,Qor Yogʻdi,Uchtepa tumani,population_total,NULL,persons,NULL,NULL,NOT PUBLISHED,NULL,NULL,NULL,"No public source publishes population at mahalla level for Tashkent City. Searched stat.uz, SIAT/hudud.stat.uz, toshstat.uz, data.egov.uz, aholi.stat.uz (2026 census), HDX, WorldPop. See 09_tashkent_missing_data.csv"
mahalla,1726262048,1726262048,Bekobod,Uchtepa tumani,population_total,NULL,persons,NULL,NULL,NOT PUBLISHED,NULL,NULL,NULL,"No public source publishes population at mahalla level for Tashkent City. Searched stat.uz, SIAT/hudud.stat.uz, toshstat.uz, data.egov.uz, aholi.stat.uz (2026 census), HDX, WorldPop. See 09_tashkent_missing_data.csv"
mahalla,1726262049,1726262049,Nurobod,Uchtepa tumani,population_total,NULL,persons,NULL,NULL,NOT PUBLISHED,NULL,NULL,NULL,"No public source publishes population at mahalla level for Tashkent City. Searched stat.uz, SIAT/hudud.stat.uz, toshstat.uz, data.egov.uz, aholi.stat.uz (2026 census), HDX, WorldPop. See 09_tashkent_missing_data.csv"
mahalla,1726262050,1726262050,Nayman,Uchtepa tumani,population_total,NULL,persons,NULL,NULL,NOT PUBLISHED,NULL,NULL,NULL,"No public source publishes population at mahalla level for Tashkent City. Searched stat.uz, SIAT/hudud.stat.uz, toshstat.uz, data.egov.uz, aholi.stat.uz (2026 census), HDX, WorldPop. See 09_tashkent_missing_data.csv"
mahalla,1726262051,1726262051,Vatan,Uchtepa tumani,population_total,NULL,persons,NULL,NULL,NOT PUBLISHED,NULL,NULL,NULL,"No public source publishes population at mahalla level for Tashkent City. Searched stat.uz, SIAT/hudud.stat.uz, toshstat.uz, data.egov.uz, aholi.stat.uz (2026 census), HDX, WorldPop. See 09_tashkent_missing_data.csv"
mahalla,1726262052,1726262052,Vatanparvar,Uchtepa tumani,population_total,NULL,persons,NULL,NULL,NOT PUBLISHED,NULL,NULL,NULL,"No public source publishes population at mahalla level for Tashkent City. Searched stat.uz, SIAT/hudud.stat.uz, toshstat.uz, data.egov.uz, aholi.stat.uz (2026 census), HDX, WorldPop. See 09_tashkent_missing_data.csv"
mahalla,1726262053,1726262053,Shirin,Uchtepa tumani,population_total,NULL,persons,NULL,NULL,NOT PUBLISHED,NULL,NULL,NULL,"No public source publishes population at mahalla level for Tashkent City. Searched stat.uz, SIAT/hudud.stat.uz, toshstat.uz, data.egov.uz, aholi.stat.uz (2026 census), HDX, WorldPop. See 09_tashkent_missing_data.csv"
mahalla,1726262054,1726262054,Oʻtkir,Uchtepa tumani,population_total,NULL,persons,NULL,NULL,NOT PUBLISHED,NULL,NULL,NULL,"No public source publishes population at mahalla level for Tashkent City. Searched stat.uz, SIAT/hudud.stat.uz, toshstat.uz, data.egov.uz, aholi.stat.uz (2026 census), HDX, WorldPop. See 09_tashkent_missing_data.csv"
mahalla,1726262055,1726262055,Istirohat,Uchtepa tumani,population_total,NULL,persons,NULL,NULL,NOT PUBLISHED,NULL,NULL,NULL,"No public source publishes population at mahalla level for Tashkent City. Searched stat.uz, SIAT/hudud.stat.uz, toshstat.uz, data.egov.uz, aholi.stat.uz (2026 census), HDX, WorldPop. See 09_tashkent_missing_data.csv"
mahalla,1726262056,1726262056,Shaftolizor,Uchtepa tumani,population_total,NULL,persons,NULL,NULL,NOT PUBLISHED,NULL,NULL,NULL,"No public source publishes population at mahalla level for Tashkent City. Searched stat.uz, SIAT/hudud.stat.uz, toshstat.uz, data.egov.uz, aholi.stat.uz (2026 census), HDX, WorldPop. See 09_tashkent_missing_data.csv"
mahalla,1726262057,1726262057,Jarbuloq,Uchtepa tumani,population_total,NULL,persons,NULL,NULL,NOT PUBLISHED,NULL,NULL,NULL,"No public source publishes population at mahalla level for Tashkent City. Searched stat.uz, SIAT/hudud.stat.uz, toshstat.uz, data.egov.uz, aholi.stat.uz (2026 census), HDX, WorldPop. See 09_tashkent_missing_data.csv"
mahalla,1726262058,1726262058,Zulfizar,Uchtepa tumani,population_total,NULL,persons,NULL,NULL,NOT PUBLISHED,NULL,NULL,NULL,"No public source publishes population at mahalla level for Tashkent City. Searched stat.uz, SIAT/hudud.stat.uz, toshstat.uz, data.egov.uz, aholi.stat.uz (2026 census), HDX, WorldPop. See 09_tashkent_missing_data.csv"
mahalla,1726262059,1726262059,Hamdoʻst,Uchtepa tumani,population_total,NULL,persons,NULL,NULL,NOT PUBLISHED,NULL,NULL,NULL,"No public source publishes population at mahalla level for Tashkent City. Searched stat.uz, SIAT/hudud.stat.uz, toshstat.uz, data.egov.uz, aholi.stat.uz (2026 census), HDX, WorldPop. See 09_tashkent_missing_data.csv"
mahalla,1726262060,1726262060,Katta Cho'ponota,Uchtepa tumani,population_total,NULL,persons,NULL,NULL,NOT PUBLISHED,NULL,NULL,NULL,"No public source publishes population at mahalla level for Tashkent City. Searched stat.uz, SIAT/hudud.stat.uz, toshstat.uz, data.egov.uz, aholi.stat.uz (2026 census), HDX, WorldPop. See 09_tashkent_missing_data.csv"
mahalla,1726264001,1726264001,Mirishkor,Bektemir tumani,population_total,NULL,persons,NULL,NULL,NOT PUBLISHED,NULL,NULL,NULL,"No public source publishes population at mahalla level for Tashkent City. Searched stat.uz, SIAT/hudud.stat.uz, toshstat.uz, data.egov.uz, aholi.stat.uz (2026 census), HDX, WorldPop. See 09_tashkent_missing_data.csv"
mahalla,1726264002,1726264002,Majnuntol,Bektemir tumani,population_total,NULL,persons,NULL,NULL,NOT PUBLISHED,NULL,NULL,NULL,"No public source publishes population at mahalla level for Tashkent City. Searched stat.uz, SIAT/hudud.stat.uz, toshstat.uz, data.egov.uz, aholi.stat.uz (2026 census), HDX, WorldPop. See 09_tashkent_missing_data.csv"
mahalla,1726264003,1726264003,Rohat,Bektemir tumani,population_total,NULL,persons,NULL,NULL,NOT PUBLISHED,NULL,NULL,NULL,"No public source publishes population at mahalla level for Tashkent City. Searched stat.uz, SIAT/hudud.stat.uz, toshstat.uz, data.egov.uz, aholi.stat.uz (2026 census), HDX, WorldPop. See 09_tashkent_missing_data.csv"
mahalla,1726264004,1726264004,Zabardast,Bektemir tumani,population_total,NULL,persons,NULL,NULL,NOT PUBLISHED,NULL,NULL,NULL,"No public source publishes population at mahalla level for Tashkent City. Searched stat.uz, SIAT/hudud.stat.uz, toshstat.uz, data.egov.uz, aholi.stat.uz (2026 census), HDX, WorldPop. See 09_tashkent_missing_data.csv"
mahalla,1726264005,1726264005,Sohil,Bektemir tumani,population_total,NULL,persons,NULL,NULL,NOT PUBLISHED,NULL,NULL,NULL,"No public source publishes population at mahalla level for Tashkent City. Searched stat.uz, SIAT/hudud.stat.uz, toshstat.uz, data.egov.uz, aholi.stat.uz (2026 census), HDX, WorldPop. See 09_tashkent_missing_data.csv"
mahalla,1726264006,1726264006,Iyk ota,Bektemir tumani,population_total,NULL,persons,NULL,NULL,NOT PUBLISHED,NULL,NULL,NULL,"No public source publishes population at mahalla level for Tashkent City. Searched stat.uz, SIAT/hudud.stat.uz, toshstat.uz, data.egov.uz, aholi.stat.uz (2026 census), HDX, WorldPop. See 09_tashkent_missing_data.csv"
mahalla,1726264007,1726264007,Zilola,Bektemir tumani,population_total,NULL,persons,NULL,NULL,NOT PUBLISHED,NULL,NULL,NULL,"No public source publishes population at mahalla level for Tashkent City. Searched stat.uz, SIAT/hudud.stat.uz, toshstat.uz, data.egov.uz, aholi.stat.uz (2026 census), HDX, WorldPop. See 09_tashkent_missing_data.csv"
mahalla,1726264008,1726264008,Iqbol,Bektemir tumani,population_total,NULL,persons,NULL,NULL,NOT PUBLISHED,NULL,NULL,NULL,"No public source publishes population at mahalla level for Tashkent City. Searched stat.uz, SIAT/hudud.stat.uz, toshstat.uz, data.egov.uz, aholi.stat.uz (2026 census), HDX, WorldPop. See 09_tashkent_missing_data.csv"
mahalla,1726264009,1726264009,Chashma,Bektemir tumani,population_total,NULL,persons,NULL,NULL,NOT PUBLISHED,NULL,NULL,NULL,"No public source publishes population at mahalla level for Tashkent City. Searched stat.uz, SIAT/hudud.stat.uz, toshstat.uz, data.egov.uz, aholi.stat.uz (2026 census), HDX, WorldPop. See 09_tashkent_missing_data.csv"
mahalla,1726264010,1726264010,Gulbogʻ,Bektemir tumani,population_total,NULL,persons,NULL,NULL,NOT PUBLISHED,NULL,NULL,NULL,"No public source publishes population at mahalla level for Tashkent City. Searched stat.uz, SIAT/hudud.stat.uz, toshstat.uz, data.egov.uz, aholi.stat.uz (2026 census), HDX, WorldPop. See 09_tashkent_missing_data.csv"
mahalla,1726264011,1726264011,Bektemir,Bektemir tumani,population_total,NULL,persons,NULL,NULL,NOT PUBLISHED,NULL,NULL,NULL,"No public source publishes population at mahalla level for Tashkent City. Searched stat.uz, SIAT/hudud.stat.uz, toshstat.uz, data.egov.uz, aholi.stat.uz (2026 census), HDX, WorldPop. See 09_tashkent_missing_data.csv"
mahalla,1726264012,1726264012,Abay,Bektemir tumani,population_total,NULL,persons,NULL,NULL,NOT PUBLISHED,NULL,NULL,NULL,"No public source publishes population at mahalla level for Tashkent City. Searched stat.uz, SIAT/hudud.stat.uz, toshstat.uz, data.egov.uz, aholi.stat.uz (2026 census), HDX, WorldPop. See 09_tashkent_missing_data.csv"
mahalla,1726264013,1726264013,Husayn Boyqaro,Bektemir tumani,population_total,NULL,persons,NULL,NULL,NOT PUBLISHED,NULL,NULL,NULL,"No public source publishes population at mahalla level for Tashkent City. Searched stat.uz, SIAT/hudud.stat.uz, toshstat.uz, data.egov.uz, aholi.stat.uz (2026 census), HDX, WorldPop. See 09_tashkent_missing_data.csv"
mahalla,1726264014,1726264014,Nurli yo'l,Bektemir tumani,population_total,NULL,persons,NULL,NULL,NOT PUBLISHED,NULL,NULL,NULL,"No public source publishes population at mahalla level for Tashkent City. Searched stat.uz, SIAT/hudud.stat.uz, toshstat.uz, data.egov.uz, aholi.stat.uz (2026 census), HDX, WorldPop. See 09_tashkent_missing_data.csv"
mahalla,1726264015,1726264015,Musaffo,Bektemir tumani,population_total,NULL,persons,NULL,NULL,NOT PUBLISHED,NULL,NULL,NULL,"No public source publishes population at mahalla level for Tashkent City. Searched stat.uz, SIAT/hudud.stat.uz, toshstat.uz, data.egov.uz, aholi.stat.uz (2026 census), HDX, WorldPop. See 09_tashkent_missing_data.csv"
mahalla,1726264016,1726264016,Ustozlar,Bektemir tumani,population_total,NULL,persons,NULL,NULL,NOT PUBLISHED,NULL,NULL,NULL,"No public source publishes population at mahalla level for Tashkent City. Searched stat.uz, SIAT/hudud.stat.uz, toshstat.uz, data.egov.uz, aholi.stat.uz (2026 census), HDX, WorldPop. See 09_tashkent_missing_data.csv"
mahalla,1726264017,1726264017,Nurafshon,Bektemir tumani,population_total,NULL,persons,NULL,NULL,NOT PUBLISHED,NULL,NULL,NULL,"No public source publishes population at mahalla level for Tashkent City. Searched stat.uz, SIAT/hudud.stat.uz, toshstat.uz, data.egov.uz, aholi.stat.uz (2026 census), HDX, WorldPop. See 09_tashkent_missing_data.csv"
mahalla,1726264018,1726264018,Oltintopgan,Bektemir tumani,population_total,NULL,persons,NULL,NULL,NOT PUBLISHED,NULL,NULL,NULL,"No public source publishes population at mahalla level for Tashkent City. Searched stat.uz, SIAT/hudud.stat.uz, toshstat.uz, data.egov.uz, aholi.stat.uz (2026 census), HDX, WorldPop. See 09_tashkent_missing_data.csv"
mahalla,1726266001,1726266001,Astrobod,Yunusobod tumani,population_total,NULL,persons,NULL,NULL,NOT PUBLISHED,NULL,NULL,NULL,"No public source publishes population at mahalla level for Tashkent City. Searched stat.uz, SIAT/hudud.stat.uz, toshstat.uz, data.egov.uz, aholi.stat.uz (2026 census), HDX, WorldPop. See 09_tashkent_missing_data.csv"
mahalla,1726266002,1726266002,Bogʻishamol,Yunusobod tumani,population_total,NULL,persons,NULL,NULL,NOT PUBLISHED,NULL,NULL,NULL,"No public source publishes population at mahalla level for Tashkent City. Searched stat.uz, SIAT/hudud.stat.uz, toshstat.uz, data.egov.uz, aholi.stat.uz (2026 census), HDX, WorldPop. See 09_tashkent_missing_data.csv"
mahalla,1726266003,1726266003,Bogʻi eram,Yunusobod tumani,population_total,NULL,persons,NULL,NULL,NOT PUBLISHED,NULL,NULL,NULL,"No public source publishes population at mahalla level for Tashkent City. Searched stat.uz, SIAT/hudud.stat.uz, toshstat.uz, data.egov.uz, aholi.stat.uz (2026 census), HDX, WorldPop. See 09_tashkent_missing_data.csv"
mahalla,1726266004,1726266004,Islomobod,Yunusobod tumani,population_total,NULL,persons,NULL,NULL,NOT PUBLISHED,NULL,NULL,NULL,"No public source publishes population at mahalla level for Tashkent City. Searched stat.uz, SIAT/hudud.stat.uz, toshstat.uz, data.egov.uz, aholi.stat.uz (2026 census), HDX, WorldPop. See 09_tashkent_missing_data.csv"
mahalla,1726266005,1726266005,Yoʻlayriq,Yunusobod tumani,population_total,NULL,persons,NULL,NULL,NOT PUBLISHED,NULL,NULL,NULL,"No public source publishes population at mahalla level for Tashkent City. Searched stat.uz, SIAT/hudud.stat.uz, toshstat.uz, data.egov.uz, aholi.stat.uz (2026 census), HDX, WorldPop. See 09_tashkent_missing_data.csv"
mahalla,1726266006,1726266006,Kulolqoʻrgʻon,Yunusobod tumani,population_total,NULL,persons,NULL,NULL,NOT PUBLISHED,NULL,NULL,NULL,"No public source publishes population at mahalla level for Tashkent City. Searched stat.uz, SIAT/hudud.stat.uz, toshstat.uz, data.egov.uz, aholi.stat.uz (2026 census), HDX, WorldPop. See 09_tashkent_missing_data.csv"
mahalla,1726266007,1726266007,Katta Xasanboy,Yunusobod tumani,population_total,NULL,persons,NULL,NULL,NOT PUBLISHED,NULL,NULL,NULL,"No public source publishes population at mahalla level for Tashkent City. Searched stat.uz, SIAT/hudud.stat.uz, toshstat.uz, data.egov.uz, aholi.stat.uz (2026 census), HDX, WorldPop. See 09_tashkent_missing_data.csv"
mahalla,1726266008,1726266008,Mingchinor,Yunusobod tumani,population_total,NULL,persons,NULL,NULL,NOT PUBLISHED,NULL,NULL,NULL,"No public source publishes population at mahalla level for Tashkent City. Searched stat.uz, SIAT/hudud.stat.uz, toshstat.uz, data.egov.uz, aholi.stat.uz (2026 census), HDX, WorldPop. See 09_tashkent_missing_data.csv"
mahalla,1726266009,1726266009,Sobirobod,Yunusobod tumani,population_total,NULL,persons,NULL,NULL,NOT PUBLISHED,NULL,NULL,NULL,"No public source publishes population at mahalla level for Tashkent City. Searched stat.uz, SIAT/hudud.stat.uz, toshstat.uz, data.egov.uz, aholi.stat.uz (2026 census), HDX, WorldPop. See 09_tashkent_missing_data.csv"
mahalla,1726266010,1726266010,Nurmakon,Yunusobod tumani,population_total,NULL,persons,NULL,NULL,NOT PUBLISHED,NULL,NULL,NULL,"No public source publishes population at mahalla level for Tashkent City. Searched stat.uz, SIAT/hudud.stat.uz, toshstat.uz, data.egov.uz, aholi.stat.uz (2026 census), HDX, WorldPop. See 09_tashkent_missing_data.csv"
mahalla,1726266011,1726266011,Tiklanish,Yunusobod tumani,population_total,NULL,persons,NULL,NULL,NOT PUBLISHED,NULL,NULL,NULL,"No public source publishes population at mahalla level for Tashkent City. Searched stat.uz, SIAT/hudud.stat.uz, toshstat.uz, data.egov.uz, aholi.stat.uz (2026 census), HDX, WorldPop. See 09_tashkent_missing_data.csv"
mahalla,1726266012,1726266012,Uch-Qaxramon,Yunusobod tumani,population_total,NULL,persons,NULL,NULL,NOT PUBLISHED,NULL,NULL,NULL,"No public source publishes population at mahalla level for Tashkent City. Searched stat.uz, SIAT/hudud.stat.uz, toshstat.uz, data.egov.uz, aholi.stat.uz (2026 census), HDX, WorldPop. See 09_tashkent_missing_data.csv"
mahalla,1726266013,1726266013,Xasanboy,Yunusobod tumani,population_total,NULL,persons,NULL,NULL,NOT PUBLISHED,NULL,NULL,NULL,"No public source publishes population at mahalla level for Tashkent City. Searched stat.uz, SIAT/hudud.stat.uz, toshstat.uz, data.egov.uz, aholi.stat.uz (2026 census), HDX, WorldPop. See 09_tashkent_missing_data.csv"
mahalla,1726266014,1726266014,Xamkorobod,Yunusobod tumani,population_total,NULL,persons,NULL,NULL,NOT PUBLISHED,NULL,NULL,NULL,"No public source publishes population at mahalla level for Tashkent City. Searched stat.uz, SIAT/hudud.stat.uz, toshstat.uz, data.egov.uz, aholi.stat.uz (2026 census), HDX, WorldPop. See 09_tashkent_missing_data.csv"
mahalla,1726266015,1726266015,Sharq xaqiqati,Yunusobod tumani,population_total,NULL,persons,NULL,NULL,NOT PUBLISHED,NULL,NULL,NULL,"No public source publishes population at mahalla level for Tashkent City. Searched stat.uz, SIAT/hudud.stat.uz, toshstat.uz, data.egov.uz, aholi.stat.uz (2026 census), HDX, WorldPop. See 09_tashkent_missing_data.csv"
mahalla,1726266016,1726266016,Barhayot,Yunusobod tumani,population_total,NULL,persons,NULL,NULL,NOT PUBLISHED,NULL,NULL,NULL,"No public source publishes population at mahalla level for Tashkent City. Searched stat.uz, SIAT/hudud.stat.uz, toshstat.uz, data.egov.uz, aholi.stat.uz (2026 census), HDX, WorldPop. See 09_tashkent_missing_data.csv"
mahalla,1726266017,1726266017,Xalqabogʻ,Yunusobod tumani,population_total,NULL,persons,NULL,NULL,NOT PUBLISHED,NULL,NULL,NULL,"No public source publishes population at mahalla level for Tashkent City. Searched stat.uz, SIAT/hudud.stat.uz, toshstat.uz, data.egov.uz, aholi.stat.uz (2026 census), HDX, WorldPop. See 09_tashkent_missing_data.csv"
mahalla,1726266018,1726266018,Turkiston,Yunusobod tumani,population_total,NULL,persons,NULL,NULL,NOT PUBLISHED,NULL,NULL,NULL,"No public source publishes population at mahalla level for Tashkent City. Searched stat.uz, SIAT/hudud.stat.uz, toshstat.uz, data.egov.uz, aholi.stat.uz (2026 census), HDX, WorldPop. See 09_tashkent_missing_data.csv"
mahalla,1726266019,1726266019,Axilobod,Yunusobod tumani,population_total,NULL,persons,NULL,NULL,NOT PUBLISHED,NULL,NULL,NULL,"No public source publishes population at mahalla level for Tashkent City. Searched stat.uz, SIAT/hudud.stat.uz, toshstat.uz, data.egov.uz, aholi.stat.uz (2026 census), HDX, WorldPop. See 09_tashkent_missing_data.csv"
mahalla,1726266020,1726266020,Axmad donish,Yunusobod tumani,population_total,NULL,persons,NULL,NULL,NOT PUBLISHED,NULL,NULL,NULL,"No public source publishes population at mahalla level for Tashkent City. Searched stat.uz, SIAT/hudud.stat.uz, toshstat.uz, data.egov.uz, aholi.stat.uz (2026 census), HDX, WorldPop. See 09_tashkent_missing_data.csv"
mahalla,1726266021,1726266021,Begʻubor,Yunusobod tumani,population_total,NULL,persons,NULL,NULL,NOT PUBLISHED,NULL,NULL,NULL,"No public source publishes population at mahalla level for Tashkent City. Searched stat.uz, SIAT/hudud.stat.uz, toshstat.uz, data.egov.uz, aholi.stat.uz (2026 census), HDX, WorldPop. See 09_tashkent_missing_data.csv"
mahalla,1726266022,1726266022,Bobodehqon,Yunusobod tumani,population_total,NULL,persons,NULL,NULL,NOT PUBLISHED,NULL,NULL,NULL,"No public source publishes population at mahalla level for Tashkent City. Searched stat.uz, SIAT/hudud.stat.uz, toshstat.uz, data.egov.uz, aholi.stat.uz (2026 census), HDX, WorldPop. See 09_tashkent_missing_data.csv"
mahalla,1726266023,1726266023,Mehnatobod,Yunusobod tumani,population_total,NULL,persons,NULL,NULL,NOT PUBLISHED,NULL,NULL,NULL,"No public source publishes population at mahalla level for Tashkent City. Searched stat.uz, SIAT/hudud.stat.uz, toshstat.uz, data.egov.uz, aholi.stat.uz (2026 census), HDX, WorldPop. See 09_tashkent_missing_data.csv"
mahalla,1726266024,1726266024,Murruvat,Yunusobod tumani,population_total,NULL,persons,NULL,NULL,NOT PUBLISHED,NULL,NULL,NULL,"No public source publishes population at mahalla level for Tashkent City. Searched stat.uz, SIAT/hudud.stat.uz, toshstat.uz, data.egov.uz, aholi.stat.uz (2026 census), HDX, WorldPop. See 09_tashkent_missing_data.csv"
mahalla,1726266025,1726266025,Oqtepa,Yunusobod tumani,population_total,NULL,persons,NULL,NULL,NOT PUBLISHED,NULL,NULL,NULL,"No public source publishes population at mahalla level for Tashkent City. Searched stat.uz, SIAT/hudud.stat.uz, toshstat.uz, data.egov.uz, aholi.stat.uz (2026 census), HDX, WorldPop. See 09_tashkent_missing_data.csv"
mahalla,1726266026,1726266026,Sevinch,Yunusobod tumani,population_total,NULL,persons,NULL,NULL,NOT PUBLISHED,NULL,NULL,NULL,"No public source publishes population at mahalla level for Tashkent City. Searched stat.uz, SIAT/hudud.stat.uz, toshstat.uz, data.egov.uz, aholi.stat.uz (2026 census), HDX, WorldPop. See 09_tashkent_missing_data.csv"
mahalla,1726266027,1726266027,Uvaysiy,Yunusobod tumani,population_total,NULL,persons,NULL,NULL,NOT PUBLISHED,NULL,NULL,NULL,"No public source publishes population at mahalla level for Tashkent City. Searched stat.uz, SIAT/hudud.stat.uz, toshstat.uz, data.egov.uz, aholi.stat.uz (2026 census), HDX, WorldPop. See 09_tashkent_missing_data.csv"
mahalla,1726266028,1726266028,Oʻzbekiston Mustaqilligi,Yunusobod tumani,population_total,NULL,persons,NULL,NULL,NOT PUBLISHED,NULL,NULL,NULL,"No public source publishes population at mahalla level for Tashkent City. Searched stat.uz, SIAT/hudud.stat.uz, toshstat.uz, data.egov.uz, aholi.stat.uz (2026 census), HDX, WorldPop. See 09_tashkent_missing_data.csv"
mahalla,1726266029,1726266029,Shosh-tepa,Yunusobod tumani,population_total,NULL,persons,NULL,NULL,NOT PUBLISHED,NULL,NULL,NULL,"No public source publishes population at mahalla level for Tashkent City. Searched stat.uz, SIAT/hudud.stat.uz, toshstat.uz, data.egov.uz, aholi.stat.uz (2026 census), HDX, WorldPop. See 09_tashkent_missing_data.csv"
mahalla,1726266030,1726266030,Yurtobod,Yunusobod tumani,population_total,NULL,persons,NULL,NULL,NOT PUBLISHED,NULL,NULL,NULL,"No public source publishes population at mahalla level for Tashkent City. Searched stat.uz, SIAT/hudud.stat.uz, toshstat.uz, data.egov.uz, aholi.stat.uz (2026 census), HDX, WorldPop. See 09_tashkent_missing_data.csv"
mahalla,1726266031,1726266031,Yunus ota,Yunusobod tumani,population_total,NULL,persons,NULL,NULL,NOT PUBLISHED,NULL,NULL,NULL,"No public source publishes population at mahalla level for Tashkent City. Searched stat.uz, SIAT/hudud.stat.uz, toshstat.uz, data.egov.uz, aholi.stat.uz (2026 census), HDX, WorldPop. See 09_tashkent_missing_data.csv"
mahalla,1726266032,1726266032,Yangibogʻ,Yunusobod tumani,population_total,NULL,persons,NULL,NULL,NOT PUBLISHED,NULL,NULL,NULL,"No public source publishes population at mahalla level for Tashkent City. Searched stat.uz, SIAT/hudud.stat.uz, toshstat.uz, data.egov.uz, aholi.stat.uz (2026 census), HDX, WorldPop. See 09_tashkent_missing_data.csv"
mahalla,1726266033,1726266033,Adolat,Yunusobod tumani,population_total,NULL,persons,NULL,NULL,NOT PUBLISHED,NULL,NULL,NULL,"No public source publishes population at mahalla level for Tashkent City. Searched stat.uz, SIAT/hudud.stat.uz, toshstat.uz, data.egov.uz, aholi.stat.uz (2026 census), HDX, WorldPop. See 09_tashkent_missing_data.csv"
mahalla,1726266034,1726266034,Anorzor,Yunusobod tumani,population_total,NULL,persons,NULL,NULL,NOT PUBLISHED,NULL,NULL,NULL,"No public source publishes population at mahalla level for Tashkent City. Searched stat.uz, SIAT/hudud.stat.uz, toshstat.uz, data.egov.uz, aholi.stat.uz (2026 census), HDX, WorldPop. See 09_tashkent_missing_data.csv"
mahalla,1726266035,1726266035,Billur,Yunusobod tumani,population_total,NULL,persons,NULL,NULL,NOT PUBLISHED,NULL,NULL,NULL,"No public source publishes population at mahalla level for Tashkent City. Searched stat.uz, SIAT/hudud.stat.uz, toshstat.uz, data.egov.uz, aholi.stat.uz (2026 census), HDX, WorldPop. See 09_tashkent_missing_data.csv"
mahalla,1726266036,1726266036,Gʻayratiy,Yunusobod tumani,population_total,NULL,persons,NULL,NULL,NOT PUBLISHED,NULL,NULL,NULL,"No public source publishes population at mahalla level for Tashkent City. Searched stat.uz, SIAT/hudud.stat.uz, toshstat.uz, data.egov.uz, aholi.stat.uz (2026 census), HDX, WorldPop. See 09_tashkent_missing_data.csv"
mahalla,1726266037,1726266037,Jomiy,Yunusobod tumani,population_total,NULL,persons,NULL,NULL,NOT PUBLISHED,NULL,NULL,NULL,"No public source publishes population at mahalla level for Tashkent City. Searched stat.uz, SIAT/hudud.stat.uz, toshstat.uz, data.egov.uz, aholi.stat.uz (2026 census), HDX, WorldPop. See 09_tashkent_missing_data.csv"
mahalla,1726266038,1726266038,Iftixor,Yunusobod tumani,population_total,NULL,persons,NULL,NULL,NOT PUBLISHED,NULL,NULL,NULL,"No public source publishes population at mahalla level for Tashkent City. Searched stat.uz, SIAT/hudud.stat.uz, toshstat.uz, data.egov.uz, aholi.stat.uz (2026 census), HDX, WorldPop. See 09_tashkent_missing_data.csv"
mahalla,1726266039,1726266039,Qoʻshchinor,Yunusobod tumani,population_total,NULL,persons,NULL,NULL,NOT PUBLISHED,NULL,NULL,NULL,"No public source publishes population at mahalla level for Tashkent City. Searched stat.uz, SIAT/hudud.stat.uz, toshstat.uz, data.egov.uz, aholi.stat.uz (2026 census), HDX, WorldPop. See 09_tashkent_missing_data.csv"
mahalla,1726266040,1726266040,Qashqar,Yunusobod tumani,population_total,NULL,persons,NULL,NULL,NOT PUBLISHED,NULL,NULL,NULL,"No public source publishes population at mahalla level for Tashkent City. Searched stat.uz, SIAT/hudud.stat.uz, toshstat.uz, data.egov.uz, aholi.stat.uz (2026 census), HDX, WorldPop. See 09_tashkent_missing_data.csv"
mahalla,1726266041,1726266041,Matonat,Yunusobod tumani,population_total,NULL,persons,NULL,NULL,NOT PUBLISHED,NULL,NULL,NULL,"No public source publishes population at mahalla level for Tashkent City. Searched stat.uz, SIAT/hudud.stat.uz, toshstat.uz, data.egov.uz, aholi.stat.uz (2026 census), HDX, WorldPop. See 09_tashkent_missing_data.csv"
mahalla,1726266042,1726266042,Minor,Yunusobod tumani,population_total,NULL,persons,NULL,NULL,NOT PUBLISHED,NULL,NULL,NULL,"No public source publishes population at mahalla level for Tashkent City. Searched stat.uz, SIAT/hudud.stat.uz, toshstat.uz, data.egov.uz, aholi.stat.uz (2026 census), HDX, WorldPop. See 09_tashkent_missing_data.csv"
mahalla,1726266043,1726266043,Turk-Qoʻrgʻon,Yunusobod tumani,population_total,NULL,persons,NULL,NULL,NOT PUBLISHED,NULL,NULL,NULL,"No public source publishes population at mahalla level for Tashkent City. Searched stat.uz, SIAT/hudud.stat.uz, toshstat.uz, data.egov.uz, aholi.stat.uz (2026 census), HDX, WorldPop. See 09_tashkent_missing_data.csv"
mahalla,1726266044,1726266044,Usta-Shirin,Yunusobod tumani,population_total,NULL,persons,NULL,NULL,NOT PUBLISHED,NULL,NULL,NULL,"No public source publishes population at mahalla level for Tashkent City. Searched stat.uz, SIAT/hudud.stat.uz, toshstat.uz, data.egov.uz, aholi.stat.uz (2026 census), HDX, WorldPop. See 09_tashkent_missing_data.csv"
mahalla,1726266045,1726266045,Husniobod,Yunusobod tumani,population_total,NULL,persons,NULL,NULL,NOT PUBLISHED,NULL,NULL,NULL,"No public source publishes population at mahalla level for Tashkent City. Searched stat.uz, SIAT/hudud.stat.uz, toshstat.uz, data.egov.uz, aholi.stat.uz (2026 census), HDX, WorldPop. See 09_tashkent_missing_data.csv"
mahalla,1726266046,1726266046,Shaxriston,Yunusobod tumani,population_total,NULL,persons,NULL,NULL,NOT PUBLISHED,NULL,NULL,NULL,"No public source publishes population at mahalla level for Tashkent City. Searched stat.uz, SIAT/hudud.stat.uz, toshstat.uz, data.egov.uz, aholi.stat.uz (2026 census), HDX, WorldPop. See 09_tashkent_missing_data.csv"
mahalla,1726266047,1726266047,Registon,Yunusobod tumani,population_total,NULL,persons,NULL,NULL,NOT PUBLISHED,NULL,NULL,NULL,"No public source publishes population at mahalla level for Tashkent City. Searched stat.uz, SIAT/hudud.stat.uz, toshstat.uz, data.egov.uz, aholi.stat.uz (2026 census), HDX, WorldPop. See 09_tashkent_missing_data.csv"
mahalla,1726266048,1726266048,Yangiariq,Yunusobod tumani,population_total,NULL,persons,NULL,NULL,NOT PUBLISHED,NULL,NULL,NULL,"No public source publishes population at mahalla level for Tashkent City. Searched stat.uz, SIAT/hudud.stat.uz, toshstat.uz, data.egov.uz, aholi.stat.uz (2026 census), HDX, WorldPop. See 09_tashkent_missing_data.csv"
mahalla,1726266049,1726266049,Akbarobod,Yunusobod tumani,population_total,NULL,persons,NULL,NULL,NOT PUBLISHED,NULL,NULL,NULL,"No public source publishes population at mahalla level for Tashkent City. Searched stat.uz, SIAT/hudud.stat.uz, toshstat.uz, data.egov.uz, aholi.stat.uz (2026 census), HDX, WorldPop. See 09_tashkent_missing_data.csv"
mahalla,1726266050,1726266050,Bogʻi boʻston,Yunusobod tumani,population_total,NULL,persons,NULL,NULL,NOT PUBLISHED,NULL,NULL,NULL,"No public source publishes population at mahalla level for Tashkent City. Searched stat.uz, SIAT/hudud.stat.uz, toshstat.uz, data.egov.uz, aholi.stat.uz (2026 census), HDX, WorldPop. See 09_tashkent_missing_data.csv"
mahalla,1726266051,1726266051,Bodomzor,Yunusobod tumani,population_total,NULL,persons,NULL,NULL,NOT PUBLISHED,NULL,NULL,NULL,"No public source publishes population at mahalla level for Tashkent City. Searched stat.uz, SIAT/hudud.stat.uz, toshstat.uz, data.egov.uz, aholi.stat.uz (2026 census), HDX, WorldPop. See 09_tashkent_missing_data.csv"
mahalla,1726266052,1726266052,Buyuk Turon,Yunusobod tumani,population_total,NULL,persons,NULL,NULL,NOT PUBLISHED,NULL,NULL,NULL,"No public source publishes population at mahalla level for Tashkent City. Searched stat.uz, SIAT/hudud.stat.uz, toshstat.uz, data.egov.uz, aholi.stat.uz (2026 census), HDX, WorldPop. See 09_tashkent_missing_data.csv"
mahalla,1726266053,1726266053,Boʻz suv,Yunusobod tumani,population_total,NULL,persons,NULL,NULL,NOT PUBLISHED,NULL,NULL,NULL,"No public source publishes population at mahalla level for Tashkent City. Searched stat.uz, SIAT/hudud.stat.uz, toshstat.uz, data.egov.uz, aholi.stat.uz (2026 census), HDX, WorldPop. See 09_tashkent_missing_data.csv"
mahalla,1726266054,1726266054,MUlugʻbek,Yunusobod tumani,population_total,NULL,persons,NULL,NULL,NOT PUBLISHED,NULL,NULL,NULL,"No public source publishes population at mahalla level for Tashkent City. Searched stat.uz, SIAT/hudud.stat.uz, toshstat.uz, data.egov.uz, aholi.stat.uz (2026 census), HDX, WorldPop. See 09_tashkent_missing_data.csv"
mahalla,1726266055,1726266055,Qadrdon,Yunusobod tumani,population_total,NULL,persons,NULL,NULL,NOT PUBLISHED,NULL,NULL,NULL,"No public source publishes population at mahalla level for Tashkent City. Searched stat.uz, SIAT/hudud.stat.uz, toshstat.uz, data.egov.uz, aholi.stat.uz (2026 census), HDX, WorldPop. See 09_tashkent_missing_data.csv"
mahalla,1726266056,1726266056,Obod,Yunusobod tumani,population_total,NULL,persons,NULL,NULL,NOT PUBLISHED,NULL,NULL,NULL,"No public source publishes population at mahalla level for Tashkent City. Searched stat.uz, SIAT/hudud.stat.uz, toshstat.uz, data.egov.uz, aholi.stat.uz (2026 census), HDX, WorldPop. See 09_tashkent_missing_data.csv"
mahalla,1726266057,1726266057,Otchopar-1,Yunusobod tumani,population_total,NULL,persons,NULL,NULL,NOT PUBLISHED,NULL,NULL,NULL,"No public source publishes population at mahalla level for Tashkent City. Searched stat.uz, SIAT/hudud.stat.uz, toshstat.uz, data.egov.uz, aholi.stat.uz (2026 census), HDX, WorldPop. See 09_tashkent_missing_data.csv"
mahalla,1726266058,1726266058,Otchopar-2,Yunusobod tumani,population_total,NULL,persons,NULL,NULL,NOT PUBLISHED,NULL,NULL,NULL,"No public source publishes population at mahalla level for Tashkent City. Searched stat.uz, SIAT/hudud.stat.uz, toshstat.uz, data.egov.uz, aholi.stat.uz (2026 census), HDX, WorldPop. See 09_tashkent_missing_data.csv"
mahalla,1726266059,1726266059,Posira,Yunusobod tumani,population_total,NULL,persons,NULL,NULL,NOT PUBLISHED,NULL,NULL,NULL,"No public source publishes population at mahalla level for Tashkent City. Searched stat.uz, SIAT/hudud.stat.uz, toshstat.uz, data.egov.uz, aholi.stat.uz (2026 census), HDX, WorldPop. See 09_tashkent_missing_data.csv"
mahalla,1726266060,1726266060,Firdavsiy,Yunusobod tumani,population_total,NULL,persons,NULL,NULL,NOT PUBLISHED,NULL,NULL,NULL,"No public source publishes population at mahalla level for Tashkent City. Searched stat.uz, SIAT/hudud.stat.uz, toshstat.uz, data.egov.uz, aholi.stat.uz (2026 census), HDX, WorldPop. See 09_tashkent_missing_data.csv"
mahalla,1726266061,1726266061,Xiyobon tepa,Yunusobod tumani,population_total,NULL,persons,NULL,NULL,NOT PUBLISHED,NULL,NULL,NULL,"No public source publishes population at mahalla level for Tashkent City. Searched stat.uz, SIAT/hudud.stat.uz, toshstat.uz, data.egov.uz, aholi.stat.uz (2026 census), HDX, WorldPop. See 09_tashkent_missing_data.csv"
mahalla,1726266062,1726266062,Shayx Shivli,Yunusobod tumani,population_total,NULL,persons,NULL,NULL,NOT PUBLISHED,NULL,NULL,NULL,"No public source publishes population at mahalla level for Tashkent City. Searched stat.uz, SIAT/hudud.stat.uz, toshstat.uz, data.egov.uz, aholi.stat.uz (2026 census), HDX, WorldPop. See 09_tashkent_missing_data.csv"
mahalla,1726266063,1726266063,Yunusobod,Yunusobod tumani,population_total,NULL,persons,NULL,NULL,NOT PUBLISHED,NULL,NULL,NULL,"No public source publishes population at mahalla level for Tashkent City. Searched stat.uz, SIAT/hudud.stat.uz, toshstat.uz, data.egov.uz, aholi.stat.uz (2026 census), HDX, WorldPop. See 09_tashkent_missing_data.csv"
mahalla,1726266064,1726266064,Yangitarnov,Yunusobod tumani,population_total,NULL,persons,NULL,NULL,NOT PUBLISHED,NULL,NULL,NULL,"No public source publishes population at mahalla level for Tashkent City. Searched stat.uz, SIAT/hudud.stat.uz, toshstat.uz, data.egov.uz, aholi.stat.uz (2026 census), HDX, WorldPop. See 09_tashkent_missing_data.csv"
mahalla,1726269001,1726269001,Avayxon,Mirzo Ulugʻbek tumani,population_total,NULL,persons,NULL,NULL,NOT PUBLISHED,NULL,NULL,NULL,"No public source publishes population at mahalla level for Tashkent City. Searched stat.uz, SIAT/hudud.stat.uz, toshstat.uz, data.egov.uz, aholi.stat.uz (2026 census), HDX, WorldPop. See 09_tashkent_missing_data.csv"
mahalla,1726269002,1726269002,Alisher Navoiy,Mirzo Ulugʻbek tumani,population_total,NULL,persons,NULL,NULL,NOT PUBLISHED,NULL,NULL,NULL,"No public source publishes population at mahalla level for Tashkent City. Searched stat.uz, SIAT/hudud.stat.uz, toshstat.uz, data.egov.uz, aholi.stat.uz (2026 census), HDX, WorldPop. See 09_tashkent_missing_data.csv"
mahalla,1726269003,1726269003,Alpomish,Mirzo Ulugʻbek tumani,population_total,NULL,persons,NULL,NULL,NOT PUBLISHED,NULL,NULL,NULL,"No public source publishes population at mahalla level for Tashkent City. Searched stat.uz, SIAT/hudud.stat.uz, toshstat.uz, data.egov.uz, aholi.stat.uz (2026 census), HDX, WorldPop. See 09_tashkent_missing_data.csv"
mahalla,1726269004,1726269004,Gulsanam,Mirzo Ulugʻbek tumani,population_total,NULL,persons,NULL,NULL,NOT PUBLISHED,NULL,NULL,NULL,"No public source publishes population at mahalla level for Tashkent City. Searched stat.uz, SIAT/hudud.stat.uz, toshstat.uz, data.egov.uz, aholi.stat.uz (2026 census), HDX, WorldPop. See 09_tashkent_missing_data.csv"
mahalla,1726269005,1726269005,Katta Qorasuv,Mirzo Ulugʻbek tumani,population_total,NULL,persons,NULL,NULL,NOT PUBLISHED,NULL,NULL,NULL,"No public source publishes population at mahalla level for Tashkent City. Searched stat.uz, SIAT/hudud.stat.uz, toshstat.uz, data.egov.uz, aholi.stat.uz (2026 census), HDX, WorldPop. See 09_tashkent_missing_data.csv"
mahalla,1726269006,1726269006,Katta Oltintepa,Mirzo Ulugʻbek tumani,population_total,NULL,persons,NULL,NULL,NOT PUBLISHED,NULL,NULL,NULL,"No public source publishes population at mahalla level for Tashkent City. Searched stat.uz, SIAT/hudud.stat.uz, toshstat.uz, data.egov.uz, aholi.stat.uz (2026 census), HDX, WorldPop. See 09_tashkent_missing_data.csv"
mahalla,1726269007,1726269007,Minglola,Mirzo Ulugʻbek tumani,population_total,NULL,persons,NULL,NULL,NOT PUBLISHED,NULL,NULL,NULL,"No public source publishes population at mahalla level for Tashkent City. Searched stat.uz, SIAT/hudud.stat.uz, toshstat.uz, data.egov.uz, aholi.stat.uz (2026 census), HDX, WorldPop. See 09_tashkent_missing_data.csv"
mahalla,1726269008,1726269008,Oltintepa,Mirzo Ulugʻbek tumani,population_total,NULL,persons,NULL,NULL,NOT PUBLISHED,NULL,NULL,NULL,"No public source publishes population at mahalla level for Tashkent City. Searched stat.uz, SIAT/hudud.stat.uz, toshstat.uz, data.egov.uz, aholi.stat.uz (2026 census), HDX, WorldPop. See 09_tashkent_missing_data.csv"
mahalla,1726269009,1726269009,Sultoniya,Mirzo Ulugʻbek tumani,population_total,NULL,persons,NULL,NULL,NOT PUBLISHED,NULL,NULL,NULL,"No public source publishes population at mahalla level for Tashkent City. Searched stat.uz, SIAT/hudud.stat.uz, toshstat.uz, data.egov.uz, aholi.stat.uz (2026 census), HDX, WorldPop. See 09_tashkent_missing_data.csv"
mahalla,1726269010,1726269010,Chimyon,Mirzo Ulugʻbek tumani,population_total,NULL,persons,NULL,NULL,NOT PUBLISHED,NULL,NULL,NULL,"No public source publishes population at mahalla level for Tashkent City. Searched stat.uz, SIAT/hudud.stat.uz, toshstat.uz, data.egov.uz, aholi.stat.uz (2026 census), HDX, WorldPop. See 09_tashkent_missing_data.csv"
mahalla,1726269011,1726269011,Shukur Burxonov,Mirzo Ulugʻbek tumani,population_total,NULL,persons,NULL,NULL,NOT PUBLISHED,NULL,NULL,NULL,"No public source publishes population at mahalla level for Tashkent City. Searched stat.uz, SIAT/hudud.stat.uz, toshstat.uz, data.egov.uz, aholi.stat.uz (2026 census), HDX, WorldPop. See 09_tashkent_missing_data.csv"
mahalla,1726269012,1726269012,Shoʻrtepa,Mirzo Ulugʻbek tumani,population_total,NULL,persons,NULL,NULL,NOT PUBLISHED,NULL,NULL,NULL,"No public source publishes population at mahalla level for Tashkent City. Searched stat.uz, SIAT/hudud.stat.uz, toshstat.uz, data.egov.uz, aholi.stat.uz (2026 census), HDX, WorldPop. See 09_tashkent_missing_data.csv"
mahalla,1726269013,1726269013,Yangi Avayxon,Mirzo Ulugʻbek tumani,population_total,NULL,persons,NULL,NULL,NOT PUBLISHED,NULL,NULL,NULL,"No public source publishes population at mahalla level for Tashkent City. Searched stat.uz, SIAT/hudud.stat.uz, toshstat.uz, data.egov.uz, aholi.stat.uz (2026 census), HDX, WorldPop. See 09_tashkent_missing_data.csv"
mahalla,1726269014,1726269014,Ijodkor,Mirzo Ulugʻbek tumani,population_total,NULL,persons,NULL,NULL,NOT PUBLISHED,NULL,NULL,NULL,"No public source publishes population at mahalla level for Tashkent City. Searched stat.uz, SIAT/hudud.stat.uz, toshstat.uz, data.egov.uz, aholi.stat.uz (2026 census), HDX, WorldPop. See 09_tashkent_missing_data.csv"
mahalla,1726269015,1726269015,Alisherobod,Mirzo Ulugʻbek tumani,population_total,NULL,persons,NULL,NULL,NOT PUBLISHED,NULL,NULL,NULL,"No public source publishes population at mahalla level for Tashkent City. Searched stat.uz, SIAT/hudud.stat.uz, toshstat.uz, data.egov.uz, aholi.stat.uz (2026 census), HDX, WorldPop. See 09_tashkent_missing_data.csv"
mahalla,1726269016,1726269016,Geologlar,Mirzo Ulugʻbek tumani,population_total,NULL,persons,NULL,NULL,NOT PUBLISHED,NULL,NULL,NULL,"No public source publishes population at mahalla level for Tashkent City. Searched stat.uz, SIAT/hudud.stat.uz, toshstat.uz, data.egov.uz, aholi.stat.uz (2026 census), HDX, WorldPop. See 09_tashkent_missing_data.csv"
mahalla,1726269017,1726269017,Jasorat,Mirzo Ulugʻbek tumani,population_total,NULL,persons,NULL,NULL,NOT PUBLISHED,NULL,NULL,NULL,"No public source publishes population at mahalla level for Tashkent City. Searched stat.uz, SIAT/hudud.stat.uz, toshstat.uz, data.egov.uz, aholi.stat.uz (2026 census), HDX, WorldPop. See 09_tashkent_missing_data.csv"
mahalla,1726269018,1726269018,Azamat,Mirzo Ulugʻbek tumani,population_total,NULL,persons,NULL,NULL,NOT PUBLISHED,NULL,NULL,NULL,"No public source publishes population at mahalla level for Tashkent City. Searched stat.uz, SIAT/hudud.stat.uz, toshstat.uz, data.egov.uz, aholi.stat.uz (2026 census), HDX, WorldPop. See 09_tashkent_missing_data.csv"
mahalla,1726269019,1726269019,Al-Farobiy,Mirzo Ulugʻbek tumani,population_total,NULL,persons,NULL,NULL,NOT PUBLISHED,NULL,NULL,NULL,"No public source publishes population at mahalla level for Tashkent City. Searched stat.uz, SIAT/hudud.stat.uz, toshstat.uz, data.egov.uz, aholi.stat.uz (2026 census), HDX, WorldPop. See 09_tashkent_missing_data.csv"
mahalla,1726269020,1726269020,Axillik,Mirzo Ulugʻbek tumani,population_total,NULL,persons,NULL,NULL,NOT PUBLISHED,NULL,NULL,NULL,"No public source publishes population at mahalla level for Tashkent City. Searched stat.uz, SIAT/hudud.stat.uz, toshstat.uz, data.egov.uz, aholi.stat.uz (2026 census), HDX, WorldPop. See 09_tashkent_missing_data.csv"
mahalla,1726269021,1726269021,Axmad Yugnakiy,Mirzo Ulugʻbek tumani,population_total,NULL,persons,NULL,NULL,NOT PUBLISHED,NULL,NULL,NULL,"No public source publishes population at mahalla level for Tashkent City. Searched stat.uz, SIAT/hudud.stat.uz, toshstat.uz, data.egov.uz, aholi.stat.uz (2026 census), HDX, WorldPop. See 09_tashkent_missing_data.csv"
mahalla,1726269022,1726269022,Beshkapa,Mirzo Ulugʻbek tumani,population_total,NULL,persons,NULL,NULL,NOT PUBLISHED,NULL,NULL,NULL,"No public source publishes population at mahalla level for Tashkent City. Searched stat.uz, SIAT/hudud.stat.uz, toshstat.uz, data.egov.uz, aholi.stat.uz (2026 census), HDX, WorldPop. See 09_tashkent_missing_data.csv"
mahalla,1726269023,1726269023,Munavvarqori,Mirzo Ulugʻbek tumani,population_total,NULL,persons,NULL,NULL,NOT PUBLISHED,NULL,NULL,NULL,"No public source publishes population at mahalla level for Tashkent City. Searched stat.uz, SIAT/hudud.stat.uz, toshstat.uz, data.egov.uz, aholi.stat.uz (2026 census), HDX, WorldPop. See 09_tashkent_missing_data.csv"
mahalla,1726269024,1726269024,Traktorsozlar,Mirzo Ulugʻbek tumani,population_total,NULL,persons,NULL,NULL,NOT PUBLISHED,NULL,NULL,NULL,"No public source publishes population at mahalla level for Tashkent City. Searched stat.uz, SIAT/hudud.stat.uz, toshstat.uz, data.egov.uz, aholi.stat.uz (2026 census), HDX, WorldPop. See 09_tashkent_missing_data.csv"
mahalla,1726269025,1726269025,Uygʻonish,Mirzo Ulugʻbek tumani,population_total,NULL,persons,NULL,NULL,NOT PUBLISHED,NULL,NULL,NULL,"No public source publishes population at mahalla level for Tashkent City. Searched stat.uz, SIAT/hudud.stat.uz, toshstat.uz, data.egov.uz, aholi.stat.uz (2026 census), HDX, WorldPop. See 09_tashkent_missing_data.csv"
mahalla,1726269026,1726269026,Ulugʻbek,Mirzo Ulugʻbek tumani,population_total,NULL,persons,NULL,NULL,NOT PUBLISHED,NULL,NULL,NULL,"No public source publishes population at mahalla level for Tashkent City. Searched stat.uz, SIAT/hudud.stat.uz, toshstat.uz, data.egov.uz, aholi.stat.uz (2026 census), HDX, WorldPop. See 09_tashkent_missing_data.csv"
mahalla,1726269027,1726269027,Xumoyun,Mirzo Ulugʻbek tumani,population_total,NULL,persons,NULL,NULL,NOT PUBLISHED,NULL,NULL,NULL,"No public source publishes population at mahalla level for Tashkent City. Searched stat.uz, SIAT/hudud.stat.uz, toshstat.uz, data.egov.uz, aholi.stat.uz (2026 census), HDX, WorldPop. See 09_tashkent_missing_data.csv"
mahalla,1726269028,1726269028,Yuzrabot,Mirzo Ulugʻbek tumani,population_total,NULL,persons,NULL,NULL,NOT PUBLISHED,NULL,NULL,NULL,"No public source publishes population at mahalla level for Tashkent City. Searched stat.uz, SIAT/hudud.stat.uz, toshstat.uz, data.egov.uz, aholi.stat.uz (2026 census), HDX, WorldPop. See 09_tashkent_missing_data.csv"
mahalla,1726269029,1726269029,Yalongʻoch,Mirzo Ulugʻbek tumani,population_total,NULL,persons,NULL,NULL,NOT PUBLISHED,NULL,NULL,NULL,"No public source publishes population at mahalla level for Tashkent City. Searched stat.uz, SIAT/hudud.stat.uz, toshstat.uz, data.egov.uz, aholi.stat.uz (2026 census), HDX, WorldPop. See 09_tashkent_missing_data.csv"
mahalla,1726269030,1726269030,Zakovat,Mirzo Ulugʻbek tumani,population_total,NULL,persons,NULL,NULL,NOT PUBLISHED,NULL,NULL,NULL,"No public source publishes population at mahalla level for Tashkent City. Searched stat.uz, SIAT/hudud.stat.uz, toshstat.uz, data.egov.uz, aholi.stat.uz (2026 census), HDX, WorldPop. See 09_tashkent_missing_data.csv"
mahalla,1726269031,1726269031,Geofizika,Mirzo Ulugʻbek tumani,population_total,NULL,persons,NULL,NULL,NOT PUBLISHED,NULL,NULL,NULL,"No public source publishes population at mahalla level for Tashkent City. Searched stat.uz, SIAT/hudud.stat.uz, toshstat.uz, data.egov.uz, aholi.stat.uz (2026 census), HDX, WorldPop. See 09_tashkent_missing_data.csv"
mahalla,1726269032,1726269032,Chingeldi,Mirzo Ulugʻbek tumani,population_total,NULL,persons,NULL,NULL,NOT PUBLISHED,NULL,NULL,NULL,"No public source publishes population at mahalla level for Tashkent City. Searched stat.uz, SIAT/hudud.stat.uz, toshstat.uz, data.egov.uz, aholi.stat.uz (2026 census), HDX, WorldPop. See 09_tashkent_missing_data.csv"
mahalla,1726269033,1726269033,Iqtidor,Mirzo Ulugʻbek tumani,population_total,NULL,persons,NULL,NULL,NOT PUBLISHED,NULL,NULL,NULL,"No public source publishes population at mahalla level for Tashkent City. Searched stat.uz, SIAT/hudud.stat.uz, toshstat.uz, data.egov.uz, aholi.stat.uz (2026 census), HDX, WorldPop. See 09_tashkent_missing_data.csv"
mahalla,1726269034,1726269034,Pastki-yuz,Mirzo Ulugʻbek tumani,population_total,NULL,persons,NULL,NULL,NOT PUBLISHED,NULL,NULL,NULL,"No public source publishes population at mahalla level for Tashkent City. Searched stat.uz, SIAT/hudud.stat.uz, toshstat.uz, data.egov.uz, aholi.stat.uz (2026 census), HDX, WorldPop. See 09_tashkent_missing_data.csv"
mahalla,1726269035,1726269035,Asaka,Mirzo Ulugʻbek tumani,population_total,NULL,persons,NULL,NULL,NOT PUBLISHED,NULL,NULL,NULL,"No public source publishes population at mahalla level for Tashkent City. Searched stat.uz, SIAT/hudud.stat.uz, toshstat.uz, data.egov.uz, aholi.stat.uz (2026 census), HDX, WorldPop. See 09_tashkent_missing_data.csv"
mahalla,1726269036,1726269036,Buyuk Ipak Yoʻli,Mirzo Ulugʻbek tumani,population_total,NULL,persons,NULL,NULL,NOT PUBLISHED,NULL,NULL,NULL,"No public source publishes population at mahalla level for Tashkent City. Searched stat.uz, SIAT/hudud.stat.uz, toshstat.uz, data.egov.uz, aholi.stat.uz (2026 census), HDX, WorldPop. See 09_tashkent_missing_data.csv"
mahalla,1726269037,1726269037,Darxon,Mirzo Ulugʻbek tumani,population_total,NULL,persons,NULL,NULL,NOT PUBLISHED,NULL,NULL,NULL,"No public source publishes population at mahalla level for Tashkent City. Searched stat.uz, SIAT/hudud.stat.uz, toshstat.uz, data.egov.uz, aholi.stat.uz (2026 census), HDX, WorldPop. See 09_tashkent_missing_data.csv"
mahalla,1726269038,1726269038,Lashkarbegi,Mirzo Ulugʻbek tumani,population_total,NULL,persons,NULL,NULL,NOT PUBLISHED,NULL,NULL,NULL,"No public source publishes population at mahalla level for Tashkent City. Searched stat.uz, SIAT/hudud.stat.uz, toshstat.uz, data.egov.uz, aholi.stat.uz (2026 census), HDX, WorldPop. See 09_tashkent_missing_data.csv"
mahalla,1726269039,1726269039,Mirzakalon Ismoiliy,Mirzo Ulugʻbek tumani,population_total,NULL,persons,NULL,NULL,NOT PUBLISHED,NULL,NULL,NULL,"No public source publishes population at mahalla level for Tashkent City. Searched stat.uz, SIAT/hudud.stat.uz, toshstat.uz, data.egov.uz, aholi.stat.uz (2026 census), HDX, WorldPop. See 09_tashkent_missing_data.csv"
mahalla,1726269040,1726269040,Mustaqillik,Mirzo Ulugʻbek tumani,population_total,NULL,persons,NULL,NULL,NOT PUBLISHED,NULL,NULL,NULL,"No public source publishes population at mahalla level for Tashkent City. Searched stat.uz, SIAT/hudud.stat.uz, toshstat.uz, data.egov.uz, aholi.stat.uz (2026 census), HDX, WorldPop. See 09_tashkent_missing_data.csv"
mahalla,1726269041,1726269041,Nur,Mirzo Ulugʻbek tumani,population_total,NULL,persons,NULL,NULL,NOT PUBLISHED,NULL,NULL,NULL,"No public source publishes population at mahalla level for Tashkent City. Searched stat.uz, SIAT/hudud.stat.uz, toshstat.uz, data.egov.uz, aholi.stat.uz (2026 census), HDX, WorldPop. See 09_tashkent_missing_data.csv"
mahalla,1726269042,1726269042,Oqibat,Mirzo Ulugʻbek tumani,population_total,NULL,persons,NULL,NULL,NOT PUBLISHED,NULL,NULL,NULL,"No public source publishes population at mahalla level for Tashkent City. Searched stat.uz, SIAT/hudud.stat.uz, toshstat.uz, data.egov.uz, aholi.stat.uz (2026 census), HDX, WorldPop. See 09_tashkent_missing_data.csv"
mahalla,1726269043,1726269043,Oqqoʻrgʻon,Mirzo Ulugʻbek tumani,population_total,NULL,persons,NULL,NULL,NOT PUBLISHED,NULL,NULL,NULL,"No public source publishes population at mahalla level for Tashkent City. Searched stat.uz, SIAT/hudud.stat.uz, toshstat.uz, data.egov.uz, aholi.stat.uz (2026 census), HDX, WorldPop. See 09_tashkent_missing_data.csv"
mahalla,1726269044,1726269044,Olmachi,Mirzo Ulugʻbek tumani,population_total,NULL,persons,NULL,NULL,NOT PUBLISHED,NULL,NULL,NULL,"No public source publishes population at mahalla level for Tashkent City. Searched stat.uz, SIAT/hudud.stat.uz, toshstat.uz, data.egov.uz, aholi.stat.uz (2026 census), HDX, WorldPop. See 09_tashkent_missing_data.csv"
mahalla,1726269045,1726269045,Podshobogʻ,Mirzo Ulugʻbek tumani,population_total,NULL,persons,NULL,NULL,NOT PUBLISHED,NULL,NULL,NULL,"No public source publishes population at mahalla level for Tashkent City. Searched stat.uz, SIAT/hudud.stat.uz, toshstat.uz, data.egov.uz, aholi.stat.uz (2026 census), HDX, WorldPop. See 09_tashkent_missing_data.csv"
mahalla,1726269046,1726269046,Turon,Mirzo Ulugʻbek tumani,population_total,NULL,persons,NULL,NULL,NOT PUBLISHED,NULL,NULL,NULL,"No public source publishes population at mahalla level for Tashkent City. Searched stat.uz, SIAT/hudud.stat.uz, toshstat.uz, data.egov.uz, aholi.stat.uz (2026 census), HDX, WorldPop. See 09_tashkent_missing_data.csv"
mahalla,1726269047,1726269047,Xamid Olimjon,Mirzo Ulugʻbek tumani,population_total,NULL,persons,NULL,NULL,NOT PUBLISHED,NULL,NULL,NULL,"No public source publishes population at mahalla level for Tashkent City. Searched stat.uz, SIAT/hudud.stat.uz, toshstat.uz, data.egov.uz, aholi.stat.uz (2026 census), HDX, WorldPop. See 09_tashkent_missing_data.csv"
mahalla,1726269048,1726269048,Shaxrisabz,Mirzo Ulugʻbek tumani,population_total,NULL,persons,NULL,NULL,NOT PUBLISHED,NULL,NULL,NULL,"No public source publishes population at mahalla level for Tashkent City. Searched stat.uz, SIAT/hudud.stat.uz, toshstat.uz, data.egov.uz, aholi.stat.uz (2026 census), HDX, WorldPop. See 09_tashkent_missing_data.csv"
mahalla,1726269049,1726269049,Elobod,Mirzo Ulugʻbek tumani,population_total,NULL,persons,NULL,NULL,NOT PUBLISHED,NULL,NULL,NULL,"No public source publishes population at mahalla level for Tashkent City. Searched stat.uz, SIAT/hudud.stat.uz, toshstat.uz, data.egov.uz, aholi.stat.uz (2026 census), HDX, WorldPop. See 09_tashkent_missing_data.csv"
mahalla,1726269050,1726269050,Temuriylar,Mirzo Ulugʻbek tumani,population_total,NULL,persons,NULL,NULL,NOT PUBLISHED,NULL,NULL,NULL,"No public source publishes population at mahalla level for Tashkent City. Searched stat.uz, SIAT/hudud.stat.uz, toshstat.uz, data.egov.uz, aholi.stat.uz (2026 census), HDX, WorldPop. See 09_tashkent_missing_data.csv"
mahalla,1726269051,1726269051,Ko'hna mevazor,Mirzo Ulugʻbek tumani,population_total,NULL,persons,NULL,NULL,NOT PUBLISHED,NULL,NULL,NULL,"No public source publishes population at mahalla level for Tashkent City. Searched stat.uz, SIAT/hudud.stat.uz, toshstat.uz, data.egov.uz, aholi.stat.uz (2026 census), HDX, WorldPop. See 09_tashkent_missing_data.csv"
mahalla,1726269052,1726269052,Sarbon,Mirzo Ulugʻbek tumani,population_total,NULL,persons,NULL,NULL,NOT PUBLISHED,NULL,NULL,NULL,"No public source publishes population at mahalla level for Tashkent City. Searched stat.uz, SIAT/hudud.stat.uz, toshstat.uz, data.egov.uz, aholi.stat.uz (2026 census), HDX, WorldPop. See 09_tashkent_missing_data.csv"
mahalla,1726269053,1726269053,Gulzor-1,Mirzo Ulugʻbek tumani,population_total,NULL,persons,NULL,NULL,NOT PUBLISHED,NULL,NULL,NULL,"No public source publishes population at mahalla level for Tashkent City. Searched stat.uz, SIAT/hudud.stat.uz, toshstat.uz, data.egov.uz, aholi.stat.uz (2026 census), HDX, WorldPop. See 09_tashkent_missing_data.csv"
mahalla,1726269054,1726269054,Oydin,Mirzo Ulugʻbek tumani,population_total,NULL,persons,NULL,NULL,NOT PUBLISHED,NULL,NULL,NULL,"No public source publishes population at mahalla level for Tashkent City. Searched stat.uz, SIAT/hudud.stat.uz, toshstat.uz, data.egov.uz, aholi.stat.uz (2026 census), HDX, WorldPop. See 09_tashkent_missing_data.csv"
mahalla,1726269055,1726269055,Yangi Olmachi,Mirzo Ulugʻbek tumani,population_total,NULL,persons,NULL,NULL,NOT PUBLISHED,NULL,NULL,NULL,"No public source publishes population at mahalla level for Tashkent City. Searched stat.uz, SIAT/hudud.stat.uz, toshstat.uz, data.egov.uz, aholi.stat.uz (2026 census), HDX, WorldPop. See 09_tashkent_missing_data.csv"
mahalla,1726269056,1726269056,Bahor,Mirzo Ulugʻbek tumani,population_total,NULL,persons,NULL,NULL,NOT PUBLISHED,NULL,NULL,NULL,"No public source publishes population at mahalla level for Tashkent City. Searched stat.uz, SIAT/hudud.stat.uz, toshstat.uz, data.egov.uz, aholi.stat.uz (2026 census), HDX, WorldPop. See 09_tashkent_missing_data.csv"
mahalla,1726269057,1726269057,Bogʻimaydon,Mirzo Ulugʻbek tumani,population_total,NULL,persons,NULL,NULL,NOT PUBLISHED,NULL,NULL,NULL,"No public source publishes population at mahalla level for Tashkent City. Searched stat.uz, SIAT/hudud.stat.uz, toshstat.uz, data.egov.uz, aholi.stat.uz (2026 census), HDX, WorldPop. See 09_tashkent_missing_data.csv"
mahalla,1726269058,1726269058,Boʻz,Mirzo Ulugʻbek tumani,population_total,NULL,persons,NULL,NULL,NOT PUBLISHED,NULL,NULL,NULL,"No public source publishes population at mahalla level for Tashkent City. Searched stat.uz, SIAT/hudud.stat.uz, toshstat.uz, data.egov.uz, aholi.stat.uz (2026 census), HDX, WorldPop. See 09_tashkent_missing_data.csv"
mahalla,1726269059,1726269059,Kamolot,Mirzo Ulugʻbek tumani,population_total,NULL,persons,NULL,NULL,NOT PUBLISHED,NULL,NULL,NULL,"No public source publishes population at mahalla level for Tashkent City. Searched stat.uz, SIAT/hudud.stat.uz, toshstat.uz, data.egov.uz, aholi.stat.uz (2026 census), HDX, WorldPop. See 09_tashkent_missing_data.csv"
mahalla,1726269060,1726269060,Katta Yalongʻoch-ota,Mirzo Ulugʻbek tumani,population_total,NULL,persons,NULL,NULL,NOT PUBLISHED,NULL,NULL,NULL,"No public source publishes population at mahalla level for Tashkent City. Searched stat.uz, SIAT/hudud.stat.uz, toshstat.uz, data.egov.uz, aholi.stat.uz (2026 census), HDX, WorldPop. See 09_tashkent_missing_data.csv"
mahalla,1726269061,1726269061,Navnihol,Mirzo Ulugʻbek tumani,population_total,NULL,persons,NULL,NULL,NOT PUBLISHED,NULL,NULL,NULL,"No public source publishes population at mahalla level for Tashkent City. Searched stat.uz, SIAT/hudud.stat.uz, toshstat.uz, data.egov.uz, aholi.stat.uz (2026 census), HDX, WorldPop. See 09_tashkent_missing_data.csv"
mahalla,1726269062,1726269062,Nodirabegim,Mirzo Ulugʻbek tumani,population_total,NULL,persons,NULL,NULL,NOT PUBLISHED,NULL,NULL,NULL,"No public source publishes population at mahalla level for Tashkent City. Searched stat.uz, SIAT/hudud.stat.uz, toshstat.uz, data.egov.uz, aholi.stat.uz (2026 census), HDX, WorldPop. See 09_tashkent_missing_data.csv"
mahalla,1726269063,1726269063,Oliy Himmat,Mirzo Ulugʻbek tumani,population_total,NULL,persons,NULL,NULL,NOT PUBLISHED,NULL,NULL,NULL,"No public source publishes population at mahalla level for Tashkent City. Searched stat.uz, SIAT/hudud.stat.uz, toshstat.uz, data.egov.uz, aholi.stat.uz (2026 census), HDX, WorldPop. See 09_tashkent_missing_data.csv"
mahalla,1726269064,1726269064,Olimlar,Mirzo Ulugʻbek tumani,population_total,NULL,persons,NULL,NULL,NOT PUBLISHED,NULL,NULL,NULL,"No public source publishes population at mahalla level for Tashkent City. Searched stat.uz, SIAT/hudud.stat.uz, toshstat.uz, data.egov.uz, aholi.stat.uz (2026 census), HDX, WorldPop. See 09_tashkent_missing_data.csv"
mahalla,1726269065,1726269065,Sayram,Mirzo Ulugʻbek tumani,population_total,NULL,persons,NULL,NULL,NOT PUBLISHED,NULL,NULL,NULL,"No public source publishes population at mahalla level for Tashkent City. Searched stat.uz, SIAT/hudud.stat.uz, toshstat.uz, data.egov.uz, aholi.stat.uz (2026 census), HDX, WorldPop. See 09_tashkent_missing_data.csv"
mahalla,1726269066,1726269066,Feruza,Mirzo Ulugʻbek tumani,population_total,NULL,persons,NULL,NULL,NOT PUBLISHED,NULL,NULL,NULL,"No public source publishes population at mahalla level for Tashkent City. Searched stat.uz, SIAT/hudud.stat.uz, toshstat.uz, data.egov.uz, aholi.stat.uz (2026 census), HDX, WorldPop. See 09_tashkent_missing_data.csv"
mahalla,1726269067,1726269067,Xabib Abdullayev,Mirzo Ulugʻbek tumani,population_total,NULL,persons,NULL,NULL,NOT PUBLISHED,NULL,NULL,NULL,"No public source publishes population at mahalla level for Tashkent City. Searched stat.uz, SIAT/hudud.stat.uz, toshstat.uz, data.egov.uz, aholi.stat.uz (2026 census), HDX, WorldPop. See 09_tashkent_missing_data.csv"
mahalla,1726269068,1726269068,Shalola,Mirzo Ulugʻbek tumani,population_total,NULL,persons,NULL,NULL,NOT PUBLISHED,NULL,NULL,NULL,"No public source publishes population at mahalla level for Tashkent City. Searched stat.uz, SIAT/hudud.stat.uz, toshstat.uz, data.egov.uz, aholi.stat.uz (2026 census), HDX, WorldPop. See 09_tashkent_missing_data.csv"
mahalla,1726269069,1726269069,Shaxriobod,Mirzo Ulugʻbek tumani,population_total,NULL,persons,NULL,NULL,NOT PUBLISHED,NULL,NULL,NULL,"No public source publishes population at mahalla level for Tashkent City. Searched stat.uz, SIAT/hudud.stat.uz, toshstat.uz, data.egov.uz, aholi.stat.uz (2026 census), HDX, WorldPop. See 09_tashkent_missing_data.csv"
mahalla,1726269070,1726269070,Yangi Kamolot,Mirzo Ulugʻbek tumani,population_total,NULL,persons,NULL,NULL,NOT PUBLISHED,NULL,NULL,NULL,"No public source publishes population at mahalla level for Tashkent City. Searched stat.uz, SIAT/hudud.stat.uz, toshstat.uz, data.egov.uz, aholi.stat.uz (2026 census), HDX, WorldPop. See 09_tashkent_missing_data.csv"
mahalla,1726273001,1726273001,Banokatiy,Mirobod tumani,population_total,NULL,persons,NULL,NULL,NOT PUBLISHED,NULL,NULL,NULL,"No public source publishes population at mahalla level for Tashkent City. Searched stat.uz, SIAT/hudud.stat.uz, toshstat.uz, data.egov.uz, aholi.stat.uz (2026 census), HDX, WorldPop. See 09_tashkent_missing_data.csv"
mahalla,1726273002,1726273002,Yangi Zamon,Mirobod tumani,population_total,NULL,persons,NULL,NULL,NOT PUBLISHED,NULL,NULL,NULL,"No public source publishes population at mahalla level for Tashkent City. Searched stat.uz, SIAT/hudud.stat.uz, toshstat.uz, data.egov.uz, aholi.stat.uz (2026 census), HDX, WorldPop. See 09_tashkent_missing_data.csv"
mahalla,1726273003,1726273003,A.Fitrat,Mirobod tumani,population_total,NULL,persons,NULL,NULL,NOT PUBLISHED,NULL,NULL,NULL,"No public source publishes population at mahalla level for Tashkent City. Searched stat.uz, SIAT/hudud.stat.uz, toshstat.uz, data.egov.uz, aholi.stat.uz (2026 census), HDX, WorldPop. See 09_tashkent_missing_data.csv"
mahalla,1726273004,1726273004,Furqat,Mirobod tumani,population_total,NULL,persons,NULL,NULL,NOT PUBLISHED,NULL,NULL,NULL,"No public source publishes population at mahalla level for Tashkent City. Searched stat.uz, SIAT/hudud.stat.uz, toshstat.uz, data.egov.uz, aholi.stat.uz (2026 census), HDX, WorldPop. See 09_tashkent_missing_data.csv"
mahalla,1726273005,1726273005,Sarikoʻl,Mirobod tumani,population_total,NULL,persons,NULL,NULL,NOT PUBLISHED,NULL,NULL,NULL,"No public source publishes population at mahalla level for Tashkent City. Searched stat.uz, SIAT/hudud.stat.uz, toshstat.uz, data.egov.uz, aholi.stat.uz (2026 census), HDX, WorldPop. See 09_tashkent_missing_data.csv"
mahalla,1726273006,1726273006,Oltinkoʻl,Mirobod tumani,population_total,NULL,persons,NULL,NULL,NOT PUBLISHED,NULL,NULL,NULL,"No public source publishes population at mahalla level for Tashkent City. Searched stat.uz, SIAT/hudud.stat.uz, toshstat.uz, data.egov.uz, aholi.stat.uz (2026 census), HDX, WorldPop. See 09_tashkent_missing_data.csv"
mahalla,1726273007,1726273007,Qorasuv,Mirobod tumani,population_total,NULL,persons,NULL,NULL,NOT PUBLISHED,NULL,NULL,NULL,"No public source publishes population at mahalla level for Tashkent City. Searched stat.uz, SIAT/hudud.stat.uz, toshstat.uz, data.egov.uz, aholi.stat.uz (2026 census), HDX, WorldPop. See 09_tashkent_missing_data.csv"
mahalla,1726273008,1726273008,Oq uy,Mirobod tumani,population_total,NULL,persons,NULL,NULL,NOT PUBLISHED,NULL,NULL,NULL,"No public source publishes population at mahalla level for Tashkent City. Searched stat.uz, SIAT/hudud.stat.uz, toshstat.uz, data.egov.uz, aholi.stat.uz (2026 census), HDX, WorldPop. See 09_tashkent_missing_data.csv"
mahalla,1726273009,1726273009,Fayziobod,Mirobod tumani,population_total,NULL,persons,NULL,NULL,NOT PUBLISHED,NULL,NULL,NULL,"No public source publishes population at mahalla level for Tashkent City. Searched stat.uz, SIAT/hudud.stat.uz, toshstat.uz, data.egov.uz, aholi.stat.uz (2026 census), HDX, WorldPop. See 09_tashkent_missing_data.csv"
mahalla,1726273010,1726273010,Ming oʻrik,Mirobod tumani,population_total,NULL,persons,NULL,NULL,NOT PUBLISHED,NULL,NULL,NULL,"No public source publishes population at mahalla level for Tashkent City. Searched stat.uz, SIAT/hudud.stat.uz, toshstat.uz, data.egov.uz, aholi.stat.uz (2026 census), HDX, WorldPop. See 09_tashkent_missing_data.csv"
mahalla,1726273011,1726273011,Sh.Rashidov,Mirobod tumani,population_total,NULL,persons,NULL,NULL,NOT PUBLISHED,NULL,NULL,NULL,"No public source publishes population at mahalla level for Tashkent City. Searched stat.uz, SIAT/hudud.stat.uz, toshstat.uz, data.egov.uz, aholi.stat.uz (2026 census), HDX, WorldPop. See 09_tashkent_missing_data.csv"
mahalla,1726273012,1726273012,Afrosiyob,Mirobod tumani,population_total,NULL,persons,NULL,NULL,NOT PUBLISHED,NULL,NULL,NULL,"No public source publishes population at mahalla level for Tashkent City. Searched stat.uz, SIAT/hudud.stat.uz, toshstat.uz, data.egov.uz, aholi.stat.uz (2026 census), HDX, WorldPop. See 09_tashkent_missing_data.csv"
mahalla,1726273013,1726273013,Oybek,Mirobod tumani,population_total,NULL,persons,NULL,NULL,NOT PUBLISHED,NULL,NULL,NULL,"No public source publishes population at mahalla level for Tashkent City. Searched stat.uz, SIAT/hudud.stat.uz, toshstat.uz, data.egov.uz, aholi.stat.uz (2026 census), HDX, WorldPop. See 09_tashkent_missing_data.csv"
mahalla,1726273014,1726273014,Movarounnaxr,Mirobod tumani,population_total,NULL,persons,NULL,NULL,NOT PUBLISHED,NULL,NULL,NULL,"No public source publishes population at mahalla level for Tashkent City. Searched stat.uz, SIAT/hudud.stat.uz, toshstat.uz, data.egov.uz, aholi.stat.uz (2026 census), HDX, WorldPop. See 09_tashkent_missing_data.csv"
mahalla,1726273015,1726273015,Salar,Mirobod tumani,population_total,NULL,persons,NULL,NULL,NOT PUBLISHED,NULL,NULL,NULL,"No public source publishes population at mahalla level for Tashkent City. Searched stat.uz, SIAT/hudud.stat.uz, toshstat.uz, data.egov.uz, aholi.stat.uz (2026 census), HDX, WorldPop. See 09_tashkent_missing_data.csv"
mahalla,1726273016,1726273016,At-Termiziy,Mirobod tumani,population_total,NULL,persons,NULL,NULL,NOT PUBLISHED,NULL,NULL,NULL,"No public source publishes population at mahalla level for Tashkent City. Searched stat.uz, SIAT/hudud.stat.uz, toshstat.uz, data.egov.uz, aholi.stat.uz (2026 census), HDX, WorldPop. See 09_tashkent_missing_data.csv"
mahalla,1726273017,1726273017,Lolazor,Mirobod tumani,population_total,NULL,persons,NULL,NULL,NOT PUBLISHED,NULL,NULL,NULL,"No public source publishes population at mahalla level for Tashkent City. Searched stat.uz, SIAT/hudud.stat.uz, toshstat.uz, data.egov.uz, aholi.stat.uz (2026 census), HDX, WorldPop. See 09_tashkent_missing_data.csv"
mahalla,1726273018,1726273018,Farovon,Mirobod tumani,population_total,NULL,persons,NULL,NULL,NOT PUBLISHED,NULL,NULL,NULL,"No public source publishes population at mahalla level for Tashkent City. Searched stat.uz, SIAT/hudud.stat.uz, toshstat.uz, data.egov.uz, aholi.stat.uz (2026 census), HDX, WorldPop. See 09_tashkent_missing_data.csv"
mahalla,1726273019,1726273019,A.Avloniy,Mirobod tumani,population_total,NULL,persons,NULL,NULL,NOT PUBLISHED,NULL,NULL,NULL,"No public source publishes population at mahalla level for Tashkent City. Searched stat.uz, SIAT/hudud.stat.uz, toshstat.uz, data.egov.uz, aholi.stat.uz (2026 census), HDX, WorldPop. See 09_tashkent_missing_data.csv"
mahalla,1726273020,1726273020,Mirobod,Mirobod tumani,population_total,NULL,persons,NULL,NULL,NOT PUBLISHED,NULL,NULL,NULL,"No public source publishes population at mahalla level for Tashkent City. Searched stat.uz, SIAT/hudud.stat.uz, toshstat.uz, data.egov.uz, aholi.stat.uz (2026 census), HDX, WorldPop. See 09_tashkent_missing_data.csv"
mahalla,1726273021,1726273021,Yangi Mirobod,Mirobod tumani,population_total,NULL,persons,NULL,NULL,NOT PUBLISHED,NULL,NULL,NULL,"No public source publishes population at mahalla level for Tashkent City. Searched stat.uz, SIAT/hudud.stat.uz, toshstat.uz, data.egov.uz, aholi.stat.uz (2026 census), HDX, WorldPop. See 09_tashkent_missing_data.csv"
mahalla,1726273022,1726273022,Baynalminal,Mirobod tumani,population_total,NULL,persons,NULL,NULL,NOT PUBLISHED,NULL,NULL,NULL,"No public source publishes population at mahalla level for Tashkent City. Searched stat.uz, SIAT/hudud.stat.uz, toshstat.uz, data.egov.uz, aholi.stat.uz (2026 census), HDX, WorldPop. See 09_tashkent_missing_data.csv"
mahalla,1726273023,1726273023,Temiryoʻlchilar,Mirobod tumani,population_total,NULL,persons,NULL,NULL,NOT PUBLISHED,NULL,NULL,NULL,"No public source publishes population at mahalla level for Tashkent City. Searched stat.uz, SIAT/hudud.stat.uz, toshstat.uz, data.egov.uz, aholi.stat.uz (2026 census), HDX, WorldPop. See 09_tashkent_missing_data.csv"
mahalla,1726273024,1726273024,Zaminobod,Mirobod tumani,population_total,NULL,persons,NULL,NULL,NOT PUBLISHED,NULL,NULL,NULL,"No public source publishes population at mahalla level for Tashkent City. Searched stat.uz, SIAT/hudud.stat.uz, toshstat.uz, data.egov.uz, aholi.stat.uz (2026 census), HDX, WorldPop. See 09_tashkent_missing_data.csv"
mahalla,1726273025,1726273025,Birodarlik,Mirobod tumani,population_total,NULL,persons,NULL,NULL,NOT PUBLISHED,NULL,NULL,NULL,"No public source publishes population at mahalla level for Tashkent City. Searched stat.uz, SIAT/hudud.stat.uz, toshstat.uz, data.egov.uz, aholi.stat.uz (2026 census), HDX, WorldPop. See 09_tashkent_missing_data.csv"
mahalla,1726273026,1726273026,Navroʻz,Mirobod tumani,population_total,NULL,persons,NULL,NULL,NOT PUBLISHED,NULL,NULL,NULL,"No public source publishes population at mahalla level for Tashkent City. Searched stat.uz, SIAT/hudud.stat.uz, toshstat.uz, data.egov.uz, aholi.stat.uz (2026 census), HDX, WorldPop. See 09_tashkent_missing_data.csv"
mahalla,1726273027,1726273027,Istiqlolobod,Mirobod tumani,population_total,NULL,persons,NULL,NULL,NOT PUBLISHED,NULL,NULL,NULL,"No public source publishes population at mahalla level for Tashkent City. Searched stat.uz, SIAT/hudud.stat.uz, toshstat.uz, data.egov.uz, aholi.stat.uz (2026 census), HDX, WorldPop. See 09_tashkent_missing_data.csv"
mahalla,1726273028,1726273028,Tong Yulduzi,Mirobod tumani,population_total,NULL,persons,NULL,NULL,NOT PUBLISHED,NULL,NULL,NULL,"No public source publishes population at mahalla level for Tashkent City. Searched stat.uz, SIAT/hudud.stat.uz, toshstat.uz, data.egov.uz, aholi.stat.uz (2026 census), HDX, WorldPop. See 09_tashkent_missing_data.csv"
mahalla,1726273029,1726273029,Inoqobod,Mirobod tumani,population_total,NULL,persons,NULL,NULL,NOT PUBLISHED,NULL,NULL,NULL,"No public source publishes population at mahalla level for Tashkent City. Searched stat.uz, SIAT/hudud.stat.uz, toshstat.uz, data.egov.uz, aholi.stat.uz (2026 census), HDX, WorldPop. See 09_tashkent_missing_data.csv"
mahalla,1726273030,1726273030,Chinor,Mirobod tumani,population_total,NULL,persons,NULL,NULL,NOT PUBLISHED,NULL,NULL,NULL,"No public source publishes population at mahalla level for Tashkent City. Searched stat.uz, SIAT/hudud.stat.uz, toshstat.uz, data.egov.uz, aholi.stat.uz (2026 census), HDX, WorldPop. See 09_tashkent_missing_data.csv"
mahalla,1726273031,1726273031,Tolariq,Mirobod tumani,population_total,NULL,persons,NULL,NULL,NOT PUBLISHED,NULL,NULL,NULL,"No public source publishes population at mahalla level for Tashkent City. Searched stat.uz, SIAT/hudud.stat.uz, toshstat.uz, data.egov.uz, aholi.stat.uz (2026 census), HDX, WorldPop. See 09_tashkent_missing_data.csv"
mahalla,1726273032,1726273032,Ziyonur,Mirobod tumani,population_total,NULL,persons,NULL,NULL,NOT PUBLISHED,NULL,NULL,NULL,"No public source publishes population at mahalla level for Tashkent City. Searched stat.uz, SIAT/hudud.stat.uz, toshstat.uz, data.egov.uz, aholi.stat.uz (2026 census), HDX, WorldPop. See 09_tashkent_missing_data.csv"
mahalla,1726273033,1726273033,Yuksalish,Mirobod tumani,population_total,NULL,persons,NULL,NULL,NOT PUBLISHED,NULL,NULL,NULL,"No public source publishes population at mahalla level for Tashkent City. Searched stat.uz, SIAT/hudud.stat.uz, toshstat.uz, data.egov.uz, aholi.stat.uz (2026 census), HDX, WorldPop. See 09_tashkent_missing_data.csv"
mahalla,1726273034,1726273034,Bilimdon,Mirobod tumani,population_total,NULL,persons,NULL,NULL,NOT PUBLISHED,NULL,NULL,NULL,"No public source publishes population at mahalla level for Tashkent City. Searched stat.uz, SIAT/hudud.stat.uz, toshstat.uz, data.egov.uz, aholi.stat.uz (2026 census), HDX, WorldPop. See 09_tashkent_missing_data.csv"
mahalla,1726273035,1726273035,Parvona,Mirobod tumani,population_total,NULL,persons,NULL,NULL,NOT PUBLISHED,NULL,NULL,NULL,"No public source publishes population at mahalla level for Tashkent City. Searched stat.uz, SIAT/hudud.stat.uz, toshstat.uz, data.egov.uz, aholi.stat.uz (2026 census), HDX, WorldPop. See 09_tashkent_missing_data.csv"
mahalla,1726273036,1726273036,Bayot,Mirobod tumani,population_total,NULL,persons,NULL,NULL,NOT PUBLISHED,NULL,NULL,NULL,"No public source publishes population at mahalla level for Tashkent City. Searched stat.uz, SIAT/hudud.stat.uz, toshstat.uz, data.egov.uz, aholi.stat.uz (2026 census), HDX, WorldPop. See 09_tashkent_missing_data.csv"
mahalla,1726273037,1726273037,Baratxoʻja,Mirobod tumani,population_total,NULL,persons,NULL,NULL,NOT PUBLISHED,NULL,NULL,NULL,"No public source publishes population at mahalla level for Tashkent City. Searched stat.uz, SIAT/hudud.stat.uz, toshstat.uz, data.egov.uz, aholi.stat.uz (2026 census), HDX, WorldPop. See 09_tashkent_missing_data.csv"
mahalla,1726273038,1726273038,Yangi Qoʻyliq,Mirobod tumani,population_total,NULL,persons,NULL,NULL,NOT PUBLISHED,NULL,NULL,NULL,"No public source publishes population at mahalla level for Tashkent City. Searched stat.uz, SIAT/hudud.stat.uz, toshstat.uz, data.egov.uz, aholi.stat.uz (2026 census), HDX, WorldPop. See 09_tashkent_missing_data.csv"
mahalla,1726273039,1726273039,Qoʻyliq ota,Mirobod tumani,population_total,NULL,persons,NULL,NULL,NOT PUBLISHED,NULL,NULL,NULL,"No public source publishes population at mahalla level for Tashkent City. Searched stat.uz, SIAT/hudud.stat.uz, toshstat.uz, data.egov.uz, aholi.stat.uz (2026 census), HDX, WorldPop. See 09_tashkent_missing_data.csv"
mahalla,1726277001,1726277001,Bel-tepa,Shayxontohur tumani,population_total,NULL,persons,NULL,NULL,NOT PUBLISHED,NULL,NULL,NULL,"No public source publishes population at mahalla level for Tashkent City. Searched stat.uz, SIAT/hudud.stat.uz, toshstat.uz, data.egov.uz, aholi.stat.uz (2026 census), HDX, WorldPop. See 09_tashkent_missing_data.csv"
mahalla,1726277002,1726277002,Yangi Jarariq,Shayxontohur tumani,population_total,NULL,persons,NULL,NULL,NOT PUBLISHED,NULL,NULL,NULL,"No public source publishes population at mahalla level for Tashkent City. Searched stat.uz, SIAT/hudud.stat.uz, toshstat.uz, data.egov.uz, aholi.stat.uz (2026 census), HDX, WorldPop. See 09_tashkent_missing_data.csv"
mahalla,1726277003,1726277003,Eski Jarariq,Shayxontohur tumani,population_total,NULL,persons,NULL,NULL,NOT PUBLISHED,NULL,NULL,NULL,"No public source publishes population at mahalla level for Tashkent City. Searched stat.uz, SIAT/hudud.stat.uz, toshstat.uz, data.egov.uz, aholi.stat.uz (2026 census), HDX, WorldPop. See 09_tashkent_missing_data.csv"
mahalla,1726277004,1726277004,Xuvaydo,Shayxontohur tumani,population_total,NULL,persons,NULL,NULL,NOT PUBLISHED,NULL,NULL,NULL,"No public source publishes population at mahalla level for Tashkent City. Searched stat.uz, SIAT/hudud.stat.uz, toshstat.uz, data.egov.uz, aholi.stat.uz (2026 census), HDX, WorldPop. See 09_tashkent_missing_data.csv"
mahalla,1726277005,1726277005,Katta Jarariq,Shayxontohur tumani,population_total,NULL,persons,NULL,NULL,NOT PUBLISHED,NULL,NULL,NULL,"No public source publishes population at mahalla level for Tashkent City. Searched stat.uz, SIAT/hudud.stat.uz, toshstat.uz, data.egov.uz, aholi.stat.uz (2026 census), HDX, WorldPop. See 09_tashkent_missing_data.csv"
mahalla,1726277006,1726277006,Boʻston,Shayxontohur tumani,population_total,NULL,persons,NULL,NULL,NOT PUBLISHED,NULL,NULL,NULL,"No public source publishes population at mahalla level for Tashkent City. Searched stat.uz, SIAT/hudud.stat.uz, toshstat.uz, data.egov.uz, aholi.stat.uz (2026 census), HDX, WorldPop. See 09_tashkent_missing_data.csv"
mahalla,1726277007,1726277007,Yangi Beltepa,Shayxontohur tumani,population_total,NULL,persons,NULL,NULL,NOT PUBLISHED,NULL,NULL,NULL,"No public source publishes population at mahalla level for Tashkent City. Searched stat.uz, SIAT/hudud.stat.uz, toshstat.uz, data.egov.uz, aholi.stat.uz (2026 census), HDX, WorldPop. See 09_tashkent_missing_data.csv"
mahalla,1726277008,1726277008,Ibn Sino,Shayxontohur tumani,population_total,NULL,persons,NULL,NULL,NOT PUBLISHED,NULL,NULL,NULL,"No public source publishes population at mahalla level for Tashkent City. Searched stat.uz, SIAT/hudud.stat.uz, toshstat.uz, data.egov.uz, aholi.stat.uz (2026 census), HDX, WorldPop. See 09_tashkent_missing_data.csv"
mahalla,1726277009,1726277009,Ipakchi,Shayxontohur tumani,population_total,NULL,persons,NULL,NULL,NOT PUBLISHED,NULL,NULL,NULL,"No public source publishes population at mahalla level for Tashkent City. Searched stat.uz, SIAT/hudud.stat.uz, toshstat.uz, data.egov.uz, aholi.stat.uz (2026 census), HDX, WorldPop. See 09_tashkent_missing_data.csv"
mahalla,1726277010,1726277010,Oʻzbekiston,Shayxontohur tumani,population_total,NULL,persons,NULL,NULL,NOT PUBLISHED,NULL,NULL,NULL,"No public source publishes population at mahalla level for Tashkent City. Searched stat.uz, SIAT/hudud.stat.uz, toshstat.uz, data.egov.uz, aholi.stat.uz (2026 census), HDX, WorldPop. See 09_tashkent_missing_data.csv"
mahalla,1726277011,1726277011,Shodlik,Shayxontohur tumani,population_total,NULL,persons,NULL,NULL,NOT PUBLISHED,NULL,NULL,NULL,"No public source publishes population at mahalla level for Tashkent City. Searched stat.uz, SIAT/hudud.stat.uz, toshstat.uz, data.egov.uz, aholi.stat.uz (2026 census), HDX, WorldPop. See 09_tashkent_missing_data.csv"
mahalla,1726277012,1726277012,Zafarobod,Shayxontohur tumani,population_total,NULL,persons,NULL,NULL,NOT PUBLISHED,NULL,NULL,NULL,"No public source publishes population at mahalla level for Tashkent City. Searched stat.uz, SIAT/hudud.stat.uz, toshstat.uz, data.egov.uz, aholi.stat.uz (2026 census), HDX, WorldPop. See 09_tashkent_missing_data.csv"
mahalla,1726277013,1726277013,Chaqar,Shayxontohur tumani,population_total,NULL,persons,NULL,NULL,NOT PUBLISHED,NULL,NULL,NULL,"No public source publishes population at mahalla level for Tashkent City. Searched stat.uz, SIAT/hudud.stat.uz, toshstat.uz, data.egov.uz, aholi.stat.uz (2026 census), HDX, WorldPop. See 09_tashkent_missing_data.csv"
mahalla,1726277014,1726277014,Taxtapul,Shayxontohur tumani,population_total,NULL,persons,NULL,NULL,NOT PUBLISHED,NULL,NULL,NULL,"No public source publishes population at mahalla level for Tashkent City. Searched stat.uz, SIAT/hudud.stat.uz, toshstat.uz, data.egov.uz, aholi.stat.uz (2026 census), HDX, WorldPop. See 09_tashkent_missing_data.csv"
mahalla,1726277015,1726277015,Xadra,Shayxontohur tumani,population_total,NULL,persons,NULL,NULL,NOT PUBLISHED,NULL,NULL,NULL,"No public source publishes population at mahalla level for Tashkent City. Searched stat.uz, SIAT/hudud.stat.uz, toshstat.uz, data.egov.uz, aholi.stat.uz (2026 census), HDX, WorldPop. See 09_tashkent_missing_data.csv"
mahalla,1726277016,1726277016,Gulbozor,Shayxontohur tumani,population_total,NULL,persons,NULL,NULL,NOT PUBLISHED,NULL,NULL,NULL,"No public source publishes population at mahalla level for Tashkent City. Searched stat.uz, SIAT/hudud.stat.uz, toshstat.uz, data.egov.uz, aholi.stat.uz (2026 census), HDX, WorldPop. See 09_tashkent_missing_data.csv"
mahalla,1726277017,1726277017,Jangox,Shayxontohur tumani,population_total,NULL,persons,NULL,NULL,NOT PUBLISHED,NULL,NULL,NULL,"No public source publishes population at mahalla level for Tashkent City. Searched stat.uz, SIAT/hudud.stat.uz, toshstat.uz, data.egov.uz, aholi.stat.uz (2026 census), HDX, WorldPop. See 09_tashkent_missing_data.csv"
mahalla,1726277018,1726277018,Qoratosh,Shayxontohur tumani,population_total,NULL,persons,NULL,NULL,NOT PUBLISHED,NULL,NULL,NULL,"No public source publishes population at mahalla level for Tashkent City. Searched stat.uz, SIAT/hudud.stat.uz, toshstat.uz, data.egov.uz, aholi.stat.uz (2026 census), HDX, WorldPop. See 09_tashkent_missing_data.csv"
mahalla,1726277019,1726277019,Oʻrda,Shayxontohur tumani,population_total,NULL,persons,NULL,NULL,NOT PUBLISHED,NULL,NULL,NULL,"No public source publishes population at mahalla level for Tashkent City. Searched stat.uz, SIAT/hudud.stat.uz, toshstat.uz, data.egov.uz, aholi.stat.uz (2026 census), HDX, WorldPop. See 09_tashkent_missing_data.csv"
mahalla,1726277020,1726277020,Kox ota,Shayxontohur tumani,population_total,NULL,persons,NULL,NULL,NOT PUBLISHED,NULL,NULL,NULL,"No public source publishes population at mahalla level for Tashkent City. Searched stat.uz, SIAT/hudud.stat.uz, toshstat.uz, data.egov.uz, aholi.stat.uz (2026 census), HDX, WorldPop. See 09_tashkent_missing_data.csv"
mahalla,1726277021,1726277021,Oʻqchi,Shayxontohur tumani,population_total,NULL,persons,NULL,NULL,NOT PUBLISHED,NULL,NULL,NULL,"No public source publishes population at mahalla level for Tashkent City. Searched stat.uz, SIAT/hudud.stat.uz, toshstat.uz, data.egov.uz, aholi.stat.uz (2026 census), HDX, WorldPop. See 09_tashkent_missing_data.csv"
mahalla,1726277022,1726277022,Olmazor,Shayxontohur tumani,population_total,NULL,persons,NULL,NULL,NOT PUBLISHED,NULL,NULL,NULL,"No public source publishes population at mahalla level for Tashkent City. Searched stat.uz, SIAT/hudud.stat.uz, toshstat.uz, data.egov.uz, aholi.stat.uz (2026 census), HDX, WorldPop. See 09_tashkent_missing_data.csv"
mahalla,1726277023,1726277023,Shayxontohur,Shayxontohur tumani,population_total,NULL,persons,NULL,NULL,NOT PUBLISHED,NULL,NULL,NULL,"No public source publishes population at mahalla level for Tashkent City. Searched stat.uz, SIAT/hudud.stat.uz, toshstat.uz, data.egov.uz, aholi.stat.uz (2026 census), HDX, WorldPop. See 09_tashkent_missing_data.csv"
mahalla,1726277024,1726277024,Labzak,Shayxontohur tumani,population_total,NULL,persons,NULL,NULL,NOT PUBLISHED,NULL,NULL,NULL,"No public source publishes population at mahalla level for Tashkent City. Searched stat.uz, SIAT/hudud.stat.uz, toshstat.uz, data.egov.uz, aholi.stat.uz (2026 census), HDX, WorldPop. See 09_tashkent_missing_data.csv"
mahalla,1726277025,1726277025,Oqilon,Shayxontohur tumani,population_total,NULL,persons,NULL,NULL,NOT PUBLISHED,NULL,NULL,NULL,"No public source publishes population at mahalla level for Tashkent City. Searched stat.uz, SIAT/hudud.stat.uz, toshstat.uz, data.egov.uz, aholi.stat.uz (2026 census), HDX, WorldPop. See 09_tashkent_missing_data.csv"
mahalla,1726277026,1726277026,Mannon Uygʻur,Shayxontohur tumani,population_total,NULL,persons,NULL,NULL,NOT PUBLISHED,NULL,NULL,NULL,"No public source publishes population at mahalla level for Tashkent City. Searched stat.uz, SIAT/hudud.stat.uz, toshstat.uz, data.egov.uz, aholi.stat.uz (2026 census), HDX, WorldPop. See 09_tashkent_missing_data.csv"
mahalla,1726277027,1726277027,Koʻkcha,Shayxontohur tumani,population_total,NULL,persons,NULL,NULL,NOT PUBLISHED,NULL,NULL,NULL,"No public source publishes population at mahalla level for Tashkent City. Searched stat.uz, SIAT/hudud.stat.uz, toshstat.uz, data.egov.uz, aholi.stat.uz (2026 census), HDX, WorldPop. See 09_tashkent_missing_data.csv"
mahalla,1726277028,1726277028,Sarxumdon,Shayxontohur tumani,population_total,NULL,persons,NULL,NULL,NOT PUBLISHED,NULL,NULL,NULL,"No public source publishes population at mahalla level for Tashkent City. Searched stat.uz, SIAT/hudud.stat.uz, toshstat.uz, data.egov.uz, aholi.stat.uz (2026 census), HDX, WorldPop. See 09_tashkent_missing_data.csv"
mahalla,1726277029,1726277029,Katta xovuz,Shayxontohur tumani,population_total,NULL,persons,NULL,NULL,NOT PUBLISHED,NULL,NULL,NULL,"No public source publishes population at mahalla level for Tashkent City. Searched stat.uz, SIAT/hudud.stat.uz, toshstat.uz, data.egov.uz, aholi.stat.uz (2026 census), HDX, WorldPop. See 09_tashkent_missing_data.csv"
mahalla,1726277030,1726277030,Tinchlik,Shayxontohur tumani,population_total,NULL,persons,NULL,NULL,NOT PUBLISHED,NULL,NULL,NULL,"No public source publishes population at mahalla level for Tashkent City. Searched stat.uz, SIAT/hudud.stat.uz, toshstat.uz, data.egov.uz, aholi.stat.uz (2026 census), HDX, WorldPop. See 09_tashkent_missing_data.csv"
mahalla,1726277031,1726277031,Bogʻ koʻcha,Shayxontohur tumani,population_total,NULL,persons,NULL,NULL,NOT PUBLISHED,NULL,NULL,NULL,"No public source publishes population at mahalla level for Tashkent City. Searched stat.uz, SIAT/hudud.stat.uz, toshstat.uz, data.egov.uz, aholi.stat.uz (2026 census), HDX, WorldPop. See 09_tashkent_missing_data.csv"
mahalla,1726277032,1726277032,Shofayzi,Shayxontohur tumani,population_total,NULL,persons,NULL,NULL,NOT PUBLISHED,NULL,NULL,NULL,"No public source publishes population at mahalla level for Tashkent City. Searched stat.uz, SIAT/hudud.stat.uz, toshstat.uz, data.egov.uz, aholi.stat.uz (2026 census), HDX, WorldPop. See 09_tashkent_missing_data.csv"
mahalla,1726277033,1726277033,Obinazir,Shayxontohur tumani,population_total,NULL,persons,NULL,NULL,NOT PUBLISHED,NULL,NULL,NULL,"No public source publishes population at mahalla level for Tashkent City. Searched stat.uz, SIAT/hudud.stat.uz, toshstat.uz, data.egov.uz, aholi.stat.uz (2026 census), HDX, WorldPop. See 09_tashkent_missing_data.csv"
mahalla,1726277034,1726277034,Ilgʻor,Shayxontohur tumani,population_total,NULL,persons,NULL,NULL,NOT PUBLISHED,NULL,NULL,NULL,"No public source publishes population at mahalla level for Tashkent City. Searched stat.uz, SIAT/hudud.stat.uz, toshstat.uz, data.egov.uz, aholi.stat.uz (2026 census), HDX, WorldPop. See 09_tashkent_missing_data.csv"
mahalla,1726277035,1726277035,Jarariq,Shayxontohur tumani,population_total,NULL,persons,NULL,NULL,NOT PUBLISHED,NULL,NULL,NULL,"No public source publishes population at mahalla level for Tashkent City. Searched stat.uz, SIAT/hudud.stat.uz, toshstat.uz, data.egov.uz, aholi.stat.uz (2026 census), HDX, WorldPop. See 09_tashkent_missing_data.csv"
mahalla,1726277036,1726277036,Koʻkcha darvoza,Shayxontohur tumani,population_total,NULL,persons,NULL,NULL,NOT PUBLISHED,NULL,NULL,NULL,"No public source publishes population at mahalla level for Tashkent City. Searched stat.uz, SIAT/hudud.stat.uz, toshstat.uz, data.egov.uz, aholi.stat.uz (2026 census), HDX, WorldPop. See 09_tashkent_missing_data.csv"
mahalla,1726277037,1726277037,Yangi shahar,Shayxontohur tumani,population_total,NULL,persons,NULL,NULL,NOT PUBLISHED,NULL,NULL,NULL,"No public source publishes population at mahalla level for Tashkent City. Searched stat.uz, SIAT/hudud.stat.uz, toshstat.uz, data.egov.uz, aholi.stat.uz (2026 census), HDX, WorldPop. See 09_tashkent_missing_data.csv"
mahalla,1726277038,1726277038,Kamolon,Shayxontohur tumani,population_total,NULL,persons,NULL,NULL,NOT PUBLISHED,NULL,NULL,NULL,"No public source publishes population at mahalla level for Tashkent City. Searched stat.uz, SIAT/hudud.stat.uz, toshstat.uz, data.egov.uz, aholi.stat.uz (2026 census), HDX, WorldPop. See 09_tashkent_missing_data.csv"
mahalla,1726277039,1726277039,Yangi obod,Shayxontohur tumani,population_total,NULL,persons,NULL,NULL,NOT PUBLISHED,NULL,NULL,NULL,"No public source publishes population at mahalla level for Tashkent City. Searched stat.uz, SIAT/hudud.stat.uz, toshstat.uz, data.egov.uz, aholi.stat.uz (2026 census), HDX, WorldPop. See 09_tashkent_missing_data.csv"
mahalla,1726277040,1726277040,Charxnovza,Shayxontohur tumani,population_total,NULL,persons,NULL,NULL,NOT PUBLISHED,NULL,NULL,NULL,"No public source publishes population at mahalla level for Tashkent City. Searched stat.uz, SIAT/hudud.stat.uz, toshstat.uz, data.egov.uz, aholi.stat.uz (2026 census), HDX, WorldPop. See 09_tashkent_missing_data.csv"
mahalla,1726277041,1726277041,Olim xoʻjayev,Shayxontohur tumani,population_total,NULL,persons,NULL,NULL,NOT PUBLISHED,NULL,NULL,NULL,"No public source publishes population at mahalla level for Tashkent City. Searched stat.uz, SIAT/hudud.stat.uz, toshstat.uz, data.egov.uz, aholi.stat.uz (2026 census), HDX, WorldPop. See 09_tashkent_missing_data.csv"
mahalla,1726277042,1726277042,Katta bogʻ,Shayxontohur tumani,population_total,NULL,persons,NULL,NULL,NOT PUBLISHED,NULL,NULL,NULL,"No public source publishes population at mahalla level for Tashkent City. Searched stat.uz, SIAT/hudud.stat.uz, toshstat.uz, data.egov.uz, aholi.stat.uz (2026 census), HDX, WorldPop. See 09_tashkent_missing_data.csv"
mahalla,1726277043,1726277043,Suzuk ota,Shayxontohur tumani,population_total,NULL,persons,NULL,NULL,NOT PUBLISHED,NULL,NULL,NULL,"No public source publishes population at mahalla level for Tashkent City. Searched stat.uz, SIAT/hudud.stat.uz, toshstat.uz, data.egov.uz, aholi.stat.uz (2026 census), HDX, WorldPop. See 09_tashkent_missing_data.csv"
mahalla,1726277044,1726277044,Katta oqtepa,Shayxontohur tumani,population_total,NULL,persons,NULL,NULL,NOT PUBLISHED,NULL,NULL,NULL,"No public source publishes population at mahalla level for Tashkent City. Searched stat.uz, SIAT/hudud.stat.uz, toshstat.uz, data.egov.uz, aholi.stat.uz (2026 census), HDX, WorldPop. See 09_tashkent_missing_data.csv"
mahalla,1726277045,1726277045,Eshonguzar,Shayxontohur tumani,population_total,NULL,persons,NULL,NULL,NOT PUBLISHED,NULL,NULL,NULL,"No public source publishes population at mahalla level for Tashkent City. Searched stat.uz, SIAT/hudud.stat.uz, toshstat.uz, data.egov.uz, aholi.stat.uz (2026 census), HDX, WorldPop. See 09_tashkent_missing_data.csv"
mahalla,1726277046,1726277046,Gulobod,Shayxontohur tumani,population_total,NULL,persons,NULL,NULL,NOT PUBLISHED,NULL,NULL,NULL,"No public source publishes population at mahalla level for Tashkent City. Searched stat.uz, SIAT/hudud.stat.uz, toshstat.uz, data.egov.uz, aholi.stat.uz (2026 census), HDX, WorldPop. See 09_tashkent_missing_data.csv"
mahalla,1726277047,1726277047,Samarqand darvoza,Shayxontohur tumani,population_total,NULL,persons,NULL,NULL,NOT PUBLISHED,NULL,NULL,NULL,"No public source publishes population at mahalla level for Tashkent City. Searched stat.uz, SIAT/hudud.stat.uz, toshstat.uz, data.egov.uz, aholi.stat.uz (2026 census), HDX, WorldPop. See 09_tashkent_missing_data.csv"
mahalla,1726277048,1726277048,Kamolon darvoza,Shayxontohur tumani,population_total,NULL,persons,NULL,NULL,NOT PUBLISHED,NULL,NULL,NULL,"No public source publishes population at mahalla level for Tashkent City. Searched stat.uz, SIAT/hudud.stat.uz, toshstat.uz, data.egov.uz, aholi.stat.uz (2026 census), HDX, WorldPop. See 09_tashkent_missing_data.csv"
mahalla,1726277049,1726277049,Yangi kamolon,Shayxontohur tumani,population_total,NULL,persons,NULL,NULL,NOT PUBLISHED,NULL,NULL,NULL,"No public source publishes population at mahalla level for Tashkent City. Searched stat.uz, SIAT/hudud.stat.uz, toshstat.uz, data.egov.uz, aholi.stat.uz (2026 census), HDX, WorldPop. See 09_tashkent_missing_data.csv"
mahalla,1726277050,1726277050,Chorsu,Shayxontohur tumani,population_total,NULL,persons,NULL,NULL,NOT PUBLISHED,NULL,NULL,NULL,"No public source publishes population at mahalla level for Tashkent City. Searched stat.uz, SIAT/hudud.stat.uz, toshstat.uz, data.egov.uz, aholi.stat.uz (2026 census), HDX, WorldPop. See 09_tashkent_missing_data.csv"
mahalla,1726277051,1726277051,Zangiota,Shayxontohur tumani,population_total,NULL,persons,NULL,NULL,NOT PUBLISHED,NULL,NULL,NULL,"No public source publishes population at mahalla level for Tashkent City. Searched stat.uz, SIAT/hudud.stat.uz, toshstat.uz, data.egov.uz, aholi.stat.uz (2026 census), HDX, WorldPop. See 09_tashkent_missing_data.csv"
mahalla,1726280001,1726280001,Mustaqillik,Olmazor tumani,population_total,NULL,persons,NULL,NULL,NOT PUBLISHED,NULL,NULL,NULL,"No public source publishes population at mahalla level for Tashkent City. Searched stat.uz, SIAT/hudud.stat.uz, toshstat.uz, data.egov.uz, aholi.stat.uz (2026 census), HDX, WorldPop. See 09_tashkent_missing_data.csv"
mahalla,1726280002,1726280002,Tepaguzar,Olmazor tumani,population_total,NULL,persons,NULL,NULL,NOT PUBLISHED,NULL,NULL,NULL,"No public source publishes population at mahalla level for Tashkent City. Searched stat.uz, SIAT/hudud.stat.uz, toshstat.uz, data.egov.uz, aholi.stat.uz (2026 census), HDX, WorldPop. See 09_tashkent_missing_data.csv"
mahalla,1726280003,1726280003,Nixol,Olmazor tumani,population_total,NULL,persons,NULL,NULL,NOT PUBLISHED,NULL,NULL,NULL,"No public source publishes population at mahalla level for Tashkent City. Searched stat.uz, SIAT/hudud.stat.uz, toshstat.uz, data.egov.uz, aholi.stat.uz (2026 census), HDX, WorldPop. See 09_tashkent_missing_data.csv"
mahalla,1726280004,1726280004,Chamanbogʻ,Olmazor tumani,population_total,NULL,persons,NULL,NULL,NOT PUBLISHED,NULL,NULL,NULL,"No public source publishes population at mahalla level for Tashkent City. Searched stat.uz, SIAT/hudud.stat.uz, toshstat.uz, data.egov.uz, aholi.stat.uz (2026 census), HDX, WorldPop. See 09_tashkent_missing_data.csv"
mahalla,1726280005,1726280005,Umid,Olmazor tumani,population_total,NULL,persons,NULL,NULL,NOT PUBLISHED,NULL,NULL,NULL,"No public source publishes population at mahalla level for Tashkent City. Searched stat.uz, SIAT/hudud.stat.uz, toshstat.uz, data.egov.uz, aholi.stat.uz (2026 census), HDX, WorldPop. See 09_tashkent_missing_data.csv"
mahalla,1726280006,1726280006,Yukori Beshqoʻrgʻon,Olmazor tumani,population_total,NULL,persons,NULL,NULL,NOT PUBLISHED,NULL,NULL,NULL,"No public source publishes population at mahalla level for Tashkent City. Searched stat.uz, SIAT/hudud.stat.uz, toshstat.uz, data.egov.uz, aholi.stat.uz (2026 census), HDX, WorldPop. See 09_tashkent_missing_data.csv"
mahalla,1726280007,1726280007,Shodiyona,Olmazor tumani,population_total,NULL,persons,NULL,NULL,NOT PUBLISHED,NULL,NULL,NULL,"No public source publishes population at mahalla level for Tashkent City. Searched stat.uz, SIAT/hudud.stat.uz, toshstat.uz, data.egov.uz, aholi.stat.uz (2026 census), HDX, WorldPop. See 09_tashkent_missing_data.csv"
mahalla,1726280008,1726280008,Yangi Toshkent,Olmazor tumani,population_total,NULL,persons,NULL,NULL,NOT PUBLISHED,NULL,NULL,NULL,"No public source publishes population at mahalla level for Tashkent City. Searched stat.uz, SIAT/hudud.stat.uz, toshstat.uz, data.egov.uz, aholi.stat.uz (2026 census), HDX, WorldPop. See 09_tashkent_missing_data.csv"
mahalla,1726280009,1726280009,Gʻalaba,Olmazor tumani,population_total,NULL,persons,NULL,NULL,NOT PUBLISHED,NULL,NULL,NULL,"No public source publishes population at mahalla level for Tashkent City. Searched stat.uz, SIAT/hudud.stat.uz, toshstat.uz, data.egov.uz, aholi.stat.uz (2026 census), HDX, WorldPop. See 09_tashkent_missing_data.csv"
mahalla,1726280010,1726280010,Moyarik,Olmazor tumani,population_total,NULL,persons,NULL,NULL,NOT PUBLISHED,NULL,NULL,NULL,"No public source publishes population at mahalla level for Tashkent City. Searched stat.uz, SIAT/hudud.stat.uz, toshstat.uz, data.egov.uz, aholi.stat.uz (2026 census), HDX, WorldPop. See 09_tashkent_missing_data.csv"
mahalla,1726280011,1726280011,Paxta,Olmazor tumani,population_total,NULL,persons,NULL,NULL,NOT PUBLISHED,NULL,NULL,NULL,"No public source publishes population at mahalla level for Tashkent City. Searched stat.uz, SIAT/hudud.stat.uz, toshstat.uz, data.egov.uz, aholi.stat.uz (2026 census), HDX, WorldPop. See 09_tashkent_missing_data.csv"
mahalla,1726280012,1726280012,Yoshlik,Olmazor tumani,population_total,NULL,persons,NULL,NULL,NOT PUBLISHED,NULL,NULL,NULL,"No public source publishes population at mahalla level for Tashkent City. Searched stat.uz, SIAT/hudud.stat.uz, toshstat.uz, data.egov.uz, aholi.stat.uz (2026 census), HDX, WorldPop. See 09_tashkent_missing_data.csv"
mahalla,1726280013,1726280013,Tabassum,Olmazor tumani,population_total,NULL,persons,NULL,NULL,NOT PUBLISHED,NULL,NULL,NULL,"No public source publishes population at mahalla level for Tashkent City. Searched stat.uz, SIAT/hudud.stat.uz, toshstat.uz, data.egov.uz, aholi.stat.uz (2026 census), HDX, WorldPop. See 09_tashkent_missing_data.csv"
mahalla,1726280014,1726280014,Shon-Shuxrat,Olmazor tumani,population_total,NULL,persons,NULL,NULL,NOT PUBLISHED,NULL,NULL,NULL,"No public source publishes population at mahalla level for Tashkent City. Searched stat.uz, SIAT/hudud.stat.uz, toshstat.uz, data.egov.uz, aholi.stat.uz (2026 census), HDX, WorldPop. See 09_tashkent_missing_data.csv"
mahalla,1726280015,1726280015,Olimpiya,Olmazor tumani,population_total,NULL,persons,NULL,NULL,NOT PUBLISHED,NULL,NULL,NULL,"No public source publishes population at mahalla level for Tashkent City. Searched stat.uz, SIAT/hudud.stat.uz, toshstat.uz, data.egov.uz, aholi.stat.uz (2026 census), HDX, WorldPop. See 09_tashkent_missing_data.csv"
mahalla,1726280016,1726280016,Boʻstonobod,Olmazor tumani,population_total,NULL,persons,NULL,NULL,NOT PUBLISHED,NULL,NULL,NULL,"No public source publishes population at mahalla level for Tashkent City. Searched stat.uz, SIAT/hudud.stat.uz, toshstat.uz, data.egov.uz, aholi.stat.uz (2026 census), HDX, WorldPop. See 09_tashkent_missing_data.csv"
mahalla,1726280017,1726280017,Istiqbol,Olmazor tumani,population_total,NULL,persons,NULL,NULL,NOT PUBLISHED,NULL,NULL,NULL,"No public source publishes population at mahalla level for Tashkent City. Searched stat.uz, SIAT/hudud.stat.uz, toshstat.uz, data.egov.uz, aholi.stat.uz (2026 census), HDX, WorldPop. See 09_tashkent_missing_data.csv"
mahalla,1726280018,1726280018,Ahil,Olmazor tumani,population_total,NULL,persons,NULL,NULL,NOT PUBLISHED,NULL,NULL,NULL,"No public source publishes population at mahalla level for Tashkent City. Searched stat.uz, SIAT/hudud.stat.uz, toshstat.uz, data.egov.uz, aholi.stat.uz (2026 census), HDX, WorldPop. See 09_tashkent_missing_data.csv"
mahalla,1726280019,1726280019,Qichqiriq,Olmazor tumani,population_total,NULL,persons,NULL,NULL,NOT PUBLISHED,NULL,NULL,NULL,"No public source publishes population at mahalla level for Tashkent City. Searched stat.uz, SIAT/hudud.stat.uz, toshstat.uz, data.egov.uz, aholi.stat.uz (2026 census), HDX, WorldPop. See 09_tashkent_missing_data.csv"
mahalla,1726280020,1726280020,Qorasaroy,Olmazor tumani,population_total,NULL,persons,NULL,NULL,NOT PUBLISHED,NULL,NULL,NULL,"No public source publishes population at mahalla level for Tashkent City. Searched stat.uz, SIAT/hudud.stat.uz, toshstat.uz, data.egov.uz, aholi.stat.uz (2026 census), HDX, WorldPop. See 09_tashkent_missing_data.csv"
mahalla,1726280021,1726280021,Gulzor,Olmazor tumani,population_total,NULL,persons,NULL,NULL,NOT PUBLISHED,NULL,NULL,NULL,"No public source publishes population at mahalla level for Tashkent City. Searched stat.uz, SIAT/hudud.stat.uz, toshstat.uz, data.egov.uz, aholi.stat.uz (2026 census), HDX, WorldPop. See 09_tashkent_missing_data.csv"
mahalla,1726280022,1726280022,Miskin,Olmazor tumani,population_total,NULL,persons,NULL,NULL,NOT PUBLISHED,NULL,NULL,NULL,"No public source publishes population at mahalla level for Tashkent City. Searched stat.uz, SIAT/hudud.stat.uz, toshstat.uz, data.egov.uz, aholi.stat.uz (2026 census), HDX, WorldPop. See 09_tashkent_missing_data.csv"
mahalla,1726280023,1726280023,Taraqqiyot,Olmazor tumani,population_total,NULL,persons,NULL,NULL,NOT PUBLISHED,NULL,NULL,NULL,"No public source publishes population at mahalla level for Tashkent City. Searched stat.uz, SIAT/hudud.stat.uz, toshstat.uz, data.egov.uz, aholi.stat.uz (2026 census), HDX, WorldPop. See 09_tashkent_missing_data.csv"
mahalla,1726280024,1726280024,Islom ota,Olmazor tumani,population_total,NULL,persons,NULL,NULL,NOT PUBLISHED,NULL,NULL,NULL,"No public source publishes population at mahalla level for Tashkent City. Searched stat.uz, SIAT/hudud.stat.uz, toshstat.uz, data.egov.uz, aholi.stat.uz (2026 census), HDX, WorldPop. See 09_tashkent_missing_data.csv"
mahalla,1726280025,1726280025,Chuqursoy,Olmazor tumani,population_total,NULL,persons,NULL,NULL,NOT PUBLISHED,NULL,NULL,NULL,"No public source publishes population at mahalla level for Tashkent City. Searched stat.uz, SIAT/hudud.stat.uz, toshstat.uz, data.egov.uz, aholi.stat.uz (2026 census), HDX, WorldPop. See 09_tashkent_missing_data.csv"
mahalla,1726280026,1726280026,Gurucharik,Olmazor tumani,population_total,NULL,persons,NULL,NULL,NOT PUBLISHED,NULL,NULL,NULL,"No public source publishes population at mahalla level for Tashkent City. Searched stat.uz, SIAT/hudud.stat.uz, toshstat.uz, data.egov.uz, aholi.stat.uz (2026 census), HDX, WorldPop. See 09_tashkent_missing_data.csv"
mahalla,1726280027,1726280027,Hazrati imom,Olmazor tumani,population_total,NULL,persons,NULL,NULL,NOT PUBLISHED,NULL,NULL,NULL,"No public source publishes population at mahalla level for Tashkent City. Searched stat.uz, SIAT/hudud.stat.uz, toshstat.uz, data.egov.uz, aholi.stat.uz (2026 census), HDX, WorldPop. See 09_tashkent_missing_data.csv"
mahalla,1726280028,1726280028,Oltinsoy,Olmazor tumani,population_total,NULL,persons,NULL,NULL,NOT PUBLISHED,NULL,NULL,NULL,"No public source publishes population at mahalla level for Tashkent City. Searched stat.uz, SIAT/hudud.stat.uz, toshstat.uz, data.egov.uz, aholi.stat.uz (2026 census), HDX, WorldPop. See 09_tashkent_missing_data.csv"
mahalla,1726280029,1726280029,Ibroxim ota,Olmazor tumani,population_total,NULL,persons,NULL,NULL,NOT PUBLISHED,NULL,NULL,NULL,"No public source publishes population at mahalla level for Tashkent City. Searched stat.uz, SIAT/hudud.stat.uz, toshstat.uz, data.egov.uz, aholi.stat.uz (2026 census), HDX, WorldPop. See 09_tashkent_missing_data.csv"
mahalla,1726280030,1726280030,Gulsaroy,Olmazor tumani,population_total,NULL,persons,NULL,NULL,NOT PUBLISHED,NULL,NULL,NULL,"No public source publishes population at mahalla level for Tashkent City. Searched stat.uz, SIAT/hudud.stat.uz, toshstat.uz, data.egov.uz, aholi.stat.uz (2026 census), HDX, WorldPop. See 09_tashkent_missing_data.csv"
mahalla,1726280031,1726280031,Chiltoʻgʻon,Olmazor tumani,population_total,NULL,persons,NULL,NULL,NOT PUBLISHED,NULL,NULL,NULL,"No public source publishes population at mahalla level for Tashkent City. Searched stat.uz, SIAT/hudud.stat.uz, toshstat.uz, data.egov.uz, aholi.stat.uz (2026 census), HDX, WorldPop. See 09_tashkent_missing_data.csv"
mahalla,1726280032,1726280032,Gʻani-Aʼzamov,Olmazor tumani,population_total,NULL,persons,NULL,NULL,NOT PUBLISHED,NULL,NULL,NULL,"No public source publishes population at mahalla level for Tashkent City. Searched stat.uz, SIAT/hudud.stat.uz, toshstat.uz, data.egov.uz, aholi.stat.uz (2026 census), HDX, WorldPop. See 09_tashkent_missing_data.csv"
mahalla,1726280033,1726280033,Eski shaxar,Olmazor tumani,population_total,NULL,persons,NULL,NULL,NOT PUBLISHED,NULL,NULL,NULL,"No public source publishes population at mahalla level for Tashkent City. Searched stat.uz, SIAT/hudud.stat.uz, toshstat.uz, data.egov.uz, aholi.stat.uz (2026 census), HDX, WorldPop. See 09_tashkent_missing_data.csv"
mahalla,1726280034,1726280034,Chustiy,Olmazor tumani,population_total,NULL,persons,NULL,NULL,NOT PUBLISHED,NULL,NULL,NULL,"No public source publishes population at mahalla level for Tashkent City. Searched stat.uz, SIAT/hudud.stat.uz, toshstat.uz, data.egov.uz, aholi.stat.uz (2026 census), HDX, WorldPop. See 09_tashkent_missing_data.csv"
mahalla,1726280035,1726280035,Quyosh,Olmazor tumani,population_total,NULL,persons,NULL,NULL,NOT PUBLISHED,NULL,NULL,NULL,"No public source publishes population at mahalla level for Tashkent City. Searched stat.uz, SIAT/hudud.stat.uz, toshstat.uz, data.egov.uz, aholi.stat.uz (2026 census), HDX, WorldPop. See 09_tashkent_missing_data.csv"
mahalla,1726280036,1726280036,Xonchorbogʻ,Olmazor tumani,population_total,NULL,persons,NULL,NULL,NOT PUBLISHED,NULL,NULL,NULL,"No public source publishes population at mahalla level for Tashkent City. Searched stat.uz, SIAT/hudud.stat.uz, toshstat.uz, data.egov.uz, aholi.stat.uz (2026 census), HDX, WorldPop. See 09_tashkent_missing_data.csv"
mahalla,1726280037,1726280037,Yuqori Sebzor,Olmazor tumani,population_total,NULL,persons,NULL,NULL,NOT PUBLISHED,NULL,NULL,NULL,"No public source publishes population at mahalla level for Tashkent City. Searched stat.uz, SIAT/hudud.stat.uz, toshstat.uz, data.egov.uz, aholi.stat.uz (2026 census), HDX, WorldPop. See 09_tashkent_missing_data.csv"
mahalla,1726280038,1726280038,Namuna,Olmazor tumani,population_total,NULL,persons,NULL,NULL,NOT PUBLISHED,NULL,NULL,NULL,"No public source publishes population at mahalla level for Tashkent City. Searched stat.uz, SIAT/hudud.stat.uz, toshstat.uz, data.egov.uz, aholi.stat.uz (2026 census), HDX, WorldPop. See 09_tashkent_missing_data.csv"
mahalla,1726280039,1726280039,Xofiz Koʻxakiy,Olmazor tumani,population_total,NULL,persons,NULL,NULL,NOT PUBLISHED,NULL,NULL,NULL,"No public source publishes population at mahalla level for Tashkent City. Searched stat.uz, SIAT/hudud.stat.uz, toshstat.uz, data.egov.uz, aholi.stat.uz (2026 census), HDX, WorldPop. See 09_tashkent_missing_data.csv"
mahalla,1726280040,1726280040,A.B.Shoshiy,Olmazor tumani,population_total,NULL,persons,NULL,NULL,NOT PUBLISHED,NULL,NULL,NULL,"No public source publishes population at mahalla level for Tashkent City. Searched stat.uz, SIAT/hudud.stat.uz, toshstat.uz, data.egov.uz, aholi.stat.uz (2026 census), HDX, WorldPop. See 09_tashkent_missing_data.csv"
mahalla,1726280041,1726280041,Yangi Sebzor,Olmazor tumani,population_total,NULL,persons,NULL,NULL,NOT PUBLISHED,NULL,NULL,NULL,"No public source publishes population at mahalla level for Tashkent City. Searched stat.uz, SIAT/hudud.stat.uz, toshstat.uz, data.egov.uz, aholi.stat.uz (2026 census), HDX, WorldPop. See 09_tashkent_missing_data.csv"
mahalla,1726280042,1726280042,Sebzor,Olmazor tumani,population_total,NULL,persons,NULL,NULL,NOT PUBLISHED,NULL,NULL,NULL,"No public source publishes population at mahalla level for Tashkent City. Searched stat.uz, SIAT/hudud.stat.uz, toshstat.uz, data.egov.uz, aholi.stat.uz (2026 census), HDX, WorldPop. See 09_tashkent_missing_data.csv"
mahalla,1726280043,1726280043,Qoʻshtut,Olmazor tumani,population_total,NULL,persons,NULL,NULL,NOT PUBLISHED,NULL,NULL,NULL,"No public source publishes population at mahalla level for Tashkent City. Searched stat.uz, SIAT/hudud.stat.uz, toshstat.uz, data.egov.uz, aholi.stat.uz (2026 census), HDX, WorldPop. See 09_tashkent_missing_data.csv"
mahalla,1726280044,1726280044,Xastimom,Olmazor tumani,population_total,NULL,persons,NULL,NULL,NOT PUBLISHED,NULL,NULL,NULL,"No public source publishes population at mahalla level for Tashkent City. Searched stat.uz, SIAT/hudud.stat.uz, toshstat.uz, data.egov.uz, aholi.stat.uz (2026 census), HDX, WorldPop. See 09_tashkent_missing_data.csv"
mahalla,1726280045,1726280045,Chigʻatoy Darboza,Olmazor tumani,population_total,NULL,persons,NULL,NULL,NOT PUBLISHED,NULL,NULL,NULL,"No public source publishes population at mahalla level for Tashkent City. Searched stat.uz, SIAT/hudud.stat.uz, toshstat.uz, data.egov.uz, aholi.stat.uz (2026 census), HDX, WorldPop. See 09_tashkent_missing_data.csv"
mahalla,1726280046,1726280046,Guzarboshi,Olmazor tumani,population_total,NULL,persons,NULL,NULL,NOT PUBLISHED,NULL,NULL,NULL,"No public source publishes population at mahalla level for Tashkent City. Searched stat.uz, SIAT/hudud.stat.uz, toshstat.uz, data.egov.uz, aholi.stat.uz (2026 census), HDX, WorldPop. See 09_tashkent_missing_data.csv"
mahalla,1726280047,1726280047,Universitet,Olmazor tumani,population_total,NULL,persons,NULL,NULL,NOT PUBLISHED,NULL,NULL,NULL,"No public source publishes population at mahalla level for Tashkent City. Searched stat.uz, SIAT/hudud.stat.uz, toshstat.uz, data.egov.uz, aholi.stat.uz (2026 census), HDX, WorldPop. See 09_tashkent_missing_data.csv"
mahalla,1726280048,1726280048,Allon,Olmazor tumani,population_total,NULL,persons,NULL,NULL,NOT PUBLISHED,NULL,NULL,NULL,"No public source publishes population at mahalla level for Tashkent City. Searched stat.uz, SIAT/hudud.stat.uz, toshstat.uz, data.egov.uz, aholi.stat.uz (2026 census), HDX, WorldPop. See 09_tashkent_missing_data.csv"
mahalla,1726280049,1726280049,Orzu,Olmazor tumani,population_total,NULL,persons,NULL,NULL,NOT PUBLISHED,NULL,NULL,NULL,"No public source publishes population at mahalla level for Tashkent City. Searched stat.uz, SIAT/hudud.stat.uz, toshstat.uz, data.egov.uz, aholi.stat.uz (2026 census), HDX, WorldPop. See 09_tashkent_missing_data.csv"
mahalla,1726280050,1726280050,Achaobod,Olmazor tumani,population_total,NULL,persons,NULL,NULL,NOT PUBLISHED,NULL,NULL,NULL,"No public source publishes population at mahalla level for Tashkent City. Searched stat.uz, SIAT/hudud.stat.uz, toshstat.uz, data.egov.uz, aholi.stat.uz (2026 census), HDX, WorldPop. See 09_tashkent_missing_data.csv"
mahalla,1726280051,1726280051,Ziyo,Olmazor tumani,population_total,NULL,persons,NULL,NULL,NOT PUBLISHED,NULL,NULL,NULL,"No public source publishes population at mahalla level for Tashkent City. Searched stat.uz, SIAT/hudud.stat.uz, toshstat.uz, data.egov.uz, aholi.stat.uz (2026 census), HDX, WorldPop. See 09_tashkent_missing_data.csv"
mahalla,1726280052,1726280052,Ziyokor,Olmazor tumani,population_total,NULL,persons,NULL,NULL,NOT PUBLISHED,NULL,NULL,NULL,"No public source publishes population at mahalla level for Tashkent City. Searched stat.uz, SIAT/hudud.stat.uz, toshstat.uz, data.egov.uz, aholi.stat.uz (2026 census), HDX, WorldPop. See 09_tashkent_missing_data.csv"
mahalla,1726280053,1726280053,Chimboy,Olmazor tumani,population_total,NULL,persons,NULL,NULL,NOT PUBLISHED,NULL,NULL,NULL,"No public source publishes population at mahalla level for Tashkent City. Searched stat.uz, SIAT/hudud.stat.uz, toshstat.uz, data.egov.uz, aholi.stat.uz (2026 census), HDX, WorldPop. See 09_tashkent_missing_data.csv"
mahalla,1726280054,1726280054,Shifokorlar,Olmazor tumani,population_total,NULL,persons,NULL,NULL,NOT PUBLISHED,NULL,NULL,NULL,"No public source publishes population at mahalla level for Tashkent City. Searched stat.uz, SIAT/hudud.stat.uz, toshstat.uz, data.egov.uz, aholi.stat.uz (2026 census), HDX, WorldPop. See 09_tashkent_missing_data.csv"
mahalla,1726280055,1726280055,Xislat,Olmazor tumani,population_total,NULL,persons,NULL,NULL,NOT PUBLISHED,NULL,NULL,NULL,"No public source publishes population at mahalla level for Tashkent City. Searched stat.uz, SIAT/hudud.stat.uz, toshstat.uz, data.egov.uz, aholi.stat.uz (2026 census), HDX, WorldPop. See 09_tashkent_missing_data.csv"
mahalla,1726280056,1726280056,Chigʻatoy-Oqtepa,Olmazor tumani,population_total,NULL,persons,NULL,NULL,NOT PUBLISHED,NULL,NULL,NULL,"No public source publishes population at mahalla level for Tashkent City. Searched stat.uz, SIAT/hudud.stat.uz, toshstat.uz, data.egov.uz, aholi.stat.uz (2026 census), HDX, WorldPop. See 09_tashkent_missing_data.csv"
mahalla,1726280057,1726280057,Mirza Gʻolib,Olmazor tumani,population_total,NULL,persons,NULL,NULL,NOT PUBLISHED,NULL,NULL,NULL,"No public source publishes population at mahalla level for Tashkent City. Searched stat.uz, SIAT/hudud.stat.uz, toshstat.uz, data.egov.uz, aholi.stat.uz (2026 census), HDX, WorldPop. See 09_tashkent_missing_data.csv"
mahalla,1726280058,1726280058,Jiydali,Olmazor tumani,population_total,NULL,persons,NULL,NULL,NOT PUBLISHED,NULL,NULL,NULL,"No public source publishes population at mahalla level for Tashkent City. Searched stat.uz, SIAT/hudud.stat.uz, toshstat.uz, data.egov.uz, aholi.stat.uz (2026 census), HDX, WorldPop. See 09_tashkent_missing_data.csv"
mahalla,1726280059,1726280059,Beruniy,Olmazor tumani,population_total,NULL,persons,NULL,NULL,NOT PUBLISHED,NULL,NULL,NULL,"No public source publishes population at mahalla level for Tashkent City. Searched stat.uz, SIAT/hudud.stat.uz, toshstat.uz, data.egov.uz, aholi.stat.uz (2026 census), HDX, WorldPop. See 09_tashkent_missing_data.csv"
mahalla,1726280060,1726280060,Chinniobod,Olmazor tumani,population_total,NULL,persons,NULL,NULL,NOT PUBLISHED,NULL,NULL,NULL,"No public source publishes population at mahalla level for Tashkent City. Searched stat.uz, SIAT/hudud.stat.uz, toshstat.uz, data.egov.uz, aholi.stat.uz (2026 census), HDX, WorldPop. See 09_tashkent_missing_data.csv"
mahalla,1726280061,1726280061,Elparvar,Olmazor tumani,population_total,NULL,persons,NULL,NULL,NOT PUBLISHED,NULL,NULL,NULL,"No public source publishes population at mahalla level for Tashkent City. Searched stat.uz, SIAT/hudud.stat.uz, toshstat.uz, data.egov.uz, aholi.stat.uz (2026 census), HDX, WorldPop. See 09_tashkent_missing_data.csv"
mahalla,1726280062,1726280062,Kaykovus,Olmazor tumani,population_total,NULL,persons,NULL,NULL,NOT PUBLISHED,NULL,NULL,NULL,"No public source publishes population at mahalla level for Tashkent City. Searched stat.uz, SIAT/hudud.stat.uz, toshstat.uz, data.egov.uz, aholi.stat.uz (2026 census), HDX, WorldPop. See 09_tashkent_missing_data.csv"
mahalla,1726280063,1726280063,Zamondosh,Olmazor tumani,population_total,NULL,persons,NULL,NULL,NOT PUBLISHED,NULL,NULL,NULL,"No public source publishes population at mahalla level for Tashkent City. Searched stat.uz, SIAT/hudud.stat.uz, toshstat.uz, data.egov.uz, aholi.stat.uz (2026 census), HDX, WorldPop. See 09_tashkent_missing_data.csv"
mahalla,1726280064,1726280064,Zarxal,Olmazor tumani,population_total,NULL,persons,NULL,NULL,NOT PUBLISHED,NULL,NULL,NULL,"No public source publishes population at mahalla level for Tashkent City. Searched stat.uz, SIAT/hudud.stat.uz, toshstat.uz, data.egov.uz, aholi.stat.uz (2026 census), HDX, WorldPop. See 09_tashkent_missing_data.csv"
mahalla,1726283001,1726283001,Oʻzgarish,Sergeli tumani,population_total,NULL,persons,NULL,NULL,NOT PUBLISHED,NULL,NULL,NULL,"No public source publishes population at mahalla level for Tashkent City. Searched stat.uz, SIAT/hudud.stat.uz, toshstat.uz, data.egov.uz, aholi.stat.uz (2026 census), HDX, WorldPop. See 09_tashkent_missing_data.csv"
mahalla,1726283002,1726283002,Xabibiy,Sergeli tumani,population_total,NULL,persons,NULL,NULL,NOT PUBLISHED,NULL,NULL,NULL,"No public source publishes population at mahalla level for Tashkent City. Searched stat.uz, SIAT/hudud.stat.uz, toshstat.uz, data.egov.uz, aholi.stat.uz (2026 census), HDX, WorldPop. See 09_tashkent_missing_data.csv"
mahalla,1726283003,1726283003,Mehrigiyo,Sergeli tumani,population_total,NULL,persons,NULL,NULL,NOT PUBLISHED,NULL,NULL,NULL,"No public source publishes population at mahalla level for Tashkent City. Searched stat.uz, SIAT/hudud.stat.uz, toshstat.uz, data.egov.uz, aholi.stat.uz (2026 census), HDX, WorldPop. See 09_tashkent_missing_data.csv"
mahalla,1726283004,1726283004,Ezgulik,Sergeli tumani,population_total,NULL,persons,NULL,NULL,NOT PUBLISHED,NULL,NULL,NULL,"No public source publishes population at mahalla level for Tashkent City. Searched stat.uz, SIAT/hudud.stat.uz, toshstat.uz, data.egov.uz, aholi.stat.uz (2026 census), HDX, WorldPop. See 09_tashkent_missing_data.csv"
mahalla,1726283005,1726283005,Bunyodobod,Sergeli tumani,population_total,NULL,persons,NULL,NULL,NOT PUBLISHED,NULL,NULL,NULL,"No public source publishes population at mahalla level for Tashkent City. Searched stat.uz, SIAT/hudud.stat.uz, toshstat.uz, data.egov.uz, aholi.stat.uz (2026 census), HDX, WorldPop. See 09_tashkent_missing_data.csv"
mahalla,1726283006,1726283006,Yangi Bunyodobod,Sergeli tumani,population_total,NULL,persons,NULL,NULL,NOT PUBLISHED,NULL,NULL,NULL,"No public source publishes population at mahalla level for Tashkent City. Searched stat.uz, SIAT/hudud.stat.uz, toshstat.uz, data.egov.uz, aholi.stat.uz (2026 census), HDX, WorldPop. See 09_tashkent_missing_data.csv"
mahalla,1726283007,1726283007,Joʻnariq,Sergeli tumani,population_total,NULL,persons,NULL,NULL,NOT PUBLISHED,NULL,NULL,NULL,"No public source publishes population at mahalla level for Tashkent City. Searched stat.uz, SIAT/hudud.stat.uz, toshstat.uz, data.egov.uz, aholi.stat.uz (2026 census), HDX, WorldPop. See 09_tashkent_missing_data.csv"
mahalla,1726283008,1726283008,Yuqori Darhon,Sergeli tumani,population_total,NULL,persons,NULL,NULL,NOT PUBLISHED,NULL,NULL,NULL,"No public source publishes population at mahalla level for Tashkent City. Searched stat.uz, SIAT/hudud.stat.uz, toshstat.uz, data.egov.uz, aholi.stat.uz (2026 census), HDX, WorldPop. See 09_tashkent_missing_data.csv"
mahalla,1726283009,1726283009,Madadkor,Sergeli tumani,population_total,NULL,persons,NULL,NULL,NOT PUBLISHED,NULL,NULL,NULL,"No public source publishes population at mahalla level for Tashkent City. Searched stat.uz, SIAT/hudud.stat.uz, toshstat.uz, data.egov.uz, aholi.stat.uz (2026 census), HDX, WorldPop. See 09_tashkent_missing_data.csv"
mahalla,1726283010,1726283010,Ziynat,Sergeli tumani,population_total,NULL,persons,NULL,NULL,NOT PUBLISHED,NULL,NULL,NULL,"No public source publishes population at mahalla level for Tashkent City. Searched stat.uz, SIAT/hudud.stat.uz, toshstat.uz, data.egov.uz, aholi.stat.uz (2026 census), HDX, WorldPop. See 09_tashkent_missing_data.csv"
mahalla,1726283011,1726283011,Yangi Sergeli,Sergeli tumani,population_total,NULL,persons,NULL,NULL,NOT PUBLISHED,NULL,NULL,NULL,"No public source publishes population at mahalla level for Tashkent City. Searched stat.uz, SIAT/hudud.stat.uz, toshstat.uz, data.egov.uz, aholi.stat.uz (2026 census), HDX, WorldPop. See 09_tashkent_missing_data.csv"
mahalla,1726283012,1726283012,Sohibqiron,Sergeli tumani,population_total,NULL,persons,NULL,NULL,NOT PUBLISHED,NULL,NULL,NULL,"No public source publishes population at mahalla level for Tashkent City. Searched stat.uz, SIAT/hudud.stat.uz, toshstat.uz, data.egov.uz, aholi.stat.uz (2026 census), HDX, WorldPop. See 09_tashkent_missing_data.csv"
mahalla,1726283013,1726283013,Sofdil,Sergeli tumani,population_total,NULL,persons,NULL,NULL,NOT PUBLISHED,NULL,NULL,NULL,"No public source publishes population at mahalla level for Tashkent City. Searched stat.uz, SIAT/hudud.stat.uz, toshstat.uz, data.egov.uz, aholi.stat.uz (2026 census), HDX, WorldPop. See 09_tashkent_missing_data.csv"
mahalla,1726283014,1726283014,Xontepa,Sergeli tumani,population_total,NULL,persons,NULL,NULL,NOT PUBLISHED,NULL,NULL,NULL,"No public source publishes population at mahalla level for Tashkent City. Searched stat.uz, SIAT/hudud.stat.uz, toshstat.uz, data.egov.uz, aholi.stat.uz (2026 census), HDX, WorldPop. See 09_tashkent_missing_data.csv"
mahalla,1726283015,1726283015,Quruvchilar,Sergeli tumani,population_total,NULL,persons,NULL,NULL,NOT PUBLISHED,NULL,NULL,NULL,"No public source publishes population at mahalla level for Tashkent City. Searched stat.uz, SIAT/hudud.stat.uz, toshstat.uz, data.egov.uz, aholi.stat.uz (2026 census), HDX, WorldPop. See 09_tashkent_missing_data.csv"
mahalla,1726283016,1726283016,Daryo boʻyi,Sergeli tumani,population_total,NULL,persons,NULL,NULL,NOT PUBLISHED,NULL,NULL,NULL,"No public source publishes population at mahalla level for Tashkent City. Searched stat.uz, SIAT/hudud.stat.uz, toshstat.uz, data.egov.uz, aholi.stat.uz (2026 census), HDX, WorldPop. See 09_tashkent_missing_data.csv"
mahalla,1726283017,1726283017,Nurhayot,Sergeli tumani,population_total,NULL,persons,NULL,NULL,NOT PUBLISHED,NULL,NULL,NULL,"No public source publishes population at mahalla level for Tashkent City. Searched stat.uz, SIAT/hudud.stat.uz, toshstat.uz, data.egov.uz, aholi.stat.uz (2026 census), HDX, WorldPop. See 09_tashkent_missing_data.csv"
mahalla,1726283018,1726283018,Saxovat,Sergeli tumani,population_total,NULL,persons,NULL,NULL,NOT PUBLISHED,NULL,NULL,NULL,"No public source publishes population at mahalla level for Tashkent City. Searched stat.uz, SIAT/hudud.stat.uz, toshstat.uz, data.egov.uz, aholi.stat.uz (2026 census), HDX, WorldPop. See 09_tashkent_missing_data.csv"
mahalla,1726283019,1726283019,Qipchoq,Sergeli tumani,population_total,NULL,persons,NULL,NULL,NOT PUBLISHED,NULL,NULL,NULL,"No public source publishes population at mahalla level for Tashkent City. Searched stat.uz, SIAT/hudud.stat.uz, toshstat.uz, data.egov.uz, aholi.stat.uz (2026 census), HDX, WorldPop. See 09_tashkent_missing_data.csv"
mahalla,1726283020,1726283020,Sugʻdiyona,Sergeli tumani,population_total,NULL,persons,NULL,NULL,NOT PUBLISHED,NULL,NULL,NULL,"No public source publishes population at mahalla level for Tashkent City. Searched stat.uz, SIAT/hudud.stat.uz, toshstat.uz, data.egov.uz, aholi.stat.uz (2026 census), HDX, WorldPop. See 09_tashkent_missing_data.csv"
mahalla,1726283021,1726283021,Nilufar,Sergeli tumani,population_total,NULL,persons,NULL,NULL,NOT PUBLISHED,NULL,NULL,NULL,"No public source publishes population at mahalla level for Tashkent City. Searched stat.uz, SIAT/hudud.stat.uz, toshstat.uz, data.egov.uz, aholi.stat.uz (2026 census), HDX, WorldPop. See 09_tashkent_missing_data.csv"
mahalla,1726283022,1726283022,Ittifoq,Sergeli tumani,population_total,NULL,persons,NULL,NULL,NOT PUBLISHED,NULL,NULL,NULL,"No public source publishes population at mahalla level for Tashkent City. Searched stat.uz, SIAT/hudud.stat.uz, toshstat.uz, data.egov.uz, aholi.stat.uz (2026 census), HDX, WorldPop. See 09_tashkent_missing_data.csv"
mahalla,1726283023,1726283023,Farog'atli,Sergeli tumani,population_total,NULL,persons,NULL,NULL,NOT PUBLISHED,NULL,NULL,NULL,"No public source publishes population at mahalla level for Tashkent City. Searched stat.uz, SIAT/hudud.stat.uz, toshstat.uz, data.egov.uz, aholi.stat.uz (2026 census), HDX, WorldPop. See 09_tashkent_missing_data.csv"
mahalla,1726283024,1726283024,Eshonbuloq,Sergeli tumani,population_total,NULL,persons,NULL,NULL,NOT PUBLISHED,NULL,NULL,NULL,"No public source publishes population at mahalla level for Tashkent City. Searched stat.uz, SIAT/hudud.stat.uz, toshstat.uz, data.egov.uz, aholi.stat.uz (2026 census), HDX, WorldPop. See 09_tashkent_missing_data.csv"
mahalla,1726283025,1726283025,Jaloyir,Sergeli tumani,population_total,NULL,persons,NULL,NULL,NOT PUBLISHED,NULL,NULL,NULL,"No public source publishes population at mahalla level for Tashkent City. Searched stat.uz, SIAT/hudud.stat.uz, toshstat.uz, data.egov.uz, aholi.stat.uz (2026 census), HDX, WorldPop. See 09_tashkent_missing_data.csv"
mahalla,1726283026,1726283026,Nomdanak,Sergeli tumani,population_total,NULL,persons,NULL,NULL,NOT PUBLISHED,NULL,NULL,NULL,"No public source publishes population at mahalla level for Tashkent City. Searched stat.uz, SIAT/hudud.stat.uz, toshstat.uz, data.egov.uz, aholi.stat.uz (2026 census), HDX, WorldPop. See 09_tashkent_missing_data.csv"
mahalla,1726283027,1726283027,Qumariq,Sergeli tumani,population_total,NULL,persons,NULL,NULL,NOT PUBLISHED,NULL,NULL,NULL,"No public source publishes population at mahalla level for Tashkent City. Searched stat.uz, SIAT/hudud.stat.uz, toshstat.uz, data.egov.uz, aholi.stat.uz (2026 census), HDX, WorldPop. See 09_tashkent_missing_data.csv"
mahalla,1726283028,1726283028,Xonobodtepa,Sergeli tumani,population_total,NULL,persons,NULL,NULL,NOT PUBLISHED,NULL,NULL,NULL,"No public source publishes population at mahalla level for Tashkent City. Searched stat.uz, SIAT/hudud.stat.uz, toshstat.uz, data.egov.uz, aholi.stat.uz (2026 census), HDX, WorldPop. See 09_tashkent_missing_data.csv"
mahalla,1726283029,1726283029,Ziyolilar,Sergeli tumani,population_total,NULL,persons,NULL,NULL,NOT PUBLISHED,NULL,NULL,NULL,"No public source publishes population at mahalla level for Tashkent City. Searched stat.uz, SIAT/hudud.stat.uz, toshstat.uz, data.egov.uz, aholi.stat.uz (2026 census), HDX, WorldPop. See 09_tashkent_missing_data.csv"
mahalla,1726283030,1726283030,Kengmakon,Sergeli tumani,population_total,NULL,persons,NULL,NULL,NOT PUBLISHED,NULL,NULL,NULL,"No public source publishes population at mahalla level for Tashkent City. Searched stat.uz, SIAT/hudud.stat.uz, toshstat.uz, data.egov.uz, aholi.stat.uz (2026 census), HDX, WorldPop. See 09_tashkent_missing_data.csv"
mahalla,1726283031,1726283031,Xonobod,Sergeli tumani,population_total,NULL,persons,NULL,NULL,NOT PUBLISHED,NULL,NULL,NULL,"No public source publishes population at mahalla level for Tashkent City. Searched stat.uz, SIAT/hudud.stat.uz, toshstat.uz, data.egov.uz, aholi.stat.uz (2026 census), HDX, WorldPop. See 09_tashkent_missing_data.csv"
mahalla,1726283032,1726283032,Qut-baraka,Sergeli tumani,population_total,NULL,persons,NULL,NULL,NOT PUBLISHED,NULL,NULL,NULL,"No public source publishes population at mahalla level for Tashkent City. Searched stat.uz, SIAT/hudud.stat.uz, toshstat.uz, data.egov.uz, aholi.stat.uz (2026 census), HDX, WorldPop. See 09_tashkent_missing_data.csv"
mahalla,1726283033,1726283033,Sultonobod,Sergeli tumani,population_total,NULL,persons,NULL,NULL,NOT PUBLISHED,NULL,NULL,NULL,"No public source publishes population at mahalla level for Tashkent City. Searched stat.uz, SIAT/hudud.stat.uz, toshstat.uz, data.egov.uz, aholi.stat.uz (2026 census), HDX, WorldPop. See 09_tashkent_missing_data.csv"
mahalla,1726283034,1726283034,Izzatli,Sergeli tumani,population_total,NULL,persons,NULL,NULL,NOT PUBLISHED,NULL,NULL,NULL,"No public source publishes population at mahalla level for Tashkent City. Searched stat.uz, SIAT/hudud.stat.uz, toshstat.uz, data.egov.uz, aholi.stat.uz (2026 census), HDX, WorldPop. See 09_tashkent_missing_data.csv"
mahalla,1726283035,1726283035,Sadoqat,Sergeli tumani,population_total,NULL,persons,NULL,NULL,NOT PUBLISHED,NULL,NULL,NULL,"No public source publishes population at mahalla level for Tashkent City. Searched stat.uz, SIAT/hudud.stat.uz, toshstat.uz, data.egov.uz, aholi.stat.uz (2026 census), HDX, WorldPop. See 09_tashkent_missing_data.csv"
mahalla,1726283036,1726283036,Shukrona,Sergeli tumani,population_total,NULL,persons,NULL,NULL,NOT PUBLISHED,NULL,NULL,NULL,"No public source publishes population at mahalla level for Tashkent City. Searched stat.uz, SIAT/hudud.stat.uz, toshstat.uz, data.egov.uz, aholi.stat.uz (2026 census), HDX, WorldPop. See 09_tashkent_missing_data.csv"
mahalla,1726283037,1726283037,Birdamlik (Ziyokor),Sergeli tumani,population_total,NULL,persons,NULL,NULL,NOT PUBLISHED,NULL,NULL,NULL,"No public source publishes population at mahalla level for Tashkent City. Searched stat.uz, SIAT/hudud.stat.uz, toshstat.uz, data.egov.uz, aholi.stat.uz (2026 census), HDX, WorldPop. See 09_tashkent_missing_data.csv"
mahalla,1726283038,1726283038,Xalqabod,Sergeli tumani,population_total,NULL,persons,NULL,NULL,NOT PUBLISHED,NULL,NULL,NULL,"No public source publishes population at mahalla level for Tashkent City. Searched stat.uz, SIAT/hudud.stat.uz, toshstat.uz, data.egov.uz, aholi.stat.uz (2026 census), HDX, WorldPop. See 09_tashkent_missing_data.csv"
mahalla,1726283039,1726283039,Madaniyat,Sergeli tumani,population_total,NULL,persons,NULL,NULL,NOT PUBLISHED,NULL,NULL,NULL,"No public source publishes population at mahalla level for Tashkent City. Searched stat.uz, SIAT/hudud.stat.uz, toshstat.uz, data.egov.uz, aholi.stat.uz (2026 census), HDX, WorldPop. See 09_tashkent_missing_data.csv"
mahalla,1726283040,1726283040,Uchuvchilar,Sergeli tumani,population_total,NULL,persons,NULL,NULL,NOT PUBLISHED,NULL,NULL,NULL,"No public source publishes population at mahalla level for Tashkent City. Searched stat.uz, SIAT/hudud.stat.uz, toshstat.uz, data.egov.uz, aholi.stat.uz (2026 census), HDX, WorldPop. See 09_tashkent_missing_data.csv"
mahalla,1726283041,1726283041,Oltin vodiy,Sergeli tumani,population_total,NULL,persons,NULL,NULL,NOT PUBLISHED,NULL,NULL,NULL,"No public source publishes population at mahalla level for Tashkent City. Searched stat.uz, SIAT/hudud.stat.uz, toshstat.uz, data.egov.uz, aholi.stat.uz (2026 census), HDX, WorldPop. See 09_tashkent_missing_data.csv"
mahalla,1726283042,1726283042,Ko'hna qumariq,Sergeli tumani,population_total,NULL,persons,NULL,NULL,NOT PUBLISHED,NULL,NULL,NULL,"No public source publishes population at mahalla level for Tashkent City. Searched stat.uz, SIAT/hudud.stat.uz, toshstat.uz, data.egov.uz, aholi.stat.uz (2026 census), HDX, WorldPop. See 09_tashkent_missing_data.csv"
mahalla,1726283043,1726283043,Asrobod,Sergeli tumani,population_total,NULL,persons,NULL,NULL,NOT PUBLISHED,NULL,NULL,NULL,"No public source publishes population at mahalla level for Tashkent City. Searched stat.uz, SIAT/hudud.stat.uz, toshstat.uz, data.egov.uz, aholi.stat.uz (2026 census), HDX, WorldPop. See 09_tashkent_missing_data.csv"
mahalla,1726283044,1726283044,Qoʻsh-qoʻrgon,Sergeli tumani,population_total,NULL,persons,NULL,NULL,NOT PUBLISHED,NULL,NULL,NULL,"No public source publishes population at mahalla level for Tashkent City. Searched stat.uz, SIAT/hudud.stat.uz, toshstat.uz, data.egov.uz, aholi.stat.uz (2026 census), HDX, WorldPop. See 09_tashkent_missing_data.csv"
mahalla,1726283045,1726283045,Nogʻay-qoʻrgon,Sergeli tumani,population_total,NULL,persons,NULL,NULL,NOT PUBLISHED,NULL,NULL,NULL,"No public source publishes population at mahalla level for Tashkent City. Searched stat.uz, SIAT/hudud.stat.uz, toshstat.uz, data.egov.uz, aholi.stat.uz (2026 census), HDX, WorldPop. See 09_tashkent_missing_data.csv"
mahalla,1726283046,1726283046,Qubay-tepa,Sergeli tumani,population_total,NULL,persons,NULL,NULL,NOT PUBLISHED,NULL,NULL,NULL,"No public source publishes population at mahalla level for Tashkent City. Searched stat.uz, SIAT/hudud.stat.uz, toshstat.uz, data.egov.uz, aholi.stat.uz (2026 census), HDX, WorldPop. See 09_tashkent_missing_data.csv"
mahalla,1726287001,1726287001,Armugʻon,Yakkasaroy tumani,population_total,NULL,persons,NULL,NULL,NOT PUBLISHED,NULL,NULL,NULL,"No public source publishes population at mahalla level for Tashkent City. Searched stat.uz, SIAT/hudud.stat.uz, toshstat.uz, data.egov.uz, aholi.stat.uz (2026 census), HDX, WorldPop. See 09_tashkent_missing_data.csv"
mahalla,1726287002,1726287002,Boshliq,Yakkasaroy tumani,population_total,NULL,persons,NULL,NULL,NOT PUBLISHED,NULL,NULL,NULL,"No public source publishes population at mahalla level for Tashkent City. Searched stat.uz, SIAT/hudud.stat.uz, toshstat.uz, data.egov.uz, aholi.stat.uz (2026 census), HDX, WorldPop. See 09_tashkent_missing_data.csv"
mahalla,1726287003,1726287003,Dilbuloq,Yakkasaroy tumani,population_total,NULL,persons,NULL,NULL,NOT PUBLISHED,NULL,NULL,NULL,"No public source publishes population at mahalla level for Tashkent City. Searched stat.uz, SIAT/hudud.stat.uz, toshstat.uz, data.egov.uz, aholi.stat.uz (2026 census), HDX, WorldPop. See 09_tashkent_missing_data.csv"
mahalla,1726287004,1726287004,Muxandislar,Yakkasaroy tumani,population_total,NULL,persons,NULL,NULL,NOT PUBLISHED,NULL,NULL,NULL,"No public source publishes population at mahalla level for Tashkent City. Searched stat.uz, SIAT/hudud.stat.uz, toshstat.uz, data.egov.uz, aholi.stat.uz (2026 census), HDX, WorldPop. See 09_tashkent_missing_data.csv"
mahalla,1726287005,1726287005,Qushbegi,Yakkasaroy tumani,population_total,NULL,persons,NULL,NULL,NOT PUBLISHED,NULL,NULL,NULL,"No public source publishes population at mahalla level for Tashkent City. Searched stat.uz, SIAT/hudud.stat.uz, toshstat.uz, data.egov.uz, aholi.stat.uz (2026 census), HDX, WorldPop. See 09_tashkent_missing_data.csv"
mahalla,1726287006,1726287006,Meros,Yakkasaroy tumani,population_total,NULL,persons,NULL,NULL,NOT PUBLISHED,NULL,NULL,NULL,"No public source publishes population at mahalla level for Tashkent City. Searched stat.uz, SIAT/hudud.stat.uz, toshstat.uz, data.egov.uz, aholi.stat.uz (2026 census), HDX, WorldPop. See 09_tashkent_missing_data.csv"
mahalla,1726287007,1726287007,Muqumiy,Yakkasaroy tumani,population_total,NULL,persons,NULL,NULL,NOT PUBLISHED,NULL,NULL,NULL,"No public source publishes population at mahalla level for Tashkent City. Searched stat.uz, SIAT/hudud.stat.uz, toshstat.uz, data.egov.uz, aholi.stat.uz (2026 census), HDX, WorldPop. See 09_tashkent_missing_data.csv"
mahalla,1726287008,1726287008,Rakat,Yakkasaroy tumani,population_total,NULL,persons,NULL,NULL,NOT PUBLISHED,NULL,NULL,NULL,"No public source publishes population at mahalla level for Tashkent City. Searched stat.uz, SIAT/hudud.stat.uz, toshstat.uz, data.egov.uz, aholi.stat.uz (2026 census), HDX, WorldPop. See 09_tashkent_missing_data.csv"
mahalla,1726287009,1726287009,Toʻqimachi,Yakkasaroy tumani,population_total,NULL,persons,NULL,NULL,NOT PUBLISHED,NULL,NULL,NULL,"No public source publishes population at mahalla level for Tashkent City. Searched stat.uz, SIAT/hudud.stat.uz, toshstat.uz, data.egov.uz, aholi.stat.uz (2026 census), HDX, WorldPop. See 09_tashkent_missing_data.csv"
mahalla,1726287010,1726287010,Yakkasaroy,Yakkasaroy tumani,population_total,NULL,persons,NULL,NULL,NOT PUBLISHED,NULL,NULL,NULL,"No public source publishes population at mahalla level for Tashkent City. Searched stat.uz, SIAT/hudud.stat.uz, toshstat.uz, data.egov.uz, aholi.stat.uz (2026 census), HDX, WorldPop. See 09_tashkent_missing_data.csv"
mahalla,1726287011,1726287011,Belariq,Yakkasaroy tumani,population_total,NULL,persons,NULL,NULL,NOT PUBLISHED,NULL,NULL,NULL,"No public source publishes population at mahalla level for Tashkent City. Searched stat.uz, SIAT/hudud.stat.uz, toshstat.uz, data.egov.uz, aholi.stat.uz (2026 census), HDX, WorldPop. See 09_tashkent_missing_data.csv"
mahalla,1726287012,1726287012,Konstitutsiya,Yakkasaroy tumani,population_total,NULL,persons,NULL,NULL,NOT PUBLISHED,NULL,NULL,NULL,"No public source publishes population at mahalla level for Tashkent City. Searched stat.uz, SIAT/hudud.stat.uz, toshstat.uz, data.egov.uz, aholi.stat.uz (2026 census), HDX, WorldPop. See 09_tashkent_missing_data.csv"
mahalla,1726287013,1726287013,Rakatboshi,Yakkasaroy tumani,population_total,NULL,persons,NULL,NULL,NOT PUBLISHED,NULL,NULL,NULL,"No public source publishes population at mahalla level for Tashkent City. Searched stat.uz, SIAT/hudud.stat.uz, toshstat.uz, data.egov.uz, aholi.stat.uz (2026 census), HDX, WorldPop. See 09_tashkent_missing_data.csv"
mahalla,1726287014,1726287014,Tepa,Yakkasaroy tumani,population_total,NULL,persons,NULL,NULL,NOT PUBLISHED,NULL,NULL,NULL,"No public source publishes population at mahalla level for Tashkent City. Searched stat.uz, SIAT/hudud.stat.uz, toshstat.uz, data.egov.uz, aholi.stat.uz (2026 census), HDX, WorldPop. See 09_tashkent_missing_data.csv"
mahalla,1726287015,1726287015,Yunus Rajabiy,Yakkasaroy tumani,population_total,NULL,persons,NULL,NULL,NOT PUBLISHED,NULL,NULL,NULL,"No public source publishes population at mahalla level for Tashkent City. Searched stat.uz, SIAT/hudud.stat.uz, toshstat.uz, data.egov.uz, aholi.stat.uz (2026 census), HDX, WorldPop. See 09_tashkent_missing_data.csv"
mahalla,1726287016,1726287016,Abdulla Qaxxor,Yakkasaroy tumani,population_total,NULL,persons,NULL,NULL,NOT PUBLISHED,NULL,NULL,NULL,"No public source publishes population at mahalla level for Tashkent City. Searched stat.uz, SIAT/hudud.stat.uz, toshstat.uz, data.egov.uz, aholi.stat.uz (2026 census), HDX, WorldPop. See 09_tashkent_missing_data.csv"
mahalla,1726287017,1726287017,Bobur,Yakkasaroy tumani,population_total,NULL,persons,NULL,NULL,NOT PUBLISHED,NULL,NULL,NULL,"No public source publishes population at mahalla level for Tashkent City. Searched stat.uz, SIAT/hudud.stat.uz, toshstat.uz, data.egov.uz, aholi.stat.uz (2026 census), HDX, WorldPop. See 09_tashkent_missing_data.csv"
mahalla,1726287018,1726287018,Bogʻsaroy,Yakkasaroy tumani,population_total,NULL,persons,NULL,NULL,NOT PUBLISHED,NULL,NULL,NULL,"No public source publishes population at mahalla level for Tashkent City. Searched stat.uz, SIAT/hudud.stat.uz, toshstat.uz, data.egov.uz, aholi.stat.uz (2026 census), HDX, WorldPop. See 09_tashkent_missing_data.csv"
mahalla,1726287019,1726287019,Damariq,Yakkasaroy tumani,population_total,NULL,persons,NULL,NULL,NOT PUBLISHED,NULL,NULL,NULL,"No public source publishes population at mahalla level for Tashkent City. Searched stat.uz, SIAT/hudud.stat.uz, toshstat.uz, data.egov.uz, aholi.stat.uz (2026 census), HDX, WorldPop. See 09_tashkent_missing_data.csv"
mahalla,1726287020,1726287020,Hamid Sulaymon,Yakkasaroy tumani,population_total,NULL,persons,NULL,NULL,NOT PUBLISHED,NULL,NULL,NULL,"No public source publishes population at mahalla level for Tashkent City. Searched stat.uz, SIAT/hudud.stat.uz, toshstat.uz, data.egov.uz, aholi.stat.uz (2026 census), HDX, WorldPop. See 09_tashkent_missing_data.csv"
mahalla,1726287021,1726287021,Shoxjoxon,Yakkasaroy tumani,population_total,NULL,persons,NULL,NULL,NOT PUBLISHED,NULL,NULL,NULL,"No public source publishes population at mahalla level for Tashkent City. Searched stat.uz, SIAT/hudud.stat.uz, toshstat.uz, data.egov.uz, aholi.stat.uz (2026 census), HDX, WorldPop. See 09_tashkent_missing_data.csv"
mahalla,1726290001,1726290001,Iltifot,Yashnobod tumani,population_total,NULL,persons,NULL,NULL,NOT PUBLISHED,NULL,NULL,NULL,"No public source publishes population at mahalla level for Tashkent City. Searched stat.uz, SIAT/hudud.stat.uz, toshstat.uz, data.egov.uz, aholi.stat.uz (2026 census), HDX, WorldPop. See 09_tashkent_missing_data.csv"
mahalla,1726290002,1726290002,Al-Buxoriy,Yashnobod tumani,population_total,NULL,persons,NULL,NULL,NOT PUBLISHED,NULL,NULL,NULL,"No public source publishes population at mahalla level for Tashkent City. Searched stat.uz, SIAT/hudud.stat.uz, toshstat.uz, data.egov.uz, aholi.stat.uz (2026 census), HDX, WorldPop. See 09_tashkent_missing_data.csv"
mahalla,1726290003,1726290003,Amir Temur,Yashnobod tumani,population_total,NULL,persons,NULL,NULL,NOT PUBLISHED,NULL,NULL,NULL,"No public source publishes population at mahalla level for Tashkent City. Searched stat.uz, SIAT/hudud.stat.uz, toshstat.uz, data.egov.uz, aholi.stat.uz (2026 census), HDX, WorldPop. See 09_tashkent_missing_data.csv"
mahalla,1726290004,1726290004,Vatandosh,Yashnobod tumani,population_total,NULL,persons,NULL,NULL,NOT PUBLISHED,NULL,NULL,NULL,"No public source publishes population at mahalla level for Tashkent City. Searched stat.uz, SIAT/hudud.stat.uz, toshstat.uz, data.egov.uz, aholi.stat.uz (2026 census), HDX, WorldPop. See 09_tashkent_missing_data.csv"
mahalla,1726290005,1726290005,Tong,Yashnobod tumani,population_total,NULL,persons,NULL,NULL,NOT PUBLISHED,NULL,NULL,NULL,"No public source publishes population at mahalla level for Tashkent City. Searched stat.uz, SIAT/hudud.stat.uz, toshstat.uz, data.egov.uz, aholi.stat.uz (2026 census), HDX, WorldPop. See 09_tashkent_missing_data.csv"
mahalla,1726290006,1726290006,Mohinur,Yashnobod tumani,population_total,NULL,persons,NULL,NULL,NOT PUBLISHED,NULL,NULL,NULL,"No public source publishes population at mahalla level for Tashkent City. Searched stat.uz, SIAT/hudud.stat.uz, toshstat.uz, data.egov.uz, aholi.stat.uz (2026 census), HDX, WorldPop. See 09_tashkent_missing_data.csv"
mahalla,1726290007,1726290007,Tuzel,Yashnobod tumani,population_total,NULL,persons,NULL,NULL,NOT PUBLISHED,NULL,NULL,NULL,"No public source publishes population at mahalla level for Tashkent City. Searched stat.uz, SIAT/hudud.stat.uz, toshstat.uz, data.egov.uz, aholi.stat.uz (2026 census), HDX, WorldPop. See 09_tashkent_missing_data.csv"
mahalla,1726290008,1726290008,Goʻzal,Yashnobod tumani,population_total,NULL,persons,NULL,NULL,NOT PUBLISHED,NULL,NULL,NULL,"No public source publishes population at mahalla level for Tashkent City. Searched stat.uz, SIAT/hudud.stat.uz, toshstat.uz, data.egov.uz, aholi.stat.uz (2026 census), HDX, WorldPop. See 09_tashkent_missing_data.csv"
mahalla,1726290009,1726290009,Olmos,Yashnobod tumani,population_total,NULL,persons,NULL,NULL,NOT PUBLISHED,NULL,NULL,NULL,"No public source publishes population at mahalla level for Tashkent City. Searched stat.uz, SIAT/hudud.stat.uz, toshstat.uz, data.egov.uz, aholi.stat.uz (2026 census), HDX, WorldPop. See 09_tashkent_missing_data.csv"
mahalla,1726290010,1726290010,Argʻin,Yashnobod tumani,population_total,NULL,persons,NULL,NULL,NOT PUBLISHED,NULL,NULL,NULL,"No public source publishes population at mahalla level for Tashkent City. Searched stat.uz, SIAT/hudud.stat.uz, toshstat.uz, data.egov.uz, aholi.stat.uz (2026 census), HDX, WorldPop. See 09_tashkent_missing_data.csv"
mahalla,1726290011,1726290011,Hilol,Yashnobod tumani,population_total,NULL,persons,NULL,NULL,NOT PUBLISHED,NULL,NULL,NULL,"No public source publishes population at mahalla level for Tashkent City. Searched stat.uz, SIAT/hudud.stat.uz, toshstat.uz, data.egov.uz, aholi.stat.uz (2026 census), HDX, WorldPop. See 09_tashkent_missing_data.csv"
mahalla,1726290012,1726290012,Uchchinor,Yashnobod tumani,population_total,NULL,persons,NULL,NULL,NOT PUBLISHED,NULL,NULL,NULL,"No public source publishes population at mahalla level for Tashkent City. Searched stat.uz, SIAT/hudud.stat.uz, toshstat.uz, data.egov.uz, aholi.stat.uz (2026 census), HDX, WorldPop. See 09_tashkent_missing_data.csv"
mahalla,1726290013,1726290013,Jarboshi,Yashnobod tumani,population_total,NULL,persons,NULL,NULL,NOT PUBLISHED,NULL,NULL,NULL,"No public source publishes population at mahalla level for Tashkent City. Searched stat.uz, SIAT/hudud.stat.uz, toshstat.uz, data.egov.uz, aholi.stat.uz (2026 census), HDX, WorldPop. See 09_tashkent_missing_data.csv"
mahalla,1726290014,1726290014,Mohirlar,Yashnobod tumani,population_total,NULL,persons,NULL,NULL,NOT PUBLISHED,NULL,NULL,NULL,"No public source publishes population at mahalla level for Tashkent City. Searched stat.uz, SIAT/hudud.stat.uz, toshstat.uz, data.egov.uz, aholi.stat.uz (2026 census), HDX, WorldPop. See 09_tashkent_missing_data.csv"
mahalla,1726290015,1726290015,Bog'bon,Yashnobod tumani,population_total,NULL,persons,NULL,NULL,NOT PUBLISHED,NULL,NULL,NULL,"No public source publishes population at mahalla level for Tashkent City. Searched stat.uz, SIAT/hudud.stat.uz, toshstat.uz, data.egov.uz, aholi.stat.uz (2026 census), HDX, WorldPop. See 09_tashkent_missing_data.csv"
mahalla,1726290016,1726290016,TashIsti,Yashnobod tumani,population_total,NULL,persons,NULL,NULL,NOT PUBLISHED,NULL,NULL,NULL,"No public source publishes population at mahalla level for Tashkent City. Searched stat.uz, SIAT/hudud.stat.uz, toshstat.uz, data.egov.uz, aholi.stat.uz (2026 census), HDX, WorldPop. See 09_tashkent_missing_data.csv"
mahalla,1726290017,1726290017,Tovkentepa,Yashnobod tumani,population_total,NULL,persons,NULL,NULL,NOT PUBLISHED,NULL,NULL,NULL,"No public source publishes population at mahalla level for Tashkent City. Searched stat.uz, SIAT/hudud.stat.uz, toshstat.uz, data.egov.uz, aholi.stat.uz (2026 census), HDX, WorldPop. See 09_tashkent_missing_data.csv"
mahalla,1726290018,1726290018,Yashnobod,Yashnobod tumani,population_total,NULL,persons,NULL,NULL,NOT PUBLISHED,NULL,NULL,NULL,"No public source publishes population at mahalla level for Tashkent City. Searched stat.uz, SIAT/hudud.stat.uz, toshstat.uz, data.egov.uz, aholi.stat.uz (2026 census), HDX, WorldPop. See 09_tashkent_missing_data.csv"
mahalla,1726290019,1726290019,Birlashgan,Yashnobod tumani,population_total,NULL,persons,NULL,NULL,NOT PUBLISHED,NULL,NULL,NULL,"No public source publishes population at mahalla level for Tashkent City. Searched stat.uz, SIAT/hudud.stat.uz, toshstat.uz, data.egov.uz, aholi.stat.uz (2026 census), HDX, WorldPop. See 09_tashkent_missing_data.csv"
mahalla,1726290020,1726290020,Parvoz,Yashnobod tumani,population_total,NULL,persons,NULL,NULL,NOT PUBLISHED,NULL,NULL,NULL,"No public source publishes population at mahalla level for Tashkent City. Searched stat.uz, SIAT/hudud.stat.uz, toshstat.uz, data.egov.uz, aholi.stat.uz (2026 census), HDX, WorldPop. See 09_tashkent_missing_data.csv"
mahalla,1726290021,1726290021,Navroʻzobod,Yashnobod tumani,population_total,NULL,persons,NULL,NULL,NOT PUBLISHED,NULL,NULL,NULL,"No public source publishes population at mahalla level for Tashkent City. Searched stat.uz, SIAT/hudud.stat.uz, toshstat.uz, data.egov.uz, aholi.stat.uz (2026 census), HDX, WorldPop. See 09_tashkent_missing_data.csv"
mahalla,1726290022,1726290022,Aviasozlar,Yashnobod tumani,population_total,NULL,persons,NULL,NULL,NOT PUBLISHED,NULL,NULL,NULL,"No public source publishes population at mahalla level for Tashkent City. Searched stat.uz, SIAT/hudud.stat.uz, toshstat.uz, data.egov.uz, aholi.stat.uz (2026 census), HDX, WorldPop. See 09_tashkent_missing_data.csv"
mahalla,1726290023,1726290023,Maxmur,Yashnobod tumani,population_total,NULL,persons,NULL,NULL,NOT PUBLISHED,NULL,NULL,NULL,"No public source publishes population at mahalla level for Tashkent City. Searched stat.uz, SIAT/hudud.stat.uz, toshstat.uz, data.egov.uz, aholi.stat.uz (2026 census), HDX, WorldPop. See 09_tashkent_missing_data.csv"
mahalla,1726290024,1726290024,Alimkent,Yashnobod tumani,population_total,NULL,persons,NULL,NULL,NOT PUBLISHED,NULL,NULL,NULL,"No public source publishes population at mahalla level for Tashkent City. Searched stat.uz, SIAT/hudud.stat.uz, toshstat.uz, data.egov.uz, aholi.stat.uz (2026 census), HDX, WorldPop. See 09_tashkent_missing_data.csv"
mahalla,1726290025,1726290025,Qadriyat,Yashnobod tumani,population_total,NULL,persons,NULL,NULL,NOT PUBLISHED,NULL,NULL,NULL,"No public source publishes population at mahalla level for Tashkent City. Searched stat.uz, SIAT/hudud.stat.uz, toshstat.uz, data.egov.uz, aholi.stat.uz (2026 census), HDX, WorldPop. See 09_tashkent_missing_data.csv"
mahalla,1726290026,1726290026,Toʻy tepa,Yashnobod tumani,population_total,NULL,persons,NULL,NULL,NOT PUBLISHED,NULL,NULL,NULL,"No public source publishes population at mahalla level for Tashkent City. Searched stat.uz, SIAT/hudud.stat.uz, toshstat.uz, data.egov.uz, aholi.stat.uz (2026 census), HDX, WorldPop. See 09_tashkent_missing_data.csv"
mahalla,1726290027,1726290027,Semurgʻ,Yashnobod tumani,population_total,NULL,persons,NULL,NULL,NOT PUBLISHED,NULL,NULL,NULL,"No public source publishes population at mahalla level for Tashkent City. Searched stat.uz, SIAT/hudud.stat.uz, toshstat.uz, data.egov.uz, aholi.stat.uz (2026 census), HDX, WorldPop. See 09_tashkent_missing_data.csv"
mahalla,1726290028,1726290028,Choʻlpon,Yashnobod tumani,population_total,NULL,persons,NULL,NULL,NOT PUBLISHED,NULL,NULL,NULL,"No public source publishes population at mahalla level for Tashkent City. Searched stat.uz, SIAT/hudud.stat.uz, toshstat.uz, data.egov.uz, aholi.stat.uz (2026 census), HDX, WorldPop. See 09_tashkent_missing_data.csv"
mahalla,1726290029,1726290029,Fidoiylar,Yashnobod tumani,population_total,NULL,persons,NULL,NULL,NOT PUBLISHED,NULL,NULL,NULL,"No public source publishes population at mahalla level for Tashkent City. Searched stat.uz, SIAT/hudud.stat.uz, toshstat.uz, data.egov.uz, aholi.stat.uz (2026 census), HDX, WorldPop. See 09_tashkent_missing_data.csv"
mahalla,1726290030,1726290030,Boyqoʻrgʻon,Yashnobod tumani,population_total,NULL,persons,NULL,NULL,NOT PUBLISHED,NULL,NULL,NULL,"No public source publishes population at mahalla level for Tashkent City. Searched stat.uz, SIAT/hudud.stat.uz, toshstat.uz, data.egov.uz, aholi.stat.uz (2026 census), HDX, WorldPop. See 09_tashkent_missing_data.csv"
mahalla,1726290031,1726290031,Mashinasozlar,Yashnobod tumani,population_total,NULL,persons,NULL,NULL,NOT PUBLISHED,NULL,NULL,NULL,"No public source publishes population at mahalla level for Tashkent City. Searched stat.uz, SIAT/hudud.stat.uz, toshstat.uz, data.egov.uz, aholi.stat.uz (2026 census), HDX, WorldPop. See 09_tashkent_missing_data.csv"
mahalla,1726290032,1726290032,Istiqlol,Yashnobod tumani,population_total,NULL,persons,NULL,NULL,NOT PUBLISHED,NULL,NULL,NULL,"No public source publishes population at mahalla level for Tashkent City. Searched stat.uz, SIAT/hudud.stat.uz, toshstat.uz, data.egov.uz, aholi.stat.uz (2026 census), HDX, WorldPop. See 09_tashkent_missing_data.csv"
mahalla,1726290033,1726290033,Doʻstobod,Yashnobod tumani,population_total,NULL,persons,NULL,NULL,NOT PUBLISHED,NULL,NULL,NULL,"No public source publishes population at mahalla level for Tashkent City. Searched stat.uz, SIAT/hudud.stat.uz, toshstat.uz, data.egov.uz, aholi.stat.uz (2026 census), HDX, WorldPop. See 09_tashkent_missing_data.csv"
mahalla,1726290034,1726290034,Fazogir,Yashnobod tumani,population_total,NULL,persons,NULL,NULL,NOT PUBLISHED,NULL,NULL,NULL,"No public source publishes population at mahalla level for Tashkent City. Searched stat.uz, SIAT/hudud.stat.uz, toshstat.uz, data.egov.uz, aholi.stat.uz (2026 census), HDX, WorldPop. See 09_tashkent_missing_data.csv"
mahalla,1726290035,1726290035,Barkamol,Yashnobod tumani,population_total,NULL,persons,NULL,NULL,NOT PUBLISHED,NULL,NULL,NULL,"No public source publishes population at mahalla level for Tashkent City. Searched stat.uz, SIAT/hudud.stat.uz, toshstat.uz, data.egov.uz, aholi.stat.uz (2026 census), HDX, WorldPop. See 09_tashkent_missing_data.csv"
mahalla,1726290036,1726290036,Dilbogʻ,Yashnobod tumani,population_total,NULL,persons,NULL,NULL,NOT PUBLISHED,NULL,NULL,NULL,"No public source publishes population at mahalla level for Tashkent City. Searched stat.uz, SIAT/hudud.stat.uz, toshstat.uz, data.egov.uz, aholi.stat.uz (2026 census), HDX, WorldPop. See 09_tashkent_missing_data.csv"
mahalla,1726290037,1726290037,Beshariq,Yashnobod tumani,population_total,NULL,persons,NULL,NULL,NOT PUBLISHED,NULL,NULL,NULL,"No public source publishes population at mahalla level for Tashkent City. Searched stat.uz, SIAT/hudud.stat.uz, toshstat.uz, data.egov.uz, aholi.stat.uz (2026 census), HDX, WorldPop. See 09_tashkent_missing_data.csv"
mahalla,1726290038,1726290038,Asalabod,Yashnobod tumani,population_total,NULL,persons,NULL,NULL,NOT PUBLISHED,NULL,NULL,NULL,"No public source publishes population at mahalla level for Tashkent City. Searched stat.uz, SIAT/hudud.stat.uz, toshstat.uz, data.egov.uz, aholi.stat.uz (2026 census), HDX, WorldPop. See 09_tashkent_missing_data.csv"
mahalla,1726290039,1726290039,Bunyodkor,Yashnobod tumani,population_total,NULL,persons,NULL,NULL,NOT PUBLISHED,NULL,NULL,NULL,"No public source publishes population at mahalla level for Tashkent City. Searched stat.uz, SIAT/hudud.stat.uz, toshstat.uz, data.egov.uz, aholi.stat.uz (2026 census), HDX, WorldPop. See 09_tashkent_missing_data.csv"
mahalla,1726290040,1726290040,Yangi Davr,Yashnobod tumani,population_total,NULL,persons,NULL,NULL,NOT PUBLISHED,NULL,NULL,NULL,"No public source publishes population at mahalla level for Tashkent City. Searched stat.uz, SIAT/hudud.stat.uz, toshstat.uz, data.egov.uz, aholi.stat.uz (2026 census), HDX, WorldPop. See 09_tashkent_missing_data.csv"
mahalla,1726290041,1726290041,Jarqoʻrgʻon,Yashnobod tumani,population_total,NULL,persons,NULL,NULL,NOT PUBLISHED,NULL,NULL,NULL,"No public source publishes population at mahalla level for Tashkent City. Searched stat.uz, SIAT/hudud.stat.uz, toshstat.uz, data.egov.uz, aholi.stat.uz (2026 census), HDX, WorldPop. See 09_tashkent_missing_data.csv"
mahalla,1726290042,1726290042,Xosiyatli,Yashnobod tumani,population_total,NULL,persons,NULL,NULL,NOT PUBLISHED,NULL,NULL,NULL,"No public source publishes population at mahalla level for Tashkent City. Searched stat.uz, SIAT/hudud.stat.uz, toshstat.uz, data.egov.uz, aholi.stat.uz (2026 census), HDX, WorldPop. See 09_tashkent_missing_data.csv"
mahalla,1726290043,1726290043,Joʻrabek,Yashnobod tumani,population_total,NULL,persons,NULL,NULL,NOT PUBLISHED,NULL,NULL,NULL,"No public source publishes population at mahalla level for Tashkent City. Searched stat.uz, SIAT/hudud.stat.uz, toshstat.uz, data.egov.uz, aholi.stat.uz (2026 census), HDX, WorldPop. See 09_tashkent_missing_data.csv"
mahalla,1726290044,1726290044,Besh bola,Yashnobod tumani,population_total,NULL,persons,NULL,NULL,NOT PUBLISHED,NULL,NULL,NULL,"No public source publishes population at mahalla level for Tashkent City. Searched stat.uz, SIAT/hudud.stat.uz, toshstat.uz, data.egov.uz, aholi.stat.uz (2026 census), HDX, WorldPop. See 09_tashkent_missing_data.csv"
mahalla,1726290045,1726290045,Axmad Yassaviy,Yashnobod tumani,population_total,NULL,persons,NULL,NULL,NOT PUBLISHED,NULL,NULL,NULL,"No public source publishes population at mahalla level for Tashkent City. Searched stat.uz, SIAT/hudud.stat.uz, toshstat.uz, data.egov.uz, aholi.stat.uz (2026 census), HDX, WorldPop. See 09_tashkent_missing_data.csv"
mahalla,1726290046,1726290046,Boysun,Yashnobod tumani,population_total,NULL,persons,NULL,NULL,NOT PUBLISHED,NULL,NULL,NULL,"No public source publishes population at mahalla level for Tashkent City. Searched stat.uz, SIAT/hudud.stat.uz, toshstat.uz, data.egov.uz, aholi.stat.uz (2026 census), HDX, WorldPop. See 09_tashkent_missing_data.csv"
mahalla,1726290047,1726290047,Muxtor Ashrafiy,Yashnobod tumani,population_total,NULL,persons,NULL,NULL,NOT PUBLISHED,NULL,NULL,NULL,"No public source publishes population at mahalla level for Tashkent City. Searched stat.uz, SIAT/hudud.stat.uz, toshstat.uz, data.egov.uz, aholi.stat.uz (2026 census), HDX, WorldPop. See 09_tashkent_missing_data.csv"
mahalla,1726290048,1726290048,Maʼrifat,Yashnobod tumani,population_total,NULL,persons,NULL,NULL,NOT PUBLISHED,NULL,NULL,NULL,"No public source publishes population at mahalla level for Tashkent City. Searched stat.uz, SIAT/hudud.stat.uz, toshstat.uz, data.egov.uz, aholi.stat.uz (2026 census), HDX, WorldPop. See 09_tashkent_missing_data.csv"
mahalla,1726290049,1726290049,Shirinobod,Yashnobod tumani,population_total,NULL,persons,NULL,NULL,NOT PUBLISHED,NULL,NULL,NULL,"No public source publishes population at mahalla level for Tashkent City. Searched stat.uz, SIAT/hudud.stat.uz, toshstat.uz, data.egov.uz, aholi.stat.uz (2026 census), HDX, WorldPop. See 09_tashkent_missing_data.csv"
mahalla,1726290050,1726290050,Oʻqchi Olmazor,Yashnobod tumani,population_total,NULL,persons,NULL,NULL,NOT PUBLISHED,NULL,NULL,NULL,"No public source publishes population at mahalla level for Tashkent City. Searched stat.uz, SIAT/hudud.stat.uz, toshstat.uz, data.egov.uz, aholi.stat.uz (2026 census), HDX, WorldPop. See 09_tashkent_missing_data.csv"
mahalla,1726290051,1726290051,Katta Qoʻyliq,Yashnobod tumani,population_total,NULL,persons,NULL,NULL,NOT PUBLISHED,NULL,NULL,NULL,"No public source publishes population at mahalla level for Tashkent City. Searched stat.uz, SIAT/hudud.stat.uz, toshstat.uz, data.egov.uz, aholi.stat.uz (2026 census), HDX, WorldPop. See 09_tashkent_missing_data.csv"
mahalla,1726290052,1726290052,Mumtoz,Yashnobod tumani,population_total,NULL,persons,NULL,NULL,NOT PUBLISHED,NULL,NULL,NULL,"No public source publishes population at mahalla level for Tashkent City. Searched stat.uz, SIAT/hudud.stat.uz, toshstat.uz, data.egov.uz, aholi.stat.uz (2026 census), HDX, WorldPop. See 09_tashkent_missing_data.csv"
mahalla,1726290053,1726290053,Qoʻyliqobod,Yashnobod tumani,population_total,NULL,persons,NULL,NULL,NOT PUBLISHED,NULL,NULL,NULL,"No public source publishes population at mahalla level for Tashkent City. Searched stat.uz, SIAT/hudud.stat.uz, toshstat.uz, data.egov.uz, aholi.stat.uz (2026 census), HDX, WorldPop. See 09_tashkent_missing_data.csv"
mahalla,1726290054,1726290054,Uysozlar,Yashnobod tumani,population_total,NULL,persons,NULL,NULL,NOT PUBLISHED,NULL,NULL,NULL,"No public source publishes population at mahalla level for Tashkent City. Searched stat.uz, SIAT/hudud.stat.uz, toshstat.uz, data.egov.uz, aholi.stat.uz (2026 census), HDX, WorldPop. See 09_tashkent_missing_data.csv"
mahalla,1726290055,1726290055,Oʻrta Masjid,Yashnobod tumani,population_total,NULL,persons,NULL,NULL,NOT PUBLISHED,NULL,NULL,NULL,"No public source publishes population at mahalla level for Tashkent City. Searched stat.uz, SIAT/hudud.stat.uz, toshstat.uz, data.egov.uz, aholi.stat.uz (2026 census), HDX, WorldPop. See 09_tashkent_missing_data.csv"
mahalla,1726290056,1726290056,Yosh avlod,Yashnobod tumani,population_total,NULL,persons,NULL,NULL,NOT PUBLISHED,NULL,NULL,NULL,"No public source publishes population at mahalla level for Tashkent City. Searched stat.uz, SIAT/hudud.stat.uz, toshstat.uz, data.egov.uz, aholi.stat.uz (2026 census), HDX, WorldPop. See 09_tashkent_missing_data.csv"
mahalla,1726290057,1726290057,Yangiqoʻrgʻon,Yashnobod tumani,population_total,NULL,persons,NULL,NULL,NOT PUBLISHED,NULL,NULL,NULL,"No public source publishes population at mahalla level for Tashkent City. Searched stat.uz, SIAT/hudud.stat.uz, toshstat.uz, data.egov.uz, aholi.stat.uz (2026 census), HDX, WorldPop. See 09_tashkent_missing_data.csv"
mahalla,1726290058,1726290058,Behizor,Yashnobod tumani,population_total,NULL,persons,NULL,NULL,NOT PUBLISHED,NULL,NULL,NULL,"No public source publishes population at mahalla level for Tashkent City. Searched stat.uz, SIAT/hudud.stat.uz, toshstat.uz, data.egov.uz, aholi.stat.uz (2026 census), HDX, WorldPop. See 09_tashkent_missing_data.csv"
mahalla,1726290059,1726290059,Shohimardon,Yashnobod tumani,population_total,NULL,persons,NULL,NULL,NOT PUBLISHED,NULL,NULL,NULL,"No public source publishes population at mahalla level for Tashkent City. Searched stat.uz, SIAT/hudud.stat.uz, toshstat.uz, data.egov.uz, aholi.stat.uz (2026 census), HDX, WorldPop. See 09_tashkent_missing_data.csv"
mahalla,1726290060,1726290060,Nodira,Yashnobod tumani,population_total,NULL,persons,NULL,NULL,NOT PUBLISHED,NULL,NULL,NULL,"No public source publishes population at mahalla level for Tashkent City. Searched stat.uz, SIAT/hudud.stat.uz, toshstat.uz, data.egov.uz, aholi.stat.uz (2026 census), HDX, WorldPop. See 09_tashkent_missing_data.csv"
mahalla,1726290061,1726290061,Shohsanam,Yashnobod tumani,population_total,NULL,persons,NULL,NULL,NOT PUBLISHED,NULL,NULL,NULL,"No public source publishes population at mahalla level for Tashkent City. Searched stat.uz, SIAT/hudud.stat.uz, toshstat.uz, data.egov.uz, aholi.stat.uz (2026 census), HDX, WorldPop. See 09_tashkent_missing_data.csv"
mahalla,1726290062,1726290062,Oydinkoʻl,Yashnobod tumani,population_total,NULL,persons,NULL,NULL,NOT PUBLISHED,NULL,NULL,NULL,"No public source publishes population at mahalla level for Tashkent City. Searched stat.uz, SIAT/hudud.stat.uz, toshstat.uz, data.egov.uz, aholi.stat.uz (2026 census), HDX, WorldPop. See 09_tashkent_missing_data.csv"
mahalla,1726290063,1726290063,Yanginur,Yashnobod tumani,population_total,NULL,persons,NULL,NULL,NOT PUBLISHED,NULL,NULL,NULL,"No public source publishes population at mahalla level for Tashkent City. Searched stat.uz, SIAT/hudud.stat.uz, toshstat.uz, data.egov.uz, aholi.stat.uz (2026 census), HDX, WorldPop. See 09_tashkent_missing_data.csv"
mahalla,1726290064,1726290064,Donishmand,Yashnobod tumani,population_total,NULL,persons,NULL,NULL,NOT PUBLISHED,NULL,NULL,NULL,"No public source publishes population at mahalla level for Tashkent City. Searched stat.uz, SIAT/hudud.stat.uz, toshstat.uz, data.egov.uz, aholi.stat.uz (2026 census), HDX, WorldPop. See 09_tashkent_missing_data.csv"
mahalla,1726290065,1726290065,Tarnov boshi,Yashnobod tumani,population_total,NULL,persons,NULL,NULL,NOT PUBLISHED,NULL,NULL,NULL,"No public source publishes population at mahalla level for Tashkent City. Searched stat.uz, SIAT/hudud.stat.uz, toshstat.uz, data.egov.uz, aholi.stat.uz (2026 census), HDX, WorldPop. See 09_tashkent_missing_data.csv"
mahalla,1726290066,1726290066,Katta Yangiobod,Yashnobod tumani,population_total,NULL,persons,NULL,NULL,NOT PUBLISHED,NULL,NULL,NULL,"No public source publishes population at mahalla level for Tashkent City. Searched stat.uz, SIAT/hudud.stat.uz, toshstat.uz, data.egov.uz, aholi.stat.uz (2026 census), HDX, WorldPop. See 09_tashkent_missing_data.csv"
mahalla,1726290067,1726290067,Qalqon,Yashnobod tumani,population_total,NULL,persons,NULL,NULL,NOT PUBLISHED,NULL,NULL,NULL,"No public source publishes population at mahalla level for Tashkent City. Searched stat.uz, SIAT/hudud.stat.uz, toshstat.uz, data.egov.uz, aholi.stat.uz (2026 census), HDX, WorldPop. See 09_tashkent_missing_data.csv"
mahalla,1726292001,1726292001,Oriyat,Yangihayot tumani,population_total,NULL,persons,NULL,NULL,NOT PUBLISHED,NULL,NULL,NULL,"No public source publishes population at mahalla level for Tashkent City. Searched stat.uz, SIAT/hudud.stat.uz, toshstat.uz, data.egov.uz, aholi.stat.uz (2026 census), HDX, WorldPop. See 09_tashkent_missing_data.csv"
mahalla,1726292002,1726292002,Tashabbus,Yangihayot tumani,population_total,NULL,persons,NULL,NULL,NOT PUBLISHED,NULL,NULL,NULL,"No public source publishes population at mahalla level for Tashkent City. Searched stat.uz, SIAT/hudud.stat.uz, toshstat.uz, data.egov.uz, aholi.stat.uz (2026 census), HDX, WorldPop. See 09_tashkent_missing_data.csv"
mahalla,1726292003,1726292003,Choshtepa,Yangihayot tumani,population_total,NULL,persons,NULL,NULL,NOT PUBLISHED,NULL,NULL,NULL,"No public source publishes population at mahalla level for Tashkent City. Searched stat.uz, SIAT/hudud.stat.uz, toshstat.uz, data.egov.uz, aholi.stat.uz (2026 census), HDX, WorldPop. See 09_tashkent_missing_data.csv"
mahalla,1726292004,1726292004,Yangi Darxon,Yangihayot tumani,population_total,NULL,persons,NULL,NULL,NOT PUBLISHED,NULL,NULL,NULL,"No public source publishes population at mahalla level for Tashkent City. Searched stat.uz, SIAT/hudud.stat.uz, toshstat.uz, data.egov.uz, aholi.stat.uz (2026 census), HDX, WorldPop. See 09_tashkent_missing_data.csv"
mahalla,1726292005,1726292005,Yangi Umid,Yangihayot tumani,population_total,NULL,persons,NULL,NULL,NOT PUBLISHED,NULL,NULL,NULL,"No public source publishes population at mahalla level for Tashkent City. Searched stat.uz, SIAT/hudud.stat.uz, toshstat.uz, data.egov.uz, aholi.stat.uz (2026 census), HDX, WorldPop. See 09_tashkent_missing_data.csv"
mahalla,1726292006,1726292006,Yangi Choshtepa,Yangihayot tumani,population_total,NULL,persons,NULL,NULL,NOT PUBLISHED,NULL,NULL,NULL,"No public source publishes population at mahalla level for Tashkent City. Searched stat.uz, SIAT/hudud.stat.uz, toshstat.uz, data.egov.uz, aholi.stat.uz (2026 census), HDX, WorldPop. See 09_tashkent_missing_data.csv"
mahalla,1726292007,1726292007,Yangihayot,Yangihayot tumani,population_total,NULL,persons,NULL,NULL,NOT PUBLISHED,NULL,NULL,NULL,"No public source publishes population at mahalla level for Tashkent City. Searched stat.uz, SIAT/hudud.stat.uz, toshstat.uz, data.egov.uz, aholi.stat.uz (2026 census), HDX, WorldPop. See 09_tashkent_missing_data.csv"
mahalla,1726292008,1726292008,Al-Fargʻoniy,Yangihayot tumani,population_total,NULL,persons,NULL,NULL,NOT PUBLISHED,NULL,NULL,NULL,"No public source publishes population at mahalla level for Tashkent City. Searched stat.uz, SIAT/hudud.stat.uz, toshstat.uz, data.egov.uz, aholi.stat.uz (2026 census), HDX, WorldPop. See 09_tashkent_missing_data.csv"
mahalla,1726292009,1726292009,Viqor,Yangihayot tumani,population_total,NULL,persons,NULL,NULL,NOT PUBLISHED,NULL,NULL,NULL,"No public source publishes population at mahalla level for Tashkent City. Searched stat.uz, SIAT/hudud.stat.uz, toshstat.uz, data.egov.uz, aholi.stat.uz (2026 census), HDX, WorldPop. See 09_tashkent_missing_data.csv"
mahalla,1726292010,1726292010,Doʻstlik,Yangihayot tumani,population_total,NULL,persons,NULL,NULL,NOT PUBLISHED,NULL,NULL,NULL,"No public source publishes population at mahalla level for Tashkent City. Searched stat.uz, SIAT/hudud.stat.uz, toshstat.uz, data.egov.uz, aholi.stat.uz (2026 census), HDX, WorldPop. See 09_tashkent_missing_data.csv"
mahalla,1726292011,1726292011,Mash'al,Yangihayot tumani,population_total,NULL,persons,NULL,NULL,NOT PUBLISHED,NULL,NULL,NULL,"No public source publishes population at mahalla level for Tashkent City. Searched stat.uz, SIAT/hudud.stat.uz, toshstat.uz, data.egov.uz, aholi.stat.uz (2026 census), HDX, WorldPop. See 09_tashkent_missing_data.csv"
mahalla,1726292012,1726292012,Yoʻldosh,Yangihayot tumani,population_total,NULL,persons,NULL,NULL,NOT PUBLISHED,NULL,NULL,NULL,"No public source publishes population at mahalla level for Tashkent City. Searched stat.uz, SIAT/hudud.stat.uz, toshstat.uz, data.egov.uz, aholi.stat.uz (2026 census), HDX, WorldPop. See 09_tashkent_missing_data.csv"
mahalla,1726292013,1726292013,Fayzli,Yangihayot tumani,population_total,NULL,persons,NULL,NULL,NOT PUBLISHED,NULL,NULL,NULL,"No public source publishes population at mahalla level for Tashkent City. Searched stat.uz, SIAT/hudud.stat.uz, toshstat.uz, data.egov.uz, aholi.stat.uz (2026 census), HDX, WorldPop. See 09_tashkent_missing_data.csv"
mahalla,1726292014,1726292014,Charogʻon,Yangihayot tumani,population_total,NULL,persons,NULL,NULL,NOT PUBLISHED,NULL,NULL,NULL,"No public source publishes population at mahalla level for Tashkent City. Searched stat.uz, SIAT/hudud.stat.uz, toshstat.uz, data.egov.uz, aholi.stat.uz (2026 census), HDX, WorldPop. See 09_tashkent_missing_data.csv"
mahalla,1726292015,1726292015,Chorbogʻ,Yangihayot tumani,population_total,NULL,persons,NULL,NULL,NOT PUBLISHED,NULL,NULL,NULL,"No public source publishes population at mahalla level for Tashkent City. Searched stat.uz, SIAT/hudud.stat.uz, toshstat.uz, data.egov.uz, aholi.stat.uz (2026 census), HDX, WorldPop. See 09_tashkent_missing_data.csv"
mahalla,1726292016,1726292016,Gulshanobod,Yangihayot tumani,population_total,NULL,persons,NULL,NULL,NOT PUBLISHED,NULL,NULL,NULL,"No public source publishes population at mahalla level for Tashkent City. Searched stat.uz, SIAT/hudud.stat.uz, toshstat.uz, data.egov.uz, aholi.stat.uz (2026 census), HDX, WorldPop. See 09_tashkent_missing_data.csv"
mahalla,1726292017,1726292017,Yorqinxayot,Yangihayot tumani,population_total,NULL,persons,NULL,NULL,NOT PUBLISHED,NULL,NULL,NULL,"No public source publishes population at mahalla level for Tashkent City. Searched stat.uz, SIAT/hudud.stat.uz, toshstat.uz, data.egov.uz, aholi.stat.uz (2026 census), HDX, WorldPop. See 09_tashkent_missing_data.csv"
mahalla,1726292018,1726292018,Zarbdor,Yangihayot tumani,population_total,NULL,persons,NULL,NULL,NOT PUBLISHED,NULL,NULL,NULL,"No public source publishes population at mahalla level for Tashkent City. Searched stat.uz, SIAT/hudud.stat.uz, toshstat.uz, data.egov.uz, aholi.stat.uz (2026 census), HDX, WorldPop. See 09_tashkent_missing_data.csv"
mahalla,1726292019,1726292019,Marxamat,Yangihayot tumani,population_total,NULL,persons,NULL,NULL,NOT PUBLISHED,NULL,NULL,NULL,"No public source publishes population at mahalla level for Tashkent City. Searched stat.uz, SIAT/hudud.stat.uz, toshstat.uz, data.egov.uz, aholi.stat.uz (2026 census), HDX, WorldPop. See 09_tashkent_missing_data.csv"
mahalla,1726292020,1726292020,Navqiron,Yangihayot tumani,population_total,NULL,persons,NULL,NULL,NOT PUBLISHED,NULL,NULL,NULL,"No public source publishes population at mahalla level for Tashkent City. Searched stat.uz, SIAT/hudud.stat.uz, toshstat.uz, data.egov.uz, aholi.stat.uz (2026 census), HDX, WorldPop. See 09_tashkent_missing_data.csv"
mahalla,1726292021,1726292021,Olchazor,Yangihayot tumani,population_total,NULL,persons,NULL,NULL,NOT PUBLISHED,NULL,NULL,NULL,"No public source publishes population at mahalla level for Tashkent City. Searched stat.uz, SIAT/hudud.stat.uz, toshstat.uz, data.egov.uz, aholi.stat.uz (2026 census), HDX, WorldPop. See 09_tashkent_missing_data.csv"
mahalla,1726292022,1726292022,Xumo,Yangihayot tumani,population_total,NULL,persons,NULL,NULL,NOT PUBLISHED,NULL,NULL,NULL,"No public source publishes population at mahalla level for Tashkent City. Searched stat.uz, SIAT/hudud.stat.uz, toshstat.uz, data.egov.uz, aholi.stat.uz (2026 census), HDX, WorldPop. See 09_tashkent_missing_data.csv"
mahalla,1726292023,1726292023,Yangi Turmush,Yangihayot tumani,population_total,NULL,persons,NULL,NULL,NOT PUBLISHED,NULL,NULL,NULL,"No public source publishes population at mahalla level for Tashkent City. Searched stat.uz, SIAT/hudud.stat.uz, toshstat.uz, data.egov.uz, aholi.stat.uz (2026 census), HDX, WorldPop. See 09_tashkent_missing_data.csv"
mahalla,1726292024,1726292024,Binokor,Yangihayot tumani,population_total,NULL,persons,NULL,NULL,NOT PUBLISHED,NULL,NULL,NULL,"No public source publishes population at mahalla level for Tashkent City. Searched stat.uz, SIAT/hudud.stat.uz, toshstat.uz, data.egov.uz, aholi.stat.uz (2026 census), HDX, WorldPop. See 09_tashkent_missing_data.csv"
mahalla,1726292025,1726292025,Yangi Gulzor,Yangihayot tumani,population_total,NULL,persons,NULL,NULL,NOT PUBLISHED,NULL,NULL,NULL,"No public source publishes population at mahalla level for Tashkent City. Searched stat.uz, SIAT/hudud.stat.uz, toshstat.uz, data.egov.uz, aholi.stat.uz (2026 census), HDX, WorldPop. See 09_tashkent_missing_data.csv"
mahalla,1726292026,1726292026,Jaloir,Yangihayot tumani,population_total,NULL,persons,NULL,NULL,NOT PUBLISHED,NULL,NULL,NULL,"No public source publishes population at mahalla level for Tashkent City. Searched stat.uz, SIAT/hudud.stat.uz, toshstat.uz, data.egov.uz, aholi.stat.uz (2026 census), HDX, WorldPop. See 09_tashkent_missing_data.csv"
mahalla,1726292027,1726292027,Toshkent,Yangihayot tumani,population_total,NULL,persons,NULL,NULL,NOT PUBLISHED,NULL,NULL,NULL,"No public source publishes population at mahalla level for Tashkent City. Searched stat.uz, SIAT/hudud.stat.uz, toshstat.uz, data.egov.uz, aholi.stat.uz (2026 census), HDX, WorldPop. See 09_tashkent_missing_data.csv"
mahalla,1726292028,1726292028,Xoʻja Uchqun,Yangihayot tumani,population_total,NULL,persons,NULL,NULL,NOT PUBLISHED,NULL,NULL,NULL,"No public source publishes population at mahalla level for Tashkent City. Searched stat.uz, SIAT/hudud.stat.uz, toshstat.uz, data.egov.uz, aholi.stat.uz (2026 census), HDX, WorldPop. See 09_tashkent_missing_data.csv"
mahalla,1726292029,1726292029,Xushnud,Yangihayot tumani,population_total,NULL,persons,NULL,NULL,NOT PUBLISHED,NULL,NULL,NULL,"No public source publishes population at mahalla level for Tashkent City. Searched stat.uz, SIAT/hudud.stat.uz, toshstat.uz, data.egov.uz, aholi.stat.uz (2026 census), HDX, WorldPop. See 09_tashkent_missing_data.csv"
mahalla,1726292030,1726292030,Chortoq,Yangihayot tumani,population_total,NULL,persons,NULL,NULL,NOT PUBLISHED,NULL,NULL,NULL,"No public source publishes population at mahalla level for Tashkent City. Searched stat.uz, SIAT/hudud.stat.uz, toshstat.uz, data.egov.uz, aholi.stat.uz (2026 census), HDX, WorldPop. See 09_tashkent_missing_data.csv"
mahalla,1726294001,1726294001,Al-Xorazmiy,Chilonzor tumani,population_total,NULL,persons,NULL,NULL,NOT PUBLISHED,NULL,NULL,NULL,"No public source publishes population at mahalla level for Tashkent City. Searched stat.uz, SIAT/hudud.stat.uz, toshstat.uz, data.egov.uz, aholi.stat.uz (2026 census), HDX, WorldPop. See 09_tashkent_missing_data.csv"
mahalla,1726294002,1726294002,Baxoriston,Chilonzor tumani,population_total,NULL,persons,NULL,NULL,NOT PUBLISHED,NULL,NULL,NULL,"No public source publishes population at mahalla level for Tashkent City. Searched stat.uz, SIAT/hudud.stat.uz, toshstat.uz, data.egov.uz, aholi.stat.uz (2026 census), HDX, WorldPop. See 09_tashkent_missing_data.csv"
mahalla,1726294003,1726294003,Bektoʻpi,Chilonzor tumani,population_total,NULL,persons,NULL,NULL,NOT PUBLISHED,NULL,NULL,NULL,"No public source publishes population at mahalla level for Tashkent City. Searched stat.uz, SIAT/hudud.stat.uz, toshstat.uz, data.egov.uz, aholi.stat.uz (2026 census), HDX, WorldPop. See 09_tashkent_missing_data.csv"
mahalla,1726294004,1726294004,Beshqoʻrgʻon,Chilonzor tumani,population_total,NULL,persons,NULL,NULL,NOT PUBLISHED,NULL,NULL,NULL,"No public source publishes population at mahalla level for Tashkent City. Searched stat.uz, SIAT/hudud.stat.uz, toshstat.uz, data.egov.uz, aholi.stat.uz (2026 census), HDX, WorldPop. See 09_tashkent_missing_data.csv"
mahalla,1726294005,1726294005,Guliston,Chilonzor tumani,population_total,NULL,persons,NULL,NULL,NOT PUBLISHED,NULL,NULL,NULL,"No public source publishes population at mahalla level for Tashkent City. Searched stat.uz, SIAT/hudud.stat.uz, toshstat.uz, data.egov.uz, aholi.stat.uz (2026 census), HDX, WorldPop. See 09_tashkent_missing_data.csv"
mahalla,1726294006,1726294006,Katta Xirmontepa,Chilonzor tumani,population_total,NULL,persons,NULL,NULL,NOT PUBLISHED,NULL,NULL,NULL,"No public source publishes population at mahalla level for Tashkent City. Searched stat.uz, SIAT/hudud.stat.uz, toshstat.uz, data.egov.uz, aholi.stat.uz (2026 census), HDX, WorldPop. See 09_tashkent_missing_data.csv"
mahalla,1726294007,1726294007,Tirsakobod,Chilonzor tumani,population_total,NULL,persons,NULL,NULL,NOT PUBLISHED,NULL,NULL,NULL,"No public source publishes population at mahalla level for Tashkent City. Searched stat.uz, SIAT/hudud.stat.uz, toshstat.uz, data.egov.uz, aholi.stat.uz (2026 census), HDX, WorldPop. See 09_tashkent_missing_data.csv"
mahalla,1726294008,1726294008,Xayrabod,Chilonzor tumani,population_total,NULL,persons,NULL,NULL,NOT PUBLISHED,NULL,NULL,NULL,"No public source publishes population at mahalla level for Tashkent City. Searched stat.uz, SIAT/hudud.stat.uz, toshstat.uz, data.egov.uz, aholi.stat.uz (2026 census), HDX, WorldPop. See 09_tashkent_missing_data.csv"
mahalla,1726294009,1726294009,Xirmontepa,Chilonzor tumani,population_total,NULL,persons,NULL,NULL,NOT PUBLISHED,NULL,NULL,NULL,"No public source publishes population at mahalla level for Tashkent City. Searched stat.uz, SIAT/hudud.stat.uz, toshstat.uz, data.egov.uz, aholi.stat.uz (2026 census), HDX, WorldPop. See 09_tashkent_missing_data.csv"
mahalla,1726294010,1726294010,Xontoʻpi,Chilonzor tumani,population_total,NULL,persons,NULL,NULL,NOT PUBLISHED,NULL,NULL,NULL,"No public source publishes population at mahalla level for Tashkent City. Searched stat.uz, SIAT/hudud.stat.uz, toshstat.uz, data.egov.uz, aholi.stat.uz (2026 census), HDX, WorldPop. See 09_tashkent_missing_data.csv"
mahalla,1726294011,1726294011,Sharaf,Chilonzor tumani,population_total,NULL,persons,NULL,NULL,NOT PUBLISHED,NULL,NULL,NULL,"No public source publishes population at mahalla level for Tashkent City. Searched stat.uz, SIAT/hudud.stat.uz, toshstat.uz, data.egov.uz, aholi.stat.uz (2026 census), HDX, WorldPop. See 09_tashkent_missing_data.csv"
mahalla,1726294012,1726294012,Sharq,Chilonzor tumani,population_total,NULL,persons,NULL,NULL,NOT PUBLISHED,NULL,NULL,NULL,"No public source publishes population at mahalla level for Tashkent City. Searched stat.uz, SIAT/hudud.stat.uz, toshstat.uz, data.egov.uz, aholi.stat.uz (2026 census), HDX, WorldPop. See 09_tashkent_missing_data.csv"
mahalla,1726294013,1726294013,Sharq tongi,Chilonzor tumani,population_total,NULL,persons,NULL,NULL,NOT PUBLISHED,NULL,NULL,NULL,"No public source publishes population at mahalla level for Tashkent City. Searched stat.uz, SIAT/hudud.stat.uz, toshstat.uz, data.egov.uz, aholi.stat.uz (2026 census), HDX, WorldPop. See 09_tashkent_missing_data.csv"
mahalla,1726294014,1726294014,Shuxrat,Chilonzor tumani,population_total,NULL,persons,NULL,NULL,NOT PUBLISHED,NULL,NULL,NULL,"No public source publishes population at mahalla level for Tashkent City. Searched stat.uz, SIAT/hudud.stat.uz, toshstat.uz, data.egov.uz, aholi.stat.uz (2026 census), HDX, WorldPop. See 09_tashkent_missing_data.csv"
mahalla,1726294015,1726294015,1-Charx Kamolon,Chilonzor tumani,population_total,NULL,persons,NULL,NULL,NOT PUBLISHED,NULL,NULL,NULL,"No public source publishes population at mahalla level for Tashkent City. Searched stat.uz, SIAT/hudud.stat.uz, toshstat.uz, data.egov.uz, aholi.stat.uz (2026 census), HDX, WorldPop. See 09_tashkent_missing_data.csv"
mahalla,1726294016,1726294016,2-Charx Kamolon,Chilonzor tumani,population_total,NULL,persons,NULL,NULL,NOT PUBLISHED,NULL,NULL,NULL,"No public source publishes population at mahalla level for Tashkent City. Searched stat.uz, SIAT/hudud.stat.uz, toshstat.uz, data.egov.uz, aholi.stat.uz (2026 census), HDX, WorldPop. See 09_tashkent_missing_data.csv"
mahalla,1726294017,1726294017,3-Charx Kamolon,Chilonzor tumani,population_total,NULL,persons,NULL,NULL,NOT PUBLISHED,NULL,NULL,NULL,"No public source publishes population at mahalla level for Tashkent City. Searched stat.uz, SIAT/hudud.stat.uz, toshstat.uz, data.egov.uz, aholi.stat.uz (2026 census), HDX, WorldPop. See 09_tashkent_missing_data.csv"
mahalla,1726294018,1726294018,Beshyogʻoch,Chilonzor tumani,population_total,NULL,persons,NULL,NULL,NOT PUBLISHED,NULL,NULL,NULL,"No public source publishes population at mahalla level for Tashkent City. Searched stat.uz, SIAT/hudud.stat.uz, toshstat.uz, data.egov.uz, aholi.stat.uz (2026 census), HDX, WorldPop. See 09_tashkent_missing_data.csv"
mahalla,1726294019,1726294019,Katta Kozirobod,Chilonzor tumani,population_total,NULL,persons,NULL,NULL,NOT PUBLISHED,NULL,NULL,NULL,"No public source publishes population at mahalla level for Tashkent City. Searched stat.uz, SIAT/hudud.stat.uz, toshstat.uz, data.egov.uz, aholi.stat.uz (2026 census), HDX, WorldPop. See 09_tashkent_missing_data.csv"
mahalla,1726294020,1726294020,Katta Olmazor,Chilonzor tumani,population_total,NULL,persons,NULL,NULL,NOT PUBLISHED,NULL,NULL,NULL,"No public source publishes population at mahalla level for Tashkent City. Searched stat.uz, SIAT/hudud.stat.uz, toshstat.uz, data.egov.uz, aholi.stat.uz (2026 census), HDX, WorldPop. See 09_tashkent_missing_data.csv"
mahalla,1726294021,1726294021,Katta Chilonzor-1,Chilonzor tumani,population_total,NULL,persons,NULL,NULL,NOT PUBLISHED,NULL,NULL,NULL,"No public source publishes population at mahalla level for Tashkent City. Searched stat.uz, SIAT/hudud.stat.uz, toshstat.uz, data.egov.uz, aholi.stat.uz (2026 census), HDX, WorldPop. See 09_tashkent_missing_data.csv"
mahalla,1726294022,1726294022,Katta Chilonzor-2,Chilonzor tumani,population_total,NULL,persons,NULL,NULL,NOT PUBLISHED,NULL,NULL,NULL,"No public source publishes population at mahalla level for Tashkent City. Searched stat.uz, SIAT/hudud.stat.uz, toshstat.uz, data.egov.uz, aholi.stat.uz (2026 census), HDX, WorldPop. See 09_tashkent_missing_data.csv"
mahalla,1726294023,1726294023,Katta Chilonzor-3,Chilonzor tumani,population_total,NULL,persons,NULL,NULL,NOT PUBLISHED,NULL,NULL,NULL,"No public source publishes population at mahalla level for Tashkent City. Searched stat.uz, SIAT/hudud.stat.uz, toshstat.uz, data.egov.uz, aholi.stat.uz (2026 census), HDX, WorldPop. See 09_tashkent_missing_data.csv"
mahalla,1726294024,1726294024,Novza,Chilonzor tumani,population_total,NULL,persons,NULL,NULL,NOT PUBLISHED,NULL,NULL,NULL,"No public source publishes population at mahalla level for Tashkent City. Searched stat.uz, SIAT/hudud.stat.uz, toshstat.uz, data.egov.uz, aholi.stat.uz (2026 census), HDX, WorldPop. See 09_tashkent_missing_data.csv"
mahalla,1726294025,1726294025,Chilonzor,Chilonzor tumani,population_total,NULL,persons,NULL,NULL,NOT PUBLISHED,NULL,NULL,NULL,"No public source publishes population at mahalla level for Tashkent City. Searched stat.uz, SIAT/hudud.stat.uz, toshstat.uz, data.egov.uz, aholi.stat.uz (2026 census), HDX, WorldPop. See 09_tashkent_missing_data.csv"
mahalla,1726294026,1726294026,Qozirobod,Chilonzor tumani,population_total,NULL,persons,NULL,NULL,NOT PUBLISHED,NULL,NULL,NULL,"No public source publishes population at mahalla level for Tashkent City. Searched stat.uz, SIAT/hudud.stat.uz, toshstat.uz, data.egov.uz, aholi.stat.uz (2026 census), HDX, WorldPop. See 09_tashkent_missing_data.csv"
mahalla,1726294027,1726294027,1-Qatortol,Chilonzor tumani,population_total,NULL,persons,NULL,NULL,NOT PUBLISHED,NULL,NULL,NULL,"No public source publishes population at mahalla level for Tashkent City. Searched stat.uz, SIAT/hudud.stat.uz, toshstat.uz, data.egov.uz, aholi.stat.uz (2026 census), HDX, WorldPop. See 09_tashkent_missing_data.csv"
mahalla,1726294028,1726294028,Beshchinor,Chilonzor tumani,population_total,NULL,persons,NULL,NULL,NOT PUBLISHED,NULL,NULL,NULL,"No public source publishes population at mahalla level for Tashkent City. Searched stat.uz, SIAT/hudud.stat.uz, toshstat.uz, data.egov.uz, aholi.stat.uz (2026 census), HDX, WorldPop. See 09_tashkent_missing_data.csv"
mahalla,1726294029,1726294029,Bogʻzor,Chilonzor tumani,population_total,NULL,persons,NULL,NULL,NOT PUBLISHED,NULL,NULL,NULL,"No public source publishes population at mahalla level for Tashkent City. Searched stat.uz, SIAT/hudud.stat.uz, toshstat.uz, data.egov.uz, aholi.stat.uz (2026 census), HDX, WorldPop. See 09_tashkent_missing_data.csv"
mahalla,1726294030,1726294030,Dilobod,Chilonzor tumani,population_total,NULL,persons,NULL,NULL,NOT PUBLISHED,NULL,NULL,NULL,"No public source publishes population at mahalla level for Tashkent City. Searched stat.uz, SIAT/hudud.stat.uz, toshstat.uz, data.egov.uz, aholi.stat.uz (2026 census), HDX, WorldPop. See 09_tashkent_missing_data.csv"
mahalla,1726294031,1726294031,Koʻtarma,Chilonzor tumani,population_total,NULL,persons,NULL,NULL,NOT PUBLISHED,NULL,NULL,NULL,"No public source publishes population at mahalla level for Tashkent City. Searched stat.uz, SIAT/hudud.stat.uz, toshstat.uz, data.egov.uz, aholi.stat.uz (2026 census), HDX, WorldPop. See 09_tashkent_missing_data.csv"
mahalla,1726294032,1726294032,Qatortol,Chilonzor tumani,population_total,NULL,persons,NULL,NULL,NOT PUBLISHED,NULL,NULL,NULL,"No public source publishes population at mahalla level for Tashkent City. Searched stat.uz, SIAT/hudud.stat.uz, toshstat.uz, data.egov.uz, aholi.stat.uz (2026 census), HDX, WorldPop. See 09_tashkent_missing_data.csv"
mahalla,1726294033,1726294033,Lutfiy,Chilonzor tumani,population_total,NULL,persons,NULL,NULL,NOT PUBLISHED,NULL,NULL,NULL,"No public source publishes population at mahalla level for Tashkent City. Searched stat.uz, SIAT/hudud.stat.uz, toshstat.uz, data.egov.uz, aholi.stat.uz (2026 census), HDX, WorldPop. See 09_tashkent_missing_data.csv"
mahalla,1726294034,1726294034,Navbahor,Chilonzor tumani,population_total,NULL,persons,NULL,NULL,NOT PUBLISHED,NULL,NULL,NULL,"No public source publishes population at mahalla level for Tashkent City. Searched stat.uz, SIAT/hudud.stat.uz, toshstat.uz, data.egov.uz, aholi.stat.uz (2026 census), HDX, WorldPop. See 09_tashkent_missing_data.csv"
mahalla,1726294035,1726294035,Nafosat,Chilonzor tumani,population_total,NULL,persons,NULL,NULL,NOT PUBLISHED,NULL,NULL,NULL,"No public source publishes population at mahalla level for Tashkent City. Searched stat.uz, SIAT/hudud.stat.uz, toshstat.uz, data.egov.uz, aholi.stat.uz (2026 census), HDX, WorldPop. See 09_tashkent_missing_data.csv"
mahalla,1726294036,1726294036,Oq-tepa,Chilonzor tumani,population_total,NULL,persons,NULL,NULL,NOT PUBLISHED,NULL,NULL,NULL,"No public source publishes population at mahalla level for Tashkent City. Searched stat.uz, SIAT/hudud.stat.uz, toshstat.uz, data.egov.uz, aholi.stat.uz (2026 census), HDX, WorldPop. See 09_tashkent_missing_data.csv"
mahalla,1726294037,1726294037,Xalqlar Doʻstligi,Chilonzor tumani,population_total,NULL,persons,NULL,NULL,NOT PUBLISHED,NULL,NULL,NULL,"No public source publishes population at mahalla level for Tashkent City. Searched stat.uz, SIAT/hudud.stat.uz, toshstat.uz, data.egov.uz, aholi.stat.uz (2026 census), HDX, WorldPop. See 09_tashkent_missing_data.csv"
mahalla,1726294038,1726294038,Choʻpon-ota,Chilonzor tumani,population_total,NULL,persons,NULL,NULL,NOT PUBLISHED,NULL,NULL,NULL,"No public source publishes population at mahalla level for Tashkent City. Searched stat.uz, SIAT/hudud.stat.uz, toshstat.uz, data.egov.uz, aholi.stat.uz (2026 census), HDX, WorldPop. See 09_tashkent_missing_data.csv"
mahalla,1726294039,1726294039,Diyor,Chilonzor tumani,population_total,NULL,persons,NULL,NULL,NOT PUBLISHED,NULL,NULL,NULL,"No public source publishes population at mahalla level for Tashkent City. Searched stat.uz, SIAT/hudud.stat.uz, toshstat.uz, data.egov.uz, aholi.stat.uz (2026 census), HDX, WorldPop. See 09_tashkent_missing_data.csv"
mahalla,1726294040,1726294040,Koʻrkam,Chilonzor tumani,population_total,NULL,persons,NULL,NULL,NOT PUBLISHED,NULL,NULL,NULL,"No public source publishes population at mahalla level for Tashkent City. Searched stat.uz, SIAT/hudud.stat.uz, toshstat.uz, data.egov.uz, aholi.stat.uz (2026 census), HDX, WorldPop. See 09_tashkent_missing_data.csv"
mahalla,1726294041,1726294041,Katta Navbahor,Chilonzor tumani,population_total,NULL,persons,NULL,NULL,NOT PUBLISHED,NULL,NULL,NULL,"No public source publishes population at mahalla level for Tashkent City. Searched stat.uz, SIAT/hudud.stat.uz, toshstat.uz, data.egov.uz, aholi.stat.uz (2026 census), HDX, WorldPop. See 09_tashkent_missing_data.csv"
mahalla,1726294042,1726294042,2-Qatortol,Chilonzor tumani,population_total,NULL,persons,NULL,NULL,NOT PUBLISHED,NULL,NULL,NULL,"No public source publishes population at mahalla level for Tashkent City. Searched stat.uz, SIAT/hudud.stat.uz, toshstat.uz, data.egov.uz, aholi.stat.uz (2026 census), HDX, WorldPop. See 09_tashkent_missing_data.csv"
mahalla,1726294043,1726294043,Botirma,Chilonzor tumani,population_total,NULL,persons,NULL,NULL,NOT PUBLISHED,NULL,NULL,NULL,"No public source publishes population at mahalla level for Tashkent City. Searched stat.uz, SIAT/hudud.stat.uz, toshstat.uz, data.egov.uz, aholi.stat.uz (2026 census), HDX, WorldPop. See 09_tashkent_missing_data.csv"
mahalla,1726294044,1726294044,Boʻrijar,Chilonzor tumani,population_total,NULL,persons,NULL,NULL,NOT PUBLISHED,NULL,NULL,NULL,"No public source publishes population at mahalla level for Tashkent City. Searched stat.uz, SIAT/hudud.stat.uz, toshstat.uz, data.egov.uz, aholi.stat.uz (2026 census), HDX, WorldPop. See 09_tashkent_missing_data.csv"
mahalla,1726294045,1726294045,Gavxar,Chilonzor tumani,population_total,NULL,persons,NULL,NULL,NOT PUBLISHED,NULL,NULL,NULL,"No public source publishes population at mahalla level for Tashkent City. Searched stat.uz, SIAT/hudud.stat.uz, toshstat.uz, data.egov.uz, aholi.stat.uz (2026 census), HDX, WorldPop. See 09_tashkent_missing_data.csv"
mahalla,1726294046,1726294046,Doʻmbirobod,Chilonzor tumani,population_total,NULL,persons,NULL,NULL,NOT PUBLISHED,NULL,NULL,NULL,"No public source publishes population at mahalla level for Tashkent City. Searched stat.uz, SIAT/hudud.stat.uz, toshstat.uz, data.egov.uz, aholi.stat.uz (2026 census), HDX, WorldPop. See 09_tashkent_missing_data.csv"
mahalla,1726294047,1726294047,Zarqoʻrgʻon,Chilonzor tumani,population_total,NULL,persons,NULL,NULL,NOT PUBLISHED,NULL,NULL,NULL,"No public source publishes population at mahalla level for Tashkent City. Searched stat.uz, SIAT/hudud.stat.uz, toshstat.uz, data.egov.uz, aholi.stat.uz (2026 census), HDX, WorldPop. See 09_tashkent_missing_data.csv"
mahalla,1726294048,1726294048,Katta Doʻmbirobod,Chilonzor tumani,population_total,NULL,persons,NULL,NULL,NOT PUBLISHED,NULL,NULL,NULL,"No public source publishes population at mahalla level for Tashkent City. Searched stat.uz, SIAT/hudud.stat.uz, toshstat.uz, data.egov.uz, aholi.stat.uz (2026 census), HDX, WorldPop. See 09_tashkent_missing_data.csv"
mahalla,1726294049,1726294049,Kichik Xirmontepa,Chilonzor tumani,population_total,NULL,persons,NULL,NULL,NOT PUBLISHED,NULL,NULL,NULL,"No public source publishes population at mahalla level for Tashkent City. Searched stat.uz, SIAT/hudud.stat.uz, toshstat.uz, data.egov.uz, aholi.stat.uz (2026 census), HDX, WorldPop. See 09_tashkent_missing_data.csv"
mahalla,1726294050,1726294050,Mevazor,Chilonzor tumani,population_total,NULL,persons,NULL,NULL,NOT PUBLISHED,NULL,NULL,NULL,"No public source publishes population at mahalla level for Tashkent City. Searched stat.uz, SIAT/hudud.stat.uz, toshstat.uz, data.egov.uz, aholi.stat.uz (2026 census), HDX, WorldPop. See 09_tashkent_missing_data.csv"
mahalla,1726294051,1726294051,Mexrjon,Chilonzor tumani,population_total,NULL,persons,NULL,NULL,NOT PUBLISHED,NULL,NULL,NULL,"No public source publishes population at mahalla level for Tashkent City. Searched stat.uz, SIAT/hudud.stat.uz, toshstat.uz, data.egov.uz, aholi.stat.uz (2026 census), HDX, WorldPop. See 09_tashkent_missing_data.csv"
mahalla,1726294052,1726294052,Naqqoshlik,Chilonzor tumani,population_total,NULL,persons,NULL,NULL,NOT PUBLISHED,NULL,NULL,NULL,"No public source publishes population at mahalla level for Tashkent City. Searched stat.uz, SIAT/hudud.stat.uz, toshstat.uz, data.egov.uz, aholi.stat.uz (2026 census), HDX, WorldPop. See 09_tashkent_missing_data.csv"
mahalla,1726294053,1726294053,Fidokor,Chilonzor tumani,population_total,NULL,persons,NULL,NULL,NOT PUBLISHED,NULL,NULL,NULL,"No public source publishes population at mahalla level for Tashkent City. Searched stat.uz, SIAT/hudud.stat.uz, toshstat.uz, data.egov.uz, aholi.stat.uz (2026 census), HDX, WorldPop. See 09_tashkent_missing_data.csv"
mahalla,1726294054,1726294054,Yakkabogʻ,Chilonzor tumani,population_total,NULL,persons,NULL,NULL,NOT PUBLISHED,NULL,NULL,NULL,"No public source publishes population at mahalla level for Tashkent City. Searched stat.uz, SIAT/hudud.stat.uz, toshstat.uz, data.egov.uz, aholi.stat.uz (2026 census), HDX, WorldPop. See 09_tashkent_missing_data.csv"
mahalla,1726294055,1726294055,Yakkatut,Chilonzor tumani,population_total,NULL,persons,NULL,NULL,NOT PUBLISHED,NULL,NULL,NULL,"No public source publishes population at mahalla level for Tashkent City. Searched stat.uz, SIAT/hudud.stat.uz, toshstat.uz, data.egov.uz, aholi.stat.uz (2026 census), HDX, WorldPop. See 09_tashkent_missing_data.csv"
