{"type": "FeatureCollection", "name": "tashkent_mahalla_points", "crs": {"type": "name", "properties": {"name": "urn:ogc:def:crs:OGC:1.3:CRS84"}}, "features": [{"type": "Feature", "properties": {"mahalla_id": "1726262001", "soato_code": "1726262001", "mahalla_name_uz_latin": "Bogʻobod", "district_id": "1726262", "district_name_uz_latin": "Uchtepa tumani", "parent_city": "Toshkent shahri", "area_ha": 49.22, "geometry_status": "OFFICIAL_CENTROID", "confidence": "A", "source": "Kadastr agentligi open.ngis.uz UZKAD/MAHALLA_UZKAD_DB16 (returnCentroid)", "last_verified_date": "2026-09-18"}, "geometry": {"type": "Point", "coordinates": [69.18244, 41.29502]}}, {"type": "Feature", "properties": {"mahalla_id": "1726262002", "soato_code": "1726262002", "mahalla_name_uz_latin": "Bogʻiston", "district_id": "1726262", "district_name_uz_latin": "Uchtepa tumani", "parent_city": "Toshkent shahri", "area_ha": 32.78, "geometry_status": "OFFICIAL_CENTROID", "confidence": "A", "source": "Kadastr agentligi open.ngis.uz UZKAD/MAHALLA_UZKAD_DB16 (returnCentroid)", "last_verified_date": "2026-09-18"}, "geometry": {"type": "Point", "coordinates": [69.1913, 41.29513]}}, {"type": "Feature", "properties": {"mahalla_id": "1726262005", "soato_code": "1726262005", "mahalla_name_uz_latin": "Guzar", "district_id": "1726262", "district_name_uz_latin": "Uchtepa tumani", "parent_city": "Toshkent shahri", "area_ha": 46.68, "geometry_status": "OFFICIAL_CENTROID", "confidence": "A", "source": "Kadastr agentligi open.ngis.uz UZKAD/MAHALLA_UZKAD_DB16 (returnCentroid)", "last_verified_date": "2026-09-18"}, "geometry": {"type": "Point", "coordinates": [69.19157, 41.28665]}}, {"type": "Feature", "properties": {"mahalla_id": "1726262007", "soato_code": "1726262007", "mahalla_name_uz_latin": "Jurjoniy", "district_id": "1726262", "district_name_uz_latin": "Uchtepa tumani", "parent_city": "Toshkent shahri", "area_ha": 49.04, "geometry_status": "OFFICIAL_CENTROID", "confidence": "A", "source": "Kadastr agentligi open.ngis.uz UZKAD/MAHALLA_UZKAD_DB16 (returnCentroid)", "last_verified_date": "2026-09-18"}, "geometry": {"type": "Point", "coordinates": [69.17598, 41.30178]}}, {"type": "Feature", "properties": {"mahalla_id": "1726262008", "soato_code": "1726262008", "mahalla_name_uz_latin": "Koʻxna Choʻponota", "district_id": "1726262", "district_name_uz_latin": "Uchtepa tumani", "parent_city": "Toshkent shahri", "area_ha": 46.66, "geometry_status": "OFFICIAL_CENTROID", "confidence": "A", "source": "Kadastr agentligi open.ngis.uz UZKAD/MAHALLA_UZKAD_DB16 (returnCentroid)", "last_verified_date": "2026-09-18"}, "geometry": {"type": "Point", "coordinates": [69.1863, 41.29092]}}, {"type": "Feature", "properties": {"mahalla_id": "1726262012", "soato_code": "1726262012", "mahalla_name_uz_latin": "Xondamir", "district_id": "1726262", "district_name_uz_latin": "Uchtepa tumani", "parent_city": "Toshkent shahri", "area_ha": 18.91, "geometry_status": "OFFICIAL_CENTROID", "confidence": "A", "source": "Kadastr agentligi open.ngis.uz UZKAD/MAHALLA_UZKAD_DB16 (returnCentroid)", "last_verified_date": "2026-09-18"}, "geometry": {"type": "Point", "coordinates": [69.17462, 41.31779]}}, {"type": "Feature", "properties": {"mahalla_id": "1726262013", "soato_code": "1726262013", "mahalla_name_uz_latin": "Sharq Yulduzi", "district_id": "1726262", "district_name_uz_latin": "Uchtepa tumani", "parent_city": "Toshkent shahri", "area_ha": 29.76, "geometry_status": "OFFICIAL_CENTROID", "confidence": "A", "source": "Kadastr agentligi open.ngis.uz UZKAD/MAHALLA_UZKAD_DB16 (returnCentroid)", "last_verified_date": "2026-09-18"}, "geometry": {"type": "Point", "coordinates": [69.17604, 41.31331]}}, {"type": "Feature", "properties": {"mahalla_id": "1726262016", "soato_code": "1726262016", "mahalla_name_uz_latin": "Birlik", "district_id": "1726262", "district_name_uz_latin": "Uchtepa tumani", "parent_city": "Toshkent shahri", "area_ha": 31.92, "geometry_status": "OFFICIAL_CENTROID", "confidence": "A", "source": "Kadastr agentligi open.ngis.uz UZKAD/MAHALLA_UZKAD_DB16 (returnCentroid)", "last_verified_date": "2026-09-18"}, "geometry": {"type": "Point", "coordinates": [69.17409, 41.29192]}}, {"type": "Feature", "properties": {"mahalla_id": "1726262017", "soato_code": "1726262017", "mahalla_name_uz_latin": "Davlatobod", "district_id": "1726262", "district_name_uz_latin": "Uchtepa tumani", "parent_city": "Toshkent shahri", "area_ha": 34.07, "geometry_status": "OFFICIAL_CENTROID", "confidence": "A", "source": "Kadastr agentligi open.ngis.uz UZKAD/MAHALLA_UZKAD_DB16 (returnCentroid)", "last_verified_date": "2026-09-18"}, "geometry": {"type": "Point", "coordinates": [69.17093, 41.29936]}}, {"type": "Feature", "properties": {"mahalla_id": "1726262018", "soato_code": "1726262018", "mahalla_name_uz_latin": "Zargarlik", "district_id": "1726262", "district_name_uz_latin": "Uchtepa tumani", "parent_city": "Toshkent shahri", "area_ha": 20.91, "geometry_status": "OFFICIAL_CENTROID", "confidence": "A", "source": "Kadastr agentligi open.ngis.uz UZKAD/MAHALLA_UZKAD_DB16 (returnCentroid)", "last_verified_date": "2026-09-18"}, "geometry": {"type": "Point", "coordinates": [69.18429, 41.28049]}}, {"type": "Feature", "properties": {"mahalla_id": "1726262019", "soato_code": "1726262019", "mahalla_name_uz_latin": "Ibrat", "district_id": "1726262", "district_name_uz_latin": "Uchtepa tumani", "parent_city": "Toshkent shahri", "area_ha": 31.28, "geometry_status": "OFFICIAL_CENTROID", "confidence": "A", "source": "Kadastr agentligi open.ngis.uz UZKAD/MAHALLA_UZKAD_DB16 (returnCentroid)", "last_verified_date": "2026-09-18"}, "geometry": {"type": "Point", "coordinates": [69.16976, 41.31535]}}, {"type": "Feature", "properties": {"mahalla_id": "1726262020", "soato_code": "1726262020", "mahalla_name_uz_latin": "Qoʻrgʻontepa", "district_id": "1726262", "district_name_uz_latin": "Uchtepa tumani", "parent_city": "Toshkent shahri", "area_ha": 27.76, "geometry_status": "OFFICIAL_CENTROID", "confidence": "A", "source": "Kadastr agentligi open.ngis.uz UZKAD/MAHALLA_UZKAD_DB16 (returnCentroid)", "last_verified_date": "2026-09-18"}, "geometry": {"type": "Point", "coordinates": [69.19312, 41.27901]}}, {"type": "Feature", "properties": {"mahalla_id": "1726262021", "soato_code": "1726262021", "mahalla_name_uz_latin": "Latifguzar", "district_id": "1726262", "district_name_uz_latin": "Uchtepa tumani", "parent_city": "Toshkent shahri", "area_ha": 29.59, "geometry_status": "OFFICIAL_CENTROID", "confidence": "A", "source": "Kadastr agentligi open.ngis.uz UZKAD/MAHALLA_UZKAD_DB16 (returnCentroid)", "last_verified_date": "2026-09-18"}, "geometry": {"type": "Point", "coordinates": [69.16549, 41.30233]}}, {"type": "Feature", "properties": {"mahalla_id": "1726262022", "soato_code": "1726262022", "mahalla_name_uz_latin": "Taqachi", "district_id": "1726262", "district_name_uz_latin": "Uchtepa tumani", "parent_city": "Toshkent shahri", "area_ha": 33.22, "geometry_status": "OFFICIAL_CENTROID", "confidence": "A", "source": "Kadastr agentligi open.ngis.uz UZKAD/MAHALLA_UZKAD_DB16 (returnCentroid)", "last_verified_date": "2026-09-18"}, "geometry": {"type": "Point", "coordinates": [69.15905, 41.3033]}}, {"type": "Feature", "properties": {"mahalla_id": "1726262023", "soato_code": "1726262023", "mahalla_name_uz_latin": "Tepaqoʻrgʻon", "district_id": "1726262", "district_name_uz_latin": "Uchtepa tumani", "parent_city": "Toshkent shahri", "area_ha": 26.12, "geometry_status": "OFFICIAL_CENTROID", "confidence": "A", "source": "Kadastr agentligi open.ngis.uz UZKAD/MAHALLA_UZKAD_DB16 (returnCentroid)", "last_verified_date": "2026-09-18"}, "geometry": {"type": "Point", "coordinates": [69.18952, 41.2764]}}, {"type": "Feature", "properties": {"mahalla_id": "1726262024", "soato_code": "1726262024", "mahalla_name_uz_latin": "Tinchlikobod", "district_id": "1726262", "district_name_uz_latin": "Uchtepa tumani", "parent_city": "Toshkent shahri", "area_ha": 35.46, "geometry_status": "OFFICIAL_CENTROID", "confidence": "A", "source": "Kadastr agentligi open.ngis.uz UZKAD/MAHALLA_UZKAD_DB16 (returnCentroid)", "last_verified_date": "2026-09-18"}, "geometry": {"type": "Point", "coordinates": [69.18116, 41.28581]}}, {"type": "Feature", "properties": {"mahalla_id": "1726262025", "soato_code": "1726262025", "mahalla_name_uz_latin": "Farxod", "district_id": "1726262", "district_name_uz_latin": "Uchtepa tumani", "parent_city": "Toshkent shahri", "area_ha": 35.27, "geometry_status": "OFFICIAL_CENTROID", "confidence": "A", "source": "Kadastr agentligi open.ngis.uz UZKAD/MAHALLA_UZKAD_DB16 (returnCentroid)", "last_verified_date": "2026-09-18"}, "geometry": {"type": "Point", "coordinates": [69.17593, 41.28803]}}, {"type": "Feature", "properties": {"mahalla_id": "1726262026", "soato_code": "1726262026", "mahalla_name_uz_latin": "Xojiobod", "district_id": "1726262", "district_name_uz_latin": "Uchtepa tumani", "parent_city": "Toshkent shahri", "area_ha": 26.19, "geometry_status": "OFFICIAL_CENTROID", "confidence": "A", "source": "Kadastr agentligi open.ngis.uz UZKAD/MAHALLA_UZKAD_DB16 (returnCentroid)", "last_verified_date": "2026-09-18"}, "geometry": {"type": "Point", "coordinates": [69.15831, 41.2985]}}, {"type": "Feature", "properties": {"mahalla_id": "1726262027", "soato_code": "1726262027", "mahalla_name_uz_latin": "Xuroson", "district_id": "1726262", "district_name_uz_latin": "Uchtepa tumani", "parent_city": "Toshkent shahri", "area_ha": 31.09, "geometry_status": "OFFICIAL_CENTROID", "confidence": "A", "source": "Kadastr agentligi open.ngis.uz UZKAD/MAHALLA_UZKAD_DB16 (returnCentroid)", "last_verified_date": "2026-09-18"}, "geometry": {"type": "Point", "coordinates": [69.18772, 41.28285]}}, {"type": "Feature", "properties": {"mahalla_id": "1726262028", "soato_code": "1726262028", "mahalla_name_uz_latin": "Xayratiy", "district_id": "1726262", "district_name_uz_latin": "Uchtepa tumani", "parent_city": "Toshkent shahri", "area_ha": 16.61, "geometry_status": "OFFICIAL_CENTROID", "confidence": "A", "source": "Kadastr agentligi open.ngis.uz UZKAD/MAHALLA_UZKAD_DB16 (returnCentroid)", "last_verified_date": "2026-09-18"}, "geometry": {"type": "Point", "coordinates": [69.16581, 41.30589]}}, {"type": "Feature", "properties": {"mahalla_id": "1726262030", "soato_code": "1726262030", "mahalla_name_uz_latin": "Oqmachit", "district_id": "1726262", "district_name_uz_latin": "Uchtepa tumani", "parent_city": "Toshkent shahri", "area_ha": 25.03, "geometry_status": "OFFICIAL_CENTROID", "confidence": "A", "source": "Kadastr agentligi open.ngis.uz UZKAD/MAHALLA_UZKAD_DB16 (returnCentroid)", "last_verified_date": "2026-09-18"}, "geometry": {"type": "Point", "coordinates": [69.15844, 41.3084]}}, {"type": "Feature", "properties": {"mahalla_id": "1726262031", "soato_code": "1726262031", "mahalla_name_uz_latin": "Quyi Darxon", "district_id": "1726262", "district_name_uz_latin": "Uchtepa tumani", "parent_city": "Toshkent shahri", "area_ha": 24.24, "geometry_status": "OFFICIAL_CENTROID", "confidence": "A", "source": "Kadastr agentligi open.ngis.uz UZKAD/MAHALLA_UZKAD_DB16 (returnCentroid)", "last_verified_date": "2026-09-18"}, "geometry": {"type": "Point", "coordinates": [69.15425, 41.30857]}}, {"type": "Feature", "properties": {"mahalla_id": "1726262034", "soato_code": "1726262034", "mahalla_name_uz_latin": "Alixontoʻra Sogʻuniy", "district_id": "1726262", "district_name_uz_latin": "Uchtepa tumani", "parent_city": "Toshkent shahri", "area_ha": 20.48, "geometry_status": "OFFICIAL_CENTROID", "confidence": "A", "source": "Kadastr agentligi open.ngis.uz UZKAD/MAHALLA_UZKAD_DB16 (returnCentroid)", "last_verified_date": "2026-09-18"}, "geometry": {"type": "Point", "coordinates": [69.15652, 41.26584]}}, {"type": "Feature", "properties": {"mahalla_id": "1726262035", "soato_code": "1726262035", "mahalla_name_uz_latin": "Diyorobod", "district_id": "1726262", "district_name_uz_latin": "Uchtepa tumani", "parent_city": "Toshkent shahri", "area_ha": 27.49, "geometry_status": "OFFICIAL_CENTROID", "confidence": "A", "source": "Kadastr agentligi open.ngis.uz UZKAD/MAHALLA_UZKAD_DB16 (returnCentroid)", "last_verified_date": "2026-09-18"}, "geometry": {"type": "Point", "coordinates": [69.15028, 41.26403]}}, {"type": "Feature", "properties": {"mahalla_id": "1726262037", "soato_code": "1726262037", "mahalla_name_uz_latin": "Yusuf Sakkokiy", "district_id": "1726262", "district_name_uz_latin": "Uchtepa tumani", "parent_city": "Toshkent shahri", "area_ha": 79.1, "geometry_status": "OFFICIAL_CENTROID", "confidence": "A", "source": "Kadastr agentligi open.ngis.uz UZKAD/MAHALLA_UZKAD_DB16 (returnCentroid)", "last_verified_date": "2026-09-18"}, "geometry": {"type": "Point", "coordinates": [69.15476, 41.28913]}}, {"type": "Feature", "properties": {"mahalla_id": "1726262038", "soato_code": "1726262038", "mahalla_name_uz_latin": "Yangiyoʻl", "district_id": "1726262", "district_name_uz_latin": "Uchtepa tumani", "parent_city": "Toshkent shahri", "area_ha": 16.08, "geometry_status": "OFFICIAL_CENTROID", "confidence": "A", "source": "Kadastr agentligi open.ngis.uz UZKAD/MAHALLA_UZKAD_DB16 (returnCentroid)", "last_verified_date": "2026-09-18"}, "geometry": {"type": "Point", "coordinates": [69.15083, 41.26748]}}, {"type": "Feature", "properties": {"mahalla_id": "1726262039", "soato_code": "1726262039", "mahalla_name_uz_latin": "Diydor", "district_id": "1726262", "district_name_uz_latin": "Uchtepa tumani", "parent_city": "Toshkent shahri", "area_ha": 14.4, "geometry_status": "OFFICIAL_CENTROID", "confidence": "A", "source": "Kadastr agentligi open.ngis.uz UZKAD/MAHALLA_UZKAD_DB16 (returnCentroid)", "last_verified_date": "2026-09-18"}, "geometry": {"type": "Point", "coordinates": [69.15529, 41.26918]}}, {"type": "Feature", "properties": {"mahalla_id": "1726262042", "soato_code": "1726262042", "mahalla_name_uz_latin": "Uchtepa", "district_id": "1726262", "district_name_uz_latin": "Uchtepa tumani", "parent_city": "Toshkent shahri", "area_ha": 30.95, "geometry_status": "OFFICIAL_CENTROID", "confidence": "A", "source": "Kadastr agentligi open.ngis.uz UZKAD/MAHALLA_UZKAD_DB16 (returnCentroid)", "last_verified_date": "2026-09-18"}, "geometry": {"type": "Point", "coordinates": [69.1541, 41.29467]}}, {"type": "Feature", "properties": {"mahalla_id": "1726262044", "soato_code": "1726262044", "mahalla_name_uz_latin": "Koʻrkamobod", "district_id": "1726262", "district_name_uz_latin": "Uchtepa tumani", "parent_city": "Toshkent shahri", "area_ha": 30.89, "geometry_status": "OFFICIAL_CENTROID", "confidence": "A", "source": "Kadastr agentligi open.ngis.uz UZKAD/MAHALLA_UZKAD_DB16 (returnCentroid)", "last_verified_date": "2026-09-18"}, "geometry": {"type": "Point", "coordinates": [69.15318, 41.30146]}}, {"type": "Feature", "properties": {"mahalla_id": "1726262045", "soato_code": "1726262045", "mahalla_name_uz_latin": "Sharq Guli", "district_id": "1726262", "district_name_uz_latin": "Uchtepa tumani", "parent_city": "Toshkent shahri", "area_ha": 11.24, "geometry_status": "OFFICIAL_CENTROID", "confidence": "A", "source": "Kadastr agentligi open.ngis.uz UZKAD/MAHALLA_UZKAD_DB16 (returnCentroid)", "last_verified_date": "2026-09-18"}, "geometry": {"type": "Point", "coordinates": [69.17016, 41.31959]}}, {"type": "Feature", "properties": {"mahalla_id": "1726262046", "soato_code": "1726262046", "mahalla_name_uz_latin": "Xurshid", "district_id": "1726262", "district_name_uz_latin": "Uchtepa tumani", "parent_city": "Toshkent shahri", "area_ha": 14.65, "geometry_status": "OFFICIAL_CENTROID", "confidence": "A", "source": "Kadastr agentligi open.ngis.uz UZKAD/MAHALLA_UZKAD_DB16 (returnCentroid)", "last_verified_date": "2026-09-18"}, "geometry": {"type": "Point", "coordinates": [69.15636, 41.31305]}}, {"type": "Feature", "properties": {"mahalla_id": "1726262048", "soato_code": "1726262048", "mahalla_name_uz_latin": "Bekobod", "district_id": "1726262", "district_name_uz_latin": "Uchtepa tumani", "parent_city": "Toshkent shahri", "area_ha": 34.71, "geometry_status": "OFFICIAL_CENTROID", "confidence": "A", "source": "Kadastr agentligi open.ngis.uz UZKAD/MAHALLA_UZKAD_DB16 (returnCentroid)", "last_verified_date": "2026-09-18"}, "geometry": {"type": "Point", "coordinates": [69.17051, 41.32589]}}, {"type": "Feature", "properties": {"mahalla_id": "1726262049", "soato_code": "1726262049", "mahalla_name_uz_latin": "Nurobod", "district_id": "1726262", "district_name_uz_latin": "Uchtepa tumani", "parent_city": "Toshkent shahri", "area_ha": 28.85, "geometry_status": "OFFICIAL_CENTROID", "confidence": "A", "source": "Kadastr agentligi open.ngis.uz UZKAD/MAHALLA_UZKAD_DB16 (returnCentroid)", "last_verified_date": "2026-09-18"}, "geometry": {"type": "Point", "coordinates": [69.16735, 41.2824]}}, {"type": "Feature", "properties": {"mahalla_id": "1726262050", "soato_code": "1726262050", "mahalla_name_uz_latin": "Nayman", "district_id": "1726262", "district_name_uz_latin": "Uchtepa tumani", "parent_city": "Toshkent shahri", "area_ha": 26.55, "geometry_status": "OFFICIAL_CENTROID", "confidence": "A", "source": "Kadastr agentligi open.ngis.uz UZKAD/MAHALLA_UZKAD_DB16 (returnCentroid)", "last_verified_date": "2026-09-18"}, "geometry": {"type": "Point", "coordinates": [69.16892, 41.28771]}}, {"type": "Feature", "properties": {"mahalla_id": "1726262051", "soato_code": "1726262051", "mahalla_name_uz_latin": "Vatan", "district_id": "1726262", "district_name_uz_latin": "Uchtepa tumani", "parent_city": "Toshkent shahri", "area_ha": 32.65, "geometry_status": "OFFICIAL_CENTROID", "confidence": "A", "source": "Kadastr agentligi open.ngis.uz UZKAD/MAHALLA_UZKAD_DB16 (returnCentroid)", "last_verified_date": "2026-09-18"}, "geometry": {"type": "Point", "coordinates": [69.17554, 41.28262]}}, {"type": "Feature", "properties": {"mahalla_id": "1726262052", "soato_code": "1726262052", "mahalla_name_uz_latin": "Vatanparvar", "district_id": "1726262", "district_name_uz_latin": "Uchtepa tumani", "parent_city": "Toshkent shahri", "area_ha": 21.94, "geometry_status": "OFFICIAL_CENTROID", "confidence": "A", "source": "Kadastr agentligi open.ngis.uz UZKAD/MAHALLA_UZKAD_DB16 (returnCentroid)", "last_verified_date": "2026-09-18"}, "geometry": {"type": "Point", "coordinates": [69.17311, 41.27979]}}, {"type": "Feature", "properties": {"mahalla_id": "1726262053", "soato_code": "1726262053", "mahalla_name_uz_latin": "Shirin", "district_id": "1726262", "district_name_uz_latin": "Uchtepa tumani", "parent_city": "Toshkent shahri", "area_ha": 75.49, "geometry_status": "OFFICIAL_CENTROID", "confidence": "A", "source": "Kadastr agentligi open.ngis.uz UZKAD/MAHALLA_UZKAD_DB16 (returnCentroid)", "last_verified_date": "2026-09-18"}, "geometry": {"type": "Point", "coordinates": [69.17994, 41.27594]}}, {"type": "Feature", "properties": {"mahalla_id": "1726262054", "soato_code": "1726262054", "mahalla_name_uz_latin": "Oʻtkir", "district_id": "1726262", "district_name_uz_latin": "Uchtepa tumani", "parent_city": "Toshkent shahri", "area_ha": 30.9, "geometry_status": "OFFICIAL_CENTROID", "confidence": "A", "source": "Kadastr agentligi open.ngis.uz UZKAD/MAHALLA_UZKAD_DB16 (returnCentroid)", "last_verified_date": "2026-09-18"}, "geometry": {"type": "Point", "coordinates": [69.16015, 41.31833]}}, {"type": "Feature", "properties": {"mahalla_id": "1726262055", "soato_code": "1726262055", "mahalla_name_uz_latin": "Istirohat", "district_id": "1726262", "district_name_uz_latin": "Uchtepa tumani", "parent_city": "Toshkent shahri", "area_ha": 43.39, "geometry_status": "OFFICIAL_CENTROID", "confidence": "A", "source": "Kadastr agentligi open.ngis.uz UZKAD/MAHALLA_UZKAD_DB16 (returnCentroid)", "last_verified_date": "2026-09-18"}, "geometry": {"type": "Point", "coordinates": [69.1618, 41.32347]}}, {"type": "Feature", "properties": {"mahalla_id": "1726262056", "soato_code": "1726262056", "mahalla_name_uz_latin": "Shaftolizor", "district_id": "1726262", "district_name_uz_latin": "Uchtepa tumani", "parent_city": "Toshkent shahri", "area_ha": 24.19, "geometry_status": "OFFICIAL_CENTROID", "confidence": "A", "source": "Kadastr agentligi open.ngis.uz UZKAD/MAHALLA_UZKAD_DB16 (returnCentroid)", "last_verified_date": "2026-09-18"}, "geometry": {"type": "Point", "coordinates": [69.1645, 41.32869]}}, {"type": "Feature", "properties": {"mahalla_id": "1726262057", "soato_code": "1726262057", "mahalla_name_uz_latin": "Jarbuloq", "district_id": "1726262", "district_name_uz_latin": "Uchtepa tumani", "parent_city": "Toshkent shahri", "area_ha": 13.46, "geometry_status": "OFFICIAL_CENTROID", "confidence": "A", "source": "Kadastr agentligi open.ngis.uz UZKAD/MAHALLA_UZKAD_DB16 (returnCentroid)", "last_verified_date": "2026-09-18"}, "geometry": {"type": "Point", "coordinates": [69.1657, 41.3186]}}, {"type": "Feature", "properties": {"mahalla_id": "1726262058", "soato_code": "1726262058", "mahalla_name_uz_latin": "Zulfizar", "district_id": "1726262", "district_name_uz_latin": "Uchtepa tumani", "parent_city": "Toshkent shahri", "area_ha": 14.99, "geometry_status": "OFFICIAL_CENTROID", "confidence": "A", "source": "Kadastr agentligi open.ngis.uz UZKAD/MAHALLA_UZKAD_DB16 (returnCentroid)", "last_verified_date": "2026-09-18"}, "geometry": {"type": "Point", "coordinates": [69.15817, 41.3156]}}, {"type": "Feature", "properties": {"mahalla_id": "1726262059", "soato_code": "1726262059", "mahalla_name_uz_latin": "Hamdoʻst", "district_id": "1726262", "district_name_uz_latin": "Uchtepa tumani", "parent_city": "Toshkent shahri", "area_ha": 64.48, "geometry_status": "OFFICIAL_CENTROID", "confidence": "A", "source": "Kadastr agentligi open.ngis.uz UZKAD/MAHALLA_UZKAD_DB16 (returnCentroid)", "last_verified_date": "2026-09-18"}, "geometry": {"type": "Point", "coordinates": [69.17043, 41.27479]}}, {"type": "Feature", "properties": {"mahalla_id": "1726264001", "soato_code": "1726264001", "mahalla_name_uz_latin": "Mirishkor", "district_id": "1726264", "district_name_uz_latin": "Bektemir tumani", "parent_city": "Toshkent shahri", "area_ha": 257.24, "geometry_status": "OFFICIAL_CENTROID", "confidence": "A", "source": "Kadastr agentligi open.ngis.uz UZKAD/MAHALLA_UZKAD_DB16 (returnCentroid)", "last_verified_date": "2026-09-18"}, "geometry": {"type": "Point", "coordinates": [69.36618, 41.25545]}}, {"type": "Feature", "properties": {"mahalla_id": "1726264003", "soato_code": "1726264003", "mahalla_name_uz_latin": "Rohat", "district_id": "1726264", "district_name_uz_latin": "Bektemir tumani", "parent_city": "Toshkent shahri", "area_ha": 28.62, "geometry_status": "OFFICIAL_CENTROID", "confidence": "A", "source": "Kadastr agentligi open.ngis.uz UZKAD/MAHALLA_UZKAD_DB16 (returnCentroid)", "last_verified_date": "2026-09-18"}, "geometry": {"type": "Point", "coordinates": [69.37905, 41.25338]}}, {"type": "Feature", "properties": {"mahalla_id": "1726264004", "soato_code": "1726264004", "mahalla_name_uz_latin": "Zabardast", "district_id": "1726264", "district_name_uz_latin": "Bektemir tumani", "parent_city": "Toshkent shahri", "area_ha": 205.97, "geometry_status": "OFFICIAL_CENTROID", "confidence": "A", "source": "Kadastr agentligi open.ngis.uz UZKAD/MAHALLA_UZKAD_DB16 (returnCentroid)", "last_verified_date": "2026-09-18"}, "geometry": {"type": "Point", "coordinates": [69.34202, 41.21467]}}, {"type": "Feature", "properties": {"mahalla_id": "1726264005", "soato_code": "1726264005", "mahalla_name_uz_latin": "Sohil", "district_id": "1726264", "district_name_uz_latin": "Bektemir tumani", "parent_city": "Toshkent shahri", "area_ha": 39.56, "geometry_status": "OFFICIAL_CENTROID", "confidence": "A", "source": "Kadastr agentligi open.ngis.uz UZKAD/MAHALLA_UZKAD_DB16 (returnCentroid)", "last_verified_date": "2026-09-18"}, "geometry": {"type": "Point", "coordinates": [69.33148, 41.22178]}}, {"type": "Feature", "properties": {"mahalla_id": "1726264007", "soato_code": "1726264007", "mahalla_name_uz_latin": "Zilola", "district_id": "1726264", "district_name_uz_latin": "Bektemir tumani", "parent_city": "Toshkent shahri", "area_ha": 21.07, "geometry_status": "OFFICIAL_CENTROID", "confidence": "A", "source": "Kadastr agentligi open.ngis.uz UZKAD/MAHALLA_UZKAD_DB16 (returnCentroid)", "last_verified_date": "2026-09-18"}, "geometry": {"type": "Point", "coordinates": [69.37391, 41.25093]}}, {"type": "Feature", "properties": {"mahalla_id": "1726264008", "soato_code": "1726264008", "mahalla_name_uz_latin": "Iqbol", "district_id": "1726264", "district_name_uz_latin": "Bektemir tumani", "parent_city": "Toshkent shahri", "area_ha": 31.4, "geometry_status": "OFFICIAL_CENTROID", "confidence": "A", "source": "Kadastr agentligi open.ngis.uz UZKAD/MAHALLA_UZKAD_DB16 (returnCentroid)", "last_verified_date": "2026-09-18"}, "geometry": {"type": "Point", "coordinates": [69.36924, 41.24699]}}, {"type": "Feature", "properties": {"mahalla_id": "1726264009", "soato_code": "1726264009", "mahalla_name_uz_latin": "Chashma", "district_id": "1726264", "district_name_uz_latin": "Bektemir tumani", "parent_city": "Toshkent shahri", "area_ha": 10.24, "geometry_status": "OFFICIAL_CENTROID", "confidence": "A", "source": "Kadastr agentligi open.ngis.uz UZKAD/MAHALLA_UZKAD_DB16 (returnCentroid)", "last_verified_date": "2026-09-18"}, "geometry": {"type": "Point", "coordinates": [69.3693, 41.24779]}}, {"type": "Feature", "properties": {"mahalla_id": "1726264010", "soato_code": "1726264010", "mahalla_name_uz_latin": "Gulbogʻ", "district_id": "1726264", "district_name_uz_latin": "Bektemir tumani", "parent_city": "Toshkent shahri", "area_ha": 256.81, "geometry_status": "OFFICIAL_CENTROID", "confidence": "A", "source": "Kadastr agentligi open.ngis.uz UZKAD/MAHALLA_UZKAD_DB16 (returnCentroid)", "last_verified_date": "2026-09-18"}, "geometry": {"type": "Point", "coordinates": [69.35876, 41.22791]}}, {"type": "Feature", "properties": {"mahalla_id": "1726264012", "soato_code": "1726264012", "mahalla_name_uz_latin": "Abay", "district_id": "1726264", "district_name_uz_latin": "Bektemir tumani", "parent_city": "Toshkent shahri", "area_ha": 137.01, "geometry_status": "OFFICIAL_CENTROID", "confidence": "A", "source": "Kadastr agentligi open.ngis.uz UZKAD/MAHALLA_UZKAD_DB16 (returnCentroid)", "last_verified_date": "2026-09-18"}, "geometry": {"type": "Point", "coordinates": [69.35578, 41.24047]}}, {"type": "Feature", "properties": {"mahalla_id": "1726264013", "soato_code": "1726264013", "mahalla_name_uz_latin": "Husayn Boyqaro", "district_id": "1726264", "district_name_uz_latin": "Bektemir tumani", "parent_city": "Toshkent shahri", "area_ha": 90.52, "geometry_status": "OFFICIAL_CENTROID", "confidence": "A", "source": "Kadastr agentligi open.ngis.uz UZKAD/MAHALLA_UZKAD_DB16 (returnCentroid)", "last_verified_date": "2026-09-18"}, "geometry": {"type": "Point", "coordinates": [69.34676, 41.23557]}}, {"type": "Feature", "properties": {"mahalla_id": "1726264014", "soato_code": "1726264014", "mahalla_name_uz_latin": "Nurli yo'l", "district_id": "1726264", "district_name_uz_latin": "Bektemir tumani", "parent_city": "Toshkent shahri", "area_ha": 579.46, "geometry_status": "OFFICIAL_CENTROID", "confidence": "A", "source": "Kadastr agentligi open.ngis.uz UZKAD/MAHALLA_UZKAD_DB16 (returnCentroid)", "last_verified_date": "2026-09-18"}, "geometry": {"type": "Point", "coordinates": [69.31769, 41.20329]}}, {"type": "Feature", "properties": {"mahalla_id": "1726264016", "soato_code": "1726264016", "mahalla_name_uz_latin": "Ustozlar", "district_id": "1726264", "district_name_uz_latin": "Bektemir tumani", "parent_city": "Toshkent shahri", "area_ha": 77.4, "geometry_status": "OFFICIAL_CENTROID", "confidence": "A", "source": "Kadastr agentligi open.ngis.uz UZKAD/MAHALLA_UZKAD_DB16 (returnCentroid)", "last_verified_date": "2026-09-18"}, "geometry": {"type": "Point", "coordinates": [69.34009, 41.22376]}}, {"type": "Feature", "properties": {"mahalla_id": "1726264017", "soato_code": "1726264017", "mahalla_name_uz_latin": "Nurafshon", "district_id": "1726264", "district_name_uz_latin": "Bektemir tumani", "parent_city": "Toshkent shahri", "area_ha": 407.67, "geometry_status": "OFFICIAL_CENTROID", "confidence": "A", "source": "Kadastr agentligi open.ngis.uz UZKAD/MAHALLA_UZKAD_DB16 (returnCentroid)", "last_verified_date": "2026-09-18"}, "geometry": {"type": "Point", "coordinates": [69.31724, 41.23114]}}, {"type": "Feature", "properties": {"mahalla_id": "1726266001", "soato_code": "1726266001", "mahalla_name_uz_latin": "Astrobod", "district_id": "1726266", "district_name_uz_latin": "Yunusobod tumani", "parent_city": "Toshkent shahri", "area_ha": 39.36, "geometry_status": "OFFICIAL_CENTROID", "confidence": "A", "source": "Kadastr agentligi open.ngis.uz UZKAD/MAHALLA_UZKAD_DB16 (returnCentroid)", "last_verified_date": "2026-09-18"}, "geometry": {"type": "Point", "coordinates": [69.26995, 41.37158]}}, {"type": "Feature", "properties": {"mahalla_id": "1726266002", "soato_code": "1726266002", "mahalla_name_uz_latin": "Bogʻishamol", "district_id": "1726266", "district_name_uz_latin": "Yunusobod tumani", "parent_city": "Toshkent shahri", "area_ha": 34.87, "geometry_status": "OFFICIAL_CENTROID", "confidence": "A", "source": "Kadastr agentligi open.ngis.uz UZKAD/MAHALLA_UZKAD_DB16 (returnCentroid)", "last_verified_date": "2026-09-18"}, "geometry": {"type": "Point", "coordinates": [69.28931, 41.36796]}}, {"type": "Feature", "properties": {"mahalla_id": "1726266003", "soato_code": "1726266003", "mahalla_name_uz_latin": "Bogʻi eram", "district_id": "1726266", "district_name_uz_latin": "Yunusobod tumani", "parent_city": "Toshkent shahri", "area_ha": 21.26, "geometry_status": "OFFICIAL_CENTROID", "confidence": "A", "source": "Kadastr agentligi open.ngis.uz UZKAD/MAHALLA_UZKAD_DB16 (returnCentroid)", "last_verified_date": "2026-09-18"}, "geometry": {"type": "Point", "coordinates": [69.29058, 41.3721]}}, {"type": "Feature", "properties": {"mahalla_id": "1726266004", "soato_code": "1726266004", "mahalla_name_uz_latin": "Islomobod", "district_id": "1726266", "district_name_uz_latin": "Yunusobod tumani", "parent_city": "Toshkent shahri", "area_ha": 116.59, "geometry_status": "OFFICIAL_CENTROID", "confidence": "A", "source": "Kadastr agentligi open.ngis.uz UZKAD/MAHALLA_UZKAD_DB16 (returnCentroid)", "last_verified_date": "2026-09-18"}, "geometry": {"type": "Point", "coordinates": [69.27444, 41.38346]}}, {"type": "Feature", "properties": {"mahalla_id": "1726266005", "soato_code": "1726266005", "mahalla_name_uz_latin": "Yoʻlayriq", "district_id": "1726266", "district_name_uz_latin": "Yunusobod tumani", "parent_city": "Toshkent shahri", "area_ha": 48.74, "geometry_status": "OFFICIAL_CENTROID", "confidence": "A", "source": "Kadastr agentligi open.ngis.uz UZKAD/MAHALLA_UZKAD_DB16 (returnCentroid)", "last_verified_date": "2026-09-18"}, "geometry": {"type": "Point", "coordinates": [69.28546, 41.37582]}}, {"type": "Feature", "properties": {"mahalla_id": "1726266006", "soato_code": "1726266006", "mahalla_name_uz_latin": "Kulolqoʻrgʻon", "district_id": "1726266", "district_name_uz_latin": "Yunusobod tumani", "parent_city": "Toshkent shahri", "area_ha": 43.61, "geometry_status": "OFFICIAL_CENTROID", "confidence": "A", "source": "Kadastr agentligi open.ngis.uz UZKAD/MAHALLA_UZKAD_DB16 (returnCentroid)", "last_verified_date": "2026-09-18"}, "geometry": {"type": "Point", "coordinates": [69.29171, 41.37781]}}, {"type": "Feature", "properties": {"mahalla_id": "1726266007", "soato_code": "1726266007", "mahalla_name_uz_latin": "Katta Xasanboy", "district_id": "1726266", "district_name_uz_latin": "Yunusobod tumani", "parent_city": "Toshkent shahri", "area_ha": 166.14, "geometry_status": "OFFICIAL_CENTROID", "confidence": "A", "source": "Kadastr agentligi open.ngis.uz UZKAD/MAHALLA_UZKAD_DB16 (returnCentroid)", "last_verified_date": "2026-09-18"}, "geometry": {"type": "Point", "coordinates": [69.23959, 41.39238]}}, {"type": "Feature", "properties": {"mahalla_id": "1726266008", "soato_code": "1726266008", "mahalla_name_uz_latin": "Mingchinor", "district_id": "1726266", "district_name_uz_latin": "Yunusobod tumani", "parent_city": "Toshkent shahri", "area_ha": 20.05, "geometry_status": "OFFICIAL_CENTROID", "confidence": "A", "source": "Kadastr agentligi open.ngis.uz UZKAD/MAHALLA_UZKAD_DB16 (returnCentroid)", "last_verified_date": "2026-09-18"}, "geometry": {"type": "Point", "coordinates": [69.28285, 41.36993]}}, {"type": "Feature", "properties": {"mahalla_id": "1726266010", "soato_code": "1726266010", "mahalla_name_uz_latin": "Nurmakon", "district_id": "1726266", "district_name_uz_latin": "Yunusobod tumani", "parent_city": "Toshkent shahri", "area_ha": 19.02, "geometry_status": "OFFICIAL_CENTROID", "confidence": "A", "source": "Kadastr agentligi open.ngis.uz UZKAD/MAHALLA_UZKAD_DB16 (returnCentroid)", "last_verified_date": "2026-09-18"}, "geometry": {"type": "Point", "coordinates": [69.2791, 41.37295]}}, {"type": "Feature", "properties": {"mahalla_id": "1726266013", "soato_code": "1726266013", "mahalla_name_uz_latin": "Xasanboy", "district_id": "1726266", "district_name_uz_latin": "Yunusobod tumani", "parent_city": "Toshkent shahri", "area_ha": 163.73, "geometry_status": "OFFICIAL_CENTROID", "confidence": "A", "source": "Kadastr agentligi open.ngis.uz UZKAD/MAHALLA_UZKAD_DB16 (returnCentroid)", "last_verified_date": "2026-09-18"}, "geometry": {"type": "Point", "coordinates": [69.26113, 41.38684]}}, {"type": "Feature", "properties": {"mahalla_id": "1726266016", "soato_code": "1726266016", "mahalla_name_uz_latin": "Barhayot", "district_id": "1726266", "district_name_uz_latin": "Yunusobod tumani", "parent_city": "Toshkent shahri", "area_ha": 26.87, "geometry_status": "OFFICIAL_CENTROID", "confidence": "A", "source": "Kadastr agentligi open.ngis.uz UZKAD/MAHALLA_UZKAD_DB16 (returnCentroid)", "last_verified_date": "2026-09-18"}, "geometry": {"type": "Point", "coordinates": [69.29443, 41.38025]}}, {"type": "Feature", "properties": {"mahalla_id": "1726266019", "soato_code": "1726266019", "mahalla_name_uz_latin": "Axilobod", "district_id": "1726266", "district_name_uz_latin": "Yunusobod tumani", "parent_city": "Toshkent shahri", "area_ha": 33.42, "geometry_status": "OFFICIAL_CENTROID", "confidence": "A", "source": "Kadastr agentligi open.ngis.uz UZKAD/MAHALLA_UZKAD_DB16 (returnCentroid)", "last_verified_date": "2026-09-18"}, "geometry": {"type": "Point", "coordinates": [69.29953, 41.36716]}}, {"type": "Feature", "properties": {"mahalla_id": "1726266020", "soato_code": "1726266020", "mahalla_name_uz_latin": "Axmad donish", "district_id": "1726266", "district_name_uz_latin": "Yunusobod tumani", "parent_city": "Toshkent shahri", "area_ha": 18.38, "geometry_status": "OFFICIAL_CENTROID", "confidence": "A", "source": "Kadastr agentligi open.ngis.uz UZKAD/MAHALLA_UZKAD_DB16 (returnCentroid)", "last_verified_date": "2026-09-18"}, "geometry": {"type": "Point", "coordinates": [69.30029, 41.37687]}}, {"type": "Feature", "properties": {"mahalla_id": "1726266021", "soato_code": "1726266021", "mahalla_name_uz_latin": "Begʻubor", "district_id": "1726266", "district_name_uz_latin": "Yunusobod tumani", "parent_city": "Toshkent shahri", "area_ha": 21.96, "geometry_status": "OFFICIAL_CENTROID", "confidence": "A", "source": "Kadastr agentligi open.ngis.uz UZKAD/MAHALLA_UZKAD_DB16 (returnCentroid)", "last_verified_date": "2026-09-18"}, "geometry": {"type": "Point", "coordinates": [69.31679, 41.37049]}}, {"type": "Feature", "properties": {"mahalla_id": "1726266022", "soato_code": "1726266022", "mahalla_name_uz_latin": "Bobodehqon", "district_id": "1726266", "district_name_uz_latin": "Yunusobod tumani", "parent_city": "Toshkent shahri", "area_ha": 114.66, "geometry_status": "OFFICIAL_CENTROID", "confidence": "A", "source": "Kadastr agentligi open.ngis.uz UZKAD/MAHALLA_UZKAD_DB16 (returnCentroid)", "last_verified_date": "2026-09-18"}, "geometry": {"type": "Point", "coordinates": [69.31032, 41.38041]}}, {"type": "Feature", "properties": {"mahalla_id": "1726266023", "soato_code": "1726266023", "mahalla_name_uz_latin": "Mehnatobod", "district_id": "1726266", "district_name_uz_latin": "Yunusobod tumani", "parent_city": "Toshkent shahri", "area_ha": 23.99, "geometry_status": "OFFICIAL_CENTROID", "confidence": "A", "source": "Kadastr agentligi open.ngis.uz UZKAD/MAHALLA_UZKAD_DB16 (returnCentroid)", "last_verified_date": "2026-09-18"}, "geometry": {"type": "Point", "coordinates": [69.31875, 41.3692]}}, {"type": "Feature", "properties": {"mahalla_id": "1726266024", "soato_code": "1726266024", "mahalla_name_uz_latin": "Murruvat", "district_id": "1726266", "district_name_uz_latin": "Yunusobod tumani", "parent_city": "Toshkent shahri", "area_ha": 16.6, "geometry_status": "OFFICIAL_CENTROID", "confidence": "A", "source": "Kadastr agentligi open.ngis.uz UZKAD/MAHALLA_UZKAD_DB16 (returnCentroid)", "last_verified_date": "2026-09-18"}, "geometry": {"type": "Point", "coordinates": [69.29832, 41.37911]}}, {"type": "Feature", "properties": {"mahalla_id": "1726266025", "soato_code": "1726266025", "mahalla_name_uz_latin": "Oqtepa", "district_id": "1726266", "district_name_uz_latin": "Yunusobod tumani", "parent_city": "Toshkent shahri", "area_ha": 158.02, "geometry_status": "OFFICIAL_CENTROID", "confidence": "A", "source": "Kadastr agentligi open.ngis.uz UZKAD/MAHALLA_UZKAD_DB16 (returnCentroid)", "last_verified_date": "2026-09-18"}, "geometry": {"type": "Point", "coordinates": [69.31865, 41.36325]}}, {"type": "Feature", "properties": {"mahalla_id": "1726266033", "soato_code": "1726266033", "mahalla_name_uz_latin": "Adolat", "district_id": "1726266", "district_name_uz_latin": "Yunusobod tumani", "parent_city": "Toshkent shahri", "area_ha": 42.83, "geometry_status": "OFFICIAL_CENTROID", "confidence": "A", "source": "Kadastr agentligi open.ngis.uz UZKAD/MAHALLA_UZKAD_DB16 (returnCentroid)", "last_verified_date": "2026-09-18"}, "geometry": {"type": "Point", "coordinates": [69.27895, 41.36379]}}, {"type": "Feature", "properties": {"mahalla_id": "1726266034", "soato_code": "1726266034", "mahalla_name_uz_latin": "Anorzor", "district_id": "1726266", "district_name_uz_latin": "Yunusobod tumani", "parent_city": "Toshkent shahri", "area_ha": 42.55, "geometry_status": "OFFICIAL_CENTROID", "confidence": "A", "source": "Kadastr agentligi open.ngis.uz UZKAD/MAHALLA_UZKAD_DB16 (returnCentroid)", "last_verified_date": "2026-09-18"}, "geometry": {"type": "Point", "coordinates": [69.28185, 41.3567]}}, {"type": "Feature", "properties": {"mahalla_id": "1726266035", "soato_code": "1726266035", "mahalla_name_uz_latin": "Billur", "district_id": "1726266", "district_name_uz_latin": "Yunusobod tumani", "parent_city": "Toshkent shahri", "area_ha": 55.96, "geometry_status": "OFFICIAL_CENTROID", "confidence": "A", "source": "Kadastr agentligi open.ngis.uz UZKAD/MAHALLA_UZKAD_DB16 (returnCentroid)", "last_verified_date": "2026-09-18"}, "geometry": {"type": "Point", "coordinates": [69.27831, 41.36768]}}, {"type": "Feature", "properties": {"mahalla_id": "1726266036", "soato_code": "1726266036", "mahalla_name_uz_latin": "Gʻayratiy", "district_id": "1726266", "district_name_uz_latin": "Yunusobod tumani", "parent_city": "Toshkent shahri", "area_ha": 33.75, "geometry_status": "OFFICIAL_CENTROID", "confidence": "A", "source": "Kadastr agentligi open.ngis.uz UZKAD/MAHALLA_UZKAD_DB16 (returnCentroid)", "last_verified_date": "2026-09-18"}, "geometry": {"type": "Point", "coordinates": [69.27463, 41.35524]}}, {"type": "Feature", "properties": {"mahalla_id": "1726266037", "soato_code": "1726266037", "mahalla_name_uz_latin": "Jomiy", "district_id": "1726266", "district_name_uz_latin": "Yunusobod tumani", "parent_city": "Toshkent shahri", "area_ha": 45.37, "geometry_status": "OFFICIAL_CENTROID", "confidence": "A", "source": "Kadastr agentligi open.ngis.uz UZKAD/MAHALLA_UZKAD_DB16 (returnCentroid)", "last_verified_date": "2026-09-18"}, "geometry": {"type": "Point", "coordinates": [69.26841, 41.35079]}}, {"type": "Feature", "properties": {"mahalla_id": "1726266038", "soato_code": "1726266038", "mahalla_name_uz_latin": "Iftixor", "district_id": "1726266", "district_name_uz_latin": "Yunusobod tumani", "parent_city": "Toshkent shahri", "area_ha": 41.3, "geometry_status": "OFFICIAL_CENTROID", "confidence": "A", "source": "Kadastr agentligi open.ngis.uz UZKAD/MAHALLA_UZKAD_DB16 (returnCentroid)", "last_verified_date": "2026-09-18"}, "geometry": {"type": "Point", "coordinates": [69.28085, 41.34775]}}, {"type": "Feature", "properties": {"mahalla_id": "1726266039", "soato_code": "1726266039", "mahalla_name_uz_latin": "Qoʻshchinor", "district_id": "1726266", "district_name_uz_latin": "Yunusobod tumani", "parent_city": "Toshkent shahri", "area_ha": 17.36, "geometry_status": "OFFICIAL_CENTROID", "confidence": "A", "source": "Kadastr agentligi open.ngis.uz UZKAD/MAHALLA_UZKAD_DB16 (returnCentroid)", "last_verified_date": "2026-09-18"}, "geometry": {"type": "Point", "coordinates": [69.27477, 41.36082]}}, {"type": "Feature", "properties": {"mahalla_id": "1726266040", "soato_code": "1726266040", "mahalla_name_uz_latin": "Qashqar", "district_id": "1726266", "district_name_uz_latin": "Yunusobod tumani", "parent_city": "Toshkent shahri", "area_ha": 171.89, "geometry_status": "OFFICIAL_CENTROID", "confidence": "A", "source": "Kadastr agentligi open.ngis.uz UZKAD/MAHALLA_UZKAD_DB16 (returnCentroid)", "last_verified_date": "2026-09-18"}, "geometry": {"type": "Point", "coordinates": [69.27286, 41.316]}}, {"type": "Feature", "properties": {"mahalla_id": "1726266041", "soato_code": "1726266041", "mahalla_name_uz_latin": "Matonat", "district_id": "1726266", "district_name_uz_latin": "Yunusobod tumani", "parent_city": "Toshkent shahri", "area_ha": 73.94, "geometry_status": "OFFICIAL_CENTROID", "confidence": "A", "source": "Kadastr agentligi open.ngis.uz UZKAD/MAHALLA_UZKAD_DB16 (returnCentroid)", "last_verified_date": "2026-09-18"}, "geometry": {"type": "Point", "coordinates": [69.27649, 41.32527]}}, {"type": "Feature", "properties": {"mahalla_id": "1726266042", "soato_code": "1726266042", "mahalla_name_uz_latin": "Minor", "district_id": "1726266", "district_name_uz_latin": "Yunusobod tumani", "parent_city": "Toshkent shahri", "area_ha": 155.62, "geometry_status": "OFFICIAL_CENTROID", "confidence": "A", "source": "Kadastr agentligi open.ngis.uz UZKAD/MAHALLA_UZKAD_DB16 (returnCentroid)", "last_verified_date": "2026-09-18"}, "geometry": {"type": "Point", "coordinates": [69.28008, 41.33615]}}, {"type": "Feature", "properties": {"mahalla_id": "1726266047", "soato_code": "1726266047", "mahalla_name_uz_latin": "Registon", "district_id": "1726266", "district_name_uz_latin": "Yunusobod tumani", "parent_city": "Toshkent shahri", "area_ha": 51.41, "geometry_status": "OFFICIAL_CENTROID", "confidence": "A", "source": "Kadastr agentligi open.ngis.uz UZKAD/MAHALLA_UZKAD_DB16 (returnCentroid)", "last_verified_date": "2026-09-18"}, "geometry": {"type": "Point", "coordinates": [69.26804, 41.36074]}}, {"type": "Feature", "properties": {"mahalla_id": "1726266049", "soato_code": "1726266049", "mahalla_name_uz_latin": "Akbarobod", "district_id": "1726266", "district_name_uz_latin": "Yunusobod tumani", "parent_city": "Toshkent shahri", "area_ha": 27.47, "geometry_status": "OFFICIAL_CENTROID", "confidence": "A", "source": "Kadastr agentligi open.ngis.uz UZKAD/MAHALLA_UZKAD_DB16 (returnCentroid)", "last_verified_date": "2026-09-18"}, "geometry": {"type": "Point", "coordinates": [69.29301, 41.36359]}}, {"type": "Feature", "properties": {"mahalla_id": "1726266050", "soato_code": "1726266050", "mahalla_name_uz_latin": "Bogʻi boʻston", "district_id": "1726266", "district_name_uz_latin": "Yunusobod tumani", "parent_city": "Toshkent shahri", "area_ha": 150.73, "geometry_status": "OFFICIAL_CENTROID", "confidence": "A", "source": "Kadastr agentligi open.ngis.uz UZKAD/MAHALLA_UZKAD_DB16 (returnCentroid)", "last_verified_date": "2026-09-18"}, "geometry": {"type": "Point", "coordinates": [69.31482, 41.34368]}}, {"type": "Feature", "properties": {"mahalla_id": "1726266051", "soato_code": "1726266051", "mahalla_name_uz_latin": "Bodomzor", "district_id": "1726266", "district_name_uz_latin": "Yunusobod tumani", "parent_city": "Toshkent shahri", "area_ha": 27.86, "geometry_status": "OFFICIAL_CENTROID", "confidence": "A", "source": "Kadastr agentligi open.ngis.uz UZKAD/MAHALLA_UZKAD_DB16 (returnCentroid)", "last_verified_date": "2026-09-18"}, "geometry": {"type": "Point", "coordinates": [69.29357, 41.34377]}}, {"type": "Feature", "properties": {"mahalla_id": "1726266052", "soato_code": "1726266052", "mahalla_name_uz_latin": "Buyuk Turon", "district_id": "1726266", "district_name_uz_latin": "Yunusobod tumani", "parent_city": "Toshkent shahri", "area_ha": 91.47, "geometry_status": "OFFICIAL_CENTROID", "confidence": "A", "source": "Kadastr agentligi open.ngis.uz UZKAD/MAHALLA_UZKAD_DB16 (returnCentroid)", "last_verified_date": "2026-09-18"}, "geometry": {"type": "Point", "coordinates": [69.28629, 41.32168]}}, {"type": "Feature", "properties": {"mahalla_id": "1726266053", "soato_code": "1726266053", "mahalla_name_uz_latin": "Boʻz suv", "district_id": "1726266", "district_name_uz_latin": "Yunusobod tumani", "parent_city": "Toshkent shahri", "area_ha": 48.65, "geometry_status": "OFFICIAL_CENTROID", "confidence": "A", "source": "Kadastr agentligi open.ngis.uz UZKAD/MAHALLA_UZKAD_DB16 (returnCentroid)", "last_verified_date": "2026-09-18"}, "geometry": {"type": "Point", "coordinates": [69.30017, 41.34398]}}, {"type": "Feature", "properties": {"mahalla_id": "1726266054", "soato_code": "1726266054", "mahalla_name_uz_latin": "MUlugʻbek", "district_id": "1726266", "district_name_uz_latin": "Yunusobod tumani", "parent_city": "Toshkent shahri", "area_ha": 86.7, "geometry_status": "OFFICIAL_CENTROID", "confidence": "A", "source": "Kadastr agentligi open.ngis.uz UZKAD/MAHALLA_UZKAD_DB16 (returnCentroid)", "last_verified_date": "2026-09-18"}, "geometry": {"type": "Point", "coordinates": [69.29126, 41.3292]}}, {"type": "Feature", "properties": {"mahalla_id": "1726266055", "soato_code": "1726266055", "mahalla_name_uz_latin": "Qadrdon", "district_id": "1726266", "district_name_uz_latin": "Yunusobod tumani", "parent_city": "Toshkent shahri", "area_ha": 78.7, "geometry_status": "OFFICIAL_CENTROID", "confidence": "A", "source": "Kadastr agentligi open.ngis.uz UZKAD/MAHALLA_UZKAD_DB16 (returnCentroid)", "last_verified_date": "2026-09-18"}, "geometry": {"type": "Point", "coordinates": [69.30611, 41.36479]}}, {"type": "Feature", "properties": {"mahalla_id": "1726266056", "soato_code": "1726266056", "mahalla_name_uz_latin": "Obod", "district_id": "1726266", "district_name_uz_latin": "Yunusobod tumani", "parent_city": "Toshkent shahri", "area_ha": 122.56, "geometry_status": "OFFICIAL_CENTROID", "confidence": "A", "source": "Kadastr agentligi open.ngis.uz UZKAD/MAHALLA_UZKAD_DB16 (returnCentroid)", "last_verified_date": "2026-09-18"}, "geometry": {"type": "Point", "coordinates": [69.32637, 41.35631]}}, {"type": "Feature", "properties": {"mahalla_id": "1726266057", "soato_code": "1726266057", "mahalla_name_uz_latin": "Otchopar-1", "district_id": "1726266", "district_name_uz_latin": "Yunusobod tumani", "parent_city": "Toshkent shahri", "area_ha": 88.81, "geometry_status": "OFFICIAL_CENTROID", "confidence": "A", "source": "Kadastr agentligi open.ngis.uz UZKAD/MAHALLA_UZKAD_DB16 (returnCentroid)", "last_verified_date": "2026-09-18"}, "geometry": {"type": "Point", "coordinates": [69.29575, 41.35141]}}, {"type": "Feature", "properties": {"mahalla_id": "1726266058", "soato_code": "1726266058", "mahalla_name_uz_latin": "Otchopar-2", "district_id": "1726266", "district_name_uz_latin": "Yunusobod tumani", "parent_city": "Toshkent shahri", "area_ha": 167.28, "geometry_status": "OFFICIAL_CENTROID", "confidence": "A", "source": "Kadastr agentligi open.ngis.uz UZKAD/MAHALLA_UZKAD_DB16 (returnCentroid)", "last_verified_date": "2026-09-18"}, "geometry": {"type": "Point", "coordinates": [69.31085, 41.3535]}}, {"type": "Feature", "properties": {"mahalla_id": "1726266059", "soato_code": "1726266059", "mahalla_name_uz_latin": "Posira", "district_id": "1726266", "district_name_uz_latin": "Yunusobod tumani", "parent_city": "Toshkent shahri", "area_ha": 72.67, "geometry_status": "OFFICIAL_CENTROID", "confidence": "A", "source": "Kadastr agentligi open.ngis.uz UZKAD/MAHALLA_UZKAD_DB16 (returnCentroid)", "last_verified_date": "2026-09-18"}, "geometry": {"type": "Point", "coordinates": [69.3352, 41.35541]}}, {"type": "Feature", "properties": {"mahalla_id": "1726269001", "soato_code": "1726269001", "mahalla_name_uz_latin": "Avayxon", "district_id": "1726269", "district_name_uz_latin": "Mirzo Ulugʻbek tumani", "parent_city": "Toshkent shahri", "area_ha": 93.49, "geometry_status": "OFFICIAL_CENTROID", "confidence": "A", "source": "Kadastr agentligi open.ngis.uz UZKAD/MAHALLA_UZKAD_DB16 (returnCentroid)", "last_verified_date": "2026-09-18"}, "geometry": {"type": "Point", "coordinates": [69.35227, 41.31833]}}, {"type": "Feature", "properties": {"mahalla_id": "1726269002", "soato_code": "1726269002", "mahalla_name_uz_latin": "Alisher Navoiy", "district_id": "1726269", "district_name_uz_latin": "Mirzo Ulugʻbek tumani", "parent_city": "Toshkent shahri", "area_ha": 56.84, "geometry_status": "OFFICIAL_CENTROID", "confidence": "A", "source": "Kadastr agentligi open.ngis.uz UZKAD/MAHALLA_UZKAD_DB16 (returnCentroid)", "last_verified_date": "2026-09-18"}, "geometry": {"type": "Point", "coordinates": [69.35962, 41.32907]}}, {"type": "Feature", "properties": {"mahalla_id": "1726269003", "soato_code": "1726269003", "mahalla_name_uz_latin": "Alpomish", "district_id": "1726269", "district_name_uz_latin": "Mirzo Ulugʻbek tumani", "parent_city": "Toshkent shahri", "area_ha": 138.41, "geometry_status": "OFFICIAL_CENTROID", "confidence": "A", "source": "Kadastr agentligi open.ngis.uz UZKAD/MAHALLA_UZKAD_DB16 (returnCentroid)", "last_verified_date": "2026-09-18"}, "geometry": {"type": "Point", "coordinates": [69.34387, 41.33129]}}, {"type": "Feature", "properties": {"mahalla_id": "1726269004", "soato_code": "1726269004", "mahalla_name_uz_latin": "Gulsanam", "district_id": "1726269", "district_name_uz_latin": "Mirzo Ulugʻbek tumani", "parent_city": "Toshkent shahri", "area_ha": 24.77, "geometry_status": "OFFICIAL_CENTROID", "confidence": "A", "source": "Kadastr agentligi open.ngis.uz UZKAD/MAHALLA_UZKAD_DB16 (returnCentroid)", "last_verified_date": "2026-09-18"}, "geometry": {"type": "Point", "coordinates": [69.37351, 41.33159]}}, {"type": "Feature", "properties": {"mahalla_id": "1726269005", "soato_code": "1726269005", "mahalla_name_uz_latin": "Katta Qorasuv", "district_id": "1726269", "district_name_uz_latin": "Mirzo Ulugʻbek tumani", "parent_city": "Toshkent shahri", "area_ha": 62.3, "geometry_status": "OFFICIAL_CENTROID", "confidence": "A", "source": "Kadastr agentligi open.ngis.uz UZKAD/MAHALLA_UZKAD_DB16 (returnCentroid)", "last_verified_date": "2026-09-18"}, "geometry": {"type": "Point", "coordinates": [69.36688, 41.32906]}}, {"type": "Feature", "properties": {"mahalla_id": "1726269006", "soato_code": "1726269006", "mahalla_name_uz_latin": "Katta Oltintepa", "district_id": "1726269", "district_name_uz_latin": "Mirzo Ulugʻbek tumani", "parent_city": "Toshkent shahri", "area_ha": 75.45, "geometry_status": "OFFICIAL_CENTROID", "confidence": "A", "source": "Kadastr agentligi open.ngis.uz UZKAD/MAHALLA_UZKAD_DB16 (returnCentroid)", "last_verified_date": "2026-09-18"}, "geometry": {"type": "Point", "coordinates": [69.34687, 41.32185]}}, {"type": "Feature", "properties": {"mahalla_id": "1726269007", "soato_code": "1726269007", "mahalla_name_uz_latin": "Minglola", "district_id": "1726269", "district_name_uz_latin": "Mirzo Ulugʻbek tumani", "parent_city": "Toshkent shahri", "area_ha": 16.57, "geometry_status": "OFFICIAL_CENTROID", "confidence": "A", "source": "Kadastr agentligi open.ngis.uz UZKAD/MAHALLA_UZKAD_DB16 (returnCentroid)", "last_verified_date": "2026-09-18"}, "geometry": {"type": "Point", "coordinates": [69.35523, 41.32256]}}, {"type": "Feature", "properties": {"mahalla_id": "1726269008", "soato_code": "1726269008", "mahalla_name_uz_latin": "Oltintepa", "district_id": "1726269", "district_name_uz_latin": "Mirzo Ulugʻbek tumani", "parent_city": "Toshkent shahri", "area_ha": 94.77, "geometry_status": "OFFICIAL_CENTROID", "confidence": "A", "source": "Kadastr agentligi open.ngis.uz UZKAD/MAHALLA_UZKAD_DB16 (returnCentroid)", "last_verified_date": "2026-09-18"}, "geometry": {"type": "Point", "coordinates": [69.3391, 41.31417]}}, {"type": "Feature", "properties": {"mahalla_id": "1726269009", "soato_code": "1726269009", "mahalla_name_uz_latin": "Sultoniya", "district_id": "1726269", "district_name_uz_latin": "Mirzo Ulugʻbek tumani", "parent_city": "Toshkent shahri", "area_ha": 30.52, "geometry_status": "OFFICIAL_CENTROID", "confidence": "A", "source": "Kadastr agentligi open.ngis.uz UZKAD/MAHALLA_UZKAD_DB16 (returnCentroid)", "last_verified_date": "2026-09-18"}, "geometry": {"type": "Point", "coordinates": [69.37296, 41.33838]}}, {"type": "Feature", "properties": {"mahalla_id": "1726269010", "soato_code": "1726269010", "mahalla_name_uz_latin": "Chimyon", "district_id": "1726269", "district_name_uz_latin": "Mirzo Ulugʻbek tumani", "parent_city": "Toshkent shahri", "area_ha": 21.88, "geometry_status": "OFFICIAL_CENTROID", "confidence": "A", "source": "Kadastr agentligi open.ngis.uz UZKAD/MAHALLA_UZKAD_DB16 (returnCentroid)", "last_verified_date": "2026-09-18"}, "geometry": {"type": "Point", "coordinates": [69.37577, 41.33569]}}, {"type": "Feature", "properties": {"mahalla_id": "1726269011", "soato_code": "1726269011", "mahalla_name_uz_latin": "Shukur Burxonov", "district_id": "1726269", "district_name_uz_latin": "Mirzo Ulugʻbek tumani", "parent_city": "Toshkent shahri", "area_ha": 80.33, "geometry_status": "OFFICIAL_CENTROID", "confidence": "A", "source": "Kadastr agentligi open.ngis.uz UZKAD/MAHALLA_UZKAD_DB16 (returnCentroid)", "last_verified_date": "2026-09-18"}, "geometry": {"type": "Point", "coordinates": [69.36021, 41.33514]}}, {"type": "Feature", "properties": {"mahalla_id": "1726269012", "soato_code": "1726269012", "mahalla_name_uz_latin": "Shoʻrtepa", "district_id": "1726269", "district_name_uz_latin": "Mirzo Ulugʻbek tumani", "parent_city": "Toshkent shahri", "area_ha": 49.71, "geometry_status": "OFFICIAL_CENTROID", "confidence": "A", "source": "Kadastr agentligi open.ngis.uz UZKAD/MAHALLA_UZKAD_DB16 (returnCentroid)", "last_verified_date": "2026-09-18"}, "geometry": {"type": "Point", "coordinates": [69.36518, 41.33999]}}, {"type": "Feature", "properties": {"mahalla_id": "1726269013", "soato_code": "1726269013", "mahalla_name_uz_latin": "Yangi Avayxon", "district_id": "1726269", "district_name_uz_latin": "Mirzo Ulugʻbek tumani", "parent_city": "Toshkent shahri", "area_ha": 21.03, "geometry_status": "OFFICIAL_CENTROID", "confidence": "A", "source": "Kadastr agentligi open.ngis.uz UZKAD/MAHALLA_UZKAD_DB16 (returnCentroid)", "last_verified_date": "2026-09-18"}, "geometry": {"type": "Point", "coordinates": [69.35768, 41.31975]}}, {"type": "Feature", "properties": {"mahalla_id": "1726269015", "soato_code": "1726269015", "mahalla_name_uz_latin": "Alisherobod", "district_id": "1726269", "district_name_uz_latin": "Mirzo Ulugʻbek tumani", "parent_city": "Toshkent shahri", "area_ha": 250.29, "geometry_status": "OFFICIAL_CENTROID", "confidence": "A", "source": "Kadastr agentligi open.ngis.uz UZKAD/MAHALLA_UZKAD_DB16 (returnCentroid)", "last_verified_date": "2026-09-18"}, "geometry": {"type": "Point", "coordinates": [69.39998, 41.32773]}}, {"type": "Feature", "properties": {"mahalla_id": "1726269018", "soato_code": "1726269018", "mahalla_name_uz_latin": "Azamat", "district_id": "1726269", "district_name_uz_latin": "Mirzo Ulugʻbek tumani", "parent_city": "Toshkent shahri", "area_ha": 36.12, "geometry_status": "OFFICIAL_CENTROID", "confidence": "A", "source": "Kadastr agentligi open.ngis.uz UZKAD/MAHALLA_UZKAD_DB16 (returnCentroid)", "last_verified_date": "2026-09-18"}, "geometry": {"type": "Point", "coordinates": [69.38924, 41.36275]}}, {"type": "Feature", "properties": {"mahalla_id": "1726269019", "soato_code": "1726269019", "mahalla_name_uz_latin": "Al-Farobiy", "district_id": "1726269", "district_name_uz_latin": "Mirzo Ulugʻbek tumani", "parent_city": "Toshkent shahri", "area_ha": 27.75, "geometry_status": "OFFICIAL_CENTROID", "confidence": "A", "source": "Kadastr agentligi open.ngis.uz UZKAD/MAHALLA_UZKAD_DB16 (returnCentroid)", "last_verified_date": "2026-09-18"}, "geometry": {"type": "Point", "coordinates": [69.38796, 41.34683]}}, {"type": "Feature", "properties": {"mahalla_id": "1726269020", "soato_code": "1726269020", "mahalla_name_uz_latin": "Axillik", "district_id": "1726269", "district_name_uz_latin": "Mirzo Ulugʻbek tumani", "parent_city": "Toshkent shahri", "area_ha": 18.9, "geometry_status": "OFFICIAL_CENTROID", "confidence": "A", "source": "Kadastr agentligi open.ngis.uz UZKAD/MAHALLA_UZKAD_DB16 (returnCentroid)", "last_verified_date": "2026-09-18"}, "geometry": {"type": "Point", "coordinates": [69.38542, 41.35521]}}, {"type": "Feature", "properties": {"mahalla_id": "1726269021", "soato_code": "1726269021", "mahalla_name_uz_latin": "Axmad Yugnakiy", "district_id": "1726269", "district_name_uz_latin": "Mirzo Ulugʻbek tumani", "parent_city": "Toshkent shahri", "area_ha": 23.87, "geometry_status": "OFFICIAL_CENTROID", "confidence": "A", "source": "Kadastr agentligi open.ngis.uz UZKAD/MAHALLA_UZKAD_DB16 (returnCentroid)", "last_verified_date": "2026-09-18"}, "geometry": {"type": "Point", "coordinates": [69.38482, 41.3486]}}, {"type": "Feature", "properties": {"mahalla_id": "1726269022", "soato_code": "1726269022", "mahalla_name_uz_latin": "Beshkapa", "district_id": "1726269", "district_name_uz_latin": "Mirzo Ulugʻbek tumani", "parent_city": "Toshkent shahri", "area_ha": 228.65, "geometry_status": "OFFICIAL_CENTROID", "confidence": "A", "source": "Kadastr agentligi open.ngis.uz UZKAD/MAHALLA_UZKAD_DB16 (returnCentroid)", "last_verified_date": "2026-09-18"}, "geometry": {"type": "Point", "coordinates": [69.39272, 41.3488]}}, {"type": "Feature", "properties": {"mahalla_id": "1726269023", "soato_code": "1726269023", "mahalla_name_uz_latin": "Munavvarqori", "district_id": "1726269", "district_name_uz_latin": "Mirzo Ulugʻbek tumani", "parent_city": "Toshkent shahri", "area_ha": 78.76, "geometry_status": "OFFICIAL_CENTROID", "confidence": "A", "source": "Kadastr agentligi open.ngis.uz UZKAD/MAHALLA_UZKAD_DB16 (returnCentroid)", "last_verified_date": "2026-09-18"}, "geometry": {"type": "Point", "coordinates": [69.37774, 41.35904]}}, {"type": "Feature", "properties": {"mahalla_id": "1726269024", "soato_code": "1726269024", "mahalla_name_uz_latin": "Traktorsozlar", "district_id": "1726269", "district_name_uz_latin": "Mirzo Ulugʻbek tumani", "parent_city": "Toshkent shahri", "area_ha": 20.87, "geometry_status": "OFFICIAL_CENTROID", "confidence": "A", "source": "Kadastr agentligi open.ngis.uz UZKAD/MAHALLA_UZKAD_DB16 (returnCentroid)", "last_verified_date": "2026-09-18"}, "geometry": {"type": "Point", "coordinates": [69.38921, 41.35656]}}, {"type": "Feature", "properties": {"mahalla_id": "1726269025", "soato_code": "1726269025", "mahalla_name_uz_latin": "Uygʻonish", "district_id": "1726269", "district_name_uz_latin": "Mirzo Ulugʻbek tumani", "parent_city": "Toshkent shahri", "area_ha": 29.79, "geometry_status": "OFFICIAL_CENTROID", "confidence": "A", "source": "Kadastr agentligi open.ngis.uz UZKAD/MAHALLA_UZKAD_DB16 (returnCentroid)", "last_verified_date": "2026-09-18"}, "geometry": {"type": "Point", "coordinates": [69.38139, 41.35495]}}, {"type": "Feature", "properties": {"mahalla_id": "1726269027", "soato_code": "1726269027", "mahalla_name_uz_latin": "Xumoyun", "district_id": "1726269", "district_name_uz_latin": "Mirzo Ulugʻbek tumani", "parent_city": "Toshkent shahri", "area_ha": 43.46, "geometry_status": "OFFICIAL_CENTROID", "confidence": "A", "source": "Kadastr agentligi open.ngis.uz UZKAD/MAHALLA_UZKAD_DB16 (returnCentroid)", "last_verified_date": "2026-09-18"}, "geometry": {"type": "Point", "coordinates": [69.38803, 41.34299]}}, {"type": "Feature", "properties": {"mahalla_id": "1726269028", "soato_code": "1726269028", "mahalla_name_uz_latin": "Yuzrabot", "district_id": "1726269", "district_name_uz_latin": "Mirzo Ulugʻbek tumani", "parent_city": "Toshkent shahri", "area_ha": 36.11, "geometry_status": "OFFICIAL_CENTROID", "confidence": "A", "source": "Kadastr agentligi open.ngis.uz UZKAD/MAHALLA_UZKAD_DB16 (returnCentroid)", "last_verified_date": "2026-09-18"}, "geometry": {"type": "Point", "coordinates": [69.39318, 41.36015]}}, {"type": "Feature", "properties": {"mahalla_id": "1726269029", "soato_code": "1726269029", "mahalla_name_uz_latin": "Yalongʻoch", "district_id": "1726269", "district_name_uz_latin": "Mirzo Ulugʻbek tumani", "parent_city": "Toshkent shahri", "area_ha": 176.11, "geometry_status": "OFFICIAL_CENTROID", "confidence": "A", "source": "Kadastr agentligi open.ngis.uz UZKAD/MAHALLA_UZKAD_DB16 (returnCentroid)", "last_verified_date": "2026-09-18"}, "geometry": {"type": "Point", "coordinates": [69.36961, 41.34612]}}, {"type": "Feature", "properties": {"mahalla_id": "1726269030", "soato_code": "1726269030", "mahalla_name_uz_latin": "Zakovat", "district_id": "1726269", "district_name_uz_latin": "Mirzo Ulugʻbek tumani", "parent_city": "Toshkent shahri", "area_ha": 248.79, "geometry_status": "OFFICIAL_CENTROID", "confidence": "A", "source": "Kadastr agentligi open.ngis.uz UZKAD/MAHALLA_UZKAD_DB16 (returnCentroid)", "last_verified_date": "2026-09-18"}, "geometry": {"type": "Point", "coordinates": [69.41496, 41.34367]}}, {"type": "Feature", "properties": {"mahalla_id": "1726269035", "soato_code": "1726269035", "mahalla_name_uz_latin": "Asaka", "district_id": "1726269", "district_name_uz_latin": "Mirzo Ulugʻbek tumani", "parent_city": "Toshkent shahri", "area_ha": 65.27, "geometry_status": "OFFICIAL_CENTROID", "confidence": "A", "source": "Kadastr agentligi open.ngis.uz UZKAD/MAHALLA_UZKAD_DB16 (returnCentroid)", "last_verified_date": "2026-09-18"}, "geometry": {"type": "Point", "coordinates": [69.30016, 41.31543]}}, {"type": "Feature", "properties": {"mahalla_id": "1726269036", "soato_code": "1726269036", "mahalla_name_uz_latin": "Buyuk Ipak Yoʻli", "district_id": "1726269", "district_name_uz_latin": "Mirzo Ulugʻbek tumani", "parent_city": "Toshkent shahri", "area_ha": 36.4, "geometry_status": "OFFICIAL_CENTROID", "confidence": "A", "source": "Kadastr agentligi open.ngis.uz UZKAD/MAHALLA_UZKAD_DB16 (returnCentroid)", "last_verified_date": "2026-09-18"}, "geometry": {"type": "Point", "coordinates": [69.32334, 41.32724]}}, {"type": "Feature", "properties": {"mahalla_id": "1726269037", "soato_code": "1726269037", "mahalla_name_uz_latin": "Darxon", "district_id": "1726269", "district_name_uz_latin": "Mirzo Ulugʻbek tumani", "parent_city": "Toshkent shahri", "area_ha": 102.6, "geometry_status": "OFFICIAL_CENTROID", "confidence": "A", "source": "Kadastr agentligi open.ngis.uz UZKAD/MAHALLA_UZKAD_DB16 (returnCentroid)", "last_verified_date": "2026-09-18"}, "geometry": {"type": "Point", "coordinates": [69.30952, 41.3256]}}, {"type": "Feature", "properties": {"mahalla_id": "1726269038", "soato_code": "1726269038", "mahalla_name_uz_latin": "Lashkarbegi", "district_id": "1726269", "district_name_uz_latin": "Mirzo Ulugʻbek tumani", "parent_city": "Toshkent shahri", "area_ha": 23.1, "geometry_status": "OFFICIAL_CENTROID", "confidence": "A", "source": "Kadastr agentligi open.ngis.uz UZKAD/MAHALLA_UZKAD_DB16 (returnCentroid)", "last_verified_date": "2026-09-18"}, "geometry": {"type": "Point", "coordinates": [69.29457, 41.32013]}}, {"type": "Feature", "properties": {"mahalla_id": "1726269043", "soato_code": "1726269043", "mahalla_name_uz_latin": "Oqqoʻrgʻon", "district_id": "1726269", "district_name_uz_latin": "Mirzo Ulugʻbek tumani", "parent_city": "Toshkent shahri", "area_ha": 38.29, "geometry_status": "OFFICIAL_CENTROID", "confidence": "A", "source": "Kadastr agentligi open.ngis.uz UZKAD/MAHALLA_UZKAD_DB16 (returnCentroid)", "last_verified_date": "2026-09-18"}, "geometry": {"type": "Point", "coordinates": [69.30112, 41.32787]}}, {"type": "Feature", "properties": {"mahalla_id": "1726269044", "soato_code": "1726269044", "mahalla_name_uz_latin": "Olmachi", "district_id": "1726269", "district_name_uz_latin": "Mirzo Ulugʻbek tumani", "parent_city": "Toshkent shahri", "area_ha": 74.03, "geometry_status": "OFFICIAL_CENTROID", "confidence": "A", "source": "Kadastr agentligi open.ngis.uz UZKAD/MAHALLA_UZKAD_DB16 (returnCentroid)", "last_verified_date": "2026-09-18"}, "geometry": {"type": "Point", "coordinates": [69.32971, 41.31812]}}, {"type": "Feature", "properties": {"mahalla_id": "1726269045", "soato_code": "1726269045", "mahalla_name_uz_latin": "Podshobogʻ", "district_id": "1726269", "district_name_uz_latin": "Mirzo Ulugʻbek tumani", "parent_city": "Toshkent shahri", "area_ha": 98.09, "geometry_status": "OFFICIAL_CENTROID", "confidence": "A", "source": "Kadastr agentligi open.ngis.uz UZKAD/MAHALLA_UZKAD_DB16 (returnCentroid)", "last_verified_date": "2026-09-18"}, "geometry": {"type": "Point", "coordinates": [69.33547, 41.32391]}}, {"type": "Feature", "properties": {"mahalla_id": "1726269046", "soato_code": "1726269046", "mahalla_name_uz_latin": "Turon", "district_id": "1726269", "district_name_uz_latin": "Mirzo Ulugʻbek tumani", "parent_city": "Toshkent shahri", "area_ha": 25.45, "geometry_status": "OFFICIAL_CENTROID", "confidence": "A", "source": "Kadastr agentligi open.ngis.uz UZKAD/MAHALLA_UZKAD_DB16 (returnCentroid)", "last_verified_date": "2026-09-18"}, "geometry": {"type": "Point", "coordinates": [69.32149, 41.3176]}}, {"type": "Feature", "properties": {"mahalla_id": "1726269047", "soato_code": "1726269047", "mahalla_name_uz_latin": "Xamid Olimjon", "district_id": "1726269", "district_name_uz_latin": "Mirzo Ulugʻbek tumani", "parent_city": "Toshkent shahri", "area_ha": 39.37, "geometry_status": "OFFICIAL_CENTROID", "confidence": "A", "source": "Kadastr agentligi open.ngis.uz UZKAD/MAHALLA_UZKAD_DB16 (returnCentroid)", "last_verified_date": "2026-09-18"}, "geometry": {"type": "Point", "coordinates": [69.2988, 41.32303]}}, {"type": "Feature", "properties": {"mahalla_id": "1726269049", "soato_code": "1726269049", "mahalla_name_uz_latin": "Elobod", "district_id": "1726269", "district_name_uz_latin": "Mirzo Ulugʻbek tumani", "parent_city": "Toshkent shahri", "area_ha": 34.71, "geometry_status": "OFFICIAL_CENTROID", "confidence": "A", "source": "Kadastr agentligi open.ngis.uz UZKAD/MAHALLA_UZKAD_DB16 (returnCentroid)", "last_verified_date": "2026-09-18"}, "geometry": {"type": "Point", "coordinates": [69.33226, 41.32884]}}, {"type": "Feature", "properties": {"mahalla_id": "1726269051", "soato_code": "1726269051", "mahalla_name_uz_latin": "Ko'hna mevazor", "district_id": "1726269", "district_name_uz_latin": "Mirzo Ulugʻbek tumani", "parent_city": "Toshkent shahri", "area_ha": 104.63, "geometry_status": "OFFICIAL_CENTROID", "confidence": "A", "source": "Kadastr agentligi open.ngis.uz UZKAD/MAHALLA_UZKAD_DB16 (returnCentroid)", "last_verified_date": "2026-09-18"}, "geometry": {"type": "Point", "coordinates": [69.35258, 41.31082]}}, {"type": "Feature", "properties": {"mahalla_id": "1726269053", "soato_code": "1726269053", "mahalla_name_uz_latin": "Gulzor-1", "district_id": "1726269", "district_name_uz_latin": "Mirzo Ulugʻbek tumani", "parent_city": "Toshkent shahri", "area_ha": 71.1, "geometry_status": "OFFICIAL_CENTROID", "confidence": "A", "source": "Kadastr agentligi open.ngis.uz UZKAD/MAHALLA_UZKAD_DB16 (returnCentroid)", "last_verified_date": "2026-09-18"}, "geometry": {"type": "Point", "coordinates": [69.36333, 41.31595]}}, {"type": "Feature", "properties": {"mahalla_id": "1726269054", "soato_code": "1726269054", "mahalla_name_uz_latin": "Oydin", "district_id": "1726269", "district_name_uz_latin": "Mirzo Ulugʻbek tumani", "parent_city": "Toshkent shahri", "area_ha": 69.02, "geometry_status": "OFFICIAL_CENTROID", "confidence": "A", "source": "Kadastr agentligi open.ngis.uz UZKAD/MAHALLA_UZKAD_DB16 (returnCentroid)", "last_verified_date": "2026-09-18"}, "geometry": {"type": "Point", "coordinates": [69.30716, 41.33451]}}, {"type": "Feature", "properties": {"mahalla_id": "1726269055", "soato_code": "1726269055", "mahalla_name_uz_latin": "Yangi Olmachi", "district_id": "1726269", "district_name_uz_latin": "Mirzo Ulugʻbek tumani", "parent_city": "Toshkent shahri", "area_ha": 57.01, "geometry_status": "OFFICIAL_CENTROID", "confidence": "A", "source": "Kadastr agentligi open.ngis.uz UZKAD/MAHALLA_UZKAD_DB16 (returnCentroid)", "last_verified_date": "2026-09-18"}, "geometry": {"type": "Point", "coordinates": [69.31895, 41.3216]}}, {"type": "Feature", "properties": {"mahalla_id": "1726269057", "soato_code": "1726269057", "mahalla_name_uz_latin": "Bogʻimaydon", "district_id": "1726269", "district_name_uz_latin": "Mirzo Ulugʻbek tumani", "parent_city": "Toshkent shahri", "area_ha": 24.11, "geometry_status": "OFFICIAL_CENTROID", "confidence": "A", "source": "Kadastr agentligi open.ngis.uz UZKAD/MAHALLA_UZKAD_DB16 (returnCentroid)", "last_verified_date": "2026-09-18"}, "geometry": {"type": "Point", "coordinates": [69.3482, 41.35053]}}, {"type": "Feature", "properties": {"mahalla_id": "1726269058", "soato_code": "1726269058", "mahalla_name_uz_latin": "Boʻz", "district_id": "1726269", "district_name_uz_latin": "Mirzo Ulugʻbek tumani", "parent_city": "Toshkent shahri", "area_ha": 42.42, "geometry_status": "OFFICIAL_CENTROID", "confidence": "A", "source": "Kadastr agentligi open.ngis.uz UZKAD/MAHALLA_UZKAD_DB16 (returnCentroid)", "last_verified_date": "2026-09-18"}, "geometry": {"type": "Point", "coordinates": [69.33284, 41.33483]}}, {"type": "Feature", "properties": {"mahalla_id": "1726269059", "soato_code": "1726269059", "mahalla_name_uz_latin": "Kamolot", "district_id": "1726269", "district_name_uz_latin": "Mirzo Ulugʻbek tumani", "parent_city": "Toshkent shahri", "area_ha": 29.33, "geometry_status": "OFFICIAL_CENTROID", "confidence": "A", "source": "Kadastr agentligi open.ngis.uz UZKAD/MAHALLA_UZKAD_DB16 (returnCentroid)", "last_verified_date": "2026-09-18"}, "geometry": {"type": "Point", "coordinates": [69.36194, 41.35704]}}, {"type": "Feature", "properties": {"mahalla_id": "1726269060", "soato_code": "1726269060", "mahalla_name_uz_latin": "Katta Yalongʻoch-ota", "district_id": "1726269", "district_name_uz_latin": "Mirzo Ulugʻbek tumani", "parent_city": "Toshkent shahri", "area_ha": 50.97, "geometry_status": "OFFICIAL_CENTROID", "confidence": "A", "source": "Kadastr agentligi open.ngis.uz UZKAD/MAHALLA_UZKAD_DB16 (returnCentroid)", "last_verified_date": "2026-09-18"}, "geometry": {"type": "Point", "coordinates": [69.35519, 41.35319]}}, {"type": "Feature", "properties": {"mahalla_id": "1726269061", "soato_code": "1726269061", "mahalla_name_uz_latin": "Navnihol", "district_id": "1726269", "district_name_uz_latin": "Mirzo Ulugʻbek tumani", "parent_city": "Toshkent shahri", "area_ha": 96.97, "geometry_status": "OFFICIAL_CENTROID", "confidence": "A", "source": "Kadastr agentligi open.ngis.uz UZKAD/MAHALLA_UZKAD_DB16 (returnCentroid)", "last_verified_date": "2026-09-18"}, "geometry": {"type": "Point", "coordinates": [69.33296, 41.3465]}}, {"type": "Feature", "properties": {"mahalla_id": "1726269063", "soato_code": "1726269063", "mahalla_name_uz_latin": "Oliy Himmat", "district_id": "1726269", "district_name_uz_latin": "Mirzo Ulugʻbek tumani", "parent_city": "Toshkent shahri", "area_ha": 125.74, "geometry_status": "OFFICIAL_CENTROID", "confidence": "A", "source": "Kadastr agentligi open.ngis.uz UZKAD/MAHALLA_UZKAD_DB16 (returnCentroid)", "last_verified_date": "2026-09-18"}, "geometry": {"type": "Point", "coordinates": [69.32491, 41.34086]}}, {"type": "Feature", "properties": {"mahalla_id": "1726269064", "soato_code": "1726269064", "mahalla_name_uz_latin": "Olimlar", "district_id": "1726269", "district_name_uz_latin": "Mirzo Ulugʻbek tumani", "parent_city": "Toshkent shahri", "area_ha": 26.74, "geometry_status": "OFFICIAL_CENTROID", "confidence": "A", "source": "Kadastr agentligi open.ngis.uz UZKAD/MAHALLA_UZKAD_DB16 (returnCentroid)", "last_verified_date": "2026-09-18"}, "geometry": {"type": "Point", "coordinates": [69.34052, 41.34215]}}, {"type": "Feature", "properties": {"mahalla_id": "1726269065", "soato_code": "1726269065", "mahalla_name_uz_latin": "Sayram", "district_id": "1726269", "district_name_uz_latin": "Mirzo Ulugʻbek tumani", "parent_city": "Toshkent shahri", "area_ha": 117.08, "geometry_status": "OFFICIAL_CENTROID", "confidence": "A", "source": "Kadastr agentligi open.ngis.uz UZKAD/MAHALLA_UZKAD_DB16 (returnCentroid)", "last_verified_date": "2026-09-18"}, "geometry": {"type": "Point", "coordinates": [69.32154, 41.33195]}}, {"type": "Feature", "properties": {"mahalla_id": "1726269066", "soato_code": "1726269066", "mahalla_name_uz_latin": "Feruza", "district_id": "1726269", "district_name_uz_latin": "Mirzo Ulugʻbek tumani", "parent_city": "Toshkent shahri", "area_ha": 20.31, "geometry_status": "OFFICIAL_CENTROID", "confidence": "A", "source": "Kadastr agentligi open.ngis.uz UZKAD/MAHALLA_UZKAD_DB16 (returnCentroid)", "last_verified_date": "2026-09-18"}, "geometry": {"type": "Point", "coordinates": [69.36954, 41.35913]}}, {"type": "Feature", "properties": {"mahalla_id": "1726269067", "soato_code": "1726269067", "mahalla_name_uz_latin": "Xabib Abdullayev", "district_id": "1726269", "district_name_uz_latin": "Mirzo Ulugʻbek tumani", "parent_city": "Toshkent shahri", "area_ha": 22.97, "geometry_status": "OFFICIAL_CENTROID", "confidence": "A", "source": "Kadastr agentligi open.ngis.uz UZKAD/MAHALLA_UZKAD_DB16 (returnCentroid)", "last_verified_date": "2026-09-18"}, "geometry": {"type": "Point", "coordinates": [69.34448, 41.34697]}}, {"type": "Feature", "properties": {"mahalla_id": "1726269068", "soato_code": "1726269068", "mahalla_name_uz_latin": "Shalola", "district_id": "1726269", "district_name_uz_latin": "Mirzo Ulugʻbek tumani", "parent_city": "Toshkent shahri", "area_ha": 39.61, "geometry_status": "OFFICIAL_CENTROID", "confidence": "A", "source": "Kadastr agentligi open.ngis.uz UZKAD/MAHALLA_UZKAD_DB16 (returnCentroid)", "last_verified_date": "2026-09-18"}, "geometry": {"type": "Point", "coordinates": [69.36609, 41.35237]}}, {"type": "Feature", "properties": {"mahalla_id": "1726269069", "soato_code": "1726269069", "mahalla_name_uz_latin": "Shaxriobod", "district_id": "1726269", "district_name_uz_latin": "Mirzo Ulugʻbek tumani", "parent_city": "Toshkent shahri", "area_ha": 61.09, "geometry_status": "OFFICIAL_CENTROID", "confidence": "A", "source": "Kadastr agentligi open.ngis.uz UZKAD/MAHALLA_UZKAD_DB16 (returnCentroid)", "last_verified_date": "2026-09-18"}, "geometry": {"type": "Point", "coordinates": [69.34084, 41.35161]}}, {"type": "Feature", "properties": {"mahalla_id": "1726269070", "soato_code": "1726269070", "mahalla_name_uz_latin": "Yangi Kamolot", "district_id": "1726269", "district_name_uz_latin": "Mirzo Ulugʻbek tumani", "parent_city": "Toshkent shahri", "area_ha": 26.52, "geometry_status": "OFFICIAL_CENTROID", "confidence": "A", "source": "Kadastr agentligi open.ngis.uz UZKAD/MAHALLA_UZKAD_DB16 (returnCentroid)", "last_verified_date": "2026-09-18"}, "geometry": {"type": "Point", "coordinates": [69.36576, 41.35899]}}, {"type": "Feature", "properties": {"mahalla_id": "1726273001", "soato_code": "1726273001", "mahalla_name_uz_latin": "Banokatiy", "district_id": "1726273", "district_name_uz_latin": "Mirobod tumani", "parent_city": "Toshkent shahri", "area_ha": 72.15, "geometry_status": "OFFICIAL_CENTROID", "confidence": "A", "source": "Kadastr agentligi open.ngis.uz UZKAD/MAHALLA_UZKAD_DB16 (returnCentroid)", "last_verified_date": "2026-09-18"}, "geometry": {"type": "Point", "coordinates": [69.28484, 41.27423]}}, {"type": "Feature", "properties": {"mahalla_id": "1726273002", "soato_code": "1726273002", "mahalla_name_uz_latin": "Yangi Zamon", "district_id": "1726273", "district_name_uz_latin": "Mirobod tumani", "parent_city": "Toshkent shahri", "area_ha": 31.05, "geometry_status": "OFFICIAL_CENTROID", "confidence": "A", "source": "Kadastr agentligi open.ngis.uz UZKAD/MAHALLA_UZKAD_DB16 (returnCentroid)", "last_verified_date": "2026-09-18"}, "geometry": {"type": "Point", "coordinates": [69.29252, 41.27755]}}, {"type": "Feature", "properties": {"mahalla_id": "1726273003", "soato_code": "1726273003", "mahalla_name_uz_latin": "A.Fitrat", "district_id": "1726273", "district_name_uz_latin": "Mirobod tumani", "parent_city": "Toshkent shahri", "area_ha": 44.33, "geometry_status": "OFFICIAL_CENTROID", "confidence": "A", "source": "Kadastr agentligi open.ngis.uz UZKAD/MAHALLA_UZKAD_DB16 (returnCentroid)", "last_verified_date": "2026-09-18"}, "geometry": {"type": "Point", "coordinates": [69.29758, 41.27249]}}, {"type": "Feature", "properties": {"mahalla_id": "1726273004", "soato_code": "1726273004", "mahalla_name_uz_latin": "Furqat", "district_id": "1726273", "district_name_uz_latin": "Mirobod tumani", "parent_city": "Toshkent shahri", "area_ha": 45.32, "geometry_status": "OFFICIAL_CENTROID", "confidence": "A", "source": "Kadastr agentligi open.ngis.uz UZKAD/MAHALLA_UZKAD_DB16 (returnCentroid)", "last_verified_date": "2026-09-18"}, "geometry": {"type": "Point", "coordinates": [69.30275, 41.2775]}}, {"type": "Feature", "properties": {"mahalla_id": "1726273005", "soato_code": "1726273005", "mahalla_name_uz_latin": "Sarikoʻl", "district_id": "1726273", "district_name_uz_latin": "Mirobod tumani", "parent_city": "Toshkent shahri", "area_ha": 47.65, "geometry_status": "OFFICIAL_CENTROID", "confidence": "A", "source": "Kadastr agentligi open.ngis.uz UZKAD/MAHALLA_UZKAD_DB16 (returnCentroid)", "last_verified_date": "2026-09-18"}, "geometry": {"type": "Point", "coordinates": [69.29293, 41.269]}}, {"type": "Feature", "properties": {"mahalla_id": "1726273006", "soato_code": "1726273006", "mahalla_name_uz_latin": "Oltinkoʻl", "district_id": "1726273", "district_name_uz_latin": "Mirobod tumani", "parent_city": "Toshkent shahri", "area_ha": 32.95, "geometry_status": "OFFICIAL_CENTROID", "confidence": "A", "source": "Kadastr agentligi open.ngis.uz UZKAD/MAHALLA_UZKAD_DB16 (returnCentroid)", "last_verified_date": "2026-09-18"}, "geometry": {"type": "Point", "coordinates": [69.30552, 41.27326]}}, {"type": "Feature", "properties": {"mahalla_id": "1726273007", "soato_code": "1726273007", "mahalla_name_uz_latin": "Qorasuv", "district_id": "1726273", "district_name_uz_latin": "Mirobod tumani", "parent_city": "Toshkent shahri", "area_ha": 55.44, "geometry_status": "OFFICIAL_CENTROID", "confidence": "A", "source": "Kadastr agentligi open.ngis.uz UZKAD/MAHALLA_UZKAD_DB16 (returnCentroid)", "last_verified_date": "2026-09-18"}, "geometry": {"type": "Point", "coordinates": [69.30478, 41.26879]}}, {"type": "Feature", "properties": {"mahalla_id": "1726273010", "soato_code": "1726273010", "mahalla_name_uz_latin": "Ming oʻrik", "district_id": "1726273", "district_name_uz_latin": "Mirobod tumani", "parent_city": "Toshkent shahri", "area_ha": 60.18, "geometry_status": "OFFICIAL_CENTROID", "confidence": "A", "source": "Kadastr agentligi open.ngis.uz UZKAD/MAHALLA_UZKAD_DB16 (returnCentroid)", "last_verified_date": "2026-09-18"}, "geometry": {"type": "Point", "coordinates": [69.2816, 41.30379]}}, {"type": "Feature", "properties": {"mahalla_id": "1726273011", "soato_code": "1726273011", "mahalla_name_uz_latin": "Sh.Rashidov", "district_id": "1726273", "district_name_uz_latin": "Mirobod tumani", "parent_city": "Toshkent shahri", "area_ha": 72.64, "geometry_status": "OFFICIAL_CENTROID", "confidence": "A", "source": "Kadastr agentligi open.ngis.uz UZKAD/MAHALLA_UZKAD_DB16 (returnCentroid)", "last_verified_date": "2026-09-18"}, "geometry": {"type": "Point", "coordinates": [69.27369, 41.30742]}}, {"type": "Feature", "properties": {"mahalla_id": "1726273012", "soato_code": "1726273012", "mahalla_name_uz_latin": "Afrosiyob", "district_id": "1726273", "district_name_uz_latin": "Mirobod tumani", "parent_city": "Toshkent shahri", "area_ha": 28.44, "geometry_status": "OFFICIAL_CENTROID", "confidence": "A", "source": "Kadastr agentligi open.ngis.uz UZKAD/MAHALLA_UZKAD_DB16 (returnCentroid)", "last_verified_date": "2026-09-18"}, "geometry": {"type": "Point", "coordinates": [69.27304, 41.30215]}}, {"type": "Feature", "properties": {"mahalla_id": "1726273013", "soato_code": "1726273013", "mahalla_name_uz_latin": "Oybek", "district_id": "1726273", "district_name_uz_latin": "Mirobod tumani", "parent_city": "Toshkent shahri", "area_ha": 46.7, "geometry_status": "OFFICIAL_CENTROID", "confidence": "A", "source": "Kadastr agentligi open.ngis.uz UZKAD/MAHALLA_UZKAD_DB16 (returnCentroid)", "last_verified_date": "2026-09-18"}, "geometry": {"type": "Point", "coordinates": [69.27959, 41.29706]}}, {"type": "Feature", "properties": {"mahalla_id": "1726273014", "soato_code": "1726273014", "mahalla_name_uz_latin": "Movarounnaxr", "district_id": "1726273", "district_name_uz_latin": "Mirobod tumani", "parent_city": "Toshkent shahri", "area_ha": 24.25, "geometry_status": "OFFICIAL_CENTROID", "confidence": "A", "source": "Kadastr agentligi open.ngis.uz UZKAD/MAHALLA_UZKAD_DB16 (returnCentroid)", "last_verified_date": "2026-09-18"}, "geometry": {"type": "Point", "coordinates": [69.28672, 41.29991]}}, {"type": "Feature", "properties": {"mahalla_id": "1726273015", "soato_code": "1726273015", "mahalla_name_uz_latin": "Salar", "district_id": "1726273", "district_name_uz_latin": "Mirobod tumani", "parent_city": "Toshkent shahri", "area_ha": 59.4, "geometry_status": "OFFICIAL_CENTROID", "confidence": "A", "source": "Kadastr agentligi open.ngis.uz UZKAD/MAHALLA_UZKAD_DB16 (returnCentroid)", "last_verified_date": "2026-09-18"}, "geometry": {"type": "Point", "coordinates": [69.28575, 41.29414]}}, {"type": "Feature", "properties": {"mahalla_id": "1726273016", "soato_code": "1726273016", "mahalla_name_uz_latin": "At-Termiziy", "district_id": "1726273", "district_name_uz_latin": "Mirobod tumani", "parent_city": "Toshkent shahri", "area_ha": 11.29, "geometry_status": "OFFICIAL_CENTROID", "confidence": "A", "source": "Kadastr agentligi open.ngis.uz UZKAD/MAHALLA_UZKAD_DB16 (returnCentroid)", "last_verified_date": "2026-09-18"}, "geometry": {"type": "Point", "coordinates": [69.26845, 41.30134]}}, {"type": "Feature", "properties": {"mahalla_id": "1726273017", "soato_code": "1726273017", "mahalla_name_uz_latin": "Lolazor", "district_id": "1726273", "district_name_uz_latin": "Mirobod tumani", "parent_city": "Toshkent shahri", "area_ha": 16.26, "geometry_status": "OFFICIAL_CENTROID", "confidence": "A", "source": "Kadastr agentligi open.ngis.uz UZKAD/MAHALLA_UZKAD_DB16 (returnCentroid)", "last_verified_date": "2026-09-18"}, "geometry": {"type": "Point", "coordinates": [69.2724, 41.29635]}}, {"type": "Feature", "properties": {"mahalla_id": "1726273018", "soato_code": "1726273018", "mahalla_name_uz_latin": "Farovon", "district_id": "1726273", "district_name_uz_latin": "Mirobod tumani", "parent_city": "Toshkent shahri", "area_ha": 11.45, "geometry_status": "OFFICIAL_CENTROID", "confidence": "A", "source": "Kadastr agentligi open.ngis.uz UZKAD/MAHALLA_UZKAD_DB16 (returnCentroid)", "last_verified_date": "2026-09-18"}, "geometry": {"type": "Point", "coordinates": [69.27031, 41.29849]}}, {"type": "Feature", "properties": {"mahalla_id": "1726273019", "soato_code": "1726273019", "mahalla_name_uz_latin": "A.Avloniy", "district_id": "1726273", "district_name_uz_latin": "Mirobod tumani", "parent_city": "Toshkent shahri", "area_ha": 30.07, "geometry_status": "OFFICIAL_CENTROID", "confidence": "A", "source": "Kadastr agentligi open.ngis.uz UZKAD/MAHALLA_UZKAD_DB16 (returnCentroid)", "last_verified_date": "2026-09-18"}, "geometry": {"type": "Point", "coordinates": [69.2749, 41.29304]}}, {"type": "Feature", "properties": {"mahalla_id": "1726273020", "soato_code": "1726273020", "mahalla_name_uz_latin": "Mirobod", "district_id": "1726273", "district_name_uz_latin": "Mirobod tumani", "parent_city": "Toshkent shahri", "area_ha": 30.08, "geometry_status": "OFFICIAL_CENTROID", "confidence": "A", "source": "Kadastr agentligi open.ngis.uz UZKAD/MAHALLA_UZKAD_DB16 (returnCentroid)", "last_verified_date": "2026-09-18"}, "geometry": {"type": "Point", "coordinates": [69.27005, 41.28853]}}, {"type": "Feature", "properties": {"mahalla_id": "1726273021", "soato_code": "1726273021", "mahalla_name_uz_latin": "Yangi Mirobod", "district_id": "1726273", "district_name_uz_latin": "Mirobod tumani", "parent_city": "Toshkent shahri", "area_ha": 28.73, "geometry_status": "OFFICIAL_CENTROID", "confidence": "A", "source": "Kadastr agentligi open.ngis.uz UZKAD/MAHALLA_UZKAD_DB16 (returnCentroid)", "last_verified_date": "2026-09-18"}, "geometry": {"type": "Point", "coordinates": [69.27634, 41.28816]}}, {"type": "Feature", "properties": {"mahalla_id": "1726273025", "soato_code": "1726273025", "mahalla_name_uz_latin": "Birodarlik", "district_id": "1726273", "district_name_uz_latin": "Mirobod tumani", "parent_city": "Toshkent shahri", "area_ha": 26.83, "geometry_status": "OFFICIAL_CENTROID", "confidence": "A", "source": "Kadastr agentligi open.ngis.uz UZKAD/MAHALLA_UZKAD_DB16 (returnCentroid)", "last_verified_date": "2026-09-18"}, "geometry": {"type": "Point", "coordinates": [69.27528, 41.27249]}}, {"type": "Feature", "properties": {"mahalla_id": "1726273027", "soato_code": "1726273027", "mahalla_name_uz_latin": "Istiqlolobod", "district_id": "1726273", "district_name_uz_latin": "Mirobod tumani", "parent_city": "Toshkent shahri", "area_ha": 51.33, "geometry_status": "OFFICIAL_CENTROID", "confidence": "A", "source": "Kadastr agentligi open.ngis.uz UZKAD/MAHALLA_UZKAD_DB16 (returnCentroid)", "last_verified_date": "2026-09-18"}, "geometry": {"type": "Point", "coordinates": [69.28729, 41.28301]}}, {"type": "Feature", "properties": {"mahalla_id": "1726273030", "soato_code": "1726273030", "mahalla_name_uz_latin": "Chinor", "district_id": "1726273", "district_name_uz_latin": "Mirobod tumani", "parent_city": "Toshkent shahri", "area_ha": 27.72, "geometry_status": "OFFICIAL_CENTROID", "confidence": "A", "source": "Kadastr agentligi open.ngis.uz UZKAD/MAHALLA_UZKAD_DB16 (returnCentroid)", "last_verified_date": "2026-09-18"}, "geometry": {"type": "Point", "coordinates": [69.31345, 41.24674]}}, {"type": "Feature", "properties": {"mahalla_id": "1726273031", "soato_code": "1726273031", "mahalla_name_uz_latin": "Tolariq", "district_id": "1726273", "district_name_uz_latin": "Mirobod tumani", "parent_city": "Toshkent shahri", "area_ha": 14.16, "geometry_status": "OFFICIAL_CENTROID", "confidence": "A", "source": "Kadastr agentligi open.ngis.uz UZKAD/MAHALLA_UZKAD_DB16 (returnCentroid)", "last_verified_date": "2026-09-18"}, "geometry": {"type": "Point", "coordinates": [69.30546, 41.24801]}}, {"type": "Feature", "properties": {"mahalla_id": "1726273032", "soato_code": "1726273032", "mahalla_name_uz_latin": "Ziyonur", "district_id": "1726273", "district_name_uz_latin": "Mirobod tumani", "parent_city": "Toshkent shahri", "area_ha": 21.07, "geometry_status": "OFFICIAL_CENTROID", "confidence": "A", "source": "Kadastr agentligi open.ngis.uz UZKAD/MAHALLA_UZKAD_DB16 (returnCentroid)", "last_verified_date": "2026-09-18"}, "geometry": {"type": "Point", "coordinates": [69.30524, 41.2508]}}, {"type": "Feature", "properties": {"mahalla_id": "1726273033", "soato_code": "1726273033", "mahalla_name_uz_latin": "Yuksalish", "district_id": "1726273", "district_name_uz_latin": "Mirobod tumani", "parent_city": "Toshkent shahri", "area_ha": 19.49, "geometry_status": "OFFICIAL_CENTROID", "confidence": "A", "source": "Kadastr agentligi open.ngis.uz UZKAD/MAHALLA_UZKAD_DB16 (returnCentroid)", "last_verified_date": "2026-09-18"}, "geometry": {"type": "Point", "coordinates": [69.31083, 41.25039]}}, {"type": "Feature", "properties": {"mahalla_id": "1726273034", "soato_code": "1726273034", "mahalla_name_uz_latin": "Bilimdon", "district_id": "1726273", "district_name_uz_latin": "Mirobod tumani", "parent_city": "Toshkent shahri", "area_ha": 30.63, "geometry_status": "OFFICIAL_CENTROID", "confidence": "A", "source": "Kadastr agentligi open.ngis.uz UZKAD/MAHALLA_UZKAD_DB16 (returnCentroid)", "last_verified_date": "2026-09-18"}, "geometry": {"type": "Point", "coordinates": [69.31667, 41.25262]}}, {"type": "Feature", "properties": {"mahalla_id": "1726273035", "soato_code": "1726273035", "mahalla_name_uz_latin": "Parvona", "district_id": "1726273", "district_name_uz_latin": "Mirobod tumani", "parent_city": "Toshkent shahri", "area_ha": 37.58, "geometry_status": "OFFICIAL_CENTROID", "confidence": "A", "source": "Kadastr agentligi open.ngis.uz UZKAD/MAHALLA_UZKAD_DB16 (returnCentroid)", "last_verified_date": "2026-09-18"}, "geometry": {"type": "Point", "coordinates": [69.32029, 41.24908]}}, {"type": "Feature", "properties": {"mahalla_id": "1726273036", "soato_code": "1726273036", "mahalla_name_uz_latin": "Bayot", "district_id": "1726273", "district_name_uz_latin": "Mirobod tumani", "parent_city": "Toshkent shahri", "area_ha": 5.38, "geometry_status": "OFFICIAL_CENTROID", "confidence": "A", "source": "Kadastr agentligi open.ngis.uz UZKAD/MAHALLA_UZKAD_DB16 (returnCentroid)", "last_verified_date": "2026-09-18"}, "geometry": {"type": "Point", "coordinates": [69.32161, 41.24429]}}, {"type": "Feature", "properties": {"mahalla_id": "1726273038", "soato_code": "1726273038", "mahalla_name_uz_latin": "Yangi Qoʻyliq", "district_id": "1726273", "district_name_uz_latin": "Mirobod tumani", "parent_city": "Toshkent shahri", "area_ha": 22.24, "geometry_status": "OFFICIAL_CENTROID", "confidence": "A", "source": "Kadastr agentligi open.ngis.uz UZKAD/MAHALLA_UZKAD_DB16 (returnCentroid)", "last_verified_date": "2026-09-18"}, "geometry": {"type": "Point", "coordinates": [69.30586, 41.2456]}}, {"type": "Feature", "properties": {"mahalla_id": "1726273039", "soato_code": "1726273039", "mahalla_name_uz_latin": "Qoʻyliq ota", "district_id": "1726273", "district_name_uz_latin": "Mirobod tumani", "parent_city": "Toshkent shahri", "area_ha": 24.68, "geometry_status": "OFFICIAL_CENTROID", "confidence": "A", "source": "Kadastr agentligi open.ngis.uz UZKAD/MAHALLA_UZKAD_DB16 (returnCentroid)", "last_verified_date": "2026-09-18"}, "geometry": {"type": "Point", "coordinates": [69.32255, 41.24001]}}, {"type": "Feature", "properties": {"mahalla_id": "1726277001", "soato_code": "1726277001", "mahalla_name_uz_latin": "Bel-tepa", "district_id": "1726277", "district_name_uz_latin": "Shayxontohur tumani", "parent_city": "Toshkent shahri", "area_ha": 65.24, "geometry_status": "OFFICIAL_CENTROID", "confidence": "A", "source": "Kadastr agentligi open.ngis.uz UZKAD/MAHALLA_UZKAD_DB16 (returnCentroid)", "last_verified_date": "2026-09-18"}, "geometry": {"type": "Point", "coordinates": [69.17147, 41.34586]}}, {"type": "Feature", "properties": {"mahalla_id": "1726277005", "soato_code": "1726277005", "mahalla_name_uz_latin": "Katta Jarariq", "district_id": "1726277", "district_name_uz_latin": "Shayxontohur tumani", "parent_city": "Toshkent shahri", "area_ha": 20.91, "geometry_status": "OFFICIAL_CENTROID", "confidence": "A", "source": "Kadastr agentligi open.ngis.uz UZKAD/MAHALLA_UZKAD_DB16 (returnCentroid)", "last_verified_date": "2026-09-18"}, "geometry": {"type": "Point", "coordinates": [69.17933, 41.3391]}}, {"type": "Feature", "properties": {"mahalla_id": "1726277006", "soato_code": "1726277006", "mahalla_name_uz_latin": "Boʻston", "district_id": "1726277", "district_name_uz_latin": "Shayxontohur tumani", "parent_city": "Toshkent shahri", "area_ha": 86.18, "geometry_status": "OFFICIAL_CENTROID", "confidence": "A", "source": "Kadastr agentligi open.ngis.uz UZKAD/MAHALLA_UZKAD_DB16 (returnCentroid)", "last_verified_date": "2026-09-18"}, "geometry": {"type": "Point", "coordinates": [69.19706, 41.34374]}}, {"type": "Feature", "properties": {"mahalla_id": "1726277008", "soato_code": "1726277008", "mahalla_name_uz_latin": "Ibn Sino", "district_id": "1726277", "district_name_uz_latin": "Shayxontohur tumani", "parent_city": "Toshkent shahri", "area_ha": 45.74, "geometry_status": "OFFICIAL_CENTROID", "confidence": "A", "source": "Kadastr agentligi open.ngis.uz UZKAD/MAHALLA_UZKAD_DB16 (returnCentroid)", "last_verified_date": "2026-09-18"}, "geometry": {"type": "Point", "coordinates": [69.1665, 41.33341]}}, {"type": "Feature", "properties": {"mahalla_id": "1726277009", "soato_code": "1726277009", "mahalla_name_uz_latin": "Ipakchi", "district_id": "1726277", "district_name_uz_latin": "Shayxontohur tumani", "parent_city": "Toshkent shahri", "area_ha": 131.91, "geometry_status": "OFFICIAL_CENTROID", "confidence": "A", "source": "Kadastr agentligi open.ngis.uz UZKAD/MAHALLA_UZKAD_DB16 (returnCentroid)", "last_verified_date": "2026-09-18"}, "geometry": {"type": "Point", "coordinates": [69.18517, 41.3304]}}, {"type": "Feature", "properties": {"mahalla_id": "1726277012", "soato_code": "1726277012", "mahalla_name_uz_latin": "Zafarobod", "district_id": "1726277", "district_name_uz_latin": "Shayxontohur tumani", "parent_city": "Toshkent shahri", "area_ha": 99.97, "geometry_status": "OFFICIAL_CENTROID", "confidence": "A", "source": "Kadastr agentligi open.ngis.uz UZKAD/MAHALLA_UZKAD_DB16 (returnCentroid)", "last_verified_date": "2026-09-18"}, "geometry": {"type": "Point", "coordinates": [69.1965, 41.33604]}}, {"type": "Feature", "properties": {"mahalla_id": "1726277016", "soato_code": "1726277016", "mahalla_name_uz_latin": "Gulbozor", "district_id": "1726277", "district_name_uz_latin": "Shayxontohur tumani", "parent_city": "Toshkent shahri", "area_ha": 46.1, "geometry_status": "OFFICIAL_CENTROID", "confidence": "A", "source": "Kadastr agentligi open.ngis.uz UZKAD/MAHALLA_UZKAD_DB16 (returnCentroid)", "last_verified_date": "2026-09-18"}, "geometry": {"type": "Point", "coordinates": [69.23753, 41.32541]}}, {"type": "Feature", "properties": {"mahalla_id": "1726277017", "soato_code": "1726277017", "mahalla_name_uz_latin": "Jangox", "district_id": "1726277", "district_name_uz_latin": "Shayxontohur tumani", "parent_city": "Toshkent shahri", "area_ha": 28.74, "geometry_status": "OFFICIAL_CENTROID", "confidence": "A", "source": "Kadastr agentligi open.ngis.uz UZKAD/MAHALLA_UZKAD_DB16 (returnCentroid)", "last_verified_date": "2026-09-18"}, "geometry": {"type": "Point", "coordinates": [69.2524, 41.32871]}}, {"type": "Feature", "properties": {"mahalla_id": "1726277020", "soato_code": "1726277020", "mahalla_name_uz_latin": "Kox ota", "district_id": "1726277", "district_name_uz_latin": "Shayxontohur tumani", "parent_city": "Toshkent shahri", "area_ha": 66.29, "geometry_status": "OFFICIAL_CENTROID", "confidence": "A", "source": "Kadastr agentligi open.ngis.uz UZKAD/MAHALLA_UZKAD_DB16 (returnCentroid)", "last_verified_date": "2026-09-18"}, "geometry": {"type": "Point", "coordinates": [69.25838, 41.33334]}}, {"type": "Feature", "properties": {"mahalla_id": "1726277027", "soato_code": "1726277027", "mahalla_name_uz_latin": "Koʻkcha", "district_id": "1726277", "district_name_uz_latin": "Shayxontohur tumani", "parent_city": "Toshkent shahri", "area_ha": 90.26, "geometry_status": "OFFICIAL_CENTROID", "confidence": "A", "source": "Kadastr agentligi open.ngis.uz UZKAD/MAHALLA_UZKAD_DB16 (returnCentroid)", "last_verified_date": "2026-09-18"}, "geometry": {"type": "Point", "coordinates": [69.20154, 41.32518]}}, {"type": "Feature", "properties": {"mahalla_id": "1726277029", "soato_code": "1726277029", "mahalla_name_uz_latin": "Katta xovuz", "district_id": "1726277", "district_name_uz_latin": "Shayxontohur tumani", "parent_city": "Toshkent shahri", "area_ha": 35.17, "geometry_status": "OFFICIAL_CENTROID", "confidence": "A", "source": "Kadastr agentligi open.ngis.uz UZKAD/MAHALLA_UZKAD_DB16 (returnCentroid)", "last_verified_date": "2026-09-18"}, "geometry": {"type": "Point", "coordinates": [69.21935, 41.31963]}}, {"type": "Feature", "properties": {"mahalla_id": "1726277031", "soato_code": "1726277031", "mahalla_name_uz_latin": "Bogʻ koʻcha", "district_id": "1726277", "district_name_uz_latin": "Shayxontohur tumani", "parent_city": "Toshkent shahri", "area_ha": 30.21, "geometry_status": "OFFICIAL_CENTROID", "confidence": "A", "source": "Kadastr agentligi open.ngis.uz UZKAD/MAHALLA_UZKAD_DB16 (returnCentroid)", "last_verified_date": "2026-09-18"}, "geometry": {"type": "Point", "coordinates": [69.21846, 41.32919]}}, {"type": "Feature", "properties": {"mahalla_id": "1726277034", "soato_code": "1726277034", "mahalla_name_uz_latin": "Ilgʻor", "district_id": "1726277", "district_name_uz_latin": "Shayxontohur tumani", "parent_city": "Toshkent shahri", "area_ha": 56.93, "geometry_status": "OFFICIAL_CENTROID", "confidence": "A", "source": "Kadastr agentligi open.ngis.uz UZKAD/MAHALLA_UZKAD_DB16 (returnCentroid)", "last_verified_date": "2026-09-18"}, "geometry": {"type": "Point", "coordinates": [69.21171, 41.33251]}}, {"type": "Feature", "properties": {"mahalla_id": "1726277035", "soato_code": "1726277035", "mahalla_name_uz_latin": "Jarariq", "district_id": "1726277", "district_name_uz_latin": "Shayxontohur tumani", "parent_city": "Toshkent shahri", "area_ha": 43.14, "geometry_status": "OFFICIAL_CENTROID", "confidence": "A", "source": "Kadastr agentligi open.ngis.uz UZKAD/MAHALLA_UZKAD_DB16 (returnCentroid)", "last_verified_date": "2026-09-18"}, "geometry": {"type": "Point", "coordinates": [69.20462, 41.32965]}}, {"type": "Feature", "properties": {"mahalla_id": "1726277038", "soato_code": "1726277038", "mahalla_name_uz_latin": "Kamolon", "district_id": "1726277", "district_name_uz_latin": "Shayxontohur tumani", "parent_city": "Toshkent shahri", "area_ha": 25.62, "geometry_status": "OFFICIAL_CENTROID", "confidence": "A", "source": "Kadastr agentligi open.ngis.uz UZKAD/MAHALLA_UZKAD_DB16 (returnCentroid)", "last_verified_date": "2026-09-18"}, "geometry": {"type": "Point", "coordinates": [69.23399, 41.30825]}}, {"type": "Feature", "properties": {"mahalla_id": "1726277042", "soato_code": "1726277042", "mahalla_name_uz_latin": "Katta bogʻ", "district_id": "1726277", "district_name_uz_latin": "Shayxontohur tumani", "parent_city": "Toshkent shahri", "area_ha": 27.95, "geometry_status": "OFFICIAL_CENTROID", "confidence": "A", "source": "Kadastr agentligi open.ngis.uz UZKAD/MAHALLA_UZKAD_DB16 (returnCentroid)", "last_verified_date": "2026-09-18"}, "geometry": {"type": "Point", "coordinates": [69.22916, 41.31005]}}, {"type": "Feature", "properties": {"mahalla_id": "1726277044", "soato_code": "1726277044", "mahalla_name_uz_latin": "Katta oqtepa", "district_id": "1726277", "district_name_uz_latin": "Shayxontohur tumani", "parent_city": "Toshkent shahri", "area_ha": 91.53, "geometry_status": "OFFICIAL_CENTROID", "confidence": "A", "source": "Kadastr agentligi open.ngis.uz UZKAD/MAHALLA_UZKAD_DB16 (returnCentroid)", "last_verified_date": "2026-09-18"}, "geometry": {"type": "Point", "coordinates": [69.20238, 41.30463]}}, {"type": "Feature", "properties": {"mahalla_id": "1726277046", "soato_code": "1726277046", "mahalla_name_uz_latin": "Gulobod", "district_id": "1726277", "district_name_uz_latin": "Shayxontohur tumani", "parent_city": "Toshkent shahri", "area_ha": 29.34, "geometry_status": "OFFICIAL_CENTROID", "confidence": "A", "source": "Kadastr agentligi open.ngis.uz UZKAD/MAHALLA_UZKAD_DB16 (returnCentroid)", "last_verified_date": "2026-09-18"}, "geometry": {"type": "Point", "coordinates": [69.22584, 41.32661]}}, {"type": "Feature", "properties": {"mahalla_id": "1726277048", "soato_code": "1726277048", "mahalla_name_uz_latin": "Kamolon darvoza", "district_id": "1726277", "district_name_uz_latin": "Shayxontohur tumani", "parent_city": "Toshkent shahri", "area_ha": 37.14, "geometry_status": "OFFICIAL_CENTROID", "confidence": "A", "source": "Kadastr agentligi open.ngis.uz UZKAD/MAHALLA_UZKAD_DB16 (returnCentroid)", "last_verified_date": "2026-09-18"}, "geometry": {"type": "Point", "coordinates": [69.23011, 41.30304]}}, {"type": "Feature", "properties": {"mahalla_id": "1726277051", "soato_code": "1726277051", "mahalla_name_uz_latin": "Zangiota", "district_id": "1726277", "district_name_uz_latin": "Shayxontohur tumani", "parent_city": "Toshkent shahri", "area_ha": 34.93, "geometry_status": "OFFICIAL_CENTROID", "confidence": "A", "source": "Kadastr agentligi open.ngis.uz UZKAD/MAHALLA_UZKAD_DB16 (returnCentroid)", "last_verified_date": "2026-09-18"}, "geometry": {"type": "Point", "coordinates": [69.22472, 41.31432]}}, {"type": "Feature", "properties": {"mahalla_id": "1726280001", "soato_code": "1726280001", "mahalla_name_uz_latin": "Mustaqillik", "district_id": "1726280", "district_name_uz_latin": "Olmazor tumani", "parent_city": "Toshkent shahri", "area_ha": 20.83, "geometry_status": "OFFICIAL_CENTROID", "confidence": "A", "source": "Kadastr agentligi open.ngis.uz UZKAD/MAHALLA_UZKAD_DB16 (returnCentroid)", "last_verified_date": "2026-09-18"}, "geometry": {"type": "Point", "coordinates": [69.20123, 41.36607]}}, {"type": "Feature", "properties": {"mahalla_id": "1726280002", "soato_code": "1726280002", "mahalla_name_uz_latin": "Tepaguzar", "district_id": "1726280", "district_name_uz_latin": "Olmazor tumani", "parent_city": "Toshkent shahri", "area_ha": 25.53, "geometry_status": "OFFICIAL_CENTROID", "confidence": "A", "source": "Kadastr agentligi open.ngis.uz UZKAD/MAHALLA_UZKAD_DB16 (returnCentroid)", "last_verified_date": "2026-09-18"}, "geometry": {"type": "Point", "coordinates": [69.20675, 41.36746]}}, {"type": "Feature", "properties": {"mahalla_id": "1726280003", "soato_code": "1726280003", "mahalla_name_uz_latin": "Nixol", "district_id": "1726280", "district_name_uz_latin": "Olmazor tumani", "parent_city": "Toshkent shahri", "area_ha": 84.46, "geometry_status": "OFFICIAL_CENTROID", "confidence": "A", "source": "Kadastr agentligi open.ngis.uz UZKAD/MAHALLA_UZKAD_DB16 (returnCentroid)", "last_verified_date": "2026-09-18"}, "geometry": {"type": "Point", "coordinates": [69.20951, 41.37615]}}, {"type": "Feature", "properties": {"mahalla_id": "1726280004", "soato_code": "1726280004", "mahalla_name_uz_latin": "Chamanbogʻ", "district_id": "1726280", "district_name_uz_latin": "Olmazor tumani", "parent_city": "Toshkent shahri", "area_ha": 18.05, "geometry_status": "OFFICIAL_CENTROID", "confidence": "A", "source": "Kadastr agentligi open.ngis.uz UZKAD/MAHALLA_UZKAD_DB16 (returnCentroid)", "last_verified_date": "2026-09-18"}, "geometry": {"type": "Point", "coordinates": [69.1936, 41.36882]}}, {"type": "Feature", "properties": {"mahalla_id": "1726280007", "soato_code": "1726280007", "mahalla_name_uz_latin": "Shodiyona", "district_id": "1726280", "district_name_uz_latin": "Olmazor tumani", "parent_city": "Toshkent shahri", "area_ha": 54.12, "geometry_status": "OFFICIAL_CENTROID", "confidence": "A", "source": "Kadastr agentligi open.ngis.uz UZKAD/MAHALLA_UZKAD_DB16 (returnCentroid)", "last_verified_date": "2026-09-18"}, "geometry": {"type": "Point", "coordinates": [69.20945, 41.36135]}}, {"type": "Feature", "properties": {"mahalla_id": "1726280008", "soato_code": "1726280008", "mahalla_name_uz_latin": "Yangi Toshkent", "district_id": "1726280", "district_name_uz_latin": "Olmazor tumani", "parent_city": "Toshkent shahri", "area_ha": 75.26, "geometry_status": "OFFICIAL_CENTROID", "confidence": "A", "source": "Kadastr agentligi open.ngis.uz UZKAD/MAHALLA_UZKAD_DB16 (returnCentroid)", "last_verified_date": "2026-09-18"}, "geometry": {"type": "Point", "coordinates": [69.22523, 41.368]}}, {"type": "Feature", "properties": {"mahalla_id": "1726280009", "soato_code": "1726280009", "mahalla_name_uz_latin": "Gʻalaba", "district_id": "1726280", "district_name_uz_latin": "Olmazor tumani", "parent_city": "Toshkent shahri", "area_ha": 23.36, "geometry_status": "OFFICIAL_CENTROID", "confidence": "A", "source": "Kadastr agentligi open.ngis.uz UZKAD/MAHALLA_UZKAD_DB16 (returnCentroid)", "last_verified_date": "2026-09-18"}, "geometry": {"type": "Point", "coordinates": [69.21139, 41.36944]}}, {"type": "Feature", "properties": {"mahalla_id": "1726280010", "soato_code": "1726280010", "mahalla_name_uz_latin": "Moyarik", "district_id": "1726280", "district_name_uz_latin": "Olmazor tumani", "parent_city": "Toshkent shahri", "area_ha": 105.25, "geometry_status": "OFFICIAL_CENTROID", "confidence": "A", "source": "Kadastr agentligi open.ngis.uz UZKAD/MAHALLA_UZKAD_DB16 (returnCentroid)", "last_verified_date": "2026-09-18"}, "geometry": {"type": "Point", "coordinates": [69.21708, 41.37752]}}, {"type": "Feature", "properties": {"mahalla_id": "1726280011", "soato_code": "1726280011", "mahalla_name_uz_latin": "Paxta", "district_id": "1726280", "district_name_uz_latin": "Olmazor tumani", "parent_city": "Toshkent shahri", "area_ha": 62.2, "geometry_status": "OFFICIAL_CENTROID", "confidence": "A", "source": "Kadastr agentligi open.ngis.uz UZKAD/MAHALLA_UZKAD_DB16 (returnCentroid)", "last_verified_date": "2026-09-18"}, "geometry": {"type": "Point", "coordinates": [69.2225, 41.36273]}}, {"type": "Feature", "properties": {"mahalla_id": "1726280012", "soato_code": "1726280012", "mahalla_name_uz_latin": "Yoshlik", "district_id": "1726280", "district_name_uz_latin": "Olmazor tumani", "parent_city": "Toshkent shahri", "area_ha": 8.67, "geometry_status": "OFFICIAL_CENTROID", "confidence": "A", "source": "Kadastr agentligi open.ngis.uz UZKAD/MAHALLA_UZKAD_DB16 (returnCentroid)", "last_verified_date": "2026-09-18"}, "geometry": {"type": "Point", "coordinates": [69.19787, 41.36583]}}, {"type": "Feature", "properties": {"mahalla_id": "1726280013", "soato_code": "1726280013", "mahalla_name_uz_latin": "Tabassum", "district_id": "1726280", "district_name_uz_latin": "Olmazor tumani", "parent_city": "Toshkent shahri", "area_ha": 20.11, "geometry_status": "OFFICIAL_CENTROID", "confidence": "A", "source": "Kadastr agentligi open.ngis.uz UZKAD/MAHALLA_UZKAD_DB16 (returnCentroid)", "last_verified_date": "2026-09-18"}, "geometry": {"type": "Point", "coordinates": [69.21145, 41.36564]}}, {"type": "Feature", "properties": {"mahalla_id": "1726280014", "soato_code": "1726280014", "mahalla_name_uz_latin": "Shon-Shuxrat", "district_id": "1726280", "district_name_uz_latin": "Olmazor tumani", "parent_city": "Toshkent shahri", "area_ha": 16.28, "geometry_status": "OFFICIAL_CENTROID", "confidence": "A", "source": "Kadastr agentligi open.ngis.uz UZKAD/MAHALLA_UZKAD_DB16 (returnCentroid)", "last_verified_date": "2026-09-18"}, "geometry": {"type": "Point", "coordinates": [69.20238, 41.36917]}}, {"type": "Feature", "properties": {"mahalla_id": "1726280015", "soato_code": "1726280015", "mahalla_name_uz_latin": "Olimpiya", "district_id": "1726280", "district_name_uz_latin": "Olmazor tumani", "parent_city": "Toshkent shahri", "area_ha": 84.47, "geometry_status": "OFFICIAL_CENTROID", "confidence": "A", "source": "Kadastr agentligi open.ngis.uz UZKAD/MAHALLA_UZKAD_DB16 (returnCentroid)", "last_verified_date": "2026-09-18"}, "geometry": {"type": "Point", "coordinates": [69.19718, 41.36205]}}, {"type": "Feature", "properties": {"mahalla_id": "1726280016", "soato_code": "1726280016", "mahalla_name_uz_latin": "Boʻstonobod", "district_id": "1726280", "district_name_uz_latin": "Olmazor tumani", "parent_city": "Toshkent shahri", "area_ha": 23.31, "geometry_status": "OFFICIAL_CENTROID", "confidence": "A", "source": "Kadastr agentligi open.ngis.uz UZKAD/MAHALLA_UZKAD_DB16 (returnCentroid)", "last_verified_date": "2026-09-18"}, "geometry": {"type": "Point", "coordinates": [69.22346, 41.3573]}}, {"type": "Feature", "properties": {"mahalla_id": "1726280017", "soato_code": "1726280017", "mahalla_name_uz_latin": "Istiqbol", "district_id": "1726280", "district_name_uz_latin": "Olmazor tumani", "parent_city": "Toshkent shahri", "area_ha": 26.89, "geometry_status": "OFFICIAL_CENTROID", "confidence": "A", "source": "Kadastr agentligi open.ngis.uz UZKAD/MAHALLA_UZKAD_DB16 (returnCentroid)", "last_verified_date": "2026-09-18"}, "geometry": {"type": "Point", "coordinates": [69.21821, 41.35883]}}, {"type": "Feature", "properties": {"mahalla_id": "1726280018", "soato_code": "1726280018", "mahalla_name_uz_latin": "Ahil", "district_id": "1726280", "district_name_uz_latin": "Olmazor tumani", "parent_city": "Toshkent shahri", "area_ha": 199.75, "geometry_status": "OFFICIAL_CENTROID", "confidence": "A", "source": "Kadastr agentligi open.ngis.uz UZKAD/MAHALLA_UZKAD_DB16 (returnCentroid)", "last_verified_date": "2026-09-18"}, "geometry": {"type": "Point", "coordinates": [69.2253, 41.38608]}}, {"type": "Feature", "properties": {"mahalla_id": "1726280019", "soato_code": "1726280019", "mahalla_name_uz_latin": "Qichqiriq", "district_id": "1726280", "district_name_uz_latin": "Olmazor tumani", "parent_city": "Toshkent shahri", "area_ha": 24.04, "geometry_status": "OFFICIAL_CENTROID", "confidence": "A", "source": "Kadastr agentligi open.ngis.uz UZKAD/MAHALLA_UZKAD_DB16 (returnCentroid)", "last_verified_date": "2026-09-18"}, "geometry": {"type": "Point", "coordinates": [69.22962, 41.35852]}}, {"type": "Feature", "properties": {"mahalla_id": "1726280021", "soato_code": "1726280021", "mahalla_name_uz_latin": "Gulzor", "district_id": "1726280", "district_name_uz_latin": "Olmazor tumani", "parent_city": "Toshkent shahri", "area_ha": 128.86, "geometry_status": "OFFICIAL_CENTROID", "confidence": "A", "source": "Kadastr agentligi open.ngis.uz UZKAD/MAHALLA_UZKAD_DB16 (returnCentroid)", "last_verified_date": "2026-09-18"}, "geometry": {"type": "Point", "coordinates": [69.23579, 41.37415]}}, {"type": "Feature", "properties": {"mahalla_id": "1726280022", "soato_code": "1726280022", "mahalla_name_uz_latin": "Miskin", "district_id": "1726280", "district_name_uz_latin": "Olmazor tumani", "parent_city": "Toshkent shahri", "area_ha": 308.21, "geometry_status": "OFFICIAL_CENTROID", "confidence": "A", "source": "Kadastr agentligi open.ngis.uz UZKAD/MAHALLA_UZKAD_DB16 (returnCentroid)", "last_verified_date": "2026-09-18"}, "geometry": {"type": "Point", "coordinates": [69.25592, 41.35571]}}, {"type": "Feature", "properties": {"mahalla_id": "1726280023", "soato_code": "1726280023", "mahalla_name_uz_latin": "Taraqqiyot", "district_id": "1726280", "district_name_uz_latin": "Olmazor tumani", "parent_city": "Toshkent shahri", "area_ha": 80.48, "geometry_status": "OFFICIAL_CENTROID", "confidence": "A", "source": "Kadastr agentligi open.ngis.uz UZKAD/MAHALLA_UZKAD_DB16 (returnCentroid)", "last_verified_date": "2026-09-18"}, "geometry": {"type": "Point", "coordinates": [69.24314, 41.35289]}}, {"type": "Feature", "properties": {"mahalla_id": "1726280024", "soato_code": "1726280024", "mahalla_name_uz_latin": "Islom ota", "district_id": "1726280", "district_name_uz_latin": "Olmazor tumani", "parent_city": "Toshkent shahri", "area_ha": 26.28, "geometry_status": "OFFICIAL_CENTROID", "confidence": "A", "source": "Kadastr agentligi open.ngis.uz UZKAD/MAHALLA_UZKAD_DB16 (returnCentroid)", "last_verified_date": "2026-09-18"}, "geometry": {"type": "Point", "coordinates": [69.23682, 41.35822]}}, {"type": "Feature", "properties": {"mahalla_id": "1726280025", "soato_code": "1726280025", "mahalla_name_uz_latin": "Chuqursoy", "district_id": "1726280", "district_name_uz_latin": "Olmazor tumani", "parent_city": "Toshkent shahri", "area_ha": 28.83, "geometry_status": "OFFICIAL_CENTROID", "confidence": "A", "source": "Kadastr agentligi open.ngis.uz UZKAD/MAHALLA_UZKAD_DB16 (returnCentroid)", "last_verified_date": "2026-09-18"}, "geometry": {"type": "Point", "coordinates": [69.23281, 41.36315]}}, {"type": "Feature", "properties": {"mahalla_id": "1726280028", "soato_code": "1726280028", "mahalla_name_uz_latin": "Oltinsoy", "district_id": "1726280", "district_name_uz_latin": "Olmazor tumani", "parent_city": "Toshkent shahri", "area_ha": 26.28, "geometry_status": "OFFICIAL_CENTROID", "confidence": "A", "source": "Kadastr agentligi open.ngis.uz UZKAD/MAHALLA_UZKAD_DB16 (returnCentroid)", "last_verified_date": "2026-09-18"}, "geometry": {"type": "Point", "coordinates": [69.23526, 41.35465]}}, {"type": "Feature", "properties": {"mahalla_id": "1726280029", "soato_code": "1726280029", "mahalla_name_uz_latin": "Ibroxim ota", "district_id": "1726280", "district_name_uz_latin": "Olmazor tumani", "parent_city": "Toshkent shahri", "area_ha": 158.09, "geometry_status": "OFFICIAL_CENTROID", "confidence": "A", "source": "Kadastr agentligi open.ngis.uz UZKAD/MAHALLA_UZKAD_DB16 (returnCentroid)", "last_verified_date": "2026-09-18"}, "geometry": {"type": "Point", "coordinates": [69.24671, 41.36874]}}, {"type": "Feature", "properties": {"mahalla_id": "1726280030", "soato_code": "1726280030", "mahalla_name_uz_latin": "Gulsaroy", "district_id": "1726280", "district_name_uz_latin": "Olmazor tumani", "parent_city": "Toshkent shahri", "area_ha": 26.73, "geometry_status": "OFFICIAL_CENTROID", "confidence": "A", "source": "Kadastr agentligi open.ngis.uz UZKAD/MAHALLA_UZKAD_DB16 (returnCentroid)", "last_verified_date": "2026-09-18"}, "geometry": {"type": "Point", "coordinates": [69.23838, 41.36381]}}, {"type": "Feature", "properties": {"mahalla_id": "1726280032", "soato_code": "1726280032", "mahalla_name_uz_latin": "Gʻani-Aʼzamov", "district_id": "1726280", "district_name_uz_latin": "Olmazor tumani", "parent_city": "Toshkent shahri", "area_ha": 48.79, "geometry_status": "OFFICIAL_CENTROID", "confidence": "A", "source": "Kadastr agentligi open.ngis.uz UZKAD/MAHALLA_UZKAD_DB16 (returnCentroid)", "last_verified_date": "2026-09-18"}, "geometry": {"type": "Point", "coordinates": [69.23181, 41.35211]}}, {"type": "Feature", "properties": {"mahalla_id": "1726280047", "soato_code": "1726280047", "mahalla_name_uz_latin": "Universitet", "district_id": "1726280", "district_name_uz_latin": "Olmazor tumani", "parent_city": "Toshkent shahri", "area_ha": 58.28, "geometry_status": "OFFICIAL_CENTROID", "confidence": "A", "source": "Kadastr agentligi open.ngis.uz UZKAD/MAHALLA_UZKAD_DB16 (returnCentroid)", "last_verified_date": "2026-09-18"}, "geometry": {"type": "Point", "coordinates": [69.2095, 41.34731]}}, {"type": "Feature", "properties": {"mahalla_id": "1726280053", "soato_code": "1726280053", "mahalla_name_uz_latin": "Chimboy", "district_id": "1726280", "district_name_uz_latin": "Olmazor tumani", "parent_city": "Toshkent shahri", "area_ha": 54.35, "geometry_status": "OFFICIAL_CENTROID", "confidence": "A", "source": "Kadastr agentligi open.ngis.uz UZKAD/MAHALLA_UZKAD_DB16 (returnCentroid)", "last_verified_date": "2026-09-18"}, "geometry": {"type": "Point", "coordinates": [69.22175, 41.34498]}}, {"type": "Feature", "properties": {"mahalla_id": "1726280054", "soato_code": "1726280054", "mahalla_name_uz_latin": "Shifokorlar", "district_id": "1726280", "district_name_uz_latin": "Olmazor tumani", "parent_city": "Toshkent shahri", "area_ha": 142.96, "geometry_status": "OFFICIAL_CENTROID", "confidence": "A", "source": "Kadastr agentligi open.ngis.uz UZKAD/MAHALLA_UZKAD_DB16 (returnCentroid)", "last_verified_date": "2026-09-18"}, "geometry": {"type": "Point", "coordinates": [69.17419, 41.3554]}}, {"type": "Feature", "properties": {"mahalla_id": "1726280055", "soato_code": "1726280055", "mahalla_name_uz_latin": "Xislat", "district_id": "1726280", "district_name_uz_latin": "Olmazor tumani", "parent_city": "Toshkent shahri", "area_ha": 57.69, "geometry_status": "OFFICIAL_CENTROID", "confidence": "A", "source": "Kadastr agentligi open.ngis.uz UZKAD/MAHALLA_UZKAD_DB16 (returnCentroid)", "last_verified_date": "2026-09-18"}, "geometry": {"type": "Point", "coordinates": [69.18332, 41.35855]}}, {"type": "Feature", "properties": {"mahalla_id": "1726280061", "soato_code": "1726280061", "mahalla_name_uz_latin": "Elparvar", "district_id": "1726280", "district_name_uz_latin": "Olmazor tumani", "parent_city": "Toshkent shahri", "area_ha": 64.55, "geometry_status": "OFFICIAL_CENTROID", "confidence": "A", "source": "Kadastr agentligi open.ngis.uz UZKAD/MAHALLA_UZKAD_DB16 (returnCentroid)", "last_verified_date": "2026-09-18"}, "geometry": {"type": "Point", "coordinates": [69.22747, 41.37628]}}, {"type": "Feature", "properties": {"mahalla_id": "1726280063", "soato_code": "1726280063", "mahalla_name_uz_latin": "Zamondosh", "district_id": "1726280", "district_name_uz_latin": "Olmazor tumani", "parent_city": "Toshkent shahri", "area_ha": 56.58, "geometry_status": "OFFICIAL_CENTROID", "confidence": "A", "source": "Kadastr agentligi open.ngis.uz UZKAD/MAHALLA_UZKAD_DB16 (returnCentroid)", "last_verified_date": "2026-09-18"}, "geometry": {"type": "Point", "coordinates": [69.22319, 41.35186]}}, {"type": "Feature", "properties": {"mahalla_id": "1726283001", "soato_code": "1726283001", "mahalla_name_uz_latin": "Oʻzgarish", "district_id": "1726283", "district_name_uz_latin": "Sergeli tumani", "parent_city": "Toshkent shahri", "area_ha": 19.55, "geometry_status": "OFFICIAL_CENTROID", "confidence": "A", "source": "Kadastr agentligi open.ngis.uz UZKAD/MAHALLA_UZKAD_DB16 (returnCentroid)", "last_verified_date": "2026-09-18"}, "geometry": {"type": "Point", "coordinates": [69.20601, 41.22693]}}, {"type": "Feature", "properties": {"mahalla_id": "1726283002", "soato_code": "1726283002", "mahalla_name_uz_latin": "Xabibiy", "district_id": "1726283", "district_name_uz_latin": "Sergeli tumani", "parent_city": "Toshkent shahri", "area_ha": 23.33, "geometry_status": "OFFICIAL_CENTROID", "confidence": "A", "source": "Kadastr agentligi open.ngis.uz UZKAD/MAHALLA_UZKAD_DB16 (returnCentroid)", "last_verified_date": "2026-09-18"}, "geometry": {"type": "Point", "coordinates": [69.20982, 41.22591]}}, {"type": "Feature", "properties": {"mahalla_id": "1726283003", "soato_code": "1726283003", "mahalla_name_uz_latin": "Mehrigiyo", "district_id": "1726283", "district_name_uz_latin": "Sergeli tumani", "parent_city": "Toshkent shahri", "area_ha": 14.48, "geometry_status": "OFFICIAL_CENTROID", "confidence": "A", "source": "Kadastr agentligi open.ngis.uz UZKAD/MAHALLA_UZKAD_DB16 (returnCentroid)", "last_verified_date": "2026-09-18"}, "geometry": {"type": "Point", "coordinates": [69.21609, 41.22675]}}, {"type": "Feature", "properties": {"mahalla_id": "1726283004", "soato_code": "1726283004", "mahalla_name_uz_latin": "Ezgulik", "district_id": "1726283", "district_name_uz_latin": "Sergeli tumani", "parent_city": "Toshkent shahri", "area_ha": 20.01, "geometry_status": "OFFICIAL_CENTROID", "confidence": "A", "source": "Kadastr agentligi open.ngis.uz UZKAD/MAHALLA_UZKAD_DB16 (returnCentroid)", "last_verified_date": "2026-09-18"}, "geometry": {"type": "Point", "coordinates": [69.21733, 41.22421]}}, {"type": "Feature", "properties": {"mahalla_id": "1726283005", "soato_code": "1726283005", "mahalla_name_uz_latin": "Bunyodobod", "district_id": "1726283", "district_name_uz_latin": "Sergeli tumani", "parent_city": "Toshkent shahri", "area_ha": 64.12, "geometry_status": "OFFICIAL_CENTROID", "confidence": "A", "source": "Kadastr agentligi open.ngis.uz UZKAD/MAHALLA_UZKAD_DB16 (returnCentroid)", "last_verified_date": "2026-09-18"}, "geometry": {"type": "Point", "coordinates": [69.2122, 41.23695]}}, {"type": "Feature", "properties": {"mahalla_id": "1726283006", "soato_code": "1726283006", "mahalla_name_uz_latin": "Yangi Bunyodobod", "district_id": "1726283", "district_name_uz_latin": "Sergeli tumani", "parent_city": "Toshkent shahri", "area_ha": 41.51, "geometry_status": "OFFICIAL_CENTROID", "confidence": "A", "source": "Kadastr agentligi open.ngis.uz UZKAD/MAHALLA_UZKAD_DB16 (returnCentroid)", "last_verified_date": "2026-09-18"}, "geometry": {"type": "Point", "coordinates": [69.21365, 41.2306]}}, {"type": "Feature", "properties": {"mahalla_id": "1726283007", "soato_code": "1726283007", "mahalla_name_uz_latin": "Joʻnariq", "district_id": "1726283", "district_name_uz_latin": "Sergeli tumani", "parent_city": "Toshkent shahri", "area_ha": 100.2, "geometry_status": "OFFICIAL_CENTROID", "confidence": "A", "source": "Kadastr agentligi open.ngis.uz UZKAD/MAHALLA_UZKAD_DB16 (returnCentroid)", "last_verified_date": "2026-09-18"}, "geometry": {"type": "Point", "coordinates": [69.20486, 41.24399]}}, {"type": "Feature", "properties": {"mahalla_id": "1726283008", "soato_code": "1726283008", "mahalla_name_uz_latin": "Yuqori Darhon", "district_id": "1726283", "district_name_uz_latin": "Sergeli tumani", "parent_city": "Toshkent shahri", "area_ha": 139.57, "geometry_status": "OFFICIAL_CENTROID", "confidence": "A", "source": "Kadastr agentligi open.ngis.uz UZKAD/MAHALLA_UZKAD_DB16 (returnCentroid)", "last_verified_date": "2026-09-18"}, "geometry": {"type": "Point", "coordinates": [69.20811, 41.23985]}}, {"type": "Feature", "properties": {"mahalla_id": "1726283009", "soato_code": "1726283009", "mahalla_name_uz_latin": "Madadkor", "district_id": "1726283", "district_name_uz_latin": "Sergeli tumani", "parent_city": "Toshkent shahri", "area_ha": 28.59, "geometry_status": "OFFICIAL_CENTROID", "confidence": "A", "source": "Kadastr agentligi open.ngis.uz UZKAD/MAHALLA_UZKAD_DB16 (returnCentroid)", "last_verified_date": "2026-09-18"}, "geometry": {"type": "Point", "coordinates": [69.21178, 41.2212]}}, {"type": "Feature", "properties": {"mahalla_id": "1726283010", "soato_code": "1726283010", "mahalla_name_uz_latin": "Ziynat", "district_id": "1726283", "district_name_uz_latin": "Sergeli tumani", "parent_city": "Toshkent shahri", "area_ha": 21.91, "geometry_status": "OFFICIAL_CENTROID", "confidence": "A", "source": "Kadastr agentligi open.ngis.uz UZKAD/MAHALLA_UZKAD_DB16 (returnCentroid)", "last_verified_date": "2026-09-18"}, "geometry": {"type": "Point", "coordinates": [69.21475, 41.21779]}}, {"type": "Feature", "properties": {"mahalla_id": "1726283011", "soato_code": "1726283011", "mahalla_name_uz_latin": "Yangi Sergeli", "district_id": "1726283", "district_name_uz_latin": "Sergeli tumani", "parent_city": "Toshkent shahri", "area_ha": 17.25, "geometry_status": "OFFICIAL_CENTROID", "confidence": "A", "source": "Kadastr agentligi open.ngis.uz UZKAD/MAHALLA_UZKAD_DB16 (returnCentroid)", "last_verified_date": "2026-09-18"}, "geometry": {"type": "Point", "coordinates": [69.21978, 41.22196]}}, {"type": "Feature", "properties": {"mahalla_id": "1726283012", "soato_code": "1726283012", "mahalla_name_uz_latin": "Sohibqiron", "district_id": "1726283", "district_name_uz_latin": "Sergeli tumani", "parent_city": "Toshkent shahri", "area_ha": 15.84, "geometry_status": "OFFICIAL_CENTROID", "confidence": "A", "source": "Kadastr agentligi open.ngis.uz UZKAD/MAHALLA_UZKAD_DB16 (returnCentroid)", "last_verified_date": "2026-09-18"}, "geometry": {"type": "Point", "coordinates": [69.22045, 41.21932]}}, {"type": "Feature", "properties": {"mahalla_id": "1726283014", "soato_code": "1726283014", "mahalla_name_uz_latin": "Xontepa", "district_id": "1726283", "district_name_uz_latin": "Sergeli tumani", "parent_city": "Toshkent shahri", "area_ha": 113.95, "geometry_status": "OFFICIAL_CENTROID", "confidence": "A", "source": "Kadastr agentligi open.ngis.uz UZKAD/MAHALLA_UZKAD_DB16 (returnCentroid)", "last_verified_date": "2026-09-18"}, "geometry": {"type": "Point", "coordinates": [69.27065, 41.2276]}}, {"type": "Feature", "properties": {"mahalla_id": "1726283015", "soato_code": "1726283015", "mahalla_name_uz_latin": "Quruvchilar", "district_id": "1726283", "district_name_uz_latin": "Sergeli tumani", "parent_city": "Toshkent shahri", "area_ha": 195.65, "geometry_status": "OFFICIAL_CENTROID", "confidence": "A", "source": "Kadastr agentligi open.ngis.uz UZKAD/MAHALLA_UZKAD_DB16 (returnCentroid)", "last_verified_date": "2026-09-18"}, "geometry": {"type": "Point", "coordinates": [69.25519, 41.21377]}}, {"type": "Feature", "properties": {"mahalla_id": "1726283016", "soato_code": "1726283016", "mahalla_name_uz_latin": "Daryo boʻyi", "district_id": "1726283", "district_name_uz_latin": "Sergeli tumani", "parent_city": "Toshkent shahri", "area_ha": 294.04, "geometry_status": "OFFICIAL_CENTROID", "confidence": "A", "source": "Kadastr agentligi open.ngis.uz UZKAD/MAHALLA_UZKAD_DB16 (returnCentroid)", "last_verified_date": "2026-09-18"}, "geometry": {"type": "Point", "coordinates": [69.25928, 41.20164]}}, {"type": "Feature", "properties": {"mahalla_id": "1726283017", "soato_code": "1726283017", "mahalla_name_uz_latin": "Nurhayot", "district_id": "1726283", "district_name_uz_latin": "Sergeli tumani", "parent_city": "Toshkent shahri", "area_ha": 28.12, "geometry_status": "OFFICIAL_CENTROID", "confidence": "A", "source": "Kadastr agentligi open.ngis.uz UZKAD/MAHALLA_UZKAD_DB16 (returnCentroid)", "last_verified_date": "2026-09-18"}, "geometry": {"type": "Point", "coordinates": [69.23342, 41.21293]}}, {"type": "Feature", "properties": {"mahalla_id": "1726283018", "soato_code": "1726283018", "mahalla_name_uz_latin": "Saxovat", "district_id": "1726283", "district_name_uz_latin": "Sergeli tumani", "parent_city": "Toshkent shahri", "area_ha": 21.95, "geometry_status": "OFFICIAL_CENTROID", "confidence": "A", "source": "Kadastr agentligi open.ngis.uz UZKAD/MAHALLA_UZKAD_DB16 (returnCentroid)", "last_verified_date": "2026-09-18"}, "geometry": {"type": "Point", "coordinates": [69.23891, 41.21515]}}, {"type": "Feature", "properties": {"mahalla_id": "1726283019", "soato_code": "1726283019", "mahalla_name_uz_latin": "Qipchoq", "district_id": "1726283", "district_name_uz_latin": "Sergeli tumani", "parent_city": "Toshkent shahri", "area_ha": 16.2, "geometry_status": "OFFICIAL_CENTROID", "confidence": "A", "source": "Kadastr agentligi open.ngis.uz UZKAD/MAHALLA_UZKAD_DB16 (returnCentroid)", "last_verified_date": "2026-09-18"}, "geometry": {"type": "Point", "coordinates": [69.2429, 41.21709]}}, {"type": "Feature", "properties": {"mahalla_id": "1726283021", "soato_code": "1726283021", "mahalla_name_uz_latin": "Nilufar", "district_id": "1726283", "district_name_uz_latin": "Sergeli tumani", "parent_city": "Toshkent shahri", "area_ha": 45.2, "geometry_status": "OFFICIAL_CENTROID", "confidence": "A", "source": "Kadastr agentligi open.ngis.uz UZKAD/MAHALLA_UZKAD_DB16 (returnCentroid)", "last_verified_date": "2026-09-18"}, "geometry": {"type": "Point", "coordinates": [69.22281, 41.20877]}}, {"type": "Feature", "properties": {"mahalla_id": "1726283022", "soato_code": "1726283022", "mahalla_name_uz_latin": "Ittifoq", "district_id": "1726283", "district_name_uz_latin": "Sergeli tumani", "parent_city": "Toshkent shahri", "area_ha": 16.87, "geometry_status": "OFFICIAL_CENTROID", "confidence": "A", "source": "Kadastr agentligi open.ngis.uz UZKAD/MAHALLA_UZKAD_DB16 (returnCentroid)", "last_verified_date": "2026-09-18"}, "geometry": {"type": "Point", "coordinates": [69.22839, 41.21141]}}, {"type": "Feature", "properties": {"mahalla_id": "1726283023", "soato_code": "1726283023", "mahalla_name_uz_latin": "Farog'atli", "district_id": "1726283", "district_name_uz_latin": "Sergeli tumani", "parent_city": "Toshkent shahri", "area_ha": 218.89, "geometry_status": "OFFICIAL_CENTROID", "confidence": "A", "source": "Kadastr agentligi open.ngis.uz UZKAD/MAHALLA_UZKAD_DB16 (returnCentroid)", "last_verified_date": "2026-09-18"}, "geometry": {"type": "Point", "coordinates": [69.27564, 41.21179]}}, {"type": "Feature", "properties": {"mahalla_id": "1726283024", "soato_code": "1726283024", "mahalla_name_uz_latin": "Eshonbuloq", "district_id": "1726283", "district_name_uz_latin": "Sergeli tumani", "parent_city": "Toshkent shahri", "area_ha": 129.54, "geometry_status": "OFFICIAL_CENTROID", "confidence": "A", "source": "Kadastr agentligi open.ngis.uz UZKAD/MAHALLA_UZKAD_DB16 (returnCentroid)", "last_verified_date": "2026-09-18"}, "geometry": {"type": "Point", "coordinates": [69.31057, 41.23737]}}, {"type": "Feature", "properties": {"mahalla_id": "1726283026", "soato_code": "1726283026", "mahalla_name_uz_latin": "Nomdanak", "district_id": "1726283", "district_name_uz_latin": "Sergeli tumani", "parent_city": "Toshkent shahri", "area_ha": 82.16, "geometry_status": "OFFICIAL_CENTROID", "confidence": "A", "source": "Kadastr agentligi open.ngis.uz UZKAD/MAHALLA_UZKAD_DB16 (returnCentroid)", "last_verified_date": "2026-09-18"}, "geometry": {"type": "Point", "coordinates": [69.28143, 41.24075]}}, {"type": "Feature", "properties": {"mahalla_id": "1726283027", "soato_code": "1726283027", "mahalla_name_uz_latin": "Qumariq", "district_id": "1726283", "district_name_uz_latin": "Sergeli tumani", "parent_city": "Toshkent shahri", "area_ha": 251.55, "geometry_status": "OFFICIAL_CENTROID", "confidence": "A", "source": "Kadastr agentligi open.ngis.uz UZKAD/MAHALLA_UZKAD_DB16 (returnCentroid)", "last_verified_date": "2026-09-18"}, "geometry": {"type": "Point", "coordinates": [69.25094, 41.24992]}}, {"type": "Feature", "properties": {"mahalla_id": "1726283028", "soato_code": "1726283028", "mahalla_name_uz_latin": "Xonobodtepa", "district_id": "1726283", "district_name_uz_latin": "Sergeli tumani", "parent_city": "Toshkent shahri", "area_ha": 187.72, "geometry_status": "OFFICIAL_CENTROID", "confidence": "A", "source": "Kadastr agentligi open.ngis.uz UZKAD/MAHALLA_UZKAD_DB16 (returnCentroid)", "last_verified_date": "2026-09-18"}, "geometry": {"type": "Point", "coordinates": [69.26248, 41.22099]}}, {"type": "Feature", "properties": {"mahalla_id": "1726283029", "soato_code": "1726283029", "mahalla_name_uz_latin": "Ziyolilar", "district_id": "1726283", "district_name_uz_latin": "Sergeli tumani", "parent_city": "Toshkent shahri", "area_ha": 63.86, "geometry_status": "OFFICIAL_CENTROID", "confidence": "A", "source": "Kadastr agentligi open.ngis.uz UZKAD/MAHALLA_UZKAD_DB16 (returnCentroid)", "last_verified_date": "2026-09-18"}, "geometry": {"type": "Point", "coordinates": [69.25491, 41.23391]}}, {"type": "Feature", "properties": {"mahalla_id": "1726283030", "soato_code": "1726283030", "mahalla_name_uz_latin": "Kengmakon", "district_id": "1726283", "district_name_uz_latin": "Sergeli tumani", "parent_city": "Toshkent shahri", "area_ha": 149.58, "geometry_status": "OFFICIAL_CENTROID", "confidence": "A", "source": "Kadastr agentligi open.ngis.uz UZKAD/MAHALLA_UZKAD_DB16 (returnCentroid)", "last_verified_date": "2026-09-18"}, "geometry": {"type": "Point", "coordinates": [69.29732, 41.2398]}}, {"type": "Feature", "properties": {"mahalla_id": "1726283033", "soato_code": "1726283033", "mahalla_name_uz_latin": "Sultonobod", "district_id": "1726283", "district_name_uz_latin": "Sergeli tumani", "parent_city": "Toshkent shahri", "area_ha": 105.85, "geometry_status": "OFFICIAL_CENTROID", "confidence": "A", "source": "Kadastr agentligi open.ngis.uz UZKAD/MAHALLA_UZKAD_DB16 (returnCentroid)", "last_verified_date": "2026-09-18"}, "geometry": {"type": "Point", "coordinates": [69.2664, 41.23526]}}, {"type": "Feature", "properties": {"mahalla_id": "1726283034", "soato_code": "1726283034", "mahalla_name_uz_latin": "Izzatli", "district_id": "1726283", "district_name_uz_latin": "Sergeli tumani", "parent_city": "Toshkent shahri", "area_ha": 85.08, "geometry_status": "OFFICIAL_CENTROID", "confidence": "A", "source": "Kadastr agentligi open.ngis.uz UZKAD/MAHALLA_UZKAD_DB16 (returnCentroid)", "last_verified_date": "2026-09-18"}, "geometry": {"type": "Point", "coordinates": [69.28557, 41.23343]}}, {"type": "Feature", "properties": {"mahalla_id": "1726283035", "soato_code": "1726283035", "mahalla_name_uz_latin": "Sadoqat", "district_id": "1726283", "district_name_uz_latin": "Sergeli tumani", "parent_city": "Toshkent shahri", "area_ha": 146.57, "geometry_status": "OFFICIAL_CENTROID", "confidence": "A", "source": "Kadastr agentligi open.ngis.uz UZKAD/MAHALLA_UZKAD_DB16 (returnCentroid)", "last_verified_date": "2026-09-18"}, "geometry": {"type": "Point", "coordinates": [69.29409, 41.22887]}}, {"type": "Feature", "properties": {"mahalla_id": "1726283036", "soato_code": "1726283036", "mahalla_name_uz_latin": "Shukrona", "district_id": "1726283", "district_name_uz_latin": "Sergeli tumani", "parent_city": "Toshkent shahri", "area_ha": 12.35, "geometry_status": "OFFICIAL_CENTROID", "confidence": "A", "source": "Kadastr agentligi open.ngis.uz UZKAD/MAHALLA_UZKAD_DB16 (returnCentroid)", "last_verified_date": "2026-09-18"}, "geometry": {"type": "Point", "coordinates": [69.28506, 41.24611]}}, {"type": "Feature", "properties": {"mahalla_id": "1726283037", "soato_code": "1726283037", "mahalla_name_uz_latin": "Birdamlik (Ziyokor)", "district_id": "1726283", "district_name_uz_latin": "Sergeli tumani", "parent_city": "Toshkent shahri", "area_ha": 22.54, "geometry_status": "OFFICIAL_CENTROID", "confidence": "A", "source": "Kadastr agentligi open.ngis.uz UZKAD/MAHALLA_UZKAD_DB16 (returnCentroid)", "last_verified_date": "2026-09-18"}, "geometry": {"type": "Point", "coordinates": [69.28962, 41.24643]}}, {"type": "Feature", "properties": {"mahalla_id": "1726283038", "soato_code": "1726283038", "mahalla_name_uz_latin": "Xalqabod", "district_id": "1726283", "district_name_uz_latin": "Sergeli tumani", "parent_city": "Toshkent shahri", "area_ha": 35.17, "geometry_status": "OFFICIAL_CENTROID", "confidence": "A", "source": "Kadastr agentligi open.ngis.uz UZKAD/MAHALLA_UZKAD_DB16 (returnCentroid)", "last_verified_date": "2026-09-18"}, "geometry": {"type": "Point", "coordinates": [69.29836, 41.25003]}}, {"type": "Feature", "properties": {"mahalla_id": "1726283039", "soato_code": "1726283039", "mahalla_name_uz_latin": "Madaniyat", "district_id": "1726283", "district_name_uz_latin": "Sergeli tumani", "parent_city": "Toshkent shahri", "area_ha": 25.6, "geometry_status": "OFFICIAL_CENTROID", "confidence": "A", "source": "Kadastr agentligi open.ngis.uz UZKAD/MAHALLA_UZKAD_DB16 (returnCentroid)", "last_verified_date": "2026-09-18"}, "geometry": {"type": "Point", "coordinates": [69.2966, 41.24583]}}, {"type": "Feature", "properties": {"mahalla_id": "1726283040", "soato_code": "1726283040", "mahalla_name_uz_latin": "Uchuvchilar", "district_id": "1726283", "district_name_uz_latin": "Sergeli tumani", "parent_city": "Toshkent shahri", "area_ha": 126.6, "geometry_status": "OFFICIAL_CENTROID", "confidence": "A", "source": "Kadastr agentligi open.ngis.uz UZKAD/MAHALLA_UZKAD_DB16 (returnCentroid)", "last_verified_date": "2026-09-18"}, "geometry": {"type": "Point", "coordinates": [69.28343, 41.26653]}}, {"type": "Feature", "properties": {"mahalla_id": "1726283042", "soato_code": "1726283042", "mahalla_name_uz_latin": "Ko'hna qumariq", "district_id": "1726283", "district_name_uz_latin": "Sergeli tumani", "parent_city": "Toshkent shahri", "area_ha": 231.86, "geometry_status": "OFFICIAL_CENTROID", "confidence": "A", "source": "Kadastr agentligi open.ngis.uz UZKAD/MAHALLA_UZKAD_DB16 (returnCentroid)", "last_verified_date": "2026-09-18"}, "geometry": {"type": "Point", "coordinates": [69.25474, 41.23997]}}, {"type": "Feature", "properties": {"mahalla_id": "1726283043", "soato_code": "1726283043", "mahalla_name_uz_latin": "Asrobod", "district_id": "1726283", "district_name_uz_latin": "Sergeli tumani", "parent_city": "Toshkent shahri", "area_ha": 37.66, "geometry_status": "OFFICIAL_CENTROID", "confidence": "A", "source": "Kadastr agentligi open.ngis.uz UZKAD/MAHALLA_UZKAD_DB16 (returnCentroid)", "last_verified_date": "2026-09-18"}, "geometry": {"type": "Point", "coordinates": [69.27194, 41.24679]}}, {"type": "Feature", "properties": {"mahalla_id": "1726283044", "soato_code": "1726283044", "mahalla_name_uz_latin": "Qoʻsh-qoʻrgon", "district_id": "1726283", "district_name_uz_latin": "Sergeli tumani", "parent_city": "Toshkent shahri", "area_ha": 229.69, "geometry_status": "OFFICIAL_CENTROID", "confidence": "A", "source": "Kadastr agentligi open.ngis.uz UZKAD/MAHALLA_UZKAD_DB16 (returnCentroid)", "last_verified_date": "2026-09-18"}, "geometry": {"type": "Point", "coordinates": [69.28451, 41.25155]}}, {"type": "Feature", "properties": {"mahalla_id": "1726283046", "soato_code": "1726283046", "mahalla_name_uz_latin": "Qubay-tepa", "district_id": "1726283", "district_name_uz_latin": "Sergeli tumani", "parent_city": "Toshkent shahri", "area_ha": 224.99, "geometry_status": "OFFICIAL_CENTROID", "confidence": "A", "source": "Kadastr agentligi open.ngis.uz UZKAD/MAHALLA_UZKAD_DB16 (returnCentroid)", "last_verified_date": "2026-09-18"}, "geometry": {"type": "Point", "coordinates": [69.23153, 41.25316]}}, {"type": "Feature", "properties": {"mahalla_id": "1726287001", "soato_code": "1726287001", "mahalla_name_uz_latin": "Armugʻon", "district_id": "1726287", "district_name_uz_latin": "Yakkasaroy tumani", "parent_city": "Toshkent shahri", "area_ha": 63.65, "geometry_status": "OFFICIAL_CENTROID", "confidence": "A", "source": "Kadastr agentligi open.ngis.uz UZKAD/MAHALLA_UZKAD_DB16 (returnCentroid)", "last_verified_date": "2026-09-18"}, "geometry": {"type": "Point", "coordinates": [69.2545, 41.26765]}}, {"type": "Feature", "properties": {"mahalla_id": "1726287002", "soato_code": "1726287002", "mahalla_name_uz_latin": "Boshliq", "district_id": "1726287", "district_name_uz_latin": "Yakkasaroy tumani", "parent_city": "Toshkent shahri", "area_ha": 15.47, "geometry_status": "OFFICIAL_CENTROID", "confidence": "A", "source": "Kadastr agentligi open.ngis.uz UZKAD/MAHALLA_UZKAD_DB16 (returnCentroid)", "last_verified_date": "2026-09-18"}, "geometry": {"type": "Point", "coordinates": [69.24855, 41.26828]}}, {"type": "Feature", "properties": {"mahalla_id": "1726287003", "soato_code": "1726287003", "mahalla_name_uz_latin": "Dilbuloq", "district_id": "1726287", "district_name_uz_latin": "Yakkasaroy tumani", "parent_city": "Toshkent shahri", "area_ha": 84.4, "geometry_status": "OFFICIAL_CENTROID", "confidence": "A", "source": "Kadastr agentligi open.ngis.uz UZKAD/MAHALLA_UZKAD_DB16 (returnCentroid)", "last_verified_date": "2026-09-18"}, "geometry": {"type": "Point", "coordinates": [69.23836, 41.26858]}}, {"type": "Feature", "properties": {"mahalla_id": "1726287004", "soato_code": "1726287004", "mahalla_name_uz_latin": "Muxandislar", "district_id": "1726287", "district_name_uz_latin": "Yakkasaroy tumani", "parent_city": "Toshkent shahri", "area_ha": 131.63, "geometry_status": "OFFICIAL_CENTROID", "confidence": "A", "source": "Kadastr agentligi open.ngis.uz UZKAD/MAHALLA_UZKAD_DB16 (returnCentroid)", "last_verified_date": "2026-09-18"}, "geometry": {"type": "Point", "coordinates": [69.25167, 41.27605]}}, {"type": "Feature", "properties": {"mahalla_id": "1726287005", "soato_code": "1726287005", "mahalla_name_uz_latin": "Qushbegi", "district_id": "1726287", "district_name_uz_latin": "Yakkasaroy tumani", "parent_city": "Toshkent shahri", "area_ha": 79.7, "geometry_status": "OFFICIAL_CENTROID", "confidence": "A", "source": "Kadastr agentligi open.ngis.uz UZKAD/MAHALLA_UZKAD_DB16 (returnCentroid)", "last_verified_date": "2026-09-18"}, "geometry": {"type": "Point", "coordinates": [69.23246, 41.26187]}}, {"type": "Feature", "properties": {"mahalla_id": "1726287006", "soato_code": "1726287006", "mahalla_name_uz_latin": "Meros", "district_id": "1726287", "district_name_uz_latin": "Yakkasaroy tumani", "parent_city": "Toshkent shahri", "area_ha": 48.64, "geometry_status": "OFFICIAL_CENTROID", "confidence": "A", "source": "Kadastr agentligi open.ngis.uz UZKAD/MAHALLA_UZKAD_DB16 (returnCentroid)", "last_verified_date": "2026-09-18"}, "geometry": {"type": "Point", "coordinates": [69.22817, 41.27343]}}, {"type": "Feature", "properties": {"mahalla_id": "1726287009", "soato_code": "1726287009", "mahalla_name_uz_latin": "Toʻqimachi", "district_id": "1726287", "district_name_uz_latin": "Yakkasaroy tumani", "parent_city": "Toshkent shahri", "area_ha": 58.47, "geometry_status": "OFFICIAL_CENTROID", "confidence": "A", "source": "Kadastr agentligi open.ngis.uz UZKAD/MAHALLA_UZKAD_DB16 (returnCentroid)", "last_verified_date": "2026-09-18"}, "geometry": {"type": "Point", "coordinates": [69.23808, 41.27428]}}, {"type": "Feature", "properties": {"mahalla_id": "1726287011", "soato_code": "1726287011", "mahalla_name_uz_latin": "Belariq", "district_id": "1726287", "district_name_uz_latin": "Yakkasaroy tumani", "parent_city": "Toshkent shahri", "area_ha": 61.48, "geometry_status": "OFFICIAL_CENTROID", "confidence": "A", "source": "Kadastr agentligi open.ngis.uz UZKAD/MAHALLA_UZKAD_DB16 (returnCentroid)", "last_verified_date": "2026-09-18"}, "geometry": {"type": "Point", "coordinates": [69.24286, 41.28975]}}, {"type": "Feature", "properties": {"mahalla_id": "1726287012", "soato_code": "1726287012", "mahalla_name_uz_latin": "Konstitutsiya", "district_id": "1726287", "district_name_uz_latin": "Yakkasaroy tumani", "parent_city": "Toshkent shahri", "area_ha": 70.79, "geometry_status": "OFFICIAL_CENTROID", "confidence": "A", "source": "Kadastr agentligi open.ngis.uz UZKAD/MAHALLA_UZKAD_DB16 (returnCentroid)", "last_verified_date": "2026-09-18"}, "geometry": {"type": "Point", "coordinates": [69.25645, 41.29208]}}, {"type": "Feature", "properties": {"mahalla_id": "1726287013", "soato_code": "1726287013", "mahalla_name_uz_latin": "Rakatboshi", "district_id": "1726287", "district_name_uz_latin": "Yakkasaroy tumani", "parent_city": "Toshkent shahri", "area_ha": 58.75, "geometry_status": "OFFICIAL_CENTROID", "confidence": "A", "source": "Kadastr agentligi open.ngis.uz UZKAD/MAHALLA_UZKAD_DB16 (returnCentroid)", "last_verified_date": "2026-09-18"}, "geometry": {"type": "Point", "coordinates": [69.24652, 41.29503]}}, {"type": "Feature", "properties": {"mahalla_id": "1726287014", "soato_code": "1726287014", "mahalla_name_uz_latin": "Tepa", "district_id": "1726287", "district_name_uz_latin": "Yakkasaroy tumani", "parent_city": "Toshkent shahri", "area_ha": 36.61, "geometry_status": "OFFICIAL_CENTROID", "confidence": "A", "source": "Kadastr agentligi open.ngis.uz UZKAD/MAHALLA_UZKAD_DB16 (returnCentroid)", "last_verified_date": "2026-09-18"}, "geometry": {"type": "Point", "coordinates": [69.25337, 41.29741]}}, {"type": "Feature", "properties": {"mahalla_id": "1726287015", "soato_code": "1726287015", "mahalla_name_uz_latin": "Yunus Rajabiy", "district_id": "1726287", "district_name_uz_latin": "Yakkasaroy tumani", "parent_city": "Toshkent shahri", "area_ha": 123.11, "geometry_status": "OFFICIAL_CENTROID", "confidence": "A", "source": "Kadastr agentligi open.ngis.uz UZKAD/MAHALLA_UZKAD_DB16 (returnCentroid)", "last_verified_date": "2026-09-18"}, "geometry": {"type": "Point", "coordinates": [69.26032, 41.30474]}}, {"type": "Feature", "properties": {"mahalla_id": "1726287016", "soato_code": "1726287016", "mahalla_name_uz_latin": "Abdulla Qaxxor", "district_id": "1726287", "district_name_uz_latin": "Yakkasaroy tumani", "parent_city": "Toshkent shahri", "area_ha": 47.8, "geometry_status": "OFFICIAL_CENTROID", "confidence": "A", "source": "Kadastr agentligi open.ngis.uz UZKAD/MAHALLA_UZKAD_DB16 (returnCentroid)", "last_verified_date": "2026-09-18"}, "geometry": {"type": "Point", "coordinates": [69.25855, 41.28468]}}, {"type": "Feature", "properties": {"mahalla_id": "1726287017", "soato_code": "1726287017", "mahalla_name_uz_latin": "Bobur", "district_id": "1726287", "district_name_uz_latin": "Yakkasaroy tumani", "parent_city": "Toshkent shahri", "area_ha": 41.52, "geometry_status": "OFFICIAL_CENTROID", "confidence": "A", "source": "Kadastr agentligi open.ngis.uz UZKAD/MAHALLA_UZKAD_DB16 (returnCentroid)", "last_verified_date": "2026-09-18"}, "geometry": {"type": "Point", "coordinates": [69.26011, 41.27693]}}, {"type": "Feature", "properties": {"mahalla_id": "1726287018", "soato_code": "1726287018", "mahalla_name_uz_latin": "Bogʻsaroy", "district_id": "1726287", "district_name_uz_latin": "Yakkasaroy tumani", "parent_city": "Toshkent shahri", "area_ha": 51.74, "geometry_status": "OFFICIAL_CENTROID", "confidence": "A", "source": "Kadastr agentligi open.ngis.uz UZKAD/MAHALLA_UZKAD_DB16 (returnCentroid)", "last_verified_date": "2026-09-18"}, "geometry": {"type": "Point", "coordinates": [69.26416, 41.29781]}}, {"type": "Feature", "properties": {"mahalla_id": "1726287021", "soato_code": "1726287021", "mahalla_name_uz_latin": "Shoxjoxon", "district_id": "1726287", "district_name_uz_latin": "Yakkasaroy tumani", "parent_city": "Toshkent shahri", "area_ha": 37.6, "geometry_status": "OFFICIAL_CENTROID", "confidence": "A", "source": "Kadastr agentligi open.ngis.uz UZKAD/MAHALLA_UZKAD_DB16 (returnCentroid)", "last_verified_date": "2026-09-18"}, "geometry": {"type": "Point", "coordinates": [69.24931, 41.28534]}}, {"type": "Feature", "properties": {"mahalla_id": "1726290001", "soato_code": "1726290001", "mahalla_name_uz_latin": "Iltifot", "district_id": "1726290", "district_name_uz_latin": "Yashnobod tumani", "parent_city": "Toshkent shahri", "area_ha": 31.12, "geometry_status": "OFFICIAL_CENTROID", "confidence": "A", "source": "Kadastr agentligi open.ngis.uz UZKAD/MAHALLA_UZKAD_DB16 (returnCentroid)", "last_verified_date": "2026-09-18"}, "geometry": {"type": "Point", "coordinates": [69.35566, 41.28111]}}, {"type": "Feature", "properties": {"mahalla_id": "1726290002", "soato_code": "1726290002", "mahalla_name_uz_latin": "Al-Buxoriy", "district_id": "1726290", "district_name_uz_latin": "Yashnobod tumani", "parent_city": "Toshkent shahri", "area_ha": 24.43, "geometry_status": "OFFICIAL_CENTROID", "confidence": "A", "source": "Kadastr agentligi open.ngis.uz UZKAD/MAHALLA_UZKAD_DB16 (returnCentroid)", "last_verified_date": "2026-09-18"}, "geometry": {"type": "Point", "coordinates": [69.3681, 41.2925]}}, {"type": "Feature", "properties": {"mahalla_id": "1726290003", "soato_code": "1726290003", "mahalla_name_uz_latin": "Amir Temur", "district_id": "1726290", "district_name_uz_latin": "Yashnobod tumani", "parent_city": "Toshkent shahri", "area_ha": 151.21, "geometry_status": "OFFICIAL_CENTROID", "confidence": "A", "source": "Kadastr agentligi open.ngis.uz UZKAD/MAHALLA_UZKAD_DB16 (returnCentroid)", "last_verified_date": "2026-09-18"}, "geometry": {"type": "Point", "coordinates": [69.35247, 41.30228]}}, {"type": "Feature", "properties": {"mahalla_id": "1726290004", "soato_code": "1726290004", "mahalla_name_uz_latin": "Vatandosh", "district_id": "1726290", "district_name_uz_latin": "Yashnobod tumani", "parent_city": "Toshkent shahri", "area_ha": 16.37, "geometry_status": "OFFICIAL_CENTROID", "confidence": "A", "source": "Kadastr agentligi open.ngis.uz UZKAD/MAHALLA_UZKAD_DB16 (returnCentroid)", "last_verified_date": "2026-09-18"}, "geometry": {"type": "Point", "coordinates": [69.35991, 41.29286]}}, {"type": "Feature", "properties": {"mahalla_id": "1726290005", "soato_code": "1726290005", "mahalla_name_uz_latin": "Tong", "district_id": "1726290", "district_name_uz_latin": "Yashnobod tumani", "parent_city": "Toshkent shahri", "area_ha": 20.68, "geometry_status": "OFFICIAL_CENTROID", "confidence": "A", "source": "Kadastr agentligi open.ngis.uz UZKAD/MAHALLA_UZKAD_DB16 (returnCentroid)", "last_verified_date": "2026-09-18"}, "geometry": {"type": "Point", "coordinates": [69.36226, 41.29037]}}, {"type": "Feature", "properties": {"mahalla_id": "1726290006", "soato_code": "1726290006", "mahalla_name_uz_latin": "Mohinur", "district_id": "1726290", "district_name_uz_latin": "Yashnobod tumani", "parent_city": "Toshkent shahri", "area_ha": 14.11, "geometry_status": "OFFICIAL_CENTROID", "confidence": "A", "source": "Kadastr agentligi open.ngis.uz UZKAD/MAHALLA_UZKAD_DB16 (returnCentroid)", "last_verified_date": "2026-09-18"}, "geometry": {"type": "Point", "coordinates": [69.3652, 41.29542]}}, {"type": "Feature", "properties": {"mahalla_id": "1726290007", "soato_code": "1726290007", "mahalla_name_uz_latin": "Tuzel", "district_id": "1726290", "district_name_uz_latin": "Yashnobod tumani", "parent_city": "Toshkent shahri", "area_ha": 45.51, "geometry_status": "OFFICIAL_CENTROID", "confidence": "A", "source": "Kadastr agentligi open.ngis.uz UZKAD/MAHALLA_UZKAD_DB16 (returnCentroid)", "last_verified_date": "2026-09-18"}, "geometry": {"type": "Point", "coordinates": [69.36079, 41.29889]}}, {"type": "Feature", "properties": {"mahalla_id": "1726290011", "soato_code": "1726290011", "mahalla_name_uz_latin": "Hilol", "district_id": "1726290", "district_name_uz_latin": "Yashnobod tumani", "parent_city": "Toshkent shahri", "area_ha": 80.53, "geometry_status": "OFFICIAL_CENTROID", "confidence": "A", "source": "Kadastr agentligi open.ngis.uz UZKAD/MAHALLA_UZKAD_DB16 (returnCentroid)", "last_verified_date": "2026-09-18"}, "geometry": {"type": "Point", "coordinates": [69.39215, 41.29645]}}, {"type": "Feature", "properties": {"mahalla_id": "1726290013", "soato_code": "1726290013", "mahalla_name_uz_latin": "Jarboshi", "district_id": "1726290", "district_name_uz_latin": "Yashnobod tumani", "parent_city": "Toshkent shahri", "area_ha": 279.08, "geometry_status": "OFFICIAL_CENTROID", "confidence": "A", "source": "Kadastr agentligi open.ngis.uz UZKAD/MAHALLA_UZKAD_DB16 (returnCentroid)", "last_verified_date": "2026-09-18"}, "geometry": {"type": "Point", "coordinates": [69.42993, 41.31966]}}, {"type": "Feature", "properties": {"mahalla_id": "1726290014", "soato_code": "1726290014", "mahalla_name_uz_latin": "Mohirlar", "district_id": "1726290", "district_name_uz_latin": "Yashnobod tumani", "parent_city": "Toshkent shahri", "area_ha": 122.66, "geometry_status": "OFFICIAL_CENTROID", "confidence": "A", "source": "Kadastr agentligi open.ngis.uz UZKAD/MAHALLA_UZKAD_DB16 (returnCentroid)", "last_verified_date": "2026-09-18"}, "geometry": {"type": "Point", "coordinates": [69.4002, 41.30307]}}, {"type": "Feature", "properties": {"mahalla_id": "1726290015", "soato_code": "1726290015", "mahalla_name_uz_latin": "Bog'bon", "district_id": "1726290", "district_name_uz_latin": "Yashnobod tumani", "parent_city": "Toshkent shahri", "area_ha": 268.29, "geometry_status": "OFFICIAL_CENTROID", "confidence": "A", "source": "Kadastr agentligi open.ngis.uz UZKAD/MAHALLA_UZKAD_DB16 (returnCentroid)", "last_verified_date": "2026-09-18"}, "geometry": {"type": "Point", "coordinates": [69.38438, 41.28185]}}, {"type": "Feature", "properties": {"mahalla_id": "1726290016", "soato_code": "1726290016", "mahalla_name_uz_latin": "TashIsti", "district_id": "1726290", "district_name_uz_latin": "Yashnobod tumani", "parent_city": "Toshkent shahri", "area_ha": 135.74, "geometry_status": "OFFICIAL_CENTROID", "confidence": "A", "source": "Kadastr agentligi open.ngis.uz UZKAD/MAHALLA_UZKAD_DB16 (returnCentroid)", "last_verified_date": "2026-09-18"}, "geometry": {"type": "Point", "coordinates": [69.41603, 41.30767]}}, {"type": "Feature", "properties": {"mahalla_id": "1726290017", "soato_code": "1726290017", "mahalla_name_uz_latin": "Tovkentepa", "district_id": "1726290", "district_name_uz_latin": "Yashnobod tumani", "parent_city": "Toshkent shahri", "area_ha": 141.79, "geometry_status": "OFFICIAL_CENTROID", "confidence": "A", "source": "Kadastr agentligi open.ngis.uz UZKAD/MAHALLA_UZKAD_DB16 (returnCentroid)", "last_verified_date": "2026-09-18"}, "geometry": {"type": "Point", "coordinates": [69.38357, 41.30024]}}, {"type": "Feature", "properties": {"mahalla_id": "1726290018", "soato_code": "1726290018", "mahalla_name_uz_latin": "Yashnobod", "district_id": "1726290", "district_name_uz_latin": "Yashnobod tumani", "parent_city": "Toshkent shahri", "area_ha": 56.8, "geometry_status": "OFFICIAL_CENTROID", "confidence": "A", "source": "Kadastr agentligi open.ngis.uz UZKAD/MAHALLA_UZKAD_DB16 (returnCentroid)", "last_verified_date": "2026-09-18"}, "geometry": {"type": "Point", "coordinates": [69.34415, 41.29367]}}, {"type": "Feature", "properties": {"mahalla_id": "1726290019", "soato_code": "1726290019", "mahalla_name_uz_latin": "Birlashgan", "district_id": "1726290", "district_name_uz_latin": "Yashnobod tumani", "parent_city": "Toshkent shahri", "area_ha": 54.44, "geometry_status": "OFFICIAL_CENTROID", "confidence": "A", "source": "Kadastr agentligi open.ngis.uz UZKAD/MAHALLA_UZKAD_DB16 (returnCentroid)", "last_verified_date": "2026-09-18"}, "geometry": {"type": "Point", "coordinates": [69.35122, 41.29096]}}, {"type": "Feature", "properties": {"mahalla_id": "1726290020", "soato_code": "1726290020", "mahalla_name_uz_latin": "Parvoz", "district_id": "1726290", "district_name_uz_latin": "Yashnobod tumani", "parent_city": "Toshkent shahri", "area_ha": 41.68, "geometry_status": "OFFICIAL_CENTROID", "confidence": "A", "source": "Kadastr agentligi open.ngis.uz UZKAD/MAHALLA_UZKAD_DB16 (returnCentroid)", "last_verified_date": "2026-09-18"}, "geometry": {"type": "Point", "coordinates": [69.35372, 41.28717]}}, {"type": "Feature", "properties": {"mahalla_id": "1726290021", "soato_code": "1726290021", "mahalla_name_uz_latin": "Navroʻzobod", "district_id": "1726290", "district_name_uz_latin": "Yashnobod tumani", "parent_city": "Toshkent shahri", "area_ha": 30.81, "geometry_status": "OFFICIAL_CENTROID", "confidence": "A", "source": "Kadastr agentligi open.ngis.uz UZKAD/MAHALLA_UZKAD_DB16 (returnCentroid)", "last_verified_date": "2026-09-18"}, "geometry": {"type": "Point", "coordinates": [69.3474, 41.29775]}}, {"type": "Feature", "properties": {"mahalla_id": "1726290022", "soato_code": "1726290022", "mahalla_name_uz_latin": "Aviasozlar", "district_id": "1726290", "district_name_uz_latin": "Yashnobod tumani", "parent_city": "Toshkent shahri", "area_ha": 19.46, "geometry_status": "OFFICIAL_CENTROID", "confidence": "A", "source": "Kadastr agentligi open.ngis.uz UZKAD/MAHALLA_UZKAD_DB16 (returnCentroid)", "last_verified_date": "2026-09-18"}, "geometry": {"type": "Point", "coordinates": [69.34113, 41.28951]}}, {"type": "Feature", "properties": {"mahalla_id": "1726290023", "soato_code": "1726290023", "mahalla_name_uz_latin": "Maxmur", "district_id": "1726290", "district_name_uz_latin": "Yashnobod tumani", "parent_city": "Toshkent shahri", "area_ha": 38.46, "geometry_status": "OFFICIAL_CENTROID", "confidence": "A", "source": "Kadastr agentligi open.ngis.uz UZKAD/MAHALLA_UZKAD_DB16 (returnCentroid)", "last_verified_date": "2026-09-18"}, "geometry": {"type": "Point", "coordinates": [69.3355, 41.28925]}}, {"type": "Feature", "properties": {"mahalla_id": "1726290024", "soato_code": "1726290024", "mahalla_name_uz_latin": "Alimkent", "district_id": "1726290", "district_name_uz_latin": "Yashnobod tumani", "parent_city": "Toshkent shahri", "area_ha": 31.43, "geometry_status": "OFFICIAL_CENTROID", "confidence": "A", "source": "Kadastr agentligi open.ngis.uz UZKAD/MAHALLA_UZKAD_DB16 (returnCentroid)", "last_verified_date": "2026-09-18"}, "geometry": {"type": "Point", "coordinates": [69.33477, 41.2933]}}, {"type": "Feature", "properties": {"mahalla_id": "1726290025", "soato_code": "1726290025", "mahalla_name_uz_latin": "Qadriyat", "district_id": "1726290", "district_name_uz_latin": "Yashnobod tumani", "parent_city": "Toshkent shahri", "area_ha": 62.14, "geometry_status": "OFFICIAL_CENTROID", "confidence": "A", "source": "Kadastr agentligi open.ngis.uz UZKAD/MAHALLA_UZKAD_DB16 (returnCentroid)", "last_verified_date": "2026-09-18"}, "geometry": {"type": "Point", "coordinates": [69.33264, 41.29577]}}, {"type": "Feature", "properties": {"mahalla_id": "1726290026", "soato_code": "1726290026", "mahalla_name_uz_latin": "Toʻy tepa", "district_id": "1726290", "district_name_uz_latin": "Yashnobod tumani", "parent_city": "Toshkent shahri", "area_ha": 73.82, "geometry_status": "OFFICIAL_CENTROID", "confidence": "A", "source": "Kadastr agentligi open.ngis.uz UZKAD/MAHALLA_UZKAD_DB16 (returnCentroid)", "last_verified_date": "2026-09-18"}, "geometry": {"type": "Point", "coordinates": [69.2899, 41.30573]}}, {"type": "Feature", "properties": {"mahalla_id": "1726290027", "soato_code": "1726290027", "mahalla_name_uz_latin": "Semurgʻ", "district_id": "1726290", "district_name_uz_latin": "Yashnobod tumani", "parent_city": "Toshkent shahri", "area_ha": 18.35, "geometry_status": "OFFICIAL_CENTROID", "confidence": "A", "source": "Kadastr agentligi open.ngis.uz UZKAD/MAHALLA_UZKAD_DB16 (returnCentroid)", "last_verified_date": "2026-09-18"}, "geometry": {"type": "Point", "coordinates": [69.32397, 41.31369]}}, {"type": "Feature", "properties": {"mahalla_id": "1726290028", "soato_code": "1726290028", "mahalla_name_uz_latin": "Choʻlpon", "district_id": "1726290", "district_name_uz_latin": "Yashnobod tumani", "parent_city": "Toshkent shahri", "area_ha": 155.79, "geometry_status": "OFFICIAL_CENTROID", "confidence": "A", "source": "Kadastr agentligi open.ngis.uz UZKAD/MAHALLA_UZKAD_DB16 (returnCentroid)", "last_verified_date": "2026-09-18"}, "geometry": {"type": "Point", "coordinates": [69.30122, 41.3039]}}, {"type": "Feature", "properties": {"mahalla_id": "1726290029", "soato_code": "1726290029", "mahalla_name_uz_latin": "Fidoiylar", "district_id": "1726290", "district_name_uz_latin": "Yashnobod tumani", "parent_city": "Toshkent shahri", "area_ha": 243.68, "geometry_status": "OFFICIAL_CENTROID", "confidence": "A", "source": "Kadastr agentligi open.ngis.uz UZKAD/MAHALLA_UZKAD_DB16 (returnCentroid)", "last_verified_date": "2026-09-18"}, "geometry": {"type": "Point", "coordinates": [69.32536, 41.30065]}}, {"type": "Feature", "properties": {"mahalla_id": "1726290031", "soato_code": "1726290031", "mahalla_name_uz_latin": "Mashinasozlar", "district_id": "1726290", "district_name_uz_latin": "Yashnobod tumani", "parent_city": "Toshkent shahri", "area_ha": 82.67, "geometry_status": "OFFICIAL_CENTROID", "confidence": "A", "source": "Kadastr agentligi open.ngis.uz UZKAD/MAHALLA_UZKAD_DB16 (returnCentroid)", "last_verified_date": "2026-09-18"}, "geometry": {"type": "Point", "coordinates": [69.31234, 41.30719]}}, {"type": "Feature", "properties": {"mahalla_id": "1726290032", "soato_code": "1726290032", "mahalla_name_uz_latin": "Istiqlol", "district_id": "1726290", "district_name_uz_latin": "Yashnobod tumani", "parent_city": "Toshkent shahri", "area_ha": 16.69, "geometry_status": "OFFICIAL_CENTROID", "confidence": "A", "source": "Kadastr agentligi open.ngis.uz UZKAD/MAHALLA_UZKAD_DB16 (returnCentroid)", "last_verified_date": "2026-09-18"}, "geometry": {"type": "Point", "coordinates": [69.32717, 41.31228]}}, {"type": "Feature", "properties": {"mahalla_id": "1726290034", "soato_code": "1726290034", "mahalla_name_uz_latin": "Fazogir", "district_id": "1726290", "district_name_uz_latin": "Yashnobod tumani", "parent_city": "Toshkent shahri", "area_ha": 27.98, "geometry_status": "OFFICIAL_CENTROID", "confidence": "A", "source": "Kadastr agentligi open.ngis.uz UZKAD/MAHALLA_UZKAD_DB16 (returnCentroid)", "last_verified_date": "2026-09-18"}, "geometry": {"type": "Point", "coordinates": [69.34062, 41.28636]}}, {"type": "Feature", "properties": {"mahalla_id": "1726290035", "soato_code": "1726290035", "mahalla_name_uz_latin": "Barkamol", "district_id": "1726290", "district_name_uz_latin": "Yashnobod tumani", "parent_city": "Toshkent shahri", "area_ha": 17.67, "geometry_status": "OFFICIAL_CENTROID", "confidence": "A", "source": "Kadastr agentligi open.ngis.uz UZKAD/MAHALLA_UZKAD_DB16 (returnCentroid)", "last_verified_date": "2026-09-18"}, "geometry": {"type": "Point", "coordinates": [69.34796, 41.28209]}}, {"type": "Feature", "properties": {"mahalla_id": "1726290036", "soato_code": "1726290036", "mahalla_name_uz_latin": "Dilbogʻ", "district_id": "1726290", "district_name_uz_latin": "Yashnobod tumani", "parent_city": "Toshkent shahri", "area_ha": 27.86, "geometry_status": "OFFICIAL_CENTROID", "confidence": "A", "source": "Kadastr agentligi open.ngis.uz UZKAD/MAHALLA_UZKAD_DB16 (returnCentroid)", "last_verified_date": "2026-09-18"}, "geometry": {"type": "Point", "coordinates": [69.35534, 41.28422]}}, {"type": "Feature", "properties": {"mahalla_id": "1726290037", "soato_code": "1726290037", "mahalla_name_uz_latin": "Beshariq", "district_id": "1726290", "district_name_uz_latin": "Yashnobod tumani", "parent_city": "Toshkent shahri", "area_ha": 19.05, "geometry_status": "OFFICIAL_CENTROID", "confidence": "A", "source": "Kadastr agentligi open.ngis.uz UZKAD/MAHALLA_UZKAD_DB16 (returnCentroid)", "last_verified_date": "2026-09-18"}, "geometry": {"type": "Point", "coordinates": [69.34465, 41.28269]}}, {"type": "Feature", "properties": {"mahalla_id": "1726290038", "soato_code": "1726290038", "mahalla_name_uz_latin": "Asalabod", "district_id": "1726290", "district_name_uz_latin": "Yashnobod tumani", "parent_city": "Toshkent shahri", "area_ha": 41.2, "geometry_status": "OFFICIAL_CENTROID", "confidence": "A", "source": "Kadastr agentligi open.ngis.uz UZKAD/MAHALLA_UZKAD_DB16 (returnCentroid)", "last_verified_date": "2026-09-18"}, "geometry": {"type": "Point", "coordinates": [69.33727, 41.28125]}}, {"type": "Feature", "properties": {"mahalla_id": "1726290039", "soato_code": "1726290039", "mahalla_name_uz_latin": "Bunyodkor", "district_id": "1726290", "district_name_uz_latin": "Yashnobod tumani", "parent_city": "Toshkent shahri", "area_ha": 76.6, "geometry_status": "OFFICIAL_CENTROID", "confidence": "A", "source": "Kadastr agentligi open.ngis.uz UZKAD/MAHALLA_UZKAD_DB16 (returnCentroid)", "last_verified_date": "2026-09-18"}, "geometry": {"type": "Point", "coordinates": [69.32796, 41.26066]}}, {"type": "Feature", "properties": {"mahalla_id": "1726290041", "soato_code": "1726290041", "mahalla_name_uz_latin": "Jarqoʻrgʻon", "district_id": "1726290", "district_name_uz_latin": "Yashnobod tumani", "parent_city": "Toshkent shahri", "area_ha": 86.94, "geometry_status": "OFFICIAL_CENTROID", "confidence": "A", "source": "Kadastr agentligi open.ngis.uz UZKAD/MAHALLA_UZKAD_DB16 (returnCentroid)", "last_verified_date": "2026-09-18"}, "geometry": {"type": "Point", "coordinates": [69.32672, 41.27277]}}, {"type": "Feature", "properties": {"mahalla_id": "1726290042", "soato_code": "1726290042", "mahalla_name_uz_latin": "Xosiyatli", "district_id": "1726290", "district_name_uz_latin": "Yashnobod tumani", "parent_city": "Toshkent shahri", "area_ha": 55.78, "geometry_status": "OFFICIAL_CENTROID", "confidence": "A", "source": "Kadastr agentligi open.ngis.uz UZKAD/MAHALLA_UZKAD_DB16 (returnCentroid)", "last_verified_date": "2026-09-18"}, "geometry": {"type": "Point", "coordinates": [69.34165, 41.27583]}}, {"type": "Feature", "properties": {"mahalla_id": "1726290044", "soato_code": "1726290044", "mahalla_name_uz_latin": "Besh bola", "district_id": "1726290", "district_name_uz_latin": "Yashnobod tumani", "parent_city": "Toshkent shahri", "area_ha": 41.51, "geometry_status": "OFFICIAL_CENTROID", "confidence": "A", "source": "Kadastr agentligi open.ngis.uz UZKAD/MAHALLA_UZKAD_DB16 (returnCentroid)", "last_verified_date": "2026-09-18"}, "geometry": {"type": "Point", "coordinates": [69.3248, 41.27511]}}, {"type": "Feature", "properties": {"mahalla_id": "1726290047", "soato_code": "1726290047", "mahalla_name_uz_latin": "Muxtor Ashrafiy", "district_id": "1726290", "district_name_uz_latin": "Yashnobod tumani", "parent_city": "Toshkent shahri", "area_ha": 67.89, "geometry_status": "OFFICIAL_CENTROID", "confidence": "A", "source": "Kadastr agentligi open.ngis.uz UZKAD/MAHALLA_UZKAD_DB16 (returnCentroid)", "last_verified_date": "2026-09-18"}, "geometry": {"type": "Point", "coordinates": [69.32041, 41.27548]}}, {"type": "Feature", "properties": {"mahalla_id": "1726290050", "soato_code": "1726290050", "mahalla_name_uz_latin": "Oʻqchi Olmazor", "district_id": "1726290", "district_name_uz_latin": "Yashnobod tumani", "parent_city": "Toshkent shahri", "area_ha": 7.81, "geometry_status": "OFFICIAL_CENTROID", "confidence": "A", "source": "Kadastr agentligi open.ngis.uz UZKAD/MAHALLA_UZKAD_DB16 (returnCentroid)", "last_verified_date": "2026-09-18"}, "geometry": {"type": "Point", "coordinates": [69.30916, 41.29255]}}, {"type": "Feature", "properties": {"mahalla_id": "1726290051", "soato_code": "1726290051", "mahalla_name_uz_latin": "Katta Qoʻyliq", "district_id": "1726290", "district_name_uz_latin": "Yashnobod tumani", "parent_city": "Toshkent shahri", "area_ha": 48.29, "geometry_status": "OFFICIAL_CENTROID", "confidence": "A", "source": "Kadastr agentligi open.ngis.uz UZKAD/MAHALLA_UZKAD_DB16 (returnCentroid)", "last_verified_date": "2026-09-18"}, "geometry": {"type": "Point", "coordinates": [69.33613, 41.24332]}}, {"type": "Feature", "properties": {"mahalla_id": "1726290052", "soato_code": "1726290052", "mahalla_name_uz_latin": "Mumtoz", "district_id": "1726290", "district_name_uz_latin": "Yashnobod tumani", "parent_city": "Toshkent shahri", "area_ha": 70.6, "geometry_status": "OFFICIAL_CENTROID", "confidence": "A", "source": "Kadastr agentligi open.ngis.uz UZKAD/MAHALLA_UZKAD_DB16 (returnCentroid)", "last_verified_date": "2026-09-18"}, "geometry": {"type": "Point", "coordinates": [69.33137, 41.25057]}}, {"type": "Feature", "properties": {"mahalla_id": "1726290053", "soato_code": "1726290053", "mahalla_name_uz_latin": "Qoʻyliqobod", "district_id": "1726290", "district_name_uz_latin": "Yashnobod tumani", "parent_city": "Toshkent shahri", "area_ha": 58.83, "geometry_status": "OFFICIAL_CENTROID", "confidence": "A", "source": "Kadastr agentligi open.ngis.uz UZKAD/MAHALLA_UZKAD_DB16 (returnCentroid)", "last_verified_date": "2026-09-18"}, "geometry": {"type": "Point", "coordinates": [69.33264, 41.24616]}}, {"type": "Feature", "properties": {"mahalla_id": "1726290054", "soato_code": "1726290054", "mahalla_name_uz_latin": "Uysozlar", "district_id": "1726290", "district_name_uz_latin": "Yashnobod tumani", "parent_city": "Toshkent shahri", "area_ha": 48.62, "geometry_status": "OFFICIAL_CENTROID", "confidence": "A", "source": "Kadastr agentligi open.ngis.uz UZKAD/MAHALLA_UZKAD_DB16 (returnCentroid)", "last_verified_date": "2026-09-18"}, "geometry": {"type": "Point", "coordinates": [69.33857, 41.25505]}}, {"type": "Feature", "properties": {"mahalla_id": "1726290055", "soato_code": "1726290055", "mahalla_name_uz_latin": "Oʻrta Masjid", "district_id": "1726290", "district_name_uz_latin": "Yashnobod tumani", "parent_city": "Toshkent shahri", "area_ha": 126.18, "geometry_status": "OFFICIAL_CENTROID", "confidence": "A", "source": "Kadastr agentligi open.ngis.uz UZKAD/MAHALLA_UZKAD_DB16 (returnCentroid)", "last_verified_date": "2026-09-18"}, "geometry": {"type": "Point", "coordinates": [69.34748, 41.2532]}}, {"type": "Feature", "properties": {"mahalla_id": "1726290056", "soato_code": "1726290056", "mahalla_name_uz_latin": "Yosh avlod", "district_id": "1726290", "district_name_uz_latin": "Yashnobod tumani", "parent_city": "Toshkent shahri", "area_ha": 137.15, "geometry_status": "OFFICIAL_CENTROID", "confidence": "A", "source": "Kadastr agentligi open.ngis.uz UZKAD/MAHALLA_UZKAD_DB16 (returnCentroid)", "last_verified_date": "2026-09-18"}, "geometry": {"type": "Point", "coordinates": [69.33492, 41.25879]}}, {"type": "Feature", "properties": {"mahalla_id": "1726290057", "soato_code": "1726290057", "mahalla_name_uz_latin": "Yangiqoʻrgʻon", "district_id": "1726290", "district_name_uz_latin": "Yashnobod tumani", "parent_city": "Toshkent shahri", "area_ha": 117.77, "geometry_status": "OFFICIAL_CENTROID", "confidence": "A", "source": "Kadastr agentligi open.ngis.uz UZKAD/MAHALLA_UZKAD_DB16 (returnCentroid)", "last_verified_date": "2026-09-18"}, "geometry": {"type": "Point", "coordinates": [69.35584, 41.25996]}}, {"type": "Feature", "properties": {"mahalla_id": "1726290058", "soato_code": "1726290058", "mahalla_name_uz_latin": "Behizor", "district_id": "1726290", "district_name_uz_latin": "Yashnobod tumani", "parent_city": "Toshkent shahri", "area_ha": 35.95, "geometry_status": "OFFICIAL_CENTROID", "confidence": "A", "source": "Kadastr agentligi open.ngis.uz UZKAD/MAHALLA_UZKAD_DB16 (returnCentroid)", "last_verified_date": "2026-09-18"}, "geometry": {"type": "Point", "coordinates": [69.34874, 41.26515]}}, {"type": "Feature", "properties": {"mahalla_id": "1726290059", "soato_code": "1726290059", "mahalla_name_uz_latin": "Shohimardon", "district_id": "1726290", "district_name_uz_latin": "Yashnobod tumani", "parent_city": "Toshkent shahri", "area_ha": 28.34, "geometry_status": "OFFICIAL_CENTROID", "confidence": "A", "source": "Kadastr agentligi open.ngis.uz UZKAD/MAHALLA_UZKAD_DB16 (returnCentroid)", "last_verified_date": "2026-09-18"}, "geometry": {"type": "Point", "coordinates": [69.34637, 41.27546]}}, {"type": "Feature", "properties": {"mahalla_id": "1726290060", "soato_code": "1726290060", "mahalla_name_uz_latin": "Nodira", "district_id": "1726290", "district_name_uz_latin": "Yashnobod tumani", "parent_city": "Toshkent shahri", "area_ha": 25.99, "geometry_status": "OFFICIAL_CENTROID", "confidence": "A", "source": "Kadastr agentligi open.ngis.uz UZKAD/MAHALLA_UZKAD_DB16 (returnCentroid)", "last_verified_date": "2026-09-18"}, "geometry": {"type": "Point", "coordinates": [69.35049, 41.27722]}}, {"type": "Feature", "properties": {"mahalla_id": "1726290061", "soato_code": "1726290061", "mahalla_name_uz_latin": "Shohsanam", "district_id": "1726290", "district_name_uz_latin": "Yashnobod tumani", "parent_city": "Toshkent shahri", "area_ha": 30.12, "geometry_status": "OFFICIAL_CENTROID", "confidence": "A", "source": "Kadastr agentligi open.ngis.uz UZKAD/MAHALLA_UZKAD_DB16 (returnCentroid)", "last_verified_date": "2026-09-18"}, "geometry": {"type": "Point", "coordinates": [69.36014, 41.27246]}}, {"type": "Feature", "properties": {"mahalla_id": "1726290062", "soato_code": "1726290062", "mahalla_name_uz_latin": "Oydinkoʻl", "district_id": "1726290", "district_name_uz_latin": "Yashnobod tumani", "parent_city": "Toshkent shahri", "area_ha": 15.31, "geometry_status": "OFFICIAL_CENTROID", "confidence": "A", "source": "Kadastr agentligi open.ngis.uz UZKAD/MAHALLA_UZKAD_DB16 (returnCentroid)", "last_verified_date": "2026-09-18"}, "geometry": {"type": "Point", "coordinates": [69.35412, 41.27281]}}, {"type": "Feature", "properties": {"mahalla_id": "1726290063", "soato_code": "1726290063", "mahalla_name_uz_latin": "Yanginur", "district_id": "1726290", "district_name_uz_latin": "Yashnobod tumani", "parent_city": "Toshkent shahri", "area_ha": 20.61, "geometry_status": "OFFICIAL_CENTROID", "confidence": "A", "source": "Kadastr agentligi open.ngis.uz UZKAD/MAHALLA_UZKAD_DB16 (returnCentroid)", "last_verified_date": "2026-09-18"}, "geometry": {"type": "Point", "coordinates": [69.35446, 41.26984]}}, {"type": "Feature", "properties": {"mahalla_id": "1726290064", "soato_code": "1726290064", "mahalla_name_uz_latin": "Donishmand", "district_id": "1726290", "district_name_uz_latin": "Yashnobod tumani", "parent_city": "Toshkent shahri", "area_ha": 34.93, "geometry_status": "OFFICIAL_CENTROID", "confidence": "A", "source": "Kadastr agentligi open.ngis.uz UZKAD/MAHALLA_UZKAD_DB16 (returnCentroid)", "last_verified_date": "2026-09-18"}, "geometry": {"type": "Point", "coordinates": [69.35744, 41.27744]}}, {"type": "Feature", "properties": {"mahalla_id": "1726290065", "soato_code": "1726290065", "mahalla_name_uz_latin": "Tarnov boshi", "district_id": "1726290", "district_name_uz_latin": "Yashnobod tumani", "parent_city": "Toshkent shahri", "area_ha": 49.37, "geometry_status": "OFFICIAL_CENTROID", "confidence": "A", "source": "Kadastr agentligi open.ngis.uz UZKAD/MAHALLA_UZKAD_DB16 (returnCentroid)", "last_verified_date": "2026-09-18"}, "geometry": {"type": "Point", "coordinates": [69.36006, 41.26703]}}, {"type": "Feature", "properties": {"mahalla_id": "1726290066", "soato_code": "1726290066", "mahalla_name_uz_latin": "Katta Yangiobod", "district_id": "1726290", "district_name_uz_latin": "Yashnobod tumani", "parent_city": "Toshkent shahri", "area_ha": 43.12, "geometry_status": "OFFICIAL_CENTROID", "confidence": "A", "source": "Kadastr agentligi open.ngis.uz UZKAD/MAHALLA_UZKAD_DB16 (returnCentroid)", "last_verified_date": "2026-09-18"}, "geometry": {"type": "Point", "coordinates": [69.34702, 41.27019]}}, {"type": "Feature", "properties": {"mahalla_id": "1726290067", "soato_code": "1726290067", "mahalla_name_uz_latin": "Qalqon", "district_id": "1726290", "district_name_uz_latin": "Yashnobod tumani", "parent_city": "Toshkent shahri", "area_ha": 32.0, "geometry_status": "OFFICIAL_CENTROID", "confidence": "A", "source": "Kadastr agentligi open.ngis.uz UZKAD/MAHALLA_UZKAD_DB16 (returnCentroid)", "last_verified_date": "2026-09-18"}, "geometry": {"type": "Point", "coordinates": [69.37097, 41.28151]}}, {"type": "Feature", "properties": {"mahalla_id": "1726292001", "soato_code": "1726292001", "mahalla_name_uz_latin": "Oriyat", "district_id": "1726292", "district_name_uz_latin": "Yangihayot tumani", "parent_city": "Toshkent shahri", "area_ha": 21.59, "geometry_status": "OFFICIAL_CENTROID", "confidence": "A", "source": "Kadastr agentligi open.ngis.uz UZKAD/MAHALLA_UZKAD_DB16 (returnCentroid)", "last_verified_date": "2026-09-18"}, "geometry": {"type": "Point", "coordinates": [69.19253, 41.2101]}}, {"type": "Feature", "properties": {"mahalla_id": "1726292002", "soato_code": "1726292002", "mahalla_name_uz_latin": "Tashabbus", "district_id": "1726292", "district_name_uz_latin": "Yangihayot tumani", "parent_city": "Toshkent shahri", "area_ha": 27.17, "geometry_status": "OFFICIAL_CENTROID", "confidence": "A", "source": "Kadastr agentligi open.ngis.uz UZKAD/MAHALLA_UZKAD_DB16 (returnCentroid)", "last_verified_date": "2026-09-18"}, "geometry": {"type": "Point", "coordinates": [69.2035, 41.22462]}}, {"type": "Feature", "properties": {"mahalla_id": "1726292003", "soato_code": "1726292003", "mahalla_name_uz_latin": "Choshtepa", "district_id": "1726292", "district_name_uz_latin": "Yangihayot tumani", "parent_city": "Toshkent shahri", "area_ha": 206.96, "geometry_status": "OFFICIAL_CENTROID", "confidence": "A", "source": "Kadastr agentligi open.ngis.uz UZKAD/MAHALLA_UZKAD_DB16 (returnCentroid)", "last_verified_date": "2026-09-18"}, "geometry": {"type": "Point", "coordinates": [69.18511, 41.22622]}}, {"type": "Feature", "properties": {"mahalla_id": "1726292004", "soato_code": "1726292004", "mahalla_name_uz_latin": "Yangi Darxon", "district_id": "1726292", "district_name_uz_latin": "Yangihayot tumani", "parent_city": "Toshkent shahri", "area_ha": 202.78, "geometry_status": "OFFICIAL_CENTROID", "confidence": "A", "source": "Kadastr agentligi open.ngis.uz UZKAD/MAHALLA_UZKAD_DB16 (returnCentroid)", "last_verified_date": "2026-09-18"}, "geometry": {"type": "Point", "coordinates": [69.19257, 41.22001]}}, {"type": "Feature", "properties": {"mahalla_id": "1726292005", "soato_code": "1726292005", "mahalla_name_uz_latin": "Yangi Umid", "district_id": "1726292", "district_name_uz_latin": "Yangihayot tumani", "parent_city": "Toshkent shahri", "area_ha": 18.07, "geometry_status": "OFFICIAL_CENTROID", "confidence": "A", "source": "Kadastr agentligi open.ngis.uz UZKAD/MAHALLA_UZKAD_DB16 (returnCentroid)", "last_verified_date": "2026-09-18"}, "geometry": {"type": "Point", "coordinates": [69.20069, 41.22114]}}, {"type": "Feature", "properties": {"mahalla_id": "1726292006", "soato_code": "1726292006", "mahalla_name_uz_latin": "Yangi Choshtepa", "district_id": "1726292", "district_name_uz_latin": "Yangihayot tumani", "parent_city": "Toshkent shahri", "area_ha": 39.94, "geometry_status": "OFFICIAL_CENTROID", "confidence": "A", "source": "Kadastr agentligi open.ngis.uz UZKAD/MAHALLA_UZKAD_DB16 (returnCentroid)", "last_verified_date": "2026-09-18"}, "geometry": {"type": "Point", "coordinates": [69.19344, 41.23166]}}, {"type": "Feature", "properties": {"mahalla_id": "1726292007", "soato_code": "1726292007", "mahalla_name_uz_latin": "Yangihayot", "district_id": "1726292", "district_name_uz_latin": "Yangihayot tumani", "parent_city": "Toshkent shahri", "area_ha": 26.06, "geometry_status": "OFFICIAL_CENTROID", "confidence": "A", "source": "Kadastr agentligi open.ngis.uz UZKAD/MAHALLA_UZKAD_DB16 (returnCentroid)", "last_verified_date": "2026-09-18"}, "geometry": {"type": "Point", "coordinates": [69.19664, 41.2152]}}, {"type": "Feature", "properties": {"mahalla_id": "1726292008", "soato_code": "1726292008", "mahalla_name_uz_latin": "Al-Fargʻoniy", "district_id": "1726292", "district_name_uz_latin": "Yangihayot tumani", "parent_city": "Toshkent shahri", "area_ha": 82.5, "geometry_status": "OFFICIAL_CENTROID", "confidence": "A", "source": "Kadastr agentligi open.ngis.uz UZKAD/MAHALLA_UZKAD_DB16 (returnCentroid)", "last_verified_date": "2026-09-18"}, "geometry": {"type": "Point", "coordinates": [69.22964, 41.20373]}}, {"type": "Feature", "properties": {"mahalla_id": "1726292009", "soato_code": "1726292009", "mahalla_name_uz_latin": "Viqor", "district_id": "1726292", "district_name_uz_latin": "Yangihayot tumani", "parent_city": "Toshkent shahri", "area_ha": 33.67, "geometry_status": "OFFICIAL_CENTROID", "confidence": "A", "source": "Kadastr agentligi open.ngis.uz UZKAD/MAHALLA_UZKAD_DB16 (returnCentroid)", "last_verified_date": "2026-09-18"}, "geometry": {"type": "Point", "coordinates": [69.2223, 41.20196]}}, {"type": "Feature", "properties": {"mahalla_id": "1726292010", "soato_code": "1726292010", "mahalla_name_uz_latin": "Doʻstlik", "district_id": "1726292", "district_name_uz_latin": "Yangihayot tumani", "parent_city": "Toshkent shahri", "area_ha": 14.75, "geometry_status": "OFFICIAL_CENTROID", "confidence": "A", "source": "Kadastr agentligi open.ngis.uz UZKAD/MAHALLA_UZKAD_DB16 (returnCentroid)", "last_verified_date": "2026-09-18"}, "geometry": {"type": "Point", "coordinates": [69.2096, 41.19107]}}, {"type": "Feature", "properties": {"mahalla_id": "1726292011", "soato_code": "1726292011", "mahalla_name_uz_latin": "Mash'al", "district_id": "1726292", "district_name_uz_latin": "Yangihayot tumani", "parent_city": "Toshkent shahri", "area_ha": 62.51, "geometry_status": "OFFICIAL_CENTROID", "confidence": "A", "source": "Kadastr agentligi open.ngis.uz UZKAD/MAHALLA_UZKAD_DB16 (returnCentroid)", "last_verified_date": "2026-09-18"}, "geometry": {"type": "Point", "coordinates": [69.21034, 41.21035]}}, {"type": "Feature", "properties": {"mahalla_id": "1726292012", "soato_code": "1726292012", "mahalla_name_uz_latin": "Yoʻldosh", "district_id": "1726292", "district_name_uz_latin": "Yangihayot tumani", "parent_city": "Toshkent shahri", "area_ha": 71.86, "geometry_status": "OFFICIAL_CENTROID", "confidence": "A", "source": "Kadastr agentligi open.ngis.uz UZKAD/MAHALLA_UZKAD_DB16 (returnCentroid)", "last_verified_date": "2026-09-18"}, "geometry": {"type": "Point", "coordinates": [69.22387, 41.1955]}}, {"type": "Feature", "properties": {"mahalla_id": "1726292014", "soato_code": "1726292014", "mahalla_name_uz_latin": "Charogʻon", "district_id": "1726292", "district_name_uz_latin": "Yangihayot tumani", "parent_city": "Toshkent shahri", "area_ha": 15.94, "geometry_status": "OFFICIAL_CENTROID", "confidence": "A", "source": "Kadastr agentligi open.ngis.uz UZKAD/MAHALLA_UZKAD_DB16 (returnCentroid)", "last_verified_date": "2026-09-18"}, "geometry": {"type": "Point", "coordinates": [69.20985, 41.1938]}}, {"type": "Feature", "properties": {"mahalla_id": "1726292015", "soato_code": "1726292015", "mahalla_name_uz_latin": "Chorbogʻ", "district_id": "1726292", "district_name_uz_latin": "Yangihayot tumani", "parent_city": "Toshkent shahri", "area_ha": 53.75, "geometry_status": "OFFICIAL_CENTROID", "confidence": "A", "source": "Kadastr agentligi open.ngis.uz UZKAD/MAHALLA_UZKAD_DB16 (returnCentroid)", "last_verified_date": "2026-09-18"}, "geometry": {"type": "Point", "coordinates": [69.21692, 41.19953]}}, {"type": "Feature", "properties": {"mahalla_id": "1726292016", "soato_code": "1726292016", "mahalla_name_uz_latin": "Gulshanobod", "district_id": "1726292", "district_name_uz_latin": "Yangihayot tumani", "parent_city": "Toshkent shahri", "area_ha": 134.28, "geometry_status": "OFFICIAL_CENTROID", "confidence": "A", "source": "Kadastr agentligi open.ngis.uz UZKAD/MAHALLA_UZKAD_DB16 (returnCentroid)", "last_verified_date": "2026-09-18"}, "geometry": {"type": "Point", "coordinates": [69.19257, 41.20322]}}, {"type": "Feature", "properties": {"mahalla_id": "1726292017", "soato_code": "1726292017", "mahalla_name_uz_latin": "Yorqinxayot", "district_id": "1726292", "district_name_uz_latin": "Yangihayot tumani", "parent_city": "Toshkent shahri", "area_ha": 39.47, "geometry_status": "OFFICIAL_CENTROID", "confidence": "A", "source": "Kadastr agentligi open.ngis.uz UZKAD/MAHALLA_UZKAD_DB16 (returnCentroid)", "last_verified_date": "2026-09-18"}, "geometry": {"type": "Point", "coordinates": [69.20937, 41.19708]}}, {"type": "Feature", "properties": {"mahalla_id": "1726292018", "soato_code": "1726292018", "mahalla_name_uz_latin": "Zarbdor", "district_id": "1726292", "district_name_uz_latin": "Yangihayot tumani", "parent_city": "Toshkent shahri", "area_ha": 25.88, "geometry_status": "OFFICIAL_CENTROID", "confidence": "A", "source": "Kadastr agentligi open.ngis.uz UZKAD/MAHALLA_UZKAD_DB16 (returnCentroid)", "last_verified_date": "2026-09-18"}, "geometry": {"type": "Point", "coordinates": [69.21481, 41.192]}}, {"type": "Feature", "properties": {"mahalla_id": "1726292019", "soato_code": "1726292019", "mahalla_name_uz_latin": "Marxamat", "district_id": "1726292", "district_name_uz_latin": "Yangihayot tumani", "parent_city": "Toshkent shahri", "area_ha": 24.66, "geometry_status": "OFFICIAL_CENTROID", "confidence": "A", "source": "Kadastr agentligi open.ngis.uz UZKAD/MAHALLA_UZKAD_DB16 (returnCentroid)", "last_verified_date": "2026-09-18"}, "geometry": {"type": "Point", "coordinates": [69.20001, 41.21251]}}, {"type": "Feature", "properties": {"mahalla_id": "1726292020", "soato_code": "1726292020", "mahalla_name_uz_latin": "Navqiron", "district_id": "1726292", "district_name_uz_latin": "Yangihayot tumani", "parent_city": "Toshkent shahri", "area_ha": 26.99, "geometry_status": "OFFICIAL_CENTROID", "confidence": "A", "source": "Kadastr agentligi open.ngis.uz UZKAD/MAHALLA_UZKAD_DB16 (returnCentroid)", "last_verified_date": "2026-09-18"}, "geometry": {"type": "Point", "coordinates": [69.21576, 41.2061]}}, {"type": "Feature", "properties": {"mahalla_id": "1726292021", "soato_code": "1726292021", "mahalla_name_uz_latin": "Olchazor", "district_id": "1726292", "district_name_uz_latin": "Yangihayot tumani", "parent_city": "Toshkent shahri", "area_ha": 102.47, "geometry_status": "OFFICIAL_CENTROID", "confidence": "A", "source": "Kadastr agentligi open.ngis.uz UZKAD/MAHALLA_UZKAD_DB16 (returnCentroid)", "last_verified_date": "2026-09-18"}, "geometry": {"type": "Point", "coordinates": [69.20476, 41.20485]}}, {"type": "Feature", "properties": {"mahalla_id": "1726292022", "soato_code": "1726292022", "mahalla_name_uz_latin": "Xumo", "district_id": "1726292", "district_name_uz_latin": "Yangihayot tumani", "parent_city": "Toshkent shahri", "area_ha": 37.28, "geometry_status": "OFFICIAL_CENTROID", "confidence": "A", "source": "Kadastr agentligi open.ngis.uz UZKAD/MAHALLA_UZKAD_DB16 (returnCentroid)", "last_verified_date": "2026-09-18"}, "geometry": {"type": "Point", "coordinates": [69.2069, 41.21499]}}, {"type": "Feature", "properties": {"mahalla_id": "1726292023", "soato_code": "1726292023", "mahalla_name_uz_latin": "Yangi Turmush", "district_id": "1726292", "district_name_uz_latin": "Yangihayot tumani", "parent_city": "Toshkent shahri", "area_ha": 37.56, "geometry_status": "OFFICIAL_CENTROID", "confidence": "A", "source": "Kadastr agentligi open.ngis.uz UZKAD/MAHALLA_UZKAD_DB16 (returnCentroid)", "last_verified_date": "2026-09-18"}, "geometry": {"type": "Point", "coordinates": [69.20476, 41.21866]}}, {"type": "Feature", "properties": {"mahalla_id": "1726292024", "soato_code": "1726292024", "mahalla_name_uz_latin": "Binokor", "district_id": "1726292", "district_name_uz_latin": "Yangihayot tumani", "parent_city": "Toshkent shahri", "area_ha": 408.27, "geometry_status": "OFFICIAL_CENTROID", "confidence": "A", "source": "Kadastr agentligi open.ngis.uz UZKAD/MAHALLA_UZKAD_DB16 (returnCentroid)", "last_verified_date": "2026-09-18"}, "geometry": {"type": "Point", "coordinates": [69.25052, 41.17544]}}, {"type": "Feature", "properties": {"mahalla_id": "1726292025", "soato_code": "1726292025", "mahalla_name_uz_latin": "Yangi Gulzor", "district_id": "1726292", "district_name_uz_latin": "Yangihayot tumani", "parent_city": "Toshkent shahri", "area_ha": 383.9, "geometry_status": "OFFICIAL_CENTROID", "confidence": "A", "source": "Kadastr agentligi open.ngis.uz UZKAD/MAHALLA_UZKAD_DB16 (returnCentroid)", "last_verified_date": "2026-09-18"}, "geometry": {"type": "Point", "coordinates": [69.29454, 41.18002]}}, {"type": "Feature", "properties": {"mahalla_id": "1726292026", "soato_code": "1726292026", "mahalla_name_uz_latin": "Jaloir", "district_id": "1726292", "district_name_uz_latin": "Yangihayot tumani", "parent_city": "Toshkent shahri", "area_ha": 542.14, "geometry_status": "OFFICIAL_CENTROID", "confidence": "A", "source": "Kadastr agentligi open.ngis.uz UZKAD/MAHALLA_UZKAD_DB16 (returnCentroid)", "last_verified_date": "2026-09-18"}, "geometry": {"type": "Point", "coordinates": [69.27893, 41.18037]}}, {"type": "Feature", "properties": {"mahalla_id": "1726292027", "soato_code": "1726292027", "mahalla_name_uz_latin": "Toshkent", "district_id": "1726292", "district_name_uz_latin": "Yangihayot tumani", "parent_city": "Toshkent shahri", "area_ha": 265.79, "geometry_status": "OFFICIAL_CENTROID", "confidence": "A", "source": "Kadastr agentligi open.ngis.uz UZKAD/MAHALLA_UZKAD_DB16 (returnCentroid)", "last_verified_date": "2026-09-18"}, "geometry": {"type": "Point", "coordinates": [69.2095, 41.18347]}}, {"type": "Feature", "properties": {"mahalla_id": "1726292028", "soato_code": "1726292028", "mahalla_name_uz_latin": "Xoʻja Uchqun", "district_id": "1726292", "district_name_uz_latin": "Yangihayot tumani", "parent_city": "Toshkent shahri", "area_ha": 464.86, "geometry_status": "OFFICIAL_CENTROID", "confidence": "A", "source": "Kadastr agentligi open.ngis.uz UZKAD/MAHALLA_UZKAD_DB16 (returnCentroid)", "last_verified_date": "2026-09-18"}, "geometry": {"type": "Point", "coordinates": [69.27481, 41.19311]}}, {"type": "Feature", "properties": {"mahalla_id": "1726292029", "soato_code": "1726292029", "mahalla_name_uz_latin": "Xushnud", "district_id": "1726292", "district_name_uz_latin": "Yangihayot tumani", "parent_city": "Toshkent shahri", "area_ha": 171.52, "geometry_status": "OFFICIAL_CENTROID", "confidence": "A", "source": "Kadastr agentligi open.ngis.uz UZKAD/MAHALLA_UZKAD_DB16 (returnCentroid)", "last_verified_date": "2026-09-18"}, "geometry": {"type": "Point", "coordinates": [69.19789, 41.19432]}}, {"type": "Feature", "properties": {"mahalla_id": "1726292030", "soato_code": "1726292030", "mahalla_name_uz_latin": "Chortoq", "district_id": "1726292", "district_name_uz_latin": "Yangihayot tumani", "parent_city": "Toshkent shahri", "area_ha": 253.21, "geometry_status": "OFFICIAL_CENTROID", "confidence": "A", "source": "Kadastr agentligi open.ngis.uz UZKAD/MAHALLA_UZKAD_DB16 (returnCentroid)", "last_verified_date": "2026-09-18"}, "geometry": {"type": "Point", "coordinates": [69.22449, 41.17968]}}, {"type": "Feature", "properties": {"mahalla_id": "1726294001", "soato_code": "1726294001", "mahalla_name_uz_latin": "Al-Xorazmiy", "district_id": "1726294", "district_name_uz_latin": "Chilonzor tumani", "parent_city": "Toshkent shahri", "area_ha": 12.13, "geometry_status": "OFFICIAL_CENTROID", "confidence": "A", "source": "Kadastr agentligi open.ngis.uz UZKAD/MAHALLA_UZKAD_DB16 (returnCentroid)", "last_verified_date": "2026-09-18"}, "geometry": {"type": "Point", "coordinates": [69.15244, 41.26109]}}, {"type": "Feature", "properties": {"mahalla_id": "1726294002", "soato_code": "1726294002", "mahalla_name_uz_latin": "Baxoriston", "district_id": "1726294", "district_name_uz_latin": "Chilonzor tumani", "parent_city": "Toshkent shahri", "area_ha": 15.33, "geometry_status": "OFFICIAL_CENTROID", "confidence": "A", "source": "Kadastr agentligi open.ngis.uz UZKAD/MAHALLA_UZKAD_DB16 (returnCentroid)", "last_verified_date": "2026-09-18"}, "geometry": {"type": "Point", "coordinates": [69.16048, 41.26294]}}, {"type": "Feature", "properties": {"mahalla_id": "1726294003", "soato_code": "1726294003", "mahalla_name_uz_latin": "Bektoʻpi", "district_id": "1726294", "district_name_uz_latin": "Chilonzor tumani", "parent_city": "Toshkent shahri", "area_ha": 208.85, "geometry_status": "OFFICIAL_CENTROID", "confidence": "A", "source": "Kadastr agentligi open.ngis.uz UZKAD/MAHALLA_UZKAD_DB16 (returnCentroid)", "last_verified_date": "2026-09-18"}, "geometry": {"type": "Point", "coordinates": [69.16977, 41.25675]}}, {"type": "Feature", "properties": {"mahalla_id": "1726294004", "soato_code": "1726294004", "mahalla_name_uz_latin": "Beshqoʻrgʻon", "district_id": "1726294", "district_name_uz_latin": "Chilonzor tumani", "parent_city": "Toshkent shahri", "area_ha": 498.62, "geometry_status": "OFFICIAL_CENTROID", "confidence": "A", "source": "Kadastr agentligi open.ngis.uz UZKAD/MAHALLA_UZKAD_DB16 (returnCentroid)", "last_verified_date": "2026-09-18"}, "geometry": {"type": "Point", "coordinates": [69.1773, 41.24141]}}, {"type": "Feature", "properties": {"mahalla_id": "1726294005", "soato_code": "1726294005", "mahalla_name_uz_latin": "Guliston", "district_id": "1726294", "district_name_uz_latin": "Chilonzor tumani", "parent_city": "Toshkent shahri", "area_ha": 21.37, "geometry_status": "OFFICIAL_CENTROID", "confidence": "A", "source": "Kadastr agentligi open.ngis.uz UZKAD/MAHALLA_UZKAD_DB16 (returnCentroid)", "last_verified_date": "2026-09-18"}, "geometry": {"type": "Point", "coordinates": [69.15824, 41.26079]}}, {"type": "Feature", "properties": {"mahalla_id": "1726294006", "soato_code": "1726294006", "mahalla_name_uz_latin": "Katta Xirmontepa", "district_id": "1726294", "district_name_uz_latin": "Chilonzor tumani", "parent_city": "Toshkent shahri", "area_ha": 26.36, "geometry_status": "OFFICIAL_CENTROID", "confidence": "A", "source": "Kadastr agentligi open.ngis.uz UZKAD/MAHALLA_UZKAD_DB16 (returnCentroid)", "last_verified_date": "2026-09-18"}, "geometry": {"type": "Point", "coordinates": [69.17665, 41.2685]}}, {"type": "Feature", "properties": {"mahalla_id": "1726294007", "soato_code": "1726294007", "mahalla_name_uz_latin": "Tirsakobod", "district_id": "1726294", "district_name_uz_latin": "Chilonzor tumani", "parent_city": "Toshkent shahri", "area_ha": 255.02, "geometry_status": "OFFICIAL_CENTROID", "confidence": "A", "source": "Kadastr agentligi open.ngis.uz UZKAD/MAHALLA_UZKAD_DB16 (returnCentroid)", "last_verified_date": "2026-09-18"}, "geometry": {"type": "Point", "coordinates": [69.1992, 41.25009]}}, {"type": "Feature", "properties": {"mahalla_id": "1726294008", "soato_code": "1726294008", "mahalla_name_uz_latin": "Xayrabod", "district_id": "1726294", "district_name_uz_latin": "Chilonzor tumani", "parent_city": "Toshkent shahri", "area_ha": 39.39, "geometry_status": "OFFICIAL_CENTROID", "confidence": "A", "source": "Kadastr agentligi open.ngis.uz UZKAD/MAHALLA_UZKAD_DB16 (returnCentroid)", "last_verified_date": "2026-09-18"}, "geometry": {"type": "Point", "coordinates": [69.1797, 41.26295]}}, {"type": "Feature", "properties": {"mahalla_id": "1726294010", "soato_code": "1726294010", "mahalla_name_uz_latin": "Xontoʻpi", "district_id": "1726294", "district_name_uz_latin": "Chilonzor tumani", "parent_city": "Toshkent shahri", "area_ha": 32.32, "geometry_status": "OFFICIAL_CENTROID", "confidence": "A", "source": "Kadastr agentligi open.ngis.uz UZKAD/MAHALLA_UZKAD_DB16 (returnCentroid)", "last_verified_date": "2026-09-18"}, "geometry": {"type": "Point", "coordinates": [69.1744, 41.262]}}, {"type": "Feature", "properties": {"mahalla_id": "1726294011", "soato_code": "1726294011", "mahalla_name_uz_latin": "Sharaf", "district_id": "1726294", "district_name_uz_latin": "Chilonzor tumani", "parent_city": "Toshkent shahri", "area_ha": 10.18, "geometry_status": "OFFICIAL_CENTROID", "confidence": "A", "source": "Kadastr agentligi open.ngis.uz UZKAD/MAHALLA_UZKAD_DB16 (returnCentroid)", "last_verified_date": "2026-09-18"}, "geometry": {"type": "Point", "coordinates": [69.16296, 41.2643]}}, {"type": "Feature", "properties": {"mahalla_id": "1726294012", "soato_code": "1726294012", "mahalla_name_uz_latin": "Sharq", "district_id": "1726294", "district_name_uz_latin": "Chilonzor tumani", "parent_city": "Toshkent shahri", "area_ha": 18.62, "geometry_status": "OFFICIAL_CENTROID", "confidence": "A", "source": "Kadastr agentligi open.ngis.uz UZKAD/MAHALLA_UZKAD_DB16 (returnCentroid)", "last_verified_date": "2026-09-18"}, "geometry": {"type": "Point", "coordinates": [69.16559, 41.2664]}}, {"type": "Feature", "properties": {"mahalla_id": "1726294013", "soato_code": "1726294013", "mahalla_name_uz_latin": "Sharq tongi", "district_id": "1726294", "district_name_uz_latin": "Chilonzor tumani", "parent_city": "Toshkent shahri", "area_ha": 32.81, "geometry_status": "OFFICIAL_CENTROID", "confidence": "A", "source": "Kadastr agentligi open.ngis.uz UZKAD/MAHALLA_UZKAD_DB16 (returnCentroid)", "last_verified_date": "2026-09-18"}, "geometry": {"type": "Point", "coordinates": [69.16898, 41.26474]}}, {"type": "Feature", "properties": {"mahalla_id": "1726294014", "soato_code": "1726294014", "mahalla_name_uz_latin": "Shuxrat", "district_id": "1726294", "district_name_uz_latin": "Chilonzor tumani", "parent_city": "Toshkent shahri", "area_ha": 21.38, "geometry_status": "OFFICIAL_CENTROID", "confidence": "A", "source": "Kadastr agentligi open.ngis.uz UZKAD/MAHALLA_UZKAD_DB16 (returnCentroid)", "last_verified_date": "2026-09-18"}, "geometry": {"type": "Point", "coordinates": [69.18637, 41.2677]}}, {"type": "Feature", "properties": {"mahalla_id": "1726294015", "soato_code": "1726294015", "mahalla_name_uz_latin": "1-Charx Kamolon", "district_id": "1726294", "district_name_uz_latin": "Chilonzor tumani", "parent_city": "Toshkent shahri", "area_ha": 39.21, "geometry_status": "OFFICIAL_CENTROID", "confidence": "A", "source": "Kadastr agentligi open.ngis.uz UZKAD/MAHALLA_UZKAD_DB16 (returnCentroid)", "last_verified_date": "2026-09-18"}, "geometry": {"type": "Point", "coordinates": [69.2337, 41.29656]}}, {"type": "Feature", "properties": {"mahalla_id": "1726294016", "soato_code": "1726294016", "mahalla_name_uz_latin": "2-Charx Kamolon", "district_id": "1726294", "district_name_uz_latin": "Chilonzor tumani", "parent_city": "Toshkent shahri", "area_ha": 48.17, "geometry_status": "OFFICIAL_CENTROID", "confidence": "A", "source": "Kadastr agentligi open.ngis.uz UZKAD/MAHALLA_UZKAD_DB16 (returnCentroid)", "last_verified_date": "2026-09-18"}, "geometry": {"type": "Point", "coordinates": [69.22546, 41.29766]}}, {"type": "Feature", "properties": {"mahalla_id": "1726294017", "soato_code": "1726294017", "mahalla_name_uz_latin": "3-Charx Kamolon", "district_id": "1726294", "district_name_uz_latin": "Chilonzor tumani", "parent_city": "Toshkent shahri", "area_ha": 51.89, "geometry_status": "OFFICIAL_CENTROID", "confidence": "A", "source": "Kadastr agentligi open.ngis.uz UZKAD/MAHALLA_UZKAD_DB16 (returnCentroid)", "last_verified_date": "2026-09-18"}, "geometry": {"type": "Point", "coordinates": [69.21833, 41.29842]}}, {"type": "Feature", "properties": {"mahalla_id": "1726294018", "soato_code": "1726294018", "mahalla_name_uz_latin": "Beshyogʻoch", "district_id": "1726294", "district_name_uz_latin": "Chilonzor tumani", "parent_city": "Toshkent shahri", "area_ha": 208.88, "geometry_status": "OFFICIAL_CENTROID", "confidence": "A", "source": "Kadastr agentligi open.ngis.uz UZKAD/MAHALLA_UZKAD_DB16 (returnCentroid)", "last_verified_date": "2026-09-18"}, "geometry": {"type": "Point", "coordinates": [69.24512, 41.30481]}}, {"type": "Feature", "properties": {"mahalla_id": "1726294019", "soato_code": "1726294019", "mahalla_name_uz_latin": "Katta Kozirobod", "district_id": "1726294", "district_name_uz_latin": "Chilonzor tumani", "parent_city": "Toshkent shahri", "area_ha": 63.9, "geometry_status": "OFFICIAL_CENTROID", "confidence": "A", "source": "Kadastr agentligi open.ngis.uz UZKAD/MAHALLA_UZKAD_DB16 (returnCentroid)", "last_verified_date": "2026-09-18"}, "geometry": {"type": "Point", "coordinates": [69.21539, 41.2707]}}, {"type": "Feature", "properties": {"mahalla_id": "1726294020", "soato_code": "1726294020", "mahalla_name_uz_latin": "Katta Olmazor", "district_id": "1726294", "district_name_uz_latin": "Chilonzor tumani", "parent_city": "Toshkent shahri", "area_ha": 13.98, "geometry_status": "OFFICIAL_CENTROID", "confidence": "A", "source": "Kadastr agentligi open.ngis.uz UZKAD/MAHALLA_UZKAD_DB16 (returnCentroid)", "last_verified_date": "2026-09-18"}, "geometry": {"type": "Point", "coordinates": [69.24492, 41.30928]}}, {"type": "Feature", "properties": {"mahalla_id": "1726294021", "soato_code": "1726294021", "mahalla_name_uz_latin": "Katta Chilonzor-1", "district_id": "1726294", "district_name_uz_latin": "Chilonzor tumani", "parent_city": "Toshkent shahri", "area_ha": 53.33, "geometry_status": "OFFICIAL_CENTROID", "confidence": "A", "source": "Kadastr agentligi open.ngis.uz UZKAD/MAHALLA_UZKAD_DB16 (returnCentroid)", "last_verified_date": "2026-09-18"}, "geometry": {"type": "Point", "coordinates": [69.2301, 41.28355]}}, {"type": "Feature", "properties": {"mahalla_id": "1726294022", "soato_code": "1726294022", "mahalla_name_uz_latin": "Katta Chilonzor-2", "district_id": "1726294", "district_name_uz_latin": "Chilonzor tumani", "parent_city": "Toshkent shahri", "area_ha": 53.8, "geometry_status": "OFFICIAL_CENTROID", "confidence": "A", "source": "Kadastr agentligi open.ngis.uz UZKAD/MAHALLA_UZKAD_DB16 (returnCentroid)", "last_verified_date": "2026-09-18"}, "geometry": {"type": "Point", "coordinates": [69.22408, 41.27891]}}, {"type": "Feature", "properties": {"mahalla_id": "1726294023", "soato_code": "1726294023", "mahalla_name_uz_latin": "Katta Chilonzor-3", "district_id": "1726294", "district_name_uz_latin": "Chilonzor tumani", "parent_city": "Toshkent shahri", "area_ha": 44.59, "geometry_status": "OFFICIAL_CENTROID", "confidence": "A", "source": "Kadastr agentligi open.ngis.uz UZKAD/MAHALLA_UZKAD_DB16 (returnCentroid)", "last_verified_date": "2026-09-18"}, "geometry": {"type": "Point", "coordinates": [69.22294, 41.28524]}}, {"type": "Feature", "properties": {"mahalla_id": "1726294024", "soato_code": "1726294024", "mahalla_name_uz_latin": "Novza", "district_id": "1726294", "district_name_uz_latin": "Chilonzor tumani", "parent_city": "Toshkent shahri", "area_ha": 60.12, "geometry_status": "OFFICIAL_CENTROID", "confidence": "A", "source": "Kadastr agentligi open.ngis.uz UZKAD/MAHALLA_UZKAD_DB16 (returnCentroid)", "last_verified_date": "2026-09-18"}, "geometry": {"type": "Point", "coordinates": [69.22074, 41.28721]}}, {"type": "Feature", "properties": {"mahalla_id": "1726294025", "soato_code": "1726294025", "mahalla_name_uz_latin": "Chilonzor", "district_id": "1726294", "district_name_uz_latin": "Chilonzor tumani", "parent_city": "Toshkent shahri", "area_ha": 80.66, "geometry_status": "OFFICIAL_CENTROID", "confidence": "A", "source": "Kadastr agentligi open.ngis.uz UZKAD/MAHALLA_UZKAD_DB16 (returnCentroid)", "last_verified_date": "2026-09-18"}, "geometry": {"type": "Point", "coordinates": [69.23381, 41.29121]}}, {"type": "Feature", "properties": {"mahalla_id": "1726294026", "soato_code": "1726294026", "mahalla_name_uz_latin": "Qozirobod", "district_id": "1726294", "district_name_uz_latin": "Chilonzor tumani", "parent_city": "Toshkent shahri", "area_ha": 97.53, "geometry_status": "OFFICIAL_CENTROID", "confidence": "A", "source": "Kadastr agentligi open.ngis.uz UZKAD/MAHALLA_UZKAD_DB16 (returnCentroid)", "last_verified_date": "2026-09-18"}, "geometry": {"type": "Point", "coordinates": [69.21507, 41.27601]}}, {"type": "Feature", "properties": {"mahalla_id": "1726294027", "soato_code": "1726294027", "mahalla_name_uz_latin": "1-Qatortol", "district_id": "1726294", "district_name_uz_latin": "Chilonzor tumani", "parent_city": "Toshkent shahri", "area_ha": 27.42, "geometry_status": "OFFICIAL_CENTROID", "confidence": "A", "source": "Kadastr agentligi open.ngis.uz UZKAD/MAHALLA_UZKAD_DB16 (returnCentroid)", "last_verified_date": "2026-09-18"}, "geometry": {"type": "Point", "coordinates": [69.20713, 41.29383]}}, {"type": "Feature", "properties": {"mahalla_id": "1726294029", "soato_code": "1726294029", "mahalla_name_uz_latin": "Bogʻzor", "district_id": "1726294", "district_name_uz_latin": "Chilonzor tumani", "parent_city": "Toshkent shahri", "area_ha": 20.87, "geometry_status": "OFFICIAL_CENTROID", "confidence": "A", "source": "Kadastr agentligi open.ngis.uz UZKAD/MAHALLA_UZKAD_DB16 (returnCentroid)", "last_verified_date": "2026-09-18"}, "geometry": {"type": "Point", "coordinates": [69.20766, 41.29666]}}, {"type": "Feature", "properties": {"mahalla_id": "1726294035", "soato_code": "1726294035", "mahalla_name_uz_latin": "Nafosat", "district_id": "1726294", "district_name_uz_latin": "Chilonzor tumani", "parent_city": "Toshkent shahri", "area_ha": 16.63, "geometry_status": "OFFICIAL_CENTROID", "confidence": "A", "source": "Kadastr agentligi open.ngis.uz UZKAD/MAHALLA_UZKAD_DB16 (returnCentroid)", "last_verified_date": "2026-09-18"}, "geometry": {"type": "Point", "coordinates": [69.20737, 41.29085]}}, {"type": "Feature", "properties": {"mahalla_id": "1726294038", "soato_code": "1726294038", "mahalla_name_uz_latin": "Choʻpon-ota", "district_id": "1726294", "district_name_uz_latin": "Chilonzor tumani", "parent_city": "Toshkent shahri", "area_ha": 22.07, "geometry_status": "OFFICIAL_CENTROID", "confidence": "A", "source": "Kadastr agentligi open.ngis.uz UZKAD/MAHALLA_UZKAD_DB16 (returnCentroid)", "last_verified_date": "2026-09-18"}, "geometry": {"type": "Point", "coordinates": [69.19663, 41.29056]}}, {"type": "Feature", "properties": {"mahalla_id": "1726294039", "soato_code": "1726294039", "mahalla_name_uz_latin": "Diyor", "district_id": "1726294", "district_name_uz_latin": "Chilonzor tumani", "parent_city": "Toshkent shahri", "area_ha": 30.75, "geometry_status": "OFFICIAL_CENTROID", "confidence": "A", "source": "Kadastr agentligi open.ngis.uz UZKAD/MAHALLA_UZKAD_DB16 (returnCentroid)", "last_verified_date": "2026-09-18"}, "geometry": {"type": "Point", "coordinates": [69.20252, 41.29101]}}, {"type": "Feature", "properties": {"mahalla_id": "1726294047", "soato_code": "1726294047", "mahalla_name_uz_latin": "Zarqoʻrgʻon", "district_id": "1726294", "district_name_uz_latin": "Chilonzor tumani", "parent_city": "Toshkent shahri", "area_ha": 19.58, "geometry_status": "OFFICIAL_CENTROID", "confidence": "A", "source": "Kadastr agentligi open.ngis.uz UZKAD/MAHALLA_UZKAD_DB16 (returnCentroid)", "last_verified_date": "2026-09-18"}, "geometry": {"type": "Point", "coordinates": [69.20133, 41.2733]}}, {"type": "Feature", "properties": {"mahalla_id": "1726294050", "soato_code": "1726294050", "mahalla_name_uz_latin": "Mevazor", "district_id": "1726294", "district_name_uz_latin": "Chilonzor tumani", "parent_city": "Toshkent shahri", "area_ha": 31.84, "geometry_status": "OFFICIAL_CENTROID", "confidence": "A", "source": "Kadastr agentligi open.ngis.uz UZKAD/MAHALLA_UZKAD_DB16 (returnCentroid)", "last_verified_date": "2026-09-18"}, "geometry": {"type": "Point", "coordinates": [69.19461, 41.265]}}]}